time_s,phase,ramp_duration_s,k_tip_Npm,q_motor_0_rad,q_motor_1_rad,q_motor_2_rad,q_motor_3_rad,q_motor_4_rad,q_motor_5_rad,q_motor_6_rad,q_motor_7_rad,q_motor_8_rad,q_motor_9_rad,q_motor_10_rad,q_motor_11_rad,q_motor_12_rad,q_dot_motor_0_rads,q_dot_motor_1_rads,q_dot_motor_2_rads,q_dot_motor_3_rads,q_dot_motor_4_rads,q_dot_motor_5_rads,q_dot_motor_6_rads,q_dot_motor_7_rads,q_dot_motor_8_rads,q_dot_motor_9_rads,q_dot_motor_10_rads,q_dot_motor_11_rads,q_dot_motor_12_rads,joint_thumb_CMC1_rad,joint_thumb_CMC2_rad,joint_thumb_MCP_rad,joint_thumb_IP_rad,joint_spread_index_rad,joint_spread_middle_rad,joint_spread_ring_rad,joint_spread_pinky_rad,joint_index_MCP_rad,joint_index_PIP_rad,joint_index_DIP_rad,joint_middle_MCP_rad,joint_middle_PIP_rad,joint_middle_DIP_rad,joint_ring_MCP_rad,joint_ring_PIP_rad,joint_ring_DIP_rad,joint_pinky_MCP_rad,joint_pinky_PIP_rad,joint_pinky_DIP_rad,tip_thumb_x_m,tip_thumb_y_m,tip_thumb_z_m,ref_thumb_x_m,ref_thumb_y_m,ref_thumb_z_m,disp_thumb_x_m,disp_thumb_y_m,disp_thumb_z_m,force_1st_thumb_x_N,force_1st_thumb_y_N,force_1st_thumb_z_N,force_1st_thumb_mag_N,stiff_1st_thumb_00_Npm,stiff_1st_thumb_01_Npm,stiff_1st_thumb_02_Npm,stiff_1st_thumb_10_Npm,stiff_1st_thumb_11_Npm,stiff_1st_thumb_12_Npm,stiff_1st_thumb_20_Npm,stiff_1st_thumb_21_Npm,stiff_1st_thumb_22_Npm,stiff_1st_thumb_eig_0_Npm,stiff_1st_thumb_eig_1_Npm,stiff_1st_thumb_eig_2_Npm,force_2nd_thumb_x_N,force_2nd_thumb_y_N,force_2nd_thumb_z_N,force_2nd_thumb_mag_N,stiff_2nd_thumb_00_Npm,stiff_2nd_thumb_01_Npm,stiff_2nd_thumb_02_Npm,stiff_2nd_thumb_10_Npm,stiff_2nd_thumb_11_Npm,stiff_2nd_thumb_12_Npm,stiff_2nd_thumb_20_Npm,stiff_2nd_thumb_21_Npm,stiff_2nd_thumb_22_Npm,stiff_2nd_thumb_eig_0_Npm,stiff_2nd_thumb_eig_1_Npm,stiff_2nd_thumb_eig_2_Npm,tip_index_x_m,tip_index_y_m,tip_index_z_m,ref_index_x_m,ref_index_y_m,ref_index_z_m,disp_index_x_m,disp_index_y_m,disp_index_z_m,force_1st_index_x_N,force_1st_index_y_N,force_1st_index_z_N,force_1st_index_mag_N,stiff_1st_index_00_Npm,stiff_1st_index_01_Npm,stiff_1st_index_02_Npm,stiff_1st_index_10_Npm,stiff_1st_index_11_Npm,stiff_1st_index_12_Npm,stiff_1st_index_20_Npm,stiff_1st_index_21_Npm,stiff_1st_index_22_Npm,stiff_1st_index_eig_0_Npm,stiff_1st_index_eig_1_Npm,stiff_1st_index_eig_2_Npm,force_2nd_index_x_N,force_2nd_index_y_N,force_2nd_index_z_N,force_2nd_index_mag_N,stiff_2nd_index_00_Npm,stiff_2nd_index_01_Npm,stiff_2nd_index_02_Npm,stiff_2nd_index_10_Npm,stiff_2nd_index_11_Npm,stiff_2nd_index_12_Npm,stiff_2nd_index_20_Npm,stiff_2nd_index_21_Npm,stiff_2nd_index_22_Npm,stiff_2nd_index_eig_0_Npm,stiff_2nd_index_eig_1_Npm,stiff_2nd_index_eig_2_Npm,tip_middle_x_m,tip_middle_y_m,tip_middle_z_m,ref_middle_x_m,ref_middle_y_m,ref_middle_z_m,disp_middle_x_m,disp_middle_y_m,disp_middle_z_m,force_1st_middle_x_N,force_1st_middle_y_N,force_1st_middle_z_N,force_1st_middle_mag_N,stiff_1st_middle_00_Npm,stiff_1st_middle_01_Npm,stiff_1st_middle_02_Npm,stiff_1st_middle_10_Npm,stiff_1st_middle_11_Npm,stiff_1st_middle_12_Npm,stiff_1st_middle_20_Npm,stiff_1st_middle_21_Npm,stiff_1st_middle_22_Npm,stiff_1st_middle_eig_0_Npm,stiff_1st_middle_eig_1_Npm,stiff_1st_middle_eig_2_Npm,force_2nd_middle_x_N,force_2nd_middle_y_N,force_2nd_middle_z_N,force_2nd_middle_mag_N,stiff_2nd_middle_00_Npm,stiff_2nd_middle_01_Npm,stiff_2nd_middle_02_Npm,stiff_2nd_middle_10_Npm,stiff_2nd_middle_11_Npm,stiff_2nd_middle_12_Npm,stiff_2nd_middle_20_Npm,stiff_2nd_middle_21_Npm,stiff_2nd_middle_22_Npm,stiff_2nd_middle_eig_0_Npm,stiff_2nd_middle_eig_1_Npm,stiff_2nd_middle_eig_2_Npm,tip_ring_x_m,tip_ring_y_m,tip_ring_z_m,ref_ring_x_m,ref_ring_y_m,ref_ring_z_m,disp_ring_x_m,disp_ring_y_m,disp_ring_z_m,force_1st_ring_x_N,force_1st_ring_y_N,force_1st_ring_z_N,force_1st_ring_mag_N,stiff_1st_ring_00_Npm,stiff_1st_ring_01_Npm,stiff_1st_ring_02_Npm,stiff_1st_ring_10_Npm,stiff_1st_ring_11_Npm,stiff_1st_ring_12_Npm,stiff_1st_ring_20_Npm,stiff_1st_ring_21_Npm,stiff_1st_ring_22_Npm,stiff_1st_ring_eig_0_Npm,stiff_1st_ring_eig_1_Npm,stiff_1st_ring_eig_2_Npm,force_2nd_ring_x_N,force_2nd_ring_y_N,force_2nd_ring_z_N,force_2nd_ring_mag_N,stiff_2nd_ring_00_Npm,stiff_2nd_ring_01_Npm,stiff_2nd_ring_02_Npm,stiff_2nd_ring_10_Npm,stiff_2nd_ring_11_Npm,stiff_2nd_ring_12_Npm,stiff_2nd_ring_20_Npm,stiff_2nd_ring_21_Npm,stiff_2nd_ring_22_Npm,stiff_2nd_ring_eig_0_Npm,stiff_2nd_ring_eig_1_Npm,stiff_2nd_ring_eig_2_Npm,tip_pinky_x_m,tip_pinky_y_m,tip_pinky_z_m,ref_pinky_x_m,ref_pinky_y_m,ref_pinky_z_m,disp_pinky_x_m,disp_pinky_y_m,disp_pinky_z_m,force_1st_pinky_x_N,force_1st_pinky_y_N,force_1st_pinky_z_N,force_1st_pinky_mag_N,stiff_1st_pinky_00_Npm,stiff_1st_pinky_01_Npm,stiff_1st_pinky_02_Npm,stiff_1st_pinky_10_Npm,stiff_1st_pinky_11_Npm,stiff_1st_pinky_12_Npm,stiff_1st_pinky_20_Npm,stiff_1st_pinky_21_Npm,stiff_1st_pinky_22_Npm,stiff_1st_pinky_eig_0_Npm,stiff_1st_pinky_eig_1_Npm,stiff_1st_pinky_eig_2_Npm,force_2nd_pinky_x_N,force_2nd_pinky_y_N,force_2nd_pinky_z_N,force_2nd_pinky_mag_N,stiff_2nd_pinky_00_Npm,stiff_2nd_pinky_01_Npm,stiff_2nd_pinky_02_Npm,stiff_2nd_pinky_10_Npm,stiff_2nd_pinky_11_Npm,stiff_2nd_pinky_12_Npm,stiff_2nd_pinky_20_Npm,stiff_2nd_pinky_21_Npm,stiff_2nd_pinky_22_Npm,stiff_2nd_pinky_eig_0_Npm,stiff_2nd_pinky_eig_1_Npm,stiff_2nd_pinky_eig_2_Npm
0.0332,baseline,0.139,20.0000,4.204641,-1.297748,-1.492563,-0.176408,-0.078233,1.144350,-1.796292,0.941864,-2.489651,1.259398,-2.316311,0.800738,-1.777884,0.000158,0.036970,0.023981,0.023981,-0.038832,0.023981,0.023981,0.023981,0.023981,-0.142356,0.078314,0.023981,0.023981,1.561902,-0.734851,1.233523,0.152866,0.002608,0.000000,-0.002608,-0.003912,0.695765,0.823987,0.823987,0.572653,1.104548,1.104548,0.765714,1.062528,1.062528,0.486849,0.919278,0.919278,-0.006530,0.086413,-0.008684,0.003613,0.061050,-0.009209,-0.010143,0.025363,0.000525,-0.007421,0.043987,-0.045845,0.063966,0.439132,-2.603027,2.713023,-2.603027,15.429863,-16.081883,2.713023,-16.081883,16.761456,-0.000000,0.000000,32.630451,-0.007421,0.043987,-0.045845,0.063966,0.328966,-1.950000,2.032401,-1.950000,11.558942,-12.047388,2.032401,-12.047388,12.556475,-0.000000,-0.000000,24.444383,-0.017711,0.118660,0.082628,-0.017082,0.116515,0.078226,-0.000629,0.002144,0.004402,-0.013181,-0.258786,-0.276066,0.378624,0.119135,2.338953,2.495134,2.338953,45.920348,48.986625,2.495134,48.986625,52.257649,-0.000000,0.000000,98.297131,-0.013181,-0.258786,-0.276066,0.378624,0.121796,2.391197,2.550866,2.391197,46.946043,50.080809,2.550866,50.080809,53.424896,0.000000,0.000000,100.492735,0.002027,0.111719,0.078149,0.001881,0.109766,0.076593,0.000146,0.001954,0.001556,-0.018490,-0.159663,-0.059768,0.171483,1.333999,11.519367,4.312164,11.519367,99.472167,37.236444,4.312164,37.236444,13.939103,-0.000000,0.000000,114.745269,-0.018490,-0.159663,-0.059768,0.171483,1.351806,11.673135,4.369725,11.673135,100.799989,37.733501,4.369725,37.733501,14.125171,-0.000000,0.000000,116.276966,0.018065,0.107511,0.061986,0.016455,0.103733,0.056595,0.001610,0.003777,0.005390,-0.075177,-0.535387,-0.122193,0.554276,2.011145,14.322691,3.268919,14.322691,102.001329,23.280129,3.268919,23.280129,5.313308,-0.000000,-0.000000,109.325781,-0.075177,-0.535387,-0.122193,0.554276,2.204753,15.701503,3.583610,15.701503,111.820756,25.521253,3.583610,25.521253,5.824807,-0.000000,0.000000,119.850317,0.041507,0.094626,0.077591,0.040951,0.094094,0.076850,0.000556,0.000532,0.000741,-0.019031,-0.047183,-0.047523,0.069619,6.591477,16.341628,16.459409,16.341628,40.514258,40.806262,16.459409,40.806262,41.100370,-0.000000,0.000000,88.206105,-0.019031,-0.047183,-0.047523,0.069619,6.621045,16.414932,16.533242,16.414932,40.695996,40.989309,16.533242,40.989309,41.284737,-0.000000,0.000000,88.601778
0.0758,baseline,0.139,20.0000,4.204641,-1.287010,-1.492563,-0.176408,-0.079767,1.144350,-1.796292,0.941864,-2.489651,1.257864,-2.314777,0.800738,-1.777884,0.000036,0.176129,0.023981,0.023981,-0.037818,0.023981,0.023981,0.023981,0.023981,-0.045172,0.077118,0.023981,0.023981,1.561902,-0.728771,1.233523,0.152866,0.002659,0.000000,-0.002659,-0.003988,0.695765,0.823987,0.823987,0.572653,1.104548,1.104548,0.764781,1.061824,1.061824,0.486849,0.919278,0.919278,-0.006592,0.086567,-0.008376,0.003613,0.061050,-0.009209,-0.010205,0.025517,0.000833,-0.008120,0.048040,-0.049481,0.069442,0.446393,-2.640951,2.720197,-2.640951,15.624418,-16.093253,2.720197,-16.093253,16.576156,-0.000000,0.000000,32.646967,-0.008120,0.048040,-0.049481,0.069442,0.333036,-1.970311,2.029433,-1.970311,11.656769,-12.006548,2.029433,-12.006548,12.366823,-0.000000,0.000000,24.356628,-0.017709,0.118659,0.082628,-0.017082,0.116515,0.078226,-0.000627,0.002144,0.004402,-0.013198,-0.258775,-0.276058,0.378612,0.119447,2.342001,2.498418,2.342001,45.919572,48.986428,2.498418,48.986428,52.258112,-0.000000,0.000000,98.297131,-0.013198,-0.258775,-0.276058,0.378612,0.122115,2.394311,2.554221,2.394311,46.945203,50.080558,2.554221,50.080558,53.425316,-0.000000,-0.000000,100.492634,0.002027,0.111719,0.078149,0.001881,0.109766,0.076593,0.000146,0.001954,0.001556,-0.018490,-0.159663,-0.059768,0.171483,1.333999,11.519367,4.312164,11.519367,99.472167,37.236444,4.312164,37.236444,13.939103,-0.000000,0.000000,114.745269,-0.018490,-0.159663,-0.059768,0.171483,1.351806,11.673135,4.369725,11.673135,100.799989,37.733501,4.369725,37.733501,14.125171,-0.000000,0.000000,116.276966,0.018088,0.107561,0.062066,0.016455,0.103733,0.056595,0.001633,0.003827,0.005471,-0.076566,-0.542812,-0.125201,0.562302,2.027206,14.371821,3.314905,14.371821,101.888618,23.500923,3.314905,23.500923,5.420560,-0.000000,0.000000,109.336385,-0.076566,-0.542812,-0.125201,0.562302,2.224560,15.770958,3.637620,15.770958,111.807759,25.788804,3.637620,25.788804,5.948267,-0.000000,0.000000,119.980587,0.041504,0.094626,0.077591,0.040951,0.094094,0.076850,0.000554,0.000532,0.000742,-0.019014,-0.047149,-0.047491,0.069570,6.588486,16.337773,16.456418,16.337773,40.513530,40.807741,16.456418,40.807741,41.104088,0.000000,0.000000,88.206105,-0.019014,-0.047149,-0.047491,0.069570,6.617998,16.410955,16.530132,16.410955,40.695003,40.990532,16.530132,40.990532,41.288206,-0.000000,-0.000000,88.601207
0.1181,baseline,0.139,20.0000,4.204641,-1.282408,-1.492563,-0.176408,-0.079767,1.144350,-1.796292,0.941864,-2.489651,1.259398,-2.313243,0.800738,-1.777884,0.000008,0.196828,0.023981,0.023981,-0.008652,0.023981,0.023981,0.023981,0.023981,-0.004189,0.050685,0.023981,0.023981,1.561902,-0.726165,1.233523,0.152866,0.002659,0.000000,-0.002659,-0.003988,0.695765,0.823987,0.823987,0.572653,1.104548,1.104548,0.765714,1.061121,1.061121,0.486849,0.919278,0.919278,-0.006619,0.086632,-0.008244,0.003613,0.061050,-0.009209,-0.010232,0.025582,0.000965,-0.008422,0.049787,-0.051021,0.071783,0.449531,-2.657286,2.723192,-2.657286,15.707841,-16.097425,2.723192,-16.097425,16.496671,-0.000000,0.000000,32.654044,-0.008422,0.049787,-0.051021,0.071783,0.334789,-1.979015,2.028098,-1.979015,11.698420,-11.988563,2.028098,-11.988563,12.285901,-0.000000,0.000000,24.319110,-0.017709,0.118659,0.082628,-0.017082,0.116515,0.078226,-0.000627,0.002144,0.004402,-0.013198,-0.258775,-0.276058,0.378612,0.119447,2.342001,2.498418,2.342001,45.919572,48.986428,2.498418,48.986428,52.258112,0.000000,0.000000,98.297131,-0.013198,-0.258775,-0.276058,0.378612,0.122115,2.394311,2.554221,2.394311,46.945203,50.080558,2.554221,50.080558,53.425316,-0.000000,0.000000,100.492634,0.002027,0.111719,0.078149,0.001881,0.109766,0.076593,0.000146,0.001954,0.001556,-0.018490,-0.159663,-0.059768,0.171483,1.333999,11.519367,4.312164,11.519367,99.472167,37.236444,4.312164,37.236444,13.939103,-0.000000,0.000000,114.745269,-0.018490,-0.159663,-0.059768,0.171483,1.351806,11.673135,4.369725,11.673135,100.799989,37.733501,4.369725,37.733501,14.125171,-0.000000,0.000000,116.276966,0.018079,0.107581,0.062030,0.016455,0.103733,0.056595,0.001624,0.003847,0.005435,-0.076368,-0.540893,-0.125023,0.560382,2.030785,14.383399,3.324613,14.383399,101.872991,23.547164,3.324613,23.547164,5.442747,0.000000,0.000000,109.346523,-0.076368,-0.540893,-0.125023,0.560382,2.226173,15.767268,3.644484,15.767268,111.674488,25.812705,3.644484,25.812705,5.966409,0.000000,0.000000,119.867071,0.041504,0.094626,0.077591,0.040951,0.094094,0.076850,0.000554,0.000532,0.000742,-0.019014,-0.047149,-0.047491,0.069570,6.588486,16.337773,16.456418,16.337773,40.513530,40.807741,16.456418,40.807741,41.104088,-0.000000,0.000000,88.206105,-0.019014,-0.047149,-0.047491,0.069570,6.617998,16.410954,16.530131,16.410954,40.695002,40.990531,16.530131,40.990531,41.288206,0.000000,0.000000,88.601206
0.1605,baseline,0.139,20.0000,4.204641,-1.282408,-1.492563,-0.176408,-0.076699,1.144350,-1.796292,0.941864,-2.489651,1.277806,-2.313243,0.800738,-1.777884,0.000002,0.068295,0.023981,0.023981,0.022750,0.023981,0.023981,0.023981,0.023981,0.182435,0.030090,0.023981,0.023981,1.561902,-0.726165,1.233523,0.152866,0.002557,0.000000,-0.002557,-0.003835,0.695765,0.823987,0.823987,0.572653,1.104548,1.104548,0.776906,1.061121,1.061121,0.486849,0.919278,0.919278,-0.006619,0.086632,-0.008244,0.003613,0.061050,-0.009209,-0.010232,0.025582,0.000965,-0.008422,0.049787,-0.051021,0.071783,0.449531,-2.657286,2.723192,-2.657286,15.707841,-16.097425,2.723192,-16.097425,16.496671,-0.000000,0.000000,32.654044,-0.008422,0.049787,-0.051021,0.071783,0.334789,-1.979015,2.028098,-1.979015,11.698420,-11.988563,2.028098,-11.988563,12.285901,-0.000000,0.000000,24.319110,-0.017712,0.118660,0.082628,-0.017082,0.116515,0.078226,-0.000631,0.002144,0.004402,-0.013164,-0.258797,-0.276074,0.378637,0.118822,2.335905,2.491851,2.335905,45.921124,48.986821,2.491851,48.986821,52.257185,-0.000000,0.000000,98.297131,-0.013164,-0.258797,-0.276074,0.378637,0.121476,2.388083,2.547512,2.388083,46.946883,50.081061,2.547512,50.081061,53.424476,-0.000000,0.000000,100.492836,0.002027,0.111719,0.078149,0.001881,0.109766,0.076593,0.000146,0.001954,0.001556,-0.018490,-0.159663,-0.059768,0.171483,1.333999,11.519367,4.312164,11.519367,99.472167,37.236444,4.312164,37.236444,13.939103,-0.000000,0.000000,114.745269,-0.018490,-0.159663,-0.059768,0.171483,1.351806,11.673135,4.369725,11.673135,100.799989,37.733501,4.369725,37.733501,14.125171,-0.000000,0.000000,116.276966,0.017887,0.107396,0.061330,0.016455,0.103733,0.056595,0.001432,0.003663,0.004735,-0.066910,-0.484620,-0.106432,0.500661,1.953001,14.145282,3.106566,14.145282,102.452049,22.500367,3.106566,22.500367,4.941497,-0.000000,0.000000,109.346548,-0.066910,-0.484620,-0.106432,0.500661,2.114747,15.316781,3.363849,15.316781,110.937034,24.363827,3.363849,24.363827,5.350748,-0.000000,-0.000000,118.402529,0.041509,0.094626,0.077590,0.040951,0.094094,0.076850,0.000559,0.000533,0.000740,-0.019048,-0.047215,-0.047553,0.069666,6.594468,16.345482,16.462398,16.345482,40.514986,40.804782,16.462398,40.804782,41.096650,-0.000000,0.000000,88.206104,-0.019048,-0.047215,-0.047553,0.069666,6.624090,16.418905,16.536346,16.418905,40.696976,40.988073,16.536346,40.988073,41.281253,-0.000000,-0.000000,88.602319
0.2036,baseline,0.139,20.0000,4.204641,-1.282408,-1.492563,-0.176408,-0.073631,1.144350,-1.796292,0.941864,-2.489651,1.291612,-2.314777,0.800738,-1.777884,0.000000,0.017663,0.023981,0.023981,0.099115,0.023981,0.023981,0.023981,0.023981,0.456355,0.002556,0.023981,0.023981,1.561902,-0.726165,1.233523,0.152866,0.002454,0.000000,-0.002454,-0.003682,0.695765,0.823987,0.823987,0.572653,1.104548,1.104548,0.785300,1.061824,1.061824,0.486849,0.919278,0.919278,-0.006619,0.086632,-0.008244,0.003613,0.061050,-0.009209,-0.010232,0.025582,0.000965,-0.008422,0.049787,-0.051021,0.071783,0.449531,-2.657286,2.723192,-2.657286,15.707841,-16.097425,2.723192,-16.097425,16.496671,-0.000000,0.000000,32.654044,-0.008422,0.049787,-0.051021,0.071783,0.334789,-1.979015,2.028098,-1.979015,11.698420,-11.988563,2.028098,-11.988563,12.285901,-0.000000,0.000000,24.319110,-0.017716,0.118660,0.082628,-0.017082,0.116515,0.078226,-0.000634,0.002145,0.004402,-0.013131,-0.258818,-0.276090,0.378662,0.118199,2.329809,2.485284,2.329809,45.922675,48.987214,2.485284,48.987214,52.256258,-0.000000,0.000000,98.297131,-0.013131,-0.258818,-0.276090,0.378662,0.120839,2.381856,2.540804,2.381856,46.948563,50.081562,2.540804,50.081562,53.423635,-0.000000,0.000000,100.493038,0.002027,0.111719,0.078149,0.001881,0.109766,0.076593,0.000146,0.001954,0.001556,-0.018490,-0.159663,-0.059768,0.171483,1.333999,11.519367,4.312164,11.519367,99.472167,37.236444,4.312164,37.236444,13.939103,-0.000000,0.000000,114.745269,-0.018490,-0.159663,-0.059768,0.171483,1.351806,11.673135,4.369725,11.673135,100.799989,37.733501,4.369725,37.733501,14.125171,-0.000000,0.000000,116.276966,0.017737,0.107217,0.060785,0.016455,0.103733,0.056595,0.001282,0.003484,0.004189,-0.059481,-0.439436,-0.092095,0.452906,1.885818,13.932218,2.919860,13.932218,102.929717,21.571609,2.919860,21.571609,4.520894,-0.000000,0.000000,109.336429,-0.059481,-0.439436,-0.092095,0.452906,2.022867,14.944725,3.132057,14.944725,110.410015,23.139300,3.132057,23.139300,4.849444,-0.000000,0.000000,117.282326,0.041514,0.094627,0.077588,0.040951,0.094094,0.076850,0.000564,0.000533,0.000739,-0.019084,-0.047281,-0.047614,0.069763,6.600453,16.353191,16.468376,16.353191,40.516441,40.801821,16.468376,40.801821,41.089210,-0.000000,0.000000,88.206104,-0.019084,-0.047281,-0.047614,0.069763,6.630186,16.426856,16.542560,16.426856,40.698953,40.985618,16.542560,40.985618,41.274302,-0.000000,0.000000,88.603440
0.2455,baseline,0.139,20.0000,4.204641,-1.273204,-1.492563,-0.176408,-0.076699,1.144350,-1.796292,0.941864,-2.489651,1.287010,-2.328583,0.800738,-1.777884,0.000000,0.095954,0.023981,0.023981,-0.005933,0.023981,0.023981,0.023981,0.023981,0.091034,-0.117454,0.023981,0.023981,1.561902,-0.720954,1.233523,0.152866,0.002557,0.000000,-0.002557,-0.003835,0.695765,0.823987,0.823987,0.572653,1.104548,1.104548,0.782502,1.068157,1.068157,0.486849,0.919278,0.919278,-0.006672,0.086761,-0.007978,0.003613,0.061050,-0.009209,-0.010285,0.025711,0.001230,-0.009032,0.053297,-0.054069,0.076456,0.455859,-2.690101,2.729034,-2.690101,15.874751,-16.104505,2.729034,-16.104505,16.337584,-0.000000,0.000000,32.668194,-0.009032,0.053297,-0.054069,0.076456,0.338309,-1.996420,2.025314,-1.996420,11.781221,-11.951730,2.025314,-11.951730,12.124706,0.000000,0.000000,24.244236,-0.017712,0.118660,0.082628,-0.017082,0.116515,0.078226,-0.000631,0.002144,0.004402,-0.013164,-0.258797,-0.276074,0.378637,0.118822,2.335905,2.491851,2.335905,45.921124,48.986821,2.491851,48.986821,52.257185,-0.000000,0.000000,98.297131,-0.013164,-0.258797,-0.276074,0.378637,0.121476,2.388084,2.547512,2.388084,46.946883,50.081061,2.547512,50.081061,53.424477,-0.000000,0.000000,100.492837,0.002027,0.111719,0.078149,0.001881,0.109766,0.076593,0.000146,0.001954,0.001556,-0.018490,-0.159663,-0.059768,0.171483,1.333999,11.519367,4.312164,11.519367,99.472167,37.236444,4.312164,37.236444,13.939103,-0.000000,0.000000,114.745269,-0.018490,-0.159663,-0.059768,0.171483,1.351806,11.673135,4.369725,11.673135,100.799989,37.733501,4.369725,37.733501,14.125171,-0.000000,0.000000,116.276966,0.017719,0.106946,0.060765,0.016455,0.103733,0.056595,0.001264,0.003213,0.004170,-0.056770,-0.428347,-0.085476,0.440466,1.814373,13.690070,2.731817,13.690070,103.296286,20.612498,2.731817,20.612498,4.113169,-0.000000,-0.000000,109.223829,-0.056770,-0.428347,-0.085476,0.440466,1.951954,14.728165,2.938966,14.728165,111.129068,22.175509,2.938966,22.175509,4.425064,-0.000000,0.000000,117.506086,0.041509,0.094626,0.077590,0.040951,0.094094,0.076850,0.000559,0.000533,0.000740,-0.019048,-0.047213,-0.047550,0.069663,6.594468,16.345482,16.462398,16.345482,40.514986,40.804782,16.462398,40.804782,41.096650,-0.000000,0.000000,88.206104,-0.019048,-0.047213,-0.047550,0.069663,6.624087,16.418898,16.536339,16.418898,40.696959,40.988057,16.536339,40.988057,41.281236,-0.000000,0.000000,88.602283
0.2879,baseline,0.139,20.0000,4.204641,-1.257864,-1.492563,-0.176408,-0.078233,1.144350,-1.796292,0.941864,-2.489651,1.279340,-2.334719,0.800738,-1.777884,0.016455,0.324664,0.023981,0.023981,-0.045786,0.023981,0.023981,0.023981,0.023981,-0.108961,-0.253087,0.023981,0.023981,1.561902,-0.712267,1.233523,0.152866,0.002608,0.000000,-0.002608,-0.003912,0.695765,0.823987,0.823987,0.572653,1.104548,1.104548,0.777839,1.070972,1.070972,0.486849,0.919278,0.919278,-0.006761,0.086974,-0.007535,0.003613,0.061050,-0.009209,-0.010374,0.025924,0.001674,-0.010061,0.059198,-0.059049,0.084217,0.466550,-2.745219,2.738332,-2.745219,16.153078,-16.112554,2.738332,-16.112554,16.072132,-0.000000,0.000000,32.691761,-0.010061,0.059198,-0.059049,0.084217,0.344220,-2.025417,2.020336,-2.025417,11.917710,-11.887812,2.020336,-11.887812,11.857989,-0.000000,-0.000000,24.119919,-0.017711,0.118660,0.082628,-0.017082,0.116515,0.078226,-0.000629,0.002144,0.004402,-0.013181,-0.258786,-0.276066,0.378624,0.119135,2.338953,2.495134,2.338953,45.920348,48.986625,2.495134,48.986625,52.257649,-0.000000,0.000000,98.297131,-0.013181,-0.258786,-0.276066,0.378624,0.121796,2.391197,2.550866,2.391197,46.946043,50.080810,2.550866,50.080810,53.424897,0.000000,0.000000,100.492736,0.002027,0.111719,0.078149,0.001881,0.109766,0.076593,0.000146,0.001954,0.001556,-0.018490,-0.159663,-0.059768,0.171483,1.333999,11.519367,4.312164,11.519367,99.472167,37.236444,4.312164,37.236444,13.939103,-0.000000,0.000000,114.745269,-0.018490,-0.159663,-0.059768,0.171483,1.351806,11.673135,4.369725,11.673135,100.799989,37.733501,4.369725,37.733501,14.125171,-0.000000,0.000000,116.276966,0.017770,0.106884,0.060968,0.016455,0.103733,0.056595,0.001315,0.003151,0.004373,-0.058269,-0.440650,-0.087502,0.453017,1.805996,13.657521,2.712043,13.657521,103.282560,20.509342,2.712043,20.509342,4.072644,-0.000000,-0.000000,109.161199,-0.058269,-0.440650,-0.087502,0.453017,1.953127,14.770175,2.932989,14.770175,111.696811,22.180202,2.932989,22.180202,4.404435,-0.000000,0.000000,118.054374,0.041507,0.094626,0.077591,0.040951,0.094094,0.076850,0.000556,0.000532,0.000741,-0.019030,-0.047179,-0.047519,0.069614,6.591477,16.341627,16.459408,16.341627,40.514258,40.806261,16.459408,40.806261,41.100369,-0.000000,0.000000,88.206104,-0.019030,-0.047179,-0.047519,0.069614,6.621040,16.414921,16.533230,16.414921,40.695968,40.989281,16.533230,40.989281,41.284708,-0.000000,0.000000,88.601716
0.3302,baseline,0.139,20.0000,4.204641,-1.257864,-1.492563,-0.176408,-0.079767,1.144350,-1.796292,0.941864,-2.489651,1.279340,-2.328583,0.800738,-1.777884,0.003764,0.159415,0.023981,0.023981,-0.016745,0.023981,0.023981,0.023981,0.023981,-0.059011,0.015320,0.023981,0.023981,1.561902,-0.712267,1.233523,0.152866,0.002659,0.000000,-0.002659,-0.003988,0.695765,0.823987,0.823987,0.572653,1.104548,1.104548,0.777839,1.068157,1.068157,0.486849,0.919278,0.919278,-0.006761,0.086974,-0.007535,0.003613,0.061050,-0.009209,-0.010374,0.025924,0.001674,-0.010061,0.059198,-0.059049,0.084217,0.466550,-2.745219,2.738332,-2.745219,16.153078,-16.112554,2.738332,-16.112554,16.072132,-0.000000,0.000000,32.691761,-0.010061,0.059198,-0.059049,0.084217,0.344220,-2.025417,2.020336,-2.025417,11.917710,-11.887812,2.020336,-11.887812,11.857989,-0.000000,-0.000000,24.119919,-0.017709,0.118659,0.082628,-0.017082,0.116515,0.078226,-0.000627,0.002144,0.004402,-0.013198,-0.258775,-0.276058,0.378612,0.119447,2.342001,2.498418,2.342001,45.919572,48.986428,2.498418,48.986428,52.258112,-0.000000,0.000000,98.297131,-0.013198,-0.258775,-0.276058,0.378612,0.122115,2.394311,2.554221,2.394311,46.945203,50.080559,2.554221,50.080559,53.425317,-0.000000,0.000000,100.492635,0.002027,0.111719,0.078149,0.001881,0.109766,0.076593,0.000146,0.001954,0.001556,-0.018490,-0.159663,-0.059768,0.171483,1.333999,11.519367,4.312164,11.519367,99.472167,37.236444,4.312164,37.236444,13.939103,-0.000000,0.000000,114.745269,-0.018490,-0.159663,-0.059768,0.171483,1.351806,11.673135,4.369725,11.673135,100.799989,37.733501,4.369725,37.733501,14.125171,-0.000000,0.000000,116.276966,0.017798,0.107026,0.061054,0.016455,0.103733,0.056595,0.001343,0.003293,0.004459,-0.060460,-0.451926,-0.092332,0.465207,1.844854,13.789884,2.817374,13.789884,103.076406,21.059260,2.817374,21.059260,4.302560,-0.000000,0.000000,109.223820,-0.060460,-0.451926,-0.092332,0.465207,1.995325,14.914621,3.047166,14.914621,111.483578,22.776906,3.047166,22.776906,4.653488,-0.000000,0.000000,118.132391,0.041504,0.094626,0.077591,0.040951,0.094094,0.076850,0.000554,0.000532,0.000742,-0.019012,-0.047145,-0.047488,0.069565,6.588486,16.337773,16.456418,16.337773,40.513530,40.807741,16.456418,40.807741,41.104088,-0.000000,-0.000000,88.206104,-0.019012,-0.047145,-0.047488,0.069565,6.617993,16.410944,16.530120,16.410944,40.694976,40.990504,16.530120,40.990504,41.288179,-0.000000,-0.000000,88.601147
0.3727,baseline,0.139,20.0000,4.204641,-1.257864,-1.492563,-0.176408,-0.078233,1.144350,-1.796292,0.941864,-2.489651,1.279340,-2.325515,0.800738,-1.777884,0.000861,0.054964,0.023981,0.023981,0.009937,0.023981,0.023981,0.023981,0.023981,-0.010702,0.117399,0.023981,0.023981,1.561902,-0.712267,1.233523,0.152866,0.002608,0.000000,-0.002608,-0.003912,0.695765,0.823987,0.823987,0.572653,1.104548,1.104548,0.777839,1.066750,1.066750,0.486849,0.919278,0.919278,-0.006761,0.086974,-0.007535,0.003613,0.061050,-0.009209,-0.010374,0.025924,0.001674,-0.010061,0.059198,-0.059049,0.084217,0.466550,-2.745219,2.738332,-2.745219,16.153078,-16.112554,2.738332,-16.112554,16.072132,-0.000000,0.000000,32.691761,-0.010061,0.059198,-0.059049,0.084217,0.344220,-2.025417,2.020336,-2.025417,11.917710,-11.887812,2.020336,-11.887812,11.857989,-0.000000,-0.000000,24.119919,-0.017711,0.118660,0.082628,-0.017082,0.116515,0.078226,-0.000629,0.002144,0.004402,-0.013181,-0.258786,-0.276066,0.378624,0.119135,2.338953,2.495134,2.338953,45.920348,48.986625,2.495134,48.986625,52.257649,0.000000,0.000000,98.297131,-0.013181,-0.258786,-0.276066,0.378624,0.121796,2.391197,2.550866,2.391197,46.946043,50.080810,2.550866,50.080810,53.424897,-0.000000,-0.000000,100.492736,0.002027,0.111719,0.078149,0.001881,0.109766,0.076593,0.000146,0.001954,0.001556,-0.018490,-0.159663,-0.059768,0.171483,1.333999,11.519367,4.312164,11.519367,99.472167,37.236444,4.312164,37.236444,13.939103,-0.000000,0.000000,114.745269,-0.018490,-0.159663,-0.059768,0.171483,1.351806,11.673135,4.369725,11.673135,100.799989,37.733501,4.369725,37.733501,14.125171,-0.000000,0.000000,116.276966,0.017813,0.107097,0.061098,0.016455,0.103733,0.056595,0.001358,0.003364,0.004502,-0.061589,-0.457567,-0.094792,0.471324,1.865505,13.859529,2.871216,13.859529,102.967579,21.331331,2.871216,21.331331,4.419116,-0.000000,0.000000,109.252200,-0.061589,-0.457567,-0.094792,0.471324,2.017741,14.990547,3.105524,14.990547,111.370331,23.072091,3.105524,23.072091,4.779741,-0.000000,0.000000,118.167813,0.041507,0.094626,0.077591,0.040951,0.094094,0.076850,0.000556,0.000532,0.000741,-0.019030,-0.047180,-0.047520,0.069615,6.591477,16.341628,16.459408,16.341628,40.514258,40.806262,16.459408,40.806262,41.100369,-0.000000,0.000000,88.206104,-0.019030,-0.047180,-0.047520,0.069615,6.621041,16.414923,16.533232,16.414923,40.695973,40.989286,16.533232,40.989286,41.284713,-0.000000,-0.000000,88.601726
0.4151,baseline,0.139,20.0000,4.204641,-1.257864,-1.492563,-0.176408,-0.075165,1.144350,-1.796292,0.941864,-2.489651,1.293146,-2.323981,0.800738,-1.777884,0.000197,0.031069,0.023981,0.023981,0.067393,0.023981,0.023981,0.023981,0.023981,0.129766,0.048132,0.023981,0.023981,1.561902,-0.712267,1.233523,0.152866,0.002506,0.000000,-0.002506,-0.003758,0.695765,0.823987,0.823987,0.572653,1.104548,1.104548,0.786233,1.066046,1.066046,0.486849,0.919278,0.919278,-0.006761,0.086974,-0.007535,0.003613,0.061050,-0.009209,-0.010374,0.025924,0.001674,-0.010061,0.059198,-0.059049,0.084217,0.466550,-2.745219,2.738332,-2.745219,16.153078,-16.112554,2.738332,-16.112554,16.072132,-0.000000,0.000000,32.691761,-0.010061,0.059198,-0.059049,0.084217,0.344220,-2.025417,2.020336,-2.025417,11.917710,-11.887812,2.020336,-11.887812,11.857989,-0.000000,-0.000000,24.119919,-0.017714,0.118660,0.082628,-0.017082,0.116515,0.078226,-0.000632,0.002145,0.004402,-0.013148,-0.258807,-0.276082,0.378649,0.118510,2.332857,2.488567,2.332857,45.921899,48.987018,2.488567,48.987018,52.256722,-0.000000,0.000000,98.297131,-0.013148,-0.258807,-0.276082,0.378649,0.121158,2.384970,2.544158,2.384970,46.947723,50.081312,2.544158,50.081312,53.424056,-0.000000,0.000000,100.492937,0.002027,0.111719,0.078149,0.001881,0.109766,0.076593,0.000146,0.001954,0.001556,-0.018490,-0.159663,-0.059768,0.171483,1.333999,11.519367,4.312164,11.519367,99.472167,37.236444,4.312164,37.236444,13.939103,-0.000000,0.000000,114.745269,-0.018490,-0.159663,-0.059768,0.171483,1.351806,11.673135,4.369725,11.673135,100.799989,37.733501,4.369725,37.733501,14.125171,-0.000000,0.000000,116.276966,0.017677,0.106987,0.060598,0.016455,0.103733,0.056595,0.001222,0.003254,0.004002,-0.055453,-0.417892,-0.083594,0.429763,1.819176,13.709251,2.742366,13.709251,103.312451,20.666380,2.742366,20.666380,4.134054,0.000000,0.000000,109.265681,-0.055453,-0.417892,-0.083594,0.429763,1.948963,14.687322,2.938017,14.687322,110.683162,22.140800,2.938017,22.140800,4.428994,-0.000000,0.000000,117.061119,0.041512,0.094627,0.077589,0.040951,0.094094,0.076850,0.000561,0.000533,0.000739,-0.019065,-0.047246,-0.047582,0.069712,6.597460,16.349337,16.465387,16.349337,40.515713,40.803301,16.465387,40.803301,41.092930,-0.000000,0.000000,88.206104,-0.019065,-0.047246,-0.047582,0.069712,6.627135,16.422875,16.539448,16.422875,40.697951,40.986832,16.539448,40.986832,41.277764,-0.000000,0.000000,88.602851
0.4576,baseline,0.139,20.0000,4.204641,-1.257864,-1.492563,-0.176408,-0.076699,1.144350,-1.796292,0.941864,-2.489651,1.297748,-2.319379,0.800738,-1.777884,0.000045,0.025602,0.023981,0.023981,0.029095,0.023981,0.023981,0.023981,0.023981,0.263050,0.073348,0.023981,0.023981,1.561902,-0.712267,1.233523,0.152866,0.002557,0.000000,-0.002557,-0.003835,0.695765,0.823987,0.823987,0.572653,1.104548,1.104548,0.789031,1.063935,1.063935,0.486849,0.919278,0.919278,-0.006761,0.086974,-0.007535,0.003613,0.061050,-0.009209,-0.010374,0.025924,0.001674,-0.010061,0.059198,-0.059049,0.084217,0.466550,-2.745219,2.738332,-2.745219,16.153078,-16.112554,2.738332,-16.112554,16.072132,-0.000000,0.000000,32.691761,-0.010061,0.059198,-0.059049,0.084217,0.344220,-2.025417,2.020336,-2.025417,11.917710,-11.887812,2.020336,-11.887812,11.857989,-0.000000,-0.000000,24.119919,-0.017712,0.118660,0.082628,-0.017082,0.116515,0.078226,-0.000631,0.002144,0.004402,-0.013164,-0.258797,-0.276074,0.378637,0.118822,2.335905,2.491851,2.335905,45.921124,48.986821,2.491851,48.986821,52.257185,0.000000,0.000000,98.297131,-0.013164,-0.258797,-0.276074,0.378637,0.121476,2.388084,2.547512,2.388084,46.946884,50.081061,2.547512,50.081061,53.424477,-0.000000,0.000000,100.492837,0.002027,0.111719,0.078149,0.001881,0.109766,0.076593,0.000146,0.001954,0.001556,-0.018490,-0.159663,-0.059768,0.171483,1.333999,11.519367,4.312164,11.519367,99.472167,37.236444,4.312164,37.236444,13.939103,-0.000000,0.000000,114.745269,-0.018490,-0.159663,-0.059768,0.171483,1.351806,11.673135,4.369725,11.673135,100.799989,37.733501,4.369725,37.733501,14.125171,-0.000000,0.000000,116.276966,0.017649,0.107045,0.060488,0.016455,0.103733,0.056595,0.001194,0.003312,0.003893,-0.054836,-0.412093,-0.083034,0.423936,1.828815,13.743441,2.769219,13.743441,103.281194,20.810524,2.769219,20.810524,4.193192,-0.000000,0.000000,109.303201,-0.054836,-0.412093,-0.083034,0.423936,1.953214,14.678292,2.957585,14.678292,110.306552,22.226090,2.957585,22.226090,4.478420,-0.000000,0.000000,116.738185,0.041509,0.094626,0.077590,0.040951,0.094094,0.076850,0.000559,0.000533,0.000740,-0.019047,-0.047212,-0.047550,0.069662,6.594468,16.345482,16.462398,16.345482,40.514986,40.804782,16.462398,40.804782,41.096650,0.000000,0.000000,88.206104,-0.019047,-0.047212,-0.047550,0.069662,6.624086,16.418896,16.536337,16.418896,40.696954,40.988051,16.536337,40.988051,41.281230,-0.000000,0.000000,88.602271
0.5005,baseline,0.139,20.0000,4.204641,-1.256330,-1.492563,-0.176408,-0.079767,1.144350,-1.796292,0.941864,-2.489651,1.291612,-2.314777,0.800738,-1.777884,0.000010,0.034172,0.023981,0.023981,-0.043392,0.023981,0.023981,0.023981,0.023981,-0.019062,0.114760,0.023981,0.023981,1.561902,-0.711399,1.233523,0.152866,0.002659,0.000000,-0.002659,-0.003988,0.695765,0.823987,0.823987,0.572653,1.104548,1.104548,0.785300,1.061824,1.061824,0.486849,0.919278,0.919278,-0.006770,0.086995,-0.007490,0.003613,0.061050,-0.009209,-0.010383,0.025945,0.001718,-0.010165,0.059791,-0.059541,0.084991,0.467630,-2.750760,2.739231,-2.750760,16.180918,-16.113101,2.739231,-16.113101,16.045568,-0.000000,0.000000,32.694116,-0.010165,0.059791,-0.059541,0.084991,0.344814,-2.028316,2.019815,-2.028316,11.931253,-11.881247,2.019815,-11.881247,11.831451,-0.000000,-0.000000,24.107519,-0.017709,0.118659,0.082628,-0.017082,0.116515,0.078226,-0.000627,0.002144,0.004402,-0.013198,-0.258775,-0.276058,0.378612,0.119447,2.342001,2.498418,2.342001,45.919572,48.986428,2.498418,48.986428,52.258112,-0.000000,0.000000,98.297131,-0.013198,-0.258775,-0.276058,0.378612,0.122115,2.394311,2.554221,2.394311,46.945204,50.080559,2.554221,50.080559,53.425317,-0.000000,0.000000,100.492635,0.002027,0.111719,0.078149,0.001881,0.109766,0.076593,0.000146,0.001954,0.001556,-0.018490,-0.159663,-0.059768,0.171483,1.333999,11.519367,4.312164,11.519367,99.472167,37.236444,4.312164,37.236444,13.939103,-0.000000,0.000000,114.745269,-0.018490,-0.159663,-0.059768,0.171483,1.351806,11.673135,4.369725,11.673135,100.799989,37.733501,4.369725,37.733501,14.125171,-0.000000,0.000000,116.276966,0.017733,0.107217,0.060785,0.016455,0.103733,0.056595,0.001278,0.003484,0.004189,-0.059422,-0.439364,-0.092096,0.452828,1.882735,13.920923,2.917991,13.920923,102.931191,21.575602,2.917991,21.575602,4.522503,-0.000000,0.000000,109.336429,-0.059422,-0.439364,-0.092096,0.452828,2.019527,14.932368,3.130002,14.932368,110.409806,23.143209,3.130002,23.143209,4.851092,-0.000000,0.000000,117.280425,0.041504,0.094626,0.077591,0.040951,0.094094,0.076850,0.000554,0.000532,0.000742,-0.019012,-0.047145,-0.047487,0.069564,6.588486,16.337773,16.456418,16.337773,40.513530,40.807741,16.456418,40.807741,41.104088,-0.000000,0.000000,88.206104,-0.019012,-0.047145,-0.047487,0.069564,6.617992,16.410942,16.530119,16.410942,40.694971,40.990499,16.530119,40.990499,41.288174,-0.000000,0.000000,88.601137
0.5424,baseline,0.139,20.0000,4.204641,-1.254796,-1.492563,-0.176408,-0.079767,1.144350,-1.796292,0.941864,-2.489651,1.287010,-2.310175,0.800738,-1.777884,0.000002,0.056313,0.023981,0.023981,-0.018568,0.023981,0.023981,0.023981,0.023981,-0.124572,0.125440,0.023981,0.023981,1.561902,-0.710530,1.233523,0.152866,0.002659,0.000000,-0.002659,-0.003988,0.695765,0.823987,0.823987,0.572653,1.104548,1.104548,0.782502,1.059713,1.059713,0.486849,0.919278,0.919278,-0.006779,0.087016,-0.007446,0.003613,0.061050,-0.009209,-0.010392,0.025966,0.001763,-0.010269,0.060386,-0.060031,0.085765,0.468711,-2.756306,2.740124,-2.756306,16.208758,-16.113601,2.740124,-16.113601,16.019001,0.000000,0.000000,32.696471,-0.010269,0.060386,-0.060031,0.085765,0.345409,-2.031214,2.019289,-2.031214,11.944777,-11.874652,2.019289,-11.874652,11.804939,0.000000,0.000000,24.095124,-0.017709,0.118659,0.082628,-0.017082,0.116515,0.078226,-0.000627,0.002144,0.004402,-0.013198,-0.258775,-0.276058,0.378612,0.119447,2.342001,2.498418,2.342001,45.919572,48.986428,2.498418,48.986428,52.258112,-0.000000,0.000000,98.297131,-0.013198,-0.258775,-0.276058,0.378612,0.122115,2.394311,2.554221,2.394311,46.945203,50.080559,2.554221,50.080559,53.425317,0.000000,0.000000,100.492635,0.002027,0.111719,0.078149,0.001881,0.109766,0.076593,0.000146,0.001954,0.001556,-0.018490,-0.159663,-0.059768,0.171483,1.333999,11.519367,4.312164,11.519367,99.472167,37.236444,4.312164,37.236444,13.939103,-0.000000,0.000000,114.745269,-0.018490,-0.159663,-0.059768,0.171483,1.351806,11.673135,4.369725,11.673135,100.799989,37.733501,4.369725,37.733501,14.125171,-0.000000,0.000000,116.276966,0.017803,0.107372,0.061024,0.016455,0.103733,0.056595,0.001348,0.003639,0.004429,-0.063379,-0.461865,-0.100126,0.476825,1.932207,14.080675,3.052509,14.080675,102.610856,22.244714,3.052509,22.244714,4.822368,-0.000000,0.000000,109.365431,-0.063379,-0.461865,-0.100126,0.476825,2.079234,15.152114,3.284784,15.152114,110.418814,23.937379,3.284784,23.937379,5.189316,-0.000000,0.000000,117.687364,0.041504,0.094626,0.077591,0.040951,0.094094,0.076850,0.000554,0.000532,0.000742,-0.019012,-0.047146,-0.047488,0.069565,6.588486,16.337773,16.456418,16.337773,40.513530,40.807741,16.456418,40.807741,41.104088,0.000000,0.000000,88.206104,-0.019012,-0.047146,-0.047488,0.069565,6.617994,16.410944,16.530121,16.410944,40.694978,40.990506,16.530121,40.990506,41.288181,-0.000000,0.000000,88.601152
0.5848,baseline,0.139,20.0000,4.204641,-1.254796,-1.492563,-0.176408,-0.079767,1.144350,-1.796292,0.941864,-2.489651,1.287010,-2.304039,0.800738,-1.777884,0.000001,0.031377,0.023981,0.023981,-0.004248,0.023981,0.023981,0.023981,0.023981,-0.007596,0.134828,0.023981,0.023981,1.561902,-0.710530,1.233523,0.152866,0.002659,0.000000,-0.002659,-0.003988,0.695765,0.823987,0.823987,0.572653,1.104548,1.104548,0.782502,1.056899,1.056899,0.486849,0.919278,0.919278,-0.006779,0.087016,-0.007446,0.003613,0.061050,-0.009209,-0.010392,0.025966,0.001763,-0.010269,0.060386,-0.060031,0.085765,0.468711,-2.756306,2.740124,-2.756306,16.208758,-16.113601,2.740124,-16.113601,16.019001,0.000000,0.000000,32.696471,-0.010269,0.060386,-0.060031,0.085765,0.345409,-2.031214,2.019289,-2.031214,11.944777,-11.874652,2.019289,-11.874652,11.804939,0.000000,0.000000,24.095124,-0.017709,0.118659,0.082628,-0.017082,0.116515,0.078226,-0.000627,0.002144,0.004402,-0.013198,-0.258775,-0.276058,0.378612,0.119447,2.342001,2.498418,2.342001,45.919572,48.986428,2.498418,48.986428,52.258112,0.000000,0.000000,98.297131,-0.013198,-0.258775,-0.276058,0.378612,0.122115,2.394311,2.554221,2.394311,46.945203,50.080559,2.554221,50.080559,53.425317,-0.000000,0.000000,100.492635,0.002027,0.111719,0.078149,0.001881,0.109766,0.076593,0.000146,0.001954,0.001556,-0.018490,-0.159663,-0.059768,0.171483,1.333999,11.519367,4.312164,11.519367,99.472167,37.236444,4.312164,37.236444,13.939103,-0.000000,0.000000,114.745269,-0.018490,-0.159663,-0.059768,0.171483,1.351806,11.673135,4.369725,11.673135,100.799989,37.733501,4.369725,37.733501,14.125171,-0.000000,0.000000,116.276966,0.017832,0.107513,0.061112,0.016455,0.103733,0.056595,0.001377,0.003780,0.004517,-0.065649,-0.472920,-0.105252,0.488918,1.972412,14.208691,3.162264,14.208691,102.355320,22.780037,3.162264,22.780037,5.069889,-0.000000,0.000000,109.397621,-0.065649,-0.472920,-0.105252,0.488918,2.122571,15.290394,3.403006,15.290394,110.147593,24.514273,3.403006,24.514273,5.455858,0.000000,0.000000,117.726022,0.041504,0.094626,0.077591,0.040951,0.094094,0.076850,0.000554,0.000532,0.000742,-0.019012,-0.047146,-0.047488,0.069566,6.588486,16.337773,16.456418,16.337773,40.513530,40.807741,16.456418,40.807741,41.104088,-0.000000,0.000000,88.206104,-0.019012,-0.047146,-0.047488,0.069566,6.617994,16.410946,16.530123,16.410946,40.694981,40.990509,16.530123,40.990509,41.288184,-0.000000,0.000000,88.601159
0.6272,baseline,0.139,20.0000,4.204641,-1.254796,-1.492563,-0.176408,-0.073631,1.144350,-1.796292,0.941864,-2.489651,1.299282,-2.299437,0.800738,-1.777884,0.000000,0.025673,0.023981,0.023981,0.061886,0.023981,0.023981,0.023981,0.023981,0.096265,0.132788,0.023981,0.023981,1.561902,-0.710530,1.233523,0.152866,0.002454,0.000000,-0.002454,-0.003682,0.695765,0.823987,0.823987,0.572653,1.104548,1.104548,0.789963,1.054788,1.054788,0.486849,0.919278,0.919278,-0.006779,0.087016,-0.007446,0.003613,0.061050,-0.009209,-0.010392,0.025966,0.001763,-0.010269,0.060386,-0.060031,0.085765,0.468711,-2.756306,2.740124,-2.756306,16.208758,-16.113601,2.740124,-16.113601,16.019001,0.000000,0.000000,32.696471,-0.010269,0.060386,-0.060031,0.085765,0.345409,-2.031214,2.019289,-2.031214,11.944777,-11.874652,2.019289,-11.874652,11.804939,0.000000,0.000000,24.095124,-0.017716,0.118660,0.082628,-0.017082,0.116515,0.078226,-0.000634,0.002145,0.004402,-0.013131,-0.258818,-0.276090,0.378662,0.118199,2.329809,2.485284,2.329809,45.922675,48.987214,2.485284,48.987214,52.256258,-0.000000,0.000000,98.297131,-0.013131,-0.258818,-0.276090,0.378662,0.120839,2.381856,2.540804,2.381856,46.948563,50.081562,2.540804,50.081562,53.423635,-0.000000,-0.000000,100.493038,0.002027,0.111719,0.078149,0.001881,0.109766,0.076593,0.000146,0.001954,0.001556,-0.018490,-0.159663,-0.059768,0.171483,1.333999,11.519367,4.312164,11.519367,99.472167,37.236444,4.312164,37.236444,13.939103,-0.000000,0.000000,114.745269,-0.018490,-0.159663,-0.059768,0.171483,1.351806,11.673135,4.369725,11.673135,100.799989,37.733501,4.369725,37.733501,14.125171,-0.000000,0.000000,116.276966,0.017728,0.107491,0.060711,0.016455,0.103733,0.056595,0.001273,0.003758,0.004116,-0.061211,-0.443516,-0.097218,0.458153,1.953095,14.151493,3.101997,14.151493,102.537153,22.476066,3.101997,22.476066,4.926737,-0.000000,-0.000000,109.416984,-0.061211,-0.443516,-0.097218,0.458153,2.084511,15.103691,3.310718,15.103691,109.436470,23.988391,3.310718,23.988391,5.258237,-0.000000,0.000000,116.779218,0.041514,0.094627,0.077588,0.040951,0.094094,0.076850,0.000564,0.000533,0.000739,-0.019084,-0.047281,-0.047614,0.069763,6.600453,16.353191,16.468376,16.353191,40.516441,40.801821,16.468376,40.801821,41.089210,-0.000000,0.000000,88.206104,-0.019084,-0.047281,-0.047614,0.069763,6.630186,16.426857,16.542560,16.426857,40.698953,40.985618,16.542560,40.985618,41.274303,-0.000000,0.000000,88.603442
0.6696,baseline,0.139,20.0000,4.204641,-1.254796,-1.492563,-0.176408,-0.072097,1.144350,-1.796292,0.941864,-2.489651,1.316156,-2.293301,0.800738,-1.777884,0.000000,0.024368,0.023981,0.023981,0.108373,0.023981,0.023981,0.023981,0.023981,0.394617,0.141346,0.023981,0.023981,1.561902,-0.710530,1.233523,0.152866,0.002403,0.000000,-0.002403,-0.003605,0.695765,0.823987,0.823987,0.572653,1.104548,1.104548,0.800223,1.051973,1.051973,0.486849,0.919278,0.919278,-0.006779,0.087016,-0.007446,0.003613,0.061050,-0.009209,-0.010392,0.025966,0.001763,-0.010269,0.060386,-0.060031,0.085765,0.468711,-2.756306,2.740124,-2.756306,16.208758,-16.113601,2.740124,-16.113601,16.019001,0.000000,0.000000,32.696471,-0.010269,0.060386,-0.060031,0.085765,0.345409,-2.031214,2.019289,-2.031214,11.944777,-11.874652,2.019289,-11.874652,11.804939,0.000000,0.000000,24.095124,-0.017718,0.118660,0.082628,-0.017082,0.116515,0.078226,-0.000636,0.002145,0.004402,-0.013114,-0.258829,-0.276097,0.378674,0.117888,2.326761,2.482000,2.326761,45.923450,48.987410,2.482000,48.987410,52.255794,-0.000000,0.000000,98.297131,-0.013114,-0.258829,-0.276097,0.378674,0.120522,2.378742,2.537449,2.378742,46.949403,50.081813,2.537449,50.081813,53.423214,-0.000000,0.000000,100.493139,0.002027,0.111719,0.078149,0.001881,0.109766,0.076593,0.000146,0.001954,0.001556,-0.018490,-0.159663,-0.059768,0.171483,1.333999,11.519367,4.312164,11.519367,99.472167,37.236444,4.312164,37.236444,13.939103,-0.000000,0.000000,114.745269,-0.018490,-0.159663,-0.059768,0.171483,1.351806,11.673135,4.369725,11.673135,100.799989,37.733501,4.369725,37.733501,14.125171,-0.000000,0.000000,116.276966,0.017579,0.107451,0.060157,0.016455,0.103733,0.056595,0.001124,0.003717,0.003562,-0.055033,-0.402485,-0.086313,0.415298,1.921692,14.054408,3.013967,14.054408,102.787730,22.042826,3.013967,22.042826,4.727083,-0.000000,0.000000,109.436506,-0.055033,-0.402485,-0.086313,0.415298,2.027723,14.829873,3.180266,14.829873,108.459136,23.259059,3.180266,23.259059,4.987905,-0.000000,0.000000,115.474764,0.041517,0.094628,0.077588,0.040951,0.094094,0.076850,0.000566,0.000534,0.000738,-0.019101,-0.047314,-0.047644,0.069810,6.603446,16.357046,16.471364,16.357046,40.517168,40.800339,16.471364,40.800339,41.085490,-0.000000,0.000000,88.206104,-0.019101,-0.047314,-0.047644,0.069810,6.633234,16.430830,16.545664,16.430830,40.699935,40.984384,16.545664,40.984384,41.270821,-0.000000,0.000000,88.603990
0.7120,baseline,0.139,20.0000,4.204641,-1.253262,-1.492563,-0.176408,-0.076699,1.144350,-1.796292,0.941864,-2.489651,1.310020,-2.290233,0.800738,-1.777884,0.000000,0.033890,0.023981,0.023981,-0.020013,0.023981,0.023981,0.023981,0.023981,0.113182,0.128229,0.023981,0.023981,1.561902,-0.709662,1.233523,0.152866,0.002557,0.000000,-0.002557,-0.003835,0.695765,0.823987,0.823987,0.572653,1.104548,1.104548,0.796492,1.050566,1.050566,0.486849,0.919278,0.919278,-0.006788,0.087037,-0.007401,0.003613,0.061050,-0.009209,-0.010401,0.025987,0.001807,-0.010373,0.060980,-0.060520,0.086538,0.469794,-2.761857,2.741012,-2.761857,16.236600,-16.114053,2.741012,-16.114053,15.992431,-0.000000,0.000000,32.698825,-0.010373,0.060980,-0.060520,0.086538,0.346004,-2.034112,2.018760,-2.034112,11.958281,-11.868025,2.018760,-11.868025,11.778451,-0.000000,0.000000,24.082736,-0.017712,0.118660,0.082628,-0.017082,0.116515,0.078226,-0.000631,0.002144,0.004402,-0.013164,-0.258797,-0.276074,0.378637,0.118822,2.335905,2.491851,2.335905,45.921124,48.986821,2.491851,48.986821,52.257185,-0.000000,-0.000000,98.297131,-0.013164,-0.258797,-0.276074,0.378637,0.121476,2.388084,2.547512,2.388084,46.946883,50.081061,2.547512,50.081061,53.424477,-0.000000,0.000000,100.492837,0.002027,0.111719,0.078149,0.001881,0.109766,0.076593,0.000146,0.001954,0.001556,-0.018490,-0.159663,-0.059768,0.171483,1.333999,11.519367,4.312164,11.519367,99.472167,37.236444,4.312164,37.236444,13.939103,-0.000000,0.000000,114.745269,-0.018490,-0.159663,-0.059768,0.171483,1.351806,11.673135,4.369725,11.673135,100.799989,37.733501,4.369725,37.733501,14.125171,-0.000000,0.000000,116.276966,0.017656,0.107588,0.060434,0.016455,0.103733,0.056595,0.001201,0.003855,0.003839,-0.059120,-0.426864,-0.094414,0.441160,1.965489,14.191354,3.138864,14.191354,102.465367,22.663437,3.138864,22.663437,5.012731,-0.000000,0.000000,109.443587,-0.059120,-0.426864,-0.094414,0.441160,2.082748,15.037994,3.326125,15.037994,108.578337,24.015512,3.326125,24.015512,5.311785,-0.000000,0.000000,115.972870,0.041509,0.094626,0.077590,0.040951,0.094094,0.076850,0.000559,0.000533,0.000740,-0.019047,-0.047212,-0.047550,0.069662,6.594468,16.345482,16.462398,16.345482,40.514986,40.804782,16.462398,40.804782,41.096650,-0.000000,0.000000,88.206104,-0.019047,-0.047212,-0.047550,0.069662,6.624087,16.418897,16.536338,16.418897,40.696957,40.988054,16.536338,40.988054,41.281234,0.000000,0.000000,88.602278
0.7545,baseline,0.139,20.0000,4.204641,-1.253262,-1.492563,-0.176408,-0.078233,1.144350,-1.796292,0.941864,-2.489651,1.297748,-2.287165,0.800738,-1.777884,0.000000,0.030374,0.023981,0.023981,-0.049592,0.023981,0.023981,0.023981,0.023981,-0.164334,0.093525,0.023981,0.023981,1.561902,-0.709662,1.233523,0.152866,0.002608,0.000000,-0.002608,-0.003912,0.695765,0.823987,0.823987,0.572653,1.104548,1.104548,0.789031,1.049158,1.049158,0.486849,0.919278,0.919278,-0.006788,0.087037,-0.007401,0.003613,0.061050,-0.009209,-0.010401,0.025987,0.001807,-0.010373,0.060980,-0.060520,0.086538,0.469794,-2.761857,2.741012,-2.761857,16.236600,-16.114053,2.741012,-16.114053,15.992431,-0.000000,0.000000,32.698825,-0.010373,0.060980,-0.060520,0.086538,0.346004,-2.034112,2.018760,-2.034112,11.958281,-11.868025,2.018760,-11.868025,11.778451,-0.000000,0.000000,24.082736,-0.017711,0.118660,0.082628,-0.017082,0.116515,0.078226,-0.000629,0.002144,0.004402,-0.013181,-0.258786,-0.276066,0.378624,0.119135,2.338953,2.495134,2.338953,45.920348,48.986625,2.495134,48.986625,52.257649,0.000000,0.000000,98.297131,-0.013181,-0.258786,-0.276066,0.378624,0.121796,2.391197,2.550866,2.391197,46.946043,50.080810,2.550866,50.080810,53.424897,-0.000000,0.000000,100.492736,0.002027,0.111719,0.078149,0.001881,0.109766,0.076593,0.000146,0.001954,0.001556,-0.018490,-0.159663,-0.059768,0.171483,1.333999,11.519367,4.312164,11.519367,99.472167,37.236444,4.312164,37.236444,13.939103,-0.000000,0.000000,114.745269,-0.018490,-0.159663,-0.059768,0.171483,1.351806,11.673135,4.369725,11.673135,100.799989,37.733501,4.369725,37.733501,14.125171,-0.000000,0.000000,116.276966,0.017799,0.107789,0.060946,0.016455,0.103733,0.056595,0.001344,0.004056,0.004351,-0.066464,-0.470067,-0.108943,0.487082,2.037866,14.412892,3.340332,14.412892,101.935792,23.624642,3.340332,23.624642,5.475248,-0.000000,0.000000,109.448905,-0.066464,-0.470067,-0.108943,0.487082,2.177399,15.399750,3.569047,15.399750,108.915389,25.242234,3.569047,25.242234,5.850141,-0.000000,0.000000,116.942929,0.041507,0.094626,0.077591,0.040951,0.094094,0.076850,0.000556,0.000532,0.000741,-0.019030,-0.047180,-0.047520,0.069615,6.591477,16.341628,16.459408,16.341628,40.514258,40.806262,16.459408,40.806262,41.100369,-0.000000,0.000000,88.206104,-0.019030,-0.047180,-0.047520,0.069615,6.621041,16.414924,16.533233,16.414924,40.695975,40.989288,16.533233,40.989288,41.284715,-0.000000,0.000000,88.601731
0.7969,baseline,0.139,20.0000,4.204641,-1.253262,-1.492563,-0.176408,-0.079767,1.144350,-1.796292,0.941864,-2.489651,1.291612,-2.284097,0.800738,-1.777884,0.000000,0.025443,0.023981,0.023981,-0.026155,0.023981,0.023981,0.023981,0.023981,-0.179914,0.083733,0.023981,0.023981,1.561902,-0.709662,1.233523,0.152866,0.002659,0.000000,-0.002659,-0.003988,0.695765,0.823987,0.823987,0.572653,1.104548,1.104548,0.785300,1.047751,1.047751,0.486849,0.919278,0.919278,-0.006788,0.087037,-0.007401,0.003613,0.061050,-0.009209,-0.010401,0.025987,0.001807,-0.010373,0.060980,-0.060520,0.086538,0.469794,-2.761857,2.741012,-2.761857,16.236600,-16.114053,2.741012,-16.114053,15.992431,-0.000000,0.000000,32.698825,-0.010373,0.060980,-0.060520,0.086538,0.346004,-2.034112,2.018760,-2.034112,11.958281,-11.868025,2.018760,-11.868025,11.778451,-0.000000,0.000000,24.082736,-0.017709,0.118659,0.082628,-0.017082,0.116515,0.078226,-0.000627,0.002144,0.004402,-0.013198,-0.258775,-0.276058,0.378612,0.119447,2.342001,2.498418,2.342001,45.919572,48.986428,2.498418,48.986428,52.258112,-0.000000,0.000000,98.297131,-0.013198,-0.258775,-0.276058,0.378612,0.122115,2.394311,2.554221,2.394311,46.945203,50.080558,2.554221,50.080558,53.425316,-0.000000,0.000000,100.492635,0.002027,0.111719,0.078149,0.001881,0.109766,0.076593,0.000146,0.001954,0.001556,-0.018490,-0.159663,-0.059768,0.171483,1.333999,11.519367,4.312164,11.519367,99.472167,37.236444,4.312164,37.236444,13.939103,-0.000000,0.000000,114.745269,-0.018490,-0.159663,-0.059768,0.171483,1.351806,11.673135,4.369725,11.673135,100.799989,37.733501,4.369725,37.733501,14.125171,-0.000000,0.000000,116.276966,0.017878,0.107923,0.061226,0.016455,0.103733,0.056595,0.001423,0.004190,0.004630,-0.070798,-0.494286,-0.117902,0.513061,2.084169,14.550848,3.470820,14.550848,101.588279,24.231895,3.470820,24.231895,5.780044,-0.000000,0.000000,109.452493,-0.070798,-0.494286,-0.117902,0.513061,2.235931,15.610391,3.723553,15.610391,108.985592,25.996379,3.723553,25.996379,6.200927,-0.000000,0.000000,117.422450,0.041504,0.094626,0.077591,0.040951,0.094094,0.076850,0.000554,0.000532,0.000742,-0.019013,-0.047147,-0.047489,0.069567,6.588486,16.337773,16.456418,16.337773,40.513530,40.807741,16.456418,40.807741,41.104088,-0.000000,0.000000,88.206104,-0.019013,-0.047147,-0.047489,0.069567,6.617995,16.410948,16.530125,16.410948,40.694987,40.990515,16.530125,40.990515,41.288190,-0.000000,0.000000,88.601172
0.8394,baseline,0.139,20.0000,4.204641,-1.253262,-1.492563,-0.176408,-0.079767,1.144350,-1.796292,0.941864,-2.489651,1.288544,-2.282563,0.800738,-1.777884,0.000000,0.024315,0.023981,0.023981,-0.005983,0.023981,0.023981,0.023981,0.023981,-0.113457,0.055183,0.023981,0.023981,1.561902,-0.709662,1.233523,0.152866,0.002659,0.000000,-0.002659,-0.003988,0.695765,0.823987,0.823987,0.572653,1.104548,1.104548,0.783435,1.047047,1.047047,0.486849,0.919278,0.919278,-0.006788,0.087037,-0.007401,0.003613,0.061050,-0.009209,-0.010401,0.025987,0.001807,-0.010373,0.060980,-0.060520,0.086538,0.469794,-2.761857,2.741012,-2.761857,16.236600,-16.114053,2.741012,-16.114053,15.992431,-0.000000,0.000000,32.698825,-0.010373,0.060980,-0.060520,0.086538,0.346004,-2.034112,2.018760,-2.034112,11.958281,-11.868025,2.018760,-11.868025,11.778451,-0.000000,0.000000,24.082736,-0.017709,0.118659,0.082628,-0.017082,0.116515,0.078226,-0.000627,0.002144,0.004402,-0.013198,-0.258775,-0.276058,0.378612,0.119447,2.342001,2.498418,2.342001,45.919572,48.986428,2.498418,48.986428,52.258112,-0.000000,0.000000,98.297131,-0.013198,-0.258775,-0.276058,0.378612,0.122115,2.394311,2.554221,2.394311,46.945203,50.080558,2.554221,50.080558,53.425316,-0.000000,0.000000,100.492635,0.002027,0.111719,0.078149,0.001881,0.109766,0.076593,0.000146,0.001954,0.001556,-0.018490,-0.159663,-0.059768,0.171483,1.333999,11.519367,4.312164,11.519367,99.472167,37.236444,4.312164,37.236444,13.939103,-0.000000,0.000000,114.745269,-0.018490,-0.159663,-0.059768,0.171483,1.351806,11.673135,4.369725,11.673135,100.799989,37.733501,4.369725,37.733501,14.125171,-0.000000,0.000000,116.276966,0.017918,0.107990,0.061366,0.016455,0.103733,0.056595,0.001463,0.004257,0.004770,-0.073005,-0.506373,-0.122502,0.526071,2.107876,14.620574,3.537005,14.620574,101.410688,24.533243,3.537005,24.533243,5.935075,-0.000000,0.000000,109.453639,-0.073005,-0.506373,-0.122502,0.526071,2.265905,15.716684,3.802175,15.716684,109.013488,26.372510,3.802175,26.372510,6.380029,-0.000000,-0.000000,117.659422,0.041504,0.094626,0.077591,0.040951,0.094094,0.076850,0.000554,0.000532,0.000742,-0.019013,-0.047147,-0.047490,0.069568,6.588486,16.337773,16.456418,16.337773,40.513530,40.807741,16.456418,40.807741,41.104088,-0.000000,0.000000,88.206105,-0.019013,-0.047147,-0.047490,0.069568,6.617996,16.410950,16.530127,16.410950,40.694991,40.990519,16.530127,40.990519,41.288194,-0.000000,0.000000,88.601180
0.8817,baseline,0.139,20.0000,4.204641,-1.253262,-1.492563,-0.176408,-0.075165,1.144350,-1.796292,0.941864,-2.489651,1.288544,-2.282563,0.800738,-1.777884,0.000000,0.024057,0.023981,0.023981,0.052001,0.023981,0.023981,0.023981,0.023981,-0.031270,0.035956,0.023981,0.023981,1.561902,-0.709662,1.233523,0.152866,0.002506,0.000000,-0.002506,-0.003758,0.695765,0.823987,0.823987,0.572653,1.104548,1.104548,0.783435,1.047047,1.047047,0.486849,0.919278,0.919278,-0.006788,0.087037,-0.007401,0.003613,0.061050,-0.009209,-0.010401,0.025987,0.001807,-0.010373,0.060980,-0.060520,0.086538,0.469794,-2.761857,2.741012,-2.761857,16.236600,-16.114053,2.741012,-16.114053,15.992431,-0.000000,0.000000,32.698825,-0.010373,0.060980,-0.060520,0.086538,0.346004,-2.034112,2.018760,-2.034112,11.958281,-11.868025,2.018760,-11.868025,11.778451,-0.000000,0.000000,24.082736,-0.017714,0.118660,0.082628,-0.017082,0.116515,0.078226,-0.000632,0.002145,0.004402,-0.013148,-0.258807,-0.276082,0.378649,0.118510,2.332857,2.488567,2.332857,45.921899,48.987018,2.488567,48.987018,52.256722,-0.000000,0.000000,98.297131,-0.013148,-0.258807,-0.276082,0.378649,0.121158,2.384970,2.544158,2.384970,46.947723,50.081311,2.544158,50.081311,53.424056,-0.000000,0.000000,100.492936,0.002027,0.111719,0.078149,0.001881,0.109766,0.076593,0.000146,0.001954,0.001556,-0.018490,-0.159663,-0.059768,0.171483,1.333999,11.519367,4.312164,11.519367,99.472167,37.236444,4.312164,37.236444,13.939103,-0.000000,0.000000,114.745269,-0.018490,-0.159663,-0.059768,0.171483,1.351806,11.673135,4.369725,11.673135,100.799989,37.733501,4.369725,37.733501,14.125171,-0.000000,0.000000,116.276966,0.017921,0.107990,0.061366,0.016455,0.103733,0.056595,0.001465,0.004257,0.004770,-0.073057,-0.506427,-0.122500,0.526129,2.110440,14.629383,3.538727,14.629383,101.409559,24.530139,3.538727,24.530139,5.933639,-0.000000,0.000000,109.453639,-0.073057,-0.506427,-0.122500,0.526129,2.268687,15.726335,3.804071,15.726335,109.013536,26.369479,3.804071,26.369479,6.378560,-0.000000,0.000000,117.660784,0.041512,0.094627,0.077589,0.040951,0.094094,0.076850,0.000561,0.000533,0.000739,-0.019067,-0.047250,-0.047585,0.069717,6.597460,16.349337,16.465387,16.349337,40.515714,40.803301,16.465387,40.803301,41.092930,-0.000000,0.000000,88.206105,-0.019067,-0.047250,-0.047585,0.069717,6.627140,16.422886,16.539458,16.422886,40.697977,40.986858,16.539458,40.986858,41.277791,0.000000,0.000000,88.602907
0.9242,baseline,0.139,20.0000,4.204641,-1.251728,-1.492563,-0.176408,-0.073631,1.144350,-1.796292,0.941864,-2.489651,1.288544,-2.282563,0.800738,-1.777884,0.000000,0.038056,0.023981,0.023981,0.097993,0.023981,0.023981,0.023981,0.023981,0.004182,0.026720,0.023981,0.023981,1.561902,-0.708793,1.233523,0.152866,0.002454,0.000000,-0.002454,-0.003682,0.695765,0.823987,0.823987,0.572653,1.104548,1.104548,0.783435,1.047047,1.047047,0.486849,0.919278,0.919278,-0.006797,0.087058,-0.007357,0.003613,0.061050,-0.009209,-0.010410,0.026008,0.001852,-0.010477,0.061576,-0.061008,0.087311,0.470879,-2.767414,2.741894,-2.767414,16.264443,-16.114459,2.741894,-16.114459,15.965858,0.000000,0.000000,32.701180,-0.010477,0.061576,-0.061008,0.087311,0.346600,-2.037010,2.018226,-2.037010,11.971766,-11.861368,2.018226,-11.861368,11.751987,0.000000,0.000000,24.070353,-0.017716,0.118660,0.082628,-0.017082,0.116515,0.078226,-0.000634,0.002145,0.004402,-0.013131,-0.258818,-0.276089,0.378661,0.118199,2.329809,2.485284,2.329809,45.922675,48.987214,2.485284,48.987214,52.256258,0.000000,0.000000,98.297131,-0.013131,-0.258818,-0.276089,0.378661,0.120839,2.381856,2.540804,2.381856,46.948563,50.081562,2.540804,50.081562,53.423635,-0.000000,0.000000,100.493037,0.002027,0.111719,0.078149,0.001881,0.109766,0.076593,0.000146,0.001954,0.001556,-0.018490,-0.159663,-0.059768,0.171483,1.333999,11.519367,4.312164,11.519367,99.472167,37.236444,4.312164,37.236444,13.939103,-0.000000,0.000000,114.745269,-0.018490,-0.159663,-0.059768,0.171483,1.351806,11.673135,4.369725,11.673135,100.799989,37.733501,4.369725,37.733501,14.125171,-0.000000,0.000000,116.276966,0.017921,0.107990,0.061366,0.016455,0.103733,0.056595,0.001466,0.004257,0.004770,-0.073075,-0.506445,-0.122500,0.526149,2.111295,14.632319,3.539302,14.632319,101.409183,24.529104,3.539302,24.529104,5.933161,-0.000000,0.000000,109.453639,-0.073075,-0.506445,-0.122500,0.526149,2.269615,15.729552,3.804703,15.729552,109.013552,26.368468,3.804703,26.368468,6.378070,-0.000000,0.000000,117.661238,0.041514,0.094627,0.077588,0.040951,0.094094,0.076850,0.000564,0.000533,0.000739,-0.019085,-0.047284,-0.047617,0.069766,6.600453,16.353191,16.468376,16.353191,40.516441,40.801821,16.468376,40.801821,41.089210,-0.000000,0.000000,88.206105,-0.019085,-0.047284,-0.047617,0.069766,6.630189,16.426864,16.542568,16.426864,40.698972,40.985638,16.542568,40.985638,41.274322,-0.000000,0.000000,88.603483
0.9666,baseline,0.139,20.0000,4.204641,-1.251728,-1.492563,-0.176408,-0.076699,1.144350,-1.796292,0.941864,-2.489651,1.313088,-2.290233,0.800738,-1.777884,0.000000,0.027201,0.023981,0.023981,-0.018868,0.023981,0.023981,0.023981,0.023981,0.265437,-0.051094,0.023981,0.023981,1.561902,-0.708793,1.233523,0.152866,0.002557,0.000000,-0.002557,-0.003835,0.695765,0.823987,0.823987,0.572653,1.104548,1.104548,0.798357,1.050566,1.050566,0.486849,0.919278,0.919278,-0.006797,0.087058,-0.007357,0.003613,0.061050,-0.009209,-0.010410,0.026008,0.001852,-0.010477,0.061576,-0.061008,0.087311,0.470879,-2.767414,2.741894,-2.767414,16.264443,-16.114459,2.741894,-16.114459,15.965858,0.000000,0.000000,32.701180,-0.010477,0.061576,-0.061008,0.087311,0.346600,-2.037010,2.018226,-2.037010,11.971766,-11.861368,2.018226,-11.861368,11.751987,0.000000,0.000000,24.070353,-0.017712,0.118660,0.082628,-0.017082,0.116515,0.078226,-0.000631,0.002144,0.004402,-0.013164,-0.258797,-0.276074,0.378637,0.118822,2.335905,2.491851,2.335905,45.921124,48.986821,2.491851,48.986821,52.257185,0.000000,0.000000,98.297131,-0.013164,-0.258797,-0.276074,0.378637,0.121476,2.388084,2.547512,2.388084,46.946884,50.081061,2.547512,50.081061,53.424477,-0.000000,0.000000,100.492837,0.002027,0.111719,0.078149,0.001881,0.109766,0.076593,0.000146,0.001954,0.001556,-0.018490,-0.159663,-0.059768,0.171483,1.333999,11.519367,4.312164,11.519367,99.472167,37.236444,4.312164,37.236444,13.939103,-0.000000,0.000000,114.745269,-0.018490,-0.159663,-0.059768,0.171483,1.351806,11.673135,4.369725,11.673135,100.799989,37.733501,4.369725,37.733501,14.125171,-0.000000,0.000000,116.276966,0.017624,0.107555,0.060317,0.016455,0.103733,0.056595,0.001169,0.003822,0.003722,-0.057589,-0.417399,-0.091522,0.431178,1.952329,14.150316,3.102720,14.150316,102.560294,22.488252,3.102720,22.488252,4.930967,-0.000000,0.000000,109.443591,-0.057589,-0.417399,-0.091522,0.431178,2.064490,14.963247,3.280970,14.963247,108.452347,23.780194,3.280970,23.780194,5.214250,-0.000000,0.000000,115.731086,0.041509,0.094626,0.077590,0.040951,0.094094,0.076850,0.000559,0.000533,0.000740,-0.019047,-0.047212,-0.047550,0.069662,6.594468,16.345482,16.462398,16.345482,40.514986,40.804782,16.462398,40.804782,41.096650,-0.000000,0.000000,88.206104,-0.019047,-0.047212,-0.047550,0.069662,6.624087,16.418896,16.536337,16.418896,40.696954,40.988051,16.536337,40.988051,41.281231,0.000000,0.000000,88.602272
1.0095,baseline,0.139,20.0000,4.204641,-1.251728,-1.492563,-0.176408,-0.078233,1.144350,-1.796292,0.941864,-2.489651,1.320757,-2.307107,0.800738,-1.777884,0.000000,0.024717,0.023981,0.023981,-0.038892,0.023981,0.023981,0.023981,0.023981,0.399514,-0.303146,0.023981,0.023981,1.561902,-0.708793,1.233523,0.152866,0.002608,0.000000,-0.002608,-0.003912,0.695765,0.823987,0.823987,0.572653,1.104548,1.104548,0.803021,1.058306,1.058306,0.486849,0.919278,0.919278,-0.006797,0.087058,-0.007357,0.003613,0.061050,-0.009209,-0.010410,0.026008,0.001852,-0.010477,0.061576,-0.061008,0.087311,0.470879,-2.767414,2.741894,-2.767414,16.264443,-16.114459,2.741894,-16.114459,15.965858,0.000000,0.000000,32.701180,-0.010477,0.061576,-0.061008,0.087311,0.346600,-2.037010,2.018226,-2.037010,11.971766,-11.861368,2.018226,-11.861368,11.751987,0.000000,0.000000,24.070353,-0.017711,0.118660,0.082628,-0.017082,0.116515,0.078226,-0.000629,0.002144,0.004402,-0.013181,-0.258786,-0.276066,0.378624,0.119135,2.338953,2.495134,2.338953,45.920348,48.986625,2.495134,48.986625,52.257649,-0.000000,0.000000,98.297131,-0.013181,-0.258786,-0.276066,0.378624,0.121796,2.391197,2.550866,2.391197,46.946044,50.080811,2.550866,50.080811,53.424897,-0.000000,0.000000,100.492737,0.002027,0.111719,0.078149,0.001881,0.109766,0.076593,0.000146,0.001954,0.001556,-0.018490,-0.159663,-0.059768,0.171483,1.333999,11.519367,4.312164,11.519367,99.472167,37.236444,4.312164,37.236444,13.939103,-0.000000,0.000000,114.745269,-0.018490,-0.159663,-0.059768,0.171483,1.351806,11.673135,4.369725,11.673135,100.799989,37.733501,4.369725,37.733501,14.125171,-0.000000,0.000000,116.276966,0.017464,0.107078,0.059789,0.016455,0.103733,0.056595,0.001009,0.003345,0.003194,-0.048048,-0.363242,-0.072186,0.373450,1.810682,13.688618,2.720303,13.688618,103.484919,20.565284,2.720303,20.565284,4.086885,-0.000000,0.000000,109.382485,-0.048048,-0.363242,-0.072186,0.373450,1.903642,14.391392,2.859963,14.391392,108.797837,21.621106,2.859963,21.621106,4.296705,-0.000000,0.000000,114.998185,0.041507,0.094626,0.077591,0.040951,0.094094,0.076850,0.000556,0.000532,0.000741,-0.019029,-0.047176,-0.047516,0.069609,6.591477,16.341627,16.459408,16.341627,40.514258,40.806261,16.459408,40.806261,41.100369,0.000000,0.000000,88.206104,-0.019029,-0.047176,-0.047516,0.069609,6.621036,16.414911,16.533220,16.414911,40.695943,40.989256,16.533220,40.989256,41.284682,-0.000000,0.000000,88.601661
1.0516,baseline,0.139,20.0000,4.204641,-1.251728,-1.492563,-0.176408,-0.079767,1.144350,-1.796292,0.941864,-2.489651,1.310020,-2.305573,0.800738,-1.777884,0.000000,0.024132,0.023981,0.023981,-0.023627,0.023981,0.023981,0.023981,0.023981,-0.014156,-0.134672,0.023981,0.023981,1.561902,-0.708793,1.233523,0.152866,0.002659,0.000000,-0.002659,-0.003988,0.695765,0.823987,0.823987,0.572653,1.104548,1.104548,0.796492,1.057602,1.057602,0.486849,0.919278,0.919278,-0.006797,0.087058,-0.007357,0.003613,0.061050,-0.009209,-0.010410,0.026008,0.001852,-0.010477,0.061576,-0.061008,0.087311,0.470879,-2.767414,2.741894,-2.767414,16.264443,-16.114459,2.741894,-16.114459,15.965858,0.000000,0.000000,32.701180,-0.010477,0.061576,-0.061008,0.087311,0.346600,-2.037010,2.018226,-2.037010,11.971766,-11.861368,2.018226,-11.861368,11.751987,0.000000,0.000000,24.070353,-0.017709,0.118659,0.082628,-0.017082,0.116515,0.078226,-0.000627,0.002144,0.004402,-0.013198,-0.258775,-0.276058,0.378612,0.119447,2.342001,2.498418,2.342001,45.919572,48.986428,2.498418,48.986428,52.258112,-0.000000,0.000000,98.297131,-0.013198,-0.258775,-0.276058,0.378612,0.122115,2.394311,2.554221,2.394311,46.945204,50.080559,2.554221,50.080559,53.425317,-0.000000,-0.000000,100.492636,0.002027,0.111719,0.078149,0.001881,0.109766,0.076593,0.000146,0.001954,0.001556,-0.018490,-0.159663,-0.059768,0.171483,1.333999,11.519367,4.312164,11.519367,99.472167,37.236444,4.312164,37.236444,13.939103,-0.000000,0.000000,114.745269,-0.018490,-0.159663,-0.059768,0.171483,1.351806,11.673135,4.369725,11.673135,100.799989,37.733501,4.369725,37.733501,14.125171,-0.000000,0.000000,116.276966,0.017583,0.107233,0.060217,0.016455,0.103733,0.056595,0.001128,0.003499,0.003622,-0.053688,-0.399250,-0.082569,0.411219,1.864622,13.866191,2.867660,13.866191,103.115404,21.325247,2.867660,21.325247,4.410264,-0.000000,0.000000,109.390290,-0.053688,-0.399250,-0.082569,0.411219,1.975206,14.688542,3.037730,14.688542,109.230788,22.589967,3.037730,22.589967,4.671820,-0.000000,0.000000,115.877814,0.041504,0.094626,0.077591,0.040951,0.094094,0.076850,0.000554,0.000532,0.000742,-0.019011,-0.047143,-0.047485,0.069561,6.588486,16.337773,16.456418,16.337773,40.513530,40.807741,16.456418,40.807741,41.104088,-0.000000,0.000000,88.206104,-0.019011,-0.047143,-0.047485,0.069561,6.617990,16.410937,16.530113,16.410937,40.694958,40.990487,16.530113,40.990487,41.288161,-0.000000,0.000000,88.601110
1.0939,baseline,0.139,20.0000,4.204641,-1.248660,-1.492563,-0.176408,-0.079767,1.144350,-1.796292,0.941864,-2.489651,1.303884,-2.302505,0.800738,-1.777884,0.000000,0.041104,0.023981,0.023981,-0.005405,0.023981,0.023981,0.023981,0.023981,-0.172511,0.051452,0.023981,0.023981,1.561902,-0.707056,1.233523,0.152866,0.002659,0.000000,-0.002659,-0.003988,0.695765,0.823987,0.823987,0.572653,1.104548,1.104548,0.792761,1.056195,1.056195,0.486849,0.919278,0.919278,-0.006815,0.087099,-0.007268,0.003613,0.061050,-0.009209,-0.010428,0.026049,0.001941,-0.010686,0.062768,-0.061979,0.088856,0.473054,-2.778543,2.743641,-2.778543,16.320129,-16.115129,2.743641,-16.115129,15.912704,-0.000000,0.000000,32.705887,-0.010686,0.062768,-0.061979,0.088856,0.347793,-2.042805,2.017145,-2.042805,11.998677,-11.847959,2.017145,-11.847959,11.699134,-0.000000,-0.000000,24.045604,-0.017709,0.118659,0.082628,-0.017082,0.116515,0.078226,-0.000627,0.002144,0.004402,-0.013198,-0.258775,-0.276058,0.378612,0.119447,2.342001,2.498418,2.342001,45.919572,48.986428,2.498418,48.986428,52.258112,-0.000000,0.000000,98.297131,-0.013198,-0.258775,-0.276058,0.378612,0.122115,2.394311,2.554221,2.394311,46.945204,50.080559,2.554221,50.080559,53.425317,-0.000000,0.000000,100.492636,0.002027,0.111719,0.078149,0.001881,0.109766,0.076593,0.000146,0.001954,0.001556,-0.018490,-0.159663,-0.059768,0.171483,1.333999,11.519367,4.312164,11.519367,99.472167,37.236444,4.312164,37.236444,13.939103,-0.000000,0.000000,114.745269,-0.018490,-0.159663,-0.059768,0.171483,1.351806,11.673135,4.369725,11.673135,100.799989,37.733501,4.369725,37.733501,14.125171,-0.000000,0.000000,116.276966,0.017662,0.107370,0.060493,0.016455,0.103733,0.056595,0.001207,0.003637,0.003898,-0.057762,-0.423741,-0.090465,0.437124,1.910347,14.014266,2.991909,14.014266,102.808389,21.948588,2.991909,21.948588,4.685809,-0.000000,0.000000,109.404545,-0.057762,-0.423741,-0.090465,0.437124,2.032364,14.909387,3.183009,14.909387,109.374979,23.350491,3.183009,23.350491,4.985102,-0.000000,0.000000,116.392446,0.041504,0.094626,0.077591,0.040951,0.094094,0.076850,0.000554,0.000532,0.000742,-0.019012,-0.047144,-0.047486,0.069563,6.588486,16.337773,16.456418,16.337773,40.513530,40.807741,16.456418,40.807741,41.104088,0.000000,0.000000,88.206104,-0.019012,-0.047144,-0.047486,0.069563,6.617992,16.410940,16.530116,16.410940,40.694966,40.990494,16.530116,40.990494,41.288169,-0.000000,-0.000000,88.601126
1.1363,baseline,0.139,20.0000,4.204641,-1.248660,-1.492563,-0.176408,-0.073631,1.144350,-1.796292,0.941864,-2.489651,1.302350,-2.304039,0.800738,-1.777884,0.000000,0.038096,0.023981,0.023981,0.065331,0.023981,0.023981,0.023981,0.023981,-0.055744,0.028822,0.023981,0.023981,1.561902,-0.707056,1.233523,0.152866,0.002454,0.000000,-0.002454,-0.003682,0.695765,0.823987,0.823987,0.572653,1.104548,1.104548,0.791829,1.056899,1.056899,0.486849,0.919278,0.919278,-0.006815,0.087099,-0.007268,0.003613,0.061050,-0.009209,-0.010428,0.026049,0.001941,-0.010686,0.062768,-0.061979,0.088856,0.473054,-2.778543,2.743641,-2.778543,16.320129,-16.115129,2.743641,-16.115129,15.912704,-0.000000,0.000000,32.705887,-0.010686,0.062768,-0.061979,0.088856,0.347793,-2.042805,2.017145,-2.042805,11.998677,-11.847959,2.017145,-11.847959,11.699134,-0.000000,-0.000000,24.045604,-0.017716,0.118660,0.082628,-0.017082,0.116515,0.078226,-0.000634,0.002145,0.004402,-0.013131,-0.258818,-0.276090,0.378662,0.118199,2.329809,2.485284,2.329809,45.922675,48.987214,2.485284,48.987214,52.256258,0.000000,0.000000,98.297131,-0.013131,-0.258818,-0.276090,0.378662,0.120839,2.381856,2.540804,2.381856,46.948563,50.081563,2.540804,50.081563,53.423635,0.000000,0.000000,100.493038,0.002027,0.111719,0.078149,0.001881,0.109766,0.076593,0.000146,0.001954,0.001556,-0.018490,-0.159663,-0.059768,0.171483,1.333999,11.519367,4.312164,11.519367,99.472167,37.236444,4.312164,37.236444,13.939103,-0.000000,0.000000,114.745269,-0.018490,-0.159663,-0.059768,0.171483,1.351806,11.673135,4.369725,11.673135,100.799989,37.733501,4.369725,37.733501,14.125171,-0.000000,0.000000,116.276966,0.017674,0.107352,0.060529,0.016455,0.103733,0.056595,0.001219,0.003618,0.003934,-0.058031,-0.425779,-0.090678,0.439179,1.910033,14.014176,2.984587,14.014176,102.823941,21.898324,2.984587,21.898324,4.663667,-0.000000,0.000000,109.397640,-0.058031,-0.425779,-0.090678,0.439179,2.034146,14.924812,3.178524,14.924812,109.505405,23.321270,3.178524,23.321270,4.966710,-0.000000,0.000000,116.506261,0.041514,0.094627,0.077588,0.040951,0.094094,0.076850,0.000564,0.000533,0.000739,-0.019083,-0.047281,-0.047614,0.069762,6.600453,16.353191,16.468376,16.353191,40.516441,40.801821,16.468376,40.801821,41.089210,0.000000,0.000000,88.206104,-0.019083,-0.047281,-0.047614,0.069762,6.630185,16.426855,16.542558,16.426855,40.698948,40.985613,16.542558,40.985613,41.274297,-0.000000,-0.000000,88.603430
1.1787,baseline,0.139,20.0000,4.204641,-1.248660,-1.492563,-0.176408,-0.073631,1.144350,-1.796292,0.941864,-2.489651,1.296214,-2.302505,0.800738,-1.777884,0.000000,0.024111,0.023981,0.023981,0.079997,0.023981,0.023981,0.023981,0.023981,-0.089277,0.026503,0.023981,0.023981,1.561902,-0.707056,1.233523,0.152866,0.002454,0.000000,-0.002454,-0.003682,0.695765,0.823987,0.823987,0.572653,1.104548,1.104548,0.788098,1.056195,1.056195,0.486849,0.919278,0.919278,-0.006815,0.087099,-0.007268,0.003613,0.061050,-0.009209,-0.010428,0.026049,0.001941,-0.010686,0.062768,-0.061979,0.088856,0.473054,-2.778543,2.743641,-2.778543,16.320129,-16.115129,2.743641,-16.115129,15.912704,-0.000000,0.000000,32.705887,-0.010686,0.062768,-0.061979,0.088856,0.347793,-2.042805,2.017145,-2.042805,11.998677,-11.847959,2.017145,-11.847959,11.699134,-0.000000,-0.000000,24.045604,-0.017716,0.118660,0.082628,-0.017082,0.116515,0.078226,-0.000634,0.002145,0.004402,-0.013131,-0.258818,-0.276090,0.378662,0.118199,2.329809,2.485284,2.329809,45.922675,48.987214,2.485284,48.987214,52.256258,-0.000000,0.000000,98.297131,-0.013131,-0.258818,-0.276090,0.378662,0.120839,2.381856,2.540804,2.381856,46.948563,50.081562,2.540804,50.081562,53.423635,-0.000000,0.000000,100.493037,0.002027,0.111719,0.078149,0.001881,0.109766,0.076593,0.000146,0.001954,0.001556,-0.018490,-0.159663,-0.059768,0.171483,1.333999,11.519367,4.312164,11.519367,99.472167,37.236444,4.312164,37.236444,13.939103,-0.000000,0.000000,114.745269,-0.018490,-0.159663,-0.059768,0.171483,1.351806,11.673135,4.369725,11.673135,100.799989,37.733501,4.369725,37.733501,14.125171,-0.000000,0.000000,116.276966,0.017746,0.107452,0.060784,0.016455,0.103733,0.056595,0.001291,0.003719,0.004189,-0.061634,-0.447450,-0.097645,0.462109,1.946186,14.128947,3.083310,14.128947,102.573514,22.384253,3.083310,22.384253,4.884836,-0.000000,0.000000,109.404536,-0.061634,-0.447450,-0.097645,0.462109,2.081398,15.110561,3.297524,15.110561,109.699852,23.939409,3.297524,23.939409,5.224212,-0.000000,0.000000,117.005462,0.041514,0.094627,0.077588,0.040951,0.094094,0.076850,0.000564,0.000533,0.000739,-0.019084,-0.047281,-0.047615,0.069763,6.600453,16.353191,16.468376,16.353191,40.516441,40.801821,16.468376,40.801821,41.089210,-0.000000,0.000000,88.206104,-0.019084,-0.047281,-0.047615,0.069763,6.630186,16.426857,16.542561,16.426857,40.698954,40.985620,16.542561,40.985620,41.274304,-0.000000,0.000000,88.603445
1.2211,baseline,0.139,20.0000,4.204641,-1.248660,-1.492563,-0.176408,-0.078233,1.144350,-1.796292,0.941864,-2.489651,1.288544,-2.305573,0.800738,-1.777884,0.000000,0.026312,0.023981,0.023981,-0.026785,0.023981,0.023981,0.023981,0.023981,-0.143900,-0.011145,0.023981,0.023981,1.561902,-0.707056,1.233523,0.152866,0.002608,0.000000,-0.002608,-0.003912,0.695765,0.823987,0.823987,0.572653,1.104548,1.104548,0.783435,1.057602,1.057602,0.486849,0.919278,0.919278,-0.006815,0.087099,-0.007268,0.003613,0.061050,-0.009209,-0.010428,0.026049,0.001941,-0.010686,0.062768,-0.061979,0.088856,0.473054,-2.778543,2.743641,-2.778543,16.320129,-16.115129,2.743641,-16.115129,15.912704,-0.000000,0.000000,32.705887,-0.010686,0.062768,-0.061979,0.088856,0.347793,-2.042805,2.017145,-2.042805,11.998677,-11.847959,2.017145,-11.847959,11.699134,-0.000000,-0.000000,24.045604,-0.017711,0.118660,0.082628,-0.017082,0.116515,0.078226,-0.000629,0.002144,0.004402,-0.013181,-0.258786,-0.276066,0.378624,0.119135,2.338953,2.495134,2.338953,45.920348,48.986625,2.495134,48.986625,52.257649,-0.000000,0.000000,98.297131,-0.013181,-0.258786,-0.276066,0.378624,0.121796,2.391197,2.550866,2.391197,46.946043,50.080810,2.550866,50.080810,53.424897,0.000000,0.000000,100.492736,0.002027,0.111719,0.078149,0.001881,0.109766,0.076593,0.000146,0.001954,0.001556,-0.018490,-0.159663,-0.059768,0.171483,1.333999,11.519367,4.312164,11.519367,99.472167,37.236444,4.312164,37.236444,13.939103,-0.000000,0.000000,114.745269,-0.018490,-0.159663,-0.059768,0.171483,1.351806,11.673135,4.369725,11.673135,100.799989,37.733501,4.369725,37.733501,14.125171,-0.000000,0.000000,116.276966,0.017810,0.107462,0.061032,0.016455,0.103733,0.056595,0.001355,0.003729,0.004437,-0.064320,-0.465467,-0.102472,0.480934,1.956565,14.159253,3.117137,14.159253,102.467575,22.558075,3.117137,22.558075,4.966125,-0.000000,0.000000,109.390265,-0.064320,-0.465467,-0.102472,0.480934,2.103330,15.221364,3.350959,15.221364,110.153859,24.250199,3.350959,24.250199,5.338643,-0.000000,0.000000,117.595832,0.041507,0.094626,0.077591,0.040951,0.094094,0.076850,0.000556,0.000532,0.000741,-0.019030,-0.047180,-0.047520,0.069615,6.591477,16.341628,16.459408,16.341628,40.514258,40.806262,16.459408,40.806262,41.100369,-0.000000,0.000000,88.206104,-0.019030,-0.047180,-0.047520,0.069615,6.621041,16.414924,16.533233,16.414924,40.695974,40.989287,16.533233,40.989287,41.284714,-0.000000,0.000000,88.601730
1.2636,baseline,0.139,20.0000,4.204641,-1.245592,-1.492563,-0.176408,-0.079767,1.144350,-1.796292,0.941864,-2.489651,1.280874,-2.325515,0.800738,-1.777884,0.000000,0.054901,0.023981,0.023981,-0.043421,0.023981,0.023981,0.023981,0.023981,-0.173620,-0.222321,0.023981,0.023981,1.561902,-0.705318,1.233523,0.152866,0.002659,0.000000,-0.002659,-0.003988,0.695765,0.823987,0.823987,0.572653,1.104548,1.104548,0.778771,1.066750,1.066750,0.486849,0.919278,0.919278,-0.006832,0.087141,-0.007179,0.003613,0.061050,-0.009209,-0.010446,0.026091,0.002030,-0.010896,0.063963,-0.062946,0.090400,0.475237,-2.789693,2.745366,-2.789693,16.375818,-16.115611,2.745366,-16.115611,15.859538,-0.000000,0.000000,32.710593,-0.010896,0.063963,-0.062946,0.090400,0.348988,-2.048599,2.016047,-2.048599,12.025509,-11.834427,2.016047,-11.834427,11.646381,-0.000000,0.000000,24.020878,-0.017709,0.118659,0.082628,-0.017082,0.116515,0.078226,-0.000627,0.002144,0.004402,-0.013198,-0.258775,-0.276058,0.378612,0.119447,2.342001,2.498418,2.342001,45.919572,48.986428,2.498418,48.986428,52.258112,0.000000,0.000000,98.297131,-0.013198,-0.258775,-0.276058,0.378612,0.122115,2.394311,2.554221,2.394311,46.945203,50.080559,2.554221,50.080559,53.425317,-0.000000,0.000000,100.492635,0.002027,0.111719,0.078149,0.001881,0.109766,0.076593,0.000146,0.001954,0.001556,-0.018490,-0.159663,-0.059768,0.171483,1.333999,11.519367,4.312164,11.519367,99.472167,37.236444,4.312164,37.236444,13.939103,-0.000000,0.000000,114.745269,-0.018490,-0.159663,-0.059768,0.171483,1.351806,11.673135,4.369725,11.673135,100.799989,37.733501,4.369725,37.733501,14.125171,-0.000000,0.000000,116.276966,0.017796,0.107081,0.061040,0.016455,0.103733,0.056595,0.001341,0.003348,0.004444,-0.060820,-0.452831,-0.093385,0.466343,1.858301,13.835789,2.853271,13.835789,103.012934,21.243735,2.853271,21.243735,4.380967,-0.000000,0.000000,109.252202,-0.060820,-0.452831,-0.093385,0.466343,2.007819,14.949006,3.082843,14.949006,111.301275,22.952990,3.082843,22.952990,4.733456,-0.000000,0.000000,118.042550,0.041504,0.094626,0.077591,0.040951,0.094094,0.076850,0.000554,0.000532,0.000742,-0.019012,-0.047145,-0.047488,0.069565,6.588486,16.337773,16.456418,16.337773,40.513530,40.807741,16.456418,40.807741,41.104088,-0.000000,0.000000,88.206104,-0.019012,-0.047145,-0.047488,0.069565,6.617993,16.410944,16.530121,16.410944,40.694976,40.990504,16.530121,40.990504,41.288179,-0.000000,0.000000,88.601148
1.3060,baseline,0.139,20.0000,4.204641,-1.245592,-1.492563,-0.176408,-0.079767,1.144350,-1.796292,0.941864,-2.489651,1.274738,-2.331651,0.800738,-1.777884,0.000000,0.042117,0.023981,0.023981,-0.009933,0.023981,0.023981,0.023981,0.023981,-0.154492,-0.313854,0.023981,0.023981,1.561902,-0.705318,1.233523,0.152866,0.002659,0.000000,-0.002659,-0.003988,0.695765,0.823987,0.823987,0.572653,1.104548,1.104548,0.775041,1.069565,1.069565,0.486849,0.919278,0.919278,-0.006832,0.087141,-0.007179,0.003613,0.061050,-0.009209,-0.010446,0.026091,0.002030,-0.010896,0.063963,-0.062946,0.090400,0.475237,-2.789693,2.745366,-2.789693,16.375818,-16.115611,2.745366,-16.115611,15.859538,-0.000000,0.000000,32.710593,-0.010896,0.063963,-0.062946,0.090400,0.348988,-2.048599,2.016047,-2.048599,12.025509,-11.834427,2.016047,-11.834427,11.646381,-0.000000,0.000000,24.020878,-0.017709,0.118659,0.082628,-0.017082,0.116515,0.078226,-0.000627,0.002144,0.004402,-0.013198,-0.258775,-0.276058,0.378612,0.119447,2.342001,2.498418,2.342001,45.919572,48.986428,2.498418,48.986428,52.258112,-0.000000,0.000000,98.297131,-0.013198,-0.258775,-0.276058,0.378612,0.122115,2.394311,2.554221,2.394311,46.945203,50.080559,2.554221,50.080559,53.425317,-0.000000,0.000000,100.492635,0.002027,0.111719,0.078149,0.001881,0.109766,0.076593,0.000146,0.001954,0.001556,-0.018490,-0.159663,-0.059768,0.171483,1.333999,11.519367,4.312164,11.519367,99.472167,37.236444,4.312164,37.236444,13.939103,-0.000000,0.000000,114.745269,-0.018490,-0.159663,-0.059768,0.171483,1.351806,11.673135,4.369725,11.673135,100.799989,37.733501,4.369725,37.733501,14.125171,-0.000000,0.000000,116.276966,0.017832,0.107003,0.061185,0.016455,0.103733,0.056595,0.001377,0.003270,0.004590,-0.061597,-0.460437,-0.094063,0.473967,1.844227,13.785679,2.816281,13.785679,103.048575,21.051826,2.816281,21.051826,4.300684,-0.000000,0.000000,109.193486,-0.061597,-0.460437,-0.094063,0.473967,2.000925,14.957008,3.055572,14.957008,111.804313,22.840538,3.055572,22.840538,4.666101,-0.000000,-0.000000,118.471339,0.041504,0.094626,0.077591,0.040951,0.094094,0.076850,0.000554,0.000532,0.000742,-0.019012,-0.047146,-0.047488,0.069565,6.588486,16.337773,16.456418,16.337773,40.513530,40.807741,16.456418,40.807741,41.104088,0.000000,0.000000,88.206104,-0.019012,-0.047146,-0.047488,0.069565,6.617994,16.410945,16.530122,16.410945,40.694978,40.990507,16.530122,40.990507,41.288181,-0.000000,0.000000,88.601153
1.3484,baseline,0.139,20.0000,4.204641,-1.245592,-1.492563,-0.176408,-0.078233,1.144350,-1.796292,0.941864,-2.489651,1.270136,-2.323981,0.800738,-1.777884,0.000000,0.021631,0.023981,0.023981,0.015795,0.023981,0.023981,0.023981,0.023981,-0.118181,0.027923,0.023981,0.023981,1.561902,-0.705318,1.233523,0.152866,0.002608,0.000000,-0.002608,-0.003912,0.695765,0.823987,0.823987,0.572653,1.104548,1.104548,0.772243,1.066046,1.066046,0.486849,0.919278,0.919278,-0.006832,0.087141,-0.007179,0.003613,0.061050,-0.009209,-0.010446,0.026091,0.002030,-0.010896,0.063963,-0.062946,0.090400,0.475237,-2.789693,2.745366,-2.789693,16.375818,-16.115611,2.745366,-16.115611,15.859538,-0.000000,0.000000,32.710593,-0.010896,0.063963,-0.062946,0.090400,0.348988,-2.048599,2.016047,-2.048599,12.025509,-11.834427,2.016047,-11.834427,11.646381,-0.000000,0.000000,24.020878,-0.017711,0.118660,0.082628,-0.017082,0.116515,0.078226,-0.000629,0.002144,0.004402,-0.013181,-0.258786,-0.276066,0.378624,0.119135,2.338953,2.495134,2.338953,45.920348,48.986625,2.495134,48.986625,52.257649,0.000000,0.000000,98.297131,-0.013181,-0.258786,-0.276066,0.378624,0.121796,2.391197,2.550866,2.391197,46.946043,50.080810,2.550866,50.080810,53.424896,0.000000,0.000000,100.492735,0.002027,0.111719,0.078149,0.001881,0.109766,0.076593,0.000146,0.001954,0.001556,-0.018490,-0.159663,-0.059768,0.171483,1.333999,11.519367,4.312164,11.519367,99.472167,37.236444,4.312164,37.236444,13.939103,-0.000000,0.000000,114.745269,-0.018490,-0.159663,-0.059768,0.171483,1.351806,11.673135,4.369725,11.673135,100.799989,37.733501,4.369725,37.733501,14.125171,-0.000000,0.000000,116.276966,0.017916,0.107227,0.061468,0.016455,0.103733,0.056595,0.001461,0.003494,0.004872,-0.066733,-0.488628,-0.104721,0.504160,1.914397,14.017417,3.004151,14.017417,102.637019,21.996713,3.004151,21.996713,4.714238,-0.000000,0.000000,109.265654,-0.066733,-0.488628,-0.104721,0.504160,2.083714,15.257173,3.269850,15.257173,111.714648,23.942190,3.269850,23.942190,5.131184,-0.000000,-0.000000,118.929547,0.041507,0.094626,0.077591,0.040951,0.094094,0.076850,0.000556,0.000532,0.000741,-0.019031,-0.047181,-0.047521,0.069616,6.591477,16.341628,16.459409,16.341628,40.514258,40.806262,16.459409,40.806262,41.100369,-0.000000,0.000000,88.206104,-0.019031,-0.047181,-0.047521,0.069616,6.621042,16.414927,16.533236,16.414927,40.695982,40.989295,16.533236,40.989295,41.284722,-0.000000,0.000000,88.601747
1.3908,baseline,0.139,20.0000,4.204641,-1.244058,-1.492563,-0.176408,-0.073631,1.144350,-1.796292,0.941864,-2.489651,1.267068,-2.320913,0.800738,-1.777884,0.000000,0.017459,0.023981,0.023981,0.101630,0.023981,0.023981,0.023981,0.023981,-0.077268,0.127908,0.023981,0.023981,1.561902,-0.704450,1.233523,0.152866,0.002454,0.000000,-0.002454,-0.003682,0.695765,0.823987,0.823987,0.572653,1.104548,1.104548,0.770377,1.064639,1.064639,0.486849,0.919278,0.919278,-0.006841,0.087162,-0.007134,0.003613,0.061050,-0.009209,-0.010455,0.026112,0.002075,-0.011002,0.064561,-0.063428,0.091172,0.476331,-2.795276,2.746219,-2.795276,16.403663,-16.115781,2.746219,-16.115781,15.832952,-0.000000,0.000000,32.712946,-0.011002,0.064561,-0.063428,0.091172,0.349586,-2.051495,2.015492,-2.051495,12.038895,-11.827614,2.015492,-11.827614,11.620041,-0.000000,-0.000000,24.008523,-0.017716,0.118660,0.082628,-0.017082,0.116515,0.078226,-0.000634,0.002145,0.004402,-0.013131,-0.258818,-0.276089,0.378661,0.118199,2.329809,2.485284,2.329809,45.922675,48.987214,2.485284,48.987214,52.256258,-0.000000,0.000000,98.297131,-0.013131,-0.258818,-0.276089,0.378661,0.120839,2.381856,2.540804,2.381856,46.948563,50.081562,2.540804,50.081562,53.423635,-0.000000,0.000000,100.493037,0.002027,0.111719,0.078149,0.001881,0.109766,0.076593,0.000146,0.001954,0.001556,-0.018490,-0.159663,-0.059768,0.171483,1.333999,11.519367,4.312164,11.519367,99.472167,37.236444,4.312164,37.236444,13.939103,-0.000000,0.000000,114.745269,-0.018490,-0.159663,-0.059768,0.171483,1.351806,11.673135,4.369725,11.673135,100.799989,37.733501,4.369725,37.733501,14.125171,-0.000000,0.000000,116.276966,0.017966,0.107329,0.061628,0.016455,0.103733,0.056595,0.001511,0.003596,0.005032,-0.069496,-0.503665,-0.110343,0.520273,1.950027,14.132649,3.096176,14.132649,102.425123,22.439265,3.096176,22.439265,4.915987,-0.000000,0.000000,109.291137,-0.069496,-0.503665,-0.110343,0.520273,2.126923,15.414683,3.377044,15.414683,111.716557,24.474829,3.377044,24.474829,5.361938,-0.000000,0.000000,119.205418,0.041514,0.094627,0.077588,0.040951,0.094094,0.076850,0.000564,0.000533,0.000739,-0.019085,-0.047284,-0.047617,0.069766,6.600453,16.353191,16.468376,16.353191,40.516441,40.801821,16.468376,40.801821,41.089210,-0.000000,0.000000,88.206105,-0.019085,-0.047284,-0.047617,0.069766,6.630189,16.426865,16.542568,16.426865,40.698973,40.985638,16.542568,40.985638,41.274322,-0.000000,0.000000,88.603484
1.4333,baseline,0.139,20.0000,4.204641,-1.233321,-1.492563,-0.176408,-0.075165,1.144350,-1.796292,0.941864,-2.489651,1.267068,-2.320913,0.800738,-1.777884,0.000000,0.161970,0.023981,0.023981,0.025387,0.023981,0.023981,0.023981,0.023981,-0.030919,0.051082,0.023981,0.023981,1.561902,-0.698370,1.233523,0.152866,0.002506,0.000000,-0.002506,-0.003758,0.695765,0.823987,0.823987,0.572653,1.104548,1.104548,0.770377,1.064639,1.064639,0.486849,0.919278,0.919278,-0.006904,0.087306,-0.006821,0.003613,0.061050,-0.009209,-0.010517,0.026256,0.002388,-0.011743,0.068766,-0.066765,0.096562,0.484041,-2.834502,2.752034,-2.834502,16.598581,-16.115655,2.752034,-16.115655,15.646780,-0.000000,0.000000,32.729403,-0.011743,0.068766,-0.066765,0.096562,0.353790,-2.071761,2.011485,-2.071761,12.132042,-11.779067,2.011485,-11.779067,11.436362,0.000000,0.000000,23.922194,-0.017714,0.118660,0.082628,-0.017082,0.116515,0.078226,-0.000632,0.002145,0.004402,-0.013148,-0.258807,-0.276082,0.378649,0.118510,2.332857,2.488567,2.332857,45.921899,48.987018,2.488567,48.987018,52.256722,-0.000000,0.000000,98.297131,-0.013148,-0.258807,-0.276082,0.378649,0.121158,2.384970,2.544158,2.384970,46.947723,50.081311,2.544158,50.081311,53.424055,-0.000000,0.000000,100.492936,0.002027,0.111719,0.078149,0.001881,0.109766,0.076593,0.000146,0.001954,0.001556,-0.018490,-0.159663,-0.059768,0.171483,1.333999,11.519367,4.312164,11.519367,99.472167,37.236444,4.312164,37.236444,13.939103,-0.000000,0.000000,114.745269,-0.018490,-0.159663,-0.059768,0.171483,1.351806,11.673135,4.369725,11.673135,100.799989,37.733501,4.369725,37.733501,14.125171,-0.000000,0.000000,116.276966,0.017965,0.107329,0.061628,0.016455,0.103733,0.056595,0.001510,0.003596,0.005032,-0.069479,-0.503647,-0.110343,0.520254,1.949232,14.129793,3.095679,14.129793,102.425493,22.440273,3.095679,22.440273,4.916412,-0.000000,0.000000,109.291137,-0.069479,-0.503647,-0.110343,0.520254,2.126047,15.411508,3.376488,15.411508,111.716518,24.475832,3.376488,24.475832,5.362380,-0.000000,0.000000,119.204944,0.041512,0.094627,0.077589,0.040951,0.094094,0.076850,0.000561,0.000533,0.000739,-0.019067,-0.047250,-0.047585,0.069717,6.597460,16.349337,16.465387,16.349337,40.515714,40.803301,16.465387,40.803301,41.092930,0.000000,0.000000,88.206105,-0.019067,-0.047250,-0.047585,0.069717,6.627140,16.422886,16.539459,16.422886,40.697977,40.986859,16.539459,40.986859,41.277791,-0.000000,0.000000,88.602908
1.4757,baseline,0.139,20.0000,4.204641,-1.230253,-1.492563,-0.176408,-0.079767,1.144350,-1.796292,0.941864,-2.489651,1.268602,-2.317845,0.800738,-1.777884,0.000000,0.166369,0.023981,0.023981,-0.066394,0.023981,0.023981,0.023981,0.023981,0.004689,0.065221,0.023981,0.023981,1.561902,-0.696632,1.233523,0.152866,0.002659,0.000000,-0.002659,-0.003988,0.695765,0.823987,0.823987,0.572653,1.104548,1.104548,0.771310,1.063232,1.063232,0.486849,0.919278,0.919278,-0.006922,0.087346,-0.006732,0.003613,0.061050,-0.009209,-0.010535,0.026296,0.002477,-0.011956,0.069973,-0.067708,0.098099,0.486261,-2.845756,2.753643,-2.845756,16.654270,-16.115195,2.753643,-16.115195,15.593569,-0.000000,-0.000000,32.734101,-0.011956,0.069973,-0.067708,0.098099,0.354996,-2.077548,2.010301,-2.077548,12.158474,-11.764922,2.010301,-11.764922,11.384108,-0.000000,0.000000,23.897578,-0.017709,0.118659,0.082628,-0.017082,0.116515,0.078226,-0.000627,0.002144,0.004402,-0.013198,-0.258775,-0.276058,0.378612,0.119447,2.342001,2.498418,2.342001,45.919572,48.986428,2.498418,48.986428,52.258112,-0.000000,0.000000,98.297131,-0.013198,-0.258775,-0.276058,0.378612,0.122115,2.394311,2.554221,2.394311,46.945203,50.080558,2.554221,50.080558,53.425316,-0.000000,0.000000,100.492635,0.002027,0.111719,0.078149,0.001881,0.109766,0.076593,0.000146,0.001954,0.001556,-0.018490,-0.159663,-0.059768,0.171483,1.333999,11.519367,4.312164,11.519367,99.472167,37.236444,4.312164,37.236444,13.939103,-0.000000,0.000000,114.745269,-0.018490,-0.159663,-0.059768,0.171483,1.351806,11.673135,4.369725,11.673135,100.799989,37.733501,4.369725,37.733501,14.125171,-0.000000,0.000000,116.276966,0.017961,0.107384,0.061614,0.016455,0.103733,0.056595,0.001505,0.003651,0.005018,-0.069817,-0.504463,-0.111509,0.521336,1.960517,14.165627,3.131251,14.165627,102.353103,22.624716,3.131251,22.624716,5.001097,0.000000,0.000000,109.314716,-0.069817,-0.504463,-0.111509,0.521336,2.136095,15.434257,3.411677,15.434257,111.519533,24.650917,3.411677,24.650917,5.448980,-0.000000,0.000000,119.104608,0.041504,0.094626,0.077591,0.040951,0.094094,0.076850,0.000554,0.000532,0.000742,-0.019013,-0.047147,-0.047490,0.069568,6.588486,16.337773,16.456418,16.337773,40.513530,40.807741,16.456418,40.807741,41.104088,-0.000000,0.000000,88.206105,-0.019013,-0.047147,-0.047490,0.069568,6.617996,16.410950,16.530127,16.410950,40.694991,40.990520,16.530127,40.990520,41.288194,-0.000000,0.000000,88.601181
1.5181,baseline,0.139,20.0000,4.204641,-1.230253,-1.492563,-0.176408,-0.082835,1.144350,-1.796292,0.941864,-2.489651,1.293146,-2.316311,0.800738,-1.777884,0.000000,0.056555,0.023981,0.023981,-0.061967,0.023981,0.023981,0.023981,0.023981,0.297403,0.068843,0.023981,0.023981,1.561902,-0.696632,1.233523,0.152866,0.002761,0.000000,-0.002761,-0.004142,0.695765,0.823987,0.823987,0.572653,1.104548,1.104548,0.786233,1.062528,1.062528,0.486849,0.919278,0.919278,-0.006922,0.087346,-0.006732,0.003613,0.061050,-0.009209,-0.010535,0.026296,0.002477,-0.011956,0.069973,-0.067708,0.098099,0.486261,-2.845756,2.753643,-2.845756,16.654270,-16.115195,2.753643,-16.115195,15.593569,-0.000000,-0.000000,32.734101,-0.011956,0.069973,-0.067708,0.098099,0.354996,-2.077548,2.010301,-2.077548,12.158474,-11.764922,2.010301,-11.764922,11.384108,-0.000000,0.000000,23.897578,-0.017706,0.118659,0.082629,-0.017082,0.116515,0.078226,-0.000624,0.002144,0.004403,-0.013232,-0.258754,-0.276043,0.378587,0.120074,2.348097,2.504985,2.348097,45.918021,48.986034,2.504985,48.986034,52.259037,-0.000000,0.000000,98.297131,-0.013232,-0.258754,-0.276043,0.378587,0.122756,2.400537,2.560929,2.400537,46.943523,50.080056,2.560929,50.080056,53.426156,-0.000000,0.000000,100.492435,0.002027,0.111719,0.078149,0.001881,0.109766,0.076593,0.000146,0.001954,0.001556,-0.018490,-0.159663,-0.059768,0.171483,1.333999,11.519367,4.312164,11.519367,99.472167,37.236444,4.312164,37.236444,13.939103,-0.000000,0.000000,114.745269,-0.018490,-0.159663,-0.059768,0.171483,1.351806,11.673135,4.369725,11.673135,100.799989,37.733501,4.369725,37.733501,14.125171,-0.000000,0.000000,116.276966,0.017709,0.107165,0.060705,0.016455,0.103733,0.056595,0.001254,0.003432,0.004110,-0.058092,-0.431811,-0.089490,0.444797,1.864815,13.861545,2.872711,13.861545,103.035654,21.353441,2.872711,21.353441,4.425356,-0.000000,0.000000,109.325824,-0.058092,-0.431811,-0.089490,0.444797,1.998126,14.852476,3.078075,14.852476,110.401437,22.879949,3.078075,22.879949,4.741714,-0.000000,-0.000000,117.141277,0.041499,0.094625,0.077593,0.040951,0.094094,0.076850,0.000548,0.000531,0.000743,-0.018976,-0.047076,-0.047423,0.069464,6.582505,16.330063,16.450436,16.330063,40.512074,40.810699,16.450436,40.810699,41.111525,-0.000000,0.000000,88.206104,-0.018976,-0.047076,-0.047423,0.069464,6.611899,16.402983,16.523894,16.402983,40.692977,40.992936,16.523894,40.992936,41.295105,-0.000000,-0.000000,88.599982
1.5605,baseline,0.139,20.0000,4.204641,-1.230253,-1.492563,-0.176408,-0.082835,1.144350,-1.796292,0.941864,-2.489651,1.300816,-2.314777,0.800738,-1.777884,0.000000,0.031433,0.023981,0.023981,-0.024997,0.023981,0.023981,0.023981,0.023981,0.410021,0.038800,0.023981,0.023981,1.561902,-0.696632,1.233523,0.152866,0.002761,0.000000,-0.002761,-0.004142,0.695765,0.823987,0.823987,0.572653,1.104548,1.104548,0.790896,1.061824,1.061824,0.486849,0.919278,0.919278,-0.006922,0.087346,-0.006732,0.003613,0.061050,-0.009209,-0.010535,0.026296,0.002477,-0.011956,0.069973,-0.067708,0.098099,0.486261,-2.845756,2.753643,-2.845756,16.654270,-16.115195,2.753643,-16.115195,15.593569,-0.000000,-0.000000,32.734101,-0.011956,0.069973,-0.067708,0.098099,0.354996,-2.077548,2.010301,-2.077548,12.158474,-11.764922,2.010301,-11.764922,11.384108,-0.000000,0.000000,23.897578,-0.017706,0.118659,0.082629,-0.017082,0.116515,0.078226,-0.000624,0.002144,0.004403,-0.013232,-0.258754,-0.276043,0.378587,0.120074,2.348097,2.504985,2.348097,45.918021,48.986034,2.504985,48.986034,52.259037,-0.000000,0.000000,98.297131,-0.013232,-0.258754,-0.276043,0.378587,0.122756,2.400537,2.560929,2.400537,46.943524,50.080056,2.560929,50.080056,53.426156,-0.000000,0.000000,100.492435,0.002027,0.111719,0.078149,0.001881,0.109766,0.076593,0.000146,0.001954,0.001556,-0.018490,-0.159663,-0.059768,0.171483,1.333999,11.519367,4.312164,11.519367,99.472167,37.236444,4.312164,37.236444,13.939103,-0.000000,0.000000,114.745269,-0.018490,-0.159663,-0.059768,0.171483,1.351806,11.673135,4.369725,11.673135,100.799989,37.733501,4.369725,37.733501,14.125171,-0.000000,0.000000,116.276966,0.017635,0.107119,0.060436,0.016455,0.103733,0.056595,0.001180,0.003385,0.003841,-0.054909,-0.410942,-0.083802,0.422979,1.842550,13.789672,2.812082,13.789672,103.202117,21.045666,2.812082,21.045666,4.291773,-0.000000,0.000000,109.336439,-0.054909,-0.410942,-0.083802,0.422979,1.963869,14.697628,2.997239,14.697628,109.997273,22.431379,2.997239,22.431379,4.574357,-0.000000,0.000000,116.535499,0.041499,0.094625,0.077593,0.040951,0.094094,0.076850,0.000548,0.000531,0.000743,-0.018976,-0.047075,-0.047422,0.069463,6.582505,16.330063,16.450436,16.330063,40.512074,40.810699,16.450436,40.810699,41.111525,-0.000000,0.000000,88.206104,-0.018976,-0.047075,-0.047422,0.069463,6.611898,16.402981,16.523891,16.402981,40.692971,40.992929,16.523891,40.992929,41.295099,-0.000000,0.000000,88.599968
1.6030,baseline,0.139,20.0000,4.204641,-1.230253,-1.492563,-0.176408,-0.082835,1.144350,-1.796292,0.941864,-2.489651,1.293146,-2.314777,0.800738,-1.777884,0.000000,0.025686,0.023981,0.023981,-0.005718,0.023981,0.023981,0.023981,0.023981,0.028065,0.036045,0.023981,0.023981,1.561902,-0.696632,1.233523,0.152866,0.002761,0.000000,-0.002761,-0.004142,0.695765,0.823987,0.823987,0.572653,1.104548,1.104548,0.786233,1.061824,1.061824,0.486849,0.919278,0.919278,-0.006922,0.087346,-0.006732,0.003613,0.061050,-0.009209,-0.010535,0.026296,0.002477,-0.011956,0.069973,-0.067708,0.098099,0.486261,-2.845756,2.753643,-2.845756,16.654270,-16.115195,2.753643,-16.115195,15.593569,-0.000000,-0.000000,32.734101,-0.011956,0.069973,-0.067708,0.098099,0.354996,-2.077548,2.010301,-2.077548,12.158474,-11.764922,2.010301,-11.764922,11.384108,-0.000000,0.000000,23.897578,-0.017706,0.118659,0.082629,-0.017082,0.116515,0.078226,-0.000624,0.002144,0.004403,-0.013232,-0.258754,-0.276043,0.378587,0.120074,2.348097,2.504985,2.348097,45.918021,48.986034,2.504985,48.986034,52.259037,-0.000000,0.000000,98.297131,-0.013232,-0.258754,-0.276043,0.378587,0.122756,2.400537,2.560929,2.400537,46.943523,50.080056,2.560929,50.080056,53.426156,-0.000000,0.000000,100.492435,0.002027,0.111719,0.078149,0.001881,0.109766,0.076593,0.000146,0.001954,0.001556,-0.018490,-0.159663,-0.059768,0.171483,1.333999,11.519367,4.312164,11.519367,99.472167,37.236444,4.312164,37.236444,13.939103,-0.000000,0.000000,114.745269,-0.018490,-0.159663,-0.059768,0.171483,1.351806,11.673135,4.369725,11.673135,100.799989,37.733501,4.369725,37.733501,14.125171,-0.000000,0.000000,116.276966,0.017716,0.107201,0.060727,0.016455,0.103733,0.056595,0.001261,0.003468,0.004131,-0.058639,-0.434602,-0.090692,0.447820,1.874731,13.894420,2.899463,13.894420,102.977383,21.489140,2.899463,21.489140,4.484316,-0.000000,0.000000,109.336431,-0.058639,-0.434602,-0.090692,0.447820,2.008804,14.888089,3.106820,14.888089,110.341883,23.025951,3.106820,23.025951,4.805015,-0.000000,0.000000,117.155702,0.041499,0.094625,0.077593,0.040951,0.094094,0.076850,0.000548,0.000531,0.000743,-0.018976,-0.047076,-0.047423,0.069464,6.582505,16.330063,16.450436,16.330063,40.512074,40.810699,16.450436,40.810699,41.111525,-0.000000,0.000000,88.206104,-0.018976,-0.047076,-0.047423,0.069464,6.611899,16.402984,16.523894,16.402984,40.692978,40.992937,16.523894,40.992937,41.295106,-0.000000,0.000000,88.599984
1.6454,baseline,0.139,20.0000,4.204641,-1.230253,-1.492563,-0.176408,-0.076699,1.144350,-1.796292,0.941864,-2.489651,1.285476,-2.314777,0.800738,-1.777884,0.009820,0.024371,0.023981,0.023981,0.063224,0.023981,0.023981,0.023981,0.023981,-0.167147,0.024343,0.023981,0.023981,1.561902,-0.696632,1.233523,0.152866,0.002557,0.000000,-0.002557,-0.003835,0.695765,0.823987,0.823987,0.572653,1.104548,1.104548,0.781569,1.061824,1.061824,0.486849,0.919278,0.919278,-0.006922,0.087346,-0.006732,0.003613,0.061050,-0.009209,-0.010535,0.026296,0.002477,-0.011956,0.069973,-0.067708,0.098099,0.486261,-2.845756,2.753643,-2.845756,16.654270,-16.115195,2.753643,-16.115195,15.593569,-0.000000,-0.000000,32.734101,-0.011956,0.069973,-0.067708,0.098099,0.354996,-2.077548,2.010301,-2.077548,12.158474,-11.764922,2.010301,-11.764922,11.384108,-0.000000,0.000000,23.897578,-0.017712,0.118660,0.082628,-0.017082,0.116515,0.078226,-0.000631,0.002144,0.004402,-0.013164,-0.258797,-0.276074,0.378637,0.118822,2.335905,2.491851,2.335905,45.921124,48.986821,2.491851,48.986821,52.257185,-0.000000,0.000000,98.297131,-0.013164,-0.258797,-0.276074,0.378637,0.121476,2.388084,2.547512,2.388084,46.946883,50.081061,2.547512,50.081061,53.424476,0.000000,0.000000,100.492836,0.002027,0.111719,0.078149,0.001881,0.109766,0.076593,0.000146,0.001954,0.001556,-0.018490,-0.159663,-0.059768,0.171483,1.333999,11.519367,4.312164,11.519367,99.472167,37.236444,4.312164,37.236444,13.939103,-0.000000,0.000000,114.745269,-0.018490,-0.159663,-0.059768,0.171483,1.351806,11.673135,4.369725,11.673135,100.799989,37.733501,4.369725,37.733501,14.125171,-0.000000,0.000000,116.276966,0.017799,0.107282,0.061017,0.016455,0.103733,0.056595,0.001344,0.003549,0.004422,-0.062488,-0.458285,-0.097800,0.472752,1.910253,14.009733,2.989735,14.009733,102.746937,21.926620,2.989735,21.926620,4.679231,-0.000000,0.000000,109.336421,-0.062488,-0.458285,-0.097800,0.472752,2.057696,15.091076,3.220498,15.091076,110.677472,23.619029,3.220498,23.619029,5.040398,-0.000000,0.000000,117.775566,0.041509,0.094626,0.077590,0.040951,0.094094,0.076850,0.000559,0.000533,0.000740,-0.019048,-0.047214,-0.047551,0.069664,6.594468,16.345482,16.462398,16.345482,40.514986,40.804782,16.462398,40.804782,41.096650,-0.000000,0.000000,88.206104,-0.019048,-0.047214,-0.047551,0.069664,6.624089,16.418902,16.536343,16.418902,40.696968,40.988065,16.536343,40.988065,41.281245,-0.000000,0.000000,88.602301
1.6878,baseline,0.139,20.0000,4.204641,-1.230253,-1.492563,-0.176408,-0.075165,1.144350,-1.796292,0.941864,-2.489651,1.283942,-2.316311,0.800738,-1.777884,0.007084,0.024070,0.023981,0.023981,0.106544,0.023981,0.023981,0.023981,0.023981,-0.084321,0.003171,0.023981,0.023981,1.561902,-0.696632,1.233523,0.152866,0.002506,0.000000,-0.002506,-0.003758,0.695765,0.823987,0.823987,0.572653,1.104548,1.104548,0.780637,1.062528,1.062528,0.486849,0.919278,0.919278,-0.006922,0.087346,-0.006732,0.003613,0.061050,-0.009209,-0.010535,0.026296,0.002477,-0.011956,0.069973,-0.067708,0.098099,0.486261,-2.845756,2.753643,-2.845756,16.654270,-16.115195,2.753643,-16.115195,15.593569,-0.000000,-0.000000,32.734101,-0.011956,0.069973,-0.067708,0.098099,0.354996,-2.077548,2.010301,-2.077548,12.158474,-11.764922,2.010301,-11.764922,11.384108,-0.000000,0.000000,23.897578,-0.017714,0.118660,0.082628,-0.017082,0.116515,0.078226,-0.000632,0.002145,0.004402,-0.013148,-0.258807,-0.276082,0.378649,0.118510,2.332857,2.488567,2.332857,45.921899,48.987018,2.488567,48.987018,52.256722,-0.000000,0.000000,98.297131,-0.013148,-0.258807,-0.276082,0.378649,0.121158,2.384970,2.544158,2.384970,46.947723,50.081312,2.544158,50.081312,53.424056,-0.000000,0.000000,100.492937,0.002027,0.111719,0.078149,0.001881,0.109766,0.076593,0.000146,0.001954,0.001556,-0.018490,-0.159663,-0.059768,0.171483,1.333999,11.519367,4.312164,11.519367,99.472167,37.236444,4.312164,37.236444,13.939103,-0.000000,0.000000,114.745269,-0.018490,-0.159663,-0.059768,0.171483,1.351806,11.673135,4.369725,11.673135,100.799989,37.733501,4.369725,37.733501,14.125171,-0.000000,0.000000,116.276966,0.017809,0.107262,0.061054,0.016455,0.103733,0.056595,0.001354,0.003529,0.004458,-0.062705,-0.460235,-0.097989,0.474710,1.907534,14.000657,2.980880,14.000657,102.760096,21.878651,2.980880,21.878651,4.658184,-0.000000,-0.000000,109.325813,-0.062705,-0.460235,-0.097989,0.474710,2.056901,15.096960,3.214294,15.096960,110.806592,23.591831,3.214294,23.591831,5.022937,-0.000000,-0.000000,117.886429,0.041512,0.094627,0.077589,0.040951,0.094094,0.076850,0.000561,0.000533,0.000739,-0.019066,-0.047248,-0.047583,0.069714,6.597460,16.349337,16.465387,16.349337,40.515714,40.803301,16.465387,40.803301,41.092930,-0.000000,0.000000,88.206104,-0.019066,-0.047248,-0.047583,0.069714,6.627138,16.422880,16.539453,16.422880,40.697964,40.986845,16.539453,40.986845,41.277777,-0.000000,0.000000,88.602878
1.7302,baseline,0.139,20.0000,4.204641,-1.230253,-1.492563,-0.176408,-0.079767,1.144350,-1.796292,0.941864,-2.489651,1.283942,-2.334719,0.800738,-1.777884,0.001620,0.024001,0.023981,0.023981,-0.017650,0.023981,0.023981,0.023981,0.023981,-0.016892,-0.204119,0.023981,0.023981,1.561902,-0.696632,1.233523,0.152866,0.002659,0.000000,-0.002659,-0.003988,0.695765,0.823987,0.823987,0.572653,1.104548,1.104548,0.780637,1.070972,1.070972,0.486849,0.919278,0.919278,-0.006922,0.087346,-0.006732,0.003613,0.061050,-0.009209,-0.010535,0.026296,0.002477,-0.011956,0.069973,-0.067708,0.098099,0.486261,-2.845756,2.753643,-2.845756,16.654270,-16.115195,2.753643,-16.115195,15.593569,-0.000000,-0.000000,32.734101,-0.011956,0.069973,-0.067708,0.098099,0.354996,-2.077548,2.010301,-2.077548,12.158474,-11.764922,2.010301,-11.764922,11.384108,-0.000000,0.000000,23.897578,-0.017709,0.118659,0.082628,-0.017082,0.116515,0.078226,-0.000627,0.002144,0.004402,-0.013198,-0.258775,-0.276058,0.378612,0.119447,2.342001,2.498418,2.342001,45.919572,48.986428,2.498418,48.986428,52.258112,-0.000000,0.000000,98.297131,-0.013198,-0.258775,-0.276058,0.378612,0.122115,2.394311,2.554221,2.394311,46.945204,50.080559,2.554221,50.080559,53.425317,-0.000000,0.000000,100.492636,0.002027,0.111719,0.078149,0.001881,0.109766,0.076593,0.000146,0.001954,0.001556,-0.018490,-0.159663,-0.059768,0.171483,1.333999,11.519367,4.312164,11.519367,99.472167,37.236444,4.312164,37.236444,13.939103,-0.000000,0.000000,114.745269,-0.018490,-0.159663,-0.059768,0.171483,1.351806,11.673135,4.369725,11.673135,100.799989,37.733501,4.369725,37.733501,14.125171,-0.000000,0.000000,116.276966,0.017722,0.106836,0.060795,0.016455,0.103733,0.056595,0.001266,0.003102,0.004200,-0.056048,-0.426460,-0.083477,0.438153,1.786219,13.591086,2.660380,13.591086,103.412638,20.242452,2.660380,20.242452,3.962348,-0.000000,0.000000,109.161205,-0.056048,-0.426460,-0.083477,0.438153,1.925529,14.651076,2.867867,14.651076,111.477955,21.821193,2.867867,21.821193,4.271378,-0.000000,0.000000,117.674862,0.041504,0.094626,0.077591,0.040951,0.094094,0.076850,0.000554,0.000532,0.000742,-0.019012,-0.047144,-0.047487,0.069563,6.588486,16.337773,16.456418,16.337773,40.513530,40.807741,16.456418,40.807741,41.104088,0.000000,0.000000,88.206104,-0.019012,-0.047144,-0.047487,0.069563,6.617992,16.410941,16.530117,16.410941,40.694968,40.990496,16.530117,40.990496,41.288171,-0.000000,0.000000,88.601131
1.7727,baseline,0.139,20.0000,4.204641,-1.230253,-1.492563,-0.176408,-0.079767,1.144350,-1.796292,0.941864,-2.489651,1.288544,-2.337787,0.800738,-1.777884,0.000334,0.023985,0.023981,0.023981,-0.025662,0.023981,0.023981,0.023981,0.023981,0.044425,-0.242948,0.023981,0.023981,1.561902,-0.696632,1.233523,0.152866,0.002659,0.000000,-0.002659,-0.003988,0.695765,0.823987,0.823987,0.572653,1.104548,1.104548,0.783435,1.072379,1.072379,0.486849,0.919278,0.919278,-0.006922,0.087346,-0.006732,0.003613,0.061050,-0.009209,-0.010535,0.026296,0.002477,-0.011956,0.069973,-0.067708,0.098099,0.486261,-2.845756,2.753643,-2.845756,16.654270,-16.115195,2.753643,-16.115195,15.593569,-0.000000,-0.000000,32.734101,-0.011956,0.069973,-0.067708,0.098099,0.354996,-2.077548,2.010301,-2.077548,12.158474,-11.764922,2.010301,-11.764922,11.384108,-0.000000,0.000000,23.897578,-0.017709,0.118659,0.082628,-0.017082,0.116515,0.078226,-0.000627,0.002144,0.004402,-0.013198,-0.258775,-0.276058,0.378612,0.119447,2.342001,2.498418,2.342001,45.919572,48.986428,2.498418,48.986428,52.258112,0.000000,0.000000,98.297131,-0.013198,-0.258775,-0.276058,0.378612,0.122115,2.394311,2.554221,2.394311,46.945204,50.080559,2.554221,50.080559,53.425317,-0.000000,0.000000,100.492636,0.002027,0.111719,0.078149,0.001881,0.109766,0.076593,0.000146,0.001954,0.001556,-0.018490,-0.159663,-0.059768,0.171483,1.333999,11.519367,4.312164,11.519367,99.472167,37.236444,4.312164,37.236444,13.939103,-0.000000,0.000000,114.745269,-0.018490,-0.159663,-0.059768,0.171483,1.351806,11.673135,4.369725,11.673135,100.799989,37.733501,4.369725,37.733501,14.125171,-0.000000,0.000000,116.276966,0.017659,0.106715,0.060580,0.016455,0.103733,0.056595,0.001204,0.002982,0.003984,-0.052801,-0.406595,-0.077277,0.417228,1.747731,13.458350,2.557882,13.458350,103.635635,19.696893,2.557882,19.696893,3.743573,-0.000000,0.000000,109.126940,-0.052801,-0.406595,-0.077277,0.417228,1.877802,14.459963,2.748247,14.459963,111.348530,21.162799,2.748247,21.162799,4.022182,-0.000000,-0.000000,117.248515,0.041504,0.094626,0.077591,0.040951,0.094094,0.076850,0.000554,0.000532,0.000742,-0.019011,-0.047144,-0.047486,0.069562,6.588486,16.337773,16.456418,16.337773,40.513530,40.807741,16.456418,40.807741,41.104088,-0.000000,0.000000,88.206104,-0.019011,-0.047144,-0.047486,0.069562,6.617991,16.410938,16.530115,16.410938,40.694962,40.990491,16.530115,40.990491,41.288165,0.000000,0.000000,88.601118
1.8151,baseline,0.139,20.0000,4.204641,-1.230253,-1.492563,-0.176408,-0.081301,1.144350,-1.796292,0.941864,-2.489651,1.296214,-2.331651,0.800738,-1.777884,0.000076,0.023982,0.023981,0.023981,-0.008269,0.023981,0.023981,0.023981,0.023981,0.192871,0.042432,0.023981,0.023981,1.561902,-0.696632,1.233523,0.152866,0.002710,0.000000,-0.002710,-0.004065,0.695765,0.823987,0.823987,0.572653,1.104548,1.104548,0.788098,1.069565,1.069565,0.486849,0.919278,0.919278,-0.006922,0.087346,-0.006732,0.003613,0.061050,-0.009209,-0.010535,0.026296,0.002477,-0.011956,0.069973,-0.067708,0.098099,0.486261,-2.845756,2.753643,-2.845756,16.654270,-16.115195,2.753643,-16.115195,15.593569,-0.000000,-0.000000,32.734101,-0.011956,0.069973,-0.067708,0.098099,0.354996,-2.077548,2.010301,-2.077548,12.158474,-11.764922,2.010301,-11.764922,11.384108,-0.000000,0.000000,23.897578,-0.017707,0.118659,0.082628,-0.017082,0.116515,0.078226,-0.000626,0.002144,0.004403,-0.013215,-0.258765,-0.276051,0.378600,0.119760,2.345049,2.501701,2.345049,45.918796,48.986231,2.501701,48.986231,52.258575,-0.000000,0.000000,98.297131,-0.013215,-0.258765,-0.276051,0.378600,0.122435,2.397424,2.557575,2.397424,46.944364,50.080308,2.557575,50.080308,53.425737,-0.000000,0.000000,100.492536,0.002027,0.111719,0.078149,0.001881,0.109766,0.076593,0.000146,0.001954,0.001556,-0.018490,-0.159663,-0.059768,0.171483,1.333999,11.519367,4.312164,11.519367,99.472167,37.236444,4.312164,37.236444,13.939103,-0.000000,0.000000,114.745269,-0.018490,-0.159663,-0.059768,0.171483,1.351806,11.673135,4.369725,11.673135,100.799989,37.733501,4.369725,37.733501,14.125171,-0.000000,0.000000,116.276966,0.017607,0.106776,0.060376,0.016455,0.103733,0.056595,0.001152,0.003042,0.003780,-0.051292,-0.394241,-0.075318,0.404636,1.754583,13.486009,2.576439,13.486009,103.655669,19.802934,2.576439,19.802934,3.783258,-0.000000,0.000000,109.193510,-0.051292,-0.394241,-0.075318,0.404636,1.875294,14.413816,2.753693,14.413816,110.786948,21.165332,2.753693,21.165332,4.043538,-0.000000,0.000000,116.705780,0.041502,0.094625,0.077592,0.040951,0.094094,0.076850,0.000551,0.000531,0.000742,-0.018993,-0.047109,-0.047454,0.069512,6.585495,16.333918,16.453427,16.333918,40.512802,40.809220,16.453427,40.809220,41.107807,-0.000000,0.000000,88.206104,-0.018993,-0.047109,-0.047454,0.069512,6.614944,16.406958,16.527002,16.406958,40.693962,40.991706,16.527002,40.991706,41.291628,-0.000000,0.000000,88.600534
1.8575,baseline,0.139,20.0000,4.204641,-1.230253,-1.492563,-0.176408,-0.075165,1.144350,-1.796292,0.941864,-2.489651,1.290078,-2.330117,0.800738,-1.777884,0.000017,0.023981,0.023981,0.023981,0.038390,0.023981,0.023981,0.023981,0.023981,0.001163,0.099868,0.023981,0.023981,1.561902,-0.696632,1.233523,0.152866,0.002506,0.000000,-0.002506,-0.003758,0.695765,0.823987,0.823987,0.572653,1.104548,1.104548,0.784367,1.068861,1.068861,0.486849,0.919278,0.919278,-0.006922,0.087346,-0.006732,0.003613,0.061050,-0.009209,-0.010535,0.026296,0.002477,-0.011956,0.069973,-0.067708,0.098099,0.486261,-2.845756,2.753643,-2.845756,16.654270,-16.115195,2.753643,-16.115195,15.593569,-0.000000,-0.000000,32.734101,-0.011956,0.069973,-0.067708,0.098099,0.354996,-2.077548,2.010301,-2.077548,12.158474,-11.764922,2.010301,-11.764922,11.384108,-0.000000,0.000000,23.897578,-0.017714,0.118660,0.082628,-0.017082,0.116515,0.078226,-0.000632,0.002145,0.004402,-0.013148,-0.258807,-0.276082,0.378649,0.118510,2.332857,2.488567,2.332857,45.921899,48.987018,2.488567,48.987018,52.256722,-0.000000,0.000000,98.297131,-0.013148,-0.258807,-0.276082,0.378649,0.121158,2.384970,2.544158,2.384970,46.947723,50.081312,2.544158,50.081312,53.424056,0.000000,0.000000,100.492937,0.002027,0.111719,0.078149,0.001881,0.109766,0.076593,0.000146,0.001954,0.001556,-0.018490,-0.159663,-0.059768,0.171483,1.333999,11.519367,4.312164,11.519367,99.472167,37.236444,4.312164,37.236444,13.939103,-0.000000,0.000000,114.745269,-0.018490,-0.159663,-0.059768,0.171483,1.351806,11.673135,4.369725,11.673135,100.799989,37.733501,4.369725,37.733501,14.125171,-0.000000,0.000000,116.276966,0.017681,0.106878,0.060628,0.016455,0.103733,0.056595,0.001226,0.003144,0.004033,-0.054775,-0.416084,-0.081643,0.427541,1.792546,13.616545,2.671790,13.616545,103.434064,20.295461,2.671790,20.295461,3.982303,-0.000000,0.000000,109.208912,-0.054775,-0.416084,-0.081643,0.427541,1.924282,14.617238,2.868142,14.617238,111.035534,21.786994,2.868142,21.786994,4.274966,-0.000000,-0.000000,117.234782,0.041512,0.094627,0.077589,0.040951,0.094094,0.076850,0.000561,0.000533,0.000739,-0.019065,-0.047246,-0.047582,0.069712,6.597460,16.349337,16.465387,16.349337,40.515713,40.803301,16.465387,40.803301,41.092930,-0.000000,0.000000,88.206104,-0.019065,-0.047246,-0.047582,0.069712,6.627135,16.422875,16.539448,16.422875,40.697951,40.986832,16.539448,40.986832,41.277764,-0.000000,0.000000,88.602850
1.8999,baseline,0.139,20.0000,4.204641,-1.230253,-1.492563,-0.176408,-0.073631,1.144350,-1.796292,0.941864,-2.489651,1.290078,-2.328583,0.800738,-1.777884,0.000004,0.023981,0.023981,0.023981,0.100462,0.023981,0.023981,0.023981,0.023981,-0.082345,0.054999,0.023981,0.023981,1.561902,-0.696632,1.233523,0.152866,0.002454,0.000000,-0.002454,-0.003682,0.695765,0.823987,0.823987,0.572653,1.104548,1.104548,0.784367,1.068157,1.068157,0.486849,0.919278,0.919278,-0.006922,0.087346,-0.006732,0.003613,0.061050,-0.009209,-0.010535,0.026296,0.002477,-0.011956,0.069973,-0.067708,0.098099,0.486261,-2.845756,2.753643,-2.845756,16.654270,-16.115195,2.753643,-16.115195,15.593569,-0.000000,-0.000000,32.734101,-0.011956,0.069973,-0.067708,0.098099,0.354996,-2.077548,2.010301,-2.077548,12.158474,-11.764922,2.010301,-11.764922,11.384108,-0.000000,0.000000,23.897578,-0.017716,0.118660,0.082628,-0.017082,0.116515,0.078226,-0.000634,0.002145,0.004402,-0.013131,-0.258818,-0.276090,0.378662,0.118199,2.329809,2.485284,2.329809,45.922675,48.987214,2.485284,48.987214,52.256258,-0.000000,0.000000,98.297131,-0.013131,-0.258818,-0.276090,0.378662,0.120839,2.381856,2.540804,2.381856,46.948563,50.081563,2.540804,50.081563,53.423635,-0.000000,0.000000,100.493038,0.002027,0.111719,0.078149,0.001881,0.109766,0.076593,0.000146,0.001954,0.001556,-0.018490,-0.159663,-0.059768,0.171483,1.333999,11.519367,4.312164,11.519367,99.472167,37.236444,4.312164,37.236444,13.939103,-0.000000,0.000000,114.745269,-0.018490,-0.159663,-0.059768,0.171483,1.351806,11.673135,4.369725,11.673135,100.799989,37.733501,4.369725,37.733501,14.125171,-0.000000,0.000000,116.276966,0.017689,0.106913,0.060649,0.016455,0.103733,0.056595,0.001234,0.003180,0.004054,-0.055325,-0.418925,-0.082794,0.430597,1.803118,13.653244,2.698367,13.653244,103.382607,20.432082,2.698367,20.432082,4.038107,-0.000000,0.000000,109.223832,-0.055325,-0.418925,-0.082794,0.430597,1.935709,14.657225,2.896789,14.657225,110.984767,21.934540,2.896789,21.934540,4.335046,-0.000000,0.000000,117.255521,0.041514,0.094627,0.077588,0.040951,0.094094,0.076850,0.000564,0.000533,0.000739,-0.019083,-0.047280,-0.047614,0.069761,6.600453,16.353191,16.468376,16.353191,40.516441,40.801821,16.468376,40.801821,41.089210,-0.000000,0.000000,88.206104,-0.019083,-0.047280,-0.047614,0.069761,6.630185,16.426854,16.542558,16.426854,40.698947,40.985612,16.542558,40.985612,41.274296,-0.000000,-0.000000,88.603428
1.9424,baseline,0.139,20.0000,4.204641,-1.230253,-1.492563,-0.176408,-0.078233,1.144350,-1.796292,0.941864,-2.489651,1.288544,-2.325515,0.800738,-1.777884,0.000001,0.023981,0.023981,0.023981,-0.013908,0.023981,0.023981,0.023981,0.023981,0.021978,0.064317,0.023981,0.023981,1.561902,-0.696632,1.233523,0.152866,0.002608,0.000000,-0.002608,-0.003912,0.695765,0.823987,0.823987,0.572653,1.104548,1.104548,0.783435,1.066750,1.066750,0.486849,0.919278,0.919278,-0.006922,0.087346,-0.006732,0.003613,0.061050,-0.009209,-0.010535,0.026296,0.002477,-0.011956,0.069973,-0.067708,0.098099,0.486261,-2.845756,2.753643,-2.845756,16.654270,-16.115195,2.753643,-16.115195,15.593569,-0.000000,-0.000000,32.734101,-0.011956,0.069973,-0.067708,0.098099,0.354996,-2.077548,2.010301,-2.077548,12.158474,-11.764922,2.010301,-11.764922,11.384108,-0.000000,0.000000,23.897578,-0.017711,0.118660,0.082628,-0.017082,0.116515,0.078226,-0.000629,0.002144,0.004402,-0.013181,-0.258786,-0.276066,0.378624,0.119135,2.338953,2.495134,2.338953,45.920348,48.986625,2.495134,48.986625,52.257649,-0.000000,0.000000,98.297131,-0.013181,-0.258786,-0.276066,0.378624,0.121796,2.391197,2.550866,2.391197,46.946044,50.080810,2.550866,50.080810,53.424897,-0.000000,0.000000,100.492736,0.002027,0.111719,0.078149,0.001881,0.109766,0.076593,0.000146,0.001954,0.001556,-0.018490,-0.159663,-0.059768,0.171483,1.333999,11.519367,4.312164,11.519367,99.472167,37.236444,4.312164,37.236444,13.939103,-0.000000,0.000000,114.745269,-0.018490,-0.159663,-0.059768,0.171483,1.351806,11.673135,4.369725,11.673135,100.799989,37.733501,4.369725,37.733501,14.125171,-0.000000,0.000000,116.276966,0.017717,0.107001,0.060750,0.016455,0.103733,0.056595,0.001262,0.003268,0.004155,-0.057102,-0.429234,-0.086477,0.441566,1.826984,13.733483,2.766868,13.733483,103.234954,20.798623,2.766868,20.798623,4.190274,-0.000000,0.000000,109.252211,-0.057102,-0.429234,-0.086477,0.441566,1.963533,14.759930,2.973665,14.759930,110.950779,22.353121,2.973665,22.353121,4.503457,-0.000000,0.000000,117.417769,0.041507,0.094626,0.077591,0.040951,0.094094,0.076850,0.000556,0.000532,0.000741,-0.019030,-0.047179,-0.047519,0.069613,6.591477,16.341627,16.459408,16.341627,40.514258,40.806261,16.459408,40.806261,41.100369,-0.000000,0.000000,88.206104,-0.019030,-0.047179,-0.047519,0.069613,6.621039,16.414919,16.533229,16.414919,40.695964,40.989277,16.533229,40.989277,41.284704,-0.000000,0.000000,88.601707
1.9848,baseline,0.139,20.0000,4.204641,-1.230253,-1.492563,-0.176408,-0.078233,1.144350,-1.796292,0.941864,-2.489651,1.290078,-2.320913,0.800738,-1.777884,0.000000,0.023981,0.023981,0.023981,-0.045999,0.023981,0.023981,0.023981,0.023981,0.026031,0.105459,0.023981,0.023981,1.561902,-0.696632,1.233523,0.152866,0.002608,0.000000,-0.002608,-0.003912,0.695765,0.823987,0.823987,0.572653,1.104548,1.104548,0.784367,1.064639,1.064639,0.486849,0.919278,0.919278,-0.006922,0.087346,-0.006732,0.003613,0.061050,-0.009209,-0.010535,0.026296,0.002477,-0.011956,0.069973,-0.067708,0.098099,0.486261,-2.845756,2.753643,-2.845756,16.654270,-16.115195,2.753643,-16.115195,15.593569,-0.000000,-0.000000,32.734101,-0.011956,0.069973,-0.067708,0.098099,0.354996,-2.077548,2.010301,-2.077548,12.158474,-11.764922,2.010301,-11.764922,11.384108,-0.000000,0.000000,23.897578,-0.017711,0.118660,0.082628,-0.017082,0.116515,0.078226,-0.000629,0.002144,0.004402,-0.013181,-0.258786,-0.276066,0.378624,0.119135,2.338953,2.495134,2.338953,45.920348,48.986625,2.495134,48.986625,52.257649,-0.000000,0.000000,98.297131,-0.013181,-0.258786,-0.276066,0.378624,0.121796,2.391197,2.550866,2.391197,46.946044,50.080810,2.550866,50.080810,53.424897,-0.000000,0.000000,100.492736,0.002027,0.111719,0.078149,0.001881,0.109766,0.076593,0.000146,0.001954,0.001556,-0.018490,-0.159663,-0.059768,0.171483,1.333999,11.519367,4.312164,11.519367,99.472167,37.236444,4.312164,37.236444,13.939103,-0.000000,0.000000,114.745269,-0.018490,-0.159663,-0.059768,0.171483,1.351806,11.673135,4.369725,11.673135,100.799989,37.733501,4.369725,37.733501,14.125171,-0.000000,0.000000,116.276966,0.017722,0.107091,0.060756,0.016455,0.103733,0.056595,0.001267,0.003358,0.004161,-0.057992,-0.432929,-0.088671,0.445705,1.850247,13.812632,2.829042,13.812632,103.115291,21.119618,2.829042,21.119618,4.325627,0.000000,0.000000,109.291165,-0.057992,-0.432929,-0.088671,0.445705,1.986590,14.830469,3.037511,14.830469,110.713739,22.675898,3.037511,22.675898,4.644377,-0.000000,0.000000,117.344706,0.041507,0.094626,0.077591,0.040951,0.094094,0.076850,0.000556,0.000532,0.000741,-0.019030,-0.047179,-0.047519,0.069613,6.591477,16.341627,16.459408,16.341627,40.514258,40.806261,16.459408,40.806261,41.100369,-0.000000,0.000000,88.206104,-0.019030,-0.047179,-0.047519,0.069613,6.621040,16.414920,16.533229,16.414920,40.695965,40.989278,16.533229,40.989278,41.284705,-0.000000,0.000000,88.601709
2.0121,ramp,0.139,24.8903,4.204641,-1.230253,-1.492563,-0.176408,-0.079767,1.144350,-1.796292,0.941864,-2.489651,1.293146,-2.316311,0.800738,-1.777884,0.000000,0.023981,0.023981,0.023981,-0.011117,0.023981,0.023981,0.023981,0.023981,0.049488,0.124128,0.023981,0.023981,1.561902,-0.696632,1.233523,0.152866,0.002659,0.000000,-0.002659,-0.003988,0.695765,0.823987,0.823987,0.572653,1.104548,1.104548,0.786233,1.062528,1.062528,0.486849,0.919278,0.919278,-0.006922,0.087346,-0.006732,0.003613,0.061050,-0.009209,-0.010535,0.026296,0.002477,-0.006894,0.040345,-0.039039,0.056562,0.574150,-3.360111,3.251349,-3.360111,19.664437,-19.027927,3.251349,-19.027927,18.412020,-0.000000,-0.000000,38.650607,-0.006894,0.040345,-0.039039,0.056562,0.419564,-2.455420,2.375941,-2.455420,14.369897,-13.904764,2.375941,-13.904764,13.454686,0.000000,0.000000,28.244147,-0.017709,0.118659,0.082628,-0.017082,0.116515,0.078226,-0.000627,0.002144,0.004402,-0.013198,-0.258775,-0.276058,0.378612,0.119447,2.342001,2.498418,2.342001,45.919572,48.986428,2.498418,48.986428,52.258112,-0.000000,0.000000,98.297131,-0.013198,-0.258775,-0.276058,0.378612,0.122115,2.394311,2.554221,2.394311,46.945204,50.080559,2.554221,50.080559,53.425317,-0.000000,0.000000,100.492636,0.002027,0.111719,0.078149,0.001881,0.109766,0.076593,0.000146,0.001954,0.001556,-0.018490,-0.159663,-0.059768,0.171483,1.333999,11.519367,4.312164,11.519367,99.472167,37.236444,4.312164,37.236444,13.939103,-0.000000,0.000000,114.745269,-0.018490,-0.159663,-0.059768,0.171483,1.351806,11.673135,4.369725,11.673135,100.799989,37.733501,4.369725,37.733501,14.125171,-0.000000,0.000000,116.276966,0.017710,0.107165,0.060705,0.016455,0.103733,0.056595,0.001255,0.003432,0.004110,-0.058121,-0.431847,-0.089490,0.444836,1.866344,13.867175,2.873631,13.867175,103.034918,21.351450,2.873631,21.351450,4.424562,-0.000000,0.000000,109.325824,-0.058121,-0.431847,-0.089490,0.444836,1.999780,14.858629,3.079085,14.858629,110.401547,22.878003,3.079085,22.878003,4.740903,-0.000000,0.000000,117.142230,0.041504,0.094626,0.077591,0.040951,0.094094,0.076850,0.000554,0.000532,0.000742,-0.019012,-0.047144,-0.047487,0.069563,6.588486,16.337773,16.456418,16.337773,40.513530,40.807741,16.456418,40.807741,41.104088,-0.000000,0.000000,88.206104,-0.019012,-0.047144,-0.047487,0.069563,6.617992,16.410941,16.530118,16.410941,40.694969,40.990497,16.530118,40.990497,41.288172,-0.000000,0.000000,88.601133
2.0303,ramp,0.139,35.3743,4.204641,-1.230253,-1.492563,-0.176408,-0.079767,1.144350,-1.796292,0.941864,-2.489651,1.293146,-2.314777,0.800738,-1.777884,0.000000,0.023981,0.023981,0.023981,-0.014986,0.023981,0.023981,0.023981,0.023981,0.064747,0.133385,0.023981,0.023981,1.561902,-0.696632,1.233523,0.152866,0.002659,0.000000,-0.002659,-0.003988,0.695765,0.823987,0.823987,0.572653,1.104548,1.104548,0.786233,1.061824,1.061824,0.486849,0.919278,0.919278,-0.006922,0.087346,-0.006732,0.003613,0.061050,-0.009209,-0.010535,0.026296,0.002477,0.003960,-0.023173,0.022423,0.032487,0.762569,-4.462796,4.318342,-4.462796,26.117704,-25.272311,4.318342,-25.272311,24.454283,0.000000,0.000000,51.334556,0.003960,-0.023173,0.022423,0.032487,0.557986,-3.265509,3.159809,-3.265509,19.110798,-18.492209,3.159809,-18.492209,17.893642,-0.000000,0.000000,37.562425,-0.017709,0.118659,0.082628,-0.017082,0.116515,0.078226,-0.000627,0.002144,0.004402,-0.013198,-0.258775,-0.276058,0.378612,0.119447,2.342001,2.498418,2.342001,45.919572,48.986428,2.498418,48.986428,52.258112,-0.000000,0.000000,98.297131,-0.013198,-0.258775,-0.276058,0.378612,0.122115,2.394311,2.554221,2.394311,46.945204,50.080559,2.554221,50.080559,53.425317,-0.000000,0.000000,100.492636,0.002027,0.111719,0.078149,0.001881,0.109766,0.076593,0.000146,0.001954,0.001556,-0.018490,-0.159663,-0.059768,0.171483,1.333999,11.519367,4.312164,11.519367,99.472167,37.236444,4.312164,37.236444,13.939103,-0.000000,0.000000,114.745269,-0.018490,-0.159663,-0.059768,0.171483,1.351806,11.673135,4.369725,11.673135,100.799989,37.733501,4.369725,37.733501,14.125171,-0.000000,0.000000,116.276966,0.017717,0.107201,0.060727,0.016455,0.103733,0.056595,0.001262,0.003468,0.004131,-0.058669,-0.434638,-0.090692,0.447858,1.876267,13.900061,2.900392,13.900061,102.976647,21.487146,2.900392,21.487146,4.483516,-0.000000,-0.000000,109.336431,-0.058669,-0.434638,-0.090692,0.447858,2.010466,14.894254,3.107841,14.894254,110.341990,23.024002,3.107841,23.024002,4.804197,-0.000000,0.000000,117.156653,0.041504,0.094626,0.077591,0.040951,0.094094,0.076850,0.000554,0.000532,0.000742,-0.019012,-0.047145,-0.047487,0.069563,6.588486,16.337773,16.456418,16.337773,40.513530,40.807741,16.456418,40.807741,41.104088,-0.000000,0.000000,88.206104,-0.019012,-0.047145,-0.047487,0.069563,6.617992,16.410941,16.530118,16.410941,40.694970,40.990498,16.530118,40.990498,41.288172,-0.000000,0.000000,88.601134
2.0484,ramp,0.139,45.8114,4.204641,-1.230253,-1.492563,-0.176408,-0.078233,1.144350,-1.796292,0.941864,-2.489651,1.293146,-2.311709,0.800738,-1.777884,0.000000,0.023981,0.023981,0.023981,0.001729,0.023981,0.023981,0.023981,0.023981,0.049017,0.138863,0.023981,0.023981,1.561902,-0.696632,1.233523,0.152866,0.002608,0.000000,-0.002608,-0.003912,0.695765,0.823987,0.823987,0.572653,1.104548,1.104548,0.786233,1.060417,1.060417,0.486849,0.919278,0.919278,-0.006922,0.087346,-0.006732,0.003613,0.061050,-0.009209,-0.010535,0.026296,0.002477,0.014764,-0.086407,0.083610,0.121139,0.950146,-5.560557,5.380569,-5.560557,32.542148,-31.488806,5.380569,-31.488806,30.469558,-0.000000,0.000000,63.961852,0.014764,-0.086407,0.083610,0.121139,0.695789,-4.071980,3.940176,-4.071980,23.830524,-23.059164,3.940176,-23.059164,22.312772,-0.000000,-0.000000,46.839085,-0.017711,0.118660,0.082628,-0.017082,0.116515,0.078226,-0.000629,0.002144,0.004402,-0.013181,-0.258786,-0.276066,0.378624,0.119135,2.338953,2.495134,2.338953,45.920348,48.986625,2.495134,48.986625,52.257649,-0.000000,0.000000,98.297131,-0.013181,-0.258786,-0.276066,0.378624,0.121796,2.391197,2.550866,2.391197,46.946043,50.080810,2.550866,50.080810,53.424897,0.000000,0.000000,100.492736,0.002027,0.111719,0.078149,0.001881,0.109766,0.076593,0.000146,0.001954,0.001556,-0.018490,-0.159663,-0.059768,0.171483,1.333999,11.519367,4.312164,11.519367,99.472167,37.236444,4.312164,37.236444,13.939103,-0.000000,0.000000,114.745269,-0.018490,-0.159663,-0.059768,0.171483,1.351806,11.673135,4.369725,11.673135,100.799989,37.733501,4.369725,37.733501,14.125171,-0.000000,0.000000,116.276966,0.017732,0.107272,0.060770,0.016455,0.103733,0.056595,0.001277,0.003539,0.004175,-0.059784,-0.440225,-0.093118,0.453920,1.896931,13.968286,2.954631,13.968286,102.857216,21.756792,2.954631,21.756792,4.602088,-0.000000,0.000000,109.356235,-0.059784,-0.440225,-0.093118,0.453920,2.032712,14.968130,3.166122,14.968130,110.219690,23.314134,3.166122,23.314134,4.931504,-0.000000,0.000000,117.183906,0.041507,0.094626,0.077591,0.040951,0.094094,0.076850,0.000556,0.000532,0.000741,-0.019030,-0.047179,-0.047519,0.069613,6.591477,16.341627,16.459408,16.341627,40.514258,40.806261,16.459408,40.806261,41.100369,-0.000000,0.000000,88.206104,-0.019030,-0.047179,-0.047519,0.069613,6.621040,16.414921,16.533230,16.414921,40.695967,40.989280,16.533230,40.989280,41.284707,-0.000000,0.000000,88.601713
2.0666,ramp,0.139,56.3032,4.204641,-1.230253,-1.492563,-0.176408,-0.076699,1.144350,-1.796292,0.941864,-2.489651,1.291612,-2.308641,0.800738,-1.777884,0.000000,0.023981,0.023981,0.023981,0.027948,0.023981,0.023981,0.023981,0.023981,0.017803,0.141216,0.023981,0.023981,1.561902,-0.696632,1.233523,0.152866,0.002557,0.000000,-0.002557,-0.003835,0.695765,0.823987,0.823987,0.572653,1.104548,1.104548,0.785300,1.059010,1.059010,0.486849,0.919278,0.919278,-0.006922,0.087346,-0.006732,0.003613,0.061050,-0.009209,-0.010535,0.026296,0.002477,0.025626,-0.149971,0.145117,0.210255,1.138705,-6.664066,6.448359,-6.664066,39.000233,-37.737852,6.448359,-37.737852,36.516331,-0.000000,0.000000,76.655270,0.025626,-0.149971,0.145117,0.210255,0.834315,-4.882674,4.724629,-4.882674,28.574964,-27.650034,4.724629,-27.650034,26.755042,0.000000,0.000000,56.164320,-0.017712,0.118660,0.082628,-0.017082,0.116515,0.078226,-0.000631,0.002144,0.004402,-0.013164,-0.258797,-0.276074,0.378637,0.118822,2.335905,2.491851,2.335905,45.921124,48.986821,2.491851,48.986821,52.257185,0.000000,0.000000,98.297131,-0.013164,-0.258797,-0.276074,0.378637,0.121476,2.388084,2.547512,2.388084,46.946883,50.081061,2.547512,50.081061,53.424476,-0.000000,0.000000,100.492836,0.002027,0.111719,0.078149,0.001881,0.109766,0.076593,0.000146,0.001954,0.001556,-0.018490,-0.159663,-0.059768,0.171483,1.333999,11.519367,4.312164,11.519367,99.472167,37.236444,4.312164,37.236444,13.939103,-0.000000,0.000000,114.745269,-0.018490,-0.159663,-0.059768,0.171483,1.351806,11.673135,4.369725,11.673135,100.799989,37.733501,4.369725,37.733501,14.125171,-0.000000,0.000000,116.276966,0.017764,0.107359,0.060872,0.016455,0.103733,0.056595,0.001309,0.003626,0.004276,-0.061670,-0.450518,-0.097017,0.464954,1.924191,14.056715,3.027055,14.056715,102.687952,22.113419,3.027055,22.113419,4.762032,0.000000,0.000000,109.374175,-0.061670,-0.450518,-0.097017,0.464954,2.064177,15.079347,3.247274,15.079347,110.158545,23.722180,3.247274,23.722180,5.108472,-0.000000,0.000000,117.331193,0.041509,0.094626,0.077590,0.040951,0.094094,0.076850,0.000559,0.000533,0.000740,-0.019048,-0.047213,-0.047551,0.069664,6.594468,16.345482,16.462398,16.345482,40.514986,40.804782,16.462398,40.804782,41.096650,0.000000,0.000000,88.206104,-0.019048,-0.047213,-0.047551,0.069664,6.624088,16.418900,16.536342,16.418900,40.696965,40.988062,16.536342,40.988062,41.281242,-0.000000,0.000000,88.602295
2.0848,ramp,0.139,66.7748,4.204641,-1.230253,-1.492563,-0.176408,-0.075165,1.144350,-1.796292,0.941864,-2.489651,1.290078,-2.307107,0.800738,-1.777884,0.000000,0.023981,0.023981,0.023981,0.053950,0.023981,0.023981,0.023981,0.023981,-0.010672,0.140718,0.023981,0.023981,1.561902,-0.696632,1.233523,0.152866,0.002506,0.000000,-0.002506,-0.003758,0.695765,0.823987,0.823987,0.572653,1.104548,1.104548,0.784367,1.058306,1.058306,0.486849,0.919278,0.919278,-0.006922,0.087346,-0.006732,0.003613,0.061050,-0.009209,-0.010535,0.026296,0.002477,0.036467,-0.213414,0.206506,0.299199,1.326902,-7.765451,7.514095,-7.765451,45.445893,-43.974875,7.514095,-43.974875,42.551471,0.000000,0.000000,89.324266,0.036467,-0.213414,0.206506,0.299199,0.972573,-5.691809,5.507573,-5.691809,33.310277,-32.232071,5.507573,-32.232071,31.188765,-0.000000,0.000000,65.471614,-0.017714,0.118660,0.082628,-0.017082,0.116515,0.078226,-0.000632,0.002145,0.004402,-0.013148,-0.258807,-0.276082,0.378649,0.118510,2.332857,2.488567,2.332857,45.921899,48.987018,2.488567,48.987018,52.256722,-0.000000,0.000000,98.297131,-0.013148,-0.258807,-0.276082,0.378649,0.121158,2.384970,2.544158,2.384970,46.947723,50.081312,2.544158,50.081312,53.424056,-0.000000,0.000000,100.492937,0.002027,0.111719,0.078149,0.001881,0.109766,0.076593,0.000146,0.001954,0.001556,-0.018490,-0.159663,-0.059768,0.171483,1.333999,11.519367,4.312164,11.519367,99.472167,37.236444,4.312164,37.236444,13.939103,-0.000000,0.000000,114.745269,-0.018490,-0.159663,-0.059768,0.171483,1.351806,11.673135,4.369725,11.673135,100.799989,37.733501,4.369725,37.733501,14.125171,-0.000000,0.000000,116.276966,0.017788,0.107411,0.060952,0.016455,0.103733,0.056595,0.001333,0.003678,0.004356,-0.063014,-0.458024,-0.099727,0.472971,1.941545,14.112395,3.072723,14.112395,102.577961,22.334524,3.072723,22.334524,4.862945,-0.000000,0.000000,109.382450,-0.063014,-0.458024,-0.099727,0.472971,2.085008,15.155177,3.299770,15.155177,110.157569,23.984849,3.299770,23.984849,5.222274,-0.000000,0.000000,117.464850,0.041512,0.094627,0.077589,0.040951,0.094094,0.076850,0.000561,0.000533,0.000739,-0.019066,-0.047248,-0.047583,0.069714,6.597460,16.349337,16.465387,16.349337,40.515714,40.803301,16.465387,40.803301,41.092930,0.000000,0.000000,88.206104,-0.019066,-0.047248,-0.047583,0.069714,6.627137,16.422880,16.539453,16.422880,40.697963,40.986844,16.539453,40.986844,41.277776,-0.000000,0.000000,88.602876
2.1030,ramp,0.139,77.2564,4.204641,-1.230253,-1.492563,-0.176408,-0.075165,1.144350,-1.796292,0.941864,-2.489651,1.291612,-2.304039,0.800738,-1.777884,0.000000,0.023981,0.023981,0.023981,0.069060,0.023981,0.023981,0.023981,0.023981,-0.017089,0.142202,0.023981,0.023981,1.561902,-0.696632,1.233523,0.152866,0.002506,0.000000,-0.002506,-0.003758,0.695765,0.823987,0.823987,0.572653,1.104548,1.104548,0.785300,1.056899,1.056899,0.486849,0.919278,0.919278,-0.006922,0.087346,-0.006732,0.003613,0.061050,-0.009209,-0.010535,0.026296,0.002477,0.047318,-0.276917,0.267954,0.388229,1.515278,-8.867891,8.580850,-8.867891,51.897724,-50.217869,8.580850,-50.217869,48.592388,-0.000000,0.000000,102.005390,0.047318,-0.276917,0.267954,0.388229,1.110964,-6.501718,6.291266,-6.501718,38.050122,-36.818494,6.291266,-36.818494,35.626732,0.000000,0.000000,74.787818,-0.017714,0.118660,0.082628,-0.017082,0.116515,0.078226,-0.000632,0.002145,0.004402,-0.013148,-0.258807,-0.276082,0.378649,0.118510,2.332857,2.488567,2.332857,45.921899,48.987018,2.488567,48.987018,52.256722,-0.000000,0.000000,98.297131,-0.013148,-0.258807,-0.276082,0.378649,0.121158,2.384970,2.544158,2.384970,46.947723,50.081312,2.544158,50.081312,53.424056,-0.000000,0.000000,100.492937,0.002027,0.111719,0.078149,0.001881,0.109766,0.076593,0.000146,0.001954,0.001556,-0.018490,-0.159663,-0.059768,0.171483,1.333999,11.519367,4.312164,11.519367,99.472167,37.236444,4.312164,37.236444,13.939103,-0.000000,0.000000,114.745269,-0.018490,-0.159663,-0.059768,0.171483,1.351806,11.673135,4.369725,11.673135,100.799989,37.733501,4.369725,37.733501,14.125171,-0.000000,0.000000,116.276966,0.017786,0.107465,0.060937,0.016455,0.103733,0.056595,0.001331,0.003732,0.004342,-0.063369,-0.458832,-0.100787,0.474026,1.955063,14.155850,3.109484,14.155850,102.496999,22.514563,3.109484,22.514563,4.945565,-0.000000,-0.000000,109.397627,-0.063369,-0.458832,-0.100787,0.474026,2.097394,15.186410,3.335857,15.186410,109.958877,24.153644,3.335857,24.153644,5.305607,-0.000000,-0.000000,117.361877,0.041512,0.094627,0.077589,0.040951,0.094094,0.076850,0.000561,0.000533,0.000739,-0.019066,-0.047248,-0.047583,0.069714,6.597460,16.349337,16.465387,16.349337,40.515714,40.803301,16.465387,40.803301,41.092930,0.000000,0.000000,88.206104,-0.019066,-0.047248,-0.047583,0.069714,6.627137,16.422880,16.539453,16.422880,40.697963,40.986844,16.539453,40.986844,41.277776,-0.000000,0.000000,88.602876
2.1212,ramp,0.139,87.7209,4.204641,-1.230253,-1.492563,-0.176408,-0.076699,1.144350,-1.796292,0.941864,-2.489651,1.297748,-2.300971,0.800738,-1.777884,0.000000,0.023981,0.023981,0.023981,0.047137,0.023981,0.023981,0.023981,0.023981,0.035242,0.150413,0.023981,0.023981,1.561902,-0.696632,1.233523,0.152866,0.002557,0.000000,-0.002557,-0.003835,0.695765,0.823987,0.823987,0.572653,1.104548,1.104548,0.789031,1.055491,1.055491,0.486849,0.919278,0.919278,-0.006922,0.087346,-0.006732,0.003613,0.061050,-0.009209,-0.010535,0.026296,0.002477,0.058151,-0.340317,0.329301,0.477112,1.703347,-9.968526,9.645859,-9.968526,58.338988,-56.450639,9.645859,-56.450639,54.623413,-0.000000,0.000000,114.665747,0.058151,-0.340317,0.329301,0.477112,1.249129,-7.310300,7.073676,-7.310300,42.782205,-41.397406,7.073676,-41.397406,40.057432,-0.000000,0.000000,84.088766,-0.017712,0.118660,0.082628,-0.017082,0.116515,0.078226,-0.000631,0.002144,0.004402,-0.013164,-0.258797,-0.276074,0.378637,0.118822,2.335905,2.491851,2.335905,45.921124,48.986821,2.491851,48.986821,52.257185,-0.000000,0.000000,98.297131,-0.013164,-0.258797,-0.276074,0.378637,0.121476,2.388084,2.547512,2.388084,46.946883,50.081061,2.547512,50.081061,53.424477,-0.000000,0.000000,100.492836,0.002027,0.111719,0.078149,0.001881,0.109766,0.076593,0.000146,0.001954,0.001556,-0.018490,-0.159663,-0.059768,0.171483,1.333999,11.519367,4.312164,11.519367,99.472167,37.236444,4.312164,37.236444,13.939103,-0.000000,0.000000,114.745269,-0.018490,-0.159663,-0.059768,0.171483,1.351806,11.673135,4.369725,11.673135,100.799989,37.733501,4.369725,37.733501,14.125171,-0.000000,0.000000,116.276966,0.017735,0.107471,0.060748,0.016455,0.103733,0.056595,0.001280,0.003738,0.004152,-0.061393,-0.445449,-0.097433,0.460094,1.948053,14.134538,3.091660,14.134538,102.556310,22.432233,3.091660,22.432233,4.906622,-0.000000,0.000000,109.410986,-0.061393,-0.445449,-0.097433,0.460094,2.081244,15.100931,3.303040,15.100931,109.568194,23.965949,3.303040,23.965949,5.242093,-0.000000,0.000000,116.891531,0.041509,0.094626,0.077590,0.040951,0.094094,0.076850,0.000559,0.000533,0.000740,-0.019048,-0.047213,-0.047551,0.069663,6.594468,16.345482,16.462398,16.345482,40.514986,40.804782,16.462398,40.804782,41.096650,-0.000000,0.000000,88.206104,-0.019048,-0.047213,-0.047551,0.069663,6.624088,16.418900,16.536341,16.418900,40.696963,40.988061,16.536341,40.988061,41.281240,0.000000,0.000000,88.602291
2.1393,ramp,0.139,98.1953,4.204641,-1.231787,-1.492563,-0.176408,-0.078233,1.144350,-1.796292,0.941864,-2.489651,1.303884,-2.299437,0.800738,-1.777884,0.000000,0.017026,0.023981,0.023981,0.004917,0.023981,0.023981,0.023981,0.023981,0.140141,0.147354,0.023981,0.023981,1.561902,-0.697501,1.233523,0.152866,0.002608,0.000000,-0.002608,-0.003912,0.695765,0.823987,0.823987,0.572653,1.104548,1.104548,0.792761,1.054788,1.054788,0.486849,0.919278,0.919278,-0.006913,0.087326,-0.006777,0.003613,0.061050,-0.009209,-0.010526,0.026276,0.002432,0.069121,-0.404644,0.392208,0.567751,1.887239,-11.048114,10.708574,-11.048114,64.676926,-62.689222,10.708574,-62.689222,60.762605,-0.000000,0.000000,127.326770,0.069121,-0.404644,0.392208,0.567751,1.384986,-8.107868,7.858690,-8.107868,47.464390,-46.005675,7.858690,-46.005675,44.591791,-0.000000,0.000000,93.441167,-0.017711,0.118660,0.082628,-0.017082,0.116515,0.078226,-0.000629,0.002144,0.004402,-0.013181,-0.258786,-0.276066,0.378624,0.119135,2.338953,2.495134,2.338953,45.920348,48.986625,2.495134,48.986625,52.257649,-0.000000,0.000000,98.297131,-0.013181,-0.258786,-0.276066,0.378624,0.121796,2.391197,2.550866,2.391197,46.946044,50.080810,2.550866,50.080810,53.424897,-0.000000,0.000000,100.492736,0.002027,0.111719,0.078149,0.001881,0.109766,0.076593,0.000146,0.001954,0.001556,-0.018490,-0.159663,-0.059768,0.171483,1.333999,11.519367,4.312164,11.519367,99.472167,37.236444,4.312164,37.236444,13.939103,-0.000000,0.000000,114.745269,-0.018490,-0.159663,-0.059768,0.171483,1.351806,11.673135,4.369725,11.673135,100.799989,37.733501,4.369725,37.733501,14.125171,-0.000000,0.000000,116.276966,0.017677,0.107441,0.060536,0.016455,0.103733,0.056595,0.001222,0.003708,0.003941,-0.058870,-0.429281,-0.092879,0.443142,1.931045,14.081137,3.046601,14.081137,102.679337,22.215745,3.046601,22.215745,4.806608,-0.000000,0.000000,109.416990,-0.058870,-0.429281,-0.092879,0.443142,2.054503,14.981388,3.241380,14.981388,109.243951,23.636068,3.241380,23.636068,5.113910,0.000000,0.000000,116.412364,0.041507,0.094626,0.077591,0.040951,0.094094,0.076850,0.000556,0.000532,0.000741,-0.019030,-0.047178,-0.047518,0.069613,6.591477,16.341627,16.459408,16.341627,40.514258,40.806261,16.459408,40.806261,41.100369,-0.000000,-0.000000,88.206104,-0.019030,-0.047178,-0.047518,0.069613,6.621039,16.414919,16.533228,16.414919,40.695963,40.989276,16.533228,40.989276,41.284703,-0.000000,0.000000,88.601705
2.1606,post_ramp,0.139,100.0000,4.204641,-1.236389,-1.492563,-0.176408,-0.079767,1.144350,-1.796292,0.941864,-2.489651,1.306952,-2.296369,0.800738,-1.777884,0.002398,-0.029583,0.023981,0.023981,-0.028501,0.023981,0.023981,0.023981,0.023981,0.233952,0.145544,0.023981,0.023981,1.561902,-0.700107,1.233523,0.152866,0.002659,0.000000,-0.002659,-0.003988,0.695765,0.823987,0.823987,0.572653,1.104548,1.104548,0.794627,1.053380,1.053380,0.486849,0.919278,0.919278,-0.006886,0.087265,-0.006911,0.003613,0.061050,-0.009209,-0.010499,0.026215,0.002298,0.071371,-0.418198,0.407405,0.588185,1.906360,-11.170283,10.881983,-11.170283,65.452064,-63.762778,10.881983,-63.762778,62.117092,-0.000000,0.000000,129.475516,0.071371,-0.418198,0.407405,0.588185,1.401347,-8.211167,7.999240,-8.211167,48.113178,-46.871400,7.999240,-46.871400,45.661672,-0.000000,0.000000,95.176197,-0.017709,0.118659,0.082628,-0.017082,0.116515,0.078226,-0.000627,0.002144,0.004402,-0.013198,-0.258775,-0.276058,0.378612,0.119447,2.342001,2.498418,2.342001,45.919572,48.986428,2.498418,48.986428,52.258112,-0.000000,0.000000,98.297131,-0.013198,-0.258775,-0.276058,0.378612,0.122115,2.394311,2.554221,2.394311,46.945204,50.080559,2.554221,50.080559,53.425317,-0.000000,0.000000,100.492636,0.002027,0.111719,0.078149,0.001881,0.109766,0.076593,0.000146,0.001954,0.001556,-0.018490,-0.159663,-0.059768,0.171483,1.333999,11.519367,4.312164,11.519367,99.472167,37.236444,4.312164,37.236444,13.939103,-0.000000,0.000000,114.745269,-0.018490,-0.159663,-0.059768,0.171483,1.351806,11.673135,4.369725,11.673135,100.799989,37.733501,4.369725,37.733501,14.125171,-0.000000,0.000000,116.276966,0.017658,0.107479,0.060463,0.016455,0.103733,0.056595,0.001203,0.003746,0.003868,-0.058428,-0.425310,-0.092438,0.439144,1.937105,14.100649,3.064655,14.100649,102.642002,22.308359,3.064655,22.308359,4.848530,-0.000000,0.000000,109.427637,-0.058428,-0.425310,-0.092438,0.439144,2.056736,14.971471,3.253921,14.971471,108.980919,23.686068,3.253921,23.686068,5.147964,-0.000000,0.000000,116.185618,0.041504,0.094626,0.077591,0.040951,0.094094,0.076850,0.000554,0.000532,0.000742,-0.019012,-0.047144,-0.047486,0.069563,6.588486,16.337773,16.456418,16.337773,40.513530,40.807741,16.456418,40.807741,41.104088,-0.000000,0.000000,88.206104,-0.019012,-0.047144,-0.047486,0.069563,6.617992,16.410940,16.530117,16.410940,40.694966,40.990494,16.530117,40.990494,41.288169,-0.000000,-0.000000,88.601126
2.1787,post_ramp,0.139,100.0000,4.204641,-1.245592,-1.492563,-0.176408,-0.078233,1.144350,-1.796292,0.941864,-2.489651,1.306952,-2.293301,0.800738,-1.777884,0.012511,-0.132852,0.023981,0.023981,-0.036052,0.023981,0.023981,0.023981,0.023981,0.209913,0.144767,0.023981,0.023981,1.561902,-0.705318,1.233523,0.152866,0.002608,0.000000,-0.002608,-0.003912,0.695765,0.823987,0.823987,0.572653,1.104548,1.104548,0.794627,1.051973,1.051973,0.486849,0.919278,0.919278,-0.006832,0.087141,-0.007179,0.003613,0.061050,-0.009209,-0.010446,0.026091,0.002030,0.072127,-0.423395,0.416667,0.598395,1.880085,-11.036316,10.860952,-11.036316,64.784437,-63.755029,10.860952,-63.755029,62.741978,-0.000000,-0.000000,129.406500,0.072127,-0.423395,0.416667,0.598395,1.386564,-8.139289,8.009958,-8.139289,47.778556,-47.019367,8.009958,-47.019367,46.272242,-0.000000,0.000000,95.437361,-0.017711,0.118660,0.082628,-0.017082,0.116515,0.078226,-0.000629,0.002144,0.004402,-0.013181,-0.258786,-0.276066,0.378624,0.119135,2.338953,2.495134,2.338953,45.920348,48.986625,2.495134,48.986625,52.257649,0.000000,0.000000,98.297131,-0.013181,-0.258786,-0.276066,0.378624,0.121796,2.391197,2.550866,2.391197,46.946044,50.080810,2.550866,50.080810,53.424897,-0.000000,0.000000,100.492736,0.002027,0.111719,0.078149,0.001881,0.109766,0.076593,0.000146,0.001954,0.001556,-0.018490,-0.159663,-0.059768,0.171483,1.333999,11.519367,4.312164,11.519367,99.472167,37.236444,4.312164,37.236444,13.939103,-0.000000,0.000000,114.745269,-0.018490,-0.159663,-0.059768,0.171483,1.351806,11.673135,4.369725,11.673135,100.799989,37.733501,4.369725,37.733501,14.125171,-0.000000,0.000000,116.276966,0.017673,0.107550,0.060507,0.016455,0.103733,0.056595,0.001218,0.003817,0.003912,-0.059541,-0.430823,-0.094875,0.445146,1.957861,14.166703,3.119746,14.166703,102.507489,22.573869,3.119746,22.573869,4.971145,-0.000000,0.000000,109.436495,-0.059541,-0.430823,-0.094875,0.445146,2.078886,15.042411,3.312591,15.042411,108.843942,23.969262,3.312591,23.969262,5.278433,0.000000,0.000000,116.201261,0.041507,0.094626,0.077591,0.040951,0.094094,0.076850,0.000556,0.000532,0.000741,-0.019030,-0.047178,-0.047518,0.069613,6.591477,16.341627,16.459408,16.341627,40.514258,40.806261,16.459408,40.806261,41.100369,-0.000000,0.000000,88.206104,-0.019030,-0.047178,-0.047518,0.069613,6.621039,16.414919,16.533228,16.414919,40.695963,40.989276,16.533228,40.989276,41.284703,-0.000000,0.000000,88.601705
2.1969,post_ramp,0.139,100.0000,4.204641,-1.260932,-1.492563,-0.176408,-0.078233,1.144350,-1.796292,0.941864,-2.489651,1.303884,-2.291767,0.800738,-1.777884,0.011386,-0.311854,0.023981,0.023981,-0.004414,0.023981,0.023981,0.023981,0.023981,0.110424,0.144354,0.023981,0.023981,1.561902,-0.714005,1.233523,0.152866,0.002608,0.000000,-0.002608,-0.003912,0.695765,0.823987,0.823987,0.572653,1.104548,1.104548,0.792761,1.051269,1.051269,0.486849,0.919278,0.919278,-0.006743,0.086932,-0.007624,0.003613,0.061050,-0.009209,-0.010356,0.025882,0.001585,0.073369,-0.431959,0.432333,0.615535,1.836894,-10.814763,10.824114,-10.814763,63.672230,-63.727284,10.824114,-63.727284,63.782386,-0.000000,-0.000000,129.291509,0.073369,-0.431959,0.432333,0.615535,1.362128,-8.019566,8.026500,-8.019566,47.215424,-47.256249,8.026500,-47.256249,47.297109,-0.000000,0.000000,95.874662,-0.017711,0.118660,0.082628,-0.017082,0.116515,0.078226,-0.000629,0.002144,0.004402,-0.013181,-0.258786,-0.276066,0.378624,0.119135,2.338953,2.495134,2.338953,45.920348,48.986625,2.495134,48.986625,52.257649,-0.000000,0.000000,98.297131,-0.013181,-0.258786,-0.276066,0.378624,0.121796,2.391197,2.550866,2.391197,46.946043,50.080810,2.550866,50.080810,53.424897,0.000000,0.000000,100.492736,0.002027,0.111719,0.078149,0.001881,0.109766,0.076593,0.000146,0.001954,0.001556,-0.018490,-0.159663,-0.059768,0.171483,1.333999,11.519367,4.312164,11.519367,99.472167,37.236444,4.312164,37.236444,13.939103,-0.000000,0.000000,114.745269,-0.018490,-0.159663,-0.059768,0.171483,1.351806,11.673135,4.369725,11.673135,100.799989,37.733501,4.369725,37.733501,14.125171,-0.000000,0.000000,116.276966,0.017713,0.107619,0.060646,0.016455,0.103733,0.056595,0.001258,0.003885,0.004051,-0.061637,-0.443016,-0.099048,0.458119,1.981060,14.238979,3.183487,14.238979,102.343456,22.881487,3.183487,22.881487,5.115740,-0.000000,0.000000,109.440256,-0.061637,-0.443016,-0.099048,0.458119,2.107938,15.150926,3.387375,15.150926,108.898125,24.346950,3.387375,24.346950,5.443381,-0.000000,0.000000,116.449444,0.041507,0.094626,0.077591,0.040951,0.094094,0.076850,0.000556,0.000532,0.000741,-0.019030,-0.047179,-0.047519,0.069613,6.591477,16.341627,16.459408,16.341627,40.514258,40.806261,16.459408,40.806261,41.100369,-0.000000,-0.000000,88.206104,-0.019030,-0.047179,-0.047519,0.069613,6.621040,16.414921,16.533230,16.414921,40.695967,40.989280,16.533230,40.989280,41.284707,-0.000000,0.000000,88.601713
2.2151,post_ramp,0.139,100.0000,4.204641,-1.276272,-1.492563,-0.176408,-0.079767,1.144350,-1.796292,0.941864,-2.489651,1.300816,-2.290233,0.800738,-1.777884,0.017288,-0.513621,0.023981,0.023981,0.002983,0.023981,0.023981,0.023981,0.023981,0.005672,0.138162,0.023981,0.023981,1.561902,-0.722691,1.233523,0.152866,0.002659,0.000000,-0.002659,-0.003988,0.695765,0.823987,0.823987,0.572653,1.104548,1.104548,0.790896,1.050566,1.050566,0.486849,0.919278,0.919278,-0.006654,0.086718,-0.008067,0.003613,0.061050,-0.009209,-0.010267,0.025668,0.001142,0.074587,-0.440400,0.448285,0.632831,1.794447,-10.595391,10.785092,-10.595391,62.560958,-63.681054,10.785092,-63.681054,64.821204,-0.000000,0.000000,129.176609,0.074587,-0.440400,0.448285,0.632831,1.337946,-7.899964,8.041406,-7.899964,46.645688,-47.480836,8.041406,-47.480836,48.330936,-0.000000,0.000000,96.314571,-0.017709,0.118659,0.082628,-0.017082,0.116515,0.078226,-0.000627,0.002144,0.004402,-0.013198,-0.258775,-0.276058,0.378612,0.119447,2.342001,2.498418,2.342001,45.919572,48.986428,2.498418,48.986428,52.258112,-0.000000,0.000000,98.297131,-0.013198,-0.258775,-0.276058,0.378612,0.122115,2.394311,2.554221,2.394311,46.945203,50.080559,2.554221,50.080559,53.425317,-0.000000,0.000000,100.492635,0.002027,0.111719,0.078149,0.001881,0.109766,0.076593,0.000146,0.001954,0.001556,-0.018490,-0.159663,-0.059768,0.171483,1.333999,11.519367,4.312164,11.519367,99.472167,37.236444,4.312164,37.236444,13.939103,-0.000000,0.000000,114.745269,-0.018490,-0.159663,-0.059768,0.171483,1.351806,11.673135,4.369725,11.673135,100.799989,37.733501,4.369725,37.733501,14.125171,-0.000000,0.000000,116.276966,0.017752,0.107687,0.060785,0.016455,0.103733,0.056595,0.001297,0.003953,0.004190,-0.063738,-0.455173,-0.103301,0.471079,2.003541,14.307915,3.247164,14.307915,102.177317,23.189015,3.247164,23.189015,5.262718,-0.000000,0.000000,109.443576,-0.063738,-0.455173,-0.103301,0.471079,2.136293,15.255937,3.462316,15.255937,108.947441,24.725486,3.462316,24.725486,5.611418,-0.000000,0.000000,116.695152,0.041504,0.094626,0.077591,0.040951,0.094094,0.076850,0.000554,0.000532,0.000742,-0.019012,-0.047145,-0.047488,0.069564,6.588486,16.337773,16.456418,16.337773,40.513530,40.807741,16.456418,40.807741,41.104088,0.000000,0.000000,88.206104,-0.019012,-0.047145,-0.047488,0.069564,6.617993,16.410943,16.530120,16.410943,40.694975,40.990503,16.530120,40.990503,41.288178,-0.000000,-0.000000,88.601146
2.2332,post_ramp,0.139,100.0000,4.204641,-1.291612,-1.492563,-0.176408,-0.078233,1.144350,-1.796292,0.941864,-2.489651,1.296214,-2.288699,0.800738,-1.777884,0.020424,-0.657396,0.023981,0.023981,-0.007253,0.023981,0.023981,0.023981,0.023981,-0.076623,0.119787,0.023981,0.023981,1.561902,-0.731377,1.233523,0.152866,0.002608,0.000000,-0.002608,-0.003912,0.695765,0.823987,0.823987,0.572653,1.104548,1.104548,0.788098,1.049862,1.049862,0.486849,0.919278,0.919278,-0.006565,0.086501,-0.008508,0.003613,0.061050,-0.009209,-0.010179,0.025451,0.000701,0.075782,-0.448714,0.464526,0.650285,1.752740,-10.378227,10.743940,-10.378227,61.450969,-63.616405,10.743940,-63.616405,65.858147,-0.000000,0.000000,129.061856,0.075782,-0.448714,0.464526,0.650285,1.314023,-7.780517,8.054690,-7.780517,46.069555,-47.692974,8.054690,-47.692974,49.373599,-0.000000,0.000000,96.757177,-0.017711,0.118660,0.082628,-0.017082,0.116515,0.078226,-0.000629,0.002144,0.004402,-0.013181,-0.258786,-0.276066,0.378624,0.119135,2.338953,2.495134,2.338953,45.920348,48.986625,2.495134,48.986625,52.257649,-0.000000,0.000000,98.297131,-0.013181,-0.258786,-0.276066,0.378624,0.121796,2.391197,2.550866,2.391197,46.946043,50.080810,2.550866,50.080810,53.424897,-0.000000,-0.000000,100.492736,0.002027,0.111719,0.078149,0.001881,0.109766,0.076593,0.000146,0.001954,0.001556,-0.018490,-0.159663,-0.059768,0.171483,1.333999,11.519367,4.312164,11.519367,99.472167,37.236444,4.312164,37.236444,13.939103,-0.000000,0.000000,114.745269,-0.018490,-0.159663,-0.059768,0.171483,1.351806,11.673135,4.369725,11.673135,100.799989,37.733501,4.369725,37.733501,14.125171,-0.000000,0.000000,116.276966,0.017808,0.107770,0.060983,0.016455,0.103733,0.056595,0.001353,0.004037,0.004387,-0.066681,-0.472057,-0.109173,0.489084,2.034422,14.402324,3.330834,14.402324,101.958663,23.580041,3.330834,23.580041,5.453370,-0.000000,0.000000,109.446455,-0.066681,-0.472057,-0.109173,0.489084,2.175936,15.404151,3.562527,15.404151,109.050915,25.220271,3.562527,25.220271,5.832707,-0.000000,-0.000000,117.059558,0.041507,0.094626,0.077591,0.040951,0.094094,0.076850,0.000556,0.000532,0.000741,-0.019030,-0.047180,-0.047520,0.069615,6.591477,16.341628,16.459408,16.341628,40.514258,40.806262,16.459408,40.806262,41.100369,-0.000000,0.000000,88.206104,-0.019030,-0.047180,-0.047520,0.069615,6.621041,16.414924,16.533233,16.414924,40.695976,40.989289,16.533233,40.989289,41.284716,-0.000000,0.000000,88.601733
2.2515,post_ramp,0.139,100.0000,4.204641,-1.306952,-1.492563,-0.176408,-0.076699,1.144350,-1.796292,0.941864,-2.489651,1.296214,-2.287165,0.800738,-1.777884,0.019692,-0.744800,0.023981,0.023981,0.024526,0.023981,0.023981,0.023981,0.023981,-0.115410,0.105284,0.023981,0.023981,1.561902,-0.740063,1.233523,0.152866,0.002557,0.000000,-0.002557,-0.003835,0.695765,0.823987,0.823987,0.572653,1.104548,1.104548,0.788098,1.049158,1.049158,0.486849,0.919278,0.919278,-0.006477,0.086280,-0.008948,0.003613,0.061050,-0.009209,-0.010090,0.025230,0.000261,0.076953,-0.456896,0.481056,0.667900,1.711769,-10.163297,10.700712,-10.163297,60.342610,-63.533409,10.700712,-63.533409,66.892930,-0.000000,0.000000,128.947309,0.076953,-0.456896,0.481056,0.667900,1.290359,-7.661257,8.066370,-7.661257,45.487235,-47.892510,8.066370,-47.892510,50.424972,-0.000000,0.000000,97.202565,-0.017712,0.118660,0.082628,-0.017082,0.116515,0.078226,-0.000631,0.002144,0.004402,-0.013164,-0.258797,-0.276074,0.378637,0.118822,2.335905,2.491851,2.335905,45.921124,48.986821,2.491851,48.986821,52.257185,-0.000000,-0.000000,98.297131,-0.013164,-0.258797,-0.276074,0.378637,0.121476,2.388083,2.547512,2.388083,46.946883,50.081061,2.547512,50.081061,53.424476,0.000000,0.000000,100.492836,0.002027,0.111719,0.078149,0.001881,0.109766,0.076593,0.000146,0.001954,0.001556,-0.018490,-0.159663,-0.059768,0.171483,1.333999,11.519367,4.312164,11.519367,99.472167,37.236444,4.312164,37.236444,13.939103,-0.000000,0.000000,114.745269,-0.018490,-0.159663,-0.059768,0.171483,1.351806,11.673135,4.369725,11.673135,100.799989,37.733501,4.369725,37.733501,14.125171,-0.000000,0.000000,116.276966,0.017816,0.107806,0.061005,0.016455,0.103733,0.056595,0.001361,0.004072,0.004410,-0.067272,-0.474794,-0.110491,0.492100,2.045380,14.435905,3.359421,14.435905,101.885867,23.710150,3.359421,23.710150,5.517657,-0.000000,-0.000000,109.448903,-0.067272,-0.474794,-0.110491,0.492100,2.187671,15.440166,3.593125,15.440166,108.973750,25.359592,3.593125,25.359592,5.901503,0.000000,0.000000,117.062924,0.041509,0.094626,0.077590,0.040951,0.094094,0.076850,0.000559,0.000533,0.000740,-0.019048,-0.047214,-0.047552,0.069665,6.594468,16.345482,16.462398,16.345482,40.514986,40.804782,16.462398,40.804782,41.096650,-0.000000,0.000000,88.206104,-0.019048,-0.047214,-0.047552,0.069665,6.624089,16.418903,16.536344,16.418903,40.696972,40.988069,16.536344,40.988069,41.281249,-0.000000,0.000000,88.602310
2.2703,post_ramp,0.139,100.0000,4.204641,-1.322291,-1.492563,-0.176408,-0.073631,1.144350,-1.796292,0.941864,-2.489651,1.297748,-2.285631,0.800738,-1.777884,0.010465,-0.794357,0.023981,0.023981,0.083962,0.023981,0.023981,0.023981,0.023981,-0.076175,0.100898,0.023981,0.023981,1.561902,-0.748749,1.233523,0.152866,0.002454,0.000000,-0.002454,-0.003682,0.695765,0.823987,0.823987,0.572653,1.104548,1.104548,0.789031,1.048455,1.048455,0.486849,0.919278,0.919278,-0.006388,0.086055,-0.009385,0.003613,0.061050,-0.009209,-0.010001,0.025005,-0.000176,0.078102,-0.464943,0.497877,0.685678,1.671527,-9.950625,10.655464,-9.950625,59.236224,-63.432144,10.655464,-63.432144,67.925275,-0.000000,0.000000,128.833027,0.078102,-0.464943,0.497877,0.685678,1.266958,-7.542218,8.076461,-7.542218,44.898938,-48.079295,8.076461,-48.079295,51.484928,-0.000000,0.000000,97.650824,-0.017716,0.118660,0.082628,-0.017082,0.116515,0.078226,-0.000634,0.002145,0.004402,-0.013131,-0.258818,-0.276090,0.378662,0.118199,2.329809,2.485284,2.329809,45.922675,48.987214,2.485284,48.987214,52.256258,-0.000000,0.000000,98.297131,-0.013131,-0.258818,-0.276090,0.378662,0.120839,2.381856,2.540804,2.381856,46.948563,50.081562,2.540804,50.081562,53.423635,-0.000000,0.000000,100.493037,0.002027,0.111719,0.078149,0.001881,0.109766,0.076593,0.000146,0.001954,0.001556,-0.018490,-0.159663,-0.059768,0.171483,1.333999,11.519367,4.312164,11.519367,99.472167,37.236444,4.312164,37.236444,13.939103,-0.000000,0.000000,114.745269,-0.018490,-0.159663,-0.059768,0.171483,1.351806,11.673135,4.369725,11.673135,100.799989,37.733501,4.369725,37.733501,14.125171,-0.000000,0.000000,116.276966,0.017809,0.107825,0.060969,0.016455,0.103733,0.056595,0.001354,0.004092,0.004373,-0.067086,-0.472837,-0.110258,0.490135,2.050489,14.452208,3.370027,14.452208,101.861713,23.752542,3.370027,23.752542,5.538718,-0.000000,0.000000,109.450920,-0.067086,-0.472837,-0.110258,0.490135,2.190920,15.441988,3.600828,15.441988,108.837857,25.379269,3.600828,25.379269,5.918045,0.000000,0.000000,116.946821,0.041514,0.094627,0.077588,0.040951,0.094094,0.076850,0.000564,0.000533,0.000739,-0.019084,-0.047282,-0.047615,0.069764,6.600453,16.353191,16.468376,16.353191,40.516441,40.801821,16.468376,40.801821,41.089210,-0.000000,0.000000,88.206104,-0.019084,-0.047282,-0.047615,0.069764,6.630187,16.426860,16.542564,16.426860,40.698962,40.985627,16.542564,40.985627,41.274311,-0.000000,-0.000000,88.603460
2.2885,post_ramp,0.139,100.0000,4.204641,-1.337631,-1.492563,-0.176408,-0.072097,1.144350,-1.796292,0.941864,-2.489651,1.297748,-2.284097,0.800738,-1.777884,0.010118,-0.815429,0.023981,0.023981,0.118720,0.023981,0.023981,0.023981,0.023981,-0.018010,0.096819,0.023981,0.023981,1.561902,-0.757436,1.233523,0.152866,0.002403,0.000000,-0.002403,-0.003605,0.695765,0.823987,0.823987,0.572653,1.104548,1.104548,0.789031,1.047751,1.047751,0.486849,0.919278,0.919278,-0.006300,0.085826,-0.009821,0.003613,0.061050,-0.009209,-0.009913,0.024776,-0.000612,0.079228,-0.472852,0.514991,0.703620,1.632009,-9.740236,10.608252,-9.740236,58.132154,-63.312694,10.608252,-63.312694,68.954907,-0.000000,0.000000,128.719070,0.079228,-0.472852,0.514991,0.703620,1.243820,-7.423430,8.084981,-7.423430,44.304880,-48.253181,8.084981,-48.253181,52.553341,-0.000000,0.000000,98.102041,-0.017718,0.118660,0.082628,-0.017082,0.116515,0.078226,-0.000636,0.002145,0.004402,-0.013114,-0.258829,-0.276097,0.378674,0.117888,2.326761,2.482000,2.326761,45.923450,48.987410,2.482000,48.987410,52.255794,-0.000000,0.000000,98.297131,-0.013114,-0.258829,-0.276097,0.378674,0.120522,2.378742,2.537449,2.378742,46.949402,50.081813,2.537449,50.081813,53.423214,-0.000000,0.000000,100.493138,0.002027,0.111719,0.078149,0.001881,0.109766,0.076593,0.000146,0.001954,0.001556,-0.018490,-0.159663,-0.059768,0.171483,1.333999,11.519367,4.312164,11.519367,99.472167,37.236444,4.312164,37.236444,13.939103,-0.000000,0.000000,114.745269,-0.018490,-0.159663,-0.059768,0.171483,1.351806,11.673135,4.369725,11.673135,100.799989,37.733501,4.369725,37.733501,14.125171,-0.000000,0.000000,116.276966,0.017817,0.107860,0.060991,0.016455,0.103733,0.056595,0.001362,0.004127,0.004396,-0.067679,-0.475566,-0.111581,0.493147,2.061474,14.485596,3.398723,14.485596,101.787600,23.882199,3.398723,23.882199,5.603427,-0.000000,-0.000000,109.452501,-0.067679,-0.475566,-0.111581,0.493147,2.202669,15.477748,3.631510,15.477748,108.759265,25.517945,3.631510,25.517945,5.987219,-0.000000,-0.000000,116.949153,0.041517,0.094628,0.077588,0.040951,0.094094,0.076850,0.000566,0.000534,0.000738,-0.019102,-0.047317,-0.047647,0.069814,6.603446,16.357046,16.471364,16.357046,40.517168,40.800339,16.471364,40.800339,41.085490,-0.000000,0.000000,88.206104,-0.019102,-0.047317,-0.047647,0.069814,6.633237,16.430839,16.545673,16.430839,40.699958,40.984407,16.545673,40.984407,41.270843,-0.000000,0.000000,88.604038
2.3066,post_ramp,0.139,100.0000,4.204641,-1.352971,-1.492563,-0.176408,-0.073631,1.144350,-1.796292,0.941864,-2.489651,1.296214,-2.284097,0.800738,-1.777884,0.016614,-0.826627,0.023981,0.023981,0.092310,0.023981,0.023981,0.023981,0.023981,-0.014654,0.089900,0.023981,0.023981,1.561902,-0.766122,1.233523,0.152866,0.002454,0.000000,-0.002454,-0.003682,0.695765,0.823987,0.823987,0.572653,1.104548,1.104548,0.788098,1.047751,1.047751,0.486849,0.919278,0.919278,-0.006212,0.085593,-0.010254,0.003613,0.061050,-0.009209,-0.009825,0.024543,-0.001045,0.080331,-0.480618,0.532399,0.721731,1.593209,-9.532151,10.559131,-9.532151,57.030738,-63.175151,10.559131,-63.175151,69.981555,-0.000000,0.000000,128.605502,0.080331,-0.480618,0.532399,0.721731,1.220949,-7.304925,8.091948,-7.304925,43.705274,-48.414020,8.091948,-48.414020,53.630080,-0.000000,0.000000,98.556304,-0.017716,0.118660,0.082628,-0.017082,0.116515,0.078226,-0.000634,0.002145,0.004402,-0.013131,-0.258818,-0.276090,0.378662,0.118199,2.329809,2.485284,2.329809,45.922675,48.987214,2.485284,48.987214,52.256258,0.000000,0.000000,98.297131,-0.013131,-0.258818,-0.276090,0.378662,0.120839,2.381856,2.540804,2.381856,46.948563,50.081562,2.540804,50.081562,53.423635,-0.000000,0.000000,100.493037,0.002027,0.111719,0.078149,0.001881,0.109766,0.076593,0.000146,0.001954,0.001556,-0.018490,-0.159663,-0.059768,0.171483,1.333999,11.519367,4.312164,11.519367,99.472167,37.236444,4.312164,37.236444,13.939103,-0.000000,0.000000,114.745269,-0.018490,-0.159663,-0.059768,0.171483,1.351806,11.673135,4.369725,11.673135,100.799989,37.733501,4.369725,37.733501,14.125171,-0.000000,0.000000,116.276966,0.017833,0.107876,0.061050,0.016455,0.103733,0.056595,0.001378,0.004143,0.004454,-0.068460,-0.480254,-0.113148,0.498130,2.067354,14.502700,3.416842,14.502700,101.737922,23.969494,3.416842,23.969494,5.647222,-0.000000,0.000000,109.452499,-0.068460,-0.480254,-0.113148,0.498130,2.211192,15.511735,3.654571,15.511735,108.816403,25.637187,3.654571,25.637187,6.040131,-0.000000,0.000000,117.067726,0.041514,0.094627,0.077588,0.040951,0.094094,0.076850,0.000564,0.000533,0.000739,-0.019084,-0.047283,-0.047616,0.069765,6.600453,16.353191,16.468376,16.353191,40.516441,40.801821,16.468376,40.801821,41.089210,0.000000,0.000000,88.206104,-0.019084,-0.047283,-0.047616,0.069765,6.630188,16.426861,16.542565,16.426861,40.698964,40.985629,16.542565,40.985629,41.274314,-0.000000,0.000000,88.603465
2.3242,post_ramp,0.139,100.0000,4.204641,-1.368311,-1.492563,-0.176408,-0.075165,1.144350,-1.796292,0.941864,-2.489651,1.297748,-2.282563,0.800738,-1.777884,0.018123,-0.832579,0.023981,0.023981,0.031914,0.023981,0.023981,0.023981,0.023981,-0.014468,0.081486,0.023981,0.023981,1.561902,-0.774808,1.233523,0.152866,0.002506,0.000000,-0.002506,-0.003758,0.695765,0.823987,0.823987,0.572653,1.104548,1.104548,0.789031,1.047047,1.047047,0.486849,0.919278,0.919278,-0.006124,0.085357,-0.010686,0.003613,0.061050,-0.009209,-0.009737,0.024307,-0.001477,0.081411,-0.488237,0.550103,0.740011,1.555122,-9.326391,10.508157,-9.326391,55.932312,-63.019609,10.508157,-63.019609,71.004951,-0.000000,0.000000,128.492385,0.081411,-0.488237,0.550103,0.740011,1.198347,-7.186734,8.097379,-7.186734,43.100338,-48.561669,8.097379,-48.561669,54.715017,-0.000000,0.000000,99.013701,-0.017714,0.118660,0.082628,-0.017082,0.116515,0.078226,-0.000632,0.002145,0.004402,-0.013148,-0.258807,-0.276082,0.378649,0.118510,2.332857,2.488567,2.332857,45.921899,48.987018,2.488567,48.987018,52.256722,-0.000000,0.000000,98.297131,-0.013148,-0.258807,-0.276082,0.378649,0.121158,2.384970,2.544158,2.384970,46.947723,50.081312,2.544158,50.081312,53.424056,-0.000000,0.000000,100.492936,0.002027,0.111719,0.078149,0.001881,0.109766,0.076593,0.000146,0.001954,0.001556,-0.018490,-0.159663,-0.059768,0.171483,1.333999,11.519367,4.312164,11.519367,99.472167,37.236444,4.312164,37.236444,13.939103,-0.000000,0.000000,114.745269,-0.018490,-0.159663,-0.059768,0.171483,1.351806,11.673135,4.369725,11.673135,100.799989,37.733501,4.369725,37.733501,14.125171,-0.000000,0.000000,116.276966,0.017823,0.107895,0.061013,0.016455,0.103733,0.056595,0.001368,0.004162,0.004418,-0.068224,-0.478238,-0.112912,0.496100,2.069957,14.510110,3.425839,14.510110,101.713833,24.014647,3.425839,24.014647,5.669861,-0.000000,0.000000,109.453651,-0.068224,-0.478238,-0.112912,0.496100,2.211716,15.503821,3.660454,15.503821,108.679605,25.659267,3.660454,25.659267,6.058156,-0.000000,0.000000,116.949478,0.041512,0.094627,0.077589,0.040951,0.094094,0.076850,0.000561,0.000533,0.000739,-0.019066,-0.047249,-0.047584,0.069715,6.597460,16.349337,16.465387,16.349337,40.515714,40.803301,16.465387,40.803301,41.092930,-0.000000,0.000000,88.206104,-0.019066,-0.047249,-0.047584,0.069715,6.627138,16.422882,16.539455,16.422882,40.697968,40.986850,16.539455,40.986850,41.277782,-0.000000,0.000000,88.602888
2.3424,post_ramp,0.139,100.0000,4.206175,-1.383651,-1.492563,-0.176408,-0.076699,1.144350,-1.796292,0.941864,-2.489651,1.302350,-2.281029,0.800738,-1.777884,0.020868,-0.819949,0.023981,0.023981,-0.015176,0.023981,0.023981,0.023981,0.023981,0.035068,0.077014,0.023981,0.023981,1.562472,-0.783494,1.233523,0.152866,0.002557,0.000000,-0.002557,-0.003835,0.695765,0.823987,0.823987,0.572653,1.104548,1.104548,0.791829,1.046344,1.046344,0.486849,0.919278,0.919278,-0.006000,0.085105,-0.011106,0.003613,0.061050,-0.009209,-0.009613,0.024055,-0.001897,0.081905,-0.494407,0.566453,0.756317,1.505593,-9.088303,10.412665,-9.088303,54.860292,-62.854624,10.412665,-62.854624,72.013902,-0.000000,0.000000,128.379787,0.081905,-0.494407,0.566453,0.756317,1.166347,-7.040491,8.066443,-7.040491,42.498960,-48.691978,8.066443,-48.691978,55.787453,-0.000000,-0.000000,99.452759,-0.017712,0.118660,0.082628,-0.017082,0.116515,0.078226,-0.000631,0.002144,0.004402,-0.013164,-0.258797,-0.276074,0.378637,0.118822,2.335905,2.491851,2.335905,45.921124,48.986821,2.491851,48.986821,52.257185,-0.000000,0.000000,98.297131,-0.013164,-0.258797,-0.276074,0.378637,0.121476,2.388084,2.547512,2.388084,46.946883,50.081061,2.547512,50.081061,53.424476,-0.000000,0.000000,100.492836,0.002027,0.111719,0.078149,0.001881,0.109766,0.076593,0.000146,0.001954,0.001556,-0.018490,-0.159663,-0.059768,0.171483,1.333999,11.519367,4.312164,11.519367,99.472167,37.236444,4.312164,37.236444,13.939103,-0.000000,0.000000,114.745269,-0.018490,-0.159663,-0.059768,0.171483,1.351806,11.673135,4.369725,11.673135,100.799989,37.733501,4.369725,37.733501,14.125171,-0.000000,0.000000,116.276966,0.017781,0.107882,0.060860,0.016455,0.103733,0.056595,0.001326,0.004149,0.004264,-0.066393,-0.466802,-0.109546,0.484058,2.059120,14.477465,3.397465,14.477465,101.789579,23.887232,3.397465,23.887232,5.605680,-0.000000,0.000000,109.454380,-0.066393,-0.466802,-0.109546,0.484058,2.193426,15.421754,3.619064,15.421754,108.428777,25.445270,3.619064,25.445270,5.971309,-0.000000,0.000000,116.593512,0.041509,0.094626,0.077590,0.040951,0.094094,0.076850,0.000559,0.000533,0.000740,-0.019048,-0.047214,-0.047552,0.069665,6.594468,16.345482,16.462398,16.345482,40.514986,40.804782,16.462398,40.804782,41.096650,0.000000,0.000000,88.206104,-0.019048,-0.047214,-0.047552,0.069665,6.624089,16.418902,16.536343,16.418902,40.696969,40.988067,16.536343,40.988067,41.281246,-0.000000,0.000000,88.602304
2.3606,post_ramp,0.139,100.0000,4.204641,-1.395923,-1.492563,-0.176408,-0.079767,1.144350,-1.796292,0.941864,-2.489651,1.310020,-2.281029,0.800738,-1.777884,0.009981,-0.777325,0.023981,0.023981,-0.058426,0.023981,0.023981,0.023981,0.023981,0.142960,0.074368,0.023981,0.023981,1.561902,-0.790443,1.233523,0.152866,0.002659,0.000000,-0.002659,-0.003988,0.695765,0.823987,0.823987,0.572653,1.104548,1.104548,0.796492,1.046344,1.046344,0.486849,0.919278,0.919278,-0.005966,0.084922,-0.011457,0.003613,0.061050,-0.009209,-0.009579,0.023872,-0.002248,0.083297,-0.501570,0.582720,0.773352,1.488342,-8.961948,10.411912,-8.961948,53.963746,-62.694604,10.411912,-62.694604,72.838037,-0.000000,0.000000,128.290125,0.083297,-0.501570,0.582720,0.773352,1.158342,-6.974874,8.103348,-6.974874,41.998719,-48.793741,8.103348,-48.793741,56.688138,-0.000000,0.000000,99.845199,-0.017709,0.118659,0.082628,-0.017082,0.116515,0.078226,-0.000627,0.002144,0.004402,-0.013198,-0.258775,-0.276058,0.378612,0.119447,2.342001,2.498418,2.342001,45.919572,48.986428,2.498418,48.986428,52.258112,-0.000000,0.000000,98.297131,-0.013198,-0.258775,-0.276058,0.378612,0.122115,2.394311,2.554221,2.394311,46.945204,50.080559,2.554221,50.080559,53.425317,0.000000,0.000000,100.492636,0.002027,0.111719,0.078149,0.001881,0.109766,0.076593,0.000146,0.001954,0.001556,-0.018490,-0.159663,-0.059768,0.171483,1.333999,11.519367,4.312164,11.519367,99.472167,37.236444,4.312164,37.236444,13.939103,-0.000000,0.000000,114.745269,-0.018490,-0.159663,-0.059768,0.171483,1.351806,11.673135,4.369725,11.673135,100.799989,37.733501,4.369725,37.733501,14.125171,-0.000000,0.000000,116.276966,0.017698,0.107800,0.060566,0.016455,0.103733,0.056595,0.001243,0.004067,0.003971,-0.062419,-0.443185,-0.101880,0.459009,2.024040,14.371124,3.303646,14.371124,102.038124,23.456612,3.303646,23.456612,5.392226,-0.000000,0.000000,109.454389,-0.062419,-0.443185,-0.101880,0.459009,2.145031,15.230190,3.501129,15.230190,108.137681,24.858784,3.501129,24.858784,5.714559,0.000000,0.000000,115.997271,0.041504,0.094626,0.077591,0.040951,0.094094,0.076850,0.000554,0.000532,0.000742,-0.019012,-0.047145,-0.047487,0.069564,6.588486,16.337773,16.456418,16.337773,40.513530,40.807741,16.456418,40.807741,41.104088,-0.000000,0.000000,88.206104,-0.019012,-0.047145,-0.047487,0.069564,6.617992,16.410942,16.530119,16.410942,40.694971,40.990499,16.530119,40.990499,41.288174,-0.000000,0.000000,88.601137
2.3788,post_ramp,0.139,100.0000,4.204641,-1.402058,-1.492563,-0.176408,-0.079767,1.144350,-1.796292,0.941864,-2.489651,1.313088,-2.281029,0.800738,-1.777884,0.005304,-0.689248,0.023981,0.023981,-0.071439,0.023981,0.023981,0.023981,0.023981,0.227897,0.056912,0.023981,0.023981,1.561902,-0.793918,1.233523,0.152866,0.002659,0.000000,-0.002659,-0.003988,0.695765,0.823987,0.823987,0.572653,1.104548,1.104548,0.798357,1.046344,1.046344,0.486849,0.919278,0.919278,-0.005931,0.084823,-0.011628,0.003613,0.061050,-0.009209,-0.009544,0.023773,-0.002419,0.083707,-0.504464,0.590099,0.780838,1.473810,-8.882004,10.389767,-8.882004,53.527943,-62.614569,10.389767,-62.614569,73.243693,-0.000000,-0.000000,128.245446,0.083707,-0.504464,0.590099,0.780838,1.149571,-6.927963,8.104018,-6.927963,41.751795,-48.839363,8.104018,-48.839363,57.130080,-0.000000,0.000000,100.031447,-0.017709,0.118659,0.082628,-0.017082,0.116515,0.078226,-0.000627,0.002144,0.004402,-0.013198,-0.258775,-0.276058,0.378612,0.119447,2.342001,2.498418,2.342001,45.919572,48.986428,2.498418,48.986428,52.258112,-0.000000,0.000000,98.297131,-0.013198,-0.258775,-0.276058,0.378612,0.122115,2.394311,2.554221,2.394311,46.945204,50.080559,2.554221,50.080559,53.425317,-0.000000,0.000000,100.492636,0.002027,0.111719,0.078149,0.001881,0.109766,0.076593,0.000146,0.001954,0.001556,-0.018490,-0.159663,-0.059768,0.171483,1.333999,11.519367,4.312164,11.519367,99.472167,37.236444,4.312164,37.236444,13.939103,-0.000000,0.000000,114.745269,-0.018490,-0.159663,-0.059768,0.171483,1.351806,11.673135,4.369725,11.673135,100.799989,37.733501,4.369725,37.733501,14.125171,-0.000000,0.000000,116.276966,0.017665,0.107768,0.060449,0.016455,0.103733,0.056595,0.001210,0.004034,0.003854,-0.060858,-0.433738,-0.098875,0.449008,2.010735,14.330685,3.266823,14.330685,102.136081,23.282937,3.266823,23.282937,5.307577,-0.000000,0.000000,109.454393,-0.060858,-0.433738,-0.098875,0.449008,2.126545,15.156073,3.454978,15.156073,108.018696,24.623938,3.454978,24.623938,5.613272,0.000000,0.000000,115.758512,0.041504,0.094626,0.077591,0.040951,0.094094,0.076850,0.000554,0.000532,0.000742,-0.019012,-0.047144,-0.047487,0.069563,6.588486,16.337773,16.456418,16.337773,40.513530,40.807741,16.456418,40.807741,41.104088,-0.000000,0.000000,88.206104,-0.019012,-0.047144,-0.047487,0.069563,6.617992,16.410941,16.530117,16.410941,40.694968,40.990496,16.530117,40.990496,41.288171,-0.000000,-0.000000,88.601131
2.3969,post_ramp,0.139,100.0000,4.204641,-1.403592,-1.492563,-0.176408,-0.081301,1.144350,-1.796292,0.941864,-2.489651,1.313088,-2.281029,0.800738,-1.777884,0.011066,-0.524992,0.023981,0.023981,-0.058040,0.023981,0.023981,0.023981,0.023981,0.221290,0.041482,0.023981,0.023981,1.561902,-0.794786,1.233523,0.152866,0.002710,0.000000,-0.002710,-0.004065,0.695765,0.823987,0.823987,0.572653,1.104548,1.104548,0.798357,1.046344,1.046344,0.486849,0.919278,0.919278,-0.005922,0.084798,-0.011670,0.003613,0.061050,-0.009209,-0.009536,0.023749,-0.002461,0.083809,-0.505184,0.591952,0.782714,1.470194,-8.862077,10.384188,-8.862077,53.419093,-62.594119,10.384188,-62.594119,73.345006,-0.000000,0.000000,128.234292,0.083809,-0.505184,0.591952,0.782714,1.147386,-6.916245,8.104149,-6.916245,41.689948,-48.850428,8.104149,-48.850428,57.240760,0.000000,0.000000,100.078094,-0.017707,0.118659,0.082628,-0.017082,0.116515,0.078226,-0.000626,0.002144,0.004403,-0.013215,-0.258765,-0.276050,0.378600,0.119760,2.345049,2.501701,2.345049,45.918796,48.986231,2.501701,48.986231,52.258575,-0.000000,0.000000,98.297131,-0.013215,-0.258765,-0.276050,0.378600,0.122435,2.397424,2.557575,2.397424,46.944364,50.080307,2.557575,50.080307,53.425736,-0.000000,0.000000,100.492535,0.002027,0.111719,0.078149,0.001881,0.109766,0.076593,0.000146,0.001954,0.001556,-0.018490,-0.159663,-0.059768,0.171483,1.333999,11.519367,4.312164,11.519367,99.472167,37.236444,4.312164,37.236444,13.939103,-0.000000,0.000000,114.745269,-0.018490,-0.159663,-0.059768,0.171483,1.351806,11.673135,4.369725,11.673135,100.799989,37.733501,4.369725,37.733501,14.125171,-0.000000,0.000000,116.276966,0.017665,0.107767,0.060449,0.016455,0.103733,0.056595,0.001210,0.004034,0.003854,-0.060843,-0.433720,-0.098875,0.448989,2.009916,14.327795,3.266295,14.327795,102.136454,23.283956,3.266295,23.283956,5.308023,-0.000000,0.000000,109.454393,-0.060843,-0.433720,-0.098875,0.448989,2.125671,15.152957,3.454406,15.152957,108.018662,24.624918,3.454406,24.624918,5.613721,-0.000000,0.000000,115.758054,0.041502,0.094625,0.077592,0.040951,0.094094,0.076850,0.000551,0.000531,0.000742,-0.018994,-0.047110,-0.047455,0.069513,6.585495,16.333918,16.453427,16.333918,40.512802,40.809220,16.453427,40.809220,41.107807,0.000000,0.000000,88.206104,-0.018994,-0.047110,-0.047455,0.069513,6.614945,16.406962,16.527006,16.406962,40.693972,40.991716,16.527006,40.991716,41.291638,0.000000,0.000000,88.600555
2.4151,post_ramp,0.139,100.0000,4.204641,-1.402058,-1.492563,-0.176408,-0.081301,1.144350,-1.796292,0.941864,-2.489651,1.310020,-2.281029,0.800738,-1.777884,0.017117,-0.312807,0.023981,0.023981,-0.042082,0.023981,0.023981,0.023981,0.023981,0.120622,0.033282,0.023981,0.023981,1.561902,-0.793918,1.233523,0.152866,0.002710,0.000000,-0.002710,-0.004065,0.695765,0.823987,0.823987,0.572653,1.104548,1.104548,0.796492,1.046344,1.046344,0.486849,0.919278,0.919278,-0.005931,0.084823,-0.011628,0.003613,0.061050,-0.009209,-0.009544,0.023773,-0.002419,0.083707,-0.504464,0.590099,0.780838,1.473810,-8.882004,10.389767,-8.882004,53.527943,-62.614569,10.389767,-62.614569,73.243693,-0.000000,-0.000000,128.245446,0.083707,-0.504464,0.590099,0.780838,1.149571,-6.927963,8.104018,-6.927963,41.751795,-48.839363,8.104018,-48.839363,57.130080,-0.000000,0.000000,100.031447,-0.017707,0.118659,0.082628,-0.017082,0.116515,0.078226,-0.000626,0.002144,0.004403,-0.013215,-0.258765,-0.276050,0.378600,0.119760,2.345049,2.501701,2.345049,45.918796,48.986231,2.501701,48.986231,52.258575,-0.000000,0.000000,98.297131,-0.013215,-0.258765,-0.276050,0.378600,0.122435,2.397424,2.557575,2.397424,46.944363,50.080307,2.557575,50.080307,53.425736,0.000000,0.000000,100.492535,0.002027,0.111719,0.078149,0.001881,0.109766,0.076593,0.000146,0.001954,0.001556,-0.018490,-0.159663,-0.059768,0.171483,1.333999,11.519367,4.312164,11.519367,99.472167,37.236444,4.312164,37.236444,13.939103,-0.000000,0.000000,114.745269,-0.018490,-0.159663,-0.059768,0.171483,1.351806,11.673135,4.369725,11.673135,100.799989,37.733501,4.369725,37.733501,14.125171,-0.000000,0.000000,116.276966,0.017697,0.107800,0.060566,0.016455,0.103733,0.056595,0.001242,0.004067,0.003971,-0.062403,-0.443167,-0.101880,0.458989,2.023216,14.368227,3.303112,14.368227,102.038497,23.457634,3.303112,23.457634,5.392676,-0.000000,0.000000,109.454389,-0.062403,-0.443167,-0.101880,0.458989,2.144150,15.227060,3.500549,15.227060,108.137650,24.859768,3.500549,24.859768,5.715013,-0.000000,0.000000,115.996813,0.041502,0.094625,0.077592,0.040951,0.094094,0.076850,0.000551,0.000531,0.000742,-0.018994,-0.047111,-0.047455,0.069514,6.585495,16.333918,16.453427,16.333918,40.512802,40.809220,16.453427,40.809220,41.107807,-0.000000,0.000000,88.206104,-0.018994,-0.047111,-0.047455,0.069514,6.614946,16.406963,16.527007,16.406963,40.693975,40.991719,16.527007,40.991719,41.291641,-0.000000,0.000000,88.600562
2.4332,post_ramp,0.139,100.0000,4.204641,-1.395923,-1.492563,-0.176408,-0.081301,1.144350,-1.796292,0.941864,-2.489651,1.306952,-2.281029,0.800738,-1.777884,0.010513,-0.109847,0.023981,0.023981,-0.029044,0.023981,0.023981,0.023981,0.023981,0.016018,0.028924,0.023981,0.023981,1.561902,-0.790443,1.233523,0.152866,0.002710,0.000000,-0.002710,-0.004065,0.695765,0.823987,0.823987,0.572653,1.104548,1.104548,0.794627,1.046344,1.046344,0.486849,0.919278,0.919278,-0.005966,0.084922,-0.011457,0.003613,0.061050,-0.009209,-0.009579,0.023872,-0.002248,0.083297,-0.501570,0.582720,0.773352,1.488342,-8.961948,10.411912,-8.961948,53.963746,-62.694604,10.411912,-62.694604,72.838037,-0.000000,0.000000,128.290125,0.083297,-0.501570,0.582720,0.773352,1.158342,-6.974874,8.103348,-6.974874,41.998719,-48.793741,8.103348,-48.793741,56.688138,-0.000000,0.000000,99.845199,-0.017707,0.118659,0.082628,-0.017082,0.116515,0.078226,-0.000626,0.002144,0.004403,-0.013215,-0.258765,-0.276050,0.378600,0.119760,2.345049,2.501701,2.345049,45.918796,48.986231,2.501701,48.986231,52.258575,0.000000,0.000000,98.297131,-0.013215,-0.258765,-0.276050,0.378600,0.122435,2.397424,2.557575,2.397424,46.944363,50.080307,2.557575,50.080307,53.425736,0.000000,0.000000,100.492535,0.002027,0.111719,0.078149,0.001881,0.109766,0.076593,0.000146,0.001954,0.001556,-0.018490,-0.159663,-0.059768,0.171483,1.333999,11.519367,4.312164,11.519367,99.472167,37.236444,4.312164,37.236444,13.939103,-0.000000,0.000000,114.745269,-0.018490,-0.159663,-0.059768,0.171483,1.351806,11.673135,4.369725,11.673135,100.799989,37.733501,4.369725,37.733501,14.125171,-0.000000,0.000000,116.276966,0.017730,0.107833,0.060683,0.016455,0.103733,0.056595,0.001274,0.004100,0.004088,-0.063973,-0.452607,-0.104920,0.468992,2.036550,14.408527,3.340081,14.408527,101.939876,23.630966,3.340081,23.630966,5.477960,-0.000000,0.000000,109.454386,-0.063973,-0.452607,-0.104920,0.468992,2.162717,15.301152,3.547003,15.301152,108.255172,25.094932,3.547003,25.094932,5.817326,-0.000000,0.000000,116.235215,0.041502,0.094625,0.077592,0.040951,0.094094,0.076850,0.000551,0.000531,0.000742,-0.018994,-0.047111,-0.047456,0.069515,6.585495,16.333918,16.453427,16.333918,40.512802,40.809220,16.453427,40.809220,41.107807,-0.000000,0.000000,88.206104,-0.018994,-0.047111,-0.047456,0.069515,6.614946,16.406964,16.527008,16.406964,40.693978,40.991722,16.527008,40.991722,41.291644,0.000000,0.000000,88.600568
2.4514,post_ramp,0.139,100.0000,4.204641,-1.391321,-1.492563,-0.176408,-0.081301,1.144350,-1.796292,0.941864,-2.489651,1.303884,-2.281029,0.800738,-1.777884,0.005587,0.062053,0.023981,0.023981,-0.015435,0.023981,0.023981,0.023981,0.023981,-0.059888,0.026608,0.023981,0.023981,1.561902,-0.787837,1.233523,0.152866,0.002710,0.000000,-0.002710,-0.004065,0.695765,0.823987,0.823987,0.572653,1.104548,1.104548,0.792761,1.046344,1.046344,0.486849,0.919278,0.919278,-0.005992,0.084995,-0.011329,0.003613,0.061050,-0.009209,-0.009606,0.023945,-0.002120,0.082988,-0.499383,0.577216,0.767756,1.499315,-9.022156,10.428344,-9.022156,54.291010,-62.752772,10.428344,-62.752772,72.533377,-0.000000,0.000000,128.323702,0.082988,-0.499383,0.577216,0.767756,1.164948,-7.010100,8.102689,-7.010100,42.183418,-48.758098,8.102689,-48.758098,56.357503,-0.000000,0.000000,99.705869,-0.017707,0.118659,0.082628,-0.017082,0.116515,0.078226,-0.000626,0.002144,0.004403,-0.013215,-0.258765,-0.276050,0.378600,0.119760,2.345049,2.501701,2.345049,45.918796,48.986231,2.501701,48.986231,52.258575,-0.000000,-0.000000,98.297131,-0.013215,-0.258765,-0.276050,0.378600,0.122435,2.397424,2.557575,2.397424,46.944363,50.080307,2.557575,50.080307,53.425736,-0.000000,-0.000000,100.492535,0.002027,0.111719,0.078149,0.001881,0.109766,0.076593,0.000146,0.001954,0.001556,-0.018490,-0.159663,-0.059768,0.171483,1.333999,11.519367,4.312164,11.519367,99.472167,37.236444,4.312164,37.236444,13.939103,-0.000000,0.000000,114.745269,-0.018490,-0.159663,-0.059768,0.171483,1.351806,11.673135,4.369725,11.673135,100.799989,37.733501,4.369725,37.733501,14.125171,-0.000000,0.000000,116.276966,0.017762,0.107866,0.060801,0.016455,0.103733,0.056595,0.001307,0.004133,0.004205,-0.065552,-0.462037,-0.107995,0.478997,2.049917,14.448694,3.377199,14.448694,101.840592,23.803951,3.377199,23.803951,5.563872,-0.000000,0.000000,109.454382,-0.065552,-0.462037,-0.107995,0.478997,2.181370,15.375231,3.593766,15.375231,108.371226,25.330404,3.593766,25.330404,5.920662,0.000000,0.000000,116.473257,0.041502,0.094625,0.077592,0.040951,0.094094,0.076850,0.000551,0.000531,0.000742,-0.018994,-0.047111,-0.047456,0.069515,6.585495,16.333918,16.453427,16.333918,40.512802,40.809220,16.453427,40.809220,41.107807,-0.000000,0.000000,88.206104,-0.018994,-0.047111,-0.047456,0.069515,6.614947,16.406965,16.527009,16.406965,40.693981,40.991725,16.527009,40.991725,41.291647,0.000000,0.000000,88.600575
2.4696,post_ramp,0.139,100.0000,4.204641,-1.383651,-1.492563,-0.176408,-0.081301,1.144350,-1.796292,0.941864,-2.489651,1.303884,-2.282563,0.800738,-1.777884,0.002969,0.185550,0.023981,0.023981,-0.008203,0.023981,0.023981,0.023981,0.023981,-0.088190,0.022979,0.023981,0.023981,1.561902,-0.783494,1.233523,0.152866,0.002710,0.000000,-0.002710,-0.004065,0.695765,0.823987,0.823987,0.572653,1.104548,1.104548,0.792761,1.047047,1.047047,0.486849,0.919278,0.919278,-0.006036,0.085117,-0.011115,0.003613,0.061050,-0.009209,-0.009649,0.024067,-0.001906,0.082468,-0.495706,0.568104,0.758464,1.517742,-9.122978,10.455386,-9.122978,54.837211,-62.846169,10.455386,-62.846169,72.024834,-0.000000,0.000000,128.379787,0.082468,-0.495706,0.568104,0.758464,1.176013,-7.068886,8.101294,-7.068886,42.490290,-48.695985,8.101294,-48.695985,55.808019,-0.000000,0.000000,99.474322,-0.017707,0.118659,0.082628,-0.017082,0.116515,0.078226,-0.000626,0.002144,0.004403,-0.013215,-0.258765,-0.276050,0.378600,0.119760,2.345049,2.501701,2.345049,45.918796,48.986231,2.501701,48.986231,52.258575,-0.000000,0.000000,98.297131,-0.013215,-0.258765,-0.276050,0.378600,0.122435,2.397424,2.557575,2.397424,46.944363,50.080307,2.557575,50.080307,53.425736,0.000000,0.000000,100.492535,0.002027,0.111719,0.078149,0.001881,0.109766,0.076593,0.000146,0.001954,0.001556,-0.018490,-0.159663,-0.059768,0.171483,1.333999,11.519367,4.312164,11.519367,99.472167,37.236444,4.312164,37.236444,13.939103,-0.000000,0.000000,114.745269,-0.018490,-0.159663,-0.059768,0.171483,1.351806,11.673135,4.369725,11.673135,100.799989,37.733501,4.369725,37.733501,14.125171,-0.000000,0.000000,116.276966,0.017755,0.107830,0.060779,0.016455,0.103733,0.056595,0.001300,0.004097,0.004183,-0.064983,-0.459327,-0.106695,0.476012,2.039815,14.418306,3.349158,14.418306,101.914885,23.673315,3.349158,23.673315,5.498960,-0.000000,0.000000,109.453660,-0.064983,-0.459327,-0.106695,0.476012,2.170605,15.342782,3.563901,15.342782,108.449488,25.191206,3.563901,25.191206,5.851543,0.000000,0.000000,116.471636,0.041502,0.094625,0.077592,0.040951,0.094094,0.076850,0.000551,0.000531,0.000742,-0.018994,-0.047111,-0.047456,0.069515,6.585495,16.333918,16.453427,16.333918,40.512802,40.809220,16.453427,40.809220,41.107807,-0.000000,0.000000,88.206104,-0.018994,-0.047111,-0.047456,0.069515,6.614946,16.406965,16.527009,16.406965,40.693980,40.991724,16.527009,40.991724,41.291646,-0.000000,0.000000,88.600573
2.4880,post_ramp,0.139,100.0000,4.204641,-1.379049,-1.492563,-0.176408,-0.081301,1.144350,-1.796292,0.941864,-2.489651,1.303884,-2.285631,0.800738,-1.777884,0.001578,0.250005,0.023981,0.023981,0.002139,0.023981,0.023981,0.023981,0.023981,-0.059702,-0.014226,0.023981,0.023981,1.561902,-0.780888,1.233523,0.152866,0.002710,0.000000,-0.002710,-0.004065,0.695765,0.823987,0.823987,0.572653,1.104548,1.104548,0.792761,1.048455,1.048455,0.486849,0.919278,0.919278,-0.006062,0.085189,-0.010986,0.003613,0.061050,-0.009209,-0.009676,0.024139,-0.001778,0.082153,-0.493482,0.562672,0.752910,1.528882,-9.183754,10.471403,-9.183754,55.165372,-62.900074,10.471403,-62.900074,71.719254,-0.000000,0.000000,128.413508,0.082153,-0.493482,0.562672,0.752910,1.182685,-7.104202,8.100278,-7.104202,42.673828,-48.657098,8.100278,-48.657098,55.479279,-0.000000,0.000000,99.335792,-0.017707,0.118659,0.082628,-0.017082,0.116515,0.078226,-0.000626,0.002144,0.004403,-0.013215,-0.258765,-0.276050,0.378600,0.119760,2.345049,2.501701,2.345049,45.918796,48.986231,2.501701,48.986231,52.258575,-0.000000,-0.000000,98.297131,-0.013215,-0.258765,-0.276050,0.378600,0.122435,2.397424,2.557575,2.397424,46.944363,50.080307,2.557575,50.080307,53.425736,-0.000000,0.000000,100.492535,0.002027,0.111719,0.078149,0.001881,0.109766,0.076593,0.000146,0.001954,0.001556,-0.018490,-0.159663,-0.059768,0.171483,1.333999,11.519367,4.312164,11.519367,99.472167,37.236444,4.312164,37.236444,13.939103,-0.000000,0.000000,114.745269,-0.018490,-0.159663,-0.059768,0.171483,1.351806,11.673135,4.369725,11.673135,100.799989,37.733501,4.369725,37.733501,14.125171,-0.000000,0.000000,116.276966,0.017740,0.107760,0.060734,0.016455,0.103733,0.056595,0.001285,0.004027,0.004139,-0.063850,-0.453895,-0.104116,0.470040,2.019646,14.357136,3.293296,14.357136,102.061134,23.411180,3.293296,23.411180,5.370147,-0.000000,0.000000,109.450928,-0.063850,-0.453895,-0.104116,0.470040,2.149101,15.277397,3.504389,15.277397,108.603028,24.911785,3.504389,24.911785,5.714362,-0.000000,0.000000,116.466491,0.041502,0.094625,0.077592,0.040951,0.094094,0.076850,0.000551,0.000531,0.000742,-0.018994,-0.047111,-0.047456,0.069515,6.585495,16.333918,16.453427,16.333918,40.512802,40.809220,16.453427,40.809220,41.107807,-0.000000,0.000000,88.206104,-0.018994,-0.047111,-0.047456,0.069515,6.614946,16.406964,16.527008,16.406964,40.693979,40.991722,16.527008,40.991722,41.291644,-0.000000,0.000000,88.600569
2.5060,post_ramp,0.139,100.0000,4.204641,-1.375981,-1.492563,-0.176408,-0.079767,1.144350,-1.796292,0.941864,-2.489651,1.303884,-2.290233,0.800738,-1.777884,0.010659,0.255663,0.023981,0.023981,0.020620,0.023981,0.023981,0.023981,0.023981,-0.031728,-0.088764,0.023981,0.023981,1.561902,-0.779151,1.233523,0.152866,0.002659,0.000000,-0.002659,-0.003988,0.695765,0.823987,0.823987,0.572653,1.104548,1.104548,0.792761,1.050566,1.050566,0.486849,0.919278,0.919278,-0.006080,0.085237,-0.010901,0.003613,0.061050,-0.009209,-0.009693,0.024187,-0.001692,0.081942,-0.491991,0.559066,0.749216,1.536344,-9.224390,10.481993,-9.224390,55.384325,-62.935120,10.481993,-62.935120,71.515348,-0.000000,0.000000,128.436017,0.081942,-0.491991,0.559066,0.749216,1.187146,-7.127765,8.099525,-7.127765,42.795939,-48.630503,8.099525,-48.630503,55.260518,-0.000000,-0.000000,99.243603,-0.017709,0.118659,0.082628,-0.017082,0.116515,0.078226,-0.000627,0.002144,0.004402,-0.013198,-0.258775,-0.276058,0.378612,0.119447,2.342001,2.498418,2.342001,45.919572,48.986428,2.498418,48.986428,52.258112,-0.000000,0.000000,98.297131,-0.013198,-0.258775,-0.276058,0.378612,0.122115,2.394311,2.554221,2.394311,46.945204,50.080559,2.554221,50.080559,53.425317,-0.000000,0.000000,100.492635,0.002027,0.111719,0.078149,0.001881,0.109766,0.076593,0.000146,0.001954,0.001556,-0.018490,-0.159663,-0.059768,0.171483,1.333999,11.519367,4.312164,11.519367,99.472167,37.236444,4.312164,37.236444,13.939103,-0.000000,0.000000,114.745269,-0.018490,-0.159663,-0.059768,0.171483,1.351806,11.673135,4.369725,11.673135,100.799989,37.733501,4.369725,37.733501,14.125171,-0.000000,0.000000,116.276966,0.017719,0.107654,0.060668,0.016455,0.103733,0.056595,0.001264,0.003921,0.004073,-0.062180,-0.445733,-0.100304,0.461091,1.990289,14.267281,3.210575,14.267281,102.274249,23.014835,3.210575,23.014835,5.179042,0.000000,0.000000,109.443579,-0.062180,-0.445733,-0.100304,0.461091,2.117785,15.181230,3.416241,15.181230,108.825848,24.489145,3.416241,24.489145,5.510807,-0.000000,0.000000,116.454440,0.041504,0.094626,0.077591,0.040951,0.094094,0.076850,0.000554,0.000532,0.000742,-0.019012,-0.047145,-0.047487,0.069564,6.588486,16.337773,16.456418,16.337773,40.513530,40.807741,16.456418,40.807741,41.104088,0.000000,0.000000,88.206104,-0.019012,-0.047145,-0.047487,0.069564,6.617993,16.410942,16.530119,16.410942,40.694972,40.990500,16.530119,40.990500,41.288175,-0.000000,0.000000,88.601140
2.5242,post_ramp,0.139,100.0000,4.204641,-1.375981,-1.492563,-0.176408,-0.075165,1.144350,-1.796292,0.941864,-2.489651,1.302350,-2.299437,0.800738,-1.777884,0.016901,0.207635,0.023981,0.023981,0.063385,0.023981,0.023981,0.023981,0.023981,-0.021418,-0.177879,0.023981,0.023981,1.561902,-0.779151,1.233523,0.152866,0.002506,0.000000,-0.002506,-0.003758,0.695765,0.823987,0.823987,0.572653,1.104548,1.104548,0.791829,1.054788,1.054788,0.486849,0.919278,0.919278,-0.006080,0.085237,-0.010901,0.003613,0.061050,-0.009209,-0.009693,0.024187,-0.001692,0.081942,-0.491991,0.559066,0.749216,1.536344,-9.224390,10.481993,-9.224390,55.384325,-62.935120,10.481993,-62.935120,71.515348,-0.000000,0.000000,128.436017,0.081942,-0.491991,0.559066,0.749216,1.187146,-7.127765,8.099525,-7.127765,42.795939,-48.630503,8.099525,-48.630503,55.260518,-0.000000,-0.000000,99.243603,-0.017714,0.118660,0.082628,-0.017082,0.116515,0.078226,-0.000632,0.002145,0.004402,-0.013148,-0.258807,-0.276082,0.378649,0.118510,2.332857,2.488567,2.332857,45.921899,48.987018,2.488567,48.987018,52.256722,-0.000000,0.000000,98.297131,-0.013148,-0.258807,-0.276082,0.378649,0.121158,2.384970,2.544158,2.384970,46.947723,50.081312,2.544158,50.081312,53.424056,-0.000000,0.000000,100.492937,0.002027,0.111719,0.078149,0.001881,0.109766,0.076593,0.000146,0.001954,0.001556,-0.018490,-0.159663,-0.059768,0.171483,1.333999,11.519367,4.312164,11.519367,99.472167,37.236444,4.312164,37.236444,13.939103,-0.000000,0.000000,114.745269,-0.018490,-0.159663,-0.059768,0.171483,1.351806,11.673135,4.369725,11.673135,100.799989,37.733501,4.369725,37.733501,14.125171,-0.000000,0.000000,116.276966,0.017695,0.107458,0.060595,0.016455,0.103733,0.056595,0.001240,0.003725,0.003999,-0.059663,-0.434046,-0.094317,0.448165,1.939172,14.107467,3.065514,14.107467,102.631740,22.301596,3.065514,22.301596,4.846076,-0.000000,-0.000000,109.416988,-0.059663,-0.434046,-0.094317,0.448165,2.065327,15.025241,3.264944,15.025241,109.308539,23.752446,3.264944,23.752446,5.161341,-0.000000,0.000000,116.535207,0.041512,0.094627,0.077589,0.040951,0.094094,0.076850,0.000561,0.000533,0.000739,-0.019066,-0.047247,-0.047582,0.069712,6.597460,16.349337,16.465387,16.349337,40.515713,40.803301,16.465387,40.803301,41.092930,-0.000000,0.000000,88.206104,-0.019066,-0.047247,-0.047582,0.069712,6.627136,16.422877,16.539449,16.422877,40.697955,40.986836,16.539449,40.986836,41.277768,0.000000,0.000000,88.602859
2.5424,post_ramp,0.139,100.0000,4.204641,-1.375981,-1.492563,-0.176408,-0.073631,1.144350,-1.796292,0.941864,-2.489651,1.302350,-2.307107,0.800738,-1.777884,0.020218,0.138517,0.023981,0.023981,0.116441,0.023981,0.023981,0.023981,0.023981,-0.022619,-0.292201,0.023981,0.023981,1.561902,-0.779151,1.233523,0.152866,0.002454,0.000000,-0.002454,-0.003682,0.695765,0.823987,0.823987,0.572653,1.104548,1.104548,0.791829,1.058306,1.058306,0.486849,0.919278,0.919278,-0.006080,0.085237,-0.010901,0.003613,0.061050,-0.009209,-0.009693,0.024187,-0.001692,0.081942,-0.491991,0.559066,0.749216,1.536344,-9.224390,10.481993,-9.224390,55.384325,-62.935120,10.481993,-62.935120,71.515348,-0.000000,0.000000,128.436017,0.081942,-0.491991,0.559066,0.749216,1.187146,-7.127765,8.099525,-7.127765,42.795939,-48.630503,8.099525,-48.630503,55.260518,-0.000000,-0.000000,99.243603,-0.017716,0.118660,0.082628,-0.017082,0.116515,0.078226,-0.000634,0.002145,0.004402,-0.013131,-0.258818,-0.276090,0.378662,0.118199,2.329809,2.485284,2.329809,45.922675,48.987214,2.485284,48.987214,52.256258,-0.000000,0.000000,98.297131,-0.013131,-0.258818,-0.276090,0.378662,0.120839,2.381856,2.540804,2.381856,46.948563,50.081563,2.540804,50.081563,53.423635,0.000000,0.000000,100.493038,0.002027,0.111719,0.078149,0.001881,0.109766,0.076593,0.000146,0.001954,0.001556,-0.018490,-0.159663,-0.059768,0.171483,1.333999,11.519367,4.312164,11.519367,99.472167,37.236444,4.312164,37.236444,13.939103,-0.000000,0.000000,114.745269,-0.018490,-0.159663,-0.059768,0.171483,1.351806,11.673135,4.369725,11.673135,100.799989,37.733501,4.369725,37.733501,14.125171,-0.000000,0.000000,116.276966,0.017660,0.107280,0.060486,0.016455,0.103733,0.056595,0.001205,0.003547,0.003891,-0.056942,-0.420236,-0.088289,0.433170,1.890145,13.949446,2.930702,13.949446,102.948216,21.628855,2.930702,21.628855,4.544104,-0.000000,0.000000,109.382465,-0.056942,-0.420236,-0.088289,0.433170,2.012848,14.855010,3.120956,14.855010,109.631362,23.032947,3.120956,23.032947,4.839096,-0.000000,0.000000,116.483306,0.041514,0.094627,0.077588,0.040951,0.094094,0.076850,0.000564,0.000533,0.000739,-0.019083,-0.047280,-0.047613,0.069761,6.600453,16.353191,16.468376,16.353191,40.516441,40.801821,16.468376,40.801821,41.089210,0.000000,0.000000,88.206104,-0.019083,-0.047280,-0.047613,0.069761,6.630185,16.426854,16.542557,16.426854,40.698946,40.985611,16.542557,40.985611,41.274296,-0.000000,0.000000,88.603427
2.5605,post_ramp,0.139,100.0000,4.206175,-1.375981,-1.492563,-0.176408,-0.073631,1.144350,-1.796292,0.941864,-2.489651,1.303884,-2.310175,0.800738,-1.777884,0.012161,0.084850,0.023981,0.023981,0.121234,0.023981,0.023981,0.023981,0.023981,-0.006113,-0.342523,0.023981,0.023981,1.562472,-0.779151,1.233523,0.152866,0.002454,0.000000,-0.002454,-0.003682,0.695765,0.823987,0.823987,0.572653,1.104548,1.104548,0.792761,1.059713,1.059713,0.486849,0.919278,0.919278,-0.006044,0.085226,-0.010892,0.003613,0.061050,-0.009209,-0.009657,0.024176,-0.001683,0.081380,-0.490678,0.557415,0.747060,1.524078,-9.189418,10.439266,-9.189418,55.407536,-62.943489,10.439266,-62.943489,71.504403,-0.000000,0.000000,128.436017,0.081380,-0.490678,0.557415,0.747060,1.177409,-7.099183,8.064740,-7.099183,42.804480,-48.626297,8.064740,-48.626297,55.239937,0.000000,0.000000,99.221826,-0.017716,0.118660,0.082628,-0.017082,0.116515,0.078226,-0.000634,0.002145,0.004402,-0.013131,-0.258818,-0.276090,0.378662,0.118199,2.329809,2.485284,2.329809,45.922675,48.987214,2.485284,48.987214,52.256258,-0.000000,0.000000,98.297131,-0.013131,-0.258818,-0.276090,0.378662,0.120839,2.381856,2.540804,2.381856,46.948563,50.081563,2.540804,50.081563,53.423635,-0.000000,0.000000,100.493038,0.002027,0.111719,0.078149,0.001881,0.109766,0.076593,0.000146,0.001954,0.001556,-0.018490,-0.159663,-0.059768,0.171483,1.333999,11.519367,4.312164,11.519367,99.472167,37.236444,4.312164,37.236444,13.939103,-0.000000,0.000000,114.745269,-0.018490,-0.159663,-0.059768,0.171483,1.351806,11.673135,4.369725,11.673135,100.799989,37.733501,4.369725,37.733501,14.125171,-0.000000,0.000000,116.276966,0.017629,0.107193,0.060385,0.016455,0.103733,0.056595,0.001174,0.003460,0.003790,-0.055115,-0.409941,-0.084560,0.422185,1.863853,13.863254,2.859618,13.863254,103.114228,21.269701,2.859618,21.269701,4.387369,0.000000,0.000000,109.365451,-0.055115,-0.409941,-0.084560,0.422185,1.982615,14.746593,3.041827,14.746593,109.684461,22.624964,3.041827,22.624964,4.666924,-0.000000,0.000000,116.333999,0.041514,0.094627,0.077588,0.040951,0.094094,0.076850,0.000564,0.000533,0.000739,-0.019083,-0.047280,-0.047613,0.069761,6.600453,16.353191,16.468376,16.353191,40.516441,40.801820,16.468376,40.801820,41.089210,-0.000000,0.000000,88.206104,-0.019083,-0.047280,-0.047613,0.069761,6.630184,16.426853,16.542556,16.426853,40.698943,40.985608,16.542556,40.985608,41.274293,-0.000000,0.000000,88.603420
2.5794,post_ramp,0.139,100.0000,4.204641,-1.375981,-1.492563,-0.176408,-0.075165,1.144350,-1.796292,0.941864,-2.489651,1.306952,-2.308641,0.800738,-1.777884,0.014710,0.056329,0.023981,0.023981,0.069016,0.023981,0.023981,0.023981,0.023981,0.033970,-0.260326,0.023981,0.023981,1.561902,-0.779151,1.233523,0.152866,0.002506,0.000000,-0.002506,-0.003758,0.695765,0.823987,0.823987,0.572653,1.104548,1.104548,0.794627,1.059010,1.059010,0.486849,0.919278,0.919278,-0.006080,0.085237,-0.010901,0.003613,0.061050,-0.009209,-0.009693,0.024187,-0.001692,0.081942,-0.491991,0.559066,0.749216,1.536344,-9.224390,10.481993,-9.224390,55.384325,-62.935120,10.481993,-62.935120,71.515348,-0.000000,0.000000,128.436017,0.081942,-0.491991,0.559066,0.749216,1.187146,-7.127765,8.099525,-7.127765,42.795939,-48.630503,8.099525,-48.630503,55.260518,-0.000000,-0.000000,99.243603,-0.017714,0.118660,0.082628,-0.017082,0.116515,0.078226,-0.000632,0.002145,0.004402,-0.013148,-0.258807,-0.276082,0.378649,0.118510,2.332857,2.488567,2.332857,45.921899,48.987018,2.488567,48.987018,52.256722,-0.000000,0.000000,98.297131,-0.013148,-0.258807,-0.276082,0.378649,0.121158,2.384970,2.544158,2.384970,46.947723,50.081312,2.544158,50.081312,53.424056,-0.000000,0.000000,100.492937,0.002027,0.111719,0.078149,0.001881,0.109766,0.076593,0.000146,0.001954,0.001556,-0.018490,-0.159663,-0.059768,0.171483,1.333999,11.519367,4.312164,11.519367,99.472167,37.236444,4.312164,37.236444,13.939103,-0.000000,0.000000,114.745269,-0.018490,-0.159663,-0.059768,0.171483,1.351806,11.673135,4.369725,11.673135,100.799989,37.733501,4.369725,37.733501,14.125171,-0.000000,0.000000,116.276966,0.017603,0.107195,0.060290,0.016455,0.103733,0.056595,0.001148,0.003462,0.003695,-0.054149,-0.403228,-0.082991,0.415226,1.860073,13.851246,2.850801,13.851246,103.144900,21.228820,2.850801,21.228820,4.369221,-0.000000,0.000000,109.374193,-0.054149,-0.403228,-0.082991,0.415226,1.974453,14.702992,3.026104,14.702992,109.487521,22.534230,3.026104,22.534230,4.637894,-0.000000,0.000000,116.099869,0.041512,0.094627,0.077589,0.040951,0.094094,0.076850,0.000561,0.000533,0.000739,-0.019065,-0.047246,-0.047581,0.069711,6.597460,16.349337,16.465387,16.349337,40.515713,40.803301,16.465387,40.803301,41.092930,0.000000,0.000000,88.206104,-0.019065,-0.047246,-0.047581,0.069711,6.627135,16.422873,16.539446,16.422873,40.697946,40.986827,16.539446,40.986827,41.277759,0.000000,0.000000,88.602840
2.5975,post_ramp,0.139,100.0000,4.204641,-1.375981,-1.492563,-0.176408,-0.076699,1.144350,-1.796292,0.941864,-2.489651,1.311554,-2.307107,0.800738,-1.777884,0.014497,0.041172,0.023981,0.023981,0.009122,0.023981,0.023981,0.023981,0.023981,0.091010,-0.124036,0.023981,0.023981,1.561902,-0.779151,1.233523,0.152866,0.002557,0.000000,-0.002557,-0.003835,0.695765,0.823987,0.823987,0.572653,1.104548,1.104548,0.797425,1.058306,1.058306,0.486849,0.919278,0.919278,-0.006080,0.085237,-0.010901,0.003613,0.061050,-0.009209,-0.009693,0.024187,-0.001692,0.081942,-0.491991,0.559066,0.749216,1.536344,-9.224390,10.481993,-9.224390,55.384325,-62.935120,10.481993,-62.935120,71.515348,-0.000000,0.000000,128.436017,0.081942,-0.491991,0.559066,0.749216,1.187146,-7.127765,8.099525,-7.127765,42.795939,-48.630503,8.099525,-48.630503,55.260518,-0.000000,-0.000000,99.243603,-0.017712,0.118660,0.082628,-0.017082,0.116515,0.078226,-0.000631,0.002144,0.004402,-0.013164,-0.258797,-0.276074,0.378637,0.118822,2.335905,2.491851,2.335905,45.921124,48.986821,2.491851,48.986821,52.257185,-0.000000,0.000000,98.297131,-0.013164,-0.258797,-0.276074,0.378637,0.121476,2.388084,2.547512,2.388084,46.946884,50.081061,2.547512,50.081061,53.424477,-0.000000,-0.000000,100.492837,0.002027,0.111719,0.078149,0.001881,0.109766,0.076593,0.000146,0.001954,0.001556,-0.018490,-0.159663,-0.059768,0.171483,1.333999,11.519367,4.312164,11.519367,99.472167,37.236444,4.312164,37.236444,13.939103,-0.000000,0.000000,114.745269,-0.018490,-0.159663,-0.059768,0.171483,1.351806,11.673135,4.369725,11.673135,100.799989,37.733501,4.369725,37.733501,14.125171,-0.000000,0.000000,116.276966,0.017561,0.107180,0.060137,0.016455,0.103733,0.056595,0.001106,0.003447,0.003542,-0.052446,-0.391764,-0.080080,0.403289,1.849853,13.818157,2.824545,13.818157,103.219817,21.098981,2.824545,21.098981,4.312805,-0.000000,0.000000,109.382475,-0.052446,-0.391764,-0.080080,0.403289,1.957405,14.621561,2.988767,14.621561,109.221140,22.325701,2.988767,22.325701,4.563557,-0.000000,0.000000,115.742103,0.041509,0.094626,0.077590,0.040951,0.094094,0.076850,0.000559,0.000533,0.000740,-0.019047,-0.047211,-0.047549,0.069660,6.594468,16.345482,16.462398,16.345482,40.514986,40.804781,16.462398,40.804781,41.096650,-0.000000,0.000000,88.206104,-0.019047,-0.047211,-0.047549,0.069660,6.624085,16.418893,16.536334,16.418893,40.696947,40.988044,16.536334,40.988044,41.281224,0.000000,0.000000,88.602256
2.6151,post_ramp,0.139,100.0000,4.204641,-1.375981,-1.492563,-0.176408,-0.079767,1.144350,-1.796292,0.941864,-2.489651,1.313088,-2.305573,0.800738,-1.777884,0.007705,0.033117,0.023981,0.023981,-0.031259,0.023981,0.023981,0.023981,0.023981,0.155343,-0.026489,0.023981,0.023981,1.561902,-0.779151,1.233523,0.152866,0.002659,0.000000,-0.002659,-0.003988,0.695765,0.823987,0.823987,0.572653,1.104548,1.104548,0.798357,1.057602,1.057602,0.486849,0.919278,0.919278,-0.006080,0.085237,-0.010901,0.003613,0.061050,-0.009209,-0.009693,0.024187,-0.001692,0.081942,-0.491991,0.559066,0.749216,1.536344,-9.224390,10.481993,-9.224390,55.384325,-62.935120,10.481993,-62.935120,71.515348,-0.000000,0.000000,128.436017,0.081942,-0.491991,0.559066,0.749216,1.187146,-7.127765,8.099525,-7.127765,42.795939,-48.630503,8.099525,-48.630503,55.260518,-0.000000,-0.000000,99.243603,-0.017709,0.118659,0.082628,-0.017082,0.116515,0.078226,-0.000627,0.002144,0.004402,-0.013198,-0.258775,-0.276058,0.378612,0.119447,2.342001,2.498418,2.342001,45.919572,48.986428,2.498418,48.986428,52.258112,-0.000000,0.000000,98.297131,-0.013198,-0.258775,-0.276058,0.378612,0.122115,2.394311,2.554221,2.394311,46.945204,50.080559,2.554221,50.080559,53.425317,-0.000000,-0.000000,100.492636,0.002027,0.111719,0.078149,0.001881,0.109766,0.076593,0.000146,0.001954,0.001556,-0.018490,-0.159663,-0.059768,0.171483,1.333999,11.519367,4.312164,11.519367,99.472167,37.236444,4.312164,37.236444,13.939103,-0.000000,0.000000,114.745269,-0.018490,-0.159663,-0.059768,0.171483,1.351806,11.673135,4.369725,11.673135,100.799989,37.733501,4.369725,37.733501,14.125171,-0.000000,0.000000,116.276966,0.017551,0.107199,0.060101,0.016455,0.103733,0.056595,0.001096,0.003466,0.003505,-0.052208,-0.389762,-0.079866,0.401271,1.851741,13.824229,2.832713,13.824229,103.205191,21.147704,2.832713,21.147704,4.333361,-0.000000,0.000000,109.390294,-0.052208,-0.389762,-0.079866,0.401271,1.957383,14.612903,2.994320,14.612903,109.093062,22.354183,2.994320,22.354183,4.580580,-0.000000,0.000000,115.631025,0.041504,0.094626,0.077591,0.040951,0.094094,0.076850,0.000554,0.000532,0.000742,-0.019011,-0.047143,-0.047485,0.069561,6.588486,16.337773,16.456418,16.337773,40.513530,40.807741,16.456418,40.807741,41.104088,-0.000000,0.000000,88.206104,-0.019011,-0.047143,-0.047485,0.069561,6.617990,16.410935,16.530112,16.410935,40.694955,40.990484,16.530112,40.990484,41.288158,-0.000000,0.000000,88.601103
2.6333,post_ramp,0.139,100.0000,4.204641,-1.375981,-1.492563,-0.176408,-0.079767,1.144350,-1.796292,0.941864,-2.489651,1.311554,-2.304039,0.800738,-1.777884,0.004095,0.028836,0.023981,0.023981,-0.059160,0.023981,0.023981,0.023981,0.023981,0.150747,0.030868,0.023981,0.023981,1.561902,-0.779151,1.233523,0.152866,0.002659,0.000000,-0.002659,-0.003988,0.695765,0.823987,0.823987,0.572653,1.104548,1.104548,0.797425,1.056899,1.056899,0.486849,0.919278,0.919278,-0.006080,0.085237,-0.010901,0.003613,0.061050,-0.009209,-0.009693,0.024187,-0.001692,0.081942,-0.491991,0.559066,0.749216,1.536344,-9.224390,10.481993,-9.224390,55.384325,-62.935120,10.481993,-62.935120,71.515348,-0.000000,0.000000,128.436017,0.081942,-0.491991,0.559066,0.749216,1.187146,-7.127765,8.099525,-7.127765,42.795939,-48.630503,8.099525,-48.630503,55.260518,-0.000000,-0.000000,99.243603,-0.017709,0.118659,0.082628,-0.017082,0.116515,0.078226,-0.000627,0.002144,0.004402,-0.013198,-0.258775,-0.276058,0.378612,0.119447,2.342001,2.498418,2.342001,45.919572,48.986428,2.498418,48.986428,52.258112,-0.000000,0.000000,98.297131,-0.013198,-0.258775,-0.276058,0.378612,0.122115,2.394311,2.554221,2.394311,46.945204,50.080559,2.554221,50.080559,53.425317,0.000000,0.000000,100.492636,0.002027,0.111719,0.078149,0.001881,0.109766,0.076593,0.000146,0.001954,0.001556,-0.018490,-0.159663,-0.059768,0.171483,1.333999,11.519367,4.312164,11.519367,99.472167,37.236444,4.312164,37.236444,13.939103,-0.000000,0.000000,114.745269,-0.018490,-0.159663,-0.059768,0.171483,1.351806,11.673135,4.369725,11.673135,100.799989,37.733501,4.369725,37.733501,14.125171,-0.000000,0.000000,116.276966,0.017574,0.107251,0.060180,0.016455,0.103733,0.056595,0.001119,0.003518,0.003585,-0.053477,-0.397283,-0.082354,0.409238,1.868031,13.877782,2.876772,13.877782,103.099386,21.371814,2.876772,21.371814,4.430234,-0.000000,0.000000,109.397651,-0.053477,-0.397283,-0.082354,0.409238,1.976793,14.685788,3.044266,14.685788,109.102135,22.616144,3.044266,22.616144,4.688176,-0.000000,0.000000,115.767104,0.041504,0.094626,0.077591,0.040951,0.094094,0.076850,0.000554,0.000532,0.000742,-0.019011,-0.047143,-0.047485,0.069561,6.588486,16.337773,16.456418,16.337773,40.513530,40.807741,16.456418,40.807741,41.104088,-0.000000,0.000000,88.206104,-0.019011,-0.047143,-0.047485,0.069561,6.617990,16.410936,16.530113,16.410936,40.694958,40.990486,16.530113,40.990486,41.288160,0.000000,0.000000,88.601108
2.6515,post_ramp,0.139,100.0000,4.204641,-1.375981,-1.492563,-0.176408,-0.079767,1.144350,-1.796292,0.941864,-2.489651,1.308486,-2.304039,0.800738,-1.777884,0.001958,0.026303,0.023981,0.023981,-0.043537,0.023981,0.023981,0.023981,0.023981,0.058039,0.066556,0.023981,0.023981,1.561902,-0.779151,1.233523,0.152866,0.002659,0.000000,-0.002659,-0.003988,0.695765,0.823987,0.823987,0.572653,1.104548,1.104548,0.795559,1.056899,1.056899,0.486849,0.919278,0.919278,-0.006080,0.085237,-0.010901,0.003613,0.061050,-0.009209,-0.009693,0.024187,-0.001692,0.081942,-0.491991,0.559066,0.749216,1.536344,-9.224390,10.481993,-9.224390,55.384325,-62.935120,10.481993,-62.935120,71.515348,-0.000000,0.000000,128.436017,0.081942,-0.491991,0.559066,0.749216,1.187146,-7.127765,8.099525,-7.127765,42.795939,-48.630503,8.099525,-48.630503,55.260518,-0.000000,-0.000000,99.243603,-0.017709,0.118659,0.082628,-0.017082,0.116515,0.078226,-0.000627,0.002144,0.004402,-0.013198,-0.258775,-0.276058,0.378612,0.119447,2.342001,2.498418,2.342001,45.919572,48.986428,2.498418,48.986428,52.258112,0.000000,0.000000,98.297131,-0.013198,-0.258775,-0.276058,0.378612,0.122115,2.394311,2.554221,2.394311,46.945204,50.080559,2.554221,50.080559,53.425317,-0.000000,-0.000000,100.492636,0.002027,0.111719,0.078149,0.001881,0.109766,0.076593,0.000146,0.001954,0.001556,-0.018490,-0.159663,-0.059768,0.171483,1.333999,11.519367,4.312164,11.519367,99.472167,37.236444,4.312164,37.236444,13.939103,-0.000000,0.000000,114.745269,-0.018490,-0.159663,-0.059768,0.171483,1.351806,11.673135,4.369725,11.673135,100.799989,37.733501,4.369725,37.733501,14.125171,-0.000000,0.000000,116.276966,0.017606,0.107285,0.060297,0.016455,0.103733,0.056595,0.001151,0.003552,0.003701,-0.054966,-0.406765,-0.085094,0.419190,1.880957,13.919590,2.911917,13.919590,103.008741,21.548974,2.911917,21.548974,4.507950,0.000000,0.000000,109.397648,-0.054966,-0.406765,-0.085094,0.419190,1.994703,14.761345,3.088008,14.761345,109.237956,22.852098,3.088008,22.852098,4.780558,-0.000000,-0.000000,116.013217,0.041504,0.094626,0.077591,0.040951,0.094094,0.076850,0.000554,0.000532,0.000742,-0.019011,-0.047143,-0.047486,0.069562,6.588486,16.337773,16.456418,16.337773,40.513530,40.807741,16.456418,40.807741,41.104088,-0.000000,0.000000,88.206104,-0.019011,-0.047143,-0.047486,0.069562,6.617991,16.410938,16.530114,16.410938,40.694961,40.990489,16.530114,40.990489,41.288163,-0.000000,0.000000,88.601115
2.6696,post_ramp,0.139,100.0000,4.204641,-1.374447,-1.492563,-0.176408,-0.079767,1.144350,-1.796292,0.941864,-2.489651,1.305418,-2.304039,0.800738,-1.777884,0.003439,0.029771,0.023981,0.023981,-0.023137,0.023981,0.023981,0.023981,0.023981,-0.038668,0.056277,0.023981,0.023981,1.561902,-0.778282,1.233523,0.152866,0.002659,0.000000,-0.002659,-0.003988,0.695765,0.823987,0.823987,0.572653,1.104548,1.104548,0.793694,1.056899,1.056899,0.486849,0.919278,0.919278,-0.006089,0.085261,-0.010858,0.003613,0.061050,-0.009209,-0.009702,0.024211,-0.001649,0.081836,-0.491243,0.557268,0.747372,1.540086,-9.244743,10.487261,-9.244743,55.493854,-62.952375,10.487261,-62.952375,71.413341,-0.000000,0.000000,128.447280,0.081836,-0.491243,0.557268,0.747372,1.189381,-7.139552,8.099126,-7.139552,42.856920,-48.617003,8.099126,-48.617003,55.151257,0.000000,0.000000,99.197558,-0.017709,0.118659,0.082628,-0.017082,0.116515,0.078226,-0.000627,0.002144,0.004402,-0.013198,-0.258775,-0.276058,0.378612,0.119447,2.342001,2.498418,2.342001,45.919572,48.986428,2.498418,48.986428,52.258112,-0.000000,0.000000,98.297131,-0.013198,-0.258775,-0.276058,0.378612,0.122115,2.394311,2.554221,2.394311,46.945204,50.080559,2.554221,50.080559,53.425317,-0.000000,0.000000,100.492636,0.002027,0.111719,0.078149,0.001881,0.109766,0.076593,0.000146,0.001954,0.001556,-0.018490,-0.159663,-0.059768,0.171483,1.333999,11.519367,4.312164,11.519367,99.472167,37.236444,4.312164,37.236444,13.939103,-0.000000,0.000000,114.745269,-0.018490,-0.159663,-0.059768,0.171483,1.351806,11.673135,4.369725,11.673135,100.799989,37.733501,4.369725,37.733501,14.125171,-0.000000,0.000000,116.276966,0.017638,0.107318,0.060413,0.016455,0.103733,0.056595,0.001183,0.003585,0.003818,-0.056465,-0.416240,-0.087868,0.429144,1.893918,13.961272,2.947217,13.961272,102.917418,21.725815,2.947217,21.725815,4.586309,-0.000000,0.000000,109.397644,-0.056465,-0.416240,-0.087868,0.429144,2.012703,14.836911,3.132064,14.836911,109.372315,23.088441,3.132064,23.088441,4.873958,-0.000000,-0.000000,116.258975,0.041504,0.094626,0.077591,0.040951,0.094094,0.076850,0.000554,0.000532,0.000742,-0.019012,-0.047144,-0.047486,0.069562,6.588486,16.337773,16.456418,16.337773,40.513530,40.807741,16.456418,40.807741,41.104088,-0.000000,-0.000000,88.206104,-0.019012,-0.047144,-0.047486,0.069562,6.617991,16.410939,16.530116,16.410939,40.694963,40.990492,16.530116,40.990492,41.288166,-0.000000,0.000000,88.601121
2.6878,post_ramp,0.139,100.0000,4.204641,-1.369845,-1.492563,-0.176408,-0.079767,1.144350,-1.796292,0.941864,-2.489651,1.300816,-2.304039,0.800738,-1.777884,0.013064,0.065259,0.023981,0.023981,-0.012296,0.023981,0.023981,0.023981,0.023981,-0.116940,0.031324,0.023981,0.023981,1.561902,-0.775677,1.233523,0.152866,0.002659,0.000000,-0.002659,-0.003988,0.695765,0.823987,0.823987,0.572653,1.104548,1.104548,0.790896,1.056899,1.056899,0.486849,0.919278,0.919278,-0.006115,0.085333,-0.010729,0.003613,0.061050,-0.009209,-0.009728,0.024283,-0.001520,0.081518,-0.488991,0.551890,0.741849,1.551352,-9.305944,10.502960,-9.305944,55.822647,-63.003068,10.502960,-63.003068,71.107102,-0.000000,0.000000,128.481101,0.081518,-0.488991,0.551890,0.741849,1.196101,-7.174933,8.097839,-7.174933,43.039560,-48.575703,8.097839,-48.575703,54.823956,0.000000,0.000000,99.059617,-0.017709,0.118659,0.082628,-0.017082,0.116515,0.078226,-0.000627,0.002144,0.004402,-0.013198,-0.258775,-0.276058,0.378612,0.119447,2.342001,2.498418,2.342001,45.919572,48.986428,2.498418,48.986428,52.258112,-0.000000,0.000000,98.297131,-0.013198,-0.258775,-0.276058,0.378612,0.122115,2.394311,2.554221,2.394311,46.945204,50.080559,2.554221,50.080559,53.425317,-0.000000,0.000000,100.492636,0.002027,0.111719,0.078149,0.001881,0.109766,0.076593,0.000146,0.001954,0.001556,-0.018490,-0.159663,-0.059768,0.171483,1.333999,11.519367,4.312164,11.519367,99.472167,37.236444,4.312164,37.236444,13.939103,-0.000000,0.000000,114.745269,-0.018490,-0.159663,-0.059768,0.171483,1.351806,11.673135,4.369725,11.673135,100.799989,37.733501,4.369725,37.733501,14.125171,-0.000000,0.000000,116.276966,0.017687,0.107368,0.060588,0.016455,0.103733,0.056595,0.001232,0.003635,0.003992,-0.058730,-0.430438,-0.092096,0.444080,1.913424,14.023557,3.000459,14.023557,102.779166,21.990474,3.000459,21.990474,4.705049,-0.000000,0.000000,109.397639,-0.058730,-0.430438,-0.092096,0.444080,2.039869,14.950274,3.198738,14.950274,109.571105,23.443667,3.198738,23.443667,5.015971,0.000000,0.000000,116.626945,0.041504,0.094626,0.077591,0.040951,0.094094,0.076850,0.000554,0.000532,0.000742,-0.019012,-0.047144,-0.047487,0.069563,6.588486,16.337773,16.456418,16.337773,40.513530,40.807741,16.456418,40.807741,41.104088,0.000000,0.000000,88.206104,-0.019012,-0.047144,-0.047487,0.069563,6.617992,16.410940,16.530117,16.410940,40.694968,40.990496,16.530117,40.990496,41.288171,0.000000,0.000000,88.601130
2.7060,post_ramp,0.139,100.0000,4.204641,-1.365243,-1.492563,-0.176408,-0.079767,1.144350,-1.796292,0.941864,-2.489651,1.296214,-2.302505,0.800738,-1.777884,0.018179,0.133802,0.023981,0.023981,-0.006535,0.023981,0.023981,0.023981,0.023981,-0.174511,0.032966,0.023981,0.023981,1.561902,-0.773071,1.233523,0.152866,0.002659,0.000000,-0.002659,-0.003988,0.695765,0.823987,0.823987,0.572653,1.104548,1.104548,0.788098,1.056195,1.056195,0.486849,0.919278,0.919278,-0.006141,0.085405,-0.010599,0.003613,0.061050,-0.009209,-0.009755,0.024355,-0.001391,0.081197,-0.486725,0.546538,0.736342,1.562683,-9.367356,10.518498,-9.367356,56.151742,-63.052152,10.518498,-63.052152,70.800545,-0.000000,-0.000000,128.514969,0.081197,-0.486725,0.546538,0.736342,1.202846,-7.210345,8.096415,-7.210345,43.221741,-48.533202,8.096415,-48.533202,54.497380,-0.000000,0.000000,98.921967,-0.017709,0.118659,0.082628,-0.017082,0.116515,0.078226,-0.000627,0.002144,0.004402,-0.013198,-0.258775,-0.276058,0.378612,0.119447,2.342001,2.498418,2.342001,45.919572,48.986428,2.498418,48.986428,52.258112,-0.000000,0.000000,98.297131,-0.013198,-0.258775,-0.276058,0.378612,0.122115,2.394311,2.554221,2.394311,46.945203,50.080559,2.554221,50.080559,53.425317,-0.000000,0.000000,100.492635,0.002027,0.111719,0.078149,0.001881,0.109766,0.076593,0.000146,0.001954,0.001556,-0.018490,-0.159663,-0.059768,0.171483,1.333999,11.519367,4.312164,11.519367,99.472167,37.236444,4.312164,37.236444,13.939103,-0.000000,0.000000,114.745269,-0.018490,-0.159663,-0.059768,0.171483,1.351806,11.673135,4.369725,11.673135,100.799989,37.733501,4.369725,37.733501,14.125171,-0.000000,0.000000,116.276966,0.017742,0.107452,0.060784,0.016455,0.103733,0.056595,0.001287,0.003719,0.004189,-0.061573,-0.447378,-0.097646,0.462031,1.943012,14.117524,3.081328,14.117524,102.574997,22.388288,3.081328,22.388288,4.886527,-0.000000,0.000000,109.404536,-0.061573,-0.447378,-0.097646,0.462031,2.077971,15.098103,3.295352,15.098103,109.699681,23.943340,3.295352,23.943340,5.225936,-0.000000,0.000000,117.003588,0.041504,0.094626,0.077591,0.040951,0.094094,0.076850,0.000554,0.000532,0.000742,-0.019012,-0.047145,-0.047487,0.069564,6.588486,16.337773,16.456418,16.337773,40.513530,40.807741,16.456418,40.807741,41.104088,-0.000000,0.000000,88.206104,-0.019012,-0.047145,-0.047487,0.069564,6.617993,16.410943,16.530119,16.410943,40.694973,40.990501,16.530119,40.990501,41.288176,-0.000000,-0.000000,88.601142
2.7242,post_ramp,0.139,100.0000,4.204641,-1.362175,-1.492563,-0.176408,-0.079767,1.144350,-1.796292,0.941864,-2.489651,1.293146,-2.302505,0.800738,-1.777884,0.018955,0.188736,0.023981,0.023981,-0.003473,0.023981,0.023981,0.023981,0.023981,-0.188787,0.039992,0.023981,0.023981,1.561902,-0.771333,1.233523,0.152866,0.002659,0.000000,-0.002659,-0.003988,0.695765,0.823987,0.823987,0.572653,1.104548,1.104548,0.786233,1.056195,1.056195,0.486849,0.919278,0.919278,-0.006159,0.085452,-0.010513,0.003613,0.061050,-0.009209,-0.009772,0.024402,-0.001304,0.080982,-0.485207,0.542986,0.732679,1.570272,-9.408415,10.528766,-9.408415,56.371302,-63.083979,10.528766,-63.083979,70.596000,0.000000,0.000000,128.537573,0.080982,-0.485207,0.542986,0.732679,1.207355,-7.233971,8.095390,-7.233971,43.342938,-48.504202,8.095390,-48.504202,54.280067,-0.000000,0.000000,98.830361,-0.017709,0.118659,0.082628,-0.017082,0.116515,0.078226,-0.000627,0.002144,0.004402,-0.013198,-0.258775,-0.276058,0.378612,0.119447,2.342001,2.498418,2.342001,45.919572,48.986428,2.498418,48.986428,52.258112,0.000000,0.000000,98.297131,-0.013198,-0.258775,-0.276058,0.378612,0.122115,2.394311,2.554221,2.394311,46.945203,50.080559,2.554221,50.080559,53.425317,0.000000,0.000000,100.492635,0.002027,0.111719,0.078149,0.001881,0.109766,0.076593,0.000146,0.001954,0.001556,-0.018490,-0.159663,-0.059768,0.171483,1.333999,11.519367,4.312164,11.519367,99.472167,37.236444,4.312164,37.236444,13.939103,-0.000000,0.000000,114.745269,-0.018490,-0.159663,-0.059768,0.171483,1.351806,11.673135,4.369725,11.673135,100.799989,37.733501,4.369725,37.733501,14.125171,-0.000000,0.000000,116.276966,0.017775,0.107485,0.060901,0.016455,0.103733,0.056595,0.001320,0.003751,0.004306,-0.063114,-0.456818,-0.100580,0.471998,1.956139,14.158603,3.117364,14.158603,102.480463,22.563593,3.117364,22.563593,4.967929,-0.000000,0.000000,109.404532,-0.063114,-0.456818,-0.100580,0.471998,2.096369,15.173592,3.340839,15.173592,109.826983,24.181109,3.340839,24.181109,5.324066,0.000000,0.000000,117.247417,0.041504,0.094626,0.077591,0.040951,0.094094,0.076850,0.000554,0.000532,0.000742,-0.019012,-0.047145,-0.047488,0.069565,6.588486,16.337773,16.456418,16.337773,40.513530,40.807741,16.456418,40.807741,41.104088,-0.000000,0.000000,88.206104,-0.019012,-0.047145,-0.047488,0.069565,6.617993,16.410944,16.530121,16.410944,40.694976,40.990504,16.530121,40.990504,41.288179,-0.000000,0.000000,88.601148
2.7424,post_ramp,0.139,100.0000,4.204641,-1.362175,-1.492563,-0.176408,-0.076699,1.144350,-1.796292,0.941864,-2.489651,1.290078,-2.302505,0.800738,-1.777884,0.013063,0.183420,0.023981,0.023981,0.023768,0.023981,0.023981,0.023981,0.023981,-0.178242,0.033906,0.023981,0.023981,1.561902,-0.771333,1.233523,0.152866,0.002557,0.000000,-0.002557,-0.003835,0.695765,0.823987,0.823987,0.572653,1.104548,1.104548,0.784367,1.056195,1.056195,0.486849,0.919278,0.919278,-0.006159,0.085452,-0.010513,0.003613,0.061050,-0.009209,-0.009772,0.024402,-0.001304,0.080982,-0.485207,0.542986,0.732679,1.570272,-9.408415,10.528766,-9.408415,56.371302,-63.083979,10.528766,-63.083979,70.596000,0.000000,0.000000,128.537573,0.080982,-0.485207,0.542986,0.732679,1.207355,-7.233971,8.095390,-7.233971,43.342938,-48.504202,8.095390,-48.504202,54.280067,-0.000000,0.000000,98.830361,-0.017712,0.118660,0.082628,-0.017082,0.116515,0.078226,-0.000631,0.002144,0.004402,-0.013164,-0.258797,-0.276074,0.378637,0.118822,2.335905,2.491851,2.335905,45.921124,48.986821,2.491851,48.986821,52.257185,-0.000000,0.000000,98.297131,-0.013164,-0.258797,-0.276074,0.378637,0.121476,2.388084,2.547512,2.388084,46.946883,50.081061,2.547512,50.081061,53.424476,-0.000000,0.000000,100.492836,0.002027,0.111719,0.078149,0.001881,0.109766,0.076593,0.000146,0.001954,0.001556,-0.018490,-0.159663,-0.059768,0.171483,1.333999,11.519367,4.312164,11.519367,99.472167,37.236444,4.312164,37.236444,13.939103,-0.000000,0.000000,114.745269,-0.018490,-0.159663,-0.059768,0.171483,1.351806,11.673135,4.369725,11.673135,100.799989,37.733501,4.369725,37.733501,14.125171,-0.000000,0.000000,116.276966,0.017809,0.107517,0.061018,0.016455,0.103733,0.056595,0.001354,0.003784,0.004422,-0.064695,-0.466286,-0.103548,0.482006,1.970906,14.205291,3.154570,14.205291,102.384516,22.736539,3.154570,22.736539,5.049105,-0.000000,0.000000,109.404528,-0.064695,-0.466286,-0.103548,0.482006,2.116598,15.255361,3.387759,15.255361,109.952884,24.417247,3.387759,24.417247,5.422340,-0.000000,0.000000,117.491822,0.041509,0.094626,0.077590,0.040951,0.094094,0.076850,0.000559,0.000533,0.000740,-0.019048,-0.047214,-0.047552,0.069665,6.594468,16.345482,16.462398,16.345482,40.514986,40.804782,16.462398,40.804782,41.096650,-0.000000,0.000000,88.206104,-0.019048,-0.047214,-0.047552,0.069665,6.624089,16.418902,16.536343,16.418902,40.696970,40.988067,16.536343,40.988067,41.281247,-0.000000,0.000000,88.602306
2.7605,post_ramp,0.139,100.0000,4.204641,-1.362175,-1.492563,-0.176408,-0.073631,1.144350,-1.796292,0.941864,-2.489651,1.287010,-2.302505,0.800738,-1.777884,0.006942,0.127221,0.023981,0.023981,0.076879,0.023981,0.023981,0.023981,0.023981,-0.165834,0.024518,0.023981,0.023981,1.561902,-0.771333,1.233523,0.152866,0.002454,0.000000,-0.002454,-0.003682,0.695765,0.823987,0.823987,0.572653,1.104548,1.104548,0.782502,1.056195,1.056195,0.486849,0.919278,0.919278,-0.006159,0.085452,-0.010513,0.003613,0.061050,-0.009209,-0.009772,0.024402,-0.001304,0.080982,-0.485207,0.542986,0.732679,1.570272,-9.408415,10.528766,-9.408415,56.371302,-63.083979,10.528766,-63.083979,70.596000,0.000000,0.000000,128.537573,0.080982,-0.485207,0.542986,0.732679,1.207355,-7.233971,8.095390,-7.233971,43.342938,-48.504202,8.095390,-48.504202,54.280067,-0.000000,0.000000,98.830361,-0.017716,0.118660,0.082628,-0.017082,0.116515,0.078226,-0.000634,0.002145,0.004402,-0.013131,-0.258818,-0.276090,0.378662,0.118199,2.329809,2.485284,2.329809,45.922675,48.987214,2.485284,48.987214,52.256258,0.000000,0.000000,98.297131,-0.013131,-0.258818,-0.276090,0.378662,0.120839,2.381856,2.540804,2.381856,46.948563,50.081562,2.540804,50.081562,53.423635,-0.000000,0.000000,100.493037,0.002027,0.111719,0.078149,0.001881,0.109766,0.076593,0.000146,0.001954,0.001556,-0.018490,-0.159663,-0.059768,0.171483,1.333999,11.519367,4.312164,11.519367,99.472167,37.236444,4.312164,37.236444,13.939103,-0.000000,0.000000,114.745269,-0.018490,-0.159663,-0.059768,0.171483,1.351806,11.673135,4.369725,11.673135,100.799989,37.733501,4.369725,37.733501,14.125171,-0.000000,0.000000,116.276966,0.017843,0.107549,0.061134,0.016455,0.103733,0.056595,0.001388,0.003816,0.004539,-0.066286,-0.475745,-0.106551,0.492016,1.985728,14.251875,3.191954,14.251875,102.287898,22.909142,3.191954,22.909142,5.130898,-0.000000,0.000000,109.404524,-0.066286,-0.475745,-0.106551,0.492016,2.136945,15.337179,3.435026,15.337179,110.077294,24.653712,3.435026,24.653712,5.521625,0.000000,0.000000,117.735863,0.041514,0.094627,0.077588,0.040951,0.094094,0.076850,0.000564,0.000533,0.000739,-0.019084,-0.047283,-0.047616,0.069765,6.600453,16.353191,16.468376,16.353191,40.516441,40.801821,16.468376,40.801821,41.089210,0.000000,0.000000,88.206104,-0.019084,-0.047283,-0.047616,0.069765,6.630187,16.426861,16.542564,16.426861,40.698963,40.985629,16.542564,40.985629,41.274313,-0.000000,0.000000,88.603464
2.7787,post_ramp,0.139,100.0000,4.204641,-1.363709,-1.492563,-0.176408,-0.073631,1.144350,-1.796292,0.941864,-2.489651,1.283942,-2.302505,0.800738,-1.777884,0.003689,0.074291,0.023981,0.023981,0.110615,0.023981,0.023981,0.023981,0.023981,-0.157492,0.018417,0.023981,0.023981,1.561902,-0.772202,1.233523,0.152866,0.002454,0.000000,-0.002454,-0.003682,0.695765,0.823987,0.823987,0.572653,1.104548,1.104548,0.780637,1.056195,1.056195,0.486849,0.919278,0.919278,-0.006150,0.085428,-0.010556,0.003613,0.061050,-0.009209,-0.009763,0.024378,-0.001347,0.081089,-0.485967,0.544761,0.734509,1.566474,-9.387874,10.523641,-9.387874,56.261506,-63.068155,10.523641,-63.068155,70.698289,0.000000,0.000000,128.526269,0.081089,-0.485967,0.544761,0.734509,1.205099,-7.222156,8.095910,-7.222156,43.282366,-48.518768,8.095910,-48.518768,54.388683,-0.000000,0.000000,98.876148,-0.017716,0.118660,0.082628,-0.017082,0.116515,0.078226,-0.000634,0.002145,0.004402,-0.013131,-0.258818,-0.276090,0.378662,0.118199,2.329809,2.485284,2.329809,45.922675,48.987214,2.485284,48.987214,52.256258,-0.000000,0.000000,98.297131,-0.013131,-0.258818,-0.276090,0.378662,0.120839,2.381856,2.540804,2.381856,46.948563,50.081562,2.540804,50.081562,53.423635,-0.000000,0.000000,100.493037,0.002027,0.111719,0.078149,0.001881,0.109766,0.076593,0.000146,0.001954,0.001556,-0.018490,-0.159663,-0.059768,0.171483,1.333999,11.519367,4.312164,11.519367,99.472167,37.236444,4.312164,37.236444,13.939103,-0.000000,0.000000,114.745269,-0.018490,-0.159663,-0.059768,0.171483,1.351806,11.673135,4.369725,11.673135,100.799989,37.733501,4.369725,37.733501,14.125171,-0.000000,0.000000,116.276966,0.017875,0.107580,0.061251,0.016455,0.103733,0.056595,0.001420,0.003847,0.004656,-0.067855,-0.485159,-0.109590,0.501990,1.998977,14.292591,3.228473,14.292591,102.191356,23.083433,3.228473,23.083433,5.214187,-0.000000,0.000000,109.404520,-0.067855,-0.485159,-0.109590,0.501990,2.155638,15.412709,3.481491,15.412709,110.200145,24.892494,3.481491,24.892494,5.622826,0.000000,0.000000,117.978609,0.041514,0.094627,0.077588,0.040951,0.094094,0.076850,0.000564,0.000533,0.000739,-0.019084,-0.047283,-0.047616,0.069765,6.600453,16.353191,16.468376,16.353191,40.516441,40.801821,16.468376,40.801821,41.089210,-0.000000,0.000000,88.206104,-0.019084,-0.047283,-0.047616,0.069765,6.630188,16.426862,16.542565,16.426862,40.698966,40.985631,16.542565,40.985631,41.274316,-0.000000,0.000000,88.603470
2.7969,post_ramp,0.139,100.0000,4.206175,-1.362175,-1.492563,-0.176408,-0.073631,1.144350,-1.796292,0.941864,-2.489651,1.282408,-2.304039,0.800738,-1.777884,0.006517,0.037908,0.023981,0.023981,0.084429,0.023981,0.023981,0.023981,0.023981,-0.151116,0.001541,0.023981,0.023981,1.562472,-0.771333,1.233523,0.152866,0.002454,0.000000,-0.002454,-0.003682,0.695765,0.823987,0.823987,0.572653,1.104548,1.104548,0.779704,1.056899,1.056899,0.486849,0.919278,0.919278,-0.006122,0.085440,-0.010504,0.003613,0.061050,-0.009209,-0.009736,0.024390,-0.001295,0.080420,-0.483869,0.541334,0.730506,1.557794,-9.372907,10.486034,-9.372907,56.394746,-63.092195,10.486034,-63.092195,70.585033,-0.000000,0.000000,128.537573,0.080420,-0.483869,0.541334,0.730506,1.197493,-7.205053,8.060726,-7.205053,43.351241,-48.499641,8.060726,-48.499641,54.259465,-0.000000,0.000000,98.808199,-0.017716,0.118660,0.082628,-0.017082,0.116515,0.078226,-0.000634,0.002145,0.004402,-0.013131,-0.258818,-0.276090,0.378662,0.118199,2.329809,2.485284,2.329809,45.922675,48.987214,2.485284,48.987214,52.256258,-0.000000,0.000000,98.297131,-0.013131,-0.258818,-0.276090,0.378662,0.120839,2.381856,2.540804,2.381856,46.948563,50.081562,2.540804,50.081562,53.423635,-0.000000,0.000000,100.493037,0.002027,0.111719,0.078149,0.001881,0.109766,0.076593,0.000146,0.001954,0.001556,-0.018490,-0.159663,-0.059768,0.171483,1.333999,11.519367,4.312164,11.519367,99.472167,37.236444,4.312164,37.236444,13.939103,-0.000000,0.000000,114.745269,-0.018490,-0.159663,-0.059768,0.171483,1.351806,11.673135,4.369725,11.673135,100.799989,37.733501,4.369725,37.733501,14.125171,-0.000000,0.000000,116.276966,0.017884,0.107561,0.061287,0.016455,0.103733,0.056595,0.001429,0.003828,0.004692,-0.068063,-0.487114,-0.109794,0.503952,1.995476,14.281341,3.218963,14.281341,102.209534,23.037660,3.218963,23.037660,5.192605,-0.000000,0.000000,109.397615,-0.068063,-0.487114,-0.109794,0.503952,2.154078,15.416434,3.474808,15.416434,110.333230,24.868711,3.474808,24.868711,5.605318,-0.000000,-0.000000,118.092626,0.041514,0.094627,0.077588,0.040951,0.094094,0.076850,0.000564,0.000533,0.000739,-0.019084,-0.047283,-0.047616,0.069765,6.600453,16.353191,16.468376,16.353191,40.516441,40.801821,16.468376,40.801821,41.089210,0.000000,0.000000,88.206104,-0.019084,-0.047283,-0.047616,0.069765,6.630188,16.426862,16.542566,16.426862,40.698967,40.985632,16.542566,40.985632,41.274317,-0.000000,-0.000000,88.603471
2.8151,post_ramp,0.139,100.0000,4.204641,-1.362175,-1.492563,-0.176408,-0.075165,1.144350,-1.796292,0.941864,-2.489651,1.280874,-2.308641,0.800738,-1.777884,0.014700,0.026645,0.023981,0.023981,0.036622,0.023981,0.023981,0.023981,0.023981,-0.135510,-0.038798,0.023981,0.023981,1.561902,-0.771333,1.233523,0.152866,0.002506,0.000000,-0.002506,-0.003758,0.695765,0.823987,0.823987,0.572653,1.104548,1.104548,0.778771,1.059010,1.059010,0.486849,0.919278,0.919278,-0.006159,0.085452,-0.010513,0.003613,0.061050,-0.009209,-0.009772,0.024402,-0.001304,0.080982,-0.485207,0.542986,0.732679,1.570272,-9.408415,10.528766,-9.408415,56.371302,-63.083979,10.528766,-63.083979,70.596000,0.000000,0.000000,128.537573,0.080982,-0.485207,0.542986,0.732679,1.207355,-7.233971,8.095390,-7.233971,43.342938,-48.504202,8.095390,-48.504202,54.280067,-0.000000,0.000000,98.830361,-0.017714,0.118660,0.082628,-0.017082,0.116515,0.078226,-0.000632,0.002145,0.004402,-0.013148,-0.258807,-0.276082,0.378649,0.118510,2.332857,2.488567,2.332857,45.921899,48.987018,2.488567,48.987018,52.256722,-0.000000,0.000000,98.297131,-0.013148,-0.258807,-0.276082,0.378649,0.121158,2.384970,2.544158,2.384970,46.947723,50.081312,2.544158,50.081312,53.424056,-0.000000,0.000000,100.492936,0.002027,0.111719,0.078149,0.001881,0.109766,0.076593,0.000146,0.001954,0.001556,-0.018490,-0.159663,-0.059768,0.171483,1.333999,11.519367,4.312164,11.519367,99.472167,37.236444,4.312164,37.236444,13.939103,-0.000000,0.000000,114.745269,-0.018490,-0.159663,-0.059768,0.171483,1.351806,11.673135,4.369725,11.673135,100.799989,37.733501,4.369725,37.733501,14.125171,-0.000000,0.000000,116.276966,0.017878,0.107471,0.061280,0.016455,0.103733,0.056595,0.001422,0.003738,0.004684,-0.067096,-0.483530,-0.107357,0.499829,1.970927,14.203486,3.153554,14.203486,102.357433,22.726094,3.153554,22.726094,5.045802,-0.000000,0.000000,109.374161,-0.067096,-0.483530,-0.107357,0.499829,2.129763,15.348140,3.407698,15.348140,110.606384,24.557582,3.407698,24.557582,5.452441,-0.000000,0.000000,118.188588,0.041512,0.094627,0.077589,0.040951,0.094094,0.076850,0.000561,0.000533,0.000739,-0.019066,-0.047249,-0.047584,0.069715,6.597460,16.349337,16.465387,16.349337,40.515714,40.803301,16.465387,40.803301,41.092930,0.000000,0.000000,88.206104,-0.019066,-0.047249,-0.047584,0.069715,6.627139,16.422883,16.539456,16.422883,40.697971,40.986852,16.539456,40.986852,41.277784,-0.000000,0.000000,88.602893
2.8333,post_ramp,0.139,100.0000,4.204641,-1.363709,-1.492563,-0.176408,-0.078233,1.144350,-1.796292,0.941864,-2.489651,1.280874,-2.317845,0.800738,-1.777884,0.012550,0.025396,0.023981,0.023981,-0.011257,0.023981,0.023981,0.023981,0.023981,-0.104158,-0.122698,0.023981,0.023981,1.561902,-0.772202,1.233523,0.152866,0.002608,0.000000,-0.002608,-0.003912,0.695765,0.823987,0.823987,0.572653,1.104548,1.104548,0.778771,1.063232,1.063232,0.486849,0.919278,0.919278,-0.006150,0.085428,-0.010556,0.003613,0.061050,-0.009209,-0.009763,0.024378,-0.001347,0.081089,-0.485967,0.544761,0.734509,1.566474,-9.387874,10.523641,-9.387874,56.261506,-63.068155,10.523641,-63.068155,70.698289,0.000000,0.000000,128.526269,0.081089,-0.485967,0.544761,0.734509,1.205099,-7.222156,8.095910,-7.222156,43.282366,-48.518768,8.095910,-48.518768,54.388683,-0.000000,0.000000,98.876148,-0.017711,0.118660,0.082628,-0.017082,0.116515,0.078226,-0.000629,0.002144,0.004402,-0.013181,-0.258786,-0.276066,0.378624,0.119135,2.338953,2.495134,2.338953,45.920348,48.986625,2.495134,48.986625,52.257649,-0.000000,0.000000,98.297131,-0.013181,-0.258786,-0.276066,0.378624,0.121796,2.391197,2.550866,2.391197,46.946043,50.080810,2.550866,50.080810,53.424897,-0.000000,0.000000,100.492736,0.002027,0.111719,0.078149,0.001881,0.109766,0.076593,0.000146,0.001954,0.001556,-0.018490,-0.159663,-0.059768,0.171483,1.333999,11.519367,4.312164,11.519367,99.472167,37.236444,4.312164,37.236444,13.939103,-0.000000,0.000000,114.745269,-0.018490,-0.159663,-0.059768,0.171483,1.351806,11.673135,4.369725,11.673135,100.799989,37.733501,4.369725,37.733501,14.125171,-0.000000,0.000000,116.276966,0.017833,0.107259,0.061148,0.016455,0.103733,0.056595,0.001378,0.003525,0.004553,-0.063639,-0.466841,-0.099622,0.481576,1.908977,14.003747,2.988345,14.003747,102.727750,21.921700,2.988345,21.921700,4.678005,-0.000000,0.000000,109.314732,-0.063639,-0.466841,-0.099622,0.481576,2.062731,15.131645,3.229034,15.131645,111.001705,23.687329,3.229034,23.687329,5.054783,-0.000000,0.000000,118.119219,0.041507,0.094626,0.077591,0.040951,0.094094,0.076850,0.000556,0.000532,0.000741,-0.019030,-0.047180,-0.047520,0.069615,6.591477,16.341628,16.459408,16.341628,40.514258,40.806262,16.459408,40.806262,41.100369,-0.000000,0.000000,88.206104,-0.019030,-0.047180,-0.047520,0.069615,6.621041,16.414924,16.533233,16.414924,40.695975,40.989288,16.533233,40.989288,41.284715,0.000000,0.000000,88.601732
2.8515,post_ramp,0.139,100.0000,4.204641,-1.362175,-1.492563,-0.176408,-0.079767,1.144350,-1.796292,0.941864,-2.489651,1.279340,-2.325515,0.800738,-1.777884,0.014215,0.024733,0.023981,0.023981,-0.048349,0.023981,0.023981,0.023981,0.023981,-0.077827,-0.259887,0.023981,0.023981,1.561902,-0.771333,1.233523,0.152866,0.002659,0.000000,-0.002659,-0.003988,0.695765,0.823987,0.823987,0.572653,1.104548,1.104548,0.777839,1.066750,1.066750,0.486849,0.919278,0.919278,-0.006159,0.085452,-0.010513,0.003613,0.061050,-0.009209,-0.009772,0.024402,-0.001304,0.080982,-0.485207,0.542986,0.732679,1.570272,-9.408415,10.528766,-9.408415,56.371302,-63.083979,10.528766,-63.083979,70.596000,0.000000,0.000000,128.537573,0.080982,-0.485207,0.542986,0.732679,1.207355,-7.233971,8.095390,-7.233971,43.342938,-48.504202,8.095390,-48.504202,54.280067,-0.000000,0.000000,98.830361,-0.017709,0.118659,0.082628,-0.017082,0.116515,0.078226,-0.000627,0.002144,0.004402,-0.013198,-0.258775,-0.276058,0.378612,0.119447,2.342001,2.498418,2.342001,45.919572,48.986428,2.498418,48.986428,52.258112,0.000000,0.000000,98.297131,-0.013198,-0.258775,-0.276058,0.378612,0.122115,2.394311,2.554221,2.394311,46.945203,50.080559,2.554221,50.080559,53.425317,-0.000000,0.000000,100.492635,0.002027,0.111719,0.078149,0.001881,0.109766,0.076593,0.000146,0.001954,0.001556,-0.018490,-0.159663,-0.059768,0.171483,1.333999,11.519367,4.312164,11.519367,99.472167,37.236444,4.312164,37.236444,13.939103,-0.000000,0.000000,114.745269,-0.018490,-0.159663,-0.059768,0.171483,1.351806,11.673135,4.369725,11.673135,100.799989,37.733501,4.369725,37.733501,14.125171,-0.000000,0.000000,116.276966,0.017812,0.107097,0.061098,0.016455,0.103733,0.056595,0.001357,0.003364,0.004502,-0.061574,-0.457549,-0.094792,0.471304,1.864741,13.856716,2.870757,13.856716,102.967947,21.332326,2.870757,21.332326,4.419512,-0.000000,0.000000,109.252200,-0.061574,-0.457549,-0.094792,0.471304,2.016907,14.987444,3.105015,14.987444,111.370276,23.073073,3.105015,23.073073,4.780151,-0.000000,-0.000000,118.167334,0.041504,0.094626,0.077591,0.040951,0.094094,0.076850,0.000554,0.000532,0.000742,-0.019012,-0.047146,-0.047488,0.069565,6.588486,16.337773,16.456418,16.337773,40.513530,40.807741,16.456418,40.807741,41.104088,-0.000000,0.000000,88.206104,-0.019012,-0.047146,-0.047488,0.069565,6.617993,16.410944,16.530121,16.410944,40.694977,40.990506,16.530121,40.990506,41.288180,0.000000,0.000000,88.601151
2.8703,post_ramp,0.139,100.0000,4.204641,-1.360641,-1.492563,-0.176408,-0.079767,1.144350,-1.796292,0.941864,-2.489651,1.279340,-2.328583,0.800738,-1.777884,0.016393,0.028937,0.023981,0.023981,-0.059585,0.023981,0.023981,0.023981,0.023981,-0.051030,-0.337329,0.023981,0.023981,1.561902,-0.770465,1.233523,0.152866,0.002659,0.000000,-0.002659,-0.003988,0.695765,0.823987,0.823987,0.572653,1.104548,1.104548,0.777839,1.068157,1.068157,0.486849,0.919278,0.919278,-0.006168,0.085476,-0.010470,0.003613,0.061050,-0.009209,-0.009781,0.024426,-0.001261,0.080874,-0.484446,0.541214,0.730850,1.574077,-9.428979,10.533873,-9.428979,56.481130,-63.099623,10.533873,-63.099623,70.493676,-0.000000,-0.000000,128.548883,0.080874,-0.484446,0.541214,0.730850,1.209614,-7.245788,8.094854,-7.245788,43.403459,-48.489503,8.094854,-48.489503,54.171532,-0.000000,0.000000,98.784605,-0.017709,0.118659,0.082628,-0.017082,0.116515,0.078226,-0.000627,0.002144,0.004402,-0.013198,-0.258775,-0.276058,0.378612,0.119447,2.342001,2.498418,2.342001,45.919572,48.986428,2.498418,48.986428,52.258112,-0.000000,0.000000,98.297131,-0.013198,-0.258775,-0.276058,0.378612,0.122115,2.394311,2.554221,2.394311,46.945203,50.080559,2.554221,50.080559,53.425317,-0.000000,0.000000,100.492635,0.002027,0.111719,0.078149,0.001881,0.109766,0.076593,0.000146,0.001954,0.001556,-0.018490,-0.159663,-0.059768,0.171483,1.333999,11.519367,4.312164,11.519367,99.472167,37.236444,4.312164,37.236444,13.939103,-0.000000,0.000000,114.745269,-0.018490,-0.159663,-0.059768,0.171483,1.351806,11.673135,4.369725,11.673135,100.799989,37.733501,4.369725,37.733501,14.125171,-0.000000,0.000000,116.276966,0.017798,0.107026,0.061054,0.016455,0.103733,0.056595,0.001343,0.003293,0.004459,-0.060460,-0.451926,-0.092332,0.465207,1.844854,13.789884,2.817374,13.789884,103.076406,21.059260,2.817374,21.059260,4.302560,-0.000000,0.000000,109.223820,-0.060460,-0.451926,-0.092332,0.465207,1.995325,14.914621,3.047166,14.914621,111.483578,22.776906,3.047166,22.776906,4.653488,-0.000000,0.000000,118.132391,0.041504,0.094626,0.077591,0.040951,0.094094,0.076850,0.000554,0.000532,0.000742,-0.019012,-0.047145,-0.047488,0.069565,6.588486,16.337773,16.456418,16.337773,40.513530,40.807741,16.456418,40.807741,41.104088,-0.000000,-0.000000,88.206104,-0.019012,-0.047145,-0.047488,0.069565,6.617993,16.410944,16.530120,16.410944,40.694976,40.990504,16.530120,40.990504,41.288179,-0.000000,-0.000000,88.601147
2.8879,post_ramp,0.139,100.0000,4.206175,-1.359107,-1.492563,-0.176408,-0.079767,1.144350,-1.796292,0.941864,-2.489651,1.279340,-2.327049,0.800738,-1.777884,0.013052,0.055586,0.023981,0.023981,-0.039393,0.023981,0.023981,0.023981,0.023981,-0.018872,-0.262303,0.023981,0.023981,1.562472,-0.769596,1.233523,0.152866,0.002659,0.000000,-0.002659,-0.003988,0.695765,0.823987,0.823987,0.572653,1.104548,1.104548,0.777839,1.067454,1.067454,0.486849,0.919278,0.919278,-0.006140,0.085488,-0.010418,0.003613,0.061050,-0.009209,-0.009753,0.024438,-0.001209,0.080204,-0.482340,0.537793,0.726846,1.565364,-9.413940,10.496230,-9.413940,56.614486,-63.123270,10.496230,-63.123270,70.380348,-0.000000,0.000000,128.560197,0.080204,-0.482340,0.537793,0.726846,1.201985,-7.228617,8.059668,-7.228617,43.472176,-48.470031,8.059668,-48.470031,54.042473,0.000000,0.000000,98.716634,-0.017709,0.118659,0.082628,-0.017082,0.116515,0.078226,-0.000627,0.002144,0.004402,-0.013198,-0.258775,-0.276058,0.378612,0.119447,2.342001,2.498418,2.342001,45.919572,48.986428,2.498418,48.986428,52.258112,-0.000000,0.000000,98.297131,-0.013198,-0.258775,-0.276058,0.378612,0.122115,2.394311,2.554221,2.394311,46.945203,50.080559,2.554221,50.080559,53.425317,0.000000,0.000000,100.492635,0.002027,0.111719,0.078149,0.001881,0.109766,0.076593,0.000146,0.001954,0.001556,-0.018490,-0.159663,-0.059768,0.171483,1.333999,11.519367,4.312164,11.519367,99.472167,37.236444,4.312164,37.236444,13.939103,-0.000000,0.000000,114.745269,-0.018490,-0.159663,-0.059768,0.171483,1.351806,11.673135,4.369725,11.673135,100.799989,37.733501,4.369725,37.733501,14.125171,-0.000000,0.000000,116.276966,0.017805,0.107062,0.061076,0.016455,0.103733,0.056595,0.001350,0.003329,0.004481,-0.061016,-0.454739,-0.093558,0.468256,1.854790,13.823362,2.844024,13.823362,103.022607,21.195912,2.844024,21.195912,4.360855,-0.000000,0.000000,109.238253,-0.061016,-0.454739,-0.093558,0.468256,2.006109,14.951111,3.076047,14.951111,111.427484,22.925134,3.076047,22.925134,4.716626,-0.000000,0.000000,118.150219,0.041504,0.094626,0.077591,0.040951,0.094094,0.076850,0.000554,0.000532,0.000742,-0.019012,-0.047145,-0.047488,0.069565,6.588486,16.337773,16.456418,16.337773,40.513530,40.807741,16.456418,40.807741,41.104088,-0.000000,0.000000,88.206104,-0.019012,-0.047145,-0.047488,0.069565,6.617993,16.410944,16.530121,16.410944,40.694976,40.990505,16.530121,40.990505,41.288179,-0.000000,0.000000,88.601149
2.9061,post_ramp,0.139,100.0000,4.206175,-1.356039,-1.492563,-0.176408,-0.079767,1.144350,-1.796292,0.941864,-2.489651,1.279340,-2.325515,0.800738,-1.777884,0.018173,0.089869,0.023981,0.023981,-0.020935,0.023981,0.023981,0.023981,0.023981,-0.003134,-0.121512,0.023981,0.023981,1.562472,-0.767859,1.233523,0.152866,0.002659,0.000000,-0.002659,-0.003988,0.695765,0.823987,0.823987,0.572653,1.104548,1.104548,0.777839,1.066750,1.066750,0.486849,0.919278,0.919278,-0.006158,0.085535,-0.010332,0.003613,0.061050,-0.009209,-0.009771,0.024485,-0.001123,0.079987,-0.480804,0.534264,0.723193,1.572962,-9.455066,10.506352,-9.455066,56.834350,-63.153626,10.506352,-63.153626,70.175528,-0.000000,-0.000000,128.582840,0.079987,-0.480804,0.534264,0.723193,1.206488,-7.252194,8.058549,-7.252194,43.592901,-48.439892,8.058549,-48.439892,53.825808,0.000000,0.000000,98.625197,-0.017709,0.118659,0.082628,-0.017082,0.116515,0.078226,-0.000627,0.002144,0.004402,-0.013198,-0.258775,-0.276058,0.378612,0.119447,2.342001,2.498418,2.342001,45.919572,48.986428,2.498418,48.986428,52.258112,0.000000,0.000000,98.297131,-0.013198,-0.258775,-0.276058,0.378612,0.122115,2.394311,2.554221,2.394311,46.945203,50.080559,2.554221,50.080559,53.425317,-0.000000,0.000000,100.492635,0.002027,0.111719,0.078149,0.001881,0.109766,0.076593,0.000146,0.001954,0.001556,-0.018490,-0.159663,-0.059768,0.171483,1.333999,11.519367,4.312164,11.519367,99.472167,37.236444,4.312164,37.236444,13.939103,-0.000000,0.000000,114.745269,-0.018490,-0.159663,-0.059768,0.171483,1.351806,11.673135,4.369725,11.673135,100.799989,37.733501,4.369725,37.733501,14.125171,-0.000000,0.000000,116.276966,0.017812,0.107097,0.061098,0.016455,0.103733,0.056595,0.001357,0.003364,0.004502,-0.061574,-0.457549,-0.094792,0.471304,1.864741,13.856716,2.870757,13.856716,102.967947,21.332326,2.870757,21.332326,4.419512,-0.000000,0.000000,109.252200,-0.061574,-0.457549,-0.094792,0.471304,2.016907,14.987444,3.105015,14.987444,111.370276,23.073073,3.105015,23.073073,4.780151,-0.000000,-0.000000,118.167334,0.041504,0.094626,0.077591,0.040951,0.094094,0.076850,0.000554,0.000532,0.000742,-0.019012,-0.047146,-0.047488,0.069565,6.588486,16.337773,16.456418,16.337773,40.513530,40.807741,16.456418,40.807741,41.104088,-0.000000,0.000000,88.206104,-0.019012,-0.047146,-0.047488,0.069565,6.617993,16.410944,16.530121,16.410944,40.694977,40.990506,16.530121,40.990506,41.288180,0.000000,0.000000,88.601151
2.9243,post_ramp,0.139,100.0000,4.204641,-1.356039,-1.492563,-0.176408,-0.079767,1.144350,-1.796292,0.941864,-2.489651,1.280874,-2.322447,0.800738,-1.777884,0.012647,0.102960,0.023981,0.023981,-0.011126,0.023981,0.023981,0.023981,0.023981,0.014654,-0.004885,0.023981,0.023981,1.561902,-0.767859,1.233523,0.152866,0.002659,0.000000,-0.002659,-0.003988,0.695765,0.823987,0.823987,0.572653,1.104548,1.104548,0.778771,1.065343,1.065343,0.486849,0.919278,0.919278,-0.006194,0.085546,-0.010341,0.003613,0.061050,-0.009209,-0.009807,0.024496,-0.001132,0.080549,-0.482154,0.535916,0.725373,1.585535,-9.490812,10.549083,-9.490812,56.810802,-63.145479,10.549083,-63.145479,70.186503,-0.000000,0.000000,128.582840,0.080549,-0.482154,0.535916,0.725373,1.216407,-7.281261,8.093156,-7.281261,43.584706,-48.444610,8.093156,-48.444610,53.846416,-0.000000,-0.000000,98.647530,-0.017709,0.118659,0.082628,-0.017082,0.116515,0.078226,-0.000627,0.002144,0.004402,-0.013198,-0.258775,-0.276058,0.378612,0.119447,2.342001,2.498418,2.342001,45.919572,48.986428,2.498418,48.986428,52.258112,-0.000000,0.000000,98.297131,-0.013198,-0.258775,-0.276058,0.378612,0.122115,2.394311,2.554221,2.394311,46.945203,50.080559,2.554221,50.080559,53.425317,-0.000000,-0.000000,100.492635,0.002027,0.111719,0.078149,0.001881,0.109766,0.076593,0.000146,0.001954,0.001556,-0.018490,-0.159663,-0.059768,0.171483,1.333999,11.519367,4.312164,11.519367,99.472167,37.236444,4.312164,37.236444,13.939103,-0.000000,0.000000,114.745269,-0.018490,-0.159663,-0.059768,0.171483,1.351806,11.673135,4.369725,11.673135,100.799989,37.733501,4.369725,37.733501,14.125171,-0.000000,0.000000,116.276966,0.017810,0.107152,0.061083,0.016455,0.103733,0.056595,0.001355,0.003419,0.004487,-0.061936,-0.458440,-0.095857,0.472432,1.878218,13.902214,2.906864,13.902214,102.901563,21.516057,2.906864,21.516057,4.498870,-0.000000,0.000000,109.278650,-0.061936,-0.458440,-0.095857,0.472432,2.029407,15.021286,3.140855,15.021286,111.184725,23.248013,3.140855,23.248013,4.861010,-0.000000,0.000000,118.075142,0.041504,0.094626,0.077591,0.040951,0.094094,0.076850,0.000554,0.000532,0.000742,-0.019012,-0.047146,-0.047488,0.069565,6.588486,16.337773,16.456418,16.337773,40.513530,40.807741,16.456418,40.807741,41.104088,0.000000,0.000000,88.206104,-0.019012,-0.047146,-0.047488,0.069565,6.617993,16.410944,16.530121,16.410944,40.694977,40.990506,16.530121,40.990506,41.288180,-0.000000,0.000000,88.601151
2.9425,post_ramp,0.139,100.0000,4.204641,-1.356039,-1.492563,-0.176408,-0.079767,1.144350,-1.796292,0.941864,-2.489651,1.288544,-2.319379,0.800738,-1.777884,0.006049,0.072032,0.023981,0.023981,-0.005321,0.023981,0.023981,0.023981,0.023981,0.079344,0.084947,0.023981,0.023981,1.561902,-0.767859,1.233523,0.152866,0.002659,0.000000,-0.002659,-0.003988,0.695765,0.823987,0.823987,0.572653,1.104548,1.104548,0.783435,1.063935,1.063935,0.486849,0.919278,0.919278,-0.006194,0.085546,-0.010341,0.003613,0.061050,-0.009209,-0.009807,0.024496,-0.001132,0.080549,-0.482154,0.535916,0.725373,1.585535,-9.490812,10.549083,-9.490812,56.810802,-63.145479,10.549083,-63.145479,70.186503,-0.000000,0.000000,128.582840,0.080549,-0.482154,0.535916,0.725373,1.216407,-7.281261,8.093156,-7.281261,43.584706,-48.444610,8.093156,-48.444610,53.846416,-0.000000,-0.000000,98.647530,-0.017709,0.118659,0.082628,-0.017082,0.116515,0.078226,-0.000627,0.002144,0.004402,-0.013198,-0.258775,-0.276058,0.378612,0.119447,2.342001,2.498418,2.342001,45.919572,48.986428,2.498418,48.986428,52.258112,0.000000,0.000000,98.297131,-0.013198,-0.258775,-0.276058,0.378612,0.122115,2.394311,2.554221,2.394311,46.945204,50.080559,2.554221,50.080559,53.425317,-0.000000,0.000000,100.492635,0.002027,0.111719,0.078149,0.001881,0.109766,0.076593,0.000146,0.001954,0.001556,-0.018490,-0.159663,-0.059768,0.171483,1.333999,11.519367,4.312164,11.519367,99.472167,37.236444,4.312164,37.236444,13.939103,-0.000000,0.000000,114.745269,-0.018490,-0.159663,-0.059768,0.171483,1.351806,11.673135,4.369725,11.673135,100.799989,37.733501,4.369725,37.733501,14.125171,-0.000000,0.000000,116.276966,0.017744,0.107143,0.060836,0.016455,0.103733,0.056595,0.001289,0.003410,0.004241,-0.059275,-0.440436,-0.091262,0.453681,1.865842,13.863931,2.872723,13.863931,103.014392,21.345447,2.872723,21.345447,4.422956,-0.000000,0.000000,109.303190,-0.059275,-0.440436,-0.091262,0.453681,2.005501,14.901652,3.087747,14.901652,110.725061,22.943163,3.087747,22.943163,4.754016,0.000000,0.000000,117.484578,0.041504,0.094626,0.077591,0.040951,0.094094,0.076850,0.000554,0.000532,0.000742,-0.019012,-0.047145,-0.047487,0.069564,6.588486,16.337773,16.456418,16.337773,40.513530,40.807741,16.456418,40.807741,41.104088,-0.000000,0.000000,88.206104,-0.019012,-0.047145,-0.047487,0.069564,6.617992,16.410942,16.530119,16.410942,40.694972,40.990500,16.530119,40.990500,41.288174,-0.000000,0.000000,88.601139
2.9606,post_ramp,0.139,100.0000,4.204641,-1.356039,-1.492563,-0.176408,-0.079767,1.144350,-1.796292,0.941864,-2.489651,1.299282,-2.319379,0.800738,-1.777884,0.014451,0.049517,0.023981,0.023981,-0.002828,0.023981,0.023981,0.023981,0.023981,0.212490,0.110996,0.023981,0.023981,1.561902,-0.767859,1.233523,0.152866,0.002659,0.000000,-0.002659,-0.003988,0.695765,0.823987,0.823987,0.572653,1.104548,1.104548,0.789963,1.063935,1.063935,0.486849,0.919278,0.919278,-0.006194,0.085546,-0.010341,0.003613,0.061050,-0.009209,-0.009807,0.024496,-0.001132,0.080549,-0.482154,0.535916,0.725373,1.585535,-9.490812,10.549083,-9.490812,56.810802,-63.145479,10.549083,-63.145479,70.186503,-0.000000,0.000000,128.582840,0.080549,-0.482154,0.535916,0.725373,1.216407,-7.281261,8.093156,-7.281261,43.584706,-48.444610,8.093156,-48.444610,53.846416,-0.000000,-0.000000,98.647530,-0.017709,0.118659,0.082628,-0.017082,0.116515,0.078226,-0.000627,0.002144,0.004402,-0.013198,-0.258775,-0.276058,0.378612,0.119447,2.342001,2.498418,2.342001,45.919572,48.986428,2.498418,48.986428,52.258112,0.000000,0.000000,98.297131,-0.013198,-0.258775,-0.276058,0.378612,0.122115,2.394311,2.554221,2.394311,46.945204,50.080559,2.554221,50.080559,53.425317,-0.000000,0.000000,100.492636,0.002027,0.111719,0.078149,0.001881,0.109766,0.076593,0.000146,0.001954,0.001556,-0.018490,-0.159663,-0.059768,0.171483,1.333999,11.519367,4.312164,11.519367,99.472167,37.236444,4.312164,37.236444,13.939103,-0.000000,0.000000,114.745269,-0.018490,-0.159663,-0.059768,0.171483,1.351806,11.673135,4.369725,11.673135,100.799989,37.733501,4.369725,37.733501,14.125171,-0.000000,0.000000,116.276966,0.017632,0.107028,0.060430,0.016455,0.103733,0.056595,0.001177,0.003295,0.003835,-0.054073,-0.407320,-0.081694,0.418936,1.820925,13.716732,2.751075,13.716732,103.325919,20.723405,2.751075,20.723405,4.156358,-0.000000,0.000000,109.303202,-0.054073,-0.407320,-0.081694,0.418936,1.942691,14.633976,2.935041,14.633976,110.235370,22.109189,2.935041,22.109189,4.434296,-0.000000,0.000000,116.612356,0.041504,0.094626,0.077591,0.040951,0.094094,0.076850,0.000554,0.000532,0.000742,-0.019011,-0.047144,-0.047486,0.069562,6.588486,16.337773,16.456418,16.337773,40.513530,40.807741,16.456418,40.807741,41.104088,-0.000000,0.000000,88.206104,-0.019011,-0.047144,-0.047486,0.069562,6.617991,16.410938,16.530115,16.410938,40.694961,40.990490,16.530115,40.990490,41.288164,0.000000,0.000000,88.601116
2.9788,post_ramp,0.139,100.0000,4.204641,-1.356039,-1.492563,-0.176408,-0.076699,1.144350,-1.796292,0.941864,-2.489651,1.305418,-2.319379,0.800738,-1.777884,0.018916,0.037552,0.023981,0.023981,0.023519,0.023981,0.023981,0.023981,0.023981,0.347019,0.073395,0.023981,0.023981,1.561902,-0.767859,1.233523,0.152866,0.002557,0.000000,-0.002557,-0.003835,0.695765,0.823987,0.823987,0.572653,1.104548,1.104548,0.793694,1.063935,1.063935,0.486849,0.919278,0.919278,-0.006194,0.085546,-0.010341,0.003613,0.061050,-0.009209,-0.009807,0.024496,-0.001132,0.080549,-0.482154,0.535916,0.725373,1.585535,-9.490812,10.549083,-9.490812,56.810802,-63.145479,10.549083,-63.145479,70.186503,-0.000000,0.000000,128.582840,0.080549,-0.482154,0.535916,0.725373,1.216407,-7.281261,8.093156,-7.281261,43.584706,-48.444610,8.093156,-48.444610,53.846416,-0.000000,-0.000000,98.647530,-0.017712,0.118660,0.082628,-0.017082,0.116515,0.078226,-0.000631,0.002144,0.004402,-0.013164,-0.258797,-0.276074,0.378637,0.118822,2.335905,2.491851,2.335905,45.921124,48.986821,2.491851,48.986821,52.257185,-0.000000,0.000000,98.297131,-0.013164,-0.258797,-0.276074,0.378637,0.121476,2.388084,2.547512,2.388084,46.946884,50.081061,2.547512,50.081061,53.424477,-0.000000,-0.000000,100.492837,0.002027,0.111719,0.078149,0.001881,0.109766,0.076593,0.000146,0.001954,0.001556,-0.018490,-0.159663,-0.059768,0.171483,1.333999,11.519367,4.312164,11.519367,99.472167,37.236444,4.312164,37.236444,13.939103,-0.000000,0.000000,114.745269,-0.018490,-0.159663,-0.059768,0.171483,1.351806,11.673135,4.369725,11.673135,100.799989,37.733501,4.369725,37.733501,14.125171,-0.000000,0.000000,116.276966,0.017569,0.106962,0.060199,0.016455,0.103733,0.056595,0.001114,0.003229,0.003603,-0.051176,-0.388392,-0.076419,0.399133,1.796930,13.637495,2.683279,13.637495,103.499453,20.364291,2.683279,20.364291,4.006826,-0.000000,0.000000,109.303209,-0.051176,-0.388392,-0.076419,0.399133,1.908881,14.487130,2.850451,14.487130,109.947613,21.633015,2.850451,21.633015,4.256457,-0.000000,0.000000,116.112951,0.041509,0.094626,0.077590,0.040951,0.094094,0.076850,0.000559,0.000533,0.000740,-0.019047,-0.047211,-0.047549,0.069660,6.594468,16.345482,16.462398,16.345482,40.514986,40.804781,16.462398,40.804781,41.096650,-0.000000,-0.000000,88.206104,-0.019047,-0.047211,-0.047549,0.069660,6.624085,16.418893,16.536334,16.418893,40.696947,40.988044,16.536334,40.988044,41.281223,-0.000000,0.000000,88.602255
2.9970,post_ramp,0.139,100.0000,4.204641,-1.356039,-1.492563,-0.176408,-0.073631,1.144350,-1.796292,0.941864,-2.489651,1.303884,-2.319379,0.800738,-1.777884,0.021289,0.031193,0.023981,0.023981,0.080068,0.023981,0.023981,0.023981,0.023981,0.344042,0.041403,0.023981,0.023981,1.561902,-0.767859,1.233523,0.152866,0.002454,0.000000,-0.002454,-0.003682,0.695765,0.823987,0.823987,0.572653,1.104548,1.104548,0.792761,1.063935,1.063935,0.486849,0.919278,0.919278,-0.006194,0.085546,-0.010341,0.003613,0.061050,-0.009209,-0.009807,0.024496,-0.001132,0.080549,-0.482154,0.535916,0.725373,1.585535,-9.490812,10.549083,-9.490812,56.810802,-63.145479,10.549083,-63.145479,70.186503,-0.000000,0.000000,128.582840,0.080549,-0.482154,0.535916,0.725373,1.216407,-7.281261,8.093156,-7.281261,43.584706,-48.444610,8.093156,-48.444610,53.846416,-0.000000,-0.000000,98.647530,-0.017716,0.118660,0.082628,-0.017082,0.116515,0.078226,-0.000634,0.002145,0.004402,-0.013131,-0.258818,-0.276090,0.378662,0.118199,2.329809,2.485284,2.329809,45.922675,48.987214,2.485284,48.987214,52.256258,-0.000000,0.000000,98.297131,-0.013131,-0.258818,-0.276090,0.378662,0.120839,2.381856,2.540804,2.381856,46.948563,50.081563,2.540804,50.081563,53.423635,-0.000000,0.000000,100.493038,0.002027,0.111719,0.078149,0.001881,0.109766,0.076593,0.000146,0.001954,0.001556,-0.018490,-0.159663,-0.059768,0.171483,1.333999,11.519367,4.312164,11.519367,99.472167,37.236444,4.312164,37.236444,13.939103,-0.000000,0.000000,114.745269,-0.018490,-0.159663,-0.059768,0.171483,1.351806,11.673135,4.369725,11.673135,100.799989,37.733501,4.369725,37.733501,14.125171,-0.000000,0.000000,116.276966,0.017587,0.106979,0.060257,0.016455,0.103733,0.056595,0.001132,0.003245,0.003661,-0.051930,-0.393172,-0.077725,0.404131,1.804770,13.664305,2.701246,13.664305,103.455412,20.451720,2.701246,20.451720,4.043025,-0.000000,0.000000,109.303207,-0.051930,-0.393172,-0.077725,0.404131,1.919293,14.531385,2.872656,14.531385,110.020264,21.749502,2.872656,21.749502,4.299579,-0.000000,0.000000,116.239137,0.041514,0.094627,0.077588,0.040951,0.094094,0.076850,0.000564,0.000533,0.000739,-0.019083,-0.047279,-0.047612,0.069760,6.600453,16.353191,16.468376,16.353191,40.516441,40.801820,16.468376,40.801820,41.089210,-0.000000,0.000000,88.206104,-0.019083,-0.047279,-0.047612,0.069760,6.630183,16.426851,16.542554,16.426851,40.698939,40.985604,16.542554,40.985604,41.274288,-0.000000,-0.000000,88.603410
3.0152,post_ramp,0.139,100.0000,4.204641,-1.356039,-1.492563,-0.176408,-0.072097,1.144350,-1.796292,0.941864,-2.489651,1.300816,-2.317845,0.800738,-1.777884,0.019561,0.027814,0.023981,0.023981,0.118809,0.023981,0.023981,0.023981,0.023981,0.203008,0.043060,0.023981,0.023981,1.561902,-0.767859,1.233523,0.152866,0.002403,0.000000,-0.002403,-0.003605,0.695765,0.823987,0.823987,0.572653,1.104548,1.104548,0.790896,1.063232,1.063232,0.486849,0.919278,0.919278,-0.006194,0.085546,-0.010341,0.003613,0.061050,-0.009209,-0.009807,0.024496,-0.001132,0.080549,-0.482154,0.535916,0.725373,1.585535,-9.490812,10.549083,-9.490812,56.810802,-63.145479,10.549083,-63.145479,70.186503,-0.000000,0.000000,128.582840,0.080549,-0.482154,0.535916,0.725373,1.216407,-7.281261,8.093156,-7.281261,43.584706,-48.444610,8.093156,-48.444610,53.846416,-0.000000,-0.000000,98.647530,-0.017718,0.118660,0.082628,-0.017082,0.116515,0.078226,-0.000636,0.002145,0.004402,-0.013114,-0.258829,-0.276097,0.378674,0.117888,2.326761,2.482000,2.326761,45.923450,48.987410,2.482000,48.987410,52.255794,-0.000000,0.000000,98.297131,-0.013114,-0.258829,-0.276097,0.378674,0.120522,2.378742,2.537449,2.378742,46.949403,50.081813,2.537449,50.081813,53.423214,-0.000000,-0.000000,100.493139,0.002027,0.111719,0.078149,0.001881,0.109766,0.076593,0.000146,0.001954,0.001556,-0.018490,-0.159663,-0.059768,0.171483,1.333999,11.519367,4.312164,11.519367,99.472167,37.236444,4.312164,37.236444,13.939103,-0.000000,0.000000,114.745269,-0.018490,-0.159663,-0.059768,0.171483,1.351806,11.673135,4.369725,11.673135,100.799989,37.733501,4.369725,37.733501,14.125171,-0.000000,0.000000,116.276966,0.017627,0.107048,0.060394,0.016455,0.103733,0.056595,0.001172,0.003315,0.003798,-0.053937,-0.405474,-0.081501,0.417086,1.828114,13.742898,2.762345,13.742898,103.312639,20.766011,2.762345,20.766011,4.174003,-0.000000,0.000000,109.314755,-0.053937,-0.405474,-0.081501,0.417086,1.948390,14.647076,2.944087,14.647076,110.109828,22.132257,2.944087,22.132257,4.448620,0.000000,0.000000,116.506838,0.041517,0.094628,0.077588,0.040951,0.094094,0.076850,0.000566,0.000534,0.000738,-0.019101,-0.047314,-0.047645,0.069810,6.603446,16.357046,16.471364,16.357046,40.517168,40.800339,16.471364,40.800339,41.085490,-0.000000,0.000000,88.206104,-0.019101,-0.047314,-0.047645,0.069810,6.633234,16.430831,16.545665,16.430831,40.699937,40.984386,16.545665,40.984386,41.270823,-0.000000,-0.000000,88.603994
3.0333,post_ramp,0.139,100.0000,4.204641,-1.356039,-1.492563,-0.176408,-0.073631,1.144350,-1.796292,0.941864,-2.489651,1.297748,-2.316311,0.800738,-1.777884,0.014210,0.026018,0.023981,0.023981,0.090199,0.023981,0.023981,0.023981,0.023981,0.053712,0.049913,0.023981,0.023981,1.561902,-0.767859,1.233523,0.152866,0.002454,0.000000,-0.002454,-0.003682,0.695765,0.823987,0.823987,0.572653,1.104548,1.104548,0.789031,1.062528,1.062528,0.486849,0.919278,0.919278,-0.006194,0.085546,-0.010341,0.003613,0.061050,-0.009209,-0.009807,0.024496,-0.001132,0.080549,-0.482154,0.535916,0.725373,1.585535,-9.490812,10.549083,-9.490812,56.810802,-63.145479,10.549083,-63.145479,70.186503,-0.000000,0.000000,128.582840,0.080549,-0.482154,0.535916,0.725373,1.216407,-7.281261,8.093156,-7.281261,43.584706,-48.444610,8.093156,-48.444610,53.846416,-0.000000,-0.000000,98.647530,-0.017716,0.118660,0.082628,-0.017082,0.116515,0.078226,-0.000634,0.002145,0.004402,-0.013131,-0.258818,-0.276090,0.378662,0.118199,2.329809,2.485284,2.329809,45.922675,48.987214,2.485284,48.987214,52.256258,-0.000000,0.000000,98.297131,-0.013131,-0.258818,-0.276090,0.378662,0.120839,2.381856,2.540804,2.381856,46.948563,50.081563,2.540804,50.081563,53.423635,-0.000000,-0.000000,100.493038,0.002027,0.111719,0.078149,0.001881,0.109766,0.076593,0.000146,0.001954,0.001556,-0.018490,-0.159663,-0.059768,0.171483,1.333999,11.519367,4.312164,11.519367,99.472167,37.236444,4.312164,37.236444,13.939103,-0.000000,0.000000,114.745269,-0.018490,-0.159663,-0.059768,0.171483,1.351806,11.673135,4.369725,11.673135,100.799989,37.733501,4.369725,37.733501,14.125171,-0.000000,0.000000,116.276966,0.017665,0.107116,0.060531,0.016455,0.103733,0.056595,0.001210,0.003383,0.003936,-0.055939,-0.417726,-0.085358,0.430012,1.850065,13.815483,2.823050,13.815483,103.168019,21.081308,2.823050,21.081308,4.307745,-0.000000,0.000000,109.325830,-0.055939,-0.417726,-0.085358,0.430012,1.976065,14.756397,3.015316,14.756397,110.194352,22.517066,3.015316,22.517066,4.601127,-0.000000,0.000000,116.771545,0.041514,0.094627,0.077588,0.040951,0.094094,0.076850,0.000564,0.000533,0.000739,-0.019083,-0.047280,-0.047613,0.069761,6.600453,16.353191,16.468376,16.353191,40.516441,40.801820,16.468376,40.801820,41.089210,-0.000000,0.000000,88.206104,-0.019083,-0.047280,-0.047613,0.069761,6.630185,16.426854,16.542557,16.426854,40.698946,40.985611,16.542557,40.985611,41.274295,-0.000000,0.000000,88.603426
3.0515,post_ramp,0.139,100.0000,4.204641,-1.356039,-1.492563,-0.176408,-0.075165,1.144350,-1.796292,0.941864,-2.489651,1.293146,-2.316311,0.800738,-1.777884,0.012289,0.025063,0.023981,0.023981,0.034606,0.023981,0.023981,0.023981,0.023981,-0.057591,0.066915,0.023981,0.023981,1.561902,-0.767859,1.233523,0.152866,0.002506,0.000000,-0.002506,-0.003758,0.695765,0.823987,0.823987,0.572653,1.104548,1.104548,0.786233,1.062528,1.062528,0.486849,0.919278,0.919278,-0.006194,0.085546,-0.010341,0.003613,0.061050,-0.009209,-0.009807,0.024496,-0.001132,0.080549,-0.482154,0.535916,0.725373,1.585535,-9.490812,10.549083,-9.490812,56.810802,-63.145479,10.549083,-63.145479,70.186503,-0.000000,0.000000,128.582840,0.080549,-0.482154,0.535916,0.725373,1.216407,-7.281261,8.093156,-7.281261,43.584706,-48.444610,8.093156,-48.444610,53.846416,-0.000000,-0.000000,98.647530,-0.017714,0.118660,0.082628,-0.017082,0.116515,0.078226,-0.000632,0.002145,0.004402,-0.013148,-0.258807,-0.276082,0.378649,0.118510,2.332857,2.488567,2.332857,45.921899,48.987018,2.488567,48.987018,52.256722,-0.000000,0.000000,98.297131,-0.013148,-0.258807,-0.276082,0.378649,0.121158,2.384970,2.544158,2.384970,46.947723,50.081312,2.544158,50.081312,53.424056,0.000000,0.000000,100.492937,0.002027,0.111719,0.078149,0.001881,0.109766,0.076593,0.000146,0.001954,0.001556,-0.018490,-0.159663,-0.059768,0.171483,1.333999,11.519367,4.312164,11.519367,99.472167,37.236444,4.312164,37.236444,13.939103,-0.000000,0.000000,114.745269,-0.018490,-0.159663,-0.059768,0.171483,1.351806,11.673135,4.369725,11.673135,100.799989,37.733501,4.369725,37.733501,14.125171,-0.000000,0.000000,116.276966,0.017713,0.107165,0.060705,0.016455,0.103733,0.056595,0.001258,0.003432,0.004110,-0.058164,-0.431901,-0.089489,0.444894,1.868637,13.875620,2.875009,13.875620,103.033815,21.348464,2.875009,21.348464,4.423372,-0.000000,-0.000000,109.325824,-0.058164,-0.431901,-0.089489,0.444894,2.002263,14.867859,3.080600,14.867859,110.401712,22.875082,3.080600,22.875082,4.739685,-0.000000,0.000000,117.143660,0.041512,0.094627,0.077589,0.040951,0.094094,0.076850,0.000561,0.000533,0.000739,-0.019066,-0.047247,-0.047582,0.069712,6.597460,16.349337,16.465387,16.349337,40.515713,40.803301,16.465387,40.803301,41.092930,-0.000000,0.000000,88.206104,-0.019066,-0.047247,-0.047582,0.069712,6.627136,16.422877,16.539449,16.422877,40.697955,40.986836,16.539449,40.986836,41.277768,-0.000000,0.000000,88.602859
3.0697,post_ramp,0.139,100.0000,4.204641,-1.354505,-1.492563,-0.176408,-0.076699,1.144350,-1.796292,0.941864,-2.489651,1.287010,-2.314777,0.800738,-1.777884,0.010222,0.032803,0.023981,0.023981,-0.010581,0.023981,0.023981,0.023981,0.023981,-0.144538,0.069271,0.023981,0.023981,1.561902,-0.766990,1.233523,0.152866,0.002557,0.000000,-0.002557,-0.003835,0.695765,0.823987,0.823987,0.572653,1.104548,1.104548,0.782502,1.061824,1.061824,0.486849,0.919278,0.919278,-0.006203,0.085570,-0.010297,0.003613,0.061050,-0.009209,-0.009816,0.024520,-0.001088,0.080440,-0.481387,0.534156,0.723551,1.589369,-9.511470,10.554117,-9.511470,56.920755,-63.160405,10.554117,-63.160405,70.084045,-0.000000,0.000000,128.594169,0.080440,-0.481387,0.534156,0.723551,1.218677,-7.293091,8.092559,-7.293091,43.645017,-48.429381,8.092559,-48.429381,53.738207,-0.000000,0.000000,98.601901,-0.017712,0.118660,0.082628,-0.017082,0.116515,0.078226,-0.000631,0.002144,0.004402,-0.013164,-0.258797,-0.276074,0.378637,0.118822,2.335905,2.491851,2.335905,45.921124,48.986821,2.491851,48.986821,52.257185,-0.000000,-0.000000,98.297131,-0.013164,-0.258797,-0.276074,0.378637,0.121476,2.388084,2.547512,2.388084,46.946883,50.081061,2.547512,50.081061,53.424476,-0.000000,0.000000,100.492836,0.002027,0.111719,0.078149,0.001881,0.109766,0.076593,0.000146,0.001954,0.001556,-0.018490,-0.159663,-0.059768,0.171483,1.333999,11.519367,4.312164,11.519367,99.472167,37.236444,4.312164,37.236444,13.939103,-0.000000,0.000000,114.745269,-0.018490,-0.159663,-0.059768,0.171483,1.351806,11.673135,4.369725,11.673135,100.799989,37.733501,4.369725,37.733501,14.125171,-0.000000,0.000000,116.276966,0.017783,0.107266,0.060959,0.016455,0.103733,0.056595,0.001328,0.003533,0.004364,-0.061725,-0.453567,-0.096361,0.467780,1.903745,13.988990,2.971974,13.988990,102.793070,21.838487,2.971974,21.838487,4.639608,-0.000000,0.000000,109.336423,-0.061725,-0.453567,-0.096361,0.467780,2.048537,15.052941,3.198012,15.052941,110.611136,23.499443,3.198012,23.499443,4.992479,-0.000000,0.000000,117.652153,0.041509,0.094626,0.077590,0.040951,0.094094,0.076850,0.000559,0.000533,0.000740,-0.019048,-0.047214,-0.047551,0.069664,6.594468,16.345482,16.462398,16.345482,40.514986,40.804782,16.462398,40.804782,41.096650,-0.000000,0.000000,88.206104,-0.019048,-0.047214,-0.047551,0.069664,6.624089,16.418901,16.536342,16.418901,40.696966,40.988064,16.536342,40.988064,41.281243,-0.000000,0.000000,88.602298
3.0879,post_ramp,0.139,100.0000,4.204641,-1.354505,-1.492563,-0.176408,-0.079767,1.144350,-1.796292,0.941864,-2.489651,1.282408,-2.314777,0.800738,-1.777884,0.013679,0.039906,0.023981,0.023981,-0.052967,0.023981,0.023981,0.023981,0.023981,-0.200414,0.068125,0.023981,0.023981,1.561902,-0.766990,1.233523,0.152866,0.002659,0.000000,-0.002659,-0.003988,0.695765,0.823987,0.823987,0.572653,1.104548,1.104548,0.779704,1.061824,1.061824,0.486849,0.919278,0.919278,-0.006203,0.085570,-0.010297,0.003613,0.061050,-0.009209,-0.009816,0.024520,-0.001088,0.080440,-0.481387,0.534156,0.723551,1.589369,-9.511470,10.554117,-9.511470,56.920755,-63.160405,10.554117,-63.160405,70.084045,-0.000000,0.000000,128.594169,0.080440,-0.481387,0.534156,0.723551,1.218677,-7.293091,8.092559,-7.293091,43.645017,-48.429381,8.092559,-48.429381,53.738207,-0.000000,0.000000,98.601901,-0.017709,0.118659,0.082628,-0.017082,0.116515,0.078226,-0.000627,0.002144,0.004402,-0.013198,-0.258775,-0.276058,0.378612,0.119447,2.342001,2.498418,2.342001,45.919572,48.986428,2.498418,48.986428,52.258112,-0.000000,0.000000,98.297131,-0.013198,-0.258775,-0.276058,0.378612,0.122115,2.394311,2.554221,2.394311,46.945203,50.080559,2.554221,50.080559,53.425317,-0.000000,0.000000,100.492635,0.002027,0.111719,0.078149,0.001881,0.109766,0.076593,0.000146,0.001954,0.001556,-0.018490,-0.159663,-0.059768,0.171483,1.333999,11.519367,4.312164,11.519367,99.472167,37.236444,4.312164,37.236444,13.939103,-0.000000,0.000000,114.745269,-0.018490,-0.159663,-0.059768,0.171483,1.351806,11.673135,4.369725,11.673135,100.799989,37.733501,4.369725,37.733501,14.125171,-0.000000,0.000000,116.276966,0.017830,0.107313,0.061134,0.016455,0.103733,0.056595,0.001375,0.003580,0.004538,-0.063989,-0.467679,-0.100705,0.482659,1.921723,14.045437,3.024400,14.045437,102.654906,22.104653,3.024400,22.104653,4.759789,0.000000,0.000000,109.336418,-0.063989,-0.467679,-0.100705,0.482659,2.074368,15.161087,3.264633,15.161087,110.808942,23.860459,3.264633,23.860459,5.137866,-0.000000,0.000000,118.021176,0.041504,0.094626,0.077591,0.040951,0.094094,0.076850,0.000554,0.000532,0.000742,-0.019012,-0.047146,-0.047488,0.069565,6.588486,16.337773,16.456418,16.337773,40.513530,40.807741,16.456418,40.807741,41.104088,-0.000000,0.000000,88.206104,-0.019012,-0.047146,-0.047488,0.069565,6.617994,16.410945,16.530122,16.410945,40.694980,40.990508,16.530122,40.990508,41.288183,-0.000000,0.000000,88.601156
3.1061,post_ramp,0.139,100.0000,4.204641,-1.354505,-1.492563,-0.176408,-0.079767,1.144350,-1.796292,0.941864,-2.489651,1.277806,-2.313243,0.800738,-1.777884,0.014932,0.035433,0.023981,0.023981,-0.072112,0.023981,0.023981,0.023981,0.023981,-0.233430,0.068497,0.023981,0.023981,1.561902,-0.766990,1.233523,0.152866,0.002659,0.000000,-0.002659,-0.003988,0.695765,0.823987,0.823987,0.572653,1.104548,1.104548,0.776906,1.061121,1.061121,0.486849,0.919278,0.919278,-0.006203,0.085570,-0.010297,0.003613,0.061050,-0.009209,-0.009816,0.024520,-0.001088,0.080440,-0.481387,0.534156,0.723551,1.589369,-9.511470,10.554117,-9.511470,56.920755,-63.160405,10.554117,-63.160405,70.084045,-0.000000,0.000000,128.594169,0.080440,-0.481387,0.534156,0.723551,1.218677,-7.293091,8.092559,-7.293091,43.645017,-48.429381,8.092559,-48.429381,53.738207,-0.000000,0.000000,98.601901,-0.017709,0.118659,0.082628,-0.017082,0.116515,0.078226,-0.000627,0.002144,0.004402,-0.013198,-0.258775,-0.276058,0.378612,0.119447,2.342001,2.498418,2.342001,45.919572,48.986428,2.498418,48.986428,52.258112,-0.000000,0.000000,98.297131,-0.013198,-0.258775,-0.276058,0.378612,0.122115,2.394311,2.554221,2.394311,46.945203,50.080558,2.554221,50.080558,53.425316,-0.000000,0.000000,100.492635,0.002027,0.111719,0.078149,0.001881,0.109766,0.076593,0.000146,0.001954,0.001556,-0.018490,-0.159663,-0.059768,0.171483,1.333999,11.519367,4.312164,11.519367,99.472167,37.236444,4.312164,37.236444,13.939103,-0.000000,0.000000,114.745269,-0.018490,-0.159663,-0.059768,0.171483,1.351806,11.673135,4.369725,11.673135,100.799989,37.733501,4.369725,37.733501,14.125171,-0.000000,0.000000,116.276966,0.017886,0.107396,0.061330,0.016455,0.103733,0.056595,0.001431,0.003663,0.004735,-0.066878,-0.484585,-0.106433,0.500622,1.951409,14.139564,3.105566,14.139564,102.452791,22.502386,3.105566,22.502386,4.942348,-0.000000,-0.000000,109.346548,-0.066878,-0.484585,-0.106433,0.500622,2.113006,15.310468,3.362740,15.310468,110.936954,24.365820,3.362740,24.365820,5.351627,-0.000000,0.000000,118.401587,0.041504,0.094626,0.077591,0.040951,0.094094,0.076850,0.000554,0.000532,0.000742,-0.019013,-0.047147,-0.047489,0.069566,6.588486,16.337773,16.456418,16.337773,40.513530,40.807741,16.456418,40.807741,41.104088,-0.000000,-0.000000,88.206104,-0.019013,-0.047147,-0.047489,0.069566,6.617995,16.410947,16.530124,16.410947,40.694985,40.990513,16.530124,40.990513,41.288188,-0.000000,0.000000,88.601168
3.1243,post_ramp,0.139,100.0000,4.204641,-1.354505,-1.492563,-0.176408,-0.079767,1.144350,-1.796292,0.941864,-2.489651,1.274738,-2.311709,0.800738,-1.777884,0.009351,0.030067,0.023981,0.023981,-0.051899,0.023981,0.023981,0.023981,0.023981,-0.235437,0.076610,0.023981,0.023981,1.561902,-0.766990,1.233523,0.152866,0.002659,0.000000,-0.002659,-0.003988,0.695765,0.823987,0.823987,0.572653,1.104548,1.104548,0.775041,1.060417,1.060417,0.486849,0.919278,0.919278,-0.006203,0.085570,-0.010297,0.003613,0.061050,-0.009209,-0.009816,0.024520,-0.001088,0.080440,-0.481387,0.534156,0.723551,1.589369,-9.511470,10.554117,-9.511470,56.920755,-63.160405,10.554117,-63.160405,70.084045,-0.000000,0.000000,128.594169,0.080440,-0.481387,0.534156,0.723551,1.218677,-7.293091,8.092559,-7.293091,43.645017,-48.429381,8.092559,-48.429381,53.738207,-0.000000,0.000000,98.601901,-0.017709,0.118659,0.082628,-0.017082,0.116515,0.078226,-0.000627,0.002144,0.004402,-0.013198,-0.258775,-0.276058,0.378612,0.119447,2.342001,2.498418,2.342001,45.919572,48.986428,2.498418,48.986428,52.258112,-0.000000,0.000000,98.297131,-0.013198,-0.258775,-0.276058,0.378612,0.122115,2.394311,2.554221,2.394311,46.945203,50.080558,2.554221,50.080558,53.425316,-0.000000,0.000000,100.492635,0.002027,0.111719,0.078149,0.001881,0.109766,0.076593,0.000146,0.001954,0.001556,-0.018490,-0.159663,-0.059768,0.171483,1.333999,11.519367,4.312164,11.519367,99.472167,37.236444,4.312164,37.236444,13.939103,-0.000000,0.000000,114.745269,-0.018490,-0.159663,-0.059768,0.171483,1.351806,11.673135,4.369725,11.673135,100.799989,37.733501,4.369725,37.733501,14.125171,-0.000000,0.000000,116.276966,0.017925,0.107463,0.061469,0.016455,0.103733,0.056595,0.001470,0.003730,0.004873,-0.069019,-0.496760,-0.110775,0.513619,1.974668,14.212607,3.169332,14.212607,102.294781,22.811167,3.169332,22.811167,5.086763,-0.000000,0.000000,109.356212,-0.069019,-0.496760,-0.110775,0.513619,2.142610,15.421369,3.438879,15.421369,110.994811,24.751225,3.438879,24.751225,5.519385,-0.000000,0.000000,118.656806,0.041504,0.094626,0.077591,0.040951,0.094094,0.076850,0.000554,0.000532,0.000742,-0.019013,-0.047147,-0.047489,0.069567,6.588486,16.337773,16.456418,16.337773,40.513530,40.807741,16.456418,40.807741,41.104088,-0.000000,0.000000,88.206104,-0.019013,-0.047147,-0.047489,0.069567,6.617995,16.410949,16.530126,16.410949,40.694989,40.990517,16.530126,40.990517,41.288192,-0.000000,0.000000,88.601176
3.1425,post_ramp,0.139,100.0000,4.204641,-1.354505,-1.492563,-0.176408,-0.079767,1.144350,-1.796292,0.941864,-2.489651,1.270136,-2.310175,0.800738,-1.777884,0.006718,0.027215,0.023981,0.023981,-0.027582,0.023981,0.023981,0.023981,0.023981,-0.229939,0.075839,0.023981,0.023981,1.561902,-0.766990,1.233523,0.152866,0.002659,0.000000,-0.002659,-0.003988,0.695765,0.823987,0.823987,0.572653,1.104548,1.104548,0.772243,1.059713,1.059713,0.486849,0.919278,0.919278,-0.006203,0.085570,-0.010297,0.003613,0.061050,-0.009209,-0.009816,0.024520,-0.001088,0.080440,-0.481387,0.534156,0.723551,1.589369,-9.511470,10.554117,-9.511470,56.920755,-63.160405,10.554117,-63.160405,70.084045,-0.000000,0.000000,128.594169,0.080440,-0.481387,0.534156,0.723551,1.218677,-7.293091,8.092559,-7.293091,43.645017,-48.429381,8.092559,-48.429381,53.738207,-0.000000,0.000000,98.601901,-0.017709,0.118659,0.082628,-0.017082,0.116515,0.078226,-0.000627,0.002144,0.004402,-0.013198,-0.258775,-0.276058,0.378612,0.119447,2.342001,2.498418,2.342001,45.919572,48.986428,2.498418,48.986428,52.258112,0.000000,0.000000,98.297131,-0.013198,-0.258775,-0.276058,0.378612,0.122115,2.394311,2.554221,2.394311,46.945203,50.080558,2.554221,50.080558,53.425316,-0.000000,0.000000,100.492634,0.002027,0.111719,0.078149,0.001881,0.109766,0.076593,0.000146,0.001954,0.001556,-0.018490,-0.159663,-0.059768,0.171483,1.333999,11.519367,4.312164,11.519367,99.472167,37.236444,4.312164,37.236444,13.939103,-0.000000,0.000000,114.745269,-0.018490,-0.159663,-0.059768,0.171483,1.351806,11.673135,4.369725,11.673135,100.799989,37.733501,4.369725,37.733501,14.125171,-0.000000,0.000000,116.276966,0.017981,0.107544,0.061666,0.016455,0.103733,0.056595,0.001526,0.003811,0.005071,-0.071973,-0.513610,-0.116752,0.531607,2.004656,14.305475,3.251879,14.305475,102.085672,23.205822,3.251879,23.205822,5.275081,-0.000000,0.000000,109.365409,-0.071973,-0.513610,-0.116752,0.531607,2.181838,15.569874,3.539299,15.569874,111.108580,25.256883,3.539299,25.256883,5.741322,-0.000000,0.000000,119.031740,0.041504,0.094626,0.077591,0.040951,0.094094,0.076850,0.000554,0.000532,0.000742,-0.019013,-0.047148,-0.047490,0.069568,6.588486,16.337773,16.456418,16.337773,40.513530,40.807741,16.456418,40.807741,41.104088,-0.000000,0.000000,88.206105,-0.019013,-0.047148,-0.047490,0.069568,6.617996,16.410951,16.530128,16.410951,40.694994,40.990522,16.530128,40.990522,41.288197,-0.000000,0.000000,88.601187
