time_s,phase,ramp_duration_s,k_tip_Npm,q_motor_0_rad,q_motor_1_rad,q_motor_2_rad,q_motor_3_rad,q_motor_4_rad,q_motor_5_rad,q_motor_6_rad,q_motor_7_rad,q_motor_8_rad,q_motor_9_rad,q_motor_10_rad,q_motor_11_rad,q_motor_12_rad,q_dot_motor_0_rads,q_dot_motor_1_rads,q_dot_motor_2_rads,q_dot_motor_3_rads,q_dot_motor_4_rads,q_dot_motor_5_rads,q_dot_motor_6_rads,q_dot_motor_7_rads,q_dot_motor_8_rads,q_dot_motor_9_rads,q_dot_motor_10_rads,q_dot_motor_11_rads,q_dot_motor_12_rads,joint_thumb_CMC1_rad,joint_thumb_CMC2_rad,joint_thumb_MCP_rad,joint_thumb_IP_rad,joint_spread_index_rad,joint_spread_middle_rad,joint_spread_ring_rad,joint_spread_pinky_rad,joint_index_MCP_rad,joint_index_PIP_rad,joint_index_DIP_rad,joint_middle_MCP_rad,joint_middle_PIP_rad,joint_middle_DIP_rad,joint_ring_MCP_rad,joint_ring_PIP_rad,joint_ring_DIP_rad,joint_pinky_MCP_rad,joint_pinky_PIP_rad,joint_pinky_DIP_rad,tip_thumb_x_m,tip_thumb_y_m,tip_thumb_z_m,ref_thumb_x_m,ref_thumb_y_m,ref_thumb_z_m,disp_thumb_x_m,disp_thumb_y_m,disp_thumb_z_m,force_1st_thumb_x_N,force_1st_thumb_y_N,force_1st_thumb_z_N,force_1st_thumb_mag_N,stiff_1st_thumb_00_Npm,stiff_1st_thumb_01_Npm,stiff_1st_thumb_02_Npm,stiff_1st_thumb_10_Npm,stiff_1st_thumb_11_Npm,stiff_1st_thumb_12_Npm,stiff_1st_thumb_20_Npm,stiff_1st_thumb_21_Npm,stiff_1st_thumb_22_Npm,stiff_1st_thumb_eig_0_Npm,stiff_1st_thumb_eig_1_Npm,stiff_1st_thumb_eig_2_Npm,force_2nd_thumb_x_N,force_2nd_thumb_y_N,force_2nd_thumb_z_N,force_2nd_thumb_mag_N,stiff_2nd_thumb_00_Npm,stiff_2nd_thumb_01_Npm,stiff_2nd_thumb_02_Npm,stiff_2nd_thumb_10_Npm,stiff_2nd_thumb_11_Npm,stiff_2nd_thumb_12_Npm,stiff_2nd_thumb_20_Npm,stiff_2nd_thumb_21_Npm,stiff_2nd_thumb_22_Npm,stiff_2nd_thumb_eig_0_Npm,stiff_2nd_thumb_eig_1_Npm,stiff_2nd_thumb_eig_2_Npm,tip_index_x_m,tip_index_y_m,tip_index_z_m,ref_index_x_m,ref_index_y_m,ref_index_z_m,disp_index_x_m,disp_index_y_m,disp_index_z_m,force_1st_index_x_N,force_1st_index_y_N,force_1st_index_z_N,force_1st_index_mag_N,stiff_1st_index_00_Npm,stiff_1st_index_01_Npm,stiff_1st_index_02_Npm,stiff_1st_index_10_Npm,stiff_1st_index_11_Npm,stiff_1st_index_12_Npm,stiff_1st_index_20_Npm,stiff_1st_index_21_Npm,stiff_1st_index_22_Npm,stiff_1st_index_eig_0_Npm,stiff_1st_index_eig_1_Npm,stiff_1st_index_eig_2_Npm,force_2nd_index_x_N,force_2nd_index_y_N,force_2nd_index_z_N,force_2nd_index_mag_N,stiff_2nd_index_00_Npm,stiff_2nd_index_01_Npm,stiff_2nd_index_02_Npm,stiff_2nd_index_10_Npm,stiff_2nd_index_11_Npm,stiff_2nd_index_12_Npm,stiff_2nd_index_20_Npm,stiff_2nd_index_21_Npm,stiff_2nd_index_22_Npm,stiff_2nd_index_eig_0_Npm,stiff_2nd_index_eig_1_Npm,stiff_2nd_index_eig_2_Npm,tip_middle_x_m,tip_middle_y_m,tip_middle_z_m,ref_middle_x_m,ref_middle_y_m,ref_middle_z_m,disp_middle_x_m,disp_middle_y_m,disp_middle_z_m,force_1st_middle_x_N,force_1st_middle_y_N,force_1st_middle_z_N,force_1st_middle_mag_N,stiff_1st_middle_00_Npm,stiff_1st_middle_01_Npm,stiff_1st_middle_02_Npm,stiff_1st_middle_10_Npm,stiff_1st_middle_11_Npm,stiff_1st_middle_12_Npm,stiff_1st_middle_20_Npm,stiff_1st_middle_21_Npm,stiff_1st_middle_22_Npm,stiff_1st_middle_eig_0_Npm,stiff_1st_middle_eig_1_Npm,stiff_1st_middle_eig_2_Npm,force_2nd_middle_x_N,force_2nd_middle_y_N,force_2nd_middle_z_N,force_2nd_middle_mag_N,stiff_2nd_middle_00_Npm,stiff_2nd_middle_01_Npm,stiff_2nd_middle_02_Npm,stiff_2nd_middle_10_Npm,stiff_2nd_middle_11_Npm,stiff_2nd_middle_12_Npm,stiff_2nd_middle_20_Npm,stiff_2nd_middle_21_Npm,stiff_2nd_middle_22_Npm,stiff_2nd_middle_eig_0_Npm,stiff_2nd_middle_eig_1_Npm,stiff_2nd_middle_eig_2_Npm,tip_ring_x_m,tip_ring_y_m,tip_ring_z_m,ref_ring_x_m,ref_ring_y_m,ref_ring_z_m,disp_ring_x_m,disp_ring_y_m,disp_ring_z_m,force_1st_ring_x_N,force_1st_ring_y_N,force_1st_ring_z_N,force_1st_ring_mag_N,stiff_1st_ring_00_Npm,stiff_1st_ring_01_Npm,stiff_1st_ring_02_Npm,stiff_1st_ring_10_Npm,stiff_1st_ring_11_Npm,stiff_1st_ring_12_Npm,stiff_1st_ring_20_Npm,stiff_1st_ring_21_Npm,stiff_1st_ring_22_Npm,stiff_1st_ring_eig_0_Npm,stiff_1st_ring_eig_1_Npm,stiff_1st_ring_eig_2_Npm,force_2nd_ring_x_N,force_2nd_ring_y_N,force_2nd_ring_z_N,force_2nd_ring_mag_N,stiff_2nd_ring_00_Npm,stiff_2nd_ring_01_Npm,stiff_2nd_ring_02_Npm,stiff_2nd_ring_10_Npm,stiff_2nd_ring_11_Npm,stiff_2nd_ring_12_Npm,stiff_2nd_ring_20_Npm,stiff_2nd_ring_21_Npm,stiff_2nd_ring_22_Npm,stiff_2nd_ring_eig_0_Npm,stiff_2nd_ring_eig_1_Npm,stiff_2nd_ring_eig_2_Npm,tip_pinky_x_m,tip_pinky_y_m,tip_pinky_z_m,ref_pinky_x_m,ref_pinky_y_m,ref_pinky_z_m,disp_pinky_x_m,disp_pinky_y_m,disp_pinky_z_m,force_1st_pinky_x_N,force_1st_pinky_y_N,force_1st_pinky_z_N,force_1st_pinky_mag_N,stiff_1st_pinky_00_Npm,stiff_1st_pinky_01_Npm,stiff_1st_pinky_02_Npm,stiff_1st_pinky_10_Npm,stiff_1st_pinky_11_Npm,stiff_1st_pinky_12_Npm,stiff_1st_pinky_20_Npm,stiff_1st_pinky_21_Npm,stiff_1st_pinky_22_Npm,stiff_1st_pinky_eig_0_Npm,stiff_1st_pinky_eig_1_Npm,stiff_1st_pinky_eig_2_Npm,force_2nd_pinky_x_N,force_2nd_pinky_y_N,force_2nd_pinky_z_N,force_2nd_pinky_mag_N,stiff_2nd_pinky_00_Npm,stiff_2nd_pinky_01_Npm,stiff_2nd_pinky_02_Npm,stiff_2nd_pinky_10_Npm,stiff_2nd_pinky_11_Npm,stiff_2nd_pinky_12_Npm,stiff_2nd_pinky_20_Npm,stiff_2nd_pinky_21_Npm,stiff_2nd_pinky_22_Npm,stiff_2nd_pinky_eig_0_Npm,stiff_2nd_pinky_eig_1_Npm,stiff_2nd_pinky_eig_2_Npm
0.0333,baseline,0.010,20.0000,2.661457,-1.124408,-1.167359,-0.452524,-0.093573,1.337631,-2.141437,1.073787,-2.698272,1.676641,-2.406816,1.613748,-2.147573,0.023981,0.011836,0.027407,0.023981,0.023981,0.023981,0.023981,0.023981,0.028083,0.274225,0.073687,0.269495,0.023981,0.988654,-0.636698,0.964760,0.392135,0.003119,0.000000,-0.003119,-0.004679,0.813280,0.982311,0.982311,0.652862,1.197104,1.197104,1.019398,1.104044,1.104044,0.981159,1.110431,1.110431,-0.051469,0.090306,-0.018008,0.003613,0.061050,-0.009209,-0.055082,0.029256,-0.008799,0.467450,-0.379170,0.560633,0.822550,13.378550,-10.851944,16.045478,-10.851944,8.802501,-13.015210,16.045478,-13.015210,19.244040,-0.000000,0.000000,41.425091,0.467450,-0.379170,0.560633,0.822550,11.708030,-9.496911,14.041951,-9.496911,7.703372,-11.390059,14.041951,-11.390059,16.841123,-0.000000,0.000000,36.252525,-0.015748,0.111331,0.067056,-0.014889,0.076233,0.042659,-0.000860,0.035098,0.024397,-0.069548,-0.546182,-0.225741,0.595072,0.294614,2.313684,0.956262,2.313684,18.169976,7.509779,0.956262,7.509779,3.103844,-0.000000,0.000000,21.568435,-0.069548,-0.546182,-0.225741,0.595072,0.337311,2.648992,1.094847,2.648992,20.803234,8.598123,1.094847,8.598123,3.553665,-0.000000,0.000000,24.694210,0.001509,0.106566,0.069721,-0.000778,0.079333,0.039848,0.002287,0.027233,0.029873,-0.060239,-0.579816,-0.053355,0.585374,0.207214,1.994507,0.183535,1.994507,19.197781,1.766585,0.183535,1.766585,0.162562,-0.000000,0.000000,19.567557,-0.060239,-0.579816,-0.053355,0.585374,0.351091,3.379361,0.310970,3.379361,32.527450,2.993186,0.310970,2.993186,0.275434,-0.000000,-0.000000,33.153975,0.013510,0.099013,0.046105,0.010504,0.074815,0.038517,0.003006,0.024198,0.007588,-0.018483,-0.362653,0.037332,0.365038,0.055272,1.084505,-0.111639,1.084505,21.279438,-2.190514,-0.111639,-2.190514,0.225492,-0.000000,0.000000,21.560202,-0.018483,-0.362653,0.037332,0.365038,0.066487,1.304563,-0.134292,1.304563,25.597272,-2.634993,-0.134292,-2.634993,0.271247,-0.000000,0.000000,25.935006,0.027108,0.083934,0.051609,0.024844,0.065421,0.045409,0.002263,0.018513,0.006199,0.033780,-0.235066,-0.003243,0.237503,0.320566,-2.230763,-0.030776,-2.230763,15.523480,0.214165,-0.030776,0.214165,0.002955,-0.000000,0.000000,15.847001,0.033780,-0.235066,-0.003243,0.237503,0.388439,-2.703076,-0.037292,-2.703076,18.810219,0.259510,-0.037292,0.259510,0.003580,0.000000,0.000000,19.202238
0.0757,baseline,0.010,20.0000,2.661457,-1.133612,-1.168893,-0.452524,-0.093573,1.337631,-2.141437,1.073787,-2.699806,1.670505,-2.406816,1.612214,-2.147573,0.023981,-0.068075,0.002631,0.023981,0.023981,0.023981,0.023981,0.023981,0.022521,-0.011778,0.036639,0.111166,0.023981,0.988654,-0.641909,0.966028,0.392135,0.003119,0.000000,-0.003119,-0.004679,0.813280,0.982311,0.982311,0.652862,1.197784,1.197784,1.015667,1.104044,1.104044,0.980226,1.110431,1.110431,-0.051344,0.090178,-0.018269,0.003613,0.061050,-0.009209,-0.054957,0.029128,-0.009060,0.465867,-0.378324,0.564353,0.823806,13.241181,-10.752977,16.040418,-10.752977,8.732342,-13.026198,16.040418,-13.026198,19.431426,-0.000000,0.000000,41.404948,0.465867,-0.378324,0.564353,0.823806,11.610371,-9.428620,14.064849,-9.428620,7.656850,-11.421867,14.064849,-11.421867,17.038214,-0.000000,0.000000,36.305435,-0.015748,0.111331,0.067056,-0.014889,0.076233,0.042659,-0.000860,0.035098,0.024397,-0.069548,-0.546182,-0.225741,0.595072,0.294614,2.313684,0.956262,2.313684,18.169976,7.509779,0.956262,7.509779,3.103844,-0.000000,0.000000,21.568435,-0.069548,-0.546182,-0.225741,0.595072,0.337311,2.648992,1.094847,2.648992,20.803235,8.598123,1.094847,8.598123,3.553665,-0.000000,0.000000,24.694210,0.001506,0.106530,0.069702,-0.000778,0.079333,0.039848,0.002285,0.027197,0.029854,-0.060100,-0.578752,-0.052460,0.584224,0.206694,1.990430,0.180418,1.990430,19.167549,1.737399,0.180418,1.737399,0.157482,0.000000,0.000000,19.531726,-0.060100,-0.578752,-0.052460,0.584224,0.350569,3.375927,0.306003,3.375927,32.509676,2.946765,0.306003,2.946765,0.267103,-0.000000,0.000000,33.127348,0.013568,0.099134,0.046308,0.010504,0.074815,0.038517,0.003064,0.024319,0.007791,-0.018995,-0.365855,0.036329,0.368144,0.057399,1.105528,-0.109777,1.105528,21.292855,-2.114346,-0.109777,-2.114346,0.209951,0.000000,0.000000,21.560205,-0.018995,-0.365855,0.036329,0.368144,0.069219,1.333184,-0.132383,1.333184,25.677585,-2.549742,-0.132383,-2.549742,0.253185,0.000000,0.000000,25.999990,0.027127,0.083953,0.051644,0.024844,0.065421,0.045409,0.002282,0.018533,0.006235,0.033733,-0.235528,-0.003441,0.237956,0.318471,-2.223585,-0.032481,-2.223585,15.525222,0.226788,-0.032481,0.226788,0.003313,-0.000000,0.000000,15.847006,0.033733,-0.235528,-0.003441,0.237956,0.386143,-2.696076,-0.039383,-2.696076,18.824184,0.274978,-0.039383,0.274978,0.004017,-0.000000,0.000000,19.214344
0.1188,baseline,0.010,20.0000,2.661457,-1.161223,-1.179631,-0.452524,-0.093573,1.337631,-2.141437,1.073787,-2.704408,1.668971,-2.406816,1.607612,-2.147573,0.023981,-0.410166,-0.119711,0.023981,0.023981,0.023981,0.023981,0.023981,-0.026977,-0.088372,0.026877,-0.025891,0.023981,0.988654,-0.657544,0.974902,0.392135,0.003119,0.000000,-0.003119,-0.004679,0.813280,0.982311,0.982311,0.652862,1.199826,1.199826,1.014734,1.104044,1.104044,0.977428,1.110431,1.110431,-0.050886,0.089779,-0.018933,0.003613,0.061050,-0.009209,-0.054500,0.028729,-0.009724,0.456913,-0.377516,0.572460,0.824013,12.710359,-10.501699,15.924640,-10.501699,8.676834,-13.157438,15.924640,-13.157438,19.951768,-0.000000,-0.000000,41.338962,0.456913,-0.377516,0.572460,0.824013,11.232377,-9.280543,14.072895,-9.280543,7.667877,-11.627469,14.072895,-11.627469,17.631743,-0.000000,-0.000000,36.531997,-0.015748,0.111331,0.067056,-0.014889,0.076233,0.042659,-0.000860,0.035098,0.024397,-0.069548,-0.546182,-0.225741,0.595072,0.294614,2.313684,0.956262,2.313684,18.169976,7.509779,0.956262,7.509779,3.103844,-0.000000,-0.000000,21.568435,-0.069548,-0.546182,-0.225741,0.595072,0.337311,2.648992,1.094847,2.648992,20.803235,8.598123,1.094847,8.598123,3.553665,-0.000000,0.000000,24.694210,0.001499,0.106423,0.069647,-0.000778,0.079333,0.039848,0.002278,0.027090,0.029799,-0.059681,-0.575529,-0.049790,0.580753,0.205124,1.978088,0.171128,1.978088,19.075493,1.650259,0.171128,1.650259,0.142767,-0.000000,0.000000,19.423384,-0.059681,-0.575529,-0.049790,0.580753,0.348980,3.365352,0.291143,3.365352,32.453432,2.807612,0.291143,2.807612,0.242892,-0.000000,0.000000,33.045304,0.013583,0.099164,0.046358,0.010504,0.074815,0.038517,0.003079,0.024349,0.007841,-0.019124,-0.366654,0.036074,0.368921,0.057937,1.110783,-0.109288,1.110783,21.296117,-2.095287,-0.109288,-2.095287,0.206152,-0.000000,0.000000,21.560206,-0.019124,-0.366654,0.036074,0.368921,0.069912,1.340356,-0.131875,1.340356,25.697518,-2.528334,-0.131875,-2.528334,0.248758,-0.000000,-0.000000,26.016188,0.027184,0.084013,0.051749,0.024844,0.065421,0.045409,0.002339,0.018592,0.006340,0.033591,-0.236911,-0.004037,0.239315,0.312224,-2.202026,-0.037526,-2.202026,15.530284,0.264664,-0.037526,0.264664,0.004510,0.000000,0.000000,15.847018,0.033591,-0.236911,-0.004037,0.239315,0.379282,-2.674968,-0.045586,-2.674968,18.865814,0.321507,-0.045586,0.321507,0.005479,-0.000000,0.000000,19.250575
0.1606,baseline,0.010,20.0000,2.661457,-1.181165,-1.178097,-0.452524,-0.093573,1.337631,-2.141437,1.073787,-2.721282,1.665903,-2.408350,1.610680,-2.147573,0.023981,-0.505599,-0.094012,0.023981,0.023981,0.023981,0.023981,0.023981,-0.252863,-0.013013,0.008324,0.003113,0.023981,0.988654,-0.668836,0.973634,0.392135,0.003119,0.000000,-0.003119,-0.004679,0.813280,0.982311,0.982311,0.652862,1.207312,1.207312,1.012869,1.104748,1.104748,0.979293,1.110431,1.110431,-0.050674,0.089501,-0.019582,0.003613,0.061050,-0.009209,-0.054287,0.028451,-0.010373,0.456477,-0.373980,0.582745,0.829352,12.509881,-10.249019,15.970275,-10.249019,8.396754,-13.084029,15.970275,-13.084029,20.387857,-0.000000,0.000000,41.294492,0.456477,-0.373980,0.582745,0.829352,11.084928,-9.081592,14.151161,-9.081592,7.440311,-11.593677,14.151161,-11.593677,18.065553,-0.000000,0.000000,36.590793,-0.015748,0.111331,0.067056,-0.014889,0.076233,0.042659,-0.000860,0.035098,0.024397,-0.069548,-0.546182,-0.225741,0.595072,0.294614,2.313684,0.956262,2.313684,18.169976,7.509779,0.956262,7.509779,3.103844,-0.000000,-0.000000,21.568435,-0.069548,-0.546182,-0.225741,0.595072,0.337311,2.648992,1.094847,2.648992,20.803235,8.598123,1.094847,8.598123,3.553665,-0.000000,0.000000,24.694210,0.001473,0.106028,0.069446,-0.000778,0.079333,0.039848,0.002252,0.026695,0.029598,-0.058118,-0.563318,-0.040216,0.567734,0.199271,1.931455,0.137888,1.931455,18.720873,1.336496,0.137888,1.336496,0.095413,0.000000,0.000000,19.015556,-0.058118,-0.563318,-0.040216,0.567734,0.342850,3.323120,0.237240,3.323120,32.209767,2.299477,0.237240,2.299477,0.164161,-0.000000,0.000000,32.716778,0.013608,0.099185,0.046449,0.010504,0.074815,0.038517,0.003104,0.024370,0.007932,-0.019221,-0.367672,0.036010,0.369931,0.058180,1.112928,-0.109002,1.112928,21.289376,-2.085110,-0.109002,-2.085110,0.204219,0.000000,0.000000,21.551774,-0.019221,-0.367672,0.036010,0.369931,0.070337,1.345480,-0.131778,1.345480,25.737888,-2.520804,-0.131778,-2.520804,0.246891,-0.000000,0.000000,26.055116,0.027146,0.083973,0.051679,0.024844,0.065421,0.045409,0.002301,0.018553,0.006270,0.033686,-0.235989,-0.003639,0.238409,0.316382,-2.216403,-0.034175,-2.216403,15.526937,0.239412,-0.034175,0.239412,0.003692,-0.000000,0.000000,15.847010,0.033686,-0.235989,-0.003639,0.238409,0.383851,-2.689058,-0.041463,-2.689058,18.838106,0.290467,-0.041463,0.290467,0.004479,-0.000000,0.000000,19.226436
0.2030,baseline,0.010,20.0000,2.661457,-1.187301,-1.168893,-0.452524,-0.093573,1.337631,-2.141437,1.073787,-2.716680,1.676641,-2.422156,1.613748,-2.147573,0.023981,-0.297787,0.115403,0.023981,0.023981,0.023981,0.023981,0.023981,-0.130341,0.075622,-0.125796,0.052680,0.023981,0.988654,-0.672311,0.966028,0.392135,0.003119,0.000000,-0.003119,-0.004679,0.813280,0.982311,0.982311,0.652862,1.205271,1.205271,1.019398,1.111081,1.111081,0.981159,1.110431,1.110431,-0.050721,0.089425,-0.019947,0.003613,0.061050,-0.009209,-0.054334,0.028375,-0.010738,0.462098,-0.370084,0.590142,0.835921,12.616357,-10.104157,16.112278,-10.104157,8.092191,-12.903961,16.112278,-12.903961,20.576899,-0.000000,0.000000,41.285448,0.462098,-0.370084,0.590142,0.835921,11.157025,-8.935410,14.248573,-8.935410,7.156169,-11.411361,14.248573,-11.411361,18.196772,-0.000000,0.000000,36.509965,-0.015748,0.111331,0.067056,-0.014889,0.076233,0.042659,-0.000860,0.035098,0.024397,-0.069548,-0.546182,-0.225741,0.595072,0.294614,2.313684,0.956262,2.313684,18.169976,7.509779,0.956262,7.509779,3.103844,-0.000000,0.000000,21.568435,-0.069548,-0.546182,-0.225741,0.595072,0.337311,2.648992,1.094847,2.648992,20.803234,8.598123,1.094847,8.598123,3.553665,-0.000000,0.000000,24.694210,0.001480,0.106136,0.069500,-0.000778,0.079333,0.039848,0.002259,0.026803,0.029652,-0.058549,-0.566709,-0.042793,0.571330,0.200881,1.944382,0.146822,1.944382,18.820201,1.421134,0.146822,1.421134,0.107311,-0.000000,0.000000,19.128394,-0.058549,-0.566709,-0.042793,0.571330,0.344569,3.335174,0.251843,3.335174,32.282046,2.437652,0.251843,2.437652,0.184070,-0.000000,0.000000,32.810684,0.013467,0.098609,0.046003,0.010504,0.074815,0.038517,0.002963,0.023794,0.007486,-0.016896,-0.356755,0.041634,0.359574,0.047407,1.000978,-0.116817,1.000978,21.135377,-2.466552,-0.116817,-2.466552,0.287853,-0.000000,0.000000,21.470637,-0.016896,-0.356755,0.041634,0.359574,0.057387,1.211719,-0.141411,1.211719,25.585109,-2.985847,-0.141411,-2.985847,0.348456,0.000000,0.000000,25.990952,0.027108,0.083934,0.051609,0.024844,0.065421,0.045409,0.002263,0.018513,0.006199,0.033780,-0.235066,-0.003243,0.237503,0.320566,-2.230763,-0.030776,-2.230763,15.523480,0.214165,-0.030776,0.214165,0.002955,-0.000000,0.000000,15.847001,0.033780,-0.235066,-0.003243,0.237503,0.388439,-2.703076,-0.037292,-2.703076,18.810218,0.259510,-0.037292,0.259510,0.003580,-0.000000,0.000000,19.202237
0.2454,baseline,0.010,20.0000,2.661457,-1.187301,-1.167359,-0.452524,-0.093573,1.337631,-2.141437,1.073787,-2.707476,1.685845,-2.428292,1.613748,-2.147573,0.023981,-0.079476,0.117055,0.023981,0.023981,0.023981,0.023981,0.023981,0.131617,0.286937,-0.254168,0.056872,0.023981,0.988654,-0.672311,0.964760,0.392135,0.003119,0.000000,-0.003119,-0.004679,0.813280,0.982311,0.982311,0.652862,1.201187,1.201187,1.024994,1.113895,1.113895,0.981159,1.110431,1.110431,-0.050741,0.089427,-0.019976,0.003613,0.061050,-0.009209,-0.054354,0.028377,-0.010767,0.463110,-0.369585,0.590878,0.836780,12.645826,-10.091997,16.134719,-10.091997,8.053914,-12.876306,16.134719,-12.876306,20.586172,-0.000000,0.000000,41.285913,0.463110,-0.369585,0.590878,0.836780,11.177530,-8.920223,14.261330,-8.920223,7.118781,-11.381249,14.261330,-11.381249,18.195929,-0.000000,0.000000,36.492239,-0.015748,0.111331,0.067056,-0.014889,0.076233,0.042659,-0.000860,0.035098,0.024397,-0.069548,-0.546182,-0.225741,0.595072,0.294614,2.313684,0.956262,2.313684,18.169976,7.509779,0.956262,7.509779,3.103844,-0.000000,0.000000,21.568435,-0.069548,-0.546182,-0.225741,0.595072,0.337311,2.648992,1.094847,2.648992,20.803234,8.598123,1.094847,8.598123,3.553665,-0.000000,0.000000,24.694210,0.001495,0.106351,0.069610,-0.000778,0.079333,0.039848,0.002273,0.027018,0.029762,-0.059400,-0.573354,-0.048024,0.578420,0.204070,1.969769,0.164988,1.969769,19.012997,1.592526,0.164988,1.592526,0.133390,-0.000000,0.000000,19.350457,-0.059400,-0.573354,-0.048024,0.578420,0.347901,3.358077,0.281272,3.358077,32.413502,2.714951,0.281272,2.714951,0.227404,-0.000000,0.000000,32.988807,0.013364,0.098263,0.045664,0.010504,0.074815,0.038517,0.002859,0.023448,0.007146,-0.015548,-0.349530,0.044638,0.352712,0.041646,0.936221,-0.119564,0.936221,21.046605,-2.687837,-0.119564,-2.687837,0.343260,-0.000000,0.000000,21.431512,-0.015548,-0.349530,0.044638,0.352712,0.050344,1.131748,-0.144534,1.131748,25.442146,-3.249186,-0.144534,-3.249186,0.414950,0.000000,0.000000,25.907439,0.027108,0.083934,0.051609,0.024844,0.065421,0.045409,0.002263,0.018513,0.006199,0.033780,-0.235066,-0.003243,0.237503,0.320566,-2.230763,-0.030776,-2.230763,15.523480,0.214165,-0.030776,0.214165,0.002955,-0.000000,0.000000,15.847001,0.033780,-0.235066,-0.003243,0.237503,0.388439,-2.703075,-0.037292,-2.703075,18.810214,0.259510,-0.037292,0.259510,0.003580,-0.000000,0.000000,19.202233
0.2879,baseline,0.010,20.0000,2.661457,-1.187301,-1.167359,-0.452524,-0.093573,1.337631,-2.141437,1.073787,-2.701340,1.681243,-2.423690,1.610680,-2.147573,0.023981,-0.000356,0.048149,0.023981,0.023981,0.023981,0.023981,0.023981,0.181873,0.028618,0.019033,-0.029218,0.023981,0.988654,-0.672311,0.964760,0.392135,0.003119,0.000000,-0.003119,-0.004679,0.813280,0.982311,0.982311,0.652862,1.198465,1.198465,1.022196,1.111784,1.111784,0.979293,1.110431,1.110431,-0.050741,0.089427,-0.019976,0.003613,0.061050,-0.009209,-0.054354,0.028377,-0.010767,0.463110,-0.369585,0.590878,0.836780,12.645826,-10.091997,16.134719,-10.091997,8.053914,-12.876306,16.134719,-12.876306,20.586172,-0.000000,0.000000,41.285913,0.463110,-0.369585,0.590878,0.836780,11.177530,-8.920223,14.261330,-8.920223,7.118781,-11.381249,14.261330,-11.381249,18.195929,-0.000000,0.000000,36.492239,-0.015748,0.111331,0.067056,-0.014889,0.076233,0.042659,-0.000860,0.035098,0.024397,-0.069548,-0.546182,-0.225741,0.595072,0.294614,2.313684,0.956262,2.313684,18.169976,7.509779,0.956262,7.509779,3.103844,-0.000000,0.000000,21.568435,-0.069548,-0.546182,-0.225741,0.595072,0.337311,2.648992,1.094847,2.648992,20.803234,8.598123,1.094847,8.598123,3.553665,0.000000,0.000000,24.694210,0.001504,0.106495,0.069684,-0.000778,0.079333,0.039848,0.002282,0.027161,0.029836,-0.059961,-0.577683,-0.051567,0.583071,0.206172,1.986335,0.177311,1.986335,19.137090,1.708281,0.177311,1.708281,0.152491,-0.000000,0.000000,19.495752,-0.059961,-0.577683,-0.051567,0.583071,0.350043,3.372447,0.301043,3.372447,32.491415,2.900361,0.301043,2.900361,0.258902,-0.000000,0.000000,33.100360,0.013419,0.098477,0.045843,0.010504,0.074815,0.038517,0.002915,0.023662,0.007326,-0.016372,-0.353749,0.042741,0.356698,0.045215,0.976921,-0.118034,0.976921,21.107686,-2.550285,-0.118034,-2.550285,0.308132,0.000000,0.000000,21.461033,-0.016372,-0.353749,0.042741,0.356698,0.054662,1.181054,-0.142698,1.181054,25.518247,-3.083181,-0.142698,-3.083181,0.372518,-0.000000,0.000000,25.945427,0.027146,0.083973,0.051679,0.024844,0.065421,0.045409,0.002301,0.018553,0.006270,0.033686,-0.235989,-0.003639,0.238409,0.316382,-2.216403,-0.034175,-2.216403,15.526937,0.239412,-0.034175,0.239412,0.003692,-0.000000,0.000000,15.847010,0.033686,-0.235989,-0.003639,0.238409,0.383851,-2.689057,-0.041463,-2.689057,18.838100,0.290467,-0.041463,0.290467,0.004479,-0.000000,0.000000,19.226430
0.3303,baseline,0.010,20.0000,2.661457,-1.167359,-1.167359,-0.452524,-0.093573,1.337631,-2.141437,1.073787,-2.695204,1.675107,-2.422156,1.616816,-2.147573,0.023981,0.159223,0.029510,0.023981,0.023981,0.023981,0.023981,0.023981,0.165858,-0.108226,0.070700,0.063872,0.023981,0.988654,-0.661019,0.964760,0.392135,0.003119,0.000000,-0.003119,-0.004679,0.813280,0.982311,0.982311,0.652862,1.195743,1.195743,1.018465,1.111081,1.111081,0.983024,1.110431,1.110431,-0.050976,0.089712,-0.019356,0.003613,0.061050,-0.009209,-0.054589,0.028662,-0.010147,0.464599,-0.372771,0.581323,0.832314,12.878141,-10.332772,16.113597,-10.332772,8.290496,-12.928739,16.113597,-12.928739,20.161917,-0.000000,0.000000,41.330554,0.464599,-0.372771,0.581323,0.832314,11.346906,-9.104186,14.197660,-9.104186,7.304741,-11.391488,14.197660,-11.391488,17.764627,-0.000000,0.000000,36.416274,-0.015748,0.111331,0.067056,-0.014889,0.076233,0.042659,-0.000860,0.035098,0.024397,-0.069548,-0.546182,-0.225741,0.595072,0.294614,2.313684,0.956262,2.313684,18.169976,7.509779,0.956262,7.509779,3.103844,-0.000000,0.000000,21.568435,-0.069548,-0.546182,-0.225741,0.595072,0.337311,2.648992,1.094847,2.648992,20.803234,8.598123,1.094847,8.598123,3.553665,-0.000000,0.000000,24.694210,0.001514,0.106638,0.069758,-0.000778,0.079333,0.039848,0.002292,0.027304,0.029910,-0.060515,-0.581929,-0.055153,0.587661,0.208252,2.002604,0.189800,2.002604,19.257557,1.825165,0.189800,1.825165,0.172983,-0.000000,0.000000,19.638792,-0.060515,-0.581929,-0.055153,0.587661,0.352122,3.386093,0.320922,3.386093,32.561539,3.086070,0.320922,3.086070,0.292487,0.000000,0.000000,33.206148,0.013482,0.098640,0.046053,0.010504,0.074815,0.038517,0.002977,0.023825,0.007536,-0.017019,-0.357557,0.041401,0.360348,0.047895,1.006216,-0.116509,1.006216,21.139324,-2.447707,-0.116509,-2.447707,0.283418,-0.000000,0.000000,21.470638,-0.017019,-0.357557,0.041401,0.360348,0.058016,1.218841,-0.141129,1.218841,25.606292,-2.964935,-0.141129,-2.964935,0.343308,-0.000000,-0.000000,26.007616,0.027070,0.083894,0.051538,0.024844,0.065421,0.045409,0.002226,0.018473,0.006129,0.033871,-0.234143,-0.002850,0.236597,0.324777,-2.245108,-0.027330,-2.245108,15.519916,0.188925,-0.027330,0.188925,0.002300,-0.000000,0.000000,15.846993,0.033871,-0.234143,-0.002850,0.236597,0.393044,-2.717024,-0.033074,-2.717024,18.782161,0.228636,-0.033074,0.228636,0.002783,-0.000000,0.000000,19.177988
0.3727,baseline,0.010,20.0000,2.661457,-1.135146,-1.167359,-0.452524,-0.093573,1.337631,-2.141437,1.073787,-2.689068,1.672039,-2.420622,1.616816,-2.147573,0.023981,0.633646,0.005487,0.023981,0.023981,0.023981,0.023981,0.023981,0.160908,-0.083178,0.025994,0.070478,0.023981,0.988654,-0.642778,0.964760,0.392135,0.003119,0.000000,-0.003119,-0.004679,0.813280,0.982311,0.982311,0.652862,1.193021,1.193021,1.016600,1.110377,1.110377,0.983024,1.110431,1.110431,-0.051347,0.090160,-0.018346,0.003613,0.061050,-0.009209,-0.054960,0.029110,-0.009138,0.466783,-0.377630,0.565819,0.825010,13.253480,-10.722124,16.065415,-10.722124,8.674245,-12.996992,16.065415,-12.996992,19.473946,-0.000000,0.000000,41.401672,0.466783,-0.377630,0.565819,0.825010,11.618257,-9.399222,14.083254,-9.399222,7.604012,-11.393415,14.083254,-11.393415,17.071239,-0.000000,0.000000,36.293508,-0.015748,0.111331,0.067056,-0.014889,0.076233,0.042659,-0.000860,0.035098,0.024397,-0.069548,-0.546182,-0.225741,0.595072,0.294614,2.313684,0.956262,2.313684,18.169976,7.509779,0.956262,7.509779,3.103844,-0.000000,0.000000,21.568435,-0.069548,-0.546182,-0.225741,0.595072,0.337311,2.648992,1.094847,2.648992,20.803234,8.598123,1.094847,8.598123,3.553665,-0.000000,0.000000,24.694210,0.001523,0.106780,0.069834,-0.000778,0.079333,0.039848,0.002301,0.027447,0.029986,-0.061064,-0.586093,-0.058781,0.592190,0.210310,2.018570,0.202449,2.018570,19.374336,1.943119,0.202449,1.943119,0.194882,-0.000000,0.000000,19.779528,-0.061064,-0.586093,-0.058781,0.592190,0.354136,3.399011,0.340899,3.399011,32.623876,3.271961,0.340899,3.271961,0.328156,-0.000000,-0.000000,33.306168,0.013515,0.098741,0.046164,0.010504,0.074815,0.038517,0.003011,0.023926,0.007647,-0.017426,-0.359757,0.040504,0.362449,0.049651,1.025049,-0.115406,1.025049,21.162227,-2.382574,-0.115406,-2.382574,0.268245,-0.000000,0.000000,21.480123,-0.017426,-0.359757,0.040504,0.362449,0.060182,1.242454,-0.139883,1.242454,25.650588,-2.887901,-0.139883,-2.887901,0.325138,-0.000000,0.000000,26.035907,0.027070,0.083894,0.051538,0.024844,0.065421,0.045409,0.002226,0.018473,0.006129,0.033871,-0.234143,-0.002850,0.236597,0.324777,-2.245108,-0.027330,-2.245108,15.519916,0.188925,-0.027330,0.188925,0.002300,0.000000,0.000000,15.846993,0.033871,-0.234143,-0.002850,0.236597,0.393044,-2.717024,-0.033074,-2.717024,18.782162,0.228636,-0.033074,0.228636,0.002783,-0.000000,0.000000,19.177989
0.4152,baseline,0.010,20.0000,2.661457,-1.127476,-1.178097,-0.452524,-0.093573,1.337631,-2.141437,1.073787,-2.686000,1.665903,-2.422156,1.613748,-2.147573,0.023981,0.465998,-0.086284,0.023981,0.023981,0.023981,0.023981,0.023981,0.104881,-0.090951,0.016475,-0.022660,0.023981,0.988654,-0.638435,0.973634,0.392135,0.003119,0.000000,-0.003119,-0.004679,0.813280,0.982311,0.982311,0.652862,1.191659,1.191659,1.012869,1.111081,1.111081,0.981159,1.110431,1.110431,-0.051291,0.090244,-0.017904,0.003613,0.061050,-0.009209,-0.054904,0.029194,-0.008695,0.460152,-0.381944,0.556998,0.817232,13.130426,-10.898764,15.893929,-10.898764,9.046398,-13.192579,15.893929,-13.192579,19.239053,-0.000000,0.000000,41.415878,0.460152,-0.381944,0.556998,0.817232,11.535921,-9.575263,13.963835,-9.575263,7.947840,-11.590526,13.963835,-11.590526,16.902742,-0.000000,-0.000000,36.386503,-0.015748,0.111331,0.067056,-0.014889,0.076233,0.042659,-0.000860,0.035098,0.024397,-0.069548,-0.546182,-0.225741,0.595072,0.294614,2.313684,0.956262,2.313684,18.169976,7.509779,0.956262,7.509779,3.103844,-0.000000,0.000000,21.568435,-0.069548,-0.546182,-0.225741,0.595072,0.337311,2.648992,1.094847,2.648992,20.803235,8.598123,1.094847,8.598123,3.553665,-0.000000,0.000000,24.694210,0.001528,0.106852,0.069872,-0.000778,0.079333,0.039848,0.002306,0.027518,0.030024,-0.061336,-0.588144,-0.060611,0.594431,0.211331,2.026436,0.208833,2.026436,19.431324,2.002479,0.208833,2.002479,0.206364,-0.000000,-0.000000,19.849019,-0.061336,-0.588144,-0.060611,0.594431,0.355118,3.405196,0.350920,3.405196,32.652127,3.364939,0.350920,3.364939,0.346771,-0.000000,-0.000000,33.354016,0.013569,0.098822,0.046355,0.010504,0.074815,0.038517,0.003065,0.024007,0.007838,-0.017768,-0.362361,0.039973,0.364992,0.050879,1.037643,-0.114466,1.037643,21.162239,-2.334480,-0.114466,-2.334480,0.257525,-0.000000,0.000000,21.470642,-0.017768,-0.362361,0.039973,0.364992,0.061866,1.261721,-0.139185,1.261721,25.732195,-2.838608,-0.139185,-2.838608,0.313137,-0.000000,-0.000000,26.107197,0.027108,0.083934,0.051609,0.024844,0.065421,0.045409,0.002263,0.018513,0.006199,0.033780,-0.235066,-0.003243,0.237503,0.320566,-2.230763,-0.030776,-2.230763,15.523480,0.214165,-0.030776,0.214165,0.002955,-0.000000,0.000000,15.847001,0.033780,-0.235066,-0.003243,0.237503,0.388439,-2.703076,-0.037292,-2.703076,18.810220,0.259510,-0.037292,0.259510,0.003580,-0.000000,0.000000,19.202239
0.4582,baseline,0.010,20.0000,2.661457,-1.127476,-1.181165,-0.452524,-0.093573,1.337631,-2.141437,1.073787,-2.684466,1.659767,-2.425224,1.618350,-2.147573,0.023981,0.136326,-0.200727,0.023981,0.023981,0.023981,0.023981,0.023981,0.091474,-0.126938,-0.009752,0.020676,0.023981,0.988654,-0.638435,0.976170,0.392135,0.003119,0.000000,-0.003119,-0.004679,0.813280,0.982311,0.982311,0.652862,1.190979,1.190979,1.009138,1.112488,1.112488,0.983957,1.110431,1.110431,-0.051251,0.090238,-0.017846,0.003613,0.061050,-0.009209,-0.054864,0.029188,-0.008637,0.458113,-0.382830,0.555514,0.815488,13.069468,-10.921725,15.848218,-10.921725,9.126927,-13.243835,15.848218,-13.243835,19.217769,-0.000000,0.000000,41.414163,0.458113,-0.382830,0.555514,0.815488,11.493561,-9.604792,13.937252,-9.604792,8.026409,-11.646904,13.937252,-11.646904,16.900505,-0.000000,0.000000,36.420475,-0.015748,0.111331,0.067056,-0.014889,0.076233,0.042659,-0.000860,0.035098,0.024397,-0.069548,-0.546182,-0.225741,0.595072,0.294614,2.313684,0.956262,2.313684,18.169976,7.509779,0.956262,7.509779,3.103844,-0.000000,0.000000,21.568435,-0.069548,-0.546182,-0.225741,0.595072,0.337311,2.648992,1.094847,2.648992,20.803234,8.598123,1.094847,8.598123,3.553665,-0.000000,0.000000,24.694210,0.001530,0.106887,0.069891,-0.000778,0.079333,0.039848,0.002308,0.027554,0.030043,-0.061471,-0.589161,-0.061529,0.595546,0.211839,2.030340,0.212039,2.030340,19.459465,2.032252,0.212039,2.032252,0.212239,-0.000000,0.000000,19.883543,-0.061471,-0.589161,-0.061529,0.595546,0.355603,3.408220,0.355938,3.408220,32.665523,3.411429,0.355938,3.411429,0.356273,-0.000000,0.000000,33.377400,0.013619,0.098862,0.046536,0.010504,0.074815,0.038517,0.003114,0.024047,0.008019,-0.017951,-0.364358,0.039867,0.366972,0.051329,1.041848,-0.113997,1.041848,21.146818,-2.313837,-0.113997,-2.313837,0.253175,0.000000,0.000000,21.451322,-0.017951,-0.364358,0.039867,0.366972,0.062652,1.271670,-0.139143,1.271670,25.811603,-2.824247,-0.139143,-2.824247,0.309023,-0.000000,0.000000,26.183278,0.027051,0.083874,0.051503,0.024844,0.065421,0.045409,0.002207,0.018453,0.006094,0.033916,-0.233681,-0.002655,0.236145,0.326892,-2.252274,-0.025589,-2.252274,15.518094,0.176307,-0.025589,0.176307,0.002003,0.000000,0.000000,15.846989,0.033916,-0.233681,-0.002655,0.236145,0.395353,-2.723972,-0.030948,-2.723972,18.768071,0.213231,-0.030948,0.213231,0.002423,-0.000000,0.000000,19.165847
0.5000,baseline,0.010,20.0000,2.661457,-1.129010,-1.173495,-0.452524,-0.093573,1.337631,-2.141437,1.073787,-2.682932,1.652097,-2.446699,1.621418,-2.147573,0.023981,0.026690,0.080557,0.023981,0.023981,0.023981,0.023981,0.023981,0.059203,-0.150946,-0.274779,0.092152,0.023981,0.988654,-0.639303,0.969831,0.392135,0.003119,0.000000,-0.003119,-0.004679,0.813280,0.982311,0.982311,0.652862,1.190298,1.190298,1.004475,1.122339,1.122339,0.985822,1.110431,1.110431,-0.051335,0.090232,-0.018038,0.003613,0.061050,-0.009209,-0.054948,0.029182,-0.008829,0.463110,-0.380373,0.559945,0.820179,13.203852,-10.844915,15.964760,-10.844915,8.907414,-13.112572,15.964760,-13.112572,19.302970,-0.000000,-0.000000,41.414236,0.463110,-0.380373,0.559945,0.820179,11.586253,-9.516308,14.008922,-9.516308,7.816170,-11.506155,14.008922,-11.506155,16.938169,-0.000000,0.000000,36.340592,-0.015748,0.111331,0.067056,-0.014889,0.076233,0.042659,-0.000860,0.035098,0.024397,-0.069548,-0.546182,-0.225741,0.595072,0.294614,2.313684,0.956262,2.313684,18.169976,7.509779,0.956262,7.509779,3.103844,-0.000000,0.000000,21.568435,-0.069548,-0.546182,-0.225741,0.595072,0.337311,2.648992,1.094847,2.648992,20.803234,8.598123,1.094847,8.598123,3.553665,-0.000000,0.000000,24.694210,0.001533,0.106923,0.069910,-0.000778,0.079333,0.039848,0.002311,0.027590,0.030062,-0.061606,-0.590174,-0.062450,0.596658,0.212346,2.034224,0.215255,2.034224,19.487369,2.062086,0.215255,2.062086,0.218203,-0.000000,0.000000,19.917918,-0.061606,-0.590174,-0.062450,0.596658,0.356084,3.411198,0.360961,3.411198,32.678434,3.457919,0.360961,3.457919,0.365905,-0.000000,0.000000,33.400423,0.013632,0.098448,0.046646,0.010504,0.074815,0.038517,0.003128,0.023633,0.008129,-0.016337,-0.359745,0.044661,0.362875,0.043181,0.950823,-0.118041,0.950823,20.936780,-2.599216,-0.118041,-2.599216,0.322682,-0.000000,0.000000,21.302643,-0.016337,-0.359745,0.044661,0.362875,0.053351,1.174765,-0.145842,1.174765,25.867893,-3.211394,-0.145842,-3.211394,0.398682,-0.000000,0.000000,26.319926,0.027013,0.083834,0.051433,0.024844,0.065421,0.045409,0.002169,0.018413,0.006024,0.034005,-0.232757,-0.002267,0.235239,0.331142,-2.266595,-0.022072,-2.266595,15.514367,0.151076,-0.022072,0.151076,0.001471,-0.000000,0.000000,15.846980,0.034005,-0.232757,-0.002267,0.235239,0.399985,-2.737813,-0.026660,-2.737813,18.739755,0.182484,-0.026660,0.182484,0.001777,-0.000000,0.000000,19.141517
0.5424,baseline,0.010,20.0000,2.661457,-1.129010,-1.170427,-0.452524,-0.093573,1.337631,-2.141437,1.073787,-2.684466,1.644427,-2.449767,1.619884,-2.147573,0.023981,0.006105,0.128531,0.023981,0.023981,0.023981,0.023981,0.023981,0.019859,-0.163546,-0.248514,0.026051,0.023981,0.988654,-0.639303,0.967295,0.392135,0.003119,0.000000,-0.003119,-0.004679,0.813280,0.982311,0.982311,0.652862,1.190979,1.190979,0.999812,1.123746,1.123746,0.984889,1.110431,1.110431,-0.051376,0.090238,-0.018096,0.003613,0.061050,-0.009209,-0.054989,0.029188,-0.008887,0.465141,-0.379451,0.561406,0.821897,13.264465,-10.820835,16.009673,-10.820835,8.827379,-13.060310,16.009673,-13.060310,19.323027,-0.000000,0.000000,41.414872,0.465141,-0.379451,0.561406,0.821897,11.628039,-9.485877,14.034573,-9.485877,7.738353,-11.449070,14.034573,-11.449070,16.939162,0.000000,0.000000,36.305553,-0.015748,0.111331,0.067056,-0.014889,0.076233,0.042659,-0.000860,0.035098,0.024397,-0.069548,-0.546182,-0.225741,0.595072,0.294614,2.313684,0.956262,2.313684,18.169976,7.509779,0.956262,7.509779,3.103844,-0.000000,0.000000,21.568435,-0.069548,-0.546182,-0.225741,0.595072,0.337311,2.648992,1.094847,2.648992,20.803234,8.598123,1.094847,8.598123,3.553665,-0.000000,0.000000,24.694210,0.001530,0.106887,0.069891,-0.000778,0.079333,0.039848,0.002308,0.027554,0.030043,-0.061471,-0.589161,-0.061529,0.595546,0.211839,2.030340,0.212039,2.030340,19.459465,2.032252,0.212039,2.032252,0.212239,-0.000000,0.000000,19.883543,-0.061471,-0.589161,-0.061529,0.595546,0.355603,3.408220,0.355938,3.408220,32.665523,3.411429,0.355938,3.411429,0.356273,-0.000000,0.000000,33.377400,0.013696,0.098516,0.046877,0.010504,0.074815,0.038517,0.003191,0.023701,0.008360,-0.016633,-0.362473,0.044342,0.365554,0.044056,0.960080,-0.117449,0.960080,20.922298,-2.559486,-0.117449,-2.559486,0.313109,-0.000000,0.000000,21.279463,-0.016633,-0.362473,0.044342,0.365554,0.054678,1.191552,-0.145766,1.191552,25.966602,-3.176571,-0.145766,-3.176571,0.388599,-0.000000,-0.000000,26.409879,0.027032,0.083854,0.051468,0.024844,0.065421,0.045409,0.002188,0.018433,0.006059,0.033961,-0.233219,-0.002460,0.235692,0.329014,-2.259437,-0.023836,-2.259437,15.516244,0.163690,-0.023836,0.163690,0.001727,-0.000000,0.000000,15.846984,0.033961,-0.233219,-0.002460,0.235692,0.397667,-2.730901,-0.028810,-2.730901,18.753936,0.197847,-0.028810,0.197847,0.002087,-0.000000,0.000000,19.153690
0.5849,baseline,0.010,20.0000,2.661457,-1.147418,-1.170427,-0.452524,-0.093573,1.337631,-2.141437,1.073787,-2.690602,1.635224,-2.440563,1.616816,-2.147573,0.023981,-0.158096,0.047899,0.023981,0.023981,0.023981,0.023981,0.023981,-0.037708,-0.182855,0.077119,-0.035180,0.023981,0.988654,-0.649727,0.967295,0.392135,0.003119,0.000000,-0.003119,-0.004679,0.813280,0.982311,0.982311,0.652862,1.193701,1.193701,0.994216,1.119525,1.119525,0.983024,1.110431,1.110431,-0.051166,0.089986,-0.018675,0.003613,0.061050,-0.009209,-0.054780,0.028936,-0.009466,0.463957,-0.376776,0.570277,0.826094,13.050496,-10.598196,16.041120,-10.598196,8.606704,-13.026856,16.041120,-13.026856,19.717068,-0.000000,0.000000,41.374269,0.463957,-0.376776,0.570277,0.826094,11.473830,-9.317799,14.103149,-9.317799,7.566905,-11.453046,14.103149,-11.453046,17.334996,0.000000,0.000000,36.375731,-0.015748,0.111331,0.067056,-0.014889,0.076233,0.042659,-0.000860,0.035098,0.024397,-0.069548,-0.546182,-0.225741,0.595072,0.294614,2.313684,0.956262,2.313684,18.169976,7.509779,0.956262,7.509779,3.103844,0.000000,0.000000,21.568435,-0.069548,-0.546182,-0.225741,0.595072,0.337311,2.648992,1.094847,2.648992,20.803235,8.598123,1.094847,8.598123,3.553665,-0.000000,0.000000,24.694210,0.001521,0.106745,0.069815,-0.000778,0.079333,0.039848,0.002299,0.027411,0.029967,-0.060927,-0.585060,-0.057870,0.591063,0.209798,2.014607,0.199272,2.014607,19.345490,1.913533,0.199272,1.913533,0.189275,-0.000000,0.000000,19.744562,-0.060927,-0.585060,-0.057870,0.591063,0.353638,3.395850,0.335896,3.395850,32.609022,3.225478,0.335896,3.225478,0.319044,-0.000000,0.000000,33.281704,0.013808,0.098935,0.047240,0.010504,0.074815,0.038517,0.003304,0.024120,0.008723,-0.018359,-0.371001,0.040286,0.373633,0.051541,1.041550,-0.113099,1.041550,21.047830,-2.285527,-0.113099,-2.285527,0.248179,-0.000000,0.000000,21.347550,-0.018359,-0.371001,0.040286,0.373633,0.063961,1.292538,-0.140353,1.292538,26.119839,-2.836283,-0.140353,-2.836283,0.307984,-0.000000,0.000000,26.491784,0.027070,0.083894,0.051538,0.024844,0.065421,0.045409,0.002226,0.018473,0.006129,0.033871,-0.234144,-0.002850,0.236598,0.324777,-2.245108,-0.027330,-2.245108,15.519916,0.188925,-0.027330,0.188925,0.002300,-0.000000,0.000000,15.846993,0.033871,-0.234144,-0.002850,0.236598,0.393044,-2.717025,-0.033074,-2.717025,18.782169,0.228636,-0.033074,0.228636,0.002783,-0.000000,0.000000,19.177997
0.6282,baseline,0.010,20.0000,2.661457,-1.171961,-1.170427,-0.452524,-0.093573,1.337631,-2.141437,1.073787,-2.712078,1.626020,-2.435961,1.619884,-2.147573,0.023981,-0.473160,0.032458,0.023981,0.023981,0.023981,0.023981,0.023981,-0.342802,-0.205180,0.145069,0.036959,0.023981,0.988654,-0.663625,0.967295,0.392135,0.003119,0.000000,-0.003119,-0.004679,0.813280,0.982311,0.982311,0.652862,1.203229,1.203229,0.988620,1.117414,1.117414,0.984889,1.110431,1.110431,-0.050882,0.089643,-0.019441,0.003613,0.061050,-0.009209,-0.054495,0.028593,-0.010232,0.462239,-0.373027,0.582063,0.831632,12.765155,-10.301483,16.074198,-10.301483,8.313299,-12.971881,16.074198,-12.971881,20.241027,-0.000000,-0.000000,41.319481,0.462239,-0.373027,0.582063,0.831632,11.266715,-9.092242,14.187326,-9.092242,7.337441,-11.449175,14.187326,-11.449175,17.865030,-0.000000,0.000000,36.469187,-0.015748,0.111331,0.067056,-0.014889,0.076233,0.042659,-0.000860,0.035098,0.024397,-0.069548,-0.546182,-0.225741,0.595072,0.294614,2.313684,0.956262,2.313684,18.169976,7.509779,0.956262,7.509779,3.103844,-0.000000,0.000000,21.568435,-0.069548,-0.546182,-0.225741,0.595072,0.337311,2.648992,1.094847,2.648992,20.803235,8.598123,1.094847,8.598123,3.553665,-0.000000,0.000000,24.694210,0.001488,0.106244,0.069555,-0.000778,0.079333,0.039848,0.002266,0.026910,0.029707,-0.058976,-0.570055,-0.045396,0.574892,0.202481,1.957155,0.155856,1.957155,18.917586,1.506485,0.155856,1.506485,0.119968,-0.000000,-0.000000,19.240035,-0.058976,-0.570055,-0.045396,0.574892,0.346252,3.346827,0.266522,3.346827,32.349960,2.576160,0.266522,2.576160,0.205150,0.000000,0.000000,32.901363,0.013909,0.099231,0.047576,0.010504,0.074815,0.038517,0.003405,0.024416,0.009058,-0.019636,-0.377613,0.037383,0.379967,0.057095,1.098007,-0.108700,1.098007,21.115910,-2.090428,-0.108700,-2.090428,0.206948,-0.000000,0.000000,21.379953,-0.019636,-0.377613,0.037383,0.379967,0.070977,1.364977,-0.135130,1.364977,26.250053,-2.598696,-0.135130,-2.598696,0.257265,-0.000000,-0.000000,26.578295,0.027032,0.083854,0.051468,0.024844,0.065421,0.045409,0.002188,0.018433,0.006059,0.033961,-0.233220,-0.002460,0.235692,0.329014,-2.259437,-0.023836,-2.259437,15.516244,0.163690,-0.023836,0.163690,0.001727,-0.000000,0.000000,15.846984,0.033961,-0.233220,-0.002460,0.235692,0.397667,-2.730902,-0.028810,-2.730902,18.753942,0.197847,-0.028810,0.197847,0.002087,0.000000,0.000000,19.153697
0.6697,baseline,0.010,20.0000,2.661457,-1.185767,-1.168893,-0.452524,-0.093573,1.337631,-2.141437,1.073787,-2.710544,1.613748,-2.431360,1.619884,-2.147573,0.023981,-0.446685,0.022084,0.023981,0.023981,0.023981,0.023981,0.023981,-0.203346,-0.224628,0.121424,0.045899,0.023981,0.988654,-0.671442,0.966028,0.392135,0.003119,0.000000,-0.003119,-0.004679,0.813280,0.982311,0.982311,0.652862,1.202548,1.202548,0.981159,1.115303,1.115303,0.984889,1.110431,1.110431,-0.050739,0.089447,-0.019899,0.003613,0.061050,-0.009209,-0.054352,0.028397,-0.010690,0.462216,-0.370333,0.589409,0.835579,12.634204,-10.122672,16.110894,-10.122672,8.110403,-12.908236,16.110894,-12.908236,20.544303,-0.000000,0.000000,41.288909,0.462216,-0.370333,0.589409,0.835579,11.170082,-8.949601,14.243875,-8.949601,7.170524,-11.412359,14.243875,-11.412359,18.163515,-0.000000,0.000000,36.504122,-0.015748,0.111331,0.067056,-0.014889,0.076233,0.042659,-0.000860,0.035098,0.024397,-0.069548,-0.546182,-0.225741,0.595072,0.294614,2.313684,0.956262,2.313684,18.169976,7.509779,0.956262,7.509779,3.103844,-0.000000,0.000000,21.568435,-0.069548,-0.546182,-0.225741,0.595072,0.337311,2.648992,1.094847,2.648992,20.803235,8.598123,1.094847,8.598123,3.553665,-0.000000,0.000000,24.694211,0.001490,0.106280,0.069573,-0.000778,0.079333,0.039848,0.002268,0.026946,0.029725,-0.059118,-0.571160,-0.046269,0.576072,0.203012,1.961377,0.158889,1.961377,18.949611,1.535090,0.158889,1.535090,0.124356,-0.000000,0.000000,19.276979,-0.059118,-0.571160,-0.046269,0.576072,0.346806,3.350622,0.271431,3.350622,32.371627,2.622395,0.271431,2.622395,0.212438,-0.000000,0.000000,32.930870,0.014040,0.099581,0.048016,0.010504,0.074815,0.038517,0.003535,0.024766,0.009499,-0.021214,-0.385773,0.033797,0.387831,0.064061,1.164947,-0.102058,1.164947,21.184616,-1.855932,-0.102058,-1.855932,0.162594,-0.000000,0.000000,21.411270,-0.021214,-0.385773,0.033797,0.387831,0.079864,1.452338,-0.127236,1.452338,26.410839,-2.313789,-0.127236,-2.313789,0.202705,-0.000000,0.000000,26.693408,0.027032,0.083854,0.051468,0.024844,0.065421,0.045409,0.002188,0.018433,0.006059,0.033961,-0.233220,-0.002460,0.235693,0.329014,-2.259437,-0.023836,-2.259437,15.516244,0.163690,-0.023836,0.163690,0.001727,-0.000000,-0.000000,15.846984,0.033961,-0.233220,-0.002460,0.235693,0.397667,-2.730903,-0.028810,-2.730903,18.753946,0.197847,-0.028810,0.197847,0.002087,-0.000000,0.000000,19.153701
0.7122,baseline,0.010,20.0000,2.661457,-1.188835,-1.171961,-0.452524,-0.093573,1.337631,-2.141437,1.073787,-2.704408,1.603010,-2.426758,1.618350,-2.147573,0.023981,-0.184007,0.003600,0.023981,0.023981,0.023981,0.023981,0.023981,0.071131,-0.250560,0.127526,-0.002652,0.023981,0.988654,-0.673180,0.968563,0.392135,0.003119,0.000000,-0.003119,-0.004679,0.813280,0.982311,0.982311,0.652862,1.199826,1.199826,0.974630,1.113192,1.113192,0.983957,1.110431,1.110431,-0.050663,0.089399,-0.019936,0.003613,0.061050,-0.009209,-0.054276,0.028349,-0.010727,0.459953,-0.370823,0.589396,0.834538,12.539534,-10.109632,16.068487,-10.109632,8.150595,-12.954748,16.068487,-12.954748,20.590581,-0.000000,0.000000,41.280710,0.459953,-0.370823,0.589396,0.834538,11.102808,-8.951314,14.227429,-8.951314,7.216735,-11.470449,14.227429,-11.470449,18.231401,0.000000,0.000000,36.550944,-0.015748,0.111331,0.067056,-0.014889,0.076233,0.042659,-0.000860,0.035098,0.024397,-0.069548,-0.546182,-0.225741,0.595072,0.294614,2.313684,0.956262,2.313684,18.169976,7.509779,0.956262,7.509779,3.103844,-0.000000,0.000000,21.568435,-0.069548,-0.546182,-0.225741,0.595072,0.337311,2.648992,1.094847,2.648992,20.803235,8.598123,1.094847,8.598123,3.553665,-0.000000,0.000000,24.694211,0.001499,0.106423,0.069647,-0.000778,0.079333,0.039848,0.002278,0.027090,0.029799,-0.059681,-0.575529,-0.049790,0.580753,0.205124,1.978088,0.171128,1.978088,19.075493,1.650259,0.171128,1.650259,0.142767,-0.000000,0.000000,19.423384,-0.059681,-0.575529,-0.049790,0.580753,0.348980,3.365352,0.291143,3.365352,32.453432,2.807612,0.291143,2.807612,0.242892,-0.000000,0.000000,33.045304,0.014156,0.099900,0.048409,0.010504,0.074815,0.038517,0.003652,0.025085,0.009892,-0.022699,-0.393099,0.030325,0.394920,0.070833,1.226702,-0.094633,1.226702,21.244244,-1.638876,-0.094633,-1.638876,0.126430,-0.000000,0.000000,21.441507,-0.022699,-0.393099,0.030325,0.394920,0.088496,1.532584,-0.118230,1.532584,26.541565,-2.047535,-0.118230,-2.047535,0.157956,-0.000000,0.000000,26.788017,0.027051,0.083874,0.051503,0.024844,0.065421,0.045409,0.002207,0.018453,0.006094,0.033916,-0.233682,-0.002655,0.236146,0.326892,-2.252274,-0.025589,-2.252274,15.518094,0.176307,-0.025589,0.176307,0.002003,-0.000000,-0.000000,15.846989,0.033916,-0.233682,-0.002655,0.236146,0.395354,-2.723974,-0.030948,-2.723974,18.768086,0.213231,-0.030948,0.213231,0.002423,-0.000000,0.000000,19.165862
0.7546,baseline,0.010,20.0000,2.661457,-1.188835,-1.182699,-0.452524,-0.093573,1.337631,-2.141437,1.073787,-2.702874,1.590738,-2.420622,1.626020,-2.147573,0.023981,-0.042705,-0.126664,0.023981,0.023981,0.023981,0.023981,0.023981,0.093527,-0.261961,0.140142,0.044691,0.023981,0.988654,-0.673180,0.977437,0.392135,0.003119,0.000000,-0.003119,-0.004679,0.813280,0.982311,0.982311,0.652862,1.199146,1.199146,0.967169,1.110377,1.110377,0.988620,1.110431,1.110431,-0.050524,0.089384,-0.019731,0.003613,0.061050,-0.009209,-0.054138,0.028334,-0.010522,0.452836,-0.374179,0.584133,0.828421,12.332286,-10.190186,15.907961,-10.190186,8.420165,-13.144771,15.907961,-13.144771,20.520382,0.000000,0.000000,41.272833,0.452836,-0.374179,0.584133,0.828421,10.957138,-9.053899,14.134097,-9.053899,7.481250,-11.679024,14.134097,-11.679024,18.232196,-0.000000,0.000000,36.670583,-0.015748,0.111331,0.067056,-0.014889,0.076233,0.042659,-0.000860,0.035098,0.024397,-0.069548,-0.546182,-0.225741,0.595072,0.294614,2.313684,0.956262,2.313684,18.169976,7.509779,0.956262,7.509779,3.103844,0.000000,0.000000,21.568435,-0.069548,-0.546182,-0.225741,0.595072,0.337311,2.648992,1.094847,2.648992,20.803235,8.598123,1.094847,8.598123,3.553665,-0.000000,0.000000,24.694211,0.001502,0.106459,0.069665,-0.000778,0.079333,0.039848,0.002280,0.027126,0.029817,-0.059821,-0.576608,-0.050677,0.581914,0.205648,1.982221,0.174215,1.982221,19.106405,1.679234,0.174215,1.679234,0.147586,-0.000000,0.000000,19.459638,-0.059821,-0.576608,-0.050677,0.581914,0.349514,3.368922,0.296090,3.368922,32.472667,2.853976,0.296090,2.853976,0.250832,-0.000000,0.000000,33.073012,0.014293,0.100283,0.048869,0.010504,0.074815,0.038517,0.003789,0.025468,0.010352,-0.024545,-0.401752,0.025882,0.403333,0.079551,1.302077,-0.083884,1.302077,21.312152,-1.373001,-0.083884,-1.373001,0.088453,-0.000000,0.000000,21.480157,-0.024545,-0.401752,0.025882,0.403333,0.099575,1.629829,-0.104999,1.629829,26.676734,-1.718606,-0.104999,-1.718606,0.110718,-0.000000,0.000000,26.887027,0.026957,0.083774,0.051329,0.024844,0.065421,0.045409,0.002112,0.018353,0.005920,0.034135,-0.231371,-0.001689,0.233882,0.337565,-2.288045,-0.016707,-2.288045,15.508576,0.113243,-0.016707,0.113243,0.000827,-0.000000,0.000000,15.846967,0.034135,-0.231371,-0.001689,0.233882,0.406965,-2.758444,-0.020142,-2.758444,18.696978,0.136524,-0.020142,0.136524,0.000997,-0.000000,0.000000,19.104939
0.7970,baseline,0.010,20.0000,2.661457,-1.188835,-1.178097,-0.452524,-0.093573,1.337631,-2.141437,1.073787,-2.702874,1.578466,-2.416020,1.639825,-2.147573,0.023981,-0.009769,-0.066631,0.023981,0.023981,0.023981,0.023981,0.023981,0.039891,-0.275882,0.132945,0.303178,0.023981,0.988654,-0.673180,0.973634,0.392135,0.003119,0.000000,-0.003119,-0.004679,0.813280,0.982311,0.982311,0.652862,1.199146,1.199146,0.959707,1.108266,1.108266,0.997014,1.110431,1.110431,-0.050584,0.089391,-0.019819,0.003613,0.061050,-0.009209,-0.054197,0.028341,-0.010610,0.455891,-0.372762,0.586404,0.831058,12.421260,-10.156314,15.977241,-10.156314,8.304368,-13.063882,15.977241,-13.063882,20.551235,-0.000000,0.000000,41.276863,0.455891,-0.372762,0.586404,0.831058,11.019876,-9.010465,14.174667,-9.010465,7.367458,-11.589997,14.174667,-11.589997,18.232616,0.000000,0.000000,36.619950,-0.015748,0.111331,0.067056,-0.014889,0.076233,0.042659,-0.000860,0.035098,0.024397,-0.069548,-0.546182,-0.225741,0.595072,0.294614,2.313684,0.956262,2.313684,18.169976,7.509779,0.956262,7.509779,3.103844,0.000000,0.000000,21.568435,-0.069548,-0.546182,-0.225741,0.595072,0.337311,2.648992,1.094847,2.648992,20.803235,8.598123,1.094847,8.598123,3.553665,-0.000000,0.000000,24.694211,0.001502,0.106459,0.069665,-0.000778,0.079333,0.039848,0.002280,0.027126,0.029817,-0.059821,-0.576608,-0.050677,0.581914,0.205648,1.982221,0.174215,1.982221,19.106405,1.679234,0.174215,1.679234,0.147586,-0.000000,0.000000,19.459638,-0.059821,-0.576608,-0.050677,0.581914,0.349514,3.368922,0.296090,3.368922,32.472667,2.853976,0.296090,2.853976,0.250832,-0.000000,0.000000,33.073012,0.014426,0.100623,0.049321,0.010504,0.074815,0.038517,0.003922,0.025808,0.010804,-0.026261,-0.409750,0.021751,0.411166,0.087736,1.368955,-0.072670,1.368955,21.359977,-1.133886,-0.072670,-1.133886,0.060192,-0.000000,-0.000000,21.507905,-0.026261,-0.409750,0.021751,0.411166,0.110089,1.717731,-0.091185,1.717731,26.801969,-1.422772,-0.091185,-1.422772,0.075527,-0.000000,0.000000,26.987586,0.026787,0.083591,0.051015,0.024844,0.065421,0.045409,0.001943,0.018170,0.005606,0.034501,-0.227200,0.000002,0.229805,0.357185,-2.352169,0.000023,-2.352169,15.489745,-0.000153,0.000023,-0.000153,0.000000,-0.000000,0.000000,15.846929,0.034501,-0.227200,0.000002,0.229805,0.428128,-2.819353,0.000028,-2.819353,18.566297,-0.000183,0.000028,-0.000183,0.000000,-0.000000,0.000000,18.994425
0.8394,baseline,0.010,20.0000,2.661457,-1.171961,-1.168893,-0.452524,-0.093573,1.337631,-2.141437,1.073787,-2.701340,1.564660,-2.409884,1.638291,-2.147573,0.023981,0.142740,0.143333,0.023981,0.023981,0.023981,0.023981,0.023981,0.042430,-0.296893,0.130446,0.132736,0.023981,0.988654,-0.663625,0.966028,0.392135,0.003119,0.000000,-0.003119,-0.004679,0.813280,0.982311,0.982311,0.652862,1.198465,1.198465,0.951314,1.105451,1.105451,0.996081,1.110431,1.110431,-0.050902,0.089645,-0.019470,0.003613,0.061050,-0.009209,-0.054515,0.028595,-0.010261,0.463252,-0.372539,0.582798,0.832491,12.794853,-10.289388,16.096670,-10.289388,8.274539,-12.944650,16.096670,-12.944650,20.250549,-0.000000,0.000000,41.319941,0.463252,-0.372539,0.582798,0.832491,11.287339,-9.077073,14.200130,-9.077073,7.299617,-11.419486,14.200130,-11.419486,17.864591,-0.000000,0.000000,36.451547,-0.015748,0.111331,0.067056,-0.014889,0.076233,0.042659,-0.000860,0.035098,0.024397,-0.069548,-0.546182,-0.225741,0.595072,0.294614,2.313684,0.956262,2.313684,18.169976,7.509779,0.956262,7.509779,3.103844,-0.000000,0.000000,21.568435,-0.069548,-0.546182,-0.225741,0.595072,0.337311,2.648992,1.094847,2.648992,20.803235,8.598123,1.094847,8.598123,3.553665,-0.000000,0.000000,24.694211,0.001504,0.106495,0.069684,-0.000778,0.079333,0.039848,0.002282,0.027161,0.029836,-0.059961,-0.577683,-0.051567,0.583071,0.206172,1.986335,0.177311,1.986335,19.137090,1.708281,0.177311,1.708281,0.152491,-0.000000,0.000000,19.495752,-0.059961,-0.577683,-0.051567,0.583071,0.350043,3.372447,0.301043,3.372447,32.491415,2.900361,0.301043,2.900361,0.258902,-0.000000,0.000000,33.100360,0.014580,0.101025,0.049842,0.010504,0.074815,0.038517,0.004076,0.026210,0.011325,-0.028363,-0.419029,0.016547,0.420313,0.098099,1.449302,-0.057231,1.449302,21.411776,-0.845518,-0.057231,-0.845518,0.033388,-0.000000,0.000000,21.543263,-0.028363,-0.419029,0.016547,0.420313,0.123355,1.822425,-0.071965,1.822425,26.924227,-1.063197,-0.071965,-1.063197,0.041984,-0.000000,-0.000000,27.089566,0.026806,0.083611,0.051050,0.024844,0.065421,0.045409,0.001961,0.018191,0.005641,0.034462,-0.227665,-0.000183,0.230258,0.354979,-2.345061,-0.001883,-2.345061,15.491945,0.012438,-0.001883,0.012438,0.000010,-0.000000,0.000000,15.846933,0.034462,-0.227665,-0.000183,0.230258,0.425760,-2.812659,-0.002258,-2.812659,18.580990,0.014919,-0.002258,0.014919,0.000012,-0.000000,0.000000,19.006763
0.8826,baseline,0.010,20.0000,2.661457,-1.139748,-1.161223,-0.452524,-0.093573,1.337631,-2.141437,1.073787,-2.701340,1.552389,-2.406816,1.633690,-2.147573,0.023981,0.601423,0.200671,0.023981,0.023981,0.023981,0.023981,0.023981,0.028201,-0.297384,0.116108,-0.029721,0.023981,0.988654,-0.645384,0.959689,0.392135,0.003119,0.000000,-0.003119,-0.004679,0.813280,0.982311,0.982311,0.652862,1.198465,1.198465,0.943852,1.104044,1.104044,0.993283,1.110431,1.110431,-0.051376,0.090106,-0.018606,0.003613,0.061050,-0.009209,-0.054989,0.029056,-0.009397,0.470532,-0.375023,0.570919,0.829452,13.319908,-10.616220,16.161691,-10.616220,8.461328,-12.881174,16.161691,-12.881174,19.609764,0.000000,0.000000,41.391000,0.470532,-0.375023,0.570919,0.829452,11.661936,-9.294784,14.149993,-9.294784,7.408120,-11.277813,14.149993,-11.277813,17.168873,-0.000000,0.000000,36.238929,-0.015748,0.111331,0.067056,-0.014889,0.076233,0.042659,-0.000860,0.035098,0.024397,-0.069548,-0.546182,-0.225741,0.595072,0.294614,2.313684,0.956262,2.313684,18.169976,7.509779,0.956262,7.509779,3.103844,-0.000000,0.000000,21.568435,-0.069548,-0.546182,-0.225741,0.595072,0.337311,2.648992,1.094847,2.648992,20.803236,8.598123,1.094847,8.598123,3.553665,-0.000000,0.000000,24.694211,0.001504,0.106495,0.069684,-0.000778,0.079333,0.039848,0.002282,0.027161,0.029836,-0.059961,-0.577683,-0.051567,0.583071,0.206172,1.986335,0.177311,1.986335,19.137090,1.708281,0.177311,1.708281,0.152491,-0.000000,0.000000,19.495752,-0.059961,-0.577683,-0.051567,0.583071,0.350043,3.372447,0.301043,3.372447,32.491415,2.900361,0.301043,2.900361,0.258902,-0.000000,0.000000,33.100360,0.014710,0.101317,0.050289,0.010504,0.074815,0.038517,0.004206,0.026502,0.011772,-0.029982,-0.426322,0.012590,0.427561,0.106016,1.507487,-0.044519,1.507487,21.435536,-0.633036,-0.044519,-0.633036,0.018695,-0.000000,0.000000,21.560247,-0.029982,-0.426322,0.012590,0.427561,0.133696,1.901073,-0.056143,1.901073,27.032096,-0.798314,-0.056143,-0.798314,0.023576,0.000000,0.000000,27.189368,0.026862,0.083673,0.051154,0.024844,0.065421,0.045409,0.002018,0.018252,0.005745,0.034343,-0.229056,-0.000742,0.231618,0.348400,-2.323712,-0.007530,-2.323712,15.498383,0.050225,-0.007530,0.050225,0.000163,-0.000000,0.000000,15.846946,0.034343,-0.229056,-0.000742,0.231618,0.418681,-2.792465,-0.009049,-2.792465,18.624810,0.060356,-0.009049,0.060356,0.000196,-0.000000,-0.000000,19.043687
0.9243,baseline,0.010,20.0000,2.661457,-1.130544,-1.155088,-0.452524,-0.093573,1.337631,-2.141437,1.073787,-2.701340,1.540117,-2.403748,1.633690,-2.147573,0.023981,0.459551,0.180485,0.023981,0.023981,0.023981,0.023981,0.023981,0.024946,-0.266068,0.105238,-0.014844,0.023981,0.988654,-0.640172,0.954618,0.392135,0.003119,0.000000,-0.003119,-0.004679,0.813280,0.982311,0.982311,0.652862,1.198465,1.198465,0.936391,1.102637,1.102637,0.993283,1.110431,1.110431,-0.051563,0.090242,-0.018431,0.003613,0.061050,-0.009209,-0.055177,0.029192,-0.009222,0.475147,-0.374408,0.569304,0.830694,13.547582,-10.675258,16.232205,-10.675258,8.411917,-12.790694,16.232205,-12.790694,19.448821,-0.000000,0.000000,41.408319,0.475147,-0.374408,0.569304,0.830694,11.820671,-9.314483,14.163086,-9.314483,7.339650,-11.160265,14.163086,-11.160265,16.969680,-0.000000,0.000000,36.130001,-0.015748,0.111331,0.067056,-0.014889,0.076233,0.042659,-0.000860,0.035098,0.024397,-0.069548,-0.546182,-0.225741,0.595072,0.294614,2.313684,0.956262,2.313684,18.169976,7.509779,0.956262,7.509779,3.103844,-0.000000,0.000000,21.568435,-0.069548,-0.546182,-0.225741,0.595072,0.337311,2.648992,1.094847,2.648992,20.803236,8.598124,1.094847,8.598124,3.553665,-0.000000,-0.000000,24.694211,0.001504,0.106495,0.069684,-0.000778,0.079333,0.039848,0.002282,0.027161,0.029836,-0.059961,-0.577683,-0.051567,0.583071,0.206172,1.986335,0.177311,1.986335,19.137090,1.708281,0.177311,1.708281,0.152491,-0.000000,0.000000,19.495752,-0.059961,-0.577683,-0.051567,0.583071,0.350043,3.372447,0.301043,3.372447,32.491415,2.900361,0.301043,2.900361,0.258902,-0.000000,0.000000,33.100360,0.014841,0.101605,0.050738,0.010504,0.074815,0.038517,0.004336,0.026790,0.012221,-0.031637,-0.433562,0.008489,0.434797,0.114234,1.565505,-0.030651,1.565505,21.454312,-0.420052,-0.030651,-0.420052,0.008224,-0.000000,0.000000,21.576770,-0.031637,-0.433562,0.008489,0.434797,0.144460,1.979734,-0.038761,1.979734,27.131081,-0.531197,-0.038761,-0.531197,0.010400,-0.000000,-0.000000,27.285941,0.026862,0.083673,0.051154,0.024844,0.065421,0.045409,0.002018,0.018252,0.005745,0.034343,-0.229056,-0.000742,0.231618,0.348400,-2.323712,-0.007530,-2.323712,15.498383,0.050225,-0.007530,0.050225,0.000163,0.000000,0.000000,15.846946,0.034343,-0.229056,-0.000742,0.231618,0.418682,-2.792466,-0.009049,-2.792466,18.624813,0.060356,-0.009049,0.060356,0.000196,0.000000,0.000000,19.043690
0.9667,baseline,0.010,20.0000,2.661457,-1.132078,-1.152020,-0.452524,-0.093573,1.337631,-2.141437,1.073787,-2.702874,1.530913,-2.402214,1.635224,-2.147573,0.023981,0.125353,0.127521,0.023981,0.023981,0.023981,0.023981,0.023981,0.004718,-0.234579,0.079559,-0.002363,0.023981,0.988654,-0.641041,0.952082,0.392135,0.003119,0.000000,-0.003119,-0.004679,0.813280,0.982311,0.982311,0.652862,1.199146,1.199146,0.930795,1.101933,1.101933,0.994216,1.110431,1.110431,-0.051587,0.090226,-0.018536,0.003613,0.061050,-0.009209,-0.055200,0.029176,-0.009328,0.477061,-0.373174,0.571450,0.832707,13.589310,-10.630035,16.278007,-10.630035,8.315187,-12.733228,16.278007,-12.733228,19.498672,-0.000000,0.000000,41.403169,0.477061,-0.373174,0.571450,0.832707,11.848173,-9.268057,14.192379,-9.268057,7.249799,-11.101777,14.192379,-11.101777,17.000395,-0.000000,0.000000,36.098367,-0.015748,0.111331,0.067056,-0.014889,0.076233,0.042659,-0.000860,0.035098,0.024397,-0.069548,-0.546182,-0.225741,0.595072,0.294614,2.313684,0.956262,2.313684,18.169976,7.509779,0.956262,7.509779,3.103844,-0.000000,0.000000,21.568435,-0.069548,-0.546182,-0.225741,0.595072,0.337311,2.648992,1.094847,2.648992,20.803236,8.598124,1.094847,8.598124,3.553665,-0.000000,0.000000,24.694212,0.001502,0.106459,0.069665,-0.000778,0.079333,0.039848,0.002280,0.027126,0.029817,-0.059821,-0.576608,-0.050677,0.581914,0.205648,1.982221,0.174215,1.982221,19.106405,1.679234,0.174215,1.679234,0.147586,-0.000000,0.000000,19.459638,-0.059821,-0.576608,-0.050677,0.581914,0.349514,3.368922,0.296090,3.368922,32.472667,2.853976,0.296090,2.853976,0.250832,-0.000000,0.000000,33.073012,0.014936,0.101799,0.051070,0.010504,0.074815,0.038517,0.004432,0.026984,0.012553,-0.032801,-0.438680,0.005613,0.439940,0.119989,1.604719,-0.020534,1.604719,21.461357,-0.274626,-0.020534,-0.274626,0.003514,-0.000000,0.000000,21.584860,-0.032801,-0.438680,0.005613,0.439940,0.152101,2.034188,-0.026030,2.034188,27.205031,-0.348124,-0.026030,-0.348124,0.004455,-0.000000,-0.000000,27.361587,0.026843,0.083652,0.051119,0.024844,0.065421,0.045409,0.001999,0.018232,0.005710,0.034383,-0.228593,-0.000555,0.231165,0.350587,-2.330833,-0.005660,-2.330833,15.496264,0.037627,-0.005660,0.037627,0.000091,-0.000000,0.000000,15.846942,0.034383,-0.228593,-0.000555,0.231165,0.421037,-2.799216,-0.006797,-2.799216,18.610253,0.045188,-0.006797,0.045188,0.000110,-0.000000,0.000000,19.031400
1.0091,baseline,0.010,20.0000,2.661457,-1.133612,-1.152020,-0.452524,-0.093573,1.337631,-2.141437,1.073787,-2.712078,1.524777,-2.402214,1.650563,-2.147573,0.023981,0.013987,0.059775,0.023981,0.023981,0.023981,0.023981,0.023981,-0.079026,-0.185249,0.038592,0.200424,0.023981,0.988654,-0.641909,0.952082,0.392135,0.003119,0.000000,-0.003119,-0.004679,0.813280,0.982311,0.982311,0.652862,1.203229,1.203229,0.927064,1.101933,1.101933,1.003543,1.110431,1.110431,-0.051569,0.090205,-0.018585,0.003613,0.061050,-0.009209,-0.055183,0.029155,-0.009376,0.476964,-0.372945,0.572193,0.833059,13.571249,-10.611535,16.280824,-10.611535,8.297297,-12.730187,16.280824,-12.730187,19.531381,-0.000000,0.000000,41.399926,0.476964,-0.372945,0.572193,0.833059,11.835275,-9.254155,14.198253,-9.254155,7.235944,-11.101798,14.198253,-11.101798,17.033013,-0.000000,0.000000,36.104231,-0.015748,0.111331,0.067056,-0.014889,0.076233,0.042659,-0.000860,0.035098,0.024397,-0.069548,-0.546182,-0.225741,0.595072,0.294614,2.313684,0.956262,2.313684,18.169976,7.509779,0.956262,7.509779,3.103844,-0.000000,0.000000,21.568435,-0.069548,-0.546182,-0.225741,0.595072,0.337311,2.648992,1.094847,2.648992,20.803235,8.598123,1.094847,8.598123,3.553665,-0.000000,0.000000,24.694211,0.001488,0.106244,0.069555,-0.000778,0.079333,0.039848,0.002266,0.026910,0.029707,-0.058976,-0.570055,-0.045396,0.574892,0.202481,1.957155,0.155856,1.957155,18.917586,1.506485,0.155856,1.506485,0.119968,-0.000000,-0.000000,19.240035,-0.058976,-0.570055,-0.045396,0.574892,0.346252,3.346827,0.266522,3.346827,32.349960,2.576160,0.266522,2.576160,0.205150,0.000000,0.000000,32.901363,0.014997,0.101901,0.051283,0.010504,0.074815,0.038517,0.004493,0.027086,0.012766,-0.033453,-0.441712,0.004056,0.442996,0.123086,1.625247,-0.014925,1.625247,21.459965,-0.197071,-0.014925,-0.197071,0.001810,-0.000000,0.000000,21.584861,-0.033453,-0.441712,0.004056,0.442996,0.156352,2.064494,-0.018959,2.064494,27.259830,-0.250333,-0.018959,-0.250333,0.002299,-0.000000,-0.000000,27.418481,0.026656,0.083447,0.050772,0.024844,0.065421,0.045409,0.001811,0.018026,0.005363,0.034761,-0.223949,0.001277,0.226635,0.372805,-2.401797,0.013694,-2.401797,15.473591,-0.088225,0.013694,-0.088225,0.000503,0.000000,0.000000,15.846899,0.034761,-0.223949,0.001277,0.226635,0.444812,-2.865705,0.016339,-2.865705,18.462318,-0.105266,0.016339,-0.105266,0.000600,-0.000000,-0.000000,18.907731
1.0515,baseline,0.010,20.0000,2.661457,-1.136680,-1.152020,-0.452524,-0.093573,1.337631,-2.141437,1.073787,-2.718214,1.518641,-2.402214,1.658233,-2.147573,0.023981,-0.005233,0.031351,0.023981,0.023981,0.023981,0.023981,0.023981,-0.209670,-0.154963,0.026989,0.300208,0.023981,0.988654,-0.643647,0.952082,0.392135,0.003119,0.000000,-0.003119,-0.004679,0.813280,0.982311,0.982311,0.652862,1.205951,1.205951,0.923334,1.101933,1.101933,1.008206,1.110431,1.110431,-0.051534,0.090162,-0.018682,0.003613,0.061050,-0.009209,-0.055147,0.029112,-0.009473,0.476769,-0.372484,0.573679,0.833763,13.535124,-10.574536,16.286340,-10.574536,8.261529,-12.723968,16.286340,-12.723968,19.596781,0.000000,0.000000,41.393433,0.476769,-0.372484,0.573679,0.833763,11.809457,-9.226330,14.209905,-9.226330,7.208221,-11.101720,14.209905,-11.101720,17.098280,0.000000,0.000000,36.115957,-0.015748,0.111331,0.067056,-0.014889,0.076233,0.042659,-0.000860,0.035098,0.024397,-0.069548,-0.546182,-0.225741,0.595072,0.294614,2.313684,0.956262,2.313684,18.169976,7.509779,0.956262,7.509779,3.103844,-0.000000,0.000000,21.568435,-0.069548,-0.546182,-0.225741,0.595072,0.337311,2.648992,1.094847,2.648992,20.803235,8.598123,1.094847,8.598123,3.553665,-0.000000,0.000000,24.694211,0.001478,0.106100,0.069482,-0.000778,0.079333,0.039848,0.002256,0.026767,0.029634,-0.058406,-0.565583,-0.041931,0.570135,0.200345,1.940090,0.143833,1.940090,18.787306,1.392841,0.143833,1.392841,0.103262,-0.000000,0.000000,19.090913,-0.058406,-0.565583,-0.041931,0.570135,0.344000,3.331200,0.246966,3.331200,32.258437,2.391555,0.246966,2.391555,0.177303,-0.000000,0.000000,32.779741,0.015057,0.102003,0.051496,0.010504,0.074815,0.038517,0.004553,0.027188,0.012979,-0.034109,-0.444736,0.002477,0.446049,0.126221,1.645739,-0.009167,1.645739,21.457976,-0.119520,-0.009167,-0.119520,0.000666,-0.000000,0.000000,21.584863,-0.034109,-0.444736,0.002477,0.446049,0.160665,2.094836,-0.011668,2.094836,27.313533,-0.152135,-0.011668,-0.152135,0.000847,-0.000000,0.000000,27.475046,0.026563,0.083343,0.050598,0.024844,0.065421,0.045409,0.001718,0.017922,0.005189,0.034934,-0.221623,0.002165,0.224369,0.384154,-2.437110,0.023811,-2.437110,15.461248,-0.151058,0.023811,-0.151058,0.001476,-0.000000,0.000000,15.846878,0.034934,-0.221623,0.002165,0.224369,0.456843,-2.898256,0.028316,-2.898256,18.386798,-0.179641,0.028316,-0.179641,0.001755,-0.000000,0.000000,18.845396
1.0939,baseline,0.010,20.0000,2.661457,-1.164291,-1.152020,-0.452524,-0.093573,1.337631,-2.141437,1.073787,-2.710544,1.514039,-2.405282,1.655165,-2.147573,0.023981,-0.311919,0.025667,0.023981,0.023981,0.023981,0.023981,0.023981,0.053962,-0.111469,-0.006559,0.052810,0.023981,0.988654,-0.659282,0.952082,0.392135,0.003119,0.000000,-0.003119,-0.004679,0.813280,0.982311,0.982311,0.652862,1.202548,1.202548,0.920536,1.103340,1.103340,1.006340,1.110431,1.110431,-0.051213,0.089775,-0.019550,0.003613,0.061050,-0.009209,-0.054827,0.028725,-0.010341,0.474897,-0.368187,0.587023,0.840051,13.209925,-10.241647,16.328876,-10.241647,7.940343,-12.659768,16.328876,-12.659768,20.184233,-0.000000,0.000000,41.334501,0.474897,-0.368187,0.587023,0.840051,11.575862,-8.974759,14.309000,-8.974759,6.958125,-11.093759,14.309000,-11.093759,17.687450,-0.000000,0.000000,36.221438,-0.015748,0.111331,0.067056,-0.014889,0.076233,0.042659,-0.000860,0.035098,0.024397,-0.069548,-0.546182,-0.225741,0.595072,0.294614,2.313684,0.956262,2.313684,18.169976,7.509779,0.956262,7.509779,3.103844,-0.000000,0.000000,21.568435,-0.069548,-0.546182,-0.225741,0.595072,0.337311,2.648992,1.094847,2.648992,20.803235,8.598123,1.094847,8.598123,3.553665,-0.000000,0.000000,24.694211,0.001490,0.106280,0.069573,-0.000778,0.079333,0.039848,0.002268,0.026946,0.029725,-0.059118,-0.571160,-0.046269,0.576072,0.203012,1.961377,0.158889,1.961377,18.949611,1.535090,0.158889,1.535090,0.124356,-0.000000,0.000000,19.276979,-0.059118,-0.571160,-0.046269,0.576072,0.346806,3.350622,0.271431,3.350622,32.371627,2.622395,0.271431,2.622395,0.212438,-0.000000,0.000000,32.930870,0.015092,0.102000,0.051628,0.010504,0.074815,0.038517,0.004588,0.027185,0.013110,-0.034197,-0.445906,0.002491,0.447223,0.126112,1.644406,-0.009186,1.644406,21.441793,-0.119776,-0.009186,-0.119776,0.000669,-0.000000,0.000000,21.568574,-0.034197,-0.445906,0.002491,0.447223,0.161022,2.099602,-0.011729,2.099602,27.377211,-0.152932,-0.011729,-0.152932,0.000854,-0.000000,0.000000,27.539087,0.026600,0.083385,0.050668,0.024844,0.065421,0.045409,0.001755,0.017964,0.005259,0.034866,-0.222554,0.001812,0.225276,0.379595,-2.422999,0.019729,-2.422999,15.466265,-0.125933,0.019729,-0.125933,0.001025,-0.000000,0.000000,15.846886,0.034866,-0.222554,0.001812,0.225276,0.452020,-2.885292,0.023493,-2.885292,18.417130,-0.149960,0.023493,-0.149960,0.001221,-0.000000,-0.000000,18.870371
1.1371,baseline,0.010,20.0000,2.661457,-1.191903,-1.158155,-0.452524,-0.093573,1.337631,-2.141437,1.073787,-2.707476,1.512505,-2.425224,1.652097,-2.147573,0.023981,-0.608148,-0.044004,0.023981,0.023981,0.023981,0.023981,0.023981,0.125965,-0.070586,-0.221400,-0.038237,0.023981,0.988654,-0.674917,0.957153,0.392135,0.003119,0.000000,-0.003119,-0.004679,0.813280,0.982311,0.982311,0.652862,1.201187,1.201187,0.919603,1.112488,1.112488,1.004475,1.110431,1.110431,-0.050805,0.089371,-0.020293,0.003613,0.061050,-0.009209,-0.054419,0.028321,-0.011084,0.468805,-0.365750,0.597444,0.842906,12.768101,-9.961361,16.271661,-9.961361,7.771611,-12.694753,16.271661,-12.694753,20.736596,-0.000000,0.000000,41.276309,0.468805,-0.365750,0.597444,0.842906,11.260103,-8.784858,14.349869,-8.784858,6.853732,-11.195418,14.349869,-11.195418,18.287465,-0.000000,0.000000,36.401300,-0.015748,0.111331,0.067056,-0.014889,0.076233,0.042659,-0.000860,0.035098,0.024397,-0.069548,-0.546182,-0.225741,0.595072,0.294614,2.313684,0.956262,2.313684,18.169976,7.509779,0.956262,7.509779,3.103844,-0.000000,0.000000,21.568435,-0.069548,-0.546182,-0.225741,0.595072,0.337311,2.648992,1.094847,2.648992,20.803235,8.598123,1.094847,8.598123,3.553665,-0.000000,0.000000,24.694211,0.001495,0.106351,0.069610,-0.000778,0.079333,0.039848,0.002273,0.027018,0.029762,-0.059400,-0.573354,-0.048024,0.578420,0.204070,1.969769,0.164988,1.969769,19.012997,1.592526,0.164988,1.592526,0.133390,-0.000000,0.000000,19.350457,-0.059400,-0.573354,-0.048024,0.578420,0.347901,3.358077,0.281272,3.358077,32.413502,2.714951,0.281272,2.714951,0.227404,-0.000000,0.000000,32.988807,0.015039,0.101517,0.051498,0.010504,0.074815,0.038517,0.004535,0.026702,0.012981,-0.031728,-0.439330,0.009842,0.440584,0.111246,1.540396,-0.034508,1.540396,21.329425,-0.477817,-0.034508,-0.477817,0.010704,-0.000000,-0.000000,21.451376,-0.031728,-0.439330,0.009842,0.440584,0.143545,1.987627,-0.044526,1.987627,27.522111,-0.616544,-0.044526,-0.616544,0.013812,-0.000000,0.000000,27.679468,0.026637,0.083426,0.050737,0.024844,0.065421,0.045409,0.001793,0.018006,0.005328,0.034797,-0.223484,0.001456,0.226182,0.375062,-2.408869,0.015694,-2.408869,15.471176,-0.100797,0.015694,-0.100797,0.000657,-0.000000,0.000000,15.846895,0.034797,-0.223484,0.001456,0.226182,0.447211,-2.872253,0.018713,-2.872253,18.447296,-0.120187,0.018713,-0.120187,0.000783,-0.000000,0.000000,18.895290
1.1788,baseline,0.010,20.0000,2.661457,-1.204175,-1.167359,-0.452524,-0.093573,1.337631,-2.141437,1.073787,-2.707476,1.510971,-2.431360,1.652097,-2.147573,0.023981,-0.449678,-0.197791,0.023981,0.023981,0.023981,0.023981,0.023981,0.055024,-0.050739,-0.315519,-0.013662,0.023981,0.988654,-0.681866,0.964760,0.392135,0.003119,0.000000,-0.003119,-0.004679,0.813280,0.982311,0.982311,0.652862,1.201187,1.201187,0.918670,1.115303,1.115303,1.004475,1.110431,1.110431,-0.050539,0.089182,-0.020497,0.003613,0.061050,-0.009209,-0.054152,0.028132,-0.011288,0.461769,-0.366783,0.598936,0.840526,12.449362,-9.888524,16.147420,-9.888524,7.854451,-12.825890,16.147420,-12.825890,20.943978,0.000000,0.000000,41.247791,0.461769,-0.366783,0.598936,0.840526,11.033463,-8.763875,14.310930,-8.763875,6.961143,-11.367167,14.310930,-11.367167,18.561963,-0.000000,0.000000,36.556569,-0.015748,0.111331,0.067056,-0.014889,0.076233,0.042659,-0.000860,0.035098,0.024397,-0.069548,-0.546182,-0.225741,0.595072,0.294614,2.313684,0.956262,2.313684,18.169976,7.509779,0.956262,7.509779,3.103844,-0.000000,0.000000,21.568435,-0.069548,-0.546182,-0.225741,0.595072,0.337311,2.648992,1.094847,2.648992,20.803235,8.598123,1.094847,8.598123,3.553665,-0.000000,0.000000,24.694211,0.001495,0.106351,0.069610,-0.000778,0.079333,0.039848,0.002273,0.027018,0.029762,-0.059400,-0.573354,-0.048024,0.578420,0.204070,1.969769,0.164988,1.969769,19.012997,1.592526,0.164988,1.592526,0.133390,-0.000000,0.000000,19.350457,-0.059400,-0.573354,-0.048024,0.578420,0.347901,3.358077,0.281272,3.358077,32.413502,2.714951,0.281272,2.714951,0.227404,-0.000000,0.000000,32.988807,0.015034,0.101386,0.051496,0.010504,0.074815,0.038517,0.004529,0.026571,0.012979,-0.031085,-0.437750,0.011798,0.439011,0.107350,1.511727,-0.040742,1.511727,21.288492,-0.573744,-0.040742,-0.573744,0.015463,-0.000000,-0.000000,21.411305,-0.031085,-0.437750,0.011798,0.439011,0.139016,1.957660,-0.052761,1.957660,27.568228,-0.742988,-0.052761,-0.742988,0.020024,-0.000000,-0.000000,27.727268,0.026637,0.083426,0.050737,0.024844,0.065421,0.045409,0.001793,0.018006,0.005328,0.034797,-0.223484,0.001456,0.226182,0.375062,-2.408869,0.015694,-2.408869,15.471176,-0.100797,0.015694,-0.100797,0.000657,-0.000000,-0.000000,15.846895,0.034797,-0.223484,0.001456,0.226182,0.447211,-2.872253,0.018713,-2.872253,18.447296,-0.120187,0.018713,-0.120187,0.000783,-0.000000,0.000000,18.895290
1.2223,baseline,0.010,20.0000,2.661457,-1.204175,-1.164291,-0.452524,-0.093573,1.337631,-2.141437,1.073787,-2.707476,1.510971,-2.428292,1.656699,-2.147573,0.023981,-0.167073,-0.025786,0.023981,0.023981,0.023981,0.023981,0.023981,0.031083,-0.012217,-0.029368,0.026160,0.023981,0.988654,-0.681866,0.962224,0.392135,0.003119,0.000000,-0.003119,-0.004679,0.813280,0.982311,0.982311,0.652862,1.201187,1.201187,0.918670,1.113895,1.113895,1.007273,1.110431,1.110431,-0.050578,0.089185,-0.020555,0.003613,0.061050,-0.009209,-0.054192,0.028135,-0.011346,0.463789,-0.365757,0.600407,0.842239,12.507777,-9.863984,16.192167,-9.863984,7.779014,-12.769597,16.192167,-12.769597,20.961860,-0.000000,0.000000,41.248652,0.463789,-0.365757,0.600407,0.842239,11.074173,-8.733403,14.336269,-8.733403,6.887407,-11.305984,14.336269,-11.305984,18.559274,0.000000,0.000000,36.520854,-0.015748,0.111331,0.067056,-0.014889,0.076233,0.042659,-0.000860,0.035098,0.024397,-0.069548,-0.546182,-0.225741,0.595072,0.294614,2.313684,0.956262,2.313684,18.169976,7.509779,0.956262,7.509779,3.103844,-0.000000,0.000000,21.568435,-0.069548,-0.546182,-0.225741,0.595072,0.337311,2.648992,1.094847,2.648992,20.803235,8.598123,1.094847,8.598123,3.553665,0.000000,0.000000,24.694211,0.001495,0.106351,0.069610,-0.000778,0.079333,0.039848,0.002273,0.027018,0.029762,-0.059400,-0.573354,-0.048024,0.578420,0.204070,1.969769,0.164988,1.969769,19.012997,1.592526,0.164988,1.592526,0.133390,-0.000000,0.000000,19.350457,-0.059400,-0.573354,-0.048024,0.578420,0.347901,3.358077,0.281272,3.358077,32.413502,2.714951,0.281272,2.714951,0.227404,-0.000000,0.000000,32.988807,0.015044,0.101464,0.051524,0.010504,0.074815,0.038517,0.004540,0.026649,0.013007,-0.031486,-0.438924,0.010633,0.440180,0.109657,1.528636,-0.037031,1.528636,21.309417,-0.516212,-0.037031,-0.516212,0.012505,-0.000000,0.000000,21.431579,-0.031486,-0.438924,0.010633,0.440180,0.141786,1.976525,-0.047881,1.976525,27.553062,-0.667462,-0.047881,-0.667462,0.016169,0.000000,0.000000,27.711017,0.026581,0.083364,0.050633,0.024844,0.065421,0.045409,0.001737,0.017943,0.005224,0.034900,-0.222088,0.001989,0.224822,0.381872,-2.430057,0.021764,-2.430057,15.463770,-0.138497,0.021764,-0.138497,0.001240,-0.000000,0.000000,15.846882,0.034900,-0.222088,0.001989,0.224822,0.454430,-2.891783,0.025899,-2.891783,18.401983,-0.164812,0.025899,-0.164812,0.001476,-0.000000,0.000000,18.857889
1.2643,baseline,0.010,20.0000,2.661457,-1.204175,-1.161223,-0.452524,-0.093573,1.337631,-2.141437,1.073787,-2.707476,1.526311,-2.423690,1.673573,-2.147573,0.023981,-0.024123,0.082119,0.023981,0.023981,0.023981,0.023981,0.023981,0.025605,0.122112,0.104419,0.270064,0.023981,0.988654,-0.681866,0.959689,0.392135,0.003119,0.000000,-0.003119,-0.004679,0.813280,0.982311,0.982311,0.652862,1.201187,1.201187,0.927997,1.111784,1.111784,1.017532,1.110431,1.110431,-0.050618,0.089188,-0.020614,0.003613,0.061050,-0.009209,-0.054231,0.028138,-0.011405,0.465806,-0.364718,0.601866,0.843942,12.566085,-9.839022,16.236586,-9.839022,7.703780,-12.712959,16.236586,-12.712959,20.979224,-0.000000,0.000000,41.249089,0.465806,-0.364718,0.601866,0.843942,11.114675,-8.702593,14.361224,-8.702593,6.813976,-11.244584,14.361224,-11.244584,18.556077,-0.000000,0.000000,36.484728,-0.015748,0.111331,0.067056,-0.014889,0.076233,0.042659,-0.000860,0.035098,0.024397,-0.069548,-0.546182,-0.225741,0.595072,0.294614,2.313684,0.956262,2.313684,18.169976,7.509779,0.956262,7.509779,3.103844,-0.000000,0.000000,21.568435,-0.069548,-0.546182,-0.225741,0.595072,0.337311,2.648992,1.094847,2.648992,20.803235,8.598123,1.094847,8.598123,3.553665,-0.000000,0.000000,24.694210,0.001495,0.106351,0.069610,-0.000778,0.079333,0.039848,0.002273,0.027018,0.029762,-0.059400,-0.573354,-0.048024,0.578420,0.204070,1.969769,0.164988,1.969769,19.012997,1.592526,0.164988,1.592526,0.133390,-0.000000,0.000000,19.350457,-0.059400,-0.573354,-0.048024,0.578420,0.347901,3.358077,0.281272,3.358077,32.413502,2.714951,0.281272,2.714951,0.227404,-0.000000,0.000000,32.988807,0.014909,0.101327,0.051037,0.010504,0.074815,0.038517,0.004405,0.026512,0.012520,-0.030497,-0.433059,0.012632,0.434316,0.105819,1.502620,-0.043830,1.502620,21.337119,-0.622385,-0.043830,-0.622385,0.018154,0.000000,0.000000,21.461092,-0.030497,-0.433059,0.012632,0.434316,0.135786,1.928155,-0.056243,1.928155,27.379697,-0.798642,-0.056243,-0.798642,0.023296,0.000000,0.000000,27.538779,0.026377,0.083132,0.050253,0.024844,0.065421,0.045409,0.001532,0.017711,0.004844,0.035246,-0.216960,0.003887,0.219838,0.407330,-2.507382,0.044920,-2.507382,15.434551,-0.276511,0.044920,-0.276511,0.004954,-0.000000,0.000000,15.846835,0.035246,-0.216960,0.003887,0.219838,0.481176,-2.961948,0.053064,-2.961948,18.232699,-0.326640,0.053064,-0.326640,0.005852,0.000000,0.000000,18.719726
1.3060,baseline,0.010,20.0000,2.661457,-1.202641,-1.161223,-0.452524,-0.093573,1.337631,-2.141437,1.073787,-2.707476,1.553923,-2.423690,1.673573,-2.147573,0.023981,0.010677,0.027941,0.023981,0.023981,0.023981,0.023981,0.023981,0.024352,0.555008,0.049672,0.192837,0.023981,0.988654,-0.680997,0.959689,0.392135,0.003119,0.000000,-0.003119,-0.004679,0.813280,0.982311,0.982311,0.652862,1.201187,1.201187,0.944785,1.111784,1.111784,1.017532,1.110431,1.110431,-0.050636,0.089211,-0.020566,0.003613,0.061050,-0.009209,-0.054250,0.028161,-0.011357,0.465931,-0.364980,0.601134,0.843602,12.584019,-9.857488,16.235606,-9.857488,7.721705,-12.717900,16.235606,-12.717900,20.946797,-0.000000,0.000000,41.252521,0.465931,-0.364980,0.601134,0.843602,11.127823,-8.716801,14.356856,-8.716801,6.828165,-11.246212,14.356856,-11.246212,18.522879,-0.000000,0.000000,36.478868,-0.015748,0.111331,0.067056,-0.014889,0.076233,0.042659,-0.000860,0.035098,0.024397,-0.069548,-0.546182,-0.225741,0.595072,0.294614,2.313684,0.956262,2.313684,18.169976,7.509779,0.956262,7.509779,3.103844,-0.000000,0.000000,21.568435,-0.069548,-0.546182,-0.225741,0.595072,0.337311,2.648992,1.094847,2.648992,20.803234,8.598123,1.094847,8.598123,3.553665,-0.000000,0.000000,24.694210,0.001495,0.106351,0.069610,-0.000778,0.079333,0.039848,0.002273,0.027018,0.029762,-0.059400,-0.573354,-0.048024,0.578420,0.204070,1.969769,0.164988,1.969769,19.012997,1.592526,0.164988,1.592526,0.133390,-0.000000,0.000000,19.350457,-0.059400,-0.573354,-0.048024,0.578420,0.347901,3.358077,0.281272,3.358077,32.413502,2.714951,0.281272,2.714951,0.227404,-0.000000,0.000000,32.988807,0.014640,0.100857,0.050092,0.010504,0.074815,0.038517,0.004136,0.026042,0.011575,-0.027717,-0.419237,0.019049,0.420584,0.093203,1.409767,-0.064056,1.409767,21.323857,-0.968898,-0.064056,-0.968898,0.044024,-0.000000,0.000000,21.461084,-0.027717,-0.419237,0.019049,0.420584,0.118429,1.791339,-0.081394,1.791339,27.095439,-1.231143,-0.081394,-1.231143,0.055940,-0.000000,0.000000,27.269808,0.026377,0.083132,0.050253,0.024844,0.065421,0.045409,0.001532,0.017711,0.004844,0.035246,-0.216959,0.003887,0.219838,0.407330,-2.507382,0.044920,-2.507382,15.434551,-0.276511,0.044920,-0.276511,0.004954,-0.000000,-0.000000,15.846835,0.035246,-0.216959,0.003887,0.219838,0.481176,-2.961947,0.053064,-2.961947,18.232692,-0.326640,0.053064,-0.326640,0.005852,-0.000000,-0.000000,18.719719
1.3485,baseline,0.010,20.0000,2.661457,-1.164291,-1.162757,-0.452524,-0.093573,1.337631,-2.141437,1.073787,-2.707476,1.555457,-2.423690,1.670505,-2.147573,0.023981,0.452479,0.005753,0.023981,0.023981,0.023981,0.023981,0.023981,0.024057,0.313214,0.029270,0.013692,0.023981,0.988654,-0.659282,0.960957,0.392135,0.003119,0.000000,-0.003119,-0.004679,0.813280,0.982311,0.982311,0.652862,1.201187,1.201187,0.945718,1.111784,1.111784,1.015667,1.110431,1.110431,-0.051072,0.089762,-0.019347,0.003613,0.061050,-0.009209,-0.054685,0.028712,-0.010138,0.467851,-0.371766,0.582029,0.834178,13.003019,-10.332511,16.176362,-10.332511,8.210461,-12.854126,16.176362,-12.854126,20.124148,-0.000000,0.000000,41.337629,0.467851,-0.371766,0.582029,0.834178,11.434352,-9.086010,14.224866,-9.086010,7.219962,-11.303420,14.224866,-11.303420,17.696397,-0.000000,0.000000,36.350710,-0.015748,0.111331,0.067056,-0.014889,0.076233,0.042659,-0.000860,0.035098,0.024397,-0.069548,-0.546182,-0.225741,0.595072,0.294614,2.313684,0.956262,2.313684,18.169976,7.509779,0.956262,7.509779,3.103844,0.000000,0.000000,21.568435,-0.069548,-0.546182,-0.225741,0.595072,0.337311,2.648992,1.094847,2.648992,20.803234,8.598123,1.094847,8.598123,3.553665,-0.000000,0.000000,24.694210,0.001495,0.106351,0.069610,-0.000778,0.079333,0.039848,0.002273,0.027018,0.029762,-0.059400,-0.573354,-0.048024,0.578420,0.204070,1.969769,0.164988,1.969769,19.012997,1.592526,0.164988,1.592526,0.133390,-0.000000,0.000000,19.350457,-0.059400,-0.573354,-0.048024,0.578420,0.347901,3.358077,0.281272,3.358077,32.413502,2.714951,0.281272,2.714951,0.227404,-0.000000,0.000000,32.988807,0.014625,0.100830,0.050040,0.010504,0.074815,0.038517,0.004121,0.026015,0.011523,-0.027565,-0.418464,0.019392,0.419819,0.092525,1.404593,-0.065091,1.404593,21.322767,-0.988129,-0.065091,-0.988129,0.045791,-0.000000,0.000000,21.461083,-0.027565,-0.418464,0.019392,0.419819,0.117502,1.783774,-0.082663,1.783774,27.079016,-1.254882,-0.082663,-1.254882,0.058153,-0.000000,0.000000,27.254672,0.026414,0.083174,0.050322,0.024844,0.065421,0.045409,0.001569,0.017754,0.004913,0.035187,-0.217893,0.003548,0.220744,0.402645,-2.493366,0.040605,-2.493366,15.440104,-0.251445,0.040605,-0.251445,0.004095,-0.000000,0.000000,15.846843,0.035187,-0.217893,0.003548,0.220744,0.476281,-2.949360,0.048031,-2.949360,18.263833,-0.297430,0.048031,-0.297430,0.004844,-0.000000,-0.000000,18.744958
1.3909,baseline,0.010,20.0000,2.661457,-1.127476,-1.178097,-0.452524,-0.093573,1.337631,-2.141437,1.073787,-2.710544,1.552389,-2.423690,1.670505,-2.147573,0.023981,0.840433,-0.184792,0.023981,0.023981,0.023981,0.023981,0.023981,-0.008281,0.026707,0.025191,-0.035177,0.023981,0.988654,-0.638435,0.973634,0.392135,0.003119,0.000000,-0.003119,-0.004679,0.813280,0.982311,0.982311,0.652862,1.202548,1.202548,0.943852,1.111784,1.111784,1.015667,1.110431,1.110431,-0.051291,0.090244,-0.017904,0.003613,0.061050,-0.009209,-0.054904,0.029194,-0.008695,0.460152,-0.381944,0.556998,0.817232,13.130426,-10.898764,15.893929,-10.898764,9.046398,-13.192579,15.893929,-13.192579,19.239053,-0.000000,0.000000,41.415878,0.460152,-0.381944,0.556998,0.817232,11.535921,-9.575263,13.963835,-9.575263,7.947840,-11.590526,13.963835,-11.590526,16.902742,-0.000000,-0.000000,36.386503,-0.015748,0.111331,0.067056,-0.014889,0.076233,0.042659,-0.000860,0.035098,0.024397,-0.069548,-0.546182,-0.225741,0.595072,0.294614,2.313684,0.956262,2.313684,18.169976,7.509779,0.956262,7.509779,3.103844,-0.000000,0.000000,21.568435,-0.069548,-0.546182,-0.225741,0.595072,0.337311,2.648992,1.094847,2.648992,20.803234,8.598123,1.094847,8.598123,3.553665,-0.000000,0.000000,24.694210,0.001490,0.106280,0.069573,-0.000778,0.079333,0.039848,0.002268,0.026946,0.029725,-0.059118,-0.571160,-0.046269,0.576072,0.203012,1.961377,0.158889,1.961377,18.949611,1.535090,0.158889,1.535090,0.124356,-0.000000,0.000000,19.276979,-0.059118,-0.571160,-0.046269,0.576072,0.346806,3.350622,0.271431,3.350622,32.371627,2.622395,0.271431,2.622395,0.212438,-0.000000,0.000000,32.930870,0.014655,0.100883,0.050144,0.010504,0.074815,0.038517,0.004151,0.026068,0.011627,-0.027868,-0.420009,0.018704,0.421348,0.093883,1.414939,-0.063012,1.414939,21.324909,-0.949665,-0.063012,-0.949665,0.042292,-0.000000,0.000000,21.461084,-0.027868,-0.420009,0.018704,0.421348,0.119360,1.798908,-0.080111,1.798908,27.111797,-1.207373,-0.080111,-1.207373,0.053768,-0.000000,0.000000,27.284925,0.026414,0.083174,0.050322,0.024844,0.065421,0.045409,0.001569,0.017754,0.004913,0.035187,-0.217893,0.003548,0.220744,0.402645,-2.493366,0.040605,-2.493366,15.440104,-0.251445,0.040605,-0.251445,0.004095,-0.000000,0.000000,15.846843,0.035187,-0.217893,0.003548,0.220744,0.476281,-2.949360,0.048031,-2.949360,18.263833,-0.297430,0.048031,-0.297430,0.004844,-0.000000,0.000000,18.744958
1.4333,baseline,0.010,20.0000,2.661457,-1.119806,-1.178097,-0.452524,-0.093573,1.337631,-2.141437,1.073787,-2.727418,1.552389,-2.428292,1.670505,-2.147573,0.023981,0.534436,-0.172906,0.023981,0.023981,0.023981,0.023981,0.023981,-0.209610,-0.031184,-0.026358,0.020547,0.023981,0.988654,-0.634092,0.973634,0.392135,0.003119,0.000000,-0.003119,-0.004679,0.813280,0.982311,0.982311,0.652862,1.210035,1.210035,0.943852,1.113895,1.113895,1.015667,1.110431,1.110431,-0.051377,0.090347,-0.017662,0.003613,0.061050,-0.009209,-0.054990,0.029297,-0.008453,0.460614,-0.383000,0.553302,0.815474,13.219037,-10.991617,15.879064,-10.991617,9.139519,-13.203427,15.879064,-13.203427,19.074360,-0.000000,0.000000,41.432916,0.460614,-0.383000,0.553302,0.815474,11.599659,-9.645105,13.933824,-9.645105,8.019896,-11.585961,13.933824,-11.585961,16.737685,-0.000000,0.000000,36.357240,-0.015748,0.111331,0.067056,-0.014889,0.076233,0.042659,-0.000860,0.035098,0.024397,-0.069548,-0.546182,-0.225741,0.595072,0.294614,2.313684,0.956262,2.313684,18.169976,7.509779,0.956262,7.509779,3.103844,-0.000000,0.000000,21.568435,-0.069548,-0.546182,-0.225741,0.595072,0.337311,2.648992,1.094847,2.648992,20.803234,8.598123,1.094847,8.598123,3.553665,0.000000,0.000000,24.694210,0.001464,0.105884,0.069374,-0.000778,0.079333,0.039848,0.002242,0.026551,0.029526,-0.057539,-0.558726,-0.036820,0.562886,0.197107,1.913983,0.126133,1.913983,18.585464,1.224794,0.126133,1.224794,0.080715,-0.000000,0.000000,18.863286,-0.057539,-0.558726,-0.036820,0.562886,0.340505,3.306430,0.217896,3.306430,32.106622,2.115848,0.217896,2.115848,0.139436,-0.000000,0.000000,32.586563,0.014640,0.100765,0.050106,0.010504,0.074815,0.038517,0.004136,0.025950,0.011589,-0.027298,-0.418239,0.020337,0.419622,0.090697,1.389599,-0.067571,1.389599,21.290528,-1.035284,-0.067571,-1.035284,0.050342,-0.000000,0.000000,21.431567,-0.027298,-0.418239,0.020337,0.419622,0.115563,1.770585,-0.086097,1.770585,27.127733,-1.319127,-0.086097,-1.319127,0.064145,-0.000000,0.000000,27.307441,0.026414,0.083174,0.050322,0.024844,0.065421,0.045409,0.001569,0.017754,0.004913,0.035187,-0.217893,0.003548,0.220744,0.402645,-2.493366,0.040605,-2.493366,15.440104,-0.251445,0.040605,-0.251445,0.004095,0.000000,0.000000,15.846843,0.035187,-0.217893,0.003548,0.220744,0.476281,-2.949360,0.048031,-2.949360,18.263833,-0.297430,0.048031,-0.297430,0.004844,-0.000000,0.000000,18.744958
1.4757,baseline,0.010,20.0000,2.661457,-1.121340,-1.168893,-0.452524,-0.093573,1.337631,-2.141437,1.073787,-2.724350,1.556990,-2.445165,1.675107,-2.147573,0.023981,0.124529,0.106253,0.023981,0.023981,0.023981,0.023981,0.023981,-0.154575,0.087378,-0.251649,0.078623,0.023981,0.988654,-0.634960,0.966028,0.392135,0.003119,0.000000,-0.003119,-0.004679,0.813280,0.982311,0.982311,0.652862,1.208673,1.208673,0.946650,1.121635,1.121635,1.018465,1.110431,1.110431,-0.051483,0.090344,-0.017882,0.003613,0.061050,-0.009209,-0.055096,0.029294,-0.008673,0.466621,-0.380068,0.558427,0.820992,13.383949,-10.901374,16.017196,-10.901374,8.879289,-13.046182,16.017196,-13.046182,19.168525,-0.000000,0.000000,41.431763,0.466621,-0.380068,0.558427,0.820992,11.712829,-9.540228,14.017289,-9.540228,7.770621,-11.417236,14.017289,-11.417236,16.775143,-0.000000,0.000000,36.258593,-0.015748,0.111331,0.067056,-0.014889,0.076233,0.042659,-0.000860,0.035098,0.024397,-0.069548,-0.546182,-0.225741,0.595072,0.294614,2.313684,0.956262,2.313684,18.169976,7.509779,0.956262,7.509779,3.103844,-0.000000,-0.000000,21.568435,-0.069548,-0.546182,-0.225741,0.595072,0.337311,2.648992,1.094847,2.648992,20.803234,8.598123,1.094847,8.598123,3.553665,-0.000000,0.000000,24.694210,0.001469,0.105956,0.069410,-0.000778,0.079333,0.039848,0.002247,0.026623,0.029562,-0.057829,-0.561032,-0.038512,0.565317,0.198191,1.922752,0.131988,1.922752,18.653589,1.280478,0.131988,1.280478,0.087899,-0.000000,0.000000,18.939678,-0.057829,-0.561032,-0.038512,0.565317,0.341685,3.314863,0.227549,3.314863,32.159160,2.207570,0.227549,2.207570,0.151539,-0.000000,0.000000,32.652385,0.014543,0.100250,0.049813,0.010504,0.074815,0.038517,0.004038,0.025435,0.011296,-0.024793,-0.409241,0.027159,0.410890,0.077604,1.280940,-0.085009,1.280940,21.143367,-1.403167,-0.085009,-1.403167,0.093120,-0.000000,0.000000,21.314091,-0.024793,-0.409241,0.027159,0.410890,0.099506,1.642453,-0.109000,1.642453,27.110551,-1.799175,-0.109000,-1.799175,0.119401,-0.000000,0.000000,27.329458,0.026358,0.083111,0.050219,0.024844,0.065421,0.045409,0.001514,0.017690,0.004809,0.035274,-0.216492,0.004055,0.219384,0.409683,-2.514382,0.047095,-2.514382,15.431734,-0.289040,0.047095,-0.289040,0.005414,-0.000000,-0.000000,15.846831,0.035274,-0.216492,0.004055,0.219384,0.483628,-2.968211,0.055595,-2.968211,18.217058,-0.341209,0.055595,-0.341209,0.006391,-0.000000,0.000000,18.707077
1.5183,baseline,0.010,20.0000,2.661457,-1.122874,-1.168893,-0.452524,-0.093573,1.337631,-2.141437,1.073787,-2.715146,1.555457,-2.443631,1.673573,-2.147573,0.023981,0.015048,0.095682,0.023981,0.023981,0.023981,0.023981,0.023981,0.123149,0.047421,-0.138987,0.037567,0.023981,0.988654,-0.635829,0.966028,0.392135,0.003119,0.000000,-0.003119,-0.004679,0.813280,0.982311,0.982311,0.652862,1.204590,1.204590,0.945718,1.120932,1.120932,1.017532,1.110431,1.110431,-0.051466,0.090323,-0.017930,0.003613,0.061050,-0.009209,-0.055079,0.029273,-0.008721,0.466529,-0.379853,0.559169,0.821345,13.366106,-10.882825,16.020237,-10.882825,8.860911,-13.043847,16.020237,-13.043847,19.201404,-0.000000,0.000000,41.428421,0.466529,-0.379853,0.559169,0.821345,11.700048,-9.526303,14.023347,-9.526303,7.756416,-11.417957,14.023347,-11.417957,16.807988,-0.000000,0.000000,36.264452,-0.015748,0.111331,0.067056,-0.014889,0.076233,0.042659,-0.000860,0.035098,0.024397,-0.069548,-0.546182,-0.225741,0.595072,0.294614,2.313684,0.956262,2.313684,18.169976,7.509779,0.956262,7.509779,3.103844,-0.000000,0.000000,21.568435,-0.069548,-0.546182,-0.225741,0.595072,0.337311,2.648992,1.094847,2.648992,20.803234,8.598123,1.094847,8.598123,3.553665,-0.000000,-0.000000,24.694210,0.001483,0.106172,0.069518,-0.000778,0.079333,0.039848,0.002261,0.026839,0.029670,-0.058692,-0.567829,-0.043658,0.572521,0.201416,1.948657,0.149823,1.948657,18.852881,1.449506,0.149823,1.449506,0.111445,-0.000000,0.000000,19.165742,-0.058692,-0.567829,-0.043658,0.572521,0.345134,3.339103,0.256727,3.339103,32.305169,2.483787,0.256727,2.483787,0.190966,-0.000000,0.000000,32.841270,0.014562,0.100316,0.049877,0.010504,0.074815,0.038517,0.004058,0.025501,0.011360,-0.025124,-0.410636,0.026318,0.412244,0.079207,1.294586,-0.082973,1.294586,21.159253,-1.356137,-0.082973,-1.356137,0.086917,-0.000000,0.000000,21.325377,-0.025124,-0.410636,0.026318,0.412244,0.101546,1.659703,-0.106374,1.659703,27.126873,-1.738614,-0.106374,-1.738614,0.111431,-0.000000,0.000000,27.339849,0.026377,0.083132,0.050253,0.024844,0.065421,0.045409,0.001532,0.017711,0.004844,0.035246,-0.216959,0.003887,0.219838,0.407330,-2.507382,0.044920,-2.507382,15.434551,-0.276511,0.044920,-0.276511,0.004954,-0.000000,0.000000,15.846835,0.035246,-0.216959,0.003887,0.219838,0.481176,-2.961946,0.053064,-2.961946,18.232689,-0.326640,0.053064,-0.326640,0.005852,-0.000000,0.000000,18.719717
1.5606,baseline,0.010,20.0000,2.661457,-1.125942,-1.167359,-0.452524,-0.093573,1.337631,-2.141437,1.073787,-2.712078,1.553923,-2.435961,1.672039,-2.147573,0.023981,-0.001333,0.052895,0.023981,0.023981,0.023981,0.023981,0.023981,0.144901,-0.026174,0.092446,-0.009901,0.023981,0.988654,-0.637566,0.964760,0.392135,0.003119,0.000000,-0.003119,-0.004679,0.813280,0.982311,0.982311,0.652862,1.203229,1.203229,0.944785,1.117414,1.117414,1.016600,1.110431,1.110431,-0.051451,0.090285,-0.018056,0.003613,0.061050,-0.009209,-0.055065,0.029235,-0.008847,0.467356,-0.378952,0.561374,0.822902,13.360685,-10.833399,16.048445,-10.833399,8.784170,-13.012746,16.048445,-13.012746,19.276899,-0.000000,0.000000,41.421754,0.467356,-0.378952,0.561374,0.822902,11.695227,-9.482977,14.047948,-9.482977,7.689192,-11.390660,14.047948,-11.390660,16.873964,-0.000000,0.000000,36.258383,-0.015748,0.111331,0.067056,-0.014889,0.076233,0.042659,-0.000860,0.035098,0.024397,-0.069548,-0.546182,-0.225741,0.595072,0.294614,2.313684,0.956262,2.313684,18.169976,7.509779,0.956262,7.509779,3.103844,-0.000000,0.000000,21.568435,-0.069548,-0.546182,-0.225741,0.595072,0.337311,2.648992,1.094847,2.648992,20.803234,8.598123,1.094847,8.598123,3.553665,0.000000,0.000000,24.694210,0.001488,0.106244,0.069555,-0.000778,0.079333,0.039848,0.002266,0.026910,0.029707,-0.058976,-0.570055,-0.045396,0.574892,0.202481,1.957155,0.155856,1.957155,18.917586,1.506485,0.155856,1.506485,0.119968,-0.000000,-0.000000,19.240035,-0.058976,-0.570055,-0.045396,0.574892,0.346252,3.346827,0.266522,3.346827,32.349960,2.576160,0.266522,2.576160,0.205150,0.000000,0.000000,32.901363,0.014601,0.100541,0.049991,0.010504,0.074815,0.038517,0.004097,0.025726,0.011474,-0.026205,-0.414467,0.023358,0.415951,0.084856,1.342125,-0.075638,1.342125,21.227704,-1.196320,-0.075638,-1.196320,0.067420,-0.000000,0.000000,21.379981,-0.026205,-0.414467,0.023358,0.415951,0.108456,1.715389,-0.096673,1.715389,27.131436,-1.529034,-0.096673,-1.529034,0.086171,0.000000,0.000000,27.326063,0.026395,0.083153,0.050287,0.024844,0.065421,0.045409,0.001551,0.017733,0.004878,0.035216,-0.217426,0.003718,0.220291,0.404984,-2.500376,0.042757,-2.500376,15.437341,-0.263980,0.042757,-0.263980,0.004514,-0.000000,0.000000,15.846839,0.035216,-0.217426,0.003718,0.220291,0.478727,-2.955662,0.050542,-2.955662,18.248281,-0.312047,0.050542,-0.312047,0.005336,0.000000,0.000000,18.732344
1.6031,baseline,0.010,20.0000,2.661457,-1.155088,-1.165825,-0.452524,-0.093573,1.337631,-2.141437,1.073787,-2.705942,1.566194,-2.434428,1.684311,-2.147573,0.023981,-0.329146,0.048977,0.023981,0.023981,0.023981,0.023981,0.023981,0.131085,0.129963,0.082670,0.105018,0.023981,0.988654,-0.654070,0.963492,0.392135,0.003119,0.000000,-0.003119,-0.004679,0.813280,0.982311,0.982311,0.652862,1.200507,1.200507,0.952246,1.116710,1.116710,1.024061,1.110431,1.110431,-0.051139,0.089887,-0.019002,0.003613,0.061050,-0.009209,-0.054752,0.028837,-0.009793,0.466475,-0.374178,0.576153,0.830398,13.050994,-10.468698,16.119549,-10.468698,8.397341,-12.930103,16.119549,-12.930103,19.909584,-0.000000,-0.000000,41.357918,0.466475,-0.374178,0.576153,0.830398,11.471208,-9.201492,14.168324,-9.201492,7.380867,-11.364951,14.168324,-11.364951,17.499586,-0.000000,0.000000,36.351661,-0.015748,0.111331,0.067056,-0.014889,0.076233,0.042659,-0.000860,0.035098,0.024397,-0.069548,-0.546182,-0.225741,0.595071,0.294614,2.313684,0.956262,2.313684,18.169976,7.509779,0.956262,7.509779,3.103844,-0.000000,0.000000,21.568435,-0.069548,-0.546182,-0.225741,0.595071,0.337311,2.648991,1.094847,2.648991,20.803234,8.598123,1.094847,8.598123,3.553665,0.000000,0.000000,24.694209,0.001497,0.106387,0.069628,-0.000778,0.079333,0.039848,0.002275,0.027054,0.029780,-0.059541,-0.574444,-0.048906,0.579589,0.204598,1.973938,0.168053,1.973938,19.044357,1.621356,0.168053,1.621356,0.138035,-0.000000,0.000000,19.386990,-0.059541,-0.574444,-0.048906,0.579589,0.348442,3.361737,0.286204,3.361737,32.433710,2.761269,0.286204,2.761269,0.235083,-0.000000,0.000000,33.017235,0.014487,0.100365,0.049588,0.010504,0.074815,0.038517,0.003983,0.025550,0.011071,-0.025216,-0.408862,0.025444,0.410429,0.080742,1.309183,-0.081473,1.309183,21.227580,-1.321041,-0.081473,-1.321041,0.082211,-0.000000,0.000000,21.390534,-0.025216,-0.408862,0.025444,0.410429,0.102655,1.664488,-0.103585,1.664488,26.988619,-1.679564,-0.103585,-1.679564,0.104523,-0.000000,0.000000,27.195797,0.026248,0.082982,0.050012,0.024844,0.065421,0.045409,0.001403,0.017562,0.004603,0.035438,-0.213689,0.005048,0.216666,0.423929,-2.556279,0.060388,-2.556279,15.414273,-0.364140,0.060388,-0.364140,0.008602,-0.000000,0.000000,15.846805,0.035438,-0.213689,0.005048,0.216666,0.498411,-3.005398,0.070998,-3.005398,18.122441,-0.428117,0.070998,-0.428117,0.010114,-0.000000,0.000000,18.630965
1.6454,baseline,0.010,20.0000,2.661457,-1.185767,-1.164291,-0.452524,-0.093573,1.337631,-2.141437,1.073787,-2.699806,1.572330,-2.431360,1.695049,-2.147573,0.023981,-0.662986,0.041695,0.023981,0.023981,0.023981,0.023981,0.023981,0.160267,0.250692,0.075391,0.319654,0.023981,0.988654,-0.671442,0.962224,0.392135,0.003119,0.000000,-0.003119,-0.004679,0.813280,0.982311,0.982311,0.652862,1.197784,1.197784,0.955977,1.115303,1.115303,1.030590,1.110431,1.110431,-0.050799,0.089453,-0.019986,0.003613,0.061050,-0.009209,-0.054412,0.028403,-0.010777,0.465249,-0.368827,0.591608,0.838147,12.722586,-10.085857,16.177955,-10.085857,7.995585,-12.825108,16.177955,-12.825108,20.571778,-0.000000,0.000000,41.289949,0.465249,-0.368827,0.591608,0.838147,11.231457,-8.903761,14.281844,-8.903761,7.058475,-11.321962,14.281844,-11.321962,18.160697,-0.000000,0.000000,36.450628,-0.015748,0.111331,0.067056,-0.014889,0.076233,0.042659,-0.000860,0.035098,0.024397,-0.069548,-0.546181,-0.225741,0.595071,0.294614,2.313684,0.956262,2.313684,18.169976,7.509779,0.956262,7.509779,3.103844,-0.000000,0.000000,21.568435,-0.069548,-0.546181,-0.225741,0.595071,0.337311,2.648991,1.094847,2.648991,20.803233,8.598123,1.094847,8.598123,3.553664,-0.000000,0.000000,24.694209,0.001506,0.106530,0.069702,-0.000778,0.079333,0.039848,0.002285,0.027197,0.029854,-0.060100,-0.578752,-0.052460,0.584224,0.206694,1.990430,0.180418,1.990430,19.167549,1.737399,0.180418,1.737399,0.157482,0.000000,0.000000,19.531726,-0.060100,-0.578752,-0.052460,0.584224,0.350569,3.375927,0.306003,3.375927,32.509676,2.946765,0.306003,2.946765,0.267103,-0.000000,0.000000,33.127348,0.014438,0.100336,0.049405,0.010504,0.074815,0.038517,0.003933,0.025521,0.010888,-0.025003,-0.406955,0.025688,0.408531,0.080200,1.305360,-0.082396,1.305360,21.246433,-1.341109,-0.082396,-1.341109,0.084653,0.000000,0.000000,21.411286,-0.025003,-0.406955,0.025688,0.408531,0.101587,1.653455,-0.104369,1.653455,26.912135,-1.698738,-0.104369,-1.698738,0.107227,-0.000000,0.000000,27.120949,0.026119,0.082831,0.049772,0.024844,0.065421,0.045409,0.001274,0.017410,0.004363,0.035609,-0.210413,0.006173,0.213494,0.440835,-2.604927,0.076424,-2.604927,15.392690,-0.451597,0.076424,-0.451597,0.013249,-0.000000,0.000000,15.846774,0.035609,-0.210413,0.006173,0.213494,0.515801,-3.047904,0.089421,-3.047904,18.010270,-0.528393,0.089421,-0.528393,0.015502,-0.000000,0.000000,18.541573
1.6879,baseline,0.010,20.0000,2.661457,-1.204175,-1.164291,-0.452524,-0.093573,1.337631,-2.141437,1.073787,-2.693670,1.569262,-2.426758,1.691981,-2.147573,0.023981,-0.555730,0.022371,0.023981,0.023981,0.023981,0.023981,0.023981,0.150508,0.052453,0.095782,0.087951,0.023981,0.988654,-0.681866,0.962224,0.392135,0.003119,0.000000,-0.003119,-0.004679,0.813280,0.982311,0.982311,0.652862,1.195062,1.195062,0.954112,1.113192,1.113192,1.028724,1.110431,1.110431,-0.050578,0.089185,-0.020555,0.003613,0.061050,-0.009209,-0.054192,0.028135,-0.011346,0.463789,-0.365757,0.600407,0.842239,12.507777,-9.863984,16.192167,-9.863984,7.779014,-12.769597,16.192167,-12.769597,20.961860,-0.000000,0.000000,41.248652,0.463789,-0.365757,0.600407,0.842239,11.074173,-8.733403,14.336269,-8.733403,6.887407,-11.305984,14.336269,-11.305984,18.559274,0.000000,0.000000,36.520854,-0.015748,0.111331,0.067056,-0.014889,0.076233,0.042659,-0.000860,0.035098,0.024397,-0.069548,-0.546182,-0.225741,0.595071,0.294614,2.313684,0.956262,2.313684,18.169976,7.509779,0.956262,7.509779,3.103844,-0.000000,0.000000,21.568435,-0.069548,-0.546182,-0.225741,0.595071,0.337311,2.648991,1.094847,2.648991,20.803234,8.598123,1.094847,8.598123,3.553665,-0.000000,0.000000,24.694209,0.001516,0.106673,0.069777,-0.000778,0.079333,0.039848,0.002294,0.027340,0.029929,-0.060653,-0.582978,-0.056056,0.588799,0.208769,2.006624,0.192947,2.006624,19.287100,1.854555,0.192947,1.854555,0.178325,-0.000000,-0.000000,19.674193,-0.060653,-0.582978,-0.056056,0.588799,0.352631,3.389391,0.325908,3.389391,32.577853,3.132530,0.325908,3.132530,0.301209,-0.000000,0.000000,33.231694,0.014482,0.100509,0.049546,0.010504,0.074815,0.038517,0.003977,0.025694,0.011029,-0.025849,-0.410305,0.023475,0.411789,0.084487,1.341080,-0.076727,1.341080,21.287352,-1.217914,-0.076727,-1.217914,0.069681,0.000000,0.000000,21.441520,-0.025849,-0.410305,0.023475,0.411789,0.106908,1.696987,-0.097090,1.696987,26.936762,-1.541134,-0.097090,-1.541134,0.088173,-0.000000,0.000000,27.131844,0.026156,0.082874,0.049841,0.024844,0.065421,0.045409,0.001311,0.017453,0.004432,0.035562,-0.211350,0.005855,0.214401,0.435974,-2.591054,0.071785,-2.591054,15.398989,-0.426628,0.071785,-0.426628,0.011820,-0.000000,0.000000,15.846783,0.035562,-0.211350,0.005855,0.214401,0.510817,-3.035856,0.084108,-3.035856,18.042514,-0.499867,0.084108,-0.499867,0.013849,-0.000000,-0.000000,18.567180
1.7303,baseline,0.010,20.0000,2.661457,-1.207243,-1.167359,-0.452524,-0.093573,1.337631,-2.141437,1.073787,-2.690602,1.564660,-2.422156,1.687379,-2.147573,0.023981,-0.271234,-0.006870,0.023981,0.023981,0.023981,0.023981,0.023981,0.120137,-0.071929,0.125548,-0.056172,0.023981,0.988654,-0.683603,0.964760,0.392135,0.003119,0.000000,-0.003119,-0.004679,0.813280,0.982311,0.982311,0.652862,1.193701,1.193701,0.951314,1.111081,1.111081,1.025926,1.110431,1.110431,-0.050502,0.089136,-0.020591,0.003613,0.061050,-0.009209,-0.054115,0.028086,-0.011382,0.461517,-0.366263,0.600398,0.841204,12.413657,-9.851560,16.149221,-9.851560,7.818264,-12.816129,16.149221,-12.816129,21.008906,-0.000000,0.000000,41.240826,0.461517,-0.366263,0.600398,0.841204,11.007200,-8.735387,14.319528,-8.735387,6.932461,-11.364072,14.319528,-11.364072,18.628614,-0.000000,-0.000000,36.568275,-0.015748,0.111331,0.067056,-0.014889,0.076233,0.042659,-0.000860,0.035098,0.024397,-0.069548,-0.546182,-0.225741,0.595071,0.294614,2.313684,0.956262,2.313684,18.169976,7.509779,0.956262,7.509779,3.103844,-0.000000,-0.000000,21.568435,-0.069548,-0.546182,-0.225741,0.595071,0.337311,2.648992,1.094847,2.648992,20.803234,8.598123,1.094847,8.598123,3.553665,0.000000,0.000000,24.694209,0.001521,0.106745,0.069815,-0.000778,0.079333,0.039848,0.002299,0.027411,0.029967,-0.060927,-0.585060,-0.057870,0.591063,0.209798,2.014607,0.199272,2.014607,19.345490,1.913533,0.199272,1.913533,0.189275,-0.000000,0.000000,19.744562,-0.060927,-0.585060,-0.057870,0.591063,0.353638,3.395850,0.335896,3.395850,32.609022,3.225478,0.335896,3.225478,0.319044,-0.000000,0.000000,33.281704,0.014541,0.100709,0.049740,0.010504,0.074815,0.038517,0.004037,0.025894,0.011222,-0.026853,-0.414407,0.020887,0.415801,0.089549,1.381957,-0.069655,1.381957,21.326953,-1.074945,-0.069655,-1.074945,0.054181,-0.000000,0.000000,21.470682,-0.026853,-0.414407,0.020887,0.415801,0.113260,1.747884,-0.088099,1.747884,26.974096,-1.359578,-0.088099,-1.359578,0.068527,0.000000,0.000000,27.155883,0.026211,0.082939,0.049944,0.024844,0.065421,0.045409,0.001366,0.017518,0.004534,0.035489,-0.212753,0.005373,0.215760,0.428728,-2.570204,0.064912,-2.570204,15.408239,-0.389146,0.064912,-0.389146,0.009828,-0.000000,0.000000,15.846796,0.035489,-0.212753,0.005373,0.215760,0.503364,-3.017640,0.076213,-3.017640,18.090589,-0.456891,0.076213,-0.456891,0.011539,-0.000000,0.000000,18.605492
1.7727,baseline,0.010,20.0000,2.661457,-1.207243,-1.181165,-0.452524,-0.093573,1.337631,-2.141437,1.073787,-2.689068,1.564660,-2.417554,1.687379,-2.147573,0.023981,-0.066964,-0.167678,0.023981,0.023981,0.023981,0.023981,0.023981,0.083577,-0.029215,0.129306,-0.031671,0.023981,0.988654,-0.683603,0.976170,0.392135,0.003119,0.000000,-0.003119,-0.004679,0.813280,0.982311,0.982311,0.652862,1.193021,1.193021,0.951314,1.108970,1.108970,1.025926,1.110431,1.110431,-0.050325,0.089120,-0.020327,0.003613,0.061050,-0.009209,-0.053938,0.028070,-0.011118,0.452386,-0.370723,0.593645,0.833369,12.149889,-9.956642,15.943740,-9.956642,8.159311,-13.065642,15.943740,-13.065642,20.922235,-0.000000,0.000000,41.231434,0.452386,-0.370723,0.593645,0.833369,10.821594,-8.868125,14.200680,-8.868125,7.267289,-11.637232,14.200680,-11.637232,18.634897,-0.000000,0.000000,36.723780,-0.015748,0.111331,0.067056,-0.014889,0.076233,0.042659,-0.000860,0.035098,0.024397,-0.069548,-0.546182,-0.225741,0.595071,0.294614,2.313684,0.956262,2.313684,18.169976,7.509779,0.956262,7.509779,3.103844,-0.000000,0.000000,21.568435,-0.069548,-0.546182,-0.225741,0.595071,0.337311,2.648992,1.094847,2.648992,20.803234,8.598123,1.094847,8.598123,3.553665,-0.000000,0.000000,24.694209,0.001523,0.106780,0.069834,-0.000778,0.079333,0.039848,0.002301,0.027447,0.029986,-0.061064,-0.586093,-0.058781,0.592190,0.210310,2.018570,0.202449,2.018570,19.374336,1.943119,0.202449,1.943119,0.194882,-0.000000,0.000000,19.779528,-0.061064,-0.586093,-0.058781,0.592190,0.354136,3.399011,0.340899,3.399011,32.623876,3.271961,0.340899,3.271961,0.328156,-0.000000,-0.000000,33.306168,0.014556,0.100828,0.049778,0.010504,0.074815,0.038517,0.004051,0.026013,0.011260,-0.027417,-0.416157,0.019272,0.417504,0.092711,1.407245,-0.065168,1.407245,21.360260,-0.989176,-0.065168,-0.989176,0.045808,-0.000000,-0.000000,21.498779,-0.027417,-0.416157,0.019272,0.417504,0.117005,1.775996,-0.082245,1.775996,26.957445,-1.248378,-0.082245,-1.248378,0.057811,-0.000000,-0.000000,27.132262,0.026211,0.082939,0.049944,0.024844,0.065421,0.045409,0.001366,0.017518,0.004534,0.035489,-0.212753,0.005373,0.215760,0.428728,-2.570204,0.064912,-2.570204,15.408239,-0.389146,0.064912,-0.389146,0.009828,0.000000,0.000000,15.846796,0.035489,-0.212753,0.005373,0.215760,0.503364,-3.017640,0.076213,-3.017640,18.090590,-0.456891,0.076213,-0.456891,0.011539,-0.000000,0.000000,18.605493
1.8152,baseline,0.010,20.0000,2.661457,-1.207243,-1.176563,-0.452524,-0.093573,1.337631,-2.141437,1.073787,-2.689068,1.566194,-2.411418,1.684311,-2.147573,0.023981,-0.015319,-0.099522,0.023981,0.023981,0.023981,0.023981,0.023981,0.042530,0.013378,0.127412,-0.024453,0.023981,0.988654,-0.683603,0.972366,0.392135,0.003119,0.000000,-0.003119,-0.004679,0.813280,0.982311,0.982311,0.652862,1.193021,1.193021,0.952246,1.106155,1.106155,1.024061,1.110431,1.110431,-0.050384,0.089126,-0.020415,0.003613,0.061050,-0.009209,-0.053997,0.028076,-0.011206,0.455437,-0.369267,0.595920,0.836004,12.238034,-9.922577,16.012961,-9.922577,8.045209,-12.983281,16.012961,-12.983281,20.952296,-0.000000,0.000000,41.235538,0.455437,-0.369267,0.595920,0.836004,10.883917,-8.824661,14.241154,-8.824661,7.155020,-11.546704,14.241154,-11.546704,18.633961,-0.000000,0.000000,36.672898,-0.015748,0.111331,0.067056,-0.014889,0.076233,0.042659,-0.000860,0.035098,0.024397,-0.069548,-0.546182,-0.225741,0.595071,0.294614,2.313684,0.956262,2.313684,18.169976,7.509779,0.956262,7.509779,3.103844,-0.000000,0.000000,21.568435,-0.069548,-0.546182,-0.225741,0.595071,0.337311,2.648992,1.094847,2.648992,20.803234,8.598123,1.094847,8.598123,3.553665,-0.000000,0.000000,24.694209,0.001523,0.106780,0.069834,-0.000778,0.079333,0.039848,0.002301,0.027447,0.029986,-0.061064,-0.586093,-0.058781,0.592190,0.210310,2.018570,0.202449,2.018570,19.374336,1.943119,0.202449,1.943119,0.194882,-0.000000,0.000000,19.779528,-0.061064,-0.586093,-0.058781,0.592190,0.354136,3.399011,0.340899,3.399011,32.623876,3.271961,0.340899,3.271961,0.328156,-0.000000,-0.000000,33.306168,0.014560,0.100959,0.049777,0.010504,0.074815,0.038517,0.004056,0.026144,0.011260,-0.028021,-0.417685,0.017441,0.418987,0.096317,1.435717,-0.059950,1.435717,21.400967,-0.893626,-0.059950,-0.893626,0.037315,-0.000000,0.000000,21.534599,-0.028021,-0.417685,0.017441,0.418987,0.121136,1.805661,-0.075398,1.805661,26.915397,-1.123889,-0.075398,-1.123889,0.046930,-0.000000,0.000000,27.083462,0.026248,0.082982,0.050012,0.024844,0.065421,0.045409,0.001403,0.017562,0.004603,0.035438,-0.213689,0.005048,0.216666,0.423929,-2.556279,0.060388,-2.556279,15.414273,-0.364140,0.060388,-0.364140,0.008602,-0.000000,0.000000,15.846805,0.035438,-0.213689,0.005048,0.216666,0.498411,-3.005398,0.070998,-3.005398,18.122444,-0.428117,0.070998,-0.428117,0.010114,0.000000,0.000000,18.630968
1.8583,baseline,0.010,20.0000,2.661457,-1.196505,-1.167359,-0.452524,-0.093573,1.337631,-2.141437,1.073787,-2.689068,1.583068,-2.408350,1.684311,-2.147573,0.023981,0.083851,0.145700,0.023981,0.023981,0.023981,0.023981,0.023981,0.028224,0.175795,0.122942,-0.011870,0.023981,0.988654,-0.677523,0.964760,0.392135,0.003119,0.000000,-0.003119,-0.004679,0.813280,0.982311,0.982311,0.652862,1.193021,1.193021,0.962505,1.104748,1.104748,1.024061,1.110431,1.110431,-0.050631,0.089294,-0.020260,0.003613,0.061050,-0.009209,-0.054244,0.028244,-0.011051,0.462387,-0.368068,0.595277,0.838827,12.538647,-9.980977,16.142233,-9.980977,7.945027,-12.849492,16.142233,-12.849492,20.781483,-0.000000,-0.000000,41.265157,0.462387,-0.368068,0.595277,0.838827,11.099029,-8.835016,14.288870,-8.835016,7.032823,-11.374184,14.288870,-11.374184,18.395467,-0.000000,0.000000,36.527319,-0.015748,0.111331,0.067056,-0.014889,0.076233,0.042659,-0.000860,0.035098,0.024397,-0.069548,-0.546182,-0.225741,0.595071,0.294614,2.313684,0.956262,2.313684,18.169976,7.509779,0.956262,7.509779,3.103844,-0.000000,0.000000,21.568435,-0.069548,-0.546182,-0.225741,0.595071,0.337311,2.648991,1.094847,2.648991,20.803234,8.598123,1.094847,8.598123,3.553665,-0.000000,0.000000,24.694209,0.001523,0.106780,0.069834,-0.000778,0.079333,0.039848,0.002301,0.027447,0.029986,-0.061064,-0.586093,-0.058781,0.592190,0.210310,2.018570,0.202449,2.018570,19.374336,1.943119,0.202449,1.943119,0.194882,-0.000000,0.000000,19.779528,-0.061064,-0.586093,-0.058781,0.592190,0.354136,3.399011,0.340899,3.399011,32.623876,3.271961,0.340899,3.271961,0.328156,-0.000000,-0.000000,33.306168,0.014406,0.100739,0.049227,0.010504,0.074815,0.038517,0.003902,0.025924,0.010710,-0.026741,-0.410291,0.020093,0.411652,0.090947,1.395399,-0.068338,1.395399,21.409509,-1.048503,-0.068338,-1.048503,0.051349,-0.000000,0.000000,21.551806,-0.026741,-0.410291,0.020093,0.411652,0.113519,1.741711,-0.085298,1.741711,26.722944,-1.308721,-0.085298,-1.308721,0.064093,0.000000,0.000000,26.900555,0.026248,0.082982,0.050012,0.024844,0.065421,0.045409,0.001403,0.017562,0.004603,0.035438,-0.213688,0.005048,0.216666,0.423929,-2.556279,0.060388,-2.556279,15.414273,-0.364140,0.060388,-0.364140,0.008602,-0.000000,0.000000,15.846805,0.035438,-0.213688,0.005048,0.216666,0.498410,-3.005398,0.070998,-3.005398,18.122440,-0.428117,0.070998,-0.428117,0.010114,-0.000000,0.000000,18.630964
1.9000,baseline,0.010,20.0000,2.661457,-1.161223,-1.164291,-0.452524,-0.093573,1.337631,-2.141437,1.073787,-2.690602,1.589204,-2.403748,1.688913,-2.147573,0.023981,0.586680,0.155603,0.023981,0.023981,0.023981,0.023981,0.023981,0.004194,0.303573,0.120599,0.043557,0.023981,0.988654,-0.657544,0.962224,0.392135,0.003119,0.000000,-0.003119,-0.004679,0.813280,0.982311,0.982311,0.652862,1.193701,1.193701,0.966236,1.102637,1.102637,1.026859,1.110431,1.110431,-0.051087,0.089803,-0.019222,0.003613,0.061050,-0.009209,-0.054701,0.028753,-0.010013,0.467059,-0.372742,0.579830,0.832636,13.009166,-10.382113,16.150226,-10.382113,8.285564,-12.888872,16.150226,-12.888872,20.049694,0.000000,0.000000,41.344425,0.467059,-0.372742,0.579830,0.832636,11.439881,-9.129727,14.202038,-9.129727,7.286083,-11.334098,14.202038,-11.334098,17.631116,-0.000000,-0.000000,36.357080,-0.015748,0.111331,0.067056,-0.014889,0.076233,0.042659,-0.000860,0.035098,0.024397,-0.069548,-0.546182,-0.225741,0.595071,0.294614,2.313684,0.956262,2.313684,18.169976,7.509779,0.956262,7.509779,3.103844,-0.000000,-0.000000,21.568435,-0.069548,-0.546182,-0.225741,0.595071,0.337311,2.648991,1.094847,2.648991,20.803234,8.598123,1.094847,8.598123,3.553665,-0.000000,0.000000,24.694209,0.001521,0.106745,0.069815,-0.000778,0.079333,0.039848,0.002299,0.027411,0.029967,-0.060927,-0.585060,-0.057870,0.591063,0.209798,2.014607,0.199272,2.014607,19.345490,1.913533,0.199272,1.913533,0.189275,-0.000000,0.000000,19.744562,-0.060927,-0.585060,-0.057870,0.591063,0.353638,3.395850,0.335896,3.395850,32.609022,3.225478,0.335896,3.225478,0.319044,-0.000000,0.000000,33.281704,0.014361,0.100748,0.049057,0.010504,0.074815,0.038517,0.003857,0.025933,0.010539,-0.026701,-0.408879,0.019830,0.410229,0.091408,1.399757,-0.067884,1.399757,21.434933,-1.039536,-0.067884,-1.039536,0.050415,-0.000000,0.000000,21.576756,-0.026701,-0.408879,0.019830,0.410229,0.113594,1.739499,-0.084361,1.739499,26.637500,-1.291846,-0.084361,-1.291846,0.062651,-0.000000,0.000000,26.813745,0.026192,0.082917,0.049909,0.024844,0.065421,0.045409,0.001348,0.017497,0.004500,0.035514,-0.212285,0.005535,0.215307,0.431137,-2.577159,0.067192,-2.577159,15.405183,-0.401644,0.067192,-0.401644,0.010472,-0.000000,0.000000,15.846792,0.035514,-0.212285,0.005535,0.215307,0.505845,-3.023731,0.078835,-3.023731,18.074600,-0.471241,0.078835,-0.471241,0.012286,-0.000000,0.000000,18.592731
1.9424,baseline,0.010,20.0000,2.661457,-1.139748,-1.161223,-0.452524,-0.093573,1.337631,-2.141437,1.073787,-2.707476,1.583068,-2.402214,1.691981,-2.147573,0.023981,0.599545,0.090597,0.023981,0.023981,0.023981,0.023981,0.023981,-0.152870,0.017151,0.088899,0.124576,0.023981,0.988654,-0.645384,0.959689,0.392135,0.003119,0.000000,-0.003119,-0.004679,0.813280,0.982311,0.982311,0.652862,1.201187,1.201187,0.962505,1.101933,1.101933,1.028724,1.110431,1.110431,-0.051376,0.090106,-0.018606,0.003613,0.061050,-0.009209,-0.054989,0.029056,-0.009397,0.470532,-0.375023,0.570919,0.829452,13.319908,-10.616220,16.161691,-10.616220,8.461328,-12.881174,16.161691,-12.881174,19.609764,0.000000,0.000000,41.391000,0.470532,-0.375023,0.570919,0.829452,11.661936,-9.294784,14.149993,-9.294784,7.408120,-11.277813,14.149993,-11.277813,17.168873,-0.000000,0.000000,36.238929,-0.015748,0.111331,0.067056,-0.014889,0.076233,0.042659,-0.000860,0.035098,0.024397,-0.069548,-0.546182,-0.225741,0.595071,0.294614,2.313684,0.956262,2.313684,18.169976,7.509779,0.956262,7.509779,3.103844,-0.000000,0.000000,21.568435,-0.069548,-0.546182,-0.225741,0.595071,0.337311,2.648991,1.094847,2.648991,20.803234,8.598123,1.094847,8.598123,3.553665,-0.000000,0.000000,24.694209,0.001495,0.106351,0.069610,-0.000778,0.079333,0.039848,0.002273,0.027018,0.029762,-0.059400,-0.573354,-0.048024,0.578420,0.204070,1.969769,0.164988,1.969769,19.012997,1.592526,0.164988,1.592526,0.133390,-0.000000,0.000000,19.350457,-0.059400,-0.573354,-0.048024,0.578420,0.347901,3.358077,0.281272,3.358077,32.413502,2.714951,0.281272,2.714951,0.227404,-0.000000,0.000000,32.988807,0.014426,0.100898,0.049278,0.010504,0.074815,0.038517,0.003921,0.026083,0.010761,-0.027485,-0.412554,0.017953,0.413858,0.095198,1.428950,-0.062182,1.428950,21.449031,-0.933375,-0.062182,-0.933375,0.040617,-0.000000,0.000000,21.584845,-0.027485,-0.412554,0.017953,0.413858,0.118484,1.778484,-0.077392,1.778484,26.695664,-1.161687,-0.077392,-1.161687,0.050552,-0.000000,-0.000000,26.864699,0.026156,0.082874,0.049841,0.024844,0.065421,0.045409,0.001311,0.017453,0.004432,0.035562,-0.211350,0.005855,0.214401,0.435974,-2.591054,0.071785,-2.591054,15.398989,-0.426628,0.071785,-0.426628,0.011820,-0.000000,0.000000,15.846783,0.035562,-0.211350,0.005855,0.214401,0.510817,-3.035856,0.084108,-3.035856,18.042513,-0.499867,0.084108,-0.499867,0.013849,-0.000000,-0.000000,18.567179
1.9848,baseline,0.010,20.0000,2.661457,-1.139748,-1.159689,-0.452524,-0.093573,1.337631,-2.141437,1.073787,-2.715146,1.583068,-2.400680,1.688913,-2.147573,0.023981,0.226773,0.076210,0.023981,0.023981,0.023981,0.023981,0.023981,-0.310141,-0.043252,0.057327,-0.006376,0.023981,0.988654,-0.645384,0.958421,0.392135,0.003119,0.000000,-0.003119,-0.004679,0.813280,0.982311,0.982311,0.652862,1.204590,1.204590,0.962505,1.101229,1.101229,1.026859,1.110431,1.110431,-0.051397,0.090109,-0.018635,0.003613,0.061050,-0.009209,-0.055010,0.029059,-0.009426,0.471541,-0.374531,0.571633,0.830294,13.349838,-10.603378,16.183566,-10.603378,8.421947,-12.854124,16.183566,-12.854124,19.618801,-0.000000,0.000000,41.390586,0.471541,-0.374531,0.571633,0.830294,11.682359,-9.278949,14.162136,-9.278949,7.369992,-11.248562,14.162136,-11.248562,17.168288,-0.000000,0.000000,36.220640,-0.015748,0.111331,0.067056,-0.014889,0.076233,0.042659,-0.000860,0.035098,0.024397,-0.069548,-0.546182,-0.225741,0.595071,0.294614,2.313684,0.956262,2.313684,18.169976,7.509779,0.956262,7.509779,3.103844,0.000000,0.000000,21.568435,-0.069548,-0.546182,-0.225741,0.595071,0.337311,2.648991,1.094847,2.648991,20.803234,8.598123,1.094847,8.598123,3.553665,-0.000000,0.000000,24.694209,0.001483,0.106172,0.069518,-0.000778,0.079333,0.039848,0.002261,0.026839,0.029670,-0.058692,-0.567829,-0.043658,0.572521,0.201416,1.948657,0.149823,1.948657,18.852881,1.449506,0.149823,1.449506,0.111445,-0.000000,0.000000,19.165742,-0.058692,-0.567829,-0.043658,0.572521,0.345134,3.339103,0.256727,3.339103,32.305169,2.483787,0.256727,2.483787,0.190966,-0.000000,0.000000,32.841270,0.014430,0.100937,0.049291,0.010504,0.074815,0.038517,0.003926,0.026122,0.010774,-0.027671,-0.413114,0.017414,0.414406,0.096275,1.437324,-0.060586,1.437324,21.458417,-0.904511,-0.060586,-0.904511,0.038127,-0.000000,-0.000000,21.592819,-0.027671,-0.413114,0.017414,0.414406,0.119738,1.787624,-0.075352,1.787624,26.688180,-1.124955,-0.075352,-1.124955,0.047419,-0.000000,0.000000,26.855337,0.026192,0.082917,0.049909,0.024844,0.065421,0.045409,0.001348,0.017497,0.004500,0.035514,-0.212285,0.005535,0.215307,0.431137,-2.577159,0.067192,-2.577159,15.405183,-0.401644,0.067192,-0.401644,0.010472,-0.000000,0.000000,15.846792,0.035514,-0.212285,0.005535,0.215307,0.505845,-3.023731,0.078835,-3.023731,18.074601,-0.471241,0.078835,-0.471241,0.012286,-0.000000,0.000000,18.592733
2.0091,ramp,0.010,89.0937,2.661457,-1.139748,-1.159689,-0.452524,-0.093573,1.337631,-2.141437,1.073787,-2.712078,1.583068,-2.400680,1.687379,-2.147573,0.023981,0.111276,0.054296,0.023981,0.023981,0.023981,0.023981,0.023981,-0.129015,0.002731,0.039610,-0.050422,0.023981,0.988654,-0.645384,0.958421,0.392135,0.003119,0.000000,-0.003119,-0.004679,0.813280,0.982311,0.982311,0.652862,1.203229,1.203229,0.962505,1.101229,1.101229,1.025926,1.110431,1.110431,-0.051397,0.090109,-0.018635,0.003613,0.061050,-0.009209,-0.055010,0.029059,-0.009426,1.912554,-1.519085,2.318526,3.367646,48.401350,-38.443748,58.675351,-38.443748,30.534722,-46.604081,58.675351,-46.604081,71.130182,-0.000000,0.000000,150.066254,1.912554,-1.519085,2.318526,3.367646,39.018292,-30.991065,47.300581,-30.991065,24.615278,-37.569440,47.300581,-37.569440,57.340926,-0.000000,0.000000,120.974496,-0.015748,0.111331,0.067056,-0.015748,0.111331,0.067056,0.000000,0.000000,0.000000,0.000000,0.000000,0.000000,0.000000,1.473071,11.568421,4.781310,11.568421,90.849882,37.548895,4.781310,37.548895,15.519222,-0.000000,0.000000,107.842176,0.000000,0.000000,0.000000,0.000000,1.473071,11.568420,4.781309,11.568420,90.849877,37.548893,4.781309,37.548893,15.519221,-0.000000,0.000000,107.842170,0.001488,0.106244,0.069555,0.001485,0.106208,0.069536,0.000002,0.000036,0.000018,-0.000257,-0.002485,-0.000198,0.002506,1.012406,9.785775,0.779281,9.785775,94.587932,7.532425,0.779281,7.532425,0.599838,-0.000000,0.000000,96.200176,-0.000257,-0.002485,-0.000198,0.002506,1.012749,9.789088,0.779545,9.789088,94.619950,7.534975,0.779545,7.534975,0.600041,-0.000000,0.000000,96.232740,0.014430,0.100937,0.049291,0.014430,0.100937,0.049291,0.000000,0.000000,0.000000,0.000000,0.000002,-0.000000,0.000002,0.481373,7.186622,-0.302929,7.186622,107.292080,-4.522557,-0.302929,-4.522557,0.190634,-0.000000,0.000000,107.964088,0.000000,0.000002,-0.000000,0.000002,0.481373,7.186619,-0.302929,7.186619,107.292042,-4.522555,-0.302929,-4.522555,0.190634,-0.000000,-0.000000,107.964049,0.026211,0.082939,0.049944,0.026211,0.082939,0.049944,0.000000,0.000000,0.000000,-0.000001,0.000006,-0.000000,0.000006,2.143641,-12.851016,0.324562,-12.851016,77.041158,-1.945730,0.324562,-1.945730,0.049141,-0.000000,0.000000,79.233940,-0.000001,0.000006,-0.000000,0.000006,2.143639,-12.851002,0.324561,-12.851002,77.041072,-1.945728,0.324561,-1.945728,0.049141,-0.000000,0.000000,79.233851
2.0305,post_ramp,0.010,100.0000,2.662991,-1.139748,-1.159689,-0.452524,-0.093573,1.337631,-2.141437,1.073787,-2.707476,1.583068,-2.400680,1.690447,-2.147573,0.023981,0.065734,0.038481,0.023981,0.023981,0.023981,0.023981,0.023981,0.017640,0.013817,0.031456,-0.017618,0.023981,0.989224,-0.645384,0.958421,0.392135,0.003119,0.000000,-0.003119,-0.004679,0.813280,0.982311,0.982311,0.652862,1.201187,1.201187,0.962505,1.101229,1.101229,1.027792,1.110431,1.110431,-0.051357,0.090123,-0.018630,0.003613,0.061050,-0.009209,-0.054970,0.029073,-0.009421,2.137632,-1.700257,2.592874,3.766077,53.873696,-42.850752,65.346945,-42.850752,34.083181,-51.976492,65.346945,-51.976492,79.263602,-0.000000,0.000000,167.220480,2.137632,-1.700257,2.592874,3.766077,43.291345,-34.433626,52.510917,-34.433626,27.388259,-41.766807,52.510917,-41.766807,63.693940,-0.000000,0.000000,134.373545,-0.015748,0.111331,0.067056,-0.015748,0.111331,0.067056,0.000000,0.000000,0.000000,0.000000,0.000000,0.000000,0.000000,1.473071,11.568421,4.781310,11.568421,90.849882,37.548895,4.781310,37.548895,15.519222,-0.000000,0.000000,107.842176,0.000000,0.000000,0.000000,0.000000,1.473071,11.568420,4.781309,11.568420,90.849877,37.548893,4.781309,37.548893,15.519221,-0.000000,0.000000,107.842170,0.001495,0.106351,0.069610,0.001485,0.106208,0.069536,0.000009,0.000143,0.000073,-0.001032,-0.009962,-0.000834,0.010050,1.020352,9.848845,0.824938,9.848845,95.064985,7.962632,0.824938,7.962632,0.666949,-0.000000,0.000000,96.752287,-0.001032,-0.009962,-0.000834,0.010050,1.021717,9.862020,0.826042,9.862020,95.192159,7.973284,0.826042,7.973284,0.667841,-0.000000,0.000000,96.881717,0.014430,0.100937,0.049291,0.014430,0.100937,0.049291,0.000000,0.000000,0.000000,0.000000,0.000003,-0.000000,0.000003,0.481373,7.186622,-0.302929,7.186622,107.292080,-4.522557,-0.302929,-4.522557,0.190634,-0.000000,0.000000,107.964088,0.000000,0.000003,-0.000000,0.000003,0.481373,7.186619,-0.302929,7.186619,107.292039,-4.522555,-0.302929,-4.522555,0.190634,-0.000000,0.000000,107.964046,0.026174,0.082896,0.049875,0.026211,0.082939,0.049944,-0.000037,-0.000043,-0.000069,-0.000910,0.005421,-0.000146,0.005499,2.167762,-12.920539,0.347413,-12.920539,77.010458,-2.070688,0.347413,-2.070688,0.055677,-0.000000,0.000000,79.233898,-0.000910,0.005421,-0.000146,0.005499,2.161816,-12.885103,0.346460,-12.885103,76.799248,-2.065009,0.346460,-2.065009,0.055525,-0.000000,0.000000,79.016589
2.0485,post_ramp,0.010,100.0000,2.676796,-1.144350,-1.167359,-0.452524,-0.093573,1.337631,-2.139903,1.073787,-2.704408,1.584602,-2.400680,1.688913,-2.147573,0.089544,0.037273,0.001458,0.023981,0.023981,0.023981,0.023981,0.019424,0.105765,0.026826,0.027953,0.031027,0.023981,0.994352,-0.647990,0.964760,0.392135,0.003119,0.000000,-0.003119,-0.004679,0.813280,0.981607,0.981607,0.652862,1.199826,1.199826,0.963438,1.101229,1.101229,1.026859,1.110431,1.110431,-0.050844,0.090173,-0.018587,0.003613,0.061050,-0.009209,-0.054458,0.029123,-0.009378,2.094027,-1.714116,2.576542,3.736538,52.532332,-43.001602,64.637060,-43.001602,35.199993,-52.910217,64.637060,-52.910217,79.531011,-0.000000,0.000000,167.263336,2.094027,-1.714116,2.576542,3.736538,42.478262,-34.771601,52.266287,-34.771601,28.463129,-42.783824,52.266287,-42.783824,64.309712,0.000000,0.000000,135.251103,-0.015750,0.111365,0.067082,-0.015748,0.111331,0.067056,-0.000001,0.000034,0.000026,-0.000361,-0.002836,-0.001177,0.003092,1.466101,11.533581,4.785626,11.533581,90.732806,37.647741,4.785626,37.647741,15.621168,0.000000,0.000000,107.820076,-0.000361,-0.002836,-0.001177,0.003092,1.466390,11.535854,4.786569,11.535854,90.750685,37.655159,4.786569,37.655159,15.624246,-0.000000,0.000000,107.841321,0.001499,0.106423,0.069647,0.001485,0.106208,0.069536,0.000014,0.000215,0.000110,-0.001552,-0.014965,-0.001295,0.015101,1.025618,9.890442,0.855642,9.890442,95.377465,8.251296,0.855642,8.251296,0.713836,-0.000000,0.000000,97.116919,-0.001552,-0.014965,-0.001295,0.015101,1.027659,9.910129,0.857345,9.910129,95.567312,8.267720,0.857345,8.267720,0.715257,-0.000000,0.000000,97.310229,0.014415,0.100910,0.049239,0.014430,0.100937,0.049291,-0.000015,-0.000027,-0.000052,0.000320,0.004798,-0.000207,0.004813,0.477918,7.160622,-0.308307,7.160622,107.287278,-4.619345,-0.308307,-4.619345,0.198890,-0.000000,0.000000,107.964085,0.000320,0.004798,-0.000207,0.004813,0.477287,7.151168,-0.307900,7.151168,107.145640,-4.613247,-0.307900,-4.613247,0.198627,-0.000000,0.000000,107.821554,0.026192,0.082917,0.049909,0.026211,0.082939,0.049944,-0.000018,-0.000022,-0.000034,-0.000454,0.002714,-0.000071,0.002753,2.155686,-12.885790,0.335958,-12.885790,77.025875,-2.008218,0.335958,-2.008218,0.052358,-0.000000,0.000000,79.233919,-0.000454,0.002714,-0.000071,0.002753,2.152729,-12.868117,0.335497,-12.868117,76.920230,-2.005464,0.335497,-2.005464,0.052286,-0.000000,0.000000,79.125246
2.0667,post_ramp,0.010,100.0000,2.716680,-1.156622,-1.188835,-0.447922,-0.093573,1.337631,-2.138369,1.072253,-2.699806,1.584602,-2.400680,1.688913,-2.147573,0.454637,-0.073860,-0.202670,0.047254,0.023981,0.017482,0.037615,0.010323,0.165583,0.041286,0.026092,0.018086,0.023981,1.009168,-0.654939,0.982508,0.388148,0.003119,0.000000,-0.003119,-0.004679,0.813280,0.980903,0.980903,0.651930,1.197784,1.197784,0.963438,1.101229,1.101229,1.026859,1.110431,1.110431,-0.049377,0.090315,-0.018423,0.003613,0.061050,-0.009209,-0.052990,0.029265,-0.009214,1.973302,-1.733299,2.522302,3.641463,48.874719,-42.930327,62.472339,-42.930327,37.708923,-54.874136,62.472339,-54.874136,79.853005,-0.000000,0.000000,166.436647,1.973302,-1.733299,2.522302,3.641463,40.012910,-35.146337,51.145054,-35.146337,30.871661,-44.924532,51.145054,-44.924532,65.374312,-0.000000,0.000000,136.258884,-0.015751,0.111398,0.067109,-0.015748,0.111331,0.067056,-0.000003,0.000067,0.000053,-0.000719,-0.005670,-0.002362,0.006184,1.459144,11.498724,4.789843,11.498724,90.615215,37.746156,4.789843,37.746156,15.723323,-0.000000,0.000000,107.797682,-0.000719,-0.005670,-0.002362,0.006184,1.459717,11.503236,4.791722,11.503236,90.650771,37.760967,4.791722,37.760967,15.729492,-0.000000,0.000000,107.839980,0.001509,0.106541,0.069762,0.001485,0.106208,0.069536,0.000024,0.000333,0.000225,-0.002764,-0.026612,-0.002437,0.026866,1.033953,9.953608,0.911617,9.953608,95.820919,8.775913,0.911617,8.775913,0.803756,0.000000,0.000000,97.658628,-0.002764,-0.026612,-0.002437,0.026866,1.038671,9.999024,0.915777,9.999024,96.258124,8.815955,0.915777,8.815955,0.807423,-0.000000,0.000000,98.104218,0.014415,0.100910,0.049239,0.014430,0.100937,0.049291,-0.000015,-0.000027,-0.000052,0.000320,0.004798,-0.000207,0.004813,0.477918,7.160622,-0.308307,7.160622,107.287278,-4.619345,-0.308307,-4.619345,0.198890,-0.000000,0.000000,107.964085,0.000320,0.004798,-0.000207,0.004813,0.477287,7.151168,-0.307900,7.151168,107.145640,-4.613247,-0.307900,-4.613247,0.198627,-0.000000,0.000000,107.821555,0.026192,0.082917,0.049909,0.026211,0.082939,0.049944,-0.000018,-0.000022,-0.000034,-0.000454,0.002714,-0.000071,0.002753,2.155686,-12.885790,0.335958,-12.885790,77.025875,-2.008218,0.335958,-2.008218,0.052358,-0.000000,0.000000,79.233919,-0.000454,0.002714,-0.000071,0.002753,2.152729,-12.868117,0.335497,-12.868117,76.920231,-2.005464,0.335497,-2.005464,0.052286,-0.000000,0.000000,79.125246
2.0849,post_ramp,0.010,100.0000,2.774971,-1.181165,-1.227185,-0.441786,-0.093573,1.336097,-2.136835,1.072253,-2.696738,1.584602,-2.400680,1.688913,-2.147573,1.209739,-0.345358,-0.657813,0.119315,0.023981,-0.001946,0.061362,0.001515,0.192115,0.034593,0.025103,0.004874,0.023981,1.030821,-0.668836,1.014202,0.382831,0.003119,0.000000,-0.003119,-0.004679,0.812347,0.980200,0.980200,0.651930,1.196423,1.196423,0.963438,1.101229,1.101229,1.026859,1.110431,1.110431,-0.047086,0.090349,-0.018236,0.003613,0.061050,-0.009209,-0.050700,0.029299,-0.009027,1.775625,-1.755170,2.435807,3.488068,42.808319,-42.315160,58.724546,-42.315160,41.827682,-58.048029,58.724546,-58.048029,80.558460,0.000000,0.000000,165.194461,1.775625,-1.755170,2.435807,3.488068,35.827312,-35.414576,49.147985,-35.414576,35.006594,-48.581792,49.147985,-48.581792,67.421313,-0.000000,0.000000,138.255219,-0.015762,0.111446,0.067198,-0.015748,0.111331,0.067056,-0.000013,0.000115,0.000142,-0.001694,-0.013385,-0.005612,0.014613,1.447808,11.442342,4.797310,11.442342,90.431308,37.914180,4.797310,37.914180,15.895878,-0.000000,0.000000,107.774995,-0.001694,-0.013385,-0.005612,0.014613,1.450228,11.461467,4.805328,11.461467,90.582454,37.977549,4.805328,37.977549,15.922446,-0.000000,-0.000000,107.955128,0.001514,0.106612,0.069799,0.001485,0.106208,0.069536,0.000028,0.000404,0.000263,-0.003292,-0.031665,-0.002987,0.031975,1.039153,9.994249,0.942884,9.994249,96.121544,9.068360,0.942884,9.068360,0.855533,-0.000000,0.000000,98.016230,-0.003292,-0.031665,-0.002987,0.031975,1.044540,10.046056,0.947771,10.046056,96.619811,9.115367,0.947771,9.115367,0.859968,-0.000000,0.000000,98.524318,0.014415,0.100910,0.049239,0.014430,0.100937,0.049291,-0.000015,-0.000027,-0.000052,0.000320,0.004797,-0.000207,0.004813,0.477918,7.160622,-0.308307,7.160622,107.287278,-4.619345,-0.308307,-4.619345,0.198890,-0.000000,0.000000,107.964085,0.000320,0.004797,-0.000207,0.004813,0.477287,7.151169,-0.307900,7.151169,107.145641,-4.613247,-0.307900,-4.613247,0.198627,-0.000000,0.000000,107.821555,0.026192,0.082917,0.049909,0.026211,0.082939,0.049944,-0.000018,-0.000022,-0.000034,-0.000454,0.002714,-0.000071,0.002753,2.155686,-12.885790,0.335958,-12.885790,77.025875,-2.008218,0.335958,-2.008218,0.052358,-0.000000,0.000000,79.233919,-0.000454,0.002714,-0.000071,0.002753,2.152729,-12.868117,0.335497,-12.868117,76.920232,-2.005464,0.335497,-2.005464,0.052286,-0.000000,0.000000,79.125248
2.1030,post_ramp,0.010,100.0000,2.851670,-1.216447,-1.273204,-0.435651,-0.093573,1.336097,-2.135301,1.073787,-2.692136,1.584602,-2.400680,1.688913,-2.147573,2.140928,-0.781701,-1.272562,0.221519,0.023981,-0.004023,0.077556,0.009052,0.197377,0.021374,0.024577,0.002590,0.023981,1.059313,-0.688815,1.052235,0.377513,0.003119,0.000000,-0.003119,-0.004679,0.812347,0.979496,0.979496,0.652862,1.194382,1.194382,0.963438,1.101229,1.101229,1.026859,1.110431,1.110431,-0.044140,0.090239,-0.018126,0.003613,0.061050,-0.009209,-0.047753,0.029189,-0.008917,1.527765,-1.757117,2.322076,3.288398,35.312290,-40.613471,53.671751,-40.613471,46.710481,-61.729107,53.671751,-61.729107,81.576609,-0.000000,0.000000,163.599380,1.527765,-1.757117,2.322076,3.288398,30.352339,-34.908919,46.133038,-34.908919,40.149545,-53.058660,46.133038,-53.058660,70.118390,-0.000000,0.000000,140.620274,-0.015763,0.111480,0.067224,-0.015748,0.111331,0.067056,-0.000015,0.000148,0.000169,-0.002047,-0.016209,-0.006822,0.017705,1.440886,11.407457,4.801271,11.407457,90.312507,38.011525,4.801271,38.011525,15.998626,-0.000000,0.000000,107.752019,-0.002047,-0.016209,-0.006822,0.017705,1.443568,11.428686,4.810206,11.428686,90.480575,38.082263,4.810206,38.082263,16.028399,-0.000000,0.000000,107.952543,0.001518,0.106709,0.069796,0.001485,0.106208,0.069536,0.000033,0.000501,0.000260,-0.003655,-0.035113,-0.003425,0.035468,1.046420,10.053128,0.980524,10.053128,96.582055,9.420058,0.980524,9.420058,0.918778,-0.000000,0.000000,98.547253,-0.003655,-0.035113,-0.003425,0.035468,1.051124,10.098323,0.984932,10.098323,97.016255,9.462407,0.984932,9.462407,0.922909,-0.000000,0.000000,98.990287,0.014415,0.100910,0.049239,0.014430,0.100937,0.049291,-0.000015,-0.000027,-0.000052,0.000320,0.004797,-0.000207,0.004813,0.477918,7.160622,-0.308307,7.160622,107.287278,-4.619345,-0.308307,-4.619345,0.198890,-0.000000,0.000000,107.964085,0.000320,0.004797,-0.000207,0.004813,0.477287,7.151169,-0.307900,7.151169,107.145642,-4.613247,-0.307900,-4.613247,0.198627,-0.000000,-0.000000,107.821556,0.026192,0.082917,0.049909,0.026211,0.082939,0.049944,-0.000018,-0.000022,-0.000034,-0.000454,0.002714,-0.000071,0.002753,2.155686,-12.885790,0.335958,-12.885790,77.025875,-2.008218,0.335958,-2.008218,0.052358,-0.000000,0.000000,79.233919,-0.000454,0.002714,-0.000071,0.002753,2.152729,-12.868117,0.335497,-12.868117,76.920233,-2.005464,0.335497,-2.005464,0.052286,0.000000,0.000000,79.125249
2.1212,post_ramp,0.010,100.0000,2.940641,-1.254796,-1.314622,-0.429515,-0.093573,1.337631,-2.133767,1.073787,-2.689068,1.583068,-2.400680,1.690447,-2.147573,3.088031,-1.260022,-1.794458,0.307328,0.023981,0.006759,0.096352,0.022546,0.206022,0.006803,0.024298,0.003775,0.017482,1.092363,-0.710530,1.086464,0.372196,0.003119,0.000000,-0.003119,-0.004679,0.813280,0.978792,0.978792,0.652862,1.193021,1.193021,0.962505,1.101229,1.101229,1.027792,1.110431,1.110431,-0.040944,0.090042,-0.018103,0.003613,0.061050,-0.009209,-0.044558,0.028992,-0.008894,1.281806,-1.726145,2.196245,3.073450,28.129746,-37.880951,48.197491,-37.880951,51.012421,-64.905199,48.197491,-64.905199,82.581552,-0.000000,0.000000,161.723719,1.281806,-1.726145,2.196245,3.073450,24.743706,-33.321136,42.395850,-33.321136,44.871941,-57.092414,42.395850,-57.092414,72.641025,-0.000000,0.000000,142.256671,-0.015755,0.111499,0.067188,-0.015748,0.111331,0.067056,-0.000007,0.000168,0.000133,-0.001786,-0.014149,-0.005963,0.015457,1.438349,11.394053,4.801896,11.394053,90.259381,38.038805,4.801896,38.038805,16.031028,-0.000000,-0.000000,107.728758,-0.001786,-0.014149,-0.005963,0.015457,1.439741,11.405081,4.806544,11.405081,90.346737,38.075620,4.806544,38.075620,16.046544,-0.000000,0.000000,107.833021,0.001523,0.106780,0.069834,0.001485,0.106208,0.069536,0.000038,0.000573,0.000297,-0.004186,-0.040182,-0.004030,0.040600,1.051552,10.092849,1.012247,10.092849,96.871679,9.715595,1.012247,9.715595,0.974411,0.000000,0.000000,98.897641,-0.004186,-0.040182,-0.004030,0.040600,1.056911,10.144282,1.017405,10.144282,97.365328,9.765105,1.017405,9.765105,0.979376,-0.000000,0.000000,99.401615,0.014430,0.100937,0.049291,0.014430,0.100937,0.049291,0.000000,0.000000,0.000000,0.000000,0.000003,-0.000000,0.000003,0.481373,7.186622,-0.302929,7.186622,107.292080,-4.522557,-0.302929,-4.522557,0.190634,-0.000000,-0.000000,107.964088,0.000000,0.000003,-0.000000,0.000003,0.481373,7.186619,-0.302929,7.186619,107.292040,-4.522555,-0.302929,-4.522555,0.190634,-0.000000,0.000000,107.964047,0.026174,0.082896,0.049875,0.026211,0.082939,0.049944,-0.000037,-0.000043,-0.000069,-0.000909,0.005421,-0.000146,0.005498,2.167762,-12.920539,0.347413,-12.920539,77.010458,-2.070688,0.347413,-2.070688,0.055677,-0.000000,-0.000000,79.233898,-0.000909,0.005421,-0.000146,0.005498,2.161817,-12.885103,0.346460,-12.885103,76.799251,-2.065009,0.346460,-2.065009,0.055525,-0.000000,-0.000000,79.016592
2.1395,post_ramp,0.010,100.0000,3.040350,-1.296214,-1.348369,-0.423379,-0.093573,1.337631,-2.130699,1.073787,-2.686000,1.583068,-2.400680,1.691981,-2.147573,3.949150,-1.662310,-2.034476,0.344526,0.023981,0.026065,0.117208,0.024634,0.200796,-0.007621,0.024149,0.034118,0.009291,1.129402,-0.733983,1.114355,0.366879,0.003119,0.000000,-0.003119,-0.004679,0.813280,0.977385,0.977385,0.652862,1.191659,1.191659,0.962505,1.101229,1.101229,1.028724,1.110431,1.110431,-0.037571,0.089737,-0.018227,0.003613,0.061050,-0.009209,-0.041184,0.028687,-0.009018,1.053430,-1.664595,2.069625,2.857260,21.710386,-34.306035,42.653393,-34.306035,54.209265,-67.399484,42.653393,-67.399484,83.799152,-0.000000,0.000000,159.718802,1.053430,-1.664595,2.069625,2.857260,19.447620,-30.730488,38.207842,-30.730488,48.559303,-60.374771,38.207842,-60.374771,75.065184,-0.000000,-0.000000,143.072107,-0.015758,0.111566,0.067242,-0.015748,0.111331,0.067056,-0.000009,0.000235,0.000186,-0.002489,-0.019784,-0.008402,0.021638,1.424550,11.324197,4.809436,11.324197,90.019641,38.231733,4.809436,38.231733,16.237183,-0.000000,0.000000,107.681373,-0.002489,-0.019784,-0.008402,0.021638,1.426462,11.339402,4.815893,11.339402,90.140511,38.283067,4.815893,38.283067,16.258985,-0.000000,0.000000,107.825959,0.001528,0.106852,0.069872,0.001485,0.106208,0.069536,0.000043,0.000644,0.000335,-0.004720,-0.045263,-0.004665,0.045747,1.056656,10.132182,1.044164,10.132182,97.156620,10.012397,1.044164,10.012397,1.031820,-0.000000,0.000000,99.245095,-0.004720,-0.045263,-0.004665,0.045747,1.062664,10.189793,1.050101,10.189793,97.709044,10.069327,1.050101,10.069327,1.037686,-0.000000,-0.000000,99.809394,0.014430,0.100937,0.049291,0.014430,0.100937,0.049291,0.000000,0.000000,0.000000,0.000000,0.000003,-0.000000,0.000003,0.481373,7.186622,-0.302929,7.186622,107.292080,-4.522557,-0.302929,-4.522557,0.190634,-0.000000,0.000000,107.964088,0.000000,0.000003,-0.000000,0.000003,0.481373,7.186619,-0.302929,7.186619,107.292039,-4.522555,-0.302929,-4.522555,0.190634,-0.000000,-0.000000,107.964046,0.026156,0.082874,0.049841,0.026211,0.082939,0.049944,-0.000055,-0.000065,-0.000103,-0.001367,0.008126,-0.000225,0.008243,2.179869,-12.955262,0.358925,-12.955262,76.994909,-2.133139,0.358925,-2.133139,0.059098,-0.000000,0.000000,79.233876,-0.001367,0.008126,-0.000225,0.008243,2.170900,-12.901959,0.357448,-12.901959,76.678127,-2.124363,0.357448,-2.124363,0.058855,-0.000000,0.000000,78.907883
2.1582,post_ramp,0.010,100.0000,3.146195,-1.336097,-1.372913,-0.417243,-0.093573,1.337631,-2.127631,1.073787,-2.682932,1.583068,-2.400680,1.695049,-2.147573,4.678647,-1.944727,-1.987451,0.350659,0.023981,0.029826,0.134264,0.024328,0.196603,-0.008788,0.024070,0.095189,0.004937,1.168720,-0.756567,1.134639,0.361562,0.003119,0.000000,-0.003119,-0.004679,0.813280,0.975978,0.975978,0.652862,1.190298,1.190298,0.962505,1.101229,1.101229,1.030590,1.110431,1.110431,-0.034193,0.089369,-0.018416,0.003613,0.061050,-0.009209,-0.037806,0.028319,-0.009207,0.857562,-1.585305,1.949299,2.654877,16.464849,-30.437247,37.425786,-30.437247,56.266897,-69.186050,37.425786,-69.186050,85.071502,-0.000000,0.000000,157.803249,0.857562,-1.585305,1.949299,2.654877,14.933327,-27.606045,33.944527,-27.606045,51.033081,-62.750524,33.944527,-62.750524,77.158349,-0.000000,-0.000000,143.124758,-0.015760,0.111633,0.067295,-0.015748,0.111331,0.067056,-0.000012,0.000302,0.000240,-0.003185,-0.025404,-0.010872,0.027816,1.410803,11.254286,4.816579,11.254286,89.777917,38.422915,4.816579,38.422915,16.444137,0.000000,0.000000,107.632858,-0.003185,-0.025404,-0.010872,0.027816,1.413216,11.273538,4.824819,11.273538,89.931495,38.488643,4.824819,38.488643,16.472267,-0.000000,0.000000,107.816979,0.001533,0.106923,0.069910,0.001485,0.106208,0.069536,0.000047,0.000715,0.000373,-0.005256,-0.050356,-0.005328,0.050909,1.061731,10.171122,1.076273,10.171122,97.436844,10.310429,1.076273,10.310429,1.091014,-0.000000,0.000000,99.589589,-0.005256,-0.050356,-0.005328,0.050909,1.068384,10.234852,1.083016,10.234852,98.047358,10.375031,1.083016,10.375031,1.097850,-0.000000,0.000000,100.213592,0.014430,0.100937,0.049291,0.014430,0.100937,0.049291,0.000000,0.000000,0.000000,0.000000,0.000003,-0.000000,0.000003,0.481373,7.186622,-0.302929,7.186622,107.292080,-4.522557,-0.302929,-4.522557,0.190634,-0.000000,0.000000,107.964088,0.000000,0.000003,-0.000000,0.000003,0.481373,7.186619,-0.302929,7.186619,107.292037,-4.522555,-0.302929,-4.522555,0.190634,-0.000000,0.000000,107.964043,0.026119,0.082831,0.049772,0.026211,0.082939,0.049944,-0.000092,-0.000108,-0.000171,-0.002290,0.013531,-0.000397,0.013729,2.204176,-13.024628,0.382122,-13.024628,76.963411,-2.257985,0.382122,-2.257985,0.066246,-0.000000,0.000000,79.233833,-0.002290,0.013531,-0.000397,0.013729,2.189056,-12.935281,0.379501,-12.935281,76.435456,-2.242496,0.379501,-2.242496,0.065791,-0.000000,0.000000,78.690303
2.1758,post_ramp,0.010,100.0000,3.259709,-1.372913,-1.380583,-0.412641,-0.093573,1.337631,-2.124563,1.072253,-2.679864,1.584602,-2.400680,1.696583,-2.147573,5.280069,-2.075297,-1.675672,0.337166,0.023981,0.027087,0.150008,0.010531,0.192216,0.002284,0.024028,0.147159,0.002624,1.210888,-0.777414,1.140977,0.357574,0.003119,0.000000,-0.003119,-0.004679,0.813280,0.974570,0.974570,0.651930,1.188937,1.188937,0.963438,1.101229,1.101229,1.031522,1.110431,1.110431,-0.030841,0.089010,-0.018790,0.003613,0.061050,-0.009209,-0.034454,0.027960,-0.009582,0.706568,-1.500731,1.853865,2.487619,12.624588,-26.814261,33.123865,-26.814261,56.952714,-70.354132,33.123865,-70.354132,86.909009,-0.000000,0.000000,156.486311,0.706568,-1.500731,1.853865,2.487619,11.507811,-24.442257,30.193711,-24.442257,51.914647,-64.130568,30.193711,-64.130568,79.220991,-0.000000,0.000000,142.643449,-0.015763,0.111700,0.067349,-0.015748,0.111331,0.067056,-0.000015,0.000369,0.000293,-0.003874,-0.031010,-0.013373,0.033992,1.397110,11.184326,4.823329,11.184326,89.534237,38.612345,4.823329,38.612345,16.651878,-0.000000,0.000000,107.583225,-0.003874,-0.031010,-0.013373,0.033992,1.400004,11.207496,4.833321,11.207496,89.719720,38.692336,4.833321,38.692336,16.686375,-0.000000,-0.000000,107.806099,0.001540,0.107004,0.070008,0.001485,0.106208,0.069536,0.000055,0.000797,0.000471,-0.006237,-0.059671,-0.006536,0.060351,1.067256,10.210892,1.118377,10.210892,97.691896,10.699981,1.118377,10.699981,1.171946,-0.000000,0.000000,99.931098,-0.006237,-0.059671,-0.006536,0.060351,1.076237,10.296811,1.127787,10.296811,98.513918,10.790016,1.127787,10.790016,1.181807,-0.000000,-0.000000,100.771962,0.014415,0.100910,0.049239,0.014430,0.100937,0.049291,-0.000015,-0.000027,-0.000052,0.000320,0.004798,-0.000207,0.004813,0.477918,7.160622,-0.308307,7.160622,107.287278,-4.619345,-0.308307,-4.619345,0.198890,0.000000,0.000000,107.964085,0.000320,0.004798,-0.000207,0.004813,0.477287,7.151168,-0.307900,7.151168,107.145635,-4.613247,-0.307900,-4.613247,0.198627,-0.000000,0.000000,107.821549,0.026101,0.082809,0.049738,0.026211,0.082939,0.049944,-0.000110,-0.000130,-0.000206,-0.002755,0.016232,-0.000489,0.016471,2.216377,-13.059272,0.393807,-13.059272,76.947463,-2.320380,0.393807,-2.320380,0.069972,-0.000000,0.000000,79.233812,-0.002755,0.016232,-0.000489,0.016471,2.198128,-12.951747,0.390565,-12.951747,76.313909,-2.301275,0.390565,-2.301275,0.069396,-0.000000,0.000000,78.581433
2.1940,post_ramp,0.010,100.0000,3.376292,-1.406660,-1.382117,-0.408039,-0.093573,1.336097,-2.121495,1.072253,-2.678330,1.586136,-2.400680,1.696583,-2.147573,5.736910,-2.054645,-1.167050,0.320701,0.023981,0.006148,0.158376,0.004180,0.180806,0.036490,0.024006,0.131470,0.001394,1.254195,-0.796523,1.142245,0.353587,0.003119,0.000000,-0.003119,-0.004679,0.812347,0.973163,0.973163,0.651930,1.188257,1.188257,0.964371,1.101229,1.101229,1.031522,1.110431,1.110431,-0.027519,0.088585,-0.019156,0.003613,0.061050,-0.009209,-0.031132,0.027535,-0.009947,0.580315,-1.415125,1.765140,2.335608,9.590507,-23.386889,29.171375,-23.386889,57.029995,-71.135727,29.171375,-71.135727,88.730355,-0.000000,0.000000,155.350857,0.580315,-1.415125,1.765140,2.335608,8.754421,-21.348054,26.628257,-21.348054,52.058203,-64.934218,26.628257,-64.934218,80.994972,-0.000000,0.000000,141.807596,-0.015775,0.111781,0.067466,-0.015748,0.111331,0.067056,-0.000027,0.000450,0.000410,-0.005154,-0.041456,-0.018060,0.045512,1.379181,11.092876,4.832470,11.092876,89.220966,38.867977,4.832470,38.867977,16.932339,0.000000,0.000000,107.532486,-0.005154,-0.041456,-0.018060,0.045512,1.383993,11.131579,4.849331,11.131579,89.532260,39.003589,4.849331,39.003589,16.991417,-0.000000,0.000000,107.907670,0.001542,0.107040,0.070027,0.001485,0.106208,0.069536,0.000057,0.000832,0.000491,-0.006508,-0.062234,-0.006902,0.062953,1.069768,10.229994,1.134616,10.229994,97.827562,10.850126,1.134616,10.850126,1.203395,-0.000000,-0.000000,100.100725,-0.006508,-0.062234,-0.006902,0.062953,1.079067,10.318922,1.144479,10.318922,98.677968,10.944445,1.144479,10.944445,1.213856,-0.000000,-0.000000,100.970892,0.014401,0.100882,0.049186,0.014430,0.100937,0.049291,-0.000030,-0.000055,-0.000105,0.000638,0.009592,-0.000422,0.009622,0.474475,7.134614,-0.313637,7.134614,107.282288,-4.716122,-0.313637,-4.716122,0.207320,-0.000000,0.000000,107.964083,0.000638,0.009592,-0.000422,0.009622,0.473222,7.115773,-0.312809,7.115773,106.998984,-4.703668,-0.312809,-4.703668,0.206773,-0.000000,0.000000,107.678979,0.026101,0.082809,0.049738,0.026211,0.082939,0.049944,-0.000110,-0.000130,-0.000206,-0.002755,0.016232,-0.000489,0.016471,2.216377,-13.059272,0.393807,-13.059272,76.947463,-2.320380,0.393807,-2.320380,0.069972,-0.000000,0.000000,79.233812,-0.002755,0.016232,-0.000489,0.016471,2.198128,-12.951747,0.390565,-12.951747,76.313910,-2.301275,0.390565,-2.301275,0.069396,0.000000,0.000000,78.581434
2.2121,post_ramp,0.010,100.0000,3.512816,-1.440408,-1.380583,-0.403437,-0.093573,1.336097,-2.118427,1.073787,-2.676796,1.587670,-2.400680,1.695049,-2.149107,6.079792,-1.898378,-0.606371,0.293700,0.023981,-0.009570,0.170321,0.010247,0.155046,0.078733,0.023993,0.061921,-0.007580,1.304909,-0.815633,1.140977,0.349599,0.003119,0.000000,-0.003119,-0.004679,0.812347,0.971756,0.971756,0.652862,1.187576,1.187576,0.965303,1.101229,1.101229,1.030590,1.111224,1.111224,-0.023748,0.088009,-0.019457,0.003613,0.061050,-0.009209,-0.027361,0.026959,-0.010248,0.455083,-1.318970,1.661884,2.169940,6.786273,-19.668709,24.782296,-19.668709,57.005981,-71.826730,24.782296,-71.826730,90.500665,-0.000000,0.000000,154.292919,0.455083,-1.318970,1.661884,2.169940,6.188715,-17.936804,22.600119,-17.936804,51.986384,-65.502109,22.600119,-65.502109,82.531732,-0.000000,-0.000000,140.706832,-0.015778,0.111847,0.067520,-0.015748,0.111331,0.067056,-0.000030,0.000516,0.000464,-0.005826,-0.047026,-0.020641,0.051686,1.365617,11.022848,4.838321,11.022848,88.973087,39.053460,4.838321,39.053460,17.141956,-0.000000,0.000000,107.480660,-0.005826,-0.047026,-0.020641,0.051686,1.370850,11.065086,4.856861,11.065086,89.314022,39.203108,4.856861,39.203108,17.207642,0.000000,0.000000,107.892514,0.001542,0.107065,0.069986,0.001485,0.106208,0.069536,0.000057,0.000857,0.000450,-0.006335,-0.060574,-0.006745,0.061277,1.071793,10.247804,1.141053,10.247804,97.983015,10.910029,1.141053,10.910029,1.214789,-0.000000,0.000000,100.269597,-0.006335,-0.060574,-0.006745,0.061277,1.079719,10.323588,1.149492,10.323588,98.707616,10.990710,1.149492,10.990710,1.223773,0.000000,0.000000,101.011108,0.014386,0.100855,0.049134,0.014430,0.100937,0.049291,-0.000045,-0.000082,-0.000157,0.000953,0.014384,-0.000645,0.014430,0.471043,7.108599,-0.318921,7.108599,107.277112,-4.812886,-0.318921,-4.812886,0.215926,-0.000000,0.000000,107.964081,0.000953,0.014384,-0.000645,0.014430,0.469177,7.080435,-0.317657,7.080435,106.852084,-4.793818,-0.317657,-4.793818,0.215070,-0.000000,0.000000,107.536331,0.026118,0.082795,0.049765,0.026211,0.082939,0.049944,-0.000093,-0.000144,-0.000178,-0.002647,0.015567,-0.000478,0.015798,2.222523,-13.069287,0.401594,-13.069287,76.852414,-2.361524,0.401594,-2.361524,0.072565,-0.000000,0.000000,79.147502,-0.002647,0.015567,-0.000478,0.015798,2.206664,-12.976029,0.398728,-12.976029,76.304022,-2.344673,0.398728,-2.344673,0.072047,0.000000,0.000000,78.582733
2.2303,post_ramp,0.010,100.0000,3.626331,-1.461884,-1.380583,-0.398835,-0.093573,1.336097,-2.115360,1.073787,-2.675262,1.587670,-2.400680,1.695049,-2.152175,6.233518,-1.718809,-0.315419,0.268449,0.023981,-0.013339,0.178464,0.021022,0.128759,0.074569,0.023987,0.006925,-0.035730,1.347077,-0.827794,1.140977,0.345611,0.003119,0.000000,-0.003119,-0.004679,0.812347,0.970348,0.970348,0.652862,1.186896,1.186896,0.965303,1.101229,1.101229,1.030590,1.112810,1.112810,-0.020694,0.087486,-0.019470,0.003613,0.061050,-0.009209,-0.024307,0.026436,-0.010261,0.362254,-1.238665,1.564362,2.027991,4.893693,-16.733142,21.132995,-16.733142,57.216104,-72.260644,21.132995,-72.260644,91.261032,-0.000000,0.000000,153.370829,0.362254,-1.238665,1.564362,2.027991,4.447632,-15.207914,19.206720,-15.207914,52.000849,-65.674077,19.206720,-65.674077,82.942577,-0.000000,0.000000,139.391058,-0.015781,0.111914,0.067574,-0.015748,0.111331,0.067056,-0.000032,0.000583,0.000518,-0.006491,-0.052579,-0.023253,0.057857,1.352108,10.952787,4.843781,10.952787,88.723331,39.237169,4.843781,39.237169,17.352317,-0.000000,0.000000,107.427757,-0.006491,-0.052579,-0.023253,0.057857,1.357744,10.998438,4.863969,10.998438,89.093127,39.400708,4.863969,39.400708,17.424641,-0.000000,0.000000,107.875512,0.001544,0.107101,0.070005,0.001485,0.106208,0.069536,0.000059,0.000893,0.000469,-0.006606,-0.063135,-0.007117,0.063877,1.074289,10.266722,1.157363,10.266722,98.116559,11.060638,1.157363,11.060638,1.246861,-0.000000,0.000000,100.437710,-0.006606,-0.063135,-0.007117,0.063877,1.082531,10.345481,1.166242,10.345481,98.869240,11.145488,1.166242,11.145488,1.256426,0.000000,0.000000,101.208197,0.014386,0.100855,0.049134,0.014430,0.100937,0.049291,-0.000045,-0.000082,-0.000157,0.000953,0.014384,-0.000645,0.014430,0.471043,7.108599,-0.318921,7.108599,107.277112,-4.812886,-0.318921,-4.812886,0.215926,-0.000000,0.000000,107.964081,0.000953,0.014384,-0.000645,0.014430,0.469177,7.080435,-0.317657,7.080435,106.852083,-4.793818,-0.317657,-4.793818,0.215070,-0.000000,-0.000000,107.536330,0.026115,0.082723,0.049752,0.026211,0.082939,0.049944,-0.000095,-0.000216,-0.000192,-0.003371,0.019629,-0.000658,0.019928,2.259314,-13.157785,0.440898,-13.157785,76.628256,-2.567699,0.440898,-2.567699,0.086040,-0.000000,0.000000,78.973610,-0.003371,0.019629,-0.000658,0.019928,2.241925,-13.056516,0.437504,-13.056516,76.038487,-2.547936,0.437504,-2.547936,0.085378,0.000000,0.000000,78.365790
2.2485,post_ramp,0.010,100.0000,3.739845,-1.474156,-1.380583,-0.395767,-0.093573,1.336097,-2.112292,1.073787,-2.673729,1.587670,-2.400680,1.693515,-2.152175,6.270117,-1.469181,-0.156390,0.252631,0.023981,0.001808,0.181160,0.023825,0.105951,0.052282,0.023984,-0.026707,-0.061536,1.389244,-0.834743,1.140977,0.342952,0.003119,0.000000,-0.003119,-0.004679,0.812347,0.968941,0.968941,0.652862,1.186215,1.186215,0.965303,1.101229,1.101229,1.029657,1.112810,1.112810,-0.017753,0.086999,-0.019214,0.003613,0.061050,-0.009209,-0.021366,0.025949,-0.010005,0.278571,-1.160957,1.454575,1.881811,3.348192,-13.953713,17.482761,-13.953713,58.152606,-72.860041,17.482761,-72.860041,91.287149,-0.000000,0.000000,152.787948,0.278571,-1.160957,1.454575,1.881811,3.024166,-12.603321,15.790840,-12.603321,52.524799,-65.808900,15.790840,-65.808900,82.452696,0.000000,0.000000,138.001661,-0.015784,0.111980,0.067628,-0.015748,0.111331,0.067056,-0.000035,0.000649,0.000572,-0.007149,-0.058117,-0.025894,0.064025,1.338655,10.882699,4.848851,10.882699,88.471726,39.419098,4.848851,39.419098,17.563411,-0.000000,0.000000,107.373792,-0.007149,-0.058117,-0.025894,0.064025,1.344676,10.931642,4.870657,10.931642,88.869606,39.596376,4.870657,39.596376,17.642399,-0.000000,-0.000000,107.856680,0.001547,0.107136,0.070025,0.001485,0.106208,0.069536,0.000062,0.000929,0.000488,-0.006878,-0.065699,-0.007497,0.066482,1.076778,10.285538,1.173718,10.285538,98.248898,11.211522,1.173718,11.211522,1.279386,-0.000000,0.000000,100.605062,-0.006878,-0.065699,-0.007497,0.066482,1.085333,10.367256,1.183044,10.367256,99.029479,11.300597,1.183044,11.300597,1.289550,-0.000000,0.000000,101.404363,0.014386,0.100855,0.049134,0.014430,0.100937,0.049291,-0.000045,-0.000082,-0.000157,0.000953,0.014384,-0.000645,0.014430,0.471043,7.108599,-0.318921,7.108599,107.277112,-4.812886,-0.318921,-4.812886,0.215926,-0.000000,0.000000,107.964081,0.000953,0.014384,-0.000645,0.014430,0.469177,7.080435,-0.317657,7.080435,106.852085,-4.793818,-0.317657,-4.793818,0.215070,-0.000000,0.000000,107.536333,0.026134,0.082745,0.049786,0.026211,0.082939,0.049944,-0.000077,-0.000194,-0.000157,-0.002901,0.016942,-0.000554,0.017198,2.247027,-13.123364,0.429015,-13.123364,76.644695,-2.505589,0.429015,-2.505589,0.081910,-0.000000,0.000000,78.973632,-0.002901,0.016942,-0.000554,0.017198,2.232837,-13.040493,0.426306,-13.040493,76.160703,-2.489767,0.426306,-2.489767,0.081393,-0.000000,0.000000,78.474933
2.2667,post_ramp,0.010,100.0000,3.847224,-1.475690,-1.380583,-0.392699,-0.093573,1.336097,-2.109224,1.073787,-2.673729,1.586136,-2.400680,1.688913,-2.152175,6.213252,-1.095319,-0.071876,0.228887,0.023981,0.015187,0.186168,0.023898,0.090016,0.019538,0.023983,-0.054857,-0.047695,1.429132,-0.835611,1.140977,0.340294,0.003119,0.000000,-0.003119,-0.004679,0.812347,0.967534,0.967534,0.652862,1.186215,1.186215,0.964371,1.101229,1.101229,1.026859,1.112810,1.112810,-0.015075,0.086612,-0.018680,0.003613,0.061050,-0.009209,-0.018688,0.025562,-0.009471,0.208862,-1.084669,1.335879,1.733408,2.211715,-11.485955,14.146104,-11.485955,59.649259,-73.464037,14.146104,-73.464037,90.478319,-0.000000,0.000000,152.339293,0.208862,-1.084669,1.335879,1.733408,1.976343,-10.263613,12.640667,-10.263613,53.301349,-65.645949,12.640667,-65.645949,80.849561,-0.000000,0.000000,136.127253,-0.015787,0.112047,0.067683,-0.015748,0.111331,0.067056,-0.000038,0.000716,0.000627,-0.007800,-0.063639,-0.028566,0.070191,1.325259,10.812589,4.853532,10.812589,88.218295,39.599243,4.853532,39.599243,17.775225,-0.000000,-0.000000,107.318779,-0.007800,-0.063639,-0.028566,0.070191,1.331646,10.864704,4.876925,10.864704,88.643493,39.790105,4.876925,39.790105,17.860898,-0.000000,0.000000,107.836038,0.001547,0.107136,0.070025,0.001485,0.106208,0.069536,0.000062,0.000929,0.000488,-0.006878,-0.065699,-0.007497,0.066482,1.076778,10.285538,1.173718,10.285538,98.248898,11.211522,1.173718,11.211522,1.279386,-0.000000,0.000000,100.605062,-0.006878,-0.065699,-0.007497,0.066482,1.085333,10.367256,1.183044,10.367256,99.029479,11.300597,1.183044,11.300597,1.289550,-0.000000,0.000000,101.404363,0.014401,0.100882,0.049186,0.014430,0.100937,0.049291,-0.000030,-0.000055,-0.000105,0.000638,0.009591,-0.000422,0.009621,0.474475,7.134614,-0.313637,7.134614,107.282288,-4.716122,-0.313637,-4.716122,0.207320,-0.000000,0.000000,107.964083,0.000638,0.009591,-0.000422,0.009621,0.473222,7.115774,-0.312809,7.115774,106.998993,-4.703668,-0.312809,-4.703668,0.206773,-0.000000,0.000000,107.678988,0.026189,0.082810,0.049889,0.026211,0.082939,0.049944,-0.000022,-0.000129,-0.000055,-0.001506,0.008871,-0.000268,0.009001,2.210350,-13.019941,0.393713,-13.019941,76.693217,-2.319142,0.393713,-2.319142,0.070129,-0.000000,0.000000,78.973696,-0.001506,0.008871,-0.000268,0.009001,2.205546,-12.991642,0.392857,-12.991642,76.526522,-2.314101,0.392857,-2.314101,0.069977,-0.000000,0.000000,78.802045
2.2849,post_ramp,0.010,100.0000,3.943865,-1.468020,-1.380583,-0.389631,-0.093573,1.336097,-2.106156,1.073787,-2.672195,1.584602,-2.400680,1.682777,-2.152175,6.091953,-0.700606,-0.032622,0.211561,0.023981,0.018788,0.194992,0.017433,0.078058,-0.013029,0.023982,-0.115413,-0.028163,1.465031,-0.831268,1.140977,0.337635,0.003119,0.000000,-0.003119,-0.004679,0.812347,0.966126,0.966126,0.652862,1.185534,1.185534,0.963438,1.101229,1.101229,1.023128,1.112810,1.112810,-0.012746,0.086341,-0.017936,0.003613,0.061050,-0.009209,-0.016360,0.025291,-0.008727,0.153670,-1.010664,1.215142,1.587963,1.423477,-9.361987,11.256114,-9.361987,61.572345,-74.029727,11.256114,-74.029727,89.007501,-0.000000,0.000000,152.003323,0.153670,-1.010664,1.215142,1.587963,1.253517,-8.244187,9.912160,-8.244187,54.220748,-65.190747,9.912160,-65.190747,78.380209,-0.000000,0.000000,133.854473,-0.015790,0.112113,0.067737,-0.015748,0.111331,0.067056,-0.000041,0.000782,0.000682,-0.008444,-0.069145,-0.031268,0.076355,1.311920,10.742461,4.857826,10.742461,87.963065,39.777597,4.857826,39.777597,17.987745,0.000000,0.000000,107.262730,-0.008444,-0.069145,-0.031268,0.076355,1.318657,10.797631,4.882775,10.797631,88.414819,39.981883,4.882775,39.981883,18.080125,-0.000000,0.000000,107.813602,0.001549,0.107172,0.070044,0.001485,0.106208,0.069536,0.000064,0.000964,0.000508,-0.007150,-0.068265,-0.007884,0.069090,1.079260,10.304252,1.190118,10.304252,98.380026,11.362676,1.190118,11.362676,1.312364,-0.000000,0.000000,100.771649,-0.007150,-0.068265,-0.007884,0.069090,1.088127,10.388913,1.199896,10.388913,99.188327,11.456033,1.199896,11.456033,1.323147,0.000000,0.000000,101.599601,0.014415,0.100910,0.049239,0.014430,0.100937,0.049291,-0.000015,-0.000027,-0.000052,0.000320,0.004797,-0.000207,0.004812,0.477918,7.160622,-0.308307,7.160622,107.287278,-4.619345,-0.308307,-4.619345,0.198890,-0.000000,0.000000,107.964085,0.000320,0.004797,-0.000207,0.004812,0.477287,7.151169,-0.307900,7.151169,107.145652,-4.613247,-0.307900,-4.613247,0.198627,-0.000000,-0.000000,107.821566,0.026262,0.082896,0.050026,0.026211,0.082939,0.049944,0.000051,-0.000043,0.000082,0.000321,-0.001913,0.000052,0.001940,2.161882,-12.881675,0.347447,-12.881675,76.756061,-2.070277,0.347447,-2.070277,0.055840,-0.000000,-0.000000,78.973783,0.000321,-0.001913,0.000052,0.001940,2.169100,-12.924683,0.348607,-12.924683,77.012328,-2.077189,0.348607,-2.077189,0.056026,-0.000000,0.000000,79.237454
2.3031,post_ramp,0.010,100.0000,4.035903,-1.452680,-1.380583,-0.388097,-0.093573,1.336097,-2.101554,1.073787,-2.672195,1.584602,-2.400680,1.676641,-2.150641,5.853616,-0.202870,-0.006100,0.192503,0.023981,0.027720,0.193518,0.004117,0.063956,-0.029397,0.023981,-0.210918,0.001352,1.499221,-0.822582,1.140977,0.336306,0.003119,0.000000,-0.003119,-0.004679,0.812347,0.964015,0.964015,0.652862,1.185534,1.185534,0.963438,1.101229,1.101229,1.019398,1.112017,1.112017,-0.010597,0.086151,-0.016996,0.003613,0.061050,-0.009209,-0.014210,0.025101,-0.007787,0.105973,-0.934608,1.088201,1.438368,0.824930,-7.275299,8.470917,-7.275299,64.163010,-74.707515,8.470917,-74.707515,86.984898,0.000000,0.000000,151.972838,0.105973,-0.934608,1.088201,1.438368,0.713457,-6.292188,7.326242,-6.292188,55.492664,-64.612291,7.326242,-64.612291,75.230632,0.000000,0.000000,131.436753,-0.015794,0.112212,0.067819,-0.015748,0.111331,0.067056,-0.000046,0.000881,0.000764,-0.009398,-0.077373,-0.035376,0.085594,1.292019,10.637247,4.863544,10.637247,87.576903,40.041759,4.863544,40.041759,18.307823,-0.000000,0.000000,107.176745,-0.009398,-0.077373,-0.035376,0.085594,1.299251,10.696785,4.890765,10.696785,88.067077,40.265875,4.890765,40.265875,18.410293,-0.000000,0.000000,107.776621,0.001549,0.107172,0.070044,0.001485,0.106208,0.069536,0.000064,0.000964,0.000508,-0.007150,-0.068265,-0.007884,0.069090,1.079260,10.304252,1.190118,10.304252,98.380026,11.362676,1.190118,11.362676,1.312364,-0.000000,0.000000,100.771649,-0.007150,-0.068265,-0.007884,0.069090,1.088127,10.388913,1.199896,10.388913,99.188327,11.456033,1.199896,11.456033,1.323147,0.000000,0.000000,101.599601,0.014415,0.100910,0.049239,0.014430,0.100937,0.049291,-0.000015,-0.000027,-0.000052,0.000320,0.004796,-0.000207,0.004811,0.477918,7.160622,-0.308307,7.160622,107.287278,-4.619345,-0.308307,-4.619345,0.198890,-0.000000,0.000000,107.964085,0.000320,0.004796,-0.000207,0.004811,0.477287,7.151170,-0.307900,7.151170,107.145660,-4.613248,-0.307900,-4.613248,0.198627,-0.000000,0.000000,107.821575,0.026337,0.083018,0.050170,0.026211,0.082939,0.049944,0.000126,0.000079,0.000226,0.002444,-0.014808,0.000331,0.015012,2.095974,-12.697891,0.283413,-12.697891,76.926722,-1.716978,0.283413,-1.716978,0.038322,0.000000,0.000000,79.061019,0.002444,-0.014808,0.000331,0.015012,2.115022,-12.813283,0.285988,-12.813283,77.625796,-1.732581,0.285988,-1.732581,0.038671,-0.000000,0.000000,79.779488
2.3213,post_ramp,0.010,100.0000,4.114136,-1.426602,-1.380583,-0.386563,-0.093573,1.336097,-2.098486,1.073787,-2.672195,1.584602,-2.400680,1.670505,-2.150641,5.485937,0.298205,0.007995,0.168741,0.023981,0.034806,0.197291,0.008687,0.050157,-0.017039,0.023981,-0.269401,0.023191,1.528282,-0.807815,1.140977,0.334977,0.003119,0.000000,-0.003119,-0.004679,0.812347,0.962608,0.962608,0.652862,1.185534,1.185534,0.963438,1.101229,1.101229,1.015667,1.112017,1.112017,-0.008856,0.086163,-0.015818,0.003613,0.061050,-0.009209,-0.012469,0.025113,-0.006609,0.071087,-0.859729,0.961060,1.291442,0.460762,-5.572451,6.229239,-5.572451,67.393159,-75.336350,6.229239,-75.336350,84.215752,-0.000000,0.000000,152.069673,0.071087,-0.859729,0.961060,1.291442,0.389719,-4.713258,5.268779,-4.713258,57.002086,-63.720549,5.268779,-63.720549,71.230873,-0.000000,0.000000,128.622678,-0.015797,0.112278,0.067874,-0.015748,0.111331,0.067056,-0.000049,0.000947,0.000819,-0.010025,-0.082837,-0.038152,0.091750,1.278825,10.567097,4.866875,10.567097,87.317287,40.215614,4.866875,40.215614,18.522055,-0.000000,0.000000,107.118167,-0.010025,-0.082837,-0.038152,0.091750,1.286366,10.629405,4.895572,10.629405,87.832141,40.452740,4.895572,40.452740,18.631268,-0.000000,0.000000,107.749775,0.001549,0.107172,0.070044,0.001485,0.106208,0.069536,0.000064,0.000964,0.000508,-0.007150,-0.068265,-0.007884,0.069090,1.079260,10.304252,1.190118,10.304252,98.380026,11.362676,1.190118,11.362676,1.312364,-0.000000,0.000000,100.771649,-0.007150,-0.068265,-0.007884,0.069090,1.088127,10.388913,1.199896,10.388913,99.188327,11.456033,1.199896,11.456033,1.323147,0.000000,0.000000,101.599601,0.014415,0.100910,0.049239,0.014430,0.100937,0.049291,-0.000015,-0.000027,-0.000052,0.000320,0.004796,-0.000206,0.004811,0.477918,7.160622,-0.308307,7.160622,107.287278,-4.619345,-0.308307,-4.619345,0.198890,-0.000000,0.000000,107.964085,0.000320,0.004796,-0.000206,0.004811,0.477287,7.151170,-0.307900,7.151170,107.145668,-4.613248,-0.307900,-4.613248,0.198627,-0.000000,0.000000,107.821582,0.026411,0.083103,0.050308,0.026211,0.082939,0.049944,0.000200,0.000164,0.000364,0.004186,-0.025658,0.000489,0.026002,2.048664,-12.558477,0.239336,-12.558477,76.984480,-1.467148,0.239336,-1.467148,0.027960,-0.000000,-0.000000,79.061105,0.004186,-0.025658,0.000489,0.026002,2.078506,-12.741411,0.242822,-12.741411,78.105878,-1.488520,0.242822,-1.488520,0.028368,-0.000000,0.000000,80.212752
2.3394,post_ramp,0.010,100.0000,4.177030,-1.397456,-1.380583,-0.385029,-0.093573,1.336097,-2.095418,1.073787,-2.672195,1.584602,-2.400680,1.664369,-2.150641,4.979672,0.766536,0.015485,0.147431,0.023981,0.020837,0.205977,0.018251,0.037892,-0.002556,0.023981,-0.292234,0.026551,1.551645,-0.791312,1.140977,0.333647,0.003119,0.000000,-0.003119,-0.004679,0.812347,0.961201,0.961201,0.652862,1.185534,1.185534,0.963438,1.101229,1.101229,1.011936,1.112017,1.112017,-0.007503,0.086269,-0.014626,0.003613,0.061050,-0.009209,-0.011116,0.025219,-0.005417,0.047056,-0.789895,0.847528,1.159505,0.250674,-4.207859,4.514878,-4.207859,70.633849,-75.787507,4.514878,-75.787507,81.317190,-0.000000,0.000000,152.201714,0.047056,-0.789895,0.847528,1.159505,0.207220,-3.478438,3.732235,-3.478438,58.389648,-62.649931,3.732235,-62.649931,67.221058,-0.000000,0.000000,125.817926,-0.015800,0.112344,0.067930,-0.015748,0.111331,0.067056,-0.000052,0.001013,0.000874,-0.010645,-0.088285,-0.040958,0.097904,1.265690,10.496947,4.869823,10.496947,87.055961,40.387661,4.869823,40.387661,18.736949,-0.000000,0.000000,107.058601,-0.010645,-0.088285,-0.040958,0.097904,1.273524,10.561914,4.899963,10.561914,87.594758,40.637623,4.899963,40.637623,18.852914,-0.000000,0.000000,107.721196,0.001549,0.107172,0.070044,0.001485,0.106208,0.069536,0.000064,0.000964,0.000508,-0.007150,-0.068265,-0.007884,0.069090,1.079260,10.304252,1.190118,10.304252,98.380026,11.362676,1.190118,11.362676,1.312364,-0.000000,0.000000,100.771649,-0.007150,-0.068265,-0.007884,0.069090,1.088127,10.388913,1.199896,10.388913,99.188327,11.456033,1.199896,11.456033,1.323147,0.000000,0.000000,101.599601,0.014415,0.100910,0.049239,0.014430,0.100937,0.049291,-0.000015,-0.000027,-0.000052,0.000320,0.004795,-0.000206,0.004810,0.477918,7.160622,-0.308307,7.160622,107.287278,-4.619345,-0.308307,-4.619345,0.198890,-0.000000,-0.000000,107.964085,0.000320,0.004795,-0.000206,0.004810,0.477287,7.151171,-0.307900,7.151171,107.145675,-4.613248,-0.307900,-4.613248,0.198627,-0.000000,0.000000,107.821589,0.026485,0.083187,0.050445,0.026211,0.082939,0.049944,0.000274,0.000248,0.000502,0.005889,-0.036530,0.000577,0.037006,2.001857,-12.418668,0.196187,-12.418668,77.040106,-1.217058,0.196187,-1.217058,0.019227,-0.000000,0.000000,79.061190,0.005889,-0.036530,0.000577,0.037006,2.041964,-12.667471,0.200117,-12.667471,78.583574,-1.241441,0.200117,-1.241441,0.019612,-0.000000,0.000000,80.645150
2.3576,post_ramp,0.010,100.0000,4.229185,-1.363709,-1.380583,-0.383495,-0.093573,1.336097,-2.092350,1.073787,-2.672195,1.584602,-2.400680,1.659767,-2.150641,4.363079,1.164670,0.019466,0.123297,0.023981,0.001995,0.199356,0.020936,0.031374,0.009878,0.023981,-0.301379,0.025347,1.571020,-0.772202,1.140977,0.332318,0.003119,0.000000,-0.003119,-0.004679,0.812347,0.959793,0.959793,0.652862,1.185534,1.185534,0.963438,1.101229,1.101229,1.009138,1.112017,1.112017,-0.006433,0.086483,-0.013348,0.003613,0.061050,-0.009209,-0.010046,0.025433,-0.004139,0.030243,-0.721724,0.741016,1.034846,0.130150,-3.105928,3.188953,-3.105928,74.120256,-76.101568,3.188953,-76.101568,78.135843,-0.000000,0.000000,152.386250,0.030243,-0.721724,0.741016,1.034846,0.104999,-2.505711,2.572691,-2.505711,59.796595,-61.395020,2.572691,-61.395020,63.036173,-0.000000,0.000000,122.937767,-0.015804,0.112410,0.067985,-0.015748,0.111331,0.067056,-0.000055,0.001079,0.000929,-0.011258,-0.093715,-0.043793,0.104054,1.252616,10.426802,4.872390,10.426802,86.792950,40.557895,4.872390,40.557895,18.952494,-0.000000,0.000000,106.998060,-0.011258,-0.093715,-0.043793,0.104054,1.260727,10.494318,4.903940,10.494318,87.354958,40.820518,4.903940,40.820518,19.075216,-0.000000,0.000000,107.690900,0.001549,0.107172,0.070044,0.001485,0.106208,0.069536,0.000064,0.000964,0.000508,-0.007150,-0.068265,-0.007884,0.069090,1.079260,10.304252,1.190118,10.304252,98.380026,11.362676,1.190118,11.362676,1.312364,-0.000000,0.000000,100.771649,-0.007150,-0.068265,-0.007884,0.069090,1.088127,10.388913,1.199896,10.388913,99.188327,11.456033,1.199896,11.456033,1.323147,0.000000,0.000000,101.599601,0.014415,0.100910,0.049239,0.014430,0.100937,0.049291,-0.000015,-0.000027,-0.000052,0.000320,0.004795,-0.000206,0.004810,0.477918,7.160622,-0.308307,7.160622,107.287278,-4.619345,-0.308307,-4.619345,0.198890,-0.000000,0.000000,107.964085,0.000320,0.004795,-0.000206,0.004810,0.477287,7.151171,-0.307900,7.151171,107.145681,-4.613248,-0.307900,-4.613248,0.198627,-0.000000,-0.000000,107.821595,0.026541,0.083250,0.050549,0.026211,0.082939,0.049944,0.000330,0.000311,0.000605,0.007141,-0.044698,0.000597,0.045269,1.967083,-12.313555,0.164434,-12.313555,77.080425,-1.029327,0.164434,-1.029327,0.013746,-0.000000,0.000000,79.061254,0.007141,-0.044698,0.000597,0.045269,2.014546,-12.610661,0.168402,-12.610661,78.940255,-1.054163,0.168402,-1.054163,0.014077,-0.000000,0.000000,80.968878
2.3758,post_ramp,0.010,100.0000,4.255263,-1.329961,-1.380583,-0.383495,-0.093573,1.336097,-2.089282,1.073787,-2.672195,1.584602,-2.400680,1.655165,-2.150641,3.603938,1.459497,0.021581,0.100650,0.023981,-0.001929,0.195837,0.022363,0.027910,0.016486,0.023981,-0.295002,0.024707,1.580707,-0.753092,1.140977,0.332318,0.003119,0.000000,-0.003119,-0.004679,0.812347,0.958386,0.958386,0.652862,1.185534,1.185534,0.963438,1.101229,1.101229,1.006340,1.112017,1.112017,-0.005994,0.086854,-0.012214,0.003613,0.061050,-0.009209,-0.009608,0.025804,-0.003006,0.022984,-0.676222,0.666213,0.949549,0.089513,-2.633636,2.594655,-2.633636,77.485992,-76.339113,2.594655,-76.339113,75.209210,-0.000000,0.000000,152.784715,0.022984,-0.676222,0.666213,0.949549,0.070817,-2.083545,2.052707,-2.083545,61.301399,-60.394070,2.052707,-60.394070,59.500171,-0.000000,0.000000,120.872387,-0.015807,0.112476,0.068040,-0.015748,0.111331,0.067056,-0.000058,0.001145,0.000985,-0.011865,-0.099129,-0.046657,0.110200,1.239601,10.356666,4.874577,10.356666,86.528280,40.726312,4.874577,40.726312,19.168675,-0.000000,0.000000,106.936556,-0.011865,-0.099129,-0.046657,0.110200,1.247974,10.426624,4.907505,10.426624,87.112773,41.001416,4.907505,41.001416,19.298159,0.000000,0.000000,107.658906,0.001549,0.107172,0.070044,0.001485,0.106208,0.069536,0.000064,0.000964,0.000508,-0.007150,-0.068265,-0.007884,0.069090,1.079260,10.304252,1.190118,10.304252,98.380026,11.362676,1.190118,11.362676,1.312364,-0.000000,0.000000,100.771649,-0.007150,-0.068265,-0.007884,0.069090,1.088127,10.388913,1.199896,10.388913,99.188327,11.456033,1.199896,11.456033,1.323147,0.000000,0.000000,101.599601,0.014415,0.100910,0.049239,0.014430,0.100937,0.049291,-0.000015,-0.000027,-0.000052,0.000320,0.004795,-0.000206,0.004810,0.477918,7.160622,-0.308307,7.160622,107.287278,-4.619345,-0.308307,-4.619345,0.198890,-0.000000,0.000000,107.964085,0.000320,0.004795,-0.000206,0.004810,0.477287,7.151172,-0.307900,7.151172,107.145686,-4.613249,-0.307900,-4.613249,0.198627,-0.000000,0.000000,107.821601,0.026597,0.083313,0.050653,0.026211,0.082939,0.049944,0.000386,0.000374,0.000709,0.008371,-0.052879,0.000577,0.053541,1.932594,-12.208226,0.133206,-12.208226,77.119543,-0.841464,0.133206,-0.841464,0.009181,-0.000000,0.000000,79.061318,0.008371,-0.052879,0.000577,0.053541,1.987124,-12.552694,0.136964,-12.552694,79.295549,-0.865206,0.136964,-0.865206,0.009440,-0.000000,0.000000,81.292114
2.3940,post_ramp,0.010,100.0000,4.259865,-1.299282,-1.380583,-0.383495,-0.093573,1.336097,-2.086214,1.073787,-2.672195,1.586136,-2.400680,1.649029,-2.150641,2.655092,1.630197,0.022706,0.067716,0.023981,-0.001025,0.191569,0.023121,0.026069,0.028245,0.023981,-0.285115,0.024367,1.582416,-0.735720,1.140977,0.332318,0.003119,0.000000,-0.003119,-0.004679,0.812347,0.956979,0.956979,0.652862,1.185534,1.185534,0.964371,1.101229,1.101229,1.002610,1.112017,1.112017,-0.006059,0.087316,-0.011288,0.003613,0.061050,-0.009209,-0.009672,0.026266,-0.002079,0.022842,-0.652927,0.621290,0.901575,0.098300,-2.809905,2.673754,-2.809905,80.321279,-76.429372,2.673754,-76.429372,72.726044,-0.000000,0.000000,153.145622,0.022842,-0.652927,0.621290,0.901575,0.076690,-2.192184,2.085964,-2.192184,62.663687,-59.627366,2.085964,-59.627366,56.738167,-0.000000,0.000000,119.478544,-0.015810,0.112541,0.068096,-0.015748,0.111331,0.067056,-0.000061,0.001210,0.001040,-0.012464,-0.104524,-0.049550,0.116344,1.226647,10.286544,4.876386,10.286544,86.261976,40.892908,4.876386,40.892908,19.385482,-0.000000,0.000000,106.874104,-0.012464,-0.104524,-0.049550,0.116344,1.235268,10.358839,4.910658,10.358839,86.868237,41.180309,4.910658,41.180309,19.521725,-0.000000,0.000000,107.625230,0.001549,0.107172,0.070044,0.001485,0.106208,0.069536,0.000064,0.000964,0.000508,-0.007150,-0.068265,-0.007884,0.069090,1.079260,10.304252,1.190118,10.304252,98.380026,11.362676,1.190118,11.362676,1.312364,-0.000000,0.000000,100.771649,-0.007150,-0.068265,-0.007884,0.069090,1.088127,10.388913,1.199896,10.388913,99.188327,11.456033,1.199896,11.456033,1.323147,0.000000,0.000000,101.599601,0.014401,0.100882,0.049186,0.014430,0.100937,0.049291,-0.000030,-0.000055,-0.000105,0.000638,0.009588,-0.000421,0.009618,0.474475,7.134614,-0.313637,7.134614,107.282288,-4.716122,-0.313637,-4.716122,0.207320,-0.000000,0.000000,107.964083,0.000638,0.009588,-0.000421,0.009618,0.473222,7.115777,-0.312809,7.115777,106.999042,-4.703670,-0.312809,-4.703670,0.206773,-0.000000,0.000000,107.679036,0.026671,0.083396,0.050791,0.026211,0.082939,0.049944,0.000460,0.000457,0.000848,0.009977,-0.063805,0.000488,0.064582,1.887053,-12.067460,0.092384,-12.067460,77.169828,-0.590782,0.092384,-0.590782,0.004523,-0.000000,0.000000,79.061404,0.009977,-0.063805,0.000488,0.064582,1.950565,-12.473606,0.095493,-12.473606,79.767083,-0.610666,0.095493,-0.610666,0.004675,-0.000000,0.000000,81.722322
2.4121,post_ramp,0.010,100.0000,4.256797,-1.273204,-1.380583,-0.383495,-0.093573,1.340699,-2.083146,1.073787,-2.672195,1.587670,-2.400680,1.645961,-2.150641,1.484862,1.633187,0.023371,0.044899,0.023981,0.032896,0.184310,0.013749,0.024980,0.057190,0.023981,-0.269433,0.024165,1.581277,-0.720954,1.140977,0.332318,0.003119,0.000000,-0.003119,-0.004679,0.815145,0.955572,0.955572,0.652862,1.185534,1.185534,0.965303,1.101229,1.101229,1.000745,1.112017,1.112017,-0.006285,0.087749,-0.010535,0.003613,0.061050,-0.009209,-0.009899,0.026699,-0.001327,0.024817,-0.640188,0.592014,0.872317,0.124201,-3.203910,2.962819,-3.203910,82.648577,-76.429356,2.962819,-76.429356,70.678124,0.000000,0.000000,153.450903,0.024817,-0.640188,0.592014,0.872317,0.095905,-2.473983,2.287818,-2.473983,63.819262,-59.016927,2.287818,-59.016927,54.575963,-0.000000,0.000000,118.491130,-0.015784,0.112567,0.067961,-0.015748,0.111331,0.067056,-0.000036,0.001236,0.000905,-0.011398,-0.095585,-0.045314,0.106394,1.225847,10.280064,4.873520,10.280064,86.209537,40.869779,4.873520,40.869779,19.375337,-0.000000,0.000000,106.810720,-0.011398,-0.095585,-0.045314,0.106394,1.231077,10.323919,4.894311,10.323919,86.577310,41.044131,4.894311,41.044131,19.457993,-0.000000,0.000000,107.266379,0.001549,0.107172,0.070044,0.001485,0.106208,0.069536,0.000064,0.000964,0.000508,-0.007150,-0.068265,-0.007884,0.069090,1.079260,10.304252,1.190118,10.304252,98.380026,11.362676,1.190118,11.362676,1.312364,-0.000000,0.000000,100.771649,-0.007150,-0.068265,-0.007884,0.069090,1.088127,10.388913,1.199896,10.388913,99.188327,11.456033,1.199896,11.456033,1.323147,0.000000,0.000000,101.599601,0.014386,0.100855,0.049134,0.014430,0.100937,0.049291,-0.000045,-0.000082,-0.000157,0.000953,0.014380,-0.000645,0.014426,0.471043,7.108599,-0.318921,7.108599,107.277112,-4.812886,-0.318921,-4.812886,0.215926,0.000000,0.000000,107.964081,0.000953,0.014380,-0.000645,0.014426,0.469177,7.080438,-0.317657,7.080438,106.852142,-4.793820,-0.317657,-4.793820,0.215070,-0.000000,0.000000,107.536389,0.026709,0.083437,0.050860,0.026211,0.082939,0.049944,0.000498,0.000498,0.000917,0.010766,-0.069275,0.000418,0.070108,1.864474,-11.996937,0.072323,-11.996937,77.194167,-0.465361,0.072323,-0.465361,0.002805,-0.000000,-0.000000,79.061446,0.010766,-0.069275,0.000418,0.070108,1.932289,-12.433293,0.074953,-12.433293,80.001894,-0.482287,0.074953,-0.482287,0.002907,-0.000000,0.000000,81.937090
2.4303,post_ramp,0.010,100.0000,4.255263,-1.259398,-1.380583,-0.383495,-0.093573,1.342233,-2.080078,1.073787,-2.672195,1.586136,-2.400680,1.641359,-2.150641,0.761410,1.458803,0.023657,0.035098,0.023981,0.089984,0.176605,0.009705,0.024512,0.051884,0.023981,-0.255552,0.024079,1.580707,-0.713136,1.140977,0.332318,0.003119,0.000000,-0.003119,-0.004679,0.816078,0.954164,0.954164,0.652862,1.185534,1.185534,0.964371,1.101229,1.101229,0.997947,1.112017,1.112017,-0.006403,0.087973,-0.010134,0.003613,0.061050,-0.009209,-0.010017,0.026923,-0.000925,0.025782,-0.633243,0.576784,0.856937,0.139051,-3.415238,3.110742,-3.415238,83.881739,-76.402993,3.110742,-76.402993,69.591039,0.000000,0.000000,153.611830,0.025782,-0.633243,0.576784,0.856937,0.106788,-2.622831,2.388984,-2.622831,64.419403,-58.675884,2.388984,-58.675884,53.444447,-0.000000,0.000000,117.970639,-0.015778,0.112620,0.067953,-0.015748,0.111331,0.067056,-0.000030,0.001289,0.000897,-0.011442,-0.096196,-0.045822,0.107165,1.216974,10.231102,4.873511,10.231102,86.012907,40.971618,4.873511,40.971618,19.516530,-0.000000,0.000000,106.746411,-0.011442,-0.096196,-0.045822,0.107165,1.221273,10.267242,4.890725,10.267242,86.316733,41.116343,4.890725,41.116343,19.585468,-0.000000,0.000000,107.123474,0.001549,0.107172,0.070044,0.001485,0.106208,0.069536,0.000064,0.000964,0.000508,-0.007150,-0.068265,-0.007884,0.069090,1.079260,10.304252,1.190118,10.304252,98.380026,11.362676,1.190118,11.362676,1.312364,-0.000000,0.000000,100.771649,-0.007150,-0.068265,-0.007884,0.069090,1.088127,10.388913,1.199896,10.388913,99.188327,11.456033,1.199896,11.456033,1.323147,0.000000,0.000000,101.599601,0.014401,0.100882,0.049186,0.014430,0.100937,0.049291,-0.000030,-0.000055,-0.000105,0.000638,0.009588,-0.000421,0.009618,0.474475,7.134614,-0.313637,7.134614,107.282288,-4.716122,-0.313637,-4.716122,0.207320,-0.000000,0.000000,107.964083,0.000638,0.009588,-0.000421,0.009618,0.473222,7.115778,-0.312809,7.115778,106.999049,-4.703670,-0.312809,-4.703670,0.206773,-0.000000,0.000000,107.679044,0.026765,0.083499,0.050964,0.026211,0.082939,0.049944,0.000554,0.000560,0.001021,0.011931,-0.077490,0.000278,0.078404,1.830844,-11.890983,0.042670,-11.890983,77.229671,-0.277134,0.042670,-0.277134,0.000994,-0.000000,0.000000,79.061510,0.011931,-0.077490,0.000278,0.078404,1.904885,-12.371866,0.044396,-12.371866,80.352914,-0.288341,0.044396,-0.288341,0.001035,-0.000000,-0.000000,82.258834
2.4485,post_ramp,0.010,100.0000,4.255263,-1.253262,-1.380583,-0.383495,-0.093573,1.342233,-2.078544,1.073787,-2.672195,1.586136,-2.400680,1.638291,-2.150641,0.370754,1.154052,0.019252,0.029889,0.023981,0.105600,0.161274,0.016394,0.024263,0.017753,0.014160,-0.238355,0.024033,1.580707,-0.709662,1.140977,0.332318,0.003119,0.000000,-0.003119,-0.004679,0.816078,0.953461,0.953461,0.652862,1.185534,1.185534,0.964371,1.101229,1.101229,0.996081,1.112017,1.112017,-0.006439,0.088067,-0.009951,0.003613,0.061050,-0.009209,-0.010053,0.027017,-0.000742,0.025986,-0.629352,0.569331,0.849057,0.143959,-3.486503,3.153998,-3.486503,84.438441,-76.385614,3.153998,-76.385614,69.100779,-0.000000,-0.000000,153.683179,0.025986,-0.629352,0.569331,0.849057,0.110273,-2.670657,2.415958,-2.670657,64.679737,-58.511282,2.415958,-58.511282,52.931108,-0.000000,-0.000000,117.721118,-0.015780,0.112652,0.067981,-0.015748,0.111331,0.067056,-0.000031,0.001321,0.000925,-0.011740,-0.098885,-0.047271,0.110230,1.210538,10.196023,4.874117,10.196023,85.878211,41.053307,4.874117,41.053307,19.625164,-0.000000,0.000000,106.713913,-0.011740,-0.098885,-0.047271,0.110230,1.214980,10.233429,4.891999,10.233429,86.193271,41.203919,4.891999,41.203919,19.697163,-0.000000,0.000000,107.105414,0.001549,0.107172,0.070044,0.001485,0.106208,0.069536,0.000064,0.000964,0.000508,-0.007150,-0.068265,-0.007884,0.069090,1.079260,10.304252,1.190118,10.304252,98.380026,11.362676,1.190118,11.362676,1.312364,-0.000000,0.000000,100.771649,-0.007150,-0.068265,-0.007884,0.069090,1.088127,10.388913,1.199896,10.388913,99.188327,11.456033,1.199896,11.456033,1.323147,0.000000,0.000000,101.599601,0.014401,0.100882,0.049186,0.014430,0.100937,0.049291,-0.000030,-0.000055,-0.000105,0.000638,0.009587,-0.000421,0.009618,0.474475,7.134614,-0.313637,7.134614,107.282288,-4.716122,-0.313637,-4.716122,0.207320,0.000000,0.000000,107.964083,0.000638,0.009587,-0.000421,0.009618,0.473222,7.115778,-0.312809,7.115778,106.999053,-4.703671,-0.312809,-4.703671,0.206773,-0.000000,0.000000,107.679048,0.026802,0.083540,0.051034,0.026211,0.082939,0.049944,0.000591,0.000601,0.001090,0.012696,-0.082974,0.000163,0.083939,1.808584,-11.820235,0.023194,-11.820235,77.252671,-0.151588,0.023194,-0.151588,0.000297,-0.000000,-0.000000,79.061552,0.012696,-0.082974,0.000163,0.083939,1.886624,-12.330277,0.024195,-12.330277,80.586116,-0.158129,0.024195,-0.158129,0.000310,0.000000,0.000000,82.473050
2.4667,post_ramp,0.010,100.0000,4.255263,-1.254796,-1.380583,-0.383495,-0.093573,1.340699,-2.077010,1.073787,-2.672195,1.584602,-2.400680,1.633690,-2.150641,0.188722,0.790821,0.010231,0.027121,0.023981,0.072686,0.146627,0.008712,0.024131,-0.006358,0.009924,-0.217979,0.024009,1.580707,-0.710530,1.140977,0.332318,0.003119,0.000000,-0.003119,-0.004679,0.815145,0.952757,0.952757,0.652862,1.185534,1.185534,0.963438,1.101229,1.101229,0.993283,1.112017,1.112017,-0.006430,0.088043,-0.009997,0.003613,0.061050,-0.009209,-0.010044,0.026993,-0.000788,0.025936,-0.630327,0.571190,0.851024,0.142723,-3.468638,3.143210,-3.468638,84.299269,-76.390305,3.143210,-76.390305,69.223360,0.000000,0.000000,153.665352,0.025936,-0.630327,0.571190,0.851024,0.109396,-2.658687,2.409249,-2.658687,64.614822,-58.552655,2.409249,-58.552655,53.059240,-0.000000,0.000000,117.783458,-0.015791,0.112698,0.068072,-0.015748,0.111331,0.067056,-0.000043,0.001367,0.001017,-0.012585,-0.106333,-0.051132,0.118658,1.200118,10.139784,4.875915,10.139784,85.670899,41.196543,4.875915,41.196543,19.810171,-0.000000,0.000000,106.681188,-0.012585,-0.106333,-0.051132,0.118658,1.205886,10.188517,4.899349,10.188517,86.082644,41.394539,4.899349,41.394539,19.905381,-0.000000,0.000000,107.193912,0.001549,0.107172,0.070044,0.001485,0.106208,0.069536,0.000064,0.000964,0.000508,-0.007150,-0.068265,-0.007884,0.069090,1.079260,10.304252,1.190118,10.304252,98.380026,11.362676,1.190118,11.362676,1.312364,-0.000000,0.000000,100.771649,-0.007150,-0.068265,-0.007884,0.069090,1.088127,10.388913,1.199896,10.388913,99.188327,11.456033,1.199896,11.456033,1.323147,0.000000,0.000000,101.599601,0.014415,0.100910,0.049239,0.014430,0.100937,0.049291,-0.000015,-0.000027,-0.000052,0.000320,0.004793,-0.000206,0.004808,0.477918,7.160622,-0.308307,7.160622,107.287278,-4.619345,-0.308307,-4.619345,0.198890,-0.000000,-0.000000,107.964085,0.000320,0.004793,-0.000206,0.004808,0.477287,7.151173,-0.307900,7.151173,107.145711,-4.613250,-0.307900,-4.613250,0.198627,-0.000000,-0.000000,107.821625,0.026859,0.083601,0.051138,0.026211,0.082939,0.049944,0.000648,0.000662,0.001195,0.013824,-0.091207,-0.000043,0.092249,1.775435,-11.713946,-0.005580,-11.713946,77.286164,0.036819,-0.005580,0.036819,0.000018,-0.000000,0.000000,79.061616,0.013824,-0.091207,-0.000043,0.092249,1.859249,-12.266938,-0.005844,-12.266938,80.934689,0.038557,-0.005844,0.038557,0.000018,-0.000000,0.000000,82.793957
2.4849,post_ramp,0.010,100.0000,4.255263,-1.256330,-1.380583,-0.383495,-0.093573,1.339165,-2.075476,1.073787,-2.672195,1.584602,-2.402214,1.632156,-2.150641,0.106793,0.444785,0.011936,0.025649,0.023981,0.021853,0.129550,0.007028,0.024060,-0.025852,0.014112,-0.197487,0.023996,1.580707,-0.711399,1.140977,0.332318,0.003119,0.000000,-0.003119,-0.004679,0.814212,0.952053,0.952053,0.652862,1.185534,1.185534,0.963438,1.101933,1.101933,0.992351,1.112017,1.112017,-0.006421,0.088020,-0.010043,0.003613,0.061050,-0.009209,-0.010035,0.026970,-0.000834,0.025885,-0.631300,0.573051,0.852994,0.141493,-3.450805,3.132405,-3.450805,84.160094,-76.394765,3.132405,-76.394765,69.345931,-0.000000,-0.000000,153.647518,0.025885,-0.631300,0.573051,0.852994,0.108523,-2.646727,2.402517,-2.646727,64.549795,-58.593879,2.402517,-58.593879,53.187507,-0.000000,0.000000,117.845825,-0.015802,0.112744,0.068164,-0.015748,0.111331,0.067056,-0.000054,0.001413,0.001109,-0.013423,-0.113766,-0.055029,0.127086,1.189742,10.083581,4.877475,10.083581,85.462763,41.338730,4.877475,41.338730,19.995733,-0.000000,0.000000,106.648239,-0.013423,-0.113766,-0.055029,0.127086,1.196805,10.143446,4.906432,10.143446,85.970145,41.584154,4.906432,41.584154,20.114446,0.000000,0.000000,107.281396,0.001549,0.107172,0.070044,0.001485,0.106208,0.069536,0.000064,0.000964,0.000508,-0.007150,-0.068265,-0.007884,0.069090,1.079260,10.304252,1.190118,10.304252,98.380026,11.362676,1.190118,11.362676,1.312364,-0.000000,0.000000,100.771649,-0.007150,-0.068265,-0.007884,0.069090,1.088127,10.388913,1.199896,10.388913,99.188327,11.456033,1.199896,11.456033,1.323147,0.000000,0.000000,101.599601,0.014411,0.100870,0.049226,0.014430,0.100937,0.049291,-0.000020,-0.000067,-0.000065,0.000511,0.007692,-0.000342,0.007717,0.472552,7.118745,-0.316215,7.118745,107.240067,-4.763610,-0.316215,-4.763610,0.211600,-0.000000,0.000000,107.924219,0.000511,0.007692,-0.000342,0.007717,0.471796,7.107350,-0.315709,7.107350,107.068401,-4.755985,-0.315709,-4.755985,0.211261,0.000000,0.000000,107.751458,0.026877,0.083622,0.051173,0.026211,0.082939,0.049944,0.000667,0.000683,0.001230,0.014195,-0.093954,-0.000121,0.095021,1.764449,-11.678473,-0.015055,-11.678473,77.297060,0.099643,-0.015055,0.099643,0.000128,0.000000,0.000000,79.061637,0.014195,-0.093954,-0.000121,0.095021,1.850129,-12.245571,-0.015786,-12.245571,81.050549,0.104482,-0.015786,0.104482,0.000135,-0.000000,0.000000,82.900813
2.5030,post_ramp,0.010,100.0000,4.255263,-1.257864,-1.380583,-0.383495,-0.093573,1.336097,-2.075476,1.073787,-2.672195,1.584602,-2.403748,1.629088,-2.150641,0.060855,0.204084,0.017580,0.024868,0.023981,-0.030343,0.111396,0.014972,0.024023,-0.019892,-0.006877,-0.175361,0.023989,1.580707,-0.712267,1.140977,0.332318,0.003119,0.000000,-0.003119,-0.004679,0.812347,0.952053,0.952053,0.652862,1.185534,1.185534,0.963438,1.102637,1.102637,0.990485,1.112017,1.112017,-0.006412,0.087997,-0.010089,0.003613,0.061050,-0.009209,-0.010026,0.026947,-0.000880,0.025834,-0.632272,0.574916,0.854964,0.140269,-3.433006,3.121582,-3.433006,84.020917,-76.398994,3.121582,-76.398994,69.468491,-0.000000,-0.000000,153.629677,0.025834,-0.632272,0.574916,0.854964,0.107654,-2.634775,2.395762,-2.634775,64.484655,-58.634956,2.395762,-58.634956,53.315910,-0.000000,-0.000000,117.908219,-0.015821,0.112770,0.068292,-0.015748,0.111331,0.067056,-0.000073,0.001439,0.001236,-0.014508,-0.123268,-0.059904,0.137819,1.181794,10.041295,4.879756,10.041295,85.317400,41.461594,4.879756,41.461594,20.149041,-0.000000,-0.000000,106.648235,-0.014508,-0.123268,-0.059904,0.137819,1.191170,10.120961,4.918471,10.120961,85.994298,41.790545,4.918471,41.790545,20.308901,-0.000000,0.000000,107.494369,0.001549,0.107172,0.070044,0.001485,0.106208,0.069536,0.000064,0.000964,0.000508,-0.007150,-0.068265,-0.007884,0.069090,1.079260,10.304252,1.190118,10.304252,98.380026,11.362676,1.190118,11.362676,1.312364,-0.000000,0.000000,100.771649,-0.007150,-0.068265,-0.007884,0.069090,1.088127,10.388913,1.199896,10.388913,99.188327,11.456033,1.199896,11.456033,1.323147,0.000000,0.000000,101.599601,0.014406,0.100831,0.049213,0.014430,0.100937,0.049291,-0.000025,-0.000107,-0.000078,0.000699,0.010589,-0.000485,0.010624,0.467216,7.076843,-0.324009,7.076843,107.191868,-4.907714,-0.324009,-4.907714,0.224697,-0.000000,-0.000000,107.883781,0.000699,0.010589,-0.000485,0.010624,0.466335,7.063509,-0.323398,7.063509,106.989898,-4.898467,-0.323398,-4.898467,0.224273,-0.000000,0.000000,107.680507,0.026915,0.083662,0.051243,0.026211,0.082939,0.049944,0.000704,0.000723,0.001299,0.014930,-0.099452,-0.000290,0.100567,1.742574,-11.607461,-0.033827,-11.607461,77.318449,0.225325,-0.033827,0.225325,0.000657,-0.000000,0.000000,79.061680,0.014930,-0.099452,-0.000290,0.100567,1.831898,-12.202456,-0.035561,-12.202456,81.281768,0.236875,-0.035561,0.236875,0.000690,-0.000000,0.000000,83.114356
2.5212,post_ramp,0.010,100.0000,4.255263,-1.259398,-1.380583,-0.383495,-0.093573,1.336097,-2.073942,1.073787,-2.672195,1.584602,-2.405282,1.627554,-2.150641,0.030183,0.074749,0.020579,0.024452,0.023981,-0.065809,0.096600,0.019193,0.024003,0.001407,-0.043863,-0.149967,0.023985,1.580707,-0.713136,1.140977,0.332318,0.003119,0.000000,-0.003119,-0.004679,0.812347,0.951350,0.951350,0.652862,1.185534,1.185534,0.963438,1.103340,1.103340,0.989553,1.112017,1.112017,-0.006403,0.087973,-0.010134,0.003613,0.061050,-0.009209,-0.010017,0.026923,-0.000925,0.025782,-0.633243,0.576784,0.856937,0.139051,-3.415238,3.110742,-3.415238,83.881739,-76.402993,3.110742,-76.402993,69.591039,0.000000,0.000000,153.611830,0.025782,-0.633243,0.576784,0.856937,0.106788,-2.622831,2.388984,-2.622831,64.419403,-58.675884,2.388984,-58.675884,53.444447,-0.000000,0.000000,117.970639,-0.015823,0.112802,0.068320,-0.015748,0.111331,0.067056,-0.000075,0.001471,0.001264,-0.014793,-0.125927,-0.061412,0.140883,1.175449,10.006290,4.879864,10.006290,85.180914,41.541001,4.879864,41.541001,20.258702,-0.000000,-0.000000,106.615065,-0.014793,-0.125927,-0.061412,0.140883,1.184920,10.086909,4.919181,10.086909,85.867208,41.875693,4.919181,41.875693,20.421924,-0.000000,0.000000,107.474052,0.001549,0.107172,0.070044,0.001485,0.106208,0.069536,0.000064,0.000964,0.000508,-0.007150,-0.068265,-0.007884,0.069090,1.079260,10.304252,1.190118,10.304252,98.380026,11.362676,1.190118,11.362676,1.312364,-0.000000,0.000000,100.771649,-0.007150,-0.068265,-0.007884,0.069090,1.088127,10.388913,1.199896,10.388913,99.188327,11.456033,1.199896,11.456033,1.323147,0.000000,0.000000,101.599601,0.014401,0.100791,0.049201,0.014430,0.100937,0.049291,-0.000030,-0.000146,-0.000090,0.000885,0.013485,-0.000636,0.013529,0.461908,7.034916,-0.331688,7.034916,107.142682,-5.051653,-0.331688,-5.051653,0.238180,-0.000000,-0.000000,107.842769,0.000885,0.013485,-0.000636,0.013529,0.460906,7.019651,-0.330968,7.019651,106.910197,-5.040692,-0.330968,-5.040692,0.237663,-0.000000,0.000000,107.608765,0.026934,0.083682,0.051278,0.026211,0.082939,0.049944,0.000723,0.000743,0.001334,0.015294,-0.102202,-0.000381,0.103341,1.731685,-11.571923,-0.043125,-11.571923,77.328941,0.288181,-0.043125,0.288181,0.001074,-0.000000,-0.000000,79.061701,0.015294,-0.102202,-0.000381,0.103341,1.822787,-12.180708,-0.045394,-12.180708,81.397124,0.303342,-0.045394,0.303342,0.001130,-0.000000,0.000000,83.221042
2.5394,post_ramp,0.010,100.0000,4.255263,-1.260932,-1.380583,-0.383495,-0.093573,1.336097,-2.072408,1.073787,-2.672195,1.584602,-2.408350,1.626020,-2.150641,0.020597,0.006016,0.022173,0.024231,0.023981,-0.053481,0.091545,0.021436,0.023993,0.013732,-0.078077,-0.116398,0.023983,1.580707,-0.714005,1.140977,0.332318,0.003119,0.000000,-0.003119,-0.004679,0.812347,0.950646,0.950646,0.652862,1.185534,1.185534,0.963438,1.104748,1.104748,0.988620,1.112017,1.112017,-0.006395,0.087950,-0.010180,0.003613,0.061050,-0.009209,-0.010008,0.026900,-0.000971,0.025730,-0.634212,0.578655,0.858911,0.137840,-3.397504,3.099885,-3.397504,83.742561,-76.406762,3.099885,-76.406762,69.713575,-0.000000,-0.000000,153.593975,0.025730,-0.634212,0.578655,0.858911,0.105926,-2.610896,2.382183,-2.610896,64.354040,-58.716664,2.382183,-58.716664,53.573119,-0.000000,0.000000,118.033086,-0.015825,0.112835,0.068348,-0.015748,0.111331,0.067056,-0.000076,0.001504,0.001293,-0.015076,-0.128582,-0.062927,0.143946,1.169120,9.971293,4.879879,9.971293,85.044050,41.619947,4.879879,41.619947,20.368503,-0.000000,0.000000,106.581673,-0.015076,-0.128582,-0.062927,0.143946,1.178681,10.052842,4.919789,10.052842,85.739571,41.960330,4.919789,41.960330,20.535084,0.000000,0.000000,107.453337,0.001549,0.107172,0.070044,0.001485,0.106208,0.069536,0.000064,0.000964,0.000508,-0.007150,-0.068265,-0.007884,0.069090,1.079260,10.304252,1.190118,10.304252,98.380026,11.362676,1.190118,11.362676,1.312364,-0.000000,0.000000,100.771649,-0.007150,-0.068265,-0.007884,0.069090,1.088127,10.388913,1.199896,10.388913,99.188327,11.456033,1.199896,11.456033,1.323147,0.000000,0.000000,101.599601,0.014391,0.100712,0.049175,0.014430,0.100937,0.049291,-0.000039,-0.000225,-0.000116,0.001252,0.019273,-0.000961,0.019338,0.451379,6.950989,-0.346702,6.950989,107.041341,-5.339023,-0.346702,-5.339023,0.266301,-0.000000,0.000000,107.759020,0.001252,0.019273,-0.000961,0.019338,0.450139,6.931888,-0.345750,6.931888,106.747201,-5.324352,-0.345750,-5.324352,0.265569,-0.000000,0.000000,107.462909,0.026953,0.083703,0.051313,0.026211,0.082939,0.049944,0.000742,0.000764,0.001369,0.015656,-0.104954,-0.000476,0.106116,1.720829,-11.536363,-0.052364,-11.536363,77.339300,0.351048,-0.052364,0.351048,0.001593,-0.000000,0.000000,79.061722,0.015656,-0.104954,-0.000476,0.106116,1.813680,-12.158833,-0.055190,-12.158833,81.512311,0.369989,-0.055190,0.369989,0.001679,-0.000000,0.000000,83.327670
2.5576,post_ramp,0.010,100.0000,4.255263,-1.262466,-1.380583,-0.383495,-0.093573,1.336097,-2.072408,1.073787,-2.672195,1.586136,-2.408350,1.624486,-2.150641,0.022182,-0.030512,0.023020,0.024114,0.023981,-0.028422,0.083776,0.020230,0.023987,0.023091,-0.088778,-0.089069,0.023982,1.580707,-0.714873,1.140977,0.332318,0.003119,0.000000,-0.003119,-0.004679,0.812347,0.950646,0.950646,0.652862,1.185534,1.185534,0.964371,1.104748,1.104748,0.987687,1.112017,1.112017,-0.006386,0.087926,-0.010226,0.003613,0.061050,-0.009209,-0.009999,0.026876,-0.001017,0.025678,-0.635179,0.580530,0.860887,0.136634,-3.379803,3.089011,-3.379803,83.603381,-76.410300,3.089011,-76.410300,69.836098,-0.000000,0.000000,153.576114,0.025678,-0.635179,0.580530,0.860887,0.105068,-2.598970,2.375359,-2.598970,64.288566,-58.757296,2.375359,-58.757296,53.701926,-0.000000,0.000000,118.095559,-0.015825,0.112835,0.068348,-0.015748,0.111331,0.067056,-0.000076,0.001504,0.001293,-0.015076,-0.128582,-0.062927,0.143946,1.169120,9.971293,4.879879,9.971293,85.044050,41.619947,4.879879,41.619947,20.368503,-0.000000,0.000000,106.581673,-0.015076,-0.128582,-0.062927,0.143946,1.178681,10.052842,4.919789,10.052842,85.739571,41.960330,4.919789,41.960330,20.535084,-0.000000,0.000000,107.453337,0.001549,0.107172,0.070044,0.001485,0.106208,0.069536,0.000064,0.000964,0.000508,-0.007150,-0.068265,-0.007884,0.069090,1.079260,10.304252,1.190118,10.304252,98.380026,11.362676,1.190118,11.362676,1.312364,-0.000000,0.000000,100.771649,-0.007150,-0.068265,-0.007884,0.069090,1.088127,10.388913,1.199896,10.388913,99.188327,11.456033,1.199896,11.456033,1.323147,0.000000,0.000000,101.599601,0.014376,0.100684,0.049123,0.014430,0.100937,0.049291,-0.000054,-0.000253,-0.000168,0.001556,0.024049,-0.001221,0.024130,0.448034,6.924975,-0.351669,6.924975,107.034954,-5.435518,-0.351669,-5.435518,0.276030,-0.000000,0.000000,107.759018,0.001556,0.024049,-0.001221,0.024130,0.446205,6.896715,-0.350233,6.896715,106.598166,-5.413337,-0.350233,-5.413337,0.274904,0.000000,0.000000,107.319275,0.026971,0.083723,0.051347,0.026211,0.082939,0.049944,0.000761,0.000784,0.001404,0.016014,-0.107706,-0.000576,0.108892,1.710004,-11.500783,-0.061545,-11.500783,77.349524,0.413924,-0.061545,0.413924,0.002215,-0.000000,0.000000,79.061743,0.016014,-0.107706,-0.000576,0.108892,1.804576,-12.136832,-0.064948,-12.136832,81.627327,0.436816,-0.064948,0.436816,0.002338,-0.000000,0.000000,83.434240
2.5758,post_ramp,0.010,100.0000,4.255263,-1.265534,-1.380583,-0.383495,-0.093573,1.334563,-2.072408,1.073787,-2.672195,1.587670,-2.408350,1.624486,-2.150641,0.023025,-0.062143,0.023470,0.024052,0.023981,-0.024925,0.061912,0.010751,0.023984,0.033328,-0.060014,-0.074545,0.023981,1.580707,-0.716611,1.140977,0.332318,0.003119,0.000000,-0.003119,-0.004679,0.811414,0.950646,0.950646,0.652862,1.185534,1.185534,0.965303,1.104748,1.104748,0.987687,1.112017,1.112017,-0.006368,0.087879,-0.010317,0.003613,0.061050,-0.009209,-0.009981,0.026829,-0.001108,0.025572,-0.637110,0.584288,0.864844,0.134241,-3.344498,3.067211,-3.344498,83.325024,-76.416686,3.067211,-76.416686,70.081106,-0.000000,0.000000,153.540371,0.025572,-0.637110,0.584288,0.864844,0.103361,-2.575144,2.361643,-2.575144,64.157284,-58.838111,2.361643,-58.838111,53.959942,-0.000000,0.000000,118.220587,-0.015834,0.112848,0.068412,-0.015748,0.111331,0.067056,-0.000086,0.001517,0.001356,-0.015612,-0.133320,-0.065397,0.149314,1.165177,9.950183,4.880857,9.950183,84.970878,41.680714,4.880857,41.680714,20.445615,-0.000000,0.000000,106.581671,-0.015612,-0.133320,-0.065397,0.149314,1.175864,10.041440,4.925622,10.041440,85.750177,42.062983,4.925622,42.062983,20.633130,-0.000000,0.000000,107.559171,0.001549,0.107172,0.070044,0.001485,0.106208,0.069536,0.000064,0.000964,0.000508,-0.007150,-0.068265,-0.007884,0.069090,1.079260,10.304252,1.190118,10.304252,98.380026,11.362676,1.190118,11.362676,1.312364,-0.000000,0.000000,100.771649,-0.007150,-0.068265,-0.007884,0.069090,1.088127,10.388913,1.199896,10.388913,99.188327,11.456033,1.199896,11.456033,1.323147,0.000000,0.000000,101.599601,0.014361,0.100657,0.049071,0.014430,0.100937,0.049291,-0.000069,-0.000281,-0.000220,0.001858,0.028823,-0.001490,0.028921,0.444700,6.898953,-0.356588,6.898953,107.028382,-5.531999,-0.356588,-5.531999,0.285934,-0.000000,0.000000,107.759016,0.001858,0.028823,-0.001490,0.028921,0.442293,6.861599,-0.354657,6.861599,106.448885,-5.502046,-0.354657,-5.502046,0.284385,-0.000000,0.000000,107.175563,0.026971,0.083723,0.051347,0.026211,0.082939,0.049944,0.000761,0.000784,0.001404,0.016014,-0.107706,-0.000576,0.108892,1.710004,-11.500783,-0.061545,-11.500783,77.349524,0.413924,-0.061545,0.413924,0.002215,-0.000000,0.000000,79.061743,0.016014,-0.107706,-0.000576,0.108892,1.804576,-12.136832,-0.064948,-12.136832,81.627326,0.436816,-0.064948,0.436816,0.002338,0.000000,0.000000,83.434239
2.5940,post_ramp,0.010,100.0000,4.255263,-1.271670,-1.380583,-0.383495,-0.093573,1.334563,-2.072408,1.073787,-2.672195,1.586136,-2.406816,1.624486,-2.150641,0.015226,-0.120202,0.023709,0.024018,0.023981,-0.022085,0.044139,0.010270,0.023983,0.030364,-0.020839,-0.055135,0.023981,1.580707,-0.720085,1.140977,0.332318,0.003119,0.000000,-0.003119,-0.004679,0.811414,0.950646,0.950646,0.652862,1.185534,1.185534,0.964371,1.104044,1.104044,0.987687,1.112017,1.112017,-0.006332,0.087785,-0.010499,0.003613,0.061050,-0.009209,-0.009945,0.026735,-0.001290,0.025356,-0.640953,0.591844,0.872779,0.129529,-3.274282,3.023410,-3.274282,82.768323,-76.426695,3.023410,-76.426695,70.570957,-0.000000,0.000000,153.468809,0.025356,-0.640953,0.591844,0.872779,0.099991,-2.527598,2.333935,-2.527598,63.893395,-58.997946,2.333935,-58.997946,54.477581,-0.000000,0.000000,118.470967,-0.015834,0.112848,0.068412,-0.015748,0.111331,0.067056,-0.000086,0.001517,0.001356,-0.015612,-0.133320,-0.065397,0.149314,1.165177,9.950183,4.880857,9.950183,84.970878,41.680714,4.880857,41.680714,20.445615,-0.000000,0.000000,106.581671,-0.015612,-0.133320,-0.065397,0.149314,1.175864,10.041440,4.925622,10.041440,85.750177,42.062983,4.925622,42.062983,20.633130,-0.000000,0.000000,107.559171,0.001549,0.107172,0.070044,0.001485,0.106208,0.069536,0.000064,0.000964,0.000508,-0.007150,-0.068265,-0.007884,0.069090,1.079260,10.304252,1.190118,10.304252,98.380026,11.362676,1.190118,11.362676,1.312364,-0.000000,0.000000,100.771649,-0.007150,-0.068265,-0.007884,0.069090,1.088127,10.388913,1.199896,10.388913,99.188327,11.456033,1.199896,11.456033,1.323147,0.000000,0.000000,101.599601,0.014381,0.100724,0.049136,0.014430,0.100937,0.049291,-0.000049,-0.000213,-0.000155,0.001377,0.021159,-0.001046,0.021230,0.453264,6.966950,-0.344292,6.966950,107.086399,-5.291978,-0.344292,-5.291978,0.261518,0.000000,0.000000,107.801181,0.001377,0.021159,-0.001046,0.021230,0.451547,6.940558,-0.342987,6.940558,106.680737,-5.271931,-0.342987,-5.271931,0.260527,-0.000000,0.000000,107.392811,0.026971,0.083723,0.051347,0.026211,0.082939,0.049944,0.000761,0.000784,0.001404,0.016014,-0.107707,-0.000576,0.108892,1.710004,-11.500783,-0.061545,-11.500783,77.349524,0.413924,-0.061545,0.413924,0.002215,-0.000000,0.000000,79.061743,0.016014,-0.107707,-0.000576,0.108892,1.804576,-12.136832,-0.064948,-12.136832,81.627329,0.436816,-0.064948,0.436816,0.002338,-0.000000,0.000000,83.434242
2.6123,post_ramp,0.010,100.0000,4.255263,-1.277806,-1.380583,-0.383495,-0.093573,1.334563,-2.072408,1.073787,-2.672195,1.584602,-2.406816,1.624486,-2.150641,0.008092,-0.194962,0.023837,0.024001,0.023981,-0.011737,0.034694,0.008447,0.023982,0.017553,0.011398,-0.029301,0.023981,1.580707,-0.723559,1.140977,0.332318,0.003119,0.000000,-0.003119,-0.004679,0.811414,0.950646,0.950646,0.652862,1.185534,1.185534,0.963438,1.104044,1.104044,0.987687,1.112017,1.112017,-0.006296,0.087689,-0.010681,0.003613,0.061050,-0.009209,-0.009909,0.026640,-0.001472,0.025133,-0.644772,0.599451,0.880741,0.124914,-3.204593,2.979343,-3.204593,82.211667,-76.433027,2.979343,-76.433027,71.060567,-0.000000,0.000000,153.397148,0.025133,-0.644772,0.599451,0.880741,0.096677,-2.480196,2.305864,-2.480196,63.627754,-59.155374,2.305864,-59.155374,54.997356,-0.000000,0.000000,118.721787,-0.015834,0.112848,0.068412,-0.015748,0.111331,0.067056,-0.000086,0.001517,0.001356,-0.015612,-0.133320,-0.065397,0.149314,1.165177,9.950183,4.880857,9.950183,84.970878,41.680714,4.880857,41.680714,20.445615,-0.000000,0.000000,106.581671,-0.015612,-0.133320,-0.065397,0.149314,1.175864,10.041440,4.925622,10.041440,85.750177,42.062983,4.925622,42.062983,20.633130,0.000000,0.000000,107.559171,0.001549,0.107172,0.070044,0.001485,0.106208,0.069536,0.000064,0.000964,0.000508,-0.007150,-0.068265,-0.007884,0.069090,1.079260,10.304252,1.190118,10.304252,98.380026,11.362676,1.190118,11.362676,1.312364,-0.000000,0.000000,100.771649,-0.007150,-0.068265,-0.007884,0.069090,1.088127,10.388913,1.199896,10.388913,99.188327,11.456033,1.199896,11.456033,1.323147,0.000000,0.000000,101.599601,0.014396,0.100751,0.049188,0.014430,0.100937,0.049291,-0.000035,-0.000186,-0.000103,0.001070,0.016380,-0.000795,0.016434,0.456629,6.992964,-0.339253,6.992964,107.092506,-5.195424,-0.339253,-5.195424,0.252048,-0.000000,0.000000,107.801183,0.001070,0.016380,-0.000795,0.016434,0.455507,6.975777,-0.338419,6.975777,106.829300,-5.182655,-0.338419,-5.182655,0.251428,-0.000000,0.000000,107.536236,0.026971,0.083723,0.051347,0.026211,0.082939,0.049944,0.000761,0.000784,0.001404,0.016014,-0.107707,-0.000576,0.108892,1.710004,-11.500783,-0.061545,-11.500783,77.349524,0.413924,-0.061545,0.413924,0.002215,-0.000000,0.000000,79.061743,0.016014,-0.107707,-0.000576,0.108892,1.804576,-12.136832,-0.064948,-12.136832,81.627331,0.436816,-0.064948,0.436816,0.002338,-0.000000,0.000000,83.434244
2.6311,post_ramp,0.010,100.0000,4.255263,-1.283942,-1.380583,-0.383495,-0.093573,1.334563,-2.072408,1.073787,-2.672195,1.584602,-2.406816,1.624486,-2.150641,0.014121,-0.243185,0.023904,0.023991,0.023981,-0.006237,0.029674,0.004489,0.023981,-0.001908,0.020283,-0.015572,0.023981,1.580707,-0.727034,1.140977,0.332318,0.003119,0.000000,-0.003119,-0.004679,0.811414,0.950646,0.950646,0.652862,1.185534,1.185534,0.963438,1.104044,1.104044,0.987687,1.112017,1.112017,-0.006260,0.087594,-0.010863,0.003613,0.061050,-0.009209,-0.009874,0.026544,-0.001654,0.024904,-0.648567,0.607110,0.888731,0.120396,-3.135431,2.935014,-3.135431,81.655084,-76.435686,2.935014,-76.435686,71.549912,-0.000000,0.000000,153.325392,0.024904,-0.648567,0.607110,0.888731,0.093421,-2.432942,2.277428,-2.432942,63.360377,-59.310378,2.277428,-59.310378,55.519254,-0.000000,0.000000,118.973053,-0.015834,0.112848,0.068412,-0.015748,0.111331,0.067056,-0.000086,0.001517,0.001356,-0.015612,-0.133320,-0.065397,0.149314,1.165177,9.950183,4.880857,9.950183,84.970878,41.680714,4.880857,41.680714,20.445615,-0.000000,0.000000,106.581671,-0.015612,-0.133320,-0.065397,0.149314,1.175864,10.041440,4.925622,10.041440,85.750177,42.062983,4.925622,42.062983,20.633130,0.000000,0.000000,107.559171,0.001549,0.107172,0.070044,0.001485,0.106208,0.069536,0.000064,0.000964,0.000508,-0.007150,-0.068265,-0.007884,0.069090,1.079260,10.304252,1.190118,10.304252,98.380026,11.362676,1.190118,11.362676,1.312364,-0.000000,0.000000,100.771649,-0.007150,-0.068265,-0.007884,0.069090,1.088127,10.388913,1.199896,10.388913,99.188327,11.456033,1.199896,11.456033,1.323147,0.000000,0.000000,101.599601,0.014396,0.100751,0.049188,0.014430,0.100937,0.049291,-0.000035,-0.000186,-0.000103,0.001070,0.016380,-0.000795,0.016434,0.456629,6.992964,-0.339253,6.992964,107.092506,-5.195424,-0.339253,-5.195424,0.252048,-0.000000,0.000000,107.801183,0.001070,0.016380,-0.000795,0.016434,0.455507,6.975777,-0.338419,6.975777,106.829300,-5.182655,-0.338419,-5.182655,0.251428,-0.000000,0.000000,107.536236,0.026971,0.083723,0.051347,0.026211,0.082939,0.049944,0.000761,0.000784,0.001404,0.016014,-0.107707,-0.000576,0.108892,1.710004,-11.500783,-0.061545,-11.500783,77.349524,0.413924,-0.061545,0.413924,0.002215,-0.000000,0.000000,79.061743,0.016014,-0.107707,-0.000576,0.108892,1.804576,-12.136832,-0.064948,-12.136832,81.627331,0.436816,-0.064948,0.436816,0.002338,-0.000000,0.000000,83.434244
2.6492,post_ramp,0.010,100.0000,4.255263,-1.288544,-1.380583,-0.383495,-0.093573,1.336097,-2.072408,1.073787,-2.672195,1.583068,-2.406816,1.624486,-2.150641,0.012892,-0.265649,0.014120,0.023986,0.023981,0.003640,0.015770,0.012206,0.023981,-0.029336,0.022016,-0.008275,0.023981,1.580707,-0.729640,1.140977,0.332318,0.003119,0.000000,-0.003119,-0.004679,0.812347,0.950646,0.950646,0.652862,1.185534,1.185534,0.962505,1.104044,1.104044,0.987687,1.112017,1.112017,-0.006234,0.087521,-0.010999,0.003613,0.061050,-0.009209,-0.009847,0.026471,-0.001790,0.024728,-0.651397,0.612889,0.894741,0.117070,-3.083906,2.901598,-3.083906,81.237713,-76.435273,2.901598,-76.435273,71.916733,-0.000000,0.000000,153.271516,0.024728,-0.651397,0.612889,0.894741,0.091017,-2.397600,2.255864,-2.397600,63.158715,-59.425031,2.255864,-59.425031,55.912067,0.000000,0.000000,119.161798,-0.015825,0.112835,0.068348,-0.015748,0.111331,0.067056,-0.000076,0.001504,0.001293,-0.015076,-0.128582,-0.062927,0.143946,1.169120,9.971293,4.879879,9.971293,85.044050,41.619947,4.879879,41.619947,20.368503,-0.000000,0.000000,106.581673,-0.015076,-0.128582,-0.062927,0.143946,1.178681,10.052842,4.919789,10.052842,85.739571,41.960330,4.919789,41.960330,20.535084,-0.000000,0.000000,107.453337,0.001549,0.107172,0.070044,0.001485,0.106208,0.069536,0.000064,0.000964,0.000508,-0.007150,-0.068265,-0.007884,0.069090,1.079260,10.304252,1.190118,10.304252,98.380026,11.362676,1.190118,11.362676,1.312364,-0.000000,0.000000,100.771649,-0.007150,-0.068265,-0.007884,0.069090,1.088127,10.388913,1.199896,10.388913,99.188327,11.456033,1.199896,11.456033,1.323147,0.000000,0.000000,101.599601,0.014411,0.100779,0.049240,0.014430,0.100937,0.049291,-0.000020,-0.000158,-0.000051,0.000760,0.011599,-0.000552,0.011637,0.460006,7.018971,-0.334167,7.018971,107.098427,-5.098857,-0.334167,-5.098857,0.242752,-0.000000,0.000000,107.801186,0.000760,0.011599,-0.000552,0.011637,0.459487,7.011053,-0.333790,7.011053,106.977616,-5.093105,-0.333790,-5.093105,0.242478,0.000000,0.000000,107.679582,0.026971,0.083723,0.051347,0.026211,0.082939,0.049944,0.000761,0.000784,0.001404,0.016014,-0.107707,-0.000576,0.108892,1.710004,-11.500783,-0.061545,-11.500783,77.349524,0.413924,-0.061545,0.413924,0.002215,0.000000,0.000000,79.061743,0.016014,-0.107707,-0.000576,0.108892,1.804576,-12.136832,-0.064948,-12.136832,81.627332,0.436816,-0.064948,0.436816,0.002338,-0.000000,0.000000,83.434245
2.6668,post_ramp,0.010,100.0000,4.255263,-1.294680,-1.380583,-0.383495,-0.093573,1.337631,-2.070874,1.073787,-2.672195,1.584602,-2.406816,1.624486,-2.150641,0.013531,-0.276014,0.009902,0.023984,0.023981,0.035462,0.012937,0.017723,0.023981,-0.022862,0.022937,-0.004398,0.023981,1.580707,-0.733114,1.140977,0.332318,0.003119,0.000000,-0.003119,-0.004679,0.813280,0.949942,0.949942,0.652862,1.185534,1.185534,0.963438,1.104044,1.104044,0.987687,1.112017,1.112017,-0.006198,0.087424,-0.011180,0.003613,0.061050,-0.009209,-0.009811,0.026374,-0.001971,0.024488,-0.655148,0.620639,0.902780,0.112718,-3.015670,2.856822,-3.015670,80.681330,-76.431517,2.856822,-76.431517,72.405559,-0.000000,0.000000,153.199607,0.024488,-0.655148,0.620639,0.902780,0.087860,-2.350611,2.226795,-2.350611,62.888339,-59.575756,2.226795,-59.575756,56.437659,-0.000000,-0.000000,119.413858,-0.015817,0.112855,0.068312,-0.015748,0.111331,0.067056,-0.000068,0.001524,0.001257,-0.014822,-0.126495,-0.061979,0.141641,1.166745,9.957408,4.878843,9.957408,84.980019,41.637757,4.878843,41.637757,20.401299,-0.000000,0.000000,106.548063,-0.014822,-0.126495,-0.061979,0.141641,1.175270,10.030163,4.914490,10.030163,85.600932,41.941986,4.914490,41.941986,20.550362,0.000000,0.000000,107.326563,0.001549,0.107172,0.070044,0.001485,0.106208,0.069536,0.000064,0.000964,0.000508,-0.007150,-0.068265,-0.007884,0.069090,1.079260,10.304252,1.190118,10.304252,98.380026,11.362676,1.190118,11.362676,1.312364,-0.000000,0.000000,100.771649,-0.007150,-0.068265,-0.007884,0.069090,1.088127,10.388913,1.199896,10.388913,99.188327,11.456033,1.199896,11.456033,1.323147,0.000000,0.000000,101.599601,0.014396,0.100751,0.049188,0.014430,0.100937,0.049291,-0.000035,-0.000186,-0.000103,0.001070,0.016380,-0.000795,0.016434,0.456629,6.992964,-0.339253,6.992964,107.092506,-5.195424,-0.339253,-5.195424,0.252048,-0.000000,-0.000000,107.801183,0.001070,0.016380,-0.000795,0.016434,0.455507,6.975777,-0.338419,6.975777,106.829300,-5.182655,-0.338419,-5.182655,0.251428,-0.000000,0.000000,107.536235,0.026971,0.083723,0.051347,0.026211,0.082939,0.049944,0.000761,0.000784,0.001404,0.016014,-0.107707,-0.000576,0.108892,1.710004,-11.500783,-0.061545,-11.500783,77.349524,0.413924,-0.061545,0.413924,0.002215,-0.000000,0.000000,79.061743,0.016014,-0.107707,-0.000576,0.108892,1.804576,-12.136832,-0.064948,-12.136832,81.627329,0.436816,-0.064948,0.436816,0.002338,-0.000000,0.000000,83.434242
2.6849,post_ramp,0.010,100.0000,4.255263,-1.297748,-1.380583,-0.383495,-0.093573,1.342233,-2.072408,1.073787,-2.672195,1.584602,-2.406816,1.629088,-2.150641,0.014613,-0.275024,0.016499,0.023982,0.023981,0.093096,0.018112,0.012408,0.023981,0.008907,0.023426,0.030599,0.023981,1.580707,-0.734851,1.140977,0.332318,0.003119,0.000000,-0.003119,-0.004679,0.816078,0.950646,0.950646,0.652862,1.185534,1.185534,0.963438,1.104044,1.104044,0.990485,1.112017,1.112017,-0.006180,0.087376,-0.011270,0.003613,0.061050,-0.009209,-0.009794,0.026326,-0.002061,0.024365,-0.657014,0.624533,0.906810,0.110578,-2.981750,2.834340,-2.981750,80.403194,-76.428267,2.834340,-76.428267,72.649850,-0.000000,0.000000,153.163622,0.024365,-0.657014,0.624533,0.906810,0.086303,-2.327176,2.212126,-2.327176,62.752517,-59.650194,2.212126,-59.650194,56.701242,-0.000000,0.000000,119.540062,-0.015786,0.112783,0.068093,-0.015748,0.111331,0.067056,-0.000038,0.001452,0.001037,-0.012914,-0.109595,-0.053138,0.122481,1.184954,10.055779,4.875609,10.055779,85.335553,41.375491,4.875609,41.375491,20.061173,0.000000,0.000000,106.581679,-0.012914,-0.109595,-0.053138,0.122481,1.189928,10.097995,4.896078,10.097995,85.693809,41.549194,4.896078,41.549194,20.145394,-0.000000,0.000000,107.029131,0.001549,0.107172,0.070044,0.001485,0.106208,0.069536,0.000064,0.000964,0.000508,-0.007150,-0.068265,-0.007884,0.069090,1.079260,10.304252,1.190118,10.304252,98.380026,11.362676,1.190118,11.362676,1.312364,-0.000000,0.000000,100.771649,-0.007150,-0.068265,-0.007884,0.069090,1.088127,10.388913,1.199896,10.388913,99.188327,11.456033,1.199896,11.456033,1.323147,0.000000,0.000000,101.599601,0.014396,0.100751,0.049188,0.014430,0.100937,0.049291,-0.000035,-0.000186,-0.000103,0.001070,0.016380,-0.000795,0.016435,0.456629,6.992964,-0.339253,6.992964,107.092506,-5.195424,-0.339253,-5.195424,0.252048,-0.000000,-0.000000,107.801183,0.001070,0.016380,-0.000795,0.016435,0.455507,6.975777,-0.338419,6.975777,106.829293,-5.182655,-0.338419,-5.182655,0.251428,-0.000000,0.000000,107.536228,0.026915,0.083662,0.051243,0.026211,0.082939,0.049944,0.000704,0.000723,0.001299,0.014930,-0.099452,-0.000290,0.100566,1.742574,-11.607461,-0.033827,-11.607461,77.318449,0.225325,-0.033827,0.225325,0.000657,-0.000000,-0.000000,79.061680,0.014930,-0.099452,-0.000290,0.100566,1.831898,-12.202455,-0.035561,-12.202455,81.281762,0.236875,-0.035561,0.236875,0.000690,-0.000000,-0.000000,83.114350
2.7031,post_ramp,0.010,100.0000,4.255263,-1.303884,-1.380583,-0.383495,-0.093573,1.343767,-2.072408,1.073787,-2.672195,1.584602,-2.406816,1.641359,-2.150641,0.013488,-0.257926,0.020402,0.023982,0.023981,0.142216,0.012927,0.008333,0.023981,0.019462,0.023715,0.165395,0.023981,1.580707,-0.738326,1.140977,0.332318,0.003119,0.000000,-0.003119,-0.004679,0.817010,0.950646,0.950646,0.652862,1.185534,1.185534,0.963438,1.104044,1.104044,0.997947,1.112017,1.112017,-0.006145,0.087278,-0.011451,0.003613,0.061050,-0.009209,-0.009758,0.026228,-0.002242,0.024116,-0.660728,0.632361,0.914890,0.106368,-2.914310,2.789192,-2.914310,79.847052,-76.419026,2.789192,-76.419026,73.138174,-0.000000,0.000000,153.091594,0.024116,-0.660728,0.632361,0.914890,0.083232,-2.280422,2.182518,-2.280422,62.479612,-59.797212,2.182518,-59.797212,57.229975,-0.000000,0.000000,119.792819,-0.015777,0.112770,0.068029,-0.015748,0.111331,0.067056,-0.000028,0.001439,0.000973,-0.012369,-0.104839,-0.050713,0.117116,1.188928,10.076911,4.874452,10.076911,85.408131,41.314031,4.874452,41.314031,19.984621,-0.000000,0.000000,106.581681,-0.012369,-0.104839,-0.050713,0.117116,1.192734,10.109168,4.890055,10.109168,85.681533,41.446282,4.890055,41.446282,20.048594,-0.000000,0.000000,106.922861,0.001549,0.107172,0.070044,0.001485,0.106208,0.069536,0.000064,0.000964,0.000508,-0.007150,-0.068265,-0.007884,0.069090,1.079260,10.304252,1.190118,10.304252,98.380026,11.362676,1.190118,11.362676,1.312364,-0.000000,0.000000,100.771649,-0.007150,-0.068265,-0.007884,0.069090,1.088127,10.388913,1.199896,10.388913,99.188327,11.456033,1.199896,11.456033,1.323147,0.000000,0.000000,101.599601,0.014396,0.100751,0.049188,0.014430,0.100937,0.049291,-0.000035,-0.000186,-0.000103,0.001070,0.016381,-0.000795,0.016435,0.456629,6.992964,-0.339253,6.992964,107.092506,-5.195424,-0.339253,-5.195424,0.252048,-0.000000,0.000000,107.801183,0.001070,0.016381,-0.000795,0.016435,0.455507,6.975776,-0.338419,6.975776,106.829279,-5.182654,-0.338419,-5.182654,0.251428,-0.000000,0.000000,107.536214,0.026765,0.083499,0.050964,0.026211,0.082939,0.049944,0.000554,0.000560,0.001021,0.011931,-0.077491,0.000278,0.078404,1.830844,-11.890983,0.042670,-11.890983,77.229671,-0.277134,0.042670,-0.277134,0.000994,-0.000000,0.000000,79.061510,0.011931,-0.077491,0.000278,0.078404,1.904885,-12.371866,0.044396,-12.371866,80.352915,-0.288341,0.044396,-0.288341,0.001035,-0.000000,0.000000,82.258835
2.7212,post_ramp,0.010,100.0000,4.255263,-1.306952,-1.380583,-0.383495,-0.093573,1.342233,-2.073942,1.073787,-2.672195,1.584602,-2.406816,1.649029,-2.150641,0.013667,-0.239616,0.022079,0.023981,0.023981,0.111477,-0.002951,0.015665,0.023981,0.021579,0.023840,0.327523,0.023981,1.580707,-0.740063,1.140977,0.332318,0.003119,0.000000,-0.003119,-0.004679,0.816078,0.951350,0.951350,0.652862,1.185534,1.185534,0.963438,1.104044,1.104044,1.002610,1.112017,1.112017,-0.006127,0.087228,-0.011541,0.003613,0.061050,-0.009209,-0.009740,0.026178,-0.002332,0.023988,-0.662575,0.636295,0.918941,0.104299,-2.880790,2.766526,-2.880790,79.569053,-76.413037,2.766526,-76.413037,73.382200,-0.000000,0.000000,153.055552,0.023988,-0.662575,0.636295,0.918941,0.081718,-2.257105,2.167580,-2.257105,62.342535,-59.869789,2.167580,-59.869789,57.495122,-0.000000,0.000000,119.919375,-0.015785,0.112750,0.068065,-0.015748,0.111331,0.067056,-0.000036,0.001419,0.001009,-0.012623,-0.106924,-0.051660,0.119419,1.191326,10.090827,4.875376,10.090827,85.471791,41.295631,4.875376,41.295631,19.951953,-0.000000,0.000000,106.615071,-0.012623,-0.106924,-0.051660,0.119419,1.196173,10.131879,4.895210,10.131879,85.819507,41.463630,4.895210,41.463630,20.033121,-0.000000,0.000000,107.048801,0.001549,0.107172,0.070044,0.001485,0.106208,0.069536,0.000064,0.000964,0.000508,-0.007150,-0.068265,-0.007884,0.069090,1.079260,10.304252,1.190118,10.304252,98.380026,11.362676,1.190118,11.362676,1.312364,-0.000000,0.000000,100.771649,-0.007150,-0.068265,-0.007884,0.069090,1.088127,10.388913,1.199896,10.388913,99.188327,11.456033,1.199896,11.456033,1.323147,0.000000,0.000000,101.599601,0.014396,0.100751,0.049188,0.014430,0.100937,0.049291,-0.000035,-0.000186,-0.000103,0.001070,0.016382,-0.000795,0.016436,0.456629,6.992964,-0.339253,6.992964,107.092506,-5.195424,-0.339253,-5.195424,0.252048,-0.000000,0.000000,107.801183,0.001070,0.016382,-0.000795,0.016436,0.455507,6.975775,-0.338419,6.975775,106.829271,-5.182654,-0.338419,-5.182654,0.251428,-0.000000,0.000000,107.536206,0.026671,0.083396,0.050791,0.026211,0.082939,0.049944,0.000460,0.000457,0.000848,0.009977,-0.063805,0.000488,0.064582,1.887053,-12.067460,0.092384,-12.067460,77.169828,-0.590782,0.092384,-0.590782,0.004523,0.000000,0.000000,79.061404,0.009977,-0.063805,0.000488,0.064582,1.950565,-12.473606,0.095493,-12.473606,79.767082,-0.610666,0.095493,-0.610666,0.004675,-0.000000,0.000000,81.722322
2.7394,post_ramp,0.010,100.0000,4.255263,-1.311554,-1.380583,-0.383495,-0.093573,1.339165,-2.075476,1.073787,-2.672195,1.584602,-2.406816,1.653631,-2.150641,0.018500,-0.220223,0.022970,0.023981,0.023981,0.032279,-0.029890,0.019561,0.023981,0.022704,0.023906,0.408638,0.023981,1.580707,-0.742669,1.140977,0.332318,0.003119,0.000000,-0.003119,-0.004679,0.814212,0.952053,0.952053,0.652862,1.185534,1.185534,0.963438,1.104044,1.104044,1.005408,1.112017,1.112017,-0.006100,0.087154,-0.011676,0.003613,0.061050,-0.009209,-0.009714,0.026104,-0.002467,0.023795,-0.665334,0.642220,0.925031,0.101238,-2.830758,2.732415,-2.830758,79.152154,-76.402344,2.732415,-76.402344,73.748064,-0.000000,0.000000,153.001456,0.023795,-0.665334,0.642220,0.925031,0.079474,-2.222206,2.145005,-2.222206,62.136142,-59.977482,2.145005,-59.977482,57.893815,-0.000000,0.000000,120.109431,-0.015802,0.112744,0.068164,-0.015748,0.111331,0.067056,-0.000054,0.001413,0.001109,-0.013423,-0.113765,-0.055029,0.127086,1.189742,10.083581,4.877475,10.083581,85.462763,41.338730,4.877475,41.338730,19.995733,-0.000000,0.000000,106.648239,-0.013423,-0.113765,-0.055029,0.127086,1.196805,10.143446,4.906431,10.143446,85.970143,41.584152,4.906431,41.584152,20.114445,-0.000000,-0.000000,107.281393,0.001549,0.107172,0.070044,0.001485,0.106208,0.069536,0.000064,0.000964,0.000508,-0.007150,-0.068265,-0.007884,0.069090,1.079260,10.304252,1.190118,10.304252,98.380026,11.362676,1.190118,11.362676,1.312364,-0.000000,0.000000,100.771649,-0.007150,-0.068265,-0.007884,0.069090,1.088127,10.388913,1.199896,10.388913,99.188327,11.456033,1.199896,11.456033,1.323147,0.000000,0.000000,101.599601,0.014396,0.100751,0.049188,0.014430,0.100937,0.049291,-0.000035,-0.000186,-0.000103,0.001070,0.016382,-0.000795,0.016436,0.456629,6.992964,-0.339253,6.992964,107.092506,-5.195424,-0.339253,-5.195424,0.252048,-0.000000,0.000000,107.801183,0.001070,0.016382,-0.000795,0.016436,0.455507,6.975775,-0.338419,6.975775,106.829266,-5.182654,-0.338419,-5.182654,0.251428,-0.000000,0.000000,107.536201,0.026615,0.083334,0.050687,0.026211,0.082939,0.049944,0.000404,0.000395,0.000744,0.008776,-0.055609,0.000561,0.056300,1.921161,-12.173070,0.122913,-12.173070,77.132315,-0.778814,0.122913,-0.778814,0.007864,0.000000,0.000000,79.061340,0.008776,-0.055609,0.000561,0.056300,1.977984,-12.533115,0.126548,-12.533115,79.413670,-0.801849,0.126548,-0.801849,0.008096,-0.000000,0.000000,81.399750
2.7576,post_ramp,0.010,100.0000,4.255263,-1.314622,-1.380583,-0.383495,-0.093573,1.336097,-2.077010,1.073787,-2.672195,1.584602,-2.406816,1.653631,-2.150641,0.019320,-0.206927,0.012207,0.023981,0.023981,-0.032347,-0.044856,0.015133,0.023981,0.023303,0.023941,0.357364,0.023981,1.580707,-0.744406,1.140977,0.332318,0.003119,0.000000,-0.003119,-0.004679,0.812347,0.952757,0.952757,0.652862,1.185534,1.185534,0.963438,1.104044,1.104044,1.005408,1.112017,1.112017,-0.006083,0.087105,-0.011766,0.003613,0.061050,-0.009209,-0.009696,0.026055,-0.002557,0.023663,-0.667165,0.646186,0.929099,0.099226,-2.797571,2.709600,-2.797571,78.874294,-76.394077,2.709600,-76.394077,73.991850,-0.000000,0.000000,152.965370,0.023663,-0.667165,0.646186,0.929099,0.077995,-2.198991,2.129843,-2.198991,61.998033,-60.048493,2.129843,-60.048493,58.160257,-0.000000,0.000000,120.236285,-0.015820,0.112737,0.068264,-0.015748,0.111331,0.067056,-0.000071,0.001406,0.001208,-0.014221,-0.120604,-0.058404,0.134753,1.188155,10.076309,4.879555,10.076309,85.453506,41.381729,4.879555,41.381729,20.039523,-0.000000,0.000000,106.681183,-0.014221,-0.120604,-0.058404,0.134753,1.197433,10.154997,4.917661,10.154997,86.120832,41.704888,4.917661,41.704888,20.196016,-0.000000,0.000000,107.514281,0.001549,0.107172,0.070044,0.001485,0.106208,0.069536,0.000064,0.000964,0.000508,-0.007150,-0.068265,-0.007884,0.069090,1.079260,10.304252,1.190118,10.304252,98.380026,11.362676,1.190118,11.362676,1.312364,-0.000000,0.000000,100.771649,-0.007150,-0.068265,-0.007884,0.069090,1.088127,10.388913,1.199896,10.388913,99.188327,11.456033,1.199896,11.456033,1.323147,0.000000,0.000000,101.599601,0.014396,0.100751,0.049188,0.014430,0.100937,0.049291,-0.000035,-0.000186,-0.000103,0.001070,0.016382,-0.000795,0.016436,0.456629,6.992964,-0.339253,6.992964,107.092506,-5.195424,-0.339253,-5.195424,0.252048,-0.000000,0.000000,107.801183,0.001070,0.016382,-0.000795,0.016436,0.455507,6.975775,-0.338419,6.975775,106.829267,-5.182654,-0.338419,-5.182654,0.251428,-0.000000,0.000000,107.536202,0.026615,0.083334,0.050687,0.026211,0.082939,0.049944,0.000404,0.000395,0.000744,0.008776,-0.055609,0.000561,0.056300,1.921161,-12.173070,0.122913,-12.173070,77.132315,-0.778814,0.122913,-0.778814,0.007864,0.000000,0.000000,79.061340,0.008776,-0.055609,0.000561,0.056300,1.977984,-12.533115,0.126548,-12.533115,79.413671,-0.801849,0.126548,-0.801849,0.008096,-0.000000,0.000000,81.399752
2.7758,post_ramp,0.010,100.0000,4.255263,-1.316156,-1.380583,-0.383495,-0.093573,1.334563,-2.078544,1.073787,-2.672195,1.584602,-2.406816,1.653631,-2.150641,0.021504,-0.187642,0.008886,0.023981,0.023981,-0.073373,-0.053973,0.008042,0.023981,0.023620,0.023960,0.237052,0.023981,1.580707,-0.745275,1.140977,0.332318,0.003119,0.000000,-0.003119,-0.004679,0.811414,0.953461,0.953461,0.652862,1.185534,1.185534,0.963438,1.104044,1.104044,1.005408,1.112017,1.112017,-0.006074,0.087080,-0.011811,0.003613,0.061050,-0.009209,-0.009687,0.026030,-0.002602,0.023597,-0.668078,0.648174,0.931136,0.098229,-2.781027,2.698171,-2.781027,78.735387,-76.389602,2.698171,-76.389602,74.113706,0.000000,0.000000,152.947322,0.023597,-0.668078,0.648174,0.931136,0.077262,-2.187399,2.122229,-2.187399,61.928825,-60.083763,2.122229,-60.083763,58.293671,-0.000000,0.000000,120.299758,-0.015828,0.112718,0.068300,-0.015748,0.111331,0.067056,-0.000079,0.001387,0.001244,-0.014476,-0.122689,-0.059343,0.137053,1.190545,10.090168,4.880457,10.090168,85.516683,41.363083,4.880457,41.363083,20.006677,-0.000000,0.000000,106.713905,-0.014476,-0.122689,-0.059343,0.137053,1.200885,10.177797,4.922841,10.177797,86.259360,41.722305,4.922841,41.722305,20.180427,-0.000000,0.000000,107.640672,0.001549,0.107172,0.070044,0.001485,0.106208,0.069536,0.000064,0.000964,0.000508,-0.007150,-0.068265,-0.007884,0.069090,1.079260,10.304252,1.190118,10.304252,98.380026,11.362676,1.190118,11.362676,1.312364,-0.000000,0.000000,100.771649,-0.007150,-0.068265,-0.007884,0.069090,1.088127,10.388913,1.199896,10.388913,99.188327,11.456033,1.199896,11.456033,1.323147,0.000000,0.000000,101.599601,0.014396,0.100751,0.049188,0.014430,0.100937,0.049291,-0.000035,-0.000186,-0.000103,0.001070,0.016382,-0.000795,0.016436,0.456629,6.992964,-0.339253,6.992964,107.092506,-5.195424,-0.339253,-5.195424,0.252048,-0.000000,0.000000,107.801183,0.001070,0.016382,-0.000795,0.016436,0.455507,6.975775,-0.338419,6.975775,106.829268,-5.182654,-0.338419,-5.182654,0.251428,-0.000000,0.000000,107.536202,0.026615,0.083334,0.050687,0.026211,0.082939,0.049944,0.000404,0.000395,0.000744,0.008776,-0.055609,0.000561,0.056300,1.921161,-12.173070,0.122913,-12.173070,77.132315,-0.778814,0.122913,-0.778814,0.007864,-0.000000,0.000000,79.061340,0.008776,-0.055609,0.000561,0.056300,1.977984,-12.533115,0.126548,-12.533115,79.413672,-0.801849,0.126548,-0.801849,0.008096,-0.000000,-0.000000,81.399752
2.7940,post_ramp,0.010,100.0000,4.255263,-1.319223,-1.380583,-0.383495,-0.093573,1.331495,-2.077010,1.073787,-2.672195,1.584602,-2.406816,1.652097,-2.150641,0.018108,-0.160641,0.015959,0.023981,0.023981,-0.106412,-0.032439,0.012521,0.023981,0.023789,0.023970,0.119148,0.019424,1.580707,-0.747012,1.140977,0.332318,0.003119,0.000000,-0.003119,-0.004679,0.809549,0.952757,0.952757,0.652862,1.185534,1.185534,0.963438,1.104044,1.104044,1.004475,1.112017,1.112017,-0.006056,0.087030,-0.011901,0.003613,0.061050,-0.009209,-0.009669,0.025980,-0.002692,0.023464,-0.669899,0.652160,0.935215,0.096252,-2.748039,2.675268,-2.748039,78.457621,-76.379971,2.675268,-76.379971,74.357340,-0.000000,-0.000000,152.911213,0.023464,-0.669899,0.652160,0.935215,0.075804,-2.164247,2.106935,-2.164247,61.790104,-60.153830,2.106935,-60.153830,58.560886,-0.000000,0.000000,120.426794,-0.015849,0.112776,0.068455,-0.015748,0.111331,0.067056,-0.000100,0.001445,0.001400,-0.015840,-0.134842,-0.065757,0.150855,1.176249,10.012872,4.882871,10.012872,85.235040,41.565669,4.882871,41.565669,20.269890,-0.000000,0.000000,106.681179,-0.015840,-0.134842,-0.065757,0.150855,1.188958,10.121062,4.935631,10.121062,86.156007,42.014787,4.935631,42.014787,20.488906,-0.000000,0.000000,107.833871,0.001549,0.107172,0.070044,0.001485,0.106208,0.069536,0.000064,0.000964,0.000508,-0.007150,-0.068265,-0.007884,0.069090,1.079260,10.304252,1.190118,10.304252,98.380026,11.362676,1.190118,11.362676,1.312364,-0.000000,0.000000,100.771649,-0.007150,-0.068265,-0.007884,0.069090,1.088127,10.388913,1.199896,10.388913,99.188327,11.456033,1.199896,11.456033,1.323147,0.000000,0.000000,101.599601,0.014396,0.100751,0.049188,0.014430,0.100937,0.049291,-0.000035,-0.000186,-0.000103,0.001070,0.016382,-0.000795,0.016436,0.456629,6.992964,-0.339253,6.992964,107.092506,-5.195424,-0.339253,-5.195424,0.252048,-0.000000,0.000000,107.801183,0.001070,0.016382,-0.000795,0.016436,0.455507,6.975775,-0.338419,6.975775,106.829271,-5.182654,-0.338419,-5.182654,0.251428,0.000000,0.000000,107.536206,0.026634,0.083355,0.050722,0.026211,0.082939,0.049944,0.000423,0.000416,0.000778,0.009179,-0.058340,0.000542,0.059060,1.909760,-12.137890,0.112678,-12.137890,77.144953,-0.716150,0.112678,-0.716150,0.006648,-0.000000,0.000000,79.061361,0.009179,-0.058340,0.000542,0.059060,1.968844,-12.513408,0.116164,-12.513408,79.531638,-0.738306,0.116164,-0.738306,0.006854,-0.000000,0.000000,81.507336
2.8124,post_ramp,0.010,100.0000,4.255263,-1.320757,-1.380583,-0.383495,-0.093573,1.328427,-2.077010,1.073787,-2.672195,1.584602,-2.406816,1.650563,-2.150641,0.009623,-0.133306,0.019717,0.023981,0.023981,-0.129644,-0.000523,0.006654,0.023981,0.023879,0.023975,0.038163,0.010323,1.580707,-0.747881,1.140977,0.332318,0.003119,0.000000,-0.003119,-0.004679,0.807684,0.952757,0.952757,0.652862,1.185534,1.185534,0.963438,1.104044,1.104044,1.003543,1.112017,1.112017,-0.006047,0.087005,-0.011946,0.003613,0.061050,-0.009209,-0.009661,0.025955,-0.002737,0.023396,-0.670807,0.654157,0.937258,0.095272,-2.731596,2.663795,-2.731596,78.318763,-76.374815,2.663795,-76.374815,74.479117,0.000000,0.000000,152.893152,0.023396,-0.670807,0.654157,0.937258,0.075081,-2.152686,2.099254,-2.152686,61.720591,-60.188626,2.099254,-60.188626,58.694686,-0.000000,0.000000,120.490358,-0.015868,0.112801,0.068583,-0.015748,0.111331,0.067056,-0.000119,0.001470,0.001527,-0.016911,-0.144316,-0.070705,0.161593,1.168343,9.970603,4.884903,9.970603,85.088804,41.687602,4.884903,41.687602,20.424029,-0.000000,-0.000000,106.681176,-0.016911,-0.144316,-0.070705,0.161593,1.183296,10.098208,4.947421,10.098208,86.177782,42.221126,4.947421,42.221126,20.685418,0.000000,0.000000,108.046496,0.001549,0.107172,0.070044,0.001485,0.106208,0.069536,0.000064,0.000964,0.000508,-0.007150,-0.068265,-0.007884,0.069090,1.079260,10.304252,1.190118,10.304252,98.380026,11.362676,1.190118,11.362676,1.312364,-0.000000,0.000000,100.771649,-0.007150,-0.068265,-0.007884,0.069090,1.088127,10.388913,1.199896,10.388913,99.188327,11.456033,1.199896,11.456033,1.323147,0.000000,0.000000,101.599601,0.014396,0.100751,0.049188,0.014430,0.100937,0.049291,-0.000035,-0.000186,-0.000103,0.001070,0.016382,-0.000795,0.016436,0.456629,6.992964,-0.339253,6.992964,107.092506,-5.195424,-0.339253,-5.195424,0.252048,-0.000000,0.000000,107.801183,0.001070,0.016382,-0.000795,0.016436,0.455507,6.975775,-0.338419,6.975775,106.829273,-5.182654,-0.338419,-5.182654,0.251428,0.000000,0.000000,107.536208,0.026653,0.083375,0.050756,0.026211,0.082939,0.049944,0.000442,0.000436,0.000813,0.009580,-0.061072,0.000517,0.061821,1.898391,-12.102686,0.102502,-12.102686,77.157457,-0.653473,0.102502,-0.653473,0.005534,-0.000000,0.000000,79.061382,0.009580,-0.061072,0.000517,0.061821,1.959704,-12.493572,0.105812,-12.493572,79.649446,-0.674578,0.105812,-0.674578,0.005713,-0.000000,-0.000000,81.614863
2.8303,post_ramp,0.010,100.0000,4.255263,-1.320757,-1.380583,-0.383495,-0.093573,1.325359,-2.075476,1.073787,-2.672195,1.584602,-2.406816,1.649029,-2.150641,0.011613,-0.108836,0.021715,0.023981,0.023981,-0.147553,0.017457,0.005934,0.023981,0.023927,0.023978,-0.004590,0.005486,1.580707,-0.747881,1.140977,0.332318,0.003119,0.000000,-0.003119,-0.004679,0.805819,0.952053,0.952053,0.652862,1.185534,1.185534,0.963438,1.104044,1.104044,1.002610,1.112017,1.112017,-0.006047,0.087005,-0.011946,0.003613,0.061050,-0.009209,-0.009661,0.025955,-0.002737,0.023396,-0.670807,0.654157,0.937258,0.095272,-2.731596,2.663795,-2.731596,78.318763,-76.374815,2.663795,-76.374815,74.479117,0.000000,0.000000,152.893152,0.023396,-0.670807,0.654157,0.937258,0.075081,-2.152686,2.099254,-2.152686,61.720591,-60.188626,2.099254,-60.188626,58.694686,-0.000000,0.000000,120.490358,-0.015889,0.112859,0.068739,-0.015748,0.111331,0.067056,-0.000140,0.001528,0.001683,-0.018247,-0.156410,-0.077255,0.175401,1.154179,9.893432,4.886611,9.893432,84.804900,41.887241,4.886611,41.887241,20.689146,0.000000,0.000000,106.648224,-0.018247,-0.156410,-0.077255,0.175401,1.171373,10.040820,4.959410,10.040820,86.068289,42.511260,4.959410,42.511260,20.997364,-0.000000,0.000000,108.237026,0.001549,0.107172,0.070044,0.001485,0.106208,0.069536,0.000064,0.000964,0.000508,-0.007150,-0.068265,-0.007884,0.069090,1.079260,10.304252,1.190118,10.304252,98.380026,11.362676,1.190118,11.362676,1.312364,-0.000000,0.000000,100.771649,-0.007150,-0.068265,-0.007884,0.069090,1.088127,10.388913,1.199896,10.388913,99.188327,11.456033,1.199896,11.456033,1.323147,0.000000,0.000000,101.599601,0.014396,0.100751,0.049188,0.014430,0.100937,0.049291,-0.000035,-0.000186,-0.000103,0.001070,0.016381,-0.000795,0.016436,0.456629,6.992964,-0.339253,6.992964,107.092506,-5.195424,-0.339253,-5.195424,0.252048,-0.000000,-0.000000,107.801183,0.001070,0.016381,-0.000795,0.016436,0.455507,6.975776,-0.338419,6.975776,106.829276,-5.182654,-0.338419,-5.182654,0.251428,-0.000000,0.000000,107.536211,0.026671,0.083396,0.050791,0.026211,0.082939,0.049944,0.000460,0.000457,0.000848,0.009978,-0.063806,0.000488,0.064583,1.887053,-12.067460,0.092384,-12.067460,77.169828,-0.590782,0.092384,-0.590782,0.004523,-0.000000,0.000000,79.061404,0.009978,-0.063806,0.000488,0.064583,1.950565,-12.473608,0.095493,-12.473608,79.767096,-0.610666,0.095493,-0.610666,0.004675,-0.000000,0.000000,81.722336
2.8485,post_ramp,0.010,100.0000,4.255263,-1.322291,-1.380583,-0.383495,-0.093573,1.320757,-2.077010,1.073787,-2.672195,1.584602,-2.406816,1.647495,-2.150641,0.017408,-0.085050,0.022777,0.023981,0.023981,-0.157071,0.027194,0.014390,0.023981,0.023952,0.023979,-0.027310,0.002916,1.580707,-0.748749,1.140977,0.332318,0.003119,0.000000,-0.003119,-0.004679,0.803021,0.952757,0.952757,0.652862,1.185534,1.185534,0.963438,1.104044,1.104044,1.001677,1.112017,1.112017,-0.006039,0.086980,-0.011991,0.003613,0.061050,-0.009209,-0.009652,0.025930,-0.002782,0.023329,-0.671714,0.656158,0.939302,0.094298,-2.715185,2.652307,-2.715185,78.179922,-76.369431,2.652307,-76.369431,74.600868,-0.000000,0.000000,152.875088,0.023329,-0.671714,0.656158,0.939302,0.074362,-2.141136,2.091551,-2.141136,61.650977,-60.223264,2.091551,-60.223264,58.828614,-0.000000,0.000000,120.553952,-0.015916,0.112863,0.068903,-0.015748,0.111331,0.067056,-0.000168,0.001532,0.001847,-0.019555,-0.167935,-0.083233,0.188447,1.148691,9.865012,4.889355,9.865012,84.721152,41.989991,4.889355,41.989991,20.811324,0.000000,0.000000,106.681168,-0.019555,-0.167935,-0.083233,0.188447,1.169100,10.040279,4.976222,10.040279,86.226356,42.736009,4.976222,42.736009,21.181069,-0.000000,0.000000,108.576525,0.001549,0.107172,0.070044,0.001485,0.106208,0.069536,0.000064,0.000964,0.000508,-0.007150,-0.068265,-0.007884,0.069090,1.079260,10.304252,1.190118,10.304252,98.380026,11.362676,1.190118,11.362676,1.312364,-0.000000,0.000000,100.771649,-0.007150,-0.068265,-0.007884,0.069090,1.088127,10.388913,1.199896,10.388913,99.188327,11.456033,1.199896,11.456033,1.323147,0.000000,0.000000,101.599601,0.014396,0.100751,0.049188,0.014430,0.100937,0.049291,-0.000035,-0.000186,-0.000103,0.001070,0.016381,-0.000795,0.016435,0.456629,6.992964,-0.339253,6.992964,107.092506,-5.195424,-0.339253,-5.195424,0.252048,-0.000000,0.000000,107.801183,0.001070,0.016381,-0.000795,0.016435,0.455507,6.975776,-0.338419,6.975776,106.829279,-5.182654,-0.338419,-5.182654,0.251428,-0.000000,0.000000,107.536214,0.026690,0.083417,0.050826,0.026211,0.082939,0.049944,0.000479,0.000478,0.000882,0.010373,-0.066541,0.000455,0.067346,1.875748,-12.032210,0.082324,-12.032210,77.182064,-0.528078,0.082324,-0.528078,0.003613,-0.000000,0.000000,79.061425,0.010373,-0.066541,0.000455,0.067346,1.941427,-12.453517,0.085207,-12.453517,79.884587,-0.546569,0.085207,-0.546569,0.003740,-0.000000,-0.000000,81.829753
2.8667,post_ramp,0.010,100.0000,4.255263,-1.322291,-1.380583,-0.383495,-0.093573,1.316156,-2.078544,1.073787,-2.672195,1.584602,-2.406816,1.649029,-2.150641,0.015931,-0.065274,0.023341,0.023981,0.023981,-0.166685,-0.003434,0.018884,0.023981,0.023966,0.023980,-0.041269,0.001549,1.580707,-0.748749,1.140977,0.332318,0.003119,0.000000,-0.003119,-0.004679,0.800223,0.953461,0.953461,0.652862,1.185534,1.185534,0.963438,1.104044,1.104044,1.002610,1.112017,1.112017,-0.006039,0.086980,-0.011991,0.003613,0.061050,-0.009209,-0.009652,0.025930,-0.002782,0.023329,-0.671714,0.656158,0.939302,0.094298,-2.715185,2.652307,-2.715185,78.179922,-76.369431,2.652307,-76.369431,74.600868,-0.000000,0.000000,152.875088,0.023329,-0.671714,0.656158,0.939302,0.074362,-2.141136,2.091551,-2.141136,61.650977,-60.223264,2.091551,-60.223264,58.828614,-0.000000,0.000000,120.553952,-0.015943,0.112868,0.069066,-0.015748,0.111331,0.067056,-0.000195,0.001537,0.002010,-0.020855,-0.179446,-0.089244,0.201495,1.143213,9.836563,4.892009,9.836563,84.636900,42.092395,4.892009,42.092395,20.933774,-0.000000,-0.000000,106.713886,-0.020855,-0.179446,-0.089244,0.201495,1.166808,10.039584,4.992977,10.039584,86.383757,42.961158,4.992977,42.961158,21.365835,0.000000,0.000000,108.916399,0.001549,0.107172,0.070044,0.001485,0.106208,0.069536,0.000064,0.000964,0.000508,-0.007150,-0.068265,-0.007884,0.069090,1.079260,10.304252,1.190118,10.304252,98.380026,11.362676,1.190118,11.362676,1.312364,-0.000000,0.000000,100.771649,-0.007150,-0.068265,-0.007884,0.069090,1.088127,10.388913,1.199896,10.388913,99.188327,11.456033,1.199896,11.456033,1.323147,0.000000,0.000000,101.599601,0.014396,0.100751,0.049188,0.014430,0.100937,0.049291,-0.000035,-0.000186,-0.000103,0.001070,0.016381,-0.000795,0.016435,0.456629,6.992964,-0.339253,6.992964,107.092506,-5.195424,-0.339253,-5.195424,0.252048,-0.000000,0.000000,107.801183,0.001070,0.016381,-0.000795,0.016435,0.455507,6.975776,-0.338419,6.975776,106.829279,-5.182654,-0.338419,-5.182654,0.251428,-0.000000,0.000000,107.536214,0.026671,0.083396,0.050791,0.026211,0.082939,0.049944,0.000460,0.000457,0.000848,0.009978,-0.063806,0.000488,0.064583,1.887053,-12.067460,0.092384,-12.067460,77.169828,-0.590782,0.092384,-0.590782,0.004523,-0.000000,0.000000,79.061404,0.009978,-0.063806,0.000488,0.064583,1.950565,-12.473609,0.095493,-12.473609,79.767102,-0.610666,0.095493,-0.610666,0.004675,-0.000000,0.000000,81.722343
2.8849,post_ramp,0.010,100.0000,4.255263,-1.322291,-1.380583,-0.383495,-0.093573,1.313088,-2.078544,1.073787,-2.672195,1.584602,-2.406816,1.650563,-2.153709,0.013023,-0.036105,0.023641,0.023981,0.023981,-0.182289,-0.037108,0.021272,0.023981,0.023973,0.023980,-0.009895,-0.015951,1.580707,-0.748749,1.140977,0.332318,0.003119,0.000000,-0.003119,-0.004679,0.798357,0.953461,0.953461,0.652862,1.185534,1.185534,0.963438,1.104044,1.104044,1.003543,1.113603,1.113603,-0.006039,0.086980,-0.011991,0.003613,0.061050,-0.009209,-0.009652,0.025930,-0.002782,0.023329,-0.671714,0.656158,0.939302,0.094298,-2.715185,2.652307,-2.715185,78.179922,-76.369431,2.652307,-76.369431,74.600868,-0.000000,0.000000,152.875088,0.023329,-0.671714,0.656158,0.939302,0.074362,-2.141136,2.091551,-2.141136,61.650977,-60.223264,2.091551,-60.223264,58.828614,-0.000000,0.000000,120.553952,-0.015963,0.112892,0.069194,-0.015748,0.111331,0.067056,-0.000214,0.001561,0.002138,-0.021893,-0.188853,-0.094354,0.212244,1.135413,9.794362,4.893433,9.794362,84.488629,42.211985,4.893433,42.211985,21.089841,-0.000000,0.000000,106.713883,-0.021893,-0.188853,-0.094354,0.212244,1.161097,10.015914,5.004125,10.015914,86.399793,43.166836,5.004125,43.166836,21.566901,-0.000000,0.000000,109.127791,0.001549,0.107172,0.070044,0.001485,0.106208,0.069536,0.000064,0.000964,0.000508,-0.007150,-0.068265,-0.007884,0.069090,1.079260,10.304252,1.190118,10.304252,98.380026,11.362676,1.190118,11.362676,1.312364,-0.000000,0.000000,100.771649,-0.007150,-0.068265,-0.007884,0.069090,1.088127,10.388913,1.199896,10.388913,99.188327,11.456033,1.199896,11.456033,1.323147,0.000000,0.000000,101.599601,0.014396,0.100751,0.049188,0.014430,0.100937,0.049291,-0.000035,-0.000186,-0.000103,0.001070,0.016381,-0.000795,0.016435,0.456629,6.992964,-0.339253,6.992964,107.092506,-5.195424,-0.339253,-5.195424,0.252048,-0.000000,0.000000,107.801183,0.001070,0.016381,-0.000795,0.016435,0.455507,6.975776,-0.338419,6.975776,106.829277,-5.182654,-0.338419,-5.182654,0.251428,-0.000000,-0.000000,107.536212,0.026649,0.083304,0.050741,0.026211,0.082939,0.049944,0.000438,0.000365,0.000798,0.008993,-0.056738,0.000638,0.057450,1.932917,-12.195346,0.137054,-12.195346,76.944040,-0.864714,0.137054,-0.864714,0.009718,-0.000000,0.000000,78.886676,0.008993,-0.056738,0.000638,0.057450,1.994575,-12.584360,0.141426,-12.584360,79.398446,-0.892297,0.141426,-0.892297,0.010028,-0.000000,-0.000000,81.403049
2.9030,post_ramp,0.010,100.0000,4.255263,-1.322291,-1.380583,-0.383495,-0.093573,1.308486,-2.078544,1.073787,-2.672195,1.584602,-2.406816,1.650563,-2.156777,0.013010,-0.019188,0.017301,0.023981,0.023981,-0.196588,-0.030957,0.012721,0.023981,0.023977,0.023981,0.035131,-0.063062,1.580707,-0.748749,1.140977,0.332318,0.003119,0.000000,-0.003119,-0.004679,0.795559,0.953461,0.953461,0.652862,1.185534,1.185534,0.963438,1.104044,1.104044,1.003543,1.115190,1.115190,-0.006039,0.086980,-0.011991,0.003613,0.061050,-0.009209,-0.009652,0.025930,-0.002782,0.023329,-0.671714,0.656158,0.939302,0.094298,-2.715185,2.652307,-2.715185,78.179922,-76.369431,2.652307,-76.369431,74.600868,-0.000000,0.000000,152.875088,0.023329,-0.671714,0.656158,0.939302,0.074362,-2.141136,2.091551,-2.141136,61.650977,-60.223264,2.091551,-60.223264,58.828614,-0.000000,0.000000,120.553952,-0.015992,0.112928,0.069386,-0.015748,0.111331,0.067056,-0.000243,0.001597,0.002330,-0.023435,-0.202935,-0.102088,0.228372,1.123763,9.731100,4.895302,9.731100,84.265355,42.390311,4.895302,42.390311,21.324760,-0.000000,-0.000000,106.713878,-0.023435,-0.202935,-0.102088,0.228372,1.152515,9.980076,5.020551,9.980076,86.421334,43.474892,5.020551,43.474892,21.870366,-0.000000,0.000000,109.444216,0.001549,0.107172,0.070044,0.001485,0.106208,0.069536,0.000064,0.000964,0.000508,-0.007150,-0.068265,-0.007884,0.069090,1.079260,10.304252,1.190118,10.304252,98.380026,11.362676,1.190118,11.362676,1.312364,-0.000000,0.000000,100.771649,-0.007150,-0.068265,-0.007884,0.069090,1.088127,10.388913,1.199896,10.388913,99.188327,11.456033,1.199896,11.456033,1.323147,0.000000,0.000000,101.599601,0.014396,0.100751,0.049188,0.014430,0.100937,0.049291,-0.000035,-0.000186,-0.000103,0.001070,0.016381,-0.000795,0.016435,0.456629,6.992964,-0.339253,6.992964,107.092506,-5.195424,-0.339253,-5.195424,0.252048,-0.000000,0.000000,107.801183,0.001070,0.016381,-0.000795,0.016435,0.455507,6.975776,-0.338419,6.975776,106.829277,-5.182654,-0.338419,-5.182654,0.251428,-0.000000,0.000000,107.536212,0.026646,0.083233,0.050727,0.026211,0.082939,0.049944,0.000435,0.000294,0.000783,0.008393,-0.052413,0.000734,0.053086,1.967597,-12.286951,0.172120,-12.286951,76.727685,-1.074827,0.172120,-1.074827,0.015057,-0.000000,0.000000,78.710339,0.008393,-0.052413,0.000734,0.053086,2.029552,-12.673835,0.177539,-12.673835,79.143643,-1.108670,0.177539,-1.108670,0.015531,-0.000000,0.000000,81.188725
2.9213,post_ramp,0.010,100.0000,4.255263,-1.322291,-1.380583,-0.383495,-0.093573,1.303884,-2.078544,1.073787,-2.672195,1.584602,-2.406816,1.650563,-2.159845,0.015992,-0.010197,0.009195,0.023981,0.023981,-0.219979,-0.021839,0.006760,0.023981,0.023979,0.023981,0.035885,-0.110753,1.580707,-0.748749,1.140977,0.332318,0.003119,0.000000,-0.003119,-0.004679,0.792761,0.953461,0.953461,0.652862,1.185534,1.185534,0.963438,1.104044,1.104044,1.003543,1.116776,1.116776,-0.006039,0.086980,-0.011991,0.003613,0.061050,-0.009209,-0.009652,0.025930,-0.002782,0.023329,-0.671714,0.656158,0.939302,0.094298,-2.715185,2.652307,-2.715185,78.179922,-76.369431,2.652307,-76.369431,74.600868,-0.000000,0.000000,152.875088,0.023329,-0.671714,0.656158,0.939302,0.074362,-2.141136,2.091551,-2.141136,61.650977,-60.223264,2.091551,-60.223264,58.828614,-0.000000,0.000000,120.553952,-0.016021,0.112963,0.069578,-0.015748,0.111331,0.067056,-0.000273,0.001632,0.002522,-0.024961,-0.216981,-0.109903,0.244505,1.112171,9.667885,4.896849,9.667885,84.041046,42.567359,4.896849,42.567359,21.560656,-0.000000,0.000000,106.713873,-0.024961,-0.216981,-0.109903,0.244505,1.143916,9.943839,5.036622,9.943839,86.439858,43.782374,5.036622,43.782374,22.176069,-0.000000,0.000000,109.759844,0.001549,0.107172,0.070044,0.001485,0.106208,0.069536,0.000064,0.000964,0.000508,-0.007150,-0.068265,-0.007884,0.069090,1.079260,10.304252,1.190118,10.304252,98.380026,11.362676,1.190118,11.362676,1.312364,-0.000000,0.000000,100.771649,-0.007150,-0.068265,-0.007884,0.069090,1.088127,10.388913,1.199896,10.388913,99.188327,11.456033,1.199896,11.456033,1.323147,0.000000,0.000000,101.599601,0.014396,0.100751,0.049188,0.014430,0.100937,0.049291,-0.000035,-0.000186,-0.000103,0.001070,0.016381,-0.000795,0.016435,0.456629,6.992964,-0.339253,6.992964,107.092506,-5.195424,-0.339253,-5.195424,0.252048,-0.000000,-0.000000,107.801183,0.001070,0.016381,-0.000795,0.016435,0.455507,6.975776,-0.338419,6.975776,106.829278,-5.182654,-0.338419,-5.182654,0.251428,-0.000000,-0.000000,107.536213,0.026643,0.083161,0.050712,0.026211,0.082939,0.049944,0.000432,0.000222,0.000768,0.007781,-0.048097,0.000807,0.048729,2.002424,-12.377492,0.207691,-12.377492,76.508415,-1.283792,0.207691,-1.283792,0.021542,-0.000000,0.000000,78.532381,0.007781,-0.048097,0.000807,0.048729,2.064627,-12.761986,0.214143,-12.761986,78.885072,-1.323672,0.214143,-1.323672,0.022211,-0.000000,-0.000000,80.971910
2.9401,post_ramp,0.010,100.0000,4.255263,-1.320757,-1.380583,-0.383495,-0.093573,1.297748,-2.078544,1.073787,-2.672195,1.584602,-2.406816,1.650563,-2.159845,0.013431,-0.003021,0.013133,0.023981,0.023981,-0.240507,0.002770,0.014829,0.023981,0.023980,0.023981,0.030307,-0.122312,1.580707,-0.747881,1.140977,0.332318,0.003119,0.000000,-0.003119,-0.004679,0.789031,0.953461,0.953461,0.652862,1.185534,1.185534,0.963438,1.104044,1.104044,1.003543,1.116776,1.116776,-0.006047,0.087005,-0.011946,0.003613,0.061050,-0.009209,-0.009661,0.025955,-0.002737,0.023396,-0.670807,0.654157,0.937258,0.095272,-2.731596,2.663795,-2.731596,78.318763,-76.374815,2.663795,-76.374815,74.479117,0.000000,0.000000,152.893152,0.023396,-0.670807,0.654157,0.937258,0.075081,-2.152686,2.099254,-2.152686,61.720591,-60.188626,2.099254,-60.188626,58.694686,-0.000000,0.000000,120.490358,-0.016060,0.113009,0.069834,-0.015748,0.111331,0.067056,-0.000312,0.001678,0.002778,-0.026970,-0.235655,-0.120448,0.266023,1.096805,9.583676,4.898414,9.583676,83.740370,42.801428,4.898414,42.801428,21.876692,0.000000,0.000000,106.713866,-0.026970,-0.235655,-0.120448,0.266023,1.132424,9.894909,5.057492,9.894909,86.459868,44.191420,5.057492,44.191420,22.587145,-0.000000,0.000000,110.179436,0.001549,0.107172,0.070044,0.001485,0.106208,0.069536,0.000064,0.000964,0.000508,-0.007150,-0.068265,-0.007884,0.069090,1.079260,10.304252,1.190118,10.304252,98.380026,11.362676,1.190118,11.362676,1.312364,-0.000000,0.000000,100.771649,-0.007150,-0.068265,-0.007884,0.069090,1.088127,10.388913,1.199896,10.388913,99.188327,11.456033,1.199896,11.456033,1.323147,0.000000,0.000000,101.599601,0.014396,0.100751,0.049188,0.014430,0.100937,0.049291,-0.000035,-0.000186,-0.000103,0.001070,0.016381,-0.000795,0.016435,0.456629,6.992964,-0.339253,6.992964,107.092506,-5.195424,-0.339253,-5.195424,0.252048,-0.000000,-0.000000,107.801183,0.001070,0.016381,-0.000795,0.016435,0.455507,6.975776,-0.338419,6.975776,106.829280,-5.182654,-0.338419,-5.182654,0.251428,-0.000000,0.000000,107.536215,0.026643,0.083161,0.050712,0.026211,0.082939,0.049944,0.000432,0.000222,0.000768,0.007781,-0.048097,0.000807,0.048729,2.002424,-12.377492,0.207691,-12.377492,76.508415,-1.283792,0.207691,-1.283792,0.021542,-0.000000,-0.000000,78.532381,0.007781,-0.048097,0.000807,0.048729,2.064628,-12.761987,0.214143,-12.761987,78.885077,-1.323672,0.214143,-1.323672,0.022211,-0.000000,0.000000,80.971916
2.9583,post_ramp,0.010,100.0000,4.255263,-1.314622,-1.380583,-0.383495,-0.093573,1.293146,-2.078544,1.073787,-2.672195,1.584602,-2.406816,1.649029,-2.159845,0.011238,0.050640,0.018216,0.023981,0.023981,-0.251416,0.021547,0.019117,0.023981,0.023980,0.023981,0.016288,-0.075263,1.580707,-0.744406,1.140977,0.332318,0.003119,0.000000,-0.003119,-0.004679,0.786233,0.953461,0.953461,0.652862,1.185534,1.185534,0.963438,1.104044,1.104044,1.002610,1.116776,1.116776,-0.006083,0.087105,-0.011766,0.003613,0.061050,-0.009209,-0.009696,0.026055,-0.002557,0.023663,-0.667165,0.646186,0.929099,0.099226,-2.797571,2.709600,-2.797571,78.874294,-76.394077,2.709600,-76.394077,73.991850,-0.000000,0.000000,152.965370,0.023663,-0.667165,0.646186,0.929099,0.077995,-2.198991,2.129843,-2.198991,61.998033,-60.048493,2.129843,-60.048493,58.160257,-0.000000,0.000000,120.236285,-0.016090,0.113044,0.070026,-0.015748,0.111331,0.067056,-0.000341,0.001712,0.002970,-0.028456,-0.249617,-0.128451,0.282167,1.085348,9.520579,4.899215,9.520579,83.513673,42.975475,4.899215,42.975475,22.114839,-0.000000,0.000000,106.713861,-0.028456,-0.249617,-0.128451,0.282167,1.123787,9.857756,5.072723,9.857756,86.471359,44.497477,5.072723,44.497477,22.898049,-0.000000,0.000000,110.493195,0.001549,0.107172,0.070044,0.001485,0.106208,0.069536,0.000064,0.000964,0.000508,-0.007150,-0.068265,-0.007884,0.069090,1.079260,10.304252,1.190118,10.304252,98.380026,11.362676,1.190118,11.362676,1.312364,-0.000000,0.000000,100.771649,-0.007150,-0.068265,-0.007884,0.069090,1.088127,10.388913,1.199896,10.388913,99.188327,11.456033,1.199896,11.456033,1.323147,0.000000,0.000000,101.599601,0.014396,0.100751,0.049188,0.014430,0.100937,0.049291,-0.000035,-0.000186,-0.000103,0.001070,0.016381,-0.000795,0.016435,0.456629,6.992964,-0.339253,6.992964,107.092506,-5.195424,-0.339253,-5.195424,0.252048,-0.000000,-0.000000,107.801183,0.001070,0.016381,-0.000795,0.016435,0.455507,6.975776,-0.338419,6.975776,106.829283,-5.182654,-0.338419,-5.182654,0.251428,-0.000000,0.000000,107.536218,0.026661,0.083182,0.050746,0.026211,0.082939,0.049944,0.000451,0.000243,0.000803,0.008194,-0.050803,0.000811,0.051466,1.990841,-12.342742,0.197051,-12.342742,76.522058,-1.221667,0.197051,-1.221667,0.019504,-0.000000,0.000000,78.532403,0.008194,-0.050803,0.000811,0.051466,2.055425,-12.743148,0.203443,-12.743148,79.004484,-1.261299,0.203443,-1.261299,0.020137,-0.000000,0.000000,81.080046
2.9758,post_ramp,0.010,100.0000,4.255263,-1.303884,-1.380583,-0.383495,-0.093573,1.287010,-2.078544,1.073787,-2.672195,1.584602,-2.406816,1.649029,-2.158311,0.015793,0.186525,0.020917,0.023981,0.023981,-0.265460,0.011632,0.021396,0.023981,0.023980,0.023981,-0.002580,-0.009278,1.580707,-0.738326,1.140977,0.332318,0.003119,0.000000,-0.003119,-0.004679,0.782502,0.953461,0.953461,0.652862,1.185534,1.185534,0.963438,1.104044,1.104044,1.002610,1.115983,1.115983,-0.006145,0.087278,-0.011451,0.003613,0.061050,-0.009209,-0.009758,0.026228,-0.002242,0.024116,-0.660728,0.632361,0.914890,0.106368,-2.914310,2.789192,-2.914310,79.847052,-76.419026,2.789192,-76.419026,73.138174,-0.000000,0.000000,153.091594,0.024116,-0.660728,0.632361,0.914890,0.083232,-2.280422,2.182518,-2.280422,62.479612,-59.797212,2.182518,-59.797212,57.229975,-0.000000,0.000000,119.792819,-0.016129,0.113088,0.070282,-0.015748,0.111331,0.067056,-0.000380,0.001757,0.003227,-0.030413,-0.268177,-0.139247,0.303700,1.070164,9.436534,4.899786,9.436534,83.209839,43.205522,4.899786,43.205522,22.433851,-0.000000,-0.000000,106.713854,-0.030413,-0.268177,-0.139247,0.303700,1.112247,9.807618,5.092465,9.807618,86.481996,44.904542,5.092465,44.904542,23.316043,-0.000000,0.000000,110.910286,0.001549,0.107172,0.070044,0.001485,0.106208,0.069536,0.000064,0.000964,0.000508,-0.007150,-0.068265,-0.007884,0.069090,1.079260,10.304252,1.190118,10.304252,98.380026,11.362676,1.190118,11.362676,1.312364,-0.000000,0.000000,100.771649,-0.007150,-0.068265,-0.007884,0.069090,1.088127,10.388913,1.199896,10.388913,99.188327,11.456033,1.199896,11.456033,1.323147,0.000000,0.000000,101.599601,0.014396,0.100751,0.049188,0.014430,0.100937,0.049291,-0.000035,-0.000186,-0.000103,0.001070,0.016381,-0.000795,0.016435,0.456629,6.992964,-0.339253,6.992964,107.092506,-5.195424,-0.339253,-5.195424,0.252048,-0.000000,0.000000,107.801183,0.001070,0.016381,-0.000795,0.016435,0.455507,6.975776,-0.338419,6.975776,106.829286,-5.182655,-0.338419,-5.182655,0.251428,-0.000000,0.000000,107.536221,0.026663,0.083218,0.050754,0.026211,0.082939,0.049944,0.000452,0.000279,0.000810,0.008500,-0.052965,0.000772,0.053648,1.973450,-12.297524,0.179288,-12.297524,76.631845,-1.117233,0.179288,-1.117233,0.016288,-0.000000,0.000000,78.621584,0.008500,-0.052965,0.000772,0.053648,2.037885,-12.699052,0.185142,-12.699052,79.133959,-1.153712,0.185142,-1.153712,0.016820,-0.000000,0.000000,81.188664
2.9940,post_ramp,0.010,100.0000,4.255263,-1.294680,-1.380583,-0.383495,-0.093573,1.280874,-2.080078,1.073787,-2.672195,1.584602,-2.406816,1.649029,-2.156777,0.016308,0.361225,0.022353,0.023981,0.023981,-0.282413,-0.023122,0.022607,0.023981,0.023981,0.023981,-0.019288,0.031177,1.580707,-0.733114,1.140977,0.332318,0.003119,0.000000,-0.003119,-0.004679,0.778771,0.954164,0.954164,0.652862,1.185534,1.185534,0.963438,1.104044,1.104044,1.002610,1.115190,1.115190,-0.006198,0.087424,-0.011180,0.003613,0.061050,-0.009209,-0.009811,0.026374,-0.001971,0.024488,-0.655148,0.620639,0.902780,0.112718,-3.015670,2.856822,-3.015670,80.681330,-76.431517,2.856822,-76.431517,72.405559,-0.000000,0.000000,153.199607,0.024488,-0.655148,0.620639,0.902780,0.087860,-2.350611,2.226795,-2.350611,62.888339,-59.575756,2.226795,-59.575756,56.437659,-0.000000,-0.000000,119.413858,-0.016166,0.113100,0.070510,-0.015748,0.111331,0.067056,-0.000418,0.001769,0.003454,-0.032119,-0.284151,-0.148366,0.322158,1.061083,9.387101,4.901347,9.387101,83.045001,43.360817,4.901347,43.360817,22.640260,-0.000000,0.000000,106.746345,-0.032119,-0.284151,-0.148366,0.322158,1.106889,9.792332,5.112933,9.792332,86.629964,45.232656,5.112933,45.232656,23.617616,-0.000000,-0.000000,111.354469,0.001549,0.107172,0.070044,0.001485,0.106208,0.069536,0.000064,0.000964,0.000508,-0.007150,-0.068265,-0.007884,0.069090,1.079260,10.304252,1.190118,10.304252,98.380026,11.362676,1.190118,11.362676,1.312364,-0.000000,0.000000,100.771649,-0.007150,-0.068265,-0.007884,0.069090,1.088127,10.388913,1.199896,10.388913,99.188327,11.456033,1.199896,11.456033,1.323147,0.000000,0.000000,101.599601,0.014396,0.100751,0.049188,0.014430,0.100937,0.049291,-0.000035,-0.000186,-0.000103,0.001070,0.016381,-0.000795,0.016435,0.456629,6.992964,-0.339253,6.992964,107.092506,-5.195424,-0.339253,-5.195424,0.252048,0.000000,0.000000,107.801183,0.001070,0.016381,-0.000795,0.016435,0.455507,6.975776,-0.338419,6.975776,106.829289,-5.182655,-0.338419,-5.182655,0.251428,-0.000000,0.000000,107.536224,0.026665,0.083253,0.050761,0.026211,0.082939,0.049944,0.000454,0.000314,0.000818,0.008802,-0.055129,0.000727,0.055832,1.956095,-12.252040,0.161652,-12.252040,76.740907,-1.012510,0.161652,-1.012510,0.013359,-0.000000,0.000000,78.710361,0.008802,-0.055129,0.000727,0.055832,2.020369,-12.654623,0.166964,-12.654623,79.262493,-1.045779,0.166964,-1.045779,0.013798,-0.000000,0.000000,81.296660
3.0122,post_ramp,0.010,100.0000,4.255263,-1.291612,-1.380583,-0.383495,-0.093573,1.273204,-2.080078,1.073787,-2.672195,1.584602,-2.406816,1.650563,-2.156777,0.015047,0.423030,0.023202,0.023981,0.023981,-0.309937,-0.034215,0.018767,0.023981,0.023981,0.023981,0.002953,0.052444,1.580707,-0.731377,1.140977,0.332318,0.003119,0.000000,-0.003119,-0.004679,0.774108,0.954164,0.954164,0.652862,1.185534,1.185534,0.963438,1.104044,1.104044,1.003543,1.115190,1.115190,-0.006216,0.087473,-0.011089,0.003613,0.061050,-0.009209,-0.009829,0.026423,-0.001880,0.024609,-0.653276,0.616757,0.898757,0.114882,-3.049722,2.879242,-3.049722,80.959504,-76.433853,2.879242,-76.433853,72.161186,0.000000,0.000000,153.235572,0.024609,-0.653276,0.616757,0.898757,0.089431,-2.374086,2.241375,-2.374086,63.023739,-59.500700,2.241375,-59.500700,56.174600,-0.000000,0.000000,119.287771,-0.016216,0.113153,0.070831,-0.015748,0.111331,0.067056,-0.000467,0.001822,0.003775,-0.034496,-0.307197,-0.162193,0.349094,1.042325,9.282232,4.900824,9.282232,82.661216,43.643390,4.900824,43.643390,23.042795,-0.000000,0.000000,106.746336,-0.034496,-0.307197,-0.162193,0.349094,1.092387,9.728054,5.136208,9.728054,86.631397,45.739562,5.136208,45.739562,24.149530,-0.000000,0.000000,111.873314,0.001549,0.107172,0.070044,0.001485,0.106208,0.069536,0.000064,0.000964,0.000508,-0.007150,-0.068265,-0.007884,0.069090,1.079260,10.304252,1.190118,10.304252,98.380026,11.362676,1.190118,11.362676,1.312364,-0.000000,0.000000,100.771649,-0.007150,-0.068265,-0.007884,0.069090,1.088127,10.388913,1.199896,10.388913,99.188327,11.456033,1.199896,11.456033,1.323147,0.000000,0.000000,101.599601,0.014396,0.100751,0.049188,0.014430,0.100937,0.049291,-0.000035,-0.000186,-0.000103,0.001070,0.016381,-0.000795,0.016435,0.456629,6.992964,-0.339253,6.992964,107.092506,-5.195424,-0.339253,-5.195424,0.252048,-0.000000,-0.000000,107.801183,0.001070,0.016381,-0.000795,0.016435,0.455507,6.975777,-0.338419,6.975777,106.829290,-5.182655,-0.338419,-5.182655,0.251428,0.000000,0.000000,107.536225,0.026646,0.083233,0.050727,0.026211,0.082939,0.049944,0.000435,0.000294,0.000783,0.008394,-0.052415,0.000734,0.053088,1.967597,-12.286951,0.172120,-12.286951,76.727685,-1.074827,0.172120,-1.074827,0.015057,-0.000000,-0.000000,78.710339,0.008394,-0.052415,0.000734,0.053088,2.029552,-12.673840,0.177539,-12.673840,79.143672,-1.108671,0.177539,-1.108671,0.015531,-0.000000,0.000000,81.188755
