time_s,phase,ramp_duration_s,k_tip_Npm,q_motor_0_rad,q_motor_1_rad,q_motor_2_rad,q_motor_3_rad,q_motor_4_rad,q_motor_5_rad,q_motor_6_rad,q_motor_7_rad,q_motor_8_rad,q_motor_9_rad,q_motor_10_rad,q_motor_11_rad,q_motor_12_rad,q_dot_motor_0_rads,q_dot_motor_1_rads,q_dot_motor_2_rads,q_dot_motor_3_rads,q_dot_motor_4_rads,q_dot_motor_5_rads,q_dot_motor_6_rads,q_dot_motor_7_rads,q_dot_motor_8_rads,q_dot_motor_9_rads,q_dot_motor_10_rads,q_dot_motor_11_rads,q_dot_motor_12_rads,joint_thumb_CMC1_rad,joint_thumb_CMC2_rad,joint_thumb_MCP_rad,joint_thumb_IP_rad,joint_spread_index_rad,joint_spread_middle_rad,joint_spread_ring_rad,joint_spread_pinky_rad,joint_index_MCP_rad,joint_index_PIP_rad,joint_index_DIP_rad,joint_middle_MCP_rad,joint_middle_PIP_rad,joint_middle_DIP_rad,joint_ring_MCP_rad,joint_ring_PIP_rad,joint_ring_DIP_rad,joint_pinky_MCP_rad,joint_pinky_PIP_rad,joint_pinky_DIP_rad,tip_thumb_x_m,tip_thumb_y_m,tip_thumb_z_m,ref_thumb_x_m,ref_thumb_y_m,ref_thumb_z_m,disp_thumb_x_m,disp_thumb_y_m,disp_thumb_z_m,force_1st_thumb_x_N,force_1st_thumb_y_N,force_1st_thumb_z_N,force_1st_thumb_mag_N,stiff_1st_thumb_00_Npm,stiff_1st_thumb_01_Npm,stiff_1st_thumb_02_Npm,stiff_1st_thumb_10_Npm,stiff_1st_thumb_11_Npm,stiff_1st_thumb_12_Npm,stiff_1st_thumb_20_Npm,stiff_1st_thumb_21_Npm,stiff_1st_thumb_22_Npm,stiff_1st_thumb_eig_0_Npm,stiff_1st_thumb_eig_1_Npm,stiff_1st_thumb_eig_2_Npm,force_2nd_thumb_x_N,force_2nd_thumb_y_N,force_2nd_thumb_z_N,force_2nd_thumb_mag_N,stiff_2nd_thumb_00_Npm,stiff_2nd_thumb_01_Npm,stiff_2nd_thumb_02_Npm,stiff_2nd_thumb_10_Npm,stiff_2nd_thumb_11_Npm,stiff_2nd_thumb_12_Npm,stiff_2nd_thumb_20_Npm,stiff_2nd_thumb_21_Npm,stiff_2nd_thumb_22_Npm,stiff_2nd_thumb_eig_0_Npm,stiff_2nd_thumb_eig_1_Npm,stiff_2nd_thumb_eig_2_Npm,tip_index_x_m,tip_index_y_m,tip_index_z_m,ref_index_x_m,ref_index_y_m,ref_index_z_m,disp_index_x_m,disp_index_y_m,disp_index_z_m,force_1st_index_x_N,force_1st_index_y_N,force_1st_index_z_N,force_1st_index_mag_N,stiff_1st_index_00_Npm,stiff_1st_index_01_Npm,stiff_1st_index_02_Npm,stiff_1st_index_10_Npm,stiff_1st_index_11_Npm,stiff_1st_index_12_Npm,stiff_1st_index_20_Npm,stiff_1st_index_21_Npm,stiff_1st_index_22_Npm,stiff_1st_index_eig_0_Npm,stiff_1st_index_eig_1_Npm,stiff_1st_index_eig_2_Npm,force_2nd_index_x_N,force_2nd_index_y_N,force_2nd_index_z_N,force_2nd_index_mag_N,stiff_2nd_index_00_Npm,stiff_2nd_index_01_Npm,stiff_2nd_index_02_Npm,stiff_2nd_index_10_Npm,stiff_2nd_index_11_Npm,stiff_2nd_index_12_Npm,stiff_2nd_index_20_Npm,stiff_2nd_index_21_Npm,stiff_2nd_index_22_Npm,stiff_2nd_index_eig_0_Npm,stiff_2nd_index_eig_1_Npm,stiff_2nd_index_eig_2_Npm,tip_middle_x_m,tip_middle_y_m,tip_middle_z_m,ref_middle_x_m,ref_middle_y_m,ref_middle_z_m,disp_middle_x_m,disp_middle_y_m,disp_middle_z_m,force_1st_middle_x_N,force_1st_middle_y_N,force_1st_middle_z_N,force_1st_middle_mag_N,stiff_1st_middle_00_Npm,stiff_1st_middle_01_Npm,stiff_1st_middle_02_Npm,stiff_1st_middle_10_Npm,stiff_1st_middle_11_Npm,stiff_1st_middle_12_Npm,stiff_1st_middle_20_Npm,stiff_1st_middle_21_Npm,stiff_1st_middle_22_Npm,stiff_1st_middle_eig_0_Npm,stiff_1st_middle_eig_1_Npm,stiff_1st_middle_eig_2_Npm,force_2nd_middle_x_N,force_2nd_middle_y_N,force_2nd_middle_z_N,force_2nd_middle_mag_N,stiff_2nd_middle_00_Npm,stiff_2nd_middle_01_Npm,stiff_2nd_middle_02_Npm,stiff_2nd_middle_10_Npm,stiff_2nd_middle_11_Npm,stiff_2nd_middle_12_Npm,stiff_2nd_middle_20_Npm,stiff_2nd_middle_21_Npm,stiff_2nd_middle_22_Npm,stiff_2nd_middle_eig_0_Npm,stiff_2nd_middle_eig_1_Npm,stiff_2nd_middle_eig_2_Npm,tip_ring_x_m,tip_ring_y_m,tip_ring_z_m,ref_ring_x_m,ref_ring_y_m,ref_ring_z_m,disp_ring_x_m,disp_ring_y_m,disp_ring_z_m,force_1st_ring_x_N,force_1st_ring_y_N,force_1st_ring_z_N,force_1st_ring_mag_N,stiff_1st_ring_00_Npm,stiff_1st_ring_01_Npm,stiff_1st_ring_02_Npm,stiff_1st_ring_10_Npm,stiff_1st_ring_11_Npm,stiff_1st_ring_12_Npm,stiff_1st_ring_20_Npm,stiff_1st_ring_21_Npm,stiff_1st_ring_22_Npm,stiff_1st_ring_eig_0_Npm,stiff_1st_ring_eig_1_Npm,stiff_1st_ring_eig_2_Npm,force_2nd_ring_x_N,force_2nd_ring_y_N,force_2nd_ring_z_N,force_2nd_ring_mag_N,stiff_2nd_ring_00_Npm,stiff_2nd_ring_01_Npm,stiff_2nd_ring_02_Npm,stiff_2nd_ring_10_Npm,stiff_2nd_ring_11_Npm,stiff_2nd_ring_12_Npm,stiff_2nd_ring_20_Npm,stiff_2nd_ring_21_Npm,stiff_2nd_ring_22_Npm,stiff_2nd_ring_eig_0_Npm,stiff_2nd_ring_eig_1_Npm,stiff_2nd_ring_eig_2_Npm,tip_pinky_x_m,tip_pinky_y_m,tip_pinky_z_m,ref_pinky_x_m,ref_pinky_y_m,ref_pinky_z_m,disp_pinky_x_m,disp_pinky_y_m,disp_pinky_z_m,force_1st_pinky_x_N,force_1st_pinky_y_N,force_1st_pinky_z_N,force_1st_pinky_mag_N,stiff_1st_pinky_00_Npm,stiff_1st_pinky_01_Npm,stiff_1st_pinky_02_Npm,stiff_1st_pinky_10_Npm,stiff_1st_pinky_11_Npm,stiff_1st_pinky_12_Npm,stiff_1st_pinky_20_Npm,stiff_1st_pinky_21_Npm,stiff_1st_pinky_22_Npm,stiff_1st_pinky_eig_0_Npm,stiff_1st_pinky_eig_1_Npm,stiff_1st_pinky_eig_2_Npm,force_2nd_pinky_x_N,force_2nd_pinky_y_N,force_2nd_pinky_z_N,force_2nd_pinky_mag_N,stiff_2nd_pinky_00_Npm,stiff_2nd_pinky_01_Npm,stiff_2nd_pinky_02_Npm,stiff_2nd_pinky_10_Npm,stiff_2nd_pinky_11_Npm,stiff_2nd_pinky_12_Npm,stiff_2nd_pinky_20_Npm,stiff_2nd_pinky_21_Npm,stiff_2nd_pinky_22_Npm,stiff_2nd_pinky_eig_0_Npm,stiff_2nd_pinky_eig_1_Npm,stiff_2nd_pinky_eig_2_Npm
0.0334,baseline,0.072,20.0000,4.029768,-1.254796,-1.271670,0.044485,-0.093573,1.300816,-2.067806,1.073787,-2.672195,1.584602,-2.406816,1.701185,-2.124563,0.023981,0.037464,0.007095,0.044505,0.023981,0.167188,0.047871,0.017255,0.023981,0.023981,0.023981,-0.014509,0.023981,1.496942,-0.710530,1.050967,-0.038549,0.003119,0.000000,-0.003119,-0.004679,0.790896,0.948535,0.948535,0.652862,1.185534,1.185534,0.963438,1.104044,1.104044,1.034320,1.098533,1.098533,-0.011424,0.090814,-0.012416,0.003613,0.061050,-0.009209,-0.015037,0.029764,-0.003207,0.054732,-0.055959,0.087009,0.117037,6.441729,-6.586161,10.240625,-6.586161,6.733831,-10.470233,10.240625,-10.470233,16.279854,-0.000000,0.000000,29.455414,0.054732,-0.055959,0.087009,0.117037,4.769398,-4.876334,7.582066,-4.876334,4.985667,-7.752066,7.582066,-7.752066,12.053456,-0.000000,0.000000,21.808521,-0.016054,0.113210,0.069908,-0.015748,0.111331,0.067056,-0.000305,0.001879,0.002852,-0.027640,-0.244223,-0.127253,0.276771,1.061930,9.383136,4.889124,9.383136,82.908699,43.199942,4.889124,43.199942,22.509519,-0.000000,0.000000,106.480148,-0.027640,-0.244223,-0.127253,0.276771,1.094868,9.674169,5.040768,9.674169,85.480252,44.539860,5.040768,44.539860,23.207690,-0.000000,0.000000,109.782809,0.001549,0.107172,0.070044,0.001485,0.106208,0.069536,0.000064,0.000964,0.000508,-0.007150,-0.068265,-0.007884,0.069090,1.079260,10.304252,1.190118,10.304252,98.380026,11.362676,1.190118,11.362676,1.312364,-0.000000,0.000000,100.771649,-0.007150,-0.068265,-0.007884,0.069090,1.088127,10.388913,1.199896,10.388913,99.188327,11.456033,1.199896,11.456033,1.323147,0.000000,0.000000,101.599601,0.014396,0.100751,0.049188,0.014430,0.100937,0.049291,-0.000035,-0.000186,-0.000103,0.001070,0.016384,-0.000795,0.016438,0.456629,6.992964,-0.339253,6.992964,107.092506,-5.195424,-0.339253,-5.195424,0.252048,-0.000000,0.000000,107.801183,0.001070,0.016384,-0.000795,0.016438,0.455507,6.975773,-0.338419,6.975773,106.829242,-5.182652,-0.338419,-5.182652,0.251428,-0.000000,0.000000,107.536177,0.026066,0.083282,0.049740,0.026211,0.082939,0.049944,-0.000145,0.000343,-0.000203,0.000995,-0.006265,0.000074,0.006344,1.979913,-12.465931,0.147033,-12.465931,78.488023,-0.925747,0.147033,-0.925747,0.010919,-0.000000,0.000000,80.478855,0.000995,-0.006265,0.000074,0.006344,1.963263,-12.361104,0.145796,-12.361104,77.828016,-0.917962,0.145796,-0.917962,0.010827,-0.000000,-0.000000,79.802107
0.0758,baseline,0.072,20.0000,4.029768,-1.254796,-1.271670,0.044485,-0.093573,1.296214,-2.066272,1.073787,-2.672195,1.584602,-2.406816,1.701185,-2.124563,0.023981,0.030870,0.020118,0.028676,0.023981,0.047291,0.045902,0.007752,0.023981,0.023981,0.023981,-0.031248,0.023981,1.496942,-0.710530,1.050967,-0.038549,0.003119,0.000000,-0.003119,-0.004679,0.788098,0.947831,0.947831,0.652862,1.185534,1.185534,0.963438,1.104044,1.104044,1.034320,1.098533,1.098533,-0.011424,0.090814,-0.012416,0.003613,0.061050,-0.009209,-0.015037,0.029764,-0.003207,0.054732,-0.055959,0.087009,0.117037,6.441729,-6.586161,10.240625,-6.586161,6.733831,-10.470233,10.240625,-10.470233,16.279854,-0.000000,0.000000,29.455414,0.054732,-0.055959,0.087009,0.117037,4.769398,-4.876334,7.582066,-4.876334,4.985667,-7.752066,7.582066,-7.752066,12.053456,-0.000000,0.000000,21.808521,-0.016085,0.113276,0.070130,-0.015748,0.111331,0.067056,-0.000337,0.001945,0.003074,-0.029323,-0.260637,-0.137178,0.295988,1.044685,9.285780,4.887267,9.285780,82.537488,43.440915,4.887267,43.440915,22.863709,-0.000000,0.000000,106.445882,-0.029323,-0.260637,-0.137178,0.295988,1.080180,9.601280,5.053320,9.601280,85.341836,44.916892,5.053320,44.916892,23.640541,-0.000000,0.000000,110.062558,0.001549,0.107172,0.070044,0.001485,0.106208,0.069536,0.000064,0.000964,0.000508,-0.007150,-0.068265,-0.007884,0.069090,1.079260,10.304252,1.190118,10.304252,98.380026,11.362676,1.190118,11.362676,1.312364,-0.000000,0.000000,100.771649,-0.007150,-0.068265,-0.007884,0.069090,1.088127,10.388913,1.199896,10.388913,99.188327,11.456033,1.199896,11.456033,1.323147,0.000000,0.000000,101.599601,0.014396,0.100751,0.049188,0.014430,0.100937,0.049291,-0.000035,-0.000186,-0.000103,0.001070,0.016383,-0.000795,0.016438,0.456629,6.992964,-0.339253,6.992964,107.092506,-5.195424,-0.339253,-5.195424,0.252048,-0.000000,0.000000,107.801183,0.001070,0.016383,-0.000795,0.016438,0.455507,6.975774,-0.338419,6.975774,106.829244,-5.182653,-0.338419,-5.182653,0.251428,-0.000000,0.000000,107.536178,0.026066,0.083282,0.049740,0.026211,0.082939,0.049944,-0.000145,0.000343,-0.000203,0.000995,-0.006266,0.000074,0.006345,1.979913,-12.465931,0.147033,-12.465931,78.488023,-0.925747,0.147033,-0.925747,0.010919,-0.000000,0.000000,80.478855,0.000995,-0.006266,0.000074,0.006345,1.963264,-12.361105,0.145796,-12.361105,77.828021,-0.917962,0.145796,-0.917962,0.010827,-0.000000,0.000000,79.802111
0.1182,baseline,0.072,20.0000,4.029768,-1.254796,-1.271670,0.036816,-0.093573,1.290078,-2.064738,1.073787,-2.672195,1.584602,-2.406816,1.699651,-2.124563,0.023981,0.025557,0.023097,-0.039557,0.023981,-0.087313,0.042324,0.016583,0.023981,0.023981,0.023981,-0.013986,0.023981,1.496942,-0.710530,1.050967,-0.031903,0.003119,0.000000,-0.003119,-0.004679,0.784367,0.947128,0.947128,0.652862,1.185534,1.185534,0.963438,1.104044,1.104044,1.033388,1.098533,1.098533,-0.011449,0.090806,-0.012432,0.003613,0.061050,-0.009209,-0.015062,0.029756,-0.003223,0.053941,-0.056231,0.086712,0.116579,6.323433,-6.591886,10.165089,-6.591886,6.871735,-10.596634,10.165089,-10.596634,16.340653,-0.000000,0.000000,29.535822,0.053941,-0.056231,0.086712,0.116579,4.683684,-4.882523,7.529148,-4.882523,5.089804,-7.848787,7.529148,-7.848787,12.103307,-0.000000,0.000000,21.876796,-0.016126,0.113351,0.070416,-0.015748,0.111331,0.067056,-0.000378,0.002020,0.003360,-0.031448,-0.281580,-0.150020,0.320596,1.023882,9.167732,4.884368,9.167732,82.086931,43.734126,4.884368,43.734126,23.300588,-0.000000,0.000000,106.411401,-0.031448,-0.281580,-0.150020,0.320596,1.062659,9.514942,5.069354,9.514942,85.195812,45.390470,5.069354,45.390470,24.183052,-0.000000,0.000000,110.441523,0.001549,0.107172,0.070044,0.001485,0.106208,0.069536,0.000064,0.000964,0.000508,-0.007150,-0.068265,-0.007884,0.069090,1.079260,10.304252,1.190118,10.304252,98.380026,11.362676,1.190118,11.362676,1.312364,-0.000000,0.000000,100.771649,-0.007150,-0.068265,-0.007884,0.069090,1.088127,10.388913,1.199896,10.388913,99.188327,11.456033,1.199896,11.456033,1.323147,0.000000,0.000000,101.599601,0.014396,0.100751,0.049188,0.014430,0.100937,0.049291,-0.000035,-0.000186,-0.000103,0.001070,0.016383,-0.000795,0.016437,0.456629,6.992964,-0.339253,6.992964,107.092506,-5.195424,-0.339253,-5.195424,0.252048,-0.000000,0.000000,107.801183,0.001070,0.016383,-0.000795,0.016437,0.455507,6.975774,-0.338419,6.975774,106.829248,-5.182653,-0.338419,-5.182653,0.251428,-0.000000,0.000000,107.536183,0.026084,0.083304,0.049775,0.026211,0.082939,0.049944,-0.000126,0.000365,-0.000169,0.001430,-0.009033,0.000099,0.009146,1.968240,-12.430169,0.136491,-12.430169,78.501171,-0.861989,0.136491,-0.861989,0.009465,0.000000,0.000000,80.478876,0.001430,-0.009033,0.000099,0.009146,1.954312,-12.342214,0.135525,-12.342214,77.945702,-0.855890,0.135525,-0.855890,0.009398,-0.000000,0.000000,79.909412
0.1613,baseline,0.072,20.0000,4.029768,-1.253262,-1.271670,0.007670,-0.093573,1.287010,-2.064738,1.072253,-2.672195,1.584602,-2.406816,1.702719,-2.124563,0.023981,0.034162,0.023779,-0.401001,0.023981,-0.087713,0.028177,0.009643,0.023981,0.023981,0.023981,0.035872,0.023981,1.496942,-0.709662,1.050967,-0.006646,0.003119,0.000000,-0.003119,-0.004679,0.782502,0.947128,0.947128,0.651930,1.185534,1.185534,0.963438,1.104044,1.104044,1.035253,1.098533,1.098533,-0.011554,0.090800,-0.012447,0.003613,0.061050,-0.009209,-0.015167,0.029750,-0.003238,0.050739,-0.057011,0.085086,0.114299,5.884848,-6.612317,9.868580,-6.612317,7.429712,-11.088506,9.868580,-11.088506,16.549088,-0.000000,0.000000,29.863649,0.050739,-0.057011,0.085086,0.114299,4.364051,-4.903522,7.318283,-4.903522,5.509682,-8.222948,7.318283,-8.222948,12.272374,-0.000000,0.000000,22.146107,-0.016146,0.113373,0.070545,-0.015748,0.111331,0.067056,-0.000398,0.002042,0.003489,-0.032387,-0.290767,-0.155599,0.331369,1.016501,9.126019,4.883626,9.126019,81.932250,43.844583,4.883626,43.844583,23.462647,-0.000000,0.000000,106.411398,-0.032387,-0.290767,-0.155599,0.331369,1.056945,9.489116,5.077931,9.489116,85.192089,45.589028,5.077931,45.589028,24.396155,-0.000000,0.000000,110.645189,0.001552,0.107182,0.070104,0.001485,0.106208,0.069536,0.000066,0.000974,0.000568,-0.007597,-0.072510,-0.008444,0.073394,1.079737,10.305387,1.200027,10.305387,98.358193,11.453479,1.200027,11.453479,1.333719,-0.000000,0.000000,100.771649,-0.007597,-0.072510,-0.008444,0.073394,1.090299,10.406194,1.211766,10.406194,99.320330,11.565516,1.211766,11.565516,1.346765,-0.000000,0.000000,101.757395,0.014396,0.100751,0.049188,0.014430,0.100937,0.049291,-0.000035,-0.000186,-0.000103,0.001070,0.016383,-0.000795,0.016437,0.456629,6.992964,-0.339253,6.992964,107.092506,-5.195424,-0.339253,-5.195424,0.252048,-0.000000,0.000000,107.801183,0.001070,0.016383,-0.000795,0.016437,0.455507,6.975774,-0.338419,6.975774,106.829246,-5.182653,-0.338419,-5.182653,0.251428,-0.000000,-0.000000,107.536180,0.026047,0.083260,0.049706,0.026211,0.082939,0.049944,-0.000164,0.000321,-0.000238,0.000558,-0.003501,0.000044,0.003546,1.991618,-12.501668,0.157634,-12.501668,78.474740,-0.989490,0.157634,-0.989490,0.012476,-0.000000,0.000000,80.478834,0.000558,-0.003501,0.000044,0.003546,1.972215,-12.379870,0.156098,-12.379870,77.710202,-0.979850,0.156098,-0.979850,0.012355,0.000000,0.000000,79.694771
0.2030,baseline,0.072,20.0000,4.029768,-1.251728,-1.271670,-0.015340,-0.093573,1.282408,-2.063204,1.073787,-2.672195,1.584602,-2.406816,1.704253,-2.124563,0.023981,0.058385,0.023935,-0.575475,0.023981,-0.083592,0.039751,0.012874,0.023981,0.023981,0.023981,0.066524,0.023981,1.496942,-0.708793,1.050967,0.013293,0.003119,0.000000,-0.003119,-0.004679,0.779704,0.946424,0.946424,0.652862,1.185534,1.185534,0.963438,1.104044,1.104044,1.036186,1.098533,1.098533,-0.011638,0.090803,-0.012451,0.003613,0.061050,-0.009209,-0.015252,0.029753,-0.003242,0.048249,-0.057559,0.083729,0.112479,5.547396,-6.617805,9.626750,-6.617805,7.894757,-11.484299,9.626750,-11.484299,16.705914,-0.000000,0.000000,30.148067,0.048249,-0.057559,0.083729,0.112479,4.117218,-4.911664,7.144871,-4.911664,5.859404,-8.523524,7.144871,-8.523524,12.398951,-0.000000,0.000000,22.375574,-0.016178,0.113437,0.070767,-0.015748,0.111331,0.067056,-0.000429,0.002106,0.003712,-0.033987,-0.306984,-0.165912,0.350601,0.999632,9.029137,4.879850,9.029137,81.555363,44.077073,4.879850,44.077073,23.821712,-0.000000,0.000000,106.376706,-0.033987,-0.306984,-0.165912,0.350601,1.042305,9.414584,5.088167,9.414584,85.036899,45.958689,5.088167,45.958689,24.838642,-0.000000,0.000000,110.917847,0.001549,0.107172,0.070044,0.001485,0.106208,0.069536,0.000064,0.000964,0.000508,-0.007150,-0.068265,-0.007884,0.069090,1.079260,10.304252,1.190118,10.304252,98.380026,11.362676,1.190118,11.362676,1.312364,-0.000000,0.000000,100.771649,-0.007150,-0.068265,-0.007884,0.069090,1.088127,10.388913,1.199896,10.388913,99.188327,11.456033,1.199896,11.456033,1.323147,0.000000,0.000000,101.599601,0.014396,0.100751,0.049188,0.014430,0.100937,0.049291,-0.000035,-0.000186,-0.000103,0.001070,0.016383,-0.000795,0.016437,0.456629,6.992964,-0.339253,6.992964,107.092506,-5.195424,-0.339253,-5.195424,0.252048,-0.000000,0.000000,107.801183,0.001070,0.016383,-0.000795,0.016437,0.455507,6.975774,-0.338419,6.975774,106.829246,-5.182653,-0.338419,-5.182653,0.251428,-0.000000,0.000000,107.536181,0.026029,0.083238,0.049671,0.026211,0.082939,0.049944,-0.000182,0.000299,-0.000273,0.000118,-0.000738,0.000010,0.000747,2.003355,-12.537381,0.168294,-12.537381,78.461321,-1.053218,0.168294,-1.053218,0.014138,-0.000000,0.000000,80.478814,0.000118,-0.000738,0.000010,0.000747,1.981165,-12.398507,0.166430,-12.398507,77.592226,-1.041551,0.166430,-1.041551,0.013981,-0.000000,0.000000,79.587372
0.2454,baseline,0.072,20.0000,4.029768,-1.251728,-1.271670,-0.021476,-0.093573,1.276272,-2.063204,1.073787,-2.672195,1.584602,-2.406816,1.699651,-2.124563,0.023981,0.031064,0.023971,-0.314175,0.023981,-0.110420,0.027228,0.021694,0.023981,0.023981,0.023981,-0.022685,0.023981,1.496942,-0.708793,1.050967,0.018610,0.003119,0.000000,-0.003119,-0.004679,0.775973,0.946424,0.946424,0.652862,1.185534,1.185534,0.963438,1.104044,1.104044,1.033388,1.098533,1.098533,-0.011658,0.090797,-0.012465,0.003613,0.061050,-0.009209,-0.015271,0.029747,-0.003256,0.047669,-0.057776,0.083519,0.112187,5.457612,-6.614754,9.561940,-6.614754,8.017237,-11.589296,9.561940,-11.589296,16.752877,-0.000000,0.000000,30.227726,0.047669,-0.057776,0.083519,0.112187,4.051788,-4.910862,7.098884,-4.910862,5.952080,-8.604014,7.098884,-8.604014,12.437509,-0.000000,0.000000,22.441377,-0.016218,0.113478,0.071025,-0.015748,0.111331,0.067056,-0.000469,0.002147,0.003970,-0.035813,-0.325236,-0.177318,0.372159,0.985072,8.945953,4.877318,8.945953,81.242901,44.293483,4.877318,44.293483,24.148727,0.000000,0.000000,106.376699,-0.035813,-0.325236,-0.177318,0.372159,1.030866,9.361836,5.104056,9.361836,85.019750,46.352614,5.104056,46.352614,25.271361,-0.000000,0.000000,111.321977,0.001549,0.107172,0.070044,0.001485,0.106208,0.069536,0.000064,0.000964,0.000508,-0.007150,-0.068265,-0.007884,0.069090,1.079260,10.304252,1.190118,10.304252,98.380026,11.362676,1.190118,11.362676,1.312364,-0.000000,0.000000,100.771649,-0.007150,-0.068265,-0.007884,0.069090,1.088127,10.388913,1.199896,10.388913,99.188327,11.456033,1.199896,11.456033,1.323147,0.000000,0.000000,101.599601,0.014396,0.100751,0.049188,0.014430,0.100937,0.049291,-0.000035,-0.000186,-0.000103,0.001070,0.016383,-0.000795,0.016437,0.456629,6.992964,-0.339253,6.992964,107.092506,-5.195424,-0.339253,-5.195424,0.252048,-0.000000,0.000000,107.801183,0.001070,0.016383,-0.000795,0.016437,0.455507,6.975774,-0.338419,6.975774,106.829253,-5.182653,-0.338419,-5.182653,0.251428,0.000000,0.000000,107.536188,0.026084,0.083304,0.049775,0.026211,0.082939,0.049944,-0.000126,0.000365,-0.000169,0.001430,-0.009033,0.000099,0.009147,1.968240,-12.430169,0.136491,-12.430169,78.501171,-0.861989,0.136491,-0.861989,0.009465,-0.000000,0.000000,80.478876,0.001430,-0.009033,0.000099,0.009147,1.954313,-12.342216,0.135525,-12.342216,77.945714,-0.855890,0.135525,-0.855890,0.009398,-0.000000,0.000000,79.909425
0.2879,baseline,0.072,20.0000,4.029768,-1.251728,-1.271670,-0.019942,-0.093573,1.265534,-2.063204,1.073787,-2.672195,1.584602,-2.406816,1.699651,-2.124563,0.023981,0.025601,0.023979,-0.045499,0.023981,-0.171850,0.024724,0.018901,0.023981,0.023981,0.023981,-0.026987,0.023981,1.496942,-0.708793,1.050967,0.017281,0.003119,0.000000,-0.003119,-0.004679,0.769445,0.946424,0.946424,0.652862,1.185534,1.185534,0.963438,1.104044,1.104044,1.033388,1.098533,1.098533,-0.011653,0.090799,-0.012461,0.003613,0.061050,-0.009209,-0.015266,0.029749,-0.003252,0.047814,-0.057722,0.083571,0.112259,5.480011,-6.615594,9.578188,-6.615594,7.986497,-11.563007,9.578188,-11.563007,16.741150,-0.000000,0.000000,30.207657,0.047814,-0.057722,0.083571,0.112259,4.068114,-4.911121,7.110417,-4.911121,5.928817,-8.583858,7.110417,-8.583858,12.427879,-0.000000,0.000000,22.424811,-0.016287,0.113549,0.071477,-0.015748,0.111331,0.067056,-0.000539,0.002218,0.004421,-0.038937,-0.357004,-0.197617,0.409903,0.959845,8.800675,4.871546,8.800675,80.692061,44.666469,4.871546,44.666469,24.724780,-0.000000,0.000000,106.376686,-0.038937,-0.357004,-0.197617,0.409903,1.010817,9.268026,5.130245,9.268026,84.977132,47.038437,5.130245,47.038437,26.037765,-0.000000,-0.000000,112.025713,0.001549,0.107172,0.070044,0.001485,0.106208,0.069536,0.000064,0.000964,0.000508,-0.007150,-0.068265,-0.007884,0.069090,1.079260,10.304252,1.190118,10.304252,98.380026,11.362676,1.190118,11.362676,1.312364,-0.000000,0.000000,100.771649,-0.007150,-0.068265,-0.007884,0.069090,1.088127,10.388913,1.199896,10.388913,99.188327,11.456033,1.199896,11.456033,1.323147,0.000000,0.000000,101.599601,0.014396,0.100751,0.049188,0.014430,0.100937,0.049291,-0.000035,-0.000186,-0.000103,0.001070,0.016383,-0.000795,0.016437,0.456629,6.992964,-0.339253,6.992964,107.092506,-5.195424,-0.339253,-5.195424,0.252048,-0.000000,0.000000,107.801183,0.001070,0.016383,-0.000795,0.016437,0.455507,6.975774,-0.338419,6.975774,106.829257,-5.182653,-0.338419,-5.182653,0.251428,0.000000,0.000000,107.536192,0.026084,0.083304,0.049775,0.026211,0.082939,0.049944,-0.000126,0.000365,-0.000169,0.001430,-0.009034,0.000099,0.009147,1.968240,-12.430169,0.136491,-12.430169,78.501171,-0.861989,0.136491,-0.861989,0.009465,-0.000000,0.000000,80.478876,0.001430,-0.009034,0.000099,0.009147,1.954313,-12.342218,0.135525,-12.342218,77.945724,-0.855890,0.135525,-0.855890,0.009398,-0.000000,0.000000,79.909435
0.3303,baseline,0.072,20.0000,4.029768,-1.248660,-1.271670,-0.019942,-0.093573,1.254796,-2.063204,1.073787,-2.672195,1.584602,-2.406816,1.698117,-2.124563,0.023981,0.052774,0.023980,0.008086,0.023981,-0.228442,0.024151,0.011746,0.023981,0.023981,0.023981,-0.015994,0.023981,1.496942,-0.707056,1.050967,0.017281,0.003119,0.000000,-0.003119,-0.004679,0.762916,0.946424,0.946424,0.652862,1.185534,1.185534,0.963438,1.104044,1.104044,1.032455,1.098533,1.098533,-0.011674,0.090847,-0.012368,0.003613,0.061050,-0.009209,-0.015287,0.029797,-0.003159,0.047283,-0.057170,0.082482,0.110939,5.487444,-6.634895,9.572493,-6.634895,8.022283,-11.574148,9.572493,-11.574148,16.698599,-0.000000,0.000000,30.208326,0.047283,-0.057170,0.082482,0.110939,4.071058,-4.922336,7.101698,-4.922336,5.951620,-8.586698,7.101698,-8.586698,12.388457,-0.000000,0.000000,22.411134,-0.016358,0.113617,0.071928,-0.015748,0.111331,0.067056,-0.000609,0.002286,0.004873,-0.041968,-0.388548,-0.218343,0.447666,0.934942,8.655789,4.864076,8.655789,80.136172,45.032107,4.864076,45.032107,25.305559,0.000000,0.000000,106.376673,-0.041968,-0.388548,-0.218343,0.447666,0.990737,9.172347,5.154353,9.172347,84.918510,47.719517,5.154353,47.719517,26.815735,-0.000000,0.000000,112.724982,0.001549,0.107172,0.070044,0.001485,0.106208,0.069536,0.000064,0.000964,0.000508,-0.007150,-0.068265,-0.007884,0.069090,1.079260,10.304252,1.190118,10.304252,98.380026,11.362676,1.190118,11.362676,1.312364,-0.000000,0.000000,100.771649,-0.007150,-0.068265,-0.007884,0.069090,1.088127,10.388913,1.199896,10.388913,99.188327,11.456033,1.199896,11.456033,1.323147,0.000000,0.000000,101.599601,0.014396,0.100751,0.049188,0.014430,0.100937,0.049291,-0.000035,-0.000186,-0.000103,0.001070,0.016382,-0.000795,0.016436,0.456629,6.992964,-0.339253,6.992964,107.092506,-5.195424,-0.339253,-5.195424,0.252048,-0.000000,0.000000,107.801183,0.001070,0.016382,-0.000795,0.016436,0.455507,6.975775,-0.338419,6.975775,106.829263,-5.182653,-0.338419,-5.182653,0.251428,-0.000000,0.000000,107.536197,0.026103,0.083325,0.049809,0.026211,0.082939,0.049944,-0.000108,0.000386,-0.000134,0.001863,-0.011803,0.000120,0.011949,1.956599,-12.394384,0.126008,-12.394384,78.514182,-0.798218,0.126008,-0.798218,0.008115,-0.000000,0.000000,80.478896,0.001863,-0.011803,0.000120,0.011949,1.945362,-12.323200,0.125284,-12.323200,78.063254,-0.793633,0.125284,-0.793633,0.008069,-0.000000,0.000000,80.016684
0.3727,baseline,0.072,20.0000,4.029768,-1.248660,-1.271670,-0.006136,-0.093573,1.248660,-2.063204,1.073787,-2.672195,1.584602,-2.406816,1.701185,-2.124563,0.023981,0.045226,0.023981,0.160091,0.023981,-0.204847,0.024020,0.020505,0.023981,0.023981,0.023981,0.035453,0.023981,1.496942,-0.707056,1.050967,0.005317,0.003119,0.000000,-0.003119,-0.004679,0.759185,0.946424,0.946424,0.652862,1.185534,1.185534,0.963438,1.104044,1.104044,1.034320,1.098533,1.098533,-0.011630,0.090860,-0.012338,0.003613,0.061050,-0.009209,-0.015243,0.029810,-0.003129,0.048587,-0.056695,0.082968,0.111618,5.690485,-6.640178,9.717196,-6.640178,7.748367,-11.338914,9.717196,-11.338914,16.593297,-0.000000,0.000000,30.032149,0.048587,-0.056695,0.082968,0.111618,4.218933,-4.923037,7.204343,-4.923037,5.744651,-8.406687,7.204343,-8.406687,12.302294,-0.000000,0.000000,22.265878,-0.016398,0.113654,0.072187,-0.015748,0.111331,0.067056,-0.000650,0.002323,0.005131,-0.043660,-0.406471,-0.230377,0.469253,0.920858,8.573181,4.859048,8.573181,79.816291,45.237718,4.859048,45.237718,25.639517,-0.000000,0.000000,106.376666,-0.043660,-0.406471,-0.230377,0.469253,0.979254,9.116850,5.167184,9.116850,84.877845,48.106470,5.167184,48.106470,27.265448,-0.000000,-0.000000,113.122547,0.001549,0.107172,0.070044,0.001485,0.106208,0.069536,0.000064,0.000964,0.000508,-0.007150,-0.068265,-0.007884,0.069090,1.079260,10.304252,1.190118,10.304252,98.380026,11.362676,1.190118,11.362676,1.312364,-0.000000,0.000000,100.771649,-0.007150,-0.068265,-0.007884,0.069090,1.088127,10.388913,1.199896,10.388913,99.188327,11.456033,1.199896,11.456033,1.323147,0.000000,0.000000,101.599601,0.014396,0.100751,0.049188,0.014430,0.100937,0.049291,-0.000035,-0.000186,-0.000103,0.001070,0.016382,-0.000795,0.016436,0.456629,6.992964,-0.339253,6.992964,107.092506,-5.195424,-0.339253,-5.195424,0.252048,-0.000000,0.000000,107.801183,0.001070,0.016382,-0.000795,0.016436,0.455507,6.975775,-0.338419,6.975775,106.829261,-5.182653,-0.338419,-5.182653,0.251428,0.000000,0.000000,107.536196,0.026066,0.083282,0.049740,0.026211,0.082939,0.049944,-0.000145,0.000343,-0.000203,0.000996,-0.006269,0.000074,0.006348,1.979913,-12.465931,0.147033,-12.465931,78.488024,-0.925747,0.147033,-0.925747,0.010919,-0.000000,0.000000,80.478855,0.000996,-0.006269,0.000074,0.006348,1.963265,-12.361112,0.145796,-12.361112,77.828063,-0.917963,0.145796,-0.917963,0.010827,-0.000000,0.000000,79.802155
0.4152,baseline,0.072,20.0000,4.029768,-1.248660,-1.271670,0.013806,-0.093573,1.248660,-2.063204,1.073787,-2.672195,1.584602,-2.406816,1.701185,-2.124563,0.023981,0.028841,0.023981,0.372037,0.023981,-0.082535,0.008370,0.023186,0.023981,0.023981,0.023981,0.047707,0.023981,1.496942,-0.707056,1.050967,-0.011963,0.003119,0.000000,-0.003119,-0.004679,0.759185,0.946424,0.946424,0.652862,1.185534,1.185534,0.963438,1.104044,1.104044,1.034320,1.098533,1.098533,-0.011565,0.090879,-0.012294,0.003613,0.061050,-0.009209,-0.015178,0.029829,-0.003085,0.050514,-0.056016,0.083697,0.112671,5.988271,-6.640587,9.922016,-6.640587,7.363962,-11.002844,9.922016,-11.002844,16.439871,-0.000000,0.000000,29.792104,0.050514,-0.056016,0.083697,0.112671,4.435472,-4.918638,7.349170,-4.918638,5.454437,-8.149733,7.349170,-8.149733,12.176901,0.000000,0.000000,22.066810,-0.016398,0.113654,0.072187,-0.015748,0.111331,0.067056,-0.000650,0.002323,0.005131,-0.043660,-0.406471,-0.230377,0.469253,0.920858,8.573181,4.859048,8.573181,79.816291,45.237718,4.859048,45.237718,25.639517,-0.000000,0.000000,106.376666,-0.043660,-0.406471,-0.230377,0.469253,0.979254,9.116850,5.167184,9.116850,84.877845,48.106470,5.167184,48.106470,27.265448,-0.000000,-0.000000,113.122547,0.001549,0.107172,0.070044,0.001485,0.106208,0.069536,0.000064,0.000964,0.000508,-0.007150,-0.068265,-0.007884,0.069090,1.079260,10.304252,1.190118,10.304252,98.380026,11.362676,1.190118,11.362676,1.312364,-0.000000,0.000000,100.771649,-0.007150,-0.068265,-0.007884,0.069090,1.088127,10.388913,1.199896,10.388913,99.188327,11.456033,1.199896,11.456033,1.323147,0.000000,0.000000,101.599601,0.014396,0.100751,0.049188,0.014430,0.100937,0.049291,-0.000035,-0.000186,-0.000103,0.001070,0.016382,-0.000795,0.016436,0.456629,6.992964,-0.339253,6.992964,107.092506,-5.195424,-0.339253,-5.195424,0.252048,-0.000000,0.000000,107.801183,0.001070,0.016382,-0.000795,0.016436,0.455507,6.975775,-0.338419,6.975775,106.829261,-5.182653,-0.338419,-5.182653,0.251428,0.000000,0.000000,107.536196,0.026066,0.083282,0.049740,0.026211,0.082939,0.049944,-0.000145,0.000343,-0.000203,0.000996,-0.006269,0.000074,0.006348,1.979913,-12.465931,0.147033,-12.465931,78.488024,-0.925747,0.147033,-0.925747,0.010919,-0.000000,0.000000,80.478855,0.000996,-0.006269,0.000074,0.006348,1.963265,-12.361112,0.145796,-12.361112,77.828063,-0.917963,0.145796,-0.917963,0.010827,-0.000000,0.000000,79.802155
0.4583,baseline,0.072,20.0000,4.029768,-1.248660,-1.271670,0.026078,-0.093573,1.247126,-2.070874,1.072253,-2.672195,1.584602,-2.406816,1.698117,-2.124563,0.023981,0.025093,0.023981,0.359376,0.023981,-0.014757,-0.057059,0.007344,0.023981,0.023981,0.023981,-0.026647,0.023981,1.496942,-0.707056,1.050967,-0.022598,0.003119,0.000000,-0.003119,-0.004679,0.758253,0.949942,0.949942,0.651930,1.185534,1.185534,0.963438,1.104044,1.104044,1.032455,1.098533,1.098533,-0.011525,0.090891,-0.012268,0.003613,0.061050,-0.009209,-0.015139,0.029841,-0.003059,0.051727,-0.055602,0.084162,0.113360,6.174166,-6.636684,10.045638,-6.636684,7.133850,-10.798175,10.045638,-10.798175,16.344692,-0.000000,0.000000,29.652709,0.051727,-0.055602,0.084162,0.113360,4.570438,-4.912817,7.436302,-4.912817,5.280845,-7.993368,7.436302,-7.993368,12.099188,-0.000000,0.000000,21.950471,-0.016397,0.113509,0.072102,-0.015748,0.111331,0.067056,-0.000649,0.002178,0.005046,-0.043263,-0.399123,-0.223063,0.459269,0.945477,8.722434,4.874824,8.722434,80.468186,44.972339,4.874824,44.972339,25.134296,-0.000000,0.000000,106.547960,-0.043263,-0.399123,-0.223063,0.459269,1.006358,9.284081,5.188719,9.284081,85.649619,47.868156,5.188719,47.868156,26.752721,-0.000000,0.000000,113.408697,0.001552,0.107182,0.070104,0.001485,0.106208,0.069536,0.000066,0.000974,0.000568,-0.007597,-0.072510,-0.008444,0.073394,1.079737,10.305387,1.200027,10.305387,98.358193,11.453479,1.200027,11.453479,1.333719,-0.000000,0.000000,100.771649,-0.007597,-0.072510,-0.008444,0.073394,1.090299,10.406194,1.211766,10.406194,99.320330,11.565516,1.211766,11.565516,1.346765,-0.000000,0.000000,101.757395,0.014396,0.100751,0.049188,0.014430,0.100937,0.049291,-0.000035,-0.000186,-0.000103,0.001070,0.016382,-0.000795,0.016436,0.456629,6.992964,-0.339253,6.992964,107.092506,-5.195424,-0.339253,-5.195424,0.252048,-0.000000,0.000000,107.801183,0.001070,0.016382,-0.000795,0.016436,0.455507,6.975775,-0.338419,6.975775,106.829264,-5.182653,-0.338419,-5.182653,0.251428,-0.000000,0.000000,107.536199,0.026103,0.083325,0.049809,0.026211,0.082939,0.049944,-0.000108,0.000386,-0.000134,0.001863,-0.011803,0.000120,0.011950,1.956599,-12.394384,0.126008,-12.394384,78.514182,-0.798218,0.126008,-0.798218,0.008115,0.000000,0.000000,80.478896,0.001863,-0.011803,0.000120,0.011950,1.945362,-12.323200,0.125284,-12.323200,78.063257,-0.793633,0.125284,-0.793633,0.008069,-0.000000,0.000000,80.016687
0.5001,baseline,0.072,20.0000,4.029768,-1.245592,-1.271670,0.035282,-0.093573,1.257864,-2.078544,1.073787,-2.672195,1.584602,-2.406816,1.699651,-2.124563,0.023981,0.043482,0.023981,0.277960,0.023981,0.079730,-0.223941,0.018135,0.023981,0.023981,0.023981,0.003885,0.023981,1.496942,-0.705318,1.050967,-0.030573,0.003119,0.000000,-0.003119,-0.004679,0.764781,0.953461,0.953461,0.652862,1.185534,1.185534,0.963438,1.104044,1.104044,1.033388,1.098533,1.098533,-0.011516,0.090949,-0.012155,0.003613,0.061050,-0.009209,-0.015130,0.029899,-0.002946,0.052084,-0.054791,0.083456,0.112604,6.322445,-6.651132,10.130746,-6.651132,6.996905,-10.657415,10.130746,-10.657415,16.232961,-0.000000,-0.000000,29.552312,0.052084,-0.054791,0.083456,0.112604,4.675477,-4.918542,7.491733,-4.918542,5.174243,-7.881207,7.491733,-7.881207,12.004349,-0.000000,0.000000,21.854069,-0.016317,0.113287,0.071502,-0.015748,0.111331,0.067056,-0.000568,0.001956,0.004447,-0.039300,-0.355412,-0.192467,0.406086,0.999465,9.038742,4.894785,9.038742,81.742603,44.266391,4.894785,44.266391,23.971751,-0.000000,0.000000,106.713819,-0.039300,-0.355412,-0.192467,0.406086,1.057139,9.560322,5.177238,9.560322,86.459554,46.820779,5.177238,46.820779,25.355039,-0.000000,0.000000,112.871732,0.001549,0.107172,0.070044,0.001485,0.106208,0.069536,0.000064,0.000964,0.000508,-0.007150,-0.068265,-0.007884,0.069090,1.079260,10.304252,1.190118,10.304252,98.380026,11.362676,1.190118,11.362676,1.312364,-0.000000,0.000000,100.771649,-0.007150,-0.068265,-0.007884,0.069090,1.088127,10.388913,1.199896,10.388913,99.188327,11.456033,1.199896,11.456033,1.323147,0.000000,0.000000,101.599601,0.014396,0.100751,0.049188,0.014430,0.100937,0.049291,-0.000035,-0.000186,-0.000103,0.001070,0.016383,-0.000795,0.016437,0.456629,6.992964,-0.339253,6.992964,107.092506,-5.195424,-0.339253,-5.195424,0.252048,-0.000000,0.000000,107.801183,0.001070,0.016383,-0.000795,0.016437,0.455507,6.975774,-0.338419,6.975774,106.829257,-5.182653,-0.338419,-5.182653,0.251428,-0.000000,0.000000,107.536191,0.026084,0.083304,0.049775,0.026211,0.082939,0.049944,-0.000126,0.000365,-0.000169,0.001430,-0.009034,0.000099,0.009147,1.968240,-12.430169,0.136491,-12.430169,78.501171,-0.861989,0.136491,-0.861989,0.009465,-0.000000,0.000000,80.478876,0.001430,-0.009034,0.000099,0.009147,1.954313,-12.342218,0.135525,-12.342218,77.945722,-0.855890,0.135525,-0.855890,0.009398,-0.000000,-0.000000,79.909434
0.5425,baseline,0.072,20.0000,4.029768,-1.245592,-1.271670,0.038350,-0.093573,1.276272,-2.073942,1.073787,-2.672195,1.584602,-2.406816,1.701185,-2.124563,0.023981,0.041089,0.023981,0.169762,0.023981,0.407161,0.003698,0.020379,0.023981,0.023981,0.023981,0.012864,0.023981,1.496942,-0.705318,1.050967,-0.033232,0.003119,0.000000,-0.003119,-0.004679,0.775973,0.951350,0.951350,0.652862,1.185534,1.185534,0.963438,1.104044,1.104044,1.034320,1.098533,1.098533,-0.011506,0.090952,-0.012149,0.003613,0.061050,-0.009209,-0.015120,0.029902,-0.002940,0.052392,-0.054691,0.083578,0.112789,6.369614,-6.649096,10.160994,-6.649096,6.940841,-10.606832,10.160994,-10.606832,16.209114,-0.000000,0.000000,29.519569,0.052392,-0.054691,0.083578,0.112789,4.709663,-4.916311,7.512993,-4.916311,5.132026,-7.842643,7.512993,-7.842643,11.984945,-0.000000,0.000000,21.826634,-0.016204,0.113258,0.070819,-0.015748,0.111331,0.067056,-0.000455,0.001927,0.003764,-0.034398,-0.307978,-0.164065,0.350644,1.026039,9.186394,4.893731,9.186394,82.248136,43.814829,4.893731,43.814829,23.340823,-0.000000,0.000000,106.614999,-0.034398,-0.307978,-0.164065,0.350644,1.073498,9.611303,5.120087,9.611303,86.052461,45.841450,5.120087,45.841450,24.420435,-0.000000,0.000000,111.546394,0.001549,0.107172,0.070044,0.001485,0.106208,0.069536,0.000064,0.000964,0.000508,-0.007150,-0.068265,-0.007884,0.069090,1.079260,10.304252,1.190118,10.304252,98.380026,11.362676,1.190118,11.362676,1.312364,-0.000000,0.000000,100.771649,-0.007150,-0.068265,-0.007884,0.069090,1.088127,10.388913,1.199896,10.388913,99.188327,11.456033,1.199896,11.456033,1.323147,0.000000,0.000000,101.599601,0.014396,0.100751,0.049188,0.014430,0.100937,0.049291,-0.000035,-0.000186,-0.000103,0.001070,0.016383,-0.000795,0.016437,0.456629,6.992964,-0.339253,6.992964,107.092506,-5.195424,-0.339253,-5.195424,0.252048,-0.000000,0.000000,107.801183,0.001070,0.016383,-0.000795,0.016437,0.455507,6.975774,-0.338419,6.975774,106.829249,-5.182653,-0.338419,-5.182653,0.251428,0.000000,0.000000,107.536184,0.026066,0.083282,0.049740,0.026211,0.082939,0.049944,-0.000145,0.000343,-0.000203,0.000995,-0.006267,0.000074,0.006346,1.979913,-12.465931,0.147033,-12.465931,78.488023,-0.925747,0.147033,-0.925747,0.010919,-0.000000,0.000000,80.478855,0.000995,-0.006267,0.000074,0.006346,1.963264,-12.361107,0.145796,-12.361107,77.828034,-0.917962,0.145796,-0.917962,0.010827,-0.000000,0.000000,79.802125
0.5849,baseline,0.072,20.0000,4.029768,-1.245592,-1.271670,0.039884,-0.093573,1.271670,-2.072408,1.072253,-2.672195,1.584602,-2.406816,1.708855,-2.124563,0.023981,0.027895,0.023981,0.075921,0.023981,0.122233,0.085506,0.009926,0.023981,0.023981,0.023981,0.153130,0.023981,1.496942,-0.705318,1.050967,-0.034561,0.003119,0.000000,-0.003119,-0.004679,0.773175,0.950646,0.950646,0.651930,1.185534,1.185534,0.963438,1.104044,1.104044,1.038984,1.098533,1.098533,-0.011501,0.090953,-0.012145,0.003613,0.061050,-0.009209,-0.015115,0.029903,-0.002937,0.052547,-0.054641,0.083639,0.112882,6.393245,-6.648006,10.176076,-6.648006,6.912919,-10.581577,10.176076,-10.581577,16.197177,-0.000000,-0.000000,29.503341,0.052547,-0.054641,0.083639,0.112882,4.726787,-4.915142,7.523588,-4.915142,5.111003,-7.823391,7.523588,-7.823391,11.975233,-0.000000,0.000000,21.813022,-0.016235,0.113321,0.071041,-0.015748,0.111331,0.067056,-0.000487,0.001990,0.003986,-0.035991,-0.324191,-0.174424,0.369890,1.009087,9.089362,4.890334,9.089362,81.872514,44.049729,4.890334,44.049729,23.700001,-0.000000,0.000000,106.581602,-0.035991,-0.324191,-0.174424,0.369890,1.058705,9.536296,5.130797,9.536296,85.898273,46.215701,5.130797,46.215701,24.865355,-0.000000,0.000000,111.822333,0.001552,0.107182,0.070104,0.001485,0.106208,0.069536,0.000066,0.000974,0.000568,-0.007597,-0.072510,-0.008444,0.073394,1.079737,10.305387,1.200027,10.305387,98.358193,11.453479,1.200027,11.453479,1.333719,-0.000000,0.000000,100.771649,-0.007597,-0.072510,-0.008444,0.073394,1.090299,10.406194,1.211766,10.406194,99.320330,11.565516,1.211766,11.565516,1.346765,-0.000000,0.000000,101.757395,0.014396,0.100751,0.049188,0.014430,0.100937,0.049291,-0.000035,-0.000186,-0.000103,0.001070,0.016384,-0.000795,0.016438,0.456629,6.992964,-0.339253,6.992964,107.092506,-5.195424,-0.339253,-5.195424,0.252048,-0.000000,0.000000,107.801183,0.001070,0.016384,-0.000795,0.016438,0.455507,6.975773,-0.338419,6.975773,106.829243,-5.182652,-0.338419,-5.182652,0.251428,-0.000000,-0.000000,107.536178,0.025973,0.083172,0.049567,0.026211,0.082939,0.049944,-0.000238,0.000233,-0.000376,-0.001216,0.007544,-0.000120,0.007643,2.038761,-12.644372,0.200631,-12.644372,78.420247,-1.244310,0.200631,-1.244310,0.019744,-0.000000,0.000000,80.478752,-0.001216,0.007544,-0.000120,0.007643,2.008009,-12.453649,0.197605,-12.453649,77.237382,-1.225542,0.197605,-1.225542,0.019446,-0.000000,0.000000,79.264838
0.6273,baseline,0.072,20.0000,4.029768,-1.245592,-1.271670,0.038350,-0.093573,1.262466,-2.070874,1.073787,-2.672195,1.584602,-2.406816,1.707321,-2.124563,0.023981,0.024976,0.023981,0.023722,0.023981,-0.096066,0.047026,0.012343,0.023981,0.023981,0.023981,0.070109,0.023981,1.496942,-0.705318,1.050967,-0.033232,0.003119,0.000000,-0.003119,-0.004679,0.767579,0.949942,0.949942,0.652862,1.185534,1.185534,0.963438,1.104044,1.104044,1.038051,1.098533,1.098533,-0.011506,0.090952,-0.012149,0.003613,0.061050,-0.009209,-0.015120,0.029902,-0.002940,0.052392,-0.054691,0.083578,0.112789,6.369614,-6.649096,10.160994,-6.649096,6.940841,-10.606832,10.160994,-10.606832,16.209114,-0.000000,0.000000,29.519569,0.052392,-0.054691,0.083578,0.112789,4.709663,-4.916311,7.512993,-4.916311,5.132026,-7.842643,7.512993,-7.842643,11.984945,-0.000000,0.000000,21.826634,-0.016297,0.113413,0.071457,-0.015748,0.111331,0.067056,-0.000549,0.002082,0.004402,-0.038899,-0.353965,-0.193594,0.405319,0.981378,8.930074,4.884109,8.930074,81.259429,44.443075,4.884109,44.443075,24.307173,-0.000000,0.000000,106.547979,-0.038899,-0.353965,-0.193594,0.405319,1.035278,9.420540,5.152359,9.420540,85.722443,46.884024,5.152359,46.884024,25.642196,-0.000000,0.000000,112.399917,0.001549,0.107172,0.070044,0.001485,0.106208,0.069536,0.000064,0.000964,0.000508,-0.007150,-0.068265,-0.007884,0.069090,1.079260,10.304252,1.190118,10.304252,98.380026,11.362676,1.190118,11.362676,1.312364,-0.000000,0.000000,100.771649,-0.007150,-0.068265,-0.007884,0.069090,1.088127,10.388913,1.199896,10.388913,99.188327,11.456033,1.199896,11.456033,1.323147,0.000000,0.000000,101.599601,0.014396,0.100751,0.049188,0.014430,0.100937,0.049291,-0.000035,-0.000186,-0.000103,0.001070,0.016383,-0.000795,0.016437,0.456629,6.992964,-0.339253,6.992964,107.092506,-5.195424,-0.339253,-5.195424,0.252048,-0.000000,0.000000,107.801183,0.001070,0.016383,-0.000795,0.016437,0.455507,6.975774,-0.338419,6.975774,106.829248,-5.182653,-0.338419,-5.182653,0.251428,-0.000000,0.000000,107.536183,0.025992,0.083194,0.049602,0.026211,0.082939,0.049944,-0.000219,0.000255,-0.000342,-0.000769,0.004784,-0.000072,0.004846,2.026927,-12.608733,0.189793,-12.608733,78.434074,-1.180628,0.189793,-1.180628,0.017771,-0.000000,0.000000,80.478773,-0.000769,0.004784,-0.000072,0.004846,1.999062,-12.435398,0.187184,-12.435398,77.355824,-1.164398,0.187184,-1.164398,0.017527,-0.000000,0.000000,79.372414
0.6700,baseline,0.072,20.0000,4.029768,-1.245592,-1.271670,0.036816,-0.093573,1.262466,-2.067806,1.073787,-2.672195,1.584602,-2.406816,1.702719,-2.124563,0.023981,0.024208,0.023981,0.006245,0.023981,-0.082457,0.047748,0.006509,0.023981,0.023981,0.023981,-0.054145,0.023981,1.496942,-0.705318,1.050967,-0.031903,0.003119,0.000000,-0.003119,-0.004679,0.767579,0.948535,0.948535,0.652862,1.185534,1.185534,0.963438,1.104044,1.104044,1.035253,1.098533,1.098533,-0.011511,0.090950,-0.012152,0.003613,0.061050,-0.009209,-0.015125,0.029900,-0.002943,0.052238,-0.054741,0.083517,0.112697,6.346014,-6.650138,10.145884,-6.650138,6.968836,-10.632111,10.145884,-10.632111,16.221042,-0.000000,0.000000,29.535892,0.052238,-0.054741,0.083517,0.112697,4.692560,-4.917445,7.502374,-4.917445,5.153106,-7.861915,7.502374,-7.861915,11.994650,-0.000000,0.000000,21.840317,-0.016301,0.113476,0.071516,-0.015748,0.111331,0.067056,-0.000553,0.002144,0.004461,-0.039270,-0.358813,-0.197535,0.411472,0.969856,8.861679,4.878564,8.861679,80.970123,44.575968,4.878564,44.575968,24.540124,-0.000000,0.000000,106.480104,-0.039270,-0.358813,-0.197535,0.411472,1.023152,9.348653,5.146654,9.348653,85.419655,47.025540,5.146654,47.025540,25.888672,-0.000000,0.000000,112.331479,0.001549,0.107172,0.070044,0.001485,0.106208,0.069536,0.000064,0.000964,0.000508,-0.007150,-0.068265,-0.007884,0.069090,1.079260,10.304252,1.190118,10.304252,98.380026,11.362676,1.190118,11.362676,1.312364,-0.000000,0.000000,100.771649,-0.007150,-0.068265,-0.007884,0.069090,1.088127,10.388913,1.199896,10.388913,99.188327,11.456033,1.199896,11.456033,1.323147,0.000000,0.000000,101.599601,0.014396,0.100751,0.049188,0.014430,0.100937,0.049291,-0.000035,-0.000186,-0.000103,0.001070,0.016383,-0.000795,0.016437,0.456629,6.992964,-0.339253,6.992964,107.092506,-5.195424,-0.339253,-5.195424,0.252048,-0.000000,0.000000,107.801183,0.001070,0.016383,-0.000795,0.016437,0.455507,6.975774,-0.338419,6.975774,106.829254,-5.182653,-0.338419,-5.182653,0.251428,-0.000000,0.000000,107.536189,0.026047,0.083260,0.049706,0.026211,0.082939,0.049944,-0.000164,0.000321,-0.000238,0.000558,-0.003503,0.000044,0.003547,1.991618,-12.501668,0.157634,-12.501668,78.474740,-0.989490,0.157634,-0.989490,0.012476,-0.000000,0.000000,80.478835,0.000558,-0.003503,0.000044,0.003547,1.972215,-12.379874,0.156098,-12.379874,77.710221,-0.979850,0.156098,-0.979850,0.012355,-0.000000,-0.000000,79.694791
0.7121,baseline,0.072,20.0000,4.029768,-1.242524,-1.271670,0.007670,-0.093573,1.262466,-2.066272,1.073787,-2.672195,1.584602,-2.406816,1.701185,-2.124563,0.023981,0.049488,0.023981,-0.308125,0.023981,-0.018864,0.064892,0.008747,0.023981,0.023981,0.023981,-0.039881,0.023981,1.496942,-0.703581,1.050967,-0.006646,0.003119,0.000000,-0.003119,-0.004679,0.767579,0.947831,0.947831,0.652862,1.185534,1.185534,0.963438,1.104044,1.104044,1.034320,1.098533,1.098533,-0.011627,0.090969,-0.012121,0.003613,0.061050,-0.009209,-0.015240,0.029919,-0.002912,0.048816,-0.055167,0.081324,0.109727,5.911090,-6.680090,9.847310,-6.680090,7.549132,-11.128390,9.847310,-11.128390,16.404675,-0.000000,0.000000,29.864898,0.048816,-0.055167,0.081324,0.109727,4.374401,-4.943486,7.287333,-4.943486,5.586606,-8.235374,7.287333,-8.235374,12.139999,-0.000000,0.000000,22.101006,-0.016303,0.113507,0.071546,-0.015748,0.111331,0.067056,-0.000555,0.002176,0.004491,-0.039452,-0.361228,-0.199515,0.414546,0.964120,8.827511,4.875659,8.827511,80.824984,44.641691,4.875659,44.641691,24.656739,-0.000000,0.000000,106.445843,-0.039452,-0.361228,-0.199515,0.414546,1.017113,9.312719,5.143651,9.312719,85.267565,47.095441,5.143651,47.095441,26.012008,-0.000000,0.000000,112.296686,0.001549,0.107172,0.070044,0.001485,0.106208,0.069536,0.000064,0.000964,0.000508,-0.007150,-0.068265,-0.007884,0.069090,1.079260,10.304252,1.190118,10.304252,98.380026,11.362676,1.190118,11.362676,1.312364,-0.000000,0.000000,100.771649,-0.007150,-0.068265,-0.007884,0.069090,1.088127,10.388913,1.199896,10.388913,99.188327,11.456033,1.199896,11.456033,1.323147,0.000000,0.000000,101.599601,0.014396,0.100751,0.049188,0.014430,0.100937,0.049291,-0.000035,-0.000186,-0.000103,0.001070,0.016383,-0.000795,0.016437,0.456629,6.992964,-0.339253,6.992964,107.092506,-5.195424,-0.339253,-5.195424,0.252048,-0.000000,0.000000,107.801183,0.001070,0.016383,-0.000795,0.016437,0.455507,6.975774,-0.338419,6.975774,106.829256,-5.182653,-0.338419,-5.182653,0.251428,-0.000000,0.000000,107.536191,0.026066,0.083282,0.049740,0.026211,0.082939,0.049944,-0.000145,0.000343,-0.000203,0.000995,-0.006268,0.000074,0.006347,1.979913,-12.465931,0.147033,-12.465931,78.488024,-0.925747,0.147033,-0.925747,0.010919,-0.000000,-0.000000,80.478855,0.000995,-0.006268,0.000074,0.006347,1.963264,-12.361110,0.145796,-12.361110,77.828050,-0.917963,0.145796,-0.917963,0.010827,-0.000000,0.000000,79.802141
0.7546,baseline,0.072,20.0000,4.029768,-1.242524,-1.271670,-0.029146,-0.093573,1.268602,-2.063204,1.073787,-2.672195,1.584602,-2.406816,1.701185,-2.124563,0.023981,0.041911,0.023981,-0.733067,0.023981,0.030195,0.063764,0.012135,0.023981,0.023981,0.023981,-0.013960,0.023981,1.496942,-0.703581,1.050967,0.025256,0.003119,0.000000,-0.003119,-0.004679,0.771310,0.946424,0.946424,0.652862,1.185534,1.185534,0.963438,1.104044,1.104044,1.034320,1.098533,1.098533,-0.011745,0.090935,-0.012202,0.003613,0.061050,-0.009209,-0.015359,0.029885,-0.002993,0.045378,-0.056360,0.079993,0.107863,5.368357,-6.667619,9.463430,-6.667619,8.281332,-11.753792,9.463430,-11.753792,16.682294,-0.000000,-0.000000,30.331983,0.045378,-0.056360,0.079993,0.107863,3.979304,-4.942385,7.014785,-4.942385,6.138553,-8.712520,7.014785,-8.712520,12.365781,-0.000000,0.000000,22.483638,-0.016268,0.113529,0.071348,-0.015748,0.111331,0.067056,-0.000519,0.002198,0.004292,-0.038054,-0.347950,-0.191773,0.399117,0.967020,8.842144,4.873369,8.842144,80.849963,44.560649,4.873369,44.560649,24.559707,-0.000000,-0.000000,106.376690,-0.038054,-0.347950,-0.191773,0.399117,1.016549,9.295022,5.122973,9.295022,84.990944,46.842960,5.122973,46.842960,25.817608,-0.000000,0.000000,111.825100,0.001549,0.107172,0.070044,0.001485,0.106208,0.069536,0.000064,0.000964,0.000508,-0.007150,-0.068265,-0.007884,0.069090,1.079260,10.304252,1.190118,10.304252,98.380026,11.362676,1.190118,11.362676,1.312364,-0.000000,0.000000,100.771649,-0.007150,-0.068265,-0.007884,0.069090,1.088127,10.388913,1.199896,10.388913,99.188327,11.456033,1.199896,11.456033,1.323147,0.000000,0.000000,101.599601,0.014396,0.100751,0.049188,0.014430,0.100937,0.049291,-0.000035,-0.000186,-0.000103,0.001070,0.016383,-0.000795,0.016437,0.456629,6.992964,-0.339253,6.992964,107.092506,-5.195424,-0.339253,-5.195424,0.252048,0.000000,0.000000,107.801183,0.001070,0.016383,-0.000795,0.016437,0.455507,6.975774,-0.338419,6.975774,106.829254,-5.182653,-0.338419,-5.182653,0.251428,0.000000,0.000000,107.536189,0.026066,0.083282,0.049740,0.026211,0.082939,0.049944,-0.000145,0.000343,-0.000203,0.000995,-0.006267,0.000074,0.006346,1.979913,-12.465931,0.147033,-12.465931,78.488024,-0.925747,0.147033,-0.925747,0.010919,-0.000000,-0.000000,80.478855,0.000995,-0.006267,0.000074,0.006346,1.963264,-12.361109,0.145796,-12.361109,77.828046,-0.917963,0.145796,-0.917963,0.010827,-0.000000,0.000000,79.802137
0.7970,baseline,0.072,20.0000,4.029768,-1.242524,-1.271670,-0.039884,-0.093573,1.290078,-2.061670,1.073787,-2.672195,1.584602,-2.406816,1.701185,-2.124563,0.023981,0.028083,0.023981,-0.513802,0.023981,0.341065,0.049634,0.014013,0.023981,0.023981,0.023981,-0.012182,0.023981,1.496942,-0.703581,1.050967,0.034561,0.003119,0.000000,-0.003119,-0.004679,0.784367,0.945720,0.945720,0.652862,1.185534,1.185534,0.963438,1.104044,1.104044,1.034320,1.098533,1.098533,-0.011780,0.090926,-0.012226,0.003613,0.061050,-0.009209,-0.015393,0.029876,-0.003017,0.044408,-0.056715,0.079627,0.107374,5.213475,-6.658365,9.348231,-6.658365,8.503699,-11.939049,9.348231,-11.939049,16.762221,-0.000000,0.000000,30.479395,0.044408,-0.056715,0.079627,0.107374,3.866322,-4.937854,6.932663,-4.937854,6.306357,-8.854018,6.932663,-8.854018,12.430890,-0.000000,0.000000,22.603569,-0.016130,0.113415,0.070475,-0.015748,0.111331,0.067056,-0.000382,0.002084,0.003419,-0.031875,-0.286558,-0.153690,0.326729,1.012093,9.098847,4.880002,9.098847,81.799842,43.871868,4.880002,43.871868,23.529884,-0.000000,0.000000,106.341819,-0.031875,-0.286558,-0.153690,0.326729,1.050520,9.444312,5.065286,9.444312,84.905623,45.537597,5.065286,45.537597,24.423267,-0.000000,0.000000,110.379410,0.001549,0.107172,0.070044,0.001485,0.106208,0.069536,0.000064,0.000964,0.000508,-0.007150,-0.068265,-0.007884,0.069090,1.079260,10.304252,1.190118,10.304252,98.380026,11.362676,1.190118,11.362676,1.312364,-0.000000,0.000000,100.771649,-0.007150,-0.068265,-0.007884,0.069090,1.088127,10.388913,1.199896,10.388913,99.188327,11.456033,1.199896,11.456033,1.323147,0.000000,0.000000,101.599601,0.014396,0.100751,0.049188,0.014430,0.100937,0.049291,-0.000035,-0.000186,-0.000103,0.001070,0.016383,-0.000795,0.016437,0.456629,6.992964,-0.339253,6.992964,107.092506,-5.195424,-0.339253,-5.195424,0.252048,-0.000000,-0.000000,107.801183,0.001070,0.016383,-0.000795,0.016437,0.455507,6.975774,-0.338419,6.975774,106.829247,-5.182653,-0.338419,-5.182653,0.251428,-0.000000,-0.000000,107.536182,0.026066,0.083282,0.049740,0.026211,0.082939,0.049944,-0.000145,0.000343,-0.000203,0.000995,-0.006266,0.000074,0.006345,1.979913,-12.465931,0.147033,-12.465931,78.488023,-0.925747,0.147033,-0.925747,0.010919,-0.000000,0.000000,80.478855,0.000995,-0.006266,0.000074,0.006345,1.963264,-12.361106,0.145796,-12.361106,77.828028,-0.917962,0.145796,-0.917962,0.010827,-0.000000,0.000000,79.802119
0.8404,baseline,0.072,20.0000,4.029768,-1.242524,-1.271670,-0.039884,-0.093573,1.291612,-2.061670,1.072253,-2.672195,1.584602,-2.406816,1.701185,-2.124563,0.023981,0.024919,0.023981,-0.131807,0.023981,0.273484,0.038524,0.019302,0.023981,0.023981,0.023981,0.025956,0.023981,1.496942,-0.703581,1.050967,0.034561,0.003119,0.000000,-0.003119,-0.004679,0.785300,0.945720,0.945720,0.651930,1.185534,1.185534,0.963438,1.104044,1.104044,1.034320,1.098533,1.098533,-0.011780,0.090926,-0.012226,0.003613,0.061050,-0.009209,-0.015393,0.029876,-0.003017,0.044408,-0.056715,0.079627,0.107374,5.213475,-6.658365,9.348231,-6.658365,8.503699,-11.939049,9.348231,-11.939049,16.762221,-0.000000,0.000000,30.479395,0.044408,-0.056715,0.079627,0.107374,3.866322,-4.937854,6.932663,-4.937854,6.306357,-8.854018,6.932663,-8.854018,12.430890,-0.000000,0.000000,22.603569,-0.016120,0.113404,0.070410,-0.015748,0.111331,0.067056,-0.000372,0.002073,0.003355,-0.031406,-0.281967,-0.150896,0.321343,1.015771,9.119679,4.880426,9.119679,81.877296,43.816898,4.880426,43.816898,23.448754,-0.000000,-0.000000,106.341821,-0.031406,-0.281967,-0.150896,0.321343,1.053368,9.457236,5.061070,9.457236,84.907906,45.438739,5.061070,45.438739,24.316688,-0.000000,-0.000000,110.277962,0.001552,0.107182,0.070104,0.001485,0.106208,0.069536,0.000066,0.000974,0.000568,-0.007597,-0.072510,-0.008444,0.073394,1.079737,10.305387,1.200027,10.305387,98.358193,11.453479,1.200027,11.453479,1.333719,-0.000000,0.000000,100.771649,-0.007597,-0.072510,-0.008444,0.073394,1.090299,10.406194,1.211766,10.406194,99.320330,11.565516,1.211766,11.565516,1.346765,-0.000000,0.000000,101.757395,0.014396,0.100751,0.049188,0.014430,0.100937,0.049291,-0.000035,-0.000186,-0.000103,0.001070,0.016383,-0.000795,0.016437,0.456629,6.992964,-0.339253,6.992964,107.092506,-5.195424,-0.339253,-5.195424,0.252048,-0.000000,-0.000000,107.801183,0.001070,0.016383,-0.000795,0.016437,0.455507,6.975774,-0.338419,6.975774,106.829246,-5.182653,-0.338419,-5.182653,0.251428,0.000000,0.000000,107.536181,0.026066,0.083282,0.049740,0.026211,0.082939,0.049944,-0.000145,0.000343,-0.000203,0.000995,-0.006266,0.000074,0.006345,1.979913,-12.465931,0.147033,-12.465931,78.488023,-0.925747,0.147033,-0.925747,0.010919,-0.000000,0.000000,80.478855,0.000995,-0.006266,0.000074,0.006345,1.963264,-12.361106,0.145796,-12.361106,77.828027,-0.917962,0.145796,-0.917962,0.010827,-0.000000,-0.000000,79.802118
0.8819,baseline,0.072,20.0000,4.029768,-1.239456,-1.271670,-0.038350,-0.093573,1.285476,-2.061670,1.073787,-2.672195,1.584602,-2.406816,1.699651,-2.124563,0.023981,0.049308,0.023981,-0.009500,0.023981,-0.011017,0.016071,0.010720,0.023981,0.023981,0.023981,0.022035,0.023981,1.496942,-0.701844,1.050967,0.033232,0.003119,0.000000,-0.003119,-0.004679,0.781569,0.945720,0.945720,0.652862,1.185534,1.185534,0.963438,1.104044,1.104044,1.033388,1.098533,1.098533,-0.011796,0.090975,-0.012129,0.003613,0.061050,-0.009209,-0.015409,0.029925,-0.002920,0.044026,-0.056086,0.078592,0.106117,5.242923,-6.679111,9.359226,-6.679111,8.508712,-11.922988,9.359226,-11.922988,16.707304,0.000000,0.000000,30.458939,0.044026,-0.056086,0.078592,0.106117,3.885351,-4.949660,6.935802,-4.949660,6.305515,-8.835718,6.935802,-8.835718,12.381210,-0.000000,0.000000,22.572076,-0.016160,0.113447,0.070668,-0.015748,0.111331,0.067056,-0.000412,0.002116,0.003612,-0.033269,-0.300304,-0.162127,0.342891,1.001098,9.036392,4.878521,9.036392,81.566842,44.035892,4.878521,44.035892,23.773874,-0.000000,0.000000,106.341814,-0.033269,-0.300304,-0.162127,0.342891,1.041968,9.405303,5.077687,9.405303,84.896806,45.833656,5.077687,45.833656,24.744441,-0.000000,0.000000,110.683215,0.001549,0.107172,0.070044,0.001485,0.106208,0.069536,0.000064,0.000964,0.000508,-0.007150,-0.068265,-0.007884,0.069090,1.079260,10.304252,1.190118,10.304252,98.380026,11.362676,1.190118,11.362676,1.312364,-0.000000,0.000000,100.771649,-0.007150,-0.068265,-0.007884,0.069090,1.088127,10.388913,1.199896,10.388913,99.188327,11.456033,1.199896,11.456033,1.323147,0.000000,0.000000,101.599601,0.014396,0.100751,0.049188,0.014430,0.100937,0.049291,-0.000035,-0.000186,-0.000103,0.001070,0.016383,-0.000795,0.016437,0.456629,6.992964,-0.339253,6.992964,107.092506,-5.195424,-0.339253,-5.195424,0.252048,-0.000000,0.000000,107.801183,0.001070,0.016383,-0.000795,0.016437,0.455507,6.975774,-0.338419,6.975774,106.829250,-5.182653,-0.338419,-5.182653,0.251428,-0.000000,0.000000,107.536185,0.026084,0.083304,0.049775,0.026211,0.082939,0.049944,-0.000126,0.000365,-0.000169,0.001430,-0.009033,0.000099,0.009146,1.968240,-12.430169,0.136491,-12.430169,78.501171,-0.861989,0.136491,-0.861989,0.009465,-0.000000,0.000000,80.478876,0.001430,-0.009033,0.000099,0.009146,1.954313,-12.342215,0.135525,-12.342215,77.945707,-0.855890,0.135525,-0.855890,0.009398,-0.000000,0.000000,79.909418
0.9243,baseline,0.072,20.0000,4.029768,-1.239456,-1.271670,-0.036816,-0.093573,1.283942,-2.063204,1.073787,-2.672195,1.584602,-2.406816,1.699651,-2.124563,0.023981,0.044433,0.023981,0.028569,0.023981,-0.076851,-0.004714,0.020338,0.023981,0.023981,0.023981,-0.006346,0.023981,1.496942,-0.701844,1.050967,0.031903,0.003119,0.000000,-0.003119,-0.004679,0.780637,0.946424,0.946424,0.652862,1.185534,1.185534,0.963438,1.104044,1.104044,1.033388,1.098533,1.098533,-0.011791,0.090976,-0.012126,0.003613,0.061050,-0.009209,-0.015404,0.029926,-0.002917,0.044163,-0.056037,0.078645,0.106186,5.264990,-6.680543,9.375722,-6.680543,8.476682,-11.896492,9.375722,-11.896492,16.695979,0.000000,0.000000,30.437652,0.044163,-0.056037,0.078645,0.106186,3.901450,-4.950399,6.947574,-4.950399,6.281370,-8.815508,6.947574,-8.815508,12.372013,-0.000000,0.000000,22.554833,-0.016168,0.113426,0.070703,-0.015748,0.111331,0.067056,-0.000420,0.002095,0.003647,-0.033526,-0.302411,-0.163082,0.345213,1.003288,9.049951,4.880396,9.049951,81.633214,44.022600,4.880396,44.022600,23.740206,-0.000000,0.000000,106.376708,-0.033526,-0.302411,-0.163082,0.345213,1.045162,9.427672,5.084090,9.427672,85.040367,45.859986,5.084090,45.859986,24.731059,-0.000000,0.000000,110.816589,0.001549,0.107172,0.070044,0.001485,0.106208,0.069536,0.000064,0.000964,0.000508,-0.007150,-0.068265,-0.007884,0.069090,1.079260,10.304252,1.190118,10.304252,98.380026,11.362676,1.190118,11.362676,1.312364,-0.000000,0.000000,100.771649,-0.007150,-0.068265,-0.007884,0.069090,1.088127,10.388913,1.199896,10.388913,99.188327,11.456033,1.199896,11.456033,1.323147,0.000000,0.000000,101.599601,0.014396,0.100751,0.049188,0.014430,0.100937,0.049291,-0.000035,-0.000186,-0.000103,0.001070,0.016383,-0.000795,0.016437,0.456629,6.992964,-0.339253,6.992964,107.092506,-5.195424,-0.339253,-5.195424,0.252048,0.000000,0.000000,107.801183,0.001070,0.016383,-0.000795,0.016437,0.455507,6.975774,-0.338419,6.975774,106.829250,-5.182653,-0.338419,-5.182653,0.251428,-0.000000,0.000000,107.536185,0.026084,0.083304,0.049775,0.026211,0.082939,0.049944,-0.000126,0.000365,-0.000169,0.001430,-0.009033,0.000099,0.009146,1.968240,-12.430169,0.136491,-12.430169,78.501171,-0.861989,0.136491,-0.861989,0.009465,0.000000,0.000000,80.478876,0.001430,-0.009033,0.000099,0.009146,1.954313,-12.342215,0.135525,-12.342215,77.945708,-0.855890,0.135525,-0.855890,0.009398,-0.000000,-0.000000,79.909418
0.9667,baseline,0.072,20.0000,4.029768,-1.239456,-1.271670,-0.023010,-0.093573,1.283942,-2.073942,1.073787,-2.672195,1.584602,-2.406816,1.705787,-2.124563,0.023981,0.028660,0.023981,0.205181,0.023981,0.015548,-0.110288,0.023147,0.023981,0.023981,0.023981,0.074819,0.023981,1.496942,-0.701844,1.050967,0.019939,0.003119,0.000000,-0.003119,-0.004679,0.780637,0.951350,0.951350,0.652862,1.185534,1.185534,0.963438,1.104044,1.104044,1.037118,1.098533,1.098533,-0.011747,0.090988,-0.012095,0.003613,0.061050,-0.009209,-0.015360,0.029938,-0.002886,0.045409,-0.055597,0.079126,0.106836,5.465013,-6.691054,9.522832,-6.691054,8.192149,-11.659218,9.522832,-11.659218,16.593615,-0.000000,0.000000,30.250778,0.045409,-0.055597,0.079126,0.106836,4.047285,-4.955268,7.052429,-4.955268,6.066951,-8.634597,7.052429,-8.634597,12.288918,0.000000,0.000000,22.403154,-0.016154,0.113205,0.070498,-0.015748,0.111331,0.067056,-0.000406,0.001874,0.003442,-0.032042,-0.284984,-0.150144,0.323706,1.044643,9.290999,4.894964,9.290999,82.633655,43.535551,4.894964,43.535551,22.936710,-0.000000,-0.000000,106.615008,-0.032042,-0.284984,-0.150144,0.323706,1.087921,9.675909,5.097754,9.675909,86.057021,45.339152,5.097754,45.339152,23.886937,-0.000000,-0.000000,111.031879,0.001549,0.107172,0.070044,0.001485,0.106208,0.069536,0.000064,0.000964,0.000508,-0.007150,-0.068265,-0.007884,0.069090,1.079260,10.304252,1.190118,10.304252,98.380026,11.362676,1.190118,11.362676,1.312364,-0.000000,0.000000,100.771649,-0.007150,-0.068265,-0.007884,0.069090,1.088127,10.388913,1.199896,10.388913,99.188327,11.456033,1.199896,11.456033,1.323147,0.000000,0.000000,101.599601,0.014396,0.100751,0.049188,0.014430,0.100937,0.049291,-0.000035,-0.000186,-0.000103,0.001070,0.016384,-0.000795,0.016438,0.456629,6.992964,-0.339253,6.992964,107.092506,-5.195424,-0.339253,-5.195424,0.252048,-0.000000,0.000000,107.801183,0.001070,0.016384,-0.000795,0.016438,0.455507,6.975773,-0.338419,6.975773,106.829242,-5.182652,-0.338419,-5.182652,0.251428,-0.000000,0.000000,107.536176,0.026010,0.083216,0.049636,0.026211,0.082939,0.049944,-0.000201,0.000277,-0.000307,-0.000325,0.002025,-0.000029,0.002051,2.015125,-12.573069,0.179014,-12.573069,78.447765,-1.116931,0.179014,-1.116931,0.015903,-0.000000,0.000000,80.478793,-0.000325,0.002025,-0.000029,0.002051,1.990114,-12.417015,0.176792,-12.417015,77.474087,-1.103067,0.176792,-1.103067,0.015705,0.000000,0.000000,79.479907
1.0091,baseline,0.072,20.0000,4.029768,-1.239456,-1.271670,-0.010738,-0.093573,1.290078,-2.073942,1.073787,-2.672195,1.584602,-2.406816,1.707321,-2.124563,0.023981,0.025051,0.023981,0.293482,0.023981,0.060831,-0.115061,0.008171,0.023981,0.023981,0.023981,0.115819,0.023981,1.496942,-0.701844,1.050967,0.009305,0.003119,0.000000,-0.003119,-0.004679,0.784367,0.951350,0.951350,0.652862,1.185534,1.185534,0.963438,1.104044,1.104044,1.038051,1.098533,1.098533,-0.011707,0.090999,-0.012067,0.003613,0.061050,-0.009209,-0.015320,0.029949,-0.002858,0.046537,-0.055209,0.079568,0.107447,5.644949,-6.696860,9.651567,-6.696860,7.944790,-11.450093,9.651567,-11.450093,16.501963,-0.000000,0.000000,30.091702,0.046537,-0.055209,0.079568,0.107447,4.178332,-4.956945,7.143988,-4.956945,5.880650,-8.475238,7.143988,-8.475238,12.214580,0.000000,0.000000,22.273562,-0.016115,0.113161,0.070241,-0.015748,0.111331,0.067056,-0.000366,0.001830,0.003186,-0.030124,-0.266512,-0.139167,0.302165,1.059643,9.374803,4.895316,9.374803,82.940102,43.309500,4.895316,43.309500,22.615270,-0.000000,0.000000,106.615015,-0.030124,-0.266512,-0.139167,0.302165,1.099435,9.726847,5.079146,9.726847,86.054686,44.935868,5.079146,44.935868,23.464524,-0.000000,-0.000000,110.618645,0.001549,0.107172,0.070044,0.001485,0.106208,0.069536,0.000064,0.000964,0.000508,-0.007150,-0.068265,-0.007884,0.069090,1.079260,10.304252,1.190118,10.304252,98.380026,11.362676,1.190118,11.362676,1.312364,-0.000000,0.000000,100.771649,-0.007150,-0.068265,-0.007884,0.069090,1.088127,10.388913,1.199896,10.388913,99.188327,11.456033,1.199896,11.456033,1.323147,0.000000,0.000000,101.599601,0.014396,0.100751,0.049188,0.014430,0.100937,0.049291,-0.000035,-0.000186,-0.000103,0.001070,0.016384,-0.000795,0.016438,0.456629,6.992964,-0.339253,6.992964,107.092506,-5.195424,-0.339253,-5.195424,0.252048,0.000000,0.000000,107.801183,0.001070,0.016384,-0.000795,0.016438,0.455506,6.975773,-0.338419,6.975773,106.829238,-5.182652,-0.338419,-5.182652,0.251428,-0.000000,-0.000000,107.536172,0.025992,0.083194,0.049602,0.026211,0.082939,0.049944,-0.000219,0.000255,-0.000342,-0.000769,0.004786,-0.000072,0.004848,2.026927,-12.608733,0.189793,-12.608733,78.434074,-1.180628,0.189793,-1.180628,0.017771,-0.000000,0.000000,80.478773,-0.000769,0.004786,-0.000072,0.004848,1.999062,-12.435394,0.187184,-12.435394,77.355799,-1.164397,0.187184,-1.164397,0.017527,-0.000000,0.000000,79.372388
1.0515,baseline,0.072,20.0000,4.029768,-1.237922,-1.271670,-0.003068,-0.093573,1.294680,-2.069340,1.073787,-2.672195,1.584602,-2.406816,1.702719,-2.124563,0.023981,0.034022,0.023981,0.230160,0.023981,0.151093,0.067018,0.020177,0.023981,0.023981,0.023981,-0.034986,0.023981,1.496942,-0.700975,1.050967,0.002659,0.003119,0.000000,-0.003119,-0.004679,0.787165,0.949239,0.949239,0.652862,1.185534,1.185534,0.963438,1.104044,1.104044,1.035253,1.098533,1.098533,-0.011693,0.091030,-0.012004,0.003613,0.061050,-0.009209,-0.015306,0.029980,-0.002795,0.046981,-0.054696,0.079316,0.107191,5.762184,-6.708500,9.728046,-6.708500,7.810228,-11.325670,9.728046,-11.325670,16.423440,-0.000000,0.000000,29.995852,0.046981,-0.054696,0.079316,0.107191,4.262393,-4.962401,7.196015,-4.962401,5.777369,-8.377807,7.196015,-8.377807,12.148721,-0.000000,0.000000,22.188483,-0.016091,0.113223,0.070136,-0.015748,0.111331,0.067056,-0.000343,0.001892,0.003080,-0.029353,-0.260215,-0.136342,0.295233,1.052909,9.333967,4.890619,9.333967,82.745014,43.355019,4.890619,43.355019,22.716265,-0.000000,0.000000,106.514188,-0.029353,-0.260215,-0.136342,0.295233,1.089574,9.659002,5.060924,9.659002,85.626427,44.864763,5.060924,44.864763,23.507309,-0.000000,0.000000,110.223311,0.001549,0.107172,0.070044,0.001485,0.106208,0.069536,0.000064,0.000964,0.000508,-0.007150,-0.068265,-0.007884,0.069090,1.079260,10.304252,1.190118,10.304252,98.380026,11.362676,1.190118,11.362676,1.312364,-0.000000,0.000000,100.771649,-0.007150,-0.068265,-0.007884,0.069090,1.088127,10.388913,1.199896,10.388913,99.188327,11.456033,1.199896,11.456033,1.323147,0.000000,0.000000,101.599601,0.014396,0.100751,0.049188,0.014430,0.100937,0.049291,-0.000035,-0.000186,-0.000103,0.001070,0.016384,-0.000795,0.016438,0.456629,6.992964,-0.339253,6.992964,107.092506,-5.195424,-0.339253,-5.195424,0.252048,-0.000000,0.000000,107.801183,0.001070,0.016384,-0.000795,0.016438,0.455507,6.975773,-0.338419,6.975773,106.829242,-5.182652,-0.338419,-5.182652,0.251428,-0.000000,0.000000,107.536177,0.026047,0.083260,0.049706,0.026211,0.082939,0.049944,-0.000164,0.000321,-0.000238,0.000558,-0.003501,0.000044,0.003545,1.991618,-12.501668,0.157634,-12.501668,78.474740,-0.989490,0.157634,-0.989490,0.012476,-0.000000,0.000000,80.478834,0.000558,-0.003501,0.000044,0.003545,1.972214,-12.379869,0.156098,-12.379869,77.710193,-0.979849,0.156098,-0.979849,0.012355,-0.000000,0.000000,79.694762
1.0939,baseline,0.072,20.0000,4.029768,-1.237922,-1.271670,0.000000,-0.093573,1.288544,-2.069340,1.073787,-2.672195,1.584602,-2.406816,1.701185,-2.124563,0.023981,0.031115,0.023981,0.152989,0.023981,-0.011689,0.050837,0.010459,0.023981,0.023981,0.023981,-0.028506,0.023981,1.496942,-0.700975,1.050967,-0.000000,0.003119,0.000000,-0.003119,-0.004679,0.783435,0.949239,0.949239,0.652862,1.185534,1.185534,0.963438,1.104044,1.104044,1.034320,1.098533,1.098533,-0.011683,0.091033,-0.011997,0.003613,0.061050,-0.009209,-0.015296,0.029983,-0.002788,0.047268,-0.054602,0.079431,0.107354,5.807798,-6.708935,9.759624,-6.708935,7.749892,-11.273926,9.759624,-11.273926,16.400410,-0.000000,0.000000,29.958100,0.047268,-0.054602,0.079431,0.107354,4.295568,-4.962067,7.218421,-4.962067,5.731981,-8.338430,7.218421,-8.338430,12.130084,-0.000000,0.000000,22.157633,-0.016130,0.113267,0.070393,-0.015748,0.111331,0.067056,-0.000382,0.001936,0.003337,-0.031270,-0.278681,-0.147321,0.316772,1.037962,9.250283,4.890052,9.250283,82.438187,43.579967,4.890052,43.579967,23.038031,-0.000000,0.000000,106.514181,-0.031270,-0.278681,-0.147321,0.316772,1.078114,9.608113,5.079215,9.608113,85.627159,45.265779,5.079215,45.265779,23.929216,-0.000000,0.000000,110.634489,0.001549,0.107172,0.070044,0.001485,0.106208,0.069536,0.000064,0.000964,0.000508,-0.007150,-0.068265,-0.007884,0.069090,1.079260,10.304252,1.190118,10.304252,98.380026,11.362676,1.190118,11.362676,1.312364,-0.000000,0.000000,100.771649,-0.007150,-0.068265,-0.007884,0.069090,1.088127,10.388913,1.199896,10.388913,99.188327,11.456033,1.199896,11.456033,1.323147,0.000000,0.000000,101.599601,0.014396,0.100751,0.049188,0.014430,0.100937,0.049291,-0.000035,-0.000186,-0.000103,0.001070,0.016383,-0.000795,0.016437,0.456629,6.992964,-0.339253,6.992964,107.092506,-5.195424,-0.339253,-5.195424,0.252048,-0.000000,-0.000000,107.801183,0.001070,0.016383,-0.000795,0.016437,0.455507,6.975774,-0.338419,6.975774,106.829246,-5.182653,-0.338419,-5.182653,0.251428,-0.000000,0.000000,107.536181,0.026066,0.083282,0.049740,0.026211,0.082939,0.049944,-0.000145,0.000343,-0.000203,0.000995,-0.006266,0.000074,0.006345,1.979913,-12.465931,0.147033,-12.465931,78.488023,-0.925747,0.147033,-0.925747,0.010919,-0.000000,0.000000,80.478855,0.000995,-0.006266,0.000074,0.006345,1.963264,-12.361106,0.145796,-12.361106,77.828026,-0.917962,0.145796,-0.917962,0.010827,-0.000000,0.000000,79.802117
1.1364,baseline,0.072,20.0000,4.029768,-1.237922,-1.271670,0.001534,-0.093573,1.291612,-2.067806,1.073787,-2.672195,1.584602,-2.406816,1.701185,-2.124563,0.023981,0.025613,0.023981,0.090376,0.023981,-0.045296,0.046580,0.020887,0.023981,0.023981,0.023981,-0.018517,0.023981,1.496942,-0.700975,1.050967,-0.001329,0.003119,0.000000,-0.003119,-0.004679,0.785300,0.948535,0.948535,0.652862,1.185534,1.185534,0.963438,1.104044,1.104044,1.034320,1.098533,1.098533,-0.011678,0.091035,-0.011994,0.003613,0.061050,-0.009209,-0.015291,0.029985,-0.002785,0.047412,-0.054555,0.079489,0.107437,5.830651,-6.709077,9.775370,-6.709077,7.719842,-11.248092,9.775370,-11.248092,16.388881,-0.000000,-0.000000,29.939374,0.047412,-0.054555,0.079489,0.107437,4.312186,-4.961844,7.229588,-4.961844,5.709378,-8.318772,7.229588,-8.318772,12.120755,-0.000000,0.000000,22.142319,-0.016113,0.113277,0.070293,-0.015748,0.111331,0.067056,-0.000364,0.001946,0.003238,-0.030537,-0.271970,-0.143617,0.309073,1.039459,9.257591,4.888589,9.257591,82.449589,43.538557,4.888589,43.538557,22.991090,0.000000,0.000000,106.480138,-0.030537,-0.271970,-0.143617,0.309073,1.077721,9.598358,5.068536,9.598358,85.484520,45.141191,5.068536,45.141191,23.837381,-0.000000,0.000000,110.399623,0.001549,0.107172,0.070044,0.001485,0.106208,0.069536,0.000064,0.000964,0.000508,-0.007150,-0.068265,-0.007884,0.069090,1.079260,10.304252,1.190118,10.304252,98.380026,11.362676,1.190118,11.362676,1.312364,-0.000000,0.000000,100.771649,-0.007150,-0.068265,-0.007884,0.069090,1.088127,10.388913,1.199896,10.388913,99.188327,11.456033,1.199896,11.456033,1.323147,0.000000,0.000000,101.599601,0.014396,0.100751,0.049188,0.014430,0.100937,0.049291,-0.000035,-0.000186,-0.000103,0.001070,0.016383,-0.000795,0.016437,0.456629,6.992964,-0.339253,6.992964,107.092506,-5.195424,-0.339253,-5.195424,0.252048,-0.000000,0.000000,107.801183,0.001070,0.016383,-0.000795,0.016437,0.455507,6.975774,-0.338419,6.975774,106.829245,-5.182653,-0.338419,-5.182653,0.251428,-0.000000,0.000000,107.536180,0.026066,0.083282,0.049740,0.026211,0.082939,0.049944,-0.000145,0.000343,-0.000203,0.000995,-0.006266,0.000074,0.006345,1.979913,-12.465931,0.147033,-12.465931,78.488023,-0.925747,0.147033,-0.925747,0.010919,-0.000000,-0.000000,80.478855,0.000995,-0.006266,0.000074,0.006345,1.963264,-12.361106,0.145796,-12.361106,77.828024,-0.917962,0.145796,-0.917962,0.010827,-0.000000,0.000000,79.802115
1.1788,baseline,0.072,20.0000,4.029768,-1.237922,-1.271670,0.001534,-0.093573,1.290078,-2.064738,1.073787,-2.672195,1.584602,-2.406816,1.699651,-2.124563,0.023981,0.024354,0.023981,0.039780,0.023981,0.032182,0.046359,0.018717,0.023981,0.023981,0.023981,-0.018926,0.023981,1.496942,-0.700975,1.050967,-0.001329,0.003119,0.000000,-0.003119,-0.004679,0.784367,0.947128,0.947128,0.652862,1.185534,1.185534,0.963438,1.104044,1.104044,1.033388,1.098533,1.098533,-0.011678,0.091035,-0.011994,0.003613,0.061050,-0.009209,-0.015291,0.029985,-0.002785,0.047412,-0.054555,0.079489,0.107437,5.830651,-6.709077,9.775370,-6.709077,7.719842,-11.248092,9.775370,-11.248092,16.388881,-0.000000,-0.000000,29.939374,0.047412,-0.054555,0.079489,0.107437,4.312186,-4.961844,7.229588,-4.961844,5.709378,-8.318772,7.229588,-8.318772,12.120755,-0.000000,0.000000,22.142319,-0.016126,0.113351,0.070416,-0.015748,0.111331,0.067056,-0.000378,0.002020,0.003360,-0.031448,-0.281580,-0.150020,0.320596,1.023882,9.167732,4.884368,9.167732,82.086931,43.734126,4.884368,43.734126,23.300588,-0.000000,0.000000,106.411401,-0.031448,-0.281580,-0.150020,0.320596,1.062659,9.514942,5.069354,9.514942,85.195812,45.390470,5.069354,45.390470,24.183052,-0.000000,0.000000,110.441523,0.001549,0.107172,0.070044,0.001485,0.106208,0.069536,0.000064,0.000964,0.000508,-0.007150,-0.068265,-0.007884,0.069090,1.079260,10.304252,1.190118,10.304252,98.380026,11.362676,1.190118,11.362676,1.312364,-0.000000,0.000000,100.771649,-0.007150,-0.068265,-0.007884,0.069090,1.088127,10.388913,1.199896,10.388913,99.188327,11.456033,1.199896,11.456033,1.323147,0.000000,0.000000,101.599601,0.014396,0.100751,0.049188,0.014430,0.100937,0.049291,-0.000035,-0.000186,-0.000103,0.001070,0.016383,-0.000795,0.016437,0.456629,6.992964,-0.339253,6.992964,107.092506,-5.195424,-0.339253,-5.195424,0.252048,-0.000000,0.000000,107.801183,0.001070,0.016383,-0.000795,0.016437,0.455507,6.975774,-0.338419,6.975774,106.829248,-5.182653,-0.338419,-5.182653,0.251428,-0.000000,0.000000,107.536183,0.026084,0.083304,0.049775,0.026211,0.082939,0.049944,-0.000126,0.000365,-0.000169,0.001430,-0.009033,0.000099,0.009146,1.968240,-12.430169,0.136491,-12.430169,78.501171,-0.861989,0.136491,-0.861989,0.009465,0.000000,0.000000,80.478876,0.001430,-0.009033,0.000099,0.009146,1.954312,-12.342214,0.135525,-12.342214,77.945702,-0.855890,0.135525,-0.855890,0.009398,-0.000000,0.000000,79.909412
1.2212,baseline,0.072,20.0000,4.029768,-1.237922,-1.271670,0.001534,-0.093573,1.288544,-2.064738,1.073787,-2.672195,1.584602,-2.406816,1.701185,-2.124563,0.023981,0.024066,0.023981,0.027595,0.023981,-0.035162,0.041096,0.014102,0.023981,0.023981,0.023981,0.025490,0.023981,1.496942,-0.700975,1.050967,-0.001329,0.003119,0.000000,-0.003119,-0.004679,0.783435,0.947128,0.947128,0.652862,1.185534,1.185534,0.963438,1.104044,1.104044,1.034320,1.098533,1.098533,-0.011678,0.091035,-0.011994,0.003613,0.061050,-0.009209,-0.015291,0.029985,-0.002785,0.047412,-0.054555,0.079489,0.107437,5.830651,-6.709077,9.775370,-6.709077,7.719842,-11.248092,9.775370,-11.248092,16.388881,-0.000000,-0.000000,29.939374,0.047412,-0.054555,0.079489,0.107437,4.312186,-4.961844,7.229588,-4.961844,5.709378,-8.318772,7.229588,-8.318772,12.120755,-0.000000,0.000000,22.142319,-0.016136,0.113362,0.070480,-0.015748,0.111331,0.067056,-0.000388,0.002031,0.003425,-0.031918,-0.286176,-0.152805,0.325983,1.020188,9.146872,4.884015,9.146872,82.009644,43.789428,4.884015,43.789428,23.381567,-0.000000,0.000000,106.411399,-0.031918,-0.286176,-0.152805,0.325983,1.059803,9.502049,5.073663,9.502049,85.194115,45.489791,5.073663,45.489791,24.289483,0.000000,0.000000,110.543401,0.001549,0.107172,0.070044,0.001485,0.106208,0.069536,0.000064,0.000964,0.000508,-0.007150,-0.068265,-0.007884,0.069090,1.079260,10.304252,1.190118,10.304252,98.380026,11.362676,1.190118,11.362676,1.312364,-0.000000,0.000000,100.771649,-0.007150,-0.068265,-0.007884,0.069090,1.088127,10.388913,1.199896,10.388913,99.188327,11.456033,1.199896,11.456033,1.323147,0.000000,0.000000,101.599601,0.014396,0.100751,0.049188,0.014430,0.100937,0.049291,-0.000035,-0.000186,-0.000103,0.001070,0.016383,-0.000795,0.016437,0.456629,6.992964,-0.339253,6.992964,107.092506,-5.195424,-0.339253,-5.195424,0.252048,-0.000000,0.000000,107.801183,0.001070,0.016383,-0.000795,0.016437,0.455507,6.975774,-0.338419,6.975774,106.829247,-5.182653,-0.338419,-5.182653,0.251428,-0.000000,0.000000,107.536182,0.026066,0.083282,0.049740,0.026211,0.082939,0.049944,-0.000145,0.000343,-0.000203,0.000995,-0.006266,0.000074,0.006345,1.979913,-12.465931,0.147033,-12.465931,78.488023,-0.925747,0.147033,-0.925747,0.010919,-0.000000,0.000000,80.478855,0.000995,-0.006266,0.000074,0.006345,1.963264,-12.361106,0.145796,-12.361106,77.828028,-0.917962,0.145796,-0.917962,0.010827,-0.000000,-0.000000,79.802119
1.2636,baseline,0.072,20.0000,4.029768,-1.236389,-1.271670,0.001534,-0.093573,1.290078,-2.063204,1.073787,-2.672195,1.584602,-2.406816,1.701185,-2.124563,0.023981,0.026398,0.023981,0.024808,0.023981,0.044132,0.042586,0.007518,0.023981,0.023981,0.023981,0.028164,0.023981,1.496942,-0.700107,1.050967,-0.001329,0.003119,0.000000,-0.003119,-0.004679,0.784367,0.946424,0.946424,0.652862,1.185534,1.185534,0.963438,1.104044,1.104044,1.034320,1.098533,1.098533,-0.011688,0.091059,-0.011947,0.003613,0.061050,-0.009209,-0.015302,0.030009,-0.002738,0.047139,-0.054284,0.078955,0.106784,5.834414,-6.718756,9.772308,-6.718756,7.737140,-11.253529,9.772308,-11.253529,16.368052,-0.000000,0.000000,29.939607,0.047139,-0.054284,0.078955,0.106784,4.313675,-4.967513,7.225156,-4.967513,5.720455,-8.320297,7.225156,-8.320297,12.101720,-0.000000,0.000000,22.135850,-0.016128,0.113383,0.070445,-0.015748,0.111331,0.067056,-0.000380,0.002052,0.003390,-0.031662,-0.284072,-0.151852,0.323663,1.017979,9.133280,4.882229,9.133280,81.943552,43.803235,4.882229,43.803235,23.415184,-0.000000,0.000000,106.376715,-0.031662,-0.284072,-0.151852,0.323663,1.056582,9.479626,5.067370,9.479626,85.050956,45.464309,5.067370,45.464309,24.303118,-0.000000,-0.000000,110.410656,0.001549,0.107172,0.070044,0.001485,0.106208,0.069536,0.000064,0.000964,0.000508,-0.007150,-0.068265,-0.007884,0.069090,1.079260,10.304252,1.190118,10.304252,98.380026,11.362676,1.190118,11.362676,1.312364,-0.000000,0.000000,100.771649,-0.007150,-0.068265,-0.007884,0.069090,1.088127,10.388913,1.199896,10.388913,99.188327,11.456033,1.199896,11.456033,1.323147,0.000000,0.000000,101.599601,0.014396,0.100751,0.049188,0.014430,0.100937,0.049291,-0.000035,-0.000186,-0.000103,0.001070,0.016383,-0.000795,0.016437,0.456629,6.992964,-0.339253,6.992964,107.092506,-5.195424,-0.339253,-5.195424,0.252048,-0.000000,0.000000,107.801183,0.001070,0.016383,-0.000795,0.016437,0.455507,6.975774,-0.338419,6.975774,106.829247,-5.182653,-0.338419,-5.182653,0.251428,-0.000000,0.000000,107.536181,0.026066,0.083282,0.049740,0.026211,0.082939,0.049944,-0.000145,0.000343,-0.000203,0.000995,-0.006266,0.000074,0.006345,1.979913,-12.465931,0.147033,-12.465931,78.488023,-0.925747,0.147033,-0.925747,0.010919,-0.000000,-0.000000,80.478855,0.000995,-0.006266,0.000074,0.006345,1.963264,-12.361106,0.145796,-12.361106,77.828028,-0.917962,0.145796,-0.917962,0.010827,-0.000000,0.000000,79.802118
1.3061,baseline,0.072,20.0000,4.029768,-1.236389,-1.271670,0.001534,-0.093573,1.291612,-2.063204,1.073787,-2.672195,1.584602,-2.406816,1.699651,-2.124563,0.023981,0.033208,0.023981,0.024170,0.023981,0.047085,0.028847,0.011358,0.023981,0.023981,0.023981,0.002889,0.023981,1.496942,-0.700107,1.050967,-0.001329,0.003119,0.000000,-0.003119,-0.004679,0.785300,0.946424,0.946424,0.652862,1.185534,1.185534,0.963438,1.104044,1.104044,1.033388,1.098533,1.098533,-0.011688,0.091059,-0.011947,0.003613,0.061050,-0.009209,-0.015302,0.030009,-0.002738,0.047139,-0.054284,0.078955,0.106784,5.834414,-6.718756,9.772308,-6.718756,7.737140,-11.253529,9.772308,-11.253529,16.368052,-0.000000,0.000000,29.939607,0.047139,-0.054284,0.078955,0.106784,4.313675,-4.967513,7.225156,-4.967513,5.720455,-8.320297,7.225156,-8.320297,12.101720,-0.000000,0.000000,22.135850,-0.016118,0.113372,0.070381,-0.015748,0.111331,0.067056,-0.000370,0.002041,0.003325,-0.031192,-0.279476,-0.149066,0.318277,1.021668,9.154130,4.882600,9.154130,82.020869,43.748025,4.882600,43.748025,23.334180,-0.000000,0.000000,106.376717,-0.031192,-0.279476,-0.149066,0.318277,1.059434,9.492514,5.063086,9.492514,85.052782,45.365178,5.063086,45.365178,24.196732,-0.000000,0.000000,110.308948,0.001549,0.107172,0.070044,0.001485,0.106208,0.069536,0.000064,0.000964,0.000508,-0.007150,-0.068265,-0.007884,0.069090,1.079260,10.304252,1.190118,10.304252,98.380026,11.362676,1.190118,11.362676,1.312364,-0.000000,0.000000,100.771649,-0.007150,-0.068265,-0.007884,0.069090,1.088127,10.388913,1.199896,10.388913,99.188327,11.456033,1.199896,11.456033,1.323147,0.000000,0.000000,101.599601,0.014396,0.100751,0.049188,0.014430,0.100937,0.049291,-0.000035,-0.000186,-0.000103,0.001070,0.016383,-0.000795,0.016437,0.456629,6.992964,-0.339253,6.992964,107.092506,-5.195424,-0.339253,-5.195424,0.252048,0.000000,0.000000,107.801183,0.001070,0.016383,-0.000795,0.016437,0.455507,6.975774,-0.338419,6.975774,106.829248,-5.182653,-0.338419,-5.182653,0.251428,-0.000000,0.000000,107.536182,0.026084,0.083304,0.049775,0.026211,0.082939,0.049944,-0.000126,0.000365,-0.000169,0.001430,-0.009032,0.000099,0.009146,1.968240,-12.430169,0.136491,-12.430169,78.501171,-0.861989,0.136491,-0.861989,0.009465,0.000000,0.000000,80.478876,0.001430,-0.009032,0.000099,0.009146,1.954312,-12.342214,0.135525,-12.342214,77.945701,-0.855890,0.135525,-0.855890,0.009398,-0.000000,-0.000000,79.909412
1.3485,baseline,0.072,20.0000,4.029768,-1.236389,-1.271670,0.001534,-0.093573,1.290078,-2.063204,1.073787,-2.672195,1.584602,-2.406816,1.705787,-2.124563,0.023981,0.025881,0.023981,0.024020,0.023981,-0.012814,0.019771,0.008782,0.023981,0.023981,0.023981,0.046776,0.023981,1.496942,-0.700107,1.050967,-0.001329,0.003119,0.000000,-0.003119,-0.004679,0.784367,0.946424,0.946424,0.652862,1.185534,1.185534,0.963438,1.104044,1.104044,1.037118,1.098533,1.098533,-0.011688,0.091059,-0.011947,0.003613,0.061050,-0.009209,-0.015302,0.030009,-0.002738,0.047139,-0.054284,0.078955,0.106784,5.834414,-6.718756,9.772308,-6.718756,7.737140,-11.253529,9.772308,-11.253529,16.368052,-0.000000,0.000000,29.939607,0.047139,-0.054284,0.078955,0.106784,4.313675,-4.967513,7.225156,-4.967513,5.720455,-8.320297,7.225156,-8.320297,12.101720,-0.000000,0.000000,22.135850,-0.016128,0.113383,0.070445,-0.015748,0.111331,0.067056,-0.000380,0.002052,0.003390,-0.031662,-0.284071,-0.151851,0.323663,1.017979,9.133280,4.882229,9.133280,81.943552,43.803235,4.882229,43.803235,23.415184,-0.000000,0.000000,106.376715,-0.031662,-0.284071,-0.151851,0.323663,1.056582,9.479626,5.067370,9.479626,85.050956,45.464309,5.067370,45.464309,24.303118,-0.000000,0.000000,110.410655,0.001549,0.107172,0.070044,0.001485,0.106208,0.069536,0.000064,0.000964,0.000508,-0.007150,-0.068265,-0.007884,0.069090,1.079260,10.304252,1.190118,10.304252,98.380026,11.362676,1.190118,11.362676,1.312364,-0.000000,0.000000,100.771649,-0.007150,-0.068265,-0.007884,0.069090,1.088127,10.388913,1.199896,10.388913,99.188327,11.456033,1.199896,11.456033,1.323147,0.000000,0.000000,101.599601,0.014396,0.100751,0.049188,0.014430,0.100937,0.049291,-0.000035,-0.000186,-0.000103,0.001070,0.016384,-0.000795,0.016438,0.456629,6.992964,-0.339253,6.992964,107.092506,-5.195424,-0.339253,-5.195424,0.252048,-0.000000,0.000000,107.801183,0.001070,0.016384,-0.000795,0.016438,0.455507,6.975773,-0.338419,6.975773,106.829242,-5.182652,-0.338419,-5.182652,0.251428,-0.000000,0.000000,107.536176,0.026010,0.083216,0.049636,0.026211,0.082939,0.049944,-0.000201,0.000277,-0.000307,-0.000325,0.002025,-0.000029,0.002051,2.015125,-12.573069,0.179014,-12.573069,78.447765,-1.116931,0.179014,-1.116931,0.015903,-0.000000,0.000000,80.478793,-0.000325,0.002025,-0.000029,0.002051,1.990114,-12.417015,0.176792,-12.417015,77.474087,-1.103067,0.176792,-1.103067,0.015705,-0.000000,0.000000,79.479907
1.3909,baseline,0.072,20.0000,4.029768,-1.236389,-1.271670,0.001534,-0.093573,1.302350,-2.063204,1.073787,-2.672195,1.584602,-2.406816,1.710389,-2.124563,0.023981,0.024415,0.023981,0.023990,0.023981,0.128552,0.009934,0.014520,0.023981,0.023981,0.023981,0.156388,0.023981,1.496942,-0.700107,1.050967,-0.001329,0.003119,0.000000,-0.003119,-0.004679,0.791829,0.946424,0.946424,0.652862,1.185534,1.185534,0.963438,1.104044,1.104044,1.039916,1.098533,1.098533,-0.011688,0.091059,-0.011947,0.003613,0.061050,-0.009209,-0.015302,0.030009,-0.002738,0.047139,-0.054284,0.078955,0.106784,5.834414,-6.718756,9.772308,-6.718756,7.737140,-11.253529,9.772308,-11.253529,16.368052,-0.000000,0.000000,29.939607,0.047139,-0.054284,0.078955,0.106784,4.313675,-4.967513,7.225156,-4.967513,5.720455,-8.320297,7.225156,-8.320297,12.101720,-0.000000,0.000000,22.135850,-0.016049,0.113294,0.069930,-0.015748,0.111331,0.067056,-0.000301,0.001963,0.002875,-0.027846,-0.247188,-0.129816,0.280588,1.047675,9.300271,4.884215,9.300271,82.559054,43.357464,4.884215,43.357464,22.770000,-0.000000,0.000000,106.376729,-0.027846,-0.247188,-0.129816,0.280588,1.079366,9.581592,5.031956,9.581592,85.056357,44.668970,5.031956,44.668970,23.458763,0.000000,0.000000,109.594485,0.001549,0.107172,0.070044,0.001485,0.106208,0.069536,0.000064,0.000964,0.000508,-0.007150,-0.068265,-0.007884,0.069090,1.079260,10.304252,1.190118,10.304252,98.380026,11.362676,1.190118,11.362676,1.312364,-0.000000,0.000000,100.771649,-0.007150,-0.068265,-0.007884,0.069090,1.088127,10.388913,1.199896,10.388913,99.188327,11.456033,1.199896,11.456033,1.323147,0.000000,0.000000,101.599601,0.014396,0.100751,0.049188,0.014430,0.100937,0.049291,-0.000035,-0.000186,-0.000103,0.001070,0.016384,-0.000795,0.016438,0.456629,6.992964,-0.339253,6.992964,107.092506,-5.195424,-0.339253,-5.195424,0.252048,-0.000000,0.000000,107.801183,0.001070,0.016384,-0.000795,0.016438,0.455506,6.975773,-0.338419,6.975773,106.829232,-5.182652,-0.338419,-5.182652,0.251428,-0.000000,0.000000,107.536167,0.025955,0.083150,0.049533,0.026211,0.082939,0.049944,-0.000256,0.000211,-0.000411,-0.001666,0.010304,-0.000172,0.010439,2.050627,-12.679987,0.211528,-12.679987,78.406284,-1.307977,0.211528,-1.307977,0.021820,0.000000,0.000000,80.478732,-0.001666,0.010304,-0.000172,0.010439,2.016954,-12.471770,0.208055,-12.471770,77.118778,-1.286499,0.208055,-1.286499,0.021461,-0.000000,0.000000,79.157194
1.4333,baseline,0.072,20.0000,4.029768,-1.236389,-1.271670,0.001534,-0.093573,1.305418,-2.069340,1.073787,-2.672195,1.584602,-2.406816,1.705787,-2.124563,0.023981,0.024080,0.023981,0.023983,0.023981,0.218326,-0.050678,0.013569,0.023981,0.023981,0.023981,0.007747,0.023981,1.496942,-0.700107,1.050967,-0.001329,0.003119,0.000000,-0.003119,-0.004679,0.793694,0.949239,0.949239,0.652862,1.185534,1.185534,0.963438,1.104044,1.104044,1.037118,1.098533,1.098533,-0.011688,0.091059,-0.011947,0.003613,0.061050,-0.009209,-0.015302,0.030009,-0.002738,0.047139,-0.054284,0.078955,0.106784,5.834414,-6.718756,9.772308,-6.718756,7.737140,-11.253529,9.772308,-11.253529,16.368052,-0.000000,0.000000,29.939607,0.047139,-0.054284,0.078955,0.106784,4.313675,-4.967513,7.225156,-4.967513,5.720455,-8.320297,7.225156,-8.320297,12.101720,-0.000000,0.000000,22.135850,-0.016022,0.113144,0.069686,-0.015748,0.111331,0.067056,-0.000274,0.001813,0.002631,-0.025927,-0.227739,-0.117471,0.257559,1.079316,9.480661,4.890253,9.480661,83.277714,42.955773,4.890253,42.955773,22.157170,-0.000000,0.000000,106.514199,-0.025927,-0.227739,-0.117471,0.257559,1.109574,9.746450,5.027351,9.746450,85.612392,44.160031,5.027351,44.160031,22.778342,-0.000000,0.000000,109.500308,0.001549,0.107172,0.070044,0.001485,0.106208,0.069536,0.000064,0.000964,0.000508,-0.007150,-0.068265,-0.007884,0.069090,1.079260,10.304252,1.190118,10.304252,98.380026,11.362676,1.190118,11.362676,1.312364,-0.000000,0.000000,100.771649,-0.007150,-0.068265,-0.007884,0.069090,1.088127,10.388913,1.199896,10.388913,99.188327,11.456033,1.199896,11.456033,1.323147,0.000000,0.000000,101.599601,0.014396,0.100751,0.049188,0.014430,0.100937,0.049291,-0.000035,-0.000186,-0.000103,0.001070,0.016384,-0.000795,0.016438,0.456629,6.992964,-0.339253,6.992964,107.092506,-5.195424,-0.339253,-5.195424,0.252048,-0.000000,0.000000,107.801183,0.001070,0.016384,-0.000795,0.016438,0.455506,6.975773,-0.338419,6.975773,106.829235,-5.182652,-0.338419,-5.182652,0.251428,0.000000,0.000000,107.536169,0.026010,0.083216,0.049636,0.026211,0.082939,0.049944,-0.000201,0.000277,-0.000307,-0.000325,0.002026,-0.000029,0.002052,2.015125,-12.573069,0.179014,-12.573069,78.447765,-1.116931,0.179014,-1.116931,0.015903,-0.000000,0.000000,80.478793,-0.000325,0.002026,-0.000029,0.002052,1.990113,-12.417012,0.176792,-12.417012,77.474071,-1.103067,0.176792,-1.103067,0.015705,0.000000,0.000000,79.479890
1.4758,baseline,0.072,20.0000,4.029768,-1.236389,-1.271670,0.001534,-0.093573,1.299282,-2.070874,1.073787,-2.672195,1.584602,-2.406816,1.704253,-2.124563,0.023981,0.024004,0.023981,0.023981,0.023981,-0.021596,-0.082084,0.013217,0.023981,0.023981,0.023981,-0.051264,0.023981,1.496942,-0.700107,1.050967,-0.001329,0.003119,0.000000,-0.003119,-0.004679,0.789963,0.949942,0.949942,0.652862,1.185534,1.185534,0.963438,1.104044,1.104044,1.036186,1.098533,1.098533,-0.011688,0.091059,-0.011947,0.003613,0.061050,-0.009209,-0.015302,0.030009,-0.002738,0.047139,-0.054284,0.078955,0.106784,5.834414,-6.718756,9.772308,-6.718756,7.737140,-11.253529,9.772308,-11.253529,16.368052,-0.000000,0.000000,29.939607,0.047139,-0.054284,0.078955,0.106784,4.313675,-4.967513,7.225156,-4.967513,5.720455,-8.320297,7.225156,-8.320297,12.101720,-0.000000,0.000000,22.135850,-0.016060,0.113158,0.069914,-0.015748,0.111331,0.067056,-0.000311,0.001827,0.002858,-0.027663,-0.243780,-0.126450,0.276013,1.070222,9.431417,4.892135,9.431417,83.115155,43.112351,4.892135,43.112351,22.362646,0.000000,0.000000,106.548022,-0.027663,-0.243780,-0.126450,0.276013,1.104310,9.731823,5.047958,9.731823,85.762509,44.485550,5.047958,44.485550,23.074933,-0.000000,0.000000,109.941752,0.001549,0.107172,0.070044,0.001485,0.106208,0.069536,0.000064,0.000964,0.000508,-0.007150,-0.068265,-0.007884,0.069090,1.079260,10.304252,1.190118,10.304252,98.380026,11.362676,1.190118,11.362676,1.312364,-0.000000,0.000000,100.771649,-0.007150,-0.068265,-0.007884,0.069090,1.088127,10.388913,1.199896,10.388913,99.188327,11.456033,1.199896,11.456033,1.323147,0.000000,0.000000,101.599601,0.014396,0.100751,0.049188,0.014430,0.100937,0.049291,-0.000035,-0.000186,-0.000103,0.001070,0.016384,-0.000795,0.016438,0.456629,6.992964,-0.339253,6.992964,107.092506,-5.195424,-0.339253,-5.195424,0.252048,-0.000000,0.000000,107.801183,0.001070,0.016384,-0.000795,0.016438,0.455506,6.975773,-0.338419,6.975773,106.829238,-5.182652,-0.338419,-5.182652,0.251428,-0.000000,-0.000000,107.536173,0.026029,0.083238,0.049671,0.026211,0.082939,0.049944,-0.000182,0.000299,-0.000273,0.000118,-0.000737,0.000010,0.000746,2.003355,-12.537381,0.168294,-12.537381,78.461321,-1.053218,0.168294,-1.053218,0.014138,-0.000000,0.000000,80.478814,0.000118,-0.000737,0.000010,0.000746,1.981164,-12.398504,0.166430,-12.398504,77.592208,-1.041551,0.166430,-1.041551,0.013981,-0.000000,-0.000000,79.587353
1.5182,baseline,0.072,20.0000,4.029768,-1.236389,-1.271670,0.001534,-0.093573,1.297748,-2.066272,1.073787,-2.672195,1.584602,-2.406816,1.702719,-2.124563,0.023981,0.013133,0.023981,0.023981,0.023981,-0.078095,0.034461,0.018643,0.023981,0.023981,0.023981,-0.027282,0.023981,1.496942,-0.700107,1.050967,-0.001329,0.003119,0.000000,-0.003119,-0.004679,0.789031,0.947831,0.947831,0.652862,1.185534,1.185534,0.963438,1.104044,1.104044,1.035253,1.098533,1.098533,-0.011688,0.091059,-0.011947,0.003613,0.061050,-0.009209,-0.015302,0.030009,-0.002738,0.047139,-0.054284,0.078955,0.106784,5.834414,-6.718756,9.772308,-6.718756,7.737140,-11.253529,9.772308,-11.253529,16.368052,-0.000000,0.000000,29.939607,0.047139,-0.054284,0.078955,0.106784,4.313675,-4.967513,7.225156,-4.967513,5.720455,-8.320297,7.225156,-8.320297,12.101720,-0.000000,0.000000,22.135850,-0.016075,0.113264,0.070065,-0.015748,0.111331,0.067056,-0.000327,0.001933,0.003010,-0.028841,-0.256015,-0.134446,0.290605,1.048423,9.306691,4.887392,9.306691,82.614093,43.384644,4.887392,43.384644,22.783368,0.000000,0.000000,106.445884,-0.028841,-0.256015,-0.134446,0.290605,1.083034,9.613932,5.048739,9.613932,85.341423,44.816897,5.048739,44.816897,23.535513,-0.000000,0.000000,109.959971,0.001549,0.107172,0.070044,0.001485,0.106208,0.069536,0.000064,0.000964,0.000508,-0.007150,-0.068265,-0.007884,0.069090,1.079260,10.304252,1.190118,10.304252,98.380026,11.362676,1.190118,11.362676,1.312364,-0.000000,0.000000,100.771649,-0.007150,-0.068265,-0.007884,0.069090,1.088127,10.388913,1.199896,10.388913,99.188327,11.456033,1.199896,11.456033,1.323147,0.000000,0.000000,101.599601,0.014396,0.100751,0.049188,0.014430,0.100937,0.049291,-0.000035,-0.000186,-0.000103,0.001070,0.016384,-0.000795,0.016438,0.456629,6.992964,-0.339253,6.992964,107.092506,-5.195424,-0.339253,-5.195424,0.252048,-0.000000,-0.000000,107.801183,0.001070,0.016384,-0.000795,0.016438,0.455507,6.975773,-0.338419,6.975773,106.829242,-5.182652,-0.338419,-5.182652,0.251428,-0.000000,0.000000,107.536176,0.026047,0.083260,0.049706,0.026211,0.082939,0.049944,-0.000164,0.000321,-0.000238,0.000558,-0.003500,0.000044,0.003545,1.991618,-12.501668,0.157634,-12.501668,78.474740,-0.989490,0.157634,-0.989490,0.012476,-0.000000,0.000000,80.478834,0.000558,-0.003500,0.000044,0.003545,1.972214,-12.379869,0.156098,-12.379869,77.710192,-0.979849,0.156098,-0.979849,0.012355,-0.000000,0.000000,79.694761
1.5613,baseline,0.072,20.0000,4.029768,-1.231787,-1.271670,0.001534,-0.093573,1.294680,-2.066272,1.073787,-2.672195,1.584602,-2.406816,1.699651,-2.124563,0.023981,0.055778,0.023981,0.023981,0.023981,-0.020950,0.053459,0.022760,0.023981,0.023981,0.023981,-0.028456,0.023981,1.496942,-0.697501,1.050967,-0.001329,0.003119,0.000000,-0.003119,-0.004679,0.787165,0.947831,0.947831,0.652862,1.185534,1.185534,0.963438,1.104044,1.104044,1.033388,1.098533,1.098533,-0.011720,0.091130,-0.011806,0.003613,0.061050,-0.009209,-0.015333,0.030080,-0.002597,0.046320,-0.053467,0.077360,0.104827,5.845720,-6.747797,9.763069,-6.747797,7.789078,-11.269649,9.763069,-11.269649,16.305523,-0.000000,0.000000,29.940321,0.046320,-0.053467,0.077360,0.104827,4.318151,-4.984503,7.211841,-4.984503,5.753682,-8.324731,7.211841,-8.324731,12.044659,-0.000000,0.000000,22.116492,-0.016095,0.113287,0.070194,-0.015748,0.111331,0.067056,-0.000346,0.001956,0.003138,-0.029803,-0.265254,-0.139918,0.301372,1.040955,9.264875,4.887107,9.264875,82.460774,43.497041,4.887107,43.497041,22.944152,-0.000000,0.000000,106.445881,-0.029803,-0.265254,-0.139918,0.301372,1.077325,9.588586,5.057861,9.588586,85.341919,45.016809,5.057861,45.016809,23.745811,-0.000000,0.000000,110.165055,0.001549,0.107172,0.070044,0.001485,0.106208,0.069536,0.000064,0.000964,0.000508,-0.007150,-0.068265,-0.007884,0.069090,1.079260,10.304252,1.190118,10.304252,98.380026,11.362676,1.190118,11.362676,1.312364,-0.000000,0.000000,100.771649,-0.007150,-0.068265,-0.007884,0.069090,1.088127,10.388913,1.199896,10.388913,99.188327,11.456033,1.199896,11.456033,1.323147,0.000000,0.000000,101.599601,0.014396,0.100751,0.049188,0.014430,0.100937,0.049291,-0.000035,-0.000186,-0.000103,0.001070,0.016383,-0.000795,0.016437,0.456629,6.992964,-0.339253,6.992964,107.092506,-5.195424,-0.339253,-5.195424,0.252048,-0.000000,0.000000,107.801183,0.001070,0.016383,-0.000795,0.016437,0.455507,6.975774,-0.338419,6.975774,106.829246,-5.182653,-0.338419,-5.182653,0.251428,-0.000000,0.000000,107.536181,0.026084,0.083304,0.049775,0.026211,0.082939,0.049944,-0.000126,0.000365,-0.000169,0.001430,-0.009032,0.000099,0.009145,1.968240,-12.430169,0.136491,-12.430169,78.501171,-0.861989,0.136491,-0.861989,0.009465,-0.000000,0.000000,80.478876,0.001430,-0.009032,0.000099,0.009145,1.954312,-12.342214,0.135525,-12.342214,77.945697,-0.855890,0.135525,-0.855890,0.009398,-0.000000,0.000000,79.909407
1.6031,baseline,0.072,20.0000,4.029768,-1.227185,-1.271670,0.001534,-0.093573,1.299282,-2.066272,1.073787,-2.672195,1.584602,-2.406816,1.698117,-2.124563,0.023981,0.137700,0.023981,0.023981,0.023981,0.021454,0.030724,0.009011,0.023981,0.023981,0.023981,-0.050552,0.023981,1.496942,-0.694895,1.050967,-0.001329,0.003119,0.000000,-0.003119,-0.004679,0.789963,0.947831,0.947831,0.652862,1.185534,1.185534,0.963438,1.104044,1.104044,1.032455,1.098533,1.098533,-0.011751,0.091201,-0.011665,0.003613,0.061050,-0.009209,-0.015364,0.030151,-0.002456,0.045500,-0.052645,0.075770,0.102873,5.857051,-6.776843,9.753751,-6.776843,7.841081,-11.285482,9.753751,-11.285482,16.242929,-0.000000,0.000000,29.941060,0.045500,-0.052645,0.075770,0.102873,4.322641,-5.001470,7.198497,-5.001470,5.786902,-8.328951,7.198497,-8.328951,11.987663,-0.000000,0.000000,22.097206,-0.016065,0.113253,0.070001,-0.015748,0.111331,0.067056,-0.000317,0.001922,0.002945,-0.028357,-0.251389,-0.131723,0.285221,1.052167,9.327608,4.887482,9.327608,82.690588,43.328227,4.887482,43.328227,22.703131,-0.000000,0.000000,106.445886,-0.028357,-0.251389,-0.131723,0.285221,1.085887,9.626542,5.044117,9.626542,85.340681,44.716823,5.044117,44.716823,23.430728,-0.000000,-0.000000,109.857295,0.001549,0.107172,0.070044,0.001485,0.106208,0.069536,0.000064,0.000964,0.000508,-0.007150,-0.068265,-0.007884,0.069090,1.079260,10.304252,1.190118,10.304252,98.380026,11.362676,1.190118,11.362676,1.312364,-0.000000,0.000000,100.771649,-0.007150,-0.068265,-0.007884,0.069090,1.088127,10.388913,1.199896,10.388913,99.188327,11.456033,1.199896,11.456033,1.323147,0.000000,0.000000,101.599601,0.014396,0.100751,0.049188,0.014430,0.100937,0.049291,-0.000035,-0.000186,-0.000103,0.001070,0.016383,-0.000795,0.016437,0.456629,6.992964,-0.339253,6.992964,107.092506,-5.195424,-0.339253,-5.195424,0.252048,-0.000000,0.000000,107.801183,0.001070,0.016383,-0.000795,0.016437,0.455507,6.975774,-0.338419,6.975774,106.829246,-5.182653,-0.338419,-5.182653,0.251428,-0.000000,0.000000,107.536181,0.026103,0.083325,0.049809,0.026211,0.082939,0.049944,-0.000108,0.000386,-0.000134,0.001863,-0.011800,0.000120,0.011946,1.956599,-12.394384,0.126008,-12.394384,78.514182,-0.798218,0.126008,-0.798218,0.008115,0.000000,0.000000,80.478896,0.001863,-0.011800,0.000120,0.011946,1.945361,-12.323194,0.125284,-12.323194,78.063214,-0.793633,0.125284,-0.793633,0.008068,0.000000,0.000000,80.016643
1.6455,baseline,0.072,20.0000,4.029768,-1.227185,-1.271670,0.001534,-0.093573,1.308486,-2.064738,1.072253,-2.672195,1.584602,-2.406816,1.695049,-2.124563,0.023981,0.050937,0.023981,0.023981,0.023981,0.171925,0.040179,0.013115,0.023981,0.023981,0.023981,-0.050068,0.023981,1.496942,-0.694895,1.050967,-0.001329,0.003119,0.000000,-0.003119,-0.004679,0.795559,0.947128,0.947128,0.651930,1.185534,1.185534,0.963438,1.104044,1.104044,1.030590,1.098533,1.098533,-0.011751,0.091201,-0.011665,0.003613,0.061050,-0.009209,-0.015364,0.030151,-0.002456,0.045500,-0.052645,0.075770,0.102873,5.857051,-6.776843,9.753751,-6.776843,7.841081,-11.285482,9.753751,-11.285482,16.242929,-0.000000,0.000000,29.941060,0.045500,-0.052645,0.075770,0.102873,4.322641,-5.001470,7.198497,-5.001470,5.786902,-8.328951,7.198497,-8.328951,11.987663,-0.000000,0.000000,22.097206,-0.016008,0.113216,0.069644,-0.015748,0.111331,0.067056,-0.000260,0.001885,0.002589,-0.025655,-0.226098,-0.117288,0.255998,1.068715,9.418577,4.885866,9.418577,83.005884,43.059119,4.885866,43.059119,22.336823,-0.000000,0.000000,106.411422,-0.025655,-0.226098,-0.117288,0.255998,1.096841,9.666460,5.014455,9.666460,85.190472,44.192370,5.014455,44.192370,22.924694,-0.000000,0.000000,109.212008,0.001552,0.107182,0.070104,0.001485,0.106208,0.069536,0.000066,0.000974,0.000568,-0.007597,-0.072510,-0.008444,0.073394,1.079737,10.305387,1.200027,10.305387,98.358193,11.453479,1.200027,11.453479,1.333719,-0.000000,0.000000,100.771649,-0.007597,-0.072510,-0.008444,0.073394,1.090299,10.406194,1.211766,10.406194,99.320330,11.565516,1.211766,11.565516,1.346765,-0.000000,0.000000,101.757395,0.014396,0.100751,0.049188,0.014430,0.100937,0.049291,-0.000035,-0.000186,-0.000103,0.001070,0.016383,-0.000795,0.016437,0.456629,6.992964,-0.339253,6.992964,107.092506,-5.195424,-0.339253,-5.195424,0.252048,-0.000000,0.000000,107.801183,0.001070,0.016383,-0.000795,0.016437,0.455507,6.975774,-0.338419,6.975774,106.829246,-5.182653,-0.338419,-5.182653,0.251428,-0.000000,0.000000,107.536181,0.026140,0.083369,0.049879,0.026211,0.082939,0.049944,-0.000071,0.000430,-0.000065,0.002720,-0.017339,0.000148,0.017552,1.933414,-12.322742,0.105221,-12.322742,78.539796,-0.670632,0.105221,-0.670632,0.005726,0.000000,0.000000,80.478937,0.002720,-0.017339,0.000148,0.017552,1.927457,-12.284771,0.104897,-12.284771,78.297784,-0.668565,0.104897,-0.668565,0.005709,-0.000000,0.000000,80.230950
1.6879,baseline,0.072,20.0000,4.029768,-1.227185,-1.271670,0.001534,-0.093573,1.303884,-2.064738,1.073787,-2.672195,1.584602,-2.406816,1.695049,-2.124563,0.023981,0.030147,0.023981,0.023981,0.023981,0.044660,0.027686,0.011247,0.023981,0.023981,0.023981,-0.033753,0.023981,1.496942,-0.694895,1.050967,-0.001329,0.003119,0.000000,-0.003119,-0.004679,0.792761,0.947128,0.947128,0.652862,1.185534,1.185534,0.963438,1.104044,1.104044,1.030590,1.098533,1.098533,-0.011751,0.091201,-0.011665,0.003613,0.061050,-0.009209,-0.015364,0.030151,-0.002456,0.045500,-0.052645,0.075770,0.102873,5.857051,-6.776843,9.753751,-6.776843,7.841081,-11.285482,9.753751,-11.285482,16.242929,-0.000000,0.000000,29.941060,0.045500,-0.052645,0.075770,0.102873,4.322641,-5.001470,7.198497,-5.001470,5.786902,-8.328951,7.198497,-8.328951,11.987663,-0.000000,0.000000,22.097206,-0.016038,0.113251,0.069837,-0.015748,0.111331,0.067056,-0.000289,0.001920,0.002782,-0.027128,-0.240025,-0.125351,0.272141,1.057418,9.355779,4.885967,9.355779,82.777628,43.229832,4.885967,43.229832,22.576371,-0.000000,0.000000,106.411417,-0.027128,-0.240025,-0.125351,0.272141,1.088315,9.629140,5.028727,9.629140,85.196259,44.492940,5.028727,44.492940,23.236016,-0.000000,-0.000000,109.520590,0.001549,0.107172,0.070044,0.001485,0.106208,0.069536,0.000064,0.000964,0.000508,-0.007150,-0.068265,-0.007884,0.069090,1.079260,10.304252,1.190118,10.304252,98.380026,11.362676,1.190118,11.362676,1.312364,-0.000000,0.000000,100.771649,-0.007150,-0.068265,-0.007884,0.069090,1.088127,10.388913,1.199896,10.388913,99.188327,11.456033,1.199896,11.456033,1.323147,0.000000,0.000000,101.599601,0.014396,0.100751,0.049188,0.014430,0.100937,0.049291,-0.000035,-0.000186,-0.000103,0.001070,0.016383,-0.000795,0.016437,0.456629,6.992964,-0.339253,6.992964,107.092506,-5.195424,-0.339253,-5.195424,0.252048,-0.000000,0.000000,107.801183,0.001070,0.016383,-0.000795,0.016437,0.455507,6.975774,-0.338419,6.975774,106.829248,-5.182653,-0.338419,-5.182653,0.251428,0.000000,0.000000,107.536183,0.026140,0.083369,0.049879,0.026211,0.082939,0.049944,-0.000071,0.000430,-0.000065,0.002720,-0.017339,0.000148,0.017552,1.933414,-12.322742,0.105221,-12.322742,78.539796,-0.670632,0.105221,-0.670632,0.005726,-0.000000,0.000000,80.478937,0.002720,-0.017339,0.000148,0.017552,1.927457,-12.284772,0.104897,-12.284772,78.297788,-0.668565,0.104897,-0.668565,0.005709,-0.000000,0.000000,80.230954
1.7303,baseline,0.072,20.0000,4.029768,-1.227185,-1.271670,0.001534,-0.093573,1.296214,-2.064738,1.073787,-2.672195,1.584602,-2.406816,1.693515,-2.124563,0.023981,0.025392,0.023981,0.023981,0.023981,-0.106111,0.024829,0.007739,0.023981,0.023981,0.023981,-0.020998,0.023981,1.496942,-0.694895,1.050967,-0.001329,0.003119,0.000000,-0.003119,-0.004679,0.788098,0.947128,0.947128,0.652862,1.185534,1.185534,0.963438,1.104044,1.104044,1.029657,1.098533,1.098533,-0.011751,0.091201,-0.011665,0.003613,0.061050,-0.009209,-0.015364,0.030151,-0.002456,0.045500,-0.052645,0.075770,0.102873,5.857051,-6.776843,9.753751,-6.776843,7.841081,-11.285482,9.753751,-11.285482,16.242929,-0.000000,0.000000,29.941060,0.045500,-0.052645,0.075770,0.102873,4.322641,-5.001470,7.198497,-5.001470,5.786902,-8.328951,7.198497,-8.328951,11.987663,-0.000000,0.000000,22.097206,-0.016087,0.113307,0.070159,-0.015748,0.111331,0.067056,-0.000339,0.001976,0.003103,-0.029547,-0.263153,-0.138967,0.299056,1.038722,9.251242,4.885430,9.251242,82.394998,43.511453,4.885430,43.511453,22.977688,-0.000000,0.000000,106.411408,-0.029547,-0.263153,-0.138967,0.299056,1.074075,9.566108,5.051705,9.566108,85.199307,44.992363,5.051705,44.992363,23.759733,-0.000000,0.000000,110.033114,0.001549,0.107172,0.070044,0.001485,0.106208,0.069536,0.000064,0.000964,0.000508,-0.007150,-0.068265,-0.007884,0.069090,1.079260,10.304252,1.190118,10.304252,98.380026,11.362676,1.190118,11.362676,1.312364,-0.000000,0.000000,100.771649,-0.007150,-0.068265,-0.007884,0.069090,1.088127,10.388913,1.199896,10.388913,99.188327,11.456033,1.199896,11.456033,1.323147,0.000000,0.000000,101.599601,0.014396,0.100751,0.049188,0.014430,0.100937,0.049291,-0.000035,-0.000186,-0.000103,0.001070,0.016383,-0.000795,0.016437,0.456629,6.992964,-0.339253,6.992964,107.092506,-5.195424,-0.339253,-5.195424,0.252048,-0.000000,0.000000,107.801183,0.001070,0.016383,-0.000795,0.016437,0.455507,6.975774,-0.338419,6.975774,106.829252,-5.182653,-0.338419,-5.182653,0.251428,-0.000000,0.000000,107.536187,0.026159,0.083390,0.049913,0.026211,0.082939,0.049944,-0.000052,0.000451,-0.000030,0.003146,-0.020112,0.000155,0.020357,1.921871,-12.286886,0.094916,-12.286886,78.552399,-0.606818,0.094916,-0.606818,0.004688,-0.000000,0.000000,80.478958,0.003146,-0.020112,0.000155,0.020357,1.918506,-12.265371,0.094750,-12.265371,78.414850,-0.605755,0.094750,-0.605755,0.004679,-0.000000,0.000000,80.338035
1.7727,baseline,0.072,20.0000,4.029768,-1.227185,-1.271670,0.001534,-0.093573,1.288544,-2.064738,1.073787,-2.672195,1.584602,-2.406816,1.693515,-2.124563,0.023981,0.024304,0.023981,0.023981,0.023981,-0.155778,0.024175,0.020265,0.023981,0.023981,0.023981,-0.007679,0.023981,1.496942,-0.694895,1.050967,-0.001329,0.003119,0.000000,-0.003119,-0.004679,0.783435,0.947128,0.947128,0.652862,1.185534,1.185534,0.963438,1.104044,1.104044,1.029657,1.098533,1.098533,-0.011751,0.091201,-0.011665,0.003613,0.061050,-0.009209,-0.015364,0.030151,-0.002456,0.045500,-0.052645,0.075770,0.102873,5.857051,-6.776843,9.753751,-6.776843,7.841081,-11.285482,9.753751,-11.285482,16.242929,-0.000000,0.000000,29.941060,0.045500,-0.052645,0.075770,0.102873,4.322641,-5.001470,7.198497,-5.001470,5.786902,-8.328951,7.198497,-8.328951,11.987663,-0.000000,0.000000,22.097206,-0.016136,0.113362,0.070480,-0.015748,0.111331,0.067056,-0.000388,0.002031,0.003425,-0.031918,-0.286176,-0.152805,0.325983,1.020188,9.146872,4.884015,9.146872,82.009644,43.789428,4.884015,43.789428,23.381567,-0.000000,0.000000,106.411399,-0.031918,-0.286176,-0.152805,0.325983,1.059803,9.502049,5.073663,9.502049,85.194116,45.489791,5.073663,45.489791,24.289484,-0.000000,0.000000,110.543402,0.001549,0.107172,0.070044,0.001485,0.106208,0.069536,0.000064,0.000964,0.000508,-0.007150,-0.068265,-0.007884,0.069090,1.079260,10.304252,1.190118,10.304252,98.380026,11.362676,1.190118,11.362676,1.312364,-0.000000,0.000000,100.771649,-0.007150,-0.068265,-0.007884,0.069090,1.088127,10.388913,1.199896,10.388913,99.188327,11.456033,1.199896,11.456033,1.323147,0.000000,0.000000,101.599601,0.014396,0.100751,0.049188,0.014430,0.100937,0.049291,-0.000035,-0.000186,-0.000103,0.001070,0.016383,-0.000795,0.016437,0.456629,6.992964,-0.339253,6.992964,107.092506,-5.195424,-0.339253,-5.195424,0.252048,-0.000000,0.000000,107.801183,0.001070,0.016383,-0.000795,0.016437,0.455507,6.975774,-0.338419,6.975774,106.829255,-5.182653,-0.338419,-5.182653,0.251428,-0.000000,0.000000,107.536190,0.026159,0.083390,0.049913,0.026211,0.082939,0.049944,-0.000052,0.000451,-0.000030,0.003146,-0.020112,0.000155,0.020357,1.921871,-12.286886,0.094916,-12.286886,78.552399,-0.606818,0.094916,-0.606818,0.004688,-0.000000,0.000000,80.478958,0.003146,-0.020112,0.000155,0.020357,1.918506,-12.265372,0.094750,-12.265372,78.414857,-0.605755,0.094750,-0.605755,0.004679,-0.000000,-0.000000,80.338042
1.8152,baseline,0.072,20.0000,4.029768,-1.227185,-1.271670,0.001534,-0.093573,1.277806,-2.064738,1.073787,-2.672195,1.584602,-2.406816,1.696583,-2.124563,0.023981,0.024055,0.023981,0.023981,0.023981,-0.201555,0.024025,0.018574,0.023981,0.023981,0.023981,0.047467,0.023981,1.496942,-0.694895,1.050967,-0.001329,0.003119,0.000000,-0.003119,-0.004679,0.776906,0.947128,0.947128,0.652862,1.185534,1.185534,0.963438,1.104044,1.104044,1.031522,1.098533,1.098533,-0.011751,0.091201,-0.011665,0.003613,0.061050,-0.009209,-0.015364,0.030151,-0.002456,0.045500,-0.052645,0.075770,0.102873,5.857051,-6.776843,9.753751,-6.776843,7.841081,-11.285482,9.753751,-11.285482,16.242929,-0.000000,0.000000,29.941060,0.045500,-0.052645,0.075770,0.102873,4.322641,-5.001470,7.198497,-5.001470,5.786902,-8.328951,7.198497,-8.328951,11.987663,-0.000000,0.000000,22.097206,-0.016206,0.113437,0.070931,-0.015748,0.111331,0.067056,-0.000457,0.002106,0.003876,-0.035161,-0.318227,-0.172549,0.363700,0.994516,9.001049,4.880562,9.001049,81.465638,44.172418,4.880562,44.172418,23.951233,-0.000000,0.000000,106.411387,-0.035161,-0.318227,-0.172549,0.363700,1.039775,9.410674,5.102670,9.410674,85.173031,46.182646,5.102670,46.182646,25.041222,-0.000000,0.000000,111.254029,0.001549,0.107172,0.070044,0.001485,0.106208,0.069536,0.000064,0.000964,0.000508,-0.007150,-0.068265,-0.007884,0.069090,1.079260,10.304252,1.190118,10.304252,98.380026,11.362676,1.190118,11.362676,1.312364,-0.000000,0.000000,100.771649,-0.007150,-0.068265,-0.007884,0.069090,1.088127,10.388913,1.199896,10.388913,99.188327,11.456033,1.199896,11.456033,1.323147,0.000000,0.000000,101.599601,0.014396,0.100751,0.049188,0.014430,0.100937,0.049291,-0.000035,-0.000186,-0.000103,0.001070,0.016383,-0.000795,0.016437,0.456629,6.992964,-0.339253,6.992964,107.092506,-5.195424,-0.339253,-5.195424,0.252048,-0.000000,0.000000,107.801183,0.001070,0.016383,-0.000795,0.016437,0.455507,6.975774,-0.338419,6.975774,106.829256,-5.182653,-0.338419,-5.182653,0.251428,-0.000000,0.000000,107.536191,0.026121,0.083347,0.049844,0.026211,0.082939,0.049944,-0.000089,0.000408,-0.000100,0.002293,-0.014570,0.000136,0.014750,1.944991,-12.358575,0.115585,-12.358575,78.527057,-0.734432,0.115585,-0.734432,0.006869,-0.000000,0.000000,80.478917,0.002293,-0.014570,0.000136,0.014750,1.936409,-12.304050,0.115075,-12.304050,78.180600,-0.731191,0.115075,-0.731191,0.006839,-0.000000,0.000000,80.123848
1.8583,baseline,0.072,20.0000,4.029768,-1.227185,-1.271670,0.001534,-0.093573,1.262466,-2.064738,1.073787,-2.672195,1.584602,-2.406816,1.702719,-2.124563,0.023981,0.023998,0.023981,0.023981,0.023981,-0.274400,0.023991,0.014070,0.023981,0.023981,0.023981,0.165530,0.023981,1.496942,-0.694895,1.050967,-0.001329,0.003119,0.000000,-0.003119,-0.004679,0.767579,0.947128,0.947128,0.652862,1.185534,1.185534,0.963438,1.104044,1.104044,1.035253,1.098533,1.098533,-0.011751,0.091201,-0.011665,0.003613,0.061050,-0.009209,-0.015364,0.030151,-0.002456,0.045500,-0.052645,0.075770,0.102873,5.857051,-6.776843,9.753751,-6.776843,7.841081,-11.285482,9.753751,-11.285482,16.242929,-0.000000,0.000000,29.941060,0.045500,-0.052645,0.075770,0.102873,4.322641,-5.001470,7.198497,-5.001470,5.786902,-8.328951,7.198497,-8.328951,11.987663,-0.000000,0.000000,22.097206,-0.016305,0.113538,0.071576,-0.015748,0.111331,0.067056,-0.000557,0.002207,0.004520,-0.039633,-0.363637,-0.201502,0.417619,0.958400,8.793364,4.872666,8.793364,80.679524,44.706931,4.872666,44.706931,24.773445,-0.000000,0.000000,106.411369,-0.039633,-0.363637,-0.201502,0.417619,1.011090,9.276794,5.140549,9.276794,85.115016,47.164770,5.140549,47.164770,26.135406,-0.000000,0.000000,112.261512,0.001549,0.107172,0.070044,0.001485,0.106208,0.069536,0.000064,0.000964,0.000508,-0.007150,-0.068265,-0.007884,0.069090,1.079260,10.304252,1.190118,10.304252,98.380026,11.362676,1.190118,11.362676,1.312364,-0.000000,0.000000,100.771649,-0.007150,-0.068265,-0.007884,0.069090,1.088127,10.388913,1.199896,10.388913,99.188327,11.456033,1.199896,11.456033,1.323147,0.000000,0.000000,101.599601,0.014396,0.100751,0.049188,0.014430,0.100937,0.049291,-0.000035,-0.000186,-0.000103,0.001070,0.016383,-0.000795,0.016437,0.456629,6.992964,-0.339253,6.992964,107.092506,-5.195424,-0.339253,-5.195424,0.252048,-0.000000,0.000000,107.801183,0.001070,0.016383,-0.000795,0.016437,0.455507,6.975774,-0.338419,6.975774,106.829255,-5.182653,-0.338419,-5.182653,0.251428,-0.000000,0.000000,107.536189,0.026047,0.083260,0.049706,0.026211,0.082939,0.049944,-0.000164,0.000321,-0.000238,0.000558,-0.003503,0.000044,0.003547,1.991618,-12.501668,0.157634,-12.501668,78.474740,-0.989490,0.157634,-0.989490,0.012476,-0.000000,0.000000,80.478835,0.000558,-0.003503,0.000044,0.003547,1.972215,-12.379874,0.156098,-12.379874,77.710223,-0.979850,0.156098,-0.979850,0.012355,-0.000000,0.000000,79.694793
1.9000,baseline,0.072,20.0000,4.029768,-1.227185,-1.271670,0.001534,-0.093573,1.247126,-2.064738,1.073787,-2.672195,1.584602,-2.406816,1.699651,-2.124563,0.023981,0.023985,0.023981,0.023981,0.023981,-0.350169,0.023983,0.009203,0.023981,0.023981,0.023981,0.019140,0.023981,1.496942,-0.694895,1.050967,-0.001329,0.003119,0.000000,-0.003119,-0.004679,0.758253,0.947128,0.947128,0.652862,1.185534,1.185534,0.963438,1.104044,1.104044,1.033388,1.098533,1.098533,-0.011751,0.091201,-0.011665,0.003613,0.061050,-0.009209,-0.015364,0.030151,-0.002456,0.045500,-0.052645,0.075770,0.102873,5.857051,-6.776843,9.753751,-6.776843,7.841081,-11.285482,9.753751,-11.285482,16.242929,-0.000000,0.000000,29.941060,0.045500,-0.052645,0.075770,0.102873,4.322641,-5.001470,7.198497,-5.001470,5.786902,-8.328951,7.198497,-8.328951,11.987663,-0.000000,0.000000,22.097206,-0.016406,0.113633,0.072221,-0.015748,0.111331,0.067056,-0.000657,0.002302,0.005166,-0.043918,-0.408589,-0.231326,0.471577,0.922945,8.586483,4.861303,8.586483,79.883116,45.226433,4.861303,45.226433,25.605289,-0.000000,0.000000,106.411350,-0.043918,-0.408589,-0.231326,0.471577,0.982344,9.139099,5.174170,9.139099,85.024302,48.137154,5.174170,48.137154,27.253216,-0.000000,0.000000,113.259862,0.001549,0.107172,0.070044,0.001485,0.106208,0.069536,0.000064,0.000964,0.000508,-0.007150,-0.068265,-0.007884,0.069090,1.079260,10.304252,1.190118,10.304252,98.380026,11.362676,1.190118,11.362676,1.312364,-0.000000,0.000000,100.771649,-0.007150,-0.068265,-0.007884,0.069090,1.088127,10.388913,1.199896,10.388913,99.188327,11.456033,1.199896,11.456033,1.323147,0.000000,0.000000,101.599601,0.014396,0.100751,0.049188,0.014430,0.100937,0.049291,-0.000035,-0.000186,-0.000103,0.001070,0.016382,-0.000795,0.016436,0.456629,6.992964,-0.339253,6.992964,107.092506,-5.195424,-0.339253,-5.195424,0.252048,-0.000000,0.000000,107.801183,0.001070,0.016382,-0.000795,0.016436,0.455507,6.975775,-0.338419,6.975775,106.829263,-5.182653,-0.338419,-5.182653,0.251428,-0.000000,0.000000,107.536198,0.026084,0.083304,0.049775,0.026211,0.082939,0.049944,-0.000126,0.000365,-0.000169,0.001431,-0.009035,0.000099,0.009148,1.968240,-12.430169,0.136491,-12.430169,78.501171,-0.861989,0.136491,-0.861989,0.009465,0.000000,0.000000,80.478876,0.001431,-0.009035,0.000099,0.009148,1.954313,-12.342220,0.135525,-12.342220,77.945739,-0.855890,0.135525,-0.855890,0.009398,-0.000000,0.000000,79.909450
1.9424,baseline,0.072,20.0000,4.029768,-1.227185,-1.271670,0.001534,-0.093573,1.234855,-2.064738,1.073787,-2.672195,1.584602,-2.406816,1.696583,-2.124563,0.023981,0.023982,0.023981,0.023981,0.023981,-0.305384,0.023981,0.018350,0.023981,0.023981,0.023981,-0.046142,0.023981,1.496942,-0.694895,1.050967,-0.001329,0.003119,0.000000,-0.003119,-0.004679,0.750792,0.947128,0.947128,0.652862,1.185534,1.185534,0.963438,1.104044,1.104044,1.031522,1.098533,1.098533,-0.011751,0.091201,-0.011665,0.003613,0.061050,-0.009209,-0.015364,0.030151,-0.002456,0.045500,-0.052645,0.075770,0.102873,5.857051,-6.776843,9.753751,-6.776843,7.841081,-11.285482,9.753751,-11.285482,16.242929,-0.000000,0.000000,29.941060,0.045500,-0.052645,0.075770,0.102873,4.322641,-5.001470,7.198497,-5.001470,5.786902,-8.328951,7.198497,-8.328951,11.987663,-0.000000,0.000000,22.097206,-0.016487,0.113704,0.072738,-0.015748,0.111331,0.067056,-0.000738,0.002373,0.005683,-0.047211,-0.444209,-0.255806,0.514769,0.895058,8.421597,4.849732,8.421597,79.238766,45.631102,4.849732,45.631102,26.277510,-0.000000,0.000000,106.411334,-0.047211,-0.444209,-0.255806,0.514769,0.959325,9.026287,5.197953,9.026287,84.928287,48.907517,5.197953,48.907517,28.164294,-0.000000,0.000000,114.051906,0.001549,0.107172,0.070044,0.001485,0.106208,0.069536,0.000064,0.000964,0.000508,-0.007150,-0.068265,-0.007884,0.069090,1.079260,10.304252,1.190118,10.304252,98.380026,11.362676,1.190118,11.362676,1.312364,-0.000000,0.000000,100.771649,-0.007150,-0.068265,-0.007884,0.069090,1.088127,10.388913,1.199896,10.388913,99.188327,11.456033,1.199896,11.456033,1.323147,0.000000,0.000000,101.599601,0.014396,0.100751,0.049188,0.014430,0.100937,0.049291,-0.000035,-0.000186,-0.000103,0.001070,0.016382,-0.000795,0.016436,0.456629,6.992964,-0.339253,6.992964,107.092506,-5.195424,-0.339253,-5.195424,0.252048,-0.000000,-0.000000,107.801183,0.001070,0.016382,-0.000795,0.016436,0.455507,6.975775,-0.338419,6.975775,106.829271,-5.182654,-0.338419,-5.182654,0.251428,-0.000000,0.000000,107.536206,0.026121,0.083347,0.049844,0.026211,0.082939,0.049944,-0.000089,0.000408,-0.000100,0.002294,-0.014573,0.000136,0.014753,1.944991,-12.358575,0.115585,-12.358575,78.527057,-0.734432,0.115585,-0.734432,0.006869,-0.000000,-0.000000,80.478917,0.002294,-0.014573,0.000136,0.014753,1.936410,-12.304056,0.115075,-12.304056,78.180637,-0.731192,0.115075,-0.731192,0.006839,-0.000000,0.000000,80.123886
1.9848,baseline,0.072,20.0000,4.029768,-1.227185,-1.271670,0.001534,-0.093573,1.233321,-2.064738,1.072253,-2.672195,1.584602,-2.406816,1.695049,-2.124563,0.023981,0.023981,0.023981,0.023981,0.023981,-0.155743,0.023981,0.006237,0.023981,0.023981,0.023981,-0.037168,0.023981,1.496942,-0.694895,1.050967,-0.001329,0.003119,0.000000,-0.003119,-0.004679,0.749859,0.947128,0.947128,0.651930,1.185534,1.185534,0.963438,1.104044,1.104044,1.030590,1.098533,1.098533,-0.011751,0.091201,-0.011665,0.003613,0.061050,-0.009209,-0.015364,0.030151,-0.002456,0.045500,-0.052645,0.075770,0.102873,5.857051,-6.776843,9.753751,-6.776843,7.841081,-11.285482,9.753751,-11.285482,16.242929,-0.000000,0.000000,29.941060,0.045500,-0.052645,0.075770,0.102873,4.322641,-5.001470,7.198497,-5.001470,5.786902,-8.328951,7.198497,-8.328951,11.987663,-0.000000,0.000000,22.097206,-0.016497,0.113713,0.072803,-0.015748,0.111331,0.067056,-0.000748,0.002382,0.005747,-0.047614,-0.448639,-0.258904,0.520169,0.891602,8.401027,4.848131,8.401027,79.157779,45.680997,4.848131,45.680997,26.361951,0.000000,0.000000,106.411332,-0.047614,-0.448639,-0.258904,0.520169,0.956447,9.012023,5.200730,9.012023,84.914824,49.003318,5.200730,49.003318,28.279223,0.000000,0.000000,114.150494,0.001552,0.107182,0.070104,0.001485,0.106208,0.069536,0.000066,0.000974,0.000568,-0.007597,-0.072510,-0.008444,0.073394,1.079737,10.305387,1.200027,10.305387,98.358193,11.453479,1.200027,11.453479,1.333719,-0.000000,0.000000,100.771649,-0.007597,-0.072510,-0.008444,0.073394,1.090299,10.406194,1.211766,10.406194,99.320330,11.565516,1.211766,11.565516,1.346765,-0.000000,0.000000,101.757395,0.014396,0.100751,0.049188,0.014430,0.100937,0.049291,-0.000035,-0.000186,-0.000103,0.001070,0.016382,-0.000795,0.016436,0.456629,6.992964,-0.339253,6.992964,107.092506,-5.195424,-0.339253,-5.195424,0.252048,-0.000000,0.000000,107.801183,0.001070,0.016382,-0.000795,0.016436,0.455507,6.975775,-0.338419,6.975775,106.829273,-5.182654,-0.338419,-5.182654,0.251428,-0.000000,0.000000,107.536208,0.026140,0.083369,0.049879,0.026211,0.082939,0.049944,-0.000071,0.000430,-0.000065,0.002721,-0.017344,0.000148,0.017557,1.933415,-12.322742,0.105221,-12.322742,78.539797,-0.670632,0.105221,-0.670632,0.005726,-0.000000,-0.000000,80.478937,0.002721,-0.017344,0.000148,0.017557,1.927459,-12.284782,0.104897,-12.284782,78.297850,-0.668566,0.104897,-0.668566,0.005709,-0.000000,-0.000000,80.231017
2.0091,ramp,0.072,30.0475,4.029768,-1.227185,-1.271670,0.001534,-0.093573,1.233321,-2.064738,1.073787,-2.672195,1.584602,-2.406816,1.695049,-2.124563,0.023981,0.023981,0.023981,0.023981,0.023981,-0.069464,0.023981,0.016343,0.023981,0.023981,0.023981,-0.025820,0.023981,1.496942,-0.694895,1.050967,-0.001329,0.003119,0.000000,-0.003119,-0.004679,0.749859,0.947128,0.947128,0.652862,1.185534,1.185534,0.963438,1.104044,1.104044,1.030590,1.098533,1.098533,-0.011751,0.091201,-0.011665,0.003613,0.061050,-0.009209,-0.015364,0.030151,-0.002456,0.106266,-0.122954,0.176965,0.240264,7.965053,-9.215888,13.264210,-9.215888,10.663153,-15.347225,13.264210,-15.347225,22.088898,-0.000000,0.000000,40.717105,0.106266,-0.122954,0.176965,0.240264,5.732959,-6.633264,9.547100,-6.633264,7.674953,-11.046379,9.547100,-11.046379,15.898793,-0.000000,0.000000,29.306705,-0.016497,0.113713,0.072803,-0.015748,0.111331,0.067056,-0.000748,0.002382,0.005747,-0.047614,-0.448639,-0.258904,0.520169,0.891602,8.401027,4.848131,8.401027,79.157779,45.680997,4.848131,45.680997,26.361951,0.000000,0.000000,106.411332,-0.047614,-0.448639,-0.258904,0.520169,0.956447,9.012023,5.200730,9.012023,84.914824,49.003318,5.200730,49.003318,28.279223,0.000000,0.000000,114.150494,0.001549,0.107172,0.070044,0.001485,0.106208,0.069536,0.000064,0.000964,0.000508,-0.007150,-0.068265,-0.007884,0.069090,1.079260,10.304252,1.190118,10.304252,98.380026,11.362676,1.190118,11.362676,1.312364,-0.000000,0.000000,100.771649,-0.007150,-0.068265,-0.007884,0.069090,1.088127,10.388913,1.199896,10.388913,99.188327,11.456033,1.199896,11.456033,1.323147,0.000000,0.000000,101.599601,0.014396,0.100751,0.049188,0.014430,0.100937,0.049291,-0.000035,-0.000186,-0.000103,0.001070,0.016382,-0.000795,0.016436,0.456629,6.992964,-0.339253,6.992964,107.092506,-5.195424,-0.339253,-5.195424,0.252048,-0.000000,0.000000,107.801183,0.001070,0.016382,-0.000795,0.016436,0.455507,6.975775,-0.338419,6.975775,106.829273,-5.182654,-0.338419,-5.182654,0.251428,-0.000000,0.000000,107.536208,0.026140,0.083369,0.049879,0.026211,0.082939,0.049944,-0.000071,0.000430,-0.000065,0.002721,-0.017344,0.000148,0.017557,1.933415,-12.322742,0.105221,-12.322742,78.539797,-0.670632,0.105221,-0.670632,0.005726,-0.000000,-0.000000,80.478937,0.002721,-0.017344,0.000148,0.017557,1.927459,-12.284782,0.104897,-12.284782,78.297850,-0.668566,0.104897,-0.668566,0.005709,-0.000000,-0.000000,80.231017
2.0274,ramp,0.072,50.3276,4.029768,-1.227185,-1.271670,0.001534,-0.093573,1.233321,-2.064738,1.073787,-2.672195,1.584602,-2.406816,1.695049,-2.124563,0.023981,0.023981,0.023981,0.023981,0.023981,-0.036916,0.023981,0.019922,0.023981,0.023981,0.023981,-0.024958,0.023981,1.496942,-0.694895,1.050967,-0.001329,0.003119,0.000000,-0.003119,-0.004679,0.749859,0.947128,0.947128,0.652862,1.185534,1.185534,0.963438,1.104044,1.104044,1.030590,1.098533,1.098533,-0.011751,0.091201,-0.011665,0.003613,0.061050,-0.009209,-0.015364,0.030151,-0.002456,0.228919,-0.264869,0.381219,0.517579,12.219909,-14.138927,20.349824,-14.138927,16.359307,-23.545565,20.349824,-23.545565,33.888577,-0.000000,0.000000,62.467794,0.228919,-0.264869,0.381219,0.517579,8.579585,-9.926925,14.287590,-9.926925,11.485852,-16.531317,14.287590,-16.531317,23.793134,-0.000000,0.000000,43.858572,-0.016497,0.113713,0.072803,-0.015748,0.111331,0.067056,-0.000748,0.002382,0.005747,-0.047614,-0.448639,-0.258904,0.520169,0.891602,8.401027,4.848131,8.401027,79.157779,45.680997,4.848131,45.680997,26.361951,0.000000,0.000000,106.411332,-0.047614,-0.448639,-0.258904,0.520169,0.956447,9.012023,5.200730,9.012023,84.914824,49.003318,5.200730,49.003318,28.279223,0.000000,0.000000,114.150494,0.001549,0.107172,0.070044,0.001485,0.106208,0.069536,0.000064,0.000964,0.000508,-0.007150,-0.068265,-0.007884,0.069090,1.079260,10.304252,1.190118,10.304252,98.380026,11.362676,1.190118,11.362676,1.312364,-0.000000,0.000000,100.771649,-0.007150,-0.068265,-0.007884,0.069090,1.088127,10.388913,1.199896,10.388913,99.188327,11.456033,1.199896,11.456033,1.323147,0.000000,0.000000,101.599601,0.014396,0.100751,0.049188,0.014430,0.100937,0.049291,-0.000035,-0.000186,-0.000103,0.001070,0.016382,-0.000795,0.016436,0.456629,6.992964,-0.339253,6.992964,107.092506,-5.195424,-0.339253,-5.195424,0.252048,-0.000000,0.000000,107.801183,0.001070,0.016382,-0.000795,0.016436,0.455507,6.975775,-0.338419,6.975775,106.829273,-5.182654,-0.338419,-5.182654,0.251428,-0.000000,0.000000,107.536208,0.026140,0.083369,0.049879,0.026211,0.082939,0.049944,-0.000071,0.000430,-0.000065,0.002721,-0.017344,0.000148,0.017557,1.933415,-12.322742,0.105221,-12.322742,78.539797,-0.670632,0.105221,-0.670632,0.005726,-0.000000,-0.000000,80.478937,0.002721,-0.017344,0.000148,0.017557,1.927459,-12.284782,0.104897,-12.284782,78.297850,-0.668566,0.104897,-0.668566,0.005709,-0.000000,-0.000000,80.231017
2.0455,ramp,0.072,70.4859,4.029768,-1.227185,-1.271670,0.001534,-0.093573,1.233321,-2.064738,1.073787,-2.672195,1.584602,-2.406816,1.695049,-2.124563,0.023981,0.023981,0.023981,0.023981,0.023981,-0.019619,0.023981,0.013577,0.023981,0.023981,0.023981,-0.013264,0.023981,1.496942,-0.694895,1.050967,-0.001329,0.003119,0.000000,-0.003119,-0.004679,0.749859,0.947128,0.947128,0.652862,1.185534,1.185534,0.963438,1.104044,1.104044,1.030590,1.098533,1.098533,-0.011751,0.091201,-0.011665,0.003613,0.061050,-0.009209,-0.015364,0.030151,-0.002456,0.350835,-0.405931,0.584246,0.793227,16.449198,-19.032385,27.392862,-19.032385,22.021235,-31.694645,27.392862,-31.694645,45.617354,-0.000000,0.000000,84.087788,0.350835,-0.405931,0.584246,0.793227,11.409107,-13.200796,18.999595,-13.200796,15.273853,-21.983296,18.999595,-21.983296,31.640040,-0.000000,-0.000000,58.323000,-0.016497,0.113713,0.072803,-0.015748,0.111331,0.067056,-0.000748,0.002382,0.005747,-0.047614,-0.448639,-0.258904,0.520169,0.891602,8.401027,4.848131,8.401027,79.157779,45.680997,4.848131,45.680997,26.361951,0.000000,0.000000,106.411332,-0.047614,-0.448639,-0.258904,0.520169,0.956447,9.012023,5.200730,9.012023,84.914824,49.003318,5.200730,49.003318,28.279223,0.000000,0.000000,114.150494,0.001549,0.107172,0.070044,0.001485,0.106208,0.069536,0.000064,0.000964,0.000508,-0.007150,-0.068265,-0.007884,0.069090,1.079260,10.304252,1.190118,10.304252,98.380026,11.362676,1.190118,11.362676,1.312364,-0.000000,0.000000,100.771649,-0.007150,-0.068265,-0.007884,0.069090,1.088127,10.388913,1.199896,10.388913,99.188327,11.456033,1.199896,11.456033,1.323147,0.000000,0.000000,101.599601,0.014396,0.100751,0.049188,0.014430,0.100937,0.049291,-0.000035,-0.000186,-0.000103,0.001070,0.016382,-0.000795,0.016436,0.456629,6.992964,-0.339253,6.992964,107.092506,-5.195424,-0.339253,-5.195424,0.252048,-0.000000,0.000000,107.801183,0.001070,0.016382,-0.000795,0.016436,0.455507,6.975775,-0.338419,6.975775,106.829273,-5.182654,-0.338419,-5.182654,0.251428,-0.000000,0.000000,107.536208,0.026140,0.083369,0.049879,0.026211,0.082939,0.049944,-0.000071,0.000430,-0.000065,0.002721,-0.017344,0.000148,0.017557,1.933415,-12.322742,0.105221,-12.322742,78.539797,-0.670632,0.105221,-0.670632,0.005726,-0.000000,-0.000000,80.478937,0.002721,-0.017344,0.000148,0.017557,1.927459,-12.284782,0.104897,-12.284782,78.297850,-0.668566,0.104897,-0.668566,0.005709,-0.000000,-0.000000,80.231017
2.0637,ramp,0.072,90.6609,4.029768,-1.227185,-1.271670,0.001534,-0.093573,1.234855,-2.064738,1.073787,-2.672195,1.584602,-2.406816,1.695049,-2.124563,0.023981,0.014160,0.023981,0.023981,0.023981,-0.005870,0.023981,0.007215,0.023981,0.023981,0.023981,-0.008797,0.023981,1.496942,-0.694895,1.050967,-0.001329,0.003119,0.000000,-0.003119,-0.004679,0.750792,0.947128,0.947128,0.652862,1.185534,1.185534,0.963438,1.104044,1.104044,1.030590,1.098533,1.098533,-0.011751,0.091201,-0.011665,0.003613,0.061050,-0.009209,-0.015364,0.030151,-0.002456,0.472852,-0.547109,0.787441,1.069103,20.681989,-23.929894,34.441732,-23.929894,27.687851,-39.850470,34.441732,-39.850470,57.355842,-0.000000,0.000000,105.725682,0.472852,-0.547109,0.787441,1.069103,14.240972,-16.477378,23.715501,-16.477378,19.064989,-27.439790,23.715501,-27.439790,39.493442,-0.000000,-0.000000,72.799403,-0.016487,0.113704,0.072738,-0.015748,0.111331,0.067056,-0.000738,0.002373,0.005683,-0.047211,-0.444209,-0.255806,0.514769,0.895058,8.421597,4.849732,8.421597,79.238766,45.631102,4.849732,45.631102,26.277510,-0.000000,0.000000,106.411334,-0.047211,-0.444209,-0.255806,0.514769,0.959325,9.026287,5.197953,9.026287,84.928287,48.907517,5.197953,48.907517,28.164294,-0.000000,0.000000,114.051906,0.001549,0.107172,0.070044,0.001485,0.106208,0.069536,0.000064,0.000964,0.000508,-0.007150,-0.068265,-0.007884,0.069090,1.079260,10.304252,1.190118,10.304252,98.380026,11.362676,1.190118,11.362676,1.312364,-0.000000,0.000000,100.771649,-0.007150,-0.068265,-0.007884,0.069090,1.088127,10.388913,1.199896,10.388913,99.188327,11.456033,1.199896,11.456033,1.323147,0.000000,0.000000,101.599601,0.014396,0.100751,0.049188,0.014430,0.100937,0.049291,-0.000035,-0.000186,-0.000103,0.001070,0.016382,-0.000795,0.016436,0.456629,6.992964,-0.339253,6.992964,107.092506,-5.195424,-0.339253,-5.195424,0.252048,-0.000000,0.000000,107.801183,0.001070,0.016382,-0.000795,0.016436,0.455507,6.975775,-0.338419,6.975775,106.829273,-5.182654,-0.338419,-5.182654,0.251428,-0.000000,-0.000000,107.536208,0.026140,0.083369,0.049879,0.026211,0.082939,0.049944,-0.000071,0.000430,-0.000065,0.002721,-0.017344,0.000148,0.017556,1.933415,-12.322742,0.105221,-12.322742,78.539796,-0.670632,0.105221,-0.670632,0.005726,-0.000000,0.000000,80.478937,0.002721,-0.017344,0.000148,0.017556,1.927458,-12.284781,0.104897,-12.284781,78.297849,-0.668566,0.104897,-0.668566,0.005709,-0.000000,0.000000,80.231016
2.0848,post_ramp,0.072,100.0000,4.029768,-1.227185,-1.271670,0.001534,-0.093573,1.240990,-2.064738,1.073787,-2.672195,1.584602,-2.406816,1.695049,-2.124563,0.023981,0.006773,0.023981,0.023981,0.023981,0.053735,0.023981,0.015962,0.023981,0.023981,0.023981,0.000349,0.023981,1.496942,-0.694895,1.050967,-0.001329,0.003119,0.000000,-0.003119,-0.004679,0.754522,0.947128,0.947128,0.652862,1.185534,1.185534,0.963438,1.104044,1.104044,1.030590,1.098533,1.098533,-0.011751,0.091201,-0.011665,0.003613,0.061050,-0.009209,-0.015364,0.030151,-0.002456,0.529335,-0.612461,0.881501,1.196807,22.641367,-26.196973,37.704686,-26.196973,30.310953,-43.625840,37.704686,-43.625840,62.789642,-0.000000,0.000000,115.741962,0.529335,-0.612461,0.881501,1.196807,15.551855,-17.994122,25.898516,-17.994122,20.819924,-29.965626,25.898516,-29.965626,43.128818,-0.000000,0.000000,79.500597,-0.016446,0.113669,0.072480,-0.015748,0.111331,0.067056,-0.000698,0.002338,0.005424,-0.045580,-0.426437,-0.243497,0.493170,0.908948,8.503969,4.855792,8.503969,79.561733,45.429989,4.855792,45.429989,25.940660,-0.000000,0.000000,106.411342,-0.045580,-0.426437,-0.243497,0.493170,0.970836,9.082983,5.186411,9.082983,84.978893,48.523204,5.186411,48.523204,27.706895,-0.000000,0.000000,113.656624,0.001549,0.107172,0.070044,0.001485,0.106208,0.069536,0.000064,0.000964,0.000508,-0.007150,-0.068265,-0.007884,0.069090,1.079260,10.304252,1.190118,10.304252,98.380026,11.362676,1.190118,11.362676,1.312364,-0.000000,0.000000,100.771649,-0.007150,-0.068265,-0.007884,0.069090,1.088127,10.388913,1.199896,10.388913,99.188327,11.456033,1.199896,11.456033,1.323147,0.000000,0.000000,101.599601,0.014396,0.100751,0.049188,0.014430,0.100937,0.049291,-0.000035,-0.000186,-0.000103,0.001070,0.016382,-0.000795,0.016436,0.456629,6.992964,-0.339253,6.992964,107.092506,-5.195424,-0.339253,-5.195424,0.252048,-0.000000,0.000000,107.801183,0.001070,0.016382,-0.000795,0.016436,0.455507,6.975775,-0.338419,6.975775,106.829271,-5.182654,-0.338419,-5.182654,0.251428,-0.000000,0.000000,107.536205,0.026140,0.083369,0.049879,0.026211,0.082939,0.049944,-0.000071,0.000430,-0.000065,0.002721,-0.017343,0.000148,0.017556,1.933415,-12.322742,0.105221,-12.322742,78.539796,-0.670632,0.105221,-0.670632,0.005726,-0.000000,-0.000000,80.478937,0.002721,-0.017343,0.000148,0.017556,1.927458,-12.284780,0.104897,-12.284780,78.297843,-0.668566,0.104897,-0.668566,0.005709,-0.000000,0.000000,80.231010
2.1031,post_ramp,0.072,100.0000,4.029768,-1.231787,-1.271670,0.001534,-0.093573,1.253262,-2.064738,1.073787,-2.672195,1.584602,-2.406816,1.696583,-2.124563,0.023981,-0.011602,0.023981,0.023981,0.023981,0.192726,0.023981,0.013220,0.023981,0.023981,0.023981,0.024225,0.023981,1.496942,-0.697501,1.050967,-0.001329,0.003119,0.000000,-0.003119,-0.004679,0.761983,0.947128,0.947128,0.652862,1.185534,1.185534,0.963438,1.104044,1.104044,1.031522,1.098533,1.098533,-0.011720,0.091130,-0.011806,0.003613,0.061050,-0.009209,-0.015333,0.030080,-0.002597,0.530742,-0.612643,0.886404,1.201138,22.595330,-26.082110,37.736971,-26.082110,30.106949,-43.560322,37.736971,-43.560322,63.025370,-0.000000,0.000000,115.727649,0.530742,-0.612643,0.886404,1.201138,15.535099,-17.932385,25.945520,-17.932385,20.699607,-29.949282,25.945520,-29.949282,43.332200,-0.000000,0.000000,79.566906,-0.016366,0.113596,0.071963,-0.015748,0.111331,0.067056,-0.000617,0.002265,0.004908,-0.042227,-0.390664,-0.219292,0.449990,0.937047,8.669135,4.866262,8.669135,80.202897,45.020446,4.866262,45.020446,25.271413,-0.000000,0.000000,106.411357,-0.042227,-0.390664,-0.219292,0.449990,0.993848,9.194626,5.161237,9.194626,85.064503,47.749420,5.161237,47.749420,26.803274,-0.000000,0.000000,112.861624,0.001549,0.107172,0.070044,0.001485,0.106208,0.069536,0.000064,0.000964,0.000508,-0.007150,-0.068265,-0.007884,0.069090,1.079260,10.304252,1.190118,10.304252,98.380026,11.362676,1.190118,11.362676,1.312364,-0.000000,0.000000,100.771649,-0.007150,-0.068265,-0.007884,0.069090,1.088127,10.388913,1.199896,10.388913,99.188327,11.456033,1.199896,11.456033,1.323147,0.000000,0.000000,101.599601,0.014396,0.100751,0.049188,0.014430,0.100937,0.049291,-0.000035,-0.000186,-0.000103,0.001070,0.016382,-0.000795,0.016436,0.456629,6.992964,-0.339253,6.992964,107.092506,-5.195424,-0.339253,-5.195424,0.252048,0.000000,0.000000,107.801183,0.001070,0.016382,-0.000795,0.016436,0.455507,6.975775,-0.338419,6.975775,106.829264,-5.182654,-0.338419,-5.182654,0.251428,-0.000000,0.000000,107.536199,0.026121,0.083347,0.049844,0.026211,0.082939,0.049944,-0.000089,0.000408,-0.000100,0.002293,-0.014572,0.000136,0.014752,1.944991,-12.358575,0.115585,-12.358575,78.527057,-0.734432,0.115585,-0.734432,0.006869,-0.000000,0.000000,80.478917,0.002293,-0.014572,0.000136,0.014752,1.936410,-12.304053,0.115075,-12.304053,78.180621,-0.731191,0.115075,-0.731191,0.006839,-0.000000,0.000000,80.123869
2.1212,post_ramp,0.072,100.0000,4.029768,-1.245592,-1.271670,0.001534,-0.093573,1.265534,-2.064738,1.073787,-2.672195,1.584602,-2.406816,1.701185,-2.124563,0.023981,-0.132344,0.023981,0.023981,0.023981,0.388386,0.023981,0.007026,0.023981,0.023981,0.023981,0.079520,0.023981,1.496942,-0.705318,1.050967,-0.001329,0.003119,0.000000,-0.003119,-0.004679,0.769445,0.947128,0.947128,0.652862,1.185534,1.185534,0.963438,1.104044,1.104044,1.034320,1.098533,1.098533,-0.011626,0.090915,-0.012227,0.003613,0.061050,-0.009209,-0.015239,0.029865,-0.003018,0.534971,-0.613102,0.901199,1.214187,22.457830,-25.737736,37.831905,-25.737736,29.496664,-43.357153,37.831905,-43.357153,63.730689,-0.000000,0.000000,115.685184,0.534971,-0.613102,0.901199,1.214187,15.485137,-17.746700,26.085878,-17.746700,20.338557,-29.895650,26.085878,-29.895650,43.943624,-0.000000,0.000000,79.767318,-0.016285,0.113518,0.071447,-0.015748,0.111331,0.067056,-0.000537,0.002187,0.004391,-0.038754,-0.354591,-0.195642,0.406832,0.965570,8.834839,4.874523,8.834839,80.837579,44.601224,4.874523,44.601224,24.608223,-0.000000,0.000000,106.411372,-0.038754,-0.354591,-0.195642,0.406832,1.016833,9.303880,5.133311,9.303880,85.129240,46.969099,5.133311,46.969099,25.914671,-0.000000,0.000000,112.060744,0.001549,0.107172,0.070044,0.001485,0.106208,0.069536,0.000064,0.000964,0.000508,-0.007150,-0.068265,-0.007884,0.069090,1.079260,10.304252,1.190118,10.304252,98.380026,11.362676,1.190118,11.362676,1.312364,-0.000000,0.000000,100.771649,-0.007150,-0.068265,-0.007884,0.069090,1.088127,10.388913,1.199896,10.388913,99.188327,11.456033,1.199896,11.456033,1.323147,0.000000,0.000000,101.599601,0.014396,0.100751,0.049188,0.014430,0.100937,0.049291,-0.000035,-0.000186,-0.000103,0.001070,0.016383,-0.000795,0.016437,0.456629,6.992964,-0.339253,6.992964,107.092506,-5.195424,-0.339253,-5.195424,0.252048,-0.000000,0.000000,107.801183,0.001070,0.016383,-0.000795,0.016437,0.455507,6.975774,-0.338419,6.975774,106.829255,-5.182653,-0.338419,-5.182653,0.251428,-0.000000,0.000000,107.536190,0.026066,0.083282,0.049740,0.026211,0.082939,0.049944,-0.000145,0.000343,-0.000203,0.000995,-0.006268,0.000074,0.006347,1.979913,-12.465931,0.147033,-12.465931,78.488024,-0.925747,0.147033,-0.925747,0.010919,-0.000000,-0.000000,80.478855,0.000995,-0.006268,0.000074,0.006347,1.963264,-12.361109,0.145796,-12.361109,77.828048,-0.917963,0.145796,-0.917963,0.010827,-0.000000,0.000000,79.802139
2.1394,post_ramp,0.072,100.0000,4.029768,-1.268602,-1.271670,0.001534,-0.093573,1.273204,-2.064738,1.073787,-2.672195,1.584602,-2.406816,1.704253,-2.124563,0.023981,-0.412897,0.023981,0.023981,0.023981,0.518807,0.023981,0.011981,0.023981,0.023981,0.023981,0.159707,0.023981,1.496942,-0.718348,1.050967,-0.001329,0.003119,0.000000,-0.003119,-0.004679,0.774108,0.947128,0.947128,0.652862,1.185534,1.185534,0.963438,1.104044,1.104044,1.036186,1.098533,1.098533,-0.011469,0.090550,-0.012926,0.003613,0.061050,-0.009209,-0.015082,0.029500,-0.003717,0.542044,-0.613579,0.926145,1.236137,22.230725,-25.164574,37.983785,-25.164574,28.485610,-42.996607,37.983785,-42.996607,64.899723,-0.000000,0.000000,115.616058,0.542044,-0.613579,0.926145,1.236137,15.402909,-17.435673,26.317666,-17.435673,19.736706,-29.790879,26.317666,-29.790879,44.966799,0.000000,0.000000,80.106414,-0.016236,0.113468,0.071124,-0.015748,0.111331,0.067056,-0.000487,0.002137,0.004069,-0.036522,-0.331897,-0.181143,0.379871,0.983612,8.938663,4.878558,8.938663,81.230901,44.334337,4.878558,44.334337,24.196869,-0.000000,0.000000,106.411382,-0.036522,-0.331897,-0.181143,0.379871,1.031178,9.370919,5.114476,9.370919,85.159068,46.478259,5.114476,46.478259,25.366982,-0.000000,0.000000,111.557227,0.001549,0.107172,0.070044,0.001485,0.106208,0.069536,0.000064,0.000964,0.000508,-0.007150,-0.068265,-0.007884,0.069090,1.079260,10.304252,1.190118,10.304252,98.380026,11.362676,1.190118,11.362676,1.312364,-0.000000,0.000000,100.771649,-0.007150,-0.068265,-0.007884,0.069090,1.088127,10.388913,1.199896,10.388913,99.188327,11.456033,1.199896,11.456033,1.323147,0.000000,0.000000,101.599601,0.014396,0.100751,0.049188,0.014430,0.100937,0.049291,-0.000035,-0.000186,-0.000103,0.001070,0.016383,-0.000795,0.016437,0.456629,6.992964,-0.339253,6.992964,107.092506,-5.195424,-0.339253,-5.195424,0.252048,-0.000000,-0.000000,107.801183,0.001070,0.016383,-0.000795,0.016437,0.455507,6.975774,-0.338419,6.975774,106.829249,-5.182653,-0.338419,-5.182653,0.251428,-0.000000,0.000000,107.536184,0.026029,0.083238,0.049671,0.026211,0.082939,0.049944,-0.000182,0.000299,-0.000273,0.000118,-0.000738,0.000010,0.000748,2.003355,-12.537381,0.168294,-12.537381,78.461321,-1.053218,0.168294,-1.053218,0.014138,-0.000000,0.000000,80.478814,0.000118,-0.000738,0.000010,0.000748,1.981165,-12.398509,0.166430,-12.398509,77.592233,-1.041552,0.166430,-1.041552,0.013981,-0.000000,0.000000,79.587379
2.1583,post_ramp,0.072,100.0000,4.029768,-1.296214,-1.271670,0.001534,-0.093573,1.273204,-2.064738,1.073787,-2.672195,1.584602,-2.406816,1.704253,-2.124563,0.023981,-0.777552,0.023981,0.023981,0.023981,0.469545,0.023981,0.015205,0.023981,0.023981,0.023981,0.167292,0.023981,1.496942,-0.733983,1.050967,-0.001329,0.003119,0.000000,-0.003119,-0.004679,0.774108,0.947128,0.947128,0.652862,1.185534,1.185534,0.963438,1.104044,1.104044,1.036186,1.098533,1.098533,-0.011280,0.090100,-0.013757,0.003613,0.061050,-0.009209,-0.014894,0.029050,-0.004548,0.550574,-0.613665,0.956557,1.262822,21.961642,-24.478256,38.155757,-24.478256,27.283253,-42.528077,38.155757,-42.528077,66.291118,-0.000000,0.000000,115.536013,0.550574,-0.613665,0.956557,1.262822,15.306017,-17.059955,26.592396,-17.059955,19.014878,-29.639655,26.592396,-29.639655,46.201144,-0.000000,-0.000000,80.522040,-0.016236,0.113468,0.071124,-0.015748,0.111331,0.067056,-0.000487,0.002137,0.004069,-0.036522,-0.331897,-0.181143,0.379871,0.983612,8.938663,4.878558,8.938663,81.230901,44.334337,4.878558,44.334337,24.196869,-0.000000,0.000000,106.411382,-0.036522,-0.331897,-0.181143,0.379871,1.031178,9.370919,5.114476,9.370919,85.159068,46.478259,5.114476,46.478259,25.366982,-0.000000,0.000000,111.557227,0.001549,0.107172,0.070044,0.001485,0.106208,0.069536,0.000064,0.000964,0.000508,-0.007150,-0.068265,-0.007884,0.069090,1.079260,10.304252,1.190118,10.304252,98.380026,11.362676,1.190118,11.362676,1.312364,-0.000000,0.000000,100.771649,-0.007150,-0.068265,-0.007884,0.069090,1.088127,10.388913,1.199896,10.388913,99.188327,11.456033,1.199896,11.456033,1.323147,0.000000,0.000000,101.599601,0.014396,0.100751,0.049188,0.014430,0.100937,0.049291,-0.000035,-0.000186,-0.000103,0.001070,0.016383,-0.000795,0.016437,0.456629,6.992964,-0.339253,6.992964,107.092506,-5.195424,-0.339253,-5.195424,0.252048,-0.000000,-0.000000,107.801183,0.001070,0.016383,-0.000795,0.016437,0.455507,6.975774,-0.338419,6.975774,106.829249,-5.182653,-0.338419,-5.182653,0.251428,-0.000000,0.000000,107.536184,0.026029,0.083238,0.049671,0.026211,0.082939,0.049944,-0.000182,0.000299,-0.000273,0.000118,-0.000738,0.000010,0.000748,2.003355,-12.537381,0.168294,-12.537381,78.461321,-1.053218,0.168294,-1.053218,0.014138,-0.000000,0.000000,80.478814,0.000118,-0.000738,0.000010,0.000748,1.981165,-12.398509,0.166430,-12.398509,77.592233,-1.041552,0.166430,-1.041552,0.013981,-0.000000,0.000000,79.587379
2.1765,post_ramp,0.072,100.0000,4.029768,-1.322291,-1.271670,0.001534,-0.093573,1.273204,-2.064738,1.073787,-2.672195,1.584602,-2.406816,1.702719,-2.124563,0.023981,-1.086144,0.023981,0.023981,0.023981,0.305813,0.023981,0.008081,0.023981,0.023981,0.023981,0.110403,0.023981,1.496942,-0.748749,1.050967,-0.001329,0.003119,0.000000,-0.003119,-0.004679,0.774108,0.947128,0.947128,0.652862,1.185534,1.185534,0.963438,1.104044,1.104044,1.035253,1.098533,1.098533,-0.011102,0.089662,-0.014535,0.003613,0.061050,-0.009209,-0.014715,0.028612,-0.005326,0.558680,-0.613252,0.985766,1.288385,21.711011,-23.831746,38.308099,-23.831746,26.159634,-42.050039,38.308099,-42.050039,67.592911,-0.000000,-0.000000,115.463556,0.558680,-0.613252,0.985766,1.288385,15.216364,-16.702700,26.848587,-16.702700,18.334222,-29.471160,26.848587,-29.471160,47.373119,0.000000,0.000000,80.923705,-0.016236,0.113468,0.071124,-0.015748,0.111331,0.067056,-0.000487,0.002137,0.004069,-0.036522,-0.331897,-0.181143,0.379871,0.983612,8.938663,4.878558,8.938663,81.230901,44.334337,4.878558,44.334337,24.196869,-0.000000,-0.000000,106.411382,-0.036522,-0.331897,-0.181143,0.379871,1.031178,9.370919,5.114476,9.370919,85.159068,46.478259,5.114476,46.478259,25.366982,-0.000000,0.000000,111.557227,0.001549,0.107172,0.070044,0.001485,0.106208,0.069536,0.000064,0.000964,0.000508,-0.007150,-0.068265,-0.007884,0.069090,1.079260,10.304252,1.190118,10.304252,98.380026,11.362676,1.190118,11.362676,1.312364,-0.000000,0.000000,100.771649,-0.007150,-0.068265,-0.007884,0.069090,1.088127,10.388913,1.199896,10.388913,99.188327,11.456033,1.199896,11.456033,1.323147,0.000000,0.000000,101.599601,0.014396,0.100751,0.049188,0.014430,0.100937,0.049291,-0.000035,-0.000186,-0.000103,0.001070,0.016383,-0.000795,0.016437,0.456629,6.992964,-0.339253,6.992964,107.092506,-5.195424,-0.339253,-5.195424,0.252048,0.000000,0.000000,107.801183,0.001070,0.016383,-0.000795,0.016437,0.455507,6.975774,-0.338419,6.975774,106.829251,-5.182653,-0.338419,-5.182653,0.251428,-0.000000,0.000000,107.536185,0.026047,0.083260,0.049706,0.026211,0.082939,0.049944,-0.000164,0.000321,-0.000238,0.000558,-0.003502,0.000044,0.003546,1.991618,-12.501668,0.157634,-12.501668,78.474740,-0.989490,0.157634,-0.989490,0.012476,-0.000000,0.000000,80.478835,0.000558,-0.003502,0.000044,0.003546,1.972215,-12.379872,0.156098,-12.379872,77.710213,-0.979850,0.156098,-0.979850,0.012355,-0.000000,0.000000,79.694783
2.1945,post_ramp,0.072,100.0000,4.029768,-1.346835,-1.271670,0.001534,-0.093573,1.271670,-2.064738,1.073787,-2.672195,1.584602,-2.406816,1.702719,-2.124563,0.023981,-1.249190,0.023981,0.023981,0.023981,0.162703,0.023981,0.006237,0.023981,0.023981,0.023981,0.048852,0.023981,1.496942,-0.762647,1.050967,-0.001329,0.003119,0.000000,-0.003119,-0.004679,0.773175,0.947128,0.947128,0.652862,1.185534,1.185534,0.963438,1.104044,1.104044,1.035253,1.098533,1.098533,-0.010934,0.089240,-0.015262,0.003613,0.061050,-0.009209,-0.014547,0.028190,-0.006053,0.566359,-0.612416,1.013693,1.312779,21.478281,-23.224926,38.442748,-23.224926,25.113612,-41.568969,38.442748,-41.568969,68.806479,-0.000000,0.000000,115.398372,0.566359,-0.612416,1.013693,1.312779,15.133695,-16.364389,27.086936,-16.364389,17.695166,-29.289686,27.086936,-29.289686,48.481359,-0.000000,-0.000000,81.310220,-0.016245,0.113478,0.071189,-0.015748,0.111331,0.067056,-0.000497,0.002147,0.004133,-0.036972,-0.336445,-0.184025,0.385263,0.979991,8.917883,4.877821,8.917883,81.152445,44.388013,4.877821,44.388013,24.278944,-0.000000,0.000000,106.411380,-0.036972,-0.336445,-0.184025,0.385263,1.028310,9.357589,5.118327,9.357589,85.153758,46.576614,5.118327,46.576614,25.476045,-0.000000,0.000000,111.658113,0.001549,0.107172,0.070044,0.001485,0.106208,0.069536,0.000064,0.000964,0.000508,-0.007150,-0.068265,-0.007884,0.069090,1.079260,10.304252,1.190118,10.304252,98.380026,11.362676,1.190118,11.362676,1.312364,-0.000000,0.000000,100.771649,-0.007150,-0.068265,-0.007884,0.069090,1.088127,10.388913,1.199896,10.388913,99.188327,11.456033,1.199896,11.456033,1.323147,0.000000,0.000000,101.599601,0.014396,0.100751,0.049188,0.014430,0.100937,0.049291,-0.000035,-0.000186,-0.000103,0.001070,0.016383,-0.000795,0.016437,0.456629,6.992964,-0.339253,6.992964,107.092506,-5.195424,-0.339253,-5.195424,0.252048,-0.000000,0.000000,107.801183,0.001070,0.016383,-0.000795,0.016437,0.455507,6.975774,-0.338419,6.975774,106.829251,-5.182653,-0.338419,-5.182653,0.251428,0.000000,0.000000,107.536186,0.026047,0.083260,0.049706,0.026211,0.082939,0.049944,-0.000164,0.000321,-0.000238,0.000558,-0.003502,0.000044,0.003547,1.991618,-12.501668,0.157634,-12.501668,78.474740,-0.989490,0.157634,-0.989490,0.012476,-0.000000,0.000000,80.478835,0.000558,-0.003502,0.000044,0.003547,1.972215,-12.379873,0.156098,-12.379873,77.710215,-0.979850,0.156098,-0.979850,0.012355,-0.000000,-0.000000,79.694785
2.2122,post_ramp,0.072,100.0000,4.029768,-1.374447,-1.271670,0.001534,-0.093573,1.268602,-2.064738,1.073787,-2.672195,1.584602,-2.406816,1.699651,-2.124563,0.023981,-1.295103,0.023981,0.023981,0.023981,0.043428,0.023981,0.002983,0.023981,0.023981,0.023981,-0.006101,0.023981,1.496942,-0.778282,1.050967,-0.001329,0.003119,0.000000,-0.003119,-0.004679,0.771310,0.947128,0.947128,0.652862,1.185534,1.185534,0.963438,1.104044,1.104044,1.033388,1.098533,1.098533,-0.010745,0.088752,-0.016072,0.003613,0.061050,-0.009209,-0.014359,0.027702,-0.006863,0.575060,-0.610946,1.045624,1.340627,21.220176,-22.544372,38.584361,-22.544372,23.951203,-40.992130,38.584361,-40.992130,70.157428,-0.000000,0.000000,115.328806,0.575060,-0.610946,1.045624,1.340627,15.042749,-15.981457,27.352029,-15.981457,16.978744,-29.058870,27.352029,-29.058870,49.733828,-0.000000,0.000000,81.755320,-0.016265,0.113498,0.071318,-0.015748,0.111331,0.067056,-0.000517,0.002167,0.004262,-0.037867,-0.345527,-0.189816,0.396047,0.972767,8.876345,4.876241,8.876345,80.995220,44.494917,4.876241,44.494917,24.443388,0.000000,0.000000,106.411376,-0.037867,-0.345527,-0.189816,0.396047,1.022573,9.330812,5.125904,9.330812,85.142154,46.773045,5.125904,46.773045,25.694883,-0.000000,0.000000,111.859610,0.001549,0.107172,0.070044,0.001485,0.106208,0.069536,0.000064,0.000964,0.000508,-0.007150,-0.068265,-0.007884,0.069090,1.079260,10.304252,1.190118,10.304252,98.380026,11.362676,1.190118,11.362676,1.312364,-0.000000,0.000000,100.771649,-0.007150,-0.068265,-0.007884,0.069090,1.088127,10.388913,1.199896,10.388913,99.188327,11.456033,1.199896,11.456033,1.323147,0.000000,0.000000,101.599601,0.014396,0.100751,0.049188,0.014430,0.100937,0.049291,-0.000035,-0.000186,-0.000103,0.001070,0.016383,-0.000795,0.016437,0.456629,6.992964,-0.339253,6.992964,107.092506,-5.195424,-0.339253,-5.195424,0.252048,-0.000000,0.000000,107.801183,0.001070,0.016383,-0.000795,0.016437,0.455507,6.975774,-0.338419,6.975774,106.829256,-5.182653,-0.338419,-5.182653,0.251428,-0.000000,0.000000,107.536190,0.026084,0.083304,0.049775,0.026211,0.082939,0.049944,-0.000126,0.000365,-0.000169,0.001430,-0.009034,0.000099,0.009147,1.968240,-12.430169,0.136491,-12.430169,78.501171,-0.861989,0.136491,-0.861989,0.009465,-0.000000,0.000000,80.478876,0.001430,-0.009034,0.000099,0.009147,1.954313,-12.342217,0.135525,-12.342217,77.945720,-0.855890,0.135525,-0.855890,0.009398,-0.000000,0.000000,79.909431
2.2303,post_ramp,0.072,100.0000,4.029768,-1.397456,-1.271670,0.001534,-0.093573,1.267068,-2.064738,1.073787,-2.672195,1.584602,-2.406816,1.698117,-2.124563,0.023981,-1.286141,0.023981,0.023981,0.023981,-0.026423,0.023981,0.009832,0.023981,0.023981,0.023981,-0.045199,0.023981,1.496942,-0.791312,1.050967,-0.001329,0.003119,0.000000,-0.003119,-0.004679,0.770377,0.947128,0.947128,0.652862,1.185534,1.185534,0.963438,1.104044,1.104044,1.032455,1.098533,1.098533,-0.010588,0.088336,-0.016741,0.003613,0.061050,-0.009209,-0.014201,0.027286,-0.007532,0.582368,-0.609284,1.072655,1.364172,21.008138,-21.979100,38.694595,-21.979100,22.994938,-40.482996,38.694595,-40.482996,71.271032,-0.000000,0.000000,115.274109,0.582368,-0.609284,1.072655,1.364172,14.968681,-15.660509,27.570603,-15.660509,16.384312,-28.844871,27.570603,-28.844871,50.781907,0.000000,0.000000,82.134899,-0.016275,0.113508,0.071382,-0.015748,0.111331,0.067056,-0.000527,0.002177,0.004327,-0.038311,-0.350061,-0.192724,0.401439,0.969166,8.855588,4.875399,8.855588,80.916452,44.548145,4.875399,44.548145,24.525757,-0.000000,0.000000,106.411374,-0.038311,-0.350061,-0.192724,0.401439,1.019703,9.317365,5.129628,9.317365,85.135861,46.871120,5.129628,46.871120,25.804659,-0.000000,0.000000,111.960223,0.001549,0.107172,0.070044,0.001485,0.106208,0.069536,0.000064,0.000964,0.000508,-0.007150,-0.068265,-0.007884,0.069090,1.079260,10.304252,1.190118,10.304252,98.380026,11.362676,1.190118,11.362676,1.312364,-0.000000,0.000000,100.771649,-0.007150,-0.068265,-0.007884,0.069090,1.088127,10.388913,1.199896,10.388913,99.188327,11.456033,1.199896,11.456033,1.323147,0.000000,0.000000,101.599601,0.014396,0.100751,0.049188,0.014430,0.100937,0.049291,-0.000035,-0.000186,-0.000103,0.001070,0.016383,-0.000795,0.016437,0.456629,6.992964,-0.339253,6.992964,107.092506,-5.195424,-0.339253,-5.195424,0.252048,-0.000000,-0.000000,107.801183,0.001070,0.016383,-0.000795,0.016437,0.455507,6.975774,-0.338419,6.975774,106.829258,-5.182653,-0.338419,-5.182653,0.251428,-0.000000,0.000000,107.536193,0.026103,0.083325,0.049809,0.026211,0.082939,0.049944,-0.000108,0.000386,-0.000134,0.001863,-0.011802,0.000120,0.011949,1.956599,-12.394384,0.126008,-12.394384,78.514182,-0.798218,0.126008,-0.798218,0.008115,-0.000000,0.000000,80.478896,0.001863,-0.011802,0.000120,0.011949,1.945361,-12.323198,0.125284,-12.323198,78.063243,-0.793633,0.125284,-0.793633,0.008069,-0.000000,0.000000,80.016672
2.2485,post_ramp,0.072,100.0000,4.029768,-1.412796,-1.271670,0.001534,-0.093573,1.265534,-2.064738,1.073787,-2.672195,1.584602,-2.406816,1.698117,-2.124563,0.023981,-1.229783,0.023981,0.023981,0.023981,-0.065668,0.023981,0.016462,0.023981,0.023981,0.023981,-0.060069,0.023981,1.496942,-0.799998,1.050967,-0.001329,0.003119,0.000000,-0.003119,-0.004679,0.769445,0.947128,0.947128,0.652862,1.185534,1.185534,0.963438,1.104044,1.104044,1.032455,1.098533,1.098533,-0.010483,0.088054,-0.017184,0.003613,0.061050,-0.009209,-0.014096,0.027004,-0.007975,0.587269,-0.607951,1.090890,1.380047,20.868340,-21.603250,38.764249,-21.603250,22.364042,-40.129391,38.764249,-40.129391,72.007022,-0.000000,0.000000,115.239404,0.587269,-0.607951,1.090890,1.380047,14.920195,-15.445632,27.715197,-15.445632,15.989574,-28.691231,27.715197,-28.691231,51.482717,-0.000000,0.000000,82.392486,-0.016285,0.113518,0.071447,-0.015748,0.111331,0.067056,-0.000537,0.002187,0.004391,-0.038754,-0.354591,-0.195642,0.406832,0.965570,8.834839,4.874523,8.834839,80.837579,44.601224,4.874523,44.601224,24.608223,-0.000000,0.000000,106.411372,-0.038754,-0.354591,-0.195642,0.406832,1.016833,9.303880,5.133311,9.303880,85.129240,46.969099,5.133311,46.969099,25.914671,-0.000000,-0.000000,112.060744,0.001549,0.107172,0.070044,0.001485,0.106208,0.069536,0.000064,0.000964,0.000508,-0.007150,-0.068265,-0.007884,0.069090,1.079260,10.304252,1.190118,10.304252,98.380026,11.362676,1.190118,11.362676,1.312364,-0.000000,0.000000,100.771649,-0.007150,-0.068265,-0.007884,0.069090,1.088127,10.388913,1.199896,10.388913,99.188327,11.456033,1.199896,11.456033,1.323147,0.000000,0.000000,101.599601,0.014396,0.100751,0.049188,0.014430,0.100937,0.049291,-0.000035,-0.000186,-0.000103,0.001070,0.016383,-0.000795,0.016437,0.456629,6.992964,-0.339253,6.992964,107.092506,-5.195424,-0.339253,-5.195424,0.252048,-0.000000,0.000000,107.801183,0.001070,0.016383,-0.000795,0.016437,0.455507,6.975774,-0.338419,6.975774,106.829258,-5.182653,-0.338419,-5.182653,0.251428,-0.000000,0.000000,107.536193,0.026103,0.083325,0.049809,0.026211,0.082939,0.049944,-0.000108,0.000386,-0.000134,0.001863,-0.011802,0.000120,0.011949,1.956599,-12.394384,0.126008,-12.394384,78.514182,-0.798218,0.126008,-0.798218,0.008115,-0.000000,0.000000,80.478896,0.001863,-0.011802,0.000120,0.011949,1.945361,-12.323198,0.125284,-12.323198,78.063244,-0.793633,0.125284,-0.793633,0.008069,-0.000000,0.000000,80.016674
2.2667,post_ramp,0.072,100.0000,4.029768,-1.425068,-1.271670,0.001534,-0.093573,1.265534,-2.064738,1.073787,-2.672195,1.584602,-2.406816,1.698117,-2.124563,0.023981,-1.093166,0.023981,0.023981,0.023981,-0.061127,0.023981,0.019985,0.023981,0.023981,0.023981,-0.039650,0.023981,1.496942,-0.806947,1.050967,-0.001329,0.003119,0.000000,-0.003119,-0.004679,0.769445,0.947128,0.947128,0.652862,1.185534,1.185534,0.963438,1.104044,1.104044,1.032455,1.098533,1.098533,-0.010399,0.087826,-0.017536,0.003613,0.061050,-0.009209,-0.014012,0.026776,-0.008327,0.591209,-0.606754,1.105603,1.392852,20.757408,-21.303171,38.817805,-21.303171,21.863284,-39.838420,38.817805,-39.838420,72.592011,-0.000000,0.000000,115.212703,0.591209,-0.606754,1.105603,1.392852,14.881932,-15.273215,27.830254,-15.273215,15.674785,-28.561980,27.830254,-28.561980,52.044521,0.000000,0.000000,82.601238,-0.016285,0.113518,0.071447,-0.015748,0.111331,0.067056,-0.000537,0.002187,0.004391,-0.038754,-0.354591,-0.195642,0.406832,0.965570,8.834839,4.874523,8.834839,80.837579,44.601224,4.874523,44.601224,24.608223,-0.000000,0.000000,106.411372,-0.038754,-0.354591,-0.195642,0.406832,1.016833,9.303880,5.133311,9.303880,85.129240,46.969099,5.133311,46.969099,25.914671,-0.000000,-0.000000,112.060744,0.001549,0.107172,0.070044,0.001485,0.106208,0.069536,0.000064,0.000964,0.000508,-0.007150,-0.068265,-0.007884,0.069090,1.079260,10.304252,1.190118,10.304252,98.380026,11.362676,1.190118,11.362676,1.312364,-0.000000,0.000000,100.771649,-0.007150,-0.068265,-0.007884,0.069090,1.088127,10.388913,1.199896,10.388913,99.188327,11.456033,1.199896,11.456033,1.323147,0.000000,0.000000,101.599601,0.014396,0.100751,0.049188,0.014430,0.100937,0.049291,-0.000035,-0.000186,-0.000103,0.001070,0.016383,-0.000795,0.016437,0.456629,6.992964,-0.339253,6.992964,107.092506,-5.195424,-0.339253,-5.195424,0.252048,-0.000000,0.000000,107.801183,0.001070,0.016383,-0.000795,0.016437,0.455507,6.975774,-0.338419,6.975774,106.829258,-5.182653,-0.338419,-5.182653,0.251428,-0.000000,0.000000,107.536193,0.026103,0.083325,0.049809,0.026211,0.082939,0.049944,-0.000108,0.000386,-0.000134,0.001863,-0.011802,0.000120,0.011949,1.956599,-12.394384,0.126008,-12.394384,78.514182,-0.798218,0.126008,-0.798218,0.008115,-0.000000,0.000000,80.478896,0.001863,-0.011802,0.000120,0.011949,1.945361,-12.323198,0.125284,-12.323198,78.063244,-0.793633,0.125284,-0.793633,0.008069,-0.000000,0.000000,80.016674
2.2849,post_ramp,0.072,100.0000,4.029768,-1.426602,-1.271670,0.001534,-0.093573,1.265534,-2.064738,1.073787,-2.672195,1.584602,-2.406816,1.698117,-2.124563,0.023981,-0.852456,0.023981,0.023981,0.023981,-0.033901,0.023981,0.021857,0.023981,0.023981,0.023981,-0.021072,0.023981,1.496942,-0.807815,1.050967,-0.001329,0.003119,0.000000,-0.003119,-0.004679,0.769445,0.947128,0.947128,0.652862,1.185534,1.185534,0.963438,1.104044,1.104044,1.032455,1.098533,1.098533,-0.010388,0.087797,-0.017580,0.003613,0.061050,-0.009209,-0.014002,0.026747,-0.008371,0.591703,-0.606596,1.107450,1.394459,20.743599,-21.265700,38.824366,-21.265700,21.800942,-39.801547,38.824366,-39.801547,72.664893,0.000000,0.000000,115.209433,0.591703,-0.606596,1.107450,1.394459,14.877182,-15.251630,27.844598,-15.251630,15.635503,-28.545426,27.844598,-28.545426,52.114818,-0.000000,0.000000,82.627503,-0.016285,0.113518,0.071447,-0.015748,0.111331,0.067056,-0.000537,0.002187,0.004391,-0.038754,-0.354591,-0.195642,0.406832,0.965570,8.834839,4.874523,8.834839,80.837579,44.601224,4.874523,44.601224,24.608223,-0.000000,0.000000,106.411372,-0.038754,-0.354591,-0.195642,0.406832,1.016833,9.303880,5.133311,9.303880,85.129240,46.969099,5.133311,46.969099,25.914671,-0.000000,-0.000000,112.060744,0.001549,0.107172,0.070044,0.001485,0.106208,0.069536,0.000064,0.000964,0.000508,-0.007150,-0.068265,-0.007884,0.069090,1.079260,10.304252,1.190118,10.304252,98.380026,11.362676,1.190118,11.362676,1.312364,-0.000000,0.000000,100.771649,-0.007150,-0.068265,-0.007884,0.069090,1.088127,10.388913,1.199896,10.388913,99.188327,11.456033,1.199896,11.456033,1.323147,0.000000,0.000000,101.599601,0.014396,0.100751,0.049188,0.014430,0.100937,0.049291,-0.000035,-0.000186,-0.000103,0.001070,0.016383,-0.000795,0.016437,0.456629,6.992964,-0.339253,6.992964,107.092506,-5.195424,-0.339253,-5.195424,0.252048,-0.000000,0.000000,107.801183,0.001070,0.016383,-0.000795,0.016437,0.455507,6.975774,-0.338419,6.975774,106.829258,-5.182653,-0.338419,-5.182653,0.251428,-0.000000,0.000000,107.536193,0.026103,0.083325,0.049809,0.026211,0.082939,0.049944,-0.000108,0.000386,-0.000134,0.001863,-0.011802,0.000120,0.011949,1.956599,-12.394384,0.126008,-12.394384,78.514182,-0.798218,0.126008,-0.798218,0.008115,-0.000000,0.000000,80.478896,0.001863,-0.011802,0.000120,0.011949,1.945361,-12.323198,0.125284,-12.323198,78.063244,-0.793633,0.125284,-0.793633,0.008069,-0.000000,0.000000,80.016674
2.3031,post_ramp,0.072,100.0000,4.029768,-1.422000,-1.271670,0.001534,-0.093573,1.265534,-2.064738,1.073787,-2.672195,1.584602,-2.406816,1.696583,-2.124563,0.023981,-0.530986,0.023981,0.023981,0.023981,-0.018017,0.023981,0.022852,0.023981,0.023981,0.023981,-0.013597,0.023981,1.496942,-0.805210,1.050967,-0.001329,0.003119,0.000000,-0.003119,-0.004679,0.769445,0.947128,0.947128,0.652862,1.185534,1.185534,0.963438,1.104044,1.104044,1.031522,1.098533,1.098533,-0.010420,0.087883,-0.017448,0.003613,0.061050,-0.009209,-0.014033,0.026833,-0.008239,0.590223,-0.607064,1.101914,1.389642,20.785065,-21.378140,38.804595,-21.378140,21.988137,-39.911834,38.804595,-39.911834,72.446085,-0.000000,0.000000,115.219287,0.590223,-0.607064,1.101914,1.389642,14.891454,-15.316362,27.801540,-15.316362,15.753394,-28.594821,27.801540,-28.594821,51.903976,-0.000000,0.000000,82.548824,-0.016285,0.113518,0.071447,-0.015748,0.111331,0.067056,-0.000537,0.002187,0.004391,-0.038754,-0.354591,-0.195642,0.406832,0.965570,8.834839,4.874523,8.834839,80.837579,44.601224,4.874523,44.601224,24.608223,-0.000000,0.000000,106.411372,-0.038754,-0.354591,-0.195642,0.406832,1.016833,9.303880,5.133311,9.303880,85.129240,46.969099,5.133311,46.969099,25.914671,-0.000000,0.000000,112.060744,0.001549,0.107172,0.070044,0.001485,0.106208,0.069536,0.000064,0.000964,0.000508,-0.007150,-0.068265,-0.007884,0.069090,1.079260,10.304252,1.190118,10.304252,98.380026,11.362676,1.190118,11.362676,1.312364,-0.000000,0.000000,100.771649,-0.007150,-0.068265,-0.007884,0.069090,1.088127,10.388913,1.199896,10.388913,99.188327,11.456033,1.199896,11.456033,1.323147,0.000000,0.000000,101.599601,0.014396,0.100751,0.049188,0.014430,0.100937,0.049291,-0.000035,-0.000186,-0.000103,0.001070,0.016382,-0.000795,0.016437,0.456629,6.992964,-0.339253,6.992964,107.092506,-5.195424,-0.339253,-5.195424,0.252048,0.000000,0.000000,107.801183,0.001070,0.016382,-0.000795,0.016437,0.455507,6.975775,-0.338419,6.975775,106.829260,-5.182653,-0.338419,-5.182653,0.251428,-0.000000,0.000000,107.536195,0.026121,0.083347,0.049844,0.026211,0.082939,0.049944,-0.000089,0.000408,-0.000100,0.002293,-0.014571,0.000136,0.014751,1.944991,-12.358575,0.115585,-12.358575,78.527057,-0.734432,0.115585,-0.734432,0.006869,0.000000,0.000000,80.478917,0.002293,-0.014571,0.000136,0.014751,1.936410,-12.304051,0.115075,-12.304051,78.180610,-0.731191,0.115075,-0.731191,0.006839,-0.000000,0.000000,80.123859
2.3212,post_ramp,0.072,100.0000,4.029768,-1.411262,-1.271670,0.001534,-0.093573,1.265534,-2.064738,1.073787,-2.672195,1.584602,-2.406816,1.696583,-2.124563,0.023981,-0.169709,0.023981,0.023981,0.023981,-0.009575,0.023981,0.023381,0.023981,0.023981,0.023981,-0.018462,0.023981,1.496942,-0.799129,1.050967,-0.001329,0.003119,0.000000,-0.003119,-0.004679,0.769445,0.947128,0.947128,0.652862,1.185534,1.185534,0.963438,1.104044,1.104044,1.031522,1.098533,1.098533,-0.010493,0.088083,-0.017140,0.003613,0.061050,-0.009209,-0.014107,0.027033,-0.007931,0.586778,-0.608092,1.089058,1.378453,20.882263,-21.640798,38.757420,-21.640798,22.426886,-40.165259,38.757420,-40.165259,71.933659,-0.000000,0.000000,115.242809,0.586778,-0.608092,1.089058,1.378453,14.925011,-15.467153,27.700777,-15.467153,16.028987,-28.706990,27.700777,-28.706990,51.412562,-0.000000,0.000000,82.366560,-0.016285,0.113518,0.071447,-0.015748,0.111331,0.067056,-0.000537,0.002187,0.004391,-0.038754,-0.354591,-0.195642,0.406832,0.965570,8.834839,4.874523,8.834839,80.837579,44.601224,4.874523,44.601224,24.608223,-0.000000,0.000000,106.411372,-0.038754,-0.354591,-0.195642,0.406832,1.016833,9.303880,5.133311,9.303880,85.129240,46.969099,5.133311,46.969099,25.914671,-0.000000,0.000000,112.060744,0.001549,0.107172,0.070044,0.001485,0.106208,0.069536,0.000064,0.000964,0.000508,-0.007150,-0.068265,-0.007884,0.069090,1.079260,10.304252,1.190118,10.304252,98.380026,11.362676,1.190118,11.362676,1.312364,-0.000000,0.000000,100.771649,-0.007150,-0.068265,-0.007884,0.069090,1.088127,10.388913,1.199896,10.388913,99.188327,11.456033,1.199896,11.456033,1.323147,0.000000,0.000000,101.599601,0.014396,0.100751,0.049188,0.014430,0.100937,0.049291,-0.000035,-0.000186,-0.000103,0.001070,0.016382,-0.000795,0.016437,0.456629,6.992964,-0.339253,6.992964,107.092506,-5.195424,-0.339253,-5.195424,0.252048,0.000000,0.000000,107.801183,0.001070,0.016382,-0.000795,0.016437,0.455507,6.975775,-0.338419,6.975775,106.829260,-5.182653,-0.338419,-5.182653,0.251428,-0.000000,0.000000,107.536195,0.026121,0.083347,0.049844,0.026211,0.082939,0.049944,-0.000089,0.000408,-0.000100,0.002293,-0.014571,0.000136,0.014751,1.944991,-12.358575,0.115585,-12.358575,78.527057,-0.734432,0.115585,-0.734432,0.006869,0.000000,0.000000,80.478917,0.002293,-0.014571,0.000136,0.014751,1.936410,-12.304051,0.115075,-12.304051,78.180610,-0.731191,0.115075,-0.731191,0.006839,-0.000000,0.000000,80.123859
2.3394,post_ramp,0.072,100.0000,4.029768,-1.395923,-1.271670,0.001534,-0.093573,1.268602,-2.064738,1.073787,-2.672195,1.584602,-2.406816,1.698117,-2.124563,0.023981,0.188285,0.023981,0.023981,0.023981,0.012055,0.023981,0.012426,0.023981,0.023981,0.023981,-0.014094,0.023981,1.496942,-0.790443,1.050967,-0.001329,0.003119,0.000000,-0.003119,-0.004679,0.771310,0.947128,0.947128,0.652862,1.185534,1.185534,0.963438,1.104044,1.104044,1.032455,1.098533,1.098533,-0.010598,0.088364,-0.016696,0.003613,0.061050,-0.009209,-0.014212,0.027314,-0.007487,0.581879,-0.609407,1.070841,1.362593,21.022187,-22.016730,38.687462,-22.016730,23.058324,-40.517735,38.687462,-40.517735,71.197147,-0.000000,0.000000,115.277658,0.581879,-0.609407,1.070841,1.362593,14.973569,-15.681956,27.556095,-15.681956,16.423857,-28.859752,27.556095,-28.859752,50.711916,-0.000000,-0.000000,82.109342,-0.016265,0.113498,0.071318,-0.015748,0.111331,0.067056,-0.000517,0.002167,0.004262,-0.037867,-0.345527,-0.189816,0.396047,0.972767,8.876345,4.876241,8.876345,80.995220,44.494917,4.876241,44.494917,24.443388,0.000000,0.000000,106.411376,-0.037867,-0.345527,-0.189816,0.396047,1.022573,9.330812,5.125904,9.330812,85.142154,46.773045,5.125904,46.773045,25.694883,-0.000000,0.000000,111.859610,0.001549,0.107172,0.070044,0.001485,0.106208,0.069536,0.000064,0.000964,0.000508,-0.007150,-0.068265,-0.007884,0.069090,1.079260,10.304252,1.190118,10.304252,98.380026,11.362676,1.190118,11.362676,1.312364,-0.000000,0.000000,100.771649,-0.007150,-0.068265,-0.007884,0.069090,1.088127,10.388913,1.199896,10.388913,99.188327,11.456033,1.199896,11.456033,1.323147,0.000000,0.000000,101.599601,0.014396,0.100751,0.049188,0.014430,0.100937,0.049291,-0.000035,-0.000186,-0.000103,0.001070,0.016383,-0.000795,0.016437,0.456629,6.992964,-0.339253,6.992964,107.092506,-5.195424,-0.339253,-5.195424,0.252048,-0.000000,-0.000000,107.801183,0.001070,0.016383,-0.000795,0.016437,0.455507,6.975774,-0.338419,6.975774,106.829257,-5.182653,-0.338419,-5.182653,0.251428,-0.000000,0.000000,107.536192,0.026103,0.083325,0.049809,0.026211,0.082939,0.049944,-0.000108,0.000386,-0.000134,0.001863,-0.011802,0.000120,0.011948,1.956599,-12.394384,0.126008,-12.394384,78.514182,-0.798218,0.126008,-0.798218,0.008115,-0.000000,0.000000,80.478896,0.001863,-0.011802,0.000120,0.011948,1.945361,-12.323198,0.125284,-12.323198,78.063241,-0.793633,0.125284,-0.793633,0.008069,-0.000000,0.000000,80.016671
2.3576,post_ramp,0.072,100.0000,4.029768,-1.375981,-1.271670,0.001534,-0.093573,1.274738,-2.064738,1.072253,-2.672195,1.584602,-2.406816,1.698117,-2.124563,0.023981,0.489552,0.023981,0.023981,0.023981,0.085271,0.023981,0.008762,0.023981,0.023981,0.023981,0.013567,0.023981,1.496942,-0.779151,1.050967,-0.001329,0.003119,0.000000,-0.003119,-0.004679,0.775041,0.947128,0.947128,0.651930,1.185534,1.185534,0.963438,1.104044,1.104044,1.032455,1.098533,1.098533,-0.010735,0.088725,-0.016117,0.003613,0.061050,-0.009209,-0.014348,0.027675,-0.006908,0.575546,-0.610847,1.047415,1.342187,21.205953,-22.506634,38.591928,-22.506634,23.887092,-40.958988,38.591928,-40.958988,70.232019,-0.000000,0.000000,115.325064,0.575546,-0.610847,1.047415,1.342187,15.037762,-15.960112,27.366665,-15.960112,16.939036,-29.045217,27.366665,-29.045217,49.803579,-0.000000,0.000000,81.780377,-0.016226,0.113457,0.071060,-0.015748,0.111331,0.067056,-0.000477,0.002126,0.004004,-0.036070,-0.327345,-0.178270,0.374481,0.987240,8.959451,4.879261,8.959451,81.309252,44.280512,4.879261,44.280512,24.114892,-0.000000,0.000000,106.411383,-0.036070,-0.327345,-0.178270,0.374481,1.034044,9.384210,5.110582,9.384210,85.164051,46.379812,5.110582,46.379812,25.258157,-0.000000,0.000000,111.456252,0.001552,0.107182,0.070104,0.001485,0.106208,0.069536,0.000066,0.000974,0.000568,-0.007597,-0.072510,-0.008444,0.073394,1.079737,10.305387,1.200027,10.305387,98.358193,11.453479,1.200027,11.453479,1.333719,-0.000000,0.000000,100.771649,-0.007597,-0.072510,-0.008444,0.073394,1.090299,10.406194,1.211766,10.406194,99.320330,11.565516,1.211766,11.565516,1.346765,-0.000000,0.000000,101.757395,0.014396,0.100751,0.049188,0.014430,0.100937,0.049291,-0.000035,-0.000186,-0.000103,0.001070,0.016383,-0.000795,0.016437,0.456629,6.992964,-0.339253,6.992964,107.092506,-5.195424,-0.339253,-5.195424,0.252048,-0.000000,-0.000000,107.801183,0.001070,0.016383,-0.000795,0.016437,0.455507,6.975774,-0.338419,6.975774,106.829255,-5.182653,-0.338419,-5.182653,0.251428,-0.000000,0.000000,107.536190,0.026103,0.083325,0.049809,0.026211,0.082939,0.049944,-0.000108,0.000386,-0.000134,0.001863,-0.011801,0.000120,0.011948,1.956599,-12.394384,0.126008,-12.394384,78.514182,-0.798218,0.126008,-0.798218,0.008115,-0.000000,0.000000,80.478896,0.001863,-0.011801,0.000120,0.011948,1.945361,-12.323197,0.125284,-12.323197,78.063236,-0.793633,0.125284,-0.793633,0.008069,-0.000000,0.000000,80.016666
2.3758,post_ramp,0.072,100.0000,4.029768,-1.356039,-1.271670,0.001534,-0.093573,1.283942,-2.064738,1.072253,-2.672195,1.584602,-2.406816,1.698117,-2.124563,0.023981,0.729909,0.023981,0.023981,0.023981,0.213241,0.023981,0.004656,0.023981,0.023981,0.023981,0.027285,0.023981,1.496942,-0.767859,1.050967,-0.001329,0.003119,0.000000,-0.003119,-0.004679,0.780637,0.947128,0.947128,0.651930,1.185534,1.185534,0.963438,1.104044,1.104044,1.032455,1.098533,1.098533,-0.010871,0.089079,-0.015533,0.003613,0.061050,-0.009209,-0.014484,0.028029,-0.006324,0.569252,-0.611989,1.024276,1.322013,21.391806,-22.997816,38.491100,-22.997816,24.724400,-41.380857,38.491100,-41.380857,69.258520,-0.000000,0.000000,115.374726,0.569252,-0.611989,1.024276,1.322013,15.103134,-16.237016,27.175651,-16.237016,17.456026,-29.215889,27.175651,-29.215889,48.898195,-0.000000,0.000000,81.457355,-0.016166,0.113395,0.070674,-0.015748,0.111331,0.067056,-0.000418,0.002063,0.003618,-0.033319,-0.299938,-0.161214,0.342145,1.009146,9.084333,4.882745,9.084333,81.777139,43.954451,4.882745,43.954451,23.625109,-0.000000,0.000000,106.411394,-0.033319,-0.299938,-0.161214,0.342145,1.051225,9.463128,5.086343,9.463128,85.187052,45.787248,5.086343,45.787248,24.610220,0.000000,0.000000,110.848497,0.001552,0.107182,0.070104,0.001485,0.106208,0.069536,0.000066,0.000974,0.000568,-0.007597,-0.072510,-0.008444,0.073394,1.079737,10.305387,1.200027,10.305387,98.358193,11.453479,1.200027,11.453479,1.333719,-0.000000,0.000000,100.771649,-0.007597,-0.072510,-0.008444,0.073394,1.090299,10.406194,1.211766,10.406194,99.320330,11.565516,1.211766,11.565516,1.346765,-0.000000,0.000000,101.757395,0.014396,0.100751,0.049188,0.014430,0.100937,0.049291,-0.000035,-0.000186,-0.000103,0.001070,0.016383,-0.000795,0.016437,0.456629,6.992964,-0.339253,6.992964,107.092506,-5.195424,-0.339253,-5.195424,0.252048,-0.000000,-0.000000,107.801183,0.001070,0.016383,-0.000795,0.016437,0.455507,6.975774,-0.338419,6.975774,106.829252,-5.182653,-0.338419,-5.182653,0.251428,-0.000000,0.000000,107.536187,0.026103,0.083325,0.049809,0.026211,0.082939,0.049944,-0.000108,0.000386,-0.000134,0.001863,-0.011801,0.000120,0.011947,1.956599,-12.394384,0.126008,-12.394384,78.514182,-0.798218,0.126008,-0.798218,0.008115,-0.000000,0.000000,80.478896,0.001863,-0.011801,0.000120,0.011947,1.945361,-12.323196,0.125284,-12.323196,78.063228,-0.793633,0.125284,-0.793633,0.008069,-0.000000,0.000000,80.016657
2.3940,post_ramp,0.072,100.0000,4.029768,-1.337631,-1.271670,0.001534,-0.093573,1.290078,-2.064738,1.073787,-2.672195,1.584602,-2.406816,1.699651,-2.124563,0.023981,0.882307,0.023981,0.023981,0.023981,0.336638,0.023981,0.007031,0.023981,0.023981,0.023981,0.028135,0.023981,1.496942,-0.757436,1.050967,-0.001329,0.003119,0.000000,-0.003119,-0.004679,0.784367,0.947128,0.947128,0.652862,1.185534,1.185534,0.963438,1.104044,1.104044,1.033388,1.098533,1.098533,-0.010997,0.089399,-0.014990,0.003613,0.061050,-0.009209,-0.014610,0.028349,-0.005781,0.563473,-0.612781,1.003171,1.303593,21.565193,-23.452285,38.393234,-23.452285,25.504509,-41.752887,38.393234,-41.752887,68.352757,-0.000000,0.000000,115.422460,0.563473,-0.612781,1.003171,1.303593,15.164497,-16.491488,26.997861,-16.491488,17.934598,-29.360346,26.997861,-29.360346,48.065195,-0.000000,0.000000,81.164290,-0.016126,0.113351,0.070416,-0.015748,0.111331,0.067056,-0.000378,0.002020,0.003360,-0.031448,-0.281580,-0.150020,0.320596,1.023882,9.167732,4.884368,9.167732,82.086931,43.734126,4.884368,43.734126,23.300588,-0.000000,0.000000,106.411401,-0.031448,-0.281580,-0.150020,0.320596,1.062659,9.514942,5.069354,9.514942,85.195812,45.390470,5.069354,45.390470,24.183052,-0.000000,0.000000,110.441523,0.001549,0.107172,0.070044,0.001485,0.106208,0.069536,0.000064,0.000964,0.000508,-0.007150,-0.068265,-0.007884,0.069090,1.079260,10.304252,1.190118,10.304252,98.380026,11.362676,1.190118,11.362676,1.312364,-0.000000,0.000000,100.771649,-0.007150,-0.068265,-0.007884,0.069090,1.088127,10.388913,1.199896,10.388913,99.188327,11.456033,1.199896,11.456033,1.323147,0.000000,0.000000,101.599601,0.014396,0.100751,0.049188,0.014430,0.100937,0.049291,-0.000035,-0.000186,-0.000103,0.001070,0.016383,-0.000795,0.016437,0.456629,6.992964,-0.339253,6.992964,107.092506,-5.195424,-0.339253,-5.195424,0.252048,-0.000000,0.000000,107.801183,0.001070,0.016383,-0.000795,0.016437,0.455507,6.975774,-0.338419,6.975774,106.829248,-5.182653,-0.338419,-5.182653,0.251428,-0.000000,0.000000,107.536183,0.026084,0.083304,0.049775,0.026211,0.082939,0.049944,-0.000126,0.000365,-0.000169,0.001430,-0.009033,0.000099,0.009146,1.968240,-12.430169,0.136491,-12.430169,78.501171,-0.861989,0.136491,-0.861989,0.009465,0.000000,0.000000,80.478876,0.001430,-0.009033,0.000099,0.009146,1.954312,-12.342214,0.135525,-12.342214,77.945702,-0.855890,0.135525,-0.855890,0.009398,-0.000000,0.000000,79.909412
2.4122,post_ramp,0.072,100.0000,4.029768,-1.325359,-1.271670,0.001534,-0.093573,1.290078,-2.064738,1.073787,-2.672195,1.584602,-2.406816,1.699651,-2.124563,0.023981,0.931776,0.023981,0.023981,0.023981,0.327938,0.023981,0.009709,0.023981,0.023981,0.023981,0.037425,0.023981,1.496942,-0.750487,1.050967,-0.001329,0.003119,0.000000,-0.003119,-0.004679,0.784367,0.947128,0.947128,0.652862,1.185534,1.185534,0.963438,1.104044,1.104044,1.033388,1.098533,1.098533,-0.011081,0.089610,-0.014626,0.003613,0.061050,-0.009209,-0.014694,0.028560,-0.005417,0.559637,-0.613172,0.989234,1.291417,21.681751,-23.755802,38.325389,-23.755802,26.028254,-41.991550,38.325389,-41.991550,67.745239,-0.000000,0.000000,115.455244,0.559637,-0.613172,0.989234,1.291417,15.205938,-16.660520,26.878524,-16.660520,18.254245,-29.449692,26.878524,-29.449692,47.511379,-0.000000,0.000000,80.971562,-0.016126,0.113351,0.070416,-0.015748,0.111331,0.067056,-0.000378,0.002020,0.003360,-0.031448,-0.281580,-0.150020,0.320596,1.023882,9.167732,4.884368,9.167732,82.086931,43.734126,4.884368,43.734126,23.300588,-0.000000,0.000000,106.411401,-0.031448,-0.281580,-0.150020,0.320596,1.062659,9.514942,5.069354,9.514942,85.195812,45.390470,5.069354,45.390470,24.183052,-0.000000,0.000000,110.441523,0.001549,0.107172,0.070044,0.001485,0.106208,0.069536,0.000064,0.000964,0.000508,-0.007150,-0.068265,-0.007884,0.069090,1.079260,10.304252,1.190118,10.304252,98.380026,11.362676,1.190118,11.362676,1.312364,-0.000000,0.000000,100.771649,-0.007150,-0.068265,-0.007884,0.069090,1.088127,10.388913,1.199896,10.388913,99.188327,11.456033,1.199896,11.456033,1.323147,0.000000,0.000000,101.599601,0.014396,0.100751,0.049188,0.014430,0.100937,0.049291,-0.000035,-0.000186,-0.000103,0.001070,0.016383,-0.000795,0.016437,0.456629,6.992964,-0.339253,6.992964,107.092506,-5.195424,-0.339253,-5.195424,0.252048,-0.000000,0.000000,107.801183,0.001070,0.016383,-0.000795,0.016437,0.455507,6.975774,-0.338419,6.975774,106.829248,-5.182653,-0.338419,-5.182653,0.251428,-0.000000,0.000000,107.536183,0.026084,0.083304,0.049775,0.026211,0.082939,0.049944,-0.000126,0.000365,-0.000169,0.001430,-0.009033,0.000099,0.009146,1.968240,-12.430169,0.136491,-12.430169,78.501171,-0.861989,0.136491,-0.861989,0.009465,0.000000,0.000000,80.478876,0.001430,-0.009033,0.000099,0.009146,1.954312,-12.342214,0.135525,-12.342214,77.945702,-0.855890,0.135525,-0.855890,0.009398,-0.000000,0.000000,79.909412
2.4303,post_ramp,0.072,100.0000,4.029768,-1.316156,-1.271670,0.001534,-0.093573,1.288544,-2.064738,1.073787,-2.672195,1.584602,-2.406816,1.698117,-2.124563,0.023981,0.864210,0.023981,0.023981,0.023981,0.207037,0.023981,0.016396,0.023981,0.023981,0.023981,0.028909,0.023981,1.496942,-0.745275,1.050967,-0.001329,0.003119,0.000000,-0.003119,-0.004679,0.783435,0.947128,0.947128,0.652862,1.185534,1.185534,0.963438,1.104044,1.104044,1.032455,1.098533,1.098533,-0.011144,0.089766,-0.014353,0.003613,0.061050,-0.009209,-0.014757,0.028716,-0.005144,0.556768,-0.613393,0.978851,1.282338,21.769674,-23.983709,38.273122,-23.983709,26.422917,-42.165602,38.273122,-42.165602,67.287726,-0.000000,0.000000,115.480317,0.556768,-0.613393,0.978851,1.282338,15.237292,-16.786966,26.788585,-16.786966,18.494247,-29.513056,26.788585,-29.513056,47.096836,-0.000000,0.000000,80.828375,-0.016136,0.113362,0.070480,-0.015748,0.111331,0.067056,-0.000388,0.002031,0.003425,-0.031918,-0.286176,-0.152805,0.325983,1.020188,9.146872,4.884015,9.146872,82.009644,43.789428,4.884015,43.789428,23.381567,-0.000000,-0.000000,106.411399,-0.031918,-0.286176,-0.152805,0.325983,1.059803,9.502049,5.073663,9.502049,85.194115,45.489791,5.073663,45.489791,24.289483,-0.000000,0.000000,110.543401,0.001549,0.107172,0.070044,0.001485,0.106208,0.069536,0.000064,0.000964,0.000508,-0.007150,-0.068265,-0.007884,0.069090,1.079260,10.304252,1.190118,10.304252,98.380026,11.362676,1.190118,11.362676,1.312364,-0.000000,0.000000,100.771649,-0.007150,-0.068265,-0.007884,0.069090,1.088127,10.388913,1.199896,10.388913,99.188327,11.456033,1.199896,11.456033,1.323147,0.000000,0.000000,101.599601,0.014396,0.100751,0.049188,0.014430,0.100937,0.049291,-0.000035,-0.000186,-0.000103,0.001070,0.016383,-0.000795,0.016437,0.456629,6.992964,-0.339253,6.992964,107.092506,-5.195424,-0.339253,-5.195424,0.252048,-0.000000,0.000000,107.801183,0.001070,0.016383,-0.000795,0.016437,0.455507,6.975774,-0.338419,6.975774,106.829250,-5.182653,-0.338419,-5.182653,0.251428,-0.000000,0.000000,107.536185,0.026103,0.083325,0.049809,0.026211,0.082939,0.049944,-0.000108,0.000386,-0.000134,0.001863,-0.011800,0.000120,0.011947,1.956599,-12.394384,0.126008,-12.394384,78.514182,-0.798218,0.126008,-0.798218,0.008115,0.000000,0.000000,80.478896,0.001863,-0.011800,0.000120,0.011947,1.945361,-12.323195,0.125284,-12.323195,78.063224,-0.793633,0.125284,-0.793633,0.008069,-0.000000,0.000000,80.016653
2.4492,post_ramp,0.072,100.0000,4.029768,-1.314622,-1.271670,0.001534,-0.093573,1.285476,-2.064738,1.073787,-2.672195,1.584602,-2.406816,1.698117,-2.124563,0.023981,0.680136,0.023981,0.023981,0.023981,0.081648,0.023981,0.019950,0.023981,0.023981,0.023981,0.004127,0.023981,1.496942,-0.744406,1.050967,-0.001329,0.003119,0.000000,-0.003119,-0.004679,0.781569,0.947128,0.947128,0.652862,1.185534,1.185534,0.963438,1.104044,1.104044,1.032455,1.098533,1.098533,-0.011154,0.089792,-0.014307,0.003613,0.061050,-0.009209,-0.014768,0.028742,-0.005098,0.556291,-0.613424,0.977126,1.280829,21.784369,-24.021715,38.264295,-24.021715,26.488846,-42.194197,38.264295,-42.194197,67.211320,-0.000000,0.000000,115.484535,0.556291,-0.613424,0.977126,1.280829,15.242541,-16.808013,26.773558,-16.808013,18.534266,-29.523314,26.773558,-29.523314,47.027815,-0.000000,0.000000,80.804622,-0.016156,0.113384,0.070609,-0.015748,0.111331,0.067056,-0.000408,0.002053,0.003554,-0.032854,-0.295355,-0.158402,0.336757,1.012820,9.105172,4.883203,9.105172,81.854748,43.899591,4.883203,43.899591,23.543828,0.000000,0.000000,106.411396,-0.032854,-0.295355,-0.158402,0.336757,1.054086,9.476142,5.082158,9.476142,85.189735,45.688181,5.082158,45.688181,24.503068,-0.000000,0.000000,110.746888,0.001549,0.107172,0.070044,0.001485,0.106208,0.069536,0.000064,0.000964,0.000508,-0.007150,-0.068265,-0.007884,0.069090,1.079260,10.304252,1.190118,10.304252,98.380026,11.362676,1.190118,11.362676,1.312364,-0.000000,0.000000,100.771649,-0.007150,-0.068265,-0.007884,0.069090,1.088127,10.388913,1.199896,10.388913,99.188327,11.456033,1.199896,11.456033,1.323147,0.000000,0.000000,101.599601,0.014396,0.100751,0.049188,0.014430,0.100937,0.049291,-0.000035,-0.000186,-0.000103,0.001070,0.016383,-0.000795,0.016437,0.456629,6.992964,-0.339253,6.992964,107.092506,-5.195424,-0.339253,-5.195424,0.252048,-0.000000,0.000000,107.801183,0.001070,0.016383,-0.000795,0.016437,0.455507,6.975774,-0.338419,6.975774,106.829251,-5.182653,-0.338419,-5.182653,0.251428,-0.000000,0.000000,107.536186,0.026103,0.083325,0.049809,0.026211,0.082939,0.049944,-0.000108,0.000386,-0.000134,0.001863,-0.011801,0.000120,0.011947,1.956599,-12.394384,0.126008,-12.394384,78.514182,-0.798218,0.126008,-0.798218,0.008115,-0.000000,0.000000,80.478896,0.001863,-0.011801,0.000120,0.011947,1.945361,-12.323196,0.125284,-12.323196,78.063227,-0.793633,0.125284,-0.793633,0.008069,-0.000000,0.000000,80.016656
2.4667,post_ramp,0.072,100.0000,4.029768,-1.316156,-1.271670,0.001534,-0.093573,1.282408,-2.064738,1.073787,-2.672195,1.584602,-2.406816,1.696583,-2.124563,0.023981,0.424409,0.023981,0.023981,0.023981,-0.012200,0.023981,0.021839,0.023981,0.023981,0.023981,-0.020280,0.023981,1.496942,-0.745275,1.050967,-0.001329,0.003119,0.000000,-0.003119,-0.004679,0.779704,0.947128,0.947128,0.652862,1.185534,1.185534,0.963438,1.104044,1.104044,1.031522,1.098533,1.098533,-0.011144,0.089766,-0.014353,0.003613,0.061050,-0.009209,-0.014757,0.028716,-0.005144,0.556768,-0.613393,0.978851,1.282338,21.769674,-23.983709,38.273122,-23.983709,26.422917,-42.165602,38.273122,-42.165602,67.287726,-0.000000,0.000000,115.480317,0.556768,-0.613393,0.978851,1.282338,15.237292,-16.786966,26.788585,-16.786966,18.494247,-29.513056,26.788585,-29.513056,47.096836,-0.000000,0.000000,80.828375,-0.016176,0.113405,0.070738,-0.015748,0.111331,0.067056,-0.000427,0.002074,0.003682,-0.033782,-0.304517,-0.164035,0.347533,1.005479,9.063501,4.882251,9.063501,81.699423,44.009165,4.882251,44.009165,23.706490,-0.000000,-0.000000,106.411392,-0.033782,-0.304517,-0.164035,0.347533,1.048364,9.450075,5.090487,9.450075,85.184039,45.886229,5.090487,45.886229,24.717612,0.000000,0.000000,110.950015,0.001549,0.107172,0.070044,0.001485,0.106208,0.069536,0.000064,0.000964,0.000508,-0.007150,-0.068265,-0.007884,0.069090,1.079260,10.304252,1.190118,10.304252,98.380026,11.362676,1.190118,11.362676,1.312364,-0.000000,0.000000,100.771649,-0.007150,-0.068265,-0.007884,0.069090,1.088127,10.388913,1.199896,10.388913,99.188327,11.456033,1.199896,11.456033,1.323147,0.000000,0.000000,101.599601,0.014396,0.100751,0.049188,0.014430,0.100937,0.049291,-0.000035,-0.000186,-0.000103,0.001070,0.016383,-0.000795,0.016437,0.456629,6.992964,-0.339253,6.992964,107.092506,-5.195424,-0.339253,-5.195424,0.252048,-0.000000,0.000000,107.801183,0.001070,0.016383,-0.000795,0.016437,0.455507,6.975774,-0.338419,6.975774,106.829254,-5.182653,-0.338419,-5.182653,0.251428,-0.000000,0.000000,107.536189,0.026121,0.083347,0.049844,0.026211,0.082939,0.049944,-0.000089,0.000408,-0.000100,0.002293,-0.014570,0.000136,0.014750,1.944991,-12.358575,0.115585,-12.358575,78.527057,-0.734432,0.115585,-0.734432,0.006869,-0.000000,0.000000,80.478917,0.002293,-0.014570,0.000136,0.014750,1.936409,-12.304049,0.115075,-12.304049,78.180596,-0.731191,0.115075,-0.731191,0.006839,-0.000000,0.000000,80.123844
2.4849,post_ramp,0.072,100.0000,4.029768,-1.317689,-1.271670,0.001534,-0.093573,1.279340,-2.064738,1.073787,-2.672195,1.584602,-2.406816,1.696583,-2.124563,0.023981,0.218899,0.023981,0.023981,0.023981,-0.078243,0.023981,0.018286,0.023981,0.023981,0.023981,-0.030852,0.023981,1.496942,-0.746144,1.050967,-0.001329,0.003119,0.000000,-0.003119,-0.004679,0.777839,0.947128,0.947128,0.652862,1.185534,1.185534,0.963438,1.104044,1.104044,1.031522,1.098533,1.098533,-0.011134,0.089740,-0.014398,0.003613,0.061050,-0.009209,-0.014747,0.028690,-0.005189,0.557246,-0.613360,0.980577,1.283848,21.754990,-23.945709,38.281916,-23.945709,26.357032,-42.136889,38.281916,-42.136889,67.364088,-0.000000,0.000000,115.476110,0.557246,-0.613360,0.980577,1.283848,15.232051,-16.765912,26.803601,-16.765912,18.454232,-29.502712,26.803601,-29.502712,47.165877,-0.000000,0.000000,80.852159,-0.016196,0.113426,0.070867,-0.015748,0.111331,0.067056,-0.000447,0.002095,0.003811,-0.034703,-0.313661,-0.169702,0.358311,0.998164,9.021859,4.881160,9.021859,81.543672,44.118148,4.881160,44.118148,23.869553,-0.000000,0.000000,106.411389,-0.034703,-0.313661,-0.169702,0.358311,1.042639,9.423848,5.098651,9.423848,85.177029,46.083929,5.098651,46.083929,24.933113,-0.000000,-0.000000,111.152781,0.001549,0.107172,0.070044,0.001485,0.106208,0.069536,0.000064,0.000964,0.000508,-0.007150,-0.068265,-0.007884,0.069090,1.079260,10.304252,1.190118,10.304252,98.380026,11.362676,1.190118,11.362676,1.312364,-0.000000,0.000000,100.771649,-0.007150,-0.068265,-0.007884,0.069090,1.088127,10.388913,1.199896,10.388913,99.188327,11.456033,1.199896,11.456033,1.323147,0.000000,0.000000,101.599601,0.014396,0.100751,0.049188,0.014430,0.100937,0.049291,-0.000035,-0.000186,-0.000103,0.001070,0.016383,-0.000795,0.016437,0.456629,6.992964,-0.339253,6.992964,107.092506,-5.195424,-0.339253,-5.195424,0.252048,-0.000000,0.000000,107.801183,0.001070,0.016383,-0.000795,0.016437,0.455507,6.975774,-0.338419,6.975774,106.829255,-5.182653,-0.338419,-5.182653,0.251428,0.000000,0.000000,107.536190,0.026121,0.083347,0.049844,0.026211,0.082939,0.049944,-0.000089,0.000408,-0.000100,0.002293,-0.014570,0.000136,0.014750,1.944991,-12.358575,0.115585,-12.358575,78.527057,-0.734432,0.115585,-0.734432,0.006869,-0.000000,0.000000,80.478917,0.002293,-0.014570,0.000136,0.014750,1.936409,-12.304050,0.115075,-12.304050,78.180598,-0.731191,0.115075,-0.731191,0.006839,-0.000000,0.000000,80.123846
2.5030,post_ramp,0.072,100.0000,4.029768,-1.319223,-1.271670,0.001534,-0.093573,1.279340,-2.064738,1.073787,-2.672195,1.584602,-2.406816,1.696583,-2.124563,0.023981,0.089303,0.023981,0.023981,0.023981,-0.103462,0.023981,0.009718,0.023981,0.023981,0.023981,-0.016396,0.023981,1.496942,-0.747012,1.050967,-0.001329,0.003119,0.000000,-0.003119,-0.004679,0.777839,0.947128,0.947128,0.652862,1.185534,1.185534,0.963438,1.104044,1.104044,1.031522,1.098533,1.098533,-0.011123,0.089714,-0.014444,0.003613,0.061050,-0.009209,-0.014736,0.028664,-0.005235,0.557724,-0.613326,0.982305,1.285359,21.740319,-23.907715,38.290677,-23.907715,26.291189,-42.108057,38.290677,-42.108057,67.440406,-0.000000,0.000000,115.471914,0.557724,-0.613326,0.982305,1.285359,15.226815,-16.744849,26.818607,-16.744849,18.414223,-29.492282,26.818607,-29.492282,47.234938,-0.000000,-0.000000,80.875976,-0.016196,0.113426,0.070867,-0.015748,0.111331,0.067056,-0.000447,0.002095,0.003811,-0.034703,-0.313661,-0.169702,0.358311,0.998164,9.021859,4.881160,9.021859,81.543672,44.118148,4.881160,44.118148,23.869553,-0.000000,0.000000,106.411389,-0.034703,-0.313661,-0.169702,0.358311,1.042639,9.423848,5.098651,9.423848,85.177029,46.083929,5.098651,46.083929,24.933113,-0.000000,-0.000000,111.152781,0.001549,0.107172,0.070044,0.001485,0.106208,0.069536,0.000064,0.000964,0.000508,-0.007150,-0.068265,-0.007884,0.069090,1.079260,10.304252,1.190118,10.304252,98.380026,11.362676,1.190118,11.362676,1.312364,-0.000000,0.000000,100.771649,-0.007150,-0.068265,-0.007884,0.069090,1.088127,10.388913,1.199896,10.388913,99.188327,11.456033,1.199896,11.456033,1.323147,0.000000,0.000000,101.599601,0.014396,0.100751,0.049188,0.014430,0.100937,0.049291,-0.000035,-0.000186,-0.000103,0.001070,0.016383,-0.000795,0.016437,0.456629,6.992964,-0.339253,6.992964,107.092506,-5.195424,-0.339253,-5.195424,0.252048,-0.000000,0.000000,107.801183,0.001070,0.016383,-0.000795,0.016437,0.455507,6.975774,-0.338419,6.975774,106.829255,-5.182653,-0.338419,-5.182653,0.251428,0.000000,0.000000,107.536190,0.026121,0.083347,0.049844,0.026211,0.082939,0.049944,-0.000089,0.000408,-0.000100,0.002293,-0.014570,0.000136,0.014750,1.944991,-12.358575,0.115585,-12.358575,78.527057,-0.734432,0.115585,-0.734432,0.006869,-0.000000,0.000000,80.478917,0.002293,-0.014570,0.000136,0.014750,1.936409,-12.304050,0.115075,-12.304050,78.180598,-0.731191,0.115075,-0.731191,0.006839,-0.000000,0.000000,80.123846
2.5213,post_ramp,0.072,100.0000,4.029768,-1.319223,-1.271670,0.001534,-0.093573,1.280874,-2.064738,1.073787,-2.672195,1.584602,-2.406816,1.696583,-2.124563,0.023981,0.015001,0.023981,0.023981,0.023981,-0.051508,0.023981,0.004648,0.023981,0.023981,0.023981,0.001978,0.023981,1.496942,-0.747012,1.050967,-0.001329,0.003119,0.000000,-0.003119,-0.004679,0.778771,0.947128,0.947128,0.652862,1.185534,1.185534,0.963438,1.104044,1.104044,1.031522,1.098533,1.098533,-0.011123,0.089714,-0.014444,0.003613,0.061050,-0.009209,-0.014736,0.028664,-0.005235,0.557724,-0.613326,0.982305,1.285359,21.740319,-23.907715,38.290677,-23.907715,26.291189,-42.108057,38.290677,-42.108057,67.440406,-0.000000,0.000000,115.471914,0.557724,-0.613326,0.982305,1.285359,15.226815,-16.744849,26.818607,-16.744849,18.414223,-29.492282,26.818607,-29.492282,47.234938,-0.000000,-0.000000,80.875976,-0.016186,0.113416,0.070802,-0.015748,0.111331,0.067056,-0.000437,0.002085,0.003747,-0.034244,-0.309091,-0.166864,0.352921,1.001818,9.042676,4.881723,9.042676,81.621601,44.063730,4.881723,44.063730,23.787972,0.000000,0.000000,106.411391,-0.034244,-0.309091,-0.166864,0.352921,1.045502,9.436981,5.094590,9.436981,85.180699,45.985123,5.094590,45.985123,24.825243,-0.000000,0.000000,111.051443,0.001549,0.107172,0.070044,0.001485,0.106208,0.069536,0.000064,0.000964,0.000508,-0.007150,-0.068265,-0.007884,0.069090,1.079260,10.304252,1.190118,10.304252,98.380026,11.362676,1.190118,11.362676,1.312364,-0.000000,0.000000,100.771649,-0.007150,-0.068265,-0.007884,0.069090,1.088127,10.388913,1.199896,10.388913,99.188327,11.456033,1.199896,11.456033,1.323147,0.000000,0.000000,101.599601,0.014396,0.100751,0.049188,0.014430,0.100937,0.049291,-0.000035,-0.000186,-0.000103,0.001070,0.016383,-0.000795,0.016437,0.456629,6.992964,-0.339253,6.992964,107.092506,-5.195424,-0.339253,-5.195424,0.252048,-0.000000,0.000000,107.801183,0.001070,0.016383,-0.000795,0.016437,0.455507,6.975774,-0.338419,6.975774,106.829255,-5.182653,-0.338419,-5.182653,0.251428,0.000000,0.000000,107.536189,0.026121,0.083347,0.049844,0.026211,0.082939,0.049944,-0.000089,0.000408,-0.000100,0.002293,-0.014570,0.000136,0.014750,1.944991,-12.358575,0.115585,-12.358575,78.527057,-0.734432,0.115585,-0.734432,0.006869,-0.000000,0.000000,80.478917,0.002293,-0.014570,0.000136,0.014750,1.936409,-12.304049,0.115075,-12.304049,78.180597,-0.731191,0.115075,-0.731191,0.006839,-0.000000,0.000000,80.123845
2.5394,post_ramp,0.072,100.0000,4.029768,-1.320757,-1.271670,0.001534,-0.093573,1.279340,-2.064738,1.073787,-2.672195,1.584602,-2.406816,1.696583,-2.124563,0.023981,-0.003264,0.023981,0.023981,0.023981,-0.018535,0.023981,0.013707,0.023981,0.023981,0.023981,0.012288,0.023981,1.496942,-0.747881,1.050967,-0.001329,0.003119,0.000000,-0.003119,-0.004679,0.777839,0.947128,0.947128,0.652862,1.185534,1.185534,0.963438,1.104044,1.104044,1.031522,1.098533,1.098533,-0.011113,0.089688,-0.014490,0.003613,0.061050,-0.009209,-0.014726,0.028638,-0.005281,0.558202,-0.613290,0.984035,1.286872,21.725659,-23.869727,38.299404,-23.869727,26.225390,-42.079107,38.299404,-42.079107,67.516680,-0.000000,0.000000,115.467729,0.558202,-0.613290,0.984035,1.286872,15.221586,-16.723779,26.833602,-16.723779,18.374220,-29.481764,26.833602,-29.481764,47.304018,-0.000000,0.000000,80.899824,-0.016196,0.113426,0.070867,-0.015748,0.111331,0.067056,-0.000447,0.002095,0.003811,-0.034703,-0.313661,-0.169702,0.358311,0.998164,9.021859,4.881160,9.021859,81.543672,44.118148,4.881160,44.118148,23.869553,-0.000000,0.000000,106.411389,-0.034703,-0.313661,-0.169702,0.358311,1.042639,9.423848,5.098651,9.423848,85.177029,46.083929,5.098651,46.083929,24.933113,-0.000000,-0.000000,111.152781,0.001549,0.107172,0.070044,0.001485,0.106208,0.069536,0.000064,0.000964,0.000508,-0.007150,-0.068265,-0.007884,0.069090,1.079260,10.304252,1.190118,10.304252,98.380026,11.362676,1.190118,11.362676,1.312364,-0.000000,0.000000,100.771649,-0.007150,-0.068265,-0.007884,0.069090,1.088127,10.388913,1.199896,10.388913,99.188327,11.456033,1.199896,11.456033,1.323147,0.000000,0.000000,101.599601,0.014396,0.100751,0.049188,0.014430,0.100937,0.049291,-0.000035,-0.000186,-0.000103,0.001070,0.016383,-0.000795,0.016437,0.456629,6.992964,-0.339253,6.992964,107.092506,-5.195424,-0.339253,-5.195424,0.252048,-0.000000,0.000000,107.801183,0.001070,0.016383,-0.000795,0.016437,0.455507,6.975774,-0.338419,6.975774,106.829255,-5.182653,-0.338419,-5.182653,0.251428,0.000000,0.000000,107.536190,0.026121,0.083347,0.049844,0.026211,0.082939,0.049944,-0.000089,0.000408,-0.000100,0.002293,-0.014570,0.000136,0.014750,1.944991,-12.358575,0.115585,-12.358575,78.527057,-0.734432,0.115585,-0.734432,0.006869,-0.000000,0.000000,80.478917,0.002293,-0.014570,0.000136,0.014750,1.936409,-12.304050,0.115075,-12.304050,78.180598,-0.731191,0.115075,-0.731191,0.006839,-0.000000,0.000000,80.123846
2.5576,post_ramp,0.072,100.0000,4.029768,-1.319223,-1.271670,0.001534,-0.093573,1.279340,-2.064738,1.073787,-2.672195,1.584602,-2.406816,1.698117,-2.124563,0.023981,-0.008415,0.023981,0.023981,0.023981,-0.021087,0.023981,0.018521,0.023981,0.023981,0.023981,0.022692,0.023981,1.496942,-0.747012,1.050967,-0.001329,0.003119,0.000000,-0.003119,-0.004679,0.777839,0.947128,0.947128,0.652862,1.185534,1.185534,0.963438,1.104044,1.104044,1.032455,1.098533,1.098533,-0.011123,0.089714,-0.014444,0.003613,0.061050,-0.009209,-0.014736,0.028664,-0.005235,0.557724,-0.613326,0.982305,1.285359,21.740319,-23.907715,38.290677,-23.907715,26.291189,-42.108057,38.290677,-42.108057,67.440406,-0.000000,0.000000,115.471914,0.557724,-0.613326,0.982305,1.285359,15.226815,-16.744849,26.818607,-16.744849,18.414223,-29.492282,26.818607,-29.492282,47.234938,-0.000000,-0.000000,80.875976,-0.016196,0.113426,0.070867,-0.015748,0.111331,0.067056,-0.000447,0.002095,0.003811,-0.034703,-0.313661,-0.169702,0.358311,0.998164,9.021859,4.881160,9.021859,81.543672,44.118148,4.881160,44.118148,23.869553,-0.000000,0.000000,106.411389,-0.034703,-0.313661,-0.169702,0.358311,1.042639,9.423848,5.098651,9.423848,85.177029,46.083929,5.098651,46.083929,24.933113,-0.000000,0.000000,111.152781,0.001549,0.107172,0.070044,0.001485,0.106208,0.069536,0.000064,0.000964,0.000508,-0.007150,-0.068265,-0.007884,0.069090,1.079260,10.304252,1.190118,10.304252,98.380026,11.362676,1.190118,11.362676,1.312364,-0.000000,0.000000,100.771649,-0.007150,-0.068265,-0.007884,0.069090,1.088127,10.388913,1.199896,10.388913,99.188327,11.456033,1.199896,11.456033,1.323147,0.000000,0.000000,101.599601,0.014396,0.100751,0.049188,0.014430,0.100937,0.049291,-0.000035,-0.000186,-0.000103,0.001070,0.016383,-0.000795,0.016437,0.456629,6.992964,-0.339253,6.992964,107.092506,-5.195424,-0.339253,-5.195424,0.252048,-0.000000,0.000000,107.801183,0.001070,0.016383,-0.000795,0.016437,0.455507,6.975774,-0.338419,6.975774,106.829253,-5.182653,-0.338419,-5.182653,0.251428,-0.000000,0.000000,107.536188,0.026103,0.083325,0.049809,0.026211,0.082939,0.049944,-0.000108,0.000386,-0.000134,0.001863,-0.011801,0.000120,0.011948,1.956599,-12.394384,0.126008,-12.394384,78.514182,-0.798218,0.126008,-0.798218,0.008115,0.000000,0.000000,80.478896,0.001863,-0.011801,0.000120,0.011948,1.945361,-12.323196,0.125284,-12.323196,78.063232,-0.793633,0.125284,-0.793633,0.008069,0.000000,0.000000,80.016661
2.5758,post_ramp,0.072,100.0000,4.029768,-1.314622,-1.271670,0.001534,-0.093573,1.279340,-2.064738,1.073787,-2.672195,1.584602,-2.406816,1.702719,-2.124563,0.023981,0.042841,0.023981,0.023981,0.023981,-0.012622,0.023981,0.016523,0.023981,0.023981,0.023981,0.069042,0.023981,1.496942,-0.744406,1.050967,-0.001329,0.003119,0.000000,-0.003119,-0.004679,0.777839,0.947128,0.947128,0.652862,1.185534,1.185534,0.963438,1.104044,1.104044,1.035253,1.098533,1.098533,-0.011154,0.089792,-0.014307,0.003613,0.061050,-0.009209,-0.014768,0.028742,-0.005098,0.556291,-0.613424,0.977126,1.280829,21.784369,-24.021715,38.264295,-24.021715,26.488846,-42.194197,38.264295,-42.194197,67.211320,-0.000000,0.000000,115.484535,0.556291,-0.613424,0.977126,1.280829,15.242541,-16.808013,26.773558,-16.808013,18.534266,-29.523314,26.773558,-29.523314,47.027815,-0.000000,0.000000,80.804622,-0.016196,0.113426,0.070867,-0.015748,0.111331,0.067056,-0.000447,0.002095,0.003811,-0.034703,-0.313661,-0.169702,0.358311,0.998164,9.021859,4.881160,9.021859,81.543672,44.118148,4.881160,44.118148,23.869553,-0.000000,0.000000,106.411389,-0.034703,-0.313661,-0.169702,0.358311,1.042639,9.423847,5.098651,9.423847,85.177029,46.083929,5.098651,46.083929,24.933113,-0.000000,0.000000,111.152781,0.001549,0.107172,0.070044,0.001485,0.106208,0.069536,0.000064,0.000964,0.000508,-0.007150,-0.068265,-0.007884,0.069090,1.079260,10.304252,1.190118,10.304252,98.380026,11.362676,1.190118,11.362676,1.312364,-0.000000,0.000000,100.771649,-0.007150,-0.068265,-0.007884,0.069090,1.088127,10.388913,1.199896,10.388913,99.188327,11.456033,1.199896,11.456033,1.323147,0.000000,0.000000,101.599601,0.014396,0.100751,0.049188,0.014430,0.100937,0.049291,-0.000035,-0.000186,-0.000103,0.001070,0.016383,-0.000795,0.016437,0.456629,6.992964,-0.339253,6.992964,107.092506,-5.195424,-0.339253,-5.195424,0.252048,-0.000000,-0.000000,107.801183,0.001070,0.016383,-0.000795,0.016437,0.455507,6.975774,-0.338419,6.975774,106.829248,-5.182653,-0.338419,-5.182653,0.251428,-0.000000,-0.000000,107.536183,0.026047,0.083260,0.049706,0.026211,0.082939,0.049944,-0.000164,0.000321,-0.000238,0.000558,-0.003502,0.000044,0.003546,1.991618,-12.501668,0.157634,-12.501668,78.474740,-0.989490,0.157634,-0.989490,0.012476,-0.000000,0.000000,80.478835,0.000558,-0.003502,0.000044,0.003546,1.972215,-12.379871,0.156098,-12.379871,77.710208,-0.979850,0.156098,-0.979850,0.012355,-0.000000,-0.000000,79.694778
2.5940,post_ramp,0.072,100.0000,4.029768,-1.306952,-1.271670,0.001534,-0.093573,1.283942,-2.064738,1.073787,-2.672195,1.584602,-2.406816,1.702719,-2.124563,0.023981,0.154000,0.023981,0.023981,0.023981,0.031493,0.023981,0.008781,0.023981,0.023981,0.023981,0.110791,0.023981,1.496942,-0.740063,1.050967,-0.001329,0.003119,0.000000,-0.003119,-0.004679,0.780637,0.947128,0.947128,0.652862,1.185534,1.185534,0.963438,1.104044,1.104044,1.035253,1.098533,1.098533,-0.011207,0.089921,-0.014078,0.003613,0.061050,-0.009209,-0.014820,0.028871,-0.004869,0.553906,-0.613554,0.968527,1.273305,21.858026,-24.211837,38.219658,-24.211837,26.819123,-42.335395,38.219658,-42.335395,66.828646,-0.000000,0.000000,115.505794,0.553906,-0.613554,0.968527,1.273305,15.268878,-16.913129,26.698263,-16.913129,18.734443,-29.573302,26.698263,-29.573302,46.683012,-0.000000,0.000000,80.686333,-0.016166,0.113395,0.070674,-0.015748,0.111331,0.067056,-0.000418,0.002063,0.003618,-0.033319,-0.299938,-0.161214,0.342144,1.009146,9.084333,4.882745,9.084333,81.777139,43.954451,4.882745,43.954451,23.625109,-0.000000,-0.000000,106.411394,-0.033319,-0.299938,-0.161214,0.342144,1.051225,9.463128,5.086343,9.463128,85.187051,45.787248,5.086343,45.787248,24.610220,0.000000,0.000000,110.848496,0.001549,0.107172,0.070044,0.001485,0.106208,0.069536,0.000064,0.000964,0.000508,-0.007150,-0.068265,-0.007884,0.069090,1.079260,10.304252,1.190118,10.304252,98.380026,11.362676,1.190118,11.362676,1.312364,-0.000000,0.000000,100.771649,-0.007150,-0.068265,-0.007884,0.069090,1.088127,10.388913,1.199896,10.388913,99.188327,11.456033,1.199896,11.456033,1.323147,0.000000,0.000000,101.599601,0.014396,0.100751,0.049188,0.014430,0.100937,0.049291,-0.000035,-0.000186,-0.000103,0.001070,0.016383,-0.000795,0.016437,0.456629,6.992964,-0.339253,6.992964,107.092506,-5.195424,-0.339253,-5.195424,0.252048,-0.000000,0.000000,107.801183,0.001070,0.016383,-0.000795,0.016437,0.455507,6.975774,-0.338419,6.975774,106.829247,-5.182653,-0.338419,-5.182653,0.251428,-0.000000,0.000000,107.536182,0.026047,0.083260,0.049706,0.026211,0.082939,0.049944,-0.000164,0.000321,-0.000238,0.000558,-0.003501,0.000044,0.003546,1.991618,-12.501668,0.157634,-12.501668,78.474740,-0.989490,0.157634,-0.989490,0.012476,-0.000000,0.000000,80.478834,0.000558,-0.003501,0.000044,0.003546,1.972215,-12.379871,0.156098,-12.379871,77.710204,-0.979850,0.156098,-0.979850,0.012355,-0.000000,0.000000,79.694774
2.6121,post_ramp,0.072,100.0000,4.029768,-1.302350,-1.271670,0.001534,-0.093573,1.290078,-2.064738,1.073787,-2.672195,1.584602,-2.406816,1.702719,-2.124563,0.023981,0.256237,0.023981,0.023981,0.023981,0.115676,0.023981,0.012914,0.023981,0.023981,0.023981,0.094185,0.023981,1.496942,-0.737457,1.050967,-0.001329,0.003119,0.000000,-0.003119,-0.004679,0.784367,0.947128,0.947128,0.652862,1.185534,1.185534,0.963438,1.104044,1.104044,1.035253,1.098533,1.098533,-0.011238,0.089998,-0.013941,0.003613,0.061050,-0.009209,-0.014852,0.028948,-0.004732,0.552477,-0.613612,0.963387,1.268805,21.902362,-24.325982,38.192474,-24.325982,27.017790,-42.418688,38.192474,-42.418688,66.598529,-0.000000,0.000000,115.518681,0.552477,-0.613612,0.963387,1.268805,15.284757,-16.976102,26.652956,-16.976102,18.854604,-29.602257,26.652956,-29.602257,46.476374,-0.000000,0.000000,80.615735,-0.016126,0.113351,0.070416,-0.015748,0.111331,0.067056,-0.000378,0.002020,0.003360,-0.031448,-0.281580,-0.150020,0.320596,1.023882,9.167732,4.884368,9.167732,82.086931,43.734126,4.884368,43.734126,23.300588,-0.000000,0.000000,106.411401,-0.031448,-0.281580,-0.150020,0.320596,1.062659,9.514942,5.069354,9.514942,85.195812,45.390469,5.069354,45.390469,24.183052,-0.000000,-0.000000,110.441523,0.001549,0.107172,0.070044,0.001485,0.106208,0.069536,0.000064,0.000964,0.000508,-0.007150,-0.068265,-0.007884,0.069090,1.079260,10.304252,1.190118,10.304252,98.380026,11.362676,1.190118,11.362676,1.312364,-0.000000,0.000000,100.771649,-0.007150,-0.068265,-0.007884,0.069090,1.088127,10.388913,1.199896,10.388913,99.188327,11.456033,1.199896,11.456033,1.323147,0.000000,0.000000,101.599601,0.014396,0.100751,0.049188,0.014430,0.100937,0.049291,-0.000035,-0.000186,-0.000103,0.001070,0.016383,-0.000795,0.016438,0.456629,6.992964,-0.339253,6.992964,107.092506,-5.195424,-0.339253,-5.195424,0.252048,-0.000000,-0.000000,107.801183,0.001070,0.016383,-0.000795,0.016438,0.455507,6.975774,-0.338419,6.975774,106.829245,-5.182653,-0.338419,-5.182653,0.251428,-0.000000,0.000000,107.536179,0.026047,0.083260,0.049706,0.026211,0.082939,0.049944,-0.000164,0.000321,-0.000238,0.000558,-0.003501,0.000044,0.003545,1.991618,-12.501668,0.157634,-12.501668,78.474740,-0.989490,0.157634,-0.989490,0.012476,-0.000000,0.000000,80.478834,0.000558,-0.003501,0.000044,0.003545,1.972215,-12.379870,0.156098,-12.379870,77.710199,-0.979850,0.156098,-0.979850,0.012355,-0.000000,0.000000,79.694768
2.6303,post_ramp,0.072,100.0000,4.029768,-1.303884,-1.271670,0.001534,-0.093573,1.294680,-2.064738,1.073787,-2.672195,1.584602,-2.406816,1.701185,-2.124563,0.023981,0.246763,0.023981,0.023981,0.023981,0.208900,0.023981,0.011600,0.023981,0.023981,0.023981,0.044971,0.023981,1.496942,-0.738326,1.050967,-0.001329,0.003119,0.000000,-0.003119,-0.004679,0.787165,0.947128,0.947128,0.652862,1.185534,1.185534,0.963438,1.104044,1.104044,1.034320,1.098533,1.098533,-0.011228,0.089972,-0.013986,0.003613,0.061050,-0.009209,-0.014841,0.028922,-0.004778,0.552953,-0.613594,0.965099,1.270303,21.887571,-24.287928,38.201569,-24.287928,26.951526,-42.391042,38.201569,-42.391042,66.675277,-0.000000,0.000000,115.514374,0.552953,-0.613594,0.965099,1.270303,15.279458,-16.955119,26.668069,-16.955119,18.814546,-29.592692,26.668069,-29.592692,46.545233,-0.000000,0.000000,80.639237,-0.016097,0.113318,0.070223,-0.015748,0.111331,0.067056,-0.000348,0.001987,0.003167,-0.030025,-0.267766,-0.141717,0.304440,1.035002,9.230355,4.885217,9.230355,82.318144,43.567341,4.885217,43.567341,23.058260,0.000000,0.000000,106.411406,-0.030025,-0.267766,-0.141717,0.304440,1.071223,9.553377,5.056179,9.553377,85.198926,45.092011,5.056179,45.092011,23.865201,-0.000000,0.000000,110.135350,0.001549,0.107172,0.070044,0.001485,0.106208,0.069536,0.000064,0.000964,0.000508,-0.007150,-0.068265,-0.007884,0.069090,1.079260,10.304252,1.190118,10.304252,98.380026,11.362676,1.190118,11.362676,1.312364,-0.000000,0.000000,100.771649,-0.007150,-0.068265,-0.007884,0.069090,1.088127,10.388913,1.199896,10.388913,99.188327,11.456033,1.199896,11.456033,1.323147,0.000000,0.000000,101.599601,0.014396,0.100751,0.049188,0.014430,0.100937,0.049291,-0.000035,-0.000186,-0.000103,0.001070,0.016383,-0.000795,0.016438,0.456629,6.992964,-0.339253,6.992964,107.092506,-5.195424,-0.339253,-5.195424,0.252048,-0.000000,0.000000,107.801183,0.001070,0.016383,-0.000795,0.016438,0.455507,6.975774,-0.338419,6.975774,106.829245,-5.182653,-0.338419,-5.182653,0.251428,-0.000000,0.000000,107.536179,0.026066,0.083282,0.049740,0.026211,0.082939,0.049944,-0.000145,0.000343,-0.000203,0.000995,-0.006266,0.000074,0.006345,1.979913,-12.465931,0.147033,-12.465931,78.488023,-0.925747,0.147033,-0.925747,0.010919,-0.000000,0.000000,80.478855,0.000995,-0.006266,0.000074,0.006345,1.963264,-12.361105,0.145796,-12.361105,77.828023,-0.917962,0.145796,-0.917962,0.010827,-0.000000,0.000000,79.802114
2.6485,post_ramp,0.072,100.0000,4.029768,-1.305418,-1.271670,0.001534,-0.093573,1.294680,-2.064738,1.073787,-2.672195,1.584602,-2.406816,1.699651,-2.124563,0.023981,0.140874,0.023981,0.023981,0.023981,0.223173,0.023981,0.006165,0.023981,0.023981,0.023981,-0.000140,0.023981,1.496942,-0.739195,1.050967,-0.001329,0.003119,0.000000,-0.003119,-0.004679,0.787165,0.947128,0.947128,0.652862,1.185534,1.185534,0.963438,1.104044,1.104044,1.033388,1.098533,1.098533,-0.011217,0.089947,-0.014032,0.003613,0.061050,-0.009209,-0.014831,0.028897,-0.004823,0.553429,-0.613575,0.966812,1.271803,21.872792,-24.249880,38.210630,-24.249880,26.885304,-42.363278,38.210630,-42.363278,66.751982,-0.000000,0.000000,115.510079,0.553429,-0.613575,0.966812,1.271803,15.274165,-16.934128,26.683171,-16.934128,18.774492,-29.583040,26.683171,-29.583040,46.614112,-0.000000,0.000000,80.662769,-0.016097,0.113318,0.070223,-0.015748,0.111331,0.067056,-0.000348,0.001987,0.003167,-0.030025,-0.267766,-0.141717,0.304440,1.035002,9.230355,4.885217,9.230355,82.318144,43.567341,4.885217,43.567341,23.058260,-0.000000,0.000000,106.411406,-0.030025,-0.267766,-0.141717,0.304440,1.071223,9.553377,5.056179,9.553377,85.198927,45.092011,5.056179,45.092011,23.865201,-0.000000,0.000000,110.135350,0.001549,0.107172,0.070044,0.001485,0.106208,0.069536,0.000064,0.000964,0.000508,-0.007150,-0.068265,-0.007884,0.069090,1.079260,10.304252,1.190118,10.304252,98.380026,11.362676,1.190118,11.362676,1.312364,-0.000000,0.000000,100.771649,-0.007150,-0.068265,-0.007884,0.069090,1.088127,10.388913,1.199896,10.388913,99.188327,11.456033,1.199896,11.456033,1.323147,0.000000,0.000000,101.599601,0.014396,0.100751,0.049188,0.014430,0.100937,0.049291,-0.000035,-0.000186,-0.000103,0.001070,0.016383,-0.000795,0.016437,0.456629,6.992964,-0.339253,6.992964,107.092506,-5.195424,-0.339253,-5.195424,0.252048,-0.000000,-0.000000,107.801183,0.001070,0.016383,-0.000795,0.016437,0.455507,6.975774,-0.338419,6.975774,106.829246,-5.182653,-0.338419,-5.182653,0.251428,-0.000000,0.000000,107.536181,0.026084,0.083304,0.049775,0.026211,0.082939,0.049944,-0.000126,0.000365,-0.000169,0.001430,-0.009032,0.000099,0.009145,1.968240,-12.430169,0.136491,-12.430169,78.501171,-0.861989,0.136491,-0.861989,0.009465,-0.000000,-0.000000,80.478876,0.001430,-0.009032,0.000099,0.009145,1.954312,-12.342214,0.135525,-12.342214,77.945698,-0.855890,0.135525,-0.855890,0.009398,-0.000000,0.000000,79.909408
2.6667,post_ramp,0.072,100.0000,4.029768,-1.305418,-1.271670,0.001534,-0.093573,1.293146,-2.064738,1.073787,-2.672195,1.584602,-2.406816,1.698117,-2.124563,0.023981,0.047130,0.023981,0.023981,0.023981,0.148002,0.023981,0.009125,0.023981,0.023981,0.023981,-0.032368,0.023981,1.496942,-0.739195,1.050967,-0.001329,0.003119,0.000000,-0.003119,-0.004679,0.786233,0.947128,0.947128,0.652862,1.185534,1.185534,0.963438,1.104044,1.104044,1.032455,1.098533,1.098533,-0.011217,0.089947,-0.014032,0.003613,0.061050,-0.009209,-0.014831,0.028897,-0.004823,0.553429,-0.613575,0.966812,1.271803,21.872792,-24.249880,38.210630,-24.249880,26.885304,-42.363278,38.210630,-42.363278,66.751982,-0.000000,0.000000,115.510079,0.553429,-0.613575,0.966812,1.271803,15.274165,-16.934128,26.683171,-16.934128,18.774492,-29.583040,26.683171,-29.583040,46.614112,-0.000000,0.000000,80.662769,-0.016107,0.113329,0.070287,-0.015748,0.111331,0.067056,-0.000358,0.001998,0.003232,-0.030501,-0.272375,-0.144475,0.309825,1.031289,9.209474,4.884969,9.209474,82.241182,43.623082,4.884969,43.623082,23.138934,-0.000000,0.000000,106.411405,-0.030501,-0.272375,-0.144475,0.309825,1.068369,9.540606,5.060611,9.540606,85.198218,45.191579,5.060611,45.191579,23.970910,-0.000000,0.000000,110.237497,0.001549,0.107172,0.070044,0.001485,0.106208,0.069536,0.000064,0.000964,0.000508,-0.007150,-0.068265,-0.007884,0.069090,1.079260,10.304252,1.190118,10.304252,98.380026,11.362676,1.190118,11.362676,1.312364,-0.000000,0.000000,100.771649,-0.007150,-0.068265,-0.007884,0.069090,1.088127,10.388913,1.199896,10.388913,99.188327,11.456033,1.199896,11.456033,1.323147,0.000000,0.000000,101.599601,0.014396,0.100751,0.049188,0.014430,0.100937,0.049291,-0.000035,-0.000186,-0.000103,0.001070,0.016383,-0.000795,0.016437,0.456629,6.992964,-0.339253,6.992964,107.092506,-5.195424,-0.339253,-5.195424,0.252048,0.000000,0.000000,107.801183,0.001070,0.016383,-0.000795,0.016437,0.455507,6.975774,-0.338419,6.975774,106.829249,-5.182653,-0.338419,-5.182653,0.251428,-0.000000,0.000000,107.536183,0.026103,0.083325,0.049809,0.026211,0.082939,0.049944,-0.000108,0.000386,-0.000134,0.001863,-0.011800,0.000120,0.011947,1.956599,-12.394384,0.126008,-12.394384,78.514182,-0.798218,0.126008,-0.798218,0.008115,-0.000000,0.000000,80.478896,0.001863,-0.011800,0.000120,0.011947,1.945361,-12.323195,0.125284,-12.323195,78.063220,-0.793633,0.125284,-0.793633,0.008068,-0.000000,0.000000,80.016649
2.6855,post_ramp,0.072,100.0000,4.029768,-1.308486,-1.271670,0.001534,-0.093573,1.291612,-2.064738,1.073787,-2.672195,1.584602,-2.406816,1.698117,-2.124563,0.023981,-0.007247,0.023981,0.023981,0.023981,0.056363,0.023981,0.004850,0.023981,0.023981,0.023981,-0.040266,0.023981,1.496942,-0.740932,1.050967,-0.001329,0.003119,0.000000,-0.003119,-0.004679,0.785300,0.947128,0.947128,0.652862,1.185534,1.185534,0.963438,1.104044,1.104044,1.032455,1.098533,1.098533,-0.011196,0.089895,-0.014124,0.003613,0.061050,-0.009209,-0.014810,0.028845,-0.004915,0.554382,-0.613531,0.970244,1.274807,21.843271,-24.173801,38.228652,-24.173801,26.752983,-42.307393,38.228652,-42.307393,66.905267,-0.000000,0.000000,115.501520,0.554382,-0.613531,0.970244,1.274807,15.263598,-16.892122,26.713343,-16.892122,18.694398,-29.563478,26.713343,-29.563478,46.751932,-0.000000,0.000000,80.709928,-0.016117,0.113340,0.070352,-0.015748,0.111331,0.067056,-0.000368,0.002009,0.003296,-0.030975,-0.276979,-0.147243,0.315210,1.027582,9.188600,4.884686,9.188600,82.164111,43.678677,4.884686,43.678677,23.219710,-0.000000,0.000000,106.411403,-0.030975,-0.276979,-0.147243,0.315210,1.065515,9.527795,5.065003,9.527795,85.197180,45.291065,5.065003,45.291065,24.076861,-0.000000,0.000000,110.339555,0.001549,0.107172,0.070044,0.001485,0.106208,0.069536,0.000064,0.000964,0.000508,-0.007150,-0.068265,-0.007884,0.069090,1.079260,10.304252,1.190118,10.304252,98.380026,11.362676,1.190118,11.362676,1.312364,-0.000000,0.000000,100.771649,-0.007150,-0.068265,-0.007884,0.069090,1.088127,10.388913,1.199896,10.388913,99.188327,11.456033,1.199896,11.456033,1.323147,0.000000,0.000000,101.599601,0.014396,0.100751,0.049188,0.014430,0.100937,0.049291,-0.000035,-0.000186,-0.000103,0.001070,0.016383,-0.000795,0.016437,0.456629,6.992964,-0.339253,6.992964,107.092506,-5.195424,-0.339253,-5.195424,0.252048,-0.000000,0.000000,107.801183,0.001070,0.016383,-0.000795,0.016437,0.455507,6.975774,-0.338419,6.975774,106.829249,-5.182653,-0.338419,-5.182653,0.251428,-0.000000,0.000000,107.536184,0.026103,0.083325,0.049809,0.026211,0.082939,0.049944,-0.000108,0.000386,-0.000134,0.001863,-0.011800,0.000120,0.011947,1.956599,-12.394384,0.126008,-12.394384,78.514182,-0.798218,0.126008,-0.798218,0.008115,-0.000000,0.000000,80.478896,0.001863,-0.011800,0.000120,0.011947,1.945361,-12.323195,0.125284,-12.323195,78.063221,-0.793633,0.125284,-0.793633,0.008068,-0.000000,0.000000,80.016651
2.7036,post_ramp,0.072,100.0000,4.029768,-1.308486,-1.271670,0.001534,-0.093573,1.288544,-2.064738,1.073787,-2.672195,1.584602,-2.406816,1.698117,-2.124563,0.023981,-0.037560,0.023981,0.023981,0.023981,-0.015974,0.023981,0.009076,0.023981,0.023981,0.023981,-0.014568,0.023981,1.496942,-0.740932,1.050967,-0.001329,0.003119,0.000000,-0.003119,-0.004679,0.783435,0.947128,0.947128,0.652862,1.185534,1.185534,0.963438,1.104044,1.104044,1.032455,1.098533,1.098533,-0.011196,0.089895,-0.014124,0.003613,0.061050,-0.009209,-0.014810,0.028845,-0.004915,0.554382,-0.613531,0.970244,1.274807,21.843271,-24.173801,38.228652,-24.173801,26.752983,-42.307393,38.228652,-42.307393,66.905267,-0.000000,0.000000,115.501520,0.554382,-0.613531,0.970244,1.274807,15.263598,-16.892122,26.713343,-16.892122,18.694398,-29.563478,26.713343,-29.563478,46.751932,-0.000000,0.000000,80.709928,-0.016136,0.113362,0.070480,-0.015748,0.111331,0.067056,-0.000388,0.002031,0.003425,-0.031918,-0.286176,-0.152805,0.325983,1.020188,9.146872,4.884015,9.146872,82.009644,43.789428,4.884015,43.789428,23.381567,-0.000000,-0.000000,106.411399,-0.031918,-0.286176,-0.152805,0.325983,1.059803,9.502049,5.073663,9.502049,85.194115,45.489791,5.073663,45.489791,24.289483,-0.000000,0.000000,110.543401,0.001549,0.107172,0.070044,0.001485,0.106208,0.069536,0.000064,0.000964,0.000508,-0.007150,-0.068265,-0.007884,0.069090,1.079260,10.304252,1.190118,10.304252,98.380026,11.362676,1.190118,11.362676,1.312364,-0.000000,0.000000,100.771649,-0.007150,-0.068265,-0.007884,0.069090,1.088127,10.388913,1.199896,10.388913,99.188327,11.456033,1.199896,11.456033,1.323147,0.000000,0.000000,101.599601,0.014396,0.100751,0.049188,0.014430,0.100937,0.049291,-0.000035,-0.000186,-0.000103,0.001070,0.016383,-0.000795,0.016437,0.456629,6.992964,-0.339253,6.992964,107.092506,-5.195424,-0.339253,-5.195424,0.252048,-0.000000,0.000000,107.801183,0.001070,0.016383,-0.000795,0.016437,0.455507,6.975774,-0.338419,6.975774,106.829250,-5.182653,-0.338419,-5.182653,0.251428,-0.000000,0.000000,107.536185,0.026103,0.083325,0.049809,0.026211,0.082939,0.049944,-0.000108,0.000386,-0.000134,0.001863,-0.011800,0.000120,0.011947,1.956599,-12.394384,0.126008,-12.394384,78.514182,-0.798218,0.126008,-0.798218,0.008115,0.000000,0.000000,80.478896,0.001863,-0.011800,0.000120,0.011947,1.945361,-12.323195,0.125284,-12.323195,78.063224,-0.793633,0.125284,-0.793633,0.008069,-0.000000,0.000000,80.016653
2.7212,post_ramp,0.072,100.0000,4.029768,-1.308486,-1.271670,0.001534,-0.093573,1.285476,-2.064738,1.073787,-2.672195,1.584602,-2.406816,1.698117,-2.124563,0.023981,-0.035480,0.023981,0.023981,0.023981,-0.074492,0.023981,0.016060,0.023981,0.023981,0.023981,0.003494,0.023981,1.496942,-0.740932,1.050967,-0.001329,0.003119,0.000000,-0.003119,-0.004679,0.781569,0.947128,0.947128,0.652862,1.185534,1.185534,0.963438,1.104044,1.104044,1.032455,1.098533,1.098533,-0.011196,0.089895,-0.014124,0.003613,0.061050,-0.009209,-0.014810,0.028845,-0.004915,0.554382,-0.613531,0.970244,1.274807,21.843271,-24.173801,38.228652,-24.173801,26.752983,-42.307393,38.228652,-42.307393,66.905267,-0.000000,0.000000,115.501520,0.554382,-0.613531,0.970244,1.274807,15.263598,-16.892122,26.713343,-16.892122,18.694398,-29.563478,26.713343,-29.563478,46.751932,-0.000000,0.000000,80.709928,-0.016156,0.113384,0.070609,-0.015748,0.111331,0.067056,-0.000408,0.002053,0.003554,-0.032854,-0.295355,-0.158402,0.336757,1.012820,9.105172,4.883203,9.105172,81.854748,43.899591,4.883203,43.899591,23.543828,0.000000,0.000000,106.411396,-0.032854,-0.295355,-0.158402,0.336757,1.054086,9.476142,5.082158,9.476142,85.189735,45.688181,5.082158,45.688181,24.503068,-0.000000,0.000000,110.746888,0.001549,0.107172,0.070044,0.001485,0.106208,0.069536,0.000064,0.000964,0.000508,-0.007150,-0.068265,-0.007884,0.069090,1.079260,10.304252,1.190118,10.304252,98.380026,11.362676,1.190118,11.362676,1.312364,-0.000000,0.000000,100.771649,-0.007150,-0.068265,-0.007884,0.069090,1.088127,10.388913,1.199896,10.388913,99.188327,11.456033,1.199896,11.456033,1.323147,0.000000,0.000000,101.599601,0.014396,0.100751,0.049188,0.014430,0.100937,0.049291,-0.000035,-0.000186,-0.000103,0.001070,0.016383,-0.000795,0.016437,0.456629,6.992964,-0.339253,6.992964,107.092506,-5.195424,-0.339253,-5.195424,0.252048,-0.000000,0.000000,107.801183,0.001070,0.016383,-0.000795,0.016437,0.455507,6.975774,-0.338419,6.975774,106.829251,-5.182653,-0.338419,-5.182653,0.251428,-0.000000,0.000000,107.536186,0.026103,0.083325,0.049809,0.026211,0.082939,0.049944,-0.000108,0.000386,-0.000134,0.001863,-0.011801,0.000120,0.011947,1.956599,-12.394384,0.126008,-12.394384,78.514182,-0.798218,0.126008,-0.798218,0.008115,-0.000000,0.000000,80.478896,0.001863,-0.011801,0.000120,0.011947,1.945361,-12.323196,0.125284,-12.323196,78.063227,-0.793633,0.125284,-0.793633,0.008069,-0.000000,0.000000,80.016656
2.7394,post_ramp,0.072,100.0000,4.029768,-1.306952,-1.271670,0.001534,-0.093573,1.285476,-2.064738,1.073787,-2.672195,1.584602,-2.406816,1.698117,-2.124563,0.023981,-0.002536,0.023981,0.023981,0.023981,-0.109346,0.023981,0.009951,0.023981,0.023981,0.023981,0.003273,0.023981,1.496942,-0.740063,1.050967,-0.001329,0.003119,0.000000,-0.003119,-0.004679,0.781569,0.947128,0.947128,0.652862,1.185534,1.185534,0.963438,1.104044,1.104044,1.032455,1.098533,1.098533,-0.011207,0.089921,-0.014078,0.003613,0.061050,-0.009209,-0.014820,0.028871,-0.004869,0.553906,-0.613554,0.968527,1.273305,21.858026,-24.211837,38.219658,-24.211837,26.819123,-42.335395,38.219658,-42.335395,66.828646,-0.000000,0.000000,115.505794,0.553906,-0.613554,0.968527,1.273305,15.268878,-16.913129,26.698263,-16.913129,18.734443,-29.573302,26.698263,-29.573302,46.683012,-0.000000,0.000000,80.686333,-0.016156,0.113384,0.070609,-0.015748,0.111331,0.067056,-0.000408,0.002053,0.003554,-0.032854,-0.295355,-0.158402,0.336757,1.012820,9.105172,4.883203,9.105172,81.854748,43.899591,4.883203,43.899591,23.543828,0.000000,0.000000,106.411396,-0.032854,-0.295355,-0.158402,0.336757,1.054086,9.476142,5.082158,9.476142,85.189735,45.688181,5.082158,45.688181,24.503068,-0.000000,0.000000,110.746888,0.001549,0.107172,0.070044,0.001485,0.106208,0.069536,0.000064,0.000964,0.000508,-0.007150,-0.068265,-0.007884,0.069090,1.079260,10.304252,1.190118,10.304252,98.380026,11.362676,1.190118,11.362676,1.312364,-0.000000,0.000000,100.771649,-0.007150,-0.068265,-0.007884,0.069090,1.088127,10.388913,1.199896,10.388913,99.188327,11.456033,1.199896,11.456033,1.323147,0.000000,0.000000,101.599601,0.014396,0.100751,0.049188,0.014430,0.100937,0.049291,-0.000035,-0.000186,-0.000103,0.001070,0.016383,-0.000795,0.016437,0.456629,6.992964,-0.339253,6.992964,107.092506,-5.195424,-0.339253,-5.195424,0.252048,-0.000000,0.000000,107.801183,0.001070,0.016383,-0.000795,0.016437,0.455507,6.975774,-0.338419,6.975774,106.829251,-5.182653,-0.338419,-5.182653,0.251428,-0.000000,0.000000,107.536186,0.026103,0.083325,0.049809,0.026211,0.082939,0.049944,-0.000108,0.000386,-0.000134,0.001863,-0.011801,0.000120,0.011947,1.956599,-12.394384,0.126008,-12.394384,78.514182,-0.798218,0.126008,-0.798218,0.008115,-0.000000,0.000000,80.478896,0.001863,-0.011801,0.000120,0.011947,1.945361,-12.323196,0.125284,-12.323196,78.063227,-0.793633,0.125284,-0.793633,0.008069,-0.000000,0.000000,80.016656
2.7583,post_ramp,0.072,100.0000,4.029768,-1.308486,-1.271670,0.001534,-0.093573,1.285476,-2.064738,1.073787,-2.672195,1.584602,-2.406816,1.701185,-2.124563,0.023981,0.014626,0.023981,0.023981,0.023981,-0.071536,0.023981,0.007686,0.023981,0.023981,0.023981,0.012795,0.023981,1.496942,-0.740932,1.050967,-0.001329,0.003119,0.000000,-0.003119,-0.004679,0.781569,0.947128,0.947128,0.652862,1.185534,1.185534,0.963438,1.104044,1.104044,1.034320,1.098533,1.098533,-0.011196,0.089895,-0.014124,0.003613,0.061050,-0.009209,-0.014810,0.028845,-0.004915,0.554382,-0.613531,0.970244,1.274807,21.843271,-24.173801,38.228652,-24.173801,26.752983,-42.307393,38.228652,-42.307393,66.905267,-0.000000,0.000000,115.501520,0.554382,-0.613531,0.970244,1.274807,15.263598,-16.892122,26.713343,-16.892122,18.694398,-29.563478,26.713343,-29.563478,46.751932,-0.000000,0.000000,80.709928,-0.016156,0.113384,0.070609,-0.015748,0.111331,0.067056,-0.000408,0.002053,0.003554,-0.032854,-0.295355,-0.158402,0.336757,1.012820,9.105172,4.883203,9.105172,81.854748,43.899591,4.883203,43.899591,23.543828,-0.000000,0.000000,106.411396,-0.032854,-0.295355,-0.158402,0.336757,1.054086,9.476142,5.082158,9.476142,85.189735,45.688181,5.082158,45.688181,24.503068,-0.000000,-0.000000,110.746888,0.001549,0.107172,0.070044,0.001485,0.106208,0.069536,0.000064,0.000964,0.000508,-0.007150,-0.068265,-0.007884,0.069090,1.079260,10.304252,1.190118,10.304252,98.380026,11.362676,1.190118,11.362676,1.312364,-0.000000,0.000000,100.771649,-0.007150,-0.068265,-0.007884,0.069090,1.088127,10.388913,1.199896,10.388913,99.188327,11.456033,1.199896,11.456033,1.323147,0.000000,0.000000,101.599601,0.014396,0.100751,0.049188,0.014430,0.100937,0.049291,-0.000035,-0.000186,-0.000103,0.001070,0.016383,-0.000795,0.016437,0.456629,6.992964,-0.339253,6.992964,107.092506,-5.195424,-0.339253,-5.195424,0.252048,-0.000000,0.000000,107.801183,0.001070,0.016383,-0.000795,0.016437,0.455507,6.975774,-0.338419,6.975774,106.829248,-5.182653,-0.338419,-5.182653,0.251428,-0.000000,0.000000,107.536183,0.026066,0.083282,0.049740,0.026211,0.082939,0.049944,-0.000145,0.000343,-0.000203,0.000995,-0.006266,0.000074,0.006345,1.979913,-12.465931,0.147033,-12.465931,78.488023,-0.925747,0.147033,-0.925747,0.010919,-0.000000,-0.000000,80.478855,0.000995,-0.006266,0.000074,0.006345,1.963264,-12.361107,0.145796,-12.361107,77.828031,-0.917962,0.145796,-0.917962,0.010827,-0.000000,-0.000000,79.802122
2.7765,post_ramp,0.072,100.0000,4.029768,-1.306952,-1.271670,0.001534,-0.093573,1.283942,-2.064738,1.073787,-2.672195,1.584602,-2.406816,1.704253,-2.124563,0.023981,0.007773,0.023981,0.023981,0.023981,-0.025857,0.023981,0.015321,0.023981,0.023981,0.023981,0.065531,0.023981,1.496942,-0.740063,1.050967,-0.001329,0.003119,0.000000,-0.003119,-0.004679,0.780637,0.947128,0.947128,0.652862,1.185534,1.185534,0.963438,1.104044,1.104044,1.036186,1.098533,1.098533,-0.011207,0.089921,-0.014078,0.003613,0.061050,-0.009209,-0.014820,0.028871,-0.004869,0.553906,-0.613554,0.968527,1.273305,21.858026,-24.211837,38.219658,-24.211837,26.819123,-42.335395,38.219658,-42.335395,66.828646,-0.000000,0.000000,115.505794,0.553906,-0.613554,0.968527,1.273305,15.268878,-16.913129,26.698263,-16.913129,18.734443,-29.573302,26.698263,-29.573302,46.683012,-0.000000,0.000000,80.686333,-0.016166,0.113395,0.070674,-0.015748,0.111331,0.067056,-0.000418,0.002063,0.003618,-0.033319,-0.299938,-0.161214,0.342144,1.009146,9.084333,4.882745,9.084333,81.777139,43.954451,4.882745,43.954451,23.625109,-0.000000,-0.000000,106.411394,-0.033319,-0.299938,-0.161214,0.342144,1.051225,9.463128,5.086343,9.463128,85.187051,45.787248,5.086343,45.787248,24.610220,-0.000000,-0.000000,110.848496,0.001549,0.107172,0.070044,0.001485,0.106208,0.069536,0.000064,0.000964,0.000508,-0.007150,-0.068265,-0.007884,0.069090,1.079260,10.304252,1.190118,10.304252,98.380026,11.362676,1.190118,11.362676,1.312364,-0.000000,0.000000,100.771649,-0.007150,-0.068265,-0.007884,0.069090,1.088127,10.388913,1.199896,10.388913,99.188327,11.456033,1.199896,11.456033,1.323147,0.000000,0.000000,101.599601,0.014396,0.100751,0.049188,0.014430,0.100937,0.049291,-0.000035,-0.000186,-0.000103,0.001070,0.016383,-0.000795,0.016437,0.456629,6.992964,-0.339253,6.992964,107.092506,-5.195424,-0.339253,-5.195424,0.252048,-0.000000,-0.000000,107.801183,0.001070,0.016383,-0.000795,0.016437,0.455507,6.975774,-0.338419,6.975774,106.829245,-5.182653,-0.338419,-5.182653,0.251428,-0.000000,0.000000,107.536180,0.026029,0.083238,0.049671,0.026211,0.082939,0.049944,-0.000182,0.000299,-0.000273,0.000118,-0.000738,0.000010,0.000747,2.003355,-12.537381,0.168294,-12.537381,78.461321,-1.053218,0.168294,-1.053218,0.014138,-0.000000,0.000000,80.478814,0.000118,-0.000738,0.000010,0.000747,1.981165,-12.398507,0.166430,-12.398507,77.592224,-1.041551,0.166430,-1.041551,0.013981,0.000000,0.000000,79.587370
2.7946,post_ramp,0.072,100.0000,4.029768,-1.303884,-1.271670,0.001534,-0.093573,1.283942,-2.064738,1.073787,-2.672195,1.584602,-2.406816,1.708855,-2.124563,0.023981,0.037400,0.023981,0.023981,0.023981,-0.024978,0.023981,0.019379,0.023981,0.023981,0.023981,0.141036,0.023981,1.496942,-0.738326,1.050967,-0.001329,0.003119,0.000000,-0.003119,-0.004679,0.780637,0.947128,0.947128,0.652862,1.185534,1.185534,0.963438,1.104044,1.104044,1.038984,1.098533,1.098533,-0.011228,0.089972,-0.013986,0.003613,0.061050,-0.009209,-0.014841,0.028922,-0.004778,0.552953,-0.613594,0.965099,1.270303,21.887571,-24.287928,38.201569,-24.287928,26.951526,-42.391042,38.201569,-42.391042,66.675277,-0.000000,0.000000,115.514374,0.552953,-0.613594,0.965099,1.270303,15.279458,-16.955119,26.668069,-16.955119,18.814546,-29.592692,26.668069,-29.592692,46.545233,-0.000000,0.000000,80.639237,-0.016166,0.113395,0.070674,-0.015748,0.111331,0.067056,-0.000418,0.002063,0.003618,-0.033319,-0.299938,-0.161214,0.342144,1.009146,9.084333,4.882745,9.084333,81.777139,43.954451,4.882745,43.954451,23.625109,-0.000000,-0.000000,106.411394,-0.033319,-0.299938,-0.161214,0.342144,1.051225,9.463128,5.086343,9.463128,85.187051,45.787247,5.086343,45.787247,24.610220,-0.000000,-0.000000,110.848496,0.001549,0.107172,0.070044,0.001485,0.106208,0.069536,0.000064,0.000964,0.000508,-0.007150,-0.068265,-0.007884,0.069090,1.079260,10.304252,1.190118,10.304252,98.380026,11.362676,1.190118,11.362676,1.312364,-0.000000,0.000000,100.771649,-0.007150,-0.068265,-0.007884,0.069090,1.088127,10.388913,1.199896,10.388913,99.188327,11.456033,1.199896,11.456033,1.323147,0.000000,0.000000,101.599601,0.014396,0.100751,0.049188,0.014430,0.100937,0.049291,-0.000035,-0.000186,-0.000103,0.001070,0.016384,-0.000795,0.016438,0.456629,6.992964,-0.339253,6.992964,107.092506,-5.195424,-0.339253,-5.195424,0.252048,-0.000000,0.000000,107.801183,0.001070,0.016384,-0.000795,0.016438,0.455506,6.975773,-0.338419,6.975773,106.829240,-5.182652,-0.338419,-5.182652,0.251428,-0.000000,0.000000,107.536175,0.025973,0.083172,0.049567,0.026211,0.082939,0.049944,-0.000238,0.000233,-0.000376,-0.001217,0.007545,-0.000120,0.007643,2.038761,-12.644372,0.200631,-12.644372,78.420247,-1.244310,0.200631,-1.244310,0.019744,-0.000000,0.000000,80.478752,-0.001217,0.007545,-0.000120,0.007643,2.008009,-12.453648,0.197605,-12.453648,77.237376,-1.225542,0.197605,-1.225542,0.019446,-0.000000,0.000000,79.264831
2.8122,post_ramp,0.072,100.0000,4.029768,-1.302350,-1.271670,0.001534,-0.093573,1.283942,-2.064738,1.073787,-2.672195,1.584602,-2.406816,1.710389,-2.124563,0.023981,0.084999,0.023981,0.023981,0.023981,-0.014637,0.023981,0.021780,0.023981,0.023981,0.023981,0.183669,0.023981,1.496942,-0.737457,1.050967,-0.001329,0.003119,0.000000,-0.003119,-0.004679,0.780637,0.947128,0.947128,0.652862,1.185534,1.185534,0.963438,1.104044,1.104044,1.039916,1.098533,1.098533,-0.011238,0.089998,-0.013941,0.003613,0.061050,-0.009209,-0.014852,0.028948,-0.004732,0.552477,-0.613612,0.963387,1.268805,21.902362,-24.325982,38.192474,-24.325982,27.017790,-42.418688,38.192474,-42.418688,66.598529,-0.000000,0.000000,115.518681,0.552477,-0.613612,0.963387,1.268805,15.284757,-16.976102,26.652956,-16.976102,18.854604,-29.602257,26.652956,-29.602257,46.476374,-0.000000,0.000000,80.615735,-0.016166,0.113395,0.070674,-0.015748,0.111331,0.067056,-0.000418,0.002063,0.003618,-0.033319,-0.299938,-0.161214,0.342144,1.009146,9.084333,4.882745,9.084333,81.777139,43.954451,4.882745,43.954451,23.625109,-0.000000,0.000000,106.411394,-0.033319,-0.299938,-0.161214,0.342144,1.051225,9.463128,5.086343,9.463128,85.187051,45.787247,5.086343,45.787247,24.610220,-0.000000,0.000000,110.848496,0.001549,0.107172,0.070044,0.001485,0.106208,0.069536,0.000064,0.000964,0.000508,-0.007150,-0.068265,-0.007884,0.069090,1.079260,10.304252,1.190118,10.304252,98.380026,11.362676,1.190118,11.362676,1.312364,-0.000000,0.000000,100.771649,-0.007150,-0.068265,-0.007884,0.069090,1.088127,10.388913,1.199896,10.388913,99.188327,11.456033,1.199896,11.456033,1.323147,0.000000,0.000000,101.599601,0.014396,0.100751,0.049188,0.014430,0.100937,0.049291,-0.000035,-0.000186,-0.000103,0.001070,0.016384,-0.000795,0.016438,0.456629,6.992964,-0.339253,6.992964,107.092506,-5.195424,-0.339253,-5.195424,0.252048,-0.000000,0.000000,107.801183,0.001070,0.016384,-0.000795,0.016438,0.455506,6.975773,-0.338419,6.975773,106.829238,-5.182652,-0.338419,-5.182652,0.251428,-0.000000,0.000000,107.536173,0.025955,0.083150,0.049533,0.026211,0.082939,0.049944,-0.000256,0.000211,-0.000411,-0.001666,0.010303,-0.000172,0.010438,2.050627,-12.679987,0.211528,-12.679987,78.406285,-1.307977,0.211528,-1.307977,0.021820,-0.000000,0.000000,80.478732,-0.001666,0.010303,-0.000172,0.010438,2.016954,-12.471772,0.208055,-12.471772,77.118793,-1.286499,0.208055,-1.286499,0.021461,-0.000000,0.000000,79.157209
2.8303,post_ramp,0.072,100.0000,4.029768,-1.302350,-1.271670,0.001534,-0.093573,1.285476,-2.064738,1.073787,-2.672195,1.584602,-2.406816,1.708855,-2.124563,0.023981,0.092457,0.023981,0.023981,0.023981,-0.000824,0.023981,0.022811,0.023981,0.023981,0.023981,0.134923,0.023981,1.496942,-0.737457,1.050967,-0.001329,0.003119,0.000000,-0.003119,-0.004679,0.781569,0.947128,0.947128,0.652862,1.185534,1.185534,0.963438,1.104044,1.104044,1.038984,1.098533,1.098533,-0.011238,0.089998,-0.013941,0.003613,0.061050,-0.009209,-0.014852,0.028948,-0.004732,0.552477,-0.613612,0.963387,1.268805,21.902362,-24.325982,38.192474,-24.325982,27.017790,-42.418688,38.192474,-42.418688,66.598529,-0.000000,0.000000,115.518681,0.552477,-0.613612,0.963387,1.268805,15.284757,-16.976102,26.652956,-16.976102,18.854604,-29.602257,26.652956,-29.602257,46.476374,-0.000000,0.000000,80.615735,-0.016156,0.113384,0.070609,-0.015748,0.111331,0.067056,-0.000408,0.002053,0.003554,-0.032854,-0.295355,-0.158402,0.336757,1.012820,9.105172,4.883203,9.105172,81.854748,43.899591,4.883203,43.899591,23.543828,-0.000000,0.000000,106.411396,-0.032854,-0.295355,-0.158402,0.336757,1.054086,9.476142,5.082158,9.476142,85.189734,45.688180,5.082158,45.688180,24.503068,-0.000000,-0.000000,110.746887,0.001549,0.107172,0.070044,0.001485,0.106208,0.069536,0.000064,0.000964,0.000508,-0.007150,-0.068265,-0.007884,0.069090,1.079260,10.304252,1.190118,10.304252,98.380026,11.362676,1.190118,11.362676,1.312364,-0.000000,0.000000,100.771649,-0.007150,-0.068265,-0.007884,0.069090,1.088127,10.388913,1.199896,10.388913,99.188327,11.456033,1.199896,11.456033,1.323147,0.000000,0.000000,101.599601,0.014396,0.100751,0.049188,0.014430,0.100937,0.049291,-0.000035,-0.000186,-0.000103,0.001070,0.016384,-0.000795,0.016438,0.456629,6.992964,-0.339253,6.992964,107.092506,-5.195424,-0.339253,-5.195424,0.252048,-0.000000,0.000000,107.801183,0.001070,0.016384,-0.000795,0.016438,0.455506,6.975773,-0.338419,6.975773,106.829240,-5.182652,-0.338419,-5.182652,0.251428,-0.000000,0.000000,107.536174,0.025973,0.083172,0.049567,0.026211,0.082939,0.049944,-0.000238,0.000233,-0.000376,-0.001217,0.007545,-0.000120,0.007643,2.038761,-12.644372,0.200631,-12.644372,78.420247,-1.244310,0.200631,-1.244310,0.019744,-0.000000,0.000000,80.478752,-0.001217,0.007545,-0.000120,0.007643,2.008009,-12.453648,0.197605,-12.453648,77.237375,-1.225541,0.197605,-1.225541,0.019446,-0.000000,0.000000,79.264829
2.8485,post_ramp,0.072,100.0000,4.029768,-1.303884,-1.271670,0.001534,-0.093573,1.290078,-2.064738,1.073787,-2.672195,1.584602,-2.406816,1.707321,-2.124563,0.023981,0.065701,0.023981,0.023981,0.023981,0.043735,0.023981,0.018803,0.023981,0.023981,0.023981,0.054929,0.023981,1.496942,-0.738326,1.050967,-0.001329,0.003119,0.000000,-0.003119,-0.004679,0.784367,0.947128,0.947128,0.652862,1.185534,1.185534,0.963438,1.104044,1.104044,1.038051,1.098533,1.098533,-0.011228,0.089972,-0.013986,0.003613,0.061050,-0.009209,-0.014841,0.028922,-0.004778,0.552953,-0.613594,0.965099,1.270303,21.887571,-24.287928,38.201569,-24.287928,26.951526,-42.391042,38.201569,-42.391042,66.675277,-0.000000,0.000000,115.514374,0.552953,-0.613594,0.965099,1.270303,15.279458,-16.955119,26.668069,-16.955119,18.814546,-29.592692,26.668069,-29.592692,46.545233,-0.000000,0.000000,80.639237,-0.016126,0.113351,0.070416,-0.015748,0.111331,0.067056,-0.000378,0.002020,0.003360,-0.031448,-0.281580,-0.150019,0.320596,1.023882,9.167732,4.884368,9.167732,82.086931,43.734126,4.884368,43.734126,23.300588,-0.000000,0.000000,106.411401,-0.031448,-0.281580,-0.150019,0.320596,1.062659,9.514942,5.069354,9.514942,85.195811,45.390469,5.069354,45.390469,24.183052,-0.000000,0.000000,110.441522,0.001549,0.107172,0.070044,0.001485,0.106208,0.069536,0.000064,0.000964,0.000508,-0.007150,-0.068265,-0.007884,0.069090,1.079260,10.304252,1.190118,10.304252,98.380026,11.362676,1.190118,11.362676,1.312364,-0.000000,0.000000,100.771649,-0.007150,-0.068265,-0.007884,0.069090,1.088127,10.388913,1.199896,10.388913,99.188327,11.456033,1.199896,11.456033,1.323147,0.000000,0.000000,101.599601,0.014396,0.100751,0.049188,0.014430,0.100937,0.049291,-0.000035,-0.000186,-0.000103,0.001070,0.016384,-0.000795,0.016438,0.456629,6.992964,-0.339253,6.992964,107.092506,-5.195424,-0.339253,-5.195424,0.252048,0.000000,0.000000,107.801183,0.001070,0.016384,-0.000795,0.016438,0.455506,6.975773,-0.338419,6.975773,106.829240,-5.182652,-0.338419,-5.182652,0.251428,-0.000000,0.000000,107.536174,0.025992,0.083194,0.049602,0.026211,0.082939,0.049944,-0.000219,0.000255,-0.000342,-0.000769,0.004786,-0.000072,0.004848,2.026927,-12.608733,0.189793,-12.608733,78.434074,-1.180628,0.189793,-1.180628,0.017771,-0.000000,0.000000,80.478773,-0.000769,0.004786,-0.000072,0.004848,1.999062,-12.435395,0.187184,-12.435395,77.355804,-1.164398,0.187184,-1.164398,0.017527,-0.000000,0.000000,79.372393
2.8668,post_ramp,0.072,100.0000,4.029768,-1.303884,-1.271670,0.001534,-0.093573,1.296214,-2.064738,1.073787,-2.672195,1.584602,-2.406816,1.705787,-2.124563,0.023981,0.023680,0.023981,0.023981,0.023981,0.135816,0.023981,0.009993,0.023981,0.023981,0.023981,-0.001196,0.023981,1.496942,-0.738326,1.050967,-0.001329,0.003119,0.000000,-0.003119,-0.004679,0.788098,0.947128,0.947128,0.652862,1.185534,1.185534,0.963438,1.104044,1.104044,1.037118,1.098533,1.098533,-0.011228,0.089972,-0.013986,0.003613,0.061050,-0.009209,-0.014841,0.028922,-0.004778,0.552953,-0.613594,0.965099,1.270303,21.887571,-24.287928,38.201569,-24.287928,26.951526,-42.391042,38.201569,-42.391042,66.675277,-0.000000,0.000000,115.514374,0.552953,-0.613594,0.965099,1.270303,15.279458,-16.955119,26.668069,-16.955119,18.814546,-29.592692,26.668069,-29.592692,46.545233,-0.000000,0.000000,80.639237,-0.016087,0.113307,0.070159,-0.015748,0.111331,0.067056,-0.000339,0.001976,0.003103,-0.029547,-0.263153,-0.138967,0.299056,1.038722,9.251242,4.885430,9.251242,82.394998,43.511453,4.885430,43.511453,22.977688,-0.000000,0.000000,106.411408,-0.029547,-0.263153,-0.138967,0.299056,1.074075,9.566107,5.051705,9.566107,85.199306,44.992363,5.051705,44.992363,23.759732,-0.000000,0.000000,110.033113,0.001549,0.107172,0.070044,0.001485,0.106208,0.069536,0.000064,0.000964,0.000508,-0.007150,-0.068265,-0.007884,0.069090,1.079260,10.304252,1.190118,10.304252,98.380026,11.362676,1.190118,11.362676,1.312364,-0.000000,0.000000,100.771649,-0.007150,-0.068265,-0.007884,0.069090,1.088127,10.388913,1.199896,10.388913,99.188327,11.456033,1.199896,11.456033,1.323147,0.000000,0.000000,101.599601,0.014396,0.100751,0.049188,0.014430,0.100937,0.049291,-0.000035,-0.000186,-0.000103,0.001070,0.016384,-0.000795,0.016438,0.456629,6.992964,-0.339253,6.992964,107.092506,-5.195424,-0.339253,-5.195424,0.252048,-0.000000,0.000000,107.801183,0.001070,0.016384,-0.000795,0.016438,0.455506,6.975773,-0.338419,6.975773,106.829239,-5.182652,-0.338419,-5.182652,0.251428,0.000000,0.000000,107.536174,0.026010,0.083216,0.049636,0.026211,0.082939,0.049944,-0.000201,0.000277,-0.000307,-0.000325,0.002025,-0.000029,0.002051,2.015125,-12.573069,0.179014,-12.573069,78.447765,-1.116931,0.179014,-1.116931,0.015903,-0.000000,0.000000,80.478793,-0.000325,0.002025,-0.000029,0.002051,1.990114,-12.417014,0.176792,-12.417014,77.474081,-1.103067,0.176792,-1.103067,0.015705,-0.000000,0.000000,79.479900
2.8850,post_ramp,0.072,100.0000,4.029768,-1.305418,-1.271670,0.001534,-0.093573,1.302350,-2.064738,1.073787,-2.672195,1.584602,-2.406816,1.702719,-2.124563,0.023981,-0.006899,0.023981,0.023981,0.023981,0.245808,0.023981,0.011809,0.023981,0.023981,0.023981,-0.044165,0.023981,1.496942,-0.739195,1.050967,-0.001329,0.003119,0.000000,-0.003119,-0.004679,0.791829,0.947128,0.947128,0.652862,1.185534,1.185534,0.963438,1.104044,1.104044,1.035253,1.098533,1.098533,-0.011217,0.089947,-0.014032,0.003613,0.061050,-0.009209,-0.014831,0.028897,-0.004823,0.553429,-0.613575,0.966812,1.271803,21.872792,-24.249880,38.210630,-24.249880,26.885304,-42.363278,38.210630,-42.363278,66.751982,-0.000000,0.000000,115.510079,0.553429,-0.613575,0.966812,1.271803,15.274165,-16.934128,26.683171,-16.934128,18.774492,-29.583040,26.683171,-29.583040,46.614112,-0.000000,0.000000,80.662769,-0.016048,0.113262,0.069901,-0.015748,0.111331,0.067056,-0.000299,0.001931,0.002846,-0.027616,-0.244659,-0.128056,0.277523,1.053666,9.334858,4.885930,9.334858,82.701321,43.286447,4.885930,43.286447,22.656428,-0.000000,0.000000,106.411415,-0.027616,-0.244659,-0.128056,0.277523,1.085469,9.616616,5.033404,9.616616,85.197527,44.592979,5.033404,44.592979,23.340275,-0.000000,-0.000000,109.623272,0.001549,0.107172,0.070044,0.001485,0.106208,0.069536,0.000064,0.000964,0.000508,-0.007150,-0.068265,-0.007884,0.069090,1.079260,10.304252,1.190118,10.304252,98.380026,11.362676,1.190118,11.362676,1.312364,-0.000000,0.000000,100.771649,-0.007150,-0.068265,-0.007884,0.069090,1.088127,10.388913,1.199896,10.388913,99.188327,11.456033,1.199896,11.456033,1.323147,0.000000,0.000000,101.599601,0.014396,0.100751,0.049188,0.014430,0.100937,0.049291,-0.000035,-0.000186,-0.000103,0.001070,0.016384,-0.000795,0.016438,0.456629,6.992964,-0.339253,6.992964,107.092506,-5.195424,-0.339253,-5.195424,0.252048,0.000000,0.000000,107.801183,0.001070,0.016384,-0.000795,0.016438,0.455506,6.975773,-0.338419,6.975773,106.829240,-5.182652,-0.338419,-5.182652,0.251428,-0.000000,0.000000,107.536175,0.026047,0.083260,0.049706,0.026211,0.082939,0.049944,-0.000164,0.000321,-0.000238,0.000558,-0.003500,0.000044,0.003545,1.991618,-12.501668,0.157634,-12.501668,78.474740,-0.989490,0.157634,-0.989490,0.012476,-0.000000,0.000000,80.478834,0.000558,-0.003500,0.000044,0.003545,1.972214,-12.379868,0.156098,-12.379868,77.710188,-0.979849,0.156098,-0.979849,0.012355,-0.000000,-0.000000,79.694758
2.9031,post_ramp,0.072,100.0000,4.029768,-1.305418,-1.271670,0.001534,-0.093573,1.300816,-2.064738,1.073787,-2.672195,1.584602,-2.406816,1.702719,-2.124563,0.023981,-0.026139,0.023981,0.023981,0.023981,0.254205,0.023981,0.017512,0.023981,0.023981,0.023981,-0.069833,0.023981,1.496942,-0.739195,1.050967,-0.001329,0.003119,0.000000,-0.003119,-0.004679,0.790896,0.947128,0.947128,0.652862,1.185534,1.185534,0.963438,1.104044,1.104044,1.035253,1.098533,1.098533,-0.011217,0.089947,-0.014032,0.003613,0.061050,-0.009209,-0.014831,0.028897,-0.004823,0.553429,-0.613575,0.966812,1.271803,21.872792,-24.249880,38.210630,-24.249880,26.885304,-42.363278,38.210630,-42.363278,66.751982,-0.000000,0.000000,115.510079,0.553429,-0.613575,0.966812,1.271803,15.274165,-16.934128,26.683171,-16.934128,18.774492,-29.583040,26.683171,-29.583040,46.614112,-0.000000,0.000000,80.662769,-0.016057,0.113274,0.069966,-0.015748,0.111331,0.067056,-0.000309,0.001943,0.002910,-0.028101,-0.249289,-0.130770,0.282905,1.049920,9.313945,4.885858,9.313945,82.624905,43.342917,4.885858,43.342917,22.736588,0.000000,0.000000,106.411413,-0.028101,-0.249289,-0.130770,0.282905,1.082623,9.604051,5.038040,9.604051,85.198467,44.692942,5.038040,44.692942,23.444777,-0.000000,0.000000,109.725866,0.001549,0.107172,0.070044,0.001485,0.106208,0.069536,0.000064,0.000964,0.000508,-0.007150,-0.068265,-0.007884,0.069090,1.079260,10.304252,1.190118,10.304252,98.380026,11.362676,1.190118,11.362676,1.312364,-0.000000,0.000000,100.771649,-0.007150,-0.068265,-0.007884,0.069090,1.088127,10.388913,1.199896,10.388913,99.188327,11.456033,1.199896,11.456033,1.323147,0.000000,0.000000,101.599601,0.014396,0.100751,0.049188,0.014430,0.100937,0.049291,-0.000035,-0.000186,-0.000103,0.001070,0.016384,-0.000795,0.016438,0.456629,6.992964,-0.339253,6.992964,107.092506,-5.195424,-0.339253,-5.195424,0.252048,-0.000000,0.000000,107.801183,0.001070,0.016384,-0.000795,0.016438,0.455506,6.975773,-0.338419,6.975773,106.829241,-5.182652,-0.338419,-5.182652,0.251428,-0.000000,-0.000000,107.536175,0.026047,0.083260,0.049706,0.026211,0.082939,0.049944,-0.000164,0.000321,-0.000238,0.000558,-0.003500,0.000044,0.003545,1.991618,-12.501668,0.157634,-12.501668,78.474740,-0.989490,0.157634,-0.989490,0.012476,-0.000000,0.000000,80.478834,0.000558,-0.003500,0.000044,0.003545,1.972214,-12.379869,0.156098,-12.379869,77.710190,-0.979849,0.156098,-0.979849,0.012355,-0.000000,0.000000,79.694759
2.9213,post_ramp,0.072,100.0000,4.029768,-1.303884,-1.271670,0.001534,-0.093573,1.299282,-2.064738,1.073787,-2.672195,1.584602,-2.406816,1.702719,-2.124563,0.023981,-0.011343,0.023981,0.023981,0.023981,0.148701,0.023981,0.020543,0.023981,0.023981,0.023981,-0.054047,0.023981,1.496942,-0.738326,1.050967,-0.001329,0.003119,0.000000,-0.003119,-0.004679,0.789963,0.947128,0.947128,0.652862,1.185534,1.185534,0.963438,1.104044,1.104044,1.035253,1.098533,1.098533,-0.011228,0.089972,-0.013986,0.003613,0.061050,-0.009209,-0.014841,0.028922,-0.004778,0.552953,-0.613594,0.965099,1.270303,21.887571,-24.287928,38.201569,-24.287928,26.951526,-42.391042,38.201569,-42.391042,66.675277,-0.000000,0.000000,115.514374,0.552953,-0.613594,0.965099,1.270303,15.279458,-16.955119,26.668069,-16.955119,18.814546,-29.592692,26.668069,-29.592692,46.545233,-0.000000,0.000000,80.639237,-0.016067,0.113285,0.070030,-0.015748,0.111331,0.067056,-0.000319,0.001954,0.002974,-0.028585,-0.253914,-0.133494,0.288288,1.046181,9.293037,4.885750,9.293037,82.548379,43.399241,4.885750,43.399241,22.816852,-0.000000,-0.000000,106.411412,-0.028585,-0.253914,-0.133494,0.288288,1.079775,9.591444,5.042636,9.591444,85.199076,44.792827,5.042636,44.792827,23.549520,-0.000000,0.000000,109.828371,0.001549,0.107172,0.070044,0.001485,0.106208,0.069536,0.000064,0.000964,0.000508,-0.007150,-0.068265,-0.007884,0.069090,1.079260,10.304252,1.190118,10.304252,98.380026,11.362676,1.190118,11.362676,1.312364,-0.000000,0.000000,100.771649,-0.007150,-0.068265,-0.007884,0.069090,1.088127,10.388913,1.199896,10.388913,99.188327,11.456033,1.199896,11.456033,1.323147,0.000000,0.000000,101.599601,0.014396,0.100751,0.049188,0.014430,0.100937,0.049291,-0.000035,-0.000186,-0.000103,0.001070,0.016384,-0.000795,0.016438,0.456629,6.992964,-0.339253,6.992964,107.092506,-5.195424,-0.339253,-5.195424,0.252048,-0.000000,0.000000,107.801183,0.001070,0.016384,-0.000795,0.016438,0.455507,6.975773,-0.338419,6.975773,106.829241,-5.182652,-0.338419,-5.182652,0.251428,-0.000000,0.000000,107.536176,0.026047,0.083260,0.049706,0.026211,0.082939,0.049944,-0.000164,0.000321,-0.000238,0.000558,-0.003500,0.000044,0.003545,1.991618,-12.501668,0.157634,-12.501668,78.474740,-0.989490,0.157634,-0.989490,0.012476,-0.000000,0.000000,80.478834,0.000558,-0.003500,0.000044,0.003545,1.972214,-12.379869,0.156098,-12.379869,77.710191,-0.979849,0.156098,-0.979849,0.012355,-0.000000,-0.000000,79.694760
2.9394,post_ramp,0.072,100.0000,4.029768,-1.302350,-1.271670,0.001534,-0.093573,1.296214,-2.064738,1.073787,-2.672195,1.584602,-2.406816,1.702719,-2.124563,0.023981,0.025342,0.023981,0.023981,0.023981,0.038486,0.023981,0.010918,0.023981,0.023981,0.023981,-0.028723,0.023981,1.496942,-0.737457,1.050967,-0.001329,0.003119,0.000000,-0.003119,-0.004679,0.788098,0.947128,0.947128,0.652862,1.185534,1.185534,0.963438,1.104044,1.104044,1.035253,1.098533,1.098533,-0.011238,0.089998,-0.013941,0.003613,0.061050,-0.009209,-0.014852,0.028948,-0.004732,0.552477,-0.613612,0.963387,1.268805,21.902362,-24.325982,38.192474,-24.325982,27.017790,-42.418688,38.192474,-42.418688,66.598529,-0.000000,0.000000,115.518681,0.552477,-0.613612,0.963387,1.268805,15.284757,-16.976102,26.652956,-16.976102,18.854604,-29.602257,26.652956,-29.602257,46.476374,-0.000000,0.000000,80.615735,-0.016087,0.113307,0.070159,-0.015748,0.111331,0.067056,-0.000339,0.001976,0.003103,-0.029547,-0.263153,-0.138967,0.299056,1.038722,9.251242,4.885430,9.251242,82.394998,43.511453,4.885430,43.511453,22.977688,-0.000000,0.000000,106.411408,-0.029547,-0.263153,-0.138967,0.299056,1.074075,9.566107,5.051705,9.566107,85.199306,44.992363,5.051705,44.992363,23.759732,-0.000000,0.000000,110.033113,0.001549,0.107172,0.070044,0.001485,0.106208,0.069536,0.000064,0.000964,0.000508,-0.007150,-0.068265,-0.007884,0.069090,1.079260,10.304252,1.190118,10.304252,98.380026,11.362676,1.190118,11.362676,1.312364,-0.000000,0.000000,100.771649,-0.007150,-0.068265,-0.007884,0.069090,1.088127,10.388913,1.199896,10.388913,99.188327,11.456033,1.199896,11.456033,1.323147,0.000000,0.000000,101.599601,0.014396,0.100751,0.049188,0.014430,0.100937,0.049291,-0.000035,-0.000186,-0.000103,0.001070,0.016384,-0.000795,0.016438,0.456629,6.992964,-0.339253,6.992964,107.092506,-5.195424,-0.339253,-5.195424,0.252048,-0.000000,-0.000000,107.801183,0.001070,0.016384,-0.000795,0.016438,0.455507,6.975773,-0.338419,6.975773,106.829242,-5.182652,-0.338419,-5.182652,0.251428,-0.000000,0.000000,107.536177,0.026047,0.083260,0.049706,0.026211,0.082939,0.049944,-0.000164,0.000321,-0.000238,0.000558,-0.003501,0.000044,0.003545,1.991618,-12.501668,0.157634,-12.501668,78.474740,-0.989490,0.157634,-0.989490,0.012476,-0.000000,0.000000,80.478834,0.000558,-0.003501,0.000044,0.003545,1.972214,-12.379869,0.156098,-12.379869,77.710194,-0.979849,0.156098,-0.979849,0.012355,0.000000,0.000000,79.694763
2.9576,post_ramp,0.072,100.0000,4.029768,-1.302350,-1.271670,0.001534,-0.093573,1.293146,-2.064738,1.073787,-2.672195,1.584602,-2.406816,1.701185,-2.124563,0.023981,0.040678,0.023981,0.023981,0.023981,-0.033981,0.023981,0.008200,0.023981,0.023981,0.023981,-0.015264,0.023981,1.496942,-0.737457,1.050967,-0.001329,0.003119,0.000000,-0.003119,-0.004679,0.786233,0.947128,0.947128,0.652862,1.185534,1.185534,0.963438,1.104044,1.104044,1.034320,1.098533,1.098533,-0.011238,0.089998,-0.013941,0.003613,0.061050,-0.009209,-0.014852,0.028948,-0.004732,0.552477,-0.613612,0.963387,1.268805,21.902362,-24.325982,38.192474,-24.325982,27.017790,-42.418688,38.192474,-42.418688,66.598529,-0.000000,0.000000,115.518681,0.552477,-0.613612,0.963387,1.268805,15.284757,-16.976102,26.652956,-16.976102,18.854604,-29.602257,26.652956,-29.602257,46.476374,-0.000000,0.000000,80.615735,-0.016107,0.113329,0.070287,-0.015748,0.111331,0.067056,-0.000358,0.001998,0.003232,-0.030501,-0.272375,-0.144475,0.309825,1.031289,9.209474,4.884969,9.209474,82.241182,43.623082,4.884969,43.623082,23.138934,-0.000000,-0.000000,106.411405,-0.030501,-0.272375,-0.144475,0.309825,1.068369,9.540606,5.060611,9.540606,85.198218,45.191579,5.060611,45.191579,23.970910,-0.000000,0.000000,110.237497,0.001549,0.107172,0.070044,0.001485,0.106208,0.069536,0.000064,0.000964,0.000508,-0.007150,-0.068265,-0.007884,0.069090,1.079260,10.304252,1.190118,10.304252,98.380026,11.362676,1.190118,11.362676,1.312364,-0.000000,0.000000,100.771649,-0.007150,-0.068265,-0.007884,0.069090,1.088127,10.388913,1.199896,10.388913,99.188327,11.456033,1.199896,11.456033,1.323147,0.000000,0.000000,101.599601,0.014396,0.100751,0.049188,0.014430,0.100937,0.049291,-0.000035,-0.000186,-0.000103,0.001070,0.016383,-0.000795,0.016437,0.456629,6.992964,-0.339253,6.992964,107.092506,-5.195424,-0.339253,-5.195424,0.252048,-0.000000,0.000000,107.801183,0.001070,0.016383,-0.000795,0.016437,0.455507,6.975774,-0.338419,6.975774,106.829245,-5.182653,-0.338419,-5.182653,0.251428,-0.000000,0.000000,107.536180,0.026066,0.083282,0.049740,0.026211,0.082939,0.049944,-0.000145,0.000343,-0.000203,0.000995,-0.006266,0.000074,0.006345,1.979913,-12.465931,0.147033,-12.465931,78.488023,-0.925747,0.147033,-0.925747,0.010919,-0.000000,0.000000,80.478855,0.000995,-0.006266,0.000074,0.006345,1.963264,-12.361106,0.145796,-12.361106,77.828024,-0.917962,0.145796,-0.917962,0.010827,-0.000000,0.000000,79.802115
2.9758,post_ramp,0.072,100.0000,4.029768,-1.303884,-1.271670,0.001534,-0.093573,1.291612,-2.064738,1.073787,-2.672195,1.584602,-2.406816,1.701185,-2.124563,0.023981,0.044091,0.023981,0.023981,0.023981,-0.080740,0.023981,0.004358,0.023981,0.023981,0.023981,-0.019349,0.023981,1.496942,-0.738326,1.050967,-0.001329,0.003119,0.000000,-0.003119,-0.004679,0.785300,0.947128,0.947128,0.652862,1.185534,1.185534,0.963438,1.104044,1.104044,1.034320,1.098533,1.098533,-0.011228,0.089972,-0.013986,0.003613,0.061050,-0.009209,-0.014841,0.028922,-0.004778,0.552953,-0.613594,0.965099,1.270303,21.887571,-24.287928,38.201569,-24.287928,26.951526,-42.391042,38.201569,-42.391042,66.675277,-0.000000,0.000000,115.514374,0.552953,-0.613594,0.965099,1.270303,15.279458,-16.955119,26.668069,-16.955119,18.814546,-29.592692,26.668069,-29.592692,46.545233,-0.000000,0.000000,80.639237,-0.016117,0.113340,0.070352,-0.015748,0.111331,0.067056,-0.000368,0.002009,0.003296,-0.030975,-0.276979,-0.147243,0.315210,1.027582,9.188600,4.884686,9.188600,82.164111,43.678677,4.884686,43.678677,23.219710,-0.000000,0.000000,106.411403,-0.030975,-0.276979,-0.147243,0.315210,1.065515,9.527795,5.065003,9.527795,85.197179,45.291065,5.065003,45.291065,24.076860,-0.000000,0.000000,110.339555,0.001549,0.107172,0.070044,0.001485,0.106208,0.069536,0.000064,0.000964,0.000508,-0.007150,-0.068265,-0.007884,0.069090,1.079260,10.304252,1.190118,10.304252,98.380026,11.362676,1.190118,11.362676,1.312364,-0.000000,0.000000,100.771649,-0.007150,-0.068265,-0.007884,0.069090,1.088127,10.388913,1.199896,10.388913,99.188327,11.456033,1.199896,11.456033,1.323147,0.000000,0.000000,101.599601,0.014396,0.100751,0.049188,0.014430,0.100937,0.049291,-0.000035,-0.000186,-0.000103,0.001070,0.016383,-0.000795,0.016437,0.456629,6.992964,-0.339253,6.992964,107.092506,-5.195424,-0.339253,-5.195424,0.252048,-0.000000,0.000000,107.801183,0.001070,0.016383,-0.000795,0.016437,0.455507,6.975774,-0.338419,6.975774,106.829246,-5.182653,-0.338419,-5.182653,0.251428,-0.000000,0.000000,107.536180,0.026066,0.083282,0.049740,0.026211,0.082939,0.049944,-0.000145,0.000343,-0.000203,0.000995,-0.006266,0.000074,0.006345,1.979913,-12.465931,0.147033,-12.465931,78.488023,-0.925747,0.147033,-0.925747,0.010919,-0.000000,-0.000000,80.478855,0.000995,-0.006266,0.000074,0.006345,1.963264,-12.361106,0.145796,-12.361106,77.828025,-0.917962,0.145796,-0.917962,0.010827,-0.000000,0.000000,79.802116
2.9942,post_ramp,0.072,100.0000,4.029768,-1.303884,-1.271670,0.001534,-0.093573,1.288544,-2.064738,1.073787,-2.672195,1.584602,-2.406816,1.701185,-2.124563,0.023981,0.023613,0.023981,0.023981,0.023981,-0.110327,0.023981,0.004714,0.023981,0.023981,0.023981,-0.028941,0.023981,1.496942,-0.738326,1.050967,-0.001329,0.003119,0.000000,-0.003119,-0.004679,0.783435,0.947128,0.947128,0.652862,1.185534,1.185534,0.963438,1.104044,1.104044,1.034320,1.098533,1.098533,-0.011228,0.089972,-0.013986,0.003613,0.061050,-0.009209,-0.014841,0.028922,-0.004778,0.552953,-0.613594,0.965099,1.270303,21.887571,-24.287928,38.201569,-24.287928,26.951526,-42.391042,38.201569,-42.391042,66.675277,-0.000000,0.000000,115.514374,0.552953,-0.613594,0.965099,1.270303,15.279458,-16.955119,26.668069,-16.955119,18.814546,-29.592692,26.668069,-29.592692,46.545233,-0.000000,0.000000,80.639237,-0.016136,0.113362,0.070480,-0.015748,0.111331,0.067056,-0.000388,0.002031,0.003425,-0.031918,-0.286176,-0.152805,0.325983,1.020188,9.146872,4.884015,9.146872,82.009644,43.789428,4.884015,43.789428,23.381567,-0.000000,0.000000,106.411399,-0.031918,-0.286176,-0.152805,0.325983,1.059803,9.502049,5.073663,9.502049,85.194115,45.489791,5.073663,45.489791,24.289483,0.000000,0.000000,110.543401,0.001549,0.107172,0.070044,0.001485,0.106208,0.069536,0.000064,0.000964,0.000508,-0.007150,-0.068265,-0.007884,0.069090,1.079260,10.304252,1.190118,10.304252,98.380026,11.362676,1.190118,11.362676,1.312364,-0.000000,0.000000,100.771649,-0.007150,-0.068265,-0.007884,0.069090,1.088127,10.388913,1.199896,10.388913,99.188327,11.456033,1.199896,11.456033,1.323147,0.000000,0.000000,101.599601,0.014396,0.100751,0.049188,0.014430,0.100937,0.049291,-0.000035,-0.000186,-0.000103,0.001070,0.016383,-0.000795,0.016437,0.456629,6.992964,-0.339253,6.992964,107.092506,-5.195424,-0.339253,-5.195424,0.252048,-0.000000,0.000000,107.801183,0.001070,0.016383,-0.000795,0.016437,0.455507,6.975774,-0.338419,6.975774,106.829247,-5.182653,-0.338419,-5.182653,0.251428,-0.000000,0.000000,107.536182,0.026066,0.083282,0.049740,0.026211,0.082939,0.049944,-0.000145,0.000343,-0.000203,0.000995,-0.006266,0.000074,0.006345,1.979913,-12.465931,0.147033,-12.465931,78.488023,-0.925747,0.147033,-0.925747,0.010919,-0.000000,0.000000,80.478855,0.000995,-0.006266,0.000074,0.006345,1.963264,-12.361106,0.145796,-12.361106,77.828028,-0.917962,0.145796,-0.917962,0.010827,-0.000000,-0.000000,79.802119
3.0121,post_ramp,0.072,100.0000,4.029768,-1.303884,-1.271670,0.001534,-0.093573,1.288544,-2.064738,1.073787,-2.672195,1.584602,-2.406816,1.701185,-2.124563,0.023981,0.001312,0.023981,0.023981,0.023981,-0.107334,0.023981,0.013742,0.023981,0.023981,0.023981,-0.014399,0.023981,1.496942,-0.738326,1.050967,-0.001329,0.003119,0.000000,-0.003119,-0.004679,0.783435,0.947128,0.947128,0.652862,1.185534,1.185534,0.963438,1.104044,1.104044,1.034320,1.098533,1.098533,-0.011228,0.089972,-0.013986,0.003613,0.061050,-0.009209,-0.014841,0.028922,-0.004778,0.552953,-0.613594,0.965099,1.270303,21.887571,-24.287928,38.201569,-24.287928,26.951526,-42.391042,38.201569,-42.391042,66.675277,-0.000000,0.000000,115.514374,0.552953,-0.613594,0.965099,1.270303,15.279458,-16.955119,26.668069,-16.955119,18.814546,-29.592692,26.668069,-29.592692,46.545233,-0.000000,0.000000,80.639237,-0.016136,0.113362,0.070480,-0.015748,0.111331,0.067056,-0.000388,0.002031,0.003425,-0.031918,-0.286176,-0.152805,0.325983,1.020188,9.146872,4.884015,9.146872,82.009644,43.789428,4.884015,43.789428,23.381567,-0.000000,0.000000,106.411399,-0.031918,-0.286176,-0.152805,0.325983,1.059803,9.502049,5.073663,9.502049,85.194115,45.489791,5.073663,45.489791,24.289483,0.000000,0.000000,110.543401,0.001549,0.107172,0.070044,0.001485,0.106208,0.069536,0.000064,0.000964,0.000508,-0.007150,-0.068265,-0.007884,0.069090,1.079260,10.304252,1.190118,10.304252,98.380026,11.362676,1.190118,11.362676,1.312364,-0.000000,0.000000,100.771649,-0.007150,-0.068265,-0.007884,0.069090,1.088127,10.388913,1.199896,10.388913,99.188327,11.456033,1.199896,11.456033,1.323147,0.000000,0.000000,101.599601,0.014396,0.100751,0.049188,0.014430,0.100937,0.049291,-0.000035,-0.000186,-0.000103,0.001070,0.016383,-0.000795,0.016437,0.456629,6.992964,-0.339253,6.992964,107.092506,-5.195424,-0.339253,-5.195424,0.252048,-0.000000,0.000000,107.801183,0.001070,0.016383,-0.000795,0.016437,0.455507,6.975774,-0.338419,6.975774,106.829247,-5.182653,-0.338419,-5.182653,0.251428,-0.000000,0.000000,107.536182,0.026066,0.083282,0.049740,0.026211,0.082939,0.049944,-0.000145,0.000343,-0.000203,0.000995,-0.006266,0.000074,0.006345,1.979913,-12.465931,0.147033,-12.465931,78.488023,-0.925747,0.147033,-0.925747,0.010919,-0.000000,0.000000,80.478855,0.000995,-0.006266,0.000074,0.006345,1.963264,-12.361106,0.145796,-12.361106,77.828028,-0.917962,0.145796,-0.917962,0.010827,-0.000000,-0.000000,79.802119
3.0303,post_ramp,0.072,100.0000,4.029768,-1.305418,-1.271670,0.001534,-0.093573,1.287010,-2.064738,1.073787,-2.672195,1.584602,-2.406816,1.701185,-2.124563,0.023981,-0.010539,0.023981,0.023981,0.023981,-0.084252,0.023981,0.018539,0.023981,0.023981,0.023981,0.002011,0.023981,1.496942,-0.739195,1.050967,-0.001329,0.003119,0.000000,-0.003119,-0.004679,0.782502,0.947128,0.947128,0.652862,1.185534,1.185534,0.963438,1.104044,1.104044,1.034320,1.098533,1.098533,-0.011217,0.089947,-0.014032,0.003613,0.061050,-0.009209,-0.014831,0.028897,-0.004823,0.553429,-0.613575,0.966812,1.271803,21.872792,-24.249880,38.210630,-24.249880,26.885304,-42.363278,38.210630,-42.363278,66.751982,-0.000000,0.000000,115.510079,0.553429,-0.613575,0.966812,1.271803,15.274165,-16.934128,26.683171,-16.934128,18.774492,-29.583040,26.683171,-29.583040,46.614112,-0.000000,0.000000,80.662769,-0.016146,0.113373,0.070545,-0.015748,0.111331,0.067056,-0.000398,0.002042,0.003489,-0.032387,-0.290767,-0.155599,0.331369,1.016501,9.126019,4.883626,9.126019,81.932250,43.844583,4.883626,43.844583,23.462647,-0.000000,0.000000,106.411398,-0.032387,-0.290767,-0.155599,0.331369,1.056945,9.489116,5.077931,9.489116,85.192090,45.589028,5.077931,45.589028,24.396155,-0.000000,0.000000,110.645190,0.001549,0.107172,0.070044,0.001485,0.106208,0.069536,0.000064,0.000964,0.000508,-0.007150,-0.068265,-0.007884,0.069090,1.079260,10.304252,1.190118,10.304252,98.380026,11.362676,1.190118,11.362676,1.312364,-0.000000,0.000000,100.771649,-0.007150,-0.068265,-0.007884,0.069090,1.088127,10.388913,1.199896,10.388913,99.188327,11.456033,1.199896,11.456033,1.323147,0.000000,0.000000,101.599601,0.014396,0.100751,0.049188,0.014430,0.100937,0.049291,-0.000035,-0.000186,-0.000103,0.001070,0.016383,-0.000795,0.016437,0.456629,6.992964,-0.339253,6.992964,107.092506,-5.195424,-0.339253,-5.195424,0.252048,-0.000000,0.000000,107.801183,0.001070,0.016383,-0.000795,0.016437,0.455507,6.975774,-0.338419,6.975774,106.829247,-5.182653,-0.338419,-5.182653,0.251428,-0.000000,0.000000,107.536182,0.026066,0.083282,0.049740,0.026211,0.082939,0.049944,-0.000145,0.000343,-0.000203,0.000995,-0.006266,0.000074,0.006345,1.979913,-12.465931,0.147033,-12.465931,78.488023,-0.925747,0.147033,-0.925747,0.010919,-0.000000,0.000000,80.478855,0.000995,-0.006266,0.000074,0.006345,1.963264,-12.361106,0.145796,-12.361106,77.828029,-0.917962,0.145796,-0.917962,0.010827,-0.000000,0.000000,79.802120
3.0492,post_ramp,0.072,100.0000,4.029768,-1.303884,-1.271670,0.001534,-0.093573,1.285476,-2.064738,1.073787,-2.672195,1.584602,-2.406816,1.701185,-2.124563,0.023981,-0.012281,0.023981,0.023981,0.023981,-0.077068,0.023981,0.014590,0.023981,0.023981,0.023981,0.006456,0.023981,1.496942,-0.738326,1.050967,-0.001329,0.003119,0.000000,-0.003119,-0.004679,0.781569,0.947128,0.947128,0.652862,1.185534,1.185534,0.963438,1.104044,1.104044,1.034320,1.098533,1.098533,-0.011228,0.089972,-0.013986,0.003613,0.061050,-0.009209,-0.014841,0.028922,-0.004778,0.552953,-0.613594,0.965099,1.270303,21.887571,-24.287928,38.201569,-24.287928,26.951526,-42.391042,38.201569,-42.391042,66.675277,-0.000000,0.000000,115.514374,0.552953,-0.613594,0.965099,1.270303,15.279458,-16.955119,26.668069,-16.955119,18.814546,-29.592692,26.668069,-29.592692,46.545233,-0.000000,0.000000,80.639237,-0.016156,0.113384,0.070609,-0.015748,0.111331,0.067056,-0.000408,0.002053,0.003554,-0.032854,-0.295355,-0.158402,0.336757,1.012820,9.105172,4.883203,9.105172,81.854748,43.899591,4.883203,43.899591,23.543828,-0.000000,0.000000,106.411396,-0.032854,-0.295355,-0.158402,0.336757,1.054086,9.476142,5.082158,9.476142,85.189735,45.688181,5.082158,45.688181,24.503068,-0.000000,-0.000000,110.746888,0.001549,0.107172,0.070044,0.001485,0.106208,0.069536,0.000064,0.000964,0.000508,-0.007150,-0.068265,-0.007884,0.069090,1.079260,10.304252,1.190118,10.304252,98.380026,11.362676,1.190118,11.362676,1.312364,-0.000000,0.000000,100.771649,-0.007150,-0.068265,-0.007884,0.069090,1.088127,10.388913,1.199896,10.388913,99.188327,11.456033,1.199896,11.456033,1.323147,0.000000,0.000000,101.599601,0.014396,0.100751,0.049188,0.014430,0.100937,0.049291,-0.000035,-0.000186,-0.000103,0.001070,0.016383,-0.000795,0.016437,0.456629,6.992964,-0.339253,6.992964,107.092506,-5.195424,-0.339253,-5.195424,0.252048,-0.000000,0.000000,107.801183,0.001070,0.016383,-0.000795,0.016437,0.455507,6.975774,-0.338419,6.975774,106.829248,-5.182653,-0.338419,-5.182653,0.251428,-0.000000,0.000000,107.536183,0.026066,0.083282,0.049740,0.026211,0.082939,0.049944,-0.000145,0.000343,-0.000203,0.000995,-0.006266,0.000074,0.006345,1.979913,-12.465931,0.147033,-12.465931,78.488023,-0.925747,0.147033,-0.925747,0.010919,-0.000000,-0.000000,80.478855,0.000995,-0.006266,0.000074,0.006345,1.963264,-12.361107,0.145796,-12.361107,77.828031,-0.917962,0.145796,-0.917962,0.010827,-0.000000,-0.000000,79.802122
3.0667,post_ramp,0.072,100.0000,4.029768,-1.300816,-1.271670,0.001534,-0.093573,1.282408,-2.064738,1.073787,-2.672195,1.584602,-2.406816,1.702719,-2.124563,0.023981,0.028158,0.023981,0.023981,0.023981,-0.081165,0.023981,0.007754,0.023981,0.023981,0.023981,0.014668,0.023981,1.496942,-0.736589,1.050967,-0.001329,0.003119,0.000000,-0.003119,-0.004679,0.779704,0.947128,0.947128,0.652862,1.185534,1.185534,0.963438,1.104044,1.104044,1.035253,1.098533,1.098533,-0.011249,0.090023,-0.013895,0.003613,0.061050,-0.009209,-0.014862,0.028973,-0.004686,0.552001,-0.613627,0.961677,1.267307,21.917164,-24.364042,38.183345,-24.364042,27.084095,-42.446214,38.183345,-42.446214,66.521739,0.000000,0.000000,115.522998,0.552001,-0.613627,0.961677,1.267307,15.290063,-16.997077,26.637833,-16.997077,18.894667,-29.611736,26.637833,-29.611736,46.407535,0.000000,0.000000,80.592265,-0.016176,0.113405,0.070738,-0.015748,0.111331,0.067056,-0.000427,0.002074,0.003682,-0.033782,-0.304517,-0.164035,0.347533,1.005479,9.063501,4.882251,9.063501,81.699423,44.009165,4.882251,44.009165,23.706490,-0.000000,0.000000,106.411392,-0.033782,-0.304517,-0.164035,0.347533,1.048364,9.450075,5.090487,9.450075,85.184039,45.886229,5.090487,45.886229,24.717611,-0.000000,0.000000,110.950015,0.001549,0.107172,0.070044,0.001485,0.106208,0.069536,0.000064,0.000964,0.000508,-0.007150,-0.068265,-0.007884,0.069090,1.079260,10.304252,1.190118,10.304252,98.380026,11.362676,1.190118,11.362676,1.312364,-0.000000,0.000000,100.771649,-0.007150,-0.068265,-0.007884,0.069090,1.088127,10.388913,1.199896,10.388913,99.188327,11.456033,1.199896,11.456033,1.323147,0.000000,0.000000,101.599601,0.014396,0.100751,0.049188,0.014430,0.100937,0.049291,-0.000035,-0.000186,-0.000103,0.001070,0.016383,-0.000795,0.016437,0.456629,6.992964,-0.339253,6.992964,107.092506,-5.195424,-0.339253,-5.195424,0.252048,-0.000000,0.000000,107.801183,0.001070,0.016383,-0.000795,0.016437,0.455507,6.975774,-0.338419,6.975774,106.829247,-5.182653,-0.338419,-5.182653,0.251428,0.000000,0.000000,107.536182,0.026047,0.083260,0.049706,0.026211,0.082939,0.049944,-0.000164,0.000321,-0.000238,0.000558,-0.003501,0.000044,0.003546,1.991618,-12.501668,0.157634,-12.501668,78.474740,-0.989490,0.157634,-0.989490,0.012476,-0.000000,0.000000,80.478834,0.000558,-0.003501,0.000044,0.003546,1.972215,-12.379871,0.156098,-12.379871,77.710206,-0.979850,0.156098,-0.979850,0.012355,-0.000000,0.000000,79.694775
