time_s,phase,ramp_duration_s,k_tip_Npm,q_motor_0_rad,q_motor_1_rad,q_motor_2_rad,q_motor_3_rad,q_motor_4_rad,q_motor_5_rad,q_motor_6_rad,q_motor_7_rad,q_motor_8_rad,q_motor_9_rad,q_motor_10_rad,q_motor_11_rad,q_motor_12_rad,q_dot_motor_0_rads,q_dot_motor_1_rads,q_dot_motor_2_rads,q_dot_motor_3_rads,q_dot_motor_4_rads,q_dot_motor_5_rads,q_dot_motor_6_rads,q_dot_motor_7_rads,q_dot_motor_8_rads,q_dot_motor_9_rads,q_dot_motor_10_rads,q_dot_motor_11_rads,q_dot_motor_12_rads,joint_thumb_CMC1_rad,joint_thumb_CMC2_rad,joint_thumb_MCP_rad,joint_thumb_IP_rad,joint_spread_index_rad,joint_spread_middle_rad,joint_spread_ring_rad,joint_spread_pinky_rad,joint_index_MCP_rad,joint_index_PIP_rad,joint_index_DIP_rad,joint_middle_MCP_rad,joint_middle_PIP_rad,joint_middle_DIP_rad,joint_ring_MCP_rad,joint_ring_PIP_rad,joint_ring_DIP_rad,joint_pinky_MCP_rad,joint_pinky_PIP_rad,joint_pinky_DIP_rad,tip_thumb_x_m,tip_thumb_y_m,tip_thumb_z_m,ref_thumb_x_m,ref_thumb_y_m,ref_thumb_z_m,disp_thumb_x_m,disp_thumb_y_m,disp_thumb_z_m,force_1st_thumb_x_N,force_1st_thumb_y_N,force_1st_thumb_z_N,force_1st_thumb_mag_N,stiff_1st_thumb_00_Npm,stiff_1st_thumb_01_Npm,stiff_1st_thumb_02_Npm,stiff_1st_thumb_10_Npm,stiff_1st_thumb_11_Npm,stiff_1st_thumb_12_Npm,stiff_1st_thumb_20_Npm,stiff_1st_thumb_21_Npm,stiff_1st_thumb_22_Npm,stiff_1st_thumb_eig_0_Npm,stiff_1st_thumb_eig_1_Npm,stiff_1st_thumb_eig_2_Npm,force_2nd_thumb_x_N,force_2nd_thumb_y_N,force_2nd_thumb_z_N,force_2nd_thumb_mag_N,stiff_2nd_thumb_00_Npm,stiff_2nd_thumb_01_Npm,stiff_2nd_thumb_02_Npm,stiff_2nd_thumb_10_Npm,stiff_2nd_thumb_11_Npm,stiff_2nd_thumb_12_Npm,stiff_2nd_thumb_20_Npm,stiff_2nd_thumb_21_Npm,stiff_2nd_thumb_22_Npm,stiff_2nd_thumb_eig_0_Npm,stiff_2nd_thumb_eig_1_Npm,stiff_2nd_thumb_eig_2_Npm,tip_index_x_m,tip_index_y_m,tip_index_z_m,ref_index_x_m,ref_index_y_m,ref_index_z_m,disp_index_x_m,disp_index_y_m,disp_index_z_m,force_1st_index_x_N,force_1st_index_y_N,force_1st_index_z_N,force_1st_index_mag_N,stiff_1st_index_00_Npm,stiff_1st_index_01_Npm,stiff_1st_index_02_Npm,stiff_1st_index_10_Npm,stiff_1st_index_11_Npm,stiff_1st_index_12_Npm,stiff_1st_index_20_Npm,stiff_1st_index_21_Npm,stiff_1st_index_22_Npm,stiff_1st_index_eig_0_Npm,stiff_1st_index_eig_1_Npm,stiff_1st_index_eig_2_Npm,force_2nd_index_x_N,force_2nd_index_y_N,force_2nd_index_z_N,force_2nd_index_mag_N,stiff_2nd_index_00_Npm,stiff_2nd_index_01_Npm,stiff_2nd_index_02_Npm,stiff_2nd_index_10_Npm,stiff_2nd_index_11_Npm,stiff_2nd_index_12_Npm,stiff_2nd_index_20_Npm,stiff_2nd_index_21_Npm,stiff_2nd_index_22_Npm,stiff_2nd_index_eig_0_Npm,stiff_2nd_index_eig_1_Npm,stiff_2nd_index_eig_2_Npm,tip_middle_x_m,tip_middle_y_m,tip_middle_z_m,ref_middle_x_m,ref_middle_y_m,ref_middle_z_m,disp_middle_x_m,disp_middle_y_m,disp_middle_z_m,force_1st_middle_x_N,force_1st_middle_y_N,force_1st_middle_z_N,force_1st_middle_mag_N,stiff_1st_middle_00_Npm,stiff_1st_middle_01_Npm,stiff_1st_middle_02_Npm,stiff_1st_middle_10_Npm,stiff_1st_middle_11_Npm,stiff_1st_middle_12_Npm,stiff_1st_middle_20_Npm,stiff_1st_middle_21_Npm,stiff_1st_middle_22_Npm,stiff_1st_middle_eig_0_Npm,stiff_1st_middle_eig_1_Npm,stiff_1st_middle_eig_2_Npm,force_2nd_middle_x_N,force_2nd_middle_y_N,force_2nd_middle_z_N,force_2nd_middle_mag_N,stiff_2nd_middle_00_Npm,stiff_2nd_middle_01_Npm,stiff_2nd_middle_02_Npm,stiff_2nd_middle_10_Npm,stiff_2nd_middle_11_Npm,stiff_2nd_middle_12_Npm,stiff_2nd_middle_20_Npm,stiff_2nd_middle_21_Npm,stiff_2nd_middle_22_Npm,stiff_2nd_middle_eig_0_Npm,stiff_2nd_middle_eig_1_Npm,stiff_2nd_middle_eig_2_Npm,tip_ring_x_m,tip_ring_y_m,tip_ring_z_m,ref_ring_x_m,ref_ring_y_m,ref_ring_z_m,disp_ring_x_m,disp_ring_y_m,disp_ring_z_m,force_1st_ring_x_N,force_1st_ring_y_N,force_1st_ring_z_N,force_1st_ring_mag_N,stiff_1st_ring_00_Npm,stiff_1st_ring_01_Npm,stiff_1st_ring_02_Npm,stiff_1st_ring_10_Npm,stiff_1st_ring_11_Npm,stiff_1st_ring_12_Npm,stiff_1st_ring_20_Npm,stiff_1st_ring_21_Npm,stiff_1st_ring_22_Npm,stiff_1st_ring_eig_0_Npm,stiff_1st_ring_eig_1_Npm,stiff_1st_ring_eig_2_Npm,force_2nd_ring_x_N,force_2nd_ring_y_N,force_2nd_ring_z_N,force_2nd_ring_mag_N,stiff_2nd_ring_00_Npm,stiff_2nd_ring_01_Npm,stiff_2nd_ring_02_Npm,stiff_2nd_ring_10_Npm,stiff_2nd_ring_11_Npm,stiff_2nd_ring_12_Npm,stiff_2nd_ring_20_Npm,stiff_2nd_ring_21_Npm,stiff_2nd_ring_22_Npm,stiff_2nd_ring_eig_0_Npm,stiff_2nd_ring_eig_1_Npm,stiff_2nd_ring_eig_2_Npm,tip_pinky_x_m,tip_pinky_y_m,tip_pinky_z_m,ref_pinky_x_m,ref_pinky_y_m,ref_pinky_z_m,disp_pinky_x_m,disp_pinky_y_m,disp_pinky_z_m,force_1st_pinky_x_N,force_1st_pinky_y_N,force_1st_pinky_z_N,force_1st_pinky_mag_N,stiff_1st_pinky_00_Npm,stiff_1st_pinky_01_Npm,stiff_1st_pinky_02_Npm,stiff_1st_pinky_10_Npm,stiff_1st_pinky_11_Npm,stiff_1st_pinky_12_Npm,stiff_1st_pinky_20_Npm,stiff_1st_pinky_21_Npm,stiff_1st_pinky_22_Npm,stiff_1st_pinky_eig_0_Npm,stiff_1st_pinky_eig_1_Npm,stiff_1st_pinky_eig_2_Npm,force_2nd_pinky_x_N,force_2nd_pinky_y_N,force_2nd_pinky_z_N,force_2nd_pinky_mag_N,stiff_2nd_pinky_00_Npm,stiff_2nd_pinky_01_Npm,stiff_2nd_pinky_02_Npm,stiff_2nd_pinky_10_Npm,stiff_2nd_pinky_11_Npm,stiff_2nd_pinky_12_Npm,stiff_2nd_pinky_20_Npm,stiff_2nd_pinky_21_Npm,stiff_2nd_pinky_22_Npm,stiff_2nd_pinky_eig_0_Npm,stiff_2nd_pinky_eig_1_Npm,stiff_2nd_pinky_eig_2_Npm
0.0326,baseline,0.139,20.0000,4.158622,-1.250194,-1.374447,-0.001534,-0.145728,1.150486,-2.012583,1.003223,-2.699806,1.264000,-2.535670,1.302350,-1.822369,0.023981,0.038838,-0.000000,0.023981,0.023981,0.293744,0.000000,0.010707,0.023981,-0.103707,0.023981,-0.110712,0.023981,1.544808,-0.707924,1.135906,0.001329,0.004858,0.000000,-0.004858,-0.007286,0.699495,0.923203,0.923203,0.609960,1.197784,1.197784,0.768512,1.163151,1.163151,0.791829,0.942280,0.942280,-0.007792,0.088891,-0.009489,0.003613,0.061050,-0.009209,-0.011405,0.027841,-0.000280,-0.000642,0.001093,-0.001398,0.001887,3.500900,-5.960418,7.622067,-5.960418,10.147843,-12.976866,7.622067,-12.976866,16.594565,-0.000000,0.000000,30.243309,-0.000642,0.001093,-0.001398,0.001887,2.611700,-4.446520,5.686124,-4.446520,7.570374,-9.680847,5.686124,-9.680847,12.379680,0.000000,0.000000,22.561754,-0.017102,0.115054,0.077406,-0.016495,0.114699,0.073593,-0.000606,0.000355,0.003813,-0.023868,-0.260848,-0.186177,0.321362,0.579900,6.337511,4.523320,6.337511,69.260339,49.433707,4.523320,49.433707,35.282694,0.000000,0.000000,105.122933,-0.023868,-0.260848,-0.186177,0.321362,0.611987,6.688186,4.773610,6.688186,73.092739,52.169034,4.773610,52.169034,37.235000,-0.000000,0.000000,110.939727,0.001612,0.106952,0.072450,0.001591,0.106664,0.072231,0.000021,0.000288,0.000219,-0.002531,-0.024006,-0.003223,0.024353,1.054893,10.005109,1.343282,10.005109,94.893223,12.740330,1.343282,12.740330,1.710512,-0.000000,0.000000,97.658628,-0.002531,-0.024006,-0.003223,0.024353,1.059367,10.047539,1.348979,10.047539,95.295656,12.794361,1.348979,12.794361,1.717766,-0.000000,0.000000,98.072789,0.017053,0.102250,0.059050,0.016089,0.100935,0.055587,0.000964,0.001314,0.003463,-0.023927,-0.283400,-0.007383,0.284504,0.722369,8.555842,0.222883,8.555842,101.336673,2.639857,0.222883,2.639857,0.068769,-0.000000,0.000000,102.127811,-0.023927,-0.283400,-0.007383,0.284504,0.789808,9.354604,0.243691,9.354604,110.797332,2.886311,0.243691,2.886311,0.075189,-0.000000,0.000000,111.662330,0.032827,0.093830,0.062776,0.032257,0.093830,0.061795,0.000571,0.000000,0.000982,-0.009266,-0.069341,-0.035202,0.078315,1.235074,9.242139,4.691828,9.242139,69.159511,35.109248,4.691828,35.109248,17.823425,0.000000,0.000000,88.218010,-0.009266,-0.069341,-0.035202,0.078315,1.267463,9.484509,4.814869,9.484509,70.973180,36.029969,4.814869,36.029969,18.290834,-0.000000,0.000000,90.531478
0.0750,baseline,0.139,20.0000,4.158622,-1.248660,-1.374447,-0.001534,-0.145728,1.142816,-2.012583,1.003223,-2.699806,1.256330,-2.535670,1.300816,-1.822369,0.023981,0.027380,-0.000000,0.023981,0.023981,-0.037906,0.000000,0.015101,0.023981,-0.133407,0.023981,-0.052367,0.023981,1.544808,-0.707056,1.135906,0.001329,0.004858,0.000000,-0.004858,-0.007286,0.694832,0.923203,0.923203,0.609960,1.197784,1.197784,0.763849,1.163151,1.163151,0.790896,0.942280,0.942280,-0.007801,0.088914,-0.009444,0.003613,0.061050,-0.009209,-0.011414,0.027864,-0.000235,-0.000881,0.001502,-0.001917,0.002590,3.503553,-5.968716,7.619763,-5.968716,10.168411,-12.981164,7.619763,-12.981164,16.571972,-0.000000,0.000000,30.243936,-0.000881,0.001502,-0.001917,0.002590,2.612755,-4.451136,5.682396,-4.451136,7.583035,-9.680630,5.682396,-9.680630,12.358455,0.000000,0.000000,22.554246,-0.017155,0.115075,0.077735,-0.016495,0.114699,0.073593,-0.000659,0.000376,0.004142,-0.025626,-0.282491,-0.203580,0.349146,0.566281,6.242557,4.498767,6.242557,68.816590,49.593431,4.498767,49.593431,35.740050,-0.000000,0.000000,105.122921,-0.025626,-0.282491,-0.203580,0.349146,0.600240,6.616916,4.768553,6.616916,72.943442,52.567492,4.768553,52.567492,37.883340,-0.000000,-0.000000,111.427022,0.001612,0.106952,0.072450,0.001591,0.106664,0.072231,0.000021,0.000288,0.000219,-0.002531,-0.024006,-0.003223,0.024353,1.054893,10.005109,1.343282,10.005109,94.893223,12.740330,1.343282,12.740330,1.710512,-0.000000,0.000000,97.658628,-0.002531,-0.024006,-0.003223,0.024353,1.059367,10.047539,1.348979,10.047539,95.295656,12.794361,1.348979,12.794361,1.717766,-0.000000,0.000000,98.072789,0.017127,0.102339,0.059318,0.016089,0.100935,0.055587,0.001038,0.001403,0.003731,-0.026127,-0.305102,-0.009329,0.306361,0.742780,8.673894,0.265223,8.673894,101.290332,3.097172,0.265223,3.097172,0.094703,0.000000,0.000000,102.127815,-0.026127,-0.305102,-0.009329,0.306361,0.817348,9.544666,0.291849,9.544666,111.458873,3.408097,0.291849,3.408097,0.104210,-0.000000,0.000000,112.380431,0.032852,0.093838,0.062819,0.032257,0.093830,0.061795,0.000595,0.000008,0.001025,-0.009732,-0.072523,-0.036892,0.081947,1.244315,9.272277,4.716733,9.272277,69.094327,35.147731,4.716733,35.147731,17.879370,-0.000000,0.000000,88.218012,-0.009732,-0.072523,-0.036892,0.081947,1.278198,9.524763,4.845171,9.524763,70.975774,36.104808,4.845171,36.104808,18.366227,-0.000000,0.000000,90.620199
0.1174,baseline,0.139,20.0000,4.158622,-1.248660,-1.374447,-0.001534,-0.145728,1.139748,-2.012583,1.003223,-2.699806,1.250194,-2.535670,1.299282,-1.822369,0.023981,0.027070,-0.000000,0.023981,0.023981,-0.107597,0.000000,0.015965,0.023981,-0.156178,0.023981,-0.029328,0.023981,1.544808,-0.707056,1.135906,0.001329,0.004858,0.000000,-0.004858,-0.007286,0.692967,0.923203,0.923203,0.609960,1.197784,1.197784,0.760118,1.163151,1.163151,0.789963,0.942280,0.942280,-0.007801,0.088914,-0.009444,0.003613,0.061050,-0.009209,-0.011414,0.027864,-0.000235,-0.000881,0.001502,-0.001917,0.002590,3.503553,-5.968716,7.619763,-5.968716,10.168411,-12.981164,7.619763,-12.981164,16.571972,-0.000000,0.000000,30.243936,-0.000881,0.001502,-0.001917,0.002590,2.612755,-4.451136,5.682396,-4.451136,7.583035,-9.680630,5.682396,-9.680630,12.358455,0.000000,0.000000,22.554246,-0.017176,0.115083,0.077867,-0.016495,0.114699,0.073593,-0.000681,0.000384,0.004274,-0.026315,-0.291109,-0.210601,0.360263,0.560880,6.204681,4.488733,6.204681,68.638643,49.656147,4.488733,49.656147,35.923393,-0.000000,0.000000,105.122916,-0.026315,-0.291109,-0.210601,0.360263,0.595552,6.588235,4.766213,6.588235,72.881678,52.725741,4.766213,52.725741,38.144069,-0.000000,0.000000,111.621299,0.001612,0.106952,0.072450,0.001591,0.106664,0.072231,0.000021,0.000288,0.000219,-0.002531,-0.024006,-0.003223,0.024353,1.054893,10.005109,1.343282,10.005109,94.893223,12.740330,1.343282,12.740330,1.710512,-0.000000,0.000000,97.658628,-0.002531,-0.024006,-0.003223,0.024353,1.059367,10.047539,1.348979,10.047539,95.295656,12.794361,1.348979,12.794361,1.717766,-0.000000,0.000000,98.072789,0.017187,0.102409,0.059533,0.016089,0.100935,0.055587,0.001097,0.001474,0.003946,-0.027925,-0.322469,-0.011028,0.323864,0.759300,8.768081,0.299868,8.768081,101.250092,3.462754,0.299868,3.462754,0.118426,-0.000000,0.000000,102.127818,-0.027925,-0.322469,-0.011028,0.323864,0.839788,9.697512,0.331655,9.697512,111.982775,3.829812,0.331655,3.829812,0.130980,-0.000000,0.000000,112.953542,0.032876,0.093846,0.062862,0.032257,0.093830,0.061795,0.000619,0.000017,0.001067,-0.010202,-0.075702,-0.038588,0.085580,1.253588,9.302363,4.741683,9.302363,69.029054,35.186103,4.741683,35.186103,17.935373,-0.000000,0.000000,88.218014,-0.010202,-0.075702,-0.038588,0.085580,1.288982,9.565014,4.875564,9.565014,70.978080,36.179578,4.875564,36.179578,18.441776,-0.000000,0.000000,90.708838
0.1599,baseline,0.139,20.0000,4.158622,-1.248660,-1.374447,-0.001534,-0.145728,1.139748,-2.012583,1.003223,-2.699806,1.240990,-2.535670,1.297748,-1.822369,0.023981,0.027205,-0.000000,0.023981,0.023981,-0.027264,0.000000,0.019039,0.023981,-0.185349,0.023981,-0.026040,0.023981,1.544808,-0.707056,1.135906,0.001329,0.004858,0.000000,-0.004858,-0.007286,0.692967,0.923203,0.923203,0.609960,1.197784,1.197784,0.754522,1.163151,1.163151,0.789031,0.942280,0.942280,-0.007801,0.088914,-0.009444,0.003613,0.061050,-0.009209,-0.011414,0.027864,-0.000235,-0.000881,0.001502,-0.001917,0.002590,3.503553,-5.968716,7.619763,-5.968716,10.168411,-12.981164,7.619763,-12.981164,16.571972,-0.000000,0.000000,30.243936,-0.000881,0.001502,-0.001917,0.002590,2.612755,-4.451136,5.682396,-4.451136,7.583035,-9.680630,5.682396,-9.680630,12.358455,0.000000,0.000000,22.554246,-0.017176,0.115083,0.077867,-0.016495,0.114699,0.073593,-0.000681,0.000384,0.004274,-0.026315,-0.291109,-0.210601,0.360263,0.560880,6.204681,4.488733,6.204681,68.638643,49.656147,4.488733,49.656147,35.923393,-0.000000,0.000000,105.122916,-0.026315,-0.291109,-0.210601,0.360263,0.595552,6.588235,4.766213,6.588235,72.881678,52.725741,4.766213,52.725741,38.144069,0.000000,0.000000,111.621299,0.001612,0.106952,0.072450,0.001591,0.106664,0.072231,0.000021,0.000288,0.000219,-0.002531,-0.024006,-0.003223,0.024353,1.054893,10.005109,1.343282,10.005109,94.893223,12.740330,1.343282,12.740330,1.710512,-0.000000,0.000000,97.658628,-0.002531,-0.024006,-0.003223,0.024353,1.059367,10.047539,1.348979,10.047539,95.295656,12.794361,1.348979,12.794361,1.717766,-0.000000,0.000000,98.072789,0.017276,0.102513,0.059856,0.016089,0.100935,0.055587,0.001187,0.001578,0.004269,-0.030686,-0.348524,-0.013814,0.350145,0.784399,8.908926,0.353122,8.908926,101.184455,4.010633,0.353122,4.010633,0.158969,-0.000000,0.000000,102.127823,-0.030686,-0.348524,-0.013814,0.350145,0.874131,9.928077,0.393518,9.928077,112.759620,4.469436,0.393518,4.469436,0.177154,-0.000000,0.000000,113.810906,0.032900,0.093854,0.062904,0.032257,0.093830,0.061795,0.000643,0.000025,0.001110,-0.010674,-0.078879,-0.040289,0.089213,1.262891,9.332397,4.766679,9.332397,68.963690,35.224364,4.766679,35.224364,17.991435,-0.000000,0.000000,88.218017,-0.010674,-0.078879,-0.040289,0.089213,1.299817,9.605265,4.906050,9.605265,70.980105,36.254281,4.906050,36.254281,18.517483,-0.000000,0.000000,90.797405
0.2028,baseline,0.139,20.0000,4.158622,-1.248660,-1.374447,-0.001534,-0.145728,1.141282,-2.012583,1.003223,-2.699806,1.231787,-2.535670,1.296214,-1.822369,0.023981,0.019553,-0.000000,0.023981,0.023981,0.000717,0.000000,0.006395,0.023981,-0.208855,0.023981,-0.019896,0.023981,1.544808,-0.707056,1.135906,0.001329,0.004858,0.000000,-0.004858,-0.007286,0.693899,0.923203,0.923203,0.609960,1.197784,1.197784,0.748926,1.163151,1.163151,0.788098,0.942280,0.942280,-0.007801,0.088914,-0.009444,0.003613,0.061050,-0.009209,-0.011414,0.027864,-0.000235,-0.000881,0.001502,-0.001917,0.002590,3.503553,-5.968716,7.619763,-5.968716,10.168411,-12.981164,7.619763,-12.981164,16.571972,-0.000000,0.000000,30.243936,-0.000881,0.001502,-0.001917,0.002590,2.612755,-4.451136,5.682396,-4.451136,7.583035,-9.680630,5.682396,-9.680630,12.358455,0.000000,0.000000,22.554246,-0.017166,0.115079,0.077801,-0.016495,0.114699,0.073593,-0.000670,0.000380,0.004208,-0.025971,-0.286803,-0.207086,0.354704,0.563577,6.223611,4.493765,6.223611,68.727648,49.624873,4.493765,49.624873,35.831693,0.000000,0.000000,105.122919,-0.025971,-0.286803,-0.207086,0.354704,0.597895,6.602588,4.767406,6.602588,72.912705,52.646698,4.767406,52.646698,38.013605,-0.000000,0.000000,111.524206,0.001612,0.106952,0.072450,0.001591,0.106664,0.072231,0.000021,0.000288,0.000219,-0.002531,-0.024006,-0.003223,0.024353,1.054893,10.005109,1.343282,10.005109,94.893223,12.740330,1.343282,12.740330,1.710512,-0.000000,0.000000,97.658628,-0.002531,-0.024006,-0.003223,0.024353,1.059367,10.047539,1.348979,10.047539,95.295656,12.794361,1.348979,12.794361,1.717766,-0.000000,0.000000,98.072789,0.017365,0.102615,0.060180,0.016089,0.100935,0.055587,0.001276,0.001680,0.004593,-0.033524,-0.374583,-0.016885,0.376459,0.809876,9.049233,0.407913,9.049233,101.112495,4.557856,0.407913,4.557856,0.205455,-0.000000,-0.000000,102.127826,-0.033524,-0.374583,-0.016885,0.376459,0.909300,10.160156,0.457990,10.160156,113.525509,5.117399,0.457990,5.117399,0.230677,-0.000000,0.000000,114.665487,0.032924,0.093862,0.062947,0.032257,0.093830,0.061795,0.000667,0.000033,0.001153,-0.011150,-0.082052,-0.041995,0.092846,1.272226,9.362378,4.791719,9.362378,68.898237,35.262513,4.791719,35.262513,18.047556,-0.000000,0.000000,88.218019,-0.011150,-0.082052,-0.041995,0.092846,1.310700,9.645513,4.936629,9.645513,70.981847,36.328916,4.936629,36.328916,18.593348,-0.000000,-0.000000,90.885895
0.2449,baseline,0.139,20.0000,4.158622,-1.247126,-1.374447,-0.001534,-0.145728,1.158155,-2.012583,1.003223,-2.699806,1.221049,-2.535670,1.296214,-1.822369,0.023981,0.027524,-0.000000,0.023981,0.023981,0.186901,0.000000,0.017082,0.023981,-0.217341,0.023981,-0.004551,0.023981,1.544808,-0.706187,1.135906,0.001329,0.004858,0.000000,-0.004858,-0.007286,0.704159,0.923203,0.923203,0.609960,1.197784,1.197784,0.742398,1.163151,1.163151,0.788098,0.942280,0.942280,-0.007811,0.088936,-0.009398,0.003613,0.061050,-0.009209,-0.011424,0.027886,-0.000189,-0.001121,0.001911,-0.002436,0.003292,3.506210,-5.977015,7.617452,-5.977015,10.188984,-12.985426,7.617452,-12.985426,16.549373,-0.000000,0.000000,30.244566,-0.001121,0.001911,-0.002436,0.003292,2.613812,-4.455751,5.678665,-4.455751,7.595693,-9.680387,5.678665,-9.680387,12.337241,-0.000000,0.000000,22.546746,-0.017048,0.115032,0.077077,-0.016495,0.114699,0.073593,-0.000553,0.000333,0.003483,-0.022063,-0.239063,-0.168984,0.293588,0.593686,6.432835,4.547107,6.432835,69.702460,49.269803,4.547107,49.269803,34.826798,0.000000,0.000000,105.122944,-0.022063,-0.239063,-0.168984,0.293588,0.623772,6.758825,4.777536,6.758825,73.234696,51.766596,4.777536,51.766596,36.591679,-0.000000,0.000000,110.450146,0.001612,0.106952,0.072450,0.001591,0.106664,0.072231,0.000021,0.000288,0.000219,-0.002531,-0.024006,-0.003223,0.024353,1.054893,10.005109,1.343282,10.005109,94.893223,12.740330,1.343282,12.740330,1.710512,-0.000000,0.000000,97.658628,-0.002531,-0.024006,-0.003223,0.024353,1.059367,10.047539,1.348979,10.047539,95.295656,12.794361,1.348979,12.794361,1.717766,-0.000000,0.000000,98.072789,0.017469,0.102732,0.060558,0.016089,0.100935,0.055587,0.001380,0.001796,0.004971,-0.036931,-0.404984,-0.020828,0.407197,0.840076,9.212220,0.473773,9.212220,101.020562,5.195363,0.473773,5.195363,0.267191,-0.000000,-0.000000,102.127829,-0.036931,-0.404984,-0.020828,0.407197,0.951380,10.432764,0.536544,10.432764,114.404960,5.883706,0.536544,5.883706,0.302592,-0.000000,0.000000,115.658931,0.032924,0.093862,0.062947,0.032257,0.093830,0.061795,0.000667,0.000033,0.001153,-0.011150,-0.082052,-0.041995,0.092846,1.272226,9.362378,4.791718,9.362378,68.898237,35.262513,4.791718,35.262513,18.047556,-0.000000,0.000000,88.218019,-0.011150,-0.082052,-0.041995,0.092846,1.310700,9.645513,4.936629,9.645513,70.981845,36.328915,4.936629,36.328915,18.593347,-0.000000,0.000000,90.885892
0.2872,baseline,0.139,20.0000,4.158622,-1.242524,-1.374447,-0.001534,-0.145728,1.165825,-2.012583,1.003223,-2.699806,1.211845,-2.535670,1.303884,-1.822369,0.023981,0.092914,-0.000000,0.023981,0.023981,0.349237,0.000000,0.019698,0.023981,-0.209524,0.023981,0.090891,0.023981,1.544808,-0.703581,1.135906,0.001329,0.004858,0.000000,-0.004858,-0.007286,0.708822,0.923203,0.923203,0.609960,1.197784,1.197784,0.736802,1.163151,1.163151,0.792761,0.942280,0.942280,-0.007839,0.089003,-0.009260,0.003613,0.061050,-0.009209,-0.011452,0.027953,-0.000051,-0.001840,0.003143,-0.003985,0.005398,3.514193,-6.001922,7.610473,-6.001922,10.250738,-12.997996,7.610473,-12.997996,16.481537,-0.000000,0.000000,30.246468,-0.001840,0.003143,-0.003985,0.005398,2.616990,-4.469581,5.667456,-4.469581,7.633639,-9.679499,5.667456,-9.679499,12.273662,0.000000,0.000000,22.524291,-0.016996,0.115008,0.076748,-0.016495,0.114699,0.073593,-0.000500,0.000309,0.003154,-0.020210,-0.217140,-0.152003,0.265825,0.607639,6.528522,4.570123,6.528522,70.142914,49.101736,4.570123,49.101736,34.372402,-0.000000,-0.000000,105.122955,-0.020210,-0.217140,-0.152003,0.265825,0.635589,6.828815,4.780335,6.828815,73.369277,51.360268,4.780335,51.360268,35.953430,0.000000,0.000000,109.958296,0.001612,0.106952,0.072450,0.001591,0.106664,0.072231,0.000021,0.000288,0.000219,-0.002531,-0.024006,-0.003223,0.024353,1.054893,10.005109,1.343282,10.005109,94.893223,12.740330,1.343282,12.740330,1.710512,-0.000000,0.000000,97.658628,-0.002531,-0.024006,-0.003223,0.024353,1.059367,10.047539,1.348979,10.047539,95.295656,12.794361,1.348979,12.794361,1.717766,-0.000000,0.000000,98.072789,0.017559,0.102830,0.060883,0.016089,0.100935,0.055587,0.001470,0.001894,0.005296,-0.039934,-0.431038,-0.024516,0.433577,0.866368,9.351299,0.531879,9.351299,100.934934,5.740930,0.531879,5.740930,0.326530,-0.000000,-0.000000,102.127831,-0.039934,-0.431038,-0.024516,0.433577,0.988352,10.667956,0.606767,10.667956,115.146508,6.549249,0.606767,6.549249,0.372505,-0.000000,0.000000,116.507365,0.032803,0.093822,0.062734,0.032257,0.093830,0.061795,0.000546,-0.000008,0.000939,-0.008805,-0.066164,-0.033520,0.074692,1.225865,9.211948,4.666969,9.211948,69.224604,35.070655,4.666969,35.070655,17.767539,-0.000000,0.000000,88.218007,-0.008805,-0.066164,-0.033520,0.074692,1.256780,9.444265,4.784665,9.444265,70.970384,35.955104,4.784665,35.955104,18.215619,-0.000000,0.000000,90.442783
0.3296,baseline,0.139,20.0000,4.158622,-1.242524,-1.374447,-0.001534,-0.145728,1.161223,-2.012583,1.003223,-2.699806,1.205709,-2.537204,1.308486,-1.822369,0.023981,0.049013,-0.000000,0.023981,0.023981,0.041364,0.000000,0.006272,0.023981,-0.185998,0.021583,0.194686,0.023981,1.544808,-0.703581,1.135906,0.001329,0.004858,0.000000,-0.004858,-0.007286,0.706024,0.923203,0.923203,0.609960,1.197784,1.197784,0.733071,1.163855,1.163855,0.795559,0.942280,0.942280,-0.007839,0.089003,-0.009260,0.003613,0.061050,-0.009209,-0.011452,0.027953,-0.000051,-0.001840,0.003143,-0.003985,0.005398,3.514193,-6.001922,7.610473,-6.001922,10.250738,-12.997996,7.610473,-12.997996,16.481537,-0.000000,0.000000,30.246468,-0.001840,0.003143,-0.003985,0.005398,2.616990,-4.469581,5.667456,-4.469581,7.633639,-9.679499,5.667456,-9.679499,12.273662,0.000000,0.000000,22.524291,-0.017027,0.115022,0.076945,-0.016495,0.114699,0.073593,-0.000532,0.000323,0.003352,-0.021328,-0.230311,-0.162166,0.282481,0.599247,6.471067,4.556406,6.471067,69.878843,49.203075,4.556406,49.203075,34.644858,-0.000000,0.000000,105.122949,-0.021328,-0.230311,-0.162166,0.282481,0.628495,6.786900,4.778790,6.786900,73.289416,51.604527,4.778790,51.604527,36.335767,-0.000000,0.000000,110.253678,0.001612,0.106952,0.072450,0.001591,0.106664,0.072231,0.000021,0.000288,0.000219,-0.002531,-0.024006,-0.003223,0.024353,1.054893,10.005109,1.343282,10.005109,94.893223,12.740330,1.343282,12.740330,1.710512,-0.000000,0.000000,97.658628,-0.002531,-0.024006,-0.003223,0.024353,1.059367,10.047539,1.348979,10.047539,95.295656,12.794361,1.348979,12.794361,1.717766,-0.000000,0.000000,98.072789,0.017613,0.102857,0.061082,0.016089,0.100935,0.055587,0.001523,0.001922,0.005495,-0.041518,-0.445229,-0.026331,0.447935,0.876581,9.400154,0.555935,9.400154,100.804089,5.961659,0.555935,5.961659,0.352579,-0.000000,0.000000,102.033248,-0.041518,-0.445229,-0.026331,0.447935,1.004791,10.775040,0.637247,10.775040,115.547902,6.833623,0.637247,6.833623,0.404148,-0.000000,0.000000,116.956841,0.032731,0.093797,0.062605,0.032257,0.093830,0.061795,0.000474,-0.000033,0.000811,-0.007437,-0.056602,-0.028500,0.063807,1.198424,9.121062,4.592661,9.121062,69.419341,34.954210,4.592661,34.954210,17.600236,-0.000000,0.000000,88.218000,-0.007437,-0.056602,-0.028500,0.063807,1.225023,9.323509,4.694598,9.323509,70.960139,35.730036,4.694598,35.730036,17.990882,-0.000000,0.000000,90.176044
0.3729,baseline,0.139,20.0000,4.158622,-1.242524,-1.374447,-0.001534,-0.145728,1.150486,-2.012583,1.003223,-2.699806,1.204175,-2.537204,1.303884,-1.822369,0.023981,0.010751,-0.000000,0.023981,0.023981,-0.136176,0.000000,0.016125,0.023981,-0.096847,-0.007573,-0.001243,0.023981,1.544808,-0.703581,1.135906,0.001329,0.004858,0.000000,-0.004858,-0.007286,0.699495,0.923203,0.923203,0.609960,1.197784,1.197784,0.732138,1.163855,1.163855,0.792761,0.942280,0.942280,-0.007839,0.089003,-0.009260,0.003613,0.061050,-0.009209,-0.011452,0.027953,-0.000051,-0.001840,0.003143,-0.003985,0.005398,3.514193,-6.001922,7.610473,-6.001922,10.250738,-12.997996,7.610473,-12.997996,16.481537,-0.000000,0.000000,30.246468,-0.001840,0.003143,-0.003985,0.005398,2.616990,-4.469581,5.667456,-4.469581,7.633639,-9.679499,5.667456,-9.679499,12.273662,0.000000,0.000000,22.524291,-0.017102,0.115054,0.077406,-0.016495,0.114699,0.073593,-0.000606,0.000355,0.003813,-0.023868,-0.260848,-0.186177,0.321361,0.579900,6.337511,4.523320,6.337511,69.260339,49.433707,4.523320,49.433707,35.282694,-0.000000,0.000000,105.122933,-0.023868,-0.260848,-0.186177,0.321361,0.611987,6.688186,4.773610,6.688186,73.092738,52.169034,4.773610,52.169034,37.235000,-0.000000,0.000000,110.939725,0.001612,0.106952,0.072450,0.001591,0.106664,0.072231,0.000021,0.000288,0.000219,-0.002531,-0.024006,-0.003223,0.024353,1.054893,10.005109,1.343282,10.005109,94.893223,12.740330,1.343282,12.740330,1.710512,-0.000000,0.000000,97.658628,-0.002531,-0.024006,-0.003223,0.024353,1.059367,10.047539,1.348979,10.047539,95.295656,12.794361,1.348979,12.794361,1.717766,-0.000000,0.000000,98.072789,0.017627,0.102873,0.061136,0.016089,0.100935,0.055587,0.001538,0.001938,0.005549,-0.042032,-0.449568,-0.026997,0.452335,0.881020,9.423214,0.565863,9.423214,100.788785,6.052358,0.565863,6.052358,0.363444,-0.000000,0.000000,102.033249,-0.042032,-0.449568,-0.026997,0.452335,1.011097,10.814492,0.649409,10.814492,115.669612,6.945950,0.649409,6.945950,0.417104,-0.000000,-0.000000,117.097813,0.032803,0.093822,0.062734,0.032257,0.093830,0.061795,0.000546,-0.000008,0.000939,-0.008805,-0.066167,-0.033522,0.074695,1.225865,9.211948,4.666969,9.211948,69.224604,35.070655,4.666969,35.070655,17.767539,-0.000000,0.000000,88.218008,-0.008805,-0.066167,-0.033522,0.074695,1.256780,9.444268,4.784667,9.444268,70.970410,35.955117,4.784667,35.955117,18.215626,-0.000000,0.000000,90.442816
0.4147,baseline,0.139,20.0000,4.158622,-1.237922,-1.374447,-0.001534,-0.145728,1.138214,-2.012583,1.003223,-2.699806,1.204175,-2.552544,1.302350,-1.822369,0.023981,0.065732,-0.000000,0.023981,0.023981,-0.230117,0.000000,0.004976,0.023981,-0.023442,-0.156065,-0.063946,0.023981,1.544808,-0.700975,1.135906,0.001329,0.004858,0.000000,-0.004858,-0.007286,0.692034,0.923203,0.923203,0.609960,1.197784,1.197784,0.732138,1.170892,1.170892,0.791829,0.942280,0.942280,-0.007867,0.089070,-0.009123,0.003613,0.061050,-0.009209,-0.011481,0.028020,0.000086,-0.002560,0.004380,-0.005526,0.007502,3.522200,-6.026843,7.603430,-6.026843,10.312543,-13.010243,7.603430,-13.010243,16.413646,-0.000000,0.000000,30.248389,-0.002560,0.004380,-0.005526,0.007502,2.620180,-4.483395,5.656224,-4.483395,7.671545,-9.678375,5.656224,-9.678375,12.210181,-0.000000,0.000000,22.501906,-0.017187,0.115087,0.077933,-0.016495,0.114699,0.073593,-0.000692,0.000388,0.004339,-0.026657,-0.295409,-0.214123,0.365822,0.558190,6.185765,4.483670,6.185765,68.549575,49.687253,4.483670,49.687253,36.015149,-0.000000,-0.000000,105.122914,-0.026657,-0.295409,-0.214123,0.365822,0.593211,6.573858,4.764974,6.573858,72.850358,52.804619,4.764974,52.804619,38.274730,-0.000000,0.000000,111.718299,0.001612,0.106952,0.072450,0.001591,0.106664,0.072231,0.000021,0.000288,0.000219,-0.002531,-0.024006,-0.003223,0.024353,1.054893,10.005109,1.343282,10.005109,94.893223,12.740330,1.343282,12.740330,1.710512,-0.000000,0.000000,97.658628,-0.002531,-0.024006,-0.003223,0.024353,1.059367,10.047539,1.348979,10.047539,95.295656,12.794361,1.348979,12.794361,1.717766,-0.000000,0.000000,98.072789,0.017567,0.102503,0.060962,0.016089,0.100935,0.055587,0.001478,0.001568,0.005375,-0.037523,-0.417683,-0.019359,0.419812,0.807286,8.986237,0.416499,8.986237,100.029551,4.636227,0.416499,4.636227,0.214882,-0.000000,0.000000,101.051719,-0.037523,-0.417683,-0.019359,0.419812,0.925905,10.306631,0.477698,10.306631,114.727411,5.317451,0.477698,5.317451,0.246456,-0.000000,0.000000,115.899772,0.032827,0.093830,0.062776,0.032257,0.093830,0.061795,0.000571,0.000000,0.000982,-0.009268,-0.069350,-0.035206,0.078324,1.235074,9.242139,4.691828,9.242139,69.159511,35.109249,4.691828,35.109249,17.823425,0.000000,0.000000,88.218010,-0.009268,-0.069350,-0.035206,0.078324,1.267465,9.484521,4.814875,9.484521,70.973267,36.030013,4.814875,36.030013,18.290856,-0.000000,0.000000,90.531589
0.4593,baseline,0.139,20.0000,4.158622,-1.233321,-1.374447,-0.001534,-0.145728,1.124408,-2.012583,1.003223,-2.699806,1.210311,-2.557146,1.302350,-1.822369,0.023981,0.155254,-0.000000,0.023981,0.023981,-0.301436,0.000000,0.017594,0.023981,0.031838,-0.226316,-0.012191,0.023981,1.544808,-0.698370,1.135906,0.001329,0.004858,0.000000,-0.004858,-0.007286,0.683640,0.923203,0.923203,0.609960,1.197784,1.197784,0.735869,1.173003,1.173003,0.791829,0.942280,0.942280,-0.007896,0.089136,-0.008985,0.003613,0.061050,-0.009209,-0.011509,0.028086,0.000224,-0.003280,0.005623,-0.007058,0.009602,3.530230,-6.051778,7.596321,-6.051778,10.374398,-13.022166,7.596321,-13.022166,16.345701,-0.000000,0.000000,30.250329,-0.003280,0.005623,-0.007058,0.009602,2.623381,-4.497190,5.644969,-4.497190,7.709410,-9.677016,5.644969,-9.677016,12.146798,-0.000000,0.000000,22.479589,-0.017283,0.115119,0.078526,-0.016495,0.114699,0.073593,-0.000788,0.000420,0.004932,-0.029648,-0.333847,-0.246200,0.415869,0.534279,6.016217,4.436743,6.016217,67.745183,49.959633,4.436743,49.959633,36.843430,-0.000000,0.000000,105.122893,-0.029648,-0.333847,-0.246200,0.415869,0.572216,6.443399,4.751774,6.443399,72.555438,53.507022,4.751774,53.507022,39.459502,-0.000000,0.000000,112.587156,0.001612,0.106952,0.072450,0.001591,0.106664,0.072231,0.000021,0.000288,0.000219,-0.002531,-0.024006,-0.003223,0.024353,1.054893,10.005109,1.343282,10.005109,94.893223,12.740330,1.343282,12.740330,1.710512,-0.000000,0.000000,97.658628,-0.002531,-0.024006,-0.003223,0.024353,1.059367,10.047539,1.348979,10.047539,95.295656,12.794361,1.348979,12.794361,1.717766,-0.000000,0.000000,98.072789,0.017490,0.102327,0.060695,0.016089,0.100935,0.055587,0.001401,0.001391,0.005108,-0.034314,-0.390928,-0.015097,0.392721,0.769104,8.762253,0.338373,8.762253,99.826648,3.855020,0.338373,3.855020,0.148870,-0.000000,0.000000,100.744622,-0.034314,-0.390928,-0.015097,0.392721,0.877552,9.997776,0.386086,9.997776,113.902721,4.398597,0.386086,4.398597,0.169861,-0.000000,0.000000,114.950134,0.032827,0.093830,0.062776,0.032257,0.093830,0.061795,0.000571,0.000000,0.000982,-0.009268,-0.069350,-0.035206,0.078325,1.235074,9.242139,4.691828,9.242139,69.159511,35.109249,4.691828,35.109249,17.823425,-0.000000,0.000000,88.218010,-0.009268,-0.069350,-0.035206,0.078325,1.267465,9.484521,4.814875,9.484521,70.973270,36.030014,4.814875,36.030014,18.290857,-0.000000,0.000000,90.531592
0.5201,baseline,0.139,20.0000,4.158622,-1.233321,-1.374447,-0.001534,-0.145728,1.104466,-2.012583,1.003223,-2.699806,1.260932,-2.549476,1.308486,-1.822369,0.023981,0.040948,-0.000000,0.023981,0.023981,-0.312610,0.000000,0.003181,0.023981,0.696975,0.069022,0.094348,0.023981,1.544808,-0.698370,1.135906,0.001329,0.004858,0.000000,-0.004858,-0.007286,0.671515,0.923203,0.923203,0.609960,1.197784,1.197784,0.766647,1.169484,1.169484,0.795559,0.942280,0.942280,-0.007896,0.089136,-0.008985,0.003613,0.061050,-0.009209,-0.011509,0.028086,0.000224,-0.003280,0.005623,-0.007058,0.009602,3.530230,-6.051778,7.596321,-6.051778,10.374398,-13.022166,7.596321,-13.022166,16.345701,-0.000000,0.000000,30.250329,-0.003280,0.005623,-0.007058,0.009602,2.623381,-4.497190,5.644969,-4.497190,7.709410,-9.677016,5.644969,-9.677016,12.146798,-0.000000,0.000000,22.479589,-0.017424,0.115156,0.079383,-0.016495,0.114699,0.073593,-0.000928,0.000457,0.005789,-0.033694,-0.388519,-0.293710,0.488209,0.500701,5.773568,4.364673,5.773568,66.574791,50.328875,4.364673,50.328875,38.047369,-0.000000,0.000000,105.122861,-0.033694,-0.388519,-0.293710,0.488209,0.542168,6.251721,4.726145,6.251721,72.088363,54.496997,4.726145,54.496997,41.198365,-0.000000,0.000000,113.828896,0.001612,0.106952,0.072450,0.001591,0.106664,0.072231,0.000021,0.000288,0.000219,-0.002531,-0.024006,-0.003223,0.024353,1.054893,10.005109,1.343282,10.005109,94.893223,12.740330,1.343282,12.740330,1.710512,-0.000000,0.000000,97.658628,-0.002531,-0.024006,-0.003223,0.024353,1.059367,10.047539,1.348979,10.047539,95.295656,12.794361,1.348979,12.794361,1.717766,-0.000000,0.000000,98.072789,0.017031,0.101947,0.059011,0.016089,0.100935,0.055587,0.000942,0.001012,0.003424,-0.021612,-0.264706,-0.004122,0.265618,0.670331,8.210207,0.127852,8.210207,100.558467,1.565932,0.127852,1.565932,0.024385,-0.000000,0.000000,101.253184,-0.021612,-0.264706,-0.004122,0.265618,0.733803,8.987603,0.139958,8.987603,110.079999,1.714204,0.139958,1.714204,0.026694,-0.000000,0.000000,110.840496,0.032731,0.093797,0.062605,0.032257,0.093830,0.061795,0.000474,-0.000033,0.000811,-0.007437,-0.056599,-0.028499,0.063804,1.198424,9.121062,4.592661,9.121062,69.419341,34.954210,4.592661,34.954210,17.600236,-0.000000,0.000000,88.218001,-0.007437,-0.056599,-0.028499,0.063804,1.225023,9.323505,4.694596,9.323505,70.960110,35.730022,4.694596,35.730022,17.990875,0.000000,0.000000,90.176007
0.5733,baseline,0.139,20.0000,4.158622,-1.233321,-1.374447,-0.001534,-0.145728,1.101398,-2.012583,1.003223,-2.699806,1.279340,-2.541806,1.306952,-1.822369,0.023981,0.026811,-0.000000,0.023981,0.023981,-0.173937,0.000000,0.012527,0.023981,0.598312,0.139465,0.060131,0.023981,1.544808,-0.698370,1.135906,0.001329,0.004858,0.000000,-0.004858,-0.007286,0.669650,0.923203,0.923203,0.609960,1.197784,1.197784,0.777839,1.165966,1.165966,0.794627,0.942280,0.942280,-0.007896,0.089136,-0.008985,0.003613,0.061050,-0.009209,-0.011509,0.028086,0.000224,-0.003280,0.005623,-0.007058,0.009602,3.530230,-6.051778,7.596321,-6.051778,10.374398,-13.022166,7.596321,-13.022166,16.345701,-0.000000,0.000000,30.250329,-0.003280,0.005623,-0.007058,0.009602,2.623381,-4.497190,5.644969,-4.497190,7.709410,-9.677016,5.644969,-9.677016,12.146798,-0.000000,0.000000,22.479589,-0.017445,0.115161,0.079514,-0.016495,0.114699,0.073593,-0.000950,0.000462,0.005921,-0.034287,-0.396839,-0.301142,0.499343,0.495636,5.736480,4.353139,5.736480,66.393877,50.383131,4.353139,50.383131,38.233343,-0.000000,0.000000,105.122856,-0.034287,-0.396839,-0.301142,0.499343,0.537578,6.221910,4.721510,6.221910,72.012240,54.646637,4.721510,54.646637,41.468713,-0.000000,0.000000,114.018531,0.001612,0.106952,0.072450,0.001591,0.106664,0.072231,0.000021,0.000288,0.000219,-0.002531,-0.024006,-0.003223,0.024353,1.054893,10.005109,1.343282,10.005109,94.893223,12.740330,1.343282,12.740330,1.710512,-0.000000,0.000000,97.658628,-0.002531,-0.024006,-0.003223,0.024353,1.059367,10.047539,1.348979,10.047539,95.295656,12.794361,1.348979,12.794361,1.717766,-0.000000,0.000000,98.072789,0.016882,0.101917,0.058450,0.016089,0.100935,0.055587,0.000793,0.000981,0.002864,-0.018377,-0.228064,-0.002633,0.228818,0.656248,8.144376,0.094012,8.144376,101.075848,1.166732,0.094012,1.166732,0.013468,-0.000000,-0.000000,101.745564,-0.018377,-0.228064,-0.002633,0.228818,0.707750,8.783540,0.101390,8.783540,109.008206,1.258296,0.101390,1.258296,0.014525,-0.000000,0.000000,109.730481,0.032755,0.093805,0.062648,0.032257,0.093830,0.061795,0.000498,-0.000024,0.000854,-0.007889,-0.059788,-0.030166,0.067430,1.207539,9.151410,4.617385,9.151410,69.354520,34.993135,4.617385,34.993135,17.655944,-0.000000,0.000000,88.218003,-0.007889,-0.059788,-0.030166,0.067430,1.235558,9.363755,4.724525,9.363755,70.963792,35.805101,4.724525,35.805101,18.065625,0.000000,0.000000,90.264976
0.6209,baseline,0.139,20.0000,4.158622,-1.233321,-1.374447,-0.001534,-0.145728,1.101398,-2.012583,1.003223,-2.699806,1.274738,-2.537204,1.302350,-1.822369,0.023981,0.024628,-0.000000,0.023981,0.023981,-0.035106,0.000000,0.015404,0.023981,0.108122,0.128064,-0.060109,0.023981,1.544808,-0.698370,1.135906,0.001329,0.004858,0.000000,-0.004858,-0.007286,0.669650,0.923203,0.923203,0.609960,1.197784,1.197784,0.775041,1.163855,1.163855,0.791829,0.942280,0.942280,-0.007896,0.089136,-0.008985,0.003613,0.061050,-0.009209,-0.011509,0.028086,0.000224,-0.003280,0.005623,-0.007058,0.009602,3.530230,-6.051778,7.596321,-6.051778,10.374398,-13.022166,7.596321,-13.022166,16.345701,-0.000000,0.000000,30.250329,-0.003280,0.005623,-0.007058,0.009602,2.623381,-4.497190,5.644969,-4.497190,7.709410,-9.677016,5.644969,-9.677016,12.146798,-0.000000,0.000000,22.479589,-0.017445,0.115161,0.079514,-0.016495,0.114699,0.073593,-0.000950,0.000462,0.005921,-0.034287,-0.396839,-0.301142,0.499343,0.495636,5.736480,4.353139,5.736480,66.393877,50.383131,4.353139,50.383131,38.233343,0.000000,0.000000,105.122856,-0.034287,-0.396839,-0.301142,0.499343,0.537578,6.221910,4.721510,6.221910,72.012240,54.646637,4.721510,54.646637,41.468713,-0.000000,0.000000,114.018530,0.001612,0.106952,0.072450,0.001591,0.106664,0.072231,0.000021,0.000288,0.000219,-0.002531,-0.024006,-0.003223,0.024353,1.054893,10.005109,1.343282,10.005109,94.893223,12.740330,1.343282,12.740330,1.710512,-0.000000,0.000000,97.658628,-0.002531,-0.024006,-0.003223,0.024353,1.059367,10.047539,1.348979,10.047539,95.295656,12.794361,1.348979,12.794361,1.717766,-0.000000,0.000000,98.072789,0.016944,0.102085,0.058659,0.016089,0.100935,0.055587,0.000854,0.001150,0.003072,-0.020598,-0.250030,-0.004588,0.250919,0.687610,8.346424,0.153162,8.346424,101.311493,1.859132,0.153162,1.859132,0.034116,-0.000000,-0.000000,102.033219,-0.020598,-0.250030,-0.004588,0.250919,0.744892,9.041726,0.165922,9.041726,109.751281,2.014007,0.165922,2.014007,0.036958,-0.000000,0.000000,110.533131,0.032827,0.093830,0.062776,0.032257,0.093830,0.061795,0.000571,0.000000,0.000982,-0.009267,-0.069345,-0.035203,0.078319,1.235074,9.242139,4.691828,9.242139,69.159511,35.109249,4.691828,35.109249,17.823425,-0.000000,0.000000,88.218010,-0.009267,-0.069345,-0.035203,0.078319,1.267464,9.484514,4.814871,9.484514,70.973215,36.029987,4.814871,36.029987,18.290843,-0.000000,0.000000,90.531522
0.6675,baseline,0.139,20.0000,4.158622,-1.233321,-1.374447,-0.001534,-0.145728,1.101398,-2.012583,1.003223,-2.699806,1.267068,-2.531068,1.300816,-1.822369,0.023981,0.024114,-0.000000,0.023981,0.023981,0.012848,0.000000,0.003720,0.023981,-0.098206,0.116674,-0.060431,0.023981,1.544808,-0.698370,1.135906,0.001329,0.004858,0.000000,-0.004858,-0.007286,0.669650,0.923203,0.923203,0.609960,1.197784,1.197784,0.770377,1.161041,1.161041,0.790896,0.942280,0.942280,-0.007896,0.089136,-0.008985,0.003613,0.061050,-0.009209,-0.011509,0.028086,0.000224,-0.003280,0.005623,-0.007058,0.009602,3.530230,-6.051778,7.596321,-6.051778,10.374398,-13.022166,7.596321,-13.022166,16.345701,-0.000000,0.000000,30.250329,-0.003280,0.005623,-0.007058,0.009602,2.623381,-4.497190,5.644969,-4.497190,7.709410,-9.677016,5.644969,-9.677016,12.146798,-0.000000,0.000000,22.479589,-0.017445,0.115161,0.079514,-0.016495,0.114699,0.073593,-0.000950,0.000462,0.005921,-0.034287,-0.396839,-0.301142,0.499342,0.495636,5.736480,4.353139,5.736480,66.393877,50.383131,4.353139,50.383131,38.233343,-0.000000,0.000000,105.122856,-0.034287,-0.396839,-0.301142,0.499342,0.537578,6.221910,4.721509,6.221910,72.012239,54.646636,4.721509,54.646636,41.468713,0.000000,0.000000,114.018529,0.001612,0.106952,0.072450,0.001591,0.106664,0.072231,0.000021,0.000288,0.000219,-0.002531,-0.024006,-0.003223,0.024353,1.054893,10.005109,1.343282,10.005109,94.893223,12.740330,1.343282,12.740330,1.710512,-0.000000,0.000000,97.658628,-0.002531,-0.024006,-0.003223,0.024353,1.059367,10.047539,1.348979,10.047539,95.295656,12.794361,1.348979,12.794361,1.717766,-0.000000,0.000000,98.072789,0.017041,0.102326,0.058991,0.016089,0.100935,0.055587,0.000951,0.001391,0.003405,-0.024133,-0.283796,-0.008042,0.284934,0.734658,8.639153,0.244815,8.639153,101.591430,2.878877,0.244815,2.878877,0.081581,-0.000000,-0.000000,102.407669,-0.024133,-0.283796,-0.008042,0.284934,0.801530,9.425525,0.267099,9.425525,110.838708,3.140925,0.267099,3.140925,0.089007,-0.000000,0.000000,111.729245,0.032852,0.093838,0.062819,0.032257,0.093830,0.061795,0.000595,0.000008,0.001025,-0.009733,-0.072526,-0.036894,0.081951,1.244315,9.272278,4.716733,9.272278,69.094328,35.147732,4.716733,35.147732,17.879370,-0.000000,0.000000,88.218013,-0.009733,-0.072526,-0.036894,0.081951,1.278199,9.524767,4.845173,9.524767,70.975805,36.104824,4.845173,36.104824,18.366235,-0.000000,0.000000,90.620239
0.7084,baseline,0.139,20.0000,4.158622,-1.233321,-1.374447,-0.001534,-0.145728,1.125942,-2.012583,1.003223,-2.699806,1.256330,-2.528000,1.299282,-1.822369,0.023981,0.019189,-0.000000,0.023981,0.023981,0.298593,0.000000,0.015711,0.023981,-0.174511,0.087977,-0.028275,0.023981,1.544808,-0.698370,1.135906,0.001329,0.004858,0.000000,-0.004858,-0.007286,0.684573,0.923203,0.923203,0.609960,1.197784,1.197784,0.763849,1.159633,1.159633,0.789963,0.942280,0.942280,-0.007896,0.089136,-0.008985,0.003613,0.061050,-0.009209,-0.011509,0.028086,0.000224,-0.003280,0.005623,-0.007058,0.009602,3.530230,-6.051778,7.596321,-6.051778,10.374398,-13.022166,7.596321,-13.022166,16.345701,-0.000000,0.000000,30.250329,-0.003280,0.005623,-0.007058,0.009602,2.623381,-4.497190,5.644969,-4.497190,7.709410,-9.677016,5.644969,-9.677016,12.146798,-0.000000,0.000000,22.479589,-0.017273,0.115116,0.078460,-0.016495,0.114699,0.073593,-0.000777,0.000417,0.004867,-0.029323,-0.329600,-0.242603,0.410307,0.536909,6.034993,4.442078,6.034993,67.834804,49.930043,4.442078,49.930043,36.751182,-0.000000,0.000000,105.122895,-0.029323,-0.329600,-0.242603,0.410307,0.574542,6.457987,4.753424,6.457987,72.589363,53.429653,4.753424,53.429653,39.327082,-0.000000,0.000000,112.490987,0.001612,0.106952,0.072450,0.001591,0.106664,0.072231,0.000021,0.000288,0.000219,-0.002531,-0.024006,-0.003223,0.024353,1.054893,10.005109,1.343282,10.005109,94.893223,12.740330,1.343282,12.740330,1.710512,-0.000000,0.000000,97.658628,-0.002531,-0.024006,-0.003223,0.024353,1.059367,10.047539,1.348979,10.047539,95.295656,12.794361,1.348979,12.794361,1.717766,-0.000000,0.000000,98.072789,0.017156,0.102526,0.059401,0.016089,0.100935,0.055587,0.001067,0.001591,0.003814,-0.028017,-0.320360,-0.011985,0.321806,0.777593,8.891497,0.332645,8.891497,101.671107,3.803677,0.332645,3.803677,0.142302,-0.000000,0.000000,102.591001,-0.028017,-0.320360,-0.011985,0.321806,0.856200,9.790348,0.366272,9.790348,111.949150,4.188195,0.366272,4.188195,0.156687,-0.000000,0.000000,112.962037,0.032876,0.093846,0.062862,0.032257,0.093830,0.061795,0.000619,0.000017,0.001067,-0.010202,-0.075703,-0.038588,0.085581,1.253588,9.302363,4.741683,9.302363,69.029054,35.186103,4.741683,35.186103,17.935373,-0.000000,0.000000,88.218015,-0.010202,-0.075703,-0.038588,0.085581,1.288983,9.565016,4.875565,9.565016,70.978091,36.179584,4.875565,36.179584,18.441779,-0.000000,0.000000,90.708853
0.7542,baseline,0.139,20.0000,4.158622,-1.230253,-1.374447,-0.001534,-0.145728,1.142816,-2.012583,1.003223,-2.699806,1.247126,-2.528000,1.297748,-1.822369,0.023981,0.034918,-0.000000,0.023981,0.023981,0.516058,0.000000,0.007302,0.023981,-0.218886,0.050617,-0.019552,0.023981,1.544808,-0.696632,1.135906,0.001329,0.004858,0.000000,-0.004858,-0.007286,0.694832,0.923203,0.923203,0.609960,1.197784,1.197784,0.758253,1.159633,1.159633,0.789031,0.942280,0.942280,-0.007915,0.089180,-0.008893,0.003613,0.061050,-0.009209,-0.011528,0.028130,0.000316,-0.003761,0.006455,-0.008075,0.011001,3.535597,-6.068408,7.591545,-6.068408,10.415662,-13.029935,7.591545,-13.029935,16.300375,-0.000000,0.000000,30.251634,-0.003761,0.006455,-0.008075,0.011001,2.625521,-4.506377,5.637452,-4.506377,7.734631,-9.675980,5.637452,-9.675980,12.104597,-0.000000,0.000000,22.464748,-0.017155,0.115075,0.077735,-0.016495,0.114699,0.073593,-0.000659,0.000376,0.004142,-0.025626,-0.282491,-0.203580,0.349146,0.566281,6.242557,4.498767,6.242557,68.816590,49.593431,4.498767,49.593431,35.740050,-0.000000,0.000000,105.122921,-0.025626,-0.282491,-0.203580,0.349146,0.600240,6.616916,4.768553,6.616916,72.943442,52.567492,4.768553,52.567492,37.883340,-0.000000,0.000000,111.427022,0.001612,0.106952,0.072450,0.001591,0.106664,0.072231,0.000021,0.000288,0.000219,-0.002531,-0.024006,-0.003223,0.024353,1.054893,10.005109,1.343282,10.005109,94.893223,12.740330,1.343282,12.740330,1.710512,-0.000000,0.000000,97.658628,-0.002531,-0.024006,-0.003223,0.024353,1.059367,10.047539,1.348979,10.047539,95.295656,12.794361,1.348979,12.794361,1.717766,-0.000000,0.000000,98.072789,0.017246,0.102631,0.059725,0.016089,0.100935,0.055587,0.001157,0.001695,0.004138,-0.030807,-0.346525,-0.014849,0.348208,0.803030,9.032663,0.387053,9.032663,101.601419,4.353660,0.387053,4.353660,0.186556,-0.000000,-0.000000,102.591005,-0.030807,-0.346525,-0.014849,0.348208,0.890902,10.021064,0.429406,10.021064,112.719169,4.830060,0.429406,4.830060,0.206970,-0.000000,0.000000,113.817041,0.032900,0.093854,0.062904,0.032257,0.093830,0.061795,0.000643,0.000025,0.001110,-0.010674,-0.078878,-0.040288,0.089212,1.262891,9.332397,4.766679,9.332397,68.963690,35.224363,4.766679,35.224363,17.991435,-0.000000,0.000000,88.218017,-0.010674,-0.078878,-0.040288,0.089212,1.299816,9.605264,4.906050,9.605264,70.980098,36.254278,4.906050,36.254278,18.517482,-0.000000,0.000000,90.797396
0.7964,baseline,0.139,20.0000,4.158622,-1.230253,-1.374447,-0.001534,-0.145728,1.138214,-2.012583,1.003223,-2.699806,1.236389,-2.528000,1.299282,-1.822369,0.023981,0.051144,-0.000000,0.023981,0.023981,0.145756,0.000000,0.013093,0.023981,-0.239228,0.030751,0.000711,0.023981,1.544808,-0.696632,1.135906,0.001329,0.004858,0.000000,-0.004858,-0.007286,0.692034,0.923203,0.923203,0.609960,1.197784,1.197784,0.751724,1.159633,1.159633,0.789963,0.942280,0.942280,-0.007915,0.089180,-0.008893,0.003613,0.061050,-0.009209,-0.011528,0.028130,0.000316,-0.003761,0.006455,-0.008075,0.011001,3.535597,-6.068408,7.591545,-6.068408,10.415662,-13.029935,7.591545,-13.029935,16.300375,-0.000000,0.000000,30.251634,-0.003761,0.006455,-0.008075,0.011001,2.625521,-4.506377,5.637452,-4.506377,7.734631,-9.675980,5.637452,-9.675980,12.104597,-0.000000,0.000000,22.464748,-0.017187,0.115087,0.077933,-0.016495,0.114699,0.073593,-0.000692,0.000388,0.004339,-0.026657,-0.295409,-0.214123,0.365822,0.558190,6.185765,4.483670,6.185765,68.549575,49.687253,4.483670,49.687253,36.015149,-0.000000,-0.000000,105.122914,-0.026657,-0.295409,-0.214123,0.365822,0.593211,6.573859,4.764974,6.573859,72.850359,52.804619,4.764974,52.804619,38.274730,-0.000000,0.000000,111.718299,0.001612,0.106952,0.072450,0.001591,0.106664,0.072231,0.000021,0.000288,0.000219,-0.002531,-0.024006,-0.003223,0.024353,1.054893,10.005109,1.343282,10.005109,94.893223,12.740330,1.343282,12.740330,1.710512,-0.000000,0.000000,97.658628,-0.002531,-0.024006,-0.003223,0.024353,1.059367,10.047539,1.348979,10.047539,95.295656,12.794361,1.348979,12.794361,1.717766,-0.000000,0.000000,98.072789,0.017350,0.102751,0.060103,0.016089,0.100935,0.055587,0.001261,0.001815,0.004516,-0.034160,-0.377054,-0.018551,0.379052,0.833187,9.196659,0.452478,9.196659,101.512095,4.994418,0.452478,4.994418,0.245726,-0.000000,0.000000,102.591009,-0.034160,-0.377054,-0.018551,0.379052,0.932431,10.292109,0.506374,10.292109,113.603592,5.589322,0.506374,5.589322,0.274996,-0.000000,0.000000,114.811019,0.032876,0.093846,0.062862,0.032257,0.093830,0.061795,0.000619,0.000017,0.001067,-0.010202,-0.075705,-0.038589,0.085583,1.253588,9.302363,4.741683,9.302363,69.029054,35.186103,4.741683,35.186103,17.935373,-0.000000,0.000000,88.218015,-0.010202,-0.075705,-0.038589,0.085583,1.288983,9.565018,4.875566,9.565018,70.978107,36.179592,4.875566,36.179592,18.441783,-0.000000,0.000000,90.708873
0.8389,baseline,0.139,20.0000,4.158622,-1.230253,-1.374447,-0.001534,-0.145728,1.132078,-2.012583,1.003223,-2.699806,1.225651,-2.528000,1.302350,-1.822369,0.023981,0.022111,-0.000000,0.023981,0.023981,-0.067040,0.000000,0.005871,0.023981,-0.243769,0.025530,0.041948,0.023981,1.544808,-0.696632,1.135906,0.001329,0.004858,0.000000,-0.004858,-0.007286,0.688303,0.923203,0.923203,0.609960,1.197784,1.197784,0.745196,1.159633,1.159633,0.791829,0.942280,0.942280,-0.007915,0.089180,-0.008893,0.003613,0.061050,-0.009209,-0.011528,0.028130,0.000316,-0.003761,0.006455,-0.008075,0.011001,3.535597,-6.068408,7.591545,-6.068408,10.415662,-13.029935,7.591545,-13.029935,16.300375,-0.000000,0.000000,30.251634,-0.003761,0.006455,-0.008075,0.011001,2.625521,-4.506377,5.637452,-4.506377,7.734631,-9.675980,5.637452,-9.675980,12.104597,-0.000000,0.000000,22.464748,-0.017230,0.115102,0.078196,-0.016495,0.114699,0.073593,-0.000734,0.000403,0.004603,-0.028005,-0.312551,-0.228297,0.388061,0.547496,6.110256,4.463116,6.110256,68.192681,49.809996,4.463116,49.809996,36.382728,-0.000000,-0.000000,105.122905,-0.028005,-0.312551,-0.228297,0.388061,0.583862,6.516111,4.759565,6.516111,72.722177,53.118477,4.759565,53.118477,38.799343,-0.000000,0.000000,112.105381,0.001612,0.106952,0.072450,0.001591,0.106664,0.072231,0.000021,0.000288,0.000219,-0.002531,-0.024006,-0.003223,0.024353,1.054893,10.005109,1.343282,10.005109,94.893223,12.740330,1.343282,12.740330,1.710512,-0.000000,0.000000,97.658628,-0.002531,-0.024006,-0.003223,0.024353,1.059367,10.047539,1.348979,10.047539,95.295656,12.794361,1.348979,12.794361,1.717766,-0.000000,0.000000,98.072789,0.017455,0.102868,0.060482,0.016089,0.100935,0.055587,0.001365,0.001932,0.004895,-0.037617,-0.407581,-0.022643,0.409939,0.863857,9.359877,0.519993,9.359877,101.414149,5.634114,0.519993,5.634114,0.313006,-0.000000,-0.000000,102.591011,-0.037617,-0.407581,-0.022643,0.409939,0.975091,10.565102,0.586950,10.565102,114.472747,6.359591,0.586950,6.359591,0.353310,0.000000,0.000000,115.801148,0.032827,0.093830,0.062776,0.032257,0.093830,0.061795,0.000571,0.000000,0.000982,-0.009267,-0.069349,-0.035206,0.078324,1.235074,9.242139,4.691828,9.242139,69.159511,35.109249,4.691828,35.109249,17.823425,0.000000,0.000000,88.218010,-0.009267,-0.069349,-0.035206,0.078324,1.267465,9.484520,4.814874,9.484520,70.973261,36.030010,4.814874,36.030010,18.290855,-0.000000,0.000000,90.531581
0.8811,baseline,0.139,20.0000,4.158622,-1.228719,-1.374447,-0.001534,-0.145728,1.132078,-2.012583,1.003223,-2.699806,1.214913,-2.528000,1.302350,-1.822369,0.023981,0.027619,-0.000000,0.023981,0.023981,-0.042180,0.000000,0.015550,0.023981,-0.236259,0.024375,0.057744,0.023981,1.544808,-0.695764,1.135906,0.001329,0.004858,0.000000,-0.004858,-0.007286,0.688303,0.923203,0.923203,0.609960,1.197784,1.197784,0.738667,1.159633,1.159633,0.791829,0.942280,0.942280,-0.007924,0.089202,-0.008847,0.003613,0.061050,-0.009209,-0.011537,0.028152,0.000362,-0.004001,0.006872,-0.008582,0.011700,3.538284,-6.076726,7.589146,-6.076726,10.436301,-13.033765,7.589146,-13.033765,16.277704,-0.000000,0.000000,30.252289,-0.004001,0.006872,-0.008582,0.011700,2.626593,-4.510968,5.633690,-4.510968,7.747234,-9.675423,5.633690,-9.675423,12.083513,-0.000000,0.000000,22.457340,-0.017230,0.115102,0.078196,-0.016495,0.114699,0.073593,-0.000734,0.000403,0.004603,-0.028005,-0.312551,-0.228297,0.388061,0.547496,6.110256,4.463116,6.110256,68.192681,49.809996,4.463116,49.809996,36.382728,-0.000000,0.000000,105.122905,-0.028005,-0.312551,-0.228297,0.388061,0.583862,6.516111,4.759565,6.516111,72.722176,53.118477,4.759565,53.118477,38.799342,-0.000000,0.000000,112.105381,0.001612,0.106952,0.072450,0.001591,0.106664,0.072231,0.000021,0.000288,0.000219,-0.002531,-0.024006,-0.003223,0.024353,1.054893,10.005109,1.343282,10.005109,94.893223,12.740330,1.343282,12.740330,1.710512,-0.000000,0.000000,97.658628,-0.002531,-0.024006,-0.003223,0.024353,1.059367,10.047539,1.348979,10.047539,95.295656,12.794361,1.348979,12.794361,1.717766,-0.000000,0.000000,98.072789,0.017559,0.102983,0.060862,0.016089,0.100935,0.055587,0.001470,0.002047,0.005275,-0.041179,-0.438101,-0.027126,0.440867,0.895036,9.522287,0.589589,9.522287,101.307595,6.272640,0.589589,6.272640,0.388382,0.000000,0.000000,102.591013,-0.041179,-0.438101,-0.027126,0.440867,1.018890,10.839966,0.671176,10.839966,115.326376,7.140638,0.671176,7.140638,0.442125,-0.000000,0.000000,116.787391,0.032827,0.093830,0.062776,0.032257,0.093830,0.061795,0.000571,0.000000,0.000982,-0.009268,-0.069351,-0.035206,0.078325,1.235074,9.242139,4.691828,9.242139,69.159511,35.109249,4.691828,35.109249,17.823425,0.000000,0.000000,88.218010,-0.009268,-0.069351,-0.035206,0.078325,1.267465,9.484522,4.814875,9.484522,70.973277,36.030018,4.814875,36.030018,18.290859,-0.000000,-0.000000,90.531601
0.9235,baseline,0.139,20.0000,4.158622,-1.228719,-1.374447,-0.001534,-0.145728,1.132078,-2.012583,1.003223,-2.699806,1.207243,-2.531068,1.299282,-1.822369,0.023981,0.027318,-0.000000,0.023981,0.023981,-0.008684,0.000000,0.005790,0.023981,-0.195518,-0.008766,-0.011818,0.023981,1.544808,-0.695764,1.135906,0.001329,0.004858,0.000000,-0.004858,-0.007286,0.688303,0.923203,0.923203,0.609960,1.197784,1.197784,0.734004,1.161041,1.161041,0.789963,0.942280,0.942280,-0.007924,0.089202,-0.008847,0.003613,0.061050,-0.009209,-0.011537,0.028152,0.000362,-0.004001,0.006872,-0.008582,0.011700,3.538284,-6.076726,7.589146,-6.076726,10.436301,-13.033765,7.589146,-13.033765,16.277704,-0.000000,0.000000,30.252289,-0.004001,0.006872,-0.008582,0.011700,2.626593,-4.510968,5.633690,-4.510968,7.747234,-9.675423,5.633690,-9.675423,12.083513,-0.000000,0.000000,22.457340,-0.017230,0.115102,0.078196,-0.016495,0.114699,0.073593,-0.000734,0.000403,0.004603,-0.028005,-0.312551,-0.228297,0.388061,0.547496,6.110256,4.463116,6.110256,68.192681,49.809996,4.463116,49.809996,36.382728,-0.000000,-0.000000,105.122905,-0.028005,-0.312551,-0.228297,0.388061,0.583862,6.516111,4.759565,6.516111,72.722176,53.118477,4.759565,53.118477,38.799342,-0.000000,0.000000,112.105380,0.001612,0.106952,0.072450,0.001591,0.106664,0.072231,0.000021,0.000288,0.000219,-0.002531,-0.024006,-0.003223,0.024353,1.054893,10.005109,1.343282,10.005109,94.893223,12.740330,1.343282,12.740330,1.710512,-0.000000,0.000000,97.658628,-0.002531,-0.024006,-0.003223,0.024353,1.059367,10.047539,1.348979,10.047539,95.295656,12.794361,1.348979,12.794361,1.717766,-0.000000,0.000000,98.072789,0.017622,0.102989,0.061098,0.016089,0.100935,0.055587,0.001533,0.002054,0.005511,-0.042851,-0.453568,-0.028901,0.456504,0.902342,9.551028,0.608584,9.551028,101.094888,6.441687,0.608584,6.441687,0.410459,-0.000000,0.000000,102.407689,-0.042851,-0.453568,-0.028901,0.456504,1.033287,10.937048,0.696900,10.937048,115.765509,7.376488,0.696900,7.376488,0.470024,0.000000,0.000000,117.268820,0.032876,0.093846,0.062862,0.032257,0.093830,0.061795,0.000619,0.000017,0.001067,-0.010203,-0.075709,-0.038591,0.085588,1.253588,9.302364,4.741683,9.302364,69.029054,35.186103,4.741683,35.186103,17.935373,0.000000,0.000000,88.218015,-0.010203,-0.075709,-0.038591,0.085588,1.288984,9.565024,4.875569,9.565024,70.978153,36.179615,4.875569,36.179615,18.441795,-0.000000,0.000000,90.708932
0.9660,baseline,0.139,20.0000,4.158622,-1.228719,-1.374447,-0.001534,-0.145728,1.144350,-2.012583,1.003223,-2.699806,1.205709,-2.551010,1.302350,-1.822369,0.023981,0.024744,-0.000000,0.023981,0.023981,0.124663,0.000000,0.012561,0.023981,-0.095376,-0.218778,0.032686,0.023981,1.544808,-0.695764,1.135906,0.001329,0.004858,0.000000,-0.004858,-0.007286,0.695765,0.923203,0.923203,0.609960,1.197784,1.197784,0.733071,1.170188,1.170188,0.791829,0.942280,0.942280,-0.007924,0.089202,-0.008847,0.003613,0.061050,-0.009209,-0.011537,0.028152,0.000362,-0.004001,0.006872,-0.008582,0.011700,3.538284,-6.076726,7.589146,-6.076726,10.436301,-13.033765,7.589146,-13.033765,16.277704,-0.000000,0.000000,30.252289,-0.004001,0.006872,-0.008582,0.011700,2.626593,-4.510968,5.633690,-4.510968,7.747234,-9.675423,5.633690,-9.675423,12.083513,-0.000000,0.000000,22.457340,-0.017144,0.115071,0.077669,-0.016495,0.114699,0.073593,-0.000649,0.000372,0.004076,-0.025278,-0.278174,-0.200083,0.343588,0.568991,6.261518,4.503739,6.261518,68.905468,49.561821,4.503739,49.561821,35.648464,0.000000,0.000000,105.122923,-0.025278,-0.278174,-0.200083,0.343588,0.602586,6.631220,4.769655,6.631220,72.973886,52.488123,4.769655,52.488123,37.753273,-0.000000,0.000000,111.329745,0.001612,0.106952,0.072450,0.001591,0.106664,0.072231,0.000021,0.000288,0.000219,-0.002531,-0.024006,-0.003223,0.024353,1.054893,10.005109,1.343282,10.005109,94.893223,12.740330,1.343282,12.740330,1.710512,-0.000000,0.000000,97.658628,-0.002531,-0.024006,-0.003223,0.024353,1.059367,10.047539,1.348979,10.047539,95.295656,12.794361,1.348979,12.794361,1.717766,-0.000000,0.000000,98.072789,0.017559,0.102524,0.060925,0.016089,0.100935,0.055587,0.001469,0.001589,0.005338,-0.037475,-0.416574,-0.019500,0.418710,0.810258,9.006976,0.421619,9.006976,100.123141,4.686791,0.421619,4.686791,0.219390,-0.000000,0.000000,101.152789,-0.037475,-0.416574,-0.019500,0.418710,0.928241,10.318496,0.483012,10.318496,114.702232,5.369242,0.483012,5.369242,0.251336,0.000000,0.000000,115.881809,0.032827,0.093830,0.062776,0.032257,0.093830,0.061795,0.000571,0.000000,0.000982,-0.009267,-0.069349,-0.035205,0.078324,1.235074,9.242139,4.691828,9.242139,69.159511,35.109249,4.691828,35.109249,17.823425,-0.000000,0.000000,88.218010,-0.009267,-0.069349,-0.035205,0.078324,1.267465,9.484520,4.814874,9.484520,70.973260,36.030009,4.814874,36.030009,18.290854,-0.000000,0.000000,90.531579
1.0084,baseline,0.139,20.0000,4.158622,-1.228719,-1.374447,-0.001534,-0.145728,1.148952,-2.012583,1.003223,-2.699806,1.205709,-2.552544,1.305418,-1.822369,0.023981,0.024155,-0.000000,0.023981,0.023981,0.239914,0.000000,0.018260,0.023981,-0.023858,-0.229076,0.110130,0.023981,1.544808,-0.695764,1.135906,0.001329,0.004858,0.000000,-0.004858,-0.007286,0.698563,0.923203,0.923203,0.609960,1.197784,1.197784,0.733071,1.170892,1.170892,0.793694,0.942280,0.942280,-0.007924,0.089202,-0.008847,0.003613,0.061050,-0.009209,-0.011537,0.028152,0.000362,-0.004001,0.006872,-0.008582,0.011700,3.538284,-6.076726,7.589146,-6.076726,10.436301,-13.033765,7.589146,-13.033765,16.277704,-0.000000,0.000000,30.252289,-0.004001,0.006872,-0.008582,0.011700,2.626593,-4.510968,5.633690,-4.510968,7.747234,-9.675423,5.633690,-9.675423,12.083513,-0.000000,0.000000,22.457340,-0.017112,0.115059,0.077472,-0.016495,0.114699,0.073593,-0.000617,0.000360,0.003878,-0.024224,-0.265188,-0.189641,0.326918,0.577163,6.318491,4.518471,6.318491,69.171718,49.465986,4.518471,49.465986,35.374050,-0.000000,0.000000,105.122930,-0.024224,-0.265188,-0.189641,0.326918,0.609635,6.673982,4.772689,6.673982,73.063465,52.249047,4.772689,52.249047,37.364268,-0.000000,0.000000,111.037368,0.001612,0.106952,0.072450,0.001591,0.106664,0.072231,0.000021,0.000288,0.000219,-0.002531,-0.024006,-0.003223,0.024353,1.054893,10.005109,1.343282,10.005109,94.893223,12.740330,1.343282,12.740330,1.710512,-0.000000,0.000000,97.658628,-0.002531,-0.024006,-0.003223,0.024353,1.059367,10.047539,1.348979,10.047539,95.295656,12.794361,1.348979,12.794361,1.717766,-0.000000,0.000000,98.072789,0.017553,0.102487,0.060908,0.016089,0.100935,0.055587,0.001463,0.001552,0.005321,-0.037036,-0.413381,-0.018785,0.415462,0.803044,8.963158,0.407299,8.963158,100.042095,4.546060,0.407299,4.546060,0.206580,-0.000000,0.000000,101.051719,-0.037036,-0.413381,-0.018785,0.415462,0.919908,10.267539,0.466572,10.267539,114.600910,5.207634,0.466572,5.207634,0.236643,0.000000,0.000000,115.757461,0.032779,0.093814,0.062691,0.032257,0.093830,0.061795,0.000522,-0.000016,0.000896,-0.008346,-0.062980,-0.031842,0.071064,1.216686,9.181705,4.642154,9.181705,69.289607,35.031950,4.642154,35.031950,17.711712,-0.000000,0.000000,88.218005,-0.008346,-0.062980,-0.031842,0.071064,1.246145,9.404014,4.754551,9.404014,70.967260,35.880151,4.754551,35.880151,18.140551,-0.000000,0.000000,90.353956
1.0508,baseline,0.139,20.0000,4.158622,-1.228719,-1.374447,-0.001534,-0.145728,1.142816,-2.012583,1.003223,-2.699806,1.213379,-2.547942,1.302350,-1.822369,0.023981,0.024021,-0.000000,0.023981,0.023981,-0.010602,0.000000,0.006217,0.023981,0.053264,0.012287,-0.008820,0.023981,1.544808,-0.695764,1.135906,0.001329,0.004858,0.000000,-0.004858,-0.007286,0.694832,0.923203,0.923203,0.609960,1.197784,1.197784,0.737734,1.168781,1.168781,0.791829,0.942280,0.942280,-0.007924,0.089202,-0.008847,0.003613,0.061050,-0.009209,-0.011537,0.028152,0.000362,-0.004001,0.006872,-0.008582,0.011700,3.538284,-6.076726,7.589146,-6.076726,10.436301,-13.033765,7.589146,-13.033765,16.277704,-0.000000,0.000000,30.252289,-0.004001,0.006872,-0.008582,0.011700,2.626593,-4.510968,5.633690,-4.510968,7.747234,-9.675423,5.633690,-9.675423,12.083513,-0.000000,0.000000,22.457340,-0.017155,0.115075,0.077735,-0.016495,0.114699,0.073593,-0.000659,0.000376,0.004142,-0.025626,-0.282491,-0.203580,0.349146,0.566281,6.242557,4.498767,6.242557,68.816590,49.593431,4.498767,49.593431,35.740050,-0.000000,0.000000,105.122921,-0.025626,-0.282491,-0.203580,0.349146,0.600240,6.616916,4.768553,6.616916,72.943442,52.567492,4.768553,52.567492,37.883340,-0.000000,0.000000,111.427021,0.001612,0.106952,0.072450,0.001591,0.106664,0.072231,0.000021,0.000288,0.000219,-0.002531,-0.024006,-0.003223,0.024353,1.054893,10.005109,1.343282,10.005109,94.893223,12.740330,1.343282,12.740330,1.710512,-0.000000,0.000000,97.658628,-0.002531,-0.024006,-0.003223,0.024353,1.059367,10.047539,1.348979,10.047539,95.295656,12.794361,1.348979,12.794361,1.717766,-0.000000,0.000000,98.072789,0.017496,0.102517,0.060690,0.016089,0.100935,0.055587,0.001407,0.001582,0.005103,-0.035916,-0.401388,-0.018067,0.403397,0.803428,8.978921,0.404162,8.978921,100.346244,4.516812,0.404162,4.516812,0.203312,-0.000000,0.000000,101.352984,-0.035916,-0.401388,-0.018067,0.403397,0.914913,10.224847,0.460244,10.224847,114.270407,5.143570,0.460244,5.143570,0.231524,-0.000000,-0.000000,115.416844,0.032827,0.093830,0.062776,0.032257,0.093830,0.061795,0.000571,0.000000,0.000982,-0.009267,-0.069348,-0.035205,0.078323,1.235074,9.242139,4.691828,9.242139,69.159511,35.109249,4.691828,35.109249,17.823425,-0.000000,0.000000,88.218010,-0.009267,-0.069348,-0.035205,0.078323,1.267465,9.484519,4.814874,9.484519,70.973253,36.030006,4.814874,36.030006,18.290853,-0.000000,0.000000,90.531570
1.0933,baseline,0.139,20.0000,4.158622,-1.228719,-1.374447,-0.001534,-0.145728,1.141282,-2.012583,1.004757,-2.699806,1.240990,-2.547942,1.302350,-1.822369,0.023981,0.023990,-0.000000,0.023981,0.023981,-0.088841,0.000000,0.003820,0.023981,0.436522,0.075878,-0.036644,0.023981,1.544808,-0.695764,1.135906,0.001329,0.004858,0.000000,-0.004858,-0.007286,0.693899,0.923203,0.923203,0.610893,1.197784,1.197784,0.754522,1.168781,1.168781,0.791829,0.942280,0.942280,-0.007924,0.089202,-0.008847,0.003613,0.061050,-0.009209,-0.011537,0.028152,0.000362,-0.004001,0.006872,-0.008582,0.011700,3.538284,-6.076726,7.589146,-6.076726,10.436301,-13.033765,7.589146,-13.033765,16.277704,-0.000000,0.000000,30.252289,-0.004001,0.006872,-0.008582,0.011700,2.626593,-4.510968,5.633690,-4.510968,7.747234,-9.675423,5.633690,-9.675423,12.083513,-0.000000,0.000000,22.457340,-0.017166,0.115079,0.077801,-0.016495,0.114699,0.073593,-0.000670,0.000380,0.004208,-0.025971,-0.286803,-0.207086,0.354704,0.563577,6.223611,4.493765,6.223611,68.727648,49.624873,4.493765,49.624873,35.831693,-0.000000,0.000000,105.122919,-0.025971,-0.286803,-0.207086,0.354704,0.597895,6.602588,4.767406,6.602588,72.912706,52.646698,4.767406,52.646698,38.013605,-0.000000,-0.000000,111.524207,0.001610,0.106944,0.072390,0.001591,0.106664,0.072231,0.000019,0.000280,0.000160,-0.002098,-0.019908,-0.002654,0.020193,1.054446,10.004266,1.333635,10.004266,94.917438,12.653120,1.333635,12.653120,1.686744,-0.000000,0.000000,97.658628,-0.002098,-0.019908,-0.002654,0.020193,1.057216,10.030544,1.337138,10.030544,95.166764,12.686357,1.337138,12.686357,1.691175,-0.000000,0.000000,97.915155,0.017229,0.102214,0.059722,0.016089,0.100935,0.055587,0.001140,0.001279,0.004136,-0.027564,-0.323763,-0.009292,0.325067,0.728720,8.559590,0.245673,8.559590,100.541428,2.885692,0.245673,2.885692,0.082824,-0.000000,0.000000,101.352972,-0.027564,-0.323763,-0.009292,0.325067,0.811327,9.529896,0.273523,9.529896,111.938696,3.212811,0.273523,3.212811,0.092213,-0.000000,0.000000,112.842236,0.032827,0.093830,0.062776,0.032257,0.093830,0.061795,0.000571,0.000000,0.000982,-0.009267,-0.069345,-0.035203,0.078319,1.235074,9.242139,4.691828,9.242139,69.159511,35.109249,4.691828,35.109249,17.823425,-0.000000,0.000000,88.218010,-0.009267,-0.069345,-0.035203,0.078319,1.267464,9.484513,4.814871,9.484513,70.973214,36.029986,4.814871,36.029986,18.290843,-0.000000,0.000000,90.531521
1.1357,baseline,0.139,20.0000,4.158622,-1.228719,-1.374447,-0.001534,-0.145728,1.141282,-2.012583,1.003223,-2.699806,1.248660,-2.546408,1.302350,-1.822369,0.023981,0.023983,-0.000000,0.023981,0.023981,0.009503,0.000000,0.011122,0.023981,0.414504,0.030051,0.013052,0.023981,1.544808,-0.695764,1.135906,0.001329,0.004858,0.000000,-0.004858,-0.007286,0.693899,0.923203,0.923203,0.609960,1.197784,1.197784,0.759185,1.168077,1.168077,0.791829,0.942280,0.942280,-0.007924,0.089202,-0.008847,0.003613,0.061050,-0.009209,-0.011537,0.028152,0.000362,-0.004001,0.006872,-0.008582,0.011700,3.538284,-6.076726,7.589146,-6.076726,10.436301,-13.033765,7.589146,-13.033765,16.277704,-0.000000,0.000000,30.252289,-0.004001,0.006872,-0.008582,0.011700,2.626593,-4.510968,5.633690,-4.510968,7.747234,-9.675423,5.633690,-9.675423,12.083513,-0.000000,0.000000,22.457340,-0.017166,0.115079,0.077801,-0.016495,0.114699,0.073593,-0.000670,0.000380,0.004208,-0.025971,-0.286803,-0.207086,0.354704,0.563577,6.223611,4.493765,6.223611,68.727648,49.624873,4.493765,49.624873,35.831693,-0.000000,0.000000,105.122919,-0.025971,-0.286803,-0.207086,0.354704,0.597895,6.602588,4.767406,6.602588,72.912706,52.646698,4.767406,52.646698,38.013605,-0.000000,-0.000000,111.524207,0.001612,0.106952,0.072450,0.001591,0.106664,0.072231,0.000021,0.000288,0.000219,-0.002531,-0.024006,-0.003223,0.024353,1.054893,10.005109,1.343282,10.005109,94.893223,12.740330,1.343282,12.740330,1.710512,-0.000000,0.000000,97.658628,-0.002531,-0.024006,-0.003223,0.024353,1.059367,10.047539,1.348979,10.047539,95.295656,12.794361,1.348979,12.794361,1.717766,-0.000000,0.000000,98.072789,0.017161,0.102164,0.059471,0.016089,0.100935,0.055587,0.001072,0.001229,0.003884,-0.025734,-0.305288,-0.007797,0.306470,0.715325,8.486018,0.216743,8.486018,100.671097,2.571259,0.216743,2.571259,0.065673,-0.000000,-0.000000,101.452095,-0.025734,-0.305288,-0.007797,0.306470,0.791443,9.389024,0.239807,9.389024,111.383607,2.844870,0.239807,2.844870,0.072661,0.000000,0.000000,112.247711,0.032827,0.093830,0.062776,0.032257,0.093830,0.061795,0.000571,0.000000,0.000982,-0.009267,-0.069344,-0.035203,0.078318,1.235074,9.242139,4.691828,9.242139,69.159511,35.109248,4.691828,35.109248,17.823425,-0.000000,0.000000,88.218010,-0.009267,-0.069344,-0.035203,0.078318,1.267464,9.484512,4.814871,9.484512,70.973204,36.029981,4.814871,36.029981,18.290840,-0.000000,0.000000,90.531508
1.1781,baseline,0.139,20.0000,4.158622,-1.228719,-1.374447,-0.001534,-0.145728,1.153554,-2.012583,1.003223,-2.699806,1.242524,-2.546408,1.306952,-1.822369,0.023981,0.023981,-0.000000,0.023981,0.023981,0.119049,0.000000,0.013781,0.023981,0.057345,0.030207,0.069649,0.023981,1.544808,-0.695764,1.135906,0.001329,0.004858,0.000000,-0.004858,-0.007286,0.701361,0.923203,0.923203,0.609960,1.197784,1.197784,0.755455,1.168077,1.168077,0.794627,0.942280,0.942280,-0.007924,0.089202,-0.008847,0.003613,0.061050,-0.009209,-0.011537,0.028152,0.000362,-0.004001,0.006872,-0.008582,0.011700,3.538284,-6.076726,7.589146,-6.076726,10.436301,-13.033765,7.589146,-13.033765,16.277704,-0.000000,0.000000,30.252289,-0.004001,0.006872,-0.008582,0.011700,2.626593,-4.510968,5.633690,-4.510968,7.747234,-9.675423,5.633690,-9.675423,12.083513,-0.000000,0.000000,22.457340,-0.017080,0.115046,0.077274,-0.016495,0.114699,0.073593,-0.000585,0.000347,0.003681,-0.023152,-0.252151,-0.179275,0.310251,0.585394,6.375597,4.532927,6.375597,69.437385,49.368646,4.532927,49.368646,35.100158,-0.000000,0.000000,105.122937,-0.023152,-0.252151,-0.179275,0.310251,0.616697,6.716519,4.775316,6.716519,73.150405,52.008532,4.775316,52.008532,36.977066,-0.000000,0.000000,110.744168,0.001612,0.106952,0.072450,0.001591,0.106664,0.072231,0.000021,0.000288,0.000219,-0.002531,-0.024006,-0.003223,0.024353,1.054893,10.005109,1.343282,10.005109,94.893223,12.740330,1.343282,12.740330,1.710512,-0.000000,0.000000,97.658628,-0.002531,-0.024006,-0.003223,0.024353,1.059367,10.047539,1.348979,10.047539,95.295656,12.794361,1.348979,12.794361,1.717766,-0.000000,0.000000,98.072789,0.017220,0.102234,0.059685,0.016089,0.100935,0.055587,0.001131,0.001299,0.004099,-0.027499,-0.322544,-0.009406,0.323851,0.731501,8.579893,0.250210,8.579893,100.635013,2.934750,0.250210,2.934750,0.085584,-0.000000,0.000000,101.452098,-0.027499,-0.322544,-0.009406,0.323851,0.813488,9.541539,0.278253,9.541539,111.914319,3.263681,0.278253,3.263681,0.095176,-0.000000,0.000000,112.822984,0.032755,0.093805,0.062648,0.032257,0.093830,0.061795,0.000498,-0.000024,0.000854,-0.007889,-0.059787,-0.030166,0.067430,1.207539,9.151409,4.617385,9.151409,69.354519,34.993135,4.617385,34.993135,17.655944,-0.000000,0.000000,88.218002,-0.007889,-0.059787,-0.030166,0.067430,1.235558,9.363754,4.724524,9.363754,70.963788,35.805099,4.724524,35.805099,18.065624,-0.000000,-0.000000,90.264970
1.2210,baseline,0.139,20.0000,4.158622,-1.228719,-1.374447,-0.001534,-0.145728,1.155088,-2.012583,1.003223,-2.699806,1.234855,-2.546408,1.305418,-1.822369,0.023981,0.023981,-0.000000,0.023981,0.023981,0.183758,0.000000,0.017936,0.023981,-0.106344,0.025263,0.065074,0.023981,1.544808,-0.695764,1.135906,0.001329,0.004858,0.000000,-0.004858,-0.007286,0.702293,0.923203,0.923203,0.609960,1.197784,1.197784,0.750792,1.168077,1.168077,0.793694,0.942280,0.942280,-0.007924,0.089202,-0.008847,0.003613,0.061050,-0.009209,-0.011537,0.028152,0.000362,-0.004001,0.006872,-0.008582,0.011700,3.538284,-6.076726,7.589146,-6.076726,10.436301,-13.033765,7.589146,-13.033765,16.277704,-0.000000,0.000000,30.252289,-0.004001,0.006872,-0.008582,0.011700,2.626593,-4.510968,5.633690,-4.510968,7.747234,-9.675423,5.633690,-9.675423,12.083513,-0.000000,0.000000,22.457340,-0.017070,0.115041,0.077208,-0.016495,0.114699,0.073593,-0.000574,0.000342,0.003615,-0.022791,-0.247794,-0.175836,0.304696,0.588151,6.394662,4.537684,6.394662,69.525809,49.335865,4.537684,49.335865,35.008979,-0.000000,0.000000,105.122939,-0.022791,-0.247794,-0.175836,0.304696,0.619054,6.730647,4.776101,6.730647,73.178797,51.928043,4.776101,51.928043,36.848402,-0.000000,0.000000,110.646252,0.001612,0.106952,0.072450,0.001591,0.106664,0.072231,0.000021,0.000288,0.000219,-0.002531,-0.024006,-0.003223,0.024353,1.054893,10.005109,1.343282,10.005109,94.893223,12.740330,1.343282,12.740330,1.710512,-0.000000,0.000000,97.658628,-0.002531,-0.024006,-0.003223,0.024353,1.059367,10.047539,1.348979,10.047539,95.295656,12.794361,1.348979,12.794361,1.717766,-0.000000,0.000000,98.072789,0.017294,0.102320,0.059954,0.016089,0.100935,0.055587,0.001205,0.001385,0.004367,-0.029754,-0.344122,-0.011594,0.345600,0.751958,8.696923,0.293003,8.696923,100.585974,3.388786,0.293003,3.388786,0.114170,-0.000000,-0.000000,101.452102,-0.029754,-0.344122,-0.011594,0.345600,0.841556,9.733185,0.327915,9.733185,112.571061,3.792569,0.327915,3.792569,0.127773,-0.000000,0.000000,113.540391,0.032779,0.093814,0.062691,0.032257,0.093830,0.061795,0.000522,-0.000016,0.000896,-0.008345,-0.062976,-0.031840,0.071059,1.216686,9.181705,4.642154,9.181705,69.289607,35.031950,4.642154,35.031950,17.711712,-0.000000,0.000000,88.218005,-0.008345,-0.062976,-0.031840,0.071059,1.246144,9.404008,4.754548,9.404008,70.967216,35.880128,4.754548,35.880128,18.140540,-0.000000,0.000000,90.353900
1.2678,baseline,0.139,20.0000,4.158622,-1.228719,-1.374447,-0.001534,-0.145728,1.148952,-2.012583,1.003223,-2.699806,1.228719,-2.546408,1.302350,-1.822369,0.023981,0.023981,-0.000000,0.023981,0.023981,-0.011371,0.000000,0.008616,0.023981,-0.138463,0.024343,-0.035637,0.023981,1.544808,-0.695764,1.135906,0.001329,0.004858,0.000000,-0.004858,-0.007286,0.698563,0.923203,0.923203,0.609960,1.197784,1.197784,0.747061,1.168077,1.168077,0.791829,0.942280,0.942280,-0.007924,0.089202,-0.008847,0.003613,0.061050,-0.009209,-0.011537,0.028152,0.000362,-0.004001,0.006872,-0.008582,0.011700,3.538284,-6.076726,7.589146,-6.076726,10.436301,-13.033765,7.589146,-13.033765,16.277704,-0.000000,0.000000,30.252289,-0.004001,0.006872,-0.008582,0.011700,2.626593,-4.510968,5.633690,-4.510968,7.747234,-9.675423,5.633690,-9.675423,12.083513,-0.000000,0.000000,22.457340,-0.017112,0.115059,0.077472,-0.016495,0.114699,0.073593,-0.000617,0.000360,0.003878,-0.024224,-0.265188,-0.189641,0.326918,0.577163,6.318491,4.518471,6.318491,69.171718,49.465986,4.518471,49.465986,35.374050,0.000000,0.000000,105.122930,-0.024224,-0.265188,-0.189641,0.326918,0.609635,6.673982,4.772689,6.673982,73.063465,52.249047,4.772689,52.249047,37.364268,-0.000000,0.000000,111.037368,0.001612,0.106952,0.072450,0.001591,0.106664,0.072231,0.000021,0.000288,0.000219,-0.002531,-0.024006,-0.003223,0.024353,1.054893,10.005109,1.343282,10.005109,94.893223,12.740330,1.343282,12.740330,1.710512,-0.000000,0.000000,97.658628,-0.002531,-0.024006,-0.003223,0.024353,1.059367,10.047539,1.348979,10.047539,95.295656,12.794361,1.348979,12.794361,1.717766,-0.000000,0.000000,98.072789,0.017354,0.102388,0.060169,0.016089,0.100935,0.055587,0.001264,0.001453,0.004582,-0.031595,-0.361388,-0.013485,0.363017,0.768514,8.790290,0.328005,8.790290,100.543597,3.751729,0.328005,3.751729,0.139994,-0.000000,0.000000,101.452105,-0.031595,-0.361388,-0.013485,0.363017,0.864422,9.887286,0.368939,9.887286,113.091062,4.219930,0.368939,4.219930,0.157464,-0.000000,0.000000,114.112949,0.032827,0.093830,0.062776,0.032257,0.093830,0.061795,0.000571,0.000000,0.000982,-0.009267,-0.069346,-0.035204,0.078320,1.235074,9.242139,4.691828,9.242139,69.159511,35.109248,4.691828,35.109248,17.823425,-0.000000,0.000000,88.218010,-0.009267,-0.069346,-0.035204,0.078320,1.267464,9.484515,4.814872,9.484515,70.973225,36.029992,4.814872,36.029992,18.290846,-0.000000,-0.000000,90.531535
1.3114,baseline,0.139,20.0000,4.158622,-1.228719,-1.374447,-0.001534,-0.145728,1.145884,-2.012583,1.003223,-2.699806,1.222583,-2.546408,1.302350,-1.822369,0.023981,0.023981,-0.000000,0.023981,0.023981,-0.105344,0.000000,0.003779,0.023981,-0.121709,0.024048,-0.015996,0.023981,1.544808,-0.695764,1.135906,0.001329,0.004858,0.000000,-0.004858,-0.007286,0.696697,0.923203,0.923203,0.609960,1.197784,1.197784,0.743330,1.168077,1.168077,0.791829,0.942280,0.942280,-0.007924,0.089202,-0.008847,0.003613,0.061050,-0.009209,-0.011537,0.028152,0.000362,-0.004001,0.006872,-0.008582,0.011700,3.538284,-6.076726,7.589146,-6.076726,10.436301,-13.033765,7.589146,-13.033765,16.277704,-0.000000,0.000000,30.252289,-0.004001,0.006872,-0.008582,0.011700,2.626593,-4.510968,5.633690,-4.510968,7.747234,-9.675423,5.633690,-9.675423,12.083513,-0.000000,0.000000,22.457340,-0.017134,0.115067,0.077603,-0.016495,0.114699,0.073593,-0.000638,0.000368,0.004010,-0.024928,-0.273851,-0.196594,0.338031,0.571708,6.280494,4.508680,6.280494,68.994283,49.530043,4.508680,49.530043,35.556935,-0.000000,0.000000,105.122926,-0.024928,-0.273851,-0.196594,0.338031,0.604934,6.645499,4.770712,6.645499,73.004038,52.408592,4.770712,52.408592,37.623405,-0.000000,0.000000,111.232378,0.001612,0.106952,0.072450,0.001591,0.106664,0.072231,0.000021,0.000288,0.000219,-0.002531,-0.024006,-0.003223,0.024353,1.054893,10.005109,1.343282,10.005109,94.893223,12.740330,1.343282,12.740330,1.710512,-0.000000,0.000000,97.658628,-0.002531,-0.024006,-0.003223,0.024353,1.059367,10.047539,1.348979,10.047539,95.295656,12.794361,1.348979,12.794361,1.717766,-0.000000,0.000000,98.072789,0.017413,0.102455,0.060384,0.016089,0.100935,0.055587,0.001324,0.001520,0.004797,-0.033471,-0.378655,-0.015502,0.380447,0.785238,8.883423,0.363686,8.883423,100.498427,4.114395,0.363686,4.114395,0.168443,-0.000000,0.000000,101.452108,-0.033471,-0.378655,-0.015502,0.380447,0.887655,10.042066,0.411121,10.042066,113.606197,4.651025,0.411121,4.651025,0.190412,-0.000000,0.000000,114.684265,0.032827,0.093830,0.062776,0.032257,0.093830,0.061795,0.000571,0.000000,0.000982,-0.009267,-0.069347,-0.035204,0.078321,1.235074,9.242139,4.691828,9.242139,69.159511,35.109249,4.691828,35.109249,17.823425,-0.000000,0.000000,88.218010,-0.009267,-0.069347,-0.035204,0.078321,1.267464,9.484517,4.814873,9.484517,70.973237,36.029998,4.814873,36.029998,18.290849,-0.000000,0.000000,90.531550
1.3547,baseline,0.139,20.0000,4.158622,-1.228719,-1.374447,-0.001534,-0.145728,1.144350,-2.012583,1.003223,-2.699806,1.217981,-2.546408,1.302350,-1.822369,0.023981,0.023981,-0.000000,0.023981,0.023981,-0.006034,0.000000,0.007363,0.023981,-0.106224,0.023996,-0.007809,0.023981,1.544808,-0.695764,1.135906,0.001329,0.004858,0.000000,-0.004858,-0.007286,0.695765,0.923203,0.923203,0.609960,1.197784,1.197784,0.740532,1.168077,1.168077,0.791829,0.942280,0.942280,-0.007924,0.089202,-0.008847,0.003613,0.061050,-0.009209,-0.011537,0.028152,0.000362,-0.004001,0.006872,-0.008582,0.011700,3.538284,-6.076726,7.589146,-6.076726,10.436301,-13.033765,7.589146,-13.033765,16.277704,-0.000000,0.000000,30.252289,-0.004001,0.006872,-0.008582,0.011700,2.626593,-4.510968,5.633690,-4.510968,7.747234,-9.675423,5.633690,-9.675423,12.083513,-0.000000,0.000000,22.457340,-0.017144,0.115071,0.077669,-0.016495,0.114699,0.073593,-0.000649,0.000372,0.004076,-0.025278,-0.278174,-0.200083,0.343588,0.568991,6.261518,4.503739,6.261518,68.905468,49.561821,4.503739,49.561821,35.648464,-0.000000,0.000000,105.122923,-0.025278,-0.278174,-0.200083,0.343588,0.602586,6.631220,4.769655,6.631220,72.973886,52.488123,4.769655,52.488123,37.753273,-0.000000,0.000000,111.329745,0.001612,0.106952,0.072450,0.001591,0.106664,0.072231,0.000021,0.000288,0.000219,-0.002531,-0.024006,-0.003223,0.024353,1.054893,10.005109,1.343282,10.005109,94.893223,12.740330,1.343282,12.740330,1.710512,-0.000000,0.000000,97.658628,-0.002531,-0.024006,-0.003223,0.024353,1.059367,10.047539,1.348979,10.047539,95.295656,12.794361,1.348979,12.794361,1.717766,-0.000000,0.000000,98.072789,0.017458,0.102505,0.060545,0.016089,0.100935,0.055587,0.001368,0.001569,0.004959,-0.034899,-0.391606,-0.017098,0.393530,0.797891,8.953115,0.390893,8.953115,100.462717,4.386200,0.390893,4.386200,0.191501,-0.000000,-0.000000,101.452109,-0.034899,-0.391606,-0.017098,0.393530,0.905321,10.158590,0.443524,10.158590,113.989330,4.976772,0.443524,4.976772,0.217286,-0.000000,0.000000,115.111937,0.032827,0.093830,0.062776,0.032257,0.093830,0.061795,0.000571,0.000000,0.000982,-0.009267,-0.069348,-0.035205,0.078322,1.235074,9.242139,4.691828,9.242139,69.159511,35.109249,4.691828,35.109249,17.823425,-0.000000,0.000000,88.218010,-0.009267,-0.069348,-0.035205,0.078322,1.267465,9.484518,4.814873,9.484518,70.973246,36.030002,4.814873,36.030002,18.290851,0.000000,0.000000,90.531561
1.4023,baseline,0.139,20.0000,4.158622,-1.228719,-1.374447,-0.001534,-0.145728,1.159689,-2.012583,1.003223,-2.699806,1.214913,-2.546408,1.311554,-1.822369,0.023981,0.023981,-0.000000,0.023981,0.023981,0.144860,0.000000,0.020902,0.023981,-0.073182,0.023984,0.151261,0.023981,1.544808,-0.695764,1.135906,0.001329,0.004858,0.000000,-0.004858,-0.007286,0.705091,0.923203,0.923203,0.609960,1.197784,1.197784,0.738667,1.168077,1.168077,0.797425,0.942280,0.942280,-0.007924,0.089202,-0.008847,0.003613,0.061050,-0.009209,-0.011537,0.028152,0.000362,-0.004001,0.006872,-0.008582,0.011700,3.538284,-6.076726,7.589146,-6.076726,10.436301,-13.033765,7.589146,-13.033765,16.277704,-0.000000,0.000000,30.252289,-0.004001,0.006872,-0.008582,0.011700,2.626593,-4.510968,5.633690,-4.510968,7.747234,-9.675423,5.633690,-9.675423,12.083513,-0.000000,0.000000,22.457340,-0.017038,0.115027,0.077011,-0.016495,0.114699,0.073593,-0.000542,0.000328,0.003417,-0.021696,-0.234690,-0.165571,0.288034,0.596463,6.451944,4.551772,6.451944,69.790685,49.236522,4.551772,49.236522,34.735798,0.000000,0.000000,105.122946,-0.021696,-0.234690,-0.165571,0.288034,0.626132,6.772876,4.778186,6.772876,73.262204,51.685639,4.778186,51.685639,36.463622,-0.000000,0.000000,110.351958,0.001612,0.106952,0.072450,0.001591,0.106664,0.072231,0.000021,0.000288,0.000219,-0.002531,-0.024006,-0.003223,0.024353,1.054893,10.005109,1.343282,10.005109,94.893223,12.740330,1.343282,12.740330,1.710512,-0.000000,0.000000,97.658628,-0.002531,-0.024006,-0.003223,0.024353,1.059367,10.047539,1.348979,10.047539,95.295656,12.794361,1.348979,12.794361,1.717766,-0.000000,0.000000,98.072789,0.017487,0.102538,0.060653,0.016089,0.100935,0.055587,0.001398,0.001602,0.005066,-0.035862,-0.400238,-0.018200,0.402254,0.806378,8.999501,0.409242,8.999501,100.438039,4.567307,0.409242,4.567307,0.207693,-0.000000,0.000000,101.452110,-0.035862,-0.400238,-0.018200,0.402254,0.917214,10.236475,0.465492,10.236475,114.243175,5.195080,0.465492,5.195080,0.236240,-0.000000,-0.000000,115.396629,0.032682,0.093780,0.062520,0.032257,0.093830,0.061795,0.000425,-0.000049,0.000726,-0.006541,-0.050212,-0.025180,0.056552,1.180287,9.060211,4.543351,9.060211,69.548710,34.876028,4.543351,34.876028,17.488999,0.000000,0.000000,88.217995,-0.006541,-0.050212,-0.025180,0.056552,1.204099,9.243003,4.635014,9.243003,70.951874,35.579661,4.635014,35.579661,17.841844,-0.000000,0.000000,89.997817
1.4448,baseline,0.139,20.0000,4.158622,-1.228719,-1.374447,-0.001534,-0.145728,1.167359,-2.012583,1.003223,-2.699806,1.214913,-2.546408,1.310020,-1.822369,0.023981,0.023981,-0.000000,0.023981,0.023981,0.323960,0.000000,0.006821,0.023981,-0.029984,0.023981,0.093211,0.023981,1.544808,-0.695764,1.135906,0.001329,0.004858,0.000000,-0.004858,-0.007286,0.709755,0.923203,0.923203,0.609960,1.197784,1.197784,0.738667,1.168077,1.168077,0.796492,0.942280,0.942280,-0.007924,0.089202,-0.008847,0.003613,0.061050,-0.009209,-0.011537,0.028152,0.000362,-0.004001,0.006872,-0.008582,0.011700,3.538284,-6.076726,7.589146,-6.076726,10.436301,-13.033765,7.589146,-13.033765,16.277704,-0.000000,0.000000,30.252289,-0.004001,0.006872,-0.008582,0.011700,2.626593,-4.510968,5.633690,-4.510968,7.747234,-9.675423,5.633690,-9.675423,12.083513,-0.000000,0.000000,22.457340,-0.016985,0.115003,0.076682,-0.016495,0.114699,0.073593,-0.000490,0.000304,0.003088,-0.019834,-0.212738,-0.148632,0.260274,0.610450,6.547703,4.574634,6.547703,70.230801,49.067624,4.574634,49.067624,34.281706,-0.000000,0.000000,105.122958,-0.019834,-0.212738,-0.148632,0.260274,0.637956,6.842733,4.780761,6.842733,73.395305,51.278544,4.780761,51.278544,35.826393,-0.000000,0.000000,109.859654,0.001612,0.106952,0.072450,0.001591,0.106664,0.072231,0.000021,0.000288,0.000219,-0.002531,-0.024006,-0.003223,0.024353,1.054893,10.005109,1.343282,10.005109,94.893223,12.740330,1.343282,12.740330,1.710512,-0.000000,0.000000,97.658628,-0.002531,-0.024006,-0.003223,0.024353,1.059367,10.047539,1.348979,10.047539,95.295656,12.794361,1.348979,12.794361,1.717766,-0.000000,0.000000,98.072789,0.017487,0.102538,0.060653,0.016089,0.100935,0.055587,0.001398,0.001602,0.005066,-0.035862,-0.400238,-0.018200,0.402254,0.806378,8.999501,0.409242,8.999501,100.438039,4.567307,0.409242,4.567307,0.207693,-0.000000,0.000000,101.452110,-0.035862,-0.400238,-0.018200,0.402254,0.917214,10.236475,0.465492,10.236475,114.243173,5.195080,0.465492,5.195080,0.236240,-0.000000,0.000000,115.396628,0.032707,0.093789,0.062563,0.032257,0.093830,0.061795,0.000450,-0.000041,0.000768,-0.006987,-0.053407,-0.026836,0.060177,1.189339,9.090662,4.567983,9.090662,69.484071,34.915174,4.567983,34.915174,17.544587,-0.000000,-0.000000,88.217997,-0.006987,-0.053407,-0.026836,0.060177,1.214536,9.283253,4.664758,9.283253,70.956130,35.654871,4.664758,35.654871,17.916279,-0.000000,0.000000,90.086945
1.4872,baseline,0.139,20.0000,4.158622,-1.228719,-1.374447,-0.001534,-0.145728,1.162757,-2.012583,1.003223,-2.699806,1.216447,-2.546408,1.305418,-1.822369,0.023981,0.023981,-0.000000,0.023981,0.023981,0.035768,0.000000,0.006117,0.023981,0.002038,0.023981,-0.039372,0.023981,1.544808,-0.695764,1.135906,0.001329,0.004858,0.000000,-0.004858,-0.007286,0.706957,0.923203,0.923203,0.609960,1.197784,1.197784,0.739600,1.168077,1.168077,0.793694,0.942280,0.942280,-0.007924,0.089202,-0.008847,0.003613,0.061050,-0.009209,-0.011537,0.028152,0.000362,-0.004001,0.006872,-0.008582,0.011700,3.538284,-6.076726,7.589146,-6.076726,10.436301,-13.033765,7.589146,-13.033765,16.277704,-0.000000,0.000000,30.252289,-0.004001,0.006872,-0.008582,0.011700,2.626593,-4.510968,5.633690,-4.510968,7.747234,-9.675423,5.633690,-9.675423,12.083513,-0.000000,0.000000,22.457340,-0.017017,0.115018,0.076879,-0.016495,0.114699,0.073593,-0.000521,0.000319,0.003286,-0.020957,-0.225926,-0.158770,0.276929,0.602038,6.490204,4.561009,6.490204,69.966935,49.169461,4.561009,49.169461,34.553978,-0.000000,-0.000000,105.122951,-0.020957,-0.225926,-0.158770,0.276929,0.630858,6.800898,4.779350,6.800898,73.316333,51.523261,4.779350,51.523261,36.208117,-0.000000,0.000000,110.155308,0.001612,0.106952,0.072450,0.001591,0.106664,0.072231,0.000021,0.000288,0.000219,-0.002531,-0.024006,-0.003223,0.024353,1.054893,10.005109,1.343282,10.005109,94.893223,12.740330,1.343282,12.740330,1.710512,-0.000000,0.000000,97.658628,-0.002531,-0.024006,-0.003223,0.024353,1.059367,10.047539,1.348979,10.047539,95.295656,12.794361,1.348979,12.794361,1.717766,-0.000000,0.000000,98.072789,0.017472,0.102521,0.060599,0.016089,0.100935,0.055587,0.001383,0.001586,0.005012,-0.035380,-0.395922,-0.017645,0.397891,0.802129,8.976315,0.400046,8.976315,100.450466,4.476764,0.400046,4.476764,0.199515,-0.000000,0.000000,101.452110,-0.035380,-0.395922,-0.017645,0.397891,0.911256,10.197512,0.454471,10.197512,114.116404,5.085812,0.454471,5.085812,0.226659,0.000000,0.000000,115.254318,0.032779,0.093814,0.062691,0.032257,0.093830,0.061795,0.000522,-0.000016,0.000896,-0.008345,-0.062978,-0.031841,0.071061,1.216686,9.181705,4.642154,9.181705,69.289607,35.031950,4.642154,35.031950,17.711712,0.000000,0.000000,88.218005,-0.008345,-0.062978,-0.031841,0.071061,1.246144,9.404011,4.754549,9.404011,70.967235,35.880138,4.754549,35.880138,18.140544,-0.000000,0.000000,90.353924
1.5296,baseline,0.139,20.0000,4.158622,-1.228719,-1.374447,-0.001534,-0.145728,1.152020,-2.012583,1.003223,-2.699806,1.250194,-2.546408,1.303884,-1.822369,0.023981,0.023981,-0.000000,0.023981,0.023981,-0.140192,0.000000,0.009066,0.023981,0.378191,0.023981,-0.050918,0.023981,1.544808,-0.695764,1.135906,0.001329,0.004858,0.000000,-0.004858,-0.007286,0.700428,0.923203,0.923203,0.609960,1.197784,1.197784,0.760118,1.168077,1.168077,0.792761,0.942280,0.942280,-0.007924,0.089202,-0.008847,0.003613,0.061050,-0.009209,-0.011537,0.028152,0.000362,-0.004001,0.006872,-0.008582,0.011700,3.538284,-6.076726,7.589146,-6.076726,10.436301,-13.033765,7.589146,-13.033765,16.277704,-0.000000,0.000000,30.252289,-0.004001,0.006872,-0.008582,0.011700,2.626593,-4.510968,5.633690,-4.510968,7.747234,-9.675423,5.633690,-9.675423,12.083513,-0.000000,0.000000,22.457340,-0.017091,0.115050,0.077340,-0.016495,0.114699,0.073593,-0.000596,0.000351,0.003747,-0.023511,-0.256502,-0.182722,0.315806,0.582644,6.356547,4.528139,6.356547,69.348895,49.401260,4.528139,49.401260,35.191397,-0.000000,0.000000,105.122935,-0.023511,-0.256502,-0.182722,0.315806,0.614341,6.702365,4.774485,6.702365,73.121719,52.088862,4.774485,52.088862,37.105933,-0.000000,0.000000,110.841993,0.001612,0.106952,0.072450,0.001591,0.106664,0.072231,0.000021,0.000288,0.000219,-0.002531,-0.024006,-0.003223,0.024353,1.054893,10.005109,1.343282,10.005109,94.893223,12.740330,1.343282,12.740330,1.710512,-0.000000,0.000000,97.658628,-0.002531,-0.024006,-0.003223,0.024353,1.059367,10.047539,1.348979,10.047539,95.295656,12.794361,1.348979,12.794361,1.717766,-0.000000,0.000000,98.072789,0.017146,0.102147,0.059417,0.016089,0.100935,0.055587,0.001057,0.001211,0.003831,-0.025298,-0.300974,-0.007415,0.302126,0.711307,8.462516,0.208483,8.462516,100.679680,2.480353,0.208483,2.480353,0.061106,-0.000000,0.000000,101.452094,-0.025298,-0.300974,-0.007415,0.302126,0.785988,9.351007,0.230372,9.351007,111.250179,2.740769,0.230372,2.740769,0.067522,-0.000000,0.000000,112.103689,0.032803,0.093822,0.062734,0.032257,0.093830,0.061795,0.000546,-0.000008,0.000939,-0.008804,-0.066160,-0.033518,0.074686,1.225865,9.211948,4.666969,9.211948,69.224604,35.070655,4.666969,35.070655,17.767539,-0.000000,0.000000,88.218007,-0.008804,-0.066160,-0.033518,0.074686,1.256779,9.444258,4.784662,9.444258,70.970335,35.955079,4.784662,35.955079,18.215607,-0.000000,0.000000,90.442720
1.5720,baseline,0.139,20.0000,4.158622,-1.228719,-1.374447,-0.001534,-0.145728,1.141282,-2.012583,1.003223,-2.699806,1.273204,-2.546408,1.302350,-1.822369,0.023981,0.023981,-0.000000,0.023981,0.023981,-0.211035,0.000000,0.014070,0.023981,0.704002,0.023981,-0.024159,0.023981,1.544808,-0.695764,1.135906,0.001329,0.004858,0.000000,-0.004858,-0.007286,0.693899,0.923203,0.923203,0.609960,1.197784,1.197784,0.774108,1.168077,1.168077,0.791829,0.942280,0.942280,-0.007924,0.089202,-0.008847,0.003613,0.061050,-0.009209,-0.011537,0.028152,0.000362,-0.004001,0.006872,-0.008582,0.011700,3.538284,-6.076726,7.589146,-6.076726,10.436301,-13.033765,7.589146,-13.033765,16.277704,-0.000000,0.000000,30.252289,-0.004001,0.006872,-0.008582,0.011700,2.626593,-4.510968,5.633690,-4.510968,7.747234,-9.675423,5.633690,-9.675423,12.083513,-0.000000,0.000000,22.457340,-0.017166,0.115079,0.077801,-0.016495,0.114699,0.073593,-0.000670,0.000380,0.004208,-0.025971,-0.286803,-0.207086,0.354704,0.563577,6.223611,4.493765,6.223611,68.727648,49.624873,4.493765,49.624873,35.831693,-0.000000,0.000000,105.122919,-0.025971,-0.286803,-0.207086,0.354704,0.597895,6.602588,4.767406,6.602588,72.912707,52.646699,4.767406,52.646699,38.013606,-0.000000,0.000000,111.524208,0.001612,0.106952,0.072450,0.001591,0.106664,0.072231,0.000021,0.000288,0.000219,-0.002531,-0.024006,-0.003223,0.024353,1.054893,10.005109,1.343282,10.005109,94.893223,12.740330,1.343282,12.740330,1.710512,-0.000000,0.000000,97.658628,-0.002531,-0.024006,-0.003223,0.024353,1.059367,10.047539,1.348979,10.047539,95.295656,12.794361,1.348979,12.794361,1.717766,-0.000000,0.000000,98.072789,0.016925,0.101877,0.058616,0.016089,0.100935,0.055587,0.000835,0.000942,0.003029,-0.019012,-0.236318,-0.002615,0.237096,0.652325,8.108398,0.089734,8.108398,100.787409,1.115392,0.089734,1.115392,0.012344,-0.000000,-0.000000,101.452078,-0.019012,-0.236318,-0.002615,0.237096,0.706866,8.786347,0.097237,8.786347,109.214318,1.208650,0.097237,1.208650,0.013376,-0.000000,-0.000000,109.934560,0.032827,0.093830,0.062776,0.032257,0.093830,0.061795,0.000571,0.000000,0.000982,-0.009266,-0.069340,-0.035201,0.078314,1.235074,9.242139,4.691828,9.242139,69.159511,35.109248,4.691828,35.109248,17.823425,-0.000000,0.000000,88.218010,-0.009266,-0.069340,-0.035201,0.078314,1.267463,9.484507,4.814868,9.484507,70.973169,36.029963,4.814868,36.029963,18.290831,-0.000000,0.000000,90.531463
1.6144,baseline,0.139,20.0000,4.158622,-1.228719,-1.374447,-0.001534,-0.145728,1.127476,-2.012583,1.003223,-2.699806,1.271670,-2.546408,1.302350,-1.822369,0.023981,0.023981,-0.000000,0.023981,0.023981,-0.273371,0.000000,0.017276,0.023981,0.288832,0.023981,-0.020218,0.023981,1.544808,-0.695764,1.135906,0.001329,0.004858,0.000000,-0.004858,-0.007286,0.685505,0.923203,0.923203,0.609960,1.197784,1.197784,0.773175,1.168077,1.168077,0.791829,0.942280,0.942280,-0.007924,0.089202,-0.008847,0.003613,0.061050,-0.009209,-0.011537,0.028152,0.000362,-0.004001,0.006872,-0.008582,0.011700,3.538284,-6.076726,7.589146,-6.076726,10.436301,-13.033765,7.589146,-13.033765,16.277704,-0.000000,0.000000,30.252289,-0.004001,0.006872,-0.008582,0.011700,2.626593,-4.510968,5.633690,-4.510968,7.747234,-9.675423,5.633690,-9.675423,12.083513,-0.000000,0.000000,22.457340,-0.017262,0.115112,0.078394,-0.016495,0.114699,0.073593,-0.000767,0.000413,0.004801,-0.028997,-0.325346,-0.239014,0.404745,0.539546,6.053785,4.447382,6.053785,67.924364,49.900285,4.447382,49.900285,36.658988,-0.000000,-0.000000,105.122897,-0.028997,-0.325346,-0.239014,0.404745,0.576869,6.472553,4.755028,6.472553,72.623000,53.352114,4.755028,53.352114,39.194856,-0.000000,0.000000,112.394726,0.001612,0.106952,0.072450,0.001591,0.106664,0.072231,0.000021,0.000288,0.000219,-0.002531,-0.024006,-0.003223,0.024353,1.054893,10.005109,1.343282,10.005109,94.893223,12.740330,1.343282,12.740330,1.710512,-0.000000,0.000000,97.658628,-0.002531,-0.024006,-0.003223,0.024353,1.059367,10.047539,1.348979,10.047539,95.295656,12.794361,1.348979,12.794361,1.717766,-0.000000,0.000000,98.072789,0.016939,0.101895,0.058669,0.016089,0.100935,0.055587,0.000850,0.000960,0.003083,-0.019416,-0.240626,-0.002881,0.241425,0.656182,8.132095,0.097350,8.132095,100.781454,1.206458,0.097350,1.206458,0.014443,-0.000000,0.000000,101.452079,-0.019416,-0.240626,-0.002881,0.241425,0.711985,8.823659,0.105628,8.823659,109.352041,1.309056,0.105628,1.309056,0.015671,-0.000000,0.000000,110.079696,0.032827,0.093830,0.062776,0.032257,0.093830,0.061795,0.000571,0.000000,0.000982,-0.009267,-0.069342,-0.035202,0.078316,1.235074,9.242139,4.691828,9.242139,69.159511,35.109249,4.691828,35.109249,17.823425,-0.000000,0.000000,88.218010,-0.009267,-0.069342,-0.035202,0.078316,1.267464,9.484510,4.814869,9.484510,70.973186,36.029972,4.814869,36.029972,18.290835,-0.000000,0.000000,90.531484
1.6569,baseline,0.139,20.0000,4.158622,-1.228719,-1.374447,-0.001534,-0.145728,1.115204,-2.012583,1.003223,-2.699806,1.265534,-2.546408,1.302350,-1.822369,0.023981,0.023981,-0.000000,0.023981,0.023981,-0.304026,0.000000,0.019416,0.023981,-0.018212,0.023981,0.008282,0.023981,1.544808,-0.695764,1.135906,0.001329,0.004858,0.000000,-0.004858,-0.007286,0.678044,0.923203,0.923203,0.609960,1.197784,1.197784,0.769445,1.168077,1.168077,0.791829,0.942280,0.942280,-0.007924,0.089202,-0.008847,0.003613,0.061050,-0.009209,-0.011537,0.028152,0.000362,-0.004001,0.006872,-0.008582,0.011700,3.538284,-6.076726,7.589146,-6.076726,10.436301,-13.033765,7.589146,-13.033765,16.277704,-0.000000,0.000000,30.252289,-0.004001,0.006872,-0.008582,0.011700,2.626593,-4.510968,5.633690,-4.510968,7.747234,-9.675423,5.633690,-9.675423,12.083513,-0.000000,0.000000,22.457340,-0.017348,0.115138,0.078921,-0.016495,0.114699,0.073593,-0.000853,0.000439,0.005328,-0.031555,-0.359207,-0.267956,0.449250,0.518641,5.903888,4.404105,5.903888,67.206216,50.133616,4.404105,50.133616,37.398021,-0.000000,0.000000,105.122878,-0.031555,-0.359207,-0.267956,0.449250,0.558304,6.355392,4.740913,6.355392,72.345860,53.967621,4.740913,53.967621,40.258062,0.000000,0.000000,113.162226,0.001612,0.106952,0.072450,0.001591,0.106664,0.072231,0.000021,0.000288,0.000219,-0.002531,-0.024006,-0.003223,0.024353,1.054893,10.005109,1.343282,10.005109,94.893223,12.740330,1.343282,12.740330,1.710512,-0.000000,0.000000,97.658628,-0.002531,-0.024006,-0.003223,0.024353,1.059367,10.047539,1.348979,10.047539,95.295656,12.794361,1.348979,12.794361,1.717766,-0.000000,0.000000,98.072789,0.016998,0.101968,0.058883,0.016089,0.100935,0.055587,0.000909,0.001033,0.003296,-0.021054,-0.257860,-0.004020,0.258749,0.671718,8.226758,0.128243,8.226758,100.755882,1.570634,0.128243,1.570634,0.024484,0.000000,0.000000,101.452083,-0.021054,-0.257860,-0.004020,0.258749,0.732681,8.973386,0.139882,8.973386,109.900093,1.713179,0.139882,1.713179,0.026706,-0.000000,0.000000,110.659479,0.032827,0.093830,0.062776,0.032257,0.093830,0.061795,0.000571,0.000000,0.000982,-0.009267,-0.069344,-0.035203,0.078318,1.235074,9.242139,4.691828,9.242139,69.159511,35.109249,4.691828,35.109249,17.823425,0.000000,0.000000,88.218010,-0.009267,-0.069344,-0.035203,0.078318,1.267464,9.484513,4.814871,9.484513,70.973207,36.029983,4.814871,36.029983,18.290841,-0.000000,0.000000,90.531512
1.7000,baseline,0.139,20.0000,4.158622,-1.228719,-1.374447,-0.001534,-0.145728,1.107534,-2.012583,1.003223,-2.699806,1.264000,-2.546408,1.310020,-1.822369,0.023981,0.023981,-0.000000,0.023981,0.023981,-0.238220,0.000000,0.004442,0.023981,-0.090880,0.023981,0.111927,0.023981,1.544808,-0.695764,1.135906,0.001329,0.004858,0.000000,-0.004858,-0.007286,0.673381,0.923203,0.923203,0.609960,1.197784,1.197784,0.768512,1.168077,1.168077,0.796492,0.942280,0.942280,-0.007924,0.089202,-0.008847,0.003613,0.061050,-0.009209,-0.011537,0.028152,0.000362,-0.004001,0.006872,-0.008582,0.011700,3.538284,-6.076726,7.589146,-6.076726,10.436301,-13.033765,7.589146,-13.033765,16.277704,-0.000000,0.000000,30.252289,-0.004001,0.006872,-0.008582,0.011700,2.626593,-4.510968,5.633690,-4.510968,7.747234,-9.675423,5.633690,-9.675423,12.083513,-0.000000,0.000000,22.457340,-0.017402,0.115151,0.079251,-0.016495,0.114699,0.073593,-0.000907,0.000452,0.005657,-0.033092,-0.380174,-0.286311,0.477076,0.505793,5.810721,4.376087,5.810721,66.755481,50.273937,4.376087,50.273937,37.861591,-0.000000,0.000000,105.122866,-0.033092,-0.380174,-0.286311,0.477076,0.546768,6.281448,4.730595,6.281448,72.163354,54.346637,4.730595,54.346637,40.928765,-0.000000,-0.000000,113.638887,0.001612,0.106952,0.072450,0.001591,0.106664,0.072231,0.000021,0.000288,0.000219,-0.002531,-0.024006,-0.003223,0.024353,1.054893,10.005109,1.343282,10.005109,94.893223,12.740330,1.343282,12.740330,1.710512,-0.000000,0.000000,97.658628,-0.002531,-0.024006,-0.003223,0.024353,1.059367,10.047539,1.348979,10.047539,95.295656,12.794361,1.348979,12.794361,1.717766,-0.000000,0.000000,98.072789,0.017013,0.101986,0.058936,0.016089,0.100935,0.055587,0.000924,0.001051,0.003349,-0.021469,-0.262169,-0.004324,0.263082,0.675629,8.250392,0.136074,8.250392,100.749050,1.661655,0.136074,1.661655,0.027406,-0.000000,0.000000,101.452085,-0.021469,-0.262169,-0.004324,0.263082,0.737910,9.010936,0.148617,9.010936,110.036384,1.814831,0.148617,1.814831,0.029932,-0.000000,0.000000,110.804226,0.032707,0.093789,0.062563,0.032257,0.093830,0.061795,0.000450,-0.000041,0.000768,-0.006987,-0.053406,-0.026836,0.060176,1.189339,9.090663,4.567983,9.090663,69.484071,34.915174,4.567983,34.915174,17.544588,-0.000000,-0.000000,88.217998,-0.006987,-0.053406,-0.026836,0.060176,1.214536,9.283252,4.664758,9.283252,70.956122,35.654867,4.664758,35.654867,17.916277,-0.000000,0.000000,90.086935
1.7417,baseline,0.139,20.0000,4.158622,-1.228719,-1.374447,-0.001534,-0.145728,1.107534,-2.012583,1.003223,-2.699806,1.262466,-2.546408,1.310020,-1.822369,0.023981,0.023981,-0.000000,0.023981,0.023981,-0.088131,0.000000,0.007515,0.023981,-0.011777,0.023981,0.102235,0.023981,1.544808,-0.695764,1.135906,0.001329,0.004858,0.000000,-0.004858,-0.007286,0.673381,0.923203,0.923203,0.609960,1.197784,1.197784,0.767579,1.168077,1.168077,0.796492,0.942280,0.942280,-0.007924,0.089202,-0.008847,0.003613,0.061050,-0.009209,-0.011537,0.028152,0.000362,-0.004001,0.006872,-0.008582,0.011700,3.538284,-6.076726,7.589146,-6.076726,10.436301,-13.033765,7.589146,-13.033765,16.277704,-0.000000,0.000000,30.252289,-0.004001,0.006872,-0.008582,0.011700,2.626593,-4.510968,5.633690,-4.510968,7.747234,-9.675423,5.633690,-9.675423,12.083513,-0.000000,0.000000,22.457340,-0.017402,0.115151,0.079251,-0.016495,0.114699,0.073593,-0.000907,0.000452,0.005657,-0.033092,-0.380174,-0.286311,0.477076,0.505793,5.810721,4.376087,5.810721,66.755481,50.273937,4.376087,50.273937,37.861591,-0.000000,0.000000,105.122866,-0.033092,-0.380174,-0.286311,0.477076,0.546768,6.281448,4.730595,6.281448,72.163354,54.346637,4.730595,54.346637,40.928765,-0.000000,0.000000,113.638887,0.001612,0.106952,0.072450,0.001591,0.106664,0.072231,0.000021,0.000288,0.000219,-0.002531,-0.024006,-0.003223,0.024353,1.054893,10.005109,1.343282,10.005109,94.893223,12.740330,1.343282,12.740330,1.710512,-0.000000,0.000000,97.658628,-0.002531,-0.024006,-0.003223,0.024353,1.059367,10.047539,1.348979,10.047539,95.295656,12.794361,1.348979,12.794361,1.717766,-0.000000,0.000000,98.072789,0.017028,0.102004,0.058990,0.016089,0.100935,0.055587,0.000939,0.001069,0.003403,-0.021886,-0.266479,-0.004636,0.267416,0.679550,8.274013,0.143948,8.274013,100.742043,1.752666,0.143948,1.752666,0.030492,-0.000000,0.000000,101.452086,-0.021886,-0.266479,-0.004636,0.267416,0.743162,9.048535,0.157422,9.048535,110.172402,1.916731,0.157422,1.916731,0.033346,-0.000000,0.000000,110.948911,0.032707,0.093789,0.062563,0.032257,0.093830,0.061795,0.000450,-0.000041,0.000768,-0.006987,-0.053406,-0.026836,0.060177,1.189339,9.090663,4.567983,9.090663,69.484071,34.915174,4.567983,34.915174,17.544588,-0.000000,0.000000,88.217998,-0.006987,-0.053406,-0.026836,0.060177,1.214536,9.283253,4.664758,9.283253,70.956124,35.654868,4.664758,35.654868,17.916278,-0.000000,-0.000000,90.086938
1.7841,baseline,0.139,20.0000,4.158622,-1.228719,-1.374447,-0.001534,-0.145728,1.107534,-2.012583,1.003223,-2.699806,1.271670,-2.546408,1.305418,-1.822369,0.023981,0.023981,-0.000000,0.023981,0.023981,-0.012233,0.000000,0.008978,0.023981,0.062114,0.023981,-0.033875,0.023981,1.544808,-0.695764,1.135906,0.001329,0.004858,0.000000,-0.004858,-0.007286,0.673381,0.923203,0.923203,0.609960,1.197784,1.197784,0.773175,1.168077,1.168077,0.793694,0.942280,0.942280,-0.007924,0.089202,-0.008847,0.003613,0.061050,-0.009209,-0.011537,0.028152,0.000362,-0.004001,0.006872,-0.008582,0.011700,3.538284,-6.076726,7.589146,-6.076726,10.436301,-13.033765,7.589146,-13.033765,16.277704,-0.000000,0.000000,30.252289,-0.004001,0.006872,-0.008582,0.011700,2.626593,-4.510968,5.633690,-4.510968,7.747234,-9.675423,5.633690,-9.675423,12.083513,-0.000000,0.000000,22.457340,-0.017402,0.115151,0.079251,-0.016495,0.114699,0.073593,-0.000907,0.000452,0.005657,-0.033092,-0.380174,-0.286311,0.477076,0.505793,5.810721,4.376087,5.810721,66.755481,50.273937,4.376087,50.273937,37.861591,-0.000000,0.000000,105.122866,-0.033092,-0.380174,-0.286311,0.477076,0.546768,6.281448,4.730595,6.281448,72.163354,54.346637,4.730595,54.346637,40.928765,-0.000000,0.000000,113.638887,0.001612,0.106952,0.072450,0.001591,0.106664,0.072231,0.000021,0.000288,0.000219,-0.002531,-0.024006,-0.003223,0.024353,1.054893,10.005109,1.343282,10.005109,94.893223,12.740330,1.343282,12.740330,1.710512,-0.000000,0.000000,97.658628,-0.002531,-0.024006,-0.003223,0.024353,1.059367,10.047539,1.348979,10.047539,95.295656,12.794361,1.348979,12.794361,1.717766,-0.000000,0.000000,98.072789,0.016939,0.101895,0.058669,0.016089,0.100935,0.055587,0.000850,0.000960,0.003083,-0.019416,-0.240626,-0.002881,0.241425,0.656182,8.132095,0.097350,8.132095,100.781454,1.206458,0.097350,1.206458,0.014443,-0.000000,0.000000,101.452079,-0.019416,-0.240626,-0.002881,0.241425,0.711985,8.823660,0.105628,8.823660,109.352047,1.309056,0.105628,1.309056,0.015671,-0.000000,-0.000000,110.079702,0.032779,0.093814,0.062691,0.032257,0.093830,0.061795,0.000522,-0.000016,0.000896,-0.008345,-0.062976,-0.031840,0.071059,1.216686,9.181705,4.642154,9.181705,69.289608,35.031951,4.642154,35.031951,17.711712,-0.000000,0.000000,88.218006,-0.008345,-0.062976,-0.031840,0.071059,1.246144,9.404008,4.754548,9.404008,70.967213,35.880127,4.754548,35.880127,18.140539,-0.000000,0.000000,90.353896
1.8271,baseline,0.139,20.0000,4.158622,-1.228719,-1.374447,-0.001534,-0.145728,1.118272,-2.012583,1.003223,-2.699806,1.290078,-2.546408,1.303884,-1.822369,0.023981,0.023981,-0.000000,0.023981,0.023981,0.087322,0.000000,0.018304,0.023981,0.374529,0.023981,-0.052637,0.023981,1.544808,-0.695764,1.135906,0.001329,0.004858,0.000000,-0.004858,-0.007286,0.679909,0.923203,0.923203,0.609960,1.197784,1.197784,0.784367,1.168077,1.168077,0.792761,0.942280,0.942280,-0.007924,0.089202,-0.008847,0.003613,0.061050,-0.009209,-0.011537,0.028152,0.000362,-0.004001,0.006872,-0.008582,0.011700,3.538284,-6.076726,7.589146,-6.076726,10.436301,-13.033765,7.589146,-13.033765,16.277704,-0.000000,0.000000,30.252289,-0.004001,0.006872,-0.008582,0.011700,2.626593,-4.510968,5.633690,-4.510968,7.747234,-9.675423,5.633690,-9.675423,12.083513,-0.000000,0.000000,22.457340,-0.017327,0.115132,0.078789,-0.016495,0.114699,0.073593,-0.000831,0.000433,0.005196,-0.030927,-0.350777,-0.260671,0.438122,0.523827,5.941267,4.415104,5.941267,67.386107,50.076300,4.415104,50.076300,37.212949,-0.000000,0.000000,105.122883,-0.030927,-0.350777,-0.260671,0.438122,0.562934,6.384817,4.744717,6.384817,72.416867,53.814783,4.744717,53.814783,39.991110,-0.000000,0.000000,112.970910,0.001612,0.106952,0.072450,0.001591,0.106664,0.072231,0.000021,0.000288,0.000219,-0.002531,-0.024006,-0.003223,0.024353,1.054893,10.005109,1.343282,10.005109,94.893223,12.740330,1.343282,12.740330,1.710512,-0.000000,0.000000,97.658628,-0.002531,-0.024006,-0.003223,0.024353,1.059367,10.047539,1.348979,10.047539,95.295656,12.794361,1.348979,12.794361,1.717766,-0.000000,0.000000,98.072789,0.016762,0.101672,0.058031,0.016089,0.100935,0.055587,0.000673,0.000736,0.002444,-0.014705,-0.188981,-0.000212,0.189552,0.610608,7.846943,0.008809,7.846943,100.841328,0.113201,0.008809,0.113201,0.000127,-0.000000,0.000000,101.452063,-0.014705,-0.188981,-0.000212,0.189552,0.652024,8.379185,0.009406,8.379185,107.681186,0.120879,0.009406,0.120879,0.000136,-0.000000,0.000000,108.333346,0.032803,0.093822,0.062734,0.032257,0.093830,0.061795,0.000546,-0.000008,0.000939,-0.008804,-0.066157,-0.033517,0.074684,1.225865,9.211948,4.666969,9.211948,69.224604,35.070655,4.666969,35.070655,17.767539,-0.000000,0.000000,88.218008,-0.008804,-0.066157,-0.033517,0.074684,1.256778,9.444255,4.784660,9.444255,70.970313,35.955068,4.784660,35.955068,18.215601,-0.000000,0.000000,90.442692
1.8691,baseline,0.139,20.0000,4.158622,-1.228719,-1.374447,-0.001534,-0.145728,1.136680,-2.012583,1.003223,-2.699806,1.287010,-2.546408,1.302350,-1.822369,0.023981,0.023981,-0.000000,0.023981,0.023981,0.423888,0.000000,0.019807,0.023981,0.135407,0.023981,-0.023278,0.023981,1.544808,-0.695764,1.135906,0.001329,0.004858,0.000000,-0.004858,-0.007286,0.691101,0.923203,0.923203,0.609960,1.197784,1.197784,0.782502,1.168077,1.168077,0.791829,0.942280,0.942280,-0.007924,0.089202,-0.008847,0.003613,0.061050,-0.009209,-0.011537,0.028152,0.000362,-0.004001,0.006872,-0.008582,0.011700,3.538284,-6.076726,7.589146,-6.076726,10.436301,-13.033765,7.589146,-13.033765,16.277704,-0.000000,0.000000,30.252289,-0.004001,0.006872,-0.008582,0.011700,2.626593,-4.510968,5.633690,-4.510968,7.747234,-9.675423,5.633690,-9.675423,12.083513,-0.000000,0.000000,22.457340,-0.017198,0.115091,0.077999,-0.016495,0.114699,0.073593,-0.000702,0.000392,0.004405,-0.026997,-0.299703,-0.217654,0.371381,0.555506,6.166865,4.478577,6.166865,68.460445,49.718191,4.478577,49.718191,36.106960,-0.000000,-0.000000,105.122912,-0.026997,-0.299703,-0.217654,0.371381,0.590871,6.559458,4.763691,6.559458,72.818750,52.883334,4.763691,52.883334,38.405589,-0.000000,0.000000,111.815210,0.001612,0.106952,0.072450,0.001591,0.106664,0.072231,0.000021,0.000288,0.000219,-0.002531,-0.024006,-0.003223,0.024353,1.054893,10.005109,1.343282,10.005109,94.893223,12.740330,1.343282,12.740330,1.710512,-0.000000,0.000000,97.658628,-0.002531,-0.024006,-0.003223,0.024353,1.059367,10.047539,1.348979,10.047539,95.295656,12.794361,1.348979,12.794361,1.717766,-0.000000,0.000000,98.072789,0.016792,0.101710,0.058137,0.016089,0.100935,0.055587,0.000703,0.000774,0.002550,-0.015469,-0.197581,-0.000579,0.198187,0.618095,7.894586,0.023134,7.894586,100.833105,0.295472,0.023134,0.295472,0.000866,0.000000,0.000000,101.452066,-0.015469,-0.197581,-0.000579,0.198187,0.661797,8.452764,0.024769,8.452764,107.962398,0.316362,0.024769,0.316362,0.000927,-0.000000,0.000000,108.625123,0.032827,0.093830,0.062776,0.032257,0.093830,0.061795,0.000571,0.000000,0.000982,-0.009266,-0.069339,-0.035200,0.078312,1.235074,9.242139,4.691828,9.242139,69.159511,35.109248,4.691828,35.109248,17.823425,-0.000000,0.000000,88.218010,-0.009266,-0.069339,-0.035200,0.078312,1.267463,9.484505,4.814867,9.484505,70.973154,36.029955,4.814867,36.029955,18.290827,-0.000000,0.000000,90.531444
1.9114,baseline,0.139,20.0000,4.158622,-1.228719,-1.374447,-0.001534,-0.145728,1.135146,-2.012583,1.003223,-2.699806,1.280874,-2.546408,1.302350,-1.822369,0.023981,0.023981,-0.000000,0.023981,0.023981,0.167482,0.000000,0.016377,0.023981,-0.070203,0.023981,-0.009130,0.023981,1.544808,-0.695764,1.135906,0.001329,0.004858,0.000000,-0.004858,-0.007286,0.690169,0.923203,0.923203,0.609960,1.197784,1.197784,0.778771,1.168077,1.168077,0.791829,0.942280,0.942280,-0.007924,0.089202,-0.008847,0.003613,0.061050,-0.009209,-0.011537,0.028152,0.000362,-0.004001,0.006872,-0.008582,0.011700,3.538284,-6.076726,7.589146,-6.076726,10.436301,-13.033765,7.589146,-13.033765,16.277704,-0.000000,0.000000,30.252289,-0.004001,0.006872,-0.008582,0.011700,2.626593,-4.510968,5.633690,-4.510968,7.747234,-9.675423,5.633690,-9.675423,12.083513,-0.000000,0.000000,22.457340,-0.017208,0.115095,0.078065,-0.016495,0.114699,0.073593,-0.000713,0.000396,0.004471,-0.027335,-0.303991,-0.221193,0.376941,0.552830,6.147980,4.473453,6.147980,68.371252,49.748961,4.473453,49.748961,36.198828,-0.000000,0.000000,105.122909,-0.027335,-0.303991,-0.221193,0.376941,0.588533,6.545033,4.762361,6.545033,72.786849,52.961882,4.762361,52.961882,38.536644,-0.000000,0.000000,111.912027,0.001612,0.106952,0.072450,0.001591,0.106664,0.072231,0.000021,0.000288,0.000219,-0.002531,-0.024006,-0.003223,0.024353,1.054893,10.005109,1.343282,10.005109,94.893223,12.740330,1.343282,12.740330,1.710512,-0.000000,0.000000,97.658628,-0.002531,-0.024006,-0.003223,0.024353,1.059367,10.047539,1.348979,10.047539,95.295656,12.794361,1.348979,12.794361,1.717766,-0.000000,0.000000,98.072789,0.016851,0.101785,0.058350,0.016089,0.100935,0.055587,0.000762,0.000849,0.002763,-0.017023,-0.214792,-0.001406,0.215470,0.633200,7.989732,0.052302,7.989732,100.814551,0.659947,0.052302,0.659947,0.004320,-0.000000,0.000000,101.452071,-0.017023,-0.214792,-0.001406,0.215470,0.681607,8.600527,0.056300,8.600527,108.521568,0.710398,0.056300,0.710398,0.004650,-0.000000,0.000000,109.207825,0.032827,0.093830,0.062776,0.032257,0.093830,0.061795,0.000571,0.000000,0.000982,-0.009266,-0.069340,-0.035201,0.078313,1.235074,9.242139,4.691828,9.242139,69.159511,35.109248,4.691828,35.109248,17.823425,-0.000000,0.000000,88.218010,-0.009266,-0.069340,-0.035201,0.078313,1.267463,9.484507,4.814868,9.484507,70.973164,36.029961,4.814868,36.029961,18.290830,-0.000000,0.000000,90.531457
1.9538,baseline,0.139,20.0000,4.158622,-1.228719,-1.374447,-0.001534,-0.145728,1.130544,-2.012583,1.003223,-2.699806,1.279340,-2.546408,1.305418,-1.822369,0.023981,0.023981,-0.000000,0.023981,0.023981,-0.006445,0.000000,0.006622,0.023981,-0.059333,0.023981,0.022933,0.023981,1.544808,-0.695764,1.135906,0.001329,0.004858,0.000000,-0.004858,-0.007286,0.687371,0.923203,0.923203,0.609960,1.197784,1.197784,0.777839,1.168077,1.168077,0.793694,0.942280,0.942280,-0.007924,0.089202,-0.008847,0.003613,0.061050,-0.009209,-0.011537,0.028152,0.000362,-0.004001,0.006872,-0.008582,0.011700,3.538284,-6.076726,7.589146,-6.076726,10.436301,-13.033765,7.589146,-13.033765,16.277704,-0.000000,0.000000,30.252289,-0.004001,0.006872,-0.008582,0.011700,2.626593,-4.510968,5.633690,-4.510968,7.747234,-9.675423,5.633690,-9.675423,12.083513,-0.000000,0.000000,22.457340,-0.017241,0.115105,0.078262,-0.016495,0.114699,0.073593,-0.000745,0.000406,0.004669,-0.028338,-0.316822,-0.231861,0.393622,0.544839,6.091417,4.457901,6.091417,68.103303,49.840261,4.457901,49.840261,36.474760,0.000000,0.000000,105.122902,-0.028338,-0.316822,-0.231861,0.393622,0.581529,6.501615,4.758098,6.501615,72.689408,53.196526,4.758098,53.196526,38.930986,0.000000,0.000000,112.201924,0.001612,0.106952,0.072450,0.001591,0.106664,0.072231,0.000021,0.000288,0.000219,-0.002531,-0.024006,-0.003223,0.024353,1.054893,10.005109,1.343282,10.005109,94.893223,12.740330,1.343282,12.740330,1.710512,-0.000000,0.000000,97.658628,-0.002531,-0.024006,-0.003223,0.024353,1.059367,10.047539,1.348979,10.047539,95.295656,12.794361,1.348979,12.794361,1.717766,-0.000000,0.000000,98.072789,0.016866,0.101803,0.058403,0.016089,0.100935,0.055587,0.000776,0.000868,0.002816,-0.017416,-0.219095,-0.001632,0.219793,0.637004,8.013490,0.059702,8.013490,100.809473,0.751050,0.059702,0.751050,0.005595,-0.000000,0.000000,101.452073,-0.017416,-0.219095,-0.001632,0.219793,0.686615,8.637592,0.064352,8.637592,108.660669,0.809543,0.064352,0.809543,0.006031,0.000000,0.000000,109.353315,0.032779,0.093814,0.062691,0.032257,0.093830,0.061795,0.000522,-0.000016,0.000896,-0.008345,-0.062972,-0.031838,0.071055,1.216686,9.181705,4.642154,9.181705,69.289607,35.031950,4.642154,35.031950,17.711712,-0.000000,0.000000,88.218005,-0.008345,-0.062972,-0.031838,0.071055,1.246143,9.404003,4.754545,9.404003,70.967178,35.880109,4.754545,35.880109,18.140530,-0.000000,0.000000,90.353851
1.9968,baseline,0.139,20.0000,4.158622,-1.228719,-1.374447,-0.001534,-0.145728,1.136680,-2.012583,1.003223,-2.699806,1.277806,-2.546408,1.314622,-1.822369,0.023981,0.023981,-0.000000,0.023981,0.023981,-0.001602,0.000000,0.011335,0.023981,-0.024810,0.023981,0.191303,0.023981,1.544808,-0.695764,1.135906,0.001329,0.004858,0.000000,-0.004858,-0.007286,0.691101,0.923203,0.923203,0.609960,1.197784,1.197784,0.776906,1.168077,1.168077,0.799290,0.942280,0.942280,-0.007924,0.089202,-0.008847,0.003613,0.061050,-0.009209,-0.011537,0.028152,0.000362,-0.004001,0.006872,-0.008582,0.011700,3.538284,-6.076726,7.589146,-6.076726,10.436301,-13.033765,7.589146,-13.033765,16.277704,-0.000000,0.000000,30.252289,-0.004001,0.006872,-0.008582,0.011700,2.626593,-4.510968,5.633690,-4.510968,7.747234,-9.675423,5.633690,-9.675423,12.083513,-0.000000,0.000000,22.457340,-0.017198,0.115091,0.077999,-0.016495,0.114699,0.073593,-0.000702,0.000392,0.004405,-0.026997,-0.299703,-0.217654,0.371381,0.555506,6.166865,4.478577,6.166865,68.460445,49.718191,4.478577,49.718191,36.106960,-0.000000,0.000000,105.122912,-0.026997,-0.299703,-0.217654,0.371381,0.590871,6.559458,4.763691,6.559458,72.818751,52.883334,4.763691,52.883334,38.405589,-0.000000,0.000000,111.815211,0.001612,0.106952,0.072450,0.001591,0.106664,0.072231,0.000021,0.000288,0.000219,-0.002531,-0.024006,-0.003223,0.024353,1.054893,10.005109,1.343282,10.005109,94.893223,12.740330,1.343282,12.740330,1.710512,-0.000000,0.000000,97.658628,-0.002531,-0.024006,-0.003223,0.024353,1.059367,10.047539,1.348979,10.047539,95.295656,12.794361,1.348979,12.794361,1.717766,-0.000000,0.000000,98.072789,0.016880,0.101822,0.058456,0.016089,0.100935,0.055587,0.000791,0.000886,0.002870,-0.017812,-0.223399,-0.001866,0.224116,0.640818,8.037235,0.067145,8.037235,100.804221,0.842146,0.067145,0.842146,0.007036,0.000000,0.000000,101.452074,-0.017812,-0.223399,-0.001866,0.224116,0.691644,8.674706,0.072471,8.674706,108.799475,0.908941,0.072471,0.908941,0.007594,-0.000000,0.000000,109.498712,0.032634,0.093763,0.062435,0.032257,0.093830,0.061795,0.000377,-0.000066,0.000640,-0.005658,-0.043808,-0.021878,0.049293,1.162276,8.999153,4.494223,8.999153,69.677712,34.797405,4.494223,34.797405,17.378002,-0.000000,0.000000,88.217990,-0.005658,-0.043808,-0.021878,0.049293,1.183373,9.162497,4.575798,9.162497,70.942433,35.429013,4.575798,35.429013,17.693430,-0.000000,0.000000,89.819236
2.0205,ramp,0.139,24.9050,4.158622,-1.228719,-1.374447,-0.001534,-0.145728,1.139748,-2.012583,1.003223,-2.699806,1.277806,-2.546408,1.313088,-1.822369,0.023981,0.023981,-0.000000,0.023981,0.023981,0.126085,0.000000,0.013981,0.023981,-0.017839,0.023981,0.142088,0.023981,1.544808,-0.695764,1.135906,0.001329,0.004858,0.000000,-0.004858,-0.007286,0.692967,0.923203,0.923203,0.609960,1.197784,1.197784,0.776906,1.168077,1.168077,0.798357,0.942280,0.942280,-0.007924,0.089202,-0.008847,0.003613,0.061050,-0.009209,-0.011537,0.028152,0.000362,0.013441,-0.023083,0.028828,0.039301,4.158998,-7.142754,8.920494,-7.142754,12.267121,-15.320252,8.920494,-15.320252,19.133268,-0.000000,0.000000,35.559387,0.013441,-0.023083,0.028828,0.039301,3.052115,-5.241769,6.546379,-5.241769,9.002329,-11.242894,6.546379,-11.242894,14.041108,-0.000000,0.000000,26.095552,-0.017176,0.115083,0.077867,-0.016495,0.114699,0.073593,-0.000681,0.000384,0.004274,-0.026315,-0.291109,-0.210601,0.360263,0.560880,6.204681,4.488733,6.204681,68.638643,49.656147,4.488733,49.656147,35.923393,0.000000,0.000000,105.122916,-0.026315,-0.291109,-0.210601,0.360263,0.595552,6.588236,4.766213,6.588236,72.881679,52.725742,4.766213,52.725742,38.144070,-0.000000,0.000000,111.621301,0.001612,0.106952,0.072450,0.001591,0.106664,0.072231,0.000021,0.000288,0.000219,-0.002531,-0.024006,-0.003223,0.024353,1.054893,10.005109,1.343282,10.005109,94.893223,12.740330,1.343282,12.740330,1.710512,-0.000000,0.000000,97.658628,-0.002531,-0.024006,-0.003223,0.024353,1.059367,10.047539,1.348979,10.047539,95.295656,12.794361,1.348979,12.794361,1.717766,-0.000000,0.000000,98.072789,0.016880,0.101822,0.058456,0.016089,0.100935,0.055587,0.000791,0.000886,0.002870,-0.017812,-0.223399,-0.001866,0.224116,0.640818,8.037235,0.067145,8.037235,100.804220,0.842146,0.067145,0.842146,0.007036,-0.000000,0.000000,101.452074,-0.017812,-0.223399,-0.001866,0.224116,0.691644,8.674706,0.072471,8.674706,108.799476,0.908941,0.072471,0.908941,0.007594,-0.000000,0.000000,109.498714,0.032658,0.093772,0.062477,0.032257,0.093830,0.061795,0.000401,-0.000058,0.000683,-0.006098,-0.047008,-0.023524,0.052918,1.171266,9.029708,4.518764,9.029708,69.613257,34.836771,4.518764,34.836771,17.433470,0.000000,0.000000,88.217993,-0.006098,-0.047008,-0.023524,0.052918,1.193711,9.202745,4.605357,9.202745,70.947258,35.504349,4.605357,35.504349,17.767548,-0.000000,-0.000000,89.908517
2.0387,ramp,0.139,35.3596,4.158622,-1.228719,-1.374447,-0.001534,-0.145728,1.141282,-2.012583,1.003223,-2.699806,1.279340,-2.546408,1.311554,-1.822369,0.023981,0.023981,-0.000000,0.023981,0.023981,0.141697,0.000000,0.007430,0.023981,0.006839,0.023981,0.058736,0.023981,1.544808,-0.695764,1.135906,0.001329,0.004858,0.000000,-0.004858,-0.007286,0.693899,0.923203,0.923203,0.609960,1.197784,1.197784,0.777839,1.168077,1.168077,0.797425,0.942280,0.942280,-0.007924,0.089202,-0.008847,0.003613,0.061050,-0.009209,-0.011537,0.028152,0.000362,0.050616,-0.086929,0.108565,0.148004,5.481994,-9.414897,11.758145,-9.414897,16.169349,-20.193695,11.758145,-20.193695,25.219650,-0.000000,0.000000,46.870993,0.050616,-0.086929,0.108565,0.148004,3.959079,-6.799408,8.491694,-6.799408,11.677451,-14.583821,8.491694,-14.583821,18.213549,-0.000000,0.000000,33.850078,-0.017166,0.115079,0.077801,-0.016495,0.114699,0.073593,-0.000670,0.000380,0.004208,-0.025971,-0.286803,-0.207086,0.354704,0.563577,6.223611,4.493765,6.223611,68.727648,49.624873,4.493765,49.624873,35.831693,0.000000,0.000000,105.122919,-0.025971,-0.286803,-0.207086,0.354704,0.597895,6.602588,4.767406,6.602588,72.912707,52.646699,4.767406,52.646699,38.013606,-0.000000,0.000000,111.524209,0.001612,0.106952,0.072450,0.001591,0.106664,0.072231,0.000021,0.000288,0.000219,-0.002531,-0.024006,-0.003223,0.024353,1.054893,10.005109,1.343282,10.005109,94.893223,12.740330,1.343282,12.740330,1.710512,-0.000000,0.000000,97.658628,-0.002531,-0.024006,-0.003223,0.024353,1.059367,10.047539,1.348979,10.047539,95.295656,12.794361,1.348979,12.794361,1.717766,-0.000000,0.000000,98.072789,0.016866,0.101803,0.058403,0.016089,0.100935,0.055587,0.000776,0.000868,0.002816,-0.017416,-0.219094,-0.001632,0.219792,0.637004,8.013490,0.059702,8.013490,100.809473,0.751050,0.059702,0.751050,0.005595,-0.000000,0.000000,101.452073,-0.017416,-0.219094,-0.001632,0.219792,0.686614,8.637591,0.064352,8.637591,108.660650,0.809543,0.064352,0.809543,0.006031,-0.000000,0.000000,109.353295,0.032682,0.093780,0.062520,0.032257,0.093830,0.061795,0.000425,-0.000049,0.000726,-0.006540,-0.050205,-0.025176,0.056544,1.180287,9.060211,4.543351,9.060211,69.548709,34.876027,4.543351,34.876027,17.488999,0.000000,0.000000,88.217995,-0.006540,-0.050205,-0.025176,0.056544,1.204098,9.242994,4.635009,9.242994,70.951800,35.579624,4.635009,35.579624,17.841825,-0.000000,0.000000,89.997723
2.0569,ramp,0.139,45.8245,4.158622,-1.228719,-1.374447,-0.001534,-0.145728,1.141282,-2.012583,1.003223,-2.699806,1.280874,-2.546408,1.310020,-1.822369,0.023981,0.023981,-0.000000,0.023981,0.023981,0.115166,0.000000,0.003949,0.023981,0.040853,0.023981,-0.010741,0.023981,1.544808,-0.695764,1.135906,0.001329,0.004858,0.000000,-0.004858,-0.007286,0.693899,0.923203,0.923203,0.609960,1.197784,1.197784,0.778771,1.168077,1.168077,0.796492,0.942280,0.942280,-0.007924,0.089202,-0.008847,0.003613,0.061050,-0.009209,-0.011537,0.028152,0.000362,0.087829,-0.150839,0.188381,0.256814,6.806294,-11.689278,14.598591,-11.689278,20.075421,-25.071939,14.598591,-25.071939,31.312027,-0.000000,0.000000,58.193742,0.087829,-0.150839,0.188381,0.256814,4.866935,-8.358581,10.438926,-8.358581,14.355208,-17.928038,10.438926,-17.928038,22.390100,-0.000000,-0.000000,41.612244,-0.017166,0.115079,0.077801,-0.016495,0.114699,0.073593,-0.000670,0.000380,0.004208,-0.025971,-0.286803,-0.207086,0.354704,0.563577,6.223611,4.493765,6.223611,68.727648,49.624873,4.493765,49.624873,35.831693,-0.000000,0.000000,105.122919,-0.025971,-0.286803,-0.207086,0.354704,0.597895,6.602588,4.767406,6.602588,72.912707,52.646699,4.767406,52.646699,38.013606,-0.000000,0.000000,111.524208,0.001612,0.106952,0.072450,0.001591,0.106664,0.072231,0.000021,0.000288,0.000219,-0.002531,-0.024006,-0.003223,0.024353,1.054893,10.005109,1.343282,10.005109,94.893223,12.740330,1.343282,12.740330,1.710512,-0.000000,0.000000,97.658628,-0.002531,-0.024006,-0.003223,0.024353,1.059367,10.047539,1.348979,10.047539,95.295656,12.794361,1.348979,12.794361,1.717766,-0.000000,0.000000,98.072789,0.016851,0.101785,0.058350,0.016089,0.100935,0.055587,0.000762,0.000849,0.002763,-0.017023,-0.214790,-0.001406,0.215468,0.633200,7.989732,0.052302,7.989732,100.814551,0.659947,0.052302,0.659947,0.004320,-0.000000,0.000000,101.452071,-0.017023,-0.214790,-0.001406,0.215468,0.681607,8.600526,0.056300,8.600526,108.521548,0.710398,0.056300,0.710398,0.004650,-0.000000,0.000000,109.207805,0.032707,0.093789,0.062563,0.032257,0.093830,0.061795,0.000450,-0.000041,0.000768,-0.006986,-0.053400,-0.026833,0.060170,1.189339,9.090662,4.567983,9.090662,69.484071,34.915174,4.567983,34.915174,17.544587,-0.000000,0.000000,88.217997,-0.006986,-0.053400,-0.026833,0.060170,1.214535,9.283244,4.664754,9.283244,70.956062,35.654837,4.664754,35.654837,17.916262,-0.000000,0.000000,90.086859
2.0751,ramp,0.139,56.3090,4.158622,-1.228719,-1.374447,-0.001534,-0.145728,1.139748,-2.012583,1.004757,-2.699806,1.287010,-2.546408,1.306952,-1.822369,0.023981,0.023981,-0.000000,0.023981,0.023981,0.069892,0.000000,0.004497,0.023981,0.091346,0.023981,-0.058726,0.023981,1.544808,-0.695764,1.135906,0.001329,0.004858,0.000000,-0.004858,-0.007286,0.692967,0.923203,0.923203,0.610893,1.197784,1.197784,0.782502,1.168077,1.168077,0.794627,0.942280,0.942280,-0.007924,0.089202,-0.008847,0.003613,0.061050,-0.009209,-0.011537,0.028152,0.000362,0.125111,-0.214868,0.268346,0.365829,8.133079,-13.967927,17.444367,-13.967927,23.988822,-29.959336,17.444367,-29.959336,37.415836,-0.000000,0.000000,69.537737,0.125111,-0.214868,0.268346,0.365829,5.776496,-9.920679,12.389811,-9.920679,17.037991,-21.278531,12.389811,-21.278531,26.574488,-0.000000,0.000000,49.388974,-0.017176,0.115083,0.077867,-0.016495,0.114699,0.073593,-0.000681,0.000384,0.004274,-0.026315,-0.291109,-0.210601,0.360263,0.560880,6.204681,4.488733,6.204681,68.638643,49.656147,4.488733,49.656147,35.923393,-0.000000,0.000000,105.122916,-0.026315,-0.291109,-0.210601,0.360263,0.595552,6.588236,4.766213,6.588236,72.881679,52.725742,4.766213,52.725742,38.144070,0.000000,0.000000,111.621301,0.001610,0.106944,0.072390,0.001591,0.106664,0.072231,0.000019,0.000280,0.000160,-0.002098,-0.019908,-0.002654,0.020193,1.054446,10.004266,1.333635,10.004266,94.917438,12.653120,1.333635,12.653120,1.686744,-0.000000,0.000000,97.658628,-0.002098,-0.019908,-0.002654,0.020193,1.057216,10.030544,1.337138,10.030544,95.166764,12.686357,1.337138,12.686357,1.691175,-0.000000,0.000000,97.915155,0.016792,0.101710,0.058137,0.016089,0.100935,0.055587,0.000703,0.000774,0.002550,-0.015469,-0.197581,-0.000579,0.198186,0.618095,7.894586,0.023134,7.894586,100.833105,0.295472,0.023134,0.295472,0.000866,-0.000000,0.000000,101.452066,-0.015469,-0.197581,-0.000579,0.198186,0.661797,8.452763,0.024769,8.452763,107.962387,0.316362,0.024769,0.316362,0.000927,0.000000,0.000000,108.625111,0.032755,0.093805,0.062648,0.032257,0.093830,0.061795,0.000498,-0.000024,0.000854,-0.007888,-0.059783,-0.030164,0.067424,1.207539,9.151409,4.617385,9.151409,69.354519,34.993135,4.617385,34.993135,17.655944,-0.000000,0.000000,88.218002,-0.007888,-0.059783,-0.030164,0.067424,1.235557,9.363748,4.724521,9.363748,70.963738,35.805074,4.724521,35.805074,18.065611,-0.000000,0.000000,90.264906
2.0933,ramp,0.139,66.8038,4.158622,-1.228719,-1.374447,-0.001534,-0.145728,1.138214,-2.012583,1.003223,-2.699806,1.291612,-2.546408,1.305418,-1.822369,0.023981,0.023981,-0.000000,0.023981,0.023981,0.021350,0.000000,0.013626,0.023981,0.180212,0.023981,-0.087392,0.023981,1.544808,-0.695764,1.135906,0.001329,0.004858,0.000000,-0.004858,-0.007286,0.692034,0.923203,0.923203,0.609960,1.197784,1.197784,0.785300,1.168077,1.168077,0.793694,0.942280,0.942280,-0.007924,0.089202,-0.008847,0.003613,0.061050,-0.009209,-0.011537,0.028152,0.000362,0.162430,-0.278960,0.348390,0.474950,9.461167,-16.248815,20.292939,-16.248815,27.906068,-34.851535,20.292939,-34.851535,43.525641,-0.000000,-0.000000,80.892876,0.162430,-0.278960,0.348390,0.474950,6.686949,-11.484312,14.342612,-11.484312,19.723408,-24.632315,14.342612,-24.632315,30.762986,0.000000,0.000000,57.173343,-0.017187,0.115087,0.077933,-0.016495,0.114699,0.073593,-0.000692,0.000388,0.004339,-0.026657,-0.295409,-0.214123,0.365822,0.558190,6.185765,4.483670,6.185765,68.549575,49.687253,4.483670,49.687253,36.015149,-0.000000,-0.000000,105.122914,-0.026657,-0.295409,-0.214123,0.365822,0.593211,6.573859,4.764975,6.573859,72.850360,52.804620,4.764975,52.804620,38.274731,-0.000000,0.000000,111.718302,0.001612,0.106952,0.072450,0.001591,0.106664,0.072231,0.000021,0.000288,0.000219,-0.002531,-0.024006,-0.003223,0.024353,1.054893,10.005109,1.343282,10.005109,94.893223,12.740330,1.343282,12.740330,1.710512,-0.000000,0.000000,97.658628,-0.002531,-0.024006,-0.003223,0.024353,1.059367,10.047539,1.348979,10.047539,95.295656,12.794361,1.348979,12.794361,1.717766,-0.000000,0.000000,98.072789,0.016748,0.101653,0.057978,0.016089,0.100935,0.055587,0.000658,0.000717,0.002391,-0.014327,-0.184681,-0.000040,0.185235,0.606880,7.823105,0.001711,7.823105,100.845176,0.022059,0.001711,0.022059,0.000005,-0.000000,0.000000,101.452062,-0.014327,-0.184681,-0.000040,0.185235,0.647170,8.342470,0.001825,8.342470,107.540154,0.023523,0.001825,0.023523,0.000005,-0.000000,0.000000,108.187330,0.032779,0.093814,0.062691,0.032257,0.093830,0.061795,0.000522,-0.000016,0.000896,-0.008344,-0.062970,-0.031837,0.071052,1.216686,9.181705,4.642154,9.181705,69.289607,35.031950,4.642154,35.031950,17.711712,-0.000000,0.000000,88.218005,-0.008344,-0.062970,-0.031837,0.071052,1.246143,9.404000,4.754543,9.404000,70.967152,35.880096,4.754543,35.880096,18.140523,-0.000000,0.000000,90.353818
2.1115,ramp,0.139,77.2813,4.158622,-1.228719,-1.374447,-0.001534,-0.145728,1.136680,-2.012583,1.003223,-2.699806,1.291612,-2.546408,1.305418,-1.822369,0.023981,0.023981,-0.000000,0.023981,0.023981,-0.018262,0.000000,0.013922,0.023981,0.202410,0.023981,-0.074245,0.023981,1.544808,-0.695764,1.135906,0.001329,0.004858,0.000000,-0.004858,-0.007286,0.691101,0.923203,0.923203,0.609960,1.197784,1.197784,0.785300,1.168077,1.168077,0.793694,0.942280,0.942280,-0.007924,0.089202,-0.008847,0.003613,0.061050,-0.009209,-0.011537,0.028152,0.000362,0.199687,-0.342947,0.428302,0.583892,10.787066,-18.525942,23.136814,-18.525942,31.816856,-39.735668,23.136814,-39.735668,49.625373,-0.000000,0.000000,92.229294,0.199687,-0.342947,0.428302,0.583892,7.595902,-13.045368,16.292194,-13.045368,22.404398,-27.980569,16.292194,-27.980569,34.944579,0.000000,0.000000,64.944879,-0.017198,0.115091,0.077999,-0.016495,0.114699,0.073593,-0.000702,0.000392,0.004405,-0.026997,-0.299703,-0.217654,0.371381,0.555506,6.166865,4.478577,6.166865,68.460445,49.718191,4.478577,49.718191,36.106960,-0.000000,0.000000,105.122912,-0.026997,-0.299703,-0.217654,0.371381,0.590871,6.559458,4.763691,6.559458,72.818750,52.883334,4.763691,52.883334,38.405589,-0.000000,0.000000,111.815211,0.001612,0.106952,0.072450,0.001591,0.106664,0.072231,0.000021,0.000288,0.000219,-0.002531,-0.024006,-0.003223,0.024353,1.054893,10.005109,1.343282,10.005109,94.893223,12.740330,1.343282,12.740330,1.710512,-0.000000,0.000000,97.658628,-0.002531,-0.024006,-0.003223,0.024353,1.059367,10.047539,1.348979,10.047539,95.295656,12.794361,1.348979,12.794361,1.717766,-0.000000,0.000000,98.072789,0.016748,0.101653,0.057978,0.016089,0.100935,0.055587,0.000658,0.000717,0.002391,-0.014327,-0.184681,-0.000040,0.185235,0.606880,7.823105,0.001711,7.823105,100.845176,0.022059,0.001711,0.022059,0.000005,-0.000000,0.000000,101.452062,-0.014327,-0.184681,-0.000040,0.185235,0.647170,8.342471,0.001825,8.342471,107.540155,0.023523,0.001825,0.023523,0.000005,-0.000000,0.000000,108.187331,0.032779,0.093814,0.062691,0.032257,0.093830,0.061795,0.000522,-0.000016,0.000896,-0.008344,-0.062970,-0.031837,0.071052,1.216686,9.181705,4.642154,9.181705,69.289607,35.031950,4.642154,35.031950,17.711712,-0.000000,0.000000,88.218005,-0.008344,-0.062970,-0.031837,0.071052,1.246143,9.404000,4.754544,9.404000,70.967153,35.880097,4.754544,35.880097,18.140524,-0.000000,0.000000,90.353820
2.1297,ramp,0.139,87.7653,4.158622,-1.228719,-1.374447,-0.001534,-0.145728,1.136680,-2.012583,1.003223,-2.699806,1.290078,-2.546408,1.305418,-1.822369,0.023981,0.023981,-0.000000,0.023981,0.023981,-0.038858,0.000000,0.015645,0.023981,0.123983,0.023981,-0.040873,0.023981,1.544808,-0.695764,1.135906,0.001329,0.004858,0.000000,-0.004858,-0.007286,0.691101,0.923203,0.923203,0.609960,1.197784,1.197784,0.784367,1.168077,1.168077,0.793694,0.942280,0.942280,-0.007924,0.089202,-0.008847,0.003613,0.061050,-0.009209,-0.011537,0.028152,0.000362,0.236967,-0.406973,0.508263,0.692901,12.113781,-20.804471,25.982441,-20.804471,35.730052,-44.622810,25.982441,-44.622810,55.728862,-0.000000,-0.000000,103.572695,0.236967,-0.406973,0.508263,0.692901,8.505415,-14.607384,18.242977,-14.607384,25.087040,-31.330887,18.242977,-31.330887,39.128748,-0.000000,-0.000000,72.721202,-0.017198,0.115091,0.077999,-0.016495,0.114699,0.073593,-0.000702,0.000392,0.004405,-0.026997,-0.299703,-0.217654,0.371381,0.555506,6.166865,4.478577,6.166865,68.460445,49.718191,4.478577,49.718191,36.106960,-0.000000,0.000000,105.122912,-0.026997,-0.299703,-0.217654,0.371381,0.590871,6.559458,4.763691,6.559458,72.818750,52.883334,4.763691,52.883334,38.405589,-0.000000,0.000000,111.815210,0.001612,0.106952,0.072450,0.001591,0.106664,0.072231,0.000021,0.000288,0.000219,-0.002531,-0.024006,-0.003223,0.024353,1.054893,10.005109,1.343282,10.005109,94.893223,12.740330,1.343282,12.740330,1.710512,-0.000000,0.000000,97.658628,-0.002531,-0.024006,-0.003223,0.024353,1.059367,10.047539,1.348979,10.047539,95.295656,12.794361,1.348979,12.794361,1.717766,-0.000000,0.000000,98.072789,0.016762,0.101672,0.058031,0.016089,0.100935,0.055587,0.000673,0.000736,0.002444,-0.014705,-0.188980,-0.000212,0.189551,0.610608,7.846943,0.008809,7.846943,100.841328,0.113201,0.008809,0.113201,0.000127,-0.000000,0.000000,101.452063,-0.014705,-0.188980,-0.000212,0.189551,0.652024,8.379184,0.009406,8.379184,107.681172,0.120879,0.009406,0.120879,0.000136,-0.000000,0.000000,108.333331,0.032779,0.093814,0.062691,0.032257,0.093830,0.061795,0.000522,-0.000016,0.000896,-0.008344,-0.062970,-0.031837,0.071053,1.216686,9.181705,4.642154,9.181705,69.289607,35.031950,4.642154,35.031950,17.711712,-0.000000,0.000000,88.218005,-0.008344,-0.062970,-0.031837,0.071053,1.246143,9.404000,4.754544,9.404000,70.967156,35.880098,4.754544,35.880098,18.140524,0.000000,0.000000,90.353823
2.1479,ramp,0.139,98.2830,4.158622,-1.230253,-1.374447,-0.001534,-0.145728,1.139748,-2.012583,1.003223,-2.699806,1.287010,-2.546408,1.305418,-1.822369,0.023981,0.021583,-0.000000,0.023981,0.023981,-0.008614,0.000000,0.012871,0.023981,0.034188,0.023981,-0.021722,0.023981,1.544808,-0.696632,1.135906,0.001329,0.004858,0.000000,-0.004858,-0.007286,0.692967,0.923203,0.923203,0.609960,1.197784,1.197784,0.782502,1.168077,1.168077,0.793694,0.942280,0.942280,-0.007915,0.089180,-0.008893,0.003613,0.061050,-0.009209,-0.011528,0.028130,0.000316,0.274795,-0.471651,0.590033,0.803807,13.434163,-23.058055,28.845498,-23.058055,39.576259,-49.509679,28.845498,-49.509679,61.936331,-0.000000,0.000000,114.946753,0.274795,-0.471651,0.590033,0.803807,9.414031,-16.158004,20.213572,-16.158004,27.733187,-34.694061,20.213572,-34.694061,43.402076,0.000000,0.000000,80.549294,-0.017176,0.115083,0.077867,-0.016495,0.114699,0.073593,-0.000681,0.000384,0.004274,-0.026315,-0.291109,-0.210601,0.360263,0.560880,6.204681,4.488733,6.204681,68.638643,49.656147,4.488733,49.656147,35.923393,-0.000000,0.000000,105.122916,-0.026315,-0.291109,-0.210601,0.360263,0.595552,6.588236,4.766213,6.588236,72.881679,52.725742,4.766213,52.725742,38.144069,-0.000000,0.000000,111.621301,0.001612,0.106952,0.072450,0.001591,0.106664,0.072231,0.000021,0.000288,0.000219,-0.002531,-0.024006,-0.003223,0.024353,1.054893,10.005109,1.343282,10.005109,94.893223,12.740330,1.343282,12.740330,1.710512,-0.000000,0.000000,97.658628,-0.002531,-0.024006,-0.003223,0.024353,1.059367,10.047539,1.348979,10.047539,95.295656,12.794361,1.348979,12.794361,1.717766,-0.000000,0.000000,98.072789,0.016792,0.101710,0.058137,0.016089,0.100935,0.055587,0.000703,0.000774,0.002550,-0.015469,-0.197581,-0.000579,0.198186,0.618095,7.894586,0.023134,7.894586,100.833105,0.295472,0.023134,0.295472,0.000866,0.000000,0.000000,101.452066,-0.015469,-0.197581,-0.000579,0.198186,0.661797,8.452763,0.024769,8.452763,107.962390,0.316362,0.024769,0.316362,0.000927,0.000000,0.000000,108.625114,0.032779,0.093814,0.062691,0.032257,0.093830,0.061795,0.000522,-0.000016,0.000896,-0.008344,-0.062970,-0.031837,0.071053,1.216686,9.181705,4.642154,9.181705,69.289607,35.031950,4.642154,35.031950,17.711712,-0.000000,0.000000,88.218005,-0.008344,-0.062970,-0.031837,0.071053,1.246143,9.404000,4.754544,9.404000,70.967157,35.880098,4.754544,35.880098,18.140525,-0.000000,0.000000,90.353824
2.1690,post_ramp,0.139,100.0000,4.158622,-1.234855,-1.374447,-0.001534,-0.145728,1.141282,-2.012583,1.003223,-2.699806,1.283942,-2.546408,1.303884,-1.822369,0.023981,-0.022614,-0.000000,0.023981,0.023981,0.060851,0.000000,0.015503,0.023981,-0.039540,0.023981,-0.014946,0.023981,1.544808,-0.699238,1.135906,0.001329,0.004858,0.000000,-0.004858,-0.007286,0.693899,0.923203,0.923203,0.609960,1.197784,1.197784,0.780637,1.168077,1.168077,0.792761,0.942280,0.942280,-0.007886,0.089114,-0.009031,0.003613,0.061050,-0.009209,-0.011500,0.028064,0.000178,0.282200,-0.483471,0.607888,0.826383,13.618988,-23.332299,29.336663,-23.332299,39.973321,-50.260106,29.336663,-50.260106,63.194105,-0.000000,-0.000000,116.786414,0.282200,-0.483471,0.607888,0.826383,9.551293,-16.363449,20.574439,-16.363449,28.034159,-35.248505,20.574439,-35.248505,44.319399,-0.000000,0.000000,81.904851,-0.017166,0.115079,0.077801,-0.016495,0.114699,0.073593,-0.000670,0.000380,0.004208,-0.025971,-0.286803,-0.207086,0.354704,0.563577,6.223611,4.493765,6.223611,68.727648,49.624873,4.493765,49.624873,35.831693,-0.000000,0.000000,105.122919,-0.025971,-0.286803,-0.207086,0.354704,0.597895,6.602588,4.767406,6.602588,72.912707,52.646699,4.767406,52.646699,38.013606,-0.000000,-0.000000,111.524208,0.001612,0.106952,0.072450,0.001591,0.106664,0.072231,0.000021,0.000288,0.000219,-0.002531,-0.024006,-0.003223,0.024353,1.054893,10.005109,1.343282,10.005109,94.893223,12.740330,1.343282,12.740330,1.710512,-0.000000,0.000000,97.658628,-0.002531,-0.024006,-0.003223,0.024353,1.059367,10.047539,1.348979,10.047539,95.295656,12.794361,1.348979,12.794361,1.717766,-0.000000,0.000000,98.072789,0.016821,0.101747,0.058244,0.016089,0.100935,0.055587,0.000732,0.000812,0.002657,-0.016242,-0.206185,-0.000977,0.206826,0.625626,7.942182,0.037631,7.942182,100.824179,0.477721,0.037631,0.477721,0.002264,-0.000000,-0.000000,101.452069,-0.016242,-0.206185,-0.000977,0.206826,0.671658,8.526545,0.040400,8.526545,108.242524,0.512870,0.040400,0.512870,0.002430,-0.000000,0.000000,108.916612,0.032803,0.093822,0.062734,0.032257,0.093830,0.061795,0.000546,-0.000008,0.000939,-0.008804,-0.066156,-0.033516,0.074682,1.225865,9.211948,4.666969,9.211948,69.224604,35.070655,4.666969,35.070655,17.767539,0.000000,0.000000,88.218007,-0.008804,-0.066156,-0.033516,0.074682,1.256778,9.444253,4.784659,9.444253,70.970297,35.955060,4.784659,35.955060,18.215597,-0.000000,0.000000,90.442672
2.1872,post_ramp,0.139,100.0000,4.158622,-1.242524,-1.374447,-0.001534,-0.145728,1.141282,-2.012583,1.003223,-2.699806,1.280874,-2.546408,1.303884,-1.822369,0.023981,-0.119204,-0.000000,0.023981,0.023981,0.069803,0.000000,0.011228,0.023981,-0.079594,0.023981,-0.019179,0.023981,1.544808,-0.703581,1.135906,0.001329,0.004858,0.000000,-0.004858,-0.007286,0.693899,0.923203,0.923203,0.609960,1.197784,1.197784,0.778771,1.168077,1.168077,0.792761,0.942280,0.942280,-0.007839,0.089003,-0.009260,0.003613,0.061050,-0.009209,-0.011452,0.027953,-0.000051,0.284361,-0.485663,0.615824,0.834248,13.565394,-23.168459,29.377744,-23.168459,39.569620,-50.174514,29.377744,-50.174514,63.621582,-0.000000,0.000000,116.756596,0.284361,-0.485663,0.615824,0.834248,9.531995,-16.279780,20.642858,-16.279780,27.804383,-35.256124,20.642858,-35.256124,44.704975,-0.000000,0.000000,82.041353,-0.017166,0.115079,0.077801,-0.016495,0.114699,0.073593,-0.000670,0.000380,0.004208,-0.025971,-0.286803,-0.207086,0.354704,0.563577,6.223611,4.493765,6.223611,68.727648,49.624873,4.493765,49.624873,35.831693,0.000000,0.000000,105.122919,-0.025971,-0.286803,-0.207086,0.354704,0.597895,6.602588,4.767406,6.602588,72.912707,52.646699,4.767406,52.646699,38.013606,-0.000000,0.000000,111.524208,0.001612,0.106952,0.072450,0.001591,0.106664,0.072231,0.000021,0.000288,0.000219,-0.002531,-0.024006,-0.003223,0.024353,1.054893,10.005109,1.343282,10.005109,94.893223,12.740330,1.343282,12.740330,1.710512,-0.000000,0.000000,97.658628,-0.002531,-0.024006,-0.003223,0.024353,1.059367,10.047539,1.348979,10.047539,95.295656,12.794361,1.348979,12.794361,1.717766,-0.000000,0.000000,98.072789,0.016851,0.101785,0.058350,0.016089,0.100935,0.055587,0.000762,0.000849,0.002763,-0.017023,-0.214791,-0.001406,0.215469,0.633200,7.989732,0.052302,7.989732,100.814551,0.659947,0.052302,0.659947,0.004320,-0.000000,0.000000,101.452071,-0.017023,-0.214791,-0.001406,0.215469,0.681607,8.600527,0.056300,8.600527,108.521561,0.710398,0.056300,0.710398,0.004650,-0.000000,0.000000,109.207818,0.032803,0.093822,0.062734,0.032257,0.093830,0.061795,0.000546,-0.000008,0.000939,-0.008804,-0.066156,-0.033516,0.074683,1.225865,9.211948,4.666969,9.211948,69.224604,35.070655,4.666969,35.070655,17.767539,-0.000000,0.000000,88.218007,-0.008804,-0.066156,-0.033516,0.074683,1.256778,9.444254,4.784660,9.444254,70.970302,35.955062,4.784660,35.955062,18.215598,-0.000000,0.000000,90.442678
2.2055,post_ramp,0.139,100.0000,4.158622,-1.260932,-1.374447,-0.001534,-0.145728,1.141282,-2.012583,1.003223,-2.699806,1.279340,-2.546408,1.305418,-1.822369,0.023981,-0.319840,-0.000000,0.023981,0.023981,0.045898,0.000000,0.011869,0.023981,-0.106636,0.023981,-0.008881,0.023981,1.544808,-0.714005,1.135906,0.001329,0.004858,0.000000,-0.004858,-0.007286,0.693899,0.923203,0.923203,0.609960,1.197784,1.197784,0.777839,1.168077,1.168077,0.793694,0.942280,0.942280,-0.007726,0.088733,-0.009809,0.003613,0.061050,-0.009209,-0.011339,0.027683,-0.000600,0.289558,-0.490777,0.635092,0.853258,13.437837,-22.776029,29.473413,-22.776029,38.603497,-49.955012,29.473413,-49.955012,64.644485,-0.000000,0.000000,116.685820,0.289558,-0.490777,0.635092,0.853258,9.486148,-16.078241,20.806112,-16.078241,27.251296,-35.264650,20.806112,-35.264650,45.634363,-0.000000,0.000000,82.371807,-0.017166,0.115079,0.077801,-0.016495,0.114699,0.073593,-0.000670,0.000380,0.004208,-0.025971,-0.286803,-0.207086,0.354704,0.563577,6.223611,4.493765,6.223611,68.727648,49.624873,4.493765,49.624873,35.831693,0.000000,0.000000,105.122919,-0.025971,-0.286803,-0.207086,0.354704,0.597895,6.602588,4.767406,6.602588,72.912707,52.646699,4.767406,52.646699,38.013606,-0.000000,0.000000,111.524208,0.001612,0.106952,0.072450,0.001591,0.106664,0.072231,0.000021,0.000288,0.000219,-0.002531,-0.024006,-0.003223,0.024353,1.054893,10.005109,1.343282,10.005109,94.893223,12.740330,1.343282,12.740330,1.710512,-0.000000,0.000000,97.658628,-0.002531,-0.024006,-0.003223,0.024353,1.059367,10.047539,1.348979,10.047539,95.295656,12.794361,1.348979,12.794361,1.717766,-0.000000,0.000000,98.072789,0.016866,0.101803,0.058403,0.016089,0.100935,0.055587,0.000776,0.000868,0.002816,-0.017416,-0.219095,-0.001632,0.219792,0.637004,8.013490,0.059702,8.013490,100.809473,0.751050,0.059702,0.751050,0.005595,-0.000000,0.000000,101.452073,-0.017416,-0.219095,-0.001632,0.219792,0.686615,8.637592,0.064352,8.637592,108.660663,0.809543,0.064352,0.809543,0.006031,-0.000000,0.000000,109.353308,0.032779,0.093814,0.062691,0.032257,0.093830,0.061795,0.000522,-0.000016,0.000896,-0.008344,-0.062971,-0.031838,0.071054,1.216686,9.181705,4.642154,9.181705,69.289607,35.031950,4.642154,35.031950,17.711712,-0.000000,0.000000,88.218005,-0.008344,-0.062971,-0.031838,0.071054,1.246143,9.404002,4.754544,9.404002,70.967166,35.880103,4.754544,35.880103,18.140527,-0.000000,0.000000,90.353836
2.2241,post_ramp,0.139,100.0000,4.158622,-1.277806,-1.374447,-0.001534,-0.145728,1.139748,-2.012583,1.003223,-2.699806,1.277806,-2.546408,1.305418,-1.822369,0.023981,-0.550503,-0.000000,0.023981,0.023981,0.033230,0.000000,0.017544,0.023981,-0.096534,0.023981,0.016337,0.023981,1.544808,-0.723559,1.135906,0.001329,0.004858,0.000000,-0.004858,-0.007286,0.692967,0.923203,0.923203,0.609960,1.197784,1.197784,0.776906,1.168077,1.168077,0.793694,0.942280,0.942280,-0.007622,0.088480,-0.010310,0.003613,0.061050,-0.009209,-0.011235,0.027430,-0.001101,0.294335,-0.495278,0.653030,0.870851,13.322242,-22.417318,29.557533,-22.417318,37.721590,-49.736421,29.557533,-49.736421,65.578136,-0.000000,0.000000,116.621968,0.294335,-0.495278,0.653030,0.870851,9.444713,-15.892605,20.954612,-15.892605,26.742465,-35.260297,20.954612,-35.260297,46.491174,-0.000000,0.000000,82.678351,-0.017176,0.115083,0.077867,-0.016495,0.114699,0.073593,-0.000681,0.000384,0.004274,-0.026315,-0.291109,-0.210601,0.360263,0.560880,6.204681,4.488733,6.204681,68.638643,49.656147,4.488733,49.656147,35.923393,-0.000000,0.000000,105.122916,-0.026315,-0.291109,-0.210601,0.360263,0.595552,6.588236,4.766213,6.588236,72.881679,52.725742,4.766213,52.725742,38.144069,-0.000000,0.000000,111.621301,0.001612,0.106952,0.072450,0.001591,0.106664,0.072231,0.000021,0.000288,0.000219,-0.002531,-0.024006,-0.003223,0.024353,1.054893,10.005109,1.343282,10.005109,94.893223,12.740330,1.343282,12.740330,1.710512,-0.000000,0.000000,97.658628,-0.002531,-0.024006,-0.003223,0.024353,1.059367,10.047539,1.348979,10.047539,95.295656,12.794361,1.348979,12.794361,1.717766,-0.000000,0.000000,98.072789,0.016880,0.101822,0.058456,0.016089,0.100935,0.055587,0.000791,0.000886,0.002870,-0.017812,-0.223400,-0.001866,0.224117,0.640818,8.037235,0.067145,8.037235,100.804221,0.842146,0.067145,0.842146,0.007036,-0.000000,-0.000000,101.452074,-0.017812,-0.223400,-0.001866,0.224117,0.691644,8.674707,0.072471,8.674707,108.799492,0.908941,0.072471,0.908941,0.007594,-0.000000,0.000000,109.498730,0.032779,0.093814,0.062691,0.032257,0.093830,0.061795,0.000522,-0.000016,0.000896,-0.008345,-0.062972,-0.031838,0.071054,1.216686,9.181705,4.642154,9.181705,69.289607,35.031950,4.642154,35.031950,17.711712,-0.000000,0.000000,88.218005,-0.008345,-0.062972,-0.031838,0.071054,1.246143,9.404002,4.754545,9.404002,70.967170,35.880105,4.754545,35.880105,18.140528,0.000000,0.000000,90.353841
2.2417,post_ramp,0.139,100.0000,4.158622,-1.296214,-1.374447,-0.001534,-0.145728,1.139748,-2.012583,1.003223,-2.699806,1.276272,-2.546408,1.306952,-1.822369,0.023981,-0.726375,-0.000000,0.023981,0.023981,0.007840,0.000000,0.018812,0.023981,-0.093258,0.023981,0.031155,0.023981,1.544808,-0.733983,1.135906,0.001329,0.004858,0.000000,-0.004858,-0.007286,0.692967,0.923203,0.923203,0.609960,1.197784,1.197784,0.775973,1.168077,1.168077,0.794627,0.942280,0.942280,-0.007509,0.088198,-0.010853,0.003613,0.061050,-0.009209,-0.011122,0.027148,-0.001644,0.299563,-0.499979,0.672902,0.890233,13.197597,-22.027157,29.645472,-22.027157,36.763937,-49.479116,29.645472,-49.479116,66.591970,-0.000000,0.000000,116.553504,0.299563,-0.499979,0.672902,0.890233,9.400172,-15.689148,21.115399,-15.689148,26.185625,-35.242188,21.115399,-35.242188,47.431055,-0.000000,0.000000,83.016852,-0.017176,0.115083,0.077867,-0.016495,0.114699,0.073593,-0.000681,0.000384,0.004274,-0.026315,-0.291109,-0.210601,0.360263,0.560880,6.204681,4.488733,6.204681,68.638643,49.656147,4.488733,49.656147,35.923393,-0.000000,0.000000,105.122916,-0.026315,-0.291109,-0.210601,0.360263,0.595552,6.588236,4.766213,6.588236,72.881679,52.725742,4.766213,52.725742,38.144069,-0.000000,0.000000,111.621301,0.001612,0.106952,0.072450,0.001591,0.106664,0.072231,0.000021,0.000288,0.000219,-0.002531,-0.024006,-0.003223,0.024353,1.054893,10.005109,1.343282,10.005109,94.893223,12.740330,1.343282,12.740330,1.710512,-0.000000,0.000000,97.658628,-0.002531,-0.024006,-0.003223,0.024353,1.059367,10.047539,1.348979,10.047539,95.295656,12.794361,1.348979,12.794361,1.717766,-0.000000,0.000000,98.072789,0.016895,0.101840,0.058510,0.016089,0.100935,0.055587,0.000806,0.000905,0.002923,-0.018210,-0.227705,-0.002108,0.228442,0.644643,8.060968,0.074632,8.060968,100.798792,0.933236,0.074632,0.933236,0.008640,-0.000000,0.000000,101.452075,-0.018210,-0.227705,-0.002108,0.228442,0.696696,8.711871,0.080658,8.711871,108.938041,1.008592,0.080658,1.008592,0.009338,-0.000000,0.000000,109.644075,0.032755,0.093805,0.062648,0.032257,0.093830,0.061795,0.000498,-0.000024,0.000854,-0.007889,-0.059784,-0.030164,0.067426,1.207539,9.151409,4.617385,9.151409,69.354519,34.993135,4.617385,34.993135,17.655944,-0.000000,0.000000,88.218002,-0.007889,-0.059784,-0.030164,0.067426,1.235558,9.363750,4.724522,9.363750,70.963753,35.805081,4.724522,35.805081,18.065615,-0.000000,0.000000,90.264926
2.2601,post_ramp,0.139,100.0000,4.158622,-1.313088,-1.374447,-0.001534,-0.145728,1.139748,-2.012583,1.003223,-2.699806,1.273204,-2.546408,1.306952,-1.822369,0.023981,-0.834067,-0.000000,0.023981,0.023981,-0.004672,0.000000,0.021234,0.023981,-0.096080,0.023981,0.039030,0.023981,1.544808,-0.743538,1.135906,0.001329,0.004858,0.000000,-0.004858,-0.007286,0.692967,0.923203,0.923203,0.609960,1.197784,1.197784,0.774108,1.168077,1.168077,0.794627,0.942280,0.942280,-0.007405,0.087935,-0.011348,0.003613,0.061050,-0.009209,-0.011018,0.026885,-0.002139,0.304371,-0.504095,0.691398,0.908176,13.084683,-21.670617,29.722636,-21.670617,35.890486,-49.226096,29.722636,-49.226096,67.516739,-0.000000,0.000000,116.491907,0.304371,-0.504095,0.691398,0.908176,9.359962,-15.501801,21.261711,-15.501801,25.673805,-35.213265,21.261711,-35.213265,48.297244,-0.000000,-0.000000,83.331010,-0.017176,0.115083,0.077867,-0.016495,0.114699,0.073593,-0.000681,0.000384,0.004274,-0.026315,-0.291109,-0.210601,0.360263,0.560880,6.204681,4.488733,6.204681,68.638643,49.656147,4.488733,49.656147,35.923393,-0.000000,0.000000,105.122916,-0.026315,-0.291109,-0.210601,0.360263,0.595552,6.588236,4.766213,6.588236,72.881679,52.725742,4.766213,52.725742,38.144069,-0.000000,0.000000,111.621301,0.001612,0.106952,0.072450,0.001591,0.106664,0.072231,0.000021,0.000288,0.000219,-0.002531,-0.024006,-0.003223,0.024353,1.054893,10.005109,1.343282,10.005109,94.893223,12.740330,1.343282,12.740330,1.710512,-0.000000,0.000000,97.658628,-0.002531,-0.024006,-0.003223,0.024353,1.059367,10.047539,1.348979,10.047539,95.295656,12.794361,1.348979,12.794361,1.717766,-0.000000,0.000000,98.072789,0.016925,0.101877,0.058616,0.016089,0.100935,0.055587,0.000835,0.000942,0.003029,-0.019012,-0.236318,-0.002615,0.237096,0.652325,8.108398,0.089734,8.108398,100.787409,1.115392,0.089734,1.115392,0.012344,-0.000000,0.000000,101.452078,-0.019012,-0.236318,-0.002615,0.237096,0.706866,8.786347,0.097237,8.786347,109.214309,1.208650,0.097237,1.208650,0.013376,-0.000000,-0.000000,109.934551,0.032755,0.093805,0.062648,0.032257,0.093830,0.061795,0.000498,-0.000024,0.000854,-0.007889,-0.059785,-0.030165,0.067426,1.207539,9.151409,4.617385,9.151409,69.354519,34.993135,4.617385,34.993135,17.655944,-0.000000,0.000000,88.218002,-0.007889,-0.059785,-0.030165,0.067426,1.235558,9.363750,4.724522,9.363750,70.963758,35.805084,4.724522,35.805084,18.065616,-0.000000,0.000000,90.264932
2.2782,post_ramp,0.139,100.0000,4.158622,-1.329961,-1.374447,-0.001534,-0.145728,1.141282,-2.012583,1.003223,-2.699806,1.271670,-2.546408,1.306952,-1.822369,0.023981,-0.892715,-0.000000,0.023981,0.023981,0.008572,0.000000,0.014274,0.023981,-0.103922,0.023981,0.038659,0.023981,1.544808,-0.753092,1.135906,0.001329,0.004858,0.000000,-0.004858,-0.007286,0.693899,0.923203,0.923203,0.609960,1.197784,1.197784,0.773175,1.168077,1.168077,0.794627,0.942280,0.942280,-0.007302,0.087667,-0.011841,0.003613,0.061050,-0.009209,-0.010915,0.026617,-0.002632,0.309196,-0.508020,0.710163,0.926293,12.973058,-21.315177,29.796567,-21.315177,35.021565,-48.956779,29.796567,-48.956779,68.436868,-0.000000,-0.000000,116.431490,0.309196,-0.508020,0.710163,0.926293,9.320357,-15.313665,21.407031,-15.313665,25.160875,-35.172484,21.407031,-35.172484,49.167749,-0.000000,0.000000,83.648982,-0.017166,0.115079,0.077801,-0.016495,0.114699,0.073593,-0.000670,0.000380,0.004208,-0.025971,-0.286803,-0.207086,0.354704,0.563577,6.223611,4.493765,6.223611,68.727648,49.624873,4.493765,49.624873,35.831693,0.000000,0.000000,105.122919,-0.025971,-0.286803,-0.207086,0.354704,0.597895,6.602588,4.767406,6.602588,72.912707,52.646699,4.767406,52.646699,38.013606,-0.000000,-0.000000,111.524208,0.001612,0.106952,0.072450,0.001591,0.106664,0.072231,0.000021,0.000288,0.000219,-0.002531,-0.024006,-0.003223,0.024353,1.054893,10.005109,1.343282,10.005109,94.893223,12.740330,1.343282,12.740330,1.710512,-0.000000,0.000000,97.658628,-0.002531,-0.024006,-0.003223,0.024353,1.059367,10.047539,1.348979,10.047539,95.295656,12.794361,1.348979,12.794361,1.717766,-0.000000,0.000000,98.072789,0.016939,0.101895,0.058669,0.016089,0.100935,0.055587,0.000850,0.000960,0.003083,-0.019416,-0.240625,-0.002881,0.241424,0.656182,8.132095,0.097350,8.132095,100.781454,1.206458,0.097350,1.206458,0.014443,-0.000000,0.000000,101.452079,-0.019416,-0.240625,-0.002881,0.241424,0.711984,8.823658,0.105628,8.823658,109.352022,1.309056,0.105628,1.309056,0.015671,-0.000000,0.000000,110.079677,0.032755,0.093805,0.062648,0.032257,0.093830,0.061795,0.000498,-0.000024,0.000854,-0.007889,-0.059785,-0.030165,0.067427,1.207539,9.151409,4.617385,9.151409,69.354519,34.993135,4.617385,34.993135,17.655944,-0.000000,0.000000,88.218002,-0.007889,-0.059785,-0.030165,0.067427,1.235558,9.363750,4.724522,9.363750,70.963758,35.805084,4.724522,35.805084,18.065616,0.000000,0.000000,90.264933
2.2964,post_ramp,0.139,100.0000,4.158622,-1.348369,-1.374447,-0.001534,-0.145728,1.147418,-2.012583,1.003223,-2.699806,1.268602,-2.546408,1.306952,-1.822369,0.023981,-0.923882,-0.000000,0.023981,0.023981,0.065048,0.000000,0.007586,0.023981,-0.109252,0.023981,0.031781,0.023981,1.544808,-0.763516,1.135906,0.001329,0.004858,0.000000,-0.004858,-0.007286,0.697630,0.923203,0.923203,0.609960,1.197784,1.197784,0.771310,1.168077,1.168077,0.794627,0.942280,0.942280,-0.007189,0.087370,-0.012376,0.003613,0.061050,-0.009209,-0.010802,0.026320,-0.003167,0.314480,-0.512082,0.730945,0.946259,12.852761,-20.928726,29.873606,-20.928726,34.079181,-48.644529,29.873606,-48.644529,69.435066,-0.000000,0.000000,116.367008,0.314480,-0.512082,0.730945,0.946259,9.277856,-15.107547,21.564471,-15.107547,24.600296,-35.114394,21.564471,-35.114394,50.122189,0.000000,0.000000,84.000340,-0.017123,0.115063,0.077538,-0.016495,0.114699,0.073593,-0.000627,0.000364,0.003944,-0.024577,-0.269522,-0.193113,0.332474,0.574432,6.299485,4.513591,6.299485,69.083033,49.498099,4.513591,49.498099,35.465463,-0.000000,0.000000,105.122928,-0.024577,-0.269522,-0.193113,0.332474,0.607284,6.659753,4.771723,6.659753,73.033899,52.328900,4.771723,52.328900,37.493737,-0.000000,0.000000,111.134920,0.001612,0.106952,0.072450,0.001591,0.106664,0.072231,0.000021,0.000288,0.000219,-0.002531,-0.024006,-0.003223,0.024353,1.054893,10.005109,1.343282,10.005109,94.893223,12.740330,1.343282,12.740330,1.710512,-0.000000,0.000000,97.658628,-0.002531,-0.024006,-0.003223,0.024353,1.059367,10.047539,1.348979,10.047539,95.295656,12.794361,1.348979,12.794361,1.717766,-0.000000,0.000000,98.072789,0.016969,0.101932,0.058776,0.016089,0.100935,0.055587,0.000880,0.000996,0.003189,-0.020231,-0.249240,-0.003434,0.250083,0.663929,8.179451,0.112710,8.179451,100.769019,1.388564,0.112710,1.388564,0.019134,-0.000000,0.000000,101.452081,-0.020231,-0.249240,-0.003434,0.250083,0.722288,8.898424,0.122617,8.898424,109.626605,1.510619,0.122617,1.510619,0.020816,-0.000000,0.000000,110.369709,0.032755,0.093805,0.062648,0.032257,0.093830,0.061795,0.000498,-0.000024,0.000854,-0.007889,-0.059784,-0.030165,0.067426,1.207539,9.151409,4.617385,9.151409,69.354519,34.993135,4.617385,34.993135,17.655944,0.000000,0.000000,88.218002,-0.007889,-0.059784,-0.030165,0.067426,1.235558,9.363750,4.724522,9.363750,70.963756,35.805083,4.724522,35.805083,18.065616,-0.000000,-0.000000,90.264930
2.3147,post_ramp,0.139,100.0000,4.158622,-1.365243,-1.374447,-0.001534,-0.145728,1.156622,-2.012583,1.003223,-2.699806,1.267068,-2.546408,1.305418,-1.822369,0.023981,-0.942389,-0.000000,0.023981,0.023981,0.181594,0.000000,0.013852,0.023981,-0.111845,0.023981,0.008643,0.023981,1.544808,-0.773071,1.135906,0.001329,0.004858,0.000000,-0.004858,-0.007286,0.703226,0.923203,0.923203,0.609960,1.197784,1.197784,0.770377,1.168077,1.168077,0.793694,0.942280,0.942280,-0.007086,0.087092,-0.012863,0.003613,0.061050,-0.009209,-0.010700,0.026042,-0.003654,0.319344,-0.515600,0.750281,0.964752,12.743848,-20.575712,29.940979,-20.575712,33.220730,-48.341519,29.940979,-48.341519,70.344706,-0.000000,0.000000,116.309284,0.319344,-0.515600,0.750281,0.964752,9.239554,-14.917819,21.707832,-14.917819,24.085720,-35.048606,21.707832,-35.048606,51.001374,-0.000000,0.000000,84.326648,-0.017059,0.115036,0.077143,-0.016495,0.114699,0.073593,-0.000564,0.000337,0.003549,-0.022428,-0.243432,-0.172406,0.299142,0.590915,6.413741,4.542411,6.413741,69.614168,49.302918,4.542411,49.302918,34.917859,-0.000000,0.000000,105.122942,-0.022428,-0.243432,-0.172406,0.299142,0.621412,6.744749,4.776841,6.744749,73.206895,51.847398,4.776841,51.847398,36.719939,-0.000000,0.000000,110.548246,0.001612,0.106952,0.072450,0.001591,0.106664,0.072231,0.000021,0.000288,0.000219,-0.002531,-0.024006,-0.003223,0.024353,1.054893,10.005109,1.343282,10.005109,94.893223,12.740330,1.343282,12.740330,1.710512,-0.000000,0.000000,97.658628,-0.002531,-0.024006,-0.003223,0.024353,1.059367,10.047539,1.348979,10.047539,95.295656,12.794361,1.348979,12.794361,1.717766,-0.000000,0.000000,98.072789,0.016984,0.101950,0.058829,0.016089,0.100935,0.055587,0.000894,0.001015,0.003243,-0.020641,-0.253549,-0.003723,0.254415,0.667818,8.203111,0.120455,8.203111,100.762538,1.479604,0.120455,1.479604,0.021727,-0.000000,0.000000,101.452082,-0.020641,-0.253549,-0.003723,0.254415,0.727473,8.935880,0.131215,8.935880,109.763473,1.611774,0.131215,1.611774,0.023667,-0.000000,0.000000,110.514613,0.032779,0.093814,0.062691,0.032257,0.093830,0.061795,0.000522,-0.000016,0.000896,-0.008344,-0.062972,-0.031838,0.071054,1.216686,9.181705,4.642154,9.181705,69.289607,35.031950,4.642154,35.031950,17.711712,0.000000,0.000000,88.218005,-0.008344,-0.062972,-0.031838,0.071054,1.246143,9.404002,4.754545,9.404002,70.967168,35.880104,4.754545,35.880104,18.140527,0.000000,0.000000,90.353838
2.3327,post_ramp,0.139,100.0000,4.158622,-1.383651,-1.374447,-0.001534,-0.145728,1.164291,-2.012583,1.003223,-2.699806,1.264000,-2.546408,1.303884,-1.822369,0.023981,-0.950281,-0.000000,0.023981,0.023981,0.315082,0.000000,0.016200,0.023981,-0.122120,0.023981,-0.027700,0.023981,1.544808,-0.783494,1.135906,0.001329,0.004858,0.000000,-0.004858,-0.007286,0.707889,0.923203,0.923203,0.609960,1.197784,1.197784,0.768512,1.168077,1.168077,0.792761,0.942280,0.942280,-0.006974,0.086783,-0.013392,0.003613,0.061050,-0.009209,-0.010587,0.025733,-0.004183,0.324673,-0.519209,0.771691,0.985138,12.626521,-20.191994,30.011015,-20.191994,32.290496,-47.992812,30.011015,-47.992812,71.330896,-0.000000,0.000000,116.247913,0.324673,-0.519209,0.771691,0.985138,9.198504,-14.710001,21.863223,-14.710001,23.523840,-34.963081,21.863223,-34.963081,51.965030,-0.000000,0.000000,84.687374,-0.017006,0.115013,0.076813,-0.016495,0.114699,0.073593,-0.000511,0.000314,0.003220,-0.020585,-0.221536,-0.155382,0.271377,0.604835,6.509356,4.565582,6.509356,70.054958,49.135682,4.565582,49.135682,34.463160,-0.000000,0.000000,105.122953,-0.020585,-0.221536,-0.155382,0.271377,0.633223,6.814870,4.779865,6.814870,73.342954,51.441841,4.779865,51.441841,36.080671,-0.000000,0.000000,110.056848,0.001612,0.106952,0.072450,0.001591,0.106664,0.072231,0.000021,0.000288,0.000219,-0.002531,-0.024006,-0.003223,0.024353,1.054893,10.005109,1.343282,10.005109,94.893223,12.740330,1.343282,12.740330,1.710512,-0.000000,0.000000,97.658628,-0.002531,-0.024006,-0.003223,0.024353,1.059367,10.047539,1.348979,10.047539,95.295656,12.794361,1.348979,12.794361,1.717766,-0.000000,0.000000,98.072789,0.017013,0.101986,0.058936,0.016089,0.100935,0.055587,0.000924,0.001051,0.003349,-0.021469,-0.262167,-0.004324,0.263080,0.675629,8.250392,0.136074,8.250392,100.749050,1.661655,0.136074,1.661655,0.027406,-0.000000,0.000000,101.452084,-0.021469,-0.262167,-0.004324,0.263080,0.737910,9.010935,0.148617,9.010935,110.036361,1.814831,0.148617,1.814831,0.029932,-0.000000,0.000000,110.804203,0.032803,0.093822,0.062734,0.032257,0.093830,0.061795,0.000546,-0.000008,0.000939,-0.008804,-0.066156,-0.033516,0.074683,1.225865,9.211948,4.666969,9.211948,69.224604,35.070655,4.666969,35.070655,17.767538,0.000000,0.000000,88.218007,-0.008804,-0.066156,-0.033516,0.074683,1.256778,9.444254,4.784660,9.444254,70.970302,35.955062,4.784660,35.955062,18.215598,-0.000000,0.000000,90.442678
2.3508,post_ramp,0.139,100.0000,4.158622,-1.400524,-1.374447,-0.001534,-0.145728,1.164291,-2.012583,1.003223,-2.699806,1.260932,-2.546408,1.302350,-1.822369,0.023981,-0.949919,-0.000000,0.023981,0.023981,0.347202,0.000000,0.008609,0.023981,-0.132318,0.023981,-0.046032,0.023981,1.544808,-0.793049,1.135906,0.001329,0.004858,0.000000,-0.004858,-0.007286,0.707889,0.923203,0.923203,0.609960,1.197784,1.197784,0.766647,1.168077,1.168077,0.791829,0.942280,0.942280,-0.006872,0.086495,-0.013873,0.003613,0.061050,-0.009209,-0.010485,0.025445,-0.004664,0.329581,-0.522302,0.791607,1.004024,12.520340,-19.841563,30.072112,-19.841563,31.443844,-47.656670,30.072112,-47.656670,72.229023,-0.000000,0.000000,116.193207,0.329581,-0.522302,0.791607,1.004024,9.161558,-14.518746,22.004787,-14.518746,23.008530,-34.872006,22.004787,-34.872006,52.852433,-0.000000,0.000000,85.022522,-0.017006,0.115013,0.076813,-0.016495,0.114699,0.073593,-0.000511,0.000314,0.003220,-0.020585,-0.221536,-0.155382,0.271377,0.604835,6.509356,4.565582,6.509356,70.054958,49.135682,4.565582,49.135682,34.463160,-0.000000,0.000000,105.122953,-0.020585,-0.221536,-0.155382,0.271377,0.633223,6.814870,4.779865,6.814870,73.342954,51.441841,4.779865,51.441841,36.080671,-0.000000,0.000000,110.056848,0.001612,0.106952,0.072450,0.001591,0.106664,0.072231,0.000021,0.000288,0.000219,-0.002531,-0.024006,-0.003223,0.024353,1.054893,10.005109,1.343282,10.005109,94.893223,12.740330,1.343282,12.740330,1.710512,-0.000000,0.000000,97.658628,-0.002531,-0.024006,-0.003223,0.024353,1.059367,10.047539,1.348979,10.047539,95.295656,12.794361,1.348979,12.794361,1.717766,-0.000000,0.000000,98.072789,0.017043,0.102022,0.059043,0.016089,0.100935,0.055587,0.000954,0.001087,0.003456,-0.022305,-0.270788,-0.004956,0.271751,0.683483,8.297622,0.151864,8.297622,100.734861,1.843666,0.151864,1.843666,0.033743,0.000000,0.000000,101.452087,-0.022305,-0.270788,-0.004956,0.271751,0.748437,9.086180,0.166297,9.086180,110.308115,2.018877,0.166297,2.018877,0.036950,-0.000000,0.000000,111.093502,0.032827,0.093830,0.062776,0.032257,0.093830,0.061795,0.000571,0.000000,0.000982,-0.009266,-0.069340,-0.035201,0.078313,1.235074,9.242139,4.691828,9.242139,69.159510,35.109248,4.691828,35.109248,17.823425,-0.000000,0.000000,88.218009,-0.009266,-0.069340,-0.035201,0.078313,1.267463,9.484507,4.814868,9.484507,70.973162,36.029960,4.814868,36.029960,18.290829,-0.000000,0.000000,90.531455
2.3690,post_ramp,0.139,100.0000,4.158622,-1.411262,-1.374447,-0.001534,-0.145728,1.162757,-2.012583,1.003223,-2.699806,1.257864,-2.546408,1.302350,-1.822369,0.023981,-0.900290,-0.000000,0.023981,0.023981,0.236239,0.000000,0.004575,0.023981,-0.141470,0.023981,-0.034133,0.023981,1.544808,-0.799129,1.135906,0.001329,0.004858,0.000000,-0.004858,-0.007286,0.706957,0.923203,0.923203,0.609960,1.197784,1.197784,0.764781,1.168077,1.168077,0.791829,0.942280,0.942280,-0.006806,0.086310,-0.014178,0.003613,0.061050,-0.009209,-0.010420,0.025260,-0.004969,0.332716,-0.524162,0.804427,1.016144,12.453454,-19.619229,30.109477,-19.619229,30.908225,-47.434611,30.109477,-47.434611,72.797526,-0.000000,0.000000,116.159205,0.332716,-0.524162,0.804427,1.016144,9.138394,-14.396668,22.094454,-14.396668,22.680578,-34.807706,22.094454,-34.807706,53.419114,-0.000000,0.000000,85.238086,-0.017017,0.115018,0.076879,-0.016495,0.114699,0.073593,-0.000521,0.000319,0.003286,-0.020957,-0.225926,-0.158770,0.276929,0.602038,6.490204,4.561009,6.490204,69.966935,49.169461,4.561009,49.169461,34.553978,-0.000000,-0.000000,105.122951,-0.020957,-0.225926,-0.158770,0.276929,0.630858,6.800898,4.779350,6.800898,73.316333,51.523261,4.779350,51.523261,36.208117,-0.000000,0.000000,110.155309,0.001612,0.106952,0.072450,0.001591,0.106664,0.072231,0.000021,0.000288,0.000219,-0.002531,-0.024006,-0.003223,0.024353,1.054893,10.005109,1.343282,10.005109,94.893223,12.740330,1.343282,12.740330,1.710512,-0.000000,0.000000,97.658628,-0.002531,-0.024006,-0.003223,0.024353,1.059367,10.047539,1.348979,10.047539,95.295656,12.794361,1.348979,12.794361,1.717766,-0.000000,0.000000,98.072789,0.017072,0.102058,0.059150,0.016089,0.100935,0.055587,0.000983,0.001123,0.003563,-0.023150,-0.279411,-0.005619,0.280424,0.691379,8.344800,0.167827,8.344800,100.719971,2.025634,0.167827,2.025634,0.040739,-0.000000,0.000000,101.452089,-0.023150,-0.279411,-0.005619,0.280424,0.759053,9.161612,0.184254,9.161612,110.578721,2.223909,0.184254,2.223909,0.044726,-0.000000,0.000000,111.382501,0.032827,0.093830,0.062776,0.032257,0.093830,0.061795,0.000571,0.000000,0.000982,-0.009266,-0.069340,-0.035201,0.078314,1.235074,9.242139,4.691828,9.242139,69.159510,35.109248,4.691828,35.109248,17.823425,0.000000,0.000000,88.218009,-0.009266,-0.069340,-0.035201,0.078314,1.267463,9.484507,4.814868,9.484507,70.973168,36.029963,4.814868,36.029963,18.290831,-0.000000,0.000000,90.531463
2.3872,post_ramp,0.139,100.0000,4.158622,-1.417398,-1.374447,-0.001534,-0.145728,1.159689,-2.012583,1.003223,-2.699806,1.254796,-2.546408,1.302350,-1.822369,0.023981,-0.771986,-0.000000,0.023981,0.023981,0.097167,0.000000,0.002431,0.023981,-0.148731,0.023981,-0.004961,0.023981,1.544808,-0.802604,1.135906,0.001329,0.004858,0.000000,-0.004858,-0.007286,0.705091,0.923203,0.923203,0.609960,1.197784,1.197784,0.762916,1.168077,1.168077,0.791829,0.942280,0.942280,-0.006769,0.086203,-0.014352,0.003613,0.061050,-0.009209,-0.010382,0.025153,-0.005143,0.334512,-0.525187,0.811805,1.023106,12.415473,-19.492419,30.130309,-19.492419,30.603296,-47.304891,30.130309,-47.304891,73.121300,-0.000000,0.000000,116.140068,0.334512,-0.525187,0.811805,1.023106,9.125279,-14.326782,22.145551,-14.326782,22.493193,-34.768741,22.145551,-34.768741,53.743607,-0.000000,-0.000000,85.362079,-0.017038,0.115027,0.077011,-0.016495,0.114699,0.073593,-0.000542,0.000328,0.003417,-0.021696,-0.234690,-0.165571,0.288034,0.596463,6.451944,4.551772,6.451944,69.790685,49.236522,4.551772,49.236522,34.735798,-0.000000,-0.000000,105.122946,-0.021696,-0.234690,-0.165571,0.288034,0.626132,6.772876,4.778186,6.772876,73.262205,51.685639,4.778186,51.685639,36.463622,-0.000000,0.000000,110.351959,0.001612,0.106952,0.072450,0.001591,0.106664,0.072231,0.000021,0.000288,0.000219,-0.002531,-0.024006,-0.003223,0.024353,1.054893,10.005109,1.343282,10.005109,94.893223,12.740330,1.343282,12.740330,1.710512,-0.000000,0.000000,97.658628,-0.002531,-0.024006,-0.003223,0.024353,1.059367,10.047539,1.348979,10.047539,95.295656,12.794361,1.348979,12.794361,1.717766,-0.000000,0.000000,98.072789,0.017102,0.102094,0.059257,0.016089,0.100935,0.055587,0.001013,0.001158,0.003670,-0.024003,-0.288035,-0.006314,0.289102,0.699318,8.391926,0.183961,8.391926,100.704380,2.207558,0.183961,2.207558,0.048392,-0.000000,0.000000,101.452091,-0.024003,-0.288035,-0.006314,0.289102,0.769760,9.237232,0.202491,9.237232,110.848175,2.429922,0.202491,2.429922,0.053267,-0.000000,0.000000,111.671202,0.032827,0.093830,0.062776,0.032257,0.093830,0.061795,0.000571,0.000000,0.000982,-0.009266,-0.069341,-0.035201,0.078315,1.235074,9.242139,4.691828,9.242139,69.159511,35.109248,4.691828,35.109248,17.823425,-0.000000,0.000000,88.218009,-0.009266,-0.069341,-0.035201,0.078315,1.267463,9.484508,4.814869,9.484508,70.973176,36.029967,4.814869,36.029967,18.290833,-0.000000,0.000000,90.531472
2.4060,post_ramp,0.139,100.0000,4.158622,-1.417398,-1.374447,-0.001534,-0.145728,1.156622,-2.012583,1.003223,-2.699806,1.250194,-2.546408,1.302350,-1.822369,0.023981,-0.569554,-0.000000,0.023981,0.023981,-0.013773,0.000000,0.001292,0.023981,-0.162253,0.023981,-0.007719,0.023981,1.544808,-0.802604,1.135906,0.001329,0.004858,0.000000,-0.004858,-0.007286,0.703226,0.923203,0.923203,0.609960,1.197784,1.197784,0.760118,1.168077,1.168077,0.791829,0.942280,0.942280,-0.006769,0.086203,-0.014352,0.003613,0.061050,-0.009209,-0.010382,0.025153,-0.005143,0.334512,-0.525187,0.811805,1.023106,12.415473,-19.492419,30.130309,-19.492419,30.603296,-47.304891,30.130309,-47.304891,73.121300,-0.000000,0.000000,116.140068,0.334512,-0.525187,0.811805,1.023106,9.125279,-14.326782,22.145551,-14.326782,22.493193,-34.768741,22.145551,-34.768741,53.743607,-0.000000,-0.000000,85.362079,-0.017059,0.115036,0.077143,-0.016495,0.114699,0.073593,-0.000564,0.000337,0.003549,-0.022428,-0.243432,-0.172406,0.299142,0.590915,6.413741,4.542411,6.413741,69.614168,49.302918,4.542411,49.302918,34.917859,0.000000,0.000000,105.122942,-0.022428,-0.243432,-0.172406,0.299142,0.621412,6.744749,4.776841,6.744749,73.206894,51.847398,4.776841,51.847398,36.719939,-0.000000,-0.000000,110.548245,0.001612,0.106952,0.072450,0.001591,0.106664,0.072231,0.000021,0.000288,0.000219,-0.002531,-0.024006,-0.003223,0.024353,1.054893,10.005109,1.343282,10.005109,94.893223,12.740330,1.343282,12.740330,1.710512,-0.000000,0.000000,97.658628,-0.002531,-0.024006,-0.003223,0.024353,1.059367,10.047539,1.348979,10.047539,95.295656,12.794361,1.348979,12.794361,1.717766,-0.000000,0.000000,98.072789,0.017146,0.102147,0.059417,0.016089,0.100935,0.055587,0.001057,0.001211,0.003831,-0.025298,-0.300974,-0.007415,0.302126,0.711307,8.462516,0.208483,8.462516,100.679680,2.480353,0.208483,2.480353,0.061106,-0.000000,0.000000,101.452094,-0.025298,-0.300974,-0.007415,0.302126,0.785988,9.351007,0.230372,9.351007,111.250180,2.740769,0.230372,2.740769,0.067522,-0.000000,-0.000000,112.103690,0.032827,0.093830,0.062776,0.032257,0.093830,0.061795,0.000571,0.000000,0.000982,-0.009267,-0.069342,-0.035202,0.078316,1.235074,9.242139,4.691828,9.242139,69.159511,35.109248,4.691828,35.109248,17.823425,0.000000,0.000000,88.218009,-0.009267,-0.069342,-0.035202,0.078316,1.267464,9.484510,4.814869,9.484510,70.973186,36.029972,4.814869,36.029972,18.290835,-0.000000,0.000000,90.531485
2.4236,post_ramp,0.139,100.0000,4.158622,-1.412796,-1.374447,-0.001534,-0.145728,1.153554,-2.012583,1.003223,-2.699806,1.248660,-2.546408,1.302350,-1.822369,0.023981,-0.310051,-0.000000,0.023981,0.023981,-0.085975,0.000000,0.000687,0.023981,-0.176119,0.023981,-0.007424,0.023981,1.544808,-0.799998,1.135906,0.001329,0.004858,0.000000,-0.004858,-0.007286,0.701361,0.923203,0.923203,0.609960,1.197784,1.197784,0.759185,1.168077,1.168077,0.791829,0.942280,0.942280,-0.006797,0.086283,-0.014222,0.003613,0.061050,-0.009209,-0.010410,0.025233,-0.005013,0.333164,-0.524421,0.806268,1.017882,12.443942,-19.587510,30.114721,-19.587510,30.831914,-47.402373,30.114721,-47.402373,72.878544,-0.000000,0.000000,116.154400,0.333164,-0.524421,0.806268,1.017882,9.135107,-14.379205,22.107238,-14.379205,22.633730,-34.798116,22.107238,-34.798116,53.500192,-0.000000,-0.000000,85.269029,-0.017080,0.115046,0.077274,-0.016495,0.114699,0.073593,-0.000585,0.000347,0.003681,-0.023152,-0.252151,-0.179275,0.310251,0.585394,6.375597,4.532927,6.375597,69.437385,49.368646,4.532927,49.368646,35.100158,-0.000000,0.000000,105.122937,-0.023152,-0.252151,-0.179275,0.310251,0.616697,6.716519,4.775316,6.716519,73.150405,52.008532,4.775316,52.008532,36.977066,-0.000000,-0.000000,110.744168,0.001612,0.106952,0.072450,0.001591,0.106664,0.072231,0.000021,0.000288,0.000219,-0.002531,-0.024006,-0.003223,0.024353,1.054893,10.005109,1.343282,10.005109,94.893223,12.740330,1.343282,12.740330,1.710512,-0.000000,0.000000,97.658628,-0.002531,-0.024006,-0.003223,0.024353,1.059367,10.047539,1.348979,10.047539,95.295656,12.794361,1.348979,12.794361,1.717766,-0.000000,0.000000,98.072789,0.017161,0.102164,0.059471,0.016089,0.100935,0.055587,0.001072,0.001229,0.003884,-0.025734,-0.305288,-0.007797,0.306469,0.715325,8.486018,0.216743,8.486018,100.671097,2.571259,0.216743,2.571259,0.065673,0.000000,0.000000,101.452095,-0.025734,-0.305288,-0.007797,0.306469,0.791443,9.389023,0.239807,9.389023,111.383599,2.844869,0.239807,2.844869,0.072661,-0.000000,-0.000000,112.247703,0.032827,0.093830,0.062776,0.032257,0.093830,0.061795,0.000571,0.000000,0.000982,-0.009267,-0.069342,-0.035202,0.078316,1.235074,9.242139,4.691828,9.242139,69.159511,35.109248,4.691828,35.109248,17.823425,0.000000,0.000000,88.218010,-0.009267,-0.069342,-0.035202,0.078316,1.267464,9.484510,4.814870,9.484510,70.973192,36.029975,4.814870,36.029975,18.290837,-0.000000,0.000000,90.531492
2.4418,post_ramp,0.139,100.0000,4.158622,-1.406660,-1.374447,-0.001534,-0.145728,1.152020,-2.012583,1.004757,-2.699806,1.244058,-2.546408,1.305418,-1.822369,0.023981,-0.056014,-0.000000,0.023981,0.023981,-0.122129,0.000000,0.002763,0.023981,-0.183489,0.023981,0.024435,0.023981,1.544808,-0.796523,1.135906,0.001329,0.004858,0.000000,-0.004858,-0.007286,0.700428,0.923203,0.923203,0.610893,1.197784,1.197784,0.756388,1.168077,1.168077,0.793694,0.942280,0.942280,-0.006834,0.086390,-0.014048,0.003613,0.061050,-0.009209,-0.010448,0.025340,-0.004839,0.331371,-0.523375,0.798919,1.010940,12.482054,-19.714451,30.093606,-19.714451,31.137468,-47.530552,30.093606,-47.530552,72.554176,-0.000000,0.000000,116.173698,0.331371,-0.523375,0.798919,1.010940,9.148288,-14.449022,22.056065,-14.449022,22.821127,-34.835869,22.056065,-34.835869,53.176066,-0.000000,0.000000,85.145481,-0.017091,0.115050,0.077340,-0.016495,0.114699,0.073593,-0.000596,0.000351,0.003747,-0.023511,-0.256502,-0.182722,0.315806,0.582644,6.356547,4.528139,6.356547,69.348895,49.401260,4.528139,49.401260,35.191397,-0.000000,0.000000,105.122935,-0.023511,-0.256502,-0.182722,0.315806,0.614341,6.702365,4.774485,6.702365,73.121719,52.088862,4.774485,52.088862,37.105933,-0.000000,0.000000,110.841993,0.001610,0.106944,0.072390,0.001591,0.106664,0.072231,0.000019,0.000280,0.000160,-0.002098,-0.019908,-0.002654,0.020193,1.054446,10.004266,1.333635,10.004266,94.917438,12.653120,1.333635,12.653120,1.686744,-0.000000,0.000000,97.658628,-0.002098,-0.019908,-0.002654,0.020193,1.057216,10.030544,1.337138,10.030544,95.166764,12.686357,1.337138,12.686357,1.691175,-0.000000,0.000000,97.915155,0.017206,0.102217,0.059632,0.016089,0.100935,0.055587,0.001116,0.001281,0.004045,-0.027055,-0.318230,-0.008992,0.319504,0.727441,8.556445,0.241779,8.556445,100.644297,2.843898,0.241779,2.843898,0.080360,0.000000,0.000000,101.452097,-0.027055,-0.318230,-0.008992,0.319504,0.807943,9.503343,0.268535,9.503343,111.782084,3.158618,0.268535,3.158618,0.089253,-0.000000,0.000000,112.679279,0.032779,0.093814,0.062691,0.032257,0.093830,0.061795,0.000522,-0.000016,0.000896,-0.008345,-0.062975,-0.031839,0.071058,1.216686,9.181705,4.642154,9.181705,69.289607,35.031950,4.642154,35.031950,17.711712,-0.000000,0.000000,88.218005,-0.008345,-0.062975,-0.031839,0.071058,1.246144,9.404007,4.754547,9.404007,70.967206,35.880123,4.754547,35.880123,18.140537,-0.000000,0.000000,90.353887
2.4599,post_ramp,0.139,100.0000,4.158622,-1.398990,-1.374447,-0.001534,-0.145728,1.152020,-2.012583,1.003223,-2.699806,1.240990,-2.546408,1.311554,-1.822369,0.023981,0.148417,-0.000000,0.023981,0.023981,-0.097813,0.000000,0.012705,0.023981,-0.197225,0.023981,0.100689,0.023981,1.544808,-0.792180,1.135906,0.001329,0.004858,0.000000,-0.004858,-0.007286,0.700428,0.923203,0.923203,0.609960,1.197784,1.197784,0.754522,1.168077,1.168077,0.797425,0.942280,0.942280,-0.006881,0.086522,-0.013830,0.003613,0.061050,-0.009209,-0.010494,0.025472,-0.004621,0.329134,-0.522029,0.789785,1.002299,12.529938,-19.873367,30.066678,-19.873367,31.520565,-47.687876,30.066678,-47.687876,72.147614,-0.000000,0.000000,116.198117,0.329134,-0.522029,0.789785,1.002299,9.164890,-14.536163,21.991951,-14.536163,23.055381,-34.880789,21.991951,-34.880789,52.771603,-0.000000,0.000000,84.991874,-0.017091,0.115050,0.077340,-0.016495,0.114699,0.073593,-0.000596,0.000351,0.003747,-0.023511,-0.256502,-0.182722,0.315806,0.582644,6.356547,4.528139,6.356547,69.348895,49.401260,4.528139,49.401260,35.191397,-0.000000,0.000000,105.122935,-0.023511,-0.256502,-0.182722,0.315806,0.614341,6.702365,4.774485,6.702365,73.121719,52.088862,4.774485,52.088862,37.105933,-0.000000,0.000000,110.841993,0.001612,0.106952,0.072450,0.001591,0.106664,0.072231,0.000021,0.000288,0.000219,-0.002531,-0.024006,-0.003223,0.024353,1.054893,10.005109,1.343282,10.005109,94.893223,12.740330,1.343282,12.740330,1.710512,-0.000000,0.000000,97.658628,-0.002531,-0.024006,-0.003223,0.024353,1.059367,10.047539,1.348979,10.047539,95.295656,12.794361,1.348979,12.794361,1.717766,-0.000000,0.000000,98.072789,0.017235,0.102251,0.059739,0.016089,0.100935,0.055587,0.001146,0.001316,0.004152,-0.027946,-0.326859,-0.009828,0.328199,0.735571,8.603328,0.258683,8.603328,100.625555,3.025587,0.258683,3.025587,0.090973,-0.000000,-0.000000,101.452099,-0.027946,-0.326859,-0.009828,0.328199,0.819056,9.579779,0.288043,9.579779,112.046254,3.368982,0.288043,3.368982,0.101298,-0.000000,0.000000,112.966608,0.032682,0.093780,0.062520,0.032257,0.093830,0.061795,0.000425,-0.000049,0.000726,-0.006541,-0.050209,-0.025178,0.056548,1.180287,9.060211,4.543351,9.060211,69.548709,34.876027,4.543351,34.876027,17.488999,-0.000000,0.000000,88.217995,-0.006541,-0.050209,-0.025178,0.056548,1.204099,9.242999,4.635012,9.242999,70.951844,35.579646,4.635012,35.579646,17.841837,-0.000000,0.000000,89.997780
2.4781,post_ramp,0.139,100.0000,4.158622,-1.389787,-1.374447,-0.001534,-0.145728,1.150486,-2.012583,1.003223,-2.699806,1.236389,-2.546408,1.316156,-1.822369,0.023981,0.289378,-0.000000,0.023981,0.023981,-0.051982,0.000000,0.013432,0.023981,-0.205941,0.023981,0.182194,0.023981,1.544808,-0.786969,1.135906,0.001329,0.004858,0.000000,-0.004858,-0.007286,0.699495,0.923203,0.923203,0.609960,1.197784,1.197784,0.751724,1.168077,1.168077,0.800223,0.942280,0.942280,-0.006937,0.086679,-0.013567,0.003613,0.061050,-0.009209,-0.010550,0.025629,-0.004358,0.326455,-0.520357,0.778901,0.991983,12.587758,-20.064418,30.033572,-20.064418,31.981935,-47.872396,30.033572,-47.872396,71.658151,-0.000000,0.000000,116.227844,0.326455,-0.520357,0.778901,0.991983,9.184993,-14.640537,21.914796,-14.640537,23.336471,-34.931370,21.914796,-34.931370,52.287279,0.000000,0.000000,84.808743,-0.017102,0.115054,0.077406,-0.016495,0.114699,0.073593,-0.000606,0.000355,0.003813,-0.023868,-0.260848,-0.186177,0.321362,0.579900,6.337511,4.523320,6.337511,69.260339,49.433707,4.523320,49.433707,35.282694,-0.000000,0.000000,105.122933,-0.023868,-0.260848,-0.186177,0.321362,0.611987,6.688186,4.773610,6.688186,73.092739,52.169035,4.773610,52.169035,37.235000,-0.000000,0.000000,110.939727,0.001612,0.106952,0.072450,0.001591,0.106664,0.072231,0.000021,0.000288,0.000219,-0.002531,-0.024006,-0.003223,0.024353,1.054893,10.005109,1.343282,10.005109,94.893223,12.740330,1.343282,12.740330,1.710512,-0.000000,0.000000,97.658628,-0.002531,-0.024006,-0.003223,0.024353,1.059367,10.047539,1.348979,10.047539,95.295656,12.794361,1.348979,12.794361,1.717766,-0.000000,0.000000,98.072789,0.017280,0.102303,0.059900,0.016089,0.100935,0.055587,0.001190,0.001368,0.004313,-0.029298,-0.339805,-0.011140,0.341247,0.747846,8.673546,0.284359,8.673546,100.596131,3.298010,0.284359,3.298010,0.108124,-0.000000,0.000000,101.452101,-0.029298,-0.339805,-0.011140,0.341247,0.835897,9.694766,0.317840,9.694766,112.440289,3.686316,0.317840,3.686316,0.120855,0.000000,0.000000,113.397041,0.032610,0.093755,0.062392,0.032257,0.093830,0.061795,0.000353,-0.000075,0.000597,-0.005222,-0.040610,-0.020239,0.045673,1.153319,8.968547,4.469728,8.968547,69.742075,34.757929,4.469728,34.757929,17.322594,-0.000000,0.000000,88.217988,-0.005222,-0.040610,-0.020239,0.045673,1.173085,9.122257,4.546334,9.122257,70.937369,35.353637,4.546334,35.353637,17.619482,-0.000000,0.000000,89.729936
2.4964,post_ramp,0.139,100.0000,4.158622,-1.380583,-1.374447,-0.001534,-0.145728,1.150486,-2.012583,1.003223,-2.699806,1.231787,-2.546408,1.314622,-1.822369,0.023981,0.367279,-0.000000,0.023981,0.023981,-0.037446,0.000000,0.013637,0.023981,-0.215130,0.023981,0.196328,0.023981,1.544808,-0.781757,1.135906,0.001329,0.004858,0.000000,-0.004858,-0.007286,0.699495,0.923203,0.923203,0.609960,1.197784,1.197784,0.748926,1.168077,1.168077,0.799290,0.942280,0.942280,-0.006993,0.086835,-0.013304,0.003613,0.061050,-0.009209,-0.010606,0.025785,-0.004095,0.323783,-0.518624,0.768100,0.981725,12.645967,-20.255845,29.999590,-20.255845,32.445066,-48.052238,29.999590,-48.052238,71.166988,-0.000000,0.000000,116.258021,0.323783,-0.518624,0.768100,0.981725,9.205292,-14.744698,21.837395,-14.744698,23.617514,-34.978336,21.837395,-34.978336,51.804097,-0.000000,0.000000,84.626902,-0.017102,0.115054,0.077406,-0.016495,0.114699,0.073593,-0.000606,0.000355,0.003813,-0.023868,-0.260848,-0.186177,0.321362,0.579900,6.337511,4.523320,6.337511,69.260339,49.433707,4.523320,49.433707,35.282694,-0.000000,0.000000,105.122933,-0.023868,-0.260848,-0.186177,0.321362,0.611987,6.688186,4.773610,6.688186,73.092739,52.169034,4.773610,52.169034,37.235000,-0.000000,-0.000000,110.939727,0.001612,0.106952,0.072450,0.001591,0.106664,0.072231,0.000021,0.000288,0.000219,-0.002531,-0.024006,-0.003223,0.024353,1.054893,10.005109,1.343282,10.005109,94.893223,12.740330,1.343282,12.740330,1.710512,-0.000000,0.000000,97.658628,-0.002531,-0.024006,-0.003223,0.024353,1.059367,10.047539,1.348979,10.047539,95.295656,12.794361,1.348979,12.794361,1.717766,-0.000000,0.000000,98.072789,0.017324,0.102354,0.060061,0.016089,0.100935,0.055587,0.001235,0.001419,0.004474,-0.030670,-0.352753,-0.012524,0.354305,0.760215,8.743636,0.310419,8.743636,100.565135,3.570291,0.310419,3.570291,0.126753,-0.000000,0.000000,101.452104,-0.030670,-0.352753,-0.012524,0.354305,0.852943,9.810147,0.348283,9.810147,112.831642,4.005779,0.348283,4.005779,0.142214,-0.000000,0.000000,113.826799,0.032634,0.093763,0.062435,0.032257,0.093830,0.061795,0.000377,-0.000066,0.000640,-0.005659,-0.043813,-0.021880,0.049299,1.162276,8.999153,4.494223,8.999153,69.677712,34.797405,4.494223,34.797405,17.378002,-0.000000,0.000000,88.217990,-0.005659,-0.043813,-0.021880,0.049299,1.183374,9.162504,4.575801,9.162504,70.942485,35.429039,4.575801,35.429039,17.693443,0.000000,0.000000,89.819302
2.5152,post_ramp,0.139,100.0000,4.158622,-1.375981,-1.374447,-0.001534,-0.145728,1.147418,-2.012583,1.003223,-2.699806,1.227185,-2.546408,1.313088,-1.822369,0.023981,0.384995,-0.000000,0.023981,0.023981,-0.045804,0.000000,0.019033,0.023981,-0.228005,0.023981,0.106154,0.023981,1.544808,-0.779151,1.135906,0.001329,0.004858,0.000000,-0.004858,-0.007286,0.697630,0.923203,0.923203,0.609960,1.197784,1.197784,0.746128,1.168077,1.168077,0.798357,0.942280,0.942280,-0.007021,0.086912,-0.013172,0.003613,0.061050,-0.009209,-0.010634,0.025862,-0.003963,0.322450,-0.517734,0.762730,0.976617,12.675218,-20.351698,29.982267,-20.351698,32.677276,-48.140398,29.982267,-48.140398,70.920781,-0.000000,0.000000,116.273275,0.322450,-0.517734,0.762730,0.976617,9.215514,-14.796697,21.798601,-14.796697,23.758007,-35.000466,21.798601,-35.000466,51.562938,-0.000000,0.000000,84.536459,-0.017123,0.115063,0.077538,-0.016495,0.114699,0.073593,-0.000627,0.000364,0.003944,-0.024577,-0.269522,-0.193113,0.332474,0.574432,6.299485,4.513591,6.299485,69.083033,49.498099,4.513591,49.498099,35.465463,0.000000,0.000000,105.122928,-0.024577,-0.269522,-0.193113,0.332474,0.607284,6.659753,4.771723,6.659753,73.033899,52.328900,4.771723,52.328900,37.493737,-0.000000,0.000000,111.134919,0.001612,0.106952,0.072450,0.001591,0.106664,0.072231,0.000021,0.000288,0.000219,-0.002531,-0.024006,-0.003223,0.024353,1.054893,10.005109,1.343282,10.005109,94.893223,12.740330,1.343282,12.740330,1.710512,-0.000000,0.000000,97.658628,-0.002531,-0.024006,-0.003223,0.024353,1.059367,10.047539,1.348979,10.047539,95.295656,12.794361,1.348979,12.794361,1.717766,-0.000000,0.000000,98.072789,0.017369,0.102405,0.060222,0.016089,0.100935,0.055587,0.001279,0.001469,0.004636,-0.032061,-0.365703,-0.013977,0.367372,0.772680,8.813595,0.336862,8.813595,100.532566,3.842422,0.336862,3.842422,0.146860,-0.000000,0.000000,101.452106,-0.032061,-0.365703,-0.013977,0.367372,0.870196,9.925915,0.379375,9.925915,113.220279,4.327355,0.379375,4.327355,0.165394,-0.000000,-0.000000,114.255869,0.032658,0.093772,0.062477,0.032257,0.093830,0.061795,0.000401,-0.000058,0.000683,-0.006098,-0.047014,-0.023527,0.052925,1.171266,9.029708,4.518764,9.029708,69.613257,34.836771,4.518764,34.836771,17.433470,-0.000000,0.000000,88.217993,-0.006098,-0.047014,-0.023527,0.052925,1.193712,9.202753,4.605361,9.202753,70.947323,35.504382,4.605361,35.504382,17.767565,-0.000000,-0.000000,89.908599
2.5327,post_ramp,0.139,100.0000,4.158622,-1.374447,-1.374447,-0.001534,-0.145728,1.145884,-2.012583,1.003223,-2.699806,1.221049,-2.546408,1.310020,-1.822369,0.023981,0.322846,-0.000000,0.023981,0.023981,-0.062608,0.000000,0.011531,0.023981,-0.233535,0.023981,0.020307,0.023981,1.544808,-0.778282,1.135906,0.001329,0.004858,0.000000,-0.004858,-0.007286,0.696697,0.923203,0.923203,0.609960,1.197784,1.197784,0.742398,1.168077,1.168077,0.796492,0.942280,0.942280,-0.007030,0.086938,-0.013128,0.003613,0.061050,-0.009209,-0.010643,0.025888,-0.003919,0.322005,-0.517435,0.760945,0.974917,12.684990,-20.383669,29.976444,-20.383669,32.754774,-48.169523,29.976444,-48.169523,70.838620,-0.000000,0.000000,116.278383,0.322005,-0.517435,0.760945,0.974917,9.218933,-14.814019,21.785655,-14.814019,23.804832,-35.007643,21.785655,-35.007643,51.482617,-0.000000,0.000000,84.506382,-0.017134,0.115067,0.077603,-0.016495,0.114699,0.073593,-0.000638,0.000368,0.004010,-0.024928,-0.273851,-0.196594,0.338031,0.571708,6.280494,4.508680,6.280494,68.994283,49.530043,4.508680,49.530043,35.556935,0.000000,0.000000,105.122926,-0.024928,-0.273851,-0.196594,0.338031,0.604934,6.645499,4.770712,6.645499,73.004039,52.408592,4.770712,52.408592,37.623405,0.000000,0.000000,111.232378,0.001612,0.106952,0.072450,0.001591,0.106664,0.072231,0.000021,0.000288,0.000219,-0.002531,-0.024006,-0.003223,0.024353,1.054893,10.005109,1.343282,10.005109,94.893223,12.740330,1.343282,12.740330,1.710512,-0.000000,0.000000,97.658628,-0.002531,-0.024006,-0.003223,0.024353,1.059367,10.047539,1.348979,10.047539,95.295656,12.794361,1.348979,12.794361,1.717766,-0.000000,0.000000,98.072789,0.017428,0.102472,0.060438,0.016089,0.100935,0.055587,0.001339,0.001536,0.004851,-0.033945,-0.382971,-0.016026,0.384806,0.789445,8.906668,0.372713,8.906668,100.486698,4.205015,0.372713,4.205015,0.175965,-0.000000,-0.000000,101.452108,-0.033945,-0.382971,-0.016026,0.384806,0.893520,10.080865,0.421849,10.080865,113.734198,4.759377,0.421849,4.759377,0.199163,-0.000000,0.000000,114.826881,0.032707,0.093789,0.062563,0.032257,0.093830,0.061795,0.000450,-0.000041,0.000768,-0.006987,-0.053408,-0.026837,0.060179,1.189339,9.090663,4.567983,9.090663,69.484071,34.915174,4.567983,34.915174,17.544587,-0.000000,0.000000,88.217998,-0.006987,-0.053408,-0.026837,0.060179,1.214536,9.283255,4.664759,9.283255,70.956144,35.654878,4.664759,35.654878,17.916283,-0.000000,0.000000,90.086963
2.5509,post_ramp,0.139,100.0000,4.158622,-1.374447,-1.374447,-0.001534,-0.145728,1.145884,-2.012583,1.003223,-2.699806,1.216447,-2.546408,1.308486,-1.822369,0.023981,0.225012,-0.000000,0.023981,0.023981,-0.067163,0.000000,0.006128,0.023981,-0.236475,0.023981,-0.042031,0.023981,1.544808,-0.778282,1.135906,0.001329,0.004858,0.000000,-0.004858,-0.007286,0.696697,0.923203,0.923203,0.609960,1.197784,1.197784,0.739600,1.168077,1.168077,0.795559,0.942280,0.942280,-0.007030,0.086938,-0.013128,0.003613,0.061050,-0.009209,-0.010643,0.025888,-0.003919,0.322005,-0.517435,0.760945,0.974917,12.684990,-20.383669,29.976444,-20.383669,32.754774,-48.169523,29.976444,-48.169523,70.838620,-0.000000,0.000000,116.278383,0.322005,-0.517435,0.760945,0.974917,9.218933,-14.814019,21.785655,-14.814019,23.804832,-35.007643,21.785655,-35.007643,51.482617,-0.000000,0.000000,84.506382,-0.017134,0.115067,0.077603,-0.016495,0.114699,0.073593,-0.000638,0.000368,0.004010,-0.024928,-0.273851,-0.196594,0.338031,0.571708,6.280494,4.508680,6.280494,68.994283,49.530043,4.508680,49.530043,35.556935,-0.000000,0.000000,105.122926,-0.024928,-0.273851,-0.196594,0.338031,0.604934,6.645499,4.770712,6.645499,73.004039,52.408592,4.770712,52.408592,37.623405,0.000000,0.000000,111.232378,0.001612,0.106952,0.072450,0.001591,0.106664,0.072231,0.000021,0.000288,0.000219,-0.002531,-0.024006,-0.003223,0.024353,1.054893,10.005109,1.343282,10.005109,94.893223,12.740330,1.343282,12.740330,1.710512,-0.000000,0.000000,97.658628,-0.002531,-0.024006,-0.003223,0.024353,1.059367,10.047539,1.348979,10.047539,95.295656,12.794361,1.348979,12.794361,1.717766,-0.000000,0.000000,98.072789,0.017472,0.102521,0.060599,0.016089,0.100935,0.055587,0.001383,0.001586,0.005012,-0.035380,-0.395922,-0.017645,0.397891,0.802129,8.976315,0.400046,8.976315,100.450466,4.476764,0.400046,4.476764,0.199515,-0.000000,0.000000,101.452110,-0.035380,-0.395922,-0.017645,0.397891,0.911256,10.197512,0.454471,10.197512,114.116408,5.085812,0.454471,5.085812,0.226659,-0.000000,0.000000,115.254323,0.032731,0.093797,0.062605,0.032257,0.093830,0.061795,0.000474,-0.000033,0.000811,-0.007437,-0.056602,-0.028500,0.063807,1.198424,9.121062,4.592661,9.121062,69.419341,34.954210,4.592661,34.954210,17.600236,-0.000000,-0.000000,88.218000,-0.007437,-0.056602,-0.028500,0.063807,1.225023,9.323508,4.694597,9.323508,70.960133,35.730033,4.694597,35.730033,17.990881,-0.000000,0.000000,90.176036
2.5690,post_ramp,0.139,100.0000,4.158622,-1.374447,-1.374447,-0.001534,-0.145728,1.145884,-2.012583,1.003223,-2.699806,1.211845,-2.546408,1.306952,-1.822369,0.023981,0.132233,-0.000000,0.023981,0.023981,-0.047111,0.000000,0.014493,0.023981,-0.238037,0.023981,-0.076121,0.023981,1.544808,-0.778282,1.135906,0.001329,0.004858,0.000000,-0.004858,-0.007286,0.696697,0.923203,0.923203,0.609960,1.197784,1.197784,0.736802,1.168077,1.168077,0.794627,0.942280,0.942280,-0.007030,0.086938,-0.013128,0.003613,0.061050,-0.009209,-0.010643,0.025888,-0.003919,0.322005,-0.517435,0.760945,0.974917,12.684990,-20.383669,29.976444,-20.383669,32.754774,-48.169523,29.976444,-48.169523,70.838620,-0.000000,0.000000,116.278383,0.322005,-0.517435,0.760945,0.974917,9.218933,-14.814019,21.785655,-14.814019,23.804832,-35.007643,21.785655,-35.007643,51.482617,-0.000000,0.000000,84.506382,-0.017134,0.115067,0.077603,-0.016495,0.114699,0.073593,-0.000638,0.000368,0.004010,-0.024928,-0.273851,-0.196594,0.338031,0.571708,6.280494,4.508680,6.280494,68.994283,49.530043,4.508680,49.530043,35.556935,0.000000,0.000000,105.122926,-0.024928,-0.273851,-0.196594,0.338031,0.604934,6.645499,4.770712,6.645499,73.004038,52.408592,4.770712,52.408592,37.623405,-0.000000,0.000000,111.232378,0.001612,0.106952,0.072450,0.001591,0.106664,0.072231,0.000021,0.000288,0.000219,-0.002531,-0.024006,-0.003223,0.024353,1.054893,10.005109,1.343282,10.005109,94.893223,12.740330,1.343282,12.740330,1.710512,-0.000000,0.000000,97.658628,-0.002531,-0.024006,-0.003223,0.024353,1.059367,10.047539,1.348979,10.047539,95.295656,12.794361,1.348979,12.794361,1.717766,-0.000000,0.000000,98.072789,0.017517,0.102571,0.060761,0.016089,0.100935,0.055587,0.001428,0.001635,0.005174,-0.036834,-0.408873,-0.019335,0.410984,0.814907,9.045825,0.427761,9.045825,100.412665,4.748334,0.427761,4.748334,0.224540,-0.000000,0.000000,101.452112,-0.036834,-0.408873,-0.019335,0.410984,0.929200,10.314528,0.487755,10.314528,114.495830,5.414301,0.487755,5.414301,0.256033,-0.000000,0.000000,115.681062,0.032755,0.093805,0.062648,0.032257,0.093830,0.061795,0.000498,-0.000024,0.000854,-0.007890,-0.059793,-0.030169,0.067435,1.207539,9.151410,4.617385,9.151410,69.354520,34.993135,4.617385,34.993135,17.655944,-0.000000,-0.000000,88.218003,-0.007890,-0.059793,-0.030169,0.067435,1.235559,9.363761,4.724528,9.363761,70.963840,35.805125,4.724528,35.805125,18.065637,-0.000000,0.000000,90.265037
2.5872,post_ramp,0.139,100.0000,4.158622,-1.374447,-1.374447,-0.001534,-0.145728,1.145884,-2.012583,1.003223,-2.699806,1.207243,-2.546408,1.303884,-1.822369,0.023981,0.081511,-0.000000,0.023981,0.023981,-0.025037,0.000000,0.014382,0.023981,-0.243207,0.023981,-0.088721,0.023981,1.544808,-0.778282,1.135906,0.001329,0.004858,0.000000,-0.004858,-0.007286,0.696697,0.923203,0.923203,0.609960,1.197784,1.197784,0.734004,1.168077,1.168077,0.792761,0.942280,0.942280,-0.007030,0.086938,-0.013128,0.003613,0.061050,-0.009209,-0.010643,0.025888,-0.003919,0.322005,-0.517435,0.760945,0.974917,12.684990,-20.383669,29.976444,-20.383669,32.754774,-48.169523,29.976444,-48.169523,70.838620,-0.000000,0.000000,116.278383,0.322005,-0.517435,0.760945,0.974917,9.218933,-14.814019,21.785655,-14.814019,23.804832,-35.007643,21.785655,-35.007643,51.482617,-0.000000,0.000000,84.506382,-0.017134,0.115067,0.077603,-0.016495,0.114699,0.073593,-0.000638,0.000368,0.004010,-0.024928,-0.273851,-0.196594,0.338031,0.571708,6.280494,4.508680,6.280494,68.994283,49.530043,4.508680,49.530043,35.556935,-0.000000,0.000000,105.122926,-0.024928,-0.273851,-0.196594,0.338031,0.604934,6.645499,4.770712,6.645499,73.004038,52.408592,4.770712,52.408592,37.623405,0.000000,0.000000,111.232378,0.001612,0.106952,0.072450,0.001591,0.106664,0.072231,0.000021,0.000288,0.000219,-0.002531,-0.024006,-0.003223,0.024353,1.054893,10.005109,1.343282,10.005109,94.893223,12.740330,1.343282,12.740330,1.710512,-0.000000,0.000000,97.658628,-0.002531,-0.024006,-0.003223,0.024353,1.059367,10.047539,1.348979,10.047539,95.295656,12.794361,1.348979,12.794361,1.717766,-0.000000,0.000000,98.072789,0.017562,0.102619,0.060923,0.016089,0.100935,0.055587,0.001472,0.001684,0.005336,-0.038307,-0.421824,-0.021096,0.424085,0.827778,9.115194,0.455855,9.115194,100.373297,5.019717,0.455855,5.019717,0.251038,-0.000000,0.000000,101.452113,-0.038307,-0.421824,-0.021096,0.424085,0.947352,10.431904,0.521705,10.431904,114.872446,5.744826,0.521705,5.744826,0.287302,-0.000000,0.000000,116.107100,0.032803,0.093822,0.062734,0.032257,0.093830,0.061795,0.000546,-0.000008,0.000939,-0.008805,-0.066166,-0.033521,0.074694,1.225865,9.211948,4.666969,9.211948,69.224604,35.070655,4.666969,35.070655,17.767539,-0.000000,0.000000,88.218008,-0.008805,-0.066166,-0.033521,0.074694,1.256780,9.444267,4.784666,9.444267,70.970403,35.955114,4.784666,35.955114,18.215624,-0.000000,0.000000,90.442808
2.6055,post_ramp,0.139,100.0000,4.158622,-1.374447,-1.374447,-0.001534,-0.145728,1.144350,-2.012583,1.003223,-2.699806,1.204175,-2.546408,1.302350,-1.822369,0.023981,0.054555,-0.000000,0.023981,0.023981,-0.013305,0.000000,0.007643,0.023981,-0.243188,0.023981,-0.094254,0.023981,1.544808,-0.778282,1.135906,0.001329,0.004858,0.000000,-0.004858,-0.007286,0.695765,0.923203,0.923203,0.609960,1.197784,1.197784,0.732138,1.168077,1.168077,0.791829,0.942280,0.942280,-0.007030,0.086938,-0.013128,0.003613,0.061050,-0.009209,-0.010643,0.025888,-0.003919,0.322005,-0.517435,0.760945,0.974917,12.684990,-20.383669,29.976444,-20.383669,32.754774,-48.169523,29.976444,-48.169523,70.838620,-0.000000,0.000000,116.278383,0.322005,-0.517435,0.760945,0.974917,9.218933,-14.814019,21.785655,-14.814019,23.804832,-35.007643,21.785655,-35.007643,51.482617,-0.000000,0.000000,84.506382,-0.017144,0.115071,0.077669,-0.016495,0.114699,0.073593,-0.000649,0.000372,0.004076,-0.025278,-0.278174,-0.200083,0.343588,0.568991,6.261518,4.503739,6.261518,68.905468,49.561821,4.503739,49.561821,35.648464,-0.000000,0.000000,105.122923,-0.025278,-0.278174,-0.200083,0.343588,0.602586,6.631220,4.769655,6.631220,72.973886,52.488123,4.769655,52.488123,37.753273,-0.000000,0.000000,111.329745,0.001612,0.106952,0.072450,0.001591,0.106664,0.072231,0.000021,0.000288,0.000219,-0.002531,-0.024006,-0.003223,0.024353,1.054893,10.005109,1.343282,10.005109,94.893223,12.740330,1.343282,12.740330,1.710512,-0.000000,0.000000,97.658628,-0.002531,-0.024006,-0.003223,0.024353,1.059367,10.047539,1.348979,10.047539,95.295656,12.794361,1.348979,12.794361,1.717766,-0.000000,0.000000,98.072789,0.017591,0.102651,0.061031,0.016089,0.100935,0.055587,0.001502,0.001716,0.005444,-0.039300,-0.430458,-0.022309,0.432823,0.836410,9.161361,0.474796,9.161361,100.346182,5.200531,0.474796,5.200531,0.269522,0.000000,0.000000,101.452114,-0.039300,-0.430458,-0.022309,0.432823,0.959570,10.510353,0.544709,10.510353,115.121953,5.966299,0.544709,5.966299,0.309209,-0.000000,0.000000,116.390731,0.032827,0.093830,0.062776,0.032257,0.093830,0.061795,0.000571,0.000000,0.000982,-0.009268,-0.069350,-0.035206,0.078324,1.235074,9.242139,4.691828,9.242139,69.159511,35.109249,4.691828,35.109249,17.823425,-0.000000,0.000000,88.218010,-0.009268,-0.069350,-0.035206,0.078324,1.267465,9.484520,4.814875,9.484520,70.973266,36.030012,4.814875,36.030012,18.290856,-0.000000,0.000000,90.531586
2.6237,post_ramp,0.139,100.0000,4.158622,-1.374447,-1.374447,-0.001534,-0.145728,1.144350,-2.012583,1.003223,-2.699806,1.201107,-2.546408,1.302350,-1.822369,0.023981,0.044040,-0.000000,0.023981,0.023981,-0.016977,0.000000,0.005015,0.023981,-0.233779,0.023981,-0.094828,0.023981,1.544808,-0.778282,1.135906,0.001329,0.004858,0.000000,-0.004858,-0.007286,0.695765,0.923203,0.923203,0.609960,1.197784,1.197784,0.730273,1.168077,1.168077,0.791829,0.942280,0.942280,-0.007030,0.086938,-0.013128,0.003613,0.061050,-0.009209,-0.010643,0.025888,-0.003919,0.322005,-0.517435,0.760945,0.974917,12.684990,-20.383669,29.976444,-20.383669,32.754774,-48.169523,29.976444,-48.169523,70.838620,-0.000000,0.000000,116.278383,0.322005,-0.517435,0.760945,0.974917,9.218933,-14.814019,21.785655,-14.814019,23.804832,-35.007643,21.785655,-35.007643,51.482617,-0.000000,0.000000,84.506382,-0.017144,0.115071,0.077669,-0.016495,0.114699,0.073593,-0.000649,0.000372,0.004076,-0.025278,-0.278174,-0.200083,0.343588,0.568991,6.261518,4.503739,6.261518,68.905468,49.561821,4.503739,49.561821,35.648464,-0.000000,0.000000,105.122923,-0.025278,-0.278174,-0.200083,0.343588,0.602586,6.631220,4.769655,6.631220,72.973886,52.488123,4.769655,52.488123,37.753273,-0.000000,0.000000,111.329745,0.001612,0.106952,0.072450,0.001591,0.106664,0.072231,0.000021,0.000288,0.000219,-0.002531,-0.024006,-0.003223,0.024353,1.054893,10.005109,1.343282,10.005109,94.893223,12.740330,1.343282,12.740330,1.710512,-0.000000,0.000000,97.658628,-0.002531,-0.024006,-0.003223,0.024353,1.059367,10.047539,1.348979,10.047539,95.295656,12.794361,1.348979,12.794361,1.717766,-0.000000,0.000000,98.072789,0.017621,0.102683,0.061139,0.016089,0.100935,0.055587,0.001532,0.001748,0.005552,-0.040301,-0.439091,-0.023554,0.441565,0.845084,9.207465,0.493905,9.207465,100.318371,5.381256,0.493905,5.381256,0.288660,-0.000000,0.000000,101.452115,-0.040301,-0.439091,-0.023554,0.441565,0.971880,10.588958,0.568011,10.588958,115.370190,6.188662,0.568011,6.188662,0.331971,-0.000000,0.000000,116.674041,0.032827,0.093830,0.062776,0.032257,0.093830,0.061795,0.000571,0.000000,0.000982,-0.009268,-0.069350,-0.035206,0.078325,1.235074,9.242139,4.691828,9.242139,69.159511,35.109249,4.691828,35.109249,17.823425,-0.000000,0.000000,88.218010,-0.009268,-0.069350,-0.035206,0.078325,1.267465,9.484521,4.814875,9.484521,70.973270,36.030014,4.814875,36.030014,18.290857,0.000000,0.000000,90.531592
2.6420,post_ramp,0.139,100.0000,4.158622,-1.374447,-1.374447,-0.001534,-0.145728,1.145884,-2.012583,1.003223,-2.699806,1.201107,-2.546408,1.300816,-1.822369,0.023981,0.035826,-0.000000,0.023981,0.023981,-0.013346,0.000000,0.005359,0.023981,-0.216607,0.023981,-0.095277,0.023981,1.544808,-0.778282,1.135906,0.001329,0.004858,0.000000,-0.004858,-0.007286,0.696697,0.923203,0.923203,0.609960,1.197784,1.197784,0.730273,1.168077,1.168077,0.790896,0.942280,0.942280,-0.007030,0.086938,-0.013128,0.003613,0.061050,-0.009209,-0.010643,0.025888,-0.003919,0.322005,-0.517435,0.760945,0.974917,12.684990,-20.383669,29.976444,-20.383669,32.754774,-48.169523,29.976444,-48.169523,70.838620,-0.000000,0.000000,116.278383,0.322005,-0.517435,0.760945,0.974917,9.218933,-14.814019,21.785655,-14.814019,23.804832,-35.007643,21.785655,-35.007643,51.482617,-0.000000,0.000000,84.506382,-0.017134,0.115067,0.077603,-0.016495,0.114699,0.073593,-0.000638,0.000368,0.004010,-0.024928,-0.273851,-0.196594,0.338031,0.571708,6.280494,4.508680,6.280494,68.994283,49.530043,4.508680,49.530043,35.556935,-0.000000,0.000000,105.122926,-0.024928,-0.273851,-0.196594,0.338031,0.604934,6.645499,4.770712,6.645499,73.004038,52.408592,4.770712,52.408592,37.623405,-0.000000,-0.000000,111.232377,0.001612,0.106952,0.072450,0.001591,0.106664,0.072231,0.000021,0.000288,0.000219,-0.002531,-0.024006,-0.003223,0.024353,1.054893,10.005109,1.343282,10.005109,94.893223,12.740330,1.343282,12.740330,1.710512,-0.000000,0.000000,97.658628,-0.002531,-0.024006,-0.003223,0.024353,1.059367,10.047539,1.348979,10.047539,95.295656,12.794361,1.348979,12.794361,1.717766,-0.000000,0.000000,98.072789,0.017621,0.102683,0.061139,0.016089,0.100935,0.055587,0.001532,0.001748,0.005552,-0.040301,-0.439091,-0.023554,0.441565,0.845084,9.207465,0.493905,9.207465,100.318371,5.381256,0.493905,5.381256,0.288660,-0.000000,0.000000,101.452115,-0.040301,-0.439091,-0.023554,0.441565,0.971880,10.588958,0.568011,10.588958,115.370193,6.188663,0.568011,6.188663,0.331971,-0.000000,0.000000,116.674044,0.032852,0.093838,0.062819,0.032257,0.093830,0.061795,0.000595,0.000008,0.001025,-0.009733,-0.072530,-0.036895,0.081955,1.244315,9.272277,4.716733,9.272277,69.094327,35.147731,4.716733,35.147731,17.879370,-0.000000,0.000000,88.218012,-0.009733,-0.072530,-0.036895,0.081955,1.278199,9.524772,4.845175,9.524772,70.975843,36.104843,4.845175,36.104843,18.366245,-0.000000,0.000000,90.620287
2.6600,post_ramp,0.139,100.0000,4.158622,-1.374447,-1.374447,-0.001534,-0.145728,1.153554,-2.012583,1.003223,-2.699806,1.198039,-2.546408,1.299282,-1.822369,0.023981,0.028570,-0.000000,0.023981,0.023981,0.078445,0.000000,0.016766,0.023981,-0.158369,0.023981,-0.084436,0.023981,1.544808,-0.778282,1.135906,0.001329,0.004858,0.000000,-0.004858,-0.007286,0.701361,0.923203,0.923203,0.609960,1.197784,1.197784,0.728408,1.168077,1.168077,0.789963,0.942280,0.942280,-0.007030,0.086938,-0.013128,0.003613,0.061050,-0.009209,-0.010643,0.025888,-0.003919,0.322005,-0.517435,0.760945,0.974917,12.684990,-20.383669,29.976444,-20.383669,32.754774,-48.169523,29.976444,-48.169523,70.838620,-0.000000,0.000000,116.278383,0.322005,-0.517435,0.760945,0.974917,9.218933,-14.814019,21.785655,-14.814019,23.804832,-35.007643,21.785655,-35.007643,51.482617,-0.000000,0.000000,84.506382,-0.017080,0.115046,0.077274,-0.016495,0.114699,0.073593,-0.000585,0.000347,0.003681,-0.023152,-0.252151,-0.179274,0.310251,0.585394,6.375597,4.532927,6.375597,69.437385,49.368646,4.532927,49.368646,35.100158,-0.000000,-0.000000,105.122937,-0.023152,-0.252151,-0.179274,0.310251,0.616697,6.716519,4.775316,6.716519,73.150404,52.008531,4.775316,52.008531,36.977066,-0.000000,0.000000,110.744167,0.001612,0.106952,0.072450,0.001591,0.106664,0.072231,0.000021,0.000288,0.000219,-0.002531,-0.024006,-0.003223,0.024353,1.054893,10.005109,1.343282,10.005109,94.893223,12.740330,1.343282,12.740330,1.710512,-0.000000,0.000000,97.658628,-0.002531,-0.024006,-0.003223,0.024353,1.059367,10.047539,1.348979,10.047539,95.295656,12.794361,1.348979,12.794361,1.717766,-0.000000,0.000000,98.072789,0.017651,0.102715,0.061247,0.016089,0.100935,0.055587,0.001562,0.001780,0.005660,-0.041310,-0.447723,-0.024830,0.450310,0.853799,9.253504,0.513182,9.253504,100.289865,5.561889,0.513182,5.561889,0.308452,0.000000,0.000000,101.452115,-0.041310,-0.447723,-0.024830,0.450310,0.984284,10.667716,0.591612,10.667716,115.617158,6.411912,0.591612,6.411912,0.355593,-0.000000,0.000000,116.957035,0.032876,0.093846,0.062862,0.032257,0.093830,0.061795,0.000619,0.000017,0.001067,-0.010202,-0.075707,-0.038590,0.085586,1.253588,9.302363,4.741683,9.302363,69.029054,35.186103,4.741683,35.186103,17.935373,-0.000000,0.000000,88.218015,-0.010202,-0.075707,-0.038590,0.085586,1.288983,9.565022,4.875568,9.565022,70.978133,36.179605,4.875568,36.179605,18.441790,-0.000000,-0.000000,90.708906
2.6790,post_ramp,0.139,100.0000,4.158622,-1.374447,-1.374447,-0.001534,-0.145728,1.156622,-2.012583,1.003223,-2.699806,1.198039,-2.546408,1.299282,-1.822369,0.023981,0.027326,-0.000000,0.023981,0.023981,0.129129,0.000000,0.012223,0.023981,-0.134947,0.023981,-0.076494,0.023981,1.544808,-0.778282,1.135906,0.001329,0.004858,0.000000,-0.004858,-0.007286,0.703226,0.923203,0.923203,0.609960,1.197784,1.197784,0.728408,1.168077,1.168077,0.789963,0.942280,0.942280,-0.007030,0.086938,-0.013128,0.003613,0.061050,-0.009209,-0.010643,0.025888,-0.003919,0.322005,-0.517435,0.760945,0.974917,12.684990,-20.383669,29.976444,-20.383669,32.754774,-48.169523,29.976444,-48.169523,70.838620,-0.000000,0.000000,116.278383,0.322005,-0.517435,0.760945,0.974917,9.218933,-14.814019,21.785655,-14.814019,23.804832,-35.007643,21.785655,-35.007643,51.482617,-0.000000,0.000000,84.506382,-0.017059,0.115036,0.077143,-0.016495,0.114699,0.073593,-0.000564,0.000337,0.003549,-0.022428,-0.243431,-0.172406,0.299142,0.590915,6.413741,4.542411,6.413741,69.614168,49.302918,4.542411,49.302918,34.917859,0.000000,0.000000,105.122942,-0.022428,-0.243431,-0.172406,0.299142,0.621412,6.744749,4.776841,6.744749,73.206893,51.847398,4.776841,51.847398,36.719939,0.000000,0.000000,110.548244,0.001612,0.106952,0.072450,0.001591,0.106664,0.072231,0.000021,0.000288,0.000219,-0.002531,-0.024006,-0.003223,0.024353,1.054893,10.005109,1.343282,10.005109,94.893223,12.740330,1.343282,12.740330,1.710512,-0.000000,0.000000,97.658628,-0.002531,-0.024006,-0.003223,0.024353,1.059367,10.047539,1.348979,10.047539,95.295656,12.794361,1.348979,12.794361,1.717766,-0.000000,0.000000,98.072789,0.017651,0.102715,0.061247,0.016089,0.100935,0.055587,0.001562,0.001780,0.005660,-0.041310,-0.447723,-0.024830,0.450309,0.853799,9.253504,0.513182,9.253504,100.289865,5.561889,0.513182,5.561889,0.308452,-0.000000,0.000000,101.452115,-0.041310,-0.447723,-0.024830,0.450309,0.984284,10.667716,0.591612,10.667716,115.617156,6.411912,0.591612,6.411912,0.355593,-0.000000,0.000000,116.957033,0.032876,0.093846,0.062862,0.032257,0.093830,0.061795,0.000619,0.000017,0.001067,-0.010202,-0.075707,-0.038590,0.085585,1.253588,9.302363,4.741683,9.302363,69.029054,35.186103,4.741683,35.186103,17.935373,-0.000000,0.000000,88.218015,-0.010202,-0.075707,-0.038590,0.085585,1.288983,9.565021,4.875568,9.565021,70.978129,36.179603,4.875568,36.179603,18.441789,-0.000000,0.000000,90.708902
2.6996,post_ramp,0.139,100.0000,4.158622,-1.372913,-1.374447,-0.001534,-0.145728,1.165825,-2.012583,1.003223,-2.699806,1.198039,-2.546408,1.297748,-1.822369,0.023981,0.025277,-0.000000,0.023981,0.023981,0.262349,0.000000,0.004735,0.023981,-0.064959,0.010323,-0.062853,0.023981,1.544808,-0.777414,1.135906,0.001329,0.004858,0.000000,-0.004858,-0.007286,0.708822,0.923203,0.923203,0.609960,1.197784,1.197784,0.728408,1.168077,1.168077,0.789031,0.942280,0.942280,-0.007040,0.086964,-0.013084,0.003613,0.061050,-0.009209,-0.010653,0.025914,-0.003875,0.321561,-0.517133,0.759162,0.973219,12.694772,-20.415651,29.970595,-20.415651,32.832318,-48.198517,29.970595,-48.198517,70.756414,-0.000000,0.000000,116.283504,0.321561,-0.517133,0.759162,0.973219,9.222356,-14.831334,21.772703,-14.831334,23.851655,-35.014720,21.772703,-35.014720,51.402328,-0.000000,-0.000000,84.476340,-0.016996,0.115008,0.076748,-0.016495,0.114699,0.073593,-0.000500,0.000309,0.003154,-0.020210,-0.217140,-0.152003,0.265825,0.607639,6.528522,4.570123,6.528522,70.142914,49.101736,4.570123,49.101736,34.372402,-0.000000,0.000000,105.122955,-0.020210,-0.217140,-0.152003,0.265825,0.635589,6.828815,4.780335,6.828815,73.369277,51.360268,4.780335,51.360268,35.953429,-0.000000,0.000000,109.958295,0.001612,0.106952,0.072450,0.001591,0.106664,0.072231,0.000021,0.000288,0.000219,-0.002531,-0.024006,-0.003223,0.024353,1.054893,10.005109,1.343282,10.005109,94.893223,12.740330,1.343282,12.740330,1.710512,-0.000000,0.000000,97.658628,-0.002531,-0.024006,-0.003223,0.024353,1.059367,10.047539,1.348979,10.047539,95.295656,12.794361,1.348979,12.794361,1.717766,-0.000000,0.000000,98.072789,0.017651,0.102715,0.061247,0.016089,0.100935,0.055587,0.001562,0.001780,0.005660,-0.041310,-0.447722,-0.024830,0.450309,0.853799,9.253504,0.513182,9.253504,100.289865,5.561889,0.513182,5.561889,0.308452,0.000000,0.000000,101.452115,-0.041310,-0.447722,-0.024830,0.450309,0.984284,10.667716,0.591612,10.667716,115.617153,6.411912,0.591612,6.411912,0.355593,-0.000000,0.000000,116.957030,0.032900,0.093854,0.062904,0.032257,0.093830,0.061795,0.000643,0.000025,0.001110,-0.010674,-0.078881,-0.040290,0.089216,1.262891,9.332397,4.766678,9.332397,68.963690,35.224363,4.766678,35.224363,17.991435,-0.000000,0.000000,88.218017,-0.010674,-0.078881,-0.040290,0.089216,1.299817,9.605268,4.906052,9.605268,70.980132,36.254295,4.906052,36.254295,18.517490,-0.000000,0.000000,90.797439
2.7175,post_ramp,0.139,100.0000,4.158622,-1.372913,-1.374447,-0.001534,-0.145728,1.164291,-2.012583,1.003223,-2.699806,1.198039,-2.546408,1.296214,-1.822369,0.023981,0.031424,-0.000000,0.023981,0.023981,0.272883,0.000000,0.003452,0.023981,-0.047355,0.012082,-0.060760,0.023981,1.544808,-0.777414,1.135906,0.001329,0.004858,0.000000,-0.004858,-0.007286,0.707889,0.923203,0.923203,0.609960,1.197784,1.197784,0.728408,1.168077,1.168077,0.788098,0.942280,0.942280,-0.007040,0.086964,-0.013084,0.003613,0.061050,-0.009209,-0.010653,0.025914,-0.003875,0.321561,-0.517133,0.759162,0.973219,12.694772,-20.415651,29.970595,-20.415651,32.832318,-48.198517,29.970595,-48.198517,70.756414,-0.000000,0.000000,116.283504,0.321561,-0.517133,0.759162,0.973219,9.222356,-14.831334,21.772703,-14.831334,23.851655,-35.014720,21.772703,-35.014720,51.402328,-0.000000,-0.000000,84.476340,-0.017006,0.115013,0.076813,-0.016495,0.114699,0.073593,-0.000511,0.000314,0.003220,-0.020585,-0.221535,-0.155382,0.271377,0.604835,6.509356,4.565582,6.509356,70.054958,49.135682,4.565582,49.135682,34.463160,-0.000000,0.000000,105.122953,-0.020585,-0.221535,-0.155382,0.271377,0.633223,6.814870,4.779865,6.814870,73.342953,51.441840,4.779865,51.441840,36.080671,-0.000000,0.000000,110.056847,0.001612,0.106952,0.072450,0.001591,0.106664,0.072231,0.000021,0.000288,0.000219,-0.002531,-0.024006,-0.003223,0.024353,1.054893,10.005109,1.343282,10.005109,94.893223,12.740330,1.343282,12.740330,1.710512,-0.000000,0.000000,97.658628,-0.002531,-0.024006,-0.003223,0.024353,1.059367,10.047539,1.348979,10.047539,95.295656,12.794361,1.348979,12.794361,1.717766,-0.000000,0.000000,98.072789,0.017651,0.102715,0.061247,0.016089,0.100935,0.055587,0.001562,0.001780,0.005660,-0.041310,-0.447723,-0.024830,0.450310,0.853799,9.253504,0.513182,9.253504,100.289865,5.561889,0.513182,5.561889,0.308452,0.000000,0.000000,101.452115,-0.041310,-0.447723,-0.024830,0.450310,0.984284,10.667716,0.591612,10.667716,115.617158,6.411912,0.591612,6.411912,0.355593,-0.000000,0.000000,116.957035,0.032924,0.093862,0.062947,0.032257,0.093830,0.061795,0.000667,0.000033,0.001153,-0.011150,-0.082054,-0.041996,0.092848,1.272226,9.362378,4.791718,9.362378,68.898237,35.262513,4.791718,35.262513,18.047556,-0.000000,0.000000,88.218019,-0.011150,-0.082054,-0.041996,0.092848,1.310701,9.645515,4.936630,9.645515,70.981864,36.328925,4.936630,36.328925,18.593352,-0.000000,0.000000,90.885916
2.7358,post_ramp,0.139,100.0000,4.158622,-1.368311,-1.374447,-0.001534,-0.145728,1.161223,-2.012583,1.003223,-2.699806,1.198039,-2.549476,1.294680,-1.822369,0.023981,0.091380,-0.000000,0.023981,0.023981,0.122207,0.000000,0.016028,0.023981,-0.011847,-0.008664,-0.054668,0.023981,1.544808,-0.774808,1.135906,0.001329,0.004858,0.000000,-0.004858,-0.007286,0.706024,0.923203,0.923203,0.609960,1.197784,1.197784,0.728408,1.169484,1.169484,0.787165,0.942280,0.942280,-0.007068,0.087041,-0.012951,0.003613,0.061050,-0.009209,-0.010681,0.025991,-0.003742,0.320230,-0.516218,0.753827,0.968134,12.724185,-20.511657,29.952900,-20.511657,33.065227,-48.284712,29.952900,-48.284712,70.509524,-0.000000,0.000000,116.298937,0.320230,-0.516218,0.753827,0.968134,9.232659,-14.883243,21.733802,-14.883243,23.992104,-35.035351,21.733802,-35.035351,51.161657,0.000000,0.000000,84.386421,-0.017027,0.115022,0.076945,-0.016495,0.114699,0.073593,-0.000532,0.000323,0.003352,-0.021328,-0.230310,-0.162166,0.282481,0.599247,6.471067,4.556406,6.471067,69.878843,49.203075,4.556406,49.203075,34.644858,-0.000000,-0.000000,105.122949,-0.021328,-0.230310,-0.162166,0.282481,0.628495,6.786900,4.778790,6.786900,73.289416,51.604526,4.778790,51.604526,36.335767,-0.000000,0.000000,110.253678,0.001612,0.106952,0.072450,0.001591,0.106664,0.072231,0.000021,0.000288,0.000219,-0.002531,-0.024006,-0.003223,0.024353,1.054893,10.005109,1.343282,10.005109,94.893223,12.740330,1.343282,12.740330,1.710512,-0.000000,0.000000,97.658628,-0.002531,-0.024006,-0.003223,0.024353,1.059367,10.047539,1.348979,10.047539,95.295656,12.794361,1.348979,12.794361,1.717766,-0.000000,0.000000,98.072789,0.017639,0.102641,0.061212,0.016089,0.100935,0.055587,0.001550,0.001706,0.005625,-0.040396,-0.441310,-0.023265,0.443765,0.839016,9.166004,0.483209,9.166004,100.135906,5.278921,0.483209,5.278921,0.278292,-0.000000,0.000000,101.253214,-0.040396,-0.441310,-0.023265,0.443765,0.967134,10.565652,0.556995,10.565652,115.426652,6.085012,0.556995,6.085012,0.320787,0.000000,0.000000,116.714573,0.032949,0.093870,0.062990,0.032257,0.093830,0.061795,0.000692,0.000041,0.001195,-0.011629,-0.085224,-0.043707,0.096481,1.281592,9.392305,4.816803,9.392305,68.832695,35.300550,4.816803,35.300550,18.103735,-0.000000,0.000000,88.218021,-0.011629,-0.085224,-0.043707,0.096481,1.321634,9.685760,4.967300,9.685760,70.983314,36.403486,4.967300,36.403486,18.669371,-0.000000,0.000000,90.974319
2.7540,post_ramp,0.139,100.0000,4.158622,-1.365243,-1.374447,-0.001534,-0.145728,1.158155,-2.012583,1.003223,-2.699806,1.199573,-2.554078,1.294680,-1.822369,0.023981,0.135465,-0.000000,0.023981,0.023981,0.015444,0.000000,0.019754,0.023981,0.004940,-0.059189,-0.051526,0.023981,1.544808,-0.773071,1.135906,0.001329,0.004858,0.000000,-0.004858,-0.007286,0.704159,0.923203,0.923203,0.609960,1.197784,1.197784,0.729340,1.171595,1.171595,0.787165,0.942280,0.942280,-0.007086,0.087092,-0.012863,0.003613,0.061050,-0.009209,-0.010700,0.026042,-0.003654,0.319344,-0.515600,0.750281,0.964752,12.743848,-20.575712,29.940979,-20.575712,33.220730,-48.341519,29.940979,-48.341519,70.344706,-0.000000,0.000000,116.309284,0.319344,-0.515600,0.750281,0.964752,9.239554,-14.917819,21.707832,-14.917819,24.085720,-35.048606,21.707832,-35.048606,51.001374,-0.000000,0.000000,84.326648,-0.017048,0.115032,0.077077,-0.016495,0.114699,0.073593,-0.000553,0.000333,0.003483,-0.022063,-0.239063,-0.168984,0.293588,0.593686,6.432835,4.547107,6.432835,69.702460,49.269803,4.547107,49.269803,34.826798,-0.000000,0.000000,105.122944,-0.022063,-0.239063,-0.168984,0.293588,0.623772,6.758825,4.777536,6.758825,73.234696,51.766596,4.777536,51.766596,36.591678,-0.000000,0.000000,110.450146,0.001612,0.106952,0.072450,0.001591,0.106664,0.072231,0.000021,0.000288,0.000219,-0.002531,-0.024006,-0.003223,0.024353,1.054893,10.005109,1.343282,10.005109,94.893223,12.740330,1.343282,12.740330,1.710512,-0.000000,0.000000,97.658628,-0.002531,-0.024006,-0.003223,0.024353,1.059367,10.047539,1.348979,10.047539,95.295656,12.794361,1.348979,12.794361,1.717766,-0.000000,0.000000,98.072789,0.017606,0.102514,0.061106,0.016089,0.100935,0.055587,0.001517,0.001579,0.005519,-0.038548,-0.427379,-0.020387,0.429598,0.812811,9.011540,0.429862,9.011540,99.909855,4.765832,0.429862,4.765832,0.227336,-0.000000,0.000000,100.950003,-0.038548,-0.427379,-0.020387,0.429598,0.935610,10.372991,0.494805,10.372991,115.004096,5.485847,0.494805,5.485847,0.261682,-0.000000,0.000000,116.201388,0.032949,0.093870,0.062990,0.032257,0.093830,0.061795,0.000692,0.000041,0.001195,-0.011629,-0.085224,-0.043707,0.096481,1.281592,9.392305,4.816803,9.392305,68.832695,35.300550,4.816803,35.300550,18.103735,-0.000000,0.000000,88.218021,-0.011629,-0.085224,-0.043707,0.096481,1.321634,9.685760,4.967300,9.685760,70.983312,36.403485,4.967300,36.403485,18.669370,-0.000000,0.000000,90.974316
2.7724,post_ramp,0.139,100.0000,4.158622,-1.363709,-1.374447,-0.001534,-0.145728,1.156622,-2.012583,1.003223,-2.699806,1.199573,-2.555612,1.293146,-1.822369,0.023981,0.146177,-0.000000,0.023981,0.023981,-0.014829,0.000000,0.020557,0.023981,0.008558,-0.082236,-0.046292,0.023981,1.544808,-0.772202,1.135906,0.001329,0.004858,0.000000,-0.004858,-0.007286,0.703226,0.923203,0.923203,0.609960,1.197784,1.197784,0.729340,1.172299,1.172299,0.786233,0.942280,0.942280,-0.007096,0.087117,-0.012819,0.003613,0.061050,-0.009209,-0.010709,0.026067,-0.003610,0.318901,-0.515289,0.748512,0.963063,12.753695,-20.607754,29.934981,-20.607754,33.298549,-48.369725,29.934981,-48.369725,70.262230,-0.000000,0.000000,116.314474,0.318901,-0.515289,0.748512,0.963063,9.243010,-14.935098,21.694836,-14.935098,24.132522,-35.055084,21.694836,-35.055084,50.921282,0.000000,0.000000,84.296813,-0.017059,0.115036,0.077143,-0.016495,0.114699,0.073593,-0.000564,0.000337,0.003549,-0.022428,-0.243431,-0.172406,0.299141,0.590915,6.413741,4.542411,6.413741,69.614168,49.302918,4.542411,49.302918,34.917859,0.000000,0.000000,105.122942,-0.022428,-0.243431,-0.172406,0.299141,0.621412,6.744749,4.776841,6.744749,73.206893,51.847397,4.776841,51.847397,36.719939,-0.000000,-0.000000,110.548244,0.001612,0.106952,0.072450,0.001591,0.106664,0.072231,0.000021,0.000288,0.000219,-0.002531,-0.024006,-0.003223,0.024353,1.054893,10.005109,1.343282,10.005109,94.893223,12.740330,1.343282,12.740330,1.710512,-0.000000,0.000000,97.658628,-0.002531,-0.024006,-0.003223,0.024353,1.059367,10.047539,1.348979,10.047539,95.295656,12.794361,1.348979,12.794361,1.717766,-0.000000,0.000000,98.072789,0.017600,0.102477,0.061089,0.016089,0.100935,0.055587,0.001511,0.001542,0.005502,-0.038104,-0.424169,-0.019653,0.426330,0.805580,8.967677,0.415494,8.967677,99.827759,4.625256,0.415494,4.625256,0.214299,0.000000,0.000000,100.847638,-0.038104,-0.424169,-0.019653,0.426330,0.927222,10.321794,0.478233,10.321794,114.901727,5.323669,0.478233,5.323669,0.246658,-0.000000,0.000000,116.075607,0.032973,0.093878,0.063033,0.032257,0.093830,0.061795,0.000716,0.000048,0.001238,-0.012111,-0.088391,-0.045423,0.100114,1.290988,9.422180,4.841933,9.422180,68.767063,35.338477,4.841933,35.338477,18.159972,-0.000000,0.000000,88.218024,-0.012111,-0.088391,-0.045423,0.100114,1.332617,9.726002,4.998063,9.726002,70.984481,36.477978,4.998063,36.477978,18.745546,0.000000,0.000000,91.062644
2.7903,post_ramp,0.139,100.0000,4.158622,-1.363709,-1.374447,-0.001534,-0.145728,1.153554,-2.012583,1.003223,-2.699806,1.204175,-2.563282,1.293146,-1.822369,0.023981,0.150432,-0.000000,0.023981,0.023981,-0.091092,0.000000,0.022161,0.023981,0.048130,-0.173954,-0.035838,0.023981,1.544808,-0.772202,1.135906,0.001329,0.004858,0.000000,-0.004858,-0.007286,0.701361,0.923203,0.923203,0.609960,1.197784,1.197784,0.732138,1.175817,1.175817,0.786233,0.942280,0.942280,-0.007096,0.087117,-0.012819,0.003613,0.061050,-0.009209,-0.010709,0.026067,-0.003610,0.318901,-0.515289,0.748512,0.963063,12.753695,-20.607754,29.934981,-20.607754,33.298549,-48.369725,29.934981,-48.369725,70.262230,-0.000000,0.000000,116.314474,0.318901,-0.515289,0.748512,0.963063,9.243010,-14.935098,21.694836,-14.935098,24.132522,-35.055084,21.694836,-35.055084,50.921282,0.000000,0.000000,84.296813,-0.017080,0.115046,0.077274,-0.016495,0.114699,0.073593,-0.000585,0.000347,0.003681,-0.023152,-0.252151,-0.179274,0.310251,0.585394,6.375597,4.532927,6.375597,69.437385,49.368646,4.532927,49.368646,35.100158,-0.000000,-0.000000,105.122937,-0.023152,-0.252151,-0.179274,0.310251,0.616697,6.716519,4.775316,6.716519,73.150404,52.008531,4.775316,52.008531,36.977066,-0.000000,0.000000,110.744167,0.001612,0.106952,0.072450,0.001591,0.106664,0.072231,0.000021,0.000288,0.000219,-0.002531,-0.024006,-0.003223,0.024353,1.054893,10.005109,1.343282,10.005109,94.893223,12.740330,1.343282,12.740330,1.710512,-0.000000,0.000000,97.658628,-0.002531,-0.024006,-0.003223,0.024353,1.059367,10.047539,1.348979,10.047539,95.295656,12.794361,1.348979,12.794361,1.717766,-0.000000,0.000000,98.072789,0.017526,0.102243,0.060842,0.016089,0.100935,0.055587,0.001437,0.001308,0.005255,-0.034501,-0.395272,-0.014535,0.397041,0.757526,8.678935,0.319145,8.678935,99.434136,3.656425,0.319145,3.656425,0.134455,-0.000000,0.000000,100.326117,-0.034501,-0.395272,-0.014535,0.397041,0.868345,9.948588,0.365833,9.948588,113.980491,4.191328,0.365833,4.191328,0.154125,-0.000000,0.000000,115.002961,0.032973,0.093878,0.063033,0.032257,0.093830,0.061795,0.000716,0.000048,0.001238,-0.012111,-0.088390,-0.045423,0.100113,1.290988,9.422180,4.841933,9.422180,68.767063,35.338477,4.841933,35.338477,18.159972,-0.000000,0.000000,88.218024,-0.012111,-0.088390,-0.045423,0.100113,1.332617,9.726001,4.998062,9.726001,70.984472,36.477973,4.998062,36.477973,18.745544,0.000000,0.000000,91.062632
2.8084,post_ramp,0.139,100.0000,4.158622,-1.363709,-1.374447,-0.001534,-0.145728,1.155088,-2.012583,1.003223,-2.699806,1.234855,-2.563282,1.291612,-1.822369,0.023981,0.078940,-0.000000,0.023981,0.023981,-0.100301,0.000000,0.018790,0.023981,0.390822,-0.209673,-0.024951,0.023981,1.544808,-0.772202,1.135906,0.001329,0.004858,0.000000,-0.004858,-0.007286,0.702293,0.923203,0.923203,0.609960,1.197784,1.197784,0.750792,1.175817,1.175817,0.785300,0.942280,0.942280,-0.007096,0.087117,-0.012819,0.003613,0.061050,-0.009209,-0.010709,0.026067,-0.003610,0.318901,-0.515289,0.748512,0.963063,12.753695,-20.607754,29.934981,-20.607754,33.298549,-48.369725,29.934981,-48.369725,70.262230,-0.000000,0.000000,116.314474,0.318901,-0.515289,0.748512,0.963063,9.243010,-14.935098,21.694836,-14.935098,24.132522,-35.055084,21.694836,-35.055084,50.921282,0.000000,0.000000,84.296813,-0.017070,0.115041,0.077208,-0.016495,0.114699,0.073593,-0.000574,0.000342,0.003615,-0.022791,-0.247794,-0.175836,0.304696,0.588151,6.394662,4.537684,6.394662,69.525809,49.335865,4.537684,49.335865,35.008979,-0.000000,0.000000,105.122939,-0.022791,-0.247794,-0.175836,0.304696,0.619054,6.730647,4.776101,6.730647,73.178796,51.928043,4.776101,51.928043,36.848401,-0.000000,0.000000,110.646251,0.001612,0.106952,0.072450,0.001591,0.106664,0.072231,0.000021,0.000288,0.000219,-0.002531,-0.024006,-0.003223,0.024353,1.054893,10.005109,1.343282,10.005109,94.893223,12.740330,1.343282,12.740330,1.710512,-0.000000,0.000000,97.658628,-0.002531,-0.024006,-0.003223,0.024353,1.059367,10.047539,1.348979,10.047539,95.295656,12.794361,1.348979,12.794361,1.717766,-0.000000,0.000000,98.072789,0.017231,0.101908,0.059772,0.016089,0.100935,0.055587,0.001142,0.000973,0.004186,-0.025552,-0.309838,-0.005783,0.310944,0.677462,8.214905,0.153336,8.214905,99.613932,1.859353,0.153336,1.859353,0.034706,-0.000000,0.000000,100.326100,-0.025552,-0.309838,-0.005783,0.310944,0.757138,9.181051,0.171370,9.181051,111.329424,2.078030,0.171370,2.078030,0.038788,-0.000000,0.000000,112.125350,0.032997,0.093886,0.063075,0.032257,0.093830,0.061795,0.000740,0.000056,0.001281,-0.012596,-0.091551,-0.047142,0.103743,1.300416,9.452002,4.867107,9.452002,68.701343,35.376291,4.867107,35.376291,18.216266,-0.000000,0.000000,88.218026,-0.012596,-0.091551,-0.047142,0.103743,1.343649,9.766234,5.028914,9.766234,70.985314,36.552373,5.028914,36.552373,18.821865,-0.000000,0.000000,91.150827
2.8266,post_ramp,0.139,100.0000,4.158622,-1.363709,-1.374447,-0.001534,-0.145728,1.155088,-2.012583,1.003223,-2.699806,1.256330,-2.561748,1.291612,-1.822369,0.023981,0.041952,-0.000000,0.023981,0.023981,-0.029264,0.000000,0.009986,0.023981,0.707545,-0.102381,-0.024496,0.023981,1.544808,-0.772202,1.135906,0.001329,0.004858,0.000000,-0.004858,-0.007286,0.702293,0.923203,0.923203,0.609960,1.197784,1.197784,0.763849,1.175114,1.175114,0.785300,0.942280,0.942280,-0.007096,0.087117,-0.012819,0.003613,0.061050,-0.009209,-0.010709,0.026067,-0.003610,0.318901,-0.515289,0.748512,0.963063,12.753695,-20.607754,29.934981,-20.607754,33.298549,-48.369725,29.934981,-48.369725,70.262230,-0.000000,0.000000,116.314474,0.318901,-0.515289,0.748512,0.963063,9.243010,-14.935098,21.694836,-14.935098,24.132522,-35.055084,21.694836,-35.055084,50.921282,0.000000,0.000000,84.296813,-0.017070,0.115041,0.077208,-0.016495,0.114699,0.073593,-0.000574,0.000342,0.003615,-0.022791,-0.247794,-0.175836,0.304696,0.588151,6.394662,4.537684,6.394662,69.525809,49.335865,4.537684,49.335865,35.008979,-0.000000,0.000000,105.122939,-0.022791,-0.247794,-0.175836,0.304696,0.619054,6.730647,4.776101,6.730647,73.178797,51.928043,4.776101,51.928043,36.848402,-0.000000,-0.000000,110.646252,0.001612,0.106952,0.072450,0.001591,0.106664,0.072231,0.000021,0.000288,0.000219,-0.002531,-0.024006,-0.003223,0.024353,1.054893,10.005109,1.343282,10.005109,94.893223,12.740330,1.343282,12.740330,1.710512,-0.000000,0.000000,97.658628,-0.002531,-0.024006,-0.003223,0.024353,1.059367,10.047539,1.348979,10.047539,95.295656,12.794361,1.348979,12.794361,1.717766,-0.000000,0.000000,98.072789,0.017031,0.101700,0.059043,0.016089,0.100935,0.055587,0.000941,0.000764,0.003456,-0.020120,-0.253173,-0.001866,0.253978,0.630260,7.930790,0.058445,7.930790,99.795999,0.735440,0.058445,0.735440,0.005420,-0.000000,0.000000,100.431679,-0.020120,-0.253173,-0.001866,0.253978,0.691738,8.704394,0.064146,8.704394,109.530526,0.807178,0.064146,0.807178,0.005948,0.000000,0.000000,110.228213,0.032997,0.093886,0.063075,0.032257,0.093830,0.061795,0.000740,0.000056,0.001281,-0.012595,-0.091548,-0.047140,0.103739,1.300416,9.452002,4.867107,9.452002,68.701343,35.376291,4.867107,35.376291,18.216266,-0.000000,-0.000000,88.218025,-0.012595,-0.091548,-0.047140,0.103739,1.343648,9.766229,5.028912,9.766229,70.985284,36.552358,5.028912,36.552358,18.821857,-0.000000,-0.000000,91.150789
2.8447,post_ramp,0.139,100.0000,4.158622,-1.363709,-1.374447,-0.001534,-0.145728,1.155088,-2.012583,1.003223,-2.699806,1.274738,-2.558680,1.291612,-1.822369,0.023981,0.022295,-0.000000,0.023981,0.023981,0.005354,0.000000,0.005307,0.023981,0.947205,0.002755,-0.016008,0.023981,1.544808,-0.772202,1.135906,0.001329,0.004858,0.000000,-0.004858,-0.007286,0.702293,0.923203,0.923203,0.609960,1.197784,1.197784,0.775041,1.173706,1.173706,0.785300,0.942280,0.942280,-0.007096,0.087117,-0.012819,0.003613,0.061050,-0.009209,-0.010709,0.026067,-0.003610,0.318901,-0.515289,0.748512,0.963063,12.753695,-20.607754,29.934981,-20.607754,33.298549,-48.369725,29.934981,-48.369725,70.262230,-0.000000,0.000000,116.314474,0.318901,-0.515289,0.748512,0.963063,9.243010,-14.935098,21.694836,-14.935098,24.132522,-35.055084,21.694836,-35.055084,50.921282,0.000000,0.000000,84.296813,-0.017070,0.115041,0.077208,-0.016495,0.114699,0.073593,-0.000574,0.000342,0.003615,-0.022791,-0.247794,-0.175836,0.304696,0.588151,6.394662,4.537684,6.394662,69.525809,49.335865,4.537684,49.335865,35.008979,-0.000000,0.000000,105.122939,-0.022791,-0.247794,-0.175836,0.304696,0.619054,6.730647,4.776101,6.730647,73.178797,51.928044,4.776101,51.928044,36.848402,-0.000000,0.000000,110.646252,0.001612,0.106952,0.072450,0.001591,0.106664,0.072231,0.000021,0.000288,0.000219,-0.002531,-0.024006,-0.003223,0.024353,1.054893,10.005109,1.343282,10.005109,94.893223,12.740330,1.343282,12.740330,1.710512,-0.000000,0.000000,97.658628,-0.002531,-0.024006,-0.003223,0.024353,1.059367,10.047539,1.348979,10.047539,95.295656,12.794361,1.348979,12.794361,1.717766,-0.000000,0.000000,98.072789,0.016865,0.101556,0.058438,0.016089,0.100935,0.055587,0.000776,0.000621,0.002851,-0.016083,-0.208012,0.000156,0.208633,0.598078,7.735206,-0.005799,7.735206,100.042784,-0.074997,-0.005799,-0.074997,0.000056,-0.000000,-0.000000,100.640919,-0.016083,-0.208012,0.000156,0.208633,0.646246,8.358181,-0.006266,8.358181,108.099983,-0.081037,-0.006266,-0.081037,0.000061,-0.000000,0.000000,108.746289,0.032997,0.093886,0.063075,0.032257,0.093830,0.061795,0.000740,0.000056,0.001281,-0.012595,-0.091545,-0.047139,0.103737,1.300416,9.452002,4.867107,9.452002,68.701343,35.376291,4.867107,35.376291,18.216266,0.000000,0.000000,88.218025,-0.012595,-0.091545,-0.047139,0.103737,1.343648,9.766226,5.028910,9.766226,70.985260,36.552345,5.028910,36.552345,18.821850,-0.000000,0.000000,91.150758
2.8629,post_ramp,0.139,100.0000,4.158622,-1.363709,-1.374447,-0.001534,-0.145728,1.155088,-2.012583,1.003223,-2.699806,1.287010,-2.555612,1.291612,-1.822369,0.023981,0.016405,-0.000000,0.023981,0.023981,0.003676,0.000000,0.002820,0.023981,0.996191,0.083259,-0.008507,0.023981,1.544808,-0.772202,1.135906,0.001329,0.004858,0.000000,-0.004858,-0.007286,0.702293,0.923203,0.923203,0.609960,1.197784,1.197784,0.782502,1.172299,1.172299,0.785300,0.942280,0.942280,-0.007096,0.087117,-0.012819,0.003613,0.061050,-0.009209,-0.010709,0.026067,-0.003610,0.318901,-0.515289,0.748512,0.963063,12.753695,-20.607754,29.934981,-20.607754,33.298549,-48.369725,29.934981,-48.369725,70.262230,-0.000000,0.000000,116.314474,0.318901,-0.515289,0.748512,0.963063,9.243010,-14.935098,21.694836,-14.935098,24.132522,-35.055084,21.694836,-35.055084,50.921282,0.000000,0.000000,84.296813,-0.017070,0.115041,0.077208,-0.016495,0.114699,0.073593,-0.000574,0.000342,0.003615,-0.022791,-0.247794,-0.175836,0.304696,0.588151,6.394662,4.537684,6.394662,69.525809,49.335865,4.537684,49.335865,35.008979,0.000000,0.000000,105.122939,-0.022791,-0.247794,-0.175836,0.304696,0.619054,6.730647,4.776101,6.730647,73.178797,51.928044,4.776101,51.928044,36.848402,-0.000000,-0.000000,110.646253,0.001612,0.106952,0.072450,0.001591,0.106664,0.072231,0.000021,0.000288,0.000219,-0.002531,-0.024006,-0.003223,0.024353,1.054893,10.005109,1.343282,10.005109,94.893223,12.740330,1.343282,12.740330,1.710512,-0.000000,0.000000,97.658628,-0.002531,-0.024006,-0.003223,0.024353,1.059367,10.047539,1.348979,10.047539,95.295656,12.794361,1.348979,12.794361,1.717766,-0.000000,0.000000,98.072789,0.016759,0.101482,0.058045,0.016089,0.100935,0.055587,0.000670,0.000546,0.002458,-0.013688,-0.179806,0.000944,0.180328,0.581065,7.632809,-0.040089,7.632809,100.263749,-0.526603,-0.040089,-0.526603,0.002766,-0.000000,0.000000,100.847580,-0.013688,-0.179806,0.000944,0.180328,0.621369,8.162235,-0.042870,8.162235,107.218229,-0.563130,-0.042870,-0.563130,0.002958,0.000000,0.000000,107.842556,0.032997,0.093886,0.063075,0.032257,0.093830,0.061795,0.000740,0.000056,0.001281,-0.012595,-0.091544,-0.047139,0.103735,1.300416,9.452002,4.867107,9.452002,68.701343,35.376291,4.867107,35.376291,18.216266,0.000000,0.000000,88.218025,-0.012595,-0.091544,-0.047139,0.103735,1.343647,9.766224,5.028909,9.766224,70.985244,36.552337,5.028909,36.552337,18.821846,-0.000000,-0.000000,91.150738
2.8811,post_ramp,0.139,100.0000,4.158622,-1.362175,-1.374447,-0.001534,-0.145728,1.158155,-2.012583,1.003223,-2.699806,1.291612,-2.555612,1.291612,-1.822369,0.023981,0.028202,-0.000000,0.023981,0.023981,0.010851,0.000000,0.001499,0.023981,0.863406,0.114006,-0.004521,0.023981,1.544808,-0.771333,1.135906,0.001329,0.004858,0.000000,-0.004858,-0.007286,0.704159,0.923203,0.923203,0.609960,1.197784,1.197784,0.785300,1.172299,1.172299,0.785300,0.942280,0.942280,-0.007105,0.087143,-0.012775,0.003613,0.061050,-0.009209,-0.010718,0.026093,-0.003566,0.318458,-0.514975,0.746745,0.961376,12.763553,-20.639807,29.928957,-20.639807,33.376413,-48.397800,29.928957,-48.397800,70.179710,-0.000000,0.000000,116.319677,0.318458,-0.514975,0.746745,0.961376,9.246471,-14.952370,21.681833,-14.952370,24.179320,-35.061463,21.681833,-35.061463,50.841222,-0.000000,0.000000,84.267013,-0.017048,0.115032,0.077077,-0.016495,0.114699,0.073593,-0.000553,0.000333,0.003483,-0.022063,-0.239064,-0.168984,0.293588,0.593686,6.432835,4.547107,6.432835,69.702460,49.269803,4.547107,49.269803,34.826798,-0.000000,0.000000,105.122944,-0.022063,-0.239064,-0.168984,0.293588,0.623772,6.758825,4.777536,6.758825,73.234697,51.766597,4.777536,51.766597,36.591679,-0.000000,0.000000,110.450148,0.001612,0.106952,0.072450,0.001591,0.106664,0.072231,0.000021,0.000288,0.000219,-0.002531,-0.024006,-0.003223,0.024353,1.054893,10.005109,1.343282,10.005109,94.893223,12.740330,1.343282,12.740330,1.710512,-0.000000,0.000000,97.658628,-0.002531,-0.024006,-0.003223,0.024353,1.059367,10.047539,1.348979,10.047539,95.295656,12.794361,1.348979,12.794361,1.717766,-0.000000,0.000000,98.072789,0.016715,0.101425,0.057886,0.016089,0.100935,0.055587,0.000625,0.000489,0.002299,-0.012593,-0.166992,0.001330,0.167472,0.570211,7.561456,-0.060213,7.561456,100.271006,-0.798477,-0.060213,-0.798477,0.006358,-0.000000,0.000000,100.847575,-0.012593,-0.166992,0.001330,0.167472,0.607274,8.052948,-0.064127,8.052948,106.788579,-0.850378,-0.064127,-0.850378,0.006772,-0.000000,0.000000,107.402625,0.032997,0.093886,0.063075,0.032257,0.093830,0.061795,0.000740,0.000056,0.001281,-0.012595,-0.091543,-0.047138,0.103734,1.300416,9.452002,4.867107,9.452002,68.701343,35.376291,4.867107,35.376291,18.216266,0.000000,0.000000,88.218025,-0.012595,-0.091543,-0.047138,0.103734,1.343647,9.766223,5.028908,9.766223,70.985235,36.552332,5.028908,36.552332,18.821844,-0.000000,-0.000000,91.150725
2.9002,post_ramp,0.139,100.0000,4.158622,-1.359107,-1.374447,-0.001534,-0.145728,1.165825,-2.012583,1.003223,-2.699806,1.293146,-2.555612,1.296214,-1.822369,0.023981,0.058142,-0.000000,0.023981,0.023981,0.092878,0.000000,0.010617,0.023981,0.633189,0.086231,0.028376,0.023981,1.544808,-0.769596,1.135906,0.001329,0.004858,0.000000,-0.004858,-0.007286,0.708822,0.923203,0.923203,0.609960,1.197784,1.197784,0.786233,1.172299,1.172299,0.788098,0.942280,0.942280,-0.007124,0.087193,-0.012686,0.003613,0.061050,-0.009209,-0.010737,0.026143,-0.003477,0.317573,-0.514344,0.743218,0.958006,12.783302,-20.703942,29.916834,-20.703942,33.532276,-48.453553,29.916834,-48.453553,70.014538,-0.000000,-0.000000,116.330116,0.317573,-0.514344,0.743218,0.958006,9.253408,-14.986897,21.655805,-14.986897,24.272903,-35.073921,21.655805,-35.073921,50.681203,-0.000000,-0.000000,84.207515,-0.016996,0.115008,0.076748,-0.016495,0.114699,0.073593,-0.000500,0.000309,0.003154,-0.020210,-0.217140,-0.152003,0.265825,0.607639,6.528522,4.570123,6.528522,70.142914,49.101736,4.570123,49.101736,34.372402,-0.000000,-0.000000,105.122955,-0.020210,-0.217140,-0.152003,0.265825,0.635589,6.828815,4.780336,6.828815,73.369278,51.360269,4.780336,51.360269,35.953430,-0.000000,0.000000,109.958297,0.001612,0.106952,0.072450,0.001591,0.106664,0.072231,0.000021,0.000288,0.000219,-0.002531,-0.024006,-0.003223,0.024353,1.054893,10.005109,1.343282,10.005109,94.893223,12.740330,1.343282,12.740330,1.710512,-0.000000,0.000000,97.658628,-0.002531,-0.024006,-0.003223,0.024353,1.059367,10.047539,1.348979,10.047539,95.295656,12.794361,1.348979,12.794361,1.717766,-0.000000,0.000000,98.072789,0.016700,0.101406,0.057833,0.016089,0.100935,0.055587,0.000611,0.000470,0.002246,-0.012232,-0.162722,0.001443,0.163187,0.566615,7.537651,-0.066835,7.537651,100.273075,-0.889105,-0.066835,-0.889105,0.007884,-0.000000,0.000000,100.847573,-0.012232,-0.162722,0.001443,0.163187,0.602619,8.016623,-0.071082,8.016623,106.644823,-0.945602,-0.071082,-0.945602,0.008384,0.000000,0.000000,107.255827,0.032924,0.093862,0.062947,0.032257,0.093830,0.061795,0.000667,0.000033,0.001153,-0.011148,-0.082040,-0.041988,0.092832,1.272226,9.362377,4.791718,9.362377,68.898237,35.262512,4.791718,35.262512,18.047556,0.000000,0.000000,88.218018,-0.011148,-0.082040,-0.041988,0.092832,1.310698,9.645496,4.936620,9.645496,70.981719,36.328850,4.936620,36.328850,18.593314,-0.000000,0.000000,90.885730
2.9205,post_ramp,0.139,100.0000,4.158622,-1.354505,-1.374447,-0.001534,-0.145728,1.175029,-2.012583,1.003223,-2.699806,1.291612,-2.554078,1.302350,-1.822369,0.023981,0.111771,-0.000000,0.023981,0.023981,0.232036,0.000000,0.014481,0.023981,0.374408,0.059461,0.122916,0.023981,1.544808,-0.766990,1.135906,0.001329,0.004858,0.000000,-0.004858,-0.007286,0.714418,0.923203,0.923203,0.609960,1.197784,1.197784,0.785300,1.171595,1.171595,0.791829,0.942280,0.942280,-0.007152,0.087269,-0.012553,0.003613,0.061050,-0.009209,-0.010765,0.026219,-0.003344,0.316247,-0.513385,0.737945,0.952963,12.813006,-20.800219,29.898460,-20.800219,33.766402,-48.536193,29.898460,-48.536193,69.766452,-0.000000,0.000000,116.345860,0.316247,-0.513385,0.737945,0.952963,9.263854,-15.038641,21.616707,-15.038641,24.413244,-35.091862,21.616707,-35.091862,50.441424,-0.000000,0.000000,84.118523,-0.016932,0.114977,0.076353,-0.016495,0.114699,0.073593,-0.000437,0.000278,0.002759,-0.017924,-0.190650,-0.131907,0.232526,0.624604,6.643817,4.596721,6.643817,70.669204,48.894579,4.596721,48.894579,33.829161,-0.000000,-0.000000,105.122969,-0.017924,-0.190650,-0.131907,0.232526,0.649810,6.911921,4.782217,6.911921,73.520983,50.867667,4.782217,50.867667,35.194300,-0.000000,0.000000,109.365092,0.001612,0.106952,0.072450,0.001591,0.106664,0.072231,0.000021,0.000288,0.000219,-0.002531,-0.024006,-0.003223,0.024353,1.054893,10.005109,1.343282,10.005109,94.893223,12.740330,1.343282,12.740330,1.710512,-0.000000,0.000000,97.658628,-0.002531,-0.024006,-0.003223,0.024353,1.059367,10.047539,1.348979,10.047539,95.295656,12.794361,1.348979,12.794361,1.717766,-0.000000,0.000000,98.072789,0.016720,0.101463,0.057901,0.016089,0.100935,0.055587,0.000631,0.000527,0.002314,-0.012876,-0.169936,0.001122,0.170427,0.576242,7.605069,-0.050191,7.605069,100.369327,-0.662400,-0.050191,-0.662400,0.004372,-0.000000,0.000000,100.949941,-0.012876,-0.169936,0.001122,0.170427,0.613835,8.101202,-0.053465,8.101202,106.917143,-0.705613,-0.053465,-0.705613,0.004657,-0.000000,0.000000,107.535634,0.032827,0.093830,0.062776,0.032257,0.093830,0.061795,0.000571,0.000000,0.000982,-0.009265,-0.069334,-0.035198,0.078306,1.235074,9.242139,4.691828,9.242139,69.159510,35.109248,4.691828,35.109248,17.823424,-0.000000,0.000000,88.218009,-0.009265,-0.069334,-0.035198,0.078306,1.267462,9.484498,4.814864,9.484498,70.973101,36.029929,4.814864,36.029929,18.290814,-0.000000,-0.000000,90.531377
2.9387,post_ramp,0.139,100.0000,4.158622,-1.352971,-1.374447,-0.001534,-0.145728,1.178097,-2.012583,1.003223,-2.699806,1.288544,-2.552544,1.308486,-1.822369,0.023981,0.146151,-0.000000,0.023981,0.023981,0.326711,0.000000,0.007696,0.023981,0.171420,0.056471,0.230880,0.023981,1.544808,-0.766122,1.135906,0.001329,0.004858,0.000000,-0.004858,-0.007286,0.716283,0.923203,0.923203,0.609960,1.197784,1.197784,0.783435,1.170892,1.170892,0.795559,0.942280,0.942280,-0.007161,0.087294,-0.012509,0.003613,0.061050,-0.009209,-0.010774,0.026244,-0.003300,0.315805,-0.513062,0.736191,0.951285,12.822928,-20.832331,29.892285,-20.832331,33.844532,-48.563476,29.892285,-48.563476,69.683670,-0.000000,0.000000,116.351130,0.315805,-0.513062,0.736191,0.951285,9.267347,-15.055877,21.603659,-15.055877,24.460015,-35.097644,21.603659,-35.097644,50.361565,-0.000000,0.000000,84.088927,-0.016911,0.114966,0.076221,-0.016495,0.114699,0.073593,-0.000416,0.000267,0.002628,-0.017146,-0.181777,-0.125277,0.221430,0.630313,6.682360,4.605338,6.682360,70.844076,48.824203,4.605338,48.824203,33.648584,-0.000000,0.000000,105.122973,-0.017146,-0.181777,-0.125277,0.221430,0.654559,6.939404,4.782487,6.939404,73.569167,50.702277,4.782487,50.702277,34.942911,-0.000000,0.000000,109.166637,0.001612,0.106952,0.072450,0.001591,0.106664,0.072231,0.000021,0.000288,0.000219,-0.002531,-0.024006,-0.003223,0.024353,1.054893,10.005109,1.343282,10.005109,94.893223,12.740330,1.343282,12.740330,1.710512,-0.000000,0.000000,97.658628,-0.002531,-0.024006,-0.003223,0.024353,1.059367,10.047539,1.348979,10.047539,95.295656,12.794361,1.348979,12.794361,1.717766,-0.000000,0.000000,98.072789,0.016755,0.101539,0.058022,0.016089,0.100935,0.055587,0.000666,0.000603,0.002436,-0.013900,-0.181443,0.000622,0.181976,0.589612,7.696291,-0.026388,7.696291,100.460871,-0.344442,-0.026388,-0.344442,0.001181,-0.000000,0.000000,101.051664,-0.013900,-0.181443,0.000622,0.181976,0.629924,8.222493,-0.028192,8.222493,107.329466,-0.367992,-0.028192,-0.367992,0.001262,-0.000000,0.000000,107.960652,0.032731,0.093797,0.062605,0.032257,0.093830,0.061795,0.000474,-0.000033,0.000811,-0.007435,-0.056588,-0.028493,0.063791,1.198424,9.121062,4.592661,9.121062,69.419340,34.954209,4.592661,34.954209,17.600236,-0.000000,-0.000000,88.217999,-0.007435,-0.056588,-0.028493,0.063791,1.225021,9.323489,4.694588,9.323489,70.959990,35.729961,4.694588,35.729961,17.990844,-0.000000,0.000000,90.175855
2.9569,post_ramp,0.139,100.0000,4.158622,-1.354505,-1.374447,-0.001534,-0.145728,1.176563,-2.012583,1.003223,-2.699806,1.285476,-2.552544,1.308486,-1.822369,0.023981,0.121815,-0.000000,0.023981,0.023981,0.276143,0.000000,0.004090,0.023981,0.040247,0.066710,0.257327,0.023981,1.544808,-0.766990,1.135906,0.001329,0.004858,0.000000,-0.004858,-0.007286,0.715350,0.923203,0.923203,0.609960,1.197784,1.197784,0.781569,1.170892,1.170892,0.795559,0.942280,0.942280,-0.007152,0.087269,-0.012553,0.003613,0.061050,-0.009209,-0.010765,0.026219,-0.003344,0.316247,-0.513385,0.737945,0.952963,12.813006,-20.800219,29.898460,-20.800219,33.766402,-48.536193,29.898460,-48.536193,69.766452,-0.000000,0.000000,116.345860,0.316247,-0.513385,0.737945,0.952963,9.263854,-15.038641,21.616707,-15.038641,24.413244,-35.091862,21.616707,-35.091862,50.441424,-0.000000,0.000000,84.118523,-0.016922,0.114972,0.076287,-0.016495,0.114699,0.073593,-0.000426,0.000273,0.002694,-0.017536,-0.186217,-0.128588,0.226978,0.627455,6.663081,4.601045,6.663081,70.756675,48.859474,4.601045,48.859474,33.738840,-0.000000,0.000000,105.122971,-0.017536,-0.186217,-0.128588,0.226978,0.652184,6.925676,4.782374,6.925676,73.545225,50.785045,4.782374,50.785045,35.068502,-0.000000,0.000000,109.265910,0.001612,0.106952,0.072450,0.001591,0.106664,0.072231,0.000021,0.000288,0.000219,-0.002531,-0.024006,-0.003223,0.024353,1.054893,10.005109,1.343282,10.005109,94.893223,12.740330,1.343282,12.740330,1.710512,-0.000000,0.000000,97.658628,-0.002531,-0.024006,-0.003223,0.024353,1.059367,10.047539,1.348979,10.047539,95.295656,12.794361,1.348979,12.794361,1.717766,-0.000000,0.000000,98.072789,0.016784,0.101577,0.058128,0.016089,0.100935,0.055587,0.000695,0.000641,0.002542,-0.014647,-0.190007,0.000308,0.190571,0.596961,7.743858,-0.012554,7.743858,100.454442,-0.162850,-0.012554,-0.162850,0.000264,-0.000000,0.000000,101.051667,-0.014647,-0.190007,0.000308,0.190571,0.639504,8.295736,-0.013448,8.295736,107.613472,-0.174456,-0.013448,-0.174456,0.000283,-0.000000,0.000000,108.253258,0.032731,0.093797,0.062605,0.032257,0.093830,0.061795,0.000474,-0.000033,0.000811,-0.007435,-0.056588,-0.028494,0.063792,1.198424,9.121062,4.592661,9.121062,69.419340,34.954209,4.592661,34.954209,17.600236,-0.000000,0.000000,88.217999,-0.007435,-0.056588,-0.028494,0.063792,1.225021,9.323490,4.694588,9.323490,70.959996,35.729964,4.694588,35.729964,17.990846,-0.000000,-0.000000,90.175863
2.9758,post_ramp,0.139,100.0000,4.158622,-1.354505,-1.374447,-0.001534,-0.145728,1.175029,-2.012583,1.003223,-2.699806,1.282408,-2.551010,1.306952,-1.822369,0.023981,0.067727,-0.000000,0.023981,0.023981,0.139122,0.000000,0.002173,0.023981,-0.048428,0.071104,0.184480,0.023981,1.544808,-0.766990,1.135906,0.001329,0.004858,0.000000,-0.004858,-0.007286,0.714418,0.923203,0.923203,0.609960,1.197784,1.197784,0.779704,1.170188,1.170188,0.794627,0.942280,0.942280,-0.007152,0.087269,-0.012553,0.003613,0.061050,-0.009209,-0.010765,0.026219,-0.003344,0.316247,-0.513385,0.737945,0.952963,12.813006,-20.800219,29.898460,-20.800219,33.766402,-48.536193,29.898460,-48.536193,69.766452,-0.000000,0.000000,116.345860,0.316247,-0.513385,0.737945,0.952963,9.263854,-15.038641,21.616707,-15.038641,24.413244,-35.091862,21.616707,-35.091862,50.441424,-0.000000,0.000000,84.118523,-0.016932,0.114977,0.076353,-0.016495,0.114699,0.073593,-0.000437,0.000278,0.002759,-0.017924,-0.190650,-0.131907,0.232526,0.624604,6.643817,4.596721,6.643817,70.669204,48.894579,4.596721,48.894579,33.829161,-0.000000,0.000000,105.122969,-0.017924,-0.190650,-0.131907,0.232526,0.649810,6.911921,4.782217,6.911921,73.520983,50.867667,4.782217,50.867667,35.194300,-0.000000,0.000000,109.365092,0.001612,0.106952,0.072450,0.001591,0.106664,0.072231,0.000021,0.000288,0.000219,-0.002531,-0.024006,-0.003223,0.024353,1.054893,10.005109,1.343282,10.005109,94.893223,12.740330,1.343282,12.740330,1.710512,-0.000000,0.000000,97.658628,-0.002531,-0.024006,-0.003223,0.024353,1.059367,10.047539,1.348979,10.047539,95.295656,12.794361,1.348979,12.794361,1.717766,-0.000000,0.000000,98.072789,0.016819,0.101652,0.058250,0.016089,0.100935,0.055587,0.000730,0.000717,0.002663,-0.015707,-0.201551,-0.000312,0.202163,0.610569,7.835035,0.012146,7.835035,100.541931,0.155867,0.012146,0.155867,0.000242,-0.000000,0.000000,101.152742,-0.015707,-0.201551,-0.000312,0.202163,0.655981,8.417776,0.013050,8.417776,108.019868,0.167460,0.013050,0.167460,0.000260,-0.000000,0.000000,108.676109,0.032755,0.093805,0.062648,0.032257,0.093830,0.061795,0.000498,-0.000024,0.000854,-0.007888,-0.059779,-0.030162,0.067421,1.207539,9.151409,4.617385,9.151409,69.354519,34.993135,4.617385,34.993135,17.655944,-0.000000,0.000000,88.218002,-0.007888,-0.059779,-0.030162,0.067421,1.235557,9.363743,4.724519,9.363743,70.963704,35.805057,4.724519,35.805057,18.065603,-0.000000,0.000000,90.264863
2.9966,post_ramp,0.139,100.0000,4.158622,-1.354505,-1.374447,-0.001534,-0.145728,1.171961,-2.012583,1.003223,-2.699806,1.279340,-2.549476,1.305418,-1.822369,0.023981,0.033653,-0.000000,0.023981,0.023981,0.023907,0.000000,0.001155,0.023981,-0.098262,0.079744,0.082839,0.023981,1.544808,-0.766990,1.135906,0.001329,0.004858,0.000000,-0.004858,-0.007286,0.712552,0.923203,0.923203,0.609960,1.197784,1.197784,0.777839,1.169484,1.169484,0.793694,0.942280,0.942280,-0.007152,0.087269,-0.012553,0.003613,0.061050,-0.009209,-0.010765,0.026219,-0.003344,0.316247,-0.513385,0.737945,0.952963,12.813006,-20.800219,29.898460,-20.800219,33.766402,-48.536193,29.898460,-48.536193,69.766452,-0.000000,0.000000,116.345860,0.316247,-0.513385,0.737945,0.952963,9.263854,-15.038641,21.616707,-15.038641,24.413244,-35.091862,21.616707,-35.091862,50.441424,-0.000000,0.000000,84.118523,-0.016953,0.114988,0.076484,-0.016495,0.114699,0.073593,-0.000458,0.000289,0.002891,-0.018693,-0.199502,-0.138572,0.243624,0.618923,6.605329,4.587979,6.605329,70.494051,48.964293,4.587979,48.964293,34.009991,-0.000000,0.000000,105.122964,-0.018693,-0.199502,-0.138572,0.243624,0.645065,6.884327,4.781768,6.884327,73.471605,51.032466,4.781768,51.032466,35.446518,-0.000000,0.000000,109.563188,0.001612,0.106952,0.072450,0.001591,0.106664,0.072231,0.000021,0.000288,0.000219,-0.002531,-0.024006,-0.003223,0.024353,1.054893,10.005109,1.343282,10.005109,94.893223,12.740330,1.343282,12.740330,1.710512,-0.000000,0.000000,97.658628,-0.002531,-0.024006,-0.003223,0.024353,1.059367,10.047539,1.348979,10.047539,95.295656,12.794361,1.348979,12.794361,1.717766,-0.000000,0.000000,98.072789,0.016854,0.101727,0.058372,0.016089,0.100935,0.055587,0.000765,0.000792,0.002785,-0.016787,-0.213118,-0.001006,0.213781,0.624332,7.926187,0.037428,7.926187,100.626592,0.475160,0.037428,0.475160,0.002244,-0.000000,0.000000,101.253169,-0.016787,-0.213118,-0.001006,0.213781,0.672700,8.540232,0.040327,8.540232,108.422164,0.511970,0.040327,0.511970,0.002418,-0.000000,0.000000,109.097281,0.032779,0.093814,0.062691,0.032257,0.093830,0.061795,0.000522,-0.000016,0.000896,-0.008344,-0.062968,-0.031836,0.071050,1.216686,9.181705,4.642154,9.181705,69.289607,35.031950,4.642154,35.031950,17.711712,-0.000000,0.000000,88.218004,-0.008344,-0.062968,-0.031836,0.071050,1.246143,9.403997,4.754542,9.403997,70.967132,35.880086,4.754542,35.880086,18.140518,0.000000,0.000000,90.353792
3.0180,post_ramp,0.139,100.0000,4.158622,-1.354505,-1.374447,-0.001534,-0.145728,1.168893,-2.012583,1.003223,-2.699806,1.277806,-2.547942,1.303884,-1.822369,0.023981,0.031816,-0.000000,0.023981,0.023981,-0.007974,0.000000,0.000936,0.023981,-0.111487,0.082818,0.051032,0.023981,1.544808,-0.766990,1.135906,0.001329,0.004858,0.000000,-0.004858,-0.007286,0.710687,0.923203,0.923203,0.609960,1.197784,1.197784,0.776906,1.168781,1.168781,0.792761,0.942280,0.942280,-0.007152,0.087269,-0.012553,0.003613,0.061050,-0.009209,-0.010765,0.026219,-0.003344,0.316247,-0.513385,0.737945,0.952963,12.813006,-20.800219,29.898460,-20.800219,33.766402,-48.536193,29.898460,-48.536193,69.766452,-0.000000,0.000000,116.345860,0.316247,-0.513385,0.737945,0.952963,9.263854,-15.038641,21.616707,-15.038641,24.413244,-35.091862,21.616707,-35.091862,50.441424,-0.000000,0.000000,84.118523,-0.016974,0.114998,0.076616,-0.016495,0.114699,0.073593,-0.000479,0.000299,0.003023,-0.019456,-0.208332,-0.145270,0.254724,0.613268,6.566897,4.579114,6.566897,70.318620,49.033346,4.579114,49.033346,34.191072,-0.000000,0.000000,105.122960,-0.019456,-0.208332,-0.145270,0.254724,0.640325,6.856625,4.781141,6.856625,73.421036,51.196668,4.781141,51.196668,35.699562,-0.000000,0.000000,109.760923,0.001612,0.106952,0.072450,0.001591,0.106664,0.072231,0.000021,0.000288,0.000219,-0.002531,-0.024006,-0.003223,0.024353,1.054893,10.005109,1.343282,10.005109,94.893223,12.740330,1.343282,12.740330,1.710512,-0.000000,0.000000,97.658628,-0.002531,-0.024006,-0.003223,0.024353,1.059367,10.047539,1.348979,10.047539,95.295656,12.794361,1.348979,12.794361,1.717766,-0.000000,0.000000,98.072789,0.016875,0.101784,0.058441,0.016089,0.100935,0.055587,0.000785,0.000848,0.002854,-0.017494,-0.220406,-0.001541,0.221105,0.634446,7.993582,0.055876,7.993582,100.713579,0.703997,0.055876,0.703997,0.004921,-0.000000,0.000000,101.352946,-0.017494,-0.220406,-0.001541,0.221105,0.684639,8.625979,0.060296,8.625979,108.681342,0.759692,0.060296,0.759692,0.005310,-0.000000,0.000000,109.371292,0.032803,0.093822,0.062734,0.032257,0.093830,0.061795,0.000546,-0.000008,0.000939,-0.008803,-0.066154,-0.033515,0.074680,1.225865,9.211948,4.666969,9.211948,69.224604,35.070655,4.666969,35.070655,17.767538,-0.000000,0.000000,88.218007,-0.008803,-0.066154,-0.033515,0.074680,1.256778,9.444250,4.784658,9.444250,70.970276,35.955049,4.784658,35.955049,18.215592,-0.000000,0.000000,90.442645
3.0390,post_ramp,0.139,100.0000,4.158622,-1.354505,-1.374447,-0.001534,-0.145728,1.164291,-2.012583,1.003223,-2.699806,1.273204,-2.544874,1.302350,-1.822369,0.023981,0.022797,-0.000000,0.023981,0.023981,-0.114830,0.000000,0.010223,0.023981,-0.142322,0.101518,-0.036635,0.023981,1.544808,-0.766990,1.135906,0.001329,0.004858,0.000000,-0.004858,-0.007286,0.707889,0.923203,0.923203,0.609960,1.197784,1.197784,0.774108,1.167373,1.167373,0.791829,0.942280,0.942280,-0.007152,0.087269,-0.012553,0.003613,0.061050,-0.009209,-0.010765,0.026219,-0.003344,0.316247,-0.513385,0.737945,0.952963,12.813006,-20.800219,29.898460,-20.800219,33.766402,-48.536193,29.898460,-48.536193,69.766452,-0.000000,0.000000,116.345860,0.316247,-0.513385,0.737945,0.952963,9.263854,-15.038641,21.616707,-15.038641,24.413244,-35.091862,21.616707,-35.091862,50.441424,-0.000000,0.000000,84.118523,-0.017006,0.115013,0.076813,-0.016495,0.114699,0.073593,-0.000511,0.000314,0.003220,-0.020585,-0.221536,-0.155382,0.271377,0.604835,6.509356,4.565582,6.509356,70.054958,49.135682,4.565582,49.135682,34.463160,-0.000000,0.000000,105.122953,-0.020585,-0.221536,-0.155382,0.271377,0.633223,6.814870,4.779865,6.814870,73.342954,51.441841,4.779865,51.441841,36.080671,-0.000000,-0.000000,110.056849,0.001612,0.106952,0.072450,0.001591,0.106664,0.072231,0.000021,0.000288,0.000219,-0.002531,-0.024006,-0.003223,0.024353,1.054893,10.005109,1.343282,10.005109,94.893223,12.740330,1.343282,12.740330,1.710512,-0.000000,0.000000,97.658628,-0.002531,-0.024006,-0.003223,0.024353,1.059367,10.047539,1.348979,10.047539,95.295656,12.794361,1.348979,12.794361,1.717766,-0.000000,0.000000,98.072789,0.016930,0.101915,0.058632,0.016089,0.100935,0.055587,0.000841,0.000979,0.003045,-0.019340,-0.239324,-0.002975,0.240123,0.658788,8.152056,0.101340,8.152056,100.876180,1.254017,0.101340,1.254017,0.015589,-0.000000,0.000000,101.550557,-0.019340,-0.239324,-0.002975,0.240123,0.713996,8.835213,0.109833,8.835213,109.329785,1.359106,0.109833,1.359106,0.016895,-0.000000,0.000000,110.060676,0.032827,0.093830,0.062776,0.032257,0.093830,0.061795,0.000571,0.000000,0.000982,-0.009266,-0.069338,-0.035200,0.078311,1.235074,9.242139,4.691828,9.242139,69.159510,35.109248,4.691828,35.109248,17.823424,-0.000000,0.000000,88.218009,-0.009266,-0.069338,-0.035200,0.078311,1.267463,9.484504,4.814867,9.484504,70.973146,36.029951,4.814867,36.029951,18.290825,-0.000000,0.000000,90.531434
3.0575,post_ramp,0.139,100.0000,4.158622,-1.354505,-1.374447,-0.001534,-0.145728,1.164291,-2.012583,1.003223,-2.699806,1.270136,-2.543340,1.300816,-1.822369,0.023981,0.015404,-0.000000,0.023981,0.023981,-0.137017,0.000000,0.015857,0.023981,-0.164761,0.109047,-0.067044,0.023981,1.544808,-0.766990,1.135906,0.001329,0.004858,0.000000,-0.004858,-0.007286,0.707889,0.923203,0.923203,0.609960,1.197784,1.197784,0.772243,1.166670,1.166670,0.790896,0.942280,0.942280,-0.007152,0.087269,-0.012553,0.003613,0.061050,-0.009209,-0.010765,0.026219,-0.003344,0.316247,-0.513385,0.737945,0.952963,12.813006,-20.800219,29.898460,-20.800219,33.766402,-48.536193,29.898460,-48.536193,69.766452,-0.000000,0.000000,116.345860,0.316247,-0.513385,0.737945,0.952963,9.263854,-15.038641,21.616707,-15.038641,24.413244,-35.091862,21.616707,-35.091862,50.441424,-0.000000,0.000000,84.118523,-0.017006,0.115013,0.076813,-0.016495,0.114699,0.073593,-0.000511,0.000314,0.003220,-0.020585,-0.221536,-0.155382,0.271377,0.604835,6.509356,4.565582,6.509356,70.054958,49.135682,4.565582,49.135682,34.463160,-0.000000,0.000000,105.122953,-0.020585,-0.221536,-0.155382,0.271377,0.633223,6.814870,4.779865,6.814870,73.342954,51.441841,4.779865,51.441841,36.080671,-0.000000,0.000000,110.056848,0.001612,0.106952,0.072450,0.001591,0.106664,0.072231,0.000021,0.000288,0.000219,-0.002531,-0.024006,-0.003223,0.024353,1.054893,10.005109,1.343282,10.005109,94.893223,12.740330,1.343282,12.740330,1.710512,-0.000000,0.000000,97.658628,-0.002531,-0.024006,-0.003223,0.024353,1.059367,10.047539,1.348979,10.047539,95.295656,12.794361,1.348979,12.794361,1.717766,-0.000000,0.000000,98.072789,0.016965,0.101989,0.058755,0.016089,0.100935,0.055587,0.000876,0.001054,0.003168,-0.020492,-0.250964,-0.003916,0.251829,0.673088,8.243099,0.128631,8.243099,100.950720,1.575303,0.128631,1.575303,0.024582,-0.000000,0.000000,101.648390,-0.020492,-0.250964,-0.003916,0.251829,0.731539,8.958933,0.139801,8.958933,109.717311,1.712102,0.139801,1.712102,0.026717,-0.000000,0.000000,110.475566,0.032852,0.093838,0.062819,0.032257,0.093830,0.061795,0.000595,0.000008,0.001025,-0.009732,-0.072519,-0.036890,0.081942,1.244315,9.272277,4.716733,9.272277,69.094327,35.147731,4.716733,35.147731,17.879369,0.000000,0.000000,88.218012,-0.009732,-0.072519,-0.036890,0.081942,1.278197,9.524756,4.845167,9.524756,70.975726,36.104784,4.845167,36.104784,18.366215,-0.000000,-0.000000,90.620138
3.0787,post_ramp,0.139,100.0000,4.158622,-1.352971,-1.374447,-0.001534,-0.145728,1.165825,-2.012583,1.003223,-2.699806,1.262466,-2.541806,1.297748,-1.822369,0.023981,0.026378,-0.000000,0.023981,0.023981,-0.035666,0.000000,0.013776,0.023981,-0.182402,0.109620,-0.080284,0.023981,1.544808,-0.766122,1.135906,0.001329,0.004858,0.000000,-0.004858,-0.007286,0.708822,0.923203,0.923203,0.609960,1.197784,1.197784,0.767579,1.165966,1.165966,0.789031,0.942280,0.942280,-0.007161,0.087294,-0.012509,0.003613,0.061050,-0.009209,-0.010774,0.026244,-0.003300,0.315805,-0.513062,0.736191,0.951285,12.822928,-20.832331,29.892285,-20.832331,33.844532,-48.563476,29.892285,-48.563476,69.683670,-0.000000,0.000000,116.351130,0.315805,-0.513062,0.736191,0.951285,9.267347,-15.055877,21.603659,-15.055877,24.460015,-35.097644,21.603659,-35.097644,50.361565,-0.000000,0.000000,84.088927,-0.016996,0.115008,0.076748,-0.016495,0.114699,0.073593,-0.000500,0.000309,0.003154,-0.020210,-0.217140,-0.152003,0.265825,0.607639,6.528522,4.570123,6.528522,70.142914,49.101736,4.570123,49.101736,34.372402,0.000000,0.000000,105.122955,-0.020210,-0.217140,-0.152003,0.265825,0.635589,6.828815,4.780335,6.828815,73.369278,51.360268,4.780335,51.360268,35.953430,-0.000000,0.000000,109.958297,0.001612,0.106952,0.072450,0.001591,0.106664,0.072231,0.000021,0.000288,0.000219,-0.002531,-0.024006,-0.003223,0.024353,1.054893,10.005109,1.343282,10.005109,94.893223,12.740330,1.343282,12.740330,1.710512,-0.000000,0.000000,97.658628,-0.002531,-0.024006,-0.003223,0.024353,1.059367,10.047539,1.348979,10.047539,95.295656,12.794361,1.348979,12.794361,1.717766,-0.000000,0.000000,98.072789,0.017045,0.102117,0.059038,0.016089,0.100935,0.055587,0.000956,0.001182,0.003451,-0.022934,-0.275591,-0.005923,0.276607,0.699454,8.405025,0.180649,8.405025,100.999466,2.170780,0.180649,2.170780,0.046657,-0.000000,0.000000,101.745576,-0.022934,-0.275591,-0.005923,0.276607,0.765286,9.196105,0.197652,9.196105,110.505519,2.375094,0.197652,2.375094,0.051048,0.000000,0.000000,111.321853,0.032900,0.093854,0.062904,0.032257,0.093830,0.061795,0.000643,0.000025,0.001110,-0.010673,-0.078873,-0.040285,0.089206,1.262891,9.332397,4.766678,9.332397,68.963690,35.224363,4.766678,35.224363,17.991435,-0.000000,-0.000000,88.218016,-0.010673,-0.078873,-0.040285,0.089206,1.299815,9.605256,4.906046,9.605256,70.980042,36.254249,4.906046,36.254249,18.517467,-0.000000,0.000000,90.797324
3.1003,post_ramp,0.139,100.0000,4.158622,-1.349903,-1.374447,-0.001534,-0.145728,1.164291,-2.012583,1.003223,-2.699806,1.256330,-2.540272,1.296214,-1.822369,0.023981,0.048579,-0.000000,0.023981,0.023981,-0.000817,0.000000,0.015032,0.023981,-0.200292,0.092425,-0.075533,0.023981,1.544808,-0.764385,1.135906,0.001329,0.004858,0.000000,-0.004858,-0.007286,0.707889,0.923203,0.923203,0.609960,1.197784,1.197784,0.763849,1.165262,1.165262,0.788098,0.942280,0.942280,-0.007180,0.087344,-0.012420,0.003613,0.061050,-0.009209,-0.010793,0.026295,-0.003211,0.314922,-0.512410,0.732692,0.947933,12.842806,-20.896584,29.879858,-20.896584,34.000922,-48.617644,29.879858,-48.617644,69.517977,-0.000000,0.000000,116.361704,0.314922,-0.512410,0.732692,0.947933,9.274347,-15.090330,21.577542,-15.090330,24.553541,-35.108910,21.577542,-35.108910,50.201947,-0.000000,0.000000,84.029835,-0.017006,0.115013,0.076813,-0.016495,0.114699,0.073593,-0.000511,0.000314,0.003220,-0.020585,-0.221536,-0.155382,0.271377,0.604835,6.509356,4.565582,6.509356,70.054958,49.135682,4.565582,49.135682,34.463160,0.000000,0.000000,105.122953,-0.020585,-0.221536,-0.155382,0.271377,0.633223,6.814870,4.779865,6.814870,73.342953,51.441841,4.779865,51.441841,36.080671,0.000000,0.000000,110.056848,0.001612,0.106952,0.072450,0.001591,0.106664,0.072231,0.000021,0.000288,0.000219,-0.002531,-0.024006,-0.003223,0.024353,1.054893,10.005109,1.343282,10.005109,94.893223,12.740330,1.343282,12.740330,1.710512,-0.000000,0.000000,97.658628,-0.002531,-0.024006,-0.003223,0.024353,1.059367,10.047539,1.348979,10.047539,95.295656,12.794361,1.348979,12.794361,1.717766,-0.000000,0.000000,98.072789,0.017110,0.102226,0.059269,0.016089,0.100935,0.055587,0.001021,0.001291,0.003682,-0.025020,-0.295942,-0.007836,0.297101,0.722263,8.543064,0.226209,8.543064,101.049002,2.675647,0.226209,2.675647,0.070848,-0.000000,0.000000,101.842113,-0.025020,-0.295942,-0.007836,0.297101,0.794446,9.396860,0.248817,9.396860,111.147868,2.943052,0.248817,2.943052,0.077928,-0.000000,-0.000000,112.020242,0.032924,0.093862,0.062947,0.032257,0.093830,0.061795,0.000667,0.000033,0.001153,-0.011149,-0.082046,-0.041992,0.092840,1.272226,9.362378,4.791718,9.362378,68.898237,35.262512,4.791718,35.262512,18.047556,-0.000000,0.000000,88.218019,-0.011149,-0.082046,-0.041992,0.092840,1.310699,9.645505,4.936625,9.645505,70.981784,36.328884,4.936625,36.328884,18.593331,-0.000000,0.000000,90.885814
3.1206,post_ramp,0.139,100.0000,4.158622,-1.348369,-1.374447,-0.001534,-0.145728,1.162757,-2.012583,1.003223,-2.699806,1.250194,-2.538738,1.294680,-1.822369,0.023981,0.088830,-0.000000,0.023981,0.023981,-0.026417,0.000000,0.007988,0.023981,-0.209969,0.082828,-0.070529,0.023981,1.544808,-0.763516,1.135906,0.001329,0.004858,0.000000,-0.004858,-0.007286,0.706957,0.923203,0.923203,0.609960,1.197784,1.197784,0.760118,1.164559,1.164559,0.787165,0.942280,0.942280,-0.007189,0.087370,-0.012376,0.003613,0.061050,-0.009209,-0.010802,0.026320,-0.003167,0.314480,-0.512082,0.730945,0.946259,12.852761,-20.928726,29.873606,-20.928726,34.079181,-48.644529,29.873606,-48.644529,69.435066,-0.000000,0.000000,116.367008,0.314480,-0.512082,0.730945,0.946259,9.277856,-15.107547,21.564471,-15.107547,24.600296,-35.114394,21.564471,-35.114394,50.122189,0.000000,0.000000,84.000340,-0.017017,0.115018,0.076879,-0.016495,0.114699,0.073593,-0.000521,0.000319,0.003286,-0.020957,-0.225926,-0.158770,0.276929,0.602038,6.490204,4.561009,6.490204,69.966935,49.169461,4.561009,49.169461,34.553978,-0.000000,0.000000,105.122951,-0.020957,-0.225926,-0.158770,0.276929,0.630858,6.800898,4.779350,6.800898,73.316333,51.523261,4.779350,51.523261,36.208117,-0.000000,0.000000,110.155308,0.001612,0.106952,0.072450,0.001591,0.106664,0.072231,0.000021,0.000288,0.000219,-0.002531,-0.024006,-0.003223,0.024353,1.054893,10.005109,1.343282,10.005109,94.893223,12.740330,1.343282,12.740330,1.710512,-0.000000,0.000000,97.658628,-0.002531,-0.024006,-0.003223,0.024353,1.059367,10.047539,1.348979,10.047539,95.295656,12.794361,1.348979,12.794361,1.717766,-0.000000,0.000000,98.072789,0.017175,0.102334,0.059500,0.016089,0.100935,0.055587,0.001086,0.001399,0.003913,-0.027163,-0.316330,-0.009954,0.317650,0.745433,8.680876,0.273157,8.680876,101.092471,3.181034,0.273157,3.181034,0.100096,-0.000000,0.000000,101.937999,-0.027163,-0.316330,-0.009954,0.317650,0.824244,9.598665,0.302037,9.598665,111.780508,3.517350,0.302037,3.517350,0.110679,-0.000000,-0.000000,112.715430,0.032949,0.093870,0.062990,0.032257,0.093830,0.061795,0.000692,0.000041,0.001195,-0.011628,-0.085217,-0.043703,0.096474,1.281592,9.392305,4.816803,9.392305,68.832695,35.300550,4.816803,35.300550,18.103735,-0.000000,-0.000000,88.218021,-0.011628,-0.085217,-0.043703,0.096474,1.321633,9.685751,4.967295,9.685751,70.983246,36.403451,4.967295,36.403451,18.669353,-0.000000,0.000000,90.974231
3.1387,post_ramp,0.139,100.0000,4.158622,-1.348369,-1.374447,-0.001534,-0.145728,1.165825,-2.012583,1.003223,-2.699806,1.248660,-2.538738,1.293146,-1.822369,0.023981,0.090500,-0.000000,0.023981,0.023981,-0.021201,0.000000,0.014537,0.023981,-0.222189,0.078370,-0.069360,0.023981,1.544808,-0.763516,1.135906,0.001329,0.004858,0.000000,-0.004858,-0.007286,0.708822,0.923203,0.923203,0.609960,1.197784,1.197784,0.759185,1.164559,1.164559,0.786233,0.942280,0.942280,-0.007189,0.087370,-0.012376,0.003613,0.061050,-0.009209,-0.010802,0.026320,-0.003167,0.314480,-0.512082,0.730945,0.946259,12.852761,-20.928726,29.873606,-20.928726,34.079181,-48.644529,29.873606,-48.644529,69.435066,-0.000000,0.000000,116.367008,0.314480,-0.512082,0.730945,0.946259,9.277856,-15.107547,21.564471,-15.107547,24.600296,-35.114394,21.564471,-35.114394,50.122189,0.000000,0.000000,84.000340,-0.016996,0.115008,0.076748,-0.016495,0.114699,0.073593,-0.000500,0.000309,0.003154,-0.020210,-0.217140,-0.152003,0.265825,0.607639,6.528522,4.570123,6.528522,70.142914,49.101736,4.570123,49.101736,34.372402,-0.000000,0.000000,105.122955,-0.020210,-0.217140,-0.152003,0.265825,0.635589,6.828815,4.780335,6.828815,73.369277,51.360268,4.780335,51.360268,35.953430,-0.000000,0.000000,109.958296,0.001612,0.106952,0.072450,0.001591,0.106664,0.072231,0.000021,0.000288,0.000219,-0.002531,-0.024006,-0.003223,0.024353,1.054893,10.005109,1.343282,10.005109,94.893223,12.740330,1.343282,12.740330,1.710512,-0.000000,0.000000,97.658628,-0.002531,-0.024006,-0.003223,0.024353,1.059367,10.047539,1.348979,10.047539,95.295656,12.794361,1.348979,12.794361,1.717766,-0.000000,0.000000,98.072789,0.017190,0.102352,0.059554,0.016089,0.100935,0.055587,0.001101,0.001416,0.003967,-0.027613,-0.320664,-0.010381,0.322018,0.749549,8.704387,0.281781,8.704387,101.082520,3.272268,0.281781,3.272268,0.105931,0.000000,0.000000,101.938000,-0.027613,-0.320664,-0.010381,0.322018,0.829850,9.636902,0.311968,9.636902,111.911659,3.622832,0.311968,3.622832,0.117279,-0.000000,-0.000000,112.858788,0.032973,0.093878,0.063033,0.032257,0.093830,0.061795,0.000716,0.000048,0.001238,-0.012110,-0.088384,-0.045420,0.100107,1.290988,9.422180,4.841933,9.422180,68.767063,35.338476,4.841933,35.338476,18.159972,-0.000000,0.000000,88.218023,-0.012110,-0.088384,-0.045420,0.100107,1.332616,9.725993,4.998058,9.725993,70.984413,36.477943,4.998058,36.477943,18.745528,-0.000000,0.000000,91.062557
3.1569,post_ramp,0.139,100.0000,4.158622,-1.348369,-1.374447,-0.001534,-0.145728,1.171961,-2.012583,1.003223,-2.699806,1.242524,-2.537204,1.293146,-1.822369,0.023981,0.060748,-0.000000,0.023981,0.023981,0.066766,0.000000,0.016564,0.023981,-0.238691,0.064122,-0.062323,0.023981,1.544808,-0.763516,1.135906,0.001329,0.004858,0.000000,-0.004858,-0.007286,0.712552,0.923203,0.923203,0.609960,1.197784,1.197784,0.755455,1.163855,1.163855,0.786233,0.942280,0.942280,-0.007189,0.087370,-0.012376,0.003613,0.061050,-0.009209,-0.010802,0.026320,-0.003167,0.314480,-0.512082,0.730945,0.946259,12.852761,-20.928726,29.873606,-20.928726,34.079181,-48.644529,29.873606,-48.644529,69.435066,-0.000000,0.000000,116.367008,0.314480,-0.512082,0.730945,0.946259,9.277856,-15.107547,21.564471,-15.107547,24.600296,-35.114394,21.564471,-35.114394,50.122189,0.000000,0.000000,84.000340,-0.016953,0.114988,0.076484,-0.016495,0.114699,0.073593,-0.000458,0.000289,0.002891,-0.018693,-0.199502,-0.138572,0.243624,0.618923,6.605329,4.587979,6.605329,70.494051,48.964293,4.587979,48.964293,34.009991,-0.000000,0.000000,105.122964,-0.018693,-0.199502,-0.138572,0.243624,0.645065,6.884327,4.781768,6.884327,73.471604,51.032465,4.781768,51.032465,35.446517,-0.000000,-0.000000,109.563187,0.001612,0.106952,0.072450,0.001591,0.106664,0.072231,0.000021,0.000288,0.000219,-0.002531,-0.024006,-0.003223,0.024353,1.054893,10.005109,1.343282,10.005109,94.893223,12.740330,1.343282,12.740330,1.710512,-0.000000,0.000000,97.658628,-0.002531,-0.024006,-0.003223,0.024353,1.059367,10.047539,1.348979,10.047539,95.295656,12.794361,1.348979,12.794361,1.717766,-0.000000,0.000000,98.072789,0.017255,0.102459,0.059785,0.016089,0.100935,0.055587,0.001166,0.001523,0.004199,-0.029825,-0.341092,-0.012744,0.342631,0.773141,8.841899,0.330360,8.841899,101.118935,3.778108,0.330360,3.778108,0.141162,0.000000,0.000000,102.033237,-0.029825,-0.341092,-0.012744,0.342631,0.860409,9.839933,0.367650,9.839933,112.532789,4.204564,0.367650,4.204564,0.157095,-0.000000,0.000000,113.550293,0.032973,0.093878,0.063033,0.032257,0.093830,0.061795,0.000716,0.000048,0.001238,-0.012110,-0.088385,-0.045420,0.100107,1.290988,9.422180,4.841933,9.422180,68.767063,35.338476,4.841933,35.338476,18.159972,-0.000000,0.000000,88.218023,-0.012110,-0.088385,-0.045420,0.100107,1.332616,9.725993,4.998058,9.725993,70.984417,36.477945,4.998058,36.477945,18.745529,-0.000000,0.000000,91.062561
