time_s,phase,ramp_duration_s,k_tip_Npm,q_motor_0_rad,q_motor_1_rad,q_motor_2_rad,q_motor_3_rad,q_motor_4_rad,q_motor_5_rad,q_motor_6_rad,q_motor_7_rad,q_motor_8_rad,q_motor_9_rad,q_motor_10_rad,q_motor_11_rad,q_motor_12_rad,q_dot_motor_0_rads,q_dot_motor_1_rads,q_dot_motor_2_rads,q_dot_motor_3_rads,q_dot_motor_4_rads,q_dot_motor_5_rads,q_dot_motor_6_rads,q_dot_motor_7_rads,q_dot_motor_8_rads,q_dot_motor_9_rads,q_dot_motor_10_rads,q_dot_motor_11_rads,q_dot_motor_12_rads,joint_thumb_CMC1_rad,joint_thumb_CMC2_rad,joint_thumb_MCP_rad,joint_thumb_IP_rad,joint_spread_index_rad,joint_spread_middle_rad,joint_spread_ring_rad,joint_spread_pinky_rad,joint_index_MCP_rad,joint_index_PIP_rad,joint_index_DIP_rad,joint_middle_MCP_rad,joint_middle_PIP_rad,joint_middle_DIP_rad,joint_ring_MCP_rad,joint_ring_PIP_rad,joint_ring_DIP_rad,joint_pinky_MCP_rad,joint_pinky_PIP_rad,joint_pinky_DIP_rad,tip_thumb_x_m,tip_thumb_y_m,tip_thumb_z_m,ref_thumb_x_m,ref_thumb_y_m,ref_thumb_z_m,disp_thumb_x_m,disp_thumb_y_m,disp_thumb_z_m,force_1st_thumb_x_N,force_1st_thumb_y_N,force_1st_thumb_z_N,force_1st_thumb_mag_N,stiff_1st_thumb_00_Npm,stiff_1st_thumb_01_Npm,stiff_1st_thumb_02_Npm,stiff_1st_thumb_10_Npm,stiff_1st_thumb_11_Npm,stiff_1st_thumb_12_Npm,stiff_1st_thumb_20_Npm,stiff_1st_thumb_21_Npm,stiff_1st_thumb_22_Npm,stiff_1st_thumb_eig_0_Npm,stiff_1st_thumb_eig_1_Npm,stiff_1st_thumb_eig_2_Npm,force_2nd_thumb_x_N,force_2nd_thumb_y_N,force_2nd_thumb_z_N,force_2nd_thumb_mag_N,stiff_2nd_thumb_00_Npm,stiff_2nd_thumb_01_Npm,stiff_2nd_thumb_02_Npm,stiff_2nd_thumb_10_Npm,stiff_2nd_thumb_11_Npm,stiff_2nd_thumb_12_Npm,stiff_2nd_thumb_20_Npm,stiff_2nd_thumb_21_Npm,stiff_2nd_thumb_22_Npm,stiff_2nd_thumb_eig_0_Npm,stiff_2nd_thumb_eig_1_Npm,stiff_2nd_thumb_eig_2_Npm,tip_index_x_m,tip_index_y_m,tip_index_z_m,ref_index_x_m,ref_index_y_m,ref_index_z_m,disp_index_x_m,disp_index_y_m,disp_index_z_m,force_1st_index_x_N,force_1st_index_y_N,force_1st_index_z_N,force_1st_index_mag_N,stiff_1st_index_00_Npm,stiff_1st_index_01_Npm,stiff_1st_index_02_Npm,stiff_1st_index_10_Npm,stiff_1st_index_11_Npm,stiff_1st_index_12_Npm,stiff_1st_index_20_Npm,stiff_1st_index_21_Npm,stiff_1st_index_22_Npm,stiff_1st_index_eig_0_Npm,stiff_1st_index_eig_1_Npm,stiff_1st_index_eig_2_Npm,force_2nd_index_x_N,force_2nd_index_y_N,force_2nd_index_z_N,force_2nd_index_mag_N,stiff_2nd_index_00_Npm,stiff_2nd_index_01_Npm,stiff_2nd_index_02_Npm,stiff_2nd_index_10_Npm,stiff_2nd_index_11_Npm,stiff_2nd_index_12_Npm,stiff_2nd_index_20_Npm,stiff_2nd_index_21_Npm,stiff_2nd_index_22_Npm,stiff_2nd_index_eig_0_Npm,stiff_2nd_index_eig_1_Npm,stiff_2nd_index_eig_2_Npm,tip_middle_x_m,tip_middle_y_m,tip_middle_z_m,ref_middle_x_m,ref_middle_y_m,ref_middle_z_m,disp_middle_x_m,disp_middle_y_m,disp_middle_z_m,force_1st_middle_x_N,force_1st_middle_y_N,force_1st_middle_z_N,force_1st_middle_mag_N,stiff_1st_middle_00_Npm,stiff_1st_middle_01_Npm,stiff_1st_middle_02_Npm,stiff_1st_middle_10_Npm,stiff_1st_middle_11_Npm,stiff_1st_middle_12_Npm,stiff_1st_middle_20_Npm,stiff_1st_middle_21_Npm,stiff_1st_middle_22_Npm,stiff_1st_middle_eig_0_Npm,stiff_1st_middle_eig_1_Npm,stiff_1st_middle_eig_2_Npm,force_2nd_middle_x_N,force_2nd_middle_y_N,force_2nd_middle_z_N,force_2nd_middle_mag_N,stiff_2nd_middle_00_Npm,stiff_2nd_middle_01_Npm,stiff_2nd_middle_02_Npm,stiff_2nd_middle_10_Npm,stiff_2nd_middle_11_Npm,stiff_2nd_middle_12_Npm,stiff_2nd_middle_20_Npm,stiff_2nd_middle_21_Npm,stiff_2nd_middle_22_Npm,stiff_2nd_middle_eig_0_Npm,stiff_2nd_middle_eig_1_Npm,stiff_2nd_middle_eig_2_Npm,tip_ring_x_m,tip_ring_y_m,tip_ring_z_m,ref_ring_x_m,ref_ring_y_m,ref_ring_z_m,disp_ring_x_m,disp_ring_y_m,disp_ring_z_m,force_1st_ring_x_N,force_1st_ring_y_N,force_1st_ring_z_N,force_1st_ring_mag_N,stiff_1st_ring_00_Npm,stiff_1st_ring_01_Npm,stiff_1st_ring_02_Npm,stiff_1st_ring_10_Npm,stiff_1st_ring_11_Npm,stiff_1st_ring_12_Npm,stiff_1st_ring_20_Npm,stiff_1st_ring_21_Npm,stiff_1st_ring_22_Npm,stiff_1st_ring_eig_0_Npm,stiff_1st_ring_eig_1_Npm,stiff_1st_ring_eig_2_Npm,force_2nd_ring_x_N,force_2nd_ring_y_N,force_2nd_ring_z_N,force_2nd_ring_mag_N,stiff_2nd_ring_00_Npm,stiff_2nd_ring_01_Npm,stiff_2nd_ring_02_Npm,stiff_2nd_ring_10_Npm,stiff_2nd_ring_11_Npm,stiff_2nd_ring_12_Npm,stiff_2nd_ring_20_Npm,stiff_2nd_ring_21_Npm,stiff_2nd_ring_22_Npm,stiff_2nd_ring_eig_0_Npm,stiff_2nd_ring_eig_1_Npm,stiff_2nd_ring_eig_2_Npm,tip_pinky_x_m,tip_pinky_y_m,tip_pinky_z_m,ref_pinky_x_m,ref_pinky_y_m,ref_pinky_z_m,disp_pinky_x_m,disp_pinky_y_m,disp_pinky_z_m,force_1st_pinky_x_N,force_1st_pinky_y_N,force_1st_pinky_z_N,force_1st_pinky_mag_N,stiff_1st_pinky_00_Npm,stiff_1st_pinky_01_Npm,stiff_1st_pinky_02_Npm,stiff_1st_pinky_10_Npm,stiff_1st_pinky_11_Npm,stiff_1st_pinky_12_Npm,stiff_1st_pinky_20_Npm,stiff_1st_pinky_21_Npm,stiff_1st_pinky_22_Npm,stiff_1st_pinky_eig_0_Npm,stiff_1st_pinky_eig_1_Npm,stiff_1st_pinky_eig_2_Npm,force_2nd_pinky_x_N,force_2nd_pinky_y_N,force_2nd_pinky_z_N,force_2nd_pinky_mag_N,stiff_2nd_pinky_00_Npm,stiff_2nd_pinky_01_Npm,stiff_2nd_pinky_02_Npm,stiff_2nd_pinky_10_Npm,stiff_2nd_pinky_11_Npm,stiff_2nd_pinky_12_Npm,stiff_2nd_pinky_20_Npm,stiff_2nd_pinky_21_Npm,stiff_2nd_pinky_22_Npm,stiff_2nd_pinky_eig_0_Npm,stiff_2nd_pinky_eig_1_Npm,stiff_2nd_pinky_eig_2_Npm
0.0339,baseline,0.518,20.0000,4.157088,-1.291612,-1.431204,-0.021476,-0.118117,1.268602,-1.942020,1.018563,-2.595495,1.492563,-2.440563,1.580000,-2.027923,0.016348,0.027966,0.023981,0.023981,0.023981,0.023981,0.023981,0.023981,-0.000000,0.023981,0.023981,0.023981,0.023981,1.544238,-0.731377,1.182813,0.018610,0.003937,0.000000,-0.003937,-0.005906,0.771310,0.890835,0.890835,0.619286,1.151506,1.151506,0.907478,1.119525,1.119525,0.960640,1.048564,1.048564,-0.007432,0.087611,-0.009603,0.003613,0.061050,-0.009209,-0.011045,0.026561,-0.000394,-0.002997,0.006286,-0.007886,0.010521,2.478608,-5.198669,6.521622,-5.198669,10.903763,-13.678545,6.521622,-13.678545,17.159452,-0.000000,0.000000,30.541824,-0.002997,0.006286,-0.007886,0.010521,1.878062,-3.939075,4.941488,-3.939075,8.261873,-10.364348,4.941488,-10.364348,13.001860,-0.000000,0.000000,23.141795,-0.016439,0.115898,0.073805,-0.016306,0.114328,0.072132,-0.000133,0.001570,0.001672,-0.012413,-0.135223,-0.095087,0.165773,0.578052,6.296930,4.427896,6.296930,68.594713,48.234652,4.427896,48.234652,33.917798,-0.000000,-0.000000,103.090563,-0.012413,-0.135223,-0.095087,0.165773,0.582002,6.339956,4.458151,6.339956,69.063410,48.564231,4.458151,48.564231,34.149553,-0.000000,0.000000,103.794964,0.001752,0.109221,0.073290,0.001721,0.108778,0.073001,0.000031,0.000443,0.000289,-0.003728,-0.034244,-0.007551,0.035264,1.207646,11.094087,2.446250,11.094087,101.916231,22.472561,2.446250,22.472561,4.955207,-0.000000,0.000000,108.079084,-0.003728,-0.034244,-0.007551,0.035264,1.212061,11.134637,2.455191,11.134637,102.288745,22.554701,2.455191,22.554701,4.973319,-0.000000,-0.000000,108.474124,0.015178,0.101450,0.052045,0.014880,0.100946,0.050993,0.000298,0.000504,0.001052,-0.006678,-0.093460,0.002261,0.093725,0.541871,7.583598,-0.183434,7.583598,106.134035,-2.567200,-0.183434,-2.567200,0.062096,-0.000000,0.000000,106.738002,-0.006678,-0.093460,0.002261,0.093725,0.556524,7.788672,-0.188395,7.788672,109.004090,-2.636622,-0.188395,-2.636622,0.063775,-0.000000,0.000000,109.624389,0.027788,0.087093,0.053196,0.027788,0.087093,0.053196,0.000000,0.000000,0.000000,-0.000000,0.000004,0.000001,0.000004,0.414955,-5.855626,-0.817570,-5.855626,82.631551,11.537121,-0.817570,11.537121,1.610827,-0.000000,0.000000,84.657333,-0.000000,0.000004,0.000001,0.000004,0.414954,-5.855622,-0.817569,-5.855622,82.631504,11.537114,-0.817569,11.537114,1.610826,0.000000,0.000000,84.657284
0.0758,baseline,0.518,20.0000,4.158622,-1.283942,-1.431204,-0.021476,-0.118117,1.268602,-1.942020,1.018563,-2.595495,1.492563,-2.440563,1.580000,-2.027923,0.009178,0.096639,0.023981,0.023981,0.023981,0.023981,0.023981,0.023981,-0.000000,0.023981,0.023981,0.023981,0.023981,1.544808,-0.727034,1.182813,0.018610,0.003937,0.000000,-0.003937,-0.005906,0.771310,0.890835,0.890835,0.619286,1.151506,1.151506,0.907478,1.119525,1.119525,0.960640,1.048564,1.048564,-0.007441,0.087713,-0.009371,0.003613,0.061050,-0.009209,-0.011054,0.026663,-0.000162,-0.004246,0.008945,-0.011122,0.014891,2.483140,-5.231800,6.504881,-5.231800,11.023032,-13.705324,6.504881,-13.705324,17.040313,-0.000000,0.000000,30.546484,-0.004246,0.008945,-0.011122,0.014891,1.877549,-3.955862,4.918463,-3.955862,8.334721,-10.362853,4.918463,-10.362853,12.884501,-0.000000,0.000000,23.096771,-0.016439,0.115898,0.073805,-0.016306,0.114328,0.072132,-0.000133,0.001570,0.001672,-0.012413,-0.135223,-0.095087,0.165773,0.578052,6.296930,4.427896,6.296930,68.594713,48.234652,4.427896,48.234652,33.917798,-0.000000,-0.000000,103.090563,-0.012413,-0.135223,-0.095087,0.165773,0.582002,6.339956,4.458151,6.339956,69.063410,48.564231,4.458151,48.564231,34.149553,-0.000000,0.000000,103.794964,0.001752,0.109221,0.073290,0.001721,0.108778,0.073001,0.000031,0.000443,0.000289,-0.003728,-0.034244,-0.007551,0.035264,1.207646,11.094087,2.446250,11.094087,101.916231,22.472561,2.446250,22.472561,4.955207,-0.000000,0.000000,108.079084,-0.003728,-0.034244,-0.007551,0.035264,1.212061,11.134637,2.455191,11.134637,102.288745,22.554701,2.455191,22.554701,4.973319,-0.000000,-0.000000,108.474124,0.015178,0.101450,0.052045,0.014880,0.100946,0.050993,0.000298,0.000504,0.001052,-0.006678,-0.093460,0.002261,0.093725,0.541871,7.583598,-0.183434,7.583598,106.134035,-2.567200,-0.183434,-2.567200,0.062096,-0.000000,0.000000,106.738002,-0.006678,-0.093460,0.002261,0.093725,0.556524,7.788672,-0.188395,7.788672,109.004090,-2.636622,-0.188395,-2.636622,0.063775,-0.000000,0.000000,109.624389,0.027788,0.087093,0.053196,0.027788,0.087093,0.053196,0.000000,0.000000,0.000000,-0.000000,0.000004,0.000001,0.000004,0.414955,-5.855626,-0.817570,-5.855626,82.631551,11.537121,-0.817570,11.537121,1.610827,-0.000000,0.000000,84.657333,-0.000000,0.000004,0.000001,0.000004,0.414954,-5.855622,-0.817569,-5.855622,82.631504,11.537114,-0.817569,11.537114,1.610826,0.000000,0.000000,84.657284
0.1182,baseline,0.518,20.0000,4.157088,-1.274738,-1.431204,-0.021476,-0.118117,1.268602,-1.942020,1.018563,-2.595495,1.492563,-2.440563,1.580000,-2.027923,0.016613,0.228218,0.023981,0.023981,0.023981,0.023981,0.023981,0.023981,-0.000000,0.023981,0.023981,0.023981,0.023981,1.544238,-0.721822,1.182813,0.018610,0.003937,0.000000,-0.003937,-0.005906,0.771310,0.890835,0.890835,0.619286,1.151506,1.151506,0.907478,1.119525,1.119525,0.960640,1.048564,1.048564,-0.007534,0.087858,-0.009111,0.003613,0.061050,-0.009209,-0.011147,0.026808,0.000098,-0.005292,0.011165,-0.013747,0.018484,2.504250,-5.283551,6.505614,-5.283551,11.147413,-13.725763,6.505614,-13.725763,16.900474,-0.000000,0.000000,30.552136,-0.005292,0.011165,-0.013747,0.018484,1.889352,-3.986218,4.908214,-3.986218,8.410258,-10.355515,4.908214,-10.355515,12.750702,-0.000000,-0.000000,23.050311,-0.016439,0.115898,0.073805,-0.016306,0.114328,0.072132,-0.000133,0.001570,0.001672,-0.012413,-0.135223,-0.095087,0.165773,0.578052,6.296930,4.427896,6.296930,68.594713,48.234652,4.427896,48.234652,33.917798,-0.000000,-0.000000,103.090563,-0.012413,-0.135223,-0.095087,0.165773,0.582002,6.339956,4.458151,6.339956,69.063410,48.564231,4.458151,48.564231,34.149553,-0.000000,0.000000,103.794964,0.001752,0.109221,0.073290,0.001721,0.108778,0.073001,0.000031,0.000443,0.000289,-0.003728,-0.034244,-0.007551,0.035264,1.207646,11.094087,2.446250,11.094087,101.916231,22.472561,2.446250,22.472561,4.955207,-0.000000,0.000000,108.079084,-0.003728,-0.034244,-0.007551,0.035264,1.212061,11.134637,2.455191,11.134637,102.288745,22.554701,2.455191,22.554701,4.973319,-0.000000,-0.000000,108.474124,0.015178,0.101450,0.052045,0.014880,0.100946,0.050993,0.000298,0.000504,0.001052,-0.006678,-0.093460,0.002261,0.093725,0.541871,7.583598,-0.183434,7.583598,106.134035,-2.567200,-0.183434,-2.567200,0.062096,-0.000000,0.000000,106.738002,-0.006678,-0.093460,0.002261,0.093725,0.556524,7.788672,-0.188395,7.788672,109.004090,-2.636622,-0.188395,-2.636622,0.063775,-0.000000,0.000000,109.624389,0.027788,0.087093,0.053196,0.027788,0.087093,0.053196,0.000000,0.000000,0.000000,-0.000000,0.000004,0.000001,0.000004,0.414955,-5.855626,-0.817570,-5.855626,82.631551,11.537121,-0.817570,11.537121,1.610827,-0.000000,0.000000,84.657333,-0.000000,0.000004,0.000001,0.000004,0.414954,-5.855622,-0.817569,-5.855622,82.631504,11.537114,-0.817569,11.537114,1.610826,0.000000,0.000000,84.657284
0.1607,baseline,0.518,20.0000,4.157088,-1.274738,-1.431204,-0.021476,-0.118117,1.268602,-1.942020,1.018563,-2.595495,1.492563,-2.440563,1.580000,-2.027923,0.008141,0.100815,0.023981,0.023981,0.023981,0.023981,0.023981,0.023981,-0.000000,0.023981,0.023981,0.023981,0.023981,1.544238,-0.721822,1.182813,0.018610,0.003937,0.000000,-0.003937,-0.005906,0.771310,0.890835,0.890835,0.619286,1.151506,1.151506,0.907478,1.119525,1.119525,0.960640,1.048564,1.048564,-0.007534,0.087858,-0.009111,0.003613,0.061050,-0.009209,-0.011147,0.026808,0.000098,-0.005292,0.011165,-0.013747,0.018484,2.504250,-5.283551,6.505614,-5.283551,11.147413,-13.725763,6.505614,-13.725763,16.900474,-0.000000,0.000000,30.552136,-0.005292,0.011165,-0.013747,0.018484,1.889352,-3.986218,4.908214,-3.986218,8.410258,-10.355515,4.908214,-10.355515,12.750702,-0.000000,-0.000000,23.050311,-0.016439,0.115898,0.073805,-0.016306,0.114328,0.072132,-0.000133,0.001570,0.001672,-0.012413,-0.135223,-0.095087,0.165773,0.578052,6.296930,4.427896,6.296930,68.594713,48.234652,4.427896,48.234652,33.917798,-0.000000,-0.000000,103.090563,-0.012413,-0.135223,-0.095087,0.165773,0.582002,6.339956,4.458151,6.339956,69.063410,48.564231,4.458151,48.564231,34.149553,-0.000000,0.000000,103.794964,0.001752,0.109221,0.073290,0.001721,0.108778,0.073001,0.000031,0.000443,0.000289,-0.003728,-0.034244,-0.007551,0.035264,1.207646,11.094087,2.446250,11.094087,101.916231,22.472561,2.446250,22.472561,4.955207,-0.000000,0.000000,108.079084,-0.003728,-0.034244,-0.007551,0.035264,1.212061,11.134637,2.455191,11.134637,102.288745,22.554701,2.455191,22.554701,4.973319,-0.000000,-0.000000,108.474124,0.015178,0.101450,0.052045,0.014880,0.100946,0.050993,0.000298,0.000504,0.001052,-0.006678,-0.093460,0.002261,0.093725,0.541871,7.583598,-0.183434,7.583598,106.134035,-2.567200,-0.183434,-2.567200,0.062096,-0.000000,0.000000,106.738002,-0.006678,-0.093460,0.002261,0.093725,0.556524,7.788672,-0.188395,7.788672,109.004090,-2.636622,-0.188395,-2.636622,0.063775,-0.000000,0.000000,109.624389,0.027788,0.087093,0.053196,0.027788,0.087093,0.053196,0.000000,0.000000,0.000000,-0.000000,0.000004,0.000001,0.000004,0.414955,-5.855626,-0.817570,-5.855626,82.631551,11.537121,-0.817570,11.537121,1.610827,-0.000000,0.000000,84.657333,-0.000000,0.000004,0.000001,0.000004,0.414954,-5.855622,-0.817569,-5.855622,82.631504,11.537114,-0.817569,11.537114,1.610826,0.000000,0.000000,84.657284
0.2030,baseline,0.518,20.0000,4.157088,-1.274738,-1.431204,-0.021476,-0.118117,1.268602,-1.942020,1.018563,-2.595495,1.492563,-2.440563,1.580000,-2.027923,0.011870,0.041558,0.023981,0.023981,0.023981,0.023981,0.023981,0.023981,-0.000000,0.023981,0.023981,0.023981,0.023981,1.544238,-0.721822,1.182813,0.018610,0.003937,0.000000,-0.003937,-0.005906,0.771310,0.890835,0.890835,0.619286,1.151506,1.151506,0.907478,1.119525,1.119525,0.960640,1.048564,1.048564,-0.007534,0.087858,-0.009111,0.003613,0.061050,-0.009209,-0.011147,0.026808,0.000098,-0.005292,0.011165,-0.013747,0.018484,2.504250,-5.283551,6.505614,-5.283551,11.147413,-13.725763,6.505614,-13.725763,16.900474,-0.000000,0.000000,30.552136,-0.005292,0.011165,-0.013747,0.018484,1.889352,-3.986218,4.908214,-3.986218,8.410258,-10.355515,4.908214,-10.355515,12.750702,-0.000000,-0.000000,23.050311,-0.016439,0.115898,0.073805,-0.016306,0.114328,0.072132,-0.000133,0.001570,0.001672,-0.012413,-0.135223,-0.095087,0.165773,0.578052,6.296930,4.427896,6.296930,68.594713,48.234652,4.427896,48.234652,33.917798,-0.000000,-0.000000,103.090563,-0.012413,-0.135223,-0.095087,0.165773,0.582002,6.339956,4.458151,6.339956,69.063410,48.564231,4.458151,48.564231,34.149553,-0.000000,0.000000,103.794964,0.001752,0.109221,0.073290,0.001721,0.108778,0.073001,0.000031,0.000443,0.000289,-0.003728,-0.034244,-0.007551,0.035264,1.207646,11.094087,2.446250,11.094087,101.916231,22.472561,2.446250,22.472561,4.955207,-0.000000,0.000000,108.079084,-0.003728,-0.034244,-0.007551,0.035264,1.212061,11.134637,2.455191,11.134637,102.288745,22.554701,2.455191,22.554701,4.973319,-0.000000,-0.000000,108.474124,0.015178,0.101450,0.052045,0.014880,0.100946,0.050993,0.000298,0.000504,0.001052,-0.006678,-0.093460,0.002261,0.093725,0.541871,7.583598,-0.183434,7.583598,106.134035,-2.567200,-0.183434,-2.567200,0.062096,-0.000000,0.000000,106.738002,-0.006678,-0.093460,0.002261,0.093725,0.556524,7.788672,-0.188395,7.788672,109.004090,-2.636622,-0.188395,-2.636622,0.063775,-0.000000,0.000000,109.624389,0.027788,0.087093,0.053196,0.027788,0.087093,0.053196,0.000000,0.000000,0.000000,-0.000000,0.000004,0.000001,0.000004,0.414955,-5.855626,-0.817570,-5.855626,82.631551,11.537121,-0.817570,11.537121,1.610827,-0.000000,0.000000,84.657333,-0.000000,0.000004,0.000001,0.000004,0.414954,-5.855622,-0.817569,-5.855622,82.631504,11.537114,-0.817569,11.537114,1.610826,0.000000,0.000000,84.657284
0.2454,baseline,0.518,20.0000,4.158622,-1.274738,-1.431204,-0.021476,-0.118117,1.268602,-1.942020,1.018563,-2.595495,1.492563,-2.440563,1.580000,-2.027923,0.009223,0.028002,0.023981,0.023981,0.023981,0.023981,0.023981,0.023981,-0.000000,0.023981,0.023981,0.023981,0.023981,1.544808,-0.721822,1.182813,0.018610,0.003937,0.000000,-0.003937,-0.005906,0.771310,0.890835,0.890835,0.619286,1.151506,1.151506,0.907478,1.119525,1.119525,0.960640,1.048564,1.048564,-0.007496,0.087847,-0.009102,0.003613,0.061050,-0.009209,-0.011109,0.026797,0.000107,-0.005498,0.011621,-0.014303,0.019232,2.497113,-5.278067,6.496042,-5.278067,11.156082,-13.730476,6.496042,-13.730476,16.898941,-0.000000,0.000000,30.552136,-0.005498,0.011621,-0.014303,0.019232,1.883692,-3.981500,4.900277,-3.981500,8.415570,-10.357559,4.900277,-10.357559,12.747685,-0.000000,0.000000,23.046947,-0.016439,0.115898,0.073805,-0.016306,0.114328,0.072132,-0.000133,0.001570,0.001672,-0.012413,-0.135223,-0.095087,0.165773,0.578052,6.296930,4.427896,6.296930,68.594713,48.234652,4.427896,48.234652,33.917798,-0.000000,-0.000000,103.090563,-0.012413,-0.135223,-0.095087,0.165773,0.582002,6.339956,4.458151,6.339956,69.063410,48.564231,4.458151,48.564231,34.149553,-0.000000,0.000000,103.794964,0.001752,0.109221,0.073290,0.001721,0.108778,0.073001,0.000031,0.000443,0.000289,-0.003728,-0.034244,-0.007551,0.035264,1.207646,11.094087,2.446250,11.094087,101.916231,22.472561,2.446250,22.472561,4.955207,-0.000000,0.000000,108.079084,-0.003728,-0.034244,-0.007551,0.035264,1.212061,11.134637,2.455191,11.134637,102.288745,22.554701,2.455191,22.554701,4.973319,-0.000000,-0.000000,108.474124,0.015178,0.101450,0.052045,0.014880,0.100946,0.050993,0.000298,0.000504,0.001052,-0.006678,-0.093460,0.002261,0.093725,0.541871,7.583598,-0.183434,7.583598,106.134035,-2.567200,-0.183434,-2.567200,0.062096,-0.000000,0.000000,106.738002,-0.006678,-0.093460,0.002261,0.093725,0.556524,7.788672,-0.188395,7.788672,109.004090,-2.636622,-0.188395,-2.636622,0.063775,-0.000000,0.000000,109.624389,0.027788,0.087093,0.053196,0.027788,0.087093,0.053196,0.000000,0.000000,0.000000,-0.000000,0.000004,0.000001,0.000004,0.414955,-5.855626,-0.817570,-5.855626,82.631551,11.537121,-0.817570,11.537121,1.610827,-0.000000,0.000000,84.657333,-0.000000,0.000004,0.000001,0.000004,0.414954,-5.855622,-0.817569,-5.855622,82.631504,11.537114,-0.817569,11.537114,1.610826,0.000000,0.000000,84.657284
0.2878,baseline,0.518,20.0000,4.157088,-1.270136,-1.431204,-0.021476,-0.118117,1.268602,-1.942020,1.018563,-2.595495,1.492563,-2.440563,1.580000,-2.027923,0.019354,0.070939,0.023981,0.023981,0.023981,0.023981,0.023981,0.023981,-0.000000,0.023981,0.023981,0.023981,0.023981,1.544238,-0.719216,1.182813,0.018610,0.003937,0.000000,-0.003937,-0.005906,0.771310,0.890835,0.890835,0.619286,1.151506,1.151506,0.907478,1.119525,1.119525,0.960640,1.048564,1.048564,-0.007562,0.087924,-0.008976,0.003613,0.061050,-0.009209,-0.011175,0.026874,0.000233,-0.005920,0.012509,-0.015325,0.020649,2.511293,-5.306753,6.501101,-5.306753,11.213991,-13.737836,6.501101,-13.737836,16.829702,0.000000,0.000000,30.554986,-0.005920,0.012509,-0.015325,0.020649,1.892452,-3.999044,4.899077,-3.999044,8.450600,-10.352509,4.899077,-10.352509,12.682467,-0.000000,0.000000,23.025518,-0.016439,0.115898,0.073805,-0.016306,0.114328,0.072132,-0.000133,0.001570,0.001672,-0.012413,-0.135223,-0.095087,0.165773,0.578052,6.296930,4.427896,6.296930,68.594713,48.234652,4.427896,48.234652,33.917798,-0.000000,-0.000000,103.090563,-0.012413,-0.135223,-0.095087,0.165773,0.582002,6.339956,4.458151,6.339956,69.063410,48.564231,4.458151,48.564231,34.149553,-0.000000,0.000000,103.794964,0.001752,0.109221,0.073290,0.001721,0.108778,0.073001,0.000031,0.000443,0.000289,-0.003728,-0.034244,-0.007551,0.035264,1.207646,11.094087,2.446250,11.094087,101.916231,22.472561,2.446250,22.472561,4.955207,-0.000000,0.000000,108.079084,-0.003728,-0.034244,-0.007551,0.035264,1.212061,11.134637,2.455191,11.134637,102.288745,22.554701,2.455191,22.554701,4.973319,-0.000000,-0.000000,108.474124,0.015178,0.101450,0.052045,0.014880,0.100946,0.050993,0.000298,0.000504,0.001052,-0.006678,-0.093460,0.002261,0.093725,0.541871,7.583598,-0.183434,7.583598,106.134035,-2.567200,-0.183434,-2.567200,0.062096,-0.000000,0.000000,106.738002,-0.006678,-0.093460,0.002261,0.093725,0.556524,7.788672,-0.188395,7.788672,109.004090,-2.636622,-0.188395,-2.636622,0.063775,-0.000000,0.000000,109.624389,0.027788,0.087093,0.053196,0.027788,0.087093,0.053196,0.000000,0.000000,0.000000,-0.000000,0.000004,0.000001,0.000004,0.414955,-5.855626,-0.817570,-5.855626,82.631551,11.537121,-0.817570,11.537121,1.610827,-0.000000,0.000000,84.657333,-0.000000,0.000004,0.000001,0.000004,0.414954,-5.855622,-0.817569,-5.855622,82.631504,11.537114,-0.817569,11.537114,1.610826,0.000000,0.000000,84.657284
0.3303,baseline,0.518,20.0000,4.157088,-1.268602,-1.431204,-0.021476,-0.118117,1.268602,-1.942020,1.018563,-2.595495,1.492563,-2.440563,1.580000,-2.027923,0.004428,0.083209,0.023981,0.023981,0.023981,0.023981,0.023981,0.023981,-0.000000,0.023981,0.023981,0.023981,0.023981,1.544238,-0.718348,1.182813,0.018610,0.003937,0.000000,-0.003937,-0.005906,0.771310,0.890835,0.890835,0.619286,1.151506,1.151506,0.907478,1.119525,1.119525,0.960640,1.048564,1.048564,-0.007571,0.087946,-0.008931,0.003613,0.061050,-0.009209,-0.011184,0.026896,0.000278,-0.006129,0.012959,-0.015848,0.021369,2.513646,-5.314491,6.499583,-5.314491,11.236196,-13.741783,6.499583,-13.741783,16.806098,0.000000,0.000000,30.555940,-0.006129,0.012959,-0.015848,0.021369,1.893487,-4.003316,4.896025,-4.003316,8.464035,-10.351451,4.896025,-10.351451,12.659747,-0.000000,0.000000,23.017269,-0.016439,0.115898,0.073805,-0.016306,0.114328,0.072132,-0.000133,0.001570,0.001672,-0.012413,-0.135223,-0.095087,0.165773,0.578052,6.296930,4.427896,6.296930,68.594713,48.234652,4.427896,48.234652,33.917798,-0.000000,-0.000000,103.090563,-0.012413,-0.135223,-0.095087,0.165773,0.582002,6.339956,4.458151,6.339956,69.063410,48.564231,4.458151,48.564231,34.149553,-0.000000,0.000000,103.794964,0.001752,0.109221,0.073290,0.001721,0.108778,0.073001,0.000031,0.000443,0.000289,-0.003728,-0.034244,-0.007551,0.035264,1.207646,11.094087,2.446250,11.094087,101.916231,22.472561,2.446250,22.472561,4.955207,-0.000000,0.000000,108.079084,-0.003728,-0.034244,-0.007551,0.035264,1.212061,11.134637,2.455191,11.134637,102.288745,22.554701,2.455191,22.554701,4.973319,-0.000000,-0.000000,108.474124,0.015178,0.101450,0.052045,0.014880,0.100946,0.050993,0.000298,0.000504,0.001052,-0.006678,-0.093460,0.002261,0.093725,0.541871,7.583598,-0.183434,7.583598,106.134035,-2.567200,-0.183434,-2.567200,0.062096,-0.000000,0.000000,106.738002,-0.006678,-0.093460,0.002261,0.093725,0.556524,7.788672,-0.188395,7.788672,109.004090,-2.636622,-0.188395,-2.636622,0.063775,-0.000000,0.000000,109.624389,0.027788,0.087093,0.053196,0.027788,0.087093,0.053196,0.000000,0.000000,0.000000,-0.000000,0.000004,0.000001,0.000004,0.414955,-5.855626,-0.817570,-5.855626,82.631551,11.537121,-0.817570,11.537121,1.610827,-0.000000,0.000000,84.657333,-0.000000,0.000004,0.000001,0.000004,0.414954,-5.855622,-0.817569,-5.855622,82.631504,11.537114,-0.817569,11.537114,1.610826,0.000000,0.000000,84.657284
0.3734,baseline,0.518,20.0000,4.157088,-1.268602,-1.431204,-0.021476,-0.118117,1.268602,-1.942020,1.018563,-2.595495,1.492563,-2.440563,1.580000,-2.027923,0.012120,0.037530,0.023981,0.023981,0.023981,0.023981,0.023981,0.023981,-0.000000,0.023981,0.023981,0.023981,0.023981,1.544238,-0.718348,1.182813,0.018610,0.003937,0.000000,-0.003937,-0.005906,0.771310,0.890835,0.890835,0.619286,1.151506,1.151506,0.907478,1.119525,1.119525,0.960640,1.048564,1.048564,-0.007571,0.087946,-0.008931,0.003613,0.061050,-0.009209,-0.011184,0.026896,0.000278,-0.006129,0.012959,-0.015848,0.021369,2.513646,-5.314491,6.499583,-5.314491,11.236196,-13.741783,6.499583,-13.741783,16.806098,0.000000,0.000000,30.555940,-0.006129,0.012959,-0.015848,0.021369,1.893487,-4.003316,4.896025,-4.003316,8.464035,-10.351451,4.896025,-10.351451,12.659747,-0.000000,0.000000,23.017269,-0.016439,0.115898,0.073805,-0.016306,0.114328,0.072132,-0.000133,0.001570,0.001672,-0.012413,-0.135223,-0.095087,0.165773,0.578052,6.296930,4.427896,6.296930,68.594713,48.234652,4.427896,48.234652,33.917798,-0.000000,-0.000000,103.090563,-0.012413,-0.135223,-0.095087,0.165773,0.582002,6.339956,4.458151,6.339956,69.063410,48.564231,4.458151,48.564231,34.149553,-0.000000,0.000000,103.794964,0.001752,0.109221,0.073290,0.001721,0.108778,0.073001,0.000031,0.000443,0.000289,-0.003728,-0.034244,-0.007551,0.035264,1.207646,11.094087,2.446250,11.094087,101.916231,22.472561,2.446250,22.472561,4.955207,-0.000000,0.000000,108.079084,-0.003728,-0.034244,-0.007551,0.035264,1.212061,11.134637,2.455191,11.134637,102.288745,22.554701,2.455191,22.554701,4.973319,-0.000000,-0.000000,108.474124,0.015178,0.101450,0.052045,0.014880,0.100946,0.050993,0.000298,0.000504,0.001052,-0.006678,-0.093460,0.002261,0.093725,0.541871,7.583598,-0.183434,7.583598,106.134035,-2.567200,-0.183434,-2.567200,0.062096,-0.000000,0.000000,106.738002,-0.006678,-0.093460,0.002261,0.093725,0.556524,7.788672,-0.188395,7.788672,109.004090,-2.636622,-0.188395,-2.636622,0.063775,-0.000000,0.000000,109.624389,0.027788,0.087093,0.053196,0.027788,0.087093,0.053196,0.000000,0.000000,0.000000,-0.000000,0.000004,0.000001,0.000004,0.414955,-5.855626,-0.817570,-5.855626,82.631551,11.537121,-0.817570,11.537121,1.610827,-0.000000,0.000000,84.657333,-0.000000,0.000004,0.000001,0.000004,0.414954,-5.855622,-0.817569,-5.855622,82.631504,11.537114,-0.817569,11.537114,1.610826,0.000000,0.000000,84.657284
0.4158,baseline,0.518,20.0000,4.157088,-1.268602,-1.431204,-0.021476,-0.118117,1.268602,-1.942020,1.018563,-2.595495,1.492563,-2.440563,1.580000,-2.027923,0.010300,0.027081,0.023981,0.023981,0.023981,0.023981,0.023981,0.023981,-0.000000,0.023981,0.023981,0.023981,0.023981,1.544238,-0.718348,1.182813,0.018610,0.003937,0.000000,-0.003937,-0.005906,0.771310,0.890835,0.890835,0.619286,1.151506,1.151506,0.907478,1.119525,1.119525,0.960640,1.048564,1.048564,-0.007571,0.087946,-0.008931,0.003613,0.061050,-0.009209,-0.011184,0.026896,0.000278,-0.006129,0.012959,-0.015848,0.021369,2.513646,-5.314491,6.499583,-5.314491,11.236196,-13.741783,6.499583,-13.741783,16.806098,0.000000,0.000000,30.555940,-0.006129,0.012959,-0.015848,0.021369,1.893487,-4.003316,4.896025,-4.003316,8.464035,-10.351451,4.896025,-10.351451,12.659747,-0.000000,0.000000,23.017269,-0.016439,0.115898,0.073805,-0.016306,0.114328,0.072132,-0.000133,0.001570,0.001672,-0.012413,-0.135223,-0.095087,0.165773,0.578052,6.296930,4.427896,6.296930,68.594713,48.234652,4.427896,48.234652,33.917798,-0.000000,-0.000000,103.090563,-0.012413,-0.135223,-0.095087,0.165773,0.582002,6.339956,4.458151,6.339956,69.063410,48.564231,4.458151,48.564231,34.149553,-0.000000,0.000000,103.794964,0.001752,0.109221,0.073290,0.001721,0.108778,0.073001,0.000031,0.000443,0.000289,-0.003728,-0.034244,-0.007551,0.035264,1.207646,11.094087,2.446250,11.094087,101.916231,22.472561,2.446250,22.472561,4.955207,-0.000000,0.000000,108.079084,-0.003728,-0.034244,-0.007551,0.035264,1.212061,11.134637,2.455191,11.134637,102.288745,22.554701,2.455191,22.554701,4.973319,-0.000000,-0.000000,108.474124,0.015178,0.101450,0.052045,0.014880,0.100946,0.050993,0.000298,0.000504,0.001052,-0.006678,-0.093460,0.002261,0.093725,0.541871,7.583598,-0.183434,7.583598,106.134035,-2.567200,-0.183434,-2.567200,0.062096,-0.000000,0.000000,106.738002,-0.006678,-0.093460,0.002261,0.093725,0.556524,7.788672,-0.188395,7.788672,109.004090,-2.636622,-0.188395,-2.636622,0.063775,-0.000000,0.000000,109.624389,0.027788,0.087093,0.053196,0.027788,0.087093,0.053196,0.000000,0.000000,0.000000,-0.000000,0.000004,0.000001,0.000004,0.414955,-5.855626,-0.817570,-5.855626,82.631551,11.537121,-0.817570,11.537121,1.610827,-0.000000,0.000000,84.657333,-0.000000,0.000004,0.000001,0.000004,0.414954,-5.855622,-0.817569,-5.855622,82.631504,11.537114,-0.817569,11.537114,1.610826,0.000000,0.000000,84.657284
0.4575,baseline,0.518,20.0000,4.157088,-1.264000,-1.431204,-0.021476,-0.118117,1.268602,-1.942020,1.018563,-2.595495,1.492563,-2.440563,1.580000,-2.027923,0.014794,0.061933,0.023981,0.023981,0.023981,0.023981,0.023981,0.023981,-0.000000,0.023981,0.023981,0.023981,0.023981,1.544238,-0.715742,1.182813,0.018610,0.003937,0.000000,-0.003937,-0.005906,0.771310,0.890835,0.890835,0.619286,1.151506,1.151506,0.907478,1.119525,1.119525,0.960640,1.048564,1.048564,-0.007599,0.088012,-0.008797,0.003613,0.061050,-0.009209,-0.011212,0.026962,0.000412,-0.006758,0.014310,-0.017413,0.023530,2.520718,-5.337723,6.494987,-5.337723,11.302843,-13.753396,6.494987,-13.753396,16.735249,-0.000000,-0.000000,30.558811,-0.006758,0.014310,-0.017413,0.023530,1.896598,-4.016123,4.886852,-4.016123,8.504302,-10.348107,4.886852,-10.348107,12.591665,-0.000000,0.000000,22.992564,-0.016439,0.115898,0.073805,-0.016306,0.114328,0.072132,-0.000133,0.001570,0.001672,-0.012413,-0.135223,-0.095087,0.165773,0.578052,6.296930,4.427896,6.296930,68.594713,48.234652,4.427896,48.234652,33.917798,-0.000000,-0.000000,103.090563,-0.012413,-0.135223,-0.095087,0.165773,0.582002,6.339956,4.458151,6.339956,69.063410,48.564231,4.458151,48.564231,34.149553,-0.000000,0.000000,103.794964,0.001752,0.109221,0.073290,0.001721,0.108778,0.073001,0.000031,0.000443,0.000289,-0.003728,-0.034244,-0.007551,0.035264,1.207646,11.094087,2.446250,11.094087,101.916231,22.472561,2.446250,22.472561,4.955207,-0.000000,0.000000,108.079084,-0.003728,-0.034244,-0.007551,0.035264,1.212061,11.134637,2.455191,11.134637,102.288745,22.554701,2.455191,22.554701,4.973319,-0.000000,-0.000000,108.474124,0.015178,0.101450,0.052045,0.014880,0.100946,0.050993,0.000298,0.000504,0.001052,-0.006678,-0.093460,0.002261,0.093725,0.541871,7.583598,-0.183434,7.583598,106.134035,-2.567200,-0.183434,-2.567200,0.062096,-0.000000,0.000000,106.738002,-0.006678,-0.093460,0.002261,0.093725,0.556524,7.788672,-0.188395,7.788672,109.004090,-2.636622,-0.188395,-2.636622,0.063775,-0.000000,0.000000,109.624389,0.027788,0.087093,0.053196,0.027788,0.087093,0.053196,0.000000,0.000000,0.000000,-0.000000,0.000004,0.000001,0.000004,0.414955,-5.855626,-0.817570,-5.855626,82.631551,11.537121,-0.817570,11.537121,1.610827,-0.000000,0.000000,84.657333,-0.000000,0.000004,0.000001,0.000004,0.414954,-5.855622,-0.817569,-5.855622,82.631504,11.537114,-0.817569,11.537114,1.610826,0.000000,0.000000,84.657284
0.5000,baseline,0.518,20.0000,4.157088,-1.260932,-1.431204,-0.021476,-0.118117,1.268602,-1.942020,1.018563,-2.595495,1.492563,-2.440563,1.580000,-2.027923,0.012880,0.118132,0.023981,0.023981,0.023981,0.023981,0.023981,0.023981,-0.000000,0.023981,0.023981,0.023981,0.023981,1.544238,-0.714005,1.182813,0.018610,0.003937,0.000000,-0.003937,-0.005906,0.771310,0.890835,0.890835,0.619286,1.151506,1.151506,0.907478,1.119525,1.119525,0.960640,1.048564,1.048564,-0.007617,0.088056,-0.008707,0.003613,0.061050,-0.009209,-0.011231,0.027006,0.000502,-0.007178,0.015215,-0.018451,0.024969,2.525445,-5.353223,6.491887,-5.353223,11.347302,-13.760945,6.491887,-13.760945,16.687986,-0.000000,0.000000,30.560733,-0.007178,0.015215,-0.018451,0.024969,1.898677,-4.024653,4.880722,-4.024653,8.531114,-10.345736,4.880722,-10.345736,12.546340,-0.000000,-0.000000,22.976131,-0.016439,0.115898,0.073805,-0.016306,0.114328,0.072132,-0.000133,0.001570,0.001672,-0.012413,-0.135223,-0.095087,0.165773,0.578052,6.296930,4.427896,6.296930,68.594713,48.234652,4.427896,48.234652,33.917798,-0.000000,-0.000000,103.090563,-0.012413,-0.135223,-0.095087,0.165773,0.582002,6.339956,4.458151,6.339956,69.063410,48.564231,4.458151,48.564231,34.149553,-0.000000,0.000000,103.794964,0.001752,0.109221,0.073290,0.001721,0.108778,0.073001,0.000031,0.000443,0.000289,-0.003728,-0.034244,-0.007551,0.035264,1.207646,11.094087,2.446250,11.094087,101.916231,22.472561,2.446250,22.472561,4.955207,-0.000000,0.000000,108.079084,-0.003728,-0.034244,-0.007551,0.035264,1.212061,11.134637,2.455191,11.134637,102.288745,22.554701,2.455191,22.554701,4.973319,-0.000000,-0.000000,108.474124,0.015178,0.101450,0.052045,0.014880,0.100946,0.050993,0.000298,0.000504,0.001052,-0.006678,-0.093460,0.002261,0.093725,0.541871,7.583598,-0.183434,7.583598,106.134035,-2.567200,-0.183434,-2.567200,0.062096,-0.000000,0.000000,106.738002,-0.006678,-0.093460,0.002261,0.093725,0.556524,7.788672,-0.188395,7.788672,109.004090,-2.636622,-0.188395,-2.636622,0.063775,-0.000000,0.000000,109.624389,0.027788,0.087093,0.053196,0.027788,0.087093,0.053196,0.000000,0.000000,0.000000,-0.000000,0.000004,0.000001,0.000004,0.414955,-5.855626,-0.817570,-5.855626,82.631551,11.537121,-0.817570,11.537121,1.610827,-0.000000,0.000000,84.657333,-0.000000,0.000004,0.000001,0.000004,0.414954,-5.855622,-0.817569,-5.855622,82.631504,11.537114,-0.817569,11.537114,1.610826,0.000000,0.000000,84.657284
0.5424,baseline,0.518,20.0000,4.157088,-1.260932,-1.431204,-0.021476,-0.118117,1.268602,-1.942020,1.018563,-2.595495,1.492563,-2.440563,1.580000,-2.027923,0.015457,0.048169,0.023981,0.023981,0.023981,0.023981,0.023981,0.023981,-0.000000,0.023981,0.023981,0.023981,0.023981,1.544238,-0.714005,1.182813,0.018610,0.003937,0.000000,-0.003937,-0.005906,0.771310,0.890835,0.890835,0.619286,1.151506,1.151506,0.907478,1.119525,1.119525,0.960640,1.048564,1.048564,-0.007617,0.088056,-0.008707,0.003613,0.061050,-0.009209,-0.011231,0.027006,0.000502,-0.007178,0.015215,-0.018451,0.024969,2.525445,-5.353223,6.491887,-5.353223,11.347302,-13.760945,6.491887,-13.760945,16.687986,-0.000000,0.000000,30.560733,-0.007178,0.015215,-0.018451,0.024969,1.898677,-4.024653,4.880722,-4.024653,8.531114,-10.345736,4.880722,-10.345736,12.546340,-0.000000,-0.000000,22.976131,-0.016439,0.115898,0.073805,-0.016306,0.114328,0.072132,-0.000133,0.001570,0.001672,-0.012413,-0.135223,-0.095087,0.165773,0.578052,6.296930,4.427896,6.296930,68.594713,48.234652,4.427896,48.234652,33.917798,-0.000000,-0.000000,103.090563,-0.012413,-0.135223,-0.095087,0.165773,0.582002,6.339956,4.458151,6.339956,69.063410,48.564231,4.458151,48.564231,34.149553,-0.000000,0.000000,103.794964,0.001752,0.109221,0.073290,0.001721,0.108778,0.073001,0.000031,0.000443,0.000289,-0.003728,-0.034244,-0.007551,0.035264,1.207646,11.094087,2.446250,11.094087,101.916231,22.472561,2.446250,22.472561,4.955207,-0.000000,0.000000,108.079084,-0.003728,-0.034244,-0.007551,0.035264,1.212061,11.134637,2.455191,11.134637,102.288745,22.554701,2.455191,22.554701,4.973319,-0.000000,-0.000000,108.474124,0.015178,0.101450,0.052045,0.014880,0.100946,0.050993,0.000298,0.000504,0.001052,-0.006678,-0.093460,0.002261,0.093725,0.541871,7.583598,-0.183434,7.583598,106.134035,-2.567200,-0.183434,-2.567200,0.062096,-0.000000,0.000000,106.738002,-0.006678,-0.093460,0.002261,0.093725,0.556524,7.788672,-0.188395,7.788672,109.004090,-2.636622,-0.188395,-2.636622,0.063775,-0.000000,0.000000,109.624389,0.027788,0.087093,0.053196,0.027788,0.087093,0.053196,0.000000,0.000000,0.000000,-0.000000,0.000004,0.000001,0.000004,0.414955,-5.855626,-0.817570,-5.855626,82.631551,11.537121,-0.817570,11.537121,1.610827,-0.000000,0.000000,84.657333,-0.000000,0.000004,0.000001,0.000004,0.414954,-5.855622,-0.817569,-5.855622,82.631504,11.537114,-0.817569,11.537114,1.610826,0.000000,0.000000,84.657284
0.5848,baseline,0.518,20.0000,4.157088,-1.260932,-1.431204,-0.021476,-0.118117,1.268602,-1.942020,1.018563,-2.595495,1.492563,-2.440563,1.580000,-2.027923,0.020070,0.029514,0.023981,0.023981,0.023981,0.023981,0.023981,0.023981,-0.000000,0.023981,0.023981,0.023981,0.023981,1.544238,-0.714005,1.182813,0.018610,0.003937,0.000000,-0.003937,-0.005906,0.771310,0.890835,0.890835,0.619286,1.151506,1.151506,0.907478,1.119525,1.119525,0.960640,1.048564,1.048564,-0.007617,0.088056,-0.008707,0.003613,0.061050,-0.009209,-0.011231,0.027006,0.000502,-0.007178,0.015215,-0.018451,0.024969,2.525445,-5.353223,6.491887,-5.353223,11.347302,-13.760945,6.491887,-13.760945,16.687986,-0.000000,0.000000,30.560733,-0.007178,0.015215,-0.018451,0.024969,1.898677,-4.024653,4.880722,-4.024653,8.531114,-10.345736,4.880722,-10.345736,12.546340,-0.000000,-0.000000,22.976131,-0.016439,0.115898,0.073805,-0.016306,0.114328,0.072132,-0.000133,0.001570,0.001672,-0.012413,-0.135223,-0.095087,0.165773,0.578052,6.296930,4.427896,6.296930,68.594713,48.234652,4.427896,48.234652,33.917798,-0.000000,-0.000000,103.090563,-0.012413,-0.135223,-0.095087,0.165773,0.582002,6.339956,4.458151,6.339956,69.063410,48.564231,4.458151,48.564231,34.149553,-0.000000,0.000000,103.794964,0.001752,0.109221,0.073290,0.001721,0.108778,0.073001,0.000031,0.000443,0.000289,-0.003728,-0.034244,-0.007551,0.035264,1.207646,11.094087,2.446250,11.094087,101.916231,22.472561,2.446250,22.472561,4.955207,-0.000000,0.000000,108.079084,-0.003728,-0.034244,-0.007551,0.035264,1.212061,11.134637,2.455191,11.134637,102.288745,22.554701,2.455191,22.554701,4.973319,-0.000000,-0.000000,108.474124,0.015178,0.101450,0.052045,0.014880,0.100946,0.050993,0.000298,0.000504,0.001052,-0.006678,-0.093460,0.002261,0.093725,0.541871,7.583598,-0.183434,7.583598,106.134035,-2.567200,-0.183434,-2.567200,0.062096,-0.000000,0.000000,106.738002,-0.006678,-0.093460,0.002261,0.093725,0.556524,7.788672,-0.188395,7.788672,109.004090,-2.636622,-0.188395,-2.636622,0.063775,-0.000000,0.000000,109.624389,0.027788,0.087093,0.053196,0.027788,0.087093,0.053196,0.000000,0.000000,0.000000,-0.000000,0.000004,0.000001,0.000004,0.414955,-5.855626,-0.817570,-5.855626,82.631551,11.537121,-0.817570,11.537121,1.610827,-0.000000,0.000000,84.657333,-0.000000,0.000004,0.000001,0.000004,0.414954,-5.855622,-0.817569,-5.855622,82.631504,11.537114,-0.817569,11.537114,1.610826,0.000000,0.000000,84.657284
0.6279,baseline,0.518,20.0000,4.157088,-1.260932,-1.431204,-0.021476,-0.118117,1.268602,-1.942020,1.018563,-2.595495,1.492563,-2.440563,1.580000,-2.027923,0.014822,0.025247,0.023981,0.023981,0.023981,0.023981,0.023981,0.023981,-0.000000,0.023981,0.023981,0.023981,0.023981,1.544238,-0.714005,1.182813,0.018610,0.003937,0.000000,-0.003937,-0.005906,0.771310,0.890835,0.890835,0.619286,1.151506,1.151506,0.907478,1.119525,1.119525,0.960640,1.048564,1.048564,-0.007617,0.088056,-0.008707,0.003613,0.061050,-0.009209,-0.011231,0.027006,0.000502,-0.007178,0.015215,-0.018451,0.024969,2.525445,-5.353223,6.491887,-5.353223,11.347302,-13.760945,6.491887,-13.760945,16.687986,-0.000000,0.000000,30.560733,-0.007178,0.015215,-0.018451,0.024969,1.898677,-4.024653,4.880722,-4.024653,8.531114,-10.345736,4.880722,-10.345736,12.546340,-0.000000,-0.000000,22.976131,-0.016439,0.115898,0.073805,-0.016306,0.114328,0.072132,-0.000133,0.001570,0.001672,-0.012413,-0.135223,-0.095087,0.165773,0.578052,6.296930,4.427896,6.296930,68.594713,48.234652,4.427896,48.234652,33.917798,-0.000000,-0.000000,103.090563,-0.012413,-0.135223,-0.095087,0.165773,0.582002,6.339956,4.458151,6.339956,69.063410,48.564231,4.458151,48.564231,34.149553,-0.000000,0.000000,103.794964,0.001752,0.109221,0.073290,0.001721,0.108778,0.073001,0.000031,0.000443,0.000289,-0.003728,-0.034244,-0.007551,0.035264,1.207646,11.094087,2.446250,11.094087,101.916231,22.472561,2.446250,22.472561,4.955207,-0.000000,0.000000,108.079084,-0.003728,-0.034244,-0.007551,0.035264,1.212061,11.134637,2.455191,11.134637,102.288745,22.554701,2.455191,22.554701,4.973319,-0.000000,-0.000000,108.474124,0.015178,0.101450,0.052045,0.014880,0.100946,0.050993,0.000298,0.000504,0.001052,-0.006678,-0.093460,0.002261,0.093725,0.541871,7.583598,-0.183434,7.583598,106.134035,-2.567200,-0.183434,-2.567200,0.062096,-0.000000,0.000000,106.738002,-0.006678,-0.093460,0.002261,0.093725,0.556524,7.788672,-0.188395,7.788672,109.004090,-2.636622,-0.188395,-2.636622,0.063775,-0.000000,0.000000,109.624389,0.027788,0.087093,0.053196,0.027788,0.087093,0.053196,0.000000,0.000000,0.000000,-0.000000,0.000004,0.000001,0.000004,0.414955,-5.855626,-0.817570,-5.855626,82.631551,11.537121,-0.817570,11.537121,1.610827,-0.000000,0.000000,84.657333,-0.000000,0.000004,0.000001,0.000004,0.414954,-5.855622,-0.817569,-5.855622,82.631504,11.537114,-0.817569,11.537114,1.610826,0.000000,0.000000,84.657284
0.6697,baseline,0.518,20.0000,4.157088,-1.259398,-1.431204,-0.021476,-0.118117,1.268602,-1.942020,1.018563,-2.595495,1.492563,-2.440563,1.580000,-2.027923,0.018691,0.035507,0.023981,0.023981,0.023981,0.023981,0.023981,0.023981,-0.000000,0.023981,0.023981,0.023981,0.023981,1.544238,-0.713136,1.182813,0.018610,0.003937,0.000000,-0.003937,-0.005906,0.771310,0.890835,0.890835,0.619286,1.151506,1.151506,0.907478,1.119525,1.119525,0.960640,1.048564,1.048564,-0.007627,0.088078,-0.008662,0.003613,0.061050,-0.009209,-0.011240,0.027028,0.000547,-0.007388,0.015668,-0.018969,0.025688,2.527812,-5.360976,6.490327,-5.360976,11.369539,-13.764662,6.490327,-13.764662,16.664345,-0.000000,0.000000,30.561697,-0.007388,0.015668,-0.018969,0.025688,1.899718,-4.028916,4.877653,-4.028916,8.544510,-10.344509,4.877653,-10.344509,12.523697,-0.000000,0.000000,22.967926,-0.016439,0.115898,0.073805,-0.016306,0.114328,0.072132,-0.000133,0.001570,0.001672,-0.012413,-0.135223,-0.095087,0.165773,0.578052,6.296930,4.427896,6.296930,68.594713,48.234652,4.427896,48.234652,33.917798,-0.000000,-0.000000,103.090563,-0.012413,-0.135223,-0.095087,0.165773,0.582002,6.339956,4.458151,6.339956,69.063410,48.564231,4.458151,48.564231,34.149553,-0.000000,0.000000,103.794964,0.001752,0.109221,0.073290,0.001721,0.108778,0.073001,0.000031,0.000443,0.000289,-0.003728,-0.034244,-0.007551,0.035264,1.207646,11.094087,2.446250,11.094087,101.916231,22.472561,2.446250,22.472561,4.955207,-0.000000,0.000000,108.079084,-0.003728,-0.034244,-0.007551,0.035264,1.212061,11.134637,2.455191,11.134637,102.288745,22.554701,2.455191,22.554701,4.973319,-0.000000,-0.000000,108.474124,0.015178,0.101450,0.052045,0.014880,0.100946,0.050993,0.000298,0.000504,0.001052,-0.006678,-0.093460,0.002261,0.093725,0.541871,7.583598,-0.183434,7.583598,106.134035,-2.567200,-0.183434,-2.567200,0.062096,-0.000000,0.000000,106.738002,-0.006678,-0.093460,0.002261,0.093725,0.556524,7.788672,-0.188395,7.788672,109.004090,-2.636622,-0.188395,-2.636622,0.063775,-0.000000,0.000000,109.624389,0.027788,0.087093,0.053196,0.027788,0.087093,0.053196,0.000000,0.000000,0.000000,-0.000000,0.000004,0.000001,0.000004,0.414955,-5.855626,-0.817570,-5.855626,82.631551,11.537121,-0.817570,11.537121,1.610827,-0.000000,0.000000,84.657333,-0.000000,0.000004,0.000001,0.000004,0.414954,-5.855622,-0.817569,-5.855622,82.631504,11.537114,-0.817569,11.537114,1.610826,0.000000,0.000000,84.657284
0.7121,baseline,0.518,20.0000,4.157088,-1.256330,-1.431204,-0.021476,-0.118117,1.268602,-1.942020,1.018563,-2.595495,1.492563,-2.440563,1.580000,-2.027923,0.016001,0.067750,0.023981,0.023981,0.023981,0.023981,0.023981,0.023981,-0.000000,0.023981,0.023981,0.023981,0.023981,1.544238,-0.711399,1.182813,0.018610,0.003937,0.000000,-0.003937,-0.005906,0.771310,0.890835,0.890835,0.619286,1.151506,1.151506,0.907478,1.119525,1.119525,0.960640,1.048564,1.048564,-0.007645,0.088121,-0.008571,0.003613,0.061050,-0.009209,-0.011258,0.027071,0.000638,-0.007808,0.016576,-0.020001,0.027125,2.532554,-5.376490,6.487184,-5.376490,11.414030,-13.771981,6.487184,-13.771981,16.617046,0.000000,0.000000,30.563630,-0.007808,0.016576,-0.020001,0.027125,1.901803,-4.037436,4.871504,-4.037436,8.571284,-10.341970,4.871504,-10.341970,12.478450,0.000000,0.000000,22.951537,-0.016439,0.115898,0.073805,-0.016306,0.114328,0.072132,-0.000133,0.001570,0.001672,-0.012413,-0.135223,-0.095087,0.165773,0.578052,6.296930,4.427896,6.296930,68.594713,48.234652,4.427896,48.234652,33.917798,-0.000000,-0.000000,103.090563,-0.012413,-0.135223,-0.095087,0.165773,0.582002,6.339956,4.458151,6.339956,69.063410,48.564231,4.458151,48.564231,34.149553,-0.000000,0.000000,103.794964,0.001752,0.109221,0.073290,0.001721,0.108778,0.073001,0.000031,0.000443,0.000289,-0.003728,-0.034244,-0.007551,0.035264,1.207646,11.094087,2.446250,11.094087,101.916231,22.472561,2.446250,22.472561,4.955207,-0.000000,0.000000,108.079084,-0.003728,-0.034244,-0.007551,0.035264,1.212061,11.134637,2.455191,11.134637,102.288745,22.554701,2.455191,22.554701,4.973319,-0.000000,-0.000000,108.474124,0.015178,0.101450,0.052045,0.014880,0.100946,0.050993,0.000298,0.000504,0.001052,-0.006678,-0.093460,0.002261,0.093725,0.541871,7.583598,-0.183434,7.583598,106.134035,-2.567200,-0.183434,-2.567200,0.062096,-0.000000,0.000000,106.738002,-0.006678,-0.093460,0.002261,0.093725,0.556524,7.788672,-0.188395,7.788672,109.004090,-2.636622,-0.188395,-2.636622,0.063775,-0.000000,0.000000,109.624389,0.027788,0.087093,0.053196,0.027788,0.087093,0.053196,0.000000,0.000000,0.000000,-0.000000,0.000004,0.000001,0.000004,0.414955,-5.855626,-0.817570,-5.855626,82.631551,11.537121,-0.817570,11.537121,1.610827,-0.000000,0.000000,84.657333,-0.000000,0.000004,0.000001,0.000004,0.414954,-5.855622,-0.817569,-5.855622,82.631504,11.537114,-0.817569,11.537114,1.610826,0.000000,0.000000,84.657284
0.7545,baseline,0.518,20.0000,4.157088,-1.256330,-1.431204,-0.021476,-0.118117,1.268602,-1.942020,1.018563,-2.595495,1.492563,-2.440563,1.580000,-2.027923,0.010256,0.046699,0.023981,0.023981,0.023981,0.023981,0.023981,0.023981,-0.000000,0.023981,0.023981,0.023981,0.023981,1.544238,-0.711399,1.182813,0.018610,0.003937,0.000000,-0.003937,-0.005906,0.771310,0.890835,0.890835,0.619286,1.151506,1.151506,0.907478,1.119525,1.119525,0.960640,1.048564,1.048564,-0.007645,0.088121,-0.008571,0.003613,0.061050,-0.009209,-0.011258,0.027071,0.000638,-0.007808,0.016576,-0.020001,0.027125,2.532554,-5.376490,6.487184,-5.376490,11.414030,-13.771981,6.487184,-13.771981,16.617046,0.000000,0.000000,30.563630,-0.007808,0.016576,-0.020001,0.027125,1.901803,-4.037436,4.871504,-4.037436,8.571284,-10.341970,4.871504,-10.341970,12.478450,0.000000,0.000000,22.951537,-0.016439,0.115898,0.073805,-0.016306,0.114328,0.072132,-0.000133,0.001570,0.001672,-0.012413,-0.135223,-0.095087,0.165773,0.578052,6.296930,4.427896,6.296930,68.594713,48.234652,4.427896,48.234652,33.917798,-0.000000,-0.000000,103.090563,-0.012413,-0.135223,-0.095087,0.165773,0.582002,6.339956,4.458151,6.339956,69.063410,48.564231,4.458151,48.564231,34.149553,-0.000000,0.000000,103.794964,0.001752,0.109221,0.073290,0.001721,0.108778,0.073001,0.000031,0.000443,0.000289,-0.003728,-0.034244,-0.007551,0.035264,1.207646,11.094087,2.446250,11.094087,101.916231,22.472561,2.446250,22.472561,4.955207,-0.000000,0.000000,108.079084,-0.003728,-0.034244,-0.007551,0.035264,1.212061,11.134637,2.455191,11.134637,102.288745,22.554701,2.455191,22.554701,4.973319,-0.000000,-0.000000,108.474124,0.015178,0.101450,0.052045,0.014880,0.100946,0.050993,0.000298,0.000504,0.001052,-0.006678,-0.093460,0.002261,0.093725,0.541871,7.583598,-0.183434,7.583598,106.134035,-2.567200,-0.183434,-2.567200,0.062096,-0.000000,0.000000,106.738002,-0.006678,-0.093460,0.002261,0.093725,0.556524,7.788672,-0.188395,7.788672,109.004090,-2.636622,-0.188395,-2.636622,0.063775,-0.000000,0.000000,109.624389,0.027788,0.087093,0.053196,0.027788,0.087093,0.053196,0.000000,0.000000,0.000000,-0.000000,0.000004,0.000001,0.000004,0.414955,-5.855626,-0.817570,-5.855626,82.631551,11.537121,-0.817570,11.537121,1.610827,-0.000000,0.000000,84.657333,-0.000000,0.000004,0.000001,0.000004,0.414954,-5.855622,-0.817569,-5.855622,82.631504,11.537114,-0.817569,11.537114,1.610826,0.000000,0.000000,84.657284
0.7970,baseline,0.518,20.0000,4.157088,-1.256330,-1.431204,-0.021476,-0.118117,1.268602,-1.942020,1.018563,-2.595495,1.492563,-2.440563,1.580000,-2.027923,0.007567,0.013559,0.023981,0.023981,0.023981,0.023981,0.023981,0.023981,-0.000000,0.023981,0.023981,0.023981,0.023981,1.544238,-0.711399,1.182813,0.018610,0.003937,0.000000,-0.003937,-0.005906,0.771310,0.890835,0.890835,0.619286,1.151506,1.151506,0.907478,1.119525,1.119525,0.960640,1.048564,1.048564,-0.007645,0.088121,-0.008571,0.003613,0.061050,-0.009209,-0.011258,0.027071,0.000638,-0.007808,0.016576,-0.020001,0.027125,2.532554,-5.376490,6.487184,-5.376490,11.414030,-13.771981,6.487184,-13.771981,16.617046,0.000000,0.000000,30.563630,-0.007808,0.016576,-0.020001,0.027125,1.901803,-4.037436,4.871504,-4.037436,8.571284,-10.341970,4.871504,-10.341970,12.478450,0.000000,0.000000,22.951537,-0.016439,0.115898,0.073805,-0.016306,0.114328,0.072132,-0.000133,0.001570,0.001672,-0.012413,-0.135223,-0.095087,0.165773,0.578052,6.296930,4.427896,6.296930,68.594713,48.234652,4.427896,48.234652,33.917798,-0.000000,-0.000000,103.090563,-0.012413,-0.135223,-0.095087,0.165773,0.582002,6.339956,4.458151,6.339956,69.063410,48.564231,4.458151,48.564231,34.149553,-0.000000,0.000000,103.794964,0.001752,0.109221,0.073290,0.001721,0.108778,0.073001,0.000031,0.000443,0.000289,-0.003728,-0.034244,-0.007551,0.035264,1.207646,11.094087,2.446250,11.094087,101.916231,22.472561,2.446250,22.472561,4.955207,-0.000000,0.000000,108.079084,-0.003728,-0.034244,-0.007551,0.035264,1.212061,11.134637,2.455191,11.134637,102.288745,22.554701,2.455191,22.554701,4.973319,-0.000000,-0.000000,108.474124,0.015178,0.101450,0.052045,0.014880,0.100946,0.050993,0.000298,0.000504,0.001052,-0.006678,-0.093460,0.002261,0.093725,0.541871,7.583598,-0.183434,7.583598,106.134035,-2.567200,-0.183434,-2.567200,0.062096,-0.000000,0.000000,106.738002,-0.006678,-0.093460,0.002261,0.093725,0.556524,7.788672,-0.188395,7.788672,109.004090,-2.636622,-0.188395,-2.636622,0.063775,-0.000000,0.000000,109.624389,0.027788,0.087093,0.053196,0.027788,0.087093,0.053196,0.000000,0.000000,0.000000,-0.000000,0.000004,0.000001,0.000004,0.414955,-5.855626,-0.817570,-5.855626,82.631551,11.537121,-0.817570,11.537121,1.610827,-0.000000,0.000000,84.657333,-0.000000,0.000004,0.000001,0.000004,0.414954,-5.855622,-0.817569,-5.855622,82.631504,11.537114,-0.817569,11.537114,1.610826,0.000000,0.000000,84.657284
0.8399,baseline,0.518,20.0000,4.157088,-1.248660,-1.431204,-0.021476,-0.118117,1.268602,-1.942020,1.018563,-2.595495,1.492563,-2.440563,1.580000,-2.027923,0.003956,0.076128,0.023981,0.023981,0.023981,0.023981,0.023981,0.023981,-0.000000,0.023981,0.023981,0.023981,0.023981,1.544238,-0.707056,1.182813,0.018610,0.003937,0.000000,-0.003937,-0.005906,0.771310,0.890835,0.890835,0.619286,1.151506,1.151506,0.907478,1.119525,1.119525,0.960640,1.048564,1.048564,-0.007692,0.088229,-0.008346,0.003613,0.061050,-0.009209,-0.011305,0.027179,0.000863,-0.008861,0.018858,-0.022563,0.030713,2.544449,-5.415317,6.479205,-5.415317,11.525347,-13.789604,6.479205,-13.789604,16.498695,-0.000000,0.000000,30.568491,-0.008861,0.018858,-0.022563,0.030713,1.907032,-4.058710,4.856080,-4.058710,8.638099,-10.335131,4.856080,-10.335131,12.365560,-0.000000,0.000000,22.910690,-0.016439,0.115898,0.073805,-0.016306,0.114328,0.072132,-0.000133,0.001570,0.001672,-0.012413,-0.135223,-0.095087,0.165773,0.578052,6.296930,4.427896,6.296930,68.594713,48.234652,4.427896,48.234652,33.917798,-0.000000,-0.000000,103.090563,-0.012413,-0.135223,-0.095087,0.165773,0.582002,6.339956,4.458151,6.339956,69.063410,48.564231,4.458151,48.564231,34.149553,-0.000000,0.000000,103.794964,0.001752,0.109221,0.073290,0.001721,0.108778,0.073001,0.000031,0.000443,0.000289,-0.003728,-0.034244,-0.007551,0.035264,1.207646,11.094087,2.446250,11.094087,101.916231,22.472561,2.446250,22.472561,4.955207,-0.000000,0.000000,108.079084,-0.003728,-0.034244,-0.007551,0.035264,1.212061,11.134637,2.455191,11.134637,102.288745,22.554701,2.455191,22.554701,4.973319,-0.000000,-0.000000,108.474124,0.015178,0.101450,0.052045,0.014880,0.100946,0.050993,0.000298,0.000504,0.001052,-0.006678,-0.093460,0.002261,0.093725,0.541871,7.583598,-0.183434,7.583598,106.134035,-2.567200,-0.183434,-2.567200,0.062096,-0.000000,0.000000,106.738002,-0.006678,-0.093460,0.002261,0.093725,0.556524,7.788672,-0.188395,7.788672,109.004090,-2.636622,-0.188395,-2.636622,0.063775,-0.000000,0.000000,109.624389,0.027788,0.087093,0.053196,0.027788,0.087093,0.053196,0.000000,0.000000,0.000000,-0.000000,0.000004,0.000001,0.000004,0.414955,-5.855626,-0.817570,-5.855626,82.631551,11.537121,-0.817570,11.537121,1.610827,-0.000000,0.000000,84.657333,-0.000000,0.000004,0.000001,0.000004,0.414954,-5.855622,-0.817569,-5.855622,82.631504,11.537114,-0.817569,11.537114,1.610826,0.000000,0.000000,84.657284
0.8818,baseline,0.518,20.0000,4.158622,-1.239456,-1.431204,-0.021476,-0.118117,1.268602,-1.942020,1.018563,-2.595495,1.492563,-2.440563,1.580000,-2.027923,0.017242,0.247221,0.023981,0.023981,0.023981,0.023981,0.023981,0.023981,-0.000000,0.023981,0.023981,0.023981,0.023981,1.544808,-0.701844,1.182813,0.018610,0.003937,0.000000,-0.003937,-0.005906,0.771310,0.890835,0.890835,0.619286,1.151506,1.151506,0.907478,1.119525,1.119525,0.960640,1.048564,1.048564,-0.007710,0.088347,-0.008065,0.003613,0.061050,-0.009209,-0.011323,0.027297,0.001144,-0.010331,0.022093,-0.026156,0.035763,2.551477,-5.456239,6.459817,-5.456239,11.667968,-13.814081,6.459817,-13.814081,16.354934,-0.000000,0.000000,30.574378,-0.010331,0.022093,-0.026156,0.035763,1.907568,-4.079264,4.829571,-4.079264,8.723356,-10.327860,4.829571,-10.327860,12.227485,-0.000000,-0.000000,22.858408,-0.016439,0.115898,0.073805,-0.016306,0.114328,0.072132,-0.000133,0.001570,0.001672,-0.012413,-0.135223,-0.095087,0.165773,0.578052,6.296930,4.427896,6.296930,68.594713,48.234652,4.427896,48.234652,33.917798,-0.000000,-0.000000,103.090563,-0.012413,-0.135223,-0.095087,0.165773,0.582002,6.339956,4.458151,6.339956,69.063410,48.564231,4.458151,48.564231,34.149553,-0.000000,0.000000,103.794964,0.001752,0.109221,0.073290,0.001721,0.108778,0.073001,0.000031,0.000443,0.000289,-0.003728,-0.034244,-0.007551,0.035264,1.207646,11.094087,2.446250,11.094087,101.916231,22.472561,2.446250,22.472561,4.955207,-0.000000,0.000000,108.079084,-0.003728,-0.034244,-0.007551,0.035264,1.212061,11.134637,2.455191,11.134637,102.288745,22.554701,2.455191,22.554701,4.973319,-0.000000,-0.000000,108.474124,0.015178,0.101450,0.052045,0.014880,0.100946,0.050993,0.000298,0.000504,0.001052,-0.006678,-0.093460,0.002261,0.093725,0.541871,7.583598,-0.183434,7.583598,106.134035,-2.567200,-0.183434,-2.567200,0.062096,-0.000000,0.000000,106.738002,-0.006678,-0.093460,0.002261,0.093725,0.556524,7.788672,-0.188395,7.788672,109.004090,-2.636622,-0.188395,-2.636622,0.063775,-0.000000,0.000000,109.624389,0.027788,0.087093,0.053196,0.027788,0.087093,0.053196,0.000000,0.000000,0.000000,-0.000000,0.000004,0.000001,0.000004,0.414955,-5.855626,-0.817570,-5.855626,82.631551,11.537121,-0.817570,11.537121,1.610827,-0.000000,0.000000,84.657333,-0.000000,0.000004,0.000001,0.000004,0.414954,-5.855622,-0.817569,-5.855622,82.631504,11.537114,-0.817569,11.537114,1.610826,0.000000,0.000000,84.657284
0.9242,baseline,0.518,20.0000,4.157088,-1.239456,-1.431204,-0.021476,-0.118117,1.268602,-1.942020,1.018563,-2.595495,1.492563,-2.440563,1.580000,-2.027923,0.010939,0.098372,0.023981,0.023981,0.023981,0.023981,0.023981,0.023981,-0.000000,0.023981,0.023981,0.023981,0.023981,1.544238,-0.701844,1.182813,0.018610,0.003937,0.000000,-0.003937,-0.005906,0.771310,0.890835,0.890835,0.619286,1.151506,1.151506,0.907478,1.119525,1.119525,0.960640,1.048564,1.048564,-0.007747,0.088358,-0.008074,0.003613,0.061050,-0.009209,-0.011361,0.027308,0.001134,-0.010127,0.021618,-0.025605,0.035007,2.558803,-5.461987,6.469392,-5.461987,11.659085,-13.809479,6.469392,-13.809479,16.356491,-0.000000,0.000000,30.574378,-0.010127,0.021618,-0.025605,0.035007,1.913338,-4.084186,4.837471,-4.084186,8.718050,-10.326002,4.837471,-10.326002,12.230523,-0.000000,0.000000,22.861912,-0.016439,0.115898,0.073805,-0.016306,0.114328,0.072132,-0.000133,0.001570,0.001672,-0.012413,-0.135223,-0.095087,0.165773,0.578052,6.296930,4.427896,6.296930,68.594713,48.234652,4.427896,48.234652,33.917798,-0.000000,-0.000000,103.090563,-0.012413,-0.135223,-0.095087,0.165773,0.582002,6.339956,4.458151,6.339956,69.063410,48.564231,4.458151,48.564231,34.149553,-0.000000,0.000000,103.794964,0.001752,0.109221,0.073290,0.001721,0.108778,0.073001,0.000031,0.000443,0.000289,-0.003728,-0.034244,-0.007551,0.035264,1.207646,11.094087,2.446250,11.094087,101.916231,22.472561,2.446250,22.472561,4.955207,-0.000000,0.000000,108.079084,-0.003728,-0.034244,-0.007551,0.035264,1.212061,11.134637,2.455191,11.134637,102.288745,22.554701,2.455191,22.554701,4.973319,-0.000000,-0.000000,108.474124,0.015178,0.101450,0.052045,0.014880,0.100946,0.050993,0.000298,0.000504,0.001052,-0.006678,-0.093460,0.002261,0.093725,0.541871,7.583598,-0.183434,7.583598,106.134035,-2.567200,-0.183434,-2.567200,0.062096,-0.000000,0.000000,106.738002,-0.006678,-0.093460,0.002261,0.093725,0.556524,7.788672,-0.188395,7.788672,109.004090,-2.636622,-0.188395,-2.636622,0.063775,-0.000000,0.000000,109.624389,0.027788,0.087093,0.053196,0.027788,0.087093,0.053196,0.000000,0.000000,0.000000,-0.000000,0.000004,0.000001,0.000004,0.414955,-5.855626,-0.817570,-5.855626,82.631551,11.537121,-0.817570,11.537121,1.610827,-0.000000,0.000000,84.657333,-0.000000,0.000004,0.000001,0.000004,0.414954,-5.855622,-0.817569,-5.855622,82.631504,11.537114,-0.817569,11.537114,1.610826,0.000000,0.000000,84.657284
0.9666,baseline,0.518,20.0000,4.157088,-1.239456,-1.431204,-0.021476,-0.118117,1.268602,-1.942020,1.018563,-2.595495,1.492563,-2.440563,1.580000,-2.027923,0.009761,0.040999,0.023981,0.023981,0.023981,0.023981,0.023981,0.023981,-0.000000,0.023981,0.023981,0.023981,0.023981,1.544238,-0.701844,1.182813,0.018610,0.003937,0.000000,-0.003937,-0.005906,0.771310,0.890835,0.890835,0.619286,1.151506,1.151506,0.907478,1.119525,1.119525,0.960640,1.048564,1.048564,-0.007747,0.088358,-0.008074,0.003613,0.061050,-0.009209,-0.011361,0.027308,0.001134,-0.010127,0.021618,-0.025605,0.035007,2.558803,-5.461987,6.469392,-5.461987,11.659085,-13.809479,6.469392,-13.809479,16.356491,-0.000000,0.000000,30.574378,-0.010127,0.021618,-0.025605,0.035007,1.913338,-4.084186,4.837471,-4.084186,8.718050,-10.326002,4.837471,-10.326002,12.230523,-0.000000,0.000000,22.861912,-0.016439,0.115898,0.073805,-0.016306,0.114328,0.072132,-0.000133,0.001570,0.001672,-0.012413,-0.135223,-0.095087,0.165773,0.578052,6.296930,4.427896,6.296930,68.594713,48.234652,4.427896,48.234652,33.917798,-0.000000,-0.000000,103.090563,-0.012413,-0.135223,-0.095087,0.165773,0.582002,6.339956,4.458151,6.339956,69.063410,48.564231,4.458151,48.564231,34.149553,-0.000000,0.000000,103.794964,0.001752,0.109221,0.073290,0.001721,0.108778,0.073001,0.000031,0.000443,0.000289,-0.003728,-0.034244,-0.007551,0.035264,1.207646,11.094087,2.446250,11.094087,101.916231,22.472561,2.446250,22.472561,4.955207,-0.000000,0.000000,108.079084,-0.003728,-0.034244,-0.007551,0.035264,1.212061,11.134637,2.455191,11.134637,102.288745,22.554701,2.455191,22.554701,4.973319,-0.000000,-0.000000,108.474124,0.015178,0.101450,0.052045,0.014880,0.100946,0.050993,0.000298,0.000504,0.001052,-0.006678,-0.093460,0.002261,0.093725,0.541871,7.583598,-0.183434,7.583598,106.134035,-2.567200,-0.183434,-2.567200,0.062096,-0.000000,0.000000,106.738002,-0.006678,-0.093460,0.002261,0.093725,0.556524,7.788672,-0.188395,7.788672,109.004090,-2.636622,-0.188395,-2.636622,0.063775,-0.000000,0.000000,109.624389,0.027788,0.087093,0.053196,0.027788,0.087093,0.053196,0.000000,0.000000,0.000000,-0.000000,0.000004,0.000001,0.000004,0.414955,-5.855626,-0.817570,-5.855626,82.631551,11.537121,-0.817570,11.537121,1.610827,-0.000000,0.000000,84.657333,-0.000000,0.000004,0.000001,0.000004,0.414954,-5.855622,-0.817569,-5.855622,82.631504,11.537114,-0.817569,11.537114,1.610826,0.000000,0.000000,84.657284
1.0091,baseline,0.518,20.0000,4.157088,-1.239456,-1.431204,-0.021476,-0.118117,1.268602,-1.942020,1.018563,-2.595495,1.492563,-2.440563,1.580000,-2.027923,0.014756,0.027874,0.023981,0.023981,0.023981,0.023981,0.023981,0.023981,-0.000000,0.023981,0.023981,0.023981,0.023981,1.544238,-0.701844,1.182813,0.018610,0.003937,0.000000,-0.003937,-0.005906,0.771310,0.890835,0.890835,0.619286,1.151506,1.151506,0.907478,1.119525,1.119525,0.960640,1.048564,1.048564,-0.007747,0.088358,-0.008074,0.003613,0.061050,-0.009209,-0.011361,0.027308,0.001134,-0.010127,0.021618,-0.025605,0.035007,2.558803,-5.461987,6.469392,-5.461987,11.659085,-13.809479,6.469392,-13.809479,16.356491,-0.000000,0.000000,30.574378,-0.010127,0.021618,-0.025605,0.035007,1.913338,-4.084186,4.837471,-4.084186,8.718050,-10.326002,4.837471,-10.326002,12.230523,-0.000000,0.000000,22.861912,-0.016439,0.115898,0.073805,-0.016306,0.114328,0.072132,-0.000133,0.001570,0.001672,-0.012413,-0.135223,-0.095087,0.165773,0.578052,6.296930,4.427896,6.296930,68.594713,48.234652,4.427896,48.234652,33.917798,-0.000000,-0.000000,103.090563,-0.012413,-0.135223,-0.095087,0.165773,0.582002,6.339956,4.458151,6.339956,69.063410,48.564231,4.458151,48.564231,34.149553,-0.000000,0.000000,103.794964,0.001752,0.109221,0.073290,0.001721,0.108778,0.073001,0.000031,0.000443,0.000289,-0.003728,-0.034244,-0.007551,0.035264,1.207646,11.094087,2.446250,11.094087,101.916231,22.472561,2.446250,22.472561,4.955207,-0.000000,0.000000,108.079084,-0.003728,-0.034244,-0.007551,0.035264,1.212061,11.134637,2.455191,11.134637,102.288745,22.554701,2.455191,22.554701,4.973319,-0.000000,-0.000000,108.474124,0.015178,0.101450,0.052045,0.014880,0.100946,0.050993,0.000298,0.000504,0.001052,-0.006678,-0.093460,0.002261,0.093725,0.541871,7.583598,-0.183434,7.583598,106.134035,-2.567200,-0.183434,-2.567200,0.062096,-0.000000,0.000000,106.738002,-0.006678,-0.093460,0.002261,0.093725,0.556524,7.788672,-0.188395,7.788672,109.004090,-2.636622,-0.188395,-2.636622,0.063775,-0.000000,0.000000,109.624389,0.027788,0.087093,0.053196,0.027788,0.087093,0.053196,0.000000,0.000000,0.000000,-0.000000,0.000004,0.000001,0.000004,0.414955,-5.855626,-0.817570,-5.855626,82.631551,11.537121,-0.817570,11.537121,1.610827,-0.000000,0.000000,84.657333,-0.000000,0.000004,0.000001,0.000004,0.414954,-5.855622,-0.817569,-5.855622,82.631504,11.537114,-0.817569,11.537114,1.610826,0.000000,0.000000,84.657284
1.0515,baseline,0.518,20.0000,4.157088,-1.239456,-1.431204,-0.021476,-0.118117,1.268602,-1.942020,1.018563,-2.595495,1.492563,-2.440563,1.580000,-2.027923,0.007180,0.024871,0.023981,0.023981,0.023981,0.023981,0.023981,0.023981,-0.000000,0.023981,0.023981,0.023981,0.023981,1.544238,-0.701844,1.182813,0.018610,0.003937,0.000000,-0.003937,-0.005906,0.771310,0.890835,0.890835,0.619286,1.151506,1.151506,0.907478,1.119525,1.119525,0.960640,1.048564,1.048564,-0.007747,0.088358,-0.008074,0.003613,0.061050,-0.009209,-0.011361,0.027308,0.001134,-0.010127,0.021618,-0.025605,0.035007,2.558803,-5.461987,6.469392,-5.461987,11.659085,-13.809479,6.469392,-13.809479,16.356491,-0.000000,0.000000,30.574378,-0.010127,0.021618,-0.025605,0.035007,1.913338,-4.084186,4.837471,-4.084186,8.718050,-10.326002,4.837471,-10.326002,12.230523,-0.000000,0.000000,22.861912,-0.016439,0.115898,0.073805,-0.016306,0.114328,0.072132,-0.000133,0.001570,0.001672,-0.012413,-0.135223,-0.095087,0.165773,0.578052,6.296930,4.427896,6.296930,68.594713,48.234652,4.427896,48.234652,33.917798,-0.000000,-0.000000,103.090563,-0.012413,-0.135223,-0.095087,0.165773,0.582002,6.339956,4.458151,6.339956,69.063410,48.564231,4.458151,48.564231,34.149553,-0.000000,0.000000,103.794964,0.001752,0.109221,0.073290,0.001721,0.108778,0.073001,0.000031,0.000443,0.000289,-0.003728,-0.034244,-0.007551,0.035264,1.207646,11.094087,2.446250,11.094087,101.916231,22.472561,2.446250,22.472561,4.955207,-0.000000,0.000000,108.079084,-0.003728,-0.034244,-0.007551,0.035264,1.212061,11.134637,2.455191,11.134637,102.288745,22.554701,2.455191,22.554701,4.973319,-0.000000,-0.000000,108.474124,0.015178,0.101450,0.052045,0.014880,0.100946,0.050993,0.000298,0.000504,0.001052,-0.006678,-0.093460,0.002261,0.093725,0.541871,7.583598,-0.183434,7.583598,106.134035,-2.567200,-0.183434,-2.567200,0.062096,-0.000000,0.000000,106.738002,-0.006678,-0.093460,0.002261,0.093725,0.556524,7.788672,-0.188395,7.788672,109.004090,-2.636622,-0.188395,-2.636622,0.063775,-0.000000,0.000000,109.624389,0.027788,0.087093,0.053196,0.027788,0.087093,0.053196,0.000000,0.000000,0.000000,-0.000000,0.000004,0.000001,0.000004,0.414955,-5.855626,-0.817570,-5.855626,82.631551,11.537121,-0.817570,11.537121,1.610827,-0.000000,0.000000,84.657333,-0.000000,0.000004,0.000001,0.000004,0.414954,-5.855622,-0.817569,-5.855622,82.631504,11.537114,-0.817569,11.537114,1.610826,0.000000,0.000000,84.657284
1.0940,baseline,0.518,20.0000,4.157088,-1.237922,-1.431204,-0.021476,-0.118117,1.268602,-1.942020,1.018563,-2.595495,1.492563,-2.440563,1.580000,-2.027923,0.015301,0.026583,0.023981,0.023981,0.023981,0.023981,0.023981,0.023981,-0.000000,0.023981,0.023981,0.023981,0.023981,1.544238,-0.700975,1.182813,0.018610,0.003937,0.000000,-0.003937,-0.005906,0.771310,0.890835,0.890835,0.619286,1.151506,1.151506,0.907478,1.119525,1.119525,0.960640,1.048564,1.048564,-0.007757,0.088379,-0.008029,0.003613,0.061050,-0.009209,-0.011370,0.027329,0.001180,-0.010339,0.022080,-0.026108,0.035722,2.561203,-5.469773,6.467732,-5.469773,11.681390,-13.812657,6.467732,-13.812657,16.332772,-0.000000,0.000000,30.575365,-0.010339,0.022080,-0.026108,0.035722,1.914392,-4.088427,4.834359,-4.088427,8.731351,-10.324383,4.834359,-10.324383,12.208064,0.000000,0.000000,22.853807,-0.016439,0.115898,0.073805,-0.016306,0.114328,0.072132,-0.000133,0.001570,0.001672,-0.012413,-0.135223,-0.095087,0.165773,0.578052,6.296930,4.427896,6.296930,68.594713,48.234652,4.427896,48.234652,33.917798,-0.000000,-0.000000,103.090563,-0.012413,-0.135223,-0.095087,0.165773,0.582002,6.339956,4.458151,6.339956,69.063410,48.564231,4.458151,48.564231,34.149553,-0.000000,0.000000,103.794964,0.001752,0.109221,0.073290,0.001721,0.108778,0.073001,0.000031,0.000443,0.000289,-0.003728,-0.034244,-0.007551,0.035264,1.207646,11.094087,2.446250,11.094087,101.916231,22.472561,2.446250,22.472561,4.955207,-0.000000,0.000000,108.079084,-0.003728,-0.034244,-0.007551,0.035264,1.212061,11.134637,2.455191,11.134637,102.288745,22.554701,2.455191,22.554701,4.973319,-0.000000,-0.000000,108.474124,0.015178,0.101450,0.052045,0.014880,0.100946,0.050993,0.000298,0.000504,0.001052,-0.006678,-0.093460,0.002261,0.093725,0.541871,7.583598,-0.183434,7.583598,106.134035,-2.567200,-0.183434,-2.567200,0.062096,-0.000000,0.000000,106.738002,-0.006678,-0.093460,0.002261,0.093725,0.556524,7.788672,-0.188395,7.788672,109.004090,-2.636622,-0.188395,-2.636622,0.063775,-0.000000,0.000000,109.624389,0.027788,0.087093,0.053196,0.027788,0.087093,0.053196,0.000000,0.000000,0.000000,-0.000000,0.000004,0.000001,0.000004,0.414955,-5.855626,-0.817570,-5.855626,82.631551,11.537121,-0.817570,11.537121,1.610827,-0.000000,0.000000,84.657333,-0.000000,0.000004,0.000001,0.000004,0.414954,-5.855622,-0.817569,-5.855622,82.631504,11.537114,-0.817569,11.537114,1.610826,0.000000,0.000000,84.657284
1.1369,baseline,0.518,20.0000,4.157088,-1.237922,-1.431204,-0.021476,-0.118117,1.268602,-1.942020,1.018563,-2.595495,1.492563,-2.440563,1.580000,-2.027923,0.008930,0.033740,0.023981,0.023981,0.023981,0.023981,0.023981,0.023981,-0.000000,0.023981,0.023981,0.023981,0.023981,1.544238,-0.700975,1.182813,0.018610,0.003937,0.000000,-0.003937,-0.005906,0.771310,0.890835,0.890835,0.619286,1.151506,1.151506,0.907478,1.119525,1.119525,0.960640,1.048564,1.048564,-0.007757,0.088379,-0.008029,0.003613,0.061050,-0.009209,-0.011370,0.027329,0.001180,-0.010339,0.022080,-0.026108,0.035722,2.561203,-5.469773,6.467732,-5.469773,11.681390,-13.812657,6.467732,-13.812657,16.332772,-0.000000,0.000000,30.575365,-0.010339,0.022080,-0.026108,0.035722,1.914392,-4.088427,4.834359,-4.088427,8.731351,-10.324383,4.834359,-10.324383,12.208064,0.000000,0.000000,22.853807,-0.016439,0.115898,0.073805,-0.016306,0.114328,0.072132,-0.000133,0.001570,0.001672,-0.012413,-0.135223,-0.095087,0.165773,0.578052,6.296930,4.427896,6.296930,68.594713,48.234652,4.427896,48.234652,33.917798,-0.000000,-0.000000,103.090563,-0.012413,-0.135223,-0.095087,0.165773,0.582002,6.339956,4.458151,6.339956,69.063410,48.564231,4.458151,48.564231,34.149553,-0.000000,0.000000,103.794964,0.001752,0.109221,0.073290,0.001721,0.108778,0.073001,0.000031,0.000443,0.000289,-0.003728,-0.034244,-0.007551,0.035264,1.207646,11.094087,2.446250,11.094087,101.916231,22.472561,2.446250,22.472561,4.955207,-0.000000,0.000000,108.079084,-0.003728,-0.034244,-0.007551,0.035264,1.212061,11.134637,2.455191,11.134637,102.288745,22.554701,2.455191,22.554701,4.973319,-0.000000,-0.000000,108.474124,0.015178,0.101450,0.052045,0.014880,0.100946,0.050993,0.000298,0.000504,0.001052,-0.006678,-0.093460,0.002261,0.093725,0.541871,7.583598,-0.183434,7.583598,106.134035,-2.567200,-0.183434,-2.567200,0.062096,-0.000000,0.000000,106.738002,-0.006678,-0.093460,0.002261,0.093725,0.556524,7.788672,-0.188395,7.788672,109.004090,-2.636622,-0.188395,-2.636622,0.063775,-0.000000,0.000000,109.624389,0.027788,0.087093,0.053196,0.027788,0.087093,0.053196,0.000000,0.000000,0.000000,-0.000000,0.000004,0.000001,0.000004,0.414955,-5.855626,-0.817570,-5.855626,82.631551,11.537121,-0.817570,11.537121,1.610827,-0.000000,0.000000,84.657333,-0.000000,0.000004,0.000001,0.000004,0.414954,-5.855622,-0.817569,-5.855622,82.631504,11.537114,-0.817569,11.537114,1.610826,0.000000,0.000000,84.657284
1.1788,baseline,0.518,20.0000,4.157088,-1.237922,-1.431204,-0.021476,-0.118117,1.268602,-1.942020,1.018563,-2.595495,1.492563,-2.440563,1.580000,-2.027923,0.014781,0.026461,0.023981,0.023981,0.023981,0.023981,0.023981,0.023981,-0.000000,0.023981,0.023981,0.023981,0.023981,1.544238,-0.700975,1.182813,0.018610,0.003937,0.000000,-0.003937,-0.005906,0.771310,0.890835,0.890835,0.619286,1.151506,1.151506,0.907478,1.119525,1.119525,0.960640,1.048564,1.048564,-0.007757,0.088379,-0.008029,0.003613,0.061050,-0.009209,-0.011370,0.027329,0.001180,-0.010339,0.022080,-0.026108,0.035722,2.561203,-5.469773,6.467732,-5.469773,11.681390,-13.812657,6.467732,-13.812657,16.332772,-0.000000,0.000000,30.575365,-0.010339,0.022080,-0.026108,0.035722,1.914392,-4.088427,4.834359,-4.088427,8.731351,-10.324383,4.834359,-10.324383,12.208064,0.000000,0.000000,22.853807,-0.016439,0.115898,0.073805,-0.016306,0.114328,0.072132,-0.000133,0.001570,0.001672,-0.012413,-0.135223,-0.095087,0.165773,0.578052,6.296930,4.427896,6.296930,68.594713,48.234652,4.427896,48.234652,33.917798,-0.000000,-0.000000,103.090563,-0.012413,-0.135223,-0.095087,0.165773,0.582002,6.339956,4.458151,6.339956,69.063410,48.564231,4.458151,48.564231,34.149553,-0.000000,0.000000,103.794964,0.001752,0.109221,0.073290,0.001721,0.108778,0.073001,0.000031,0.000443,0.000289,-0.003728,-0.034244,-0.007551,0.035264,1.207646,11.094087,2.446250,11.094087,101.916231,22.472561,2.446250,22.472561,4.955207,-0.000000,0.000000,108.079084,-0.003728,-0.034244,-0.007551,0.035264,1.212061,11.134637,2.455191,11.134637,102.288745,22.554701,2.455191,22.554701,4.973319,-0.000000,-0.000000,108.474124,0.015178,0.101450,0.052045,0.014880,0.100946,0.050993,0.000298,0.000504,0.001052,-0.006678,-0.093460,0.002261,0.093725,0.541871,7.583598,-0.183434,7.583598,106.134035,-2.567200,-0.183434,-2.567200,0.062096,-0.000000,0.000000,106.738002,-0.006678,-0.093460,0.002261,0.093725,0.556524,7.788672,-0.188395,7.788672,109.004090,-2.636622,-0.188395,-2.636622,0.063775,-0.000000,0.000000,109.624389,0.027788,0.087093,0.053196,0.027788,0.087093,0.053196,0.000000,0.000000,0.000000,-0.000000,0.000004,0.000001,0.000004,0.414955,-5.855626,-0.817570,-5.855626,82.631551,11.537121,-0.817570,11.537121,1.610827,-0.000000,0.000000,84.657333,-0.000000,0.000004,0.000001,0.000004,0.414954,-5.855622,-0.817569,-5.855622,82.631504,11.537114,-0.817569,11.537114,1.610826,0.000000,0.000000,84.657284
1.2215,baseline,0.518,20.0000,4.157088,-1.237922,-1.431204,-0.021476,-0.118117,1.268602,-1.942020,1.018563,-2.595495,1.492563,-2.440563,1.580000,-2.027923,0.006664,0.024492,0.023981,0.023981,0.023981,0.023981,0.023981,0.023981,-0.000000,0.023981,0.023981,0.023981,0.023981,1.544238,-0.700975,1.182813,0.018610,0.003937,0.000000,-0.003937,-0.005906,0.771310,0.890835,0.890835,0.619286,1.151506,1.151506,0.907478,1.119525,1.119525,0.960640,1.048564,1.048564,-0.007757,0.088379,-0.008029,0.003613,0.061050,-0.009209,-0.011370,0.027329,0.001180,-0.010339,0.022080,-0.026108,0.035722,2.561203,-5.469773,6.467732,-5.469773,11.681390,-13.812657,6.467732,-13.812657,16.332772,-0.000000,0.000000,30.575365,-0.010339,0.022080,-0.026108,0.035722,1.914392,-4.088427,4.834359,-4.088427,8.731351,-10.324383,4.834359,-10.324383,12.208064,0.000000,0.000000,22.853807,-0.016439,0.115898,0.073805,-0.016306,0.114328,0.072132,-0.000133,0.001570,0.001672,-0.012413,-0.135223,-0.095087,0.165773,0.578052,6.296930,4.427896,6.296930,68.594713,48.234652,4.427896,48.234652,33.917798,-0.000000,-0.000000,103.090563,-0.012413,-0.135223,-0.095087,0.165773,0.582002,6.339956,4.458151,6.339956,69.063410,48.564231,4.458151,48.564231,34.149553,-0.000000,0.000000,103.794964,0.001752,0.109221,0.073290,0.001721,0.108778,0.073001,0.000031,0.000443,0.000289,-0.003728,-0.034244,-0.007551,0.035264,1.207646,11.094087,2.446250,11.094087,101.916231,22.472561,2.446250,22.472561,4.955207,-0.000000,0.000000,108.079084,-0.003728,-0.034244,-0.007551,0.035264,1.212061,11.134637,2.455191,11.134637,102.288745,22.554701,2.455191,22.554701,4.973319,-0.000000,-0.000000,108.474124,0.015178,0.101450,0.052045,0.014880,0.100946,0.050993,0.000298,0.000504,0.001052,-0.006678,-0.093460,0.002261,0.093725,0.541871,7.583598,-0.183434,7.583598,106.134035,-2.567200,-0.183434,-2.567200,0.062096,-0.000000,0.000000,106.738002,-0.006678,-0.093460,0.002261,0.093725,0.556524,7.788672,-0.188395,7.788672,109.004090,-2.636622,-0.188395,-2.636622,0.063775,-0.000000,0.000000,109.624389,0.027788,0.087093,0.053196,0.027788,0.087093,0.053196,0.000000,0.000000,0.000000,-0.000000,0.000004,0.000001,0.000004,0.414955,-5.855626,-0.817570,-5.855626,82.631551,11.537121,-0.817570,11.537121,1.610827,-0.000000,0.000000,84.657333,-0.000000,0.000004,0.000001,0.000004,0.414954,-5.855622,-0.817569,-5.855622,82.631504,11.537114,-0.817569,11.537114,1.610826,0.000000,0.000000,84.657284
1.2636,baseline,0.518,20.0000,4.157088,-1.237922,-1.431204,-0.021476,-0.118117,1.268602,-1.942020,1.018563,-2.595495,1.492563,-2.440563,1.580000,-2.027923,0.006081,0.024098,0.023981,0.023981,0.023981,0.023981,0.023981,0.023981,-0.000000,0.023981,0.023981,0.023981,0.023981,1.544238,-0.700975,1.182813,0.018610,0.003937,0.000000,-0.003937,-0.005906,0.771310,0.890835,0.890835,0.619286,1.151506,1.151506,0.907478,1.119525,1.119525,0.960640,1.048564,1.048564,-0.007757,0.088379,-0.008029,0.003613,0.061050,-0.009209,-0.011370,0.027329,0.001180,-0.010339,0.022080,-0.026108,0.035722,2.561203,-5.469773,6.467732,-5.469773,11.681390,-13.812657,6.467732,-13.812657,16.332772,-0.000000,0.000000,30.575365,-0.010339,0.022080,-0.026108,0.035722,1.914392,-4.088427,4.834359,-4.088427,8.731351,-10.324383,4.834359,-10.324383,12.208064,0.000000,0.000000,22.853807,-0.016439,0.115898,0.073805,-0.016306,0.114328,0.072132,-0.000133,0.001570,0.001672,-0.012413,-0.135223,-0.095087,0.165773,0.578052,6.296930,4.427896,6.296930,68.594713,48.234652,4.427896,48.234652,33.917798,-0.000000,-0.000000,103.090563,-0.012413,-0.135223,-0.095087,0.165773,0.582002,6.339956,4.458151,6.339956,69.063410,48.564231,4.458151,48.564231,34.149553,-0.000000,0.000000,103.794964,0.001752,0.109221,0.073290,0.001721,0.108778,0.073001,0.000031,0.000443,0.000289,-0.003728,-0.034244,-0.007551,0.035264,1.207646,11.094087,2.446250,11.094087,101.916231,22.472561,2.446250,22.472561,4.955207,-0.000000,0.000000,108.079084,-0.003728,-0.034244,-0.007551,0.035264,1.212061,11.134637,2.455191,11.134637,102.288745,22.554701,2.455191,22.554701,4.973319,-0.000000,-0.000000,108.474124,0.015178,0.101450,0.052045,0.014880,0.100946,0.050993,0.000298,0.000504,0.001052,-0.006678,-0.093460,0.002261,0.093725,0.541871,7.583598,-0.183434,7.583598,106.134035,-2.567200,-0.183434,-2.567200,0.062096,-0.000000,0.000000,106.738002,-0.006678,-0.093460,0.002261,0.093725,0.556524,7.788672,-0.188395,7.788672,109.004090,-2.636622,-0.188395,-2.636622,0.063775,-0.000000,0.000000,109.624389,0.027788,0.087093,0.053196,0.027788,0.087093,0.053196,0.000000,0.000000,0.000000,-0.000000,0.000004,0.000001,0.000004,0.414955,-5.855626,-0.817570,-5.855626,82.631551,11.537121,-0.817570,11.537121,1.610827,-0.000000,0.000000,84.657333,-0.000000,0.000004,0.000001,0.000004,0.414954,-5.855622,-0.817569,-5.855622,82.631504,11.537114,-0.817569,11.537114,1.610826,0.000000,0.000000,84.657284
1.3063,baseline,0.518,20.0000,4.157088,-1.237922,-1.431204,-0.021476,-0.118117,1.268602,-1.942020,1.018563,-2.595495,1.492563,-2.440563,1.580000,-2.027923,0.013206,0.024008,0.023981,0.023981,0.023981,0.023981,0.023981,0.023981,-0.000000,0.023981,0.023981,0.023981,0.023981,1.544238,-0.700975,1.182813,0.018610,0.003937,0.000000,-0.003937,-0.005906,0.771310,0.890835,0.890835,0.619286,1.151506,1.151506,0.907478,1.119525,1.119525,0.960640,1.048564,1.048564,-0.007757,0.088379,-0.008029,0.003613,0.061050,-0.009209,-0.011370,0.027329,0.001180,-0.010339,0.022080,-0.026108,0.035722,2.561203,-5.469773,6.467732,-5.469773,11.681390,-13.812657,6.467732,-13.812657,16.332772,-0.000000,0.000000,30.575365,-0.010339,0.022080,-0.026108,0.035722,1.914392,-4.088427,4.834359,-4.088427,8.731351,-10.324383,4.834359,-10.324383,12.208064,0.000000,0.000000,22.853807,-0.016439,0.115898,0.073805,-0.016306,0.114328,0.072132,-0.000133,0.001570,0.001672,-0.012413,-0.135223,-0.095087,0.165773,0.578052,6.296930,4.427896,6.296930,68.594713,48.234652,4.427896,48.234652,33.917798,-0.000000,-0.000000,103.090563,-0.012413,-0.135223,-0.095087,0.165773,0.582002,6.339956,4.458151,6.339956,69.063410,48.564231,4.458151,48.564231,34.149553,-0.000000,0.000000,103.794964,0.001752,0.109221,0.073290,0.001721,0.108778,0.073001,0.000031,0.000443,0.000289,-0.003728,-0.034244,-0.007551,0.035264,1.207646,11.094087,2.446250,11.094087,101.916231,22.472561,2.446250,22.472561,4.955207,-0.000000,0.000000,108.079084,-0.003728,-0.034244,-0.007551,0.035264,1.212061,11.134637,2.455191,11.134637,102.288745,22.554701,2.455191,22.554701,4.973319,-0.000000,-0.000000,108.474124,0.015178,0.101450,0.052045,0.014880,0.100946,0.050993,0.000298,0.000504,0.001052,-0.006678,-0.093460,0.002261,0.093725,0.541871,7.583598,-0.183434,7.583598,106.134035,-2.567200,-0.183434,-2.567200,0.062096,-0.000000,0.000000,106.738002,-0.006678,-0.093460,0.002261,0.093725,0.556524,7.788672,-0.188395,7.788672,109.004090,-2.636622,-0.188395,-2.636622,0.063775,-0.000000,0.000000,109.624389,0.027788,0.087093,0.053196,0.027788,0.087093,0.053196,0.000000,0.000000,0.000000,-0.000000,0.000004,0.000001,0.000004,0.414955,-5.855626,-0.817570,-5.855626,82.631551,11.537121,-0.817570,11.537121,1.610827,-0.000000,0.000000,84.657333,-0.000000,0.000004,0.000001,0.000004,0.414954,-5.855622,-0.817569,-5.855622,82.631504,11.537114,-0.817569,11.537114,1.610826,0.000000,0.000000,84.657284
1.3484,baseline,0.518,20.0000,4.157088,-1.237922,-1.431204,-0.021476,-0.118117,1.268602,-1.942020,1.018563,-2.595495,1.492563,-2.440563,1.580000,-2.027923,0.015006,0.023987,0.023981,0.023981,0.023981,0.023981,0.023981,0.023981,-0.000000,0.023981,0.023981,0.023981,0.023981,1.544238,-0.700975,1.182813,0.018610,0.003937,0.000000,-0.003937,-0.005906,0.771310,0.890835,0.890835,0.619286,1.151506,1.151506,0.907478,1.119525,1.119525,0.960640,1.048564,1.048564,-0.007757,0.088379,-0.008029,0.003613,0.061050,-0.009209,-0.011370,0.027329,0.001180,-0.010339,0.022080,-0.026108,0.035722,2.561203,-5.469773,6.467732,-5.469773,11.681390,-13.812657,6.467732,-13.812657,16.332772,-0.000000,0.000000,30.575365,-0.010339,0.022080,-0.026108,0.035722,1.914392,-4.088427,4.834359,-4.088427,8.731351,-10.324383,4.834359,-10.324383,12.208064,0.000000,0.000000,22.853807,-0.016439,0.115898,0.073805,-0.016306,0.114328,0.072132,-0.000133,0.001570,0.001672,-0.012413,-0.135223,-0.095087,0.165773,0.578052,6.296930,4.427896,6.296930,68.594713,48.234652,4.427896,48.234652,33.917798,-0.000000,-0.000000,103.090563,-0.012413,-0.135223,-0.095087,0.165773,0.582002,6.339956,4.458151,6.339956,69.063410,48.564231,4.458151,48.564231,34.149553,-0.000000,0.000000,103.794964,0.001752,0.109221,0.073290,0.001721,0.108778,0.073001,0.000031,0.000443,0.000289,-0.003728,-0.034244,-0.007551,0.035264,1.207646,11.094087,2.446250,11.094087,101.916231,22.472561,2.446250,22.472561,4.955207,-0.000000,0.000000,108.079084,-0.003728,-0.034244,-0.007551,0.035264,1.212061,11.134637,2.455191,11.134637,102.288745,22.554701,2.455191,22.554701,4.973319,-0.000000,-0.000000,108.474124,0.015178,0.101450,0.052045,0.014880,0.100946,0.050993,0.000298,0.000504,0.001052,-0.006678,-0.093460,0.002261,0.093725,0.541871,7.583598,-0.183434,7.583598,106.134035,-2.567200,-0.183434,-2.567200,0.062096,-0.000000,0.000000,106.738002,-0.006678,-0.093460,0.002261,0.093725,0.556524,7.788672,-0.188395,7.788672,109.004090,-2.636622,-0.188395,-2.636622,0.063775,-0.000000,0.000000,109.624389,0.027788,0.087093,0.053196,0.027788,0.087093,0.053196,0.000000,0.000000,0.000000,-0.000000,0.000004,0.000001,0.000004,0.414955,-5.855626,-0.817570,-5.855626,82.631551,11.537121,-0.817570,11.537121,1.610827,-0.000000,0.000000,84.657333,-0.000000,0.000004,0.000001,0.000004,0.414954,-5.855622,-0.817569,-5.855622,82.631504,11.537114,-0.817569,11.537114,1.610826,0.000000,0.000000,84.657284
1.3920,baseline,0.518,20.0000,4.157088,-1.237922,-1.431204,-0.021476,-0.118117,1.268602,-1.942020,1.018563,-2.595495,1.492563,-2.440563,1.580000,-2.027923,0.008130,0.023982,0.023981,0.023981,0.023981,0.023981,0.023981,0.023981,-0.000000,0.023981,0.023981,0.023981,0.023981,1.544238,-0.700975,1.182813,0.018610,0.003937,0.000000,-0.003937,-0.005906,0.771310,0.890835,0.890835,0.619286,1.151506,1.151506,0.907478,1.119525,1.119525,0.960640,1.048564,1.048564,-0.007757,0.088379,-0.008029,0.003613,0.061050,-0.009209,-0.011370,0.027329,0.001180,-0.010339,0.022080,-0.026108,0.035722,2.561203,-5.469773,6.467732,-5.469773,11.681390,-13.812657,6.467732,-13.812657,16.332772,-0.000000,0.000000,30.575365,-0.010339,0.022080,-0.026108,0.035722,1.914392,-4.088427,4.834359,-4.088427,8.731351,-10.324383,4.834359,-10.324383,12.208064,0.000000,0.000000,22.853807,-0.016439,0.115898,0.073805,-0.016306,0.114328,0.072132,-0.000133,0.001570,0.001672,-0.012413,-0.135223,-0.095087,0.165773,0.578052,6.296930,4.427896,6.296930,68.594713,48.234652,4.427896,48.234652,33.917798,-0.000000,-0.000000,103.090563,-0.012413,-0.135223,-0.095087,0.165773,0.582002,6.339956,4.458151,6.339956,69.063410,48.564231,4.458151,48.564231,34.149553,-0.000000,0.000000,103.794964,0.001752,0.109221,0.073290,0.001721,0.108778,0.073001,0.000031,0.000443,0.000289,-0.003728,-0.034244,-0.007551,0.035264,1.207646,11.094087,2.446250,11.094087,101.916231,22.472561,2.446250,22.472561,4.955207,-0.000000,0.000000,108.079084,-0.003728,-0.034244,-0.007551,0.035264,1.212061,11.134637,2.455191,11.134637,102.288745,22.554701,2.455191,22.554701,4.973319,-0.000000,-0.000000,108.474124,0.015178,0.101450,0.052045,0.014880,0.100946,0.050993,0.000298,0.000504,0.001052,-0.006678,-0.093460,0.002261,0.093725,0.541871,7.583598,-0.183434,7.583598,106.134035,-2.567200,-0.183434,-2.567200,0.062096,-0.000000,0.000000,106.738002,-0.006678,-0.093460,0.002261,0.093725,0.556524,7.788672,-0.188395,7.788672,109.004090,-2.636622,-0.188395,-2.636622,0.063775,-0.000000,0.000000,109.624389,0.027788,0.087093,0.053196,0.027788,0.087093,0.053196,0.000000,0.000000,0.000000,-0.000000,0.000004,0.000001,0.000004,0.414955,-5.855626,-0.817570,-5.855626,82.631551,11.537121,-0.817570,11.537121,1.610827,-0.000000,0.000000,84.657333,-0.000000,0.000004,0.000001,0.000004,0.414954,-5.855622,-0.817569,-5.855622,82.631504,11.537114,-0.817569,11.537114,1.610826,0.000000,0.000000,84.657284
1.4399,baseline,0.518,20.0000,4.157088,-1.237922,-1.431204,-0.021476,-0.118117,1.268602,-1.942020,1.018563,-2.595495,1.492563,-2.440563,1.580000,-2.027923,0.008005,0.022722,0.023981,0.023981,0.023981,0.023981,0.023981,0.023981,-0.000000,0.023981,0.023981,0.023981,0.023981,1.544238,-0.700975,1.182813,0.018610,0.003937,0.000000,-0.003937,-0.005906,0.771310,0.890835,0.890835,0.619286,1.151506,1.151506,0.907478,1.119525,1.119525,0.960640,1.048564,1.048564,-0.007757,0.088379,-0.008029,0.003613,0.061050,-0.009209,-0.011370,0.027329,0.001180,-0.010339,0.022080,-0.026108,0.035722,2.561203,-5.469773,6.467732,-5.469773,11.681390,-13.812657,6.467732,-13.812657,16.332772,-0.000000,0.000000,30.575365,-0.010339,0.022080,-0.026108,0.035722,1.914392,-4.088427,4.834359,-4.088427,8.731351,-10.324383,4.834359,-10.324383,12.208064,0.000000,0.000000,22.853807,-0.016439,0.115898,0.073805,-0.016306,0.114328,0.072132,-0.000133,0.001570,0.001672,-0.012413,-0.135223,-0.095087,0.165773,0.578052,6.296930,4.427896,6.296930,68.594713,48.234652,4.427896,48.234652,33.917798,-0.000000,-0.000000,103.090563,-0.012413,-0.135223,-0.095087,0.165773,0.582002,6.339956,4.458151,6.339956,69.063410,48.564231,4.458151,48.564231,34.149553,-0.000000,0.000000,103.794964,0.001752,0.109221,0.073290,0.001721,0.108778,0.073001,0.000031,0.000443,0.000289,-0.003728,-0.034244,-0.007551,0.035264,1.207646,11.094087,2.446250,11.094087,101.916231,22.472561,2.446250,22.472561,4.955207,-0.000000,0.000000,108.079084,-0.003728,-0.034244,-0.007551,0.035264,1.212061,11.134637,2.455191,11.134637,102.288745,22.554701,2.455191,22.554701,4.973319,-0.000000,-0.000000,108.474124,0.015178,0.101450,0.052045,0.014880,0.100946,0.050993,0.000298,0.000504,0.001052,-0.006678,-0.093460,0.002261,0.093725,0.541871,7.583598,-0.183434,7.583598,106.134035,-2.567200,-0.183434,-2.567200,0.062096,-0.000000,0.000000,106.738002,-0.006678,-0.093460,0.002261,0.093725,0.556524,7.788672,-0.188395,7.788672,109.004090,-2.636622,-0.188395,-2.636622,0.063775,-0.000000,0.000000,109.624389,0.027788,0.087093,0.053196,0.027788,0.087093,0.053196,0.000000,0.000000,0.000000,-0.000000,0.000004,0.000001,0.000004,0.414955,-5.855626,-0.817570,-5.855626,82.631551,11.537121,-0.817570,11.537121,1.610827,-0.000000,0.000000,84.657333,-0.000000,0.000004,0.000001,0.000004,0.414954,-5.855622,-0.817569,-5.855622,82.631504,11.537114,-0.817569,11.537114,1.610826,0.000000,0.000000,84.657284
1.4818,baseline,0.518,20.0000,4.157088,-1.236389,-1.431204,-0.021476,-0.118117,1.268602,-1.942020,1.018563,-2.595495,1.492563,-2.440563,1.580000,-2.027923,0.010506,0.033923,0.023981,0.023981,0.023981,0.023981,0.023981,0.023981,-0.000000,0.023981,0.023981,0.023981,0.023981,1.544238,-0.700107,1.182813,0.018610,0.003937,0.000000,-0.003937,-0.005906,0.771310,0.890835,0.890835,0.619286,1.151506,1.151506,0.907478,1.119525,1.119525,0.960640,1.048564,1.048564,-0.007766,0.088400,-0.007984,0.003613,0.061050,-0.009209,-0.011379,0.027350,0.001225,-0.010550,0.022542,-0.026610,0.036436,2.563606,-5.477562,6.466064,-5.477562,11.703700,-13.815795,6.466064,-13.815795,16.309047,-0.000000,0.000000,30.576354,-0.010550,0.022542,-0.026610,0.036436,1.915448,-4.092665,4.831243,-4.092665,8.744644,-10.322736,4.831243,-10.322736,12.185617,-0.000000,-0.000000,22.845709,-0.016439,0.115898,0.073805,-0.016306,0.114328,0.072132,-0.000133,0.001570,0.001672,-0.012413,-0.135223,-0.095087,0.165773,0.578052,6.296930,4.427896,6.296930,68.594713,48.234652,4.427896,48.234652,33.917798,-0.000000,-0.000000,103.090563,-0.012413,-0.135223,-0.095087,0.165773,0.582002,6.339956,4.458151,6.339956,69.063410,48.564231,4.458151,48.564231,34.149553,-0.000000,0.000000,103.794964,0.001752,0.109221,0.073290,0.001721,0.108778,0.073001,0.000031,0.000443,0.000289,-0.003728,-0.034244,-0.007551,0.035264,1.207646,11.094087,2.446250,11.094087,101.916231,22.472561,2.446250,22.472561,4.955207,-0.000000,0.000000,108.079084,-0.003728,-0.034244,-0.007551,0.035264,1.212061,11.134637,2.455191,11.134637,102.288745,22.554701,2.455191,22.554701,4.973319,-0.000000,-0.000000,108.474124,0.015178,0.101450,0.052045,0.014880,0.100946,0.050993,0.000298,0.000504,0.001052,-0.006678,-0.093460,0.002261,0.093725,0.541871,7.583598,-0.183434,7.583598,106.134035,-2.567200,-0.183434,-2.567200,0.062096,-0.000000,0.000000,106.738002,-0.006678,-0.093460,0.002261,0.093725,0.556524,7.788672,-0.188395,7.788672,109.004090,-2.636622,-0.188395,-2.636622,0.063775,-0.000000,0.000000,109.624389,0.027788,0.087093,0.053196,0.027788,0.087093,0.053196,0.000000,0.000000,0.000000,-0.000000,0.000004,0.000001,0.000004,0.414955,-5.855626,-0.817570,-5.855626,82.631551,11.537121,-0.817570,11.537121,1.610827,-0.000000,0.000000,84.657333,-0.000000,0.000004,0.000001,0.000004,0.414954,-5.855622,-0.817569,-5.855622,82.631504,11.537114,-0.817569,11.537114,1.610826,0.000000,0.000000,84.657284
1.5245,baseline,0.518,20.0000,4.157088,-1.236389,-1.431204,-0.021476,-0.118117,1.268602,-1.942020,1.018563,-2.595495,1.492563,-2.440563,1.580000,-2.027923,0.015384,0.026028,0.023981,0.023981,0.023981,0.023981,0.023981,0.023981,-0.000000,0.023981,0.023981,0.023981,0.023981,1.544238,-0.700107,1.182813,0.018610,0.003937,0.000000,-0.003937,-0.005906,0.771310,0.890835,0.890835,0.619286,1.151506,1.151506,0.907478,1.119525,1.119525,0.960640,1.048564,1.048564,-0.007766,0.088400,-0.007984,0.003613,0.061050,-0.009209,-0.011379,0.027350,0.001225,-0.010550,0.022542,-0.026610,0.036436,2.563606,-5.477562,6.466064,-5.477562,11.703700,-13.815795,6.466064,-13.815795,16.309047,-0.000000,0.000000,30.576354,-0.010550,0.022542,-0.026610,0.036436,1.915448,-4.092665,4.831243,-4.092665,8.744644,-10.322736,4.831243,-10.322736,12.185617,-0.000000,-0.000000,22.845709,-0.016439,0.115898,0.073805,-0.016306,0.114328,0.072132,-0.000133,0.001570,0.001672,-0.012413,-0.135223,-0.095087,0.165773,0.578052,6.296930,4.427896,6.296930,68.594713,48.234652,4.427896,48.234652,33.917798,-0.000000,-0.000000,103.090563,-0.012413,-0.135223,-0.095087,0.165773,0.582002,6.339956,4.458151,6.339956,69.063410,48.564231,4.458151,48.564231,34.149553,-0.000000,0.000000,103.794964,0.001752,0.109221,0.073290,0.001721,0.108778,0.073001,0.000031,0.000443,0.000289,-0.003728,-0.034244,-0.007551,0.035264,1.207646,11.094087,2.446250,11.094087,101.916231,22.472561,2.446250,22.472561,4.955207,-0.000000,0.000000,108.079084,-0.003728,-0.034244,-0.007551,0.035264,1.212061,11.134637,2.455191,11.134637,102.288745,22.554701,2.455191,22.554701,4.973319,-0.000000,-0.000000,108.474124,0.015178,0.101450,0.052045,0.014880,0.100946,0.050993,0.000298,0.000504,0.001052,-0.006678,-0.093460,0.002261,0.093725,0.541871,7.583598,-0.183434,7.583598,106.134035,-2.567200,-0.183434,-2.567200,0.062096,-0.000000,0.000000,106.738002,-0.006678,-0.093460,0.002261,0.093725,0.556524,7.788672,-0.188395,7.788672,109.004090,-2.636622,-0.188395,-2.636622,0.063775,-0.000000,0.000000,109.624389,0.027788,0.087093,0.053196,0.027788,0.087093,0.053196,0.000000,0.000000,0.000000,-0.000000,0.000004,0.000001,0.000004,0.414955,-5.855626,-0.817570,-5.855626,82.631551,11.537121,-0.817570,11.537121,1.610827,-0.000000,0.000000,84.657333,-0.000000,0.000004,0.000001,0.000004,0.414954,-5.855622,-0.817569,-5.855622,82.631504,11.537114,-0.817569,11.537114,1.610826,0.000000,0.000000,84.657284
1.5667,baseline,0.518,20.0000,4.157088,-1.236389,-1.431204,-0.021476,-0.118117,1.268602,-1.942020,1.018563,-2.595495,1.492563,-2.440563,1.580000,-2.027923,0.005185,0.024501,0.023981,0.023981,0.023981,0.023981,0.023981,0.023981,-0.000000,0.023981,0.023981,0.023981,0.023981,1.544238,-0.700107,1.182813,0.018610,0.003937,0.000000,-0.003937,-0.005906,0.771310,0.890835,0.890835,0.619286,1.151506,1.151506,0.907478,1.119525,1.119525,0.960640,1.048564,1.048564,-0.007766,0.088400,-0.007984,0.003613,0.061050,-0.009209,-0.011379,0.027350,0.001225,-0.010550,0.022542,-0.026610,0.036436,2.563606,-5.477562,6.466064,-5.477562,11.703700,-13.815795,6.466064,-13.815795,16.309047,-0.000000,0.000000,30.576354,-0.010550,0.022542,-0.026610,0.036436,1.915448,-4.092665,4.831243,-4.092665,8.744644,-10.322736,4.831243,-10.322736,12.185617,-0.000000,-0.000000,22.845709,-0.016439,0.115898,0.073805,-0.016306,0.114328,0.072132,-0.000133,0.001570,0.001672,-0.012413,-0.135223,-0.095087,0.165773,0.578052,6.296930,4.427896,6.296930,68.594713,48.234652,4.427896,48.234652,33.917798,-0.000000,-0.000000,103.090563,-0.012413,-0.135223,-0.095087,0.165773,0.582002,6.339956,4.458151,6.339956,69.063410,48.564231,4.458151,48.564231,34.149553,-0.000000,0.000000,103.794964,0.001752,0.109221,0.073290,0.001721,0.108778,0.073001,0.000031,0.000443,0.000289,-0.003728,-0.034244,-0.007551,0.035264,1.207646,11.094087,2.446250,11.094087,101.916231,22.472561,2.446250,22.472561,4.955207,-0.000000,0.000000,108.079084,-0.003728,-0.034244,-0.007551,0.035264,1.212061,11.134637,2.455191,11.134637,102.288745,22.554701,2.455191,22.554701,4.973319,-0.000000,-0.000000,108.474124,0.015178,0.101450,0.052045,0.014880,0.100946,0.050993,0.000298,0.000504,0.001052,-0.006678,-0.093460,0.002261,0.093725,0.541871,7.583598,-0.183434,7.583598,106.134035,-2.567200,-0.183434,-2.567200,0.062096,-0.000000,0.000000,106.738002,-0.006678,-0.093460,0.002261,0.093725,0.556524,7.788672,-0.188395,7.788672,109.004090,-2.636622,-0.188395,-2.636622,0.063775,-0.000000,0.000000,109.624389,0.027788,0.087093,0.053196,0.027788,0.087093,0.053196,0.000000,0.000000,0.000000,-0.000000,0.000004,0.000001,0.000004,0.414955,-5.855626,-0.817570,-5.855626,82.631551,11.537121,-0.817570,11.537121,1.610827,-0.000000,0.000000,84.657333,-0.000000,0.000004,0.000001,0.000004,0.414954,-5.855622,-0.817569,-5.855622,82.631504,11.537114,-0.817569,11.537114,1.610826,0.000000,0.000000,84.657284
1.6098,baseline,0.518,20.0000,4.157088,-1.236389,-1.431204,-0.021476,-0.118117,1.268602,-1.942020,1.018563,-2.595495,1.492563,-2.440563,1.580000,-2.027923,0.011022,0.024100,0.023981,0.023981,0.023981,0.023981,0.023981,0.023981,-0.000000,0.023981,0.023981,0.023981,0.023981,1.544238,-0.700107,1.182813,0.018610,0.003937,0.000000,-0.003937,-0.005906,0.771310,0.890835,0.890835,0.619286,1.151506,1.151506,0.907478,1.119525,1.119525,0.960640,1.048564,1.048564,-0.007766,0.088400,-0.007984,0.003613,0.061050,-0.009209,-0.011379,0.027350,0.001225,-0.010550,0.022542,-0.026610,0.036436,2.563606,-5.477562,6.466064,-5.477562,11.703700,-13.815795,6.466064,-13.815795,16.309047,-0.000000,0.000000,30.576354,-0.010550,0.022542,-0.026610,0.036436,1.915448,-4.092665,4.831243,-4.092665,8.744644,-10.322736,4.831243,-10.322736,12.185617,-0.000000,-0.000000,22.845709,-0.016439,0.115898,0.073805,-0.016306,0.114328,0.072132,-0.000133,0.001570,0.001672,-0.012413,-0.135223,-0.095087,0.165773,0.578052,6.296930,4.427896,6.296930,68.594713,48.234652,4.427896,48.234652,33.917798,-0.000000,-0.000000,103.090563,-0.012413,-0.135223,-0.095087,0.165773,0.582002,6.339956,4.458151,6.339956,69.063410,48.564231,4.458151,48.564231,34.149553,-0.000000,0.000000,103.794964,0.001752,0.109221,0.073290,0.001721,0.108778,0.073001,0.000031,0.000443,0.000289,-0.003728,-0.034244,-0.007551,0.035264,1.207646,11.094087,2.446250,11.094087,101.916231,22.472561,2.446250,22.472561,4.955207,-0.000000,0.000000,108.079084,-0.003728,-0.034244,-0.007551,0.035264,1.212061,11.134637,2.455191,11.134637,102.288745,22.554701,2.455191,22.554701,4.973319,-0.000000,-0.000000,108.474124,0.015178,0.101450,0.052045,0.014880,0.100946,0.050993,0.000298,0.000504,0.001052,-0.006678,-0.093460,0.002261,0.093725,0.541871,7.583598,-0.183434,7.583598,106.134035,-2.567200,-0.183434,-2.567200,0.062096,-0.000000,0.000000,106.738002,-0.006678,-0.093460,0.002261,0.093725,0.556524,7.788672,-0.188395,7.788672,109.004090,-2.636622,-0.188395,-2.636622,0.063775,-0.000000,0.000000,109.624389,0.027788,0.087093,0.053196,0.027788,0.087093,0.053196,0.000000,0.000000,0.000000,-0.000000,0.000004,0.000001,0.000004,0.414955,-5.855626,-0.817570,-5.855626,82.631551,11.537121,-0.817570,11.537121,1.610827,-0.000000,0.000000,84.657333,-0.000000,0.000004,0.000001,0.000004,0.414954,-5.855622,-0.817569,-5.855622,82.631504,11.537114,-0.817569,11.537114,1.610826,0.000000,0.000000,84.657284
1.6520,baseline,0.518,20.0000,4.157088,-1.236389,-1.431204,-0.021476,-0.118117,1.268602,-1.942020,1.018563,-2.595495,1.492563,-2.440563,1.580000,-2.027923,0.007655,0.024005,0.023981,0.023981,0.023981,0.023981,0.023981,0.023981,-0.000000,0.023981,0.023981,0.023981,0.023981,1.544238,-0.700107,1.182813,0.018610,0.003937,0.000000,-0.003937,-0.005906,0.771310,0.890835,0.890835,0.619286,1.151506,1.151506,0.907478,1.119525,1.119525,0.960640,1.048564,1.048564,-0.007766,0.088400,-0.007984,0.003613,0.061050,-0.009209,-0.011379,0.027350,0.001225,-0.010550,0.022542,-0.026610,0.036436,2.563606,-5.477562,6.466064,-5.477562,11.703700,-13.815795,6.466064,-13.815795,16.309047,-0.000000,0.000000,30.576354,-0.010550,0.022542,-0.026610,0.036436,1.915448,-4.092665,4.831243,-4.092665,8.744644,-10.322736,4.831243,-10.322736,12.185617,-0.000000,-0.000000,22.845709,-0.016439,0.115898,0.073805,-0.016306,0.114328,0.072132,-0.000133,0.001570,0.001672,-0.012413,-0.135223,-0.095087,0.165773,0.578052,6.296930,4.427896,6.296930,68.594713,48.234652,4.427896,48.234652,33.917798,-0.000000,-0.000000,103.090563,-0.012413,-0.135223,-0.095087,0.165773,0.582002,6.339956,4.458151,6.339956,69.063410,48.564231,4.458151,48.564231,34.149553,-0.000000,0.000000,103.794964,0.001752,0.109221,0.073290,0.001721,0.108778,0.073001,0.000031,0.000443,0.000289,-0.003728,-0.034244,-0.007551,0.035264,1.207646,11.094087,2.446250,11.094087,101.916231,22.472561,2.446250,22.472561,4.955207,-0.000000,0.000000,108.079084,-0.003728,-0.034244,-0.007551,0.035264,1.212061,11.134637,2.455191,11.134637,102.288745,22.554701,2.455191,22.554701,4.973319,-0.000000,-0.000000,108.474124,0.015178,0.101450,0.052045,0.014880,0.100946,0.050993,0.000298,0.000504,0.001052,-0.006678,-0.093460,0.002261,0.093725,0.541871,7.583598,-0.183434,7.583598,106.134035,-2.567200,-0.183434,-2.567200,0.062096,-0.000000,0.000000,106.738002,-0.006678,-0.093460,0.002261,0.093725,0.556524,7.788672,-0.188395,7.788672,109.004090,-2.636622,-0.188395,-2.636622,0.063775,-0.000000,0.000000,109.624389,0.027788,0.087093,0.053196,0.027788,0.087093,0.053196,0.000000,0.000000,0.000000,-0.000000,0.000004,0.000001,0.000004,0.414955,-5.855626,-0.817570,-5.855626,82.631551,11.537121,-0.817570,11.537121,1.610827,-0.000000,0.000000,84.657333,-0.000000,0.000004,0.000001,0.000004,0.414954,-5.855622,-0.817569,-5.855622,82.631504,11.537114,-0.817569,11.537114,1.610826,0.000000,0.000000,84.657284
1.6941,baseline,0.518,20.0000,4.157088,-1.236389,-1.431204,-0.021476,-0.118117,1.268602,-1.942020,1.018563,-2.595495,1.492563,-2.440563,1.580000,-2.027923,0.014526,0.023986,0.023981,0.023981,0.023981,0.023981,0.023981,0.023981,-0.000000,0.023981,0.023981,0.023981,0.023981,1.544238,-0.700107,1.182813,0.018610,0.003937,0.000000,-0.003937,-0.005906,0.771310,0.890835,0.890835,0.619286,1.151506,1.151506,0.907478,1.119525,1.119525,0.960640,1.048564,1.048564,-0.007766,0.088400,-0.007984,0.003613,0.061050,-0.009209,-0.011379,0.027350,0.001225,-0.010550,0.022542,-0.026610,0.036436,2.563606,-5.477562,6.466064,-5.477562,11.703700,-13.815795,6.466064,-13.815795,16.309047,-0.000000,0.000000,30.576354,-0.010550,0.022542,-0.026610,0.036436,1.915448,-4.092665,4.831243,-4.092665,8.744644,-10.322736,4.831243,-10.322736,12.185617,-0.000000,-0.000000,22.845709,-0.016439,0.115898,0.073805,-0.016306,0.114328,0.072132,-0.000133,0.001570,0.001672,-0.012413,-0.135223,-0.095087,0.165773,0.578052,6.296930,4.427896,6.296930,68.594713,48.234652,4.427896,48.234652,33.917798,-0.000000,-0.000000,103.090563,-0.012413,-0.135223,-0.095087,0.165773,0.582002,6.339956,4.458151,6.339956,69.063410,48.564231,4.458151,48.564231,34.149553,-0.000000,0.000000,103.794964,0.001752,0.109221,0.073290,0.001721,0.108778,0.073001,0.000031,0.000443,0.000289,-0.003728,-0.034244,-0.007551,0.035264,1.207646,11.094087,2.446250,11.094087,101.916231,22.472561,2.446250,22.472561,4.955207,-0.000000,0.000000,108.079084,-0.003728,-0.034244,-0.007551,0.035264,1.212061,11.134637,2.455191,11.134637,102.288745,22.554701,2.455191,22.554701,4.973319,-0.000000,-0.000000,108.474124,0.015178,0.101450,0.052045,0.014880,0.100946,0.050993,0.000298,0.000504,0.001052,-0.006678,-0.093460,0.002261,0.093725,0.541871,7.583598,-0.183434,7.583598,106.134035,-2.567200,-0.183434,-2.567200,0.062096,-0.000000,0.000000,106.738002,-0.006678,-0.093460,0.002261,0.093725,0.556524,7.788672,-0.188395,7.788672,109.004090,-2.636622,-0.188395,-2.636622,0.063775,-0.000000,0.000000,109.624389,0.027788,0.087093,0.053196,0.027788,0.087093,0.053196,0.000000,0.000000,0.000000,-0.000000,0.000004,0.000001,0.000004,0.414955,-5.855626,-0.817570,-5.855626,82.631551,11.537121,-0.817570,11.537121,1.610827,-0.000000,0.000000,84.657333,-0.000000,0.000004,0.000001,0.000004,0.414954,-5.855622,-0.817569,-5.855622,82.631504,11.537114,-0.817569,11.537114,1.610826,0.000000,0.000000,84.657284
1.7363,baseline,0.518,20.0000,4.157088,-1.236389,-1.431204,-0.021476,-0.118117,1.268602,-1.942020,1.018563,-2.595495,1.492563,-2.440563,1.580000,-2.027923,0.013144,0.023982,0.023981,0.023981,0.023981,0.023981,0.023981,0.023981,-0.000000,0.023981,0.023981,0.023981,0.023981,1.544238,-0.700107,1.182813,0.018610,0.003937,0.000000,-0.003937,-0.005906,0.771310,0.890835,0.890835,0.619286,1.151506,1.151506,0.907478,1.119525,1.119525,0.960640,1.048564,1.048564,-0.007766,0.088400,-0.007984,0.003613,0.061050,-0.009209,-0.011379,0.027350,0.001225,-0.010550,0.022542,-0.026610,0.036436,2.563606,-5.477562,6.466064,-5.477562,11.703700,-13.815795,6.466064,-13.815795,16.309047,-0.000000,0.000000,30.576354,-0.010550,0.022542,-0.026610,0.036436,1.915448,-4.092665,4.831243,-4.092665,8.744644,-10.322736,4.831243,-10.322736,12.185617,-0.000000,-0.000000,22.845709,-0.016439,0.115898,0.073805,-0.016306,0.114328,0.072132,-0.000133,0.001570,0.001672,-0.012413,-0.135223,-0.095087,0.165773,0.578052,6.296930,4.427896,6.296930,68.594713,48.234652,4.427896,48.234652,33.917798,-0.000000,-0.000000,103.090563,-0.012413,-0.135223,-0.095087,0.165773,0.582002,6.339956,4.458151,6.339956,69.063410,48.564231,4.458151,48.564231,34.149553,-0.000000,0.000000,103.794964,0.001752,0.109221,0.073290,0.001721,0.108778,0.073001,0.000031,0.000443,0.000289,-0.003728,-0.034244,-0.007551,0.035264,1.207646,11.094087,2.446250,11.094087,101.916231,22.472561,2.446250,22.472561,4.955207,-0.000000,0.000000,108.079084,-0.003728,-0.034244,-0.007551,0.035264,1.212061,11.134637,2.455191,11.134637,102.288745,22.554701,2.455191,22.554701,4.973319,-0.000000,-0.000000,108.474124,0.015178,0.101450,0.052045,0.014880,0.100946,0.050993,0.000298,0.000504,0.001052,-0.006678,-0.093460,0.002261,0.093725,0.541871,7.583598,-0.183434,7.583598,106.134035,-2.567200,-0.183434,-2.567200,0.062096,-0.000000,0.000000,106.738002,-0.006678,-0.093460,0.002261,0.093725,0.556524,7.788672,-0.188395,7.788672,109.004090,-2.636622,-0.188395,-2.636622,0.063775,-0.000000,0.000000,109.624389,0.027788,0.087093,0.053196,0.027788,0.087093,0.053196,0.000000,0.000000,0.000000,-0.000000,0.000004,0.000001,0.000004,0.414955,-5.855626,-0.817570,-5.855626,82.631551,11.537121,-0.817570,11.537121,1.610827,-0.000000,0.000000,84.657333,-0.000000,0.000004,0.000001,0.000004,0.414954,-5.855622,-0.817569,-5.855622,82.631504,11.537114,-0.817569,11.537114,1.610826,0.000000,0.000000,84.657284
1.7788,baseline,0.518,20.0000,4.157088,-1.236389,-1.431204,-0.021476,-0.118117,1.268602,-1.942020,1.018563,-2.595495,1.492563,-2.440563,1.580000,-2.027923,0.011549,0.023981,0.023981,0.023981,0.023981,0.023981,0.023981,0.023981,-0.000000,0.023981,0.023981,0.023981,0.023981,1.544238,-0.700107,1.182813,0.018610,0.003937,0.000000,-0.003937,-0.005906,0.771310,0.890835,0.890835,0.619286,1.151506,1.151506,0.907478,1.119525,1.119525,0.960640,1.048564,1.048564,-0.007766,0.088400,-0.007984,0.003613,0.061050,-0.009209,-0.011379,0.027350,0.001225,-0.010550,0.022542,-0.026610,0.036436,2.563606,-5.477562,6.466064,-5.477562,11.703700,-13.815795,6.466064,-13.815795,16.309047,-0.000000,0.000000,30.576354,-0.010550,0.022542,-0.026610,0.036436,1.915448,-4.092665,4.831243,-4.092665,8.744644,-10.322736,4.831243,-10.322736,12.185617,-0.000000,-0.000000,22.845709,-0.016439,0.115898,0.073805,-0.016306,0.114328,0.072132,-0.000133,0.001570,0.001672,-0.012413,-0.135223,-0.095087,0.165773,0.578052,6.296930,4.427896,6.296930,68.594713,48.234652,4.427896,48.234652,33.917798,-0.000000,-0.000000,103.090563,-0.012413,-0.135223,-0.095087,0.165773,0.582002,6.339956,4.458151,6.339956,69.063410,48.564231,4.458151,48.564231,34.149553,-0.000000,0.000000,103.794964,0.001752,0.109221,0.073290,0.001721,0.108778,0.073001,0.000031,0.000443,0.000289,-0.003728,-0.034244,-0.007551,0.035264,1.207646,11.094087,2.446250,11.094087,101.916231,22.472561,2.446250,22.472561,4.955207,-0.000000,0.000000,108.079084,-0.003728,-0.034244,-0.007551,0.035264,1.212061,11.134637,2.455191,11.134637,102.288745,22.554701,2.455191,22.554701,4.973319,-0.000000,-0.000000,108.474124,0.015178,0.101450,0.052045,0.014880,0.100946,0.050993,0.000298,0.000504,0.001052,-0.006678,-0.093460,0.002261,0.093725,0.541871,7.583598,-0.183434,7.583598,106.134035,-2.567200,-0.183434,-2.567200,0.062096,-0.000000,0.000000,106.738002,-0.006678,-0.093460,0.002261,0.093725,0.556524,7.788672,-0.188395,7.788672,109.004090,-2.636622,-0.188395,-2.636622,0.063775,-0.000000,0.000000,109.624389,0.027788,0.087093,0.053196,0.027788,0.087093,0.053196,0.000000,0.000000,0.000000,-0.000000,0.000004,0.000001,0.000004,0.414955,-5.855626,-0.817570,-5.855626,82.631551,11.537121,-0.817570,11.537121,1.610827,-0.000000,0.000000,84.657333,-0.000000,0.000004,0.000001,0.000004,0.414954,-5.855622,-0.817569,-5.855622,82.631504,11.537114,-0.817569,11.537114,1.610826,0.000000,0.000000,84.657284
1.8212,baseline,0.518,20.0000,4.158622,-1.236389,-1.431204,-0.021476,-0.118117,1.268602,-1.942020,1.018563,-2.595495,1.492563,-2.440563,1.580000,-2.027923,0.011818,0.023981,0.023981,0.023981,0.023981,0.023981,0.023981,0.023981,-0.000000,0.023981,0.023981,0.023981,0.023981,1.544808,-0.700107,1.182813,0.018610,0.003937,0.000000,-0.003937,-0.005906,0.771310,0.890835,0.890835,0.619286,1.151506,1.151506,0.907478,1.119525,1.119525,0.960640,1.048564,1.048564,-0.007728,0.088389,-0.007975,0.003613,0.061050,-0.009209,-0.011342,0.027339,0.001234,-0.010754,0.023019,-0.027162,0.037193,2.556264,-5.471791,6.456488,-5.471791,11.712602,-13.820388,6.456488,-13.820388,16.307488,-0.000000,0.000000,30.576354,-0.010754,0.023019,-0.027162,0.037193,1.909668,-4.087725,4.823347,-4.087725,8.749949,-10.324579,4.823347,-10.324579,12.182577,-0.000000,0.000000,22.842194,-0.016439,0.115898,0.073805,-0.016306,0.114328,0.072132,-0.000133,0.001570,0.001672,-0.012413,-0.135223,-0.095087,0.165773,0.578052,6.296930,4.427896,6.296930,68.594713,48.234652,4.427896,48.234652,33.917798,-0.000000,-0.000000,103.090563,-0.012413,-0.135223,-0.095087,0.165773,0.582002,6.339956,4.458151,6.339956,69.063410,48.564231,4.458151,48.564231,34.149553,-0.000000,0.000000,103.794964,0.001752,0.109221,0.073290,0.001721,0.108778,0.073001,0.000031,0.000443,0.000289,-0.003728,-0.034244,-0.007551,0.035264,1.207646,11.094087,2.446250,11.094087,101.916231,22.472561,2.446250,22.472561,4.955207,-0.000000,0.000000,108.079084,-0.003728,-0.034244,-0.007551,0.035264,1.212061,11.134637,2.455191,11.134637,102.288745,22.554701,2.455191,22.554701,4.973319,-0.000000,-0.000000,108.474124,0.015178,0.101450,0.052045,0.014880,0.100946,0.050993,0.000298,0.000504,0.001052,-0.006678,-0.093460,0.002261,0.093725,0.541871,7.583598,-0.183434,7.583598,106.134035,-2.567200,-0.183434,-2.567200,0.062096,-0.000000,0.000000,106.738002,-0.006678,-0.093460,0.002261,0.093725,0.556524,7.788672,-0.188395,7.788672,109.004090,-2.636622,-0.188395,-2.636622,0.063775,-0.000000,0.000000,109.624389,0.027788,0.087093,0.053196,0.027788,0.087093,0.053196,0.000000,0.000000,0.000000,-0.000000,0.000004,0.000001,0.000004,0.414955,-5.855626,-0.817570,-5.855626,82.631551,11.537121,-0.817570,11.537121,1.610827,-0.000000,0.000000,84.657333,-0.000000,0.000004,0.000001,0.000004,0.414954,-5.855622,-0.817569,-5.855622,82.631504,11.537114,-0.817569,11.537114,1.610826,0.000000,0.000000,84.657284
1.8636,baseline,0.518,20.0000,4.157088,-1.236389,-1.431204,-0.021476,-0.118117,1.268602,-1.942020,1.018563,-2.595495,1.492563,-2.440563,1.580000,-2.027923,0.007541,0.023981,0.023981,0.023981,0.023981,0.023981,0.023981,0.023981,-0.000000,0.023981,0.023981,0.023981,0.023981,1.544238,-0.700107,1.182813,0.018610,0.003937,0.000000,-0.003937,-0.005906,0.771310,0.890835,0.890835,0.619286,1.151506,1.151506,0.907478,1.119525,1.119525,0.960640,1.048564,1.048564,-0.007766,0.088400,-0.007984,0.003613,0.061050,-0.009209,-0.011379,0.027350,0.001225,-0.010550,0.022542,-0.026610,0.036436,2.563606,-5.477562,6.466064,-5.477562,11.703700,-13.815795,6.466064,-13.815795,16.309047,-0.000000,0.000000,30.576354,-0.010550,0.022542,-0.026610,0.036436,1.915448,-4.092665,4.831243,-4.092665,8.744644,-10.322736,4.831243,-10.322736,12.185617,-0.000000,-0.000000,22.845709,-0.016439,0.115898,0.073805,-0.016306,0.114328,0.072132,-0.000133,0.001570,0.001672,-0.012413,-0.135223,-0.095087,0.165773,0.578052,6.296930,4.427896,6.296930,68.594713,48.234652,4.427896,48.234652,33.917798,-0.000000,-0.000000,103.090563,-0.012413,-0.135223,-0.095087,0.165773,0.582002,6.339956,4.458151,6.339956,69.063410,48.564231,4.458151,48.564231,34.149553,-0.000000,0.000000,103.794964,0.001752,0.109221,0.073290,0.001721,0.108778,0.073001,0.000031,0.000443,0.000289,-0.003728,-0.034244,-0.007551,0.035264,1.207646,11.094087,2.446250,11.094087,101.916231,22.472561,2.446250,22.472561,4.955207,-0.000000,0.000000,108.079084,-0.003728,-0.034244,-0.007551,0.035264,1.212061,11.134637,2.455191,11.134637,102.288745,22.554701,2.455191,22.554701,4.973319,-0.000000,-0.000000,108.474124,0.015178,0.101450,0.052045,0.014880,0.100946,0.050993,0.000298,0.000504,0.001052,-0.006678,-0.093460,0.002261,0.093725,0.541871,7.583598,-0.183434,7.583598,106.134035,-2.567200,-0.183434,-2.567200,0.062096,-0.000000,0.000000,106.738002,-0.006678,-0.093460,0.002261,0.093725,0.556524,7.788672,-0.188395,7.788672,109.004090,-2.636622,-0.188395,-2.636622,0.063775,-0.000000,0.000000,109.624389,0.027788,0.087093,0.053196,0.027788,0.087093,0.053196,0.000000,0.000000,0.000000,-0.000000,0.000004,0.000001,0.000004,0.414955,-5.855626,-0.817570,-5.855626,82.631551,11.537121,-0.817570,11.537121,1.610827,-0.000000,0.000000,84.657333,-0.000000,0.000004,0.000001,0.000004,0.414954,-5.855622,-0.817569,-5.855622,82.631504,11.537114,-0.817569,11.537114,1.610826,0.000000,0.000000,84.657284
1.9068,baseline,0.518,20.0000,4.157088,-1.236389,-1.431204,-0.021476,-0.118117,1.268602,-1.942020,1.018563,-2.595495,1.492563,-2.440563,1.580000,-2.027923,0.019610,0.023981,0.023981,0.023981,0.023981,0.023981,0.023981,0.023981,-0.000000,0.023981,0.023981,0.023981,0.023981,1.544238,-0.700107,1.182813,0.018610,0.003937,0.000000,-0.003937,-0.005906,0.771310,0.890835,0.890835,0.619286,1.151506,1.151506,0.907478,1.119525,1.119525,0.960640,1.048564,1.048564,-0.007766,0.088400,-0.007984,0.003613,0.061050,-0.009209,-0.011379,0.027350,0.001225,-0.010550,0.022542,-0.026610,0.036436,2.563606,-5.477562,6.466064,-5.477562,11.703700,-13.815795,6.466064,-13.815795,16.309047,-0.000000,0.000000,30.576354,-0.010550,0.022542,-0.026610,0.036436,1.915448,-4.092665,4.831243,-4.092665,8.744644,-10.322736,4.831243,-10.322736,12.185617,-0.000000,-0.000000,22.845709,-0.016439,0.115898,0.073805,-0.016306,0.114328,0.072132,-0.000133,0.001570,0.001672,-0.012413,-0.135223,-0.095087,0.165773,0.578052,6.296930,4.427896,6.296930,68.594713,48.234652,4.427896,48.234652,33.917798,-0.000000,-0.000000,103.090563,-0.012413,-0.135223,-0.095087,0.165773,0.582002,6.339956,4.458151,6.339956,69.063410,48.564231,4.458151,48.564231,34.149553,-0.000000,0.000000,103.794964,0.001752,0.109221,0.073290,0.001721,0.108778,0.073001,0.000031,0.000443,0.000289,-0.003728,-0.034244,-0.007551,0.035264,1.207646,11.094087,2.446250,11.094087,101.916231,22.472561,2.446250,22.472561,4.955207,-0.000000,0.000000,108.079084,-0.003728,-0.034244,-0.007551,0.035264,1.212061,11.134637,2.455191,11.134637,102.288745,22.554701,2.455191,22.554701,4.973319,-0.000000,-0.000000,108.474124,0.015178,0.101450,0.052045,0.014880,0.100946,0.050993,0.000298,0.000504,0.001052,-0.006678,-0.093460,0.002261,0.093725,0.541871,7.583598,-0.183434,7.583598,106.134035,-2.567200,-0.183434,-2.567200,0.062096,-0.000000,0.000000,106.738002,-0.006678,-0.093460,0.002261,0.093725,0.556524,7.788672,-0.188395,7.788672,109.004090,-2.636622,-0.188395,-2.636622,0.063775,-0.000000,0.000000,109.624389,0.027788,0.087093,0.053196,0.027788,0.087093,0.053196,0.000000,0.000000,0.000000,-0.000000,0.000004,0.000001,0.000004,0.414955,-5.855626,-0.817570,-5.855626,82.631551,11.537121,-0.817570,11.537121,1.610827,-0.000000,0.000000,84.657333,-0.000000,0.000004,0.000001,0.000004,0.414954,-5.855622,-0.817569,-5.855622,82.631504,11.537114,-0.817569,11.537114,1.610826,0.000000,0.000000,84.657284
1.9485,baseline,0.518,20.0000,4.157088,-1.236389,-1.431204,-0.021476,-0.118117,1.268602,-1.942020,1.018563,-2.595495,1.492563,-2.440563,1.580000,-2.027923,0.006526,0.006096,0.023981,0.023981,0.023981,0.023981,0.023981,0.023981,-0.000000,0.023981,0.023981,0.023981,0.023981,1.544238,-0.700107,1.182813,0.018610,0.003937,0.000000,-0.003937,-0.005906,0.771310,0.890835,0.890835,0.619286,1.151506,1.151506,0.907478,1.119525,1.119525,0.960640,1.048564,1.048564,-0.007766,0.088400,-0.007984,0.003613,0.061050,-0.009209,-0.011379,0.027350,0.001225,-0.010550,0.022542,-0.026610,0.036436,2.563606,-5.477562,6.466064,-5.477562,11.703700,-13.815795,6.466064,-13.815795,16.309047,-0.000000,0.000000,30.576354,-0.010550,0.022542,-0.026610,0.036436,1.915448,-4.092665,4.831243,-4.092665,8.744644,-10.322736,4.831243,-10.322736,12.185617,-0.000000,-0.000000,22.845709,-0.016439,0.115898,0.073805,-0.016306,0.114328,0.072132,-0.000133,0.001570,0.001672,-0.012413,-0.135223,-0.095087,0.165773,0.578052,6.296930,4.427896,6.296930,68.594713,48.234652,4.427896,48.234652,33.917798,-0.000000,-0.000000,103.090563,-0.012413,-0.135223,-0.095087,0.165773,0.582002,6.339956,4.458151,6.339956,69.063410,48.564231,4.458151,48.564231,34.149553,-0.000000,0.000000,103.794964,0.001752,0.109221,0.073290,0.001721,0.108778,0.073001,0.000031,0.000443,0.000289,-0.003728,-0.034244,-0.007551,0.035264,1.207646,11.094087,2.446250,11.094087,101.916231,22.472561,2.446250,22.472561,4.955207,-0.000000,0.000000,108.079084,-0.003728,-0.034244,-0.007551,0.035264,1.212061,11.134637,2.455191,11.134637,102.288745,22.554701,2.455191,22.554701,4.973319,-0.000000,-0.000000,108.474124,0.015178,0.101450,0.052045,0.014880,0.100946,0.050993,0.000298,0.000504,0.001052,-0.006678,-0.093460,0.002261,0.093725,0.541871,7.583598,-0.183434,7.583598,106.134035,-2.567200,-0.183434,-2.567200,0.062096,-0.000000,0.000000,106.738002,-0.006678,-0.093460,0.002261,0.093725,0.556524,7.788672,-0.188395,7.788672,109.004090,-2.636622,-0.188395,-2.636622,0.063775,-0.000000,0.000000,109.624389,0.027788,0.087093,0.053196,0.027788,0.087093,0.053196,0.000000,0.000000,0.000000,-0.000000,0.000004,0.000001,0.000004,0.414955,-5.855626,-0.817570,-5.855626,82.631551,11.537121,-0.817570,11.537121,1.610827,-0.000000,0.000000,84.657333,-0.000000,0.000004,0.000001,0.000004,0.414954,-5.855622,-0.817569,-5.855622,82.631504,11.537114,-0.817569,11.537114,1.610826,0.000000,0.000000,84.657284
1.9909,baseline,0.518,20.0000,4.157088,-1.225651,-1.431204,-0.021476,-0.118117,1.268602,-1.942020,1.018563,-2.595495,1.492563,-2.440563,1.580000,-2.027923,0.017112,0.116876,0.023981,0.023981,0.023981,0.023981,0.023981,0.023981,-0.000000,0.023981,0.023981,0.023981,0.023981,1.544238,-0.694026,1.182813,0.018610,0.003937,0.000000,-0.003937,-0.005906,0.771310,0.890835,0.890835,0.619286,1.151506,1.151506,0.907478,1.119525,1.119525,0.960640,1.048564,1.048564,-0.007831,0.088548,-0.007666,0.003613,0.061050,-0.009209,-0.011445,0.027498,0.001543,-0.012034,0.025799,-0.030098,0.041428,2.580495,-5.532145,6.454186,-5.532145,11.859986,-13.836684,6.454186,-13.836684,16.142838,-0.000000,-0.000000,30.583319,-0.012034,0.025799,-0.030098,0.041428,1.922861,-4.122289,4.809349,-4.122289,8.837492,-10.310433,4.809349,-10.310433,12.028868,-0.000000,0.000000,22.789221,-0.016439,0.115898,0.073805,-0.016306,0.114328,0.072132,-0.000133,0.001570,0.001672,-0.012413,-0.135223,-0.095087,0.165773,0.578052,6.296930,4.427896,6.296930,68.594713,48.234652,4.427896,48.234652,33.917798,-0.000000,-0.000000,103.090563,-0.012413,-0.135223,-0.095087,0.165773,0.582002,6.339956,4.458151,6.339956,69.063410,48.564231,4.458151,48.564231,34.149553,-0.000000,0.000000,103.794964,0.001752,0.109221,0.073290,0.001721,0.108778,0.073001,0.000031,0.000443,0.000289,-0.003728,-0.034244,-0.007551,0.035264,1.207646,11.094087,2.446250,11.094087,101.916231,22.472561,2.446250,22.472561,4.955207,-0.000000,0.000000,108.079084,-0.003728,-0.034244,-0.007551,0.035264,1.212061,11.134637,2.455191,11.134637,102.288745,22.554701,2.455191,22.554701,4.973319,-0.000000,-0.000000,108.474124,0.015178,0.101450,0.052045,0.014880,0.100946,0.050993,0.000298,0.000504,0.001052,-0.006678,-0.093460,0.002261,0.093725,0.541871,7.583598,-0.183434,7.583598,106.134035,-2.567200,-0.183434,-2.567200,0.062096,-0.000000,0.000000,106.738002,-0.006678,-0.093460,0.002261,0.093725,0.556524,7.788672,-0.188395,7.788672,109.004090,-2.636622,-0.188395,-2.636622,0.063775,-0.000000,0.000000,109.624389,0.027788,0.087093,0.053196,0.027788,0.087093,0.053196,0.000000,0.000000,0.000000,-0.000000,0.000004,0.000001,0.000004,0.414955,-5.855626,-0.817570,-5.855626,82.631551,11.537121,-0.817570,11.537121,1.610827,-0.000000,0.000000,84.657333,-0.000000,0.000004,0.000001,0.000004,0.414954,-5.855622,-0.817569,-5.855622,82.631504,11.537114,-0.817569,11.537114,1.610826,0.000000,0.000000,84.657284
2.0123,ramp,0.518,21.3197,4.157088,-1.222583,-1.431204,-0.021476,-0.118117,1.268602,-1.942020,1.018563,-2.595495,1.492563,-2.440563,1.580000,-2.027923,0.014015,0.213596,0.023981,0.023981,0.023981,0.023981,0.023981,0.023981,-0.000000,0.023981,0.023981,0.023981,0.023981,1.544238,-0.692289,1.182813,0.018610,0.003937,0.000000,-0.003937,-0.005906,0.771310,0.890835,0.890835,0.619286,1.151506,1.151506,0.907478,1.119525,1.119525,0.960640,1.048564,1.048564,-0.007850,0.088590,-0.007575,0.003613,0.061050,-0.009209,-0.011463,0.027540,0.001634,-0.008809,0.018903,-0.021980,0.030299,2.707704,-5.810333,6.756035,-5.810333,12.468115,-14.497451,6.756035,-14.497451,16.857087,-0.000000,0.000000,32.032906,-0.008809,0.018903,-0.021980,0.030299,2.010210,-4.313613,5.015706,-4.313613,9.256376,-10.762963,5.015706,-10.762963,12.514766,0.000000,0.000000,23.781352,-0.016439,0.115898,0.073805,-0.016306,0.114328,0.072132,-0.000133,0.001570,0.001672,-0.012413,-0.135223,-0.095087,0.165773,0.578052,6.296930,4.427896,6.296930,68.594713,48.234652,4.427896,48.234652,33.917798,-0.000000,-0.000000,103.090563,-0.012413,-0.135223,-0.095087,0.165773,0.582002,6.339956,4.458151,6.339956,69.063410,48.564231,4.458151,48.564231,34.149553,-0.000000,0.000000,103.794964,0.001752,0.109221,0.073290,0.001721,0.108778,0.073001,0.000031,0.000443,0.000289,-0.003728,-0.034244,-0.007551,0.035264,1.207646,11.094087,2.446250,11.094087,101.916231,22.472561,2.446250,22.472561,4.955207,-0.000000,0.000000,108.079084,-0.003728,-0.034244,-0.007551,0.035264,1.212061,11.134637,2.455191,11.134637,102.288745,22.554701,2.455191,22.554701,4.973319,-0.000000,-0.000000,108.474124,0.015178,0.101450,0.052045,0.014880,0.100946,0.050993,0.000298,0.000504,0.001052,-0.006678,-0.093460,0.002261,0.093725,0.541871,7.583598,-0.183434,7.583598,106.134035,-2.567200,-0.183434,-2.567200,0.062096,-0.000000,0.000000,106.738002,-0.006678,-0.093460,0.002261,0.093725,0.556524,7.788672,-0.188395,7.788672,109.004090,-2.636622,-0.188395,-2.636622,0.063775,-0.000000,0.000000,109.624389,0.027788,0.087093,0.053196,0.027788,0.087093,0.053196,0.000000,0.000000,0.000000,-0.000000,0.000004,0.000001,0.000004,0.414955,-5.855626,-0.817570,-5.855626,82.631551,11.537121,-0.817570,11.537121,1.610827,-0.000000,0.000000,84.657333,-0.000000,0.000004,0.000001,0.000004,0.414954,-5.855622,-0.817569,-5.855622,82.631504,11.537114,-0.817569,11.537114,1.610826,0.000000,0.000000,84.657284
2.0303,ramp,0.518,24.1056,4.157088,-1.222583,-1.431204,-0.021476,-0.118117,1.268602,-1.942020,1.018563,-2.595495,1.492563,-2.440563,1.580000,-2.027923,0.018685,0.191217,0.023981,0.023981,0.023981,0.023981,0.023981,0.023981,-0.000000,0.023981,0.023981,0.023981,0.023981,1.544238,-0.692289,1.182813,0.018610,0.003937,0.000000,-0.003937,-0.005906,0.771310,0.890835,0.890835,0.619286,1.151506,1.151506,0.907478,1.119525,1.119525,0.960640,1.048564,1.048564,-0.007850,0.088590,-0.007575,0.003613,0.061050,-0.009209,-0.011463,0.027540,0.001634,-0.001105,0.002372,-0.002758,0.003802,2.965999,-6.364595,7.400510,-6.364595,13.657480,-15.880400,7.400510,-15.880400,18.465127,-0.000000,0.000000,35.088606,-0.001105,0.002372,-0.002758,0.003802,2.190106,-4.699644,5.464568,-4.699644,10.084741,-11.726155,5.464568,-11.726155,13.634729,-0.000000,0.000000,25.909577,-0.016439,0.115898,0.073805,-0.016306,0.114328,0.072132,-0.000133,0.001570,0.001672,-0.012413,-0.135223,-0.095087,0.165773,0.578052,6.296930,4.427896,6.296930,68.594713,48.234652,4.427896,48.234652,33.917798,-0.000000,-0.000000,103.090563,-0.012413,-0.135223,-0.095087,0.165773,0.582002,6.339956,4.458151,6.339956,69.063410,48.564231,4.458151,48.564231,34.149553,-0.000000,0.000000,103.794964,0.001752,0.109221,0.073290,0.001721,0.108778,0.073001,0.000031,0.000443,0.000289,-0.003728,-0.034244,-0.007551,0.035264,1.207646,11.094087,2.446250,11.094087,101.916231,22.472561,2.446250,22.472561,4.955207,-0.000000,0.000000,108.079084,-0.003728,-0.034244,-0.007551,0.035264,1.212061,11.134637,2.455191,11.134637,102.288745,22.554701,2.455191,22.554701,4.973319,-0.000000,-0.000000,108.474124,0.015178,0.101450,0.052045,0.014880,0.100946,0.050993,0.000298,0.000504,0.001052,-0.006678,-0.093460,0.002261,0.093725,0.541871,7.583598,-0.183434,7.583598,106.134035,-2.567200,-0.183434,-2.567200,0.062096,-0.000000,0.000000,106.738002,-0.006678,-0.093460,0.002261,0.093725,0.556524,7.788672,-0.188395,7.788672,109.004090,-2.636622,-0.188395,-2.636622,0.063775,-0.000000,0.000000,109.624389,0.027788,0.087093,0.053196,0.027788,0.087093,0.053196,0.000000,0.000000,0.000000,-0.000000,0.000004,0.000001,0.000004,0.414955,-5.855626,-0.817570,-5.855626,82.631551,11.537121,-0.817570,11.537121,1.610827,-0.000000,0.000000,84.657333,-0.000000,0.000004,0.000001,0.000004,0.414954,-5.855622,-0.817569,-5.855622,82.631504,11.537114,-0.817569,11.537114,1.610826,0.000000,0.000000,84.657284
2.0485,ramp,0.518,26.9138,4.157088,-1.222583,-1.431204,-0.021476,-0.118117,1.268602,-1.942020,1.018563,-2.595495,1.492563,-2.440563,1.580000,-2.027923,0.021166,0.122000,0.023981,0.023981,0.023981,0.023981,0.023981,0.023981,-0.000000,0.023981,0.023981,0.023981,0.023981,1.544238,-0.692289,1.182813,0.018610,0.003937,0.000000,-0.003937,-0.005906,0.771310,0.890835,0.890835,0.619286,1.151506,1.151506,0.907478,1.119525,1.119525,0.960640,1.048564,1.048564,-0.007850,0.088590,-0.007575,0.003613,0.061050,-0.009209,-0.011463,0.027540,0.001634,0.006660,-0.014292,0.016618,0.022908,3.226363,-6.923298,8.050148,-6.923298,14.856373,-17.274428,8.050148,-17.274428,20.086050,-0.000000,-0.000000,38.168786,0.006660,-0.014292,0.016618,0.022908,2.371444,-5.088768,5.917026,-5.088768,10.919743,-12.697063,5.917026,-12.697063,14.763664,-0.000000,-0.000000,28.054850,-0.016439,0.115898,0.073805,-0.016306,0.114328,0.072132,-0.000133,0.001570,0.001672,-0.012413,-0.135223,-0.095087,0.165773,0.578052,6.296930,4.427896,6.296930,68.594713,48.234652,4.427896,48.234652,33.917798,-0.000000,-0.000000,103.090563,-0.012413,-0.135223,-0.095087,0.165773,0.582002,6.339956,4.458151,6.339956,69.063410,48.564231,4.458151,48.564231,34.149553,-0.000000,0.000000,103.794964,0.001752,0.109221,0.073290,0.001721,0.108778,0.073001,0.000031,0.000443,0.000289,-0.003728,-0.034244,-0.007551,0.035264,1.207646,11.094087,2.446250,11.094087,101.916231,22.472561,2.446250,22.472561,4.955207,-0.000000,0.000000,108.079084,-0.003728,-0.034244,-0.007551,0.035264,1.212061,11.134637,2.455191,11.134637,102.288745,22.554701,2.455191,22.554701,4.973319,-0.000000,-0.000000,108.474124,0.015178,0.101450,0.052045,0.014880,0.100946,0.050993,0.000298,0.000504,0.001052,-0.006678,-0.093460,0.002261,0.093725,0.541871,7.583598,-0.183434,7.583598,106.134035,-2.567200,-0.183434,-2.567200,0.062096,-0.000000,0.000000,106.738002,-0.006678,-0.093460,0.002261,0.093725,0.556524,7.788672,-0.188395,7.788672,109.004090,-2.636622,-0.188395,-2.636622,0.063775,-0.000000,0.000000,109.624389,0.027788,0.087093,0.053196,0.027788,0.087093,0.053196,0.000000,0.000000,0.000000,-0.000000,0.000004,0.000001,0.000004,0.414955,-5.855626,-0.817570,-5.855626,82.631551,11.537121,-0.817570,11.537121,1.610827,-0.000000,0.000000,84.657333,-0.000000,0.000004,0.000001,0.000004,0.414954,-5.855622,-0.817569,-5.855622,82.631504,11.537114,-0.817569,11.537114,1.610826,0.000000,0.000000,84.657284
2.0667,ramp,0.518,29.7235,4.157088,-1.222583,-1.431204,-0.021476,-0.118117,1.268602,-1.942020,1.018563,-2.595495,1.492563,-2.440563,1.580000,-2.027923,0.011249,0.076072,0.023981,0.023981,0.023981,0.023981,0.023981,0.023981,-0.000000,0.023981,0.023981,0.023981,0.023981,1.544238,-0.692289,1.182813,0.018610,0.003937,0.000000,-0.003937,-0.005906,0.771310,0.890835,0.890835,0.619286,1.151506,1.151506,0.907478,1.119525,1.119525,0.960640,1.048564,1.048564,-0.007850,0.088590,-0.007575,0.003613,0.061050,-0.009209,-0.011463,0.027540,0.001634,0.014430,-0.030965,0.036005,0.049633,3.486874,-7.482316,8.700153,-7.482316,16.055943,-18.669242,8.700153,-18.669242,21.707887,-0.000000,0.000000,41.250703,0.014430,-0.030965,0.036005,0.049633,2.552884,-5.478111,6.369739,-5.478111,11.755215,-13.668519,6.369739,-13.668519,15.893235,-0.000000,0.000000,30.201334,-0.016439,0.115898,0.073805,-0.016306,0.114328,0.072132,-0.000133,0.001570,0.001672,-0.012413,-0.135223,-0.095087,0.165773,0.578052,6.296930,4.427896,6.296930,68.594713,48.234652,4.427896,48.234652,33.917798,-0.000000,-0.000000,103.090563,-0.012413,-0.135223,-0.095087,0.165773,0.582002,6.339956,4.458151,6.339956,69.063410,48.564231,4.458151,48.564231,34.149553,-0.000000,0.000000,103.794964,0.001752,0.109221,0.073290,0.001721,0.108778,0.073001,0.000031,0.000443,0.000289,-0.003728,-0.034244,-0.007551,0.035264,1.207646,11.094087,2.446250,11.094087,101.916231,22.472561,2.446250,22.472561,4.955207,-0.000000,0.000000,108.079084,-0.003728,-0.034244,-0.007551,0.035264,1.212061,11.134637,2.455191,11.134637,102.288745,22.554701,2.455191,22.554701,4.973319,-0.000000,-0.000000,108.474124,0.015178,0.101450,0.052045,0.014880,0.100946,0.050993,0.000298,0.000504,0.001052,-0.006678,-0.093460,0.002261,0.093725,0.541871,7.583598,-0.183434,7.583598,106.134035,-2.567200,-0.183434,-2.567200,0.062096,-0.000000,0.000000,106.738002,-0.006678,-0.093460,0.002261,0.093725,0.556524,7.788672,-0.188395,7.788672,109.004090,-2.636622,-0.188395,-2.636622,0.063775,-0.000000,0.000000,109.624389,0.027788,0.087093,0.053196,0.027788,0.087093,0.053196,0.000000,0.000000,0.000000,-0.000000,0.000004,0.000001,0.000004,0.414955,-5.855626,-0.817570,-5.855626,82.631551,11.537121,-0.817570,11.537121,1.610827,-0.000000,0.000000,84.657333,-0.000000,0.000004,0.000001,0.000004,0.414954,-5.855622,-0.817569,-5.855622,82.631504,11.537114,-0.817569,11.537114,1.610826,0.000000,0.000000,84.657284
2.0848,ramp,0.518,32.5331,4.157088,-1.222583,-1.431204,-0.021476,-0.118117,1.268602,-1.942020,1.018563,-2.595495,1.492563,-2.440563,1.580000,-2.027923,0.010534,0.040428,0.023981,0.023981,0.023981,0.023981,0.023981,0.023981,-0.000000,0.023981,0.023981,0.023981,0.023981,1.544238,-0.692289,1.182813,0.018610,0.003937,0.000000,-0.003937,-0.005906,0.771310,0.890835,0.890835,0.619286,1.151506,1.151506,0.907478,1.119525,1.119525,0.960640,1.048564,1.048564,-0.007850,0.088590,-0.007575,0.003613,0.061050,-0.009209,-0.011463,0.027540,0.001634,0.022200,-0.047638,0.055391,0.076357,3.747371,-8.041304,9.350124,-8.041304,17.255449,-20.063982,9.350124,-20.063982,23.329638,-0.000000,0.000000,44.332459,0.022200,-0.047638,0.055391,0.076357,2.734314,-5.867433,6.822429,-5.867433,12.590644,-14.639923,6.822429,-14.639923,17.022748,-0.000000,0.000000,32.347705,-0.016439,0.115898,0.073805,-0.016306,0.114328,0.072132,-0.000133,0.001570,0.001672,-0.012413,-0.135223,-0.095087,0.165773,0.578052,6.296930,4.427896,6.296930,68.594713,48.234652,4.427896,48.234652,33.917798,-0.000000,-0.000000,103.090563,-0.012413,-0.135223,-0.095087,0.165773,0.582002,6.339956,4.458151,6.339956,69.063410,48.564231,4.458151,48.564231,34.149553,-0.000000,0.000000,103.794964,0.001752,0.109221,0.073290,0.001721,0.108778,0.073001,0.000031,0.000443,0.000289,-0.003728,-0.034244,-0.007551,0.035264,1.207646,11.094087,2.446250,11.094087,101.916231,22.472561,2.446250,22.472561,4.955207,-0.000000,0.000000,108.079084,-0.003728,-0.034244,-0.007551,0.035264,1.212061,11.134637,2.455191,11.134637,102.288745,22.554701,2.455191,22.554701,4.973319,-0.000000,-0.000000,108.474124,0.015178,0.101450,0.052045,0.014880,0.100946,0.050993,0.000298,0.000504,0.001052,-0.006678,-0.093460,0.002261,0.093725,0.541871,7.583598,-0.183434,7.583598,106.134035,-2.567200,-0.183434,-2.567200,0.062096,-0.000000,0.000000,106.738002,-0.006678,-0.093460,0.002261,0.093725,0.556524,7.788672,-0.188395,7.788672,109.004090,-2.636622,-0.188395,-2.636622,0.063775,-0.000000,0.000000,109.624389,0.027788,0.087093,0.053196,0.027788,0.087093,0.053196,0.000000,0.000000,0.000000,-0.000000,0.000004,0.000001,0.000004,0.414955,-5.855626,-0.817570,-5.855626,82.631551,11.537121,-0.817570,11.537121,1.610827,-0.000000,0.000000,84.657333,-0.000000,0.000004,0.000001,0.000004,0.414954,-5.855622,-0.817569,-5.855622,82.631504,11.537114,-0.817569,11.537114,1.610826,0.000000,0.000000,84.657284
2.1031,ramp,0.518,35.3502,4.157088,-1.224117,-1.431204,-0.021476,-0.118117,1.268602,-1.942020,1.018563,-2.595495,1.492563,-2.440563,1.580000,-2.027923,0.016835,0.013238,0.023981,0.023981,0.023981,0.023981,0.023981,0.023981,-0.000000,0.023981,0.023981,0.023981,0.023981,1.544238,-0.693158,1.182813,0.018610,0.003937,0.000000,-0.003937,-0.005906,0.771310,0.890835,0.890835,0.619286,1.151506,1.151506,0.907478,1.119525,1.119525,0.960640,1.048564,1.048564,-0.007841,0.088569,-0.007621,0.003613,0.061050,-0.009209,-0.011454,0.027519,0.001588,0.030231,-0.064840,0.075520,0.104027,4.004751,-8.589562,10.004383,-8.589562,18.423263,-21.457832,10.004383,-21.457832,24.992236,-0.000000,0.000000,47.420250,0.030231,-0.064840,0.075520,0.104027,2.914616,-6.251395,7.281087,-6.251395,13.408262,-15.616790,7.281087,-15.616790,18.189093,-0.000000,0.000000,34.511972,-0.016439,0.115898,0.073805,-0.016306,0.114328,0.072132,-0.000133,0.001570,0.001672,-0.012413,-0.135223,-0.095087,0.165773,0.578052,6.296930,4.427896,6.296930,68.594713,48.234652,4.427896,48.234652,33.917798,-0.000000,-0.000000,103.090563,-0.012413,-0.135223,-0.095087,0.165773,0.582002,6.339956,4.458151,6.339956,69.063410,48.564231,4.458151,48.564231,34.149553,-0.000000,0.000000,103.794964,0.001752,0.109221,0.073290,0.001721,0.108778,0.073001,0.000031,0.000443,0.000289,-0.003728,-0.034244,-0.007551,0.035264,1.207646,11.094087,2.446250,11.094087,101.916231,22.472561,2.446250,22.472561,4.955207,-0.000000,0.000000,108.079084,-0.003728,-0.034244,-0.007551,0.035264,1.212061,11.134637,2.455191,11.134637,102.288745,22.554701,2.455191,22.554701,4.973319,-0.000000,-0.000000,108.474124,0.015178,0.101450,0.052045,0.014880,0.100946,0.050993,0.000298,0.000504,0.001052,-0.006678,-0.093460,0.002261,0.093725,0.541871,7.583598,-0.183434,7.583598,106.134035,-2.567200,-0.183434,-2.567200,0.062096,-0.000000,0.000000,106.738002,-0.006678,-0.093460,0.002261,0.093725,0.556524,7.788672,-0.188395,7.788672,109.004090,-2.636622,-0.188395,-2.636622,0.063775,-0.000000,0.000000,109.624389,0.027788,0.087093,0.053196,0.027788,0.087093,0.053196,0.000000,0.000000,0.000000,-0.000000,0.000004,0.000001,0.000004,0.414955,-5.855626,-0.817570,-5.855626,82.631551,11.537121,-0.817570,11.537121,1.610827,-0.000000,0.000000,84.657333,-0.000000,0.000004,0.000001,0.000004,0.414954,-5.855622,-0.817569,-5.855622,82.631504,11.537114,-0.817569,11.537114,1.610826,0.000000,0.000000,84.657284
2.1220,ramp,0.518,38.2692,4.157088,-1.224117,-1.431204,-0.021476,-0.118117,1.268602,-1.942020,1.018563,-2.595495,1.492563,-2.440563,1.580000,-2.027923,0.013684,-0.002628,0.023981,0.023981,0.023981,0.023981,0.023981,0.023981,-0.000000,0.023981,0.023981,0.023981,0.023981,1.544238,-0.693158,1.182813,0.018610,0.003937,0.000000,-0.003937,-0.005906,0.771310,0.890835,0.890835,0.619286,1.151506,1.151506,0.907478,1.119525,1.119525,0.960640,1.048564,1.048564,-0.007841,0.088569,-0.007621,0.003613,0.061050,-0.009209,-0.011454,0.027519,0.001588,0.038308,-0.082165,0.095699,0.131822,4.275126,-9.169474,10.679814,-9.169474,19.667083,-22.906526,10.679814,-22.906526,26.679551,-0.000000,0.000000,50.621760,0.038308,-0.082165,0.095699,0.131822,3.103006,-6.655461,7.751709,-6.655461,14.274920,-16.626199,7.751709,-16.626199,19.364766,-0.000000,0.000000,36.742692,-0.016439,0.115898,0.073805,-0.016306,0.114328,0.072132,-0.000133,0.001570,0.001672,-0.012413,-0.135223,-0.095087,0.165773,0.578052,6.296930,4.427896,6.296930,68.594713,48.234652,4.427896,48.234652,33.917798,-0.000000,-0.000000,103.090563,-0.012413,-0.135223,-0.095087,0.165773,0.582002,6.339956,4.458151,6.339956,69.063410,48.564231,4.458151,48.564231,34.149553,-0.000000,0.000000,103.794964,0.001752,0.109221,0.073290,0.001721,0.108778,0.073001,0.000031,0.000443,0.000289,-0.003728,-0.034244,-0.007551,0.035264,1.207646,11.094087,2.446250,11.094087,101.916231,22.472561,2.446250,22.472561,4.955207,-0.000000,0.000000,108.079084,-0.003728,-0.034244,-0.007551,0.035264,1.212061,11.134637,2.455191,11.134637,102.288745,22.554701,2.455191,22.554701,4.973319,-0.000000,-0.000000,108.474124,0.015178,0.101450,0.052045,0.014880,0.100946,0.050993,0.000298,0.000504,0.001052,-0.006678,-0.093460,0.002261,0.093725,0.541871,7.583598,-0.183434,7.583598,106.134035,-2.567200,-0.183434,-2.567200,0.062096,-0.000000,0.000000,106.738002,-0.006678,-0.093460,0.002261,0.093725,0.556524,7.788672,-0.188395,7.788672,109.004090,-2.636622,-0.188395,-2.636622,0.063775,-0.000000,0.000000,109.624389,0.027788,0.087093,0.053196,0.027788,0.087093,0.053196,0.000000,0.000000,0.000000,-0.000000,0.000004,0.000001,0.000004,0.414955,-5.855626,-0.817570,-5.855626,82.631551,11.537121,-0.817570,11.537121,1.610827,-0.000000,0.000000,84.657333,-0.000000,0.000004,0.000001,0.000004,0.414954,-5.855622,-0.817569,-5.855622,82.631504,11.537114,-0.817569,11.537114,1.610826,0.000000,0.000000,84.657284
2.1394,ramp,0.518,40.9641,4.158622,-1.224117,-1.431204,-0.021476,-0.118117,1.268602,-1.942020,1.018563,-2.595495,1.492563,-2.440563,1.580000,-2.027923,0.009671,-0.001397,0.023981,0.023981,0.023981,0.023981,0.023981,0.023981,-0.000000,0.023981,0.023981,0.023981,0.023981,1.544808,-0.693158,1.182813,0.018610,0.003937,0.000000,-0.003937,-0.005906,0.771310,0.890835,0.890835,0.619286,1.151506,1.151506,0.907478,1.119525,1.119525,0.960640,1.048564,1.048564,-0.007803,0.088558,-0.007612,0.003613,0.061050,-0.009209,-0.011416,0.027508,0.001597,0.045358,-0.097463,0.113468,0.156305,4.511761,-9.694588,11.286611,-9.694588,20.831118,-24.251957,11.286611,-24.251957,28.234558,-0.000000,0.000000,53.577438,0.045358,-0.097463,0.113468,0.156305,3.267074,-7.020082,8.172904,-7.020082,15.084309,-17.561420,8.172904,-17.561420,20.445316,-0.000000,0.000000,38.796699,-0.016439,0.115898,0.073805,-0.016306,0.114328,0.072132,-0.000133,0.001570,0.001672,-0.012413,-0.135223,-0.095087,0.165773,0.578052,6.296930,4.427896,6.296930,68.594713,48.234652,4.427896,48.234652,33.917798,-0.000000,-0.000000,103.090563,-0.012413,-0.135223,-0.095087,0.165773,0.582002,6.339956,4.458151,6.339956,69.063410,48.564231,4.458151,48.564231,34.149553,-0.000000,0.000000,103.794964,0.001752,0.109221,0.073290,0.001721,0.108778,0.073001,0.000031,0.000443,0.000289,-0.003728,-0.034244,-0.007551,0.035264,1.207646,11.094087,2.446250,11.094087,101.916231,22.472561,2.446250,22.472561,4.955207,-0.000000,0.000000,108.079084,-0.003728,-0.034244,-0.007551,0.035264,1.212061,11.134637,2.455191,11.134637,102.288745,22.554701,2.455191,22.554701,4.973319,-0.000000,-0.000000,108.474124,0.015178,0.101450,0.052045,0.014880,0.100946,0.050993,0.000298,0.000504,0.001052,-0.006678,-0.093460,0.002261,0.093725,0.541871,7.583598,-0.183434,7.583598,106.134035,-2.567200,-0.183434,-2.567200,0.062096,-0.000000,0.000000,106.738002,-0.006678,-0.093460,0.002261,0.093725,0.556524,7.788672,-0.188395,7.788672,109.004090,-2.636622,-0.188395,-2.636622,0.063775,-0.000000,0.000000,109.624389,0.027788,0.087093,0.053196,0.027788,0.087093,0.053196,0.000000,0.000000,0.000000,-0.000000,0.000004,0.000001,0.000004,0.414955,-5.855626,-0.817570,-5.855626,82.631551,11.537121,-0.817570,11.537121,1.610827,-0.000000,0.000000,84.657333,-0.000000,0.000004,0.000001,0.000004,0.414954,-5.855622,-0.817569,-5.855622,82.631504,11.537114,-0.817569,11.537114,1.610826,0.000000,0.000000,84.657284
2.1576,ramp,0.518,43.7711,4.157088,-1.219515,-1.431204,-0.021476,-0.118117,1.268602,-1.942020,1.018563,-2.595495,1.492563,-2.440563,1.580000,-2.027923,0.006555,0.031370,0.023981,0.023981,0.023981,0.023981,0.023981,0.023981,-0.000000,0.023981,0.023981,0.023981,0.023981,1.544238,-0.690552,1.182813,0.018610,0.003937,0.000000,-0.003937,-0.005906,0.771310,0.890835,0.890835,0.619286,1.151506,1.151506,0.907478,1.119525,1.119525,0.960640,1.048564,1.048564,-0.007869,0.088631,-0.007484,0.003613,0.061050,-0.009209,-0.011482,0.027581,0.001725,0.052764,-0.113329,0.131334,0.181318,4.798472,-10.306450,11.943831,-10.306450,22.136821,-25.653687,11.943831,-25.653687,29.729275,0.000000,0.000000,56.664568,0.052764,-0.113329,0.131334,0.181318,3.463830,-7.439825,8.621786,-7.439825,15.979708,-18.518396,8.621786,-18.518396,21.460404,-0.000000,0.000000,40.903942,-0.016439,0.115898,0.073805,-0.016306,0.114328,0.072132,-0.000133,0.001570,0.001672,-0.012413,-0.135223,-0.095087,0.165773,0.578052,6.296930,4.427896,6.296930,68.594713,48.234652,4.427896,48.234652,33.917798,-0.000000,-0.000000,103.090563,-0.012413,-0.135223,-0.095087,0.165773,0.582002,6.339956,4.458151,6.339956,69.063410,48.564231,4.458151,48.564231,34.149553,-0.000000,0.000000,103.794964,0.001752,0.109221,0.073290,0.001721,0.108778,0.073001,0.000031,0.000443,0.000289,-0.003728,-0.034244,-0.007551,0.035264,1.207646,11.094087,2.446250,11.094087,101.916231,22.472561,2.446250,22.472561,4.955207,-0.000000,0.000000,108.079084,-0.003728,-0.034244,-0.007551,0.035264,1.212061,11.134637,2.455191,11.134637,102.288745,22.554701,2.455191,22.554701,4.973319,-0.000000,-0.000000,108.474124,0.015178,0.101450,0.052045,0.014880,0.100946,0.050993,0.000298,0.000504,0.001052,-0.006678,-0.093460,0.002261,0.093725,0.541871,7.583598,-0.183434,7.583598,106.134035,-2.567200,-0.183434,-2.567200,0.062096,-0.000000,0.000000,106.738002,-0.006678,-0.093460,0.002261,0.093725,0.556524,7.788672,-0.188395,7.788672,109.004090,-2.636622,-0.188395,-2.636622,0.063775,-0.000000,0.000000,109.624389,0.027788,0.087093,0.053196,0.027788,0.087093,0.053196,0.000000,0.000000,0.000000,-0.000000,0.000004,0.000001,0.000004,0.414955,-5.855626,-0.817570,-5.855626,82.631551,11.537121,-0.817570,11.537121,1.610827,-0.000000,0.000000,84.657333,-0.000000,0.000004,0.000001,0.000004,0.414954,-5.855622,-0.817569,-5.855622,82.631504,11.537114,-0.817569,11.537114,1.610826,0.000000,0.000000,84.657284
2.1757,ramp,0.518,46.5747,4.158622,-1.216447,-1.431204,-0.021476,-0.118117,1.268602,-1.942020,1.018563,-2.595495,1.492563,-2.440563,1.580000,-2.027923,0.007824,0.101976,0.023981,0.023981,0.023981,0.023981,0.023981,0.023981,-0.000000,0.023981,0.023981,0.023981,0.023981,1.544808,-0.688815,1.182813,0.018610,0.003937,0.000000,-0.003937,-0.005906,0.771310,0.890835,0.890835,0.619286,1.151506,1.151506,0.907478,1.119525,1.119525,0.960640,1.048564,1.048564,-0.007849,0.088662,-0.007384,0.003613,0.061050,-0.009209,-0.011463,0.027612,0.001825,0.059521,-0.128193,0.147999,0.204646,5.054048,-10.885205,12.566978,-10.885205,23.444116,-27.066251,12.566978,-27.066251,31.248008,-0.000000,0.000000,59.746172,0.059521,-0.128193,0.147999,0.204646,3.638120,-7.835636,9.046248,-7.835636,16.876077,-19.483444,9.046248,-19.483444,22.493651,-0.000000,0.000000,43.007847,-0.016439,0.115898,0.073805,-0.016306,0.114328,0.072132,-0.000133,0.001570,0.001672,-0.012413,-0.135223,-0.095087,0.165773,0.578052,6.296930,4.427896,6.296930,68.594713,48.234652,4.427896,48.234652,33.917798,-0.000000,-0.000000,103.090563,-0.012413,-0.135223,-0.095087,0.165773,0.582002,6.339956,4.458151,6.339956,69.063410,48.564231,4.458151,48.564231,34.149553,-0.000000,0.000000,103.794964,0.001752,0.109221,0.073290,0.001721,0.108778,0.073001,0.000031,0.000443,0.000289,-0.003728,-0.034244,-0.007551,0.035264,1.207646,11.094087,2.446250,11.094087,101.916231,22.472561,2.446250,22.472561,4.955207,-0.000000,0.000000,108.079084,-0.003728,-0.034244,-0.007551,0.035264,1.212061,11.134637,2.455191,11.134637,102.288745,22.554701,2.455191,22.554701,4.973319,-0.000000,-0.000000,108.474124,0.015178,0.101450,0.052045,0.014880,0.100946,0.050993,0.000298,0.000504,0.001052,-0.006678,-0.093460,0.002261,0.093725,0.541871,7.583598,-0.183434,7.583598,106.134035,-2.567200,-0.183434,-2.567200,0.062096,-0.000000,0.000000,106.738002,-0.006678,-0.093460,0.002261,0.093725,0.556524,7.788672,-0.188395,7.788672,109.004090,-2.636622,-0.188395,-2.636622,0.063775,-0.000000,0.000000,109.624389,0.027788,0.087093,0.053196,0.027788,0.087093,0.053196,0.000000,0.000000,0.000000,-0.000000,0.000004,0.000001,0.000004,0.414955,-5.855626,-0.817570,-5.855626,82.631551,11.537121,-0.817570,11.537121,1.610827,-0.000000,0.000000,84.657333,-0.000000,0.000004,0.000001,0.000004,0.414954,-5.855622,-0.817569,-5.855622,82.631504,11.537114,-0.817569,11.537114,1.610826,0.000000,0.000000,84.657284
2.1946,ramp,0.518,49.4872,4.157088,-1.213379,-1.431204,-0.021476,-0.118117,1.268602,-1.942020,1.018563,-2.595495,1.492563,-2.440563,1.580000,-2.027923,0.015395,0.164160,0.023981,0.023981,0.023981,0.023981,0.023981,0.023981,-0.000000,0.023981,0.023981,0.023981,0.023981,1.544238,-0.687077,1.182813,0.018610,0.003937,0.000000,-0.003937,-0.005906,0.771310,0.890835,0.890835,0.619286,1.151506,1.151506,0.907478,1.119525,1.119525,0.960640,1.048564,1.048564,-0.007906,0.088714,-0.007302,0.003613,0.061050,-0.009209,-0.011519,0.027664,0.001907,0.067481,-0.145209,0.167154,0.231473,5.349926,-11.512197,13.252016,-11.512197,24.772433,-28.516249,13.252016,-28.516249,32.825862,-0.000000,0.000000,62.948221,0.067481,-0.145209,0.167154,0.231473,3.841844,-8.267043,9.516427,-8.267043,17.789372,-20.477851,9.516427,-20.477851,23.572634,-0.000000,0.000000,45.203851,-0.016439,0.115898,0.073805,-0.016306,0.114328,0.072132,-0.000133,0.001570,0.001672,-0.012413,-0.135223,-0.095087,0.165773,0.578052,6.296930,4.427896,6.296930,68.594713,48.234652,4.427896,48.234652,33.917798,-0.000000,-0.000000,103.090563,-0.012413,-0.135223,-0.095087,0.165773,0.582002,6.339956,4.458151,6.339956,69.063410,48.564231,4.458151,48.564231,34.149553,-0.000000,0.000000,103.794964,0.001752,0.109221,0.073290,0.001721,0.108778,0.073001,0.000031,0.000443,0.000289,-0.003728,-0.034244,-0.007551,0.035264,1.207646,11.094087,2.446250,11.094087,101.916231,22.472561,2.446250,22.472561,4.955207,-0.000000,0.000000,108.079084,-0.003728,-0.034244,-0.007551,0.035264,1.212061,11.134637,2.455191,11.134637,102.288745,22.554701,2.455191,22.554701,4.973319,-0.000000,-0.000000,108.474124,0.015178,0.101450,0.052045,0.014880,0.100946,0.050993,0.000298,0.000504,0.001052,-0.006678,-0.093460,0.002261,0.093725,0.541871,7.583598,-0.183434,7.583598,106.134035,-2.567200,-0.183434,-2.567200,0.062096,-0.000000,0.000000,106.738002,-0.006678,-0.093460,0.002261,0.093725,0.556524,7.788672,-0.188395,7.788672,109.004090,-2.636622,-0.188395,-2.636622,0.063775,-0.000000,0.000000,109.624389,0.027788,0.087093,0.053196,0.027788,0.087093,0.053196,0.000000,0.000000,0.000000,-0.000000,0.000004,0.000001,0.000004,0.414955,-5.855626,-0.817570,-5.855626,82.631551,11.537121,-0.817570,11.537121,1.610827,-0.000000,0.000000,84.657333,-0.000000,0.000004,0.000001,0.000004,0.414954,-5.855622,-0.817569,-5.855622,82.631504,11.537114,-0.817569,11.537114,1.610826,0.000000,0.000000,84.657284
2.2128,ramp,0.518,52.2912,4.158622,-1.214913,-1.431204,-0.021476,-0.118117,1.268602,-1.942020,1.018563,-2.595495,1.492563,-2.440563,1.580000,-2.027923,0.012919,0.147186,0.023981,0.023981,0.023981,0.023981,0.023981,0.023981,-0.000000,0.023981,0.023981,0.023981,0.023981,1.544808,-0.687946,1.182813,0.018610,0.003937,0.000000,-0.003937,-0.005906,0.771310,0.890835,0.890835,0.619286,1.151506,1.151506,0.907478,1.119525,1.119525,0.960640,1.048564,1.048564,-0.007859,0.088682,-0.007338,0.003613,0.061050,-0.009209,-0.011472,0.027632,0.001871,0.074958,-0.161517,0.186159,0.257608,5.589956,-12.044987,13.882671,-12.044987,25.953998,-29.913758,13.882671,-29.913758,34.477652,-0.000000,0.000000,66.021606,0.074958,-0.161517,0.186159,0.257608,4.009187,-8.638817,9.956828,-8.638817,18.614536,-21.454526,9.956828,-21.454526,24.727809,-0.000000,0.000000,47.351532,-0.016439,0.115898,0.073805,-0.016306,0.114328,0.072132,-0.000133,0.001570,0.001672,-0.012413,-0.135223,-0.095087,0.165773,0.578052,6.296930,4.427896,6.296930,68.594713,48.234652,4.427896,48.234652,33.917798,-0.000000,-0.000000,103.090563,-0.012413,-0.135223,-0.095087,0.165773,0.582002,6.339956,4.458151,6.339956,69.063410,48.564231,4.458151,48.564231,34.149553,-0.000000,0.000000,103.794964,0.001752,0.109221,0.073290,0.001721,0.108778,0.073001,0.000031,0.000443,0.000289,-0.003728,-0.034244,-0.007551,0.035264,1.207646,11.094087,2.446250,11.094087,101.916231,22.472561,2.446250,22.472561,4.955207,-0.000000,0.000000,108.079084,-0.003728,-0.034244,-0.007551,0.035264,1.212061,11.134637,2.455191,11.134637,102.288745,22.554701,2.455191,22.554701,4.973319,-0.000000,-0.000000,108.474124,0.015178,0.101450,0.052045,0.014880,0.100946,0.050993,0.000298,0.000504,0.001052,-0.006678,-0.093460,0.002261,0.093725,0.541871,7.583598,-0.183434,7.583598,106.134035,-2.567200,-0.183434,-2.567200,0.062096,-0.000000,0.000000,106.738002,-0.006678,-0.093460,0.002261,0.093725,0.556524,7.788672,-0.188395,7.788672,109.004090,-2.636622,-0.188395,-2.636622,0.063775,-0.000000,0.000000,109.624389,0.027788,0.087093,0.053196,0.027788,0.087093,0.053196,0.000000,0.000000,0.000000,-0.000000,0.000004,0.000001,0.000004,0.414955,-5.855626,-0.817570,-5.855626,82.631551,11.537121,-0.817570,11.537121,1.610827,-0.000000,0.000000,84.657333,-0.000000,0.000004,0.000001,0.000004,0.414954,-5.855622,-0.817569,-5.855622,82.631504,11.537114,-0.817569,11.537114,1.610826,0.000000,0.000000,84.657284
2.2337,ramp,0.518,55.5328,4.157088,-1.216447,-1.431204,-0.021476,-0.118117,1.268602,-1.942020,1.018563,-2.595495,1.492563,-2.440563,1.580000,-2.027923,0.015917,0.106843,0.023981,0.023981,0.023981,0.023981,0.023981,0.023981,-0.000000,0.023981,0.023981,0.023981,0.023981,1.544238,-0.688815,1.182813,0.018610,0.003937,0.000000,-0.003937,-0.005906,0.771310,0.890835,0.890835,0.619286,1.151506,1.151506,0.907478,1.119525,1.119525,0.960640,1.048564,1.048564,-0.007887,0.088673,-0.007393,0.003613,0.061050,-0.009209,-0.011500,0.027623,0.001816,0.084689,-0.182070,0.210289,0.290763,5.902413,-12.689348,14.656090,-12.689348,27.280291,-31.508507,14.656090,-31.508507,36.392061,-0.000000,0.000000,69.574765,0.084689,-0.182070,0.210289,0.290763,4.228854,-9.091435,10.500531,-9.091435,19.545291,-22.574647,10.500531,-22.574647,26.073528,-0.000000,0.000000,49.847673,-0.016439,0.115898,0.073805,-0.016306,0.114328,0.072132,-0.000133,0.001570,0.001672,-0.012413,-0.135223,-0.095087,0.165773,0.578052,6.296930,4.427896,6.296930,68.594713,48.234652,4.427896,48.234652,33.917798,-0.000000,-0.000000,103.090563,-0.012413,-0.135223,-0.095087,0.165773,0.582002,6.339956,4.458151,6.339956,69.063410,48.564231,4.458151,48.564231,34.149553,-0.000000,0.000000,103.794964,0.001752,0.109221,0.073290,0.001721,0.108778,0.073001,0.000031,0.000443,0.000289,-0.003728,-0.034244,-0.007551,0.035264,1.207646,11.094087,2.446250,11.094087,101.916231,22.472561,2.446250,22.472561,4.955207,-0.000000,0.000000,108.079084,-0.003728,-0.034244,-0.007551,0.035264,1.212061,11.134637,2.455191,11.134637,102.288745,22.554701,2.455191,22.554701,4.973319,-0.000000,-0.000000,108.474124,0.015178,0.101450,0.052045,0.014880,0.100946,0.050993,0.000298,0.000504,0.001052,-0.006678,-0.093460,0.002261,0.093725,0.541871,7.583598,-0.183434,7.583598,106.134035,-2.567200,-0.183434,-2.567200,0.062096,-0.000000,0.000000,106.738002,-0.006678,-0.093460,0.002261,0.093725,0.556524,7.788672,-0.188395,7.788672,109.004090,-2.636622,-0.188395,-2.636622,0.063775,-0.000000,0.000000,109.624389,0.027788,0.087093,0.053196,0.027788,0.087093,0.053196,0.000000,0.000000,0.000000,-0.000000,0.000004,0.000001,0.000004,0.414955,-5.855626,-0.817570,-5.855626,82.631551,11.537121,-0.817570,11.537121,1.610827,-0.000000,0.000000,84.657333,-0.000000,0.000004,0.000001,0.000004,0.414954,-5.855622,-0.817569,-5.855622,82.631504,11.537114,-0.817569,11.537114,1.610826,0.000000,0.000000,84.657284
2.2515,ramp,0.518,58.2757,4.157088,-1.221049,-1.431204,-0.021476,-0.118117,1.268602,-1.942020,1.018563,-2.595495,1.492563,-2.440563,1.580000,-2.027923,0.011220,-0.035759,0.023981,0.023981,0.023981,0.023981,0.023981,0.023981,-0.000000,0.023981,0.023981,0.023981,0.023981,1.544238,-0.691421,1.182813,0.018610,0.003937,0.000000,-0.003937,-0.005906,0.771310,0.890835,0.890835,0.619286,1.151506,1.151506,0.907478,1.119525,1.119525,0.960640,1.048564,1.048564,-0.007859,0.088610,-0.007530,0.003613,0.061050,-0.009209,-0.011472,0.027560,0.001679,0.093104,-0.199881,0.232024,0.320087,6.140020,-13.181750,15.301559,-13.181750,28.299345,-32.850275,15.301559,-32.850275,38.133057,-0.000000,0.000000,72.572422,0.093104,-0.199881,0.232024,0.320087,4.399067,-9.444172,10.962927,-9.444172,20.275296,-23.535847,10.962927,-23.535847,27.320739,-0.000000,0.000000,51.995103,-0.016439,0.115898,0.073805,-0.016306,0.114328,0.072132,-0.000133,0.001570,0.001672,-0.012413,-0.135223,-0.095087,0.165773,0.578052,6.296930,4.427896,6.296930,68.594713,48.234652,4.427896,48.234652,33.917798,-0.000000,-0.000000,103.090563,-0.012413,-0.135223,-0.095087,0.165773,0.582002,6.339956,4.458151,6.339956,69.063410,48.564231,4.458151,48.564231,34.149553,-0.000000,0.000000,103.794964,0.001752,0.109221,0.073290,0.001721,0.108778,0.073001,0.000031,0.000443,0.000289,-0.003728,-0.034244,-0.007551,0.035264,1.207646,11.094087,2.446250,11.094087,101.916231,22.472561,2.446250,22.472561,4.955207,-0.000000,0.000000,108.079084,-0.003728,-0.034244,-0.007551,0.035264,1.212061,11.134637,2.455191,11.134637,102.288745,22.554701,2.455191,22.554701,4.973319,-0.000000,-0.000000,108.474124,0.015178,0.101450,0.052045,0.014880,0.100946,0.050993,0.000298,0.000504,0.001052,-0.006678,-0.093460,0.002261,0.093725,0.541871,7.583598,-0.183434,7.583598,106.134035,-2.567200,-0.183434,-2.567200,0.062096,-0.000000,0.000000,106.738002,-0.006678,-0.093460,0.002261,0.093725,0.556524,7.788672,-0.188395,7.788672,109.004090,-2.636622,-0.188395,-2.636622,0.063775,-0.000000,0.000000,109.624389,0.027788,0.087093,0.053196,0.027788,0.087093,0.053196,0.000000,0.000000,0.000000,-0.000000,0.000004,0.000001,0.000004,0.414955,-5.855626,-0.817570,-5.855626,82.631551,11.537121,-0.817570,11.537121,1.610827,-0.000000,0.000000,84.657333,-0.000000,0.000004,0.000001,0.000004,0.414954,-5.855622,-0.817569,-5.855622,82.631504,11.537114,-0.817569,11.537114,1.610826,0.000000,0.000000,84.657284
2.2697,ramp,0.518,61.0842,4.157088,-1.224117,-1.431204,-0.021476,-0.118117,1.268602,-1.942020,1.018563,-2.595495,1.492563,-2.440563,1.580000,-2.027923,0.005963,-0.089563,0.023981,0.023981,0.023981,0.023981,0.023981,0.023981,-0.000000,0.023981,0.023981,0.023981,0.023981,1.544238,-0.693158,1.182813,0.018610,0.003937,0.000000,-0.003937,-0.005906,0.771310,0.890835,0.890835,0.619286,1.151506,1.151506,0.907478,1.119525,1.119525,0.960640,1.048564,1.048564,-0.007841,0.088569,-0.007621,0.003613,0.061050,-0.009209,-0.011454,0.027519,0.001588,0.101442,-0.217576,0.253414,0.349068,6.388386,-13.702085,15.959010,-13.702085,29.388823,-34.229572,15.959010,-34.229572,39.867660,-0.000000,0.000000,75.644869,0.101442,-0.217576,0.253414,0.349068,4.575465,-9.813655,11.430101,-9.813655,21.048750,-24.515773,11.430101,-24.515773,28.553863,-0.000000,0.000000,54.178077,-0.016439,0.115898,0.073805,-0.016306,0.114328,0.072132,-0.000133,0.001570,0.001672,-0.012413,-0.135223,-0.095087,0.165773,0.578052,6.296930,4.427896,6.296930,68.594713,48.234652,4.427896,48.234652,33.917798,-0.000000,-0.000000,103.090563,-0.012413,-0.135223,-0.095087,0.165773,0.582002,6.339956,4.458151,6.339956,69.063410,48.564231,4.458151,48.564231,34.149553,-0.000000,0.000000,103.794964,0.001752,0.109221,0.073290,0.001721,0.108778,0.073001,0.000031,0.000443,0.000289,-0.003728,-0.034244,-0.007551,0.035264,1.207646,11.094087,2.446250,11.094087,101.916231,22.472561,2.446250,22.472561,4.955207,-0.000000,0.000000,108.079084,-0.003728,-0.034244,-0.007551,0.035264,1.212061,11.134637,2.455191,11.134637,102.288745,22.554701,2.455191,22.554701,4.973319,-0.000000,-0.000000,108.474124,0.015178,0.101450,0.052045,0.014880,0.100946,0.050993,0.000298,0.000504,0.001052,-0.006678,-0.093460,0.002261,0.093725,0.541871,7.583598,-0.183434,7.583598,106.134035,-2.567200,-0.183434,-2.567200,0.062096,-0.000000,0.000000,106.738002,-0.006678,-0.093460,0.002261,0.093725,0.556524,7.788672,-0.188395,7.788672,109.004090,-2.636622,-0.188395,-2.636622,0.063775,-0.000000,0.000000,109.624389,0.027788,0.087093,0.053196,0.027788,0.087093,0.053196,0.000000,0.000000,0.000000,-0.000000,0.000004,0.000001,0.000004,0.414955,-5.855626,-0.817570,-5.855626,82.631551,11.537121,-0.817570,11.537121,1.610827,-0.000000,0.000000,84.657333,-0.000000,0.000004,0.000001,0.000004,0.414954,-5.855622,-0.817569,-5.855622,82.631504,11.537114,-0.817569,11.537114,1.610826,0.000000,0.000000,84.657284
2.2879,ramp,0.518,63.8916,4.157088,-1.228719,-1.431204,-0.021476,-0.118117,1.268602,-1.942020,1.018563,-2.595495,1.492563,-2.440563,1.580000,-2.027923,0.012989,-0.126252,0.023981,0.023981,0.023981,0.023981,0.023981,0.023981,-0.000000,0.023981,0.023981,0.023981,0.023981,1.544238,-0.695764,1.182813,0.018610,0.003937,0.000000,-0.003937,-0.005906,0.771310,0.890835,0.890835,0.619286,1.151506,1.151506,0.907478,1.119525,1.119525,0.960640,1.048564,1.048564,-0.007813,0.088506,-0.007757,0.003613,0.061050,-0.009209,-0.011426,0.027456,0.001452,0.110090,-0.235791,0.276015,0.379344,6.629298,-14.198618,16.620787,-14.198618,30.410573,-35.598371,16.620787,-35.598371,41.671165,-0.000000,0.000000,78.711035,0.110090,-0.235791,0.276015,0.379344,4.748785,-10.170940,11.906020,-10.170940,21.784099,-25.500291,11.906020,-25.500291,29.850434,0.000000,0.000000,56.383319,-0.016439,0.115898,0.073805,-0.016306,0.114328,0.072132,-0.000133,0.001570,0.001672,-0.012413,-0.135223,-0.095087,0.165773,0.578052,6.296930,4.427896,6.296930,68.594713,48.234652,4.427896,48.234652,33.917798,-0.000000,-0.000000,103.090563,-0.012413,-0.135223,-0.095087,0.165773,0.582002,6.339956,4.458151,6.339956,69.063410,48.564231,4.458151,48.564231,34.149553,-0.000000,0.000000,103.794964,0.001752,0.109221,0.073290,0.001721,0.108778,0.073001,0.000031,0.000443,0.000289,-0.003728,-0.034244,-0.007551,0.035264,1.207646,11.094087,2.446250,11.094087,101.916231,22.472561,2.446250,22.472561,4.955207,-0.000000,0.000000,108.079084,-0.003728,-0.034244,-0.007551,0.035264,1.212061,11.134637,2.455191,11.134637,102.288745,22.554701,2.455191,22.554701,4.973319,-0.000000,-0.000000,108.474124,0.015178,0.101450,0.052045,0.014880,0.100946,0.050993,0.000298,0.000504,0.001052,-0.006678,-0.093460,0.002261,0.093725,0.541871,7.583598,-0.183434,7.583598,106.134035,-2.567200,-0.183434,-2.567200,0.062096,-0.000000,0.000000,106.738002,-0.006678,-0.093460,0.002261,0.093725,0.556524,7.788672,-0.188395,7.788672,109.004090,-2.636622,-0.188395,-2.636622,0.063775,-0.000000,0.000000,109.624389,0.027788,0.087093,0.053196,0.027788,0.087093,0.053196,0.000000,0.000000,0.000000,-0.000000,0.000004,0.000001,0.000004,0.414955,-5.855626,-0.817570,-5.855626,82.631551,11.537121,-0.817570,11.537121,1.610827,-0.000000,0.000000,84.657333,-0.000000,0.000004,0.000001,0.000004,0.414954,-5.855622,-0.817569,-5.855622,82.631504,11.537114,-0.817569,11.537114,1.610826,0.000000,0.000000,84.657284
2.3068,ramp,0.518,66.8247,4.157088,-1.231787,-1.431204,-0.021476,-0.118117,1.268602,-1.942020,1.018563,-2.595495,1.492563,-2.440563,1.580000,-2.027923,0.018139,-0.156987,0.023981,0.023981,0.023981,0.023981,0.023981,0.023981,-0.000000,0.023981,0.023981,0.023981,0.023981,1.544238,-0.697501,1.182813,0.018610,0.003937,0.000000,-0.003937,-0.005906,0.771310,0.890835,0.890835,0.619286,1.151506,1.151506,0.907478,1.119525,1.119525,0.960640,1.048564,1.048564,-0.007794,0.088464,-0.007848,0.003613,0.061050,-0.009209,-0.011407,0.027414,0.001361,0.118820,-0.254246,0.298619,0.409796,6.886940,-14.736350,17.308276,-14.736350,31.532150,-37.035434,17.308276,-37.035434,43.499203,0.000000,0.000000,81.918293,0.118820,-0.254246,0.298619,0.409796,4.932331,-10.553970,12.395947,-10.553970,22.582889,-26.524265,12.395947,-26.524265,31.153527,-0.000000,-0.000000,58.668747,-0.016439,0.115898,0.073805,-0.016306,0.114328,0.072132,-0.000133,0.001570,0.001672,-0.012413,-0.135223,-0.095087,0.165773,0.578052,6.296930,4.427896,6.296930,68.594713,48.234652,4.427896,48.234652,33.917798,-0.000000,-0.000000,103.090563,-0.012413,-0.135223,-0.095087,0.165773,0.582002,6.339956,4.458151,6.339956,69.063410,48.564231,4.458151,48.564231,34.149553,-0.000000,0.000000,103.794964,0.001752,0.109221,0.073290,0.001721,0.108778,0.073001,0.000031,0.000443,0.000289,-0.003728,-0.034244,-0.007551,0.035264,1.207646,11.094087,2.446250,11.094087,101.916231,22.472561,2.446250,22.472561,4.955207,-0.000000,0.000000,108.079084,-0.003728,-0.034244,-0.007551,0.035264,1.212061,11.134637,2.455191,11.134637,102.288745,22.554701,2.455191,22.554701,4.973319,-0.000000,-0.000000,108.474124,0.015178,0.101450,0.052045,0.014880,0.100946,0.050993,0.000298,0.000504,0.001052,-0.006678,-0.093460,0.002261,0.093725,0.541871,7.583598,-0.183434,7.583598,106.134035,-2.567200,-0.183434,-2.567200,0.062096,-0.000000,0.000000,106.738002,-0.006678,-0.093460,0.002261,0.093725,0.556524,7.788672,-0.188395,7.788672,109.004090,-2.636622,-0.188395,-2.636622,0.063775,-0.000000,0.000000,109.624389,0.027788,0.087093,0.053196,0.027788,0.087093,0.053196,0.000000,0.000000,0.000000,-0.000000,0.000004,0.000001,0.000004,0.414955,-5.855626,-0.817570,-5.855626,82.631551,11.537121,-0.817570,11.537121,1.610827,-0.000000,0.000000,84.657333,-0.000000,0.000004,0.000001,0.000004,0.414954,-5.855622,-0.817569,-5.855622,82.631504,11.537114,-0.817569,11.537114,1.610826,0.000000,0.000000,84.657284
2.3253,ramp,0.518,69.6690,4.157088,-1.236389,-1.431204,-0.021476,-0.118117,1.268602,-1.942020,1.018563,-2.595495,1.492563,-2.440563,1.580000,-2.027923,0.018478,-0.175719,0.023981,0.023981,0.023981,0.023981,0.023981,0.023981,-0.000000,0.023981,0.023981,0.023981,0.023981,1.544238,-0.700107,1.182813,0.018610,0.003937,0.000000,-0.003937,-0.005906,0.771310,0.890835,0.890835,0.619286,1.151506,1.151506,0.907478,1.119525,1.119525,0.960640,1.048564,1.048564,-0.007766,0.088400,-0.007984,0.003613,0.061050,-0.009209,-0.011379,0.027350,0.001225,0.127629,-0.272700,0.321913,0.440775,7.128536,-15.231274,17.979969,-15.231274,32.544091,-38.417124,17.979969,-38.417124,45.350027,-0.000000,0.000000,85.022654,0.127629,-0.272700,0.321913,0.440775,5.106952,-10.911832,12.881023,-10.911832,23.314900,-27.522398,12.881023,-27.522398,32.489197,-0.000000,0.000000,60.911049,-0.016439,0.115898,0.073805,-0.016306,0.114328,0.072132,-0.000133,0.001570,0.001672,-0.012413,-0.135223,-0.095087,0.165773,0.578052,6.296930,4.427896,6.296930,68.594713,48.234652,4.427896,48.234652,33.917798,-0.000000,-0.000000,103.090563,-0.012413,-0.135223,-0.095087,0.165773,0.582002,6.339956,4.458151,6.339956,69.063410,48.564231,4.458151,48.564231,34.149553,-0.000000,0.000000,103.794964,0.001752,0.109221,0.073290,0.001721,0.108778,0.073001,0.000031,0.000443,0.000289,-0.003728,-0.034244,-0.007551,0.035264,1.207646,11.094087,2.446250,11.094087,101.916231,22.472561,2.446250,22.472561,4.955207,-0.000000,0.000000,108.079084,-0.003728,-0.034244,-0.007551,0.035264,1.212061,11.134637,2.455191,11.134637,102.288745,22.554701,2.455191,22.554701,4.973319,-0.000000,-0.000000,108.474124,0.015178,0.101450,0.052045,0.014880,0.100946,0.050993,0.000298,0.000504,0.001052,-0.006678,-0.093460,0.002261,0.093725,0.541871,7.583598,-0.183434,7.583598,106.134035,-2.567200,-0.183434,-2.567200,0.062096,-0.000000,0.000000,106.738002,-0.006678,-0.093460,0.002261,0.093725,0.556524,7.788672,-0.188395,7.788672,109.004090,-2.636622,-0.188395,-2.636622,0.063775,-0.000000,0.000000,109.624389,0.027788,0.087093,0.053196,0.027788,0.087093,0.053196,0.000000,0.000000,0.000000,-0.000000,0.000004,0.000001,0.000004,0.414955,-5.855626,-0.817570,-5.855626,82.631551,11.537121,-0.817570,11.537121,1.610827,-0.000000,0.000000,84.657333,-0.000000,0.000004,0.000001,0.000004,0.414954,-5.855622,-0.817569,-5.855622,82.631504,11.537114,-0.817569,11.537114,1.610826,0.000000,0.000000,84.657284
2.3424,ramp,0.518,72.3187,4.158622,-1.239456,-1.431204,-0.021476,-0.118117,1.268602,-1.942020,1.018563,-2.595495,1.492563,-2.440563,1.580000,-2.027923,0.014161,-0.194512,0.023981,0.023981,0.023981,0.023981,0.023981,0.023981,-0.000000,0.023981,0.023981,0.023981,0.023981,1.544808,-0.701844,1.182813,0.018610,0.003937,0.000000,-0.003937,-0.005906,0.771310,0.890835,0.890835,0.619286,1.151506,1.151506,0.907478,1.119525,1.119525,0.960640,1.048564,1.048564,-0.007710,0.088347,-0.008065,0.003613,0.061050,-0.009209,-0.011323,0.027297,0.001144,0.134906,-0.288492,0.341555,0.466998,7.336833,-15.689549,18.575360,-15.689549,33.551526,-39.722727,18.575360,-39.722727,47.029010,-0.000000,-0.000000,87.917369,0.134906,-0.288492,0.341555,0.466998,5.255645,-11.239005,13.306218,-11.239005,24.034200,-28.454860,13.306218,-28.454860,33.688621,-0.000000,0.000000,62.978466,-0.016439,0.115898,0.073805,-0.016306,0.114328,0.072132,-0.000133,0.001570,0.001672,-0.012413,-0.135223,-0.095087,0.165773,0.578052,6.296930,4.427896,6.296930,68.594713,48.234652,4.427896,48.234652,33.917798,-0.000000,-0.000000,103.090563,-0.012413,-0.135223,-0.095087,0.165773,0.582002,6.339956,4.458151,6.339956,69.063410,48.564231,4.458151,48.564231,34.149553,-0.000000,0.000000,103.794964,0.001752,0.109221,0.073290,0.001721,0.108778,0.073001,0.000031,0.000443,0.000289,-0.003728,-0.034244,-0.007551,0.035264,1.207646,11.094087,2.446250,11.094087,101.916231,22.472561,2.446250,22.472561,4.955207,-0.000000,0.000000,108.079084,-0.003728,-0.034244,-0.007551,0.035264,1.212061,11.134637,2.455191,11.134637,102.288745,22.554701,2.455191,22.554701,4.973319,-0.000000,-0.000000,108.474124,0.015178,0.101450,0.052045,0.014880,0.100946,0.050993,0.000298,0.000504,0.001052,-0.006678,-0.093460,0.002261,0.093725,0.541871,7.583598,-0.183434,7.583598,106.134035,-2.567200,-0.183434,-2.567200,0.062096,-0.000000,0.000000,106.738002,-0.006678,-0.093460,0.002261,0.093725,0.556524,7.788672,-0.188395,7.788672,109.004090,-2.636622,-0.188395,-2.636622,0.063775,-0.000000,0.000000,109.624389,0.027788,0.087093,0.053196,0.027788,0.087093,0.053196,0.000000,0.000000,0.000000,-0.000000,0.000004,0.000001,0.000004,0.414955,-5.855626,-0.817570,-5.855626,82.631551,11.537121,-0.817570,11.537121,1.610827,-0.000000,0.000000,84.657333,-0.000000,0.000004,0.000001,0.000004,0.414954,-5.855622,-0.817569,-5.855622,82.631504,11.537114,-0.817569,11.537114,1.610826,0.000000,0.000000,84.657284
2.3606,ramp,0.518,75.1278,4.157088,-1.244058,-1.431204,-0.021476,-0.118117,1.268602,-1.942020,1.018563,-2.595495,1.492563,-2.440563,1.580000,-2.027923,0.009099,-0.200925,0.023981,0.023981,0.023981,0.023981,0.023981,0.023981,-0.000000,0.023981,0.023981,0.023981,0.023981,1.544238,-0.704450,1.182813,0.018610,0.003937,0.000000,-0.003937,-0.005906,0.771310,0.890835,0.890835,0.619286,1.151506,1.151506,0.907478,1.119525,1.119525,0.960640,1.048564,1.048564,-0.007720,0.088294,-0.008210,0.003613,0.061050,-0.009209,-0.011333,0.027244,0.000999,0.144385,-0.307749,0.366354,0.499772,7.593629,-16.185443,19.267663,-16.185443,34.498470,-41.068070,19.267663,-41.068070,48.888728,-0.000000,-0.000000,90.980827,0.144385,-0.307749,0.366354,0.499772,5.442719,-11.600885,13.810060,-11.600885,24.726712,-29.435459,13.810060,-29.435459,35.040901,-0.000000,0.000000,65.210331,-0.016439,0.115898,0.073805,-0.016306,0.114328,0.072132,-0.000133,0.001570,0.001672,-0.012413,-0.135223,-0.095087,0.165773,0.578052,6.296930,4.427896,6.296930,68.594713,48.234652,4.427896,48.234652,33.917798,-0.000000,-0.000000,103.090563,-0.012413,-0.135223,-0.095087,0.165773,0.582002,6.339956,4.458151,6.339956,69.063410,48.564231,4.458151,48.564231,34.149553,-0.000000,0.000000,103.794964,0.001752,0.109221,0.073290,0.001721,0.108778,0.073001,0.000031,0.000443,0.000289,-0.003728,-0.034244,-0.007551,0.035264,1.207646,11.094087,2.446250,11.094087,101.916231,22.472561,2.446250,22.472561,4.955207,-0.000000,0.000000,108.079084,-0.003728,-0.034244,-0.007551,0.035264,1.212061,11.134637,2.455191,11.134637,102.288745,22.554701,2.455191,22.554701,4.973319,-0.000000,-0.000000,108.474124,0.015178,0.101450,0.052045,0.014880,0.100946,0.050993,0.000298,0.000504,0.001052,-0.006678,-0.093460,0.002261,0.093725,0.541871,7.583598,-0.183434,7.583598,106.134035,-2.567200,-0.183434,-2.567200,0.062096,-0.000000,0.000000,106.738002,-0.006678,-0.093460,0.002261,0.093725,0.556524,7.788672,-0.188395,7.788672,109.004090,-2.636622,-0.188395,-2.636622,0.063775,-0.000000,0.000000,109.624389,0.027788,0.087093,0.053196,0.027788,0.087093,0.053196,0.000000,0.000000,0.000000,-0.000000,0.000004,0.000001,0.000004,0.414955,-5.855626,-0.817570,-5.855626,82.631551,11.537121,-0.817570,11.537121,1.610827,-0.000000,0.000000,84.657333,-0.000000,0.000004,0.000001,0.000004,0.414954,-5.855622,-0.817569,-5.855622,82.631504,11.537114,-0.817569,11.537114,1.610826,0.000000,0.000000,84.657284
2.3798,ramp,0.518,78.0982,4.157088,-1.248660,-1.431204,-0.021476,-0.118117,1.268602,-1.942020,1.018563,-2.595495,1.492563,-2.440563,1.580000,-2.027923,0.007234,-0.210306,0.023981,0.023981,0.023981,0.023981,0.023981,0.023981,-0.000000,0.023981,0.023981,0.023981,0.023981,1.544238,-0.707056,1.182813,0.018610,0.003937,0.000000,-0.003937,-0.005906,0.771310,0.890835,0.890835,0.619286,1.151506,1.151506,0.907478,1.119525,1.119525,0.960640,1.048564,1.048564,-0.007692,0.088229,-0.008346,0.003613,0.061050,-0.009209,-0.011305,0.027179,0.000863,0.153634,-0.326978,0.391216,0.532511,7.842644,-16.691394,19.970567,-16.691394,35.524069,-42.503090,19.970567,-42.503090,50.853202,-0.000000,0.000000,94.219914,0.153634,-0.326978,0.391216,0.532511,5.623791,-11.969039,14.320463,-11.969039,25.473544,-30.478050,14.320463,-30.478050,36.465735,-0.000000,0.000000,67.563070,-0.016439,0.115898,0.073805,-0.016306,0.114328,0.072132,-0.000133,0.001570,0.001672,-0.012413,-0.135223,-0.095087,0.165773,0.578052,6.296930,4.427896,6.296930,68.594713,48.234652,4.427896,48.234652,33.917798,-0.000000,-0.000000,103.090563,-0.012413,-0.135223,-0.095087,0.165773,0.582002,6.339956,4.458151,6.339956,69.063410,48.564231,4.458151,48.564231,34.149553,-0.000000,0.000000,103.794964,0.001752,0.109221,0.073290,0.001721,0.108778,0.073001,0.000031,0.000443,0.000289,-0.003728,-0.034244,-0.007551,0.035264,1.207646,11.094087,2.446250,11.094087,101.916231,22.472561,2.446250,22.472561,4.955207,-0.000000,0.000000,108.079084,-0.003728,-0.034244,-0.007551,0.035264,1.212061,11.134637,2.455191,11.134637,102.288745,22.554701,2.455191,22.554701,4.973319,-0.000000,-0.000000,108.474124,0.015178,0.101450,0.052045,0.014880,0.100946,0.050993,0.000298,0.000504,0.001052,-0.006678,-0.093460,0.002261,0.093725,0.541871,7.583598,-0.183434,7.583598,106.134035,-2.567200,-0.183434,-2.567200,0.062096,-0.000000,0.000000,106.738002,-0.006678,-0.093460,0.002261,0.093725,0.556524,7.788672,-0.188395,7.788672,109.004090,-2.636622,-0.188395,-2.636622,0.063775,-0.000000,0.000000,109.624389,0.027788,0.087093,0.053196,0.027788,0.087093,0.053196,0.000000,0.000000,0.000000,-0.000000,0.000004,0.000001,0.000004,0.414955,-5.855626,-0.817570,-5.855626,82.631551,11.537121,-0.817570,11.537121,1.610827,-0.000000,0.000000,84.657333,-0.000000,0.000004,0.000001,0.000004,0.414954,-5.855622,-0.817569,-5.855622,82.631504,11.537114,-0.817569,11.537114,1.610826,0.000000,0.000000,84.657284
2.3977,ramp,0.518,80.8665,4.157088,-1.253262,-1.431204,-0.021476,-0.118117,1.268602,-1.942020,1.018563,-2.595495,1.492563,-2.440563,1.580000,-2.027923,0.006242,-0.224129,0.023981,0.023981,0.023981,0.023981,0.023981,0.023981,-0.000000,0.023981,0.023981,0.023981,0.023981,1.544238,-0.709662,1.182813,0.018610,0.003937,0.000000,-0.003937,-0.005906,0.771310,0.890835,0.890835,0.619286,1.151506,1.151506,0.907478,1.119525,1.119525,0.960640,1.048564,1.048564,-0.007664,0.088165,-0.008481,0.003613,0.061050,-0.009209,-0.011277,0.027115,0.000728,0.162351,-0.345011,0.414883,0.563487,8.071762,-17.153261,20.627170,-17.153261,36.452310,-43.834696,20.627170,-43.834696,52.712175,-0.000000,0.000000,97.236247,0.162351,-0.345011,0.414883,0.563487,5.791350,-12.307169,14.799639,-12.307169,26.153905,-31.450639,14.799639,-31.450639,37.820077,-0.000000,0.000000,69.765332,-0.016439,0.115898,0.073805,-0.016306,0.114328,0.072132,-0.000133,0.001570,0.001672,-0.012413,-0.135223,-0.095087,0.165773,0.578052,6.296930,4.427896,6.296930,68.594713,48.234652,4.427896,48.234652,33.917798,-0.000000,-0.000000,103.090563,-0.012413,-0.135223,-0.095087,0.165773,0.582002,6.339956,4.458151,6.339956,69.063410,48.564231,4.458151,48.564231,34.149553,-0.000000,0.000000,103.794964,0.001752,0.109221,0.073290,0.001721,0.108778,0.073001,0.000031,0.000443,0.000289,-0.003728,-0.034244,-0.007551,0.035264,1.207646,11.094087,2.446250,11.094087,101.916231,22.472561,2.446250,22.472561,4.955207,-0.000000,0.000000,108.079084,-0.003728,-0.034244,-0.007551,0.035264,1.212061,11.134637,2.455191,11.134637,102.288745,22.554701,2.455191,22.554701,4.973319,-0.000000,-0.000000,108.474124,0.015178,0.101450,0.052045,0.014880,0.100946,0.050993,0.000298,0.000504,0.001052,-0.006678,-0.093460,0.002261,0.093725,0.541871,7.583598,-0.183434,7.583598,106.134035,-2.567200,-0.183434,-2.567200,0.062096,-0.000000,0.000000,106.738002,-0.006678,-0.093460,0.002261,0.093725,0.556524,7.788672,-0.188395,7.788672,109.004090,-2.636622,-0.188395,-2.636622,0.063775,-0.000000,0.000000,109.624389,0.027788,0.087093,0.053196,0.027788,0.087093,0.053196,0.000000,0.000000,0.000000,-0.000000,0.000004,0.000001,0.000004,0.414955,-5.855626,-0.817570,-5.855626,82.631551,11.537121,-0.817570,11.537121,1.610827,-0.000000,0.000000,84.657333,-0.000000,0.000004,0.000001,0.000004,0.414954,-5.855622,-0.817569,-5.855622,82.631504,11.537114,-0.817569,11.537114,1.610826,0.000000,0.000000,84.657284
2.4151,ramp,0.518,83.5537,4.157088,-1.257864,-1.431204,-0.021476,-0.118117,1.268602,-1.942020,1.018563,-2.595495,1.492563,-2.440563,1.580000,-2.027923,0.016127,-0.233874,0.023981,0.023981,0.023981,0.023981,0.023981,0.023981,-0.000000,0.023981,0.023981,0.023981,0.023981,1.544238,-0.712267,1.182813,0.018610,0.003937,0.000000,-0.003937,-0.005906,0.771310,0.890835,0.890835,0.619286,1.151506,1.151506,0.907478,1.119525,1.119525,0.960640,1.048564,1.048564,-0.007636,0.088099,-0.008616,0.003613,0.061050,-0.009209,-0.011249,0.027050,0.000592,0.170870,-0.362565,0.438204,0.593862,8.292129,-17.594868,21.265518,-17.594868,37.334125,-45.122787,21.265518,-45.122787,54.536323,-0.000000,0.000000,100.162577,0.170870,-0.362565,0.438204,0.593862,5.953184,-12.631917,15.267193,-12.631917,26.803358,-32.395086,15.267193,-32.395086,39.153364,-0.000000,0.000000,71.909905,-0.016439,0.115898,0.073805,-0.016306,0.114328,0.072132,-0.000133,0.001570,0.001672,-0.012413,-0.135223,-0.095087,0.165773,0.578052,6.296930,4.427896,6.296930,68.594713,48.234652,4.427896,48.234652,33.917798,-0.000000,-0.000000,103.090563,-0.012413,-0.135223,-0.095087,0.165773,0.582002,6.339956,4.458151,6.339956,69.063410,48.564231,4.458151,48.564231,34.149553,-0.000000,0.000000,103.794964,0.001752,0.109221,0.073290,0.001721,0.108778,0.073001,0.000031,0.000443,0.000289,-0.003728,-0.034244,-0.007551,0.035264,1.207646,11.094087,2.446250,11.094087,101.916231,22.472561,2.446250,22.472561,4.955207,-0.000000,0.000000,108.079084,-0.003728,-0.034244,-0.007551,0.035264,1.212061,11.134637,2.455191,11.134637,102.288745,22.554701,2.455191,22.554701,4.973319,-0.000000,-0.000000,108.474124,0.015178,0.101450,0.052045,0.014880,0.100946,0.050993,0.000298,0.000504,0.001052,-0.006678,-0.093460,0.002261,0.093725,0.541871,7.583598,-0.183434,7.583598,106.134035,-2.567200,-0.183434,-2.567200,0.062096,-0.000000,0.000000,106.738002,-0.006678,-0.093460,0.002261,0.093725,0.556524,7.788672,-0.188395,7.788672,109.004090,-2.636622,-0.188395,-2.636622,0.063775,-0.000000,0.000000,109.624389,0.027788,0.087093,0.053196,0.027788,0.087093,0.053196,0.000000,0.000000,0.000000,-0.000000,0.000004,0.000001,0.000004,0.414955,-5.855626,-0.817570,-5.855626,82.631551,11.537121,-0.817570,11.537121,1.610827,-0.000000,0.000000,84.657333,-0.000000,0.000004,0.000001,0.000004,0.414954,-5.855622,-0.817569,-5.855622,82.631504,11.537114,-0.817569,11.537114,1.610826,0.000000,0.000000,84.657284
2.4333,ramp,0.518,86.3596,4.157088,-1.262466,-1.431204,-0.021476,-0.118117,1.268602,-1.942020,1.018563,-2.595495,1.492563,-2.440563,1.580000,-2.027923,0.017409,-0.244317,0.023981,0.023981,0.023981,0.023981,0.023981,0.023981,-0.000000,0.023981,0.023981,0.023981,0.023981,1.544238,-0.714873,1.182813,0.018610,0.003937,0.000000,-0.003937,-0.005906,0.771310,0.890835,0.890835,0.619286,1.151506,1.151506,0.907478,1.119525,1.119525,0.960640,1.048564,1.048564,-0.007608,0.088034,-0.008752,0.003613,0.061050,-0.009209,-0.011221,0.026984,0.000457,0.179754,-0.380831,0.462617,0.625587,8.521875,-18.054690,21.932032,-18.054690,38.251185,-46.465834,21.932032,-46.465834,56.444624,-0.000000,0.000000,103.217684,0.179754,-0.380831,0.462617,0.625587,6.122036,-12.970323,15.755769,-12.970323,27.479299,-33.380627,15.755769,-33.380627,40.549297,0.000000,0.000000,74.150632,-0.016439,0.115898,0.073805,-0.016306,0.114328,0.072132,-0.000133,0.001570,0.001672,-0.012413,-0.135223,-0.095087,0.165773,0.578052,6.296930,4.427896,6.296930,68.594713,48.234652,4.427896,48.234652,33.917798,-0.000000,-0.000000,103.090563,-0.012413,-0.135223,-0.095087,0.165773,0.582002,6.339956,4.458151,6.339956,69.063410,48.564231,4.458151,48.564231,34.149553,-0.000000,0.000000,103.794964,0.001752,0.109221,0.073290,0.001721,0.108778,0.073001,0.000031,0.000443,0.000289,-0.003728,-0.034244,-0.007551,0.035264,1.207646,11.094087,2.446250,11.094087,101.916231,22.472561,2.446250,22.472561,4.955207,-0.000000,0.000000,108.079084,-0.003728,-0.034244,-0.007551,0.035264,1.212061,11.134637,2.455191,11.134637,102.288745,22.554701,2.455191,22.554701,4.973319,-0.000000,-0.000000,108.474124,0.015178,0.101450,0.052045,0.014880,0.100946,0.050993,0.000298,0.000504,0.001052,-0.006678,-0.093460,0.002261,0.093725,0.541871,7.583598,-0.183434,7.583598,106.134035,-2.567200,-0.183434,-2.567200,0.062096,-0.000000,0.000000,106.738002,-0.006678,-0.093460,0.002261,0.093725,0.556524,7.788672,-0.188395,7.788672,109.004090,-2.636622,-0.188395,-2.636622,0.063775,-0.000000,0.000000,109.624389,0.027788,0.087093,0.053196,0.027788,0.087093,0.053196,0.000000,0.000000,0.000000,-0.000000,0.000004,0.000001,0.000004,0.414955,-5.855626,-0.817570,-5.855626,82.631551,11.537121,-0.817570,11.537121,1.610827,-0.000000,0.000000,84.657333,-0.000000,0.000004,0.000001,0.000004,0.414954,-5.855622,-0.817569,-5.855622,82.631504,11.537114,-0.817569,11.537114,1.610826,0.000000,0.000000,84.657284
2.4515,ramp,0.518,89.1732,4.157088,-1.267068,-1.431204,-0.021476,-0.118117,1.268602,-1.942020,1.018563,-2.595495,1.492563,-2.440563,1.580000,-2.027923,0.016674,-0.243620,0.023981,0.023981,0.023981,0.023981,0.023981,0.023981,-0.000000,0.023981,0.023981,0.023981,0.023981,1.544238,-0.717479,1.182813,0.018610,0.003937,0.000000,-0.003937,-0.005906,0.771310,0.890835,0.890835,0.619286,1.151506,1.151506,0.907478,1.119525,1.119525,0.960640,1.048564,1.048564,-0.007580,0.087968,-0.008886,0.003613,0.061050,-0.009209,-0.011193,0.026918,0.000322,0.188691,-0.399148,0.487331,0.657583,8.750920,-18.511294,22.600939,-18.511294,39.157937,-47.808986,22.600939,-47.808986,58.371284,-0.000000,0.000000,106.280142,0.188691,-0.399148,0.487331,0.657583,6.290828,-13.307328,16.247277,-13.307328,28.149708,-34.368741,16.247277,-34.368741,41.961726,-0.000000,0.000000,76.402262,-0.016439,0.115898,0.073805,-0.016306,0.114328,0.072132,-0.000133,0.001570,0.001672,-0.012413,-0.135223,-0.095087,0.165773,0.578052,6.296930,4.427896,6.296930,68.594713,48.234652,4.427896,48.234652,33.917798,-0.000000,-0.000000,103.090563,-0.012413,-0.135223,-0.095087,0.165773,0.582002,6.339956,4.458151,6.339956,69.063410,48.564231,4.458151,48.564231,34.149553,-0.000000,0.000000,103.794964,0.001752,0.109221,0.073290,0.001721,0.108778,0.073001,0.000031,0.000443,0.000289,-0.003728,-0.034244,-0.007551,0.035264,1.207646,11.094087,2.446250,11.094087,101.916231,22.472561,2.446250,22.472561,4.955207,-0.000000,0.000000,108.079084,-0.003728,-0.034244,-0.007551,0.035264,1.212061,11.134637,2.455191,11.134637,102.288745,22.554701,2.455191,22.554701,4.973319,-0.000000,-0.000000,108.474124,0.015178,0.101450,0.052045,0.014880,0.100946,0.050993,0.000298,0.000504,0.001052,-0.006678,-0.093460,0.002261,0.093725,0.541871,7.583598,-0.183434,7.583598,106.134035,-2.567200,-0.183434,-2.567200,0.062096,-0.000000,0.000000,106.738002,-0.006678,-0.093460,0.002261,0.093725,0.556524,7.788672,-0.188395,7.788672,109.004090,-2.636622,-0.188395,-2.636622,0.063775,-0.000000,0.000000,109.624389,0.027788,0.087093,0.053196,0.027788,0.087093,0.053196,0.000000,0.000000,0.000000,-0.000000,0.000004,0.000001,0.000004,0.414955,-5.855626,-0.817570,-5.855626,82.631551,11.537121,-0.817570,11.537121,1.610827,-0.000000,0.000000,84.657333,-0.000000,0.000004,0.000001,0.000004,0.414954,-5.855622,-0.817569,-5.855622,82.631504,11.537114,-0.817569,11.537114,1.610826,0.000000,0.000000,84.657284
2.4697,ramp,0.518,91.9789,4.157088,-1.271670,-1.431204,-0.021476,-0.118117,1.268602,-1.942020,1.018563,-2.595495,1.492563,-2.440563,1.580000,-2.027923,0.011851,-0.241834,0.023981,0.023981,0.023981,0.023981,0.023981,0.023981,-0.000000,0.023981,0.023981,0.023981,0.023981,1.544238,-0.720085,1.182813,0.018610,0.003937,0.000000,-0.003937,-0.005906,0.771310,0.890835,0.890835,0.619286,1.151506,1.151506,0.907478,1.119525,1.119525,0.960640,1.048564,1.048564,-0.007552,0.087902,-0.009021,0.003613,0.061050,-0.009209,-0.011166,0.026852,0.000188,0.197638,-0.417421,0.512232,0.689698,8.977846,-18.961670,23.268545,-18.961670,40.048016,-49.144355,23.268545,-49.144355,60.306798,-0.000000,-0.000000,109.332661,0.197638,-0.417421,0.512232,0.689698,6.458557,-13.640802,16.739117,-13.640802,28.810072,-35.353871,16.739117,-35.353871,43.384001,-0.000000,0.000000,78.652630,-0.016439,0.115898,0.073805,-0.016306,0.114328,0.072132,-0.000133,0.001570,0.001672,-0.012413,-0.135223,-0.095087,0.165773,0.578052,6.296930,4.427896,6.296930,68.594713,48.234652,4.427896,48.234652,33.917798,-0.000000,-0.000000,103.090563,-0.012413,-0.135223,-0.095087,0.165773,0.582002,6.339956,4.458151,6.339956,69.063410,48.564231,4.458151,48.564231,34.149553,-0.000000,0.000000,103.794964,0.001752,0.109221,0.073290,0.001721,0.108778,0.073001,0.000031,0.000443,0.000289,-0.003728,-0.034244,-0.007551,0.035264,1.207646,11.094087,2.446250,11.094087,101.916231,22.472561,2.446250,22.472561,4.955207,-0.000000,0.000000,108.079084,-0.003728,-0.034244,-0.007551,0.035264,1.212061,11.134637,2.455191,11.134637,102.288745,22.554701,2.455191,22.554701,4.973319,-0.000000,-0.000000,108.474124,0.015178,0.101450,0.052045,0.014880,0.100946,0.050993,0.000298,0.000504,0.001052,-0.006678,-0.093460,0.002261,0.093725,0.541871,7.583598,-0.183434,7.583598,106.134035,-2.567200,-0.183434,-2.567200,0.062096,-0.000000,0.000000,106.738002,-0.006678,-0.093460,0.002261,0.093725,0.556524,7.788672,-0.188395,7.788672,109.004090,-2.636622,-0.188395,-2.636622,0.063775,-0.000000,0.000000,109.624389,0.027788,0.087093,0.053196,0.027788,0.087093,0.053196,0.000000,0.000000,0.000000,-0.000000,0.000004,0.000001,0.000004,0.414955,-5.855626,-0.817570,-5.855626,82.631551,11.537121,-0.817570,11.537121,1.610827,-0.000000,0.000000,84.657333,-0.000000,0.000004,0.000001,0.000004,0.414954,-5.855622,-0.817569,-5.855622,82.631504,11.537114,-0.817569,11.537114,1.610826,0.000000,0.000000,84.657284
2.4886,ramp,0.518,94.9018,4.158622,-1.274738,-1.431204,-0.021476,-0.118117,1.268602,-1.942020,1.018563,-2.595495,1.492563,-2.440563,1.580000,-2.027923,0.006298,-0.234386,0.023981,0.023981,0.023981,0.023981,0.023981,0.023981,-0.000000,0.023981,0.023981,0.023981,0.023981,1.544808,-0.721822,1.182813,0.018610,0.003937,0.000000,-0.003937,-0.005906,0.771310,0.890835,0.890835,0.619286,1.151506,1.151506,0.907478,1.119525,1.119525,0.960640,1.048564,1.048564,-0.007496,0.087847,-0.009102,0.003613,0.061050,-0.009209,-0.011109,0.026797,0.000107,0.205672,-0.434723,0.535041,0.719412,9.196475,-19.438296,23.923905,-19.438296,41.086104,-50.567194,23.923905,-50.567194,62.236153,-0.000000,0.000000,112.518732,0.205672,-0.434723,0.535041,0.719412,6.617106,-13.986365,17.213879,-13.986365,29.562533,-36.384426,17.213879,-36.384426,44.780549,-0.000000,0.000000,80.960188,-0.016439,0.115898,0.073805,-0.016306,0.114328,0.072132,-0.000133,0.001570,0.001672,-0.012413,-0.135223,-0.095087,0.165773,0.578052,6.296930,4.427896,6.296930,68.594713,48.234652,4.427896,48.234652,33.917798,-0.000000,-0.000000,103.090563,-0.012413,-0.135223,-0.095087,0.165773,0.582002,6.339956,4.458151,6.339956,69.063410,48.564231,4.458151,48.564231,34.149553,-0.000000,0.000000,103.794964,0.001752,0.109221,0.073290,0.001721,0.108778,0.073001,0.000031,0.000443,0.000289,-0.003728,-0.034244,-0.007551,0.035264,1.207646,11.094087,2.446250,11.094087,101.916231,22.472561,2.446250,22.472561,4.955207,-0.000000,0.000000,108.079084,-0.003728,-0.034244,-0.007551,0.035264,1.212061,11.134637,2.455191,11.134637,102.288745,22.554701,2.455191,22.554701,4.973319,-0.000000,-0.000000,108.474124,0.015178,0.101450,0.052045,0.014880,0.100946,0.050993,0.000298,0.000504,0.001052,-0.006678,-0.093460,0.002261,0.093725,0.541871,7.583598,-0.183434,7.583598,106.134035,-2.567200,-0.183434,-2.567200,0.062096,-0.000000,0.000000,106.738002,-0.006678,-0.093460,0.002261,0.093725,0.556524,7.788672,-0.188395,7.788672,109.004090,-2.636622,-0.188395,-2.636622,0.063775,-0.000000,0.000000,109.624389,0.027788,0.087093,0.053196,0.027788,0.087093,0.053196,0.000000,0.000000,0.000000,-0.000000,0.000004,0.000001,0.000004,0.414955,-5.855626,-0.817570,-5.855626,82.631551,11.537121,-0.817570,11.537121,1.610827,-0.000000,0.000000,84.657333,-0.000000,0.000004,0.000001,0.000004,0.414954,-5.855622,-0.817569,-5.855622,82.631504,11.537114,-0.817569,11.537114,1.610826,0.000000,0.000000,84.657284
2.5068,ramp,0.518,97.7102,4.157088,-1.279340,-1.431204,-0.021476,-0.118117,1.268602,-1.942020,1.018563,-2.595495,1.492563,-2.440563,1.580000,-2.027923,0.009196,-0.225690,0.023981,0.023981,0.023981,0.023981,0.023981,0.023981,-0.000000,0.023981,0.023981,0.023981,0.023981,1.544238,-0.724428,1.182813,0.018610,0.003937,0.000000,-0.003937,-0.005906,0.771310,0.890835,0.890835,0.619286,1.151506,1.151506,0.907478,1.119525,1.119525,0.960640,1.048564,1.048564,-0.007506,0.087791,-0.009245,0.003613,0.061050,-0.009209,-0.011119,0.026741,-0.000036,0.215611,-0.454181,0.562080,0.754124,9.447341,-19.900675,24.628425,-19.900675,41.920458,-51.879388,24.628425,-51.879388,64.204233,-0.000000,0.000000,115.572033,0.215611,-0.454181,0.562080,0.754124,6.803650,-14.331782,17.736545,-14.331782,30.189672,-37.361751,17.736545,-37.361751,46.237681,-0.000000,0.000000,83.231003,-0.016439,0.115898,0.073805,-0.016306,0.114328,0.072132,-0.000133,0.001570,0.001672,-0.012413,-0.135223,-0.095087,0.165773,0.578052,6.296930,4.427896,6.296930,68.594713,48.234652,4.427896,48.234652,33.917798,-0.000000,-0.000000,103.090563,-0.012413,-0.135223,-0.095087,0.165773,0.582002,6.339956,4.458151,6.339956,69.063410,48.564231,4.458151,48.564231,34.149553,-0.000000,0.000000,103.794964,0.001752,0.109221,0.073290,0.001721,0.108778,0.073001,0.000031,0.000443,0.000289,-0.003728,-0.034244,-0.007551,0.035264,1.207646,11.094087,2.446250,11.094087,101.916231,22.472561,2.446250,22.472561,4.955207,-0.000000,0.000000,108.079084,-0.003728,-0.034244,-0.007551,0.035264,1.212061,11.134637,2.455191,11.134637,102.288745,22.554701,2.455191,22.554701,4.973319,-0.000000,-0.000000,108.474124,0.015178,0.101450,0.052045,0.014880,0.100946,0.050993,0.000298,0.000504,0.001052,-0.006678,-0.093460,0.002261,0.093725,0.541871,7.583598,-0.183434,7.583598,106.134035,-2.567200,-0.183434,-2.567200,0.062096,-0.000000,0.000000,106.738002,-0.006678,-0.093460,0.002261,0.093725,0.556524,7.788672,-0.188395,7.788672,109.004090,-2.636622,-0.188395,-2.636622,0.063775,-0.000000,0.000000,109.624389,0.027788,0.087093,0.053196,0.027788,0.087093,0.053196,0.000000,0.000000,0.000000,-0.000000,0.000004,0.000001,0.000004,0.414955,-5.855626,-0.817570,-5.855626,82.631551,11.537121,-0.817570,11.537121,1.610827,-0.000000,0.000000,84.657333,-0.000000,0.000004,0.000001,0.000004,0.414954,-5.855622,-0.817569,-5.855622,82.631504,11.537114,-0.817569,11.537114,1.610826,0.000000,0.000000,84.657284
2.5254,ramp,0.518,100.0000,4.158622,-1.282408,-1.431204,-0.021476,-0.118117,1.268602,-1.942020,1.018563,-2.595495,1.492563,-2.440563,1.580000,-2.027923,0.014967,-0.208034,0.023981,0.023981,0.023981,0.023981,0.023981,0.023981,-0.000000,0.023981,0.023981,0.023981,0.023981,1.544808,-0.726165,1.182813,0.018610,0.003937,0.000000,-0.003937,-0.005906,0.771310,0.890835,0.890835,0.619286,1.151506,1.151506,0.907478,1.119525,1.119525,0.960640,1.048564,1.048564,-0.007450,0.087735,-0.009326,0.003613,0.061050,-0.009209,-0.011063,0.026685,-0.000117,0.221851,-0.467675,0.580492,0.777759,9.606142,-20.250327,25.135293,-20.250327,42.688909,-52.986712,25.135293,-52.986712,65.768644,-0.000000,0.000000,118.063695,0.221851,-0.467675,0.580492,0.777759,6.920457,-14.588741,18.107968,-14.588741,30.753945,-38.172688,18.107968,-38.172688,47.381048,0.000000,0.000000,85.055449,-0.016439,0.115898,0.073805,-0.016306,0.114328,0.072132,-0.000133,0.001570,0.001672,-0.012413,-0.135223,-0.095087,0.165773,0.578052,6.296930,4.427896,6.296930,68.594713,48.234652,4.427896,48.234652,33.917798,-0.000000,-0.000000,103.090563,-0.012413,-0.135223,-0.095087,0.165773,0.582002,6.339956,4.458151,6.339956,69.063410,48.564231,4.458151,48.564231,34.149553,-0.000000,0.000000,103.794964,0.001752,0.109221,0.073290,0.001721,0.108778,0.073001,0.000031,0.000443,0.000289,-0.003728,-0.034244,-0.007551,0.035264,1.207646,11.094087,2.446250,11.094087,101.916231,22.472561,2.446250,22.472561,4.955207,-0.000000,0.000000,108.079084,-0.003728,-0.034244,-0.007551,0.035264,1.212061,11.134637,2.455191,11.134637,102.288745,22.554701,2.455191,22.554701,4.973319,-0.000000,-0.000000,108.474124,0.015178,0.101450,0.052045,0.014880,0.100946,0.050993,0.000298,0.000504,0.001052,-0.006678,-0.093460,0.002261,0.093725,0.541871,7.583598,-0.183434,7.583598,106.134035,-2.567200,-0.183434,-2.567200,0.062096,-0.000000,0.000000,106.738002,-0.006678,-0.093460,0.002261,0.093725,0.556524,7.788672,-0.188395,7.788672,109.004090,-2.636622,-0.188395,-2.636622,0.063775,-0.000000,0.000000,109.624389,0.027788,0.087093,0.053196,0.027788,0.087093,0.053196,0.000000,0.000000,0.000000,-0.000000,0.000004,0.000001,0.000004,0.414955,-5.855626,-0.817570,-5.855626,82.631551,11.537121,-0.817570,11.537121,1.610827,-0.000000,0.000000,84.657333,-0.000000,0.000004,0.000001,0.000004,0.414954,-5.855622,-0.817569,-5.855622,82.631504,11.537114,-0.817569,11.537114,1.610826,0.000000,0.000000,84.657284
2.5459,post_ramp,0.518,100.0000,4.157088,-1.287010,-1.431204,-0.021476,-0.118117,1.268602,-1.942020,1.018563,-2.595495,1.492563,-2.440563,1.580000,-2.027923,0.008433,-0.196898,0.023981,0.023981,0.023981,0.023981,0.023981,0.023981,-0.000000,0.023981,0.023981,0.023981,0.023981,1.544238,-0.728771,1.182813,0.018610,0.003937,0.000000,-0.003937,-0.005906,0.771310,0.890835,0.890835,0.619286,1.151506,1.151506,0.907478,1.119525,1.119525,0.960640,1.048564,1.048564,-0.007459,0.087679,-0.009469,0.003613,0.061050,-0.009209,-0.011073,0.026629,-0.000260,0.223906,-0.470390,0.587097,0.784910,9.605792,-20.180225,25.187038,-20.180225,42.395406,-52.913915,25.187038,-52.913915,66.042118,0.000000,0.000000,118.043317,0.223906,-0.470390,0.587097,0.784910,6.929681,-14.558146,18.170094,-14.558146,30.584323,-38.172444,18.170094,-38.172444,47.643216,0.000000,0.000000,85.157221,-0.016439,0.115898,0.073805,-0.016306,0.114328,0.072132,-0.000133,0.001570,0.001672,-0.012413,-0.135223,-0.095087,0.165773,0.578052,6.296930,4.427896,6.296930,68.594713,48.234652,4.427896,48.234652,33.917798,-0.000000,-0.000000,103.090563,-0.012413,-0.135223,-0.095087,0.165773,0.582002,6.339956,4.458151,6.339956,69.063410,48.564231,4.458151,48.564231,34.149553,-0.000000,0.000000,103.794964,0.001752,0.109221,0.073290,0.001721,0.108778,0.073001,0.000031,0.000443,0.000289,-0.003728,-0.034244,-0.007551,0.035264,1.207646,11.094087,2.446250,11.094087,101.916231,22.472561,2.446250,22.472561,4.955207,-0.000000,0.000000,108.079084,-0.003728,-0.034244,-0.007551,0.035264,1.212061,11.134637,2.455191,11.134637,102.288745,22.554701,2.455191,22.554701,4.973319,-0.000000,-0.000000,108.474124,0.015178,0.101450,0.052045,0.014880,0.100946,0.050993,0.000298,0.000504,0.001052,-0.006678,-0.093460,0.002261,0.093725,0.541871,7.583598,-0.183434,7.583598,106.134035,-2.567200,-0.183434,-2.567200,0.062096,-0.000000,0.000000,106.738002,-0.006678,-0.093460,0.002261,0.093725,0.556524,7.788672,-0.188395,7.788672,109.004090,-2.636622,-0.188395,-2.636622,0.063775,-0.000000,0.000000,109.624389,0.027788,0.087093,0.053196,0.027788,0.087093,0.053196,0.000000,0.000000,0.000000,-0.000000,0.000004,0.000001,0.000004,0.414955,-5.855626,-0.817570,-5.855626,82.631551,11.537121,-0.817570,11.537121,1.610827,-0.000000,0.000000,84.657333,-0.000000,0.000004,0.000001,0.000004,0.414954,-5.855622,-0.817569,-5.855622,82.631504,11.537114,-0.817569,11.537114,1.610826,0.000000,0.000000,84.657284
2.5636,post_ramp,0.518,100.0000,4.158622,-1.290078,-1.431204,-0.021476,-0.118117,1.268602,-1.942020,1.018563,-2.595495,1.492563,-2.440563,1.580000,-2.027923,0.013776,-0.192133,0.023981,0.023981,0.023981,0.023981,0.023981,0.023981,-0.000000,0.023981,0.023981,0.023981,0.023981,1.544808,-0.730508,1.182813,0.018610,0.003937,0.000000,-0.003937,-0.005906,0.771310,0.890835,0.890835,0.619286,1.151506,1.151506,0.907478,1.119525,1.119525,0.960640,1.048564,1.048564,-0.007403,0.087623,-0.009549,0.003613,0.061050,-0.009209,-0.011017,0.026573,-0.000340,0.223657,-0.470211,0.588612,0.785866,9.560061,-20.098824,25.159776,-20.098824,42.255244,-52.895258,25.159776,-52.895258,66.214464,-0.000000,0.000000,118.029769,0.223657,-0.470211,0.588612,0.785866,6.901721,-14.510000,18.163667,-14.510000,30.505446,-38.186821,18.163667,-38.186821,47.802392,-0.000000,0.000000,85.209559,-0.016439,0.115898,0.073805,-0.016306,0.114328,0.072132,-0.000133,0.001570,0.001672,-0.012413,-0.135223,-0.095087,0.165773,0.578052,6.296930,4.427896,6.296930,68.594713,48.234652,4.427896,48.234652,33.917798,-0.000000,-0.000000,103.090563,-0.012413,-0.135223,-0.095087,0.165773,0.582002,6.339956,4.458151,6.339956,69.063410,48.564231,4.458151,48.564231,34.149553,-0.000000,0.000000,103.794964,0.001752,0.109221,0.073290,0.001721,0.108778,0.073001,0.000031,0.000443,0.000289,-0.003728,-0.034244,-0.007551,0.035264,1.207646,11.094087,2.446250,11.094087,101.916231,22.472561,2.446250,22.472561,4.955207,-0.000000,0.000000,108.079084,-0.003728,-0.034244,-0.007551,0.035264,1.212061,11.134637,2.455191,11.134637,102.288745,22.554701,2.455191,22.554701,4.973319,-0.000000,-0.000000,108.474124,0.015178,0.101450,0.052045,0.014880,0.100946,0.050993,0.000298,0.000504,0.001052,-0.006678,-0.093460,0.002261,0.093725,0.541871,7.583598,-0.183434,7.583598,106.134035,-2.567200,-0.183434,-2.567200,0.062096,-0.000000,0.000000,106.738002,-0.006678,-0.093460,0.002261,0.093725,0.556524,7.788672,-0.188395,7.788672,109.004090,-2.636622,-0.188395,-2.636622,0.063775,-0.000000,0.000000,109.624389,0.027788,0.087093,0.053196,0.027788,0.087093,0.053196,0.000000,0.000000,0.000000,-0.000000,0.000004,0.000001,0.000004,0.414955,-5.855626,-0.817570,-5.855626,82.631551,11.537121,-0.817570,11.537121,1.610827,-0.000000,0.000000,84.657333,-0.000000,0.000004,0.000001,0.000004,0.414954,-5.855622,-0.817569,-5.855622,82.631504,11.537114,-0.817569,11.537114,1.610826,0.000000,0.000000,84.657284
2.5818,post_ramp,0.518,100.0000,4.158622,-1.293146,-1.431204,-0.021476,-0.118117,1.268602,-1.942020,1.018563,-2.595495,1.492563,-2.440563,1.580000,-2.027923,0.025980,-0.180763,0.023981,0.023981,0.023981,0.023981,0.023981,0.023981,-0.000000,0.023981,0.023981,0.023981,0.023981,1.544808,-0.732246,1.182813,0.018610,0.003937,0.000000,-0.003937,-0.005906,0.771310,0.890835,0.890835,0.619286,1.151506,1.151506,0.907478,1.119525,1.119525,0.960640,1.048564,1.048564,-0.007385,0.087577,-0.009639,0.003613,0.061050,-0.009209,-0.010998,0.026527,-0.000430,0.224380,-0.471215,0.591876,0.789118,9.541697,-20.038303,25.169381,-20.038303,42.081988,-52.857651,25.169381,-52.857651,66.392567,-0.000000,0.000000,118.016252,0.224380,-0.471215,0.591876,0.789118,6.894253,-14.478466,18.185873,-14.478466,30.405901,-38.191743,18.185873,-38.191743,47.971255,-0.000000,0.000000,85.271410,-0.016439,0.115898,0.073805,-0.016306,0.114328,0.072132,-0.000133,0.001570,0.001672,-0.012413,-0.135223,-0.095087,0.165773,0.578052,6.296930,4.427896,6.296930,68.594713,48.234652,4.427896,48.234652,33.917798,-0.000000,-0.000000,103.090563,-0.012413,-0.135223,-0.095087,0.165773,0.582002,6.339956,4.458151,6.339956,69.063410,48.564231,4.458151,48.564231,34.149553,-0.000000,0.000000,103.794964,0.001752,0.109221,0.073290,0.001721,0.108778,0.073001,0.000031,0.000443,0.000289,-0.003728,-0.034244,-0.007551,0.035264,1.207646,11.094087,2.446250,11.094087,101.916231,22.472561,2.446250,22.472561,4.955207,-0.000000,0.000000,108.079084,-0.003728,-0.034244,-0.007551,0.035264,1.212061,11.134637,2.455191,11.134637,102.288745,22.554701,2.455191,22.554701,4.973319,-0.000000,-0.000000,108.474124,0.015178,0.101450,0.052045,0.014880,0.100946,0.050993,0.000298,0.000504,0.001052,-0.006678,-0.093460,0.002261,0.093725,0.541871,7.583598,-0.183434,7.583598,106.134035,-2.567200,-0.183434,-2.567200,0.062096,-0.000000,0.000000,106.738002,-0.006678,-0.093460,0.002261,0.093725,0.556524,7.788672,-0.188395,7.788672,109.004090,-2.636622,-0.188395,-2.636622,0.063775,-0.000000,0.000000,109.624389,0.027788,0.087093,0.053196,0.027788,0.087093,0.053196,0.000000,0.000000,0.000000,-0.000000,0.000004,0.000001,0.000004,0.414955,-5.855626,-0.817570,-5.855626,82.631551,11.537121,-0.817570,11.537121,1.610827,-0.000000,0.000000,84.657333,-0.000000,0.000004,0.000001,0.000004,0.414954,-5.855622,-0.817569,-5.855622,82.631504,11.537114,-0.817569,11.537114,1.610826,0.000000,0.000000,84.657284
2.6000,post_ramp,0.518,100.0000,4.157088,-1.296214,-1.431204,-0.021476,-0.118117,1.268602,-1.942020,1.018563,-2.595495,1.492563,-2.440563,1.580000,-2.027923,0.015965,-0.168221,0.023981,0.023981,0.023981,0.023981,0.023981,0.023981,-0.000000,0.023981,0.023981,0.023981,0.023981,1.544238,-0.733983,1.182813,0.018610,0.003937,0.000000,-0.003937,-0.005906,0.771310,0.890835,0.890835,0.619286,1.151506,1.151506,0.907478,1.119525,1.119525,0.960640,1.048564,1.048564,-0.007404,0.087543,-0.009737,0.003613,0.061050,-0.009209,-0.011017,0.026493,-0.000528,0.226072,-0.473386,0.596890,0.794658,9.550506,-19.998392,25.215833,-19.998392,41.875865,-52.800987,25.215833,-52.800987,66.576396,-0.000000,0.000000,118.002767,0.226072,-0.473386,0.596890,0.794658,6.907167,-14.463343,18.236728,-14.463343,30.285684,-38.187008,18.236728,-38.187008,48.149733,-0.000000,0.000000,85.342584,-0.016439,0.115898,0.073805,-0.016306,0.114328,0.072132,-0.000133,0.001570,0.001672,-0.012413,-0.135223,-0.095087,0.165773,0.578052,6.296930,4.427896,6.296930,68.594713,48.234652,4.427896,48.234652,33.917798,-0.000000,-0.000000,103.090563,-0.012413,-0.135223,-0.095087,0.165773,0.582002,6.339956,4.458151,6.339956,69.063410,48.564231,4.458151,48.564231,34.149553,-0.000000,0.000000,103.794964,0.001752,0.109221,0.073290,0.001721,0.108778,0.073001,0.000031,0.000443,0.000289,-0.003728,-0.034244,-0.007551,0.035264,1.207646,11.094087,2.446250,11.094087,101.916231,22.472561,2.446250,22.472561,4.955207,-0.000000,0.000000,108.079084,-0.003728,-0.034244,-0.007551,0.035264,1.212061,11.134637,2.455191,11.134637,102.288745,22.554701,2.455191,22.554701,4.973319,-0.000000,-0.000000,108.474124,0.015178,0.101450,0.052045,0.014880,0.100946,0.050993,0.000298,0.000504,0.001052,-0.006678,-0.093460,0.002261,0.093725,0.541871,7.583598,-0.183434,7.583598,106.134035,-2.567200,-0.183434,-2.567200,0.062096,-0.000000,0.000000,106.738002,-0.006678,-0.093460,0.002261,0.093725,0.556524,7.788672,-0.188395,7.788672,109.004090,-2.636622,-0.188395,-2.636622,0.063775,-0.000000,0.000000,109.624389,0.027788,0.087093,0.053196,0.027788,0.087093,0.053196,0.000000,0.000000,0.000000,-0.000000,0.000004,0.000001,0.000004,0.414955,-5.855626,-0.817570,-5.855626,82.631551,11.537121,-0.817570,11.537121,1.610827,-0.000000,0.000000,84.657333,-0.000000,0.000004,0.000001,0.000004,0.414954,-5.855622,-0.817569,-5.855622,82.631504,11.537114,-0.817569,11.537114,1.610826,0.000000,0.000000,84.657284
2.6182,post_ramp,0.518,100.0000,4.157088,-1.299282,-1.431204,-0.021476,-0.118117,1.268602,-1.942020,1.018563,-2.595495,1.492563,-2.440563,1.580000,-2.027923,0.012175,-0.146998,0.023981,0.023981,0.023981,0.023981,0.023981,0.023981,-0.000000,0.023981,0.023981,0.023981,0.023981,1.544238,-0.735720,1.182813,0.018610,0.003937,0.000000,-0.003937,-0.005906,0.771310,0.890835,0.890835,0.619286,1.151506,1.151506,0.907478,1.119525,1.119525,0.960640,1.048564,1.048564,-0.007385,0.087497,-0.009826,0.003613,0.061050,-0.009209,-0.010999,0.026447,-0.000617,0.226795,-0.474373,0.600173,0.797918,9.532155,-19.937874,25.225219,-19.937874,41.702932,-52.762173,25.225219,-52.762173,66.754226,-0.000000,0.000000,117.989313,0.226795,-0.474373,0.600173,0.797918,6.899693,-14.431700,18.258857,-14.431700,30.185977,-38.191025,18.258857,-38.191025,48.318940,-0.000000,0.000000,85.404610,-0.016439,0.115898,0.073805,-0.016306,0.114328,0.072132,-0.000133,0.001570,0.001672,-0.012413,-0.135223,-0.095087,0.165773,0.578052,6.296930,4.427896,6.296930,68.594713,48.234652,4.427896,48.234652,33.917798,-0.000000,-0.000000,103.090563,-0.012413,-0.135223,-0.095087,0.165773,0.582002,6.339956,4.458151,6.339956,69.063410,48.564231,4.458151,48.564231,34.149553,-0.000000,0.000000,103.794964,0.001752,0.109221,0.073290,0.001721,0.108778,0.073001,0.000031,0.000443,0.000289,-0.003728,-0.034244,-0.007551,0.035264,1.207646,11.094087,2.446250,11.094087,101.916231,22.472561,2.446250,22.472561,4.955207,-0.000000,0.000000,108.079084,-0.003728,-0.034244,-0.007551,0.035264,1.212061,11.134637,2.455191,11.134637,102.288745,22.554701,2.455191,22.554701,4.973319,-0.000000,-0.000000,108.474124,0.015178,0.101450,0.052045,0.014880,0.100946,0.050993,0.000298,0.000504,0.001052,-0.006678,-0.093460,0.002261,0.093725,0.541871,7.583598,-0.183434,7.583598,106.134035,-2.567200,-0.183434,-2.567200,0.062096,-0.000000,0.000000,106.738002,-0.006678,-0.093460,0.002261,0.093725,0.556524,7.788672,-0.188395,7.788672,109.004090,-2.636622,-0.188395,-2.636622,0.063775,-0.000000,0.000000,109.624389,0.027788,0.087093,0.053196,0.027788,0.087093,0.053196,0.000000,0.000000,0.000000,-0.000000,0.000004,0.000001,0.000004,0.414955,-5.855626,-0.817570,-5.855626,82.631551,11.537121,-0.817570,11.537121,1.610827,-0.000000,0.000000,84.657333,-0.000000,0.000004,0.000001,0.000004,0.414954,-5.855622,-0.817569,-5.855622,82.631504,11.537114,-0.817569,11.537114,1.610826,0.000000,0.000000,84.657284
2.6363,post_ramp,0.518,100.0000,4.157088,-1.300816,-1.431204,-0.021476,-0.118117,1.268602,-1.942020,1.018563,-2.595495,1.492563,-2.440563,1.580000,-2.027923,0.013366,-0.134303,0.023981,0.023981,0.023981,0.023981,0.023981,0.023981,-0.000000,0.023981,0.023981,0.023981,0.023981,1.544238,-0.736589,1.182813,0.018610,0.003937,0.000000,-0.003937,-0.005906,0.771310,0.890835,0.890835,0.619286,1.151506,1.151506,0.907478,1.119525,1.119525,0.960640,1.048564,1.048564,-0.007376,0.087474,-0.009870,0.003613,0.061050,-0.009209,-0.010989,0.026424,-0.000662,0.227156,-0.474865,0.601818,0.799551,9.522995,-19.907633,25.229871,-19.907633,41.616514,-52.742548,25.229871,-52.742548,66.843090,-0.000000,0.000000,117.982599,0.227156,-0.474865,0.601818,0.799551,6.895961,-14.415871,18.269905,-14.415871,30.136094,-38.192876,18.269905,-38.192876,48.403613,-0.000000,0.000000,85.435668,-0.016439,0.115898,0.073805,-0.016306,0.114328,0.072132,-0.000133,0.001570,0.001672,-0.012413,-0.135223,-0.095087,0.165773,0.578052,6.296930,4.427896,6.296930,68.594713,48.234652,4.427896,48.234652,33.917798,-0.000000,-0.000000,103.090563,-0.012413,-0.135223,-0.095087,0.165773,0.582002,6.339956,4.458151,6.339956,69.063410,48.564231,4.458151,48.564231,34.149553,-0.000000,0.000000,103.794964,0.001752,0.109221,0.073290,0.001721,0.108778,0.073001,0.000031,0.000443,0.000289,-0.003728,-0.034244,-0.007551,0.035264,1.207646,11.094087,2.446250,11.094087,101.916231,22.472561,2.446250,22.472561,4.955207,-0.000000,0.000000,108.079084,-0.003728,-0.034244,-0.007551,0.035264,1.212061,11.134637,2.455191,11.134637,102.288745,22.554701,2.455191,22.554701,4.973319,-0.000000,-0.000000,108.474124,0.015178,0.101450,0.052045,0.014880,0.100946,0.050993,0.000298,0.000504,0.001052,-0.006678,-0.093460,0.002261,0.093725,0.541871,7.583598,-0.183434,7.583598,106.134035,-2.567200,-0.183434,-2.567200,0.062096,-0.000000,0.000000,106.738002,-0.006678,-0.093460,0.002261,0.093725,0.556524,7.788672,-0.188395,7.788672,109.004090,-2.636622,-0.188395,-2.636622,0.063775,-0.000000,0.000000,109.624389,0.027788,0.087093,0.053196,0.027788,0.087093,0.053196,0.000000,0.000000,0.000000,-0.000000,0.000004,0.000001,0.000004,0.414955,-5.855626,-0.817570,-5.855626,82.631551,11.537121,-0.817570,11.537121,1.610827,-0.000000,0.000000,84.657333,-0.000000,0.000004,0.000001,0.000004,0.414954,-5.855622,-0.817569,-5.855622,82.631504,11.537114,-0.817569,11.537114,1.610826,0.000000,0.000000,84.657284
2.6545,post_ramp,0.518,100.0000,4.158622,-1.302350,-1.431204,-0.021476,-0.118117,1.268602,-1.942020,1.018563,-2.595495,1.492563,-2.440563,1.580000,-2.027923,0.009501,-0.125158,0.023981,0.023981,0.023981,0.023981,0.023981,0.023981,-0.000000,0.023981,0.023981,0.023981,0.023981,1.544808,-0.737457,1.182813,0.018610,0.003937,0.000000,-0.003937,-0.005906,0.771310,0.890835,0.890835,0.619286,1.151506,1.151506,0.907478,1.119525,1.119525,0.960640,1.048564,1.048564,-0.007329,0.087440,-0.009906,0.003613,0.061050,-0.009209,-0.010943,0.026390,-0.000697,0.226549,-0.474192,0.601726,0.798909,9.486840,-19.857020,25.197560,-19.857020,41.562969,-52.741319,25.197560,-52.741319,66.926083,-0.000000,0.000000,117.975892,0.226549,-0.474192,0.601726,0.798909,6.871940,-14.383742,18.252245,-14.383742,30.106784,-38.203996,18.252245,-38.203996,48.478951,-0.000000,-0.000000,85.457676,-0.016439,0.115898,0.073805,-0.016306,0.114328,0.072132,-0.000133,0.001570,0.001672,-0.012413,-0.135223,-0.095087,0.165773,0.578052,6.296930,4.427896,6.296930,68.594713,48.234652,4.427896,48.234652,33.917798,-0.000000,-0.000000,103.090563,-0.012413,-0.135223,-0.095087,0.165773,0.582002,6.339956,4.458151,6.339956,69.063410,48.564231,4.458151,48.564231,34.149553,-0.000000,0.000000,103.794964,0.001752,0.109221,0.073290,0.001721,0.108778,0.073001,0.000031,0.000443,0.000289,-0.003728,-0.034244,-0.007551,0.035264,1.207646,11.094087,2.446250,11.094087,101.916231,22.472561,2.446250,22.472561,4.955207,-0.000000,0.000000,108.079084,-0.003728,-0.034244,-0.007551,0.035264,1.212061,11.134637,2.455191,11.134637,102.288745,22.554701,2.455191,22.554701,4.973319,-0.000000,-0.000000,108.474124,0.015178,0.101450,0.052045,0.014880,0.100946,0.050993,0.000298,0.000504,0.001052,-0.006678,-0.093460,0.002261,0.093725,0.541871,7.583598,-0.183434,7.583598,106.134035,-2.567200,-0.183434,-2.567200,0.062096,-0.000000,0.000000,106.738002,-0.006678,-0.093460,0.002261,0.093725,0.556524,7.788672,-0.188395,7.788672,109.004090,-2.636622,-0.188395,-2.636622,0.063775,-0.000000,0.000000,109.624389,0.027788,0.087093,0.053196,0.027788,0.087093,0.053196,0.000000,0.000000,0.000000,-0.000000,0.000004,0.000001,0.000004,0.414955,-5.855626,-0.817570,-5.855626,82.631551,11.537121,-0.817570,11.537121,1.610827,-0.000000,0.000000,84.657333,-0.000000,0.000004,0.000001,0.000004,0.414954,-5.855622,-0.817569,-5.855622,82.631504,11.537114,-0.817569,11.537114,1.610826,0.000000,0.000000,84.657284
2.6727,post_ramp,0.518,100.0000,4.158622,-1.303884,-1.431204,-0.021476,-0.118117,1.268602,-1.942020,1.018563,-2.595495,1.492563,-2.440563,1.580000,-2.027923,0.011179,-0.113033,0.023981,0.023981,0.023981,0.023981,0.023981,0.023981,-0.000000,0.023981,0.023981,0.023981,0.023981,1.544808,-0.738326,1.182813,0.018610,0.003937,0.000000,-0.003937,-0.005906,0.771310,0.890835,0.890835,0.619286,1.151506,1.151506,0.907478,1.119525,1.119525,0.960640,1.048564,1.048564,-0.007320,0.087418,-0.009950,0.003613,0.061050,-0.009209,-0.010933,0.026368,-0.000741,0.226910,-0.474683,0.603376,0.800546,9.477732,-19.826847,25.202164,-19.826847,41.476577,-52.721419,25.202164,-52.721419,67.014884,-0.000000,0.000000,117.969193,0.226910,-0.474683,0.603376,0.800546,6.868235,-14.367936,18.263272,-14.367936,30.056863,-38.205671,18.263272,-38.205671,48.563727,-0.000000,-0.000000,85.488825,-0.016439,0.115898,0.073805,-0.016306,0.114328,0.072132,-0.000133,0.001570,0.001672,-0.012413,-0.135223,-0.095087,0.165773,0.578052,6.296930,4.427896,6.296930,68.594713,48.234652,4.427896,48.234652,33.917798,-0.000000,-0.000000,103.090563,-0.012413,-0.135223,-0.095087,0.165773,0.582002,6.339956,4.458151,6.339956,69.063410,48.564231,4.458151,48.564231,34.149553,-0.000000,0.000000,103.794964,0.001752,0.109221,0.073290,0.001721,0.108778,0.073001,0.000031,0.000443,0.000289,-0.003728,-0.034244,-0.007551,0.035264,1.207646,11.094087,2.446250,11.094087,101.916231,22.472561,2.446250,22.472561,4.955207,-0.000000,0.000000,108.079084,-0.003728,-0.034244,-0.007551,0.035264,1.212061,11.134637,2.455191,11.134637,102.288745,22.554701,2.455191,22.554701,4.973319,-0.000000,-0.000000,108.474124,0.015178,0.101450,0.052045,0.014880,0.100946,0.050993,0.000298,0.000504,0.001052,-0.006678,-0.093460,0.002261,0.093725,0.541871,7.583598,-0.183434,7.583598,106.134035,-2.567200,-0.183434,-2.567200,0.062096,-0.000000,0.000000,106.738002,-0.006678,-0.093460,0.002261,0.093725,0.556524,7.788672,-0.188395,7.788672,109.004090,-2.636622,-0.188395,-2.636622,0.063775,-0.000000,0.000000,109.624389,0.027788,0.087093,0.053196,0.027788,0.087093,0.053196,0.000000,0.000000,0.000000,-0.000000,0.000004,0.000001,0.000004,0.414955,-5.855626,-0.817570,-5.855626,82.631551,11.537121,-0.817570,11.537121,1.610827,-0.000000,0.000000,84.657333,-0.000000,0.000004,0.000001,0.000004,0.414954,-5.855622,-0.817569,-5.855622,82.631504,11.537114,-0.817569,11.537114,1.610826,0.000000,0.000000,84.657284
2.6910,post_ramp,0.518,100.0000,4.157088,-1.305418,-1.431204,-0.021476,-0.118117,1.268602,-1.942020,1.018563,-2.595495,1.492563,-2.440563,1.580000,-2.027923,0.017178,-0.093780,0.023981,0.023981,0.023981,0.023981,0.023981,0.023981,-0.000000,0.023981,0.023981,0.023981,0.023981,1.544238,-0.739195,1.182813,0.018610,0.003937,0.000000,-0.003937,-0.005906,0.771310,0.890835,0.890835,0.619286,1.151506,1.151506,0.907478,1.119525,1.119525,0.960640,1.048564,1.048564,-0.007348,0.087406,-0.010004,0.003613,0.061050,-0.009209,-0.010962,0.026356,-0.000795,0.228240,-0.476330,0.606768,0.804457,9.495573,-19.816980,25.243671,-19.816980,41.357452,-52.682796,25.243671,-52.682796,67.109479,-0.000000,0.000000,117.962503,0.228240,-0.476330,0.606768,0.804457,6.884790,-14.368353,18.302990,-14.368353,29.986329,-38.197800,18.302990,-38.197800,48.657904,-0.000000,0.000000,85.529023,-0.016439,0.115898,0.073805,-0.016306,0.114328,0.072132,-0.000133,0.001570,0.001672,-0.012413,-0.135223,-0.095087,0.165773,0.578052,6.296930,4.427896,6.296930,68.594713,48.234652,4.427896,48.234652,33.917798,-0.000000,-0.000000,103.090563,-0.012413,-0.135223,-0.095087,0.165773,0.582002,6.339956,4.458151,6.339956,69.063410,48.564231,4.458151,48.564231,34.149553,-0.000000,0.000000,103.794964,0.001752,0.109221,0.073290,0.001721,0.108778,0.073001,0.000031,0.000443,0.000289,-0.003728,-0.034244,-0.007551,0.035264,1.207646,11.094087,2.446250,11.094087,101.916231,22.472561,2.446250,22.472561,4.955207,-0.000000,0.000000,108.079084,-0.003728,-0.034244,-0.007551,0.035264,1.212061,11.134637,2.455191,11.134637,102.288745,22.554701,2.455191,22.554701,4.973319,-0.000000,-0.000000,108.474124,0.015178,0.101450,0.052045,0.014880,0.100946,0.050993,0.000298,0.000504,0.001052,-0.006678,-0.093460,0.002261,0.093725,0.541871,7.583598,-0.183434,7.583598,106.134035,-2.567200,-0.183434,-2.567200,0.062096,-0.000000,0.000000,106.738002,-0.006678,-0.093460,0.002261,0.093725,0.556524,7.788672,-0.188395,7.788672,109.004090,-2.636622,-0.188395,-2.636622,0.063775,-0.000000,0.000000,109.624389,0.027788,0.087093,0.053196,0.027788,0.087093,0.053196,0.000000,0.000000,0.000000,-0.000000,0.000004,0.000001,0.000004,0.414955,-5.855626,-0.817570,-5.855626,82.631551,11.537121,-0.817570,11.537121,1.610827,-0.000000,0.000000,84.657333,-0.000000,0.000004,0.000001,0.000004,0.414954,-5.855622,-0.817569,-5.855622,82.631504,11.537114,-0.817569,11.537114,1.610826,0.000000,0.000000,84.657284
2.7091,post_ramp,0.518,100.0000,4.157088,-1.306952,-1.431204,-0.021476,-0.118117,1.268602,-1.942020,1.018563,-2.595495,1.492563,-2.440563,1.580000,-2.027923,0.016394,-0.078810,0.023981,0.023981,0.023981,0.023981,0.023981,0.023981,-0.000000,0.023981,0.023981,0.023981,0.023981,1.544238,-0.740063,1.182813,0.018610,0.003937,0.000000,-0.003937,-0.005906,0.771310,0.890835,0.890835,0.619286,1.151506,1.151506,0.907478,1.119525,1.119525,0.960640,1.048564,1.048564,-0.007339,0.087383,-0.010048,0.003613,0.061050,-0.009209,-0.010952,0.026333,-0.000839,0.228601,-0.476815,0.608423,0.806095,9.486451,-19.786786,25.248218,-19.786786,41.271163,-52.662588,25.248218,-52.662588,67.198206,-0.000000,-0.000000,117.955821,0.228601,-0.476815,0.608423,0.806095,6.881074,-14.352504,18.313998,-14.352504,29.936369,-38.199231,18.313998,-38.199231,48.742759,-0.000000,0.000000,85.560202,-0.016439,0.115898,0.073805,-0.016306,0.114328,0.072132,-0.000133,0.001570,0.001672,-0.012413,-0.135223,-0.095087,0.165773,0.578052,6.296930,4.427896,6.296930,68.594713,48.234652,4.427896,48.234652,33.917798,-0.000000,-0.000000,103.090563,-0.012413,-0.135223,-0.095087,0.165773,0.582002,6.339956,4.458151,6.339956,69.063410,48.564231,4.458151,48.564231,34.149553,-0.000000,0.000000,103.794964,0.001752,0.109221,0.073290,0.001721,0.108778,0.073001,0.000031,0.000443,0.000289,-0.003728,-0.034244,-0.007551,0.035264,1.207646,11.094087,2.446250,11.094087,101.916231,22.472561,2.446250,22.472561,4.955207,-0.000000,0.000000,108.079084,-0.003728,-0.034244,-0.007551,0.035264,1.212061,11.134637,2.455191,11.134637,102.288745,22.554701,2.455191,22.554701,4.973319,-0.000000,-0.000000,108.474124,0.015178,0.101450,0.052045,0.014880,0.100946,0.050993,0.000298,0.000504,0.001052,-0.006678,-0.093460,0.002261,0.093725,0.541871,7.583598,-0.183434,7.583598,106.134035,-2.567200,-0.183434,-2.567200,0.062096,-0.000000,0.000000,106.738002,-0.006678,-0.093460,0.002261,0.093725,0.556524,7.788672,-0.188395,7.788672,109.004090,-2.636622,-0.188395,-2.636622,0.063775,-0.000000,0.000000,109.624389,0.027788,0.087093,0.053196,0.027788,0.087093,0.053196,0.000000,0.000000,0.000000,-0.000000,0.000004,0.000001,0.000004,0.414955,-5.855626,-0.817570,-5.855626,82.631551,11.537121,-0.817570,11.537121,1.610827,-0.000000,0.000000,84.657333,-0.000000,0.000004,0.000001,0.000004,0.414954,-5.855622,-0.817569,-5.855622,82.631504,11.537114,-0.817569,11.537114,1.610826,0.000000,0.000000,84.657284
2.7279,post_ramp,0.518,100.0000,4.158622,-1.308486,-1.431204,-0.021476,-0.118117,1.268602,-1.942020,1.018563,-2.595495,1.492563,-2.440563,1.580000,-2.027923,0.006770,-0.068912,0.023981,0.023981,0.023981,0.023981,0.023981,0.023981,-0.000000,0.023981,0.023981,0.023981,0.023981,1.544808,-0.740932,1.182813,0.018610,0.003937,0.000000,-0.003937,-0.005906,0.771310,0.890835,0.890835,0.619286,1.151506,1.151506,0.907478,1.119525,1.119525,0.960640,1.048564,1.048564,-0.007292,0.087348,-0.010084,0.003613,0.061050,-0.009209,-0.010906,0.026298,-0.000875,0.227996,-0.476147,0.608340,0.805466,9.450465,-19.736400,25.215819,-19.736400,41.217599,-52.660846,25.215819,-52.660846,67.281082,-0.000000,0.000000,117.949147,0.227996,-0.476147,0.608340,0.805466,6.857142,-14.320490,18.296289,-14.320490,29.906985,-38.210065,18.296289,-38.210065,48.818329,-0.000000,0.000000,85.582456,-0.016439,0.115898,0.073805,-0.016306,0.114328,0.072132,-0.000133,0.001570,0.001672,-0.012413,-0.135223,-0.095087,0.165773,0.578052,6.296930,4.427896,6.296930,68.594713,48.234652,4.427896,48.234652,33.917798,-0.000000,-0.000000,103.090563,-0.012413,-0.135223,-0.095087,0.165773,0.582002,6.339956,4.458151,6.339956,69.063410,48.564231,4.458151,48.564231,34.149553,-0.000000,0.000000,103.794964,0.001752,0.109221,0.073290,0.001721,0.108778,0.073001,0.000031,0.000443,0.000289,-0.003728,-0.034244,-0.007551,0.035264,1.207646,11.094087,2.446250,11.094087,101.916231,22.472561,2.446250,22.472561,4.955207,-0.000000,0.000000,108.079084,-0.003728,-0.034244,-0.007551,0.035264,1.212061,11.134637,2.455191,11.134637,102.288745,22.554701,2.455191,22.554701,4.973319,-0.000000,-0.000000,108.474124,0.015178,0.101450,0.052045,0.014880,0.100946,0.050993,0.000298,0.000504,0.001052,-0.006678,-0.093460,0.002261,0.093725,0.541871,7.583598,-0.183434,7.583598,106.134035,-2.567200,-0.183434,-2.567200,0.062096,-0.000000,0.000000,106.738002,-0.006678,-0.093460,0.002261,0.093725,0.556524,7.788672,-0.188395,7.788672,109.004090,-2.636622,-0.188395,-2.636622,0.063775,-0.000000,0.000000,109.624389,0.027788,0.087093,0.053196,0.027788,0.087093,0.053196,0.000000,0.000000,0.000000,-0.000000,0.000004,0.000001,0.000004,0.414955,-5.855626,-0.817570,-5.855626,82.631551,11.537121,-0.817570,11.537121,1.610827,-0.000000,0.000000,84.657333,-0.000000,0.000004,0.000001,0.000004,0.414954,-5.855622,-0.817569,-5.855622,82.631504,11.537114,-0.817569,11.537114,1.610826,0.000000,0.000000,84.657284
2.7454,post_ramp,0.518,100.0000,4.157088,-1.308486,-1.431204,-0.021476,-0.118117,1.268602,-1.942020,1.018563,-2.595495,1.492563,-2.440563,1.580000,-2.027923,0.012255,-0.062085,0.023981,0.023981,0.023981,0.023981,0.023981,0.023981,-0.000000,0.023981,0.023981,0.023981,0.023981,1.544238,-0.740932,1.182813,0.018610,0.003937,0.000000,-0.003937,-0.005906,0.771310,0.890835,0.890835,0.619286,1.151506,1.151506,0.907478,1.119525,1.119525,0.960640,1.048564,1.048564,-0.007330,0.087360,-0.010093,0.003613,0.061050,-0.009209,-0.010943,0.026310,-0.000884,0.228963,-0.477299,0.610080,0.807735,9.477340,-19.756603,25.252739,-19.756603,41.184908,-52.642233,25.252739,-52.642233,67.286899,-0.000000,0.000000,117.949147,0.228963,-0.477299,0.610080,0.807735,6.877361,-14.336649,18.324995,-14.336649,29.886391,-38.200556,18.324995,-38.200556,48.827658,-0.000000,0.000000,85.591411,-0.016439,0.115898,0.073805,-0.016306,0.114328,0.072132,-0.000133,0.001570,0.001672,-0.012413,-0.135223,-0.095087,0.165773,0.578052,6.296930,4.427896,6.296930,68.594713,48.234652,4.427896,48.234652,33.917798,-0.000000,-0.000000,103.090563,-0.012413,-0.135223,-0.095087,0.165773,0.582002,6.339956,4.458151,6.339956,69.063410,48.564231,4.458151,48.564231,34.149553,-0.000000,0.000000,103.794964,0.001752,0.109221,0.073290,0.001721,0.108778,0.073001,0.000031,0.000443,0.000289,-0.003728,-0.034244,-0.007551,0.035264,1.207646,11.094087,2.446250,11.094087,101.916231,22.472561,2.446250,22.472561,4.955207,-0.000000,0.000000,108.079084,-0.003728,-0.034244,-0.007551,0.035264,1.212061,11.134637,2.455191,11.134637,102.288745,22.554701,2.455191,22.554701,4.973319,-0.000000,-0.000000,108.474124,0.015178,0.101450,0.052045,0.014880,0.100946,0.050993,0.000298,0.000504,0.001052,-0.006678,-0.093460,0.002261,0.093725,0.541871,7.583598,-0.183434,7.583598,106.134035,-2.567200,-0.183434,-2.567200,0.062096,-0.000000,0.000000,106.738002,-0.006678,-0.093460,0.002261,0.093725,0.556524,7.788672,-0.188395,7.788672,109.004090,-2.636622,-0.188395,-2.636622,0.063775,-0.000000,0.000000,109.624389,0.027788,0.087093,0.053196,0.027788,0.087093,0.053196,0.000000,0.000000,0.000000,-0.000000,0.000004,0.000001,0.000004,0.414955,-5.855626,-0.817570,-5.855626,82.631551,11.537121,-0.817570,11.537121,1.610827,-0.000000,0.000000,84.657333,-0.000000,0.000004,0.000001,0.000004,0.414954,-5.855622,-0.817569,-5.855622,82.631504,11.537114,-0.817569,11.537114,1.610826,0.000000,0.000000,84.657284
2.7636,post_ramp,0.518,100.0000,4.157088,-1.308486,-1.431204,-0.021476,-0.118117,1.268602,-1.942020,1.018563,-2.595495,1.492563,-2.440563,1.580000,-2.027923,0.017749,-0.040722,0.023981,0.023981,0.023981,0.023981,0.023981,0.023981,-0.000000,0.023981,0.023981,0.023981,0.023981,1.544238,-0.740932,1.182813,0.018610,0.003937,0.000000,-0.003937,-0.005906,0.771310,0.890835,0.890835,0.619286,1.151506,1.151506,0.907478,1.119525,1.119525,0.960640,1.048564,1.048564,-0.007330,0.087360,-0.010093,0.003613,0.061050,-0.009209,-0.010943,0.026310,-0.000884,0.228963,-0.477299,0.610080,0.807735,9.477340,-19.756603,25.252739,-19.756603,41.184908,-52.642233,25.252739,-52.642233,67.286899,-0.000000,0.000000,117.949147,0.228963,-0.477299,0.610080,0.807735,6.877361,-14.336649,18.324995,-14.336649,29.886391,-38.200556,18.324995,-38.200556,48.827658,-0.000000,0.000000,85.591411,-0.016439,0.115898,0.073805,-0.016306,0.114328,0.072132,-0.000133,0.001570,0.001672,-0.012413,-0.135223,-0.095087,0.165773,0.578052,6.296930,4.427896,6.296930,68.594713,48.234652,4.427896,48.234652,33.917798,-0.000000,-0.000000,103.090563,-0.012413,-0.135223,-0.095087,0.165773,0.582002,6.339956,4.458151,6.339956,69.063410,48.564231,4.458151,48.564231,34.149553,-0.000000,0.000000,103.794964,0.001752,0.109221,0.073290,0.001721,0.108778,0.073001,0.000031,0.000443,0.000289,-0.003728,-0.034244,-0.007551,0.035264,1.207646,11.094087,2.446250,11.094087,101.916231,22.472561,2.446250,22.472561,4.955207,-0.000000,0.000000,108.079084,-0.003728,-0.034244,-0.007551,0.035264,1.212061,11.134637,2.455191,11.134637,102.288745,22.554701,2.455191,22.554701,4.973319,-0.000000,-0.000000,108.474124,0.015178,0.101450,0.052045,0.014880,0.100946,0.050993,0.000298,0.000504,0.001052,-0.006678,-0.093460,0.002261,0.093725,0.541871,7.583598,-0.183434,7.583598,106.134035,-2.567200,-0.183434,-2.567200,0.062096,-0.000000,0.000000,106.738002,-0.006678,-0.093460,0.002261,0.093725,0.556524,7.788672,-0.188395,7.788672,109.004090,-2.636622,-0.188395,-2.636622,0.063775,-0.000000,0.000000,109.624389,0.027788,0.087093,0.053196,0.027788,0.087093,0.053196,0.000000,0.000000,0.000000,-0.000000,0.000004,0.000001,0.000004,0.414955,-5.855626,-0.817570,-5.855626,82.631551,11.537121,-0.817570,11.537121,1.610827,-0.000000,0.000000,84.657333,-0.000000,0.000004,0.000001,0.000004,0.414954,-5.855622,-0.817569,-5.855622,82.631504,11.537114,-0.817569,11.537114,1.610826,0.000000,0.000000,84.657284
2.7825,post_ramp,0.518,100.0000,4.158622,-1.308486,-1.431204,-0.021476,-0.118117,1.268602,-1.942020,1.018563,-2.595495,1.492563,-2.440563,1.580000,-2.027923,0.005742,-0.021641,0.023981,0.023981,0.023981,0.023981,0.023981,0.023981,-0.000000,0.023981,0.023981,0.023981,0.023981,1.544808,-0.740932,1.182813,0.018610,0.003937,0.000000,-0.003937,-0.005906,0.771310,0.890835,0.890835,0.619286,1.151506,1.151506,0.907478,1.119525,1.119525,0.960640,1.048564,1.048564,-0.007292,0.087348,-0.010084,0.003613,0.061050,-0.009209,-0.010906,0.026298,-0.000875,0.227996,-0.476147,0.608340,0.805466,9.450465,-19.736400,25.215819,-19.736400,41.217599,-52.660846,25.215819,-52.660846,67.281082,-0.000000,0.000000,117.949147,0.227996,-0.476147,0.608340,0.805466,6.857142,-14.320490,18.296289,-14.320490,29.906985,-38.210065,18.296289,-38.210065,48.818329,-0.000000,0.000000,85.582456,-0.016439,0.115898,0.073805,-0.016306,0.114328,0.072132,-0.000133,0.001570,0.001672,-0.012413,-0.135223,-0.095087,0.165773,0.578052,6.296930,4.427896,6.296930,68.594713,48.234652,4.427896,48.234652,33.917798,-0.000000,-0.000000,103.090563,-0.012413,-0.135223,-0.095087,0.165773,0.582002,6.339956,4.458151,6.339956,69.063410,48.564231,4.458151,48.564231,34.149553,-0.000000,0.000000,103.794964,0.001752,0.109221,0.073290,0.001721,0.108778,0.073001,0.000031,0.000443,0.000289,-0.003728,-0.034244,-0.007551,0.035264,1.207646,11.094087,2.446250,11.094087,101.916231,22.472561,2.446250,22.472561,4.955207,-0.000000,0.000000,108.079084,-0.003728,-0.034244,-0.007551,0.035264,1.212061,11.134637,2.455191,11.134637,102.288745,22.554701,2.455191,22.554701,4.973319,-0.000000,-0.000000,108.474124,0.015178,0.101450,0.052045,0.014880,0.100946,0.050993,0.000298,0.000504,0.001052,-0.006678,-0.093460,0.002261,0.093725,0.541871,7.583598,-0.183434,7.583598,106.134035,-2.567200,-0.183434,-2.567200,0.062096,-0.000000,0.000000,106.738002,-0.006678,-0.093460,0.002261,0.093725,0.556524,7.788672,-0.188395,7.788672,109.004090,-2.636622,-0.188395,-2.636622,0.063775,-0.000000,0.000000,109.624389,0.027788,0.087093,0.053196,0.027788,0.087093,0.053196,0.000000,0.000000,0.000000,-0.000000,0.000004,0.000001,0.000004,0.414955,-5.855626,-0.817570,-5.855626,82.631551,11.537121,-0.817570,11.537121,1.610827,-0.000000,0.000000,84.657333,-0.000000,0.000004,0.000001,0.000004,0.414954,-5.855622,-0.817569,-5.855622,82.631504,11.537114,-0.817569,11.537114,1.610826,0.000000,0.000000,84.657284
2.8001,post_ramp,0.518,100.0000,4.157088,-1.308486,-1.431204,-0.021476,-0.118117,1.268602,-1.942020,1.018563,-2.595495,1.492563,-2.440563,1.580000,-2.027923,0.014288,-0.011501,0.023981,0.023981,0.023981,0.023981,0.023981,0.023981,-0.000000,0.023981,0.023981,0.023981,0.023981,1.544238,-0.740932,1.182813,0.018610,0.003937,0.000000,-0.003937,-0.005906,0.771310,0.890835,0.890835,0.619286,1.151506,1.151506,0.907478,1.119525,1.119525,0.960640,1.048564,1.048564,-0.007330,0.087360,-0.010093,0.003613,0.061050,-0.009209,-0.010943,0.026310,-0.000884,0.228963,-0.477299,0.610080,0.807735,9.477340,-19.756603,25.252739,-19.756603,41.184908,-52.642233,25.252739,-52.642233,67.286899,-0.000000,0.000000,117.949147,0.228963,-0.477299,0.610080,0.807735,6.877361,-14.336649,18.324995,-14.336649,29.886391,-38.200556,18.324995,-38.200556,48.827658,-0.000000,0.000000,85.591411,-0.016439,0.115898,0.073805,-0.016306,0.114328,0.072132,-0.000133,0.001570,0.001672,-0.012413,-0.135223,-0.095087,0.165773,0.578052,6.296930,4.427896,6.296930,68.594713,48.234652,4.427896,48.234652,33.917798,-0.000000,-0.000000,103.090563,-0.012413,-0.135223,-0.095087,0.165773,0.582002,6.339956,4.458151,6.339956,69.063410,48.564231,4.458151,48.564231,34.149553,-0.000000,0.000000,103.794964,0.001752,0.109221,0.073290,0.001721,0.108778,0.073001,0.000031,0.000443,0.000289,-0.003728,-0.034244,-0.007551,0.035264,1.207646,11.094087,2.446250,11.094087,101.916231,22.472561,2.446250,22.472561,4.955207,-0.000000,0.000000,108.079084,-0.003728,-0.034244,-0.007551,0.035264,1.212061,11.134637,2.455191,11.134637,102.288745,22.554701,2.455191,22.554701,4.973319,-0.000000,-0.000000,108.474124,0.015178,0.101450,0.052045,0.014880,0.100946,0.050993,0.000298,0.000504,0.001052,-0.006678,-0.093460,0.002261,0.093725,0.541871,7.583598,-0.183434,7.583598,106.134035,-2.567200,-0.183434,-2.567200,0.062096,-0.000000,0.000000,106.738002,-0.006678,-0.093460,0.002261,0.093725,0.556524,7.788672,-0.188395,7.788672,109.004090,-2.636622,-0.188395,-2.636622,0.063775,-0.000000,0.000000,109.624389,0.027788,0.087093,0.053196,0.027788,0.087093,0.053196,0.000000,0.000000,0.000000,-0.000000,0.000004,0.000001,0.000004,0.414955,-5.855626,-0.817570,-5.855626,82.631551,11.537121,-0.817570,11.537121,1.610827,-0.000000,0.000000,84.657333,-0.000000,0.000004,0.000001,0.000004,0.414954,-5.855622,-0.817569,-5.855622,82.631504,11.537114,-0.817569,11.537114,1.610826,0.000000,0.000000,84.657284
2.8189,post_ramp,0.518,100.0000,4.158622,-1.308486,-1.431204,-0.021476,-0.118117,1.268602,-1.942020,1.018563,-2.595495,1.492563,-2.440563,1.580000,-2.027923,0.014788,-0.005501,0.023981,0.023981,0.023981,0.023981,0.023981,0.023981,-0.000000,0.023981,0.023981,0.023981,0.023981,1.544808,-0.740932,1.182813,0.018610,0.003937,0.000000,-0.003937,-0.005906,0.771310,0.890835,0.890835,0.619286,1.151506,1.151506,0.907478,1.119525,1.119525,0.960640,1.048564,1.048564,-0.007292,0.087348,-0.010084,0.003613,0.061050,-0.009209,-0.010906,0.026298,-0.000875,0.227996,-0.476147,0.608340,0.805466,9.450465,-19.736400,25.215819,-19.736400,41.217599,-52.660846,25.215819,-52.660846,67.281082,-0.000000,0.000000,117.949147,0.227996,-0.476147,0.608340,0.805466,6.857142,-14.320490,18.296289,-14.320490,29.906985,-38.210065,18.296289,-38.210065,48.818329,-0.000000,0.000000,85.582456,-0.016439,0.115898,0.073805,-0.016306,0.114328,0.072132,-0.000133,0.001570,0.001672,-0.012413,-0.135223,-0.095087,0.165773,0.578052,6.296930,4.427896,6.296930,68.594713,48.234652,4.427896,48.234652,33.917798,-0.000000,-0.000000,103.090563,-0.012413,-0.135223,-0.095087,0.165773,0.582002,6.339956,4.458151,6.339956,69.063410,48.564231,4.458151,48.564231,34.149553,-0.000000,0.000000,103.794964,0.001752,0.109221,0.073290,0.001721,0.108778,0.073001,0.000031,0.000443,0.000289,-0.003728,-0.034244,-0.007551,0.035264,1.207646,11.094087,2.446250,11.094087,101.916231,22.472561,2.446250,22.472561,4.955207,-0.000000,0.000000,108.079084,-0.003728,-0.034244,-0.007551,0.035264,1.212061,11.134637,2.455191,11.134637,102.288745,22.554701,2.455191,22.554701,4.973319,-0.000000,-0.000000,108.474124,0.015178,0.101450,0.052045,0.014880,0.100946,0.050993,0.000298,0.000504,0.001052,-0.006678,-0.093460,0.002261,0.093725,0.541871,7.583598,-0.183434,7.583598,106.134035,-2.567200,-0.183434,-2.567200,0.062096,-0.000000,0.000000,106.738002,-0.006678,-0.093460,0.002261,0.093725,0.556524,7.788672,-0.188395,7.788672,109.004090,-2.636622,-0.188395,-2.636622,0.063775,-0.000000,0.000000,109.624389,0.027788,0.087093,0.053196,0.027788,0.087093,0.053196,0.000000,0.000000,0.000000,-0.000000,0.000004,0.000001,0.000004,0.414955,-5.855626,-0.817570,-5.855626,82.631551,11.537121,-0.817570,11.537121,1.610827,-0.000000,0.000000,84.657333,-0.000000,0.000004,0.000001,0.000004,0.414954,-5.855622,-0.817569,-5.855622,82.631504,11.537114,-0.817569,11.537114,1.610826,0.000000,0.000000,84.657284
2.8370,post_ramp,0.518,100.0000,4.157088,-1.306952,-1.431204,-0.021476,-0.118117,1.268602,-1.942020,1.018563,-2.595495,1.492563,-2.440563,1.580000,-2.027923,0.009703,-0.001211,0.023981,0.023981,0.023981,0.023981,0.023981,0.023981,-0.000000,0.023981,0.023981,0.023981,0.023981,1.544238,-0.740063,1.182813,0.018610,0.003937,0.000000,-0.003937,-0.005906,0.771310,0.890835,0.890835,0.619286,1.151506,1.151506,0.907478,1.119525,1.119525,0.960640,1.048564,1.048564,-0.007339,0.087383,-0.010048,0.003613,0.061050,-0.009209,-0.010952,0.026333,-0.000839,0.228601,-0.476815,0.608423,0.806095,9.486451,-19.786786,25.248218,-19.786786,41.271163,-52.662588,25.248218,-52.662588,67.198206,-0.000000,-0.000000,117.955821,0.228601,-0.476815,0.608423,0.806095,6.881074,-14.352504,18.313998,-14.352504,29.936369,-38.199231,18.313998,-38.199231,48.742759,-0.000000,0.000000,85.560202,-0.016439,0.115898,0.073805,-0.016306,0.114328,0.072132,-0.000133,0.001570,0.001672,-0.012413,-0.135223,-0.095087,0.165773,0.578052,6.296930,4.427896,6.296930,68.594713,48.234652,4.427896,48.234652,33.917798,-0.000000,-0.000000,103.090563,-0.012413,-0.135223,-0.095087,0.165773,0.582002,6.339956,4.458151,6.339956,69.063410,48.564231,4.458151,48.564231,34.149553,-0.000000,0.000000,103.794964,0.001752,0.109221,0.073290,0.001721,0.108778,0.073001,0.000031,0.000443,0.000289,-0.003728,-0.034244,-0.007551,0.035264,1.207646,11.094087,2.446250,11.094087,101.916231,22.472561,2.446250,22.472561,4.955207,-0.000000,0.000000,108.079084,-0.003728,-0.034244,-0.007551,0.035264,1.212061,11.134637,2.455191,11.134637,102.288745,22.554701,2.455191,22.554701,4.973319,-0.000000,-0.000000,108.474124,0.015178,0.101450,0.052045,0.014880,0.100946,0.050993,0.000298,0.000504,0.001052,-0.006678,-0.093460,0.002261,0.093725,0.541871,7.583598,-0.183434,7.583598,106.134035,-2.567200,-0.183434,-2.567200,0.062096,-0.000000,0.000000,106.738002,-0.006678,-0.093460,0.002261,0.093725,0.556524,7.788672,-0.188395,7.788672,109.004090,-2.636622,-0.188395,-2.636622,0.063775,-0.000000,0.000000,109.624389,0.027788,0.087093,0.053196,0.027788,0.087093,0.053196,0.000000,0.000000,0.000000,-0.000000,0.000004,0.000001,0.000004,0.414955,-5.855626,-0.817570,-5.855626,82.631551,11.537121,-0.817570,11.537121,1.610827,-0.000000,0.000000,84.657333,-0.000000,0.000004,0.000001,0.000004,0.414954,-5.855622,-0.817569,-5.855622,82.631504,11.537114,-0.817569,11.537114,1.610826,0.000000,0.000000,84.657284
2.8545,post_ramp,0.518,100.0000,4.158622,-1.303884,-1.431204,-0.021476,-0.118117,1.268602,-1.942020,1.018563,-2.595495,1.492563,-2.440563,1.580000,-2.027923,0.009876,0.038228,0.023981,0.023981,0.023981,0.023981,0.023981,0.023981,-0.000000,0.023981,0.023981,0.023981,0.023981,1.544808,-0.738326,1.182813,0.018610,0.003937,0.000000,-0.003937,-0.005906,0.771310,0.890835,0.890835,0.619286,1.151506,1.151506,0.907478,1.119525,1.119525,0.960640,1.048564,1.048564,-0.007320,0.087418,-0.009950,0.003613,0.061050,-0.009209,-0.010933,0.026368,-0.000741,0.226910,-0.474683,0.603376,0.800546,9.477732,-19.826847,25.202164,-19.826847,41.476577,-52.721419,25.202164,-52.721419,67.014884,-0.000000,0.000000,117.969193,0.226910,-0.474683,0.603376,0.800546,6.868235,-14.367936,18.263272,-14.367936,30.056863,-38.205671,18.263272,-38.205671,48.563727,-0.000000,-0.000000,85.488825,-0.016439,0.115898,0.073805,-0.016306,0.114328,0.072132,-0.000133,0.001570,0.001672,-0.012413,-0.135223,-0.095087,0.165773,0.578052,6.296930,4.427896,6.296930,68.594713,48.234652,4.427896,48.234652,33.917798,-0.000000,-0.000000,103.090563,-0.012413,-0.135223,-0.095087,0.165773,0.582002,6.339956,4.458151,6.339956,69.063410,48.564231,4.458151,48.564231,34.149553,-0.000000,0.000000,103.794964,0.001752,0.109221,0.073290,0.001721,0.108778,0.073001,0.000031,0.000443,0.000289,-0.003728,-0.034244,-0.007551,0.035264,1.207646,11.094087,2.446250,11.094087,101.916231,22.472561,2.446250,22.472561,4.955207,-0.000000,0.000000,108.079084,-0.003728,-0.034244,-0.007551,0.035264,1.212061,11.134637,2.455191,11.134637,102.288745,22.554701,2.455191,22.554701,4.973319,-0.000000,-0.000000,108.474124,0.015178,0.101450,0.052045,0.014880,0.100946,0.050993,0.000298,0.000504,0.001052,-0.006678,-0.093460,0.002261,0.093725,0.541871,7.583598,-0.183434,7.583598,106.134035,-2.567200,-0.183434,-2.567200,0.062096,-0.000000,0.000000,106.738002,-0.006678,-0.093460,0.002261,0.093725,0.556524,7.788672,-0.188395,7.788672,109.004090,-2.636622,-0.188395,-2.636622,0.063775,-0.000000,0.000000,109.624389,0.027788,0.087093,0.053196,0.027788,0.087093,0.053196,0.000000,0.000000,0.000000,-0.000000,0.000004,0.000001,0.000004,0.414955,-5.855626,-0.817570,-5.855626,82.631551,11.537121,-0.817570,11.537121,1.610827,-0.000000,0.000000,84.657333,-0.000000,0.000004,0.000001,0.000004,0.414954,-5.855622,-0.817569,-5.855622,82.631504,11.537114,-0.817569,11.537114,1.610826,0.000000,0.000000,84.657284
2.8727,post_ramp,0.518,100.0000,4.157088,-1.293146,-1.431204,-0.021476,-0.118117,1.268602,-1.942020,1.018563,-2.595495,1.492563,-2.440563,1.580000,-2.027923,0.018208,0.175401,0.023981,0.023981,0.023981,0.023981,0.023981,0.023981,-0.000000,0.023981,0.023981,0.023981,0.023981,1.544238,-0.732246,1.182813,0.018610,0.003937,0.000000,-0.003937,-0.005906,0.771310,0.890835,0.890835,0.619286,1.151506,1.151506,0.907478,1.119525,1.119525,0.960640,1.048564,1.048564,-0.007422,0.087588,-0.009648,0.003613,0.061050,-0.009209,-0.011036,0.026538,-0.000439,0.225350,-0.472394,0.593616,0.791403,9.568895,-20.058957,25.206342,-20.058957,42.048923,-52.839215,25.206342,-52.839215,66.398434,-0.000000,0.000000,118.016252,0.225350,-0.472394,0.593616,0.791403,6.914657,-14.494965,18.214558,-14.494965,30.385312,-38.182572,18.214558,-38.182572,47.980709,0.000000,0.000000,85.280678,-0.016439,0.115898,0.073805,-0.016306,0.114328,0.072132,-0.000133,0.001570,0.001672,-0.012413,-0.135223,-0.095087,0.165773,0.578052,6.296930,4.427896,6.296930,68.594713,48.234652,4.427896,48.234652,33.917798,-0.000000,-0.000000,103.090563,-0.012413,-0.135223,-0.095087,0.165773,0.582002,6.339956,4.458151,6.339956,69.063410,48.564231,4.458151,48.564231,34.149553,-0.000000,0.000000,103.794964,0.001752,0.109221,0.073290,0.001721,0.108778,0.073001,0.000031,0.000443,0.000289,-0.003728,-0.034244,-0.007551,0.035264,1.207646,11.094087,2.446250,11.094087,101.916231,22.472561,2.446250,22.472561,4.955207,-0.000000,0.000000,108.079084,-0.003728,-0.034244,-0.007551,0.035264,1.212061,11.134637,2.455191,11.134637,102.288745,22.554701,2.455191,22.554701,4.973319,-0.000000,-0.000000,108.474124,0.015178,0.101450,0.052045,0.014880,0.100946,0.050993,0.000298,0.000504,0.001052,-0.006678,-0.093460,0.002261,0.093725,0.541871,7.583598,-0.183434,7.583598,106.134035,-2.567200,-0.183434,-2.567200,0.062096,-0.000000,0.000000,106.738002,-0.006678,-0.093460,0.002261,0.093725,0.556524,7.788672,-0.188395,7.788672,109.004090,-2.636622,-0.188395,-2.636622,0.063775,-0.000000,0.000000,109.624389,0.027788,0.087093,0.053196,0.027788,0.087093,0.053196,0.000000,0.000000,0.000000,-0.000000,0.000004,0.000001,0.000004,0.414955,-5.855626,-0.817570,-5.855626,82.631551,11.537121,-0.817570,11.537121,1.610827,-0.000000,0.000000,84.657333,-0.000000,0.000004,0.000001,0.000004,0.414954,-5.855622,-0.817569,-5.855622,82.631504,11.537114,-0.817569,11.537114,1.610826,0.000000,0.000000,84.657284
2.8909,post_ramp,0.518,100.0000,4.158622,-1.287010,-1.431204,-0.021476,-0.118117,1.268602,-1.942020,1.018563,-2.595495,1.492563,-2.440563,1.580000,-2.027923,0.011092,0.289317,0.023981,0.023981,0.023981,0.023981,0.023981,0.023981,-0.000000,0.023981,0.023981,0.023981,0.023981,1.544808,-0.728771,1.182813,0.018610,0.003937,0.000000,-0.003937,-0.005906,0.771310,0.890835,0.890835,0.619286,1.151506,1.151506,0.907478,1.119525,1.119525,0.960640,1.048564,1.048564,-0.007422,0.087668,-0.009460,0.003613,0.061050,-0.009209,-0.011035,0.026618,-0.000251,0.222935,-0.469201,0.585357,0.782619,9.578464,-20.159390,25.150063,-20.159390,42.428621,-52.932280,25.150063,-52.932280,66.036232,-0.000000,0.000000,118.043317,0.222935,-0.469201,0.585357,0.782619,6.909204,-14.541512,18.141419,-14.541512,30.604908,-38.181481,18.141419,-38.181481,47.633715,-0.000000,0.000000,85.147827,-0.016439,0.115898,0.073805,-0.016306,0.114328,0.072132,-0.000133,0.001570,0.001672,-0.012413,-0.135223,-0.095087,0.165773,0.578052,6.296930,4.427896,6.296930,68.594713,48.234652,4.427896,48.234652,33.917798,-0.000000,-0.000000,103.090563,-0.012413,-0.135223,-0.095087,0.165773,0.582002,6.339956,4.458151,6.339956,69.063410,48.564231,4.458151,48.564231,34.149553,-0.000000,0.000000,103.794964,0.001752,0.109221,0.073290,0.001721,0.108778,0.073001,0.000031,0.000443,0.000289,-0.003728,-0.034244,-0.007551,0.035264,1.207646,11.094087,2.446250,11.094087,101.916231,22.472561,2.446250,22.472561,4.955207,-0.000000,0.000000,108.079084,-0.003728,-0.034244,-0.007551,0.035264,1.212061,11.134637,2.455191,11.134637,102.288745,22.554701,2.455191,22.554701,4.973319,-0.000000,-0.000000,108.474124,0.015178,0.101450,0.052045,0.014880,0.100946,0.050993,0.000298,0.000504,0.001052,-0.006678,-0.093460,0.002261,0.093725,0.541871,7.583598,-0.183434,7.583598,106.134035,-2.567200,-0.183434,-2.567200,0.062096,-0.000000,0.000000,106.738002,-0.006678,-0.093460,0.002261,0.093725,0.556524,7.788672,-0.188395,7.788672,109.004090,-2.636622,-0.188395,-2.636622,0.063775,-0.000000,0.000000,109.624389,0.027788,0.087093,0.053196,0.027788,0.087093,0.053196,0.000000,0.000000,0.000000,-0.000000,0.000004,0.000001,0.000004,0.414955,-5.855626,-0.817570,-5.855626,82.631551,11.537121,-0.817570,11.537121,1.610827,-0.000000,0.000000,84.657333,-0.000000,0.000004,0.000001,0.000004,0.414954,-5.855622,-0.817569,-5.855622,82.631504,11.537114,-0.817569,11.537114,1.610826,0.000000,0.000000,84.657284
2.9091,post_ramp,0.518,100.0000,4.157088,-1.287010,-1.431204,-0.021476,-0.118117,1.268602,-1.942020,1.018563,-2.595495,1.492563,-2.440563,1.580000,-2.027923,0.014142,0.298052,0.023981,0.023981,0.023981,0.023981,0.023981,0.023981,-0.000000,0.023981,0.023981,0.023981,0.023981,1.544238,-0.728771,1.182813,0.018610,0.003937,0.000000,-0.003937,-0.005906,0.771310,0.890835,0.890835,0.619286,1.151506,1.151506,0.907478,1.119525,1.119525,0.960640,1.048564,1.048564,-0.007459,0.087679,-0.009469,0.003613,0.061050,-0.009209,-0.011073,0.026629,-0.000260,0.223906,-0.470390,0.587097,0.784910,9.605792,-20.180225,25.187038,-20.180225,42.395406,-52.913915,25.187038,-52.913915,66.042118,0.000000,0.000000,118.043317,0.223906,-0.470390,0.587097,0.784910,6.929681,-14.558146,18.170094,-14.558146,30.584323,-38.172444,18.170094,-38.172444,47.643216,0.000000,0.000000,85.157221,-0.016439,0.115898,0.073805,-0.016306,0.114328,0.072132,-0.000133,0.001570,0.001672,-0.012413,-0.135223,-0.095087,0.165773,0.578052,6.296930,4.427896,6.296930,68.594713,48.234652,4.427896,48.234652,33.917798,-0.000000,-0.000000,103.090563,-0.012413,-0.135223,-0.095087,0.165773,0.582002,6.339956,4.458151,6.339956,69.063410,48.564231,4.458151,48.564231,34.149553,-0.000000,0.000000,103.794964,0.001752,0.109221,0.073290,0.001721,0.108778,0.073001,0.000031,0.000443,0.000289,-0.003728,-0.034244,-0.007551,0.035264,1.207646,11.094087,2.446250,11.094087,101.916231,22.472561,2.446250,22.472561,4.955207,-0.000000,0.000000,108.079084,-0.003728,-0.034244,-0.007551,0.035264,1.212061,11.134637,2.455191,11.134637,102.288745,22.554701,2.455191,22.554701,4.973319,-0.000000,-0.000000,108.474124,0.015178,0.101450,0.052045,0.014880,0.100946,0.050993,0.000298,0.000504,0.001052,-0.006678,-0.093460,0.002261,0.093725,0.541871,7.583598,-0.183434,7.583598,106.134035,-2.567200,-0.183434,-2.567200,0.062096,-0.000000,0.000000,106.738002,-0.006678,-0.093460,0.002261,0.093725,0.556524,7.788672,-0.188395,7.788672,109.004090,-2.636622,-0.188395,-2.636622,0.063775,-0.000000,0.000000,109.624389,0.027788,0.087093,0.053196,0.027788,0.087093,0.053196,0.000000,0.000000,0.000000,-0.000000,0.000004,0.000001,0.000004,0.414955,-5.855626,-0.817570,-5.855626,82.631551,11.537121,-0.817570,11.537121,1.610827,-0.000000,0.000000,84.657333,-0.000000,0.000004,0.000001,0.000004,0.414954,-5.855622,-0.817569,-5.855622,82.631504,11.537114,-0.817569,11.537114,1.610826,0.000000,0.000000,84.657284
2.9279,post_ramp,0.518,100.0000,4.158622,-1.288544,-1.431204,-0.021476,-0.118117,1.268602,-1.942020,1.018563,-2.595495,1.492563,-2.440563,1.580000,-2.027923,0.014196,0.192202,0.023981,0.023981,0.023981,0.023981,0.023981,0.023981,-0.000000,0.023981,0.023981,0.023981,0.023981,1.544808,-0.729640,1.182813,0.018610,0.003937,0.000000,-0.003937,-0.005906,0.771310,0.890835,0.890835,0.619286,1.151506,1.151506,0.907478,1.119525,1.119525,0.960640,1.048564,1.048564,-0.007413,0.087645,-0.009505,0.003613,0.061050,-0.009209,-0.011026,0.026595,-0.000296,0.223296,-0.469707,0.586983,0.784241,9.569258,-20.129101,25.154933,-20.129101,42.341918,-52.913842,25.154933,-52.913842,66.125364,-0.000000,0.000000,118.036539,0.223296,-0.469707,0.586983,0.784241,6.905461,-14.525758,18.152548,-14.525758,30.555188,-38.184203,18.152548,-38.184203,47.718030,-0.000000,0.000000,85.178679,-0.016439,0.115898,0.073805,-0.016306,0.114328,0.072132,-0.000133,0.001570,0.001672,-0.012413,-0.135223,-0.095087,0.165773,0.578052,6.296930,4.427896,6.296930,68.594713,48.234652,4.427896,48.234652,33.917798,-0.000000,-0.000000,103.090563,-0.012413,-0.135223,-0.095087,0.165773,0.582002,6.339956,4.458151,6.339956,69.063410,48.564231,4.458151,48.564231,34.149553,-0.000000,0.000000,103.794964,0.001752,0.109221,0.073290,0.001721,0.108778,0.073001,0.000031,0.000443,0.000289,-0.003728,-0.034244,-0.007551,0.035264,1.207646,11.094087,2.446250,11.094087,101.916231,22.472561,2.446250,22.472561,4.955207,-0.000000,0.000000,108.079084,-0.003728,-0.034244,-0.007551,0.035264,1.212061,11.134637,2.455191,11.134637,102.288745,22.554701,2.455191,22.554701,4.973319,-0.000000,-0.000000,108.474124,0.015178,0.101450,0.052045,0.014880,0.100946,0.050993,0.000298,0.000504,0.001052,-0.006678,-0.093460,0.002261,0.093725,0.541871,7.583598,-0.183434,7.583598,106.134035,-2.567200,-0.183434,-2.567200,0.062096,-0.000000,0.000000,106.738002,-0.006678,-0.093460,0.002261,0.093725,0.556524,7.788672,-0.188395,7.788672,109.004090,-2.636622,-0.188395,-2.636622,0.063775,-0.000000,0.000000,109.624389,0.027788,0.087093,0.053196,0.027788,0.087093,0.053196,0.000000,0.000000,0.000000,-0.000000,0.000004,0.000001,0.000004,0.414955,-5.855626,-0.817570,-5.855626,82.631551,11.537121,-0.817570,11.537121,1.610827,-0.000000,0.000000,84.657333,-0.000000,0.000004,0.000001,0.000004,0.414954,-5.855622,-0.817569,-5.855622,82.631504,11.537114,-0.817569,11.537114,1.610826,0.000000,0.000000,84.657284
2.9455,post_ramp,0.518,100.0000,4.158622,-1.290078,-1.431204,-0.021476,-0.118117,1.268602,-1.942020,1.018563,-2.595495,1.492563,-2.440563,1.580000,-2.027923,0.008000,0.074588,0.023981,0.023981,0.023981,0.023981,0.023981,0.023981,-0.000000,0.023981,0.023981,0.023981,0.023981,1.544808,-0.730508,1.182813,0.018610,0.003937,0.000000,-0.003937,-0.005906,0.771310,0.890835,0.890835,0.619286,1.151506,1.151506,0.907478,1.119525,1.119525,0.960640,1.048564,1.048564,-0.007403,0.087623,-0.009549,0.003613,0.061050,-0.009209,-0.011017,0.026573,-0.000340,0.223657,-0.470211,0.588612,0.785866,9.560061,-20.098824,25.159776,-20.098824,42.255244,-52.895258,25.159776,-52.895258,66.214464,-0.000000,0.000000,118.029769,0.223657,-0.470211,0.588612,0.785866,6.901721,-14.510000,18.163667,-14.510000,30.505446,-38.186821,18.163667,-38.186821,47.802392,-0.000000,0.000000,85.209559,-0.016439,0.115898,0.073805,-0.016306,0.114328,0.072132,-0.000133,0.001570,0.001672,-0.012413,-0.135223,-0.095087,0.165773,0.578052,6.296930,4.427896,6.296930,68.594713,48.234652,4.427896,48.234652,33.917798,-0.000000,-0.000000,103.090563,-0.012413,-0.135223,-0.095087,0.165773,0.582002,6.339956,4.458151,6.339956,69.063410,48.564231,4.458151,48.564231,34.149553,-0.000000,0.000000,103.794964,0.001752,0.109221,0.073290,0.001721,0.108778,0.073001,0.000031,0.000443,0.000289,-0.003728,-0.034244,-0.007551,0.035264,1.207646,11.094087,2.446250,11.094087,101.916231,22.472561,2.446250,22.472561,4.955207,-0.000000,0.000000,108.079084,-0.003728,-0.034244,-0.007551,0.035264,1.212061,11.134637,2.455191,11.134637,102.288745,22.554701,2.455191,22.554701,4.973319,-0.000000,-0.000000,108.474124,0.015178,0.101450,0.052045,0.014880,0.100946,0.050993,0.000298,0.000504,0.001052,-0.006678,-0.093460,0.002261,0.093725,0.541871,7.583598,-0.183434,7.583598,106.134035,-2.567200,-0.183434,-2.567200,0.062096,-0.000000,0.000000,106.738002,-0.006678,-0.093460,0.002261,0.093725,0.556524,7.788672,-0.188395,7.788672,109.004090,-2.636622,-0.188395,-2.636622,0.063775,-0.000000,0.000000,109.624389,0.027788,0.087093,0.053196,0.027788,0.087093,0.053196,0.000000,0.000000,0.000000,-0.000000,0.000004,0.000001,0.000004,0.414955,-5.855626,-0.817570,-5.855626,82.631551,11.537121,-0.817570,11.537121,1.610827,-0.000000,0.000000,84.657333,-0.000000,0.000004,0.000001,0.000004,0.414954,-5.855622,-0.817569,-5.855622,82.631504,11.537114,-0.817569,11.537114,1.610826,0.000000,0.000000,84.657284
2.9636,post_ramp,0.518,100.0000,4.157088,-1.293146,-1.431204,-0.021476,-0.118117,1.268602,-1.942020,1.018563,-2.595495,1.492563,-2.440563,1.580000,-2.027923,0.013740,-0.005306,0.023981,0.023981,0.023981,0.023981,0.023981,0.023981,-0.000000,0.023981,0.023981,0.023981,0.023981,1.544238,-0.732246,1.182813,0.018610,0.003937,0.000000,-0.003937,-0.005906,0.771310,0.890835,0.890835,0.619286,1.151506,1.151506,0.907478,1.119525,1.119525,0.960640,1.048564,1.048564,-0.007422,0.087588,-0.009648,0.003613,0.061050,-0.009209,-0.011036,0.026538,-0.000439,0.225350,-0.472394,0.593616,0.791403,9.568895,-20.058957,25.206342,-20.058957,42.048923,-52.839215,25.206342,-52.839215,66.398434,-0.000000,0.000000,118.016252,0.225350,-0.472394,0.593616,0.791403,6.914657,-14.494965,18.214558,-14.494965,30.385312,-38.182572,18.214558,-38.182572,47.980709,0.000000,0.000000,85.280678,-0.016439,0.115898,0.073805,-0.016306,0.114328,0.072132,-0.000133,0.001570,0.001672,-0.012413,-0.135223,-0.095087,0.165773,0.578052,6.296930,4.427896,6.296930,68.594713,48.234652,4.427896,48.234652,33.917798,-0.000000,-0.000000,103.090563,-0.012413,-0.135223,-0.095087,0.165773,0.582002,6.339956,4.458151,6.339956,69.063410,48.564231,4.458151,48.564231,34.149553,-0.000000,0.000000,103.794964,0.001752,0.109221,0.073290,0.001721,0.108778,0.073001,0.000031,0.000443,0.000289,-0.003728,-0.034244,-0.007551,0.035264,1.207646,11.094087,2.446250,11.094087,101.916231,22.472561,2.446250,22.472561,4.955207,-0.000000,0.000000,108.079084,-0.003728,-0.034244,-0.007551,0.035264,1.212061,11.134637,2.455191,11.134637,102.288745,22.554701,2.455191,22.554701,4.973319,-0.000000,-0.000000,108.474124,0.015178,0.101450,0.052045,0.014880,0.100946,0.050993,0.000298,0.000504,0.001052,-0.006678,-0.093460,0.002261,0.093725,0.541871,7.583598,-0.183434,7.583598,106.134035,-2.567200,-0.183434,-2.567200,0.062096,-0.000000,0.000000,106.738002,-0.006678,-0.093460,0.002261,0.093725,0.556524,7.788672,-0.188395,7.788672,109.004090,-2.636622,-0.188395,-2.636622,0.063775,-0.000000,0.000000,109.624389,0.027788,0.087093,0.053196,0.027788,0.087093,0.053196,0.000000,0.000000,0.000000,-0.000000,0.000004,0.000001,0.000004,0.414955,-5.855626,-0.817570,-5.855626,82.631551,11.537121,-0.817570,11.537121,1.610827,-0.000000,0.000000,84.657333,-0.000000,0.000004,0.000001,0.000004,0.414954,-5.855622,-0.817569,-5.855622,82.631504,11.537114,-0.817569,11.537114,1.610826,0.000000,0.000000,84.657284
2.9825,post_ramp,0.518,100.0000,4.158622,-1.293146,-1.431204,-0.021476,-0.118117,1.268602,-1.942020,1.018563,-2.595495,1.492563,-2.440563,1.580000,-2.027923,0.013982,-0.045368,0.023981,0.023981,0.023981,0.023981,0.023981,0.023981,-0.000000,0.023981,0.023981,0.023981,0.023981,1.544808,-0.732246,1.182813,0.018610,0.003937,0.000000,-0.003937,-0.005906,0.771310,0.890835,0.890835,0.619286,1.151506,1.151506,0.907478,1.119525,1.119525,0.960640,1.048564,1.048564,-0.007385,0.087577,-0.009639,0.003613,0.061050,-0.009209,-0.010998,0.026527,-0.000430,0.224380,-0.471215,0.591876,0.789118,9.541697,-20.038303,25.169381,-20.038303,42.081988,-52.857651,25.169381,-52.857651,66.392567,-0.000000,0.000000,118.016252,0.224380,-0.471215,0.591876,0.789118,6.894253,-14.478466,18.185873,-14.478466,30.405901,-38.191743,18.185873,-38.191743,47.971255,-0.000000,0.000000,85.271410,-0.016439,0.115898,0.073805,-0.016306,0.114328,0.072132,-0.000133,0.001570,0.001672,-0.012413,-0.135223,-0.095087,0.165773,0.578052,6.296930,4.427896,6.296930,68.594713,48.234652,4.427896,48.234652,33.917798,-0.000000,-0.000000,103.090563,-0.012413,-0.135223,-0.095087,0.165773,0.582002,6.339956,4.458151,6.339956,69.063410,48.564231,4.458151,48.564231,34.149553,-0.000000,0.000000,103.794964,0.001752,0.109221,0.073290,0.001721,0.108778,0.073001,0.000031,0.000443,0.000289,-0.003728,-0.034244,-0.007551,0.035264,1.207646,11.094087,2.446250,11.094087,101.916231,22.472561,2.446250,22.472561,4.955207,-0.000000,0.000000,108.079084,-0.003728,-0.034244,-0.007551,0.035264,1.212061,11.134637,2.455191,11.134637,102.288745,22.554701,2.455191,22.554701,4.973319,-0.000000,-0.000000,108.474124,0.015178,0.101450,0.052045,0.014880,0.100946,0.050993,0.000298,0.000504,0.001052,-0.006678,-0.093460,0.002261,0.093725,0.541871,7.583598,-0.183434,7.583598,106.134035,-2.567200,-0.183434,-2.567200,0.062096,-0.000000,0.000000,106.738002,-0.006678,-0.093460,0.002261,0.093725,0.556524,7.788672,-0.188395,7.788672,109.004090,-2.636622,-0.188395,-2.636622,0.063775,-0.000000,0.000000,109.624389,0.027788,0.087093,0.053196,0.027788,0.087093,0.053196,0.000000,0.000000,0.000000,-0.000000,0.000004,0.000001,0.000004,0.414955,-5.855626,-0.817570,-5.855626,82.631551,11.537121,-0.817570,11.537121,1.610827,-0.000000,0.000000,84.657333,-0.000000,0.000004,0.000001,0.000004,0.414954,-5.855622,-0.817569,-5.855622,82.631504,11.537114,-0.817569,11.537114,1.610826,0.000000,0.000000,84.657284
3.0007,post_ramp,0.518,100.0000,4.157088,-1.293146,-1.431204,-0.021476,-0.118117,1.268602,-1.942020,1.018563,-2.595495,1.492563,-2.440563,1.580000,-2.027923,0.010420,-0.043443,0.023981,0.023981,0.023981,0.023981,0.023981,0.023981,-0.000000,0.023981,0.023981,0.023981,0.023981,1.544238,-0.732246,1.182813,0.018610,0.003937,0.000000,-0.003937,-0.005906,0.771310,0.890835,0.890835,0.619286,1.151506,1.151506,0.907478,1.119525,1.119525,0.960640,1.048564,1.048564,-0.007422,0.087588,-0.009648,0.003613,0.061050,-0.009209,-0.011036,0.026538,-0.000439,0.225350,-0.472394,0.593616,0.791403,9.568895,-20.058957,25.206342,-20.058957,42.048923,-52.839215,25.206342,-52.839215,66.398434,-0.000000,0.000000,118.016252,0.225350,-0.472394,0.593616,0.791403,6.914657,-14.494965,18.214558,-14.494965,30.385312,-38.182572,18.214558,-38.182572,47.980709,0.000000,0.000000,85.280678,-0.016439,0.115898,0.073805,-0.016306,0.114328,0.072132,-0.000133,0.001570,0.001672,-0.012413,-0.135223,-0.095087,0.165773,0.578052,6.296930,4.427896,6.296930,68.594713,48.234652,4.427896,48.234652,33.917798,-0.000000,-0.000000,103.090563,-0.012413,-0.135223,-0.095087,0.165773,0.582002,6.339956,4.458151,6.339956,69.063410,48.564231,4.458151,48.564231,34.149553,-0.000000,0.000000,103.794964,0.001752,0.109221,0.073290,0.001721,0.108778,0.073001,0.000031,0.000443,0.000289,-0.003728,-0.034244,-0.007551,0.035264,1.207646,11.094087,2.446250,11.094087,101.916231,22.472561,2.446250,22.472561,4.955207,-0.000000,0.000000,108.079084,-0.003728,-0.034244,-0.007551,0.035264,1.212061,11.134637,2.455191,11.134637,102.288745,22.554701,2.455191,22.554701,4.973319,-0.000000,-0.000000,108.474124,0.015178,0.101450,0.052045,0.014880,0.100946,0.050993,0.000298,0.000504,0.001052,-0.006678,-0.093460,0.002261,0.093725,0.541871,7.583598,-0.183434,7.583598,106.134035,-2.567200,-0.183434,-2.567200,0.062096,-0.000000,0.000000,106.738002,-0.006678,-0.093460,0.002261,0.093725,0.556524,7.788672,-0.188395,7.788672,109.004090,-2.636622,-0.188395,-2.636622,0.063775,-0.000000,0.000000,109.624389,0.027788,0.087093,0.053196,0.027788,0.087093,0.053196,0.000000,0.000000,0.000000,-0.000000,0.000004,0.000001,0.000004,0.414955,-5.855626,-0.817570,-5.855626,82.631551,11.537121,-0.817570,11.537121,1.610827,-0.000000,0.000000,84.657333,-0.000000,0.000004,0.000001,0.000004,0.414954,-5.855622,-0.817569,-5.855622,82.631504,11.537114,-0.817569,11.537114,1.610826,0.000000,0.000000,84.657284
3.0188,post_ramp,0.518,100.0000,4.157088,-1.293146,-1.431204,-0.021476,-0.118117,1.268602,-1.942020,1.018563,-2.595495,1.492563,-2.440563,1.580000,-2.027923,0.008006,-0.016222,0.023981,0.023981,0.023981,0.023981,0.023981,0.023981,-0.000000,0.023981,0.023981,0.023981,0.023981,1.544238,-0.732246,1.182813,0.018610,0.003937,0.000000,-0.003937,-0.005906,0.771310,0.890835,0.890835,0.619286,1.151506,1.151506,0.907478,1.119525,1.119525,0.960640,1.048564,1.048564,-0.007422,0.087588,-0.009648,0.003613,0.061050,-0.009209,-0.011036,0.026538,-0.000439,0.225350,-0.472394,0.593616,0.791403,9.568895,-20.058957,25.206342,-20.058957,42.048923,-52.839215,25.206342,-52.839215,66.398434,-0.000000,0.000000,118.016252,0.225350,-0.472394,0.593616,0.791403,6.914657,-14.494965,18.214558,-14.494965,30.385312,-38.182572,18.214558,-38.182572,47.980709,0.000000,0.000000,85.280678,-0.016439,0.115898,0.073805,-0.016306,0.114328,0.072132,-0.000133,0.001570,0.001672,-0.012413,-0.135223,-0.095087,0.165773,0.578052,6.296930,4.427896,6.296930,68.594713,48.234652,4.427896,48.234652,33.917798,-0.000000,-0.000000,103.090563,-0.012413,-0.135223,-0.095087,0.165773,0.582002,6.339956,4.458151,6.339956,69.063410,48.564231,4.458151,48.564231,34.149553,-0.000000,0.000000,103.794964,0.001752,0.109221,0.073290,0.001721,0.108778,0.073001,0.000031,0.000443,0.000289,-0.003728,-0.034244,-0.007551,0.035264,1.207646,11.094087,2.446250,11.094087,101.916231,22.472561,2.446250,22.472561,4.955207,-0.000000,0.000000,108.079084,-0.003728,-0.034244,-0.007551,0.035264,1.212061,11.134637,2.455191,11.134637,102.288745,22.554701,2.455191,22.554701,4.973319,-0.000000,-0.000000,108.474124,0.015178,0.101450,0.052045,0.014880,0.100946,0.050993,0.000298,0.000504,0.001052,-0.006678,-0.093460,0.002261,0.093725,0.541871,7.583598,-0.183434,7.583598,106.134035,-2.567200,-0.183434,-2.567200,0.062096,-0.000000,0.000000,106.738002,-0.006678,-0.093460,0.002261,0.093725,0.556524,7.788672,-0.188395,7.788672,109.004090,-2.636622,-0.188395,-2.636622,0.063775,-0.000000,0.000000,109.624389,0.027788,0.087093,0.053196,0.027788,0.087093,0.053196,0.000000,0.000000,0.000000,-0.000000,0.000004,0.000001,0.000004,0.414955,-5.855626,-0.817570,-5.855626,82.631551,11.537121,-0.817570,11.537121,1.610827,-0.000000,0.000000,84.657333,-0.000000,0.000004,0.000001,0.000004,0.414954,-5.855622,-0.817569,-5.855622,82.631504,11.537114,-0.817569,11.537114,1.610826,0.000000,0.000000,84.657284
3.0400,post_ramp,0.518,100.0000,4.157088,-1.293146,-1.431204,-0.021476,-0.118117,1.268602,-1.942020,1.018563,-2.595495,1.492563,-2.440563,1.580000,-2.027923,0.006994,0.004752,0.023981,0.023981,0.023981,0.023981,0.023981,0.023981,-0.000000,0.023981,0.023981,0.023981,0.023981,1.544238,-0.732246,1.182813,0.018610,0.003937,0.000000,-0.003937,-0.005906,0.771310,0.890835,0.890835,0.619286,1.151506,1.151506,0.907478,1.119525,1.119525,0.960640,1.048564,1.048564,-0.007422,0.087588,-0.009648,0.003613,0.061050,-0.009209,-0.011036,0.026538,-0.000439,0.225350,-0.472394,0.593616,0.791403,9.568895,-20.058957,25.206342,-20.058957,42.048923,-52.839215,25.206342,-52.839215,66.398434,-0.000000,0.000000,118.016252,0.225350,-0.472394,0.593616,0.791403,6.914657,-14.494965,18.214558,-14.494965,30.385312,-38.182572,18.214558,-38.182572,47.980709,0.000000,0.000000,85.280678,-0.016439,0.115898,0.073805,-0.016306,0.114328,0.072132,-0.000133,0.001570,0.001672,-0.012413,-0.135223,-0.095087,0.165773,0.578052,6.296930,4.427896,6.296930,68.594713,48.234652,4.427896,48.234652,33.917798,-0.000000,-0.000000,103.090563,-0.012413,-0.135223,-0.095087,0.165773,0.582002,6.339956,4.458151,6.339956,69.063410,48.564231,4.458151,48.564231,34.149553,-0.000000,0.000000,103.794964,0.001752,0.109221,0.073290,0.001721,0.108778,0.073001,0.000031,0.000443,0.000289,-0.003728,-0.034244,-0.007551,0.035264,1.207646,11.094087,2.446250,11.094087,101.916231,22.472561,2.446250,22.472561,4.955207,-0.000000,0.000000,108.079084,-0.003728,-0.034244,-0.007551,0.035264,1.212061,11.134637,2.455191,11.134637,102.288745,22.554701,2.455191,22.554701,4.973319,-0.000000,-0.000000,108.474124,0.015178,0.101450,0.052045,0.014880,0.100946,0.050993,0.000298,0.000504,0.001052,-0.006678,-0.093460,0.002261,0.093725,0.541871,7.583598,-0.183434,7.583598,106.134035,-2.567200,-0.183434,-2.567200,0.062096,-0.000000,0.000000,106.738002,-0.006678,-0.093460,0.002261,0.093725,0.556524,7.788672,-0.188395,7.788672,109.004090,-2.636622,-0.188395,-2.636622,0.063775,-0.000000,0.000000,109.624389,0.027788,0.087093,0.053196,0.027788,0.087093,0.053196,0.000000,0.000000,0.000000,-0.000000,0.000004,0.000001,0.000004,0.414955,-5.855626,-0.817570,-5.855626,82.631551,11.537121,-0.817570,11.537121,1.610827,-0.000000,0.000000,84.657333,-0.000000,0.000004,0.000001,0.000004,0.414954,-5.855622,-0.817569,-5.855622,82.631504,11.537114,-0.817569,11.537114,1.610826,0.000000,0.000000,84.657284
3.0576,post_ramp,0.518,100.0000,4.158622,-1.293146,-1.431204,-0.021476,-0.118117,1.268602,-1.942020,1.018563,-2.595495,1.492563,-2.440563,1.580000,-2.027923,0.011964,0.013762,0.023981,0.023981,0.023981,0.023981,0.023981,0.023981,-0.000000,0.023981,0.023981,0.023981,0.023981,1.544808,-0.732246,1.182813,0.018610,0.003937,0.000000,-0.003937,-0.005906,0.771310,0.890835,0.890835,0.619286,1.151506,1.151506,0.907478,1.119525,1.119525,0.960640,1.048564,1.048564,-0.007385,0.087577,-0.009639,0.003613,0.061050,-0.009209,-0.010998,0.026527,-0.000430,0.224380,-0.471215,0.591876,0.789118,9.541697,-20.038303,25.169381,-20.038303,42.081988,-52.857651,25.169381,-52.857651,66.392567,-0.000000,0.000000,118.016252,0.224380,-0.471215,0.591876,0.789118,6.894253,-14.478466,18.185873,-14.478466,30.405901,-38.191743,18.185873,-38.191743,47.971255,-0.000000,0.000000,85.271410,-0.016439,0.115898,0.073805,-0.016306,0.114328,0.072132,-0.000133,0.001570,0.001672,-0.012413,-0.135223,-0.095087,0.165773,0.578052,6.296930,4.427896,6.296930,68.594713,48.234652,4.427896,48.234652,33.917798,-0.000000,-0.000000,103.090563,-0.012413,-0.135223,-0.095087,0.165773,0.582002,6.339956,4.458151,6.339956,69.063410,48.564231,4.458151,48.564231,34.149553,-0.000000,0.000000,103.794964,0.001752,0.109221,0.073290,0.001721,0.108778,0.073001,0.000031,0.000443,0.000289,-0.003728,-0.034244,-0.007551,0.035264,1.207646,11.094087,2.446250,11.094087,101.916231,22.472561,2.446250,22.472561,4.955207,-0.000000,0.000000,108.079084,-0.003728,-0.034244,-0.007551,0.035264,1.212061,11.134637,2.455191,11.134637,102.288745,22.554701,2.455191,22.554701,4.973319,-0.000000,-0.000000,108.474124,0.015178,0.101450,0.052045,0.014880,0.100946,0.050993,0.000298,0.000504,0.001052,-0.006678,-0.093460,0.002261,0.093725,0.541871,7.583598,-0.183434,7.583598,106.134035,-2.567200,-0.183434,-2.567200,0.062096,-0.000000,0.000000,106.738002,-0.006678,-0.093460,0.002261,0.093725,0.556524,7.788672,-0.188395,7.788672,109.004090,-2.636622,-0.188395,-2.636622,0.063775,-0.000000,0.000000,109.624389,0.027788,0.087093,0.053196,0.027788,0.087093,0.053196,0.000000,0.000000,0.000000,-0.000000,0.000004,0.000001,0.000004,0.414955,-5.855626,-0.817570,-5.855626,82.631551,11.537121,-0.817570,11.537121,1.610827,-0.000000,0.000000,84.657333,-0.000000,0.000004,0.000001,0.000004,0.414954,-5.855622,-0.817569,-5.855622,82.631504,11.537114,-0.817569,11.537114,1.610826,0.000000,0.000000,84.657284
3.0757,post_ramp,0.518,100.0000,4.158622,-1.291612,-1.431204,-0.021476,-0.118117,1.268602,-1.942020,1.018563,-2.595495,1.492563,-2.440563,1.580000,-2.027923,0.021935,0.023106,0.023981,0.023981,0.023981,0.023981,0.023981,0.023981,-0.000000,0.023981,0.023981,0.023981,0.023981,1.544808,-0.731377,1.182813,0.018610,0.003937,0.000000,-0.003937,-0.005906,0.771310,0.890835,0.890835,0.619286,1.151506,1.151506,0.907478,1.119525,1.119525,0.960640,1.048564,1.048564,-0.007394,0.087600,-0.009594,0.003613,0.061050,-0.009209,-0.011007,0.026550,-0.000385,0.224018,-0.470714,0.590243,0.787491,9.550874,-20.068557,25.164592,-20.068557,42.168601,-52.876528,25.164592,-52.876528,66.303532,-0.000000,0.000000,118.023007,0.224018,-0.470714,0.590243,0.787491,6.897985,-14.494235,18.174775,-14.494235,30.455684,-38.189334,18.174775,-38.189334,47.886801,0.000000,0.000000,85.240470,-0.016439,0.115898,0.073805,-0.016306,0.114328,0.072132,-0.000133,0.001570,0.001672,-0.012413,-0.135223,-0.095087,0.165773,0.578052,6.296930,4.427896,6.296930,68.594713,48.234652,4.427896,48.234652,33.917798,-0.000000,-0.000000,103.090563,-0.012413,-0.135223,-0.095087,0.165773,0.582002,6.339956,4.458151,6.339956,69.063410,48.564231,4.458151,48.564231,34.149553,-0.000000,0.000000,103.794964,0.001752,0.109221,0.073290,0.001721,0.108778,0.073001,0.000031,0.000443,0.000289,-0.003728,-0.034244,-0.007551,0.035264,1.207646,11.094087,2.446250,11.094087,101.916231,22.472561,2.446250,22.472561,4.955207,-0.000000,0.000000,108.079084,-0.003728,-0.034244,-0.007551,0.035264,1.212061,11.134637,2.455191,11.134637,102.288745,22.554701,2.455191,22.554701,4.973319,-0.000000,-0.000000,108.474124,0.015178,0.101450,0.052045,0.014880,0.100946,0.050993,0.000298,0.000504,0.001052,-0.006678,-0.093460,0.002261,0.093725,0.541871,7.583598,-0.183434,7.583598,106.134035,-2.567200,-0.183434,-2.567200,0.062096,-0.000000,0.000000,106.738002,-0.006678,-0.093460,0.002261,0.093725,0.556524,7.788672,-0.188395,7.788672,109.004090,-2.636622,-0.188395,-2.636622,0.063775,-0.000000,0.000000,109.624389,0.027788,0.087093,0.053196,0.027788,0.087093,0.053196,0.000000,0.000000,0.000000,-0.000000,0.000004,0.000001,0.000004,0.414955,-5.855626,-0.817570,-5.855626,82.631551,11.537121,-0.817570,11.537121,1.610827,-0.000000,0.000000,84.657333,-0.000000,0.000004,0.000001,0.000004,0.414954,-5.855622,-0.817569,-5.855622,82.631504,11.537114,-0.817569,11.537114,1.610826,0.000000,0.000000,84.657284
3.0939,post_ramp,0.518,100.0000,4.158622,-1.288544,-1.431204,-0.021476,-0.118117,1.268602,-1.942020,1.018563,-2.595495,1.492563,-2.440563,1.580000,-2.027923,0.024310,0.058792,0.023981,0.023981,0.023981,0.023981,0.023981,0.023981,-0.000000,0.023981,0.023981,0.023981,0.023981,1.544808,-0.729640,1.182813,0.018610,0.003937,0.000000,-0.003937,-0.005906,0.771310,0.890835,0.890835,0.619286,1.151506,1.151506,0.907478,1.119525,1.119525,0.960640,1.048564,1.048564,-0.007413,0.087645,-0.009505,0.003613,0.061050,-0.009209,-0.011026,0.026595,-0.000296,0.223296,-0.469707,0.586983,0.784241,9.569258,-20.129101,25.154933,-20.129101,42.341918,-52.913842,25.154933,-52.913842,66.125364,-0.000000,0.000000,118.036539,0.223296,-0.469707,0.586983,0.784241,6.905461,-14.525758,18.152548,-14.525758,30.555188,-38.184203,18.152548,-38.184203,47.718030,-0.000000,0.000000,85.178679,-0.016439,0.115898,0.073805,-0.016306,0.114328,0.072132,-0.000133,0.001570,0.001672,-0.012413,-0.135223,-0.095087,0.165773,0.578052,6.296930,4.427896,6.296930,68.594713,48.234652,4.427896,48.234652,33.917798,-0.000000,-0.000000,103.090563,-0.012413,-0.135223,-0.095087,0.165773,0.582002,6.339956,4.458151,6.339956,69.063410,48.564231,4.458151,48.564231,34.149553,-0.000000,0.000000,103.794964,0.001752,0.109221,0.073290,0.001721,0.108778,0.073001,0.000031,0.000443,0.000289,-0.003728,-0.034244,-0.007551,0.035264,1.207646,11.094087,2.446250,11.094087,101.916231,22.472561,2.446250,22.472561,4.955207,-0.000000,0.000000,108.079084,-0.003728,-0.034244,-0.007551,0.035264,1.212061,11.134637,2.455191,11.134637,102.288745,22.554701,2.455191,22.554701,4.973319,-0.000000,-0.000000,108.474124,0.015178,0.101450,0.052045,0.014880,0.100946,0.050993,0.000298,0.000504,0.001052,-0.006678,-0.093460,0.002261,0.093725,0.541871,7.583598,-0.183434,7.583598,106.134035,-2.567200,-0.183434,-2.567200,0.062096,-0.000000,0.000000,106.738002,-0.006678,-0.093460,0.002261,0.093725,0.556524,7.788672,-0.188395,7.788672,109.004090,-2.636622,-0.188395,-2.636622,0.063775,-0.000000,0.000000,109.624389,0.027788,0.087093,0.053196,0.027788,0.087093,0.053196,0.000000,0.000000,0.000000,-0.000000,0.000004,0.000001,0.000004,0.414955,-5.855626,-0.817570,-5.855626,82.631551,11.537121,-0.817570,11.537121,1.610827,-0.000000,0.000000,84.657333,-0.000000,0.000004,0.000001,0.000004,0.414954,-5.855622,-0.817569,-5.855622,82.631504,11.537114,-0.817569,11.537114,1.610826,0.000000,0.000000,84.657284
3.1121,post_ramp,0.518,100.0000,4.157088,-1.288544,-1.431204,-0.021476,-0.118117,1.268602,-1.942020,1.018563,-2.595495,1.492563,-2.440563,1.580000,-2.027923,0.010521,0.088018,0.023981,0.023981,0.023981,0.023981,0.023981,0.023981,-0.000000,0.023981,0.023981,0.023981,0.023981,1.544238,-0.729640,1.182813,0.018610,0.003937,0.000000,-0.003937,-0.005906,0.771310,0.890835,0.890835,0.619286,1.151506,1.151506,0.907478,1.119525,1.119525,0.960640,1.048564,1.048564,-0.007450,0.087656,-0.009514,0.003613,0.061050,-0.009209,-0.011063,0.026606,-0.000305,0.224267,-0.470893,0.588723,0.786531,9.596553,-20.149890,25.191904,-20.149890,42.308740,-52.895460,25.191904,-52.895460,66.131246,-0.000000,0.000000,118.036539,0.224267,-0.470893,0.588723,0.786531,6.925920,-14.542359,18.181225,-14.542359,30.534601,-38.175133,18.181225,-38.175133,47.727520,-0.000000,0.000000,85.188041,-0.016439,0.115898,0.073805,-0.016306,0.114328,0.072132,-0.000133,0.001570,0.001672,-0.012413,-0.135223,-0.095087,0.165773,0.578052,6.296930,4.427896,6.296930,68.594713,48.234652,4.427896,48.234652,33.917798,-0.000000,-0.000000,103.090563,-0.012413,-0.135223,-0.095087,0.165773,0.582002,6.339956,4.458151,6.339956,69.063410,48.564231,4.458151,48.564231,34.149553,-0.000000,0.000000,103.794964,0.001752,0.109221,0.073290,0.001721,0.108778,0.073001,0.000031,0.000443,0.000289,-0.003728,-0.034244,-0.007551,0.035264,1.207646,11.094087,2.446250,11.094087,101.916231,22.472561,2.446250,22.472561,4.955207,-0.000000,0.000000,108.079084,-0.003728,-0.034244,-0.007551,0.035264,1.212061,11.134637,2.455191,11.134637,102.288745,22.554701,2.455191,22.554701,4.973319,-0.000000,-0.000000,108.474124,0.015178,0.101450,0.052045,0.014880,0.100946,0.050993,0.000298,0.000504,0.001052,-0.006678,-0.093460,0.002261,0.093725,0.541871,7.583598,-0.183434,7.583598,106.134035,-2.567200,-0.183434,-2.567200,0.062096,-0.000000,0.000000,106.738002,-0.006678,-0.093460,0.002261,0.093725,0.556524,7.788672,-0.188395,7.788672,109.004090,-2.636622,-0.188395,-2.636622,0.063775,-0.000000,0.000000,109.624389,0.027788,0.087093,0.053196,0.027788,0.087093,0.053196,0.000000,0.000000,0.000000,-0.000000,0.000004,0.000001,0.000004,0.414955,-5.855626,-0.817570,-5.855626,82.631551,11.537121,-0.817570,11.537121,1.610827,-0.000000,0.000000,84.657333,-0.000000,0.000004,0.000001,0.000004,0.414954,-5.855622,-0.817569,-5.855622,82.631504,11.537114,-0.817569,11.537114,1.610826,0.000000,0.000000,84.657284
3.1303,post_ramp,0.518,100.0000,4.158622,-1.290078,-1.431204,-0.021476,-0.118117,1.268602,-1.942020,1.018563,-2.595495,1.492563,-2.440563,1.580000,-2.027923,0.009738,0.062932,0.023981,0.023981,0.023981,0.023981,0.023981,0.023981,-0.000000,0.023981,0.023981,0.023981,0.023981,1.544808,-0.730508,1.182813,0.018610,0.003937,0.000000,-0.003937,-0.005906,0.771310,0.890835,0.890835,0.619286,1.151506,1.151506,0.907478,1.119525,1.119525,0.960640,1.048564,1.048564,-0.007403,0.087623,-0.009549,0.003613,0.061050,-0.009209,-0.011017,0.026573,-0.000340,0.223657,-0.470211,0.588612,0.785866,9.560061,-20.098824,25.159776,-20.098824,42.255244,-52.895258,25.159776,-52.895258,66.214464,-0.000000,0.000000,118.029769,0.223657,-0.470211,0.588612,0.785866,6.901721,-14.510000,18.163667,-14.510000,30.505446,-38.186821,18.163667,-38.186821,47.802392,-0.000000,0.000000,85.209559,-0.016439,0.115898,0.073805,-0.016306,0.114328,0.072132,-0.000133,0.001570,0.001672,-0.012413,-0.135223,-0.095087,0.165773,0.578052,6.296930,4.427896,6.296930,68.594713,48.234652,4.427896,48.234652,33.917798,-0.000000,-0.000000,103.090563,-0.012413,-0.135223,-0.095087,0.165773,0.582002,6.339956,4.458151,6.339956,69.063410,48.564231,4.458151,48.564231,34.149553,-0.000000,0.000000,103.794964,0.001752,0.109221,0.073290,0.001721,0.108778,0.073001,0.000031,0.000443,0.000289,-0.003728,-0.034244,-0.007551,0.035264,1.207646,11.094087,2.446250,11.094087,101.916231,22.472561,2.446250,22.472561,4.955207,-0.000000,0.000000,108.079084,-0.003728,-0.034244,-0.007551,0.035264,1.212061,11.134637,2.455191,11.134637,102.288745,22.554701,2.455191,22.554701,4.973319,-0.000000,-0.000000,108.474124,0.015178,0.101450,0.052045,0.014880,0.100946,0.050993,0.000298,0.000504,0.001052,-0.006678,-0.093460,0.002261,0.093725,0.541871,7.583598,-0.183434,7.583598,106.134035,-2.567200,-0.183434,-2.567200,0.062096,-0.000000,0.000000,106.738002,-0.006678,-0.093460,0.002261,0.093725,0.556524,7.788672,-0.188395,7.788672,109.004090,-2.636622,-0.188395,-2.636622,0.063775,-0.000000,0.000000,109.624389,0.027788,0.087093,0.053196,0.027788,0.087093,0.053196,0.000000,0.000000,0.000000,-0.000000,0.000004,0.000001,0.000004,0.414955,-5.855626,-0.817570,-5.855626,82.631551,11.537121,-0.817570,11.537121,1.610827,-0.000000,0.000000,84.657333,-0.000000,0.000004,0.000001,0.000004,0.414954,-5.855622,-0.817569,-5.855622,82.631504,11.537114,-0.817569,11.537114,1.610826,0.000000,0.000000,84.657284
3.1485,post_ramp,0.518,100.0000,4.157088,-1.290078,-1.431204,-0.021476,-0.118117,1.268602,-1.942020,1.018563,-2.595495,1.492563,-2.440563,1.580000,-2.027923,0.016821,0.022208,0.023981,0.023981,0.023981,0.023981,0.023981,0.023981,-0.000000,0.023981,0.023981,0.023981,0.023981,1.544238,-0.730508,1.182813,0.018610,0.003937,0.000000,-0.003937,-0.005906,0.771310,0.890835,0.890835,0.619286,1.151506,1.151506,0.907478,1.119525,1.119525,0.960640,1.048564,1.048564,-0.007441,0.087634,-0.009558,0.003613,0.061050,-0.009209,-0.011054,0.026584,-0.000349,0.224628,-0.471395,0.590351,0.788153,9.587324,-20.119567,25.196743,-20.119567,42.222104,-52.876858,25.196743,-52.876858,66.220341,-0.000000,0.000000,118.029769,0.224628,-0.471395,0.590351,0.788153,6.922161,-14.526566,18.192347,-14.526566,30.484859,-38.177717,18.192347,-38.177717,47.811870,-0.000000,0.000000,85.218890,-0.016439,0.115898,0.073805,-0.016306,0.114328,0.072132,-0.000133,0.001570,0.001672,-0.012413,-0.135223,-0.095087,0.165773,0.578052,6.296930,4.427896,6.296930,68.594713,48.234652,4.427896,48.234652,33.917798,-0.000000,-0.000000,103.090563,-0.012413,-0.135223,-0.095087,0.165773,0.582002,6.339956,4.458151,6.339956,69.063410,48.564231,4.458151,48.564231,34.149553,-0.000000,0.000000,103.794964,0.001752,0.109221,0.073290,0.001721,0.108778,0.073001,0.000031,0.000443,0.000289,-0.003728,-0.034244,-0.007551,0.035264,1.207646,11.094087,2.446250,11.094087,101.916231,22.472561,2.446250,22.472561,4.955207,-0.000000,0.000000,108.079084,-0.003728,-0.034244,-0.007551,0.035264,1.212061,11.134637,2.455191,11.134637,102.288745,22.554701,2.455191,22.554701,4.973319,-0.000000,-0.000000,108.474124,0.015178,0.101450,0.052045,0.014880,0.100946,0.050993,0.000298,0.000504,0.001052,-0.006678,-0.093460,0.002261,0.093725,0.541871,7.583598,-0.183434,7.583598,106.134035,-2.567200,-0.183434,-2.567200,0.062096,-0.000000,0.000000,106.738002,-0.006678,-0.093460,0.002261,0.093725,0.556524,7.788672,-0.188395,7.788672,109.004090,-2.636622,-0.188395,-2.636622,0.063775,-0.000000,0.000000,109.624389,0.027788,0.087093,0.053196,0.027788,0.087093,0.053196,0.000000,0.000000,0.000000,-0.000000,0.000004,0.000001,0.000004,0.414955,-5.855626,-0.817570,-5.855626,82.631551,11.537121,-0.817570,11.537121,1.610827,-0.000000,0.000000,84.657333,-0.000000,0.000004,0.000001,0.000004,0.414954,-5.855622,-0.817569,-5.855622,82.631504,11.537114,-0.817569,11.537114,1.610826,0.000000,0.000000,84.657284
3.1667,post_ramp,0.518,100.0000,4.158622,-1.291612,-1.431204,-0.021476,-0.118117,1.268602,-1.942020,1.018563,-2.595495,1.492563,-2.440563,1.580000,-2.027923,0.013677,-0.010671,0.023981,0.023981,0.023981,0.023981,0.023981,0.023981,-0.000000,0.023981,0.023981,0.023981,0.023981,1.544808,-0.731377,1.182813,0.018610,0.003937,0.000000,-0.003937,-0.005906,0.771310,0.890835,0.890835,0.619286,1.151506,1.151506,0.907478,1.119525,1.119525,0.960640,1.048564,1.048564,-0.007394,0.087600,-0.009594,0.003613,0.061050,-0.009209,-0.011007,0.026550,-0.000385,0.224018,-0.470714,0.590243,0.787491,9.550874,-20.068557,25.164592,-20.068557,42.168601,-52.876528,25.164592,-52.876528,66.303532,-0.000000,0.000000,118.023007,0.224018,-0.470714,0.590243,0.787491,6.897985,-14.494235,18.174775,-14.494235,30.455684,-38.189334,18.174775,-38.189334,47.886801,0.000000,0.000000,85.240470,-0.016439,0.115898,0.073805,-0.016306,0.114328,0.072132,-0.000133,0.001570,0.001672,-0.012413,-0.135223,-0.095087,0.165773,0.578052,6.296930,4.427896,6.296930,68.594713,48.234652,4.427896,48.234652,33.917798,-0.000000,-0.000000,103.090563,-0.012413,-0.135223,-0.095087,0.165773,0.582002,6.339956,4.458151,6.339956,69.063410,48.564231,4.458151,48.564231,34.149553,-0.000000,0.000000,103.794964,0.001752,0.109221,0.073290,0.001721,0.108778,0.073001,0.000031,0.000443,0.000289,-0.003728,-0.034244,-0.007551,0.035264,1.207646,11.094087,2.446250,11.094087,101.916231,22.472561,2.446250,22.472561,4.955207,-0.000000,0.000000,108.079084,-0.003728,-0.034244,-0.007551,0.035264,1.212061,11.134637,2.455191,11.134637,102.288745,22.554701,2.455191,22.554701,4.973319,-0.000000,-0.000000,108.474124,0.015178,0.101450,0.052045,0.014880,0.100946,0.050993,0.000298,0.000504,0.001052,-0.006678,-0.093460,0.002261,0.093725,0.541871,7.583598,-0.183434,7.583598,106.134035,-2.567200,-0.183434,-2.567200,0.062096,-0.000000,0.000000,106.738002,-0.006678,-0.093460,0.002261,0.093725,0.556524,7.788672,-0.188395,7.788672,109.004090,-2.636622,-0.188395,-2.636622,0.063775,-0.000000,0.000000,109.624389,0.027788,0.087093,0.053196,0.027788,0.087093,0.053196,0.000000,0.000000,0.000000,-0.000000,0.000004,0.000001,0.000004,0.414955,-5.855626,-0.817570,-5.855626,82.631551,11.537121,-0.817570,11.537121,1.610827,-0.000000,0.000000,84.657333,-0.000000,0.000004,0.000001,0.000004,0.414954,-5.855622,-0.817569,-5.855622,82.631504,11.537114,-0.817569,11.537114,1.610826,0.000000,0.000000,84.657284
3.1848,post_ramp,0.518,100.0000,4.157088,-1.291612,-1.431204,-0.021476,-0.118117,1.268602,-1.942020,1.018563,-2.595495,1.492563,-2.440563,1.580000,-2.027923,0.007269,-0.025746,0.023981,0.023981,0.023981,0.023981,0.023981,0.023981,-0.000000,0.023981,0.023981,0.023981,0.023981,1.544238,-0.731377,1.182813,0.018610,0.003937,0.000000,-0.003937,-0.005906,0.771310,0.890835,0.890835,0.619286,1.151506,1.151506,0.907478,1.119525,1.119525,0.960640,1.048564,1.048564,-0.007432,0.087611,-0.009603,0.003613,0.061050,-0.009209,-0.011045,0.026561,-0.000394,0.224989,-0.471895,0.591982,0.789777,9.578105,-20.089256,25.201556,-20.089256,42.135498,-52.858110,25.201556,-52.858110,66.309404,-0.000000,0.000000,118.023007,0.224989,-0.471895,0.591982,0.789777,6.918407,-14.510768,18.203458,-14.510768,30.435095,-38.180197,18.203458,-38.180197,47.896266,-0.000000,0.000000,85.249769,-0.016439,0.115898,0.073805,-0.016306,0.114328,0.072132,-0.000133,0.001570,0.001672,-0.012413,-0.135223,-0.095087,0.165773,0.578052,6.296930,4.427896,6.296930,68.594713,48.234652,4.427896,48.234652,33.917798,-0.000000,-0.000000,103.090563,-0.012413,-0.135223,-0.095087,0.165773,0.582002,6.339956,4.458151,6.339956,69.063410,48.564231,4.458151,48.564231,34.149553,-0.000000,0.000000,103.794964,0.001752,0.109221,0.073290,0.001721,0.108778,0.073001,0.000031,0.000443,0.000289,-0.003728,-0.034244,-0.007551,0.035264,1.207646,11.094087,2.446250,11.094087,101.916231,22.472561,2.446250,22.472561,4.955207,-0.000000,0.000000,108.079084,-0.003728,-0.034244,-0.007551,0.035264,1.212061,11.134637,2.455191,11.134637,102.288745,22.554701,2.455191,22.554701,4.973319,-0.000000,-0.000000,108.474124,0.015178,0.101450,0.052045,0.014880,0.100946,0.050993,0.000298,0.000504,0.001052,-0.006678,-0.093460,0.002261,0.093725,0.541871,7.583598,-0.183434,7.583598,106.134035,-2.567200,-0.183434,-2.567200,0.062096,-0.000000,0.000000,106.738002,-0.006678,-0.093460,0.002261,0.093725,0.556524,7.788672,-0.188395,7.788672,109.004090,-2.636622,-0.188395,-2.636622,0.063775,-0.000000,0.000000,109.624389,0.027788,0.087093,0.053196,0.027788,0.087093,0.053196,0.000000,0.000000,0.000000,-0.000000,0.000004,0.000001,0.000004,0.414955,-5.855626,-0.817570,-5.855626,82.631551,11.537121,-0.817570,11.537121,1.610827,-0.000000,0.000000,84.657333,-0.000000,0.000004,0.000001,0.000004,0.414954,-5.855622,-0.817569,-5.855622,82.631504,11.537114,-0.817569,11.537114,1.610826,0.000000,0.000000,84.657284
3.2062,post_ramp,0.518,100.0000,4.158622,-1.291612,-1.431204,-0.021476,-0.118117,1.268602,-1.942020,1.018563,-2.595495,1.492563,-2.440563,1.580000,-2.027923,0.009606,-0.012314,0.023981,0.023981,0.023981,0.023981,0.023981,0.023981,-0.000000,0.023981,0.023981,0.023981,0.023981,1.544808,-0.731377,1.182813,0.018610,0.003937,0.000000,-0.003937,-0.005906,0.771310,0.890835,0.890835,0.619286,1.151506,1.151506,0.907478,1.119525,1.119525,0.960640,1.048564,1.048564,-0.007394,0.087600,-0.009594,0.003613,0.061050,-0.009209,-0.011007,0.026550,-0.000385,0.224018,-0.470714,0.590243,0.787491,9.550874,-20.068557,25.164592,-20.068557,42.168601,-52.876528,25.164592,-52.876528,66.303532,-0.000000,0.000000,118.023007,0.224018,-0.470714,0.590243,0.787491,6.897985,-14.494235,18.174775,-14.494235,30.455684,-38.189334,18.174775,-38.189334,47.886801,0.000000,0.000000,85.240470,-0.016439,0.115898,0.073805,-0.016306,0.114328,0.072132,-0.000133,0.001570,0.001672,-0.012413,-0.135223,-0.095087,0.165773,0.578052,6.296930,4.427896,6.296930,68.594713,48.234652,4.427896,48.234652,33.917798,-0.000000,-0.000000,103.090563,-0.012413,-0.135223,-0.095087,0.165773,0.582002,6.339956,4.458151,6.339956,69.063410,48.564231,4.458151,48.564231,34.149553,-0.000000,0.000000,103.794964,0.001752,0.109221,0.073290,0.001721,0.108778,0.073001,0.000031,0.000443,0.000289,-0.003728,-0.034244,-0.007551,0.035264,1.207646,11.094087,2.446250,11.094087,101.916231,22.472561,2.446250,22.472561,4.955207,-0.000000,0.000000,108.079084,-0.003728,-0.034244,-0.007551,0.035264,1.212061,11.134637,2.455191,11.134637,102.288745,22.554701,2.455191,22.554701,4.973319,-0.000000,-0.000000,108.474124,0.015178,0.101450,0.052045,0.014880,0.100946,0.050993,0.000298,0.000504,0.001052,-0.006678,-0.093460,0.002261,0.093725,0.541871,7.583598,-0.183434,7.583598,106.134035,-2.567200,-0.183434,-2.567200,0.062096,-0.000000,0.000000,106.738002,-0.006678,-0.093460,0.002261,0.093725,0.556524,7.788672,-0.188395,7.788672,109.004090,-2.636622,-0.188395,-2.636622,0.063775,-0.000000,0.000000,109.624389,0.027788,0.087093,0.053196,0.027788,0.087093,0.053196,0.000000,0.000000,0.000000,-0.000000,0.000004,0.000001,0.000004,0.414955,-5.855626,-0.817570,-5.855626,82.631551,11.537121,-0.817570,11.537121,1.610827,-0.000000,0.000000,84.657333,-0.000000,0.000004,0.000001,0.000004,0.414954,-5.855622,-0.817569,-5.855622,82.631504,11.537114,-0.817569,11.537114,1.610826,0.000000,0.000000,84.657284
3.2243,post_ramp,0.518,100.0000,4.157088,-1.291612,-1.431204,-0.021476,-0.118117,1.268602,-1.942020,1.018563,-2.595495,1.492563,-2.440563,1.580000,-2.027923,0.015886,0.001703,0.023981,0.023981,0.023981,0.023981,0.023981,0.023981,-0.000000,0.023981,0.023981,0.023981,0.023981,1.544238,-0.731377,1.182813,0.018610,0.003937,0.000000,-0.003937,-0.005906,0.771310,0.890835,0.890835,0.619286,1.151506,1.151506,0.907478,1.119525,1.119525,0.960640,1.048564,1.048564,-0.007432,0.087611,-0.009603,0.003613,0.061050,-0.009209,-0.011045,0.026561,-0.000394,0.224989,-0.471895,0.591982,0.789777,9.578105,-20.089256,25.201556,-20.089256,42.135498,-52.858110,25.201556,-52.858110,66.309404,-0.000000,0.000000,118.023007,0.224989,-0.471895,0.591982,0.789777,6.918407,-14.510768,18.203458,-14.510768,30.435095,-38.180197,18.203458,-38.180197,47.896266,-0.000000,0.000000,85.249769,-0.016439,0.115898,0.073805,-0.016306,0.114328,0.072132,-0.000133,0.001570,0.001672,-0.012413,-0.135223,-0.095087,0.165773,0.578052,6.296930,4.427896,6.296930,68.594713,48.234652,4.427896,48.234652,33.917798,-0.000000,-0.000000,103.090563,-0.012413,-0.135223,-0.095087,0.165773,0.582002,6.339956,4.458151,6.339956,69.063410,48.564231,4.458151,48.564231,34.149553,-0.000000,0.000000,103.794964,0.001752,0.109221,0.073290,0.001721,0.108778,0.073001,0.000031,0.000443,0.000289,-0.003728,-0.034244,-0.007551,0.035264,1.207646,11.094087,2.446250,11.094087,101.916231,22.472561,2.446250,22.472561,4.955207,-0.000000,0.000000,108.079084,-0.003728,-0.034244,-0.007551,0.035264,1.212061,11.134637,2.455191,11.134637,102.288745,22.554701,2.455191,22.554701,4.973319,-0.000000,-0.000000,108.474124,0.015178,0.101450,0.052045,0.014880,0.100946,0.050993,0.000298,0.000504,0.001052,-0.006678,-0.093460,0.002261,0.093725,0.541871,7.583598,-0.183434,7.583598,106.134035,-2.567200,-0.183434,-2.567200,0.062096,-0.000000,0.000000,106.738002,-0.006678,-0.093460,0.002261,0.093725,0.556524,7.788672,-0.188395,7.788672,109.004090,-2.636622,-0.188395,-2.636622,0.063775,-0.000000,0.000000,109.624389,0.027788,0.087093,0.053196,0.027788,0.087093,0.053196,0.000000,0.000000,0.000000,-0.000000,0.000004,0.000001,0.000004,0.414955,-5.855626,-0.817570,-5.855626,82.631551,11.537121,-0.817570,11.537121,1.610827,-0.000000,0.000000,84.657333,-0.000000,0.000004,0.000001,0.000004,0.414954,-5.855622,-0.817569,-5.855622,82.631504,11.537114,-0.817569,11.537114,1.610826,0.000000,0.000000,84.657284
3.2424,post_ramp,0.518,100.0000,4.158622,-1.291612,-1.431204,-0.021476,-0.118117,1.268602,-1.942020,1.018563,-2.595495,1.492563,-2.440563,1.580000,-2.027923,0.016515,0.012141,0.023981,0.023981,0.023981,0.023981,0.023981,0.023981,-0.000000,0.023981,0.023981,0.023981,0.023981,1.544808,-0.731377,1.182813,0.018610,0.003937,0.000000,-0.003937,-0.005906,0.771310,0.890835,0.890835,0.619286,1.151506,1.151506,0.907478,1.119525,1.119525,0.960640,1.048564,1.048564,-0.007394,0.087600,-0.009594,0.003613,0.061050,-0.009209,-0.011007,0.026550,-0.000385,0.224018,-0.470714,0.590243,0.787491,9.550874,-20.068557,25.164592,-20.068557,42.168601,-52.876528,25.164592,-52.876528,66.303532,-0.000000,0.000000,118.023007,0.224018,-0.470714,0.590243,0.787491,6.897985,-14.494235,18.174775,-14.494235,30.455684,-38.189334,18.174775,-38.189334,47.886801,0.000000,0.000000,85.240470,-0.016439,0.115898,0.073805,-0.016306,0.114328,0.072132,-0.000133,0.001570,0.001672,-0.012413,-0.135223,-0.095087,0.165773,0.578052,6.296930,4.427896,6.296930,68.594713,48.234652,4.427896,48.234652,33.917798,-0.000000,-0.000000,103.090563,-0.012413,-0.135223,-0.095087,0.165773,0.582002,6.339956,4.458151,6.339956,69.063410,48.564231,4.458151,48.564231,34.149553,-0.000000,0.000000,103.794964,0.001752,0.109221,0.073290,0.001721,0.108778,0.073001,0.000031,0.000443,0.000289,-0.003728,-0.034244,-0.007551,0.035264,1.207646,11.094087,2.446250,11.094087,101.916231,22.472561,2.446250,22.472561,4.955207,-0.000000,0.000000,108.079084,-0.003728,-0.034244,-0.007551,0.035264,1.212061,11.134637,2.455191,11.134637,102.288745,22.554701,2.455191,22.554701,4.973319,-0.000000,-0.000000,108.474124,0.015178,0.101450,0.052045,0.014880,0.100946,0.050993,0.000298,0.000504,0.001052,-0.006678,-0.093460,0.002261,0.093725,0.541871,7.583598,-0.183434,7.583598,106.134035,-2.567200,-0.183434,-2.567200,0.062096,-0.000000,0.000000,106.738002,-0.006678,-0.093460,0.002261,0.093725,0.556524,7.788672,-0.188395,7.788672,109.004090,-2.636622,-0.188395,-2.636622,0.063775,-0.000000,0.000000,109.624389,0.027788,0.087093,0.053196,0.027788,0.087093,0.053196,0.000000,0.000000,0.000000,-0.000000,0.000004,0.000001,0.000004,0.414955,-5.855626,-0.817570,-5.855626,82.631551,11.537121,-0.817570,11.537121,1.610827,-0.000000,0.000000,84.657333,-0.000000,0.000004,0.000001,0.000004,0.414954,-5.855622,-0.817569,-5.855622,82.631504,11.537114,-0.817569,11.537114,1.610826,0.000000,0.000000,84.657284
3.2606,post_ramp,0.518,100.0000,4.158622,-1.290078,-1.431204,-0.021476,-0.118117,1.268602,-1.942020,1.018563,-2.595495,1.492563,-2.440563,1.580000,-2.027923,0.017024,0.022245,0.023981,0.023981,0.023981,0.023981,0.023981,0.023981,-0.000000,0.023981,0.023981,0.023981,0.023981,1.544808,-0.730508,1.182813,0.018610,0.003937,0.000000,-0.003937,-0.005906,0.771310,0.890835,0.890835,0.619286,1.151506,1.151506,0.907478,1.119525,1.119525,0.960640,1.048564,1.048564,-0.007403,0.087623,-0.009549,0.003613,0.061050,-0.009209,-0.011017,0.026573,-0.000340,0.223657,-0.470211,0.588612,0.785866,9.560061,-20.098824,25.159776,-20.098824,42.255244,-52.895258,25.159776,-52.895258,66.214464,-0.000000,0.000000,118.029769,0.223657,-0.470211,0.588612,0.785866,6.901721,-14.510000,18.163667,-14.510000,30.505446,-38.186821,18.163667,-38.186821,47.802392,-0.000000,0.000000,85.209559,-0.016439,0.115898,0.073805,-0.016306,0.114328,0.072132,-0.000133,0.001570,0.001672,-0.012413,-0.135223,-0.095087,0.165773,0.578052,6.296930,4.427896,6.296930,68.594713,48.234652,4.427896,48.234652,33.917798,-0.000000,-0.000000,103.090563,-0.012413,-0.135223,-0.095087,0.165773,0.582002,6.339956,4.458151,6.339956,69.063410,48.564231,4.458151,48.564231,34.149553,-0.000000,0.000000,103.794964,0.001752,0.109221,0.073290,0.001721,0.108778,0.073001,0.000031,0.000443,0.000289,-0.003728,-0.034244,-0.007551,0.035264,1.207646,11.094087,2.446250,11.094087,101.916231,22.472561,2.446250,22.472561,4.955207,-0.000000,0.000000,108.079084,-0.003728,-0.034244,-0.007551,0.035264,1.212061,11.134637,2.455191,11.134637,102.288745,22.554701,2.455191,22.554701,4.973319,-0.000000,-0.000000,108.474124,0.015178,0.101450,0.052045,0.014880,0.100946,0.050993,0.000298,0.000504,0.001052,-0.006678,-0.093460,0.002261,0.093725,0.541871,7.583598,-0.183434,7.583598,106.134035,-2.567200,-0.183434,-2.567200,0.062096,-0.000000,0.000000,106.738002,-0.006678,-0.093460,0.002261,0.093725,0.556524,7.788672,-0.188395,7.788672,109.004090,-2.636622,-0.188395,-2.636622,0.063775,-0.000000,0.000000,109.624389,0.027788,0.087093,0.053196,0.027788,0.087093,0.053196,0.000000,0.000000,0.000000,-0.000000,0.000004,0.000001,0.000004,0.414955,-5.855626,-0.817570,-5.855626,82.631551,11.537121,-0.817570,11.537121,1.610827,-0.000000,0.000000,84.657333,-0.000000,0.000004,0.000001,0.000004,0.414954,-5.855622,-0.817569,-5.855622,82.631504,11.537114,-0.817569,11.537114,1.610826,0.000000,0.000000,84.657284
3.2791,post_ramp,0.518,100.0000,4.158622,-1.290078,-1.431204,-0.021476,-0.118117,1.268602,-1.942020,1.018563,-2.595495,1.492563,-2.440563,1.580000,-2.027923,0.014435,0.034295,0.023981,0.023981,0.023981,0.023981,0.023981,0.023981,-0.000000,0.023981,0.023981,0.023981,0.023981,1.544808,-0.730508,1.182813,0.018610,0.003937,0.000000,-0.003937,-0.005906,0.771310,0.890835,0.890835,0.619286,1.151506,1.151506,0.907478,1.119525,1.119525,0.960640,1.048564,1.048564,-0.007403,0.087623,-0.009549,0.003613,0.061050,-0.009209,-0.011017,0.026573,-0.000340,0.223657,-0.470211,0.588612,0.785866,9.560061,-20.098824,25.159776,-20.098824,42.255244,-52.895258,25.159776,-52.895258,66.214464,-0.000000,0.000000,118.029769,0.223657,-0.470211,0.588612,0.785866,6.901721,-14.510000,18.163667,-14.510000,30.505446,-38.186821,18.163667,-38.186821,47.802392,-0.000000,0.000000,85.209559,-0.016439,0.115898,0.073805,-0.016306,0.114328,0.072132,-0.000133,0.001570,0.001672,-0.012413,-0.135223,-0.095087,0.165773,0.578052,6.296930,4.427896,6.296930,68.594713,48.234652,4.427896,48.234652,33.917798,-0.000000,-0.000000,103.090563,-0.012413,-0.135223,-0.095087,0.165773,0.582002,6.339956,4.458151,6.339956,69.063410,48.564231,4.458151,48.564231,34.149553,-0.000000,0.000000,103.794964,0.001752,0.109221,0.073290,0.001721,0.108778,0.073001,0.000031,0.000443,0.000289,-0.003728,-0.034244,-0.007551,0.035264,1.207646,11.094087,2.446250,11.094087,101.916231,22.472561,2.446250,22.472561,4.955207,-0.000000,0.000000,108.079084,-0.003728,-0.034244,-0.007551,0.035264,1.212061,11.134637,2.455191,11.134637,102.288745,22.554701,2.455191,22.554701,4.973319,-0.000000,-0.000000,108.474124,0.015178,0.101450,0.052045,0.014880,0.100946,0.050993,0.000298,0.000504,0.001052,-0.006678,-0.093460,0.002261,0.093725,0.541871,7.583598,-0.183434,7.583598,106.134035,-2.567200,-0.183434,-2.567200,0.062096,-0.000000,0.000000,106.738002,-0.006678,-0.093460,0.002261,0.093725,0.556524,7.788672,-0.188395,7.788672,109.004090,-2.636622,-0.188395,-2.636622,0.063775,-0.000000,0.000000,109.624389,0.027788,0.087093,0.053196,0.027788,0.087093,0.053196,0.000000,0.000000,0.000000,-0.000000,0.000004,0.000001,0.000004,0.414955,-5.855626,-0.817570,-5.855626,82.631551,11.537121,-0.817570,11.537121,1.610827,-0.000000,0.000000,84.657333,-0.000000,0.000004,0.000001,0.000004,0.414954,-5.855622,-0.817569,-5.855622,82.631504,11.537114,-0.817569,11.537114,1.610826,0.000000,0.000000,84.657284
3.2976,post_ramp,0.518,100.0000,4.158622,-1.290078,-1.431204,-0.021476,-0.118117,1.268602,-1.942020,1.018563,-2.595495,1.492563,-2.440563,1.580000,-2.027923,0.010835,0.032452,0.023981,0.023981,0.023981,0.023981,0.023981,0.023981,-0.000000,0.023981,0.023981,0.023981,0.023981,1.544808,-0.730508,1.182813,0.018610,0.003937,0.000000,-0.003937,-0.005906,0.771310,0.890835,0.890835,0.619286,1.151506,1.151506,0.907478,1.119525,1.119525,0.960640,1.048564,1.048564,-0.007403,0.087623,-0.009549,0.003613,0.061050,-0.009209,-0.011017,0.026573,-0.000340,0.223657,-0.470211,0.588612,0.785866,9.560061,-20.098824,25.159776,-20.098824,42.255244,-52.895258,25.159776,-52.895258,66.214464,-0.000000,0.000000,118.029769,0.223657,-0.470211,0.588612,0.785866,6.901721,-14.510000,18.163667,-14.510000,30.505446,-38.186821,18.163667,-38.186821,47.802392,-0.000000,0.000000,85.209559,-0.016439,0.115898,0.073805,-0.016306,0.114328,0.072132,-0.000133,0.001570,0.001672,-0.012413,-0.135223,-0.095087,0.165773,0.578052,6.296930,4.427896,6.296930,68.594713,48.234652,4.427896,48.234652,33.917798,-0.000000,-0.000000,103.090563,-0.012413,-0.135223,-0.095087,0.165773,0.582002,6.339956,4.458151,6.339956,69.063410,48.564231,4.458151,48.564231,34.149553,-0.000000,0.000000,103.794964,0.001752,0.109221,0.073290,0.001721,0.108778,0.073001,0.000031,0.000443,0.000289,-0.003728,-0.034244,-0.007551,0.035264,1.207646,11.094087,2.446250,11.094087,101.916231,22.472561,2.446250,22.472561,4.955207,-0.000000,0.000000,108.079084,-0.003728,-0.034244,-0.007551,0.035264,1.212061,11.134637,2.455191,11.134637,102.288745,22.554701,2.455191,22.554701,4.973319,-0.000000,-0.000000,108.474124,0.015178,0.101450,0.052045,0.014880,0.100946,0.050993,0.000298,0.000504,0.001052,-0.006678,-0.093460,0.002261,0.093725,0.541871,7.583598,-0.183434,7.583598,106.134035,-2.567200,-0.183434,-2.567200,0.062096,-0.000000,0.000000,106.738002,-0.006678,-0.093460,0.002261,0.093725,0.556524,7.788672,-0.188395,7.788672,109.004090,-2.636622,-0.188395,-2.636622,0.063775,-0.000000,0.000000,109.624389,0.027788,0.087093,0.053196,0.027788,0.087093,0.053196,0.000000,0.000000,0.000000,-0.000000,0.000004,0.000001,0.000004,0.414955,-5.855626,-0.817570,-5.855626,82.631551,11.537121,-0.817570,11.537121,1.610827,-0.000000,0.000000,84.657333,-0.000000,0.000004,0.000001,0.000004,0.414954,-5.855622,-0.817569,-5.855622,82.631504,11.537114,-0.817569,11.537114,1.610826,0.000000,0.000000,84.657284
3.3158,post_ramp,0.518,100.0000,4.158622,-1.290078,-1.431204,-0.021476,-0.118117,1.268602,-1.942020,1.018563,-2.595495,1.492563,-2.440563,1.580000,-2.027923,0.005832,0.028032,0.023981,0.023981,0.023981,0.023981,0.023981,0.023981,-0.000000,0.023981,0.023981,0.023981,0.023981,1.544808,-0.730508,1.182813,0.018610,0.003937,0.000000,-0.003937,-0.005906,0.771310,0.890835,0.890835,0.619286,1.151506,1.151506,0.907478,1.119525,1.119525,0.960640,1.048564,1.048564,-0.007403,0.087623,-0.009549,0.003613,0.061050,-0.009209,-0.011017,0.026573,-0.000340,0.223657,-0.470211,0.588612,0.785866,9.560061,-20.098824,25.159776,-20.098824,42.255244,-52.895258,25.159776,-52.895258,66.214464,-0.000000,0.000000,118.029769,0.223657,-0.470211,0.588612,0.785866,6.901721,-14.510000,18.163667,-14.510000,30.505446,-38.186821,18.163667,-38.186821,47.802392,-0.000000,0.000000,85.209559,-0.016439,0.115898,0.073805,-0.016306,0.114328,0.072132,-0.000133,0.001570,0.001672,-0.012413,-0.135223,-0.095087,0.165773,0.578052,6.296930,4.427896,6.296930,68.594713,48.234652,4.427896,48.234652,33.917798,-0.000000,-0.000000,103.090563,-0.012413,-0.135223,-0.095087,0.165773,0.582002,6.339956,4.458151,6.339956,69.063410,48.564231,4.458151,48.564231,34.149553,-0.000000,0.000000,103.794964,0.001752,0.109221,0.073290,0.001721,0.108778,0.073001,0.000031,0.000443,0.000289,-0.003728,-0.034244,-0.007551,0.035264,1.207646,11.094087,2.446250,11.094087,101.916231,22.472561,2.446250,22.472561,4.955207,-0.000000,0.000000,108.079084,-0.003728,-0.034244,-0.007551,0.035264,1.212061,11.134637,2.455191,11.134637,102.288745,22.554701,2.455191,22.554701,4.973319,-0.000000,-0.000000,108.474124,0.015178,0.101450,0.052045,0.014880,0.100946,0.050993,0.000298,0.000504,0.001052,-0.006678,-0.093460,0.002261,0.093725,0.541871,7.583598,-0.183434,7.583598,106.134035,-2.567200,-0.183434,-2.567200,0.062096,-0.000000,0.000000,106.738002,-0.006678,-0.093460,0.002261,0.093725,0.556524,7.788672,-0.188395,7.788672,109.004090,-2.636622,-0.188395,-2.636622,0.063775,-0.000000,0.000000,109.624389,0.027788,0.087093,0.053196,0.027788,0.087093,0.053196,0.000000,0.000000,0.000000,-0.000000,0.000004,0.000001,0.000004,0.414955,-5.855626,-0.817570,-5.855626,82.631551,11.537121,-0.817570,11.537121,1.610827,-0.000000,0.000000,84.657333,-0.000000,0.000004,0.000001,0.000004,0.414954,-5.855622,-0.817569,-5.855622,82.631504,11.537114,-0.817569,11.537114,1.610826,0.000000,0.000000,84.657284
3.3339,post_ramp,0.518,100.0000,4.158622,-1.291612,-1.431204,-0.021476,-0.118117,1.268602,-1.942020,1.018563,-2.595495,1.492563,-2.440563,1.580000,-2.027923,0.017476,0.017237,0.023981,0.023981,0.023981,0.023981,0.023981,0.023981,-0.000000,0.023981,0.023981,0.023981,0.023981,1.544808,-0.731377,1.182813,0.018610,0.003937,0.000000,-0.003937,-0.005906,0.771310,0.890835,0.890835,0.619286,1.151506,1.151506,0.907478,1.119525,1.119525,0.960640,1.048564,1.048564,-0.007394,0.087600,-0.009594,0.003613,0.061050,-0.009209,-0.011007,0.026550,-0.000385,0.224018,-0.470714,0.590243,0.787491,9.550874,-20.068557,25.164592,-20.068557,42.168601,-52.876528,25.164592,-52.876528,66.303532,-0.000000,0.000000,118.023007,0.224018,-0.470714,0.590243,0.787491,6.897985,-14.494235,18.174775,-14.494235,30.455684,-38.189334,18.174775,-38.189334,47.886801,0.000000,0.000000,85.240470,-0.016439,0.115898,0.073805,-0.016306,0.114328,0.072132,-0.000133,0.001570,0.001672,-0.012413,-0.135223,-0.095087,0.165773,0.578052,6.296930,4.427896,6.296930,68.594713,48.234652,4.427896,48.234652,33.917798,-0.000000,-0.000000,103.090563,-0.012413,-0.135223,-0.095087,0.165773,0.582002,6.339956,4.458151,6.339956,69.063410,48.564231,4.458151,48.564231,34.149553,-0.000000,0.000000,103.794964,0.001752,0.109221,0.073290,0.001721,0.108778,0.073001,0.000031,0.000443,0.000289,-0.003728,-0.034244,-0.007551,0.035264,1.207646,11.094087,2.446250,11.094087,101.916231,22.472561,2.446250,22.472561,4.955207,-0.000000,0.000000,108.079084,-0.003728,-0.034244,-0.007551,0.035264,1.212061,11.134637,2.455191,11.134637,102.288745,22.554701,2.455191,22.554701,4.973319,-0.000000,-0.000000,108.474124,0.015178,0.101450,0.052045,0.014880,0.100946,0.050993,0.000298,0.000504,0.001052,-0.006678,-0.093460,0.002261,0.093725,0.541871,7.583598,-0.183434,7.583598,106.134035,-2.567200,-0.183434,-2.567200,0.062096,-0.000000,0.000000,106.738002,-0.006678,-0.093460,0.002261,0.093725,0.556524,7.788672,-0.188395,7.788672,109.004090,-2.636622,-0.188395,-2.636622,0.063775,-0.000000,0.000000,109.624389,0.027788,0.087093,0.053196,0.027788,0.087093,0.053196,0.000000,0.000000,0.000000,-0.000000,0.000004,0.000001,0.000004,0.414955,-5.855626,-0.817570,-5.855626,82.631551,11.537121,-0.817570,11.537121,1.610827,-0.000000,0.000000,84.657333,-0.000000,0.000004,0.000001,0.000004,0.414954,-5.855622,-0.817569,-5.855622,82.631504,11.537114,-0.817569,11.537114,1.610826,0.000000,0.000000,84.657284
3.3519,post_ramp,0.518,100.0000,4.158622,-1.293146,-1.431204,-0.021476,-0.118117,1.268602,-1.942020,1.018563,-2.595495,1.492563,-2.440563,1.580000,-2.027923,0.019413,-0.004474,0.023981,0.023981,0.023981,0.023981,0.023981,0.023981,-0.000000,0.023981,0.023981,0.023981,0.023981,1.544808,-0.732246,1.182813,0.018610,0.003937,0.000000,-0.003937,-0.005906,0.771310,0.890835,0.890835,0.619286,1.151506,1.151506,0.907478,1.119525,1.119525,0.960640,1.048564,1.048564,-0.007385,0.087577,-0.009639,0.003613,0.061050,-0.009209,-0.010998,0.026527,-0.000430,0.224380,-0.471215,0.591876,0.789118,9.541697,-20.038303,25.169381,-20.038303,42.081988,-52.857651,25.169381,-52.857651,66.392567,-0.000000,0.000000,118.016252,0.224380,-0.471215,0.591876,0.789118,6.894253,-14.478466,18.185873,-14.478466,30.405901,-38.191743,18.185873,-38.191743,47.971255,-0.000000,0.000000,85.271410,-0.016439,0.115898,0.073805,-0.016306,0.114328,0.072132,-0.000133,0.001570,0.001672,-0.012413,-0.135223,-0.095087,0.165773,0.578052,6.296930,4.427896,6.296930,68.594713,48.234652,4.427896,48.234652,33.917798,-0.000000,-0.000000,103.090563,-0.012413,-0.135223,-0.095087,0.165773,0.582002,6.339956,4.458151,6.339956,69.063410,48.564231,4.458151,48.564231,34.149553,-0.000000,0.000000,103.794964,0.001752,0.109221,0.073290,0.001721,0.108778,0.073001,0.000031,0.000443,0.000289,-0.003728,-0.034244,-0.007551,0.035264,1.207646,11.094087,2.446250,11.094087,101.916231,22.472561,2.446250,22.472561,4.955207,-0.000000,0.000000,108.079084,-0.003728,-0.034244,-0.007551,0.035264,1.212061,11.134637,2.455191,11.134637,102.288745,22.554701,2.455191,22.554701,4.973319,-0.000000,-0.000000,108.474124,0.015178,0.101450,0.052045,0.014880,0.100946,0.050993,0.000298,0.000504,0.001052,-0.006678,-0.093460,0.002261,0.093725,0.541871,7.583598,-0.183434,7.583598,106.134035,-2.567200,-0.183434,-2.567200,0.062096,-0.000000,0.000000,106.738002,-0.006678,-0.093460,0.002261,0.093725,0.556524,7.788672,-0.188395,7.788672,109.004090,-2.636622,-0.188395,-2.636622,0.063775,-0.000000,0.000000,109.624389,0.027788,0.087093,0.053196,0.027788,0.087093,0.053196,0.000000,0.000000,0.000000,-0.000000,0.000004,0.000001,0.000004,0.414955,-5.855626,-0.817570,-5.855626,82.631551,11.537121,-0.817570,11.537121,1.610827,-0.000000,0.000000,84.657333,-0.000000,0.000004,0.000001,0.000004,0.414954,-5.855622,-0.817569,-5.855622,82.631504,11.537114,-0.817569,11.537114,1.610826,0.000000,0.000000,84.657284
3.3697,post_ramp,0.518,100.0000,4.158622,-1.291612,-1.431204,-0.021476,-0.118117,1.268602,-1.942020,1.018563,-2.595495,1.492563,-2.440563,1.580000,-2.027923,0.010317,-0.010105,0.023981,0.023981,0.023981,0.023981,0.023981,0.023981,-0.000000,0.023981,0.023981,0.023981,0.023981,1.544808,-0.731377,1.182813,0.018610,0.003937,0.000000,-0.003937,-0.005906,0.771310,0.890835,0.890835,0.619286,1.151506,1.151506,0.907478,1.119525,1.119525,0.960640,1.048564,1.048564,-0.007394,0.087600,-0.009594,0.003613,0.061050,-0.009209,-0.011007,0.026550,-0.000385,0.224018,-0.470714,0.590243,0.787491,9.550874,-20.068557,25.164592,-20.068557,42.168601,-52.876528,25.164592,-52.876528,66.303532,-0.000000,0.000000,118.023007,0.224018,-0.470714,0.590243,0.787491,6.897985,-14.494235,18.174775,-14.494235,30.455684,-38.189334,18.174775,-38.189334,47.886801,0.000000,0.000000,85.240470,-0.016439,0.115898,0.073805,-0.016306,0.114328,0.072132,-0.000133,0.001570,0.001672,-0.012413,-0.135223,-0.095087,0.165773,0.578052,6.296930,4.427896,6.296930,68.594713,48.234652,4.427896,48.234652,33.917798,-0.000000,-0.000000,103.090563,-0.012413,-0.135223,-0.095087,0.165773,0.582002,6.339956,4.458151,6.339956,69.063410,48.564231,4.458151,48.564231,34.149553,-0.000000,0.000000,103.794964,0.001752,0.109221,0.073290,0.001721,0.108778,0.073001,0.000031,0.000443,0.000289,-0.003728,-0.034244,-0.007551,0.035264,1.207646,11.094087,2.446250,11.094087,101.916231,22.472561,2.446250,22.472561,4.955207,-0.000000,0.000000,108.079084,-0.003728,-0.034244,-0.007551,0.035264,1.212061,11.134637,2.455191,11.134637,102.288745,22.554701,2.455191,22.554701,4.973319,-0.000000,-0.000000,108.474124,0.015178,0.101450,0.052045,0.014880,0.100946,0.050993,0.000298,0.000504,0.001052,-0.006678,-0.093460,0.002261,0.093725,0.541871,7.583598,-0.183434,7.583598,106.134035,-2.567200,-0.183434,-2.567200,0.062096,-0.000000,0.000000,106.738002,-0.006678,-0.093460,0.002261,0.093725,0.556524,7.788672,-0.188395,7.788672,109.004090,-2.636622,-0.188395,-2.636622,0.063775,-0.000000,0.000000,109.624389,0.027788,0.087093,0.053196,0.027788,0.087093,0.053196,0.000000,0.000000,0.000000,-0.000000,0.000004,0.000001,0.000004,0.414955,-5.855626,-0.817570,-5.855626,82.631551,11.537121,-0.817570,11.537121,1.610827,-0.000000,0.000000,84.657333,-0.000000,0.000004,0.000001,0.000004,0.414954,-5.855622,-0.817569,-5.855622,82.631504,11.537114,-0.817569,11.537114,1.610826,0.000000,0.000000,84.657284
3.3879,post_ramp,0.518,100.0000,4.157088,-1.290078,-1.431204,-0.021476,-0.118117,1.268602,-1.942020,1.018563,-2.595495,1.492563,-2.440563,1.580000,-2.027923,0.015303,0.005685,0.023981,0.023981,0.023981,0.023981,0.023981,0.023981,-0.000000,0.023981,0.023981,0.023981,0.023981,1.544238,-0.730508,1.182813,0.018610,0.003937,0.000000,-0.003937,-0.005906,0.771310,0.890835,0.890835,0.619286,1.151506,1.151506,0.907478,1.119525,1.119525,0.960640,1.048564,1.048564,-0.007441,0.087634,-0.009558,0.003613,0.061050,-0.009209,-0.011054,0.026584,-0.000349,0.224628,-0.471395,0.590351,0.788153,9.587324,-20.119567,25.196743,-20.119567,42.222104,-52.876858,25.196743,-52.876858,66.220341,-0.000000,0.000000,118.029769,0.224628,-0.471395,0.590351,0.788153,6.922161,-14.526566,18.192347,-14.526566,30.484859,-38.177717,18.192347,-38.177717,47.811870,-0.000000,0.000000,85.218890,-0.016439,0.115898,0.073805,-0.016306,0.114328,0.072132,-0.000133,0.001570,0.001672,-0.012413,-0.135223,-0.095087,0.165773,0.578052,6.296930,4.427896,6.296930,68.594713,48.234652,4.427896,48.234652,33.917798,-0.000000,-0.000000,103.090563,-0.012413,-0.135223,-0.095087,0.165773,0.582002,6.339956,4.458151,6.339956,69.063410,48.564231,4.458151,48.564231,34.149553,-0.000000,0.000000,103.794964,0.001752,0.109221,0.073290,0.001721,0.108778,0.073001,0.000031,0.000443,0.000289,-0.003728,-0.034244,-0.007551,0.035264,1.207646,11.094087,2.446250,11.094087,101.916231,22.472561,2.446250,22.472561,4.955207,-0.000000,0.000000,108.079084,-0.003728,-0.034244,-0.007551,0.035264,1.212061,11.134637,2.455191,11.134637,102.288745,22.554701,2.455191,22.554701,4.973319,-0.000000,-0.000000,108.474124,0.015178,0.101450,0.052045,0.014880,0.100946,0.050993,0.000298,0.000504,0.001052,-0.006678,-0.093460,0.002261,0.093725,0.541871,7.583598,-0.183434,7.583598,106.134035,-2.567200,-0.183434,-2.567200,0.062096,-0.000000,0.000000,106.738002,-0.006678,-0.093460,0.002261,0.093725,0.556524,7.788672,-0.188395,7.788672,109.004090,-2.636622,-0.188395,-2.636622,0.063775,-0.000000,0.000000,109.624389,0.027788,0.087093,0.053196,0.027788,0.087093,0.053196,0.000000,0.000000,0.000000,-0.000000,0.000004,0.000001,0.000004,0.414955,-5.855626,-0.817570,-5.855626,82.631551,11.537121,-0.817570,11.537121,1.610827,-0.000000,0.000000,84.657333,-0.000000,0.000004,0.000001,0.000004,0.414954,-5.855622,-0.817569,-5.855622,82.631504,11.537114,-0.817569,11.537114,1.610826,0.000000,0.000000,84.657284
3.4060,post_ramp,0.518,100.0000,4.158622,-1.287010,-1.431204,-0.021476,-0.118117,1.268602,-1.942020,1.018563,-2.595495,1.492563,-2.440563,1.580000,-2.027923,0.019369,0.044211,0.023981,0.023981,0.023981,0.023981,0.023981,0.023981,-0.000000,0.023981,0.023981,0.023981,0.023981,1.544808,-0.728771,1.182813,0.018610,0.003937,0.000000,-0.003937,-0.005906,0.771310,0.890835,0.890835,0.619286,1.151506,1.151506,0.907478,1.119525,1.119525,0.960640,1.048564,1.048564,-0.007422,0.087668,-0.009460,0.003613,0.061050,-0.009209,-0.011035,0.026618,-0.000251,0.222935,-0.469201,0.585357,0.782619,9.578464,-20.159390,25.150063,-20.159390,42.428621,-52.932280,25.150063,-52.932280,66.036232,-0.000000,0.000000,118.043317,0.222935,-0.469201,0.585357,0.782619,6.909204,-14.541512,18.141419,-14.541512,30.604908,-38.181481,18.141419,-38.181481,47.633715,-0.000000,0.000000,85.147827,-0.016439,0.115898,0.073805,-0.016306,0.114328,0.072132,-0.000133,0.001570,0.001672,-0.012413,-0.135223,-0.095087,0.165773,0.578052,6.296930,4.427896,6.296930,68.594713,48.234652,4.427896,48.234652,33.917798,-0.000000,-0.000000,103.090563,-0.012413,-0.135223,-0.095087,0.165773,0.582002,6.339956,4.458151,6.339956,69.063410,48.564231,4.458151,48.564231,34.149553,-0.000000,0.000000,103.794964,0.001752,0.109221,0.073290,0.001721,0.108778,0.073001,0.000031,0.000443,0.000289,-0.003728,-0.034244,-0.007551,0.035264,1.207646,11.094087,2.446250,11.094087,101.916231,22.472561,2.446250,22.472561,4.955207,-0.000000,0.000000,108.079084,-0.003728,-0.034244,-0.007551,0.035264,1.212061,11.134637,2.455191,11.134637,102.288745,22.554701,2.455191,22.554701,4.973319,-0.000000,-0.000000,108.474124,0.015178,0.101450,0.052045,0.014880,0.100946,0.050993,0.000298,0.000504,0.001052,-0.006678,-0.093460,0.002261,0.093725,0.541871,7.583598,-0.183434,7.583598,106.134035,-2.567200,-0.183434,-2.567200,0.062096,-0.000000,0.000000,106.738002,-0.006678,-0.093460,0.002261,0.093725,0.556524,7.788672,-0.188395,7.788672,109.004090,-2.636622,-0.188395,-2.636622,0.063775,-0.000000,0.000000,109.624389,0.027788,0.087093,0.053196,0.027788,0.087093,0.053196,0.000000,0.000000,0.000000,-0.000000,0.000004,0.000001,0.000004,0.414955,-5.855626,-0.817570,-5.855626,82.631551,11.537121,-0.817570,11.537121,1.610827,-0.000000,0.000000,84.657333,-0.000000,0.000004,0.000001,0.000004,0.414954,-5.855622,-0.817569,-5.855622,82.631504,11.537114,-0.817569,11.537114,1.610826,0.000000,0.000000,84.657284
3.4242,post_ramp,0.518,100.0000,4.158622,-1.287010,-1.431204,-0.021476,-0.118117,1.268602,-1.942020,1.018563,-2.595495,1.492563,-2.440563,1.580000,-2.027923,0.021530,0.081251,0.023981,0.023981,0.023981,0.023981,0.023981,0.023981,-0.000000,0.023981,0.023981,0.023981,0.023981,1.544808,-0.728771,1.182813,0.018610,0.003937,0.000000,-0.003937,-0.005906,0.771310,0.890835,0.890835,0.619286,1.151506,1.151506,0.907478,1.119525,1.119525,0.960640,1.048564,1.048564,-0.007422,0.087668,-0.009460,0.003613,0.061050,-0.009209,-0.011035,0.026618,-0.000251,0.222935,-0.469201,0.585357,0.782619,9.578464,-20.159390,25.150063,-20.159390,42.428621,-52.932280,25.150063,-52.932280,66.036232,-0.000000,0.000000,118.043317,0.222935,-0.469201,0.585357,0.782619,6.909204,-14.541512,18.141419,-14.541512,30.604908,-38.181481,18.141419,-38.181481,47.633715,-0.000000,0.000000,85.147827,-0.016439,0.115898,0.073805,-0.016306,0.114328,0.072132,-0.000133,0.001570,0.001672,-0.012413,-0.135223,-0.095087,0.165773,0.578052,6.296930,4.427896,6.296930,68.594713,48.234652,4.427896,48.234652,33.917798,-0.000000,-0.000000,103.090563,-0.012413,-0.135223,-0.095087,0.165773,0.582002,6.339956,4.458151,6.339956,69.063410,48.564231,4.458151,48.564231,34.149553,-0.000000,0.000000,103.794964,0.001752,0.109221,0.073290,0.001721,0.108778,0.073001,0.000031,0.000443,0.000289,-0.003728,-0.034244,-0.007551,0.035264,1.207646,11.094087,2.446250,11.094087,101.916231,22.472561,2.446250,22.472561,4.955207,-0.000000,0.000000,108.079084,-0.003728,-0.034244,-0.007551,0.035264,1.212061,11.134637,2.455191,11.134637,102.288745,22.554701,2.455191,22.554701,4.973319,-0.000000,-0.000000,108.474124,0.015178,0.101450,0.052045,0.014880,0.100946,0.050993,0.000298,0.000504,0.001052,-0.006678,-0.093460,0.002261,0.093725,0.541871,7.583598,-0.183434,7.583598,106.134035,-2.567200,-0.183434,-2.567200,0.062096,-0.000000,0.000000,106.738002,-0.006678,-0.093460,0.002261,0.093725,0.556524,7.788672,-0.188395,7.788672,109.004090,-2.636622,-0.188395,-2.636622,0.063775,-0.000000,0.000000,109.624389,0.027788,0.087093,0.053196,0.027788,0.087093,0.053196,0.000000,0.000000,0.000000,-0.000000,0.000004,0.000001,0.000004,0.414955,-5.855626,-0.817570,-5.855626,82.631551,11.537121,-0.817570,11.537121,1.610827,-0.000000,0.000000,84.657333,-0.000000,0.000004,0.000001,0.000004,0.414954,-5.855622,-0.817569,-5.855622,82.631504,11.537114,-0.817569,11.537114,1.610826,0.000000,0.000000,84.657284
3.4425,post_ramp,0.518,100.0000,4.158622,-1.287010,-1.431204,-0.021476,-0.118117,1.268602,-1.942020,1.018563,-2.595495,1.492563,-2.440563,1.580000,-2.027923,0.009875,0.075323,0.023981,0.023981,0.023981,0.023981,0.023981,0.023981,-0.000000,0.023981,0.023981,0.023981,0.023981,1.544808,-0.728771,1.182813,0.018610,0.003937,0.000000,-0.003937,-0.005906,0.771310,0.890835,0.890835,0.619286,1.151506,1.151506,0.907478,1.119525,1.119525,0.960640,1.048564,1.048564,-0.007422,0.087668,-0.009460,0.003613,0.061050,-0.009209,-0.011035,0.026618,-0.000251,0.222935,-0.469201,0.585357,0.782619,9.578464,-20.159390,25.150063,-20.159390,42.428621,-52.932280,25.150063,-52.932280,66.036232,-0.000000,0.000000,118.043317,0.222935,-0.469201,0.585357,0.782619,6.909204,-14.541512,18.141419,-14.541512,30.604908,-38.181481,18.141419,-38.181481,47.633715,-0.000000,0.000000,85.147827,-0.016439,0.115898,0.073805,-0.016306,0.114328,0.072132,-0.000133,0.001570,0.001672,-0.012413,-0.135223,-0.095087,0.165773,0.578052,6.296930,4.427896,6.296930,68.594713,48.234652,4.427896,48.234652,33.917798,-0.000000,-0.000000,103.090563,-0.012413,-0.135223,-0.095087,0.165773,0.582002,6.339956,4.458151,6.339956,69.063410,48.564231,4.458151,48.564231,34.149553,-0.000000,0.000000,103.794964,0.001752,0.109221,0.073290,0.001721,0.108778,0.073001,0.000031,0.000443,0.000289,-0.003728,-0.034244,-0.007551,0.035264,1.207646,11.094087,2.446250,11.094087,101.916231,22.472561,2.446250,22.472561,4.955207,-0.000000,0.000000,108.079084,-0.003728,-0.034244,-0.007551,0.035264,1.212061,11.134637,2.455191,11.134637,102.288745,22.554701,2.455191,22.554701,4.973319,-0.000000,-0.000000,108.474124,0.015178,0.101450,0.052045,0.014880,0.100946,0.050993,0.000298,0.000504,0.001052,-0.006678,-0.093460,0.002261,0.093725,0.541871,7.583598,-0.183434,7.583598,106.134035,-2.567200,-0.183434,-2.567200,0.062096,-0.000000,0.000000,106.738002,-0.006678,-0.093460,0.002261,0.093725,0.556524,7.788672,-0.188395,7.788672,109.004090,-2.636622,-0.188395,-2.636622,0.063775,-0.000000,0.000000,109.624389,0.027788,0.087093,0.053196,0.027788,0.087093,0.053196,0.000000,0.000000,0.000000,-0.000000,0.000004,0.000001,0.000004,0.414955,-5.855626,-0.817570,-5.855626,82.631551,11.537121,-0.817570,11.537121,1.610827,-0.000000,0.000000,84.657333,-0.000000,0.000004,0.000001,0.000004,0.414954,-5.855622,-0.817569,-5.855622,82.631504,11.537114,-0.817569,11.537114,1.610826,0.000000,0.000000,84.657284
3.4606,post_ramp,0.518,100.0000,4.158622,-1.288544,-1.431204,-0.021476,-0.118117,1.268602,-1.942020,1.018563,-2.595495,1.492563,-2.440563,1.580000,-2.027923,0.000510,0.036520,0.023981,0.023981,0.023981,0.023981,0.023981,0.023981,-0.000000,0.023981,0.023981,0.023981,0.023981,1.544808,-0.729640,1.182813,0.018610,0.003937,0.000000,-0.003937,-0.005906,0.771310,0.890835,0.890835,0.619286,1.151506,1.151506,0.907478,1.119525,1.119525,0.960640,1.048564,1.048564,-0.007413,0.087645,-0.009505,0.003613,0.061050,-0.009209,-0.011026,0.026595,-0.000296,0.223296,-0.469707,0.586983,0.784241,9.569258,-20.129101,25.154933,-20.129101,42.341918,-52.913842,25.154933,-52.913842,66.125364,-0.000000,0.000000,118.036539,0.223296,-0.469707,0.586983,0.784241,6.905461,-14.525758,18.152548,-14.525758,30.555188,-38.184203,18.152548,-38.184203,47.718030,-0.000000,0.000000,85.178679,-0.016439,0.115898,0.073805,-0.016306,0.114328,0.072132,-0.000133,0.001570,0.001672,-0.012413,-0.135223,-0.095087,0.165773,0.578052,6.296930,4.427896,6.296930,68.594713,48.234652,4.427896,48.234652,33.917798,-0.000000,-0.000000,103.090563,-0.012413,-0.135223,-0.095087,0.165773,0.582002,6.339956,4.458151,6.339956,69.063410,48.564231,4.458151,48.564231,34.149553,-0.000000,0.000000,103.794964,0.001752,0.109221,0.073290,0.001721,0.108778,0.073001,0.000031,0.000443,0.000289,-0.003728,-0.034244,-0.007551,0.035264,1.207646,11.094087,2.446250,11.094087,101.916231,22.472561,2.446250,22.472561,4.955207,-0.000000,0.000000,108.079084,-0.003728,-0.034244,-0.007551,0.035264,1.212061,11.134637,2.455191,11.134637,102.288745,22.554701,2.455191,22.554701,4.973319,-0.000000,-0.000000,108.474124,0.015178,0.101450,0.052045,0.014880,0.100946,0.050993,0.000298,0.000504,0.001052,-0.006678,-0.093460,0.002261,0.093725,0.541871,7.583598,-0.183434,7.583598,106.134035,-2.567200,-0.183434,-2.567200,0.062096,-0.000000,0.000000,106.738002,-0.006678,-0.093460,0.002261,0.093725,0.556524,7.788672,-0.188395,7.788672,109.004090,-2.636622,-0.188395,-2.636622,0.063775,-0.000000,0.000000,109.624389,0.027788,0.087093,0.053196,0.027788,0.087093,0.053196,0.000000,0.000000,0.000000,-0.000000,0.000004,0.000001,0.000004,0.414955,-5.855626,-0.817570,-5.855626,82.631551,11.537121,-0.817570,11.537121,1.610827,-0.000000,0.000000,84.657333,-0.000000,0.000004,0.000001,0.000004,0.414954,-5.855622,-0.817569,-5.855622,82.631504,11.537114,-0.817569,11.537114,1.610826,0.000000,0.000000,84.657284
3.4788,post_ramp,0.518,100.0000,4.157088,-1.290078,-1.431204,-0.021476,-0.118117,1.268602,-1.942020,1.018563,-2.595495,1.492563,-2.440563,1.580000,-2.027923,0.011508,-0.004631,0.023981,0.023981,0.023981,0.023981,0.023981,0.023981,-0.000000,0.023981,0.023981,0.023981,0.023981,1.544238,-0.730508,1.182813,0.018610,0.003937,0.000000,-0.003937,-0.005906,0.771310,0.890835,0.890835,0.619286,1.151506,1.151506,0.907478,1.119525,1.119525,0.960640,1.048564,1.048564,-0.007441,0.087634,-0.009558,0.003613,0.061050,-0.009209,-0.011054,0.026584,-0.000349,0.224628,-0.471395,0.590351,0.788153,9.587324,-20.119567,25.196743,-20.119567,42.222104,-52.876858,25.196743,-52.876858,66.220341,-0.000000,0.000000,118.029769,0.224628,-0.471395,0.590351,0.788153,6.922161,-14.526566,18.192347,-14.526566,30.484859,-38.177717,18.192347,-38.177717,47.811870,-0.000000,0.000000,85.218890,-0.016439,0.115898,0.073805,-0.016306,0.114328,0.072132,-0.000133,0.001570,0.001672,-0.012413,-0.135223,-0.095087,0.165773,0.578052,6.296930,4.427896,6.296930,68.594713,48.234652,4.427896,48.234652,33.917798,-0.000000,-0.000000,103.090563,-0.012413,-0.135223,-0.095087,0.165773,0.582002,6.339956,4.458151,6.339956,69.063410,48.564231,4.458151,48.564231,34.149553,-0.000000,0.000000,103.794964,0.001752,0.109221,0.073290,0.001721,0.108778,0.073001,0.000031,0.000443,0.000289,-0.003728,-0.034244,-0.007551,0.035264,1.207646,11.094087,2.446250,11.094087,101.916231,22.472561,2.446250,22.472561,4.955207,-0.000000,0.000000,108.079084,-0.003728,-0.034244,-0.007551,0.035264,1.212061,11.134637,2.455191,11.134637,102.288745,22.554701,2.455191,22.554701,4.973319,-0.000000,-0.000000,108.474124,0.015178,0.101450,0.052045,0.014880,0.100946,0.050993,0.000298,0.000504,0.001052,-0.006678,-0.093460,0.002261,0.093725,0.541871,7.583598,-0.183434,7.583598,106.134035,-2.567200,-0.183434,-2.567200,0.062096,-0.000000,0.000000,106.738002,-0.006678,-0.093460,0.002261,0.093725,0.556524,7.788672,-0.188395,7.788672,109.004090,-2.636622,-0.188395,-2.636622,0.063775,-0.000000,0.000000,109.624389,0.027788,0.087093,0.053196,0.027788,0.087093,0.053196,0.000000,0.000000,0.000000,-0.000000,0.000004,0.000001,0.000004,0.414955,-5.855626,-0.817570,-5.855626,82.631551,11.537121,-0.817570,11.537121,1.610827,-0.000000,0.000000,84.657333,-0.000000,0.000004,0.000001,0.000004,0.414954,-5.855622,-0.817569,-5.855622,82.631504,11.537114,-0.817569,11.537114,1.610826,0.000000,0.000000,84.657284
3.4970,post_ramp,0.518,100.0000,4.158622,-1.291612,-1.431204,-0.021476,-0.118117,1.268602,-1.942020,1.018563,-2.595495,1.492563,-2.440563,1.580000,-2.027923,0.017352,-0.034597,0.023981,0.023981,0.023981,0.023981,0.023981,0.023981,-0.000000,0.023981,0.023981,0.023981,0.023981,1.544808,-0.731377,1.182813,0.018610,0.003937,0.000000,-0.003937,-0.005906,0.771310,0.890835,0.890835,0.619286,1.151506,1.151506,0.907478,1.119525,1.119525,0.960640,1.048564,1.048564,-0.007394,0.087600,-0.009594,0.003613,0.061050,-0.009209,-0.011007,0.026550,-0.000385,0.224018,-0.470714,0.590243,0.787491,9.550874,-20.068557,25.164592,-20.068557,42.168601,-52.876528,25.164592,-52.876528,66.303532,-0.000000,0.000000,118.023007,0.224018,-0.470714,0.590243,0.787491,6.897985,-14.494235,18.174775,-14.494235,30.455684,-38.189334,18.174775,-38.189334,47.886801,0.000000,0.000000,85.240470,-0.016439,0.115898,0.073805,-0.016306,0.114328,0.072132,-0.000133,0.001570,0.001672,-0.012413,-0.135223,-0.095087,0.165773,0.578052,6.296930,4.427896,6.296930,68.594713,48.234652,4.427896,48.234652,33.917798,-0.000000,-0.000000,103.090563,-0.012413,-0.135223,-0.095087,0.165773,0.582002,6.339956,4.458151,6.339956,69.063410,48.564231,4.458151,48.564231,34.149553,-0.000000,0.000000,103.794964,0.001752,0.109221,0.073290,0.001721,0.108778,0.073001,0.000031,0.000443,0.000289,-0.003728,-0.034244,-0.007551,0.035264,1.207646,11.094087,2.446250,11.094087,101.916231,22.472561,2.446250,22.472561,4.955207,-0.000000,0.000000,108.079084,-0.003728,-0.034244,-0.007551,0.035264,1.212061,11.134637,2.455191,11.134637,102.288745,22.554701,2.455191,22.554701,4.973319,-0.000000,-0.000000,108.474124,0.015178,0.101450,0.052045,0.014880,0.100946,0.050993,0.000298,0.000504,0.001052,-0.006678,-0.093460,0.002261,0.093725,0.541871,7.583598,-0.183434,7.583598,106.134035,-2.567200,-0.183434,-2.567200,0.062096,-0.000000,0.000000,106.738002,-0.006678,-0.093460,0.002261,0.093725,0.556524,7.788672,-0.188395,7.788672,109.004090,-2.636622,-0.188395,-2.636622,0.063775,-0.000000,0.000000,109.624389,0.027788,0.087093,0.053196,0.027788,0.087093,0.053196,0.000000,0.000000,0.000000,-0.000000,0.000004,0.000001,0.000004,0.414955,-5.855626,-0.817570,-5.855626,82.631551,11.537121,-0.817570,11.537121,1.610827,-0.000000,0.000000,84.657333,-0.000000,0.000004,0.000001,0.000004,0.414954,-5.855622,-0.817569,-5.855622,82.631504,11.537114,-0.817569,11.537114,1.610826,0.000000,0.000000,84.657284
3.5151,post_ramp,0.518,100.0000,4.157088,-1.291612,-1.431204,-0.021476,-0.118117,1.268602,-1.942020,1.018563,-2.595495,1.492563,-2.440563,1.580000,-2.027923,0.016767,-0.043849,0.023981,0.023981,0.023981,0.023981,0.023981,0.023981,-0.000000,0.023981,0.023981,0.023981,0.023981,1.544238,-0.731377,1.182813,0.018610,0.003937,0.000000,-0.003937,-0.005906,0.771310,0.890835,0.890835,0.619286,1.151506,1.151506,0.907478,1.119525,1.119525,0.960640,1.048564,1.048564,-0.007432,0.087611,-0.009603,0.003613,0.061050,-0.009209,-0.011045,0.026561,-0.000394,0.224989,-0.471895,0.591982,0.789777,9.578105,-20.089256,25.201556,-20.089256,42.135498,-52.858110,25.201556,-52.858110,66.309404,-0.000000,0.000000,118.023007,0.224989,-0.471895,0.591982,0.789777,6.918407,-14.510768,18.203458,-14.510768,30.435095,-38.180197,18.203458,-38.180197,47.896266,-0.000000,0.000000,85.249769,-0.016439,0.115898,0.073805,-0.016306,0.114328,0.072132,-0.000133,0.001570,0.001672,-0.012413,-0.135223,-0.095087,0.165773,0.578052,6.296930,4.427896,6.296930,68.594713,48.234652,4.427896,48.234652,33.917798,-0.000000,-0.000000,103.090563,-0.012413,-0.135223,-0.095087,0.165773,0.582002,6.339956,4.458151,6.339956,69.063410,48.564231,4.458151,48.564231,34.149553,-0.000000,0.000000,103.794964,0.001752,0.109221,0.073290,0.001721,0.108778,0.073001,0.000031,0.000443,0.000289,-0.003728,-0.034244,-0.007551,0.035264,1.207646,11.094087,2.446250,11.094087,101.916231,22.472561,2.446250,22.472561,4.955207,-0.000000,0.000000,108.079084,-0.003728,-0.034244,-0.007551,0.035264,1.212061,11.134637,2.455191,11.134637,102.288745,22.554701,2.455191,22.554701,4.973319,-0.000000,-0.000000,108.474124,0.015178,0.101450,0.052045,0.014880,0.100946,0.050993,0.000298,0.000504,0.001052,-0.006678,-0.093460,0.002261,0.093725,0.541871,7.583598,-0.183434,7.583598,106.134035,-2.567200,-0.183434,-2.567200,0.062096,-0.000000,0.000000,106.738002,-0.006678,-0.093460,0.002261,0.093725,0.556524,7.788672,-0.188395,7.788672,109.004090,-2.636622,-0.188395,-2.636622,0.063775,-0.000000,0.000000,109.624389,0.027788,0.087093,0.053196,0.027788,0.087093,0.053196,0.000000,0.000000,0.000000,-0.000000,0.000004,0.000001,0.000004,0.414955,-5.855626,-0.817570,-5.855626,82.631551,11.537121,-0.817570,11.537121,1.610827,-0.000000,0.000000,84.657333,-0.000000,0.000004,0.000001,0.000004,0.414954,-5.855622,-0.817569,-5.855622,82.631504,11.537114,-0.817569,11.537114,1.610826,0.000000,0.000000,84.657284
