time_s,phase,ramp_duration_s,k_tip_Npm,q_motor_0_rad,q_motor_1_rad,q_motor_2_rad,q_motor_3_rad,q_motor_4_rad,q_motor_5_rad,q_motor_6_rad,q_motor_7_rad,q_motor_8_rad,q_motor_9_rad,q_motor_10_rad,q_motor_11_rad,q_motor_12_rad,q_dot_motor_0_rads,q_dot_motor_1_rads,q_dot_motor_2_rads,q_dot_motor_3_rads,q_dot_motor_4_rads,q_dot_motor_5_rads,q_dot_motor_6_rads,q_dot_motor_7_rads,q_dot_motor_8_rads,q_dot_motor_9_rads,q_dot_motor_10_rads,q_dot_motor_11_rads,q_dot_motor_12_rads,joint_thumb_CMC1_rad,joint_thumb_CMC2_rad,joint_thumb_MCP_rad,joint_thumb_IP_rad,joint_spread_index_rad,joint_spread_middle_rad,joint_spread_ring_rad,joint_spread_pinky_rad,joint_index_MCP_rad,joint_index_PIP_rad,joint_index_DIP_rad,joint_middle_MCP_rad,joint_middle_PIP_rad,joint_middle_DIP_rad,joint_ring_MCP_rad,joint_ring_PIP_rad,joint_ring_DIP_rad,joint_pinky_MCP_rad,joint_pinky_PIP_rad,joint_pinky_DIP_rad,tip_thumb_x_m,tip_thumb_y_m,tip_thumb_z_m,ref_thumb_x_m,ref_thumb_y_m,ref_thumb_z_m,disp_thumb_x_m,disp_thumb_y_m,disp_thumb_z_m,force_1st_thumb_x_N,force_1st_thumb_y_N,force_1st_thumb_z_N,force_1st_thumb_mag_N,stiff_1st_thumb_00_Npm,stiff_1st_thumb_01_Npm,stiff_1st_thumb_02_Npm,stiff_1st_thumb_10_Npm,stiff_1st_thumb_11_Npm,stiff_1st_thumb_12_Npm,stiff_1st_thumb_20_Npm,stiff_1st_thumb_21_Npm,stiff_1st_thumb_22_Npm,stiff_1st_thumb_eig_0_Npm,stiff_1st_thumb_eig_1_Npm,stiff_1st_thumb_eig_2_Npm,force_2nd_thumb_x_N,force_2nd_thumb_y_N,force_2nd_thumb_z_N,force_2nd_thumb_mag_N,stiff_2nd_thumb_00_Npm,stiff_2nd_thumb_01_Npm,stiff_2nd_thumb_02_Npm,stiff_2nd_thumb_10_Npm,stiff_2nd_thumb_11_Npm,stiff_2nd_thumb_12_Npm,stiff_2nd_thumb_20_Npm,stiff_2nd_thumb_21_Npm,stiff_2nd_thumb_22_Npm,stiff_2nd_thumb_eig_0_Npm,stiff_2nd_thumb_eig_1_Npm,stiff_2nd_thumb_eig_2_Npm,tip_index_x_m,tip_index_y_m,tip_index_z_m,ref_index_x_m,ref_index_y_m,ref_index_z_m,disp_index_x_m,disp_index_y_m,disp_index_z_m,force_1st_index_x_N,force_1st_index_y_N,force_1st_index_z_N,force_1st_index_mag_N,stiff_1st_index_00_Npm,stiff_1st_index_01_Npm,stiff_1st_index_02_Npm,stiff_1st_index_10_Npm,stiff_1st_index_11_Npm,stiff_1st_index_12_Npm,stiff_1st_index_20_Npm,stiff_1st_index_21_Npm,stiff_1st_index_22_Npm,stiff_1st_index_eig_0_Npm,stiff_1st_index_eig_1_Npm,stiff_1st_index_eig_2_Npm,force_2nd_index_x_N,force_2nd_index_y_N,force_2nd_index_z_N,force_2nd_index_mag_N,stiff_2nd_index_00_Npm,stiff_2nd_index_01_Npm,stiff_2nd_index_02_Npm,stiff_2nd_index_10_Npm,stiff_2nd_index_11_Npm,stiff_2nd_index_12_Npm,stiff_2nd_index_20_Npm,stiff_2nd_index_21_Npm,stiff_2nd_index_22_Npm,stiff_2nd_index_eig_0_Npm,stiff_2nd_index_eig_1_Npm,stiff_2nd_index_eig_2_Npm,tip_middle_x_m,tip_middle_y_m,tip_middle_z_m,ref_middle_x_m,ref_middle_y_m,ref_middle_z_m,disp_middle_x_m,disp_middle_y_m,disp_middle_z_m,force_1st_middle_x_N,force_1st_middle_y_N,force_1st_middle_z_N,force_1st_middle_mag_N,stiff_1st_middle_00_Npm,stiff_1st_middle_01_Npm,stiff_1st_middle_02_Npm,stiff_1st_middle_10_Npm,stiff_1st_middle_11_Npm,stiff_1st_middle_12_Npm,stiff_1st_middle_20_Npm,stiff_1st_middle_21_Npm,stiff_1st_middle_22_Npm,stiff_1st_middle_eig_0_Npm,stiff_1st_middle_eig_1_Npm,stiff_1st_middle_eig_2_Npm,force_2nd_middle_x_N,force_2nd_middle_y_N,force_2nd_middle_z_N,force_2nd_middle_mag_N,stiff_2nd_middle_00_Npm,stiff_2nd_middle_01_Npm,stiff_2nd_middle_02_Npm,stiff_2nd_middle_10_Npm,stiff_2nd_middle_11_Npm,stiff_2nd_middle_12_Npm,stiff_2nd_middle_20_Npm,stiff_2nd_middle_21_Npm,stiff_2nd_middle_22_Npm,stiff_2nd_middle_eig_0_Npm,stiff_2nd_middle_eig_1_Npm,stiff_2nd_middle_eig_2_Npm,tip_ring_x_m,tip_ring_y_m,tip_ring_z_m,ref_ring_x_m,ref_ring_y_m,ref_ring_z_m,disp_ring_x_m,disp_ring_y_m,disp_ring_z_m,force_1st_ring_x_N,force_1st_ring_y_N,force_1st_ring_z_N,force_1st_ring_mag_N,stiff_1st_ring_00_Npm,stiff_1st_ring_01_Npm,stiff_1st_ring_02_Npm,stiff_1st_ring_10_Npm,stiff_1st_ring_11_Npm,stiff_1st_ring_12_Npm,stiff_1st_ring_20_Npm,stiff_1st_ring_21_Npm,stiff_1st_ring_22_Npm,stiff_1st_ring_eig_0_Npm,stiff_1st_ring_eig_1_Npm,stiff_1st_ring_eig_2_Npm,force_2nd_ring_x_N,force_2nd_ring_y_N,force_2nd_ring_z_N,force_2nd_ring_mag_N,stiff_2nd_ring_00_Npm,stiff_2nd_ring_01_Npm,stiff_2nd_ring_02_Npm,stiff_2nd_ring_10_Npm,stiff_2nd_ring_11_Npm,stiff_2nd_ring_12_Npm,stiff_2nd_ring_20_Npm,stiff_2nd_ring_21_Npm,stiff_2nd_ring_22_Npm,stiff_2nd_ring_eig_0_Npm,stiff_2nd_ring_eig_1_Npm,stiff_2nd_ring_eig_2_Npm,tip_pinky_x_m,tip_pinky_y_m,tip_pinky_z_m,ref_pinky_x_m,ref_pinky_y_m,ref_pinky_z_m,disp_pinky_x_m,disp_pinky_y_m,disp_pinky_z_m,force_1st_pinky_x_N,force_1st_pinky_y_N,force_1st_pinky_z_N,force_1st_pinky_mag_N,stiff_1st_pinky_00_Npm,stiff_1st_pinky_01_Npm,stiff_1st_pinky_02_Npm,stiff_1st_pinky_10_Npm,stiff_1st_pinky_11_Npm,stiff_1st_pinky_12_Npm,stiff_1st_pinky_20_Npm,stiff_1st_pinky_21_Npm,stiff_1st_pinky_22_Npm,stiff_1st_pinky_eig_0_Npm,stiff_1st_pinky_eig_1_Npm,stiff_1st_pinky_eig_2_Npm,force_2nd_pinky_x_N,force_2nd_pinky_y_N,force_2nd_pinky_z_N,force_2nd_pinky_mag_N,stiff_2nd_pinky_00_Npm,stiff_2nd_pinky_01_Npm,stiff_2nd_pinky_02_Npm,stiff_2nd_pinky_10_Npm,stiff_2nd_pinky_11_Npm,stiff_2nd_pinky_12_Npm,stiff_2nd_pinky_20_Npm,stiff_2nd_pinky_21_Npm,stiff_2nd_pinky_22_Npm,stiff_2nd_pinky_eig_0_Npm,stiff_2nd_pinky_eig_1_Npm,stiff_2nd_pinky_eig_2_Npm
0.0327,baseline,0.268,20.0000,4.215379,-1.230253,-1.291612,-0.073631,-0.078233,1.170427,-1.998777,0.977146,-2.699806,1.372913,-2.463573,1.412796,-1.965029,0.019020,0.039605,0.023981,0.023981,-0.019768,-0.008029,0.023981,0.023981,0.023981,0.281070,0.076607,0.023981,0.023981,1.565891,-0.696632,1.067448,0.063805,0.002608,0.000000,-0.002608,-0.003912,0.711620,0.916870,0.916870,0.594105,1.197784,1.197784,0.834731,1.130079,1.130079,0.858980,1.016044,1.016044,-0.007111,0.089698,-0.010414,0.003613,0.061050,-0.009209,-0.010724,0.028648,-0.001205,-0.001145,0.002047,-0.002530,0.003450,3.419745,-6.111341,7.556103,-6.111341,10.921424,-13.503322,7.556103,-13.503322,16.695597,-0.000000,0.000000,31.036767,-0.001145,0.002047,-0.002530,0.003450,2.496721,-4.461828,5.516634,-4.461828,7.973620,-9.858638,5.516634,-9.858638,12.189285,-0.000000,-0.000000,22.659627,-0.017049,0.115254,0.076841,-0.016418,0.114029,0.072616,-0.000632,0.001225,0.004225,-0.026742,-0.299814,-0.214130,0.369398,0.548950,6.154554,4.395642,6.154554,69.001825,49.281768,4.395642,49.281768,35.197513,-0.000000,0.000000,104.748287,-0.026742,-0.299814,-0.214130,0.369398,0.576767,6.466428,4.618385,6.466428,72.498397,51.779053,4.618385,51.779053,36.981099,-0.000000,0.000000,110.056262,0.001650,0.107078,0.073470,0.001630,0.106986,0.072969,0.000020,0.000092,0.000501,-0.003748,-0.035340,-0.005319,0.035934,1.062358,10.017331,1.507609,10.017331,94.456798,14.215756,1.507609,14.215756,2.139472,-0.000000,0.000000,97.658628,-0.003748,-0.035340,-0.005319,0.035934,1.076474,10.150436,1.527641,10.150436,95.711897,14.404648,1.527641,14.404648,2.167901,-0.000000,0.000000,98.956271,0.016282,0.102652,0.055991,0.015514,0.100794,0.053406,0.000767,0.001858,0.002585,-0.022076,-0.258962,-0.006649,0.259986,0.763121,8.951971,0.229847,8.951971,105.013232,2.696272,0.229847,2.696272,0.069228,-0.000000,-0.000000,105.845581,-0.022076,-0.258962,-0.006649,0.259986,0.811534,9.519888,0.244428,9.519888,111.675319,2.867324,0.244428,2.867324,0.073620,-0.000000,0.000000,112.560473,0.030385,0.090196,0.058017,0.030443,0.089955,0.058127,-0.000058,0.000241,-0.000110,-0.000018,-0.001117,-0.000324,0.001163,0.019609,1.250613,0.362165,1.250613,79.759657,23.097614,0.362165,23.097614,6.688843,-0.000000,0.000000,86.468109,-0.000018,-0.001117,-0.000324,0.001163,0.019494,1.243251,0.360033,1.243251,79.290121,22.961641,0.360033,22.961641,6.649466,0.000000,0.000000,85.959081
0.0758,baseline,0.268,20.0000,4.215379,-1.230253,-1.291612,-0.073631,-0.079767,1.185767,-1.998777,0.977146,-2.699806,1.368311,-2.462039,1.412796,-1.965029,0.014171,0.009060,0.023981,0.023981,-0.012769,0.182925,0.023981,0.023981,0.023981,0.031795,0.057390,0.023981,0.023981,1.565891,-0.696632,1.067448,0.063805,0.002659,0.000000,-0.002659,-0.003988,0.720946,0.916870,0.916870,0.594105,1.197784,1.197784,0.831933,1.129376,1.129376,0.858980,1.016044,1.016044,-0.007111,0.089698,-0.010414,0.003613,0.061050,-0.009209,-0.010724,0.028648,-0.001205,-0.001145,0.002047,-0.002530,0.003450,3.419745,-6.111341,7.556103,-6.111341,10.921424,-13.503322,7.556103,-13.503322,16.695597,-0.000000,0.000000,31.036767,-0.001145,0.002047,-0.002530,0.003450,2.496721,-4.461828,5.516634,-4.461828,7.973620,-9.858638,5.516634,-9.858638,12.189285,-0.000000,-0.000000,22.659627,-0.016941,0.115202,0.076181,-0.016418,0.114029,0.072616,-0.000523,0.001173,0.003565,-0.023319,-0.256687,-0.179810,0.314267,0.576716,6.348333,4.447026,6.348333,69.880788,48.951696,4.447026,48.951696,34.290805,-0.000000,0.000000,104.748309,-0.023319,-0.256687,-0.179810,0.314267,0.600719,6.612554,4.632113,6.612554,72.789260,50.989089,4.632113,50.989089,35.718005,-0.000000,0.000000,109.107984,0.001650,0.107078,0.073470,0.001630,0.106986,0.072969,0.000020,0.000092,0.000501,-0.003748,-0.035340,-0.005319,0.035934,1.062358,10.017331,1.507609,10.017331,94.456798,14.215756,1.507609,14.215756,2.139472,-0.000000,0.000000,97.658628,-0.003748,-0.035340,-0.005319,0.035934,1.076474,10.150436,1.527641,10.150436,95.711897,14.404648,1.527641,14.404648,2.167901,-0.000000,0.000000,98.956271,0.016332,0.102752,0.056169,0.015514,0.100794,0.053406,0.000818,0.001958,0.002762,-0.023792,-0.275616,-0.008203,0.276763,0.782647,9.066659,0.269847,9.066659,105.033729,3.126071,0.269847,3.126071,0.093040,-0.000000,0.000000,105.909416,-0.023792,-0.275616,-0.008203,0.276763,0.835522,9.679200,0.288078,9.679200,112.129782,3.337268,0.288078,3.337268,0.099326,-0.000000,0.000000,113.064629,0.030384,0.090196,0.058017,0.030443,0.089955,0.058127,-0.000059,0.000241,-0.000110,-0.000017,-0.001070,-0.000310,0.001114,0.019511,1.247468,0.361278,1.247468,79.758952,23.098899,0.361278,23.098899,6.689646,-0.000000,0.000000,86.468108,-0.000017,-0.001070,-0.000310,0.001114,0.019396,1.240104,0.359145,1.240104,79.288104,22.962538,0.359145,22.962538,6.650154,-0.000000,0.000000,85.957654
0.1181,baseline,0.268,20.0000,4.215379,-1.217981,-1.291612,-0.073631,-0.073631,1.187301,-1.998777,0.977146,-2.699806,1.360641,-2.460505,1.412796,-1.965029,0.015990,0.126447,0.023981,0.023981,0.057165,0.203589,0.023981,0.023981,0.023981,-0.107267,0.047864,0.023981,0.023981,1.565891,-0.689683,1.067448,0.063805,0.002454,0.000000,-0.002454,-0.003682,0.721879,0.916870,0.916870,0.594105,1.197784,1.197784,0.827270,1.128672,1.128672,0.858980,1.016044,1.016044,-0.007186,0.089884,-0.010038,0.003613,0.061050,-0.009209,-0.010799,0.028834,-0.000829,-0.003049,0.005475,-0.006679,0.009159,3.439615,-6.177071,7.535843,-6.177071,11.093160,-13.533325,7.535843,-13.533325,16.510254,0.000000,0.000000,31.043030,-0.003049,0.005475,-0.006679,0.009159,2.503339,-4.495648,5.484557,-4.495648,8.073559,-9.849502,5.484557,-9.849502,12.016099,0.000000,0.000000,22.592997,-0.016935,0.115197,0.076115,-0.016418,0.114029,0.072616,-0.000518,0.001169,0.003499,-0.022919,-0.252393,-0.176451,0.308808,0.576971,6.353884,4.442076,6.353884,69.971998,48.918261,4.442076,48.918261,34.199342,0.000000,0.000000,104.748311,-0.022919,-0.252393,-0.176451,0.308808,0.600464,6.612597,4.622945,6.612597,72.821065,50.910077,4.622945,50.910077,35.591844,-0.000000,0.000000,109.013373,0.001650,0.107078,0.073470,0.001630,0.106986,0.072969,0.000020,0.000092,0.000501,-0.003748,-0.035340,-0.005319,0.035934,1.062358,10.017331,1.507609,10.017331,94.456798,14.215756,1.507609,14.215756,2.139472,-0.000000,0.000000,97.658628,-0.003748,-0.035340,-0.005319,0.035934,1.076474,10.150436,1.527641,10.150436,95.711897,14.404648,1.527641,14.404648,2.167901,-0.000000,0.000000,98.956271,0.016416,0.102893,0.056456,0.015514,0.100794,0.053406,0.000902,0.002099,0.003049,-0.026528,-0.301522,-0.010742,0.302878,0.812971,9.240314,0.329207,9.240314,105.026347,3.741800,0.329207,3.741800,0.133310,-0.000000,0.000000,105.972628,-0.026528,-0.301522,-0.010742,0.302878,0.873389,9.927029,0.353673,9.927029,112.831619,4.019880,0.353673,4.019880,0.143217,-0.000000,-0.000000,113.848225,0.030388,0.090197,0.058017,0.030443,0.089955,0.058127,-0.000055,0.000242,-0.000110,-0.000020,-0.001256,-0.000364,0.001307,0.019906,1.260048,0.364827,1.260048,79.761771,23.093758,0.364827,23.093758,6.686432,-0.000000,0.000000,86.468108,-0.000020,-0.001256,-0.000364,0.001307,0.019790,1.252692,0.362697,1.252692,79.296144,22.958943,0.362697,22.958943,6.647398,-0.000000,0.000000,85.963331
0.1599,baseline,0.268,20.0000,4.215379,-1.214913,-1.291612,-0.073631,-0.073631,1.178097,-1.998777,0.977146,-2.699806,1.354505,-2.458971,1.412796,-1.965029,0.017575,0.205194,0.023981,0.023981,0.067951,-0.067405,0.023981,0.023981,0.023981,-0.115580,0.029444,0.023981,0.023981,1.565891,-0.687946,1.067448,0.063805,0.002454,0.000000,-0.002454,-0.003682,0.716283,0.916870,0.916870,0.594105,1.197784,1.197784,0.823539,1.127968,1.127968,0.858980,1.016044,1.016044,-0.007205,0.089930,-0.009944,0.003613,0.061050,-0.009209,-0.010818,0.028880,-0.000735,-0.003525,0.006338,-0.007707,0.010583,3.444609,-6.193518,7.530708,-6.193518,11.136143,-13.540454,7.530708,-13.540454,16.463861,-0.000000,0.000000,31.044613,-0.003525,0.006338,-0.007707,0.010583,2.505006,-4.504081,5.476519,-4.504081,8.098481,-9.846956,5.476519,-9.846956,11.972930,-0.000000,0.000000,22.576417,-0.017000,0.115230,0.076511,-0.016418,0.114029,0.072616,-0.000582,0.001201,0.003895,-0.025010,-0.278363,-0.196888,0.341872,0.560583,6.239378,4.413164,6.239378,69.445277,49.119225,4.413164,49.119225,34.742439,-0.000000,0.000000,104.748298,-0.025010,-0.278363,-0.196888,0.341872,0.586462,6.527411,4.616892,6.527411,72.651121,51.386745,4.616892,51.386745,36.346275,-0.000000,-0.000000,109.583857,0.001650,0.107078,0.073470,0.001630,0.106986,0.072969,0.000020,0.000092,0.000501,-0.003748,-0.035340,-0.005319,0.035934,1.062358,10.017331,1.507609,10.017331,94.456798,14.215756,1.507609,14.215756,2.139472,-0.000000,0.000000,97.658628,-0.003748,-0.035340,-0.005319,0.035934,1.076474,10.150436,1.527641,10.150436,95.711897,14.404648,1.527641,14.404648,2.167901,-0.000000,0.000000,98.956271,0.016483,0.103013,0.056689,0.015514,0.100794,0.053406,0.000969,0.002218,0.003283,-0.028834,-0.322814,-0.013112,0.324364,0.837934,9.381002,0.381031,9.381002,105.024018,4.265793,0.381031,4.265793,0.173265,-0.000000,0.000000,106.035217,-0.028834,-0.322814,-0.013112,0.324364,0.904714,10.128628,0.411398,10.128628,113.393980,4.605758,0.411398,4.605758,0.187073,-0.000000,0.000000,114.485768,0.030388,0.090197,0.058017,0.030443,0.089955,0.058127,-0.000055,0.000242,-0.000110,-0.000020,-0.001258,-0.000364,0.001309,0.019906,1.260048,0.364827,1.260048,79.761771,23.093758,0.364827,23.093758,6.686432,0.000000,0.000000,86.468109,-0.000020,-0.001258,-0.000364,0.001309,0.019790,1.252692,0.362697,1.252692,79.296168,22.958950,0.362697,22.958950,6.647400,-0.000000,0.000000,85.963358
0.2027,baseline,0.268,20.0000,4.215379,-1.216447,-1.291612,-0.073631,-0.078233,1.176563,-1.998777,0.977146,-2.699806,1.348369,-2.458971,1.412796,-1.965029,0.010519,0.036414,0.023981,0.023981,-0.021718,-0.110768,0.023981,0.023981,0.023981,-0.126010,0.026263,0.023981,0.023981,1.565891,-0.688815,1.067448,0.063805,0.002608,0.000000,-0.002608,-0.003912,0.715350,0.916870,0.916870,0.594105,1.197784,1.197784,0.819808,1.127968,1.127968,0.858980,1.016044,1.016044,-0.007196,0.089907,-0.009991,0.003613,0.061050,-0.009209,-0.010809,0.028857,-0.000782,-0.003287,0.005906,-0.007194,0.009871,3.442111,-6.185294,7.533279,-6.185294,11.114649,-13.536908,7.533279,-13.536908,16.487060,-0.000000,0.000000,31.043821,-0.003287,0.005906,-0.007194,0.009871,2.504172,-4.499866,5.480539,-4.499866,8.086023,-9.848242,5.480539,-9.848242,11.994508,0.000000,0.000000,22.584703,-0.017006,0.115234,0.076577,-0.016418,0.114029,0.072616,-0.000589,0.001205,0.003961,-0.025391,-0.282635,-0.200304,0.347346,0.559725,6.230530,4.415595,6.230530,69.354564,49.151779,4.415595,49.151779,34.834007,-0.000000,0.000000,104.748296,-0.025391,-0.282635,-0.200304,0.347346,0.586068,6.523760,4.623407,6.523760,72.618624,51.465028,4.623407,51.465028,36.473413,-0.000000,0.000000,109.678105,0.001650,0.107078,0.073470,0.001630,0.106986,0.072969,0.000020,0.000092,0.000501,-0.003748,-0.035340,-0.005319,0.035934,1.062358,10.017331,1.507609,10.017331,94.456798,14.215756,1.507609,14.215756,2.139472,-0.000000,0.000000,97.658628,-0.003748,-0.035340,-0.005319,0.035934,1.076474,10.150436,1.527641,10.150436,95.711897,14.404648,1.527641,14.404648,2.167901,-0.000000,0.000000,98.956271,0.016542,0.103093,0.056906,0.015514,0.100794,0.053406,0.001028,0.002299,0.003499,-0.030777,-0.341063,-0.015097,0.342782,0.854799,9.472714,0.419297,9.472714,104.974746,4.646569,0.419297,4.646569,0.205674,-0.000000,0.000000,106.035220,-0.030777,-0.341063,-0.015097,0.342782,0.927388,10.277129,0.454904,10.277129,113.889119,5.041151,0.454904,5.041151,0.223140,-0.000000,0.000000,115.039646,0.030385,0.090196,0.058017,0.030443,0.089955,0.058127,-0.000058,0.000241,-0.000110,-0.000018,-0.001120,-0.000324,0.001167,0.019609,1.250613,0.362165,1.250613,79.759657,23.097614,0.362165,23.097614,6.688843,-0.000000,0.000000,86.468109,-0.000018,-0.001120,-0.000324,0.001167,0.019494,1.243251,0.360033,1.243251,79.290161,22.961653,0.360033,22.961653,6.649470,-0.000000,0.000000,85.959125
0.2448,baseline,0.268,20.0000,4.215379,-1.216447,-1.291612,-0.073631,-0.078233,1.175029,-1.998777,0.977146,-2.699806,1.342233,-2.460505,1.412796,-1.965029,0.019485,0.007044,0.023981,0.023981,-0.022284,-0.035161,0.023981,0.023981,0.023981,-0.156251,0.006618,0.023981,0.023981,1.565891,-0.688815,1.067448,0.063805,0.002608,0.000000,-0.002608,-0.003912,0.714418,0.916870,0.916870,0.594105,1.197784,1.197784,0.816078,1.128672,1.128672,0.858980,1.016044,1.016044,-0.007196,0.089907,-0.009991,0.003613,0.061050,-0.009209,-0.010809,0.028857,-0.000782,-0.003287,0.005906,-0.007194,0.009871,3.442111,-6.185294,7.533279,-6.185294,11.114649,-13.536908,7.533279,-13.536908,16.487060,-0.000000,0.000000,31.043821,-0.003287,0.005906,-0.007194,0.009871,2.504172,-4.499866,5.480539,-4.499866,8.086023,-9.848242,5.480539,-9.848242,11.994508,0.000000,0.000000,22.584703,-0.017017,0.115239,0.076643,-0.016418,0.114029,0.072616,-0.000599,0.001211,0.004027,-0.025731,-0.286938,-0.203748,0.352858,0.557021,6.211514,4.410652,6.211514,69.266478,49.184525,4.410652,49.184525,34.924795,-0.000000,0.000000,104.748294,-0.025731,-0.286938,-0.203748,0.352858,0.583740,6.509463,4.622219,6.509463,72.588999,51.543771,4.622219,51.543771,36.600041,-0.000000,0.000000,109.772780,0.001650,0.107078,0.073470,0.001630,0.106986,0.072969,0.000020,0.000092,0.000501,-0.003748,-0.035340,-0.005319,0.035934,1.062358,10.017331,1.507609,10.017331,94.456798,14.215756,1.507609,14.215756,2.139472,-0.000000,0.000000,97.658628,-0.003748,-0.035340,-0.005319,0.035934,1.076474,10.150436,1.527641,10.150436,95.711897,14.404648,1.527641,14.404648,2.167901,-0.000000,0.000000,98.956271,0.016597,0.103135,0.057107,0.015514,0.100794,0.053406,0.001083,0.002340,0.003700,-0.032372,-0.356343,-0.016578,0.358195,0.865566,9.527887,0.443258,9.527887,104.880077,4.879247,0.443258,4.879247,0.226993,-0.000000,0.000000,105.972636,-0.032372,-0.356343,-0.016578,0.358195,0.943510,10.385876,0.483173,10.385876,114.324559,5.318625,0.483173,5.318625,0.247434,-0.000000,0.000000,115.515503,0.030385,0.090196,0.058017,0.030443,0.089955,0.058127,-0.000058,0.000241,-0.000110,-0.000018,-0.001121,-0.000325,0.001168,0.019609,1.250613,0.362165,1.250613,79.759657,23.097614,0.362165,23.097614,6.688843,-0.000000,0.000000,86.468109,-0.000018,-0.001121,-0.000325,0.001168,0.019494,1.243252,0.360033,1.243252,79.290173,22.961656,0.360033,22.961656,6.649471,-0.000000,0.000000,85.959137
0.2873,baseline,0.268,20.0000,4.215379,-1.205709,-1.291612,-0.073631,-0.078233,1.171961,-1.998777,0.977146,-2.699806,1.333029,-2.474311,1.412796,-1.965029,0.013851,0.102390,0.023981,0.023981,-0.005098,-0.057685,0.023981,0.023981,0.023981,-0.187753,-0.111175,0.023981,0.023981,1.565891,-0.682734,1.067448,0.063805,0.002608,0.000000,-0.002608,-0.003912,0.712552,0.916870,0.916870,0.594105,1.197784,1.197784,0.810482,1.135005,1.135005,0.858980,1.016044,1.016044,-0.007262,0.090068,-0.009661,0.003613,0.061050,-0.009209,-0.010875,0.029018,-0.000452,-0.004956,0.008944,-0.010766,0.014848,3.459654,-6.242892,7.515138,-6.242892,11.265201,-13.560949,7.515138,-13.560949,16.324549,-0.000000,0.000000,31.049404,-0.004956,0.008944,-0.010766,0.014848,2.510037,-4.529322,5.452358,-4.529322,8.173092,-9.838695,5.452358,-9.838695,11.843733,-0.000000,0.000000,22.526861,-0.017039,0.115249,0.076775,-0.016418,0.114029,0.072616,-0.000621,0.001221,0.004159,-0.026407,-0.295527,-0.210661,0.363884,0.551634,6.173526,4.400676,6.173526,69.090107,49.249520,4.400676,49.249520,35.106549,-0.000000,0.000000,104.748290,-0.026407,-0.295527,-0.210661,0.363884,0.579090,6.480797,4.619708,6.480797,72.528885,51.700785,4.619708,51.700785,36.853884,-0.000000,0.000000,109.961859,0.001650,0.107078,0.073470,0.001630,0.106986,0.072969,0.000020,0.000092,0.000501,-0.003748,-0.035340,-0.005319,0.035934,1.062358,10.017331,1.507609,10.017331,94.456798,14.215756,1.507609,14.215756,2.139472,-0.000000,0.000000,97.658628,-0.003748,-0.035340,-0.005319,0.035934,1.076474,10.150436,1.527641,10.150436,95.711897,14.404648,1.527641,14.404648,2.167901,-0.000000,0.000000,98.956271,0.016636,0.102913,0.057283,0.015514,0.100794,0.053406,0.001122,0.002119,0.003877,-0.031717,-0.356374,-0.014131,0.358061,0.826839,9.290531,0.368384,9.290531,104.390284,4.139232,0.368384,4.139232,0.164127,-0.000000,-0.000000,105.381250,-0.031717,-0.356374,-0.014131,0.358061,0.907092,10.192270,0.404139,10.192270,114.522403,4.540986,0.404139,4.540986,0.180057,-0.000000,0.000000,115.609552,0.030385,0.090196,0.058017,0.030443,0.089955,0.058127,-0.000058,0.000241,-0.000110,-0.000018,-0.001122,-0.000325,0.001168,0.019609,1.250613,0.362165,1.250613,79.759657,23.097614,0.362165,23.097614,6.688843,0.000000,0.000000,86.468109,-0.000018,-0.001122,-0.000325,0.001168,0.019494,1.243252,0.360033,1.243252,79.290181,22.961659,0.360033,22.961659,6.649471,-0.000000,0.000000,85.959146
0.3296,baseline,0.268,20.0000,4.215379,-1.198039,-1.291612,-0.073631,-0.073631,1.171961,-1.998777,0.977146,-2.699806,1.323825,-2.486583,1.412796,-1.965029,0.011843,0.266859,0.023981,0.023981,0.045878,-0.015845,0.023981,0.023981,0.023981,-0.219225,-0.350602,0.023981,0.023981,1.565891,-0.678391,1.067448,0.063805,0.002454,0.000000,-0.002454,-0.003682,0.712552,0.916870,0.916870,0.594105,1.197784,1.197784,0.804886,1.140634,1.140634,0.858980,1.016044,1.016044,-0.007309,0.090182,-0.009425,0.003613,0.061050,-0.009209,-0.010922,0.029132,-0.000216,-0.006151,0.011132,-0.013289,0.018394,3.472264,-6.284075,7.501969,-6.284075,11.372867,-13.577002,7.501969,-13.577002,16.208313,-0.000000,0.000000,31.053444,-0.006151,0.011132,-0.013289,0.018394,2.514263,-4.550294,5.432170,-4.550294,8.235084,-9.831097,5.432170,-9.831097,11.736426,-0.000000,0.000000,22.485774,-0.017043,0.115250,0.076775,-0.016418,0.114029,0.072616,-0.000625,0.001221,0.004159,-0.026365,-0.295564,-0.210680,0.363922,0.549793,6.163339,4.393276,6.163339,69.092798,49.249883,4.393276,49.249883,35.105698,-0.000000,0.000000,104.748290,-0.026365,-0.295564,-0.210680,0.363922,0.577160,6.470133,4.611961,6.470133,72.532049,51.701407,4.611961,51.701407,36.853164,-0.000000,0.000000,109.962373,0.001650,0.107078,0.073470,0.001630,0.106986,0.072969,0.000020,0.000092,0.000501,-0.003748,-0.035340,-0.005319,0.035934,1.062358,10.017331,1.507609,10.017331,94.456798,14.215756,1.507609,14.215756,2.139472,-0.000000,0.000000,97.658628,-0.003748,-0.035340,-0.005319,0.035934,1.076474,10.150436,1.527641,10.150436,95.711897,14.404648,1.527641,14.404648,2.167901,-0.000000,0.000000,98.956271,0.016682,0.102729,0.057477,0.015514,0.100794,0.053406,0.001168,0.001934,0.004070,-0.031451,-0.359117,-0.012257,0.360700,0.796881,9.099001,0.310563,9.099001,103.894783,3.546086,0.310563,3.546086,0.121033,-0.000000,0.000000,104.812698,-0.031451,-0.359117,-0.012257,0.360700,0.879967,10.047696,0.342943,10.047696,114.727228,3.915813,0.342943,3.915813,0.133653,-0.000000,0.000000,115.740848,0.030388,0.090197,0.058017,0.030443,0.089955,0.058127,-0.000055,0.000242,-0.000110,-0.000020,-0.001261,-0.000365,0.001313,0.019906,1.260048,0.364827,1.260048,79.761771,23.093758,0.364827,23.093758,6.686432,-0.000000,0.000000,86.468109,-0.000020,-0.001261,-0.000365,0.001313,0.019790,1.252693,0.362697,1.252693,79.296207,22.958961,0.362697,22.958961,6.647404,-0.000000,0.000000,85.963400
0.3721,baseline,0.268,20.0000,4.215379,-1.205709,-1.291612,-0.073631,-0.072097,1.176563,-1.998777,0.977146,-2.699806,1.313088,-2.483515,1.412796,-1.965029,0.019165,0.004277,0.023981,0.023981,0.114683,0.044452,0.023981,0.023981,0.023981,-0.232409,-0.062831,0.023981,0.023981,1.565891,-0.682734,1.067448,0.063805,0.002403,0.000000,-0.002403,-0.003605,0.715350,0.916870,0.916870,0.594105,1.197784,1.197784,0.798357,1.139227,1.139227,0.858980,1.016044,1.016044,-0.007262,0.090068,-0.009661,0.003613,0.061050,-0.009209,-0.010875,0.029018,-0.000452,-0.004956,0.008944,-0.010766,0.014848,3.459654,-6.242892,7.515138,-6.242892,11.265201,-13.560949,7.515138,-13.560949,16.324549,-0.000000,0.000000,31.049404,-0.004956,0.008944,-0.010766,0.014848,2.510037,-4.529322,5.452358,-4.529322,8.173092,-9.838695,5.452358,-9.838695,11.843733,-0.000000,0.000000,22.526861,-0.017012,0.115235,0.076577,-0.016418,0.114029,0.072616,-0.000594,0.001206,0.003961,-0.025338,-0.282684,-0.200330,0.347397,0.557259,6.216951,4.405786,6.216951,69.358153,49.152258,4.405786,49.152258,34.832884,-0.000000,-0.000000,104.748296,-0.025338,-0.282684,-0.200330,0.347397,0.583490,6.509583,4.613166,6.509583,72.622838,51.465853,4.613166,51.465853,36.472466,-0.000000,0.000000,109.678794,0.001650,0.107078,0.073470,0.001630,0.106986,0.072969,0.000020,0.000092,0.000501,-0.003748,-0.035340,-0.005319,0.035934,1.062358,10.017331,1.507609,10.017331,94.456798,14.215756,1.507609,14.215756,2.139472,-0.000000,0.000000,97.658628,-0.003748,-0.035340,-0.005319,0.035934,1.076474,10.150436,1.527641,10.150436,95.711897,14.404648,1.527641,14.404648,2.167901,-0.000000,0.000000,98.956271,0.016800,0.102939,0.057889,0.015514,0.100794,0.053406,0.001286,0.002145,0.004482,-0.035745,-0.397000,-0.017150,0.398974,0.842495,9.357027,0.404217,9.357027,103.922218,4.489369,0.404217,4.489369,0.193938,-0.000000,-0.000000,104.958651,-0.035745,-0.397000,-0.017150,0.398974,0.938381,10.421967,0.450222,10.421967,115.749792,5.000312,0.450222,5.000312,0.216010,0.000000,0.000000,116.904183,0.030389,0.090197,0.058018,0.030443,0.089955,0.058127,-0.000054,0.000242,-0.000110,-0.000021,-0.001308,-0.000379,0.001362,0.020005,1.263193,0.365714,1.263193,79.762476,23.092472,0.365714,23.092472,6.685628,0.000000,0.000000,86.468109,-0.000021,-0.001308,-0.000379,0.001362,0.019889,1.255840,0.363585,1.255840,79.298230,22.958065,0.363585,22.958065,6.646715,-0.000000,0.000000,85.964834
0.4145,baseline,0.268,20.0000,4.215379,-1.208777,-1.291612,-0.073631,-0.076699,1.187301,-1.998777,0.977146,-2.699806,1.300816,-2.475845,1.412796,-1.965029,0.008610,-0.110654,0.023981,0.023981,-0.025433,0.236044,0.023981,0.023981,0.023981,-0.238285,0.109972,0.023981,0.023981,1.565891,-0.684472,1.067448,0.063805,0.002557,0.000000,-0.002557,-0.003835,0.721879,0.916870,0.916870,0.594105,1.197784,1.197784,0.790896,1.135709,1.135709,0.858980,1.016044,1.016044,-0.007243,0.090022,-0.009755,0.003613,0.061050,-0.009209,-0.010856,0.028972,-0.000546,-0.004479,0.008073,-0.009750,0.013428,3.454629,-6.226428,7.520356,-6.226428,11.222164,-13.554266,7.520356,-13.554266,16.371008,-0.000000,0.000000,31.047800,-0.004479,0.008073,-0.009750,0.013428,2.508355,-4.520918,5.460419,-4.520918,8.148248,-9.841553,5.460419,-9.841553,11.886747,0.000000,0.000000,22.543349,-0.016933,0.115197,0.076115,-0.016418,0.114029,0.072616,-0.000515,0.001168,0.003499,-0.022942,-0.252369,-0.176438,0.308783,0.578219,6.360669,4.446912,6.360669,69.970203,48.918026,4.446912,48.918026,34.199890,-0.000000,0.000000,104.748311,-0.022942,-0.252369,-0.176438,0.308783,0.601761,6.619636,4.627963,6.619636,72.818963,50.909669,4.627963,50.909669,35.592301,-0.000000,0.000000,109.013024,0.001650,0.107078,0.073470,0.001630,0.106986,0.072969,0.000020,0.000092,0.000501,-0.003748,-0.035340,-0.005319,0.035934,1.062358,10.017331,1.507609,10.017331,94.456798,14.215756,1.507609,14.215756,2.139472,-0.000000,0.000000,97.658628,-0.003748,-0.035340,-0.005319,0.035934,1.076474,10.150436,1.527641,10.150436,95.711897,14.404648,1.527641,14.404648,2.167901,-0.000000,0.000000,98.956271,0.016950,0.103277,0.058408,0.015514,0.100794,0.053406,0.001436,0.002483,0.005001,-0.042083,-0.448756,-0.025724,0.451458,0.915064,9.757939,0.559355,9.757939,104.055425,5.964777,0.559355,5.964777,0.341919,-0.000000,0.000000,105.312409,-0.042083,-0.448756,-0.025724,0.451458,1.029169,10.974712,0.629104,10.974712,117.030687,6.708559,0.629104,6.708559,0.384555,0.000000,0.000000,118.444411,0.030386,0.090197,0.058017,0.030443,0.089955,0.058127,-0.000057,0.000241,-0.000110,-0.000018,-0.001171,-0.000339,0.001219,0.019708,1.253758,0.363053,1.253758,79.760362,23.096329,0.363053,23.096329,6.688039,-0.000000,0.000000,86.468109,-0.000018,-0.001171,-0.000339,0.001219,0.019592,1.246399,0.360922,1.246399,79.292225,22.960770,0.360922,22.960770,6.648785,-0.000000,-0.000000,85.960602
0.4569,baseline,0.268,20.0000,4.215379,-1.208777,-1.291612,-0.073631,-0.076699,1.182699,-1.998777,0.977146,-2.699806,1.293146,-2.469709,1.412796,-1.965029,0.010644,-0.007037,0.023981,0.023981,-0.036703,0.042232,0.023981,0.023981,0.023981,-0.207212,0.146430,0.023981,0.023981,1.565891,-0.684472,1.067448,0.063805,0.002557,0.000000,-0.002557,-0.003835,0.719081,0.916870,0.916870,0.594105,1.197784,1.197784,0.786233,1.132894,1.132894,0.858980,1.016044,1.016044,-0.007243,0.090022,-0.009755,0.003613,0.061050,-0.009209,-0.010856,0.028972,-0.000546,-0.004479,0.008073,-0.009750,0.013428,3.454629,-6.226428,7.520356,-6.226428,11.222164,-13.554266,7.520356,-13.554266,16.371008,-0.000000,0.000000,31.047800,-0.004479,0.008073,-0.009750,0.013428,2.508355,-4.520918,5.460419,-4.520918,8.148248,-9.841553,5.460419,-9.841553,11.886747,0.000000,0.000000,22.543349,-0.016965,0.115213,0.076313,-0.016418,0.114029,0.072616,-0.000547,0.001185,0.003697,-0.023997,-0.265379,-0.186619,0.325313,0.569988,6.303352,4.432624,6.303352,69.707145,49.019251,4.432624,49.019251,34.471172,-0.000000,0.000000,104.748305,-0.023997,-0.265379,-0.186619,0.325313,0.594749,6.577175,4.625182,6.577175,72.735291,51.148695,4.625182,51.148695,35.968633,-0.000000,0.000000,109.298673,0.001650,0.107078,0.073470,0.001630,0.106986,0.072969,0.000020,0.000092,0.000501,-0.003748,-0.035340,-0.005319,0.035934,1.062358,10.017331,1.507609,10.017331,94.456798,14.215756,1.507609,14.215756,2.139472,-0.000000,0.000000,97.658628,-0.003748,-0.035340,-0.005319,0.035934,1.076474,10.150436,1.527641,10.150436,95.711897,14.404648,1.527641,14.404648,2.167901,-0.000000,0.000000,98.956271,0.017050,0.103518,0.058750,0.015514,0.100794,0.053406,0.001536,0.002724,0.005344,-0.046690,-0.483927,-0.032594,0.487265,0.969437,10.047849,0.676754,10.047849,104.142164,7.014296,0.676754,7.014296,0.472434,-0.000000,0.000000,105.584035,-0.046690,-0.483927,-0.032594,0.487265,1.096796,11.367880,0.765662,11.367880,117.823781,7.935795,0.765662,7.935795,0.534500,-0.000000,0.000000,119.455077,0.030386,0.090197,0.058017,0.030443,0.089955,0.058127,-0.000057,0.000241,-0.000110,-0.000018,-0.001173,-0.000340,0.001221,0.019708,1.253758,0.363053,1.253758,79.760362,23.096329,0.363053,23.096329,6.688039,0.000000,0.000000,86.468109,-0.000018,-0.001173,-0.000340,0.001221,0.019592,1.246400,0.360922,1.246400,79.292250,22.960777,0.360922,22.960777,6.648787,-0.000000,0.000000,85.960630
0.4995,baseline,0.268,20.0000,4.215379,-1.201107,-1.291612,-0.073631,-0.078233,1.171961,-1.998777,0.977146,-2.699806,1.291612,-2.463573,1.412796,-1.965029,0.003112,0.058974,0.023981,0.023981,-0.010795,-0.149340,0.023981,0.023981,0.023981,-0.114773,0.162962,0.023981,0.023981,1.565891,-0.680129,1.067448,0.063805,0.002608,0.000000,-0.002608,-0.003912,0.712552,0.916870,0.916870,0.594105,1.197784,1.197784,0.785300,1.130079,1.130079,0.858980,1.016044,1.016044,-0.007290,0.090136,-0.009519,0.003613,0.061050,-0.009209,-0.010903,0.029086,-0.000310,-0.005673,0.010255,-0.012283,0.016977,3.467212,-6.267598,7.507257,-6.267598,11.329788,-13.570693,7.507257,-13.570693,16.254822,-0.000000,0.000000,31.051823,-0.005673,0.010255,-0.012283,0.016977,2.512569,-4.541912,5.440251,-4.541912,8.210307,-9.834214,5.440251,-9.834214,11.779310,-0.000000,0.000000,22.502186,-0.017039,0.115249,0.076775,-0.016418,0.114029,0.072616,-0.000621,0.001221,0.004159,-0.026407,-0.295527,-0.210661,0.363884,0.551634,6.173526,4.400676,6.173526,69.090107,49.249520,4.400676,49.249520,35.106549,-0.000000,0.000000,104.748290,-0.026407,-0.295527,-0.210661,0.363884,0.579090,6.480797,4.619708,6.480797,72.528884,51.700784,4.619708,51.700784,36.853884,-0.000000,0.000000,109.961858,0.001650,0.107078,0.073470,0.001630,0.106986,0.072969,0.000020,0.000092,0.000501,-0.003748,-0.035340,-0.005319,0.035934,1.062358,10.017331,1.507609,10.017331,94.456798,14.215756,1.507609,14.215756,2.139472,-0.000000,0.000000,97.658628,-0.003748,-0.035340,-0.005319,0.035934,1.076474,10.150436,1.527641,10.150436,95.711897,14.404648,1.527641,14.404648,2.167901,-0.000000,0.000000,98.956271,0.017089,0.103686,0.058875,0.015514,0.100794,0.053406,0.001575,0.002891,0.005469,-0.049183,-0.500894,-0.036948,0.504657,1.005331,10.238595,0.755240,10.238595,104.272915,7.691595,0.755240,7.691595,0.567363,0.000000,0.000000,105.845609,-0.049183,-0.500894,-0.036948,0.504657,1.138789,11.597766,0.855498,11.597766,118.115120,8.712652,0.855498,8.712652,0.642681,-0.000000,0.000000,119.896589,0.030385,0.090196,0.058017,0.030443,0.089955,0.058127,-0.000058,0.000241,-0.000110,-0.000018,-0.001129,-0.000327,0.001175,0.019609,1.250613,0.362165,1.250613,79.759657,23.097614,0.362165,23.097614,6.688843,-0.000000,0.000000,86.468109,-0.000018,-0.001129,-0.000327,0.001175,0.019494,1.243253,0.360034,1.243253,79.290266,22.961683,0.360034,22.961683,6.649478,-0.000000,0.000000,85.959238
0.5418,baseline,0.268,20.0000,4.215379,-1.193437,-1.291612,-0.073631,-0.075165,1.162757,-1.998777,0.977146,-2.699806,1.291612,-2.457437,1.412796,-1.965029,0.000712,0.241291,0.023981,0.023981,0.016882,-0.201227,0.023981,0.023981,0.023981,-0.026866,0.163312,0.023981,0.023981,1.565891,-0.675785,1.067448,0.063805,0.002506,0.000000,-0.002506,-0.003758,0.706957,0.916870,0.916870,0.594105,1.197784,1.197784,0.785300,1.127265,1.127265,0.858980,1.016044,1.016044,-0.007337,0.090249,-0.009283,0.003613,0.061050,-0.009209,-0.010950,0.029199,-0.000074,-0.006868,0.012452,-0.014791,0.020519,3.479861,-6.308800,7.493983,-6.308800,11.437515,-13.586186,7.493983,-13.586186,16.138511,-0.000000,0.000000,31.055887,-0.006868,0.012452,-0.014791,0.020519,2.516814,-4.562848,5.420033,-4.562848,8.272198,-9.826228,5.420033,-9.826228,11.672200,-0.000000,0.000000,22.461212,-0.017106,0.115278,0.077171,-0.016418,0.114029,0.072616,-0.000688,0.001249,0.004555,-0.028357,-0.321183,-0.231611,0.396997,0.534419,6.053132,4.365023,6.053132,68.561237,49.440750,4.365023,49.440750,35.652621,-0.000000,0.000000,104.748276,-0.028357,-0.321183,-0.231611,0.396997,0.563903,6.387085,4.605842,6.387085,72.343769,52.168403,4.605842,52.168403,37.619581,-0.000000,0.000000,110.527253,0.001650,0.107078,0.073470,0.001630,0.106986,0.072969,0.000020,0.000092,0.000501,-0.003748,-0.035340,-0.005319,0.035934,1.062358,10.017331,1.507609,10.017331,94.456798,14.215756,1.507609,14.215756,2.139472,-0.000000,0.000000,97.658628,-0.003748,-0.035340,-0.005319,0.035934,1.076474,10.150436,1.527641,10.150436,95.711897,14.404648,1.527641,14.404648,2.167901,-0.000000,0.000000,98.956271,0.017115,0.103834,0.058947,0.015514,0.100794,0.053406,0.001601,0.003040,0.005540,-0.051188,-0.513319,-0.040680,0.517467,1.038196,10.411106,0.825066,10.411106,104.403309,8.273822,0.825066,8.273822,0.655689,-0.000000,0.000000,106.097195,-0.051188,-0.513319,-0.040680,0.517467,1.176079,11.793805,0.934643,11.793805,118.269115,9.372668,0.934643,9.372668,0.742771,0.000000,0.000000,120.187965,0.030387,0.090197,0.058017,0.030443,0.089955,0.058127,-0.000056,0.000242,-0.000110,-0.000019,-0.001222,-0.000354,0.001273,0.019807,1.256903,0.363940,1.256903,79.761067,23.095044,0.363940,23.095044,6.687236,-0.000000,0.000000,86.468109,-0.000019,-0.001222,-0.000354,0.001273,0.019691,1.249547,0.361810,1.249547,79.294297,22.959889,0.361810,22.959889,6.648101,-0.000000,0.000000,85.962089
0.5849,baseline,0.268,20.0000,4.215379,-1.199573,-1.291612,-0.073631,-0.073631,1.152020,-1.998777,0.977146,-2.699806,1.297748,-2.451301,1.412796,-1.965029,0.000163,0.004053,0.023981,0.023981,0.065367,-0.227561,0.023981,0.023981,0.023981,0.035611,0.151205,0.023981,0.023981,1.565891,-0.679260,1.067448,0.063805,0.002454,0.000000,-0.002454,-0.003682,0.700428,0.916870,0.916870,0.594105,1.197784,1.197784,0.789031,1.124450,1.124450,0.858980,1.016044,1.016044,-0.007299,0.090159,-0.009472,0.003613,0.061050,-0.009209,-0.010913,0.029109,-0.000263,-0.005912,0.010693,-0.012787,0.017686,3.469737,-6.275835,7.504617,-6.275835,11.351326,-13.573866,7.504617,-13.573866,16.231570,0.000000,0.000000,31.052632,-0.005912,0.010693,-0.012787,0.017686,2.513416,-4.546104,5.436211,-4.546104,8.222699,-9.832668,5.436211,-9.832668,11.757862,-0.000000,0.000000,22.493977,-0.017183,0.115309,0.077633,-0.016418,0.114029,0.072616,-0.000766,0.001280,0.005017,-0.030559,-0.350836,-0.256419,0.435627,0.515477,5.917902,4.325275,5.917902,67.940150,49.656087,4.325275,49.656087,36.292634,-0.000000,0.000000,104.748260,-0.030559,-0.350836,-0.256419,0.435627,0.547140,6.281413,4.590958,6.281413,72.113422,52.706248,4.590958,52.706248,38.521935,-0.000000,0.000000,111.182497,0.001650,0.107078,0.073470,0.001630,0.106986,0.072969,0.000020,0.000092,0.000501,-0.003748,-0.035340,-0.005319,0.035934,1.062358,10.017331,1.507609,10.017331,94.456798,14.215756,1.507609,14.215756,2.139472,-0.000000,0.000000,97.658628,-0.003748,-0.035340,-0.005319,0.035934,1.076474,10.150436,1.527641,10.150436,95.711897,14.404648,1.527641,14.404648,2.167901,-0.000000,0.000000,98.956271,0.017079,0.103911,0.058798,0.015514,0.100794,0.053406,0.001565,0.003116,0.005391,-0.050863,-0.507388,-0.041148,0.511588,1.051108,10.485500,0.850346,10.485500,104.599822,8.482766,0.850346,8.482766,0.687930,-0.000000,0.000000,106.338859,-0.050863,-0.507388,-0.041148,0.511588,1.185399,11.825138,0.958987,11.825138,117.963605,9.566533,0.958987,9.566533,0.775820,-0.000000,-0.000000,119.924824,0.030388,0.090197,0.058017,0.030443,0.089955,0.058127,-0.000055,0.000242,-0.000110,-0.000020,-0.001269,-0.000367,0.001321,0.019906,1.260048,0.364827,1.260048,79.761772,23.093758,0.364827,23.093758,6.686432,-0.000000,-0.000000,86.468109,-0.000020,-0.001269,-0.000367,0.001321,0.019790,1.252695,0.362698,1.252695,79.296312,22.958992,0.362698,22.958992,6.647412,-0.000000,0.000000,85.963514
0.6269,baseline,0.268,20.0000,4.215379,-1.202641,-1.291612,-0.073631,-0.075165,1.144350,-1.998777,0.977146,-2.699806,1.331495,-2.448233,1.412796,-1.965029,0.014095,-0.100825,0.023981,0.023981,0.013766,-0.216541,0.023981,0.023981,0.023981,0.451152,0.117115,0.023981,0.023981,1.565891,-0.680997,1.067448,0.063805,0.002506,0.000000,-0.002506,-0.003758,0.695765,0.916870,0.916870,0.594105,1.197784,1.197784,0.809549,1.123043,1.123043,0.858980,1.016044,1.016044,-0.007280,0.090114,-0.009567,0.003613,0.061050,-0.009209,-0.010894,0.029064,-0.000358,-0.005434,0.009817,-0.011778,0.016268,3.464690,-6.259361,7.509891,-6.259361,11.308255,-13.567482,7.509891,-13.567482,16.278070,-0.000000,0.000000,31.051015,-0.005434,0.009817,-0.011778,0.016268,2.511724,-4.537718,5.444289,-4.537718,8.197909,-9.835733,5.444289,-9.835733,11.800771,0.000000,0.000000,22.510404,-0.017236,0.115329,0.077963,-0.016418,0.114029,0.072616,-0.000819,0.001300,0.005348,-0.032104,-0.371820,-0.274374,0.463208,0.503177,5.827608,4.300318,5.827608,67.493144,49.804650,4.300318,49.804650,36.751928,-0.000000,0.000000,104.748249,-0.032104,-0.371820,-0.274374,0.463208,0.536319,6.211443,4.583558,6.211443,71.938578,53.085032,4.583558,53.085032,39.172593,-0.000000,-0.000000,111.647489,0.001650,0.107078,0.073470,0.001630,0.106986,0.072969,0.000020,0.000092,0.000501,-0.003748,-0.035340,-0.005319,0.035934,1.062358,10.017331,1.507609,10.017331,94.456798,14.215756,1.507609,14.215756,2.139472,-0.000000,0.000000,97.658628,-0.003748,-0.035340,-0.005319,0.035934,1.076474,10.150436,1.527641,10.150436,95.711897,14.404648,1.527641,14.404648,2.167901,-0.000000,0.000000,98.956271,0.016753,0.103573,0.057624,0.015514,0.100794,0.053406,0.001239,0.002779,0.004218,-0.039429,-0.412646,-0.026336,0.415361,0.959294,10.039511,0.640742,10.039511,105.068725,6.705703,0.640742,6.705703,0.427972,-0.000000,0.000000,106.455991,-0.039429,-0.412646,-0.026336,0.415361,1.054996,11.041087,0.704665,11.041087,115.550735,7.374687,0.704665,7.374687,0.470668,-0.000000,-0.000000,117.076399,0.030387,0.090197,0.058017,0.030443,0.089955,0.058127,-0.000056,0.000242,-0.000110,-0.000019,-0.001219,-0.000353,0.001269,0.019807,1.256903,0.363940,1.256903,79.761067,23.095044,0.363940,23.095044,6.687236,-0.000000,-0.000000,86.468109,-0.000019,-0.001219,-0.000353,0.001269,0.019691,1.249547,0.361810,1.249547,79.294257,22.959878,0.361810,22.959878,6.648098,-0.000000,0.000000,85.962045
0.6729,baseline,0.268,20.0000,4.215379,-1.204175,-1.291612,-0.073631,-0.078233,1.141282,-1.998777,0.977146,-2.699806,1.348369,-2.445165,1.412796,-1.965029,0.003224,-0.002230,0.023981,0.023981,-0.040167,-0.117311,0.023981,0.023981,0.023981,0.605511,0.087113,0.023981,0.023981,1.565891,-0.681866,1.067448,0.063805,0.002608,0.000000,-0.002608,-0.003912,0.693899,0.916870,0.916870,0.594105,1.197784,1.197784,0.819808,1.121635,1.121635,0.858980,1.016044,1.016044,-0.007271,0.090091,-0.009614,0.003613,0.061050,-0.009209,-0.010884,0.029041,-0.000405,-0.005195,0.009380,-0.011273,0.015558,3.462171,-6.251126,7.512518,-6.251126,11.286726,-13.564234,7.512518,-13.564234,16.301312,-0.000000,0.000000,31.050209,-0.005195,0.009380,-0.011273,0.015558,2.510880,-4.533521,5.448324,-4.533521,8.185504,-9.837227,5.448324,-9.837227,11.822246,-0.000000,0.000000,22.518629,-0.017255,0.115336,0.078096,-0.016418,0.114029,0.072616,-0.000837,0.001307,0.005480,-0.032739,-0.380151,-0.281602,0.474222,0.499249,5.797042,4.294242,5.797042,67.312492,49.862692,4.294242,49.862692,36.936503,0.000000,0.000000,104.748244,-0.032739,-0.380151,-0.281602,0.474222,0.533014,6.189108,4.584670,6.189108,71.864969,53.235005,4.584670,53.235005,39.434592,0.000000,0.000000,111.832576,0.001650,0.107078,0.073470,0.001630,0.106986,0.072969,0.000020,0.000092,0.000501,-0.003748,-0.035340,-0.005319,0.035934,1.062358,10.017331,1.507609,10.017331,94.456798,14.215756,1.507609,14.215756,2.139472,-0.000000,0.000000,97.658628,-0.003748,-0.035340,-0.005319,0.035934,1.076474,10.150436,1.527641,10.150436,95.711897,14.404648,1.527641,14.404648,2.167901,-0.000000,0.000000,98.956271,0.016595,0.103433,0.057057,0.015514,0.100794,0.053406,0.001081,0.002638,0.003650,-0.034438,-0.368100,-0.020829,0.370293,0.921742,9.852424,0.557494,9.852424,105.311739,5.959008,0.557494,5.959008,0.337187,-0.000000,0.000000,106.570669,-0.034438,-0.368100,-0.020829,0.370293,1.000810,10.697575,0.605317,10.697575,114.345487,6.470178,0.605317,6.470178,0.366112,0.000000,0.000000,115.712408,0.030385,0.090196,0.058017,0.030443,0.089955,0.058127,-0.000058,0.000241,-0.000110,-0.000018,-0.001125,-0.000326,0.001171,0.019609,1.250613,0.362165,1.250613,79.759657,23.097615,0.362165,23.097615,6.688843,-0.000000,0.000000,86.468109,-0.000018,-0.001125,-0.000326,0.001171,0.019494,1.243252,0.360034,1.243252,79.290219,22.961670,0.360034,22.961670,6.649474,-0.000000,0.000000,85.959188
0.7147,baseline,0.268,20.0000,4.215379,-1.193437,-1.291612,-0.073631,-0.078233,1.141282,-1.998777,0.977146,-2.699806,1.345301,-2.445165,1.412796,-1.965029,0.000664,0.087912,0.023981,0.023981,-0.013530,-0.026537,0.023981,0.023981,0.023981,0.151778,0.052735,0.023981,0.023981,1.565891,-0.675785,1.067448,0.063805,0.002608,0.000000,-0.002608,-0.003912,0.693899,0.916870,0.916870,0.594105,1.197784,1.197784,0.817943,1.121635,1.121635,0.858980,1.016044,1.016044,-0.007337,0.090249,-0.009283,0.003613,0.061050,-0.009209,-0.010950,0.029199,-0.000074,-0.006868,0.012452,-0.014791,0.020519,3.479861,-6.308800,7.493983,-6.308800,11.437515,-13.586186,7.493983,-13.586186,16.138511,-0.000000,0.000000,31.055887,-0.006868,0.012452,-0.014791,0.020519,2.516814,-4.562848,5.420033,-4.562848,8.272198,-9.826228,5.420033,-9.826228,11.672200,-0.000000,0.000000,22.461212,-0.017255,0.115336,0.078096,-0.016418,0.114029,0.072616,-0.000837,0.001307,0.005480,-0.032739,-0.380151,-0.281602,0.474222,0.499249,5.797042,4.294242,5.797042,67.312492,49.862692,4.294242,49.862692,36.936503,-0.000000,-0.000000,104.748244,-0.032739,-0.380151,-0.281602,0.474222,0.533014,6.189108,4.584670,6.189108,71.864969,53.235005,4.584670,53.235005,39.434592,-0.000000,0.000000,111.832576,0.001650,0.107078,0.073470,0.001630,0.106986,0.072969,0.000020,0.000092,0.000501,-0.003748,-0.035340,-0.005319,0.035934,1.062358,10.017331,1.507609,10.017331,94.456798,14.215756,1.507609,14.215756,2.139472,-0.000000,0.000000,97.658628,-0.003748,-0.035340,-0.005319,0.035934,1.076474,10.150436,1.527641,10.150436,95.711897,14.404648,1.527641,14.404648,2.167901,-0.000000,0.000000,98.956271,0.016626,0.103472,0.057166,0.015514,0.100794,0.053406,0.001112,0.002678,0.003759,-0.035482,-0.377294,-0.022034,0.379599,0.931136,9.901033,0.578228,9.901033,105.280458,6.148464,0.578228,6.148464,0.359075,-0.000000,0.000000,106.570669,-0.035482,-0.377294,-0.022034,0.379599,1.013403,10.775793,0.629315,10.775793,114.582030,6.691683,0.629315,6.691683,0.390800,-0.000000,-0.000000,115.986232,0.030385,0.090196,0.058017,0.030443,0.089955,0.058127,-0.000058,0.000241,-0.000110,-0.000018,-0.001126,-0.000326,0.001172,0.019609,1.250613,0.362165,1.250613,79.759657,23.097615,0.362165,23.097615,6.688843,0.000000,0.000000,86.468109,-0.000018,-0.001126,-0.000326,0.001172,0.019494,1.243252,0.360034,1.243252,79.290225,22.961672,0.360034,22.961672,6.649475,0.000000,0.000000,85.959194
0.7570,baseline,0.268,20.0000,4.215379,-1.182699,-1.291612,-0.073631,-0.078233,1.144350,-1.998777,0.977146,-2.699806,1.339165,-2.445165,1.412796,-1.965029,0.000152,0.316794,0.023981,0.023981,-0.003095,0.024631,0.023981,0.023981,0.023981,-0.059113,0.030559,0.023981,0.023981,1.565891,-0.669705,1.067448,0.063805,0.002608,0.000000,-0.002608,-0.003912,0.695765,0.916870,0.916870,0.594105,1.197784,1.197784,0.814212,1.121635,1.121635,0.858980,1.016044,1.016044,-0.007403,0.090405,-0.008951,0.003613,0.061050,-0.009209,-0.011017,0.029356,0.000258,-0.008545,0.015554,-0.018263,0.025466,3.497680,-6.366539,7.475100,-6.366539,11.588487,-13.606309,7.475100,-13.606309,15.975480,-0.000000,-0.000000,31.061647,-0.008545,0.015554,-0.018263,0.025466,2.522809,-4.592061,5.391644,-4.592061,8.358550,-9.813966,5.391644,-9.813966,11.522802,-0.000000,-0.000000,22.404161,-0.017233,0.115328,0.077964,-0.016418,0.114029,0.072616,-0.000816,0.001299,0.005348,-0.032140,-0.371795,-0.274361,0.463183,0.504365,5.834406,4.305427,5.834406,67.491355,49.804397,4.305427,49.804397,36.752529,-0.000000,0.000000,104.748249,-0.032140,-0.371795,-0.274361,0.463183,0.537584,6.218671,4.588990,6.218671,71.936456,53.084604,4.588990,53.084604,39.173116,-0.000000,0.000000,111.647156,0.001650,0.107078,0.073470,0.001630,0.106986,0.072969,0.000020,0.000092,0.000501,-0.003748,-0.035340,-0.005319,0.035934,1.062358,10.017331,1.507609,10.017331,94.456798,14.215756,1.507609,14.215756,2.139472,-0.000000,0.000000,97.658628,-0.003748,-0.035340,-0.005319,0.035934,1.076474,10.150436,1.527641,10.150436,95.711897,14.404648,1.527641,14.404648,2.167901,-0.000000,0.000000,98.956271,0.016687,0.103551,0.057385,0.015514,0.100794,0.053406,0.001173,0.002756,0.003978,-0.037599,-0.395681,-0.024546,0.398220,0.950056,9.998040,0.620229,9.998040,105.215708,6.527061,0.620229,6.527061,0.404906,-0.000000,-0.000000,106.570671,-0.037599,-0.395681,-0.024546,0.398220,1.038867,10.932655,0.678208,10.932655,115.051254,7.137209,0.678208,7.137209,0.442757,-0.000000,0.000000,116.532878,0.030385,0.090196,0.058017,0.030443,0.089955,0.058127,-0.000058,0.000241,-0.000110,-0.000018,-0.001126,-0.000326,0.001173,0.019609,1.250613,0.362165,1.250613,79.759657,23.097615,0.362165,23.097615,6.688843,-0.000000,0.000000,86.468109,-0.000018,-0.001126,-0.000326,0.001173,0.019494,1.243252,0.360034,1.243252,79.290232,22.961674,0.360034,22.961674,6.649475,-0.000000,0.000000,85.959202
0.7994,baseline,0.268,20.0000,4.215379,-1.188835,-1.291612,-0.073631,-0.072097,1.164291,-1.998777,0.977146,-2.699806,1.340699,-2.445165,1.412796,-1.965029,0.004591,0.033248,0.023981,0.023981,0.084399,0.276050,0.023981,0.023981,0.023981,-0.014804,0.025486,0.023981,0.023981,1.565891,-0.673180,1.067448,0.063805,0.002403,0.000000,-0.002403,-0.003605,0.707889,0.916870,0.916870,0.594105,1.197784,1.197784,0.815145,1.121635,1.121635,0.858980,1.016044,1.016044,-0.007365,0.090316,-0.009141,0.003613,0.061050,-0.009209,-0.010979,0.029266,0.000068,-0.007587,0.013778,-0.016285,0.022641,3.487482,-6.333538,7.485933,-6.333538,11.502196,-13.595035,7.485933,-13.595035,16.068668,-0.000000,0.000000,31.058346,-0.007587,0.013778,-0.016285,0.022641,2.519376,-4.575382,5.407878,-4.575382,8.309249,-9.821127,5.407878,-9.821127,11.608093,-0.000000,0.000000,22.436717,-0.017098,0.115274,0.077105,-0.016418,0.114029,0.072616,-0.000680,0.001245,0.004489,-0.028002,-0.316950,-0.228114,0.391507,0.535851,6.065234,4.365237,6.065234,68.651633,49.409580,4.365237,49.409580,35.560794,-0.000000,0.000000,104.748279,-0.028002,-0.316950,-0.228114,0.391507,0.564935,6.394433,4.602167,6.394433,72.377802,52.091358,4.602167,52.091358,37.490909,-0.000000,0.000000,110.433647,0.001650,0.107078,0.073470,0.001630,0.106986,0.072969,0.000020,0.000092,0.000501,-0.003748,-0.035340,-0.005319,0.035934,1.062358,10.017331,1.507609,10.017331,94.456798,14.215756,1.507609,14.215756,2.139472,-0.000000,0.000000,97.658628,-0.003748,-0.035340,-0.005319,0.035934,1.076474,10.150436,1.527641,10.150436,95.711897,14.404648,1.527641,14.404648,2.167901,-0.000000,0.000000,98.956271,0.016674,0.103531,0.057330,0.015514,0.100794,0.053406,0.001160,0.002737,0.003924,-0.037106,-0.391154,-0.023898,0.393636,0.946951,9.982409,0.609896,9.982409,105.230908,6.429304,0.609896,6.429304,0.392812,-0.000000,0.000000,106.570670,-0.037106,-0.391154,-0.023898,0.393636,1.034278,10.902981,0.666141,10.902981,114.935241,7.022211,0.666141,7.022211,0.429037,-0.000000,0.000000,116.398556,0.030389,0.090197,0.058018,0.030443,0.089955,0.058127,-0.000054,0.000242,-0.000110,-0.000021,-0.001308,-0.000379,0.001362,0.020005,1.263193,0.365714,1.263193,79.762476,23.092472,0.365714,23.092472,6.685628,-0.000000,-0.000000,86.468109,-0.000021,-0.001308,-0.000379,0.001362,0.019889,1.255840,0.363585,1.255840,79.298230,22.958066,0.363585,22.958066,6.646716,-0.000000,0.000000,85.964834
0.8418,baseline,0.268,20.0000,4.215379,-1.196505,-1.291612,-0.073631,-0.073631,1.165825,-1.998777,0.977146,-2.699806,1.345301,-2.449767,1.412796,-1.965029,0.016556,-0.124082,0.023981,0.023981,0.050957,0.259490,0.023981,0.023981,0.023981,0.023786,-0.022495,0.023981,0.023981,1.565891,-0.677523,1.067448,0.063805,0.002454,0.000000,-0.002454,-0.003682,0.708822,0.916870,0.916870,0.594105,1.197784,1.197784,0.817943,1.123746,1.123746,0.858980,1.016044,1.016044,-0.007318,0.090204,-0.009378,0.003613,0.061050,-0.009209,-0.010931,0.029154,-0.000169,-0.006390,0.011571,-0.013791,0.019103,3.474794,-6.292315,7.499314,-6.292315,11.394413,-13.580101,7.499314,-13.580101,16.185050,-0.000000,0.000000,31.054256,-0.006390,0.011571,-0.013791,0.019103,2.515112,-4.554481,5.428126,-4.554481,8.247462,-9.829499,5.428126,-9.829499,11.715004,-0.000000,0.000000,22.477579,-0.017086,0.115269,0.077039,-0.016418,0.114029,0.072616,-0.000668,0.001240,0.004423,-0.027690,-0.312675,-0.224605,0.385979,0.539112,6.087542,4.372899,6.087542,68.739278,49.377877,4.372899,49.377877,35.469891,-0.000000,-0.000000,104.748281,-0.027690,-0.312675,-0.224605,0.385979,0.567888,6.412477,4.606311,6.412477,72.408379,52.013523,4.606311,52.013523,37.363170,-0.000000,0.000000,110.339438,0.001650,0.107078,0.073470,0.001630,0.106986,0.072969,0.000020,0.000092,0.000501,-0.003748,-0.035340,-0.005319,0.035934,1.062358,10.017331,1.507609,10.017331,94.456798,14.215756,1.507609,14.215756,2.139472,-0.000000,0.000000,97.658628,-0.003748,-0.035340,-0.005319,0.035934,1.076474,10.150436,1.527641,10.150436,95.711897,14.404648,1.527641,14.404648,2.167901,-0.000000,0.000000,98.956271,0.016610,0.103359,0.057115,0.015514,0.100794,0.053406,0.001096,0.002565,0.003709,-0.034254,-0.368334,-0.019989,0.370463,0.909646,9.781363,0.530822,9.781363,105.178320,5.707897,0.530822,5.707897,0.309761,-0.000000,0.000000,106.397727,-0.034254,-0.368334,-0.019989,0.370463,0.989798,10.643227,0.577595,10.643227,114.445888,6.210837,0.577595,6.210837,0.337054,-0.000000,0.000000,115.772741,0.030388,0.090197,0.058017,0.030443,0.089955,0.058127,-0.000055,0.000242,-0.000110,-0.000020,-0.001261,-0.000365,0.001313,0.019906,1.260048,0.364827,1.260048,79.761771,23.093758,0.364827,23.093758,6.686432,-0.000000,0.000000,86.468109,-0.000020,-0.001261,-0.000365,0.001313,0.019790,1.252693,0.362697,1.252693,79.296209,22.958962,0.362697,22.958962,6.647404,-0.000000,-0.000000,85.963402
0.8842,baseline,0.268,20.0000,4.215379,-1.202641,-1.291612,-0.073631,-0.078233,1.162757,-1.998777,0.977146,-2.699806,1.366777,-2.466641,1.412796,-1.965029,0.015620,-0.139931,0.023981,0.023981,-0.042659,0.027856,0.023981,0.023981,0.023981,0.342918,-0.217007,0.023981,0.023981,1.565891,-0.680997,1.067448,0.063805,0.002608,0.000000,-0.002608,-0.003912,0.706957,0.916870,0.916870,0.594105,1.197784,1.197784,0.831000,1.131487,1.131487,0.858980,1.016044,1.016044,-0.007280,0.090114,-0.009567,0.003613,0.061050,-0.009209,-0.010894,0.029064,-0.000358,-0.005434,0.009817,-0.011778,0.016268,3.464690,-6.259361,7.509891,-6.259361,11.308255,-13.567482,7.509891,-13.567482,16.278070,-0.000000,0.000000,31.051015,-0.005434,0.009817,-0.011778,0.016268,2.511724,-4.537718,5.444289,-4.537718,8.197909,-9.835733,5.444289,-9.835733,11.800771,0.000000,0.000000,22.510404,-0.017103,0.115278,0.077171,-0.016418,0.114029,0.072616,-0.000686,0.001249,0.004555,-0.028387,-0.321159,-0.231598,0.396972,0.535633,6.059927,4.370015,6.059927,68.559444,49.440505,4.370015,49.440505,35.653199,-0.000000,0.000000,104.748276,-0.028387,-0.321159,-0.231598,0.396972,0.565182,6.394234,4.611096,6.394234,72.341657,52.167984,4.611096,52.167984,37.620076,0.000000,0.000000,110.526915,0.001650,0.107078,0.073470,0.001630,0.106986,0.072969,0.000020,0.000092,0.000501,-0.003748,-0.035340,-0.005319,0.035934,1.062358,10.017331,1.507609,10.017331,94.456798,14.215756,1.507609,14.215756,2.139472,-0.000000,0.000000,97.658628,-0.003748,-0.035340,-0.005319,0.035934,1.076474,10.150436,1.527641,10.150436,95.711897,14.404648,1.527641,14.404648,2.167901,-0.000000,0.000000,98.956271,0.016331,0.102659,0.056175,0.015514,0.100794,0.053406,0.000817,0.001865,0.002769,-0.023189,-0.271264,-0.007206,0.272349,0.766388,8.965235,0.238154,8.965235,104.875655,2.785931,0.238154,2.785931,0.074006,-0.000000,0.000000,105.716048,-0.023189,-0.271264,-0.007206,0.272349,0.818853,9.578979,0.254457,9.578979,112.055252,2.976651,0.254457,2.976651,0.079072,-0.000000,0.000000,112.953177,0.030385,0.090196,0.058017,0.030443,0.089955,0.058127,-0.000058,0.000241,-0.000110,-0.000018,-0.001119,-0.000324,0.001165,0.019609,1.250613,0.362165,1.250613,79.759657,23.097614,0.362165,23.097614,6.688843,-0.000000,0.000000,86.468109,-0.000018,-0.001119,-0.000324,0.001165,0.019494,1.243251,0.360033,1.243251,79.290139,22.961647,0.360033,22.961647,6.649468,-0.000000,0.000000,85.959101
0.9271,baseline,0.268,20.0000,4.215379,-1.211845,-1.291612,-0.073631,-0.078233,1.162757,-1.998777,0.977146,-2.699806,1.371379,-2.468175,1.412796,-1.965029,0.010072,-0.177907,0.023981,0.023981,-0.034234,-0.036309,0.023981,0.023981,0.023981,0.325021,-0.203005,0.023981,0.023981,1.565891,-0.686209,1.067448,0.063805,0.002608,0.000000,-0.002608,-0.003912,0.706957,0.916870,0.916870,0.594105,1.197784,1.197784,0.833798,1.132190,1.132190,0.858980,1.016044,1.016044,-0.007224,0.089976,-0.009850,0.003613,0.061050,-0.009209,-0.010837,0.028927,-0.000641,-0.004002,0.007204,-0.008731,0.012006,3.449614,-6.209970,7.525546,-6.209970,11.179144,-13.547435,7.525546,-13.547435,16.417445,-0.000000,0.000000,31.046203,-0.004002,0.007204,-0.008731,0.012006,2.506678,-4.512504,5.468473,-4.512504,8.123377,-9.844306,5.468473,-9.844306,11.929813,-0.000000,0.000000,22.559868,-0.017103,0.115278,0.077171,-0.016418,0.114029,0.072616,-0.000686,0.001249,0.004555,-0.028387,-0.321159,-0.231598,0.396972,0.535633,6.059927,4.370015,6.059927,68.559444,49.440505,4.370015,49.440505,35.653199,-0.000000,0.000000,104.748276,-0.028387,-0.321159,-0.231598,0.396972,0.565182,6.394234,4.611096,6.394234,72.341657,52.167984,4.611096,52.167984,37.620076,-0.000000,0.000000,110.526915,0.001650,0.107078,0.073470,0.001630,0.106986,0.072969,0.000020,0.000092,0.000501,-0.003748,-0.035340,-0.005319,0.035934,1.062358,10.017331,1.507609,10.017331,94.456798,14.215756,1.507609,14.215756,2.139472,-0.000000,0.000000,97.658628,-0.003748,-0.035340,-0.005319,0.035934,1.076474,10.150436,1.527641,10.150436,95.711897,14.404648,1.527641,14.404648,2.167901,-0.000000,0.000000,98.956271,0.016280,0.102558,0.055997,0.015514,0.100794,0.053406,0.000766,0.001764,0.002591,-0.021487,-0.254614,-0.005725,0.255583,0.746726,8.848428,0.198959,8.848428,104.850601,2.357586,0.198959,2.357586,0.053011,-0.000000,0.000000,105.650338,-0.021487,-0.254614,-0.005725,0.255583,0.794747,9.417459,0.211753,9.417459,111.593413,2.509200,0.211753,2.509200,0.056420,0.000000,0.000000,112.444580,0.030385,0.090196,0.058017,0.030443,0.089955,0.058127,-0.000058,0.000241,-0.000110,-0.000018,-0.001118,-0.000324,0.001164,0.019609,1.250613,0.362165,1.250613,79.759657,23.097614,0.362165,23.097614,6.688843,-0.000000,0.000000,86.468109,-0.000018,-0.001118,-0.000324,0.001164,0.019494,1.243251,0.360033,1.243251,79.290129,22.961644,0.360033,22.961644,6.649467,-0.000000,0.000000,85.959090
0.9697,baseline,0.268,20.0000,4.215379,-1.222583,-1.291612,-0.073631,-0.078233,1.164291,-1.998777,0.977146,-2.699806,1.363709,-2.465107,1.412796,-1.965029,0.008288,-0.227525,0.023981,0.023981,-0.007832,0.044311,0.023981,0.023981,0.023981,0.016142,-0.010596,0.023981,0.023981,1.565891,-0.692289,1.067448,0.063805,0.002608,0.000000,-0.002608,-0.003912,0.707889,0.916870,0.916870,0.594105,1.197784,1.197784,0.829135,1.130783,1.130783,0.858980,1.016044,1.016044,-0.007158,0.089815,-0.010179,0.003613,0.061050,-0.009209,-0.010771,0.028765,-0.000970,-0.002334,0.004185,-0.005131,0.007020,3.432144,-6.152411,7.543492,-6.152411,11.028721,-13.522353,7.543492,-13.522353,16.579802,-0.000000,0.000000,31.040668,-0.002334,0.004185,-0.005131,0.007020,2.500848,-4.482983,5.496600,-4.482983,8.036128,-9.853124,5.496600,-9.853124,12.080949,-0.000000,0.000000,22.617925,-0.017092,0.115273,0.077105,-0.016418,0.114029,0.072616,-0.000675,0.001244,0.004489,-0.028062,-0.316901,-0.228088,0.391456,0.538283,6.078822,4.375202,6.078822,68.648048,49.409091,4.375202,49.409091,35.561948,-0.000000,0.000000,104.748279,-0.028062,-0.316901,-0.228088,0.391456,0.567496,6.408719,4.612644,6.408719,72.373577,52.090522,4.612644,52.090522,37.491894,0.000000,0.000000,110.432966,0.001650,0.107078,0.073470,0.001630,0.106986,0.072969,0.000020,0.000092,0.000501,-0.003748,-0.035340,-0.005319,0.035934,1.062358,10.017331,1.507609,10.017331,94.456798,14.215756,1.507609,14.215756,2.139472,-0.000000,0.000000,97.658628,-0.003748,-0.035340,-0.005319,0.035934,1.076474,10.150436,1.527641,10.150436,95.711897,14.404648,1.527641,14.404648,2.167901,-0.000000,0.000000,98.956271,0.016367,0.102738,0.056299,0.015514,0.100794,0.053406,0.000853,0.001944,0.002892,-0.024465,-0.283371,-0.008427,0.284550,0.781967,9.057223,0.269357,9.057223,104.906382,3.119857,0.269357,3.119857,0.092783,-0.000000,0.000000,105.781131,-0.024465,-0.283371,-0.008427,0.284550,0.837688,9.702619,0.288550,9.702619,112.381754,3.342171,0.288550,3.342171,0.099394,-0.000000,0.000000,113.318836,0.030385,0.090196,0.058017,0.030443,0.089955,0.058127,-0.000058,0.000241,-0.000110,-0.000018,-0.001119,-0.000324,0.001165,0.019609,1.250613,0.362165,1.250613,79.759657,23.097614,0.362165,23.097614,6.688843,-0.000000,0.000000,86.468109,-0.000018,-0.001119,-0.000324,0.001165,0.019494,1.243251,0.360033,1.243251,79.290144,22.961648,0.360033,22.961648,6.649468,-0.000000,0.000000,85.959106
1.0115,baseline,0.268,20.0000,4.215379,-1.228719,-1.291612,-0.073631,-0.075165,1.165825,-1.998777,0.977146,-2.699806,1.360641,-2.465107,1.412796,-1.965029,0.017326,-0.188700,0.023981,0.023981,0.031032,0.047210,0.023981,0.023981,0.023981,-0.097439,0.046231,0.023981,0.023981,1.565891,-0.695764,1.067448,0.063805,0.002506,0.000000,-0.002506,-0.003758,0.708822,0.916870,0.916870,0.594105,1.197784,1.197784,0.827270,1.130783,1.130783,0.858980,1.016044,1.016044,-0.007120,0.089721,-0.010367,0.003613,0.061050,-0.009209,-0.010734,0.028671,-0.001158,-0.001383,0.002473,-0.003052,0.004165,3.422220,-6.119552,7.553594,-6.119552,10.942873,-13.507202,7.553594,-13.507202,16.672450,-0.000000,0.000000,31.037543,-0.001383,0.002473,-0.003052,0.004165,2.497544,-4.466063,5.512631,-4.466063,7.986134,-9.857587,5.512631,-9.857587,12.167593,-0.000000,0.000000,22.651271,-0.017084,0.115269,0.077039,-0.016418,0.114029,0.072616,-0.000667,0.001240,0.004423,-0.027705,-0.312662,-0.224599,0.385966,0.539721,6.090939,4.375385,6.090939,68.738381,49.377755,4.375385,49.377755,35.470179,-0.000000,0.000000,104.748281,-0.027705,-0.312662,-0.224599,0.385966,0.568529,6.416045,4.608923,6.416045,72.407323,52.013315,4.608923,52.013315,37.363416,-0.000000,-0.000000,110.339268,0.001650,0.107078,0.073470,0.001630,0.106986,0.072969,0.000020,0.000092,0.000501,-0.003748,-0.035340,-0.005319,0.035934,1.062358,10.017331,1.507609,10.017331,94.456798,14.215756,1.507609,14.215756,2.139472,-0.000000,0.000000,97.658628,-0.003748,-0.035340,-0.005319,0.035934,1.076474,10.150436,1.527641,10.150436,95.711897,14.404648,1.527641,14.404648,2.167901,-0.000000,0.000000,98.956271,0.016398,0.102779,0.056407,0.015514,0.100794,0.053406,0.000884,0.001985,0.003001,-0.025410,-0.292533,-0.009225,0.293779,0.791336,9.110417,0.287304,9.110417,104.885488,3.307647,0.287304,3.307647,0.104309,-0.000000,-0.000000,105.781133,-0.025410,-0.292533,-0.009225,0.293779,0.849831,9.783851,0.308541,9.783851,112.638533,3.552145,0.308541,3.552145,0.112020,-0.000000,0.000000,113.600383,0.030387,0.090197,0.058017,0.030443,0.089955,0.058127,-0.000056,0.000242,-0.000110,-0.000019,-0.001211,-0.000351,0.001261,0.019807,1.256903,0.363940,1.256903,79.761067,23.095044,0.363940,23.095044,6.687236,-0.000000,0.000000,86.468109,-0.000019,-0.001211,-0.000351,0.001261,0.019691,1.249545,0.361809,1.249545,79.294161,22.959850,0.361809,22.959850,6.648090,-0.000000,0.000000,85.961941
1.0539,baseline,0.268,20.0000,4.215379,-1.228719,-1.291612,-0.073631,-0.073631,1.165825,-1.998777,0.977146,-2.699806,1.359107,-2.465107,1.412796,-1.965029,0.019383,-0.054207,0.023981,0.023981,0.097454,0.029295,0.023981,0.023981,0.023981,-0.042072,0.018836,0.023981,0.023981,1.565891,-0.695764,1.067448,0.063805,0.002454,0.000000,-0.002454,-0.003682,0.708822,0.916870,0.916870,0.594105,1.197784,1.197784,0.826337,1.130783,1.130783,0.858980,1.016044,1.016044,-0.007120,0.089721,-0.010367,0.003613,0.061050,-0.009209,-0.010734,0.028671,-0.001158,-0.001383,0.002473,-0.003052,0.004165,3.422220,-6.119552,7.553594,-6.119552,10.942873,-13.507202,7.553594,-13.507202,16.672450,-0.000000,0.000000,31.037543,-0.001383,0.002473,-0.003052,0.004165,2.497544,-4.466063,5.512631,-4.466063,7.986134,-9.857587,5.512631,-9.857587,12.167593,-0.000000,0.000000,22.651271,-0.017086,0.115269,0.077039,-0.016418,0.114029,0.072616,-0.000668,0.001240,0.004423,-0.027690,-0.312675,-0.224605,0.385979,0.539112,6.087542,4.372899,6.087542,68.739278,49.377877,4.372899,49.377877,35.469891,-0.000000,0.000000,104.748281,-0.027690,-0.312675,-0.224605,0.385979,0.567888,6.412477,4.606311,6.412477,72.408379,52.013524,4.606311,52.013524,37.363171,0.000000,0.000000,110.339438,0.001650,0.107078,0.073470,0.001630,0.106986,0.072969,0.000020,0.000092,0.000501,-0.003748,-0.035340,-0.005319,0.035934,1.062358,10.017331,1.507609,10.017331,94.456798,14.215756,1.507609,14.215756,2.139472,-0.000000,0.000000,97.658628,-0.003748,-0.035340,-0.005319,0.035934,1.076474,10.150436,1.527641,10.150436,95.711897,14.404648,1.527641,14.404648,2.167901,-0.000000,0.000000,98.956271,0.016414,0.102800,0.056461,0.015514,0.100794,0.053406,0.000900,0.002006,0.003055,-0.025885,-0.297114,-0.009637,0.298395,0.796043,9.137004,0.296350,9.137004,104.874766,3.401514,0.296350,3.401514,0.110325,-0.000000,0.000000,105.781134,-0.025885,-0.297114,-0.009637,0.298395,0.855944,9.824553,0.318650,9.824553,112.766465,3.657473,0.318650,3.657473,0.118627,-0.000000,0.000000,113.741036,0.030388,0.090197,0.058017,0.030443,0.089955,0.058127,-0.000055,0.000242,-0.000110,-0.000020,-0.001258,-0.000364,0.001310,0.019906,1.260048,0.364827,1.260048,79.761771,23.093758,0.364827,23.093758,6.686432,-0.000000,0.000000,86.468109,-0.000020,-0.001258,-0.000364,0.001310,0.019790,1.252692,0.362697,1.252692,79.296170,22.958951,0.362697,22.958951,6.647401,-0.000000,-0.000000,85.963360
1.0963,baseline,0.268,20.0000,4.215379,-1.228719,-1.291612,-0.073631,-0.076699,1.165825,-1.998777,0.977146,-2.699806,1.356039,-2.471243,1.412796,-1.965029,0.012681,-0.012401,0.023981,0.023981,-0.011911,0.025197,0.023981,0.023981,0.023981,-0.043789,-0.050167,0.023981,0.023981,1.565891,-0.695764,1.067448,0.063805,0.002557,0.000000,-0.002557,-0.003835,0.708822,0.916870,0.916870,0.594105,1.197784,1.197784,0.824472,1.133598,1.133598,0.858980,1.016044,1.016044,-0.007120,0.089721,-0.010367,0.003613,0.061050,-0.009209,-0.010734,0.028671,-0.001158,-0.001383,0.002473,-0.003052,0.004165,3.422220,-6.119552,7.553594,-6.119552,10.942873,-13.507202,7.553594,-13.507202,16.672450,-0.000000,0.000000,31.037543,-0.001383,0.002473,-0.003052,0.004165,2.497544,-4.466063,5.512631,-4.466063,7.986134,-9.857587,5.512631,-9.857587,12.167593,-0.000000,0.000000,22.651271,-0.017083,0.115269,0.077039,-0.016418,0.114029,0.072616,-0.000665,0.001240,0.004423,-0.027720,-0.312650,-0.224592,0.385954,0.540330,6.094335,4.377871,6.094335,68.737485,49.377633,4.377871,49.377633,35.470466,-0.000000,0.000000,104.748281,-0.027720,-0.312650,-0.224592,0.385954,0.569169,6.419613,4.611535,6.419613,72.406267,52.013106,4.611535,52.013106,37.363660,0.000000,0.000000,110.339097,0.001650,0.107078,0.073470,0.001630,0.106986,0.072969,0.000020,0.000092,0.000501,-0.003748,-0.035340,-0.005319,0.035934,1.062358,10.017331,1.507609,10.017331,94.456798,14.215756,1.507609,14.215756,2.139472,-0.000000,0.000000,97.658628,-0.003748,-0.035340,-0.005319,0.035934,1.076474,10.150436,1.527641,10.150436,95.711897,14.404648,1.527641,14.404648,2.167901,-0.000000,0.000000,98.956271,0.016420,0.102689,0.056505,0.015514,0.100794,0.053406,0.000906,0.001895,0.003098,-0.025331,-0.294196,-0.008471,0.295406,0.775895,9.011148,0.259477,9.011148,104.654380,3.013540,0.259477,3.013540,0.086775,-0.000000,0.000000,105.517051,-0.025331,-0.294196,-0.008471,0.295406,0.835918,9.708255,0.279551,9.708255,112.750498,3.246669,0.279551,3.246669,0.093488,-0.000000,0.000000,113.679905,0.030386,0.090197,0.058017,0.030443,0.089955,0.058127,-0.000057,0.000241,-0.000110,-0.000018,-0.001166,-0.000338,0.001214,0.019708,1.253758,0.363053,1.253758,79.760362,23.096329,0.363053,23.096329,6.688039,-0.000000,0.000000,86.468109,-0.000018,-0.001166,-0.000338,0.001214,0.019592,1.246398,0.360921,1.246398,79.292157,22.960750,0.360921,22.960750,6.648779,-0.000000,-0.000000,85.960529
1.1388,baseline,0.268,20.0000,4.215379,-1.214913,-1.291612,-0.073631,-0.076699,1.165825,-1.998777,0.977146,-2.699806,1.356039,-2.475845,1.412796,-1.965029,0.008885,0.120946,0.023981,0.023981,-0.027303,0.024259,0.023981,0.023981,0.023981,-0.019806,-0.141070,0.023981,0.023981,1.565891,-0.687946,1.067448,0.063805,0.002557,0.000000,-0.002557,-0.003835,0.708822,0.916870,0.916870,0.594105,1.197784,1.197784,0.824472,1.135709,1.135709,0.858980,1.016044,1.016044,-0.007205,0.089930,-0.009944,0.003613,0.061050,-0.009209,-0.010818,0.028880,-0.000735,-0.003525,0.006338,-0.007707,0.010583,3.444609,-6.193518,7.530708,-6.193518,11.136143,-13.540454,7.530708,-13.540454,16.463861,-0.000000,0.000000,31.044613,-0.003525,0.006338,-0.007707,0.010583,2.505006,-4.504081,5.476519,-4.504081,8.098481,-9.846956,5.476519,-9.846956,11.972930,-0.000000,0.000000,22.576417,-0.017083,0.115269,0.077039,-0.016418,0.114029,0.072616,-0.000665,0.001240,0.004423,-0.027720,-0.312650,-0.224592,0.385954,0.540330,6.094335,4.377871,6.094335,68.737485,49.377633,4.377871,49.377633,35.470466,0.000000,0.000000,104.748281,-0.027720,-0.312650,-0.224592,0.385954,0.569169,6.419613,4.611535,6.419613,72.406267,52.013106,4.611535,52.013106,37.363660,-0.000000,0.000000,110.339097,0.001650,0.107078,0.073470,0.001630,0.106986,0.072969,0.000020,0.000092,0.000501,-0.003748,-0.035340,-0.005319,0.035934,1.062358,10.017331,1.507609,10.017331,94.456798,14.215756,1.507609,14.215756,2.139472,-0.000000,0.000000,97.658628,-0.003748,-0.035340,-0.005319,0.035934,1.076474,10.150436,1.527641,10.150436,95.711897,14.404648,1.527641,14.404648,2.167901,-0.000000,0.000000,98.956271,0.016403,0.102575,0.056457,0.015514,0.100794,0.053406,0.000889,0.001780,0.003050,-0.024242,-0.285179,-0.007044,0.286294,0.755057,8.882492,0.219392,8.882492,104.493580,2.580921,0.219392,2.580921,0.063747,-0.000000,0.000000,105.312384,-0.024242,-0.285179,-0.007044,0.286294,0.813155,9.565951,0.236273,9.565951,112.533796,2.779509,0.236273,2.779509,0.068652,-0.000000,0.000000,113.415603,0.030386,0.090197,0.058017,0.030443,0.089955,0.058127,-0.000057,0.000241,-0.000110,-0.000018,-0.001165,-0.000337,0.001213,0.019708,1.253758,0.363053,1.253758,79.760362,23.096329,0.363053,23.096329,6.688039,-0.000000,0.000000,86.468109,-0.000018,-0.001165,-0.000337,0.001213,0.019592,1.246398,0.360921,1.246398,79.292153,22.960749,0.360921,22.960749,6.648779,-0.000000,0.000000,85.960524
1.1813,baseline,0.268,20.0000,4.215379,-1.199573,-1.291612,-0.073631,-0.076699,1.165825,-1.998777,0.977146,-2.699806,1.357573,-2.472777,1.412796,-1.965029,0.002033,0.411891,0.023981,0.023981,0.010962,0.024044,0.023981,0.023981,0.023981,0.006524,0.005621,0.023981,0.023981,1.565891,-0.679260,1.067448,0.063805,0.002557,0.000000,-0.002557,-0.003835,0.708822,0.916870,0.916870,0.594105,1.197784,1.197784,0.825404,1.134301,1.134301,0.858980,1.016044,1.016044,-0.007299,0.090159,-0.009472,0.003613,0.061050,-0.009209,-0.010913,0.029109,-0.000263,-0.005912,0.010693,-0.012787,0.017686,3.469737,-6.275835,7.504617,-6.275835,11.351326,-13.573866,7.504617,-13.573866,16.231570,0.000000,0.000000,31.052632,-0.005912,0.010693,-0.012787,0.017686,2.513416,-4.546104,5.436211,-4.546104,8.222699,-9.832668,5.436211,-9.832668,11.757862,-0.000000,0.000000,22.493977,-0.017083,0.115269,0.077039,-0.016418,0.114029,0.072616,-0.000665,0.001240,0.004423,-0.027720,-0.312650,-0.224592,0.385954,0.540330,6.094335,4.377871,6.094335,68.737485,49.377633,4.377871,49.377633,35.470466,-0.000000,0.000000,104.748281,-0.027720,-0.312650,-0.224592,0.385954,0.569169,6.419613,4.611535,6.419613,72.406267,52.013106,4.611535,52.013106,37.363660,-0.000000,0.000000,110.339097,0.001650,0.107078,0.073470,0.001630,0.106986,0.072969,0.000020,0.000092,0.000501,-0.003748,-0.035340,-0.005319,0.035934,1.062358,10.017331,1.507609,10.017331,94.456798,14.215756,1.507609,14.215756,2.139472,-0.000000,0.000000,97.658628,-0.003748,-0.035340,-0.005319,0.035934,1.076474,10.150436,1.527641,10.150436,95.711897,14.404648,1.527641,14.404648,2.167901,-0.000000,0.000000,98.956271,0.016399,0.102630,0.056435,0.015514,0.100794,0.053406,0.000885,0.001836,0.003028,-0.024506,-0.286642,-0.007603,0.287788,0.764641,8.943713,0.237231,8.943713,104.611216,2.774803,0.237231,2.774803,0.073601,-0.000000,0.000000,105.449458,-0.024506,-0.286642,-0.007603,0.287788,0.822668,9.622438,0.255234,9.622438,112.550010,2.985378,0.255234,2.985378,0.079187,-0.000000,-0.000000,113.451865,0.030386,0.090197,0.058017,0.030443,0.089955,0.058127,-0.000057,0.000241,-0.000110,-0.000018,-0.001165,-0.000337,0.001213,0.019708,1.253758,0.363053,1.253758,79.760362,23.096329,0.363053,23.096329,6.688039,-0.000000,0.000000,86.468109,-0.000018,-0.001165,-0.000337,0.001213,0.019592,1.246398,0.360921,1.246398,79.292153,22.960749,0.360921,22.960749,6.648779,-0.000000,0.000000,85.960524
1.2236,baseline,0.268,20.0000,4.216913,-1.204175,-1.291612,-0.073631,-0.073631,1.165825,-1.998777,0.977146,-2.699806,1.377515,-2.472777,1.412796,-1.965029,0.016920,0.111411,0.023981,0.023981,0.043294,0.023995,0.023981,0.023981,0.023981,0.251073,0.060583,0.023981,0.023981,1.566461,-0.681866,1.067448,0.063805,0.002454,0.000000,-0.002454,-0.003682,0.708822,0.916870,0.916870,0.594105,1.197784,1.197784,0.837529,1.134301,1.134301,0.858980,1.016044,1.016044,-0.007232,0.090080,-0.009604,0.003613,0.061050,-0.009209,-0.010845,0.029030,-0.000396,-0.005452,0.009860,-0.011844,0.016347,3.453763,-6.246214,7.503092,-6.246214,11.296429,-13.569524,7.503092,-13.569524,16.300017,-0.000000,-0.000000,31.050209,-0.005452,0.009860,-0.011844,0.016347,2.504369,-4.529212,5.440591,-4.529212,8.191189,-9.839440,5.440591,-9.839440,11.819356,-0.000000,-0.000000,22.514914,-0.017086,0.115269,0.077039,-0.016418,0.114029,0.072616,-0.000668,0.001240,0.004423,-0.027690,-0.312675,-0.224605,0.385979,0.539112,6.087542,4.372899,6.087542,68.739278,49.377877,4.372899,49.377877,35.469891,-0.000000,-0.000000,104.748281,-0.027690,-0.312675,-0.224605,0.385979,0.567888,6.412477,4.606311,6.412477,72.408380,52.013524,4.606311,52.013524,37.363171,-0.000000,-0.000000,110.339439,0.001650,0.107078,0.073470,0.001630,0.106986,0.072969,0.000020,0.000092,0.000501,-0.003748,-0.035340,-0.005319,0.035934,1.062358,10.017331,1.507609,10.017331,94.456798,14.215756,1.507609,14.215756,2.139472,-0.000000,0.000000,97.658628,-0.003748,-0.035340,-0.005319,0.035934,1.076474,10.150436,1.527641,10.150436,95.711897,14.404648,1.527641,14.404648,2.167901,-0.000000,0.000000,98.956271,0.016204,0.102360,0.055736,0.015514,0.100794,0.053406,0.000690,0.001566,0.002329,-0.018747,-0.227567,-0.003358,0.228363,0.710667,8.626599,0.127283,8.626599,104.715980,1.545056,0.127283,1.545056,0.022797,-0.000000,0.000000,105.449444,-0.018747,-0.227567,-0.003358,0.228363,0.752219,9.130989,0.134725,9.130989,110.838629,1.635394,0.134725,1.635394,0.024130,-0.000000,0.000000,111.614978,0.030388,0.090197,0.058017,0.030443,0.089955,0.058127,-0.000055,0.000242,-0.000110,-0.000020,-0.001255,-0.000363,0.001306,0.019906,1.260048,0.364827,1.260048,79.761771,23.093758,0.364827,23.093758,6.686432,0.000000,0.000000,86.468109,-0.000020,-0.001255,-0.000363,0.001306,0.019790,1.252692,0.362697,1.252692,79.296130,22.958939,0.362697,22.958939,6.647397,-0.000000,-0.000000,85.963317
1.2661,baseline,0.268,20.0000,4.215379,-1.211845,-1.291612,-0.073631,-0.075165,1.165825,-1.998777,0.977146,-2.699806,1.380583,-2.471243,1.412796,-1.965029,0.015686,-0.100341,0.023981,0.023981,0.043580,0.023984,0.023981,0.023981,0.023981,0.294290,0.023145,0.023981,0.023981,1.565891,-0.686209,1.067448,0.063805,0.002506,0.000000,-0.002506,-0.003758,0.708822,0.916870,0.916870,0.594105,1.197784,1.197784,0.839394,1.133598,1.133598,0.858980,1.016044,1.016044,-0.007224,0.089976,-0.009850,0.003613,0.061050,-0.009209,-0.010837,0.028927,-0.000641,-0.004002,0.007204,-0.008731,0.012006,3.449614,-6.209970,7.525546,-6.209970,11.179144,-13.547435,7.525546,-13.547435,16.417445,-0.000000,0.000000,31.046203,-0.004002,0.007204,-0.008731,0.012006,2.506678,-4.512504,5.468473,-4.512504,8.123377,-9.844306,5.468473,-9.844306,11.929813,-0.000000,0.000000,22.559868,-0.017084,0.115269,0.077039,-0.016418,0.114029,0.072616,-0.000667,0.001240,0.004423,-0.027705,-0.312662,-0.224599,0.385966,0.539721,6.090939,4.375385,6.090939,68.738381,49.377755,4.375385,49.377755,35.470179,-0.000000,0.000000,104.748281,-0.027705,-0.312662,-0.224599,0.385966,0.568529,6.416045,4.608923,6.416045,72.407324,52.013315,4.608923,52.013315,37.363416,-0.000000,0.000000,110.339268,0.001650,0.107078,0.073470,0.001630,0.106986,0.072969,0.000020,0.000092,0.000501,-0.003748,-0.035340,-0.005319,0.035934,1.062358,10.017331,1.507609,10.017331,94.456798,14.215756,1.507609,14.215756,2.139472,-0.000000,0.000000,97.658628,-0.003748,-0.035340,-0.005319,0.035934,1.076474,10.150436,1.527641,10.150436,95.711897,14.404648,1.527641,14.404648,2.167901,-0.000000,0.000000,98.956271,0.016179,0.102356,0.055644,0.015514,0.100794,0.053406,0.000664,0.001562,0.002237,-0.018210,-0.221414,-0.003170,0.222185,0.708779,8.618041,0.123390,8.618041,104.786774,1.500295,0.123390,1.500295,0.021481,-0.000000,-0.000000,105.517034,-0.018210,-0.221414,-0.003170,0.222185,0.748434,9.100205,0.130293,9.100205,110.649399,1.584233,0.130293,1.584233,0.022682,-0.000000,-0.000000,111.420515,0.030387,0.090197,0.058017,0.030443,0.089955,0.058127,-0.000056,0.000242,-0.000110,-0.000019,-0.001208,-0.000350,0.001258,0.019807,1.256903,0.363940,1.256903,79.761066,23.095044,0.363940,23.095044,6.687236,-0.000000,0.000000,86.468109,-0.000019,-0.001208,-0.000350,0.001258,0.019691,1.249545,0.361809,1.249545,79.294119,22.959838,0.361809,22.959838,6.648086,0.000000,0.000000,85.961896
1.3091,baseline,0.268,20.0000,4.215379,-1.211845,-1.291612,-0.073631,-0.078233,1.165825,-1.998777,0.977146,-2.699806,1.374447,-2.472777,1.412796,-1.965029,0.011036,-0.057326,0.023981,0.023981,-0.034084,0.023982,0.023981,0.023981,0.023981,-0.017709,0.000228,0.023981,0.023981,1.565891,-0.686209,1.067448,0.063805,0.002608,0.000000,-0.002608,-0.003912,0.708822,0.916870,0.916870,0.594105,1.197784,1.197784,0.835664,1.134301,1.134301,0.858980,1.016044,1.016044,-0.007224,0.089976,-0.009850,0.003613,0.061050,-0.009209,-0.010837,0.028927,-0.000641,-0.004002,0.007204,-0.008731,0.012006,3.449614,-6.209970,7.525546,-6.209970,11.179144,-13.547435,7.525546,-13.547435,16.417445,-0.000000,0.000000,31.046203,-0.004002,0.007204,-0.008731,0.012006,2.506678,-4.512504,5.468473,-4.512504,8.123377,-9.844306,5.468473,-9.844306,11.929813,-0.000000,0.000000,22.559868,-0.017082,0.115269,0.077039,-0.016418,0.114029,0.072616,-0.000664,0.001240,0.004423,-0.027735,-0.312638,-0.224586,0.385941,0.540939,6.097732,4.380357,6.097732,68.736588,49.377511,4.380357,49.377511,35.470753,-0.000000,0.000000,104.748281,-0.027735,-0.312638,-0.224586,0.385941,0.569811,6.423181,4.614147,6.423181,72.405211,52.012897,4.614147,52.012897,37.363905,0.000000,0.000000,110.338927,0.001650,0.107078,0.073470,0.001630,0.106986,0.072969,0.000020,0.000092,0.000501,-0.003748,-0.035340,-0.005319,0.035934,1.062358,10.017331,1.507609,10.017331,94.456798,14.215756,1.507609,14.215756,2.139472,-0.000000,0.000000,97.658628,-0.003748,-0.035340,-0.005319,0.035934,1.076474,10.150436,1.527641,10.150436,95.711897,14.404648,1.527641,14.404648,2.167901,-0.000000,0.000000,98.956271,0.016232,0.102402,0.055843,0.015514,0.100794,0.053406,0.000718,0.001608,0.002436,-0.019593,-0.236605,-0.003924,0.237447,0.717992,8.670391,0.143782,8.670391,104.702661,1.736297,0.143782,1.736297,0.028793,-0.000000,0.000000,105.449446,-0.019593,-0.236605,-0.003924,0.237447,0.761892,9.200520,0.152573,9.200520,111.104447,1.842458,0.152573,1.842458,0.030554,-0.000000,0.000000,111.896893,0.030385,0.090196,0.058017,0.030443,0.089955,0.058127,-0.000058,0.000241,-0.000110,-0.000018,-0.001117,-0.000323,0.001163,0.019609,1.250613,0.362165,1.250613,79.759657,23.097614,0.362165,23.097614,6.688843,-0.000000,0.000000,86.468109,-0.000018,-0.001117,-0.000323,0.001163,0.019494,1.243251,0.360033,1.243251,79.290116,22.961640,0.360033,22.961640,6.649466,-0.000000,0.000000,85.959075
1.3509,baseline,0.268,20.0000,4.215379,-1.211845,-1.291612,-0.073631,-0.078233,1.165825,-1.998777,0.977146,-2.699806,1.371379,-2.477379,1.412796,-1.965029,0.002525,-0.008558,0.023981,0.023981,-0.025017,0.023981,0.023981,0.023981,0.023981,-0.096443,-0.034099,0.023981,0.023981,1.565891,-0.686209,1.067448,0.063805,0.002608,0.000000,-0.002608,-0.003912,0.708822,0.916870,0.916870,0.594105,1.197784,1.197784,0.833798,1.136412,1.136412,0.858980,1.016044,1.016044,-0.007224,0.089976,-0.009850,0.003613,0.061050,-0.009209,-0.010837,0.028927,-0.000641,-0.004002,0.007204,-0.008731,0.012006,3.449614,-6.209970,7.525546,-6.209970,11.179144,-13.547435,7.525546,-13.547435,16.417445,-0.000000,0.000000,31.046203,-0.004002,0.007204,-0.008731,0.012006,2.506678,-4.512504,5.468473,-4.512504,8.123377,-9.844306,5.468473,-9.844306,11.929813,-0.000000,0.000000,22.559868,-0.017082,0.115269,0.077039,-0.016418,0.114029,0.072616,-0.000664,0.001240,0.004423,-0.027735,-0.312638,-0.224586,0.385941,0.540939,6.097732,4.380357,6.097732,68.736588,49.377511,4.380357,49.377511,35.470753,-0.000000,0.000000,104.748281,-0.027735,-0.312638,-0.224586,0.385941,0.569811,6.423181,4.614147,6.423181,72.405211,52.012897,4.614147,52.012897,37.363905,-0.000000,-0.000000,110.338927,0.001650,0.107078,0.073470,0.001630,0.106986,0.072969,0.000020,0.000092,0.000501,-0.003748,-0.035340,-0.005319,0.035934,1.062358,10.017331,1.507609,10.017331,94.456798,14.215756,1.507609,14.215756,2.139472,-0.000000,0.000000,97.658628,-0.003748,-0.035340,-0.005319,0.035934,1.076474,10.150436,1.527641,10.150436,95.711897,14.404648,1.527641,14.404648,2.167901,-0.000000,0.000000,98.956271,0.016246,0.102330,0.055904,0.015514,0.100794,0.053406,0.000732,0.001535,0.002497,-0.019463,-0.236776,-0.003386,0.237599,0.706161,8.590962,0.122841,8.590962,104.515359,1.494446,0.122841,1.494446,0.021369,-0.000000,0.000000,105.242889,-0.019463,-0.236776,-0.003386,0.237599,0.750882,9.135028,0.130620,9.135028,111.134314,1.589090,0.130620,1.589090,0.022722,-0.000000,0.000000,111.907918,0.030385,0.090196,0.058017,0.030443,0.089955,0.058127,-0.000058,0.000241,-0.000110,-0.000018,-0.001117,-0.000323,0.001163,0.019609,1.250613,0.362165,1.250613,79.759657,23.097614,0.362165,23.097614,6.688843,-0.000000,0.000000,86.468109,-0.000018,-0.001117,-0.000323,0.001163,0.019494,1.243251,0.360033,1.243251,79.290117,22.961640,0.360033,22.961640,6.649466,0.000000,0.000000,85.959077
1.3933,baseline,0.268,20.0000,4.215379,-1.204175,-1.291612,-0.073631,-0.078233,1.165825,-1.998777,0.977146,-2.699806,1.369845,-2.488117,1.412796,-1.965029,0.015387,0.065125,0.023981,0.023981,-0.005723,0.023981,0.023981,0.023981,0.023981,-0.027906,-0.209505,0.023981,0.023981,1.565891,-0.681866,1.067448,0.063805,0.002608,0.000000,-0.002608,-0.003912,0.708822,0.916870,0.916870,0.594105,1.197784,1.197784,0.832866,1.141338,1.141338,0.858980,1.016044,1.016044,-0.007271,0.090091,-0.009614,0.003613,0.061050,-0.009209,-0.010884,0.029041,-0.000405,-0.005195,0.009380,-0.011273,0.015558,3.462171,-6.251126,7.512518,-6.251126,11.286726,-13.564234,7.512518,-13.564234,16.301312,-0.000000,0.000000,31.050209,-0.005195,0.009380,-0.011273,0.015558,2.510880,-4.533521,5.448324,-4.533521,8.185504,-9.837227,5.448324,-9.837227,11.822246,-0.000000,0.000000,22.518629,-0.017082,0.115269,0.077039,-0.016418,0.114029,0.072616,-0.000664,0.001240,0.004423,-0.027735,-0.312638,-0.224586,0.385941,0.540939,6.097732,4.380357,6.097732,68.736588,49.377511,4.380357,49.377511,35.470753,-0.000000,0.000000,104.748281,-0.027735,-0.312638,-0.224586,0.385941,0.569811,6.423181,4.614147,6.423181,72.405211,52.012897,4.614147,52.012897,37.363905,-0.000000,0.000000,110.338927,0.001650,0.107078,0.073470,0.001630,0.106986,0.072969,0.000020,0.000092,0.000501,-0.003748,-0.035340,-0.005319,0.035934,1.062358,10.017331,1.507609,10.017331,94.456798,14.215756,1.507609,14.215756,2.139472,-0.000000,0.000000,97.658628,-0.003748,-0.035340,-0.005319,0.035934,1.076474,10.150436,1.527641,10.150436,95.711897,14.404648,1.527641,14.404648,2.167901,-0.000000,0.000000,98.956271,0.016222,0.102083,0.055849,0.015514,0.100794,0.053406,0.000708,0.001289,0.002443,-0.017612,-0.220469,-0.001247,0.221175,0.664165,8.313873,0.047029,8.313873,104.071240,0.588702,0.047029,0.588702,0.003330,0.000000,0.000000,104.738736,-0.017612,-0.220469,-0.001247,0.221175,0.706309,8.841417,0.050013,8.841417,110.674917,0.626057,0.050013,0.626057,0.003541,-0.000000,0.000000,111.384767,0.030385,0.090196,0.058017,0.030443,0.089955,0.058127,-0.000058,0.000241,-0.000110,-0.000018,-0.001116,-0.000323,0.001162,0.019609,1.250613,0.362165,1.250613,79.759657,23.097614,0.362165,23.097614,6.688843,-0.000000,0.000000,86.468109,-0.000018,-0.001116,-0.000323,0.001162,0.019494,1.243251,0.360033,1.243251,79.290111,22.961638,0.360033,22.961638,6.649465,-0.000000,0.000000,85.959070
1.4357,baseline,0.268,20.0000,4.215379,-1.191903,-1.291612,-0.073631,-0.073631,1.165825,-1.998777,0.977146,-2.699806,1.368311,-2.481981,1.412796,-1.965029,0.014907,0.304927,0.023981,0.023981,0.038786,0.023981,0.023981,0.023981,0.023981,-0.044788,-0.005368,0.023981,0.023981,1.565891,-0.674917,1.067448,0.063805,0.002454,0.000000,-0.002454,-0.003682,0.708822,0.916870,0.916870,0.594105,1.197784,1.197784,0.831933,1.138523,1.138523,0.858980,1.016044,1.016044,-0.007347,0.090272,-0.009235,0.003613,0.061050,-0.009209,-0.010960,0.029222,-0.000027,-0.007108,0.012894,-0.015290,0.021226,3.482399,-6.317045,7.491307,-6.317045,11.459071,-13.589173,7.491307,-13.589173,16.115235,-0.000000,0.000000,31.056705,-0.007108,0.012894,-0.015290,0.021226,2.517667,-4.567029,5.415984,-4.567029,8.284555,-9.824553,5.415984,-9.824553,11.650818,-0.000000,0.000000,22.453040,-0.017086,0.115269,0.077039,-0.016418,0.114029,0.072616,-0.000668,0.001240,0.004423,-0.027690,-0.312675,-0.224605,0.385979,0.539112,6.087542,4.372899,6.087542,68.739278,49.377877,4.372899,49.377877,35.469891,-0.000000,0.000000,104.748281,-0.027690,-0.312675,-0.224605,0.385979,0.567888,6.412477,4.606311,6.412477,72.408380,52.013524,4.606311,52.013524,37.363171,-0.000000,0.000000,110.339439,0.001650,0.107078,0.073470,0.001630,0.106986,0.072969,0.000020,0.000092,0.000501,-0.003748,-0.035340,-0.005319,0.035934,1.062358,10.017331,1.507609,10.017331,94.456798,14.215756,1.507609,14.215756,2.139472,-0.000000,0.000000,97.658628,-0.003748,-0.035340,-0.005319,0.035934,1.076474,10.150436,1.527641,10.150436,95.711897,14.404648,1.527641,14.404648,2.167901,-0.000000,0.000000,98.956271,0.016261,0.102257,0.055964,0.015514,0.100794,0.053406,0.000747,0.001463,0.002558,-0.019346,-0.236958,-0.002842,0.237764,0.695335,8.516895,0.102157,8.516895,104.320294,1.251284,0.102157,1.251284,0.015009,-0.000000,0.000000,105.030637,-0.019346,-0.236958,-0.002842,0.237764,0.740908,9.075104,0.108853,9.075104,111.157590,1.333295,0.108853,1.333295,0.015992,-0.000000,0.000000,111.914490,0.030388,0.090197,0.058017,0.030443,0.089955,0.058127,-0.000055,0.000242,-0.000110,-0.000020,-0.001255,-0.000363,0.001307,0.019906,1.260048,0.364827,1.260048,79.761771,23.093758,0.364827,23.093758,6.686432,-0.000000,0.000000,86.468109,-0.000020,-0.001255,-0.000363,0.001307,0.019790,1.252692,0.362697,1.252692,79.296139,22.958941,0.362697,22.958941,6.647398,-0.000000,0.000000,85.963326
1.4782,baseline,0.268,20.0000,4.215379,-1.196505,-1.291612,-0.073631,-0.072097,1.165825,-1.998777,0.977146,-2.699806,1.368311,-2.478913,1.412796,-1.965029,0.009909,0.059805,0.023981,0.023981,0.120443,0.023981,0.023981,0.023981,0.023981,-0.010856,0.107800,0.023981,0.023981,1.565891,-0.677523,1.067448,0.063805,0.002403,0.000000,-0.002403,-0.003605,0.708822,0.916870,0.916870,0.594105,1.197784,1.197784,0.831933,1.137116,1.137116,0.858980,1.016044,1.016044,-0.007318,0.090204,-0.009378,0.003613,0.061050,-0.009209,-0.010931,0.029154,-0.000169,-0.006390,0.011571,-0.013791,0.019103,3.474794,-6.292315,7.499314,-6.292315,11.394413,-13.580101,7.499314,-13.580101,16.185050,-0.000000,0.000000,31.054256,-0.006390,0.011571,-0.013791,0.019103,2.515112,-4.554481,5.428126,-4.554481,8.247462,-9.829499,5.428126,-9.829499,11.715004,-0.000000,0.000000,22.477579,-0.017087,0.115269,0.077039,-0.016418,0.114029,0.072616,-0.000670,0.001240,0.004423,-0.027676,-0.312687,-0.224612,0.385992,0.538503,6.084145,4.370412,6.084145,68.740174,49.377998,4.370412,49.377998,35.469604,-0.000000,0.000000,104.748281,-0.027676,-0.312687,-0.224612,0.385992,0.567248,6.408909,4.603699,6.408909,72.409436,52.013732,4.603699,52.013732,37.362925,-0.000000,0.000000,110.339609,0.001650,0.107078,0.073470,0.001630,0.106986,0.072969,0.000020,0.000092,0.000501,-0.003748,-0.035340,-0.005319,0.035934,1.062358,10.017331,1.507609,10.017331,94.456798,14.215756,1.507609,14.215756,2.139472,-0.000000,0.000000,97.658628,-0.003748,-0.035340,-0.005319,0.035934,1.076474,10.150436,1.527641,10.150436,95.711897,14.404648,1.527641,14.404648,2.167901,-0.000000,0.000000,98.956271,0.016272,0.102333,0.055996,0.015514,0.100794,0.053406,0.000758,0.001539,0.002589,-0.020016,-0.242938,-0.003575,0.243787,0.708971,8.604985,0.126628,8.604985,104.441186,1.536921,0.126628,1.536921,0.022617,-0.000000,0.000000,105.172774,-0.020016,-0.242938,-0.003575,0.243787,0.755682,9.171927,0.134971,9.171927,111.322322,1.638182,0.134971,1.638182,0.024107,-0.000000,-0.000000,112.102111,0.030389,0.090197,0.058018,0.030443,0.089955,0.058127,-0.000054,0.000242,-0.000110,-0.000021,-0.001301,-0.000377,0.001355,0.020005,1.263193,0.365714,1.263193,79.762475,23.092472,0.365714,23.092472,6.685628,-0.000000,0.000000,86.468109,-0.000021,-0.001301,-0.000377,0.001355,0.019889,1.255839,0.363585,1.255839,79.298148,22.958042,0.363585,22.958042,6.646709,-0.000000,-0.000000,85.964745
1.5212,baseline,0.268,20.0000,4.215379,-1.205709,-1.291612,-0.073631,-0.075165,1.165825,-1.998777,0.977146,-2.699806,1.372913,-2.477379,1.412796,-1.965029,0.011923,-0.126577,0.023981,0.023981,-0.013087,0.023981,0.023981,0.023981,0.023981,0.029037,0.059164,0.023981,0.023981,1.565891,-0.682734,1.067448,0.063805,0.002506,0.000000,-0.002506,-0.003758,0.708822,0.916870,0.916870,0.594105,1.197784,1.197784,0.834731,1.136412,1.136412,0.858980,1.016044,1.016044,-0.007262,0.090068,-0.009661,0.003613,0.061050,-0.009209,-0.010875,0.029018,-0.000452,-0.004956,0.008944,-0.010766,0.014848,3.459654,-6.242892,7.515138,-6.242892,11.265201,-13.560949,7.515138,-13.560949,16.324549,-0.000000,0.000000,31.049404,-0.004956,0.008944,-0.010766,0.014848,2.510037,-4.529322,5.452358,-4.529322,8.173092,-9.838695,5.452358,-9.838695,11.843733,-0.000000,0.000000,22.526861,-0.017084,0.115269,0.077039,-0.016418,0.114029,0.072616,-0.000667,0.001240,0.004423,-0.027705,-0.312662,-0.224599,0.385966,0.539721,6.090939,4.375385,6.090939,68.738381,49.377755,4.375385,49.377755,35.470179,-0.000000,-0.000000,104.748281,-0.027705,-0.312662,-0.224599,0.385966,0.568529,6.416045,4.608923,6.416045,72.407324,52.013315,4.608923,52.013315,37.363416,-0.000000,0.000000,110.339268,0.001650,0.107078,0.073470,0.001630,0.106986,0.072969,0.000020,0.000092,0.000501,-0.003748,-0.035340,-0.005319,0.035934,1.062358,10.017331,1.507609,10.017331,94.456798,14.215756,1.507609,14.215756,2.139472,-0.000000,0.000000,97.658628,-0.003748,-0.035340,-0.005319,0.035934,1.076474,10.150436,1.527641,10.150436,95.711897,14.404648,1.527641,14.404648,2.167901,-0.000000,0.000000,98.956271,0.016232,0.102309,0.055850,0.015514,0.100794,0.053406,0.000718,0.001514,0.002444,-0.019045,-0.232275,-0.003108,0.233075,0.702681,8.570021,0.114679,8.570021,104.521491,1.398642,0.114679,1.398642,0.018716,-0.000000,0.000000,105.242887,-0.019045,-0.232275,-0.003108,0.233075,0.746240,9.101279,0.121788,9.101279,111.000801,1.485344,0.121788,1.485344,0.019876,-0.000000,0.000000,111.766917,0.030387,0.090197,0.058017,0.030443,0.089955,0.058127,-0.000056,0.000242,-0.000110,-0.000019,-0.001209,-0.000350,0.001259,0.019807,1.256903,0.363940,1.256903,79.761066,23.095044,0.363940,23.095044,6.687236,-0.000000,-0.000000,86.468109,-0.000019,-0.001209,-0.000350,0.001259,0.019691,1.249545,0.361809,1.249545,79.294128,22.959840,0.361809,22.959840,6.648087,-0.000000,0.000000,85.961906
1.5631,baseline,0.268,20.0000,4.215379,-1.213379,-1.291612,-0.073631,-0.076699,1.165825,-1.998777,0.977146,-2.699806,1.388253,-2.474311,1.412796,-1.965029,0.011402,-0.159525,0.023981,0.023981,-0.042171,0.023981,0.023981,0.023981,0.023981,0.279522,0.066980,0.023981,0.023981,1.565891,-0.687077,1.067448,0.063805,0.002557,0.000000,-0.002557,-0.003835,0.708822,0.916870,0.916870,0.594105,1.197784,1.197784,0.844058,1.135005,1.135005,0.858980,1.016044,1.016044,-0.007214,0.089953,-0.009897,0.003613,0.061050,-0.009209,-0.010828,0.028904,-0.000688,-0.003764,0.006771,-0.008219,0.011295,3.447110,-6.201743,7.528131,-6.201743,11.157641,-13.543963,7.528131,-13.543963,16.440656,-0.000000,0.000000,31.045407,-0.003764,0.006771,-0.008219,0.011295,2.505841,-4.508293,5.472497,-4.508293,8.110932,-9.845644,5.472497,-9.845644,11.951365,0.000000,0.000000,22.568139,-0.017083,0.115269,0.077039,-0.016418,0.114029,0.072616,-0.000665,0.001240,0.004423,-0.027720,-0.312650,-0.224593,0.385954,0.540330,6.094335,4.377871,6.094335,68.737485,49.377633,4.377871,49.377633,35.470466,-0.000000,0.000000,104.748281,-0.027720,-0.312650,-0.224593,0.385954,0.569169,6.419613,4.611535,6.419613,72.406268,52.013106,4.611535,52.013106,37.363661,-0.000000,-0.000000,110.339098,0.001650,0.107078,0.073470,0.001630,0.106986,0.072969,0.000020,0.000092,0.000501,-0.003748,-0.035340,-0.005319,0.035934,1.062358,10.017331,1.507609,10.017331,94.456798,14.215756,1.507609,14.215756,2.139472,-0.000000,0.000000,97.658628,-0.003748,-0.035340,-0.005319,0.035934,1.076474,10.150436,1.527641,10.150436,95.711897,14.404648,1.527641,14.404648,2.167901,-0.000000,0.000000,98.956271,0.016091,0.102172,0.055345,0.015514,0.100794,0.053406,0.000577,0.001378,0.001939,-0.015479,-0.192797,-0.001365,0.193423,0.674890,8.406053,0.059499,8.406053,104.701077,0.741080,0.059499,0.741080,0.005245,-0.000000,0.000000,105.381213,-0.015479,-0.192797,-0.001365,0.193423,0.707844,8.816506,0.062404,8.816506,109.813447,0.777266,0.062404,0.777266,0.005502,-0.000000,0.000000,110.526793,0.030386,0.090197,0.058017,0.030443,0.089955,0.058127,-0.000057,0.000241,-0.000110,-0.000018,-0.001161,-0.000336,0.001209,0.019708,1.253758,0.363053,1.253758,79.760362,23.096329,0.363053,23.096329,6.688039,-0.000000,0.000000,86.468109,-0.000018,-0.001161,-0.000336,0.001209,0.019592,1.246397,0.360921,1.246397,79.292096,22.960733,0.360921,22.960733,6.648774,-0.000000,0.000000,85.960463
1.6061,baseline,0.268,20.0000,4.215379,-1.219515,-1.291612,-0.073631,-0.078233,1.165825,-1.998777,0.977146,-2.699806,1.385185,-2.471243,1.412796,-1.965029,0.014344,-0.144334,0.023981,0.023981,-0.015181,0.023981,0.023981,0.023981,0.023981,0.119610,0.083218,0.023981,0.023981,1.565891,-0.690552,1.067448,0.063805,0.002608,0.000000,-0.002608,-0.003912,0.708822,0.916870,0.916870,0.594105,1.197784,1.197784,0.842192,1.133598,1.133598,0.858980,1.016044,1.016044,-0.007177,0.089861,-0.010085,0.003613,0.061050,-0.009209,-0.010790,0.028811,-0.000876,-0.002811,0.005044,-0.006164,0.008446,3.437122,-6.168850,7.538399,-6.168850,11.071676,-13.529705,7.538399,-13.529705,16.533443,-0.000000,0.000000,31.042241,-0.002811,0.005044,-0.006164,0.008446,2.502507,-4.491429,5.488573,-4.491429,8.061088,-9.850735,5.488573,-9.850735,12.037703,0.000000,0.000000,22.601298,-0.017082,0.115269,0.077039,-0.016418,0.114029,0.072616,-0.000664,0.001240,0.004423,-0.027735,-0.312638,-0.224586,0.385941,0.540939,6.097732,4.380357,6.097732,68.736588,49.377511,4.380357,49.377511,35.470753,-0.000000,0.000000,104.748281,-0.027735,-0.312638,-0.224586,0.385941,0.569811,6.423181,4.614147,6.423181,72.405211,52.012897,4.614147,52.012897,37.363905,-0.000000,0.000000,110.338927,0.001650,0.107078,0.073470,0.001630,0.106986,0.072969,0.000020,0.000092,0.000501,-0.003748,-0.035340,-0.005319,0.035934,1.062358,10.017331,1.507609,10.017331,94.456798,14.215756,1.507609,14.215756,2.139472,-0.000000,0.000000,97.658628,-0.003748,-0.035340,-0.005319,0.035934,1.076474,10.150436,1.527641,10.150436,95.711897,14.404648,1.527641,14.404648,2.167901,-0.000000,0.000000,98.956271,0.016132,0.102292,0.055483,0.015514,0.100794,0.053406,0.000618,0.001497,0.002076,-0.016927,-0.207741,-0.002414,0.208443,0.695831,8.539786,0.099228,8.539786,104.807049,1.217800,0.099228,1.217800,0.014150,-0.000000,0.000000,105.517030,-0.016927,-0.207741,-0.002414,0.208443,0.731944,8.983002,0.104377,8.983002,110.246549,1.281004,0.104377,1.281004,0.014885,0.000000,0.000000,110.993378,0.030385,0.090196,0.058017,0.030443,0.089955,0.058127,-0.000058,0.000241,-0.000110,-0.000017,-0.001115,-0.000323,0.001161,0.019609,1.250613,0.362165,1.250613,79.759657,23.097614,0.362165,23.097614,6.688843,-0.000000,0.000000,86.468109,-0.000017,-0.001115,-0.000323,0.001161,0.019494,1.243250,0.360033,1.243250,79.290098,22.961635,0.360033,22.961635,6.649464,-0.000000,0.000000,85.959056
1.6479,baseline,0.268,20.0000,4.215379,-1.221049,-1.291612,-0.073631,-0.076699,1.165825,-1.998777,0.977146,-2.699806,1.377515,-2.468175,1.412796,-1.965029,0.015792,-0.090497,0.023981,0.023981,0.010027,0.023981,0.023981,0.023981,0.023981,-0.079648,0.085084,0.023981,0.023981,1.565891,-0.691421,1.067448,0.063805,0.002557,0.000000,-0.002557,-0.003835,0.708822,0.916870,0.916870,0.594105,1.197784,1.197784,0.837529,1.132190,1.132190,0.858980,1.016044,1.016044,-0.007167,0.089838,-0.010132,0.003613,0.061050,-0.009209,-0.010781,0.028788,-0.000923,-0.002572,0.004614,-0.005648,0.007733,3.434632,-6.160630,7.540949,-6.160630,11.050196,-13.526047,7.540949,-13.526047,16.556625,-0.000000,0.000000,31.041453,-0.002572,0.004614,-0.005648,0.007733,2.501677,-4.487207,5.492588,-4.487207,8.048611,-9.851943,5.492588,-9.851943,12.059319,-0.000000,0.000000,22.609608,-0.017083,0.115269,0.077039,-0.016418,0.114029,0.072616,-0.000665,0.001240,0.004423,-0.027720,-0.312650,-0.224593,0.385954,0.540330,6.094335,4.377871,6.094335,68.737485,49.377633,4.377871,49.377633,35.470466,-0.000000,0.000000,104.748281,-0.027720,-0.312650,-0.224593,0.385954,0.569169,6.419613,4.611535,6.419613,72.406267,52.013106,4.611535,52.013106,37.363661,-0.000000,0.000000,110.339098,0.001650,0.107078,0.073470,0.001630,0.106986,0.072969,0.000020,0.000092,0.000501,-0.003748,-0.035340,-0.005319,0.035934,1.062358,10.017331,1.507609,10.017331,94.456798,14.215756,1.507609,14.215756,2.139472,-0.000000,0.000000,97.658628,-0.003748,-0.035340,-0.005319,0.035934,1.076474,10.150436,1.527641,10.150436,95.711897,14.404648,1.527641,14.404648,2.167901,-0.000000,0.000000,98.956271,0.016220,0.102475,0.055782,0.015514,0.100794,0.053406,0.000705,0.001680,0.002376,-0.019726,-0.236410,-0.004459,0.237274,0.730222,8.751440,0.165060,8.751440,104.882801,1.978189,0.165060,1.978189,0.037311,-0.000000,-0.000000,105.650334,-0.019726,-0.236410,-0.004459,0.237274,0.773282,9.267496,0.174794,9.267496,111.067539,2.094839,0.174794,2.094839,0.039511,-0.000000,-0.000000,111.880331,0.030386,0.090197,0.058017,0.030443,0.089955,0.058127,-0.000057,0.000241,-0.000110,-0.000018,-0.001163,-0.000337,0.001211,0.019708,1.253758,0.363053,1.253758,79.760362,23.096329,0.363053,23.096329,6.688039,0.000000,0.000000,86.468109,-0.000018,-0.001163,-0.000337,0.001211,0.019592,1.246398,0.360921,1.246398,79.292121,22.960740,0.360921,22.960740,6.648776,-0.000000,0.000000,85.960489
1.6902,baseline,0.268,20.0000,4.215379,-1.221049,-1.291612,-0.073631,-0.075165,1.165825,-1.998777,0.977146,-2.699806,1.377515,-2.465107,1.412796,-1.965029,0.006488,-0.021990,0.023981,0.023981,0.035830,0.023981,0.023981,0.023981,0.023981,-0.069021,0.080813,0.023981,0.023981,1.565891,-0.691421,1.067448,0.063805,0.002506,0.000000,-0.002506,-0.003758,0.708822,0.916870,0.916870,0.594105,1.197784,1.197784,0.837529,1.130783,1.130783,0.858980,1.016044,1.016044,-0.007167,0.089838,-0.010132,0.003613,0.061050,-0.009209,-0.010781,0.028788,-0.000923,-0.002572,0.004614,-0.005648,0.007733,3.434632,-6.160630,7.540949,-6.160630,11.050196,-13.526047,7.540949,-13.526047,16.556625,-0.000000,0.000000,31.041453,-0.002572,0.004614,-0.005648,0.007733,2.501677,-4.487207,5.492588,-4.487207,8.048611,-9.851943,5.492588,-9.851943,12.059319,-0.000000,0.000000,22.609608,-0.017084,0.115269,0.077039,-0.016418,0.114029,0.072616,-0.000667,0.001240,0.004423,-0.027705,-0.312662,-0.224599,0.385966,0.539721,6.090939,4.375385,6.090939,68.738381,49.377755,4.375385,49.377755,35.470179,-0.000000,0.000000,104.748281,-0.027705,-0.312662,-0.224599,0.385966,0.568529,6.416045,4.608923,6.416045,72.407324,52.013315,4.608923,52.013315,37.363416,0.000000,0.000000,110.339268,0.001650,0.107078,0.073470,0.001630,0.106986,0.072969,0.000020,0.000092,0.000501,-0.003748,-0.035340,-0.005319,0.035934,1.062358,10.017331,1.507609,10.017331,94.456798,14.215756,1.507609,14.215756,2.139472,-0.000000,0.000000,97.658628,-0.003748,-0.035340,-0.005319,0.035934,1.076474,10.150436,1.527641,10.150436,95.711897,14.404648,1.527641,14.404648,2.167901,-0.000000,0.000000,98.956271,0.016231,0.102551,0.055814,0.015514,0.100794,0.053406,0.000717,0.001757,0.002407,-0.020403,-0.242345,-0.005231,0.243259,0.744156,8.838978,0.190774,8.838978,104.988059,2.265980,0.190774,2.265980,0.048907,-0.000000,0.000000,105.781122,-0.020403,-0.242345,-0.005231,0.243259,0.788287,9.363150,0.202087,9.363150,111.214098,2.400358,0.202087,2.400358,0.051807,0.000000,0.000000,112.054192,0.030387,0.090197,0.058017,0.030443,0.089955,0.058127,-0.000056,0.000242,-0.000110,-0.000019,-0.001209,-0.000350,0.001259,0.019807,1.256903,0.363940,1.256903,79.761066,23.095044,0.363940,23.095044,6.687236,-0.000000,0.000000,86.468109,-0.000019,-0.001209,-0.000350,0.001259,0.019691,1.249545,0.361809,1.249545,79.294130,22.959841,0.361809,22.959841,6.648087,-0.000000,0.000000,85.961908
1.7327,baseline,0.268,20.0000,4.215379,-1.216447,-1.291612,-0.073631,-0.076699,1.165825,-1.998777,0.977146,-2.699806,1.374447,-2.463573,1.412796,-1.965029,0.013995,0.027081,0.021583,0.023981,0.009439,0.023981,0.023981,0.023981,0.023981,-0.042650,0.074581,0.023981,0.023981,1.565891,-0.688815,1.067448,0.063805,0.002557,0.000000,-0.002557,-0.003835,0.708822,0.916870,0.916870,0.594105,1.197784,1.197784,0.835664,1.130079,1.130079,0.858980,1.016044,1.016044,-0.007196,0.089907,-0.009991,0.003613,0.061050,-0.009209,-0.010809,0.028857,-0.000782,-0.003287,0.005906,-0.007194,0.009871,3.442111,-6.185294,7.533279,-6.185294,11.114649,-13.536908,7.533279,-13.536908,16.487060,-0.000000,0.000000,31.043821,-0.003287,0.005906,-0.007194,0.009871,2.504172,-4.499866,5.480539,-4.499866,8.086023,-9.848242,5.480539,-9.848242,11.994508,0.000000,0.000000,22.584703,-0.017083,0.115269,0.077039,-0.016418,0.114029,0.072616,-0.000665,0.001240,0.004423,-0.027720,-0.312650,-0.224593,0.385954,0.540330,6.094335,4.377871,6.094335,68.737485,49.377633,4.377871,49.377633,35.470466,-0.000000,0.000000,104.748281,-0.027720,-0.312650,-0.224593,0.385954,0.569169,6.419613,4.611535,6.419613,72.406267,52.013106,4.611535,52.013106,37.363661,-0.000000,0.000000,110.339097,0.001650,0.107078,0.073470,0.001630,0.106986,0.072969,0.000020,0.000092,0.000501,-0.003748,-0.035340,-0.005319,0.035934,1.062358,10.017331,1.507609,10.017331,94.456798,14.215756,1.507609,14.215756,2.139472,-0.000000,0.000000,97.658628,-0.003748,-0.035340,-0.005319,0.035934,1.076474,10.150436,1.527641,10.150436,95.711897,14.404648,1.527641,14.404648,2.167901,-0.000000,0.000000,98.956271,0.016267,0.102631,0.055937,0.015514,0.100794,0.053406,0.000753,0.001837,0.002531,-0.021631,-0.254415,-0.006300,0.255410,0.759185,8.929230,0.221123,8.929230,105.021990,2.600762,0.221123,2.600762,0.064405,-0.000000,-0.000000,105.845580,-0.021631,-0.254415,-0.006300,0.255410,0.806344,9.483890,0.234859,9.483890,111.545678,2.762314,0.234859,2.762314,0.068406,-0.000000,0.000000,112.420428,0.030386,0.090197,0.058017,0.030443,0.089955,0.058127,-0.000057,0.000241,-0.000110,-0.000018,-0.001163,-0.000337,0.001211,0.019708,1.253758,0.363053,1.253758,79.760362,23.096329,0.363053,23.096329,6.688039,0.000000,0.000000,86.468109,-0.000018,-0.001163,-0.000337,0.001211,0.019592,1.246398,0.360921,1.246398,79.292130,22.960743,0.360921,22.960743,6.648777,-0.000000,-0.000000,85.960500
1.7751,baseline,0.268,20.0000,4.215379,-1.199573,-1.291612,-0.073631,-0.076699,1.165825,-1.998777,0.977146,-2.699806,1.368311,-2.462039,1.412796,-1.965029,0.006170,0.264034,0.004937,0.023981,-0.014773,0.023981,0.023981,0.023981,0.023981,-0.083468,0.047743,0.023981,0.023981,1.565891,-0.679260,1.067448,0.063805,0.002557,0.000000,-0.002557,-0.003835,0.708822,0.916870,0.916870,0.594105,1.197784,1.197784,0.831933,1.129376,1.129376,0.858980,1.016044,1.016044,-0.007299,0.090159,-0.009472,0.003613,0.061050,-0.009209,-0.010913,0.029109,-0.000263,-0.005912,0.010693,-0.012787,0.017686,3.469737,-6.275835,7.504617,-6.275835,11.351326,-13.573866,7.504617,-13.573866,16.231570,0.000000,0.000000,31.052632,-0.005912,0.010693,-0.012787,0.017686,2.513416,-4.546104,5.436211,-4.546104,8.222699,-9.832668,5.436211,-9.832668,11.757862,-0.000000,0.000000,22.493977,-0.017083,0.115269,0.077039,-0.016418,0.114029,0.072616,-0.000665,0.001240,0.004423,-0.027720,-0.312650,-0.224592,0.385954,0.540330,6.094335,4.377871,6.094335,68.737485,49.377633,4.377871,49.377633,35.470466,-0.000000,0.000000,104.748281,-0.027720,-0.312650,-0.224592,0.385954,0.569169,6.419613,4.611535,6.419613,72.406267,52.013106,4.611535,52.013106,37.363661,0.000000,0.000000,110.339097,0.001650,0.107078,0.073470,0.001630,0.106986,0.072969,0.000020,0.000092,0.000501,-0.003748,-0.035340,-0.005319,0.035934,1.062358,10.017331,1.507609,10.017331,94.456798,14.215756,1.507609,14.215756,2.139472,-0.000000,0.000000,97.658628,-0.003748,-0.035340,-0.005319,0.035934,1.076474,10.150436,1.527641,10.150436,95.711897,14.404648,1.527641,14.404648,2.167901,-0.000000,0.000000,98.956271,0.016333,0.102752,0.056169,0.015514,0.100794,0.053406,0.000819,0.001958,0.002763,-0.023805,-0.275652,-0.008200,0.276799,0.783338,9.070636,0.269839,9.070636,105.033125,3.124596,0.269839,3.124596,0.092953,-0.000000,0.000000,105.909416,-0.023805,-0.275652,-0.008200,0.276799,0.836269,9.683545,0.288073,9.683545,112.130278,3.335727,0.288073,3.335727,0.099233,-0.000000,0.000000,113.065780,0.030386,0.090197,0.058017,0.030443,0.089955,0.058127,-0.000057,0.000241,-0.000110,-0.000018,-0.001164,-0.000337,0.001212,0.019708,1.253758,0.363053,1.253758,79.760362,23.096329,0.363053,23.096329,6.688039,-0.000000,0.000000,86.468109,-0.000018,-0.001164,-0.000337,0.001212,0.019592,1.246398,0.360921,1.246398,79.292143,22.960746,0.360921,22.960746,6.648778,0.000000,0.000000,85.960513
1.8175,baseline,0.268,20.0000,4.215379,-1.201107,-1.291612,-0.073631,-0.073631,1.165825,-1.998777,0.977146,-2.699806,1.362175,-2.462039,1.412796,-1.965029,0.011232,0.202276,0.001130,0.023981,0.071554,0.023981,0.023981,0.023981,0.023981,-0.111231,0.041823,0.023981,0.023981,1.565891,-0.680129,1.067448,0.063805,0.002454,0.000000,-0.002454,-0.003682,0.708822,0.916870,0.916870,0.594105,1.197784,1.197784,0.828202,1.129376,1.129376,0.858980,1.016044,1.016044,-0.007290,0.090136,-0.009519,0.003613,0.061050,-0.009209,-0.010903,0.029086,-0.000310,-0.005673,0.010255,-0.012283,0.016977,3.467212,-6.267598,7.507257,-6.267598,11.329788,-13.570693,7.507257,-13.570693,16.254822,-0.000000,0.000000,31.051823,-0.005673,0.010255,-0.012283,0.016977,2.512569,-4.541912,5.440251,-4.541912,8.210307,-9.834214,5.440251,-9.834214,11.779310,-0.000000,0.000000,22.502186,-0.017086,0.115269,0.077039,-0.016418,0.114029,0.072616,-0.000668,0.001240,0.004423,-0.027690,-0.312675,-0.224605,0.385979,0.539112,6.087542,4.372899,6.087542,68.739278,49.377877,4.372899,49.377877,35.469891,0.000000,0.000000,104.748281,-0.027690,-0.312675,-0.224605,0.385979,0.567888,6.412477,4.606311,6.412477,72.408379,52.013524,4.606311,52.013524,37.363171,-0.000000,0.000000,110.339438,0.001650,0.107078,0.073470,0.001630,0.106986,0.072969,0.000020,0.000092,0.000501,-0.003748,-0.035340,-0.005319,0.035934,1.062358,10.017331,1.507609,10.017331,94.456798,14.215756,1.507609,14.215756,2.139472,-0.000000,0.000000,97.658628,-0.003748,-0.035340,-0.005319,0.035934,1.076474,10.150436,1.527641,10.150436,95.711897,14.404648,1.527641,14.404648,2.167901,-0.000000,0.000000,98.956271,0.016395,0.102835,0.056385,0.015514,0.100794,0.053406,0.000881,0.002041,0.002979,-0.025684,-0.293964,-0.009805,0.295246,0.801461,9.173132,0.305975,9.173132,104.991146,3.502035,0.305975,3.502035,0.116812,-0.000000,0.000000,105.909419,-0.025684,-0.293964,-0.009805,0.295246,0.859863,9.841566,0.328271,9.841566,112.641711,3.757224,0.328271,3.757224,0.125324,-0.000000,0.000000,113.626898,0.030388,0.090197,0.058017,0.030443,0.089955,0.058127,-0.000055,0.000242,-0.000110,-0.000020,-0.001257,-0.000364,0.001309,0.019906,1.260048,0.364827,1.260048,79.761771,23.093758,0.364827,23.093758,6.686432,-0.000000,0.000000,86.468109,-0.000020,-0.001257,-0.000364,0.001309,0.019790,1.252692,0.362697,1.252692,79.296167,22.958950,0.362697,22.958950,6.647400,0.000000,0.000000,85.963357
1.8600,baseline,0.268,20.0000,4.215379,-1.208777,-1.291612,-0.073631,-0.075165,1.165825,-1.998777,0.977146,-2.699806,1.356039,-2.462039,1.412796,-1.965029,0.007406,-0.056754,0.000258,0.023981,0.015985,0.023981,0.023981,0.023981,0.023981,-0.137251,0.028063,0.023981,0.023981,1.565891,-0.684472,1.067448,0.063805,0.002506,0.000000,-0.002506,-0.003758,0.708822,0.916870,0.916870,0.594105,1.197784,1.197784,0.824472,1.129376,1.129376,0.858980,1.016044,1.016044,-0.007243,0.090022,-0.009755,0.003613,0.061050,-0.009209,-0.010856,0.028972,-0.000546,-0.004479,0.008073,-0.009750,0.013428,3.454629,-6.226428,7.520356,-6.226428,11.222164,-13.554266,7.520356,-13.554266,16.371008,-0.000000,0.000000,31.047800,-0.004479,0.008073,-0.009750,0.013428,2.508355,-4.520918,5.460419,-4.520918,8.148248,-9.841553,5.460419,-9.841553,11.886747,0.000000,0.000000,22.543349,-0.017084,0.115269,0.077039,-0.016418,0.114029,0.072616,-0.000667,0.001240,0.004423,-0.027705,-0.312662,-0.224599,0.385966,0.539721,6.090939,4.375385,6.090939,68.738381,49.377755,4.375385,49.377755,35.470179,-0.000000,0.000000,104.748281,-0.027705,-0.312662,-0.224599,0.385966,0.568529,6.416045,4.608923,6.416045,72.407323,52.013315,4.608923,52.013315,37.363416,-0.000000,0.000000,110.339267,0.001650,0.107078,0.073470,0.001630,0.106986,0.072969,0.000020,0.000092,0.000501,-0.003748,-0.035340,-0.005319,0.035934,1.062358,10.017331,1.507609,10.017331,94.456798,14.215756,1.507609,14.215756,2.139472,-0.000000,0.000000,97.658628,-0.003748,-0.035340,-0.005319,0.035934,1.076474,10.150436,1.527641,10.150436,95.711897,14.404648,1.527641,14.404648,2.167901,-0.000000,0.000000,98.956271,0.016455,0.102917,0.056602,0.015514,0.100794,0.053406,0.000941,0.002122,0.003195,-0.027577,-0.312225,-0.011548,0.313653,0.818712,9.269385,0.342825,9.269385,104.947157,3.881431,0.342825,3.881431,0.143553,-0.000000,0.000000,105.909422,-0.027577,-0.312225,-0.011548,0.313653,0.882685,9.993680,0.369613,9.993680,113.147567,4.184720,0.369613,4.184720,0.154770,0.000000,0.000000,114.185022,0.030387,0.090197,0.058017,0.030443,0.089955,0.058127,-0.000056,0.000242,-0.000110,-0.000019,-0.001212,-0.000351,0.001262,0.019807,1.256903,0.363940,1.256903,79.761067,23.095044,0.363940,23.095044,6.687236,-0.000000,0.000000,86.468109,-0.000019,-0.001212,-0.000351,0.001262,0.019691,1.249545,0.361809,1.249545,79.294172,22.959853,0.361809,22.959853,6.648091,-0.000000,0.000000,85.961953
1.9035,baseline,0.268,20.0000,4.215379,-1.210311,-1.291612,-0.073631,-0.078233,1.165825,-1.998777,0.977146,-2.699806,1.348369,-2.462039,1.412796,-1.965029,0.001525,-0.087117,0.000053,0.023981,-0.039059,0.023981,0.023981,0.023981,0.023981,-0.147268,0.024821,0.023981,0.023981,1.565891,-0.685340,1.067448,0.063805,0.002608,0.000000,-0.002608,-0.003912,0.708822,0.916870,0.916870,0.594105,1.197784,1.197784,0.819808,1.129376,1.129376,0.858980,1.016044,1.016044,-0.007233,0.089999,-0.009803,0.003613,0.061050,-0.009209,-0.010847,0.028949,-0.000594,-0.004240,0.007638,-0.009241,0.012717,3.452120,-6.218199,7.522954,-6.218199,11.200652,-13.550869,7.522954,-13.550869,16.394229,-0.000000,0.000000,31.047001,-0.004240,0.007638,-0.009241,0.012717,2.507516,-4.516712,5.464447,-4.516712,8.135816,-9.842943,5.464447,-9.842943,11.908273,-0.000000,0.000000,22.551605,-0.017082,0.115269,0.077039,-0.016418,0.114029,0.072616,-0.000664,0.001240,0.004423,-0.027735,-0.312638,-0.224586,0.385941,0.540939,6.097732,4.380357,6.097732,68.736588,49.377511,4.380357,49.377511,35.470753,-0.000000,0.000000,104.748281,-0.027735,-0.312638,-0.224586,0.385941,0.569811,6.423181,4.614147,6.423181,72.405211,52.012897,4.614147,52.012897,37.363905,-0.000000,0.000000,110.338926,0.001650,0.107078,0.073470,0.001630,0.106986,0.072969,0.000020,0.000092,0.000501,-0.003748,-0.035340,-0.005319,0.035934,1.062358,10.017331,1.507609,10.017331,94.456798,14.215756,1.507609,14.215756,2.139472,-0.000000,0.000000,97.658628,-0.003748,-0.035340,-0.005319,0.035934,1.076474,10.150436,1.527641,10.150436,95.711897,14.404648,1.527641,14.404648,2.167901,-0.000000,0.000000,98.956271,0.016530,0.103017,0.056873,0.015514,0.100794,0.053406,0.001016,0.002223,0.003466,-0.029987,-0.335040,-0.013914,0.336667,0.840229,9.387771,0.389860,9.387771,104.888305,4.355848,0.389860,4.355848,0.180892,-0.000000,0.000000,105.909426,-0.029987,-0.335040,-0.013914,0.336667,0.911401,10.182958,0.422882,10.182958,113.772821,4.724809,0.422882,4.724809,0.196214,-0.000000,0.000000,114.880435,0.030385,0.090196,0.058017,0.030443,0.089955,0.058127,-0.000058,0.000241,-0.000110,-0.000018,-0.001121,-0.000325,0.001168,0.019609,1.250613,0.362165,1.250613,79.759657,23.097614,0.362165,23.097614,6.688843,-0.000000,0.000000,86.468109,-0.000018,-0.001121,-0.000325,0.001168,0.019494,1.243252,0.360033,1.243252,79.290172,22.961656,0.360033,22.961656,6.649470,0.000000,0.000000,85.959137
1.9479,baseline,0.268,20.0000,4.215379,-1.210311,-1.291612,-0.073631,-0.078233,1.165825,-1.998777,0.977146,-2.699806,1.340699,-2.463573,1.412796,-1.965029,0.015933,-0.017937,0.000011,0.023981,-0.012465,0.023981,0.023981,0.023981,0.023981,-0.175118,0.007698,0.023981,0.023981,1.565891,-0.685340,1.067448,0.063805,0.002608,0.000000,-0.002608,-0.003912,0.708822,0.916870,0.916870,0.594105,1.197784,1.197784,0.815145,1.130079,1.130079,0.858980,1.016044,1.016044,-0.007233,0.089999,-0.009803,0.003613,0.061050,-0.009209,-0.010847,0.028949,-0.000594,-0.004240,0.007638,-0.009241,0.012717,3.452120,-6.218199,7.522954,-6.218199,11.200652,-13.550869,7.522954,-13.550869,16.394229,-0.000000,0.000000,31.047001,-0.004240,0.007638,-0.009241,0.012717,2.507516,-4.516712,5.464447,-4.516712,8.135816,-9.842943,5.464447,-9.842943,11.908273,-0.000000,0.000000,22.551605,-0.017082,0.115269,0.077039,-0.016418,0.114029,0.072616,-0.000664,0.001240,0.004423,-0.027735,-0.312638,-0.224586,0.385941,0.540939,6.097732,4.380357,6.097732,68.736588,49.377511,4.380357,49.377511,35.470753,-0.000000,0.000000,104.748281,-0.027735,-0.312638,-0.224586,0.385941,0.569811,6.423181,4.614147,6.423181,72.405211,52.012897,4.614147,52.012897,37.363905,0.000000,0.000000,110.338926,0.001650,0.107078,0.073470,0.001630,0.106986,0.072969,0.000020,0.000092,0.000501,-0.003748,-0.035340,-0.005319,0.035934,1.062358,10.017331,1.507609,10.017331,94.456798,14.215756,1.507609,14.215756,2.139472,-0.000000,0.000000,97.658628,-0.003748,-0.035340,-0.005319,0.035934,1.076474,10.150436,1.527641,10.150436,95.711897,14.404648,1.527641,14.404648,2.167901,-0.000000,0.000000,98.956271,0.016601,0.103079,0.057128,0.015514,0.100794,0.053406,0.001087,0.002285,0.003721,-0.032063,-0.354863,-0.015860,0.356662,0.855404,9.467310,0.423119,9.467310,104.780902,4.682936,0.423119,4.682936,0.209293,-0.000000,0.000000,105.845598,-0.032063,-0.354863,-0.015860,0.356662,0.933386,10.330391,0.461693,10.330391,114.333178,5.109852,0.461693,5.109852,0.228373,-0.000000,0.000000,115.494937,0.030385,0.090196,0.058017,0.030443,0.089955,0.058127,-0.000058,0.000241,-0.000110,-0.000018,-0.001122,-0.000325,0.001169,0.019609,1.250613,0.362165,1.250613,79.759657,23.097614,0.362165,23.097614,6.688843,-0.000000,0.000000,86.468109,-0.000018,-0.001122,-0.000325,0.001169,0.019494,1.243252,0.360034,1.243252,79.290185,22.961660,0.360034,22.961660,6.649472,-0.000000,0.000000,85.959150
1.9902,baseline,0.268,20.0000,4.215379,-1.205709,-1.291612,-0.073631,-0.076699,1.165825,-1.998777,0.977146,-2.699806,1.331495,-2.475845,1.412796,-1.965029,0.017912,0.030407,0.000003,0.023981,0.001705,0.023981,0.023981,0.023981,0.023981,-0.202710,-0.133527,0.023981,0.023981,1.565891,-0.682734,1.067448,0.063805,0.002557,0.000000,-0.002557,-0.003835,0.708822,0.916870,0.916870,0.594105,1.197784,1.197784,0.809549,1.135709,1.135709,0.858980,1.016044,1.016044,-0.007262,0.090068,-0.009661,0.003613,0.061050,-0.009209,-0.010875,0.029018,-0.000452,-0.004956,0.008944,-0.010766,0.014848,3.459654,-6.242892,7.515138,-6.242892,11.265201,-13.560949,7.515138,-13.560949,16.324549,-0.000000,0.000000,31.049404,-0.004956,0.008944,-0.010766,0.014848,2.510037,-4.529322,5.452358,-4.529322,8.173092,-9.838695,5.452358,-9.838695,11.843733,-0.000000,0.000000,22.526861,-0.017083,0.115269,0.077039,-0.016418,0.114029,0.072616,-0.000665,0.001240,0.004423,-0.027720,-0.312650,-0.224592,0.385954,0.540330,6.094335,4.377871,6.094335,68.737485,49.377633,4.377871,49.377633,35.470466,-0.000000,0.000000,104.748281,-0.027720,-0.312650,-0.224592,0.385954,0.569169,6.419613,4.611535,6.419613,72.406267,52.013106,4.611535,52.013106,37.363660,-0.000000,0.000000,110.339097,0.001650,0.107078,0.073470,0.001630,0.106986,0.072969,0.000020,0.000092,0.000501,-0.003748,-0.035340,-0.005319,0.035934,1.062358,10.017331,1.507609,10.017331,94.456798,14.215756,1.507609,14.215756,2.139472,-0.000000,0.000000,97.658628,-0.003748,-0.035340,-0.005319,0.035934,1.076474,10.150436,1.527641,10.150436,95.711897,14.404648,1.527641,14.404648,2.167901,-0.000000,0.000000,98.956271,0.016646,0.102895,0.057321,0.015514,0.100794,0.053406,0.001132,0.002101,0.003915,-0.031814,-0.357884,-0.014023,0.359569,0.824409,9.274093,0.363390,9.274093,104.327811,4.087916,0.363390,4.087916,0.160178,-0.000000,0.000000,105.312398,-0.031814,-0.357884,-0.014023,0.359569,0.905442,10.185658,0.399109,10.185658,114.582353,4.489724,0.399109,4.489724,0.175923,-0.000000,0.000000,115.663717,0.030386,0.090197,0.058017,0.030443,0.089955,0.058127,-0.000057,0.000241,-0.000110,-0.000018,-0.001169,-0.000338,0.001217,0.019708,1.253758,0.363053,1.253758,79.760362,23.096329,0.363053,23.096329,6.688039,-0.000000,0.000000,86.468109,-0.000018,-0.001169,-0.000338,0.001217,0.019592,1.246399,0.360922,1.246399,79.292197,22.960762,0.360922,22.960762,6.648783,-0.000000,-0.000000,85.960572
2.0115,ramp,0.268,22.5927,4.215379,-1.198039,-1.291612,-0.073631,-0.073631,1.165825,-1.998777,0.977146,-2.699806,1.325359,-2.485049,1.412796,-1.965029,0.012831,0.128102,0.000001,0.023981,0.044554,0.023981,0.023981,0.023981,0.023981,-0.217800,-0.277810,0.023981,0.023981,1.565891,-0.678391,1.067448,0.063805,0.002454,0.000000,-0.002454,-0.003682,0.708822,0.916870,0.916870,0.594105,1.197784,1.197784,0.805819,1.139931,1.139931,0.858980,1.016044,1.016044,-0.007309,0.090182,-0.009425,0.003613,0.061050,-0.009209,-0.010922,0.029132,-0.000216,0.003367,-0.006094,0.007275,0.010069,3.797632,-6.872923,8.204940,-6.872923,12.438560,-14.849233,8.204940,-14.849233,17.727110,0.000000,0.000000,33.963301,0.003367,-0.006094,0.007275,0.010069,2.736034,-4.951652,5.911314,-4.951652,8.961459,-10.698247,5.911314,-10.698247,12.771637,0.000000,0.000000,24.469129,-0.017086,0.115269,0.077039,-0.016418,0.114029,0.072616,-0.000668,0.001240,0.004423,-0.027690,-0.312675,-0.224605,0.385979,0.539112,6.087542,4.372899,6.087542,68.739278,49.377877,4.372899,49.377877,35.469891,-0.000000,0.000000,104.748281,-0.027690,-0.312675,-0.224605,0.385979,0.567888,6.412477,4.606311,6.412477,72.408379,52.013523,4.606311,52.013523,37.363170,-0.000000,0.000000,110.339438,0.001650,0.107078,0.073470,0.001630,0.106986,0.072969,0.000020,0.000092,0.000501,-0.003748,-0.035340,-0.005319,0.035934,1.062358,10.017331,1.507609,10.017331,94.456798,14.215756,1.507609,14.215756,2.139472,-0.000000,0.000000,97.658628,-0.003748,-0.035340,-0.005319,0.035934,1.076474,10.150436,1.527641,10.150436,95.711897,14.404648,1.527641,14.404648,2.167901,-0.000000,0.000000,98.956271,0.016672,0.102747,0.057439,0.015514,0.100794,0.053406,0.001158,0.001953,0.004033,-0.031369,-0.357669,-0.012373,0.359255,0.799653,9.117754,0.315404,9.117754,103.961933,3.596284,0.315404,3.596284,0.124404,-0.000000,0.000000,104.885989,-0.031369,-0.357669,-0.012373,0.359255,0.882037,10.057118,0.347899,10.057118,114.672698,3.966794,0.347899,3.966794,0.137221,0.000000,0.000000,115.691956,0.030388,0.090197,0.058017,0.030443,0.089955,0.058127,-0.000055,0.000242,-0.000110,-0.000020,-0.001261,-0.000365,0.001313,0.019906,1.260048,0.364827,1.260048,79.761771,23.093758,0.364827,23.093758,6.686432,-0.000000,0.000000,86.468109,-0.000020,-0.001261,-0.000365,0.001313,0.019790,1.252693,0.362697,1.252693,79.296213,22.958963,0.362697,22.958963,6.647404,-0.000000,0.000000,85.963407
2.0297,ramp,0.268,28.0136,4.215379,-1.191903,-1.291612,-0.073631,-0.072097,1.165825,-1.998777,0.977146,-2.699806,1.320757,-2.485049,1.412796,-1.965029,0.006819,0.238718,0.000001,0.023981,0.091097,0.023981,0.023981,0.023981,0.023981,-0.230055,-0.291937,0.023981,0.023981,1.565891,-0.674917,1.067448,0.063805,0.002403,0.000000,-0.002403,-0.003605,0.708822,0.916870,0.916870,0.594105,1.197784,1.197784,0.803021,1.139931,1.139931,0.858980,1.016044,1.016044,-0.007347,0.090272,-0.009235,0.003613,0.061050,-0.009209,-0.010960,0.029222,-0.000027,0.022228,-0.040321,0.047816,0.066380,4.491163,-8.146936,9.661352,-8.146936,14.778480,-17.525619,9.661352,-17.525619,20.783418,-0.000000,0.000000,40.053061,0.022228,-0.040321,0.047816,0.066380,3.204133,-5.812274,6.892705,-5.812274,10.543421,-12.503314,6.892705,-12.503314,14.827528,-0.000000,0.000000,28.575082,-0.017087,0.115269,0.077039,-0.016418,0.114029,0.072616,-0.000670,0.001240,0.004423,-0.027676,-0.312687,-0.224612,0.385992,0.538503,6.084145,4.370412,6.084145,68.740174,49.377998,4.370412,49.377998,35.469604,-0.000000,0.000000,104.748281,-0.027676,-0.312687,-0.224612,0.385992,0.567248,6.408909,4.603699,6.408909,72.409435,52.013732,4.603699,52.013732,37.362925,-0.000000,0.000000,110.339608,0.001650,0.107078,0.073470,0.001630,0.106986,0.072969,0.000020,0.000092,0.000501,-0.003748,-0.035340,-0.005319,0.035934,1.062358,10.017331,1.507609,10.017331,94.456798,14.215756,1.507609,14.215756,2.139472,-0.000000,0.000000,97.658628,-0.003748,-0.035340,-0.005319,0.035934,1.076474,10.150436,1.527641,10.150436,95.711897,14.404648,1.527641,14.404648,2.167901,-0.000000,0.000000,98.956271,0.016718,0.102805,0.057601,0.015514,0.100794,0.053406,0.001204,0.002011,0.004195,-0.032840,-0.371267,-0.013849,0.372974,0.813118,9.192714,0.342907,9.192714,103.928263,3.876740,0.342907,3.876740,0.144610,-0.000000,0.000000,104.885992,-0.032840,-0.371267,-0.013849,0.372974,0.900162,10.176786,0.379615,10.176786,115.053695,4.291741,0.379615,4.291741,0.160091,-0.000000,0.000000,116.113948,0.030389,0.090197,0.058018,0.030443,0.089955,0.058127,-0.000054,0.000242,-0.000110,-0.000021,-0.001308,-0.000379,0.001362,0.020005,1.263193,0.365714,1.263193,79.762476,23.092472,0.365714,23.092472,6.685628,-0.000000,0.000000,86.468109,-0.000021,-0.001308,-0.000379,0.001362,0.019889,1.255840,0.363585,1.255840,79.298228,22.958065,0.363585,22.958065,6.646715,-0.000000,0.000000,85.964832
2.0478,ramp,0.268,33.4305,4.215379,-1.191903,-1.291612,-0.073631,-0.072097,1.165825,-1.998777,0.977146,-2.699806,1.316156,-2.483515,1.412796,-1.965029,0.003624,0.266230,0.000000,0.023981,0.098687,0.023981,0.023981,0.023981,0.023981,-0.234625,-0.176142,0.023981,0.023981,1.565891,-0.674917,1.067448,0.063805,0.002403,0.000000,-0.002403,-0.003605,0.708822,0.916870,0.916870,0.594105,1.197784,1.197784,0.800223,1.139227,1.139227,0.858980,1.016044,1.016044,-0.007347,0.090272,-0.009235,0.003613,0.061050,-0.009209,-0.010960,0.029222,-0.000027,0.042058,-0.076293,0.090475,0.125599,5.173057,-9.383887,11.128237,-9.383887,17.022299,-20.186537,11.128237,-20.186537,23.938968,-0.000000,0.000000,46.134325,0.042058,-0.076293,0.090475,0.125599,3.668164,-6.654022,7.890923,-6.654022,12.070345,-14.314075,7.890923,-14.314075,16.974887,-0.000000,-0.000000,32.713396,-0.017087,0.115269,0.077039,-0.016418,0.114029,0.072616,-0.000670,0.001240,0.004423,-0.027676,-0.312687,-0.224612,0.385992,0.538503,6.084145,4.370412,6.084145,68.740174,49.377998,4.370412,49.377998,35.469604,-0.000000,0.000000,104.748281,-0.027676,-0.312687,-0.224612,0.385992,0.567248,6.408909,4.603699,6.408909,72.409435,52.013732,4.603699,52.013732,37.362925,-0.000000,0.000000,110.339608,0.001650,0.107078,0.073470,0.001630,0.106986,0.072969,0.000020,0.000092,0.000501,-0.003748,-0.035340,-0.005319,0.035934,1.062358,10.017331,1.507609,10.017331,94.456798,14.215756,1.507609,14.215756,2.139472,-0.000000,0.000000,97.658628,-0.003748,-0.035340,-0.005319,0.035934,1.076474,10.150436,1.527641,10.150436,95.711897,14.404648,1.527641,14.404648,2.167901,-0.000000,0.000000,98.956271,0.016770,0.102901,0.057780,0.015514,0.100794,0.053406,0.001256,0.002106,0.004374,-0.034740,-0.387941,-0.016056,0.389824,0.833592,9.308566,0.385252,9.308566,103.947010,4.302038,0.385252,4.302038,0.178048,-0.000000,0.000000,104.958649,-0.034740,-0.387941,-0.016056,0.389824,0.926243,10.343186,0.428072,10.343186,115.500413,4.780197,0.428072,4.780197,0.197837,0.000000,0.000000,116.624494,0.030389,0.090197,0.058018,0.030443,0.089955,0.058127,-0.000054,0.000242,-0.000110,-0.000021,-0.001309,-0.000379,0.001363,0.020005,1.263193,0.365714,1.263193,79.762476,23.092472,0.365714,23.092472,6.685628,0.000000,0.000000,86.468109,-0.000021,-0.001309,-0.000379,0.001363,0.019889,1.255841,0.363585,1.255841,79.298238,22.958068,0.363585,22.958068,6.646716,0.000000,0.000000,85.964843
2.0661,ramp,0.268,38.8607,4.215379,-1.193437,-1.291612,-0.073631,-0.073631,1.165825,-1.998777,0.977146,-2.699806,1.311554,-2.480447,1.412796,-1.965029,0.010173,0.171969,0.000000,0.023981,0.059191,0.023981,0.023981,0.023981,0.023981,-0.245301,-0.046570,0.023981,0.023981,1.565891,-0.675785,1.067448,0.063805,0.002454,0.000000,-0.002454,-0.003682,0.708822,0.916870,0.916870,0.594105,1.197784,1.197784,0.797425,1.137820,1.137820,0.858980,1.016044,1.016044,-0.007337,0.090249,-0.009283,0.003613,0.061050,-0.009209,-0.010950,0.029199,-0.000074,0.062225,-0.112810,0.134003,0.185889,5.852263,-10.609838,12.603021,-10.609838,19.235064,-22.848597,12.603021,-22.848597,27.140974,0.000000,0.000000,52.228301,0.062225,-0.112810,0.134003,0.185889,4.131889,-7.490892,8.898144,-7.490892,13.580583,-16.131855,8.898144,-16.131855,19.162414,-0.000000,0.000000,36.874886,-0.017086,0.115269,0.077039,-0.016418,0.114029,0.072616,-0.000668,0.001240,0.004423,-0.027690,-0.312675,-0.224605,0.385979,0.539112,6.087542,4.372899,6.087542,68.739278,49.377877,4.372899,49.377877,35.469891,-0.000000,0.000000,104.748281,-0.027690,-0.312675,-0.224605,0.385979,0.567888,6.412477,4.606311,6.412477,72.408379,52.013523,4.606311,52.013523,37.363170,-0.000000,0.000000,110.339437,0.001650,0.107078,0.073470,0.001630,0.106986,0.072969,0.000020,0.000092,0.000501,-0.003748,-0.035340,-0.005319,0.035934,1.062358,10.017331,1.507609,10.017331,94.456798,14.215756,1.507609,14.215756,2.139472,-0.000000,0.000000,97.658628,-0.003748,-0.035340,-0.005319,0.035934,1.076474,10.150436,1.527641,10.150436,95.711897,14.404648,1.527641,14.404648,2.167901,-0.000000,0.000000,98.956271,0.016827,0.103033,0.057976,0.015514,0.100794,0.053406,0.001312,0.002239,0.004570,-0.037101,-0.407710,-0.019101,0.409840,0.861312,9.465052,0.443427,9.465052,104.012455,4.872864,0.443427,4.872864,0.228288,-0.000000,0.000000,105.102055,-0.037101,-0.407710,-0.019101,0.409840,0.960613,10.556274,0.494549,10.556274,116.004002,5.434654,0.494549,5.434654,0.254607,0.000000,0.000000,117.219222,0.030388,0.090197,0.058017,0.030443,0.089955,0.058127,-0.000055,0.000242,-0.000110,-0.000020,-0.001264,-0.000366,0.001316,0.019906,1.260048,0.364827,1.260048,79.761771,23.093758,0.364827,23.093758,6.686432,-0.000000,0.000000,86.468109,-0.000020,-0.001264,-0.000366,0.001316,0.019790,1.252694,0.362698,1.252694,79.296242,22.958971,0.362698,22.958971,6.647407,0.000000,0.000000,85.963439
2.0849,ramp,0.268,44.4956,4.215379,-1.196505,-1.291612,-0.073631,-0.075165,1.165825,-1.998777,0.977146,-2.699806,1.306952,-2.477379,1.412796,-1.965029,0.016643,0.053190,0.000000,0.023981,0.011323,0.023981,0.023981,0.023981,0.023981,-0.246301,0.045810,0.023981,0.023981,1.565891,-0.677523,1.067448,0.063805,0.002506,0.000000,-0.002506,-0.003758,0.708822,0.916870,0.916870,0.594105,1.197784,1.197784,0.794627,1.136412,1.136412,0.858980,1.016044,1.016044,-0.007318,0.090204,-0.009378,0.003613,0.061050,-0.009209,-0.010931,0.029154,-0.000169,0.083472,-0.151156,0.180150,0.249539,6.551253,-11.863308,14.138941,-11.863308,21.482622,-25.603441,14.138941,-25.603441,30.514721,0.000000,0.000000,58.548595,0.083472,-0.151156,0.180150,0.249539,4.611179,-8.350133,9.951865,-8.350133,15.120804,-18.021293,9.951865,-18.021293,21.478156,-0.000000,0.000000,41.210139,-0.017084,0.115269,0.077039,-0.016418,0.114029,0.072616,-0.000667,0.001240,0.004423,-0.027705,-0.312662,-0.224599,0.385966,0.539721,6.090939,4.375385,6.090939,68.738381,49.377755,4.375385,49.377755,35.470179,-0.000000,-0.000000,104.748281,-0.027705,-0.312662,-0.224599,0.385966,0.568529,6.416045,4.608923,6.416045,72.407323,52.013314,4.608923,52.013314,37.363415,-0.000000,0.000000,110.339267,0.001650,0.107078,0.073470,0.001630,0.106986,0.072969,0.000020,0.000092,0.000501,-0.003748,-0.035340,-0.005319,0.035934,1.062358,10.017331,1.507609,10.017331,94.456798,14.215756,1.507609,14.215756,2.139472,-0.000000,0.000000,97.658628,-0.003748,-0.035340,-0.005319,0.035934,1.076474,10.150436,1.527641,10.150436,95.711897,14.404648,1.527641,14.404648,2.167901,-0.000000,0.000000,98.956271,0.016883,0.103165,0.058173,0.015514,0.100794,0.053406,0.001369,0.002371,0.004767,-0.039522,-0.427505,-0.022365,0.429910,0.889459,9.621058,0.503324,9.621058,104.068645,5.444338,0.503324,5.444338,0.284820,-0.000000,0.000000,105.242923,-0.039522,-0.427505,-0.022365,0.429910,0.995647,10.769668,0.563414,10.769668,116.492885,6.094311,0.563414,6.094311,0.318823,-0.000000,0.000000,117.807354,0.030387,0.090197,0.058017,0.030443,0.089955,0.058127,-0.000056,0.000242,-0.000110,-0.000019,-0.001218,-0.000353,0.001269,0.019807,1.256903,0.363940,1.256903,79.761067,23.095044,0.363940,23.095044,6.687236,-0.000000,-0.000000,86.468109,-0.000019,-0.001218,-0.000353,0.001269,0.019691,1.249547,0.361810,1.249547,79.294247,22.959875,0.361810,22.959875,6.648097,-0.000000,0.000000,85.962035
2.1031,ramp,0.268,49.9000,4.215379,-1.201107,-1.291612,-0.073631,-0.076699,1.165825,-1.998777,0.977146,-2.699806,1.302350,-2.474311,1.412796,-1.965029,0.015343,-0.038970,0.000000,0.023981,-0.027692,0.023981,0.023981,0.023981,0.023981,-0.243259,0.103000,0.023981,0.023981,1.565891,-0.680129,1.067448,0.063805,0.002557,0.000000,-0.002557,-0.003835,0.708822,0.916870,0.916870,0.594105,1.197784,1.197784,0.791829,1.135005,1.135005,0.858980,1.016044,1.016044,-0.007290,0.090136,-0.009519,0.003613,0.061050,-0.009209,-0.010903,0.029086,-0.000310,0.104248,-0.188447,0.225720,0.311977,7.213786,-13.040191,15.619394,-13.040191,23.572447,-28.234810,15.619394,-28.234810,33.819337,-0.000000,0.000000,64.605569,0.104248,-0.188447,0.225720,0.311977,5.068287,-9.161824,10.973929,-9.161824,16.561613,-19.837313,10.973929,-19.837313,23.760909,-0.000000,0.000000,45.390810,-0.017083,0.115269,0.077039,-0.016418,0.114029,0.072616,-0.000665,0.001240,0.004423,-0.027720,-0.312650,-0.224592,0.385954,0.540330,6.094335,4.377871,6.094335,68.737485,49.377633,4.377871,49.377633,35.470466,-0.000000,0.000000,104.748281,-0.027720,-0.312650,-0.224592,0.385954,0.569169,6.419613,4.611535,6.419613,72.406266,52.013105,4.611535,52.013105,37.363660,0.000000,0.000000,110.339096,0.001650,0.107078,0.073470,0.001630,0.106986,0.072969,0.000020,0.000092,0.000501,-0.003748,-0.035340,-0.005319,0.035934,1.062358,10.017331,1.507609,10.017331,94.456798,14.215756,1.507609,14.215756,2.139472,-0.000000,0.000000,97.658628,-0.003748,-0.035340,-0.005319,0.035934,1.076474,10.150436,1.527641,10.150436,95.711897,14.404648,1.527641,14.404648,2.167901,-0.000000,0.000000,98.956271,0.016941,0.103296,0.058371,0.015514,0.100794,0.053406,0.001426,0.002501,0.004964,-0.042004,-0.447321,-0.025849,0.450032,0.918027,9.776551,0.564941,9.776551,104.115577,6.016347,0.564941,6.016347,0.347656,-0.000000,0.000000,105.381260,-0.042004,-0.447321,-0.025849,0.450032,1.031343,10.983307,0.634673,10.983307,116.966943,6.758966,0.634673,6.758966,0.390569,-0.000000,0.000000,118.388855,0.030386,0.090197,0.058017,0.030443,0.089955,0.058127,-0.000057,0.000241,-0.000110,-0.000018,-0.001173,-0.000340,0.001221,0.019708,1.253758,0.363053,1.253758,79.760362,23.096329,0.363053,23.096329,6.688039,-0.000000,0.000000,86.468109,-0.000018,-0.001173,-0.000340,0.001221,0.019592,1.246400,0.360922,1.246400,79.292251,22.960778,0.360922,22.960778,6.648787,0.000000,0.000000,85.960631
2.1212,ramp,0.268,55.3091,4.215379,-1.205709,-1.291612,-0.073631,-0.078233,1.165825,-1.998777,0.977146,-2.699806,1.297748,-2.471243,1.412796,-1.965029,0.019391,-0.108262,0.000000,0.023981,-0.051747,0.023981,0.023981,0.023981,0.023981,-0.243058,0.137540,0.023981,0.023981,1.565891,-0.682734,1.067448,0.063805,0.002608,0.000000,-0.002608,-0.003912,0.708822,0.916870,0.916870,0.594105,1.197784,1.197784,0.789031,1.133598,1.133598,0.858980,1.016044,1.016044,-0.007262,0.090068,-0.009661,0.003613,0.061050,-0.009209,-0.010875,0.029018,-0.000452,0.125125,-0.225787,0.271800,0.374848,7.873830,-14.208203,17.103708,-14.208203,25.638481,-30.863375,17.103708,-30.863375,37.153056,-0.000000,0.000000,70.665366,0.125125,-0.225787,0.271800,0.374848,5.524804,-9.969422,12.001101,-9.969422,17.989666,-21.655800,12.001101,-21.655800,26.069059,-0.000000,0.000000,49.583529,-0.017082,0.115269,0.077039,-0.016418,0.114029,0.072616,-0.000664,0.001240,0.004423,-0.027735,-0.312638,-0.224586,0.385941,0.540939,6.097732,4.380357,6.097732,68.736588,49.377511,4.380357,49.377511,35.470753,-0.000000,0.000000,104.748281,-0.027735,-0.312638,-0.224586,0.385941,0.569811,6.423181,4.614147,6.423181,72.405210,52.012896,4.614147,52.012896,37.363905,-0.000000,0.000000,110.338925,0.001650,0.107078,0.073470,0.001630,0.106986,0.072969,0.000020,0.000092,0.000501,-0.003748,-0.035340,-0.005319,0.035934,1.062358,10.017331,1.507609,10.017331,94.456798,14.215756,1.507609,14.215756,2.139472,-0.000000,0.000000,97.658628,-0.003748,-0.035340,-0.005319,0.035934,1.076474,10.150436,1.527641,10.150436,95.711897,14.404648,1.527641,14.404648,2.167901,-0.000000,0.000000,98.956271,0.016998,0.103426,0.058569,0.015514,0.100794,0.053406,0.001484,0.002632,0.005162,-0.044545,-0.467155,-0.029552,0.470203,0.947016,9.931503,0.628271,9.931503,104.153249,6.588775,0.628271,6.588775,0.416808,-0.000000,0.000000,105.517073,-0.044545,-0.467155,-0.029552,0.470203,1.067699,11.197129,0.708335,11.197129,117.426064,7.428418,0.708335,7.428418,0.469925,-0.000000,0.000000,118.963688,0.030385,0.090196,0.058017,0.030443,0.089955,0.058127,-0.000058,0.000241,-0.000110,-0.000018,-0.001128,-0.000327,0.001174,0.019609,1.250613,0.362165,1.250613,79.759657,23.097614,0.362165,23.097614,6.688843,-0.000000,0.000000,86.468109,-0.000018,-0.001128,-0.000327,0.001174,0.019494,1.243253,0.360034,1.243253,79.290256,22.961680,0.360034,22.961680,6.649477,-0.000000,0.000000,85.959227
2.1388,ramp,0.268,60.5431,4.215379,-1.210311,-1.291612,-0.073631,-0.078233,1.165825,-1.998777,0.977146,-2.699806,1.294680,-2.468175,1.412796,-1.965029,0.013294,-0.158663,0.000000,0.023981,-0.052963,0.023981,0.023981,0.023981,0.023981,-0.227159,0.157838,0.023981,0.023981,1.565891,-0.685340,1.067448,0.063805,0.002608,0.000000,-0.002608,-0.003912,0.708822,0.916870,0.916870,0.594105,1.197784,1.197784,0.787165,1.132190,1.132190,0.858980,1.016044,1.016044,-0.007233,0.089999,-0.009803,0.003613,0.061050,-0.009209,-0.010847,0.028949,-0.000594,0.145441,-0.261978,0.316949,0.436168,8.508997,-15.326997,18.543040,-15.326997,27.608054,-33.401013,18.543040,-33.401013,40.409501,-0.000000,0.000000,76.526552,0.145441,-0.261978,0.316949,0.436168,5.965417,-10.745324,13.000000,-10.745324,19.355225,-23.416505,13.000000,-23.416505,28.329958,-0.000000,0.000000,53.650600,-0.017082,0.115269,0.077039,-0.016418,0.114029,0.072616,-0.000664,0.001240,0.004423,-0.027735,-0.312638,-0.224586,0.385941,0.540939,6.097732,4.380357,6.097732,68.736588,49.377511,4.380357,49.377511,35.470753,-0.000000,0.000000,104.748281,-0.027735,-0.312638,-0.224586,0.385941,0.569811,6.423181,4.614147,6.423181,72.405210,52.012896,4.614147,52.012896,37.363905,-0.000000,0.000000,110.338925,0.001650,0.107078,0.073470,0.001630,0.106986,0.072969,0.000020,0.000092,0.000501,-0.003748,-0.035340,-0.005319,0.035934,1.062358,10.017331,1.507609,10.017331,94.456798,14.215756,1.507609,14.215756,2.139472,-0.000000,0.000000,97.658628,-0.003748,-0.035340,-0.005319,0.035934,1.076474,10.150436,1.527641,10.150436,95.711897,14.404648,1.527641,14.404648,2.167901,-0.000000,0.000000,98.956271,0.017040,0.103537,0.058713,0.015514,0.100794,0.053406,0.001526,0.002743,0.005307,-0.046600,-0.482469,-0.032723,0.485818,0.972058,10.064165,0.682586,10.064165,104.198994,7.067131,0.682586,7.067131,0.479317,-0.000000,0.000000,105.650369,-0.046600,-0.482469,-0.032723,0.485818,1.098522,11.373513,0.771390,11.373513,117.755283,7.986564,0.771390,7.986564,0.541676,-0.000000,0.000000,119.395481,0.030385,0.090196,0.058017,0.030443,0.089955,0.058127,-0.000058,0.000241,-0.000110,-0.000018,-0.001129,-0.000327,0.001175,0.019609,1.250613,0.362165,1.250613,79.759657,23.097614,0.362165,23.097614,6.688843,-0.000000,0.000000,86.468109,-0.000018,-0.001129,-0.000327,0.001175,0.019494,1.243253,0.360034,1.243253,79.290264,22.961683,0.360034,22.961683,6.649478,-0.000000,0.000000,85.959236
2.1570,ramp,0.268,65.9680,4.215379,-1.214913,-1.291612,-0.073631,-0.078233,1.165825,-1.998777,0.977146,-2.699806,1.293146,-2.465107,1.412796,-1.965029,0.007065,-0.197666,0.000000,0.023981,-0.031136,0.023981,0.023981,0.023981,0.023981,-0.198394,0.172357,0.023981,0.023981,1.565891,-0.687946,1.067448,0.063805,0.002608,0.000000,-0.002608,-0.003912,0.708822,0.916870,0.916870,0.594105,1.197784,1.197784,0.786233,1.130783,1.130783,0.858980,1.016044,1.016044,-0.007205,0.089930,-0.009944,0.003613,0.061050,-0.009209,-0.010818,0.028880,-0.000735,0.166544,-0.299452,0.364104,0.499980,9.164959,-16.478889,20.036708,-16.478889,29.629569,-36.026642,20.036708,-36.026642,43.804853,-0.000000,0.000000,82.599381,0.166544,-0.299452,0.364104,0.499980,6.421338,-11.545770,14.038521,-11.545770,20.759664,-25.241710,14.038521,-25.241710,30.691437,-0.000000,-0.000000,57.872439,-0.017082,0.115269,0.077039,-0.016418,0.114029,0.072616,-0.000664,0.001240,0.004423,-0.027735,-0.312638,-0.224586,0.385941,0.540939,6.097732,4.380357,6.097732,68.736588,49.377511,4.380357,49.377511,35.470753,-0.000000,0.000000,104.748281,-0.027735,-0.312638,-0.224586,0.385941,0.569811,6.423181,4.614147,6.423181,72.405210,52.012896,4.614147,52.012896,37.363905,-0.000000,0.000000,110.338925,0.001650,0.107078,0.073470,0.001630,0.106986,0.072969,0.000020,0.000092,0.000501,-0.003748,-0.035340,-0.005319,0.035934,1.062358,10.017331,1.507609,10.017331,94.456798,14.215756,1.507609,14.215756,2.139472,-0.000000,0.000000,97.658628,-0.003748,-0.035340,-0.005319,0.035934,1.076474,10.150436,1.527641,10.150436,95.711897,14.404648,1.527641,14.404648,2.167901,-0.000000,0.000000,98.956271,0.017068,0.103630,0.058803,0.015514,0.100794,0.053406,0.001554,0.002836,0.005396,-0.048126,-0.493234,-0.035256,0.496829,0.992573,10.172588,0.727133,10.172588,104.255903,7.452180,0.727133,7.452180,0.532680,-0.000000,0.000000,105.781155,-0.048126,-0.493234,-0.035256,0.496829,1.123039,11.509698,0.822710,11.509698,117.959551,8.431712,0.822710,8.431712,0.602696,-0.000000,0.000000,119.685286,0.030385,0.090196,0.058017,0.030443,0.089955,0.058127,-0.000058,0.000241,-0.000110,-0.000018,-0.001129,-0.000327,0.001176,0.019609,1.250613,0.362165,1.250613,79.759657,23.097614,0.362165,23.097614,6.688843,-0.000000,0.000000,86.468109,-0.000018,-0.001129,-0.000327,0.001176,0.019494,1.243253,0.360034,1.243253,79.290270,22.961684,0.360034,22.961684,6.649479,-0.000000,0.000000,85.959242
2.1758,ramp,0.268,71.5705,4.215379,-1.219515,-1.291612,-0.073631,-0.078233,1.165825,-1.998777,0.977146,-2.699806,1.291612,-2.462039,1.412796,-1.965029,0.012002,-0.231047,0.000000,0.023981,-0.016547,0.023981,0.023981,0.023981,0.023981,-0.158477,0.181489,0.023981,0.023981,1.565891,-0.690552,1.067448,0.063805,0.002608,0.000000,-0.002608,-0.003912,0.708822,0.916870,0.916870,0.594105,1.197784,1.197784,0.785300,1.129376,1.129376,0.858980,1.016044,1.016044,-0.007177,0.089861,-0.010085,0.003613,0.061050,-0.009209,-0.010790,0.028811,-0.000876,0.188392,-0.338121,0.413187,0.566163,9.839951,-17.660465,21.581275,-17.660465,31.696500,-38.733458,21.581275,-38.733458,47.332697,-0.000000,0.000000,88.869148,0.188392,-0.338121,0.413187,0.566163,6.891412,-12.368511,15.114451,-12.368511,22.198651,-27.126987,15.114451,-27.126987,33.149466,-0.000000,0.000000,62.239529,-0.017082,0.115269,0.077039,-0.016418,0.114029,0.072616,-0.000664,0.001240,0.004423,-0.027735,-0.312638,-0.224586,0.385941,0.540939,6.097732,4.380357,6.097732,68.736588,49.377511,4.380357,49.377511,35.470753,0.000000,0.000000,104.748281,-0.027735,-0.312638,-0.224586,0.385941,0.569811,6.423181,4.614147,6.423181,72.405210,52.012896,4.614147,52.012896,37.363905,-0.000000,0.000000,110.338925,0.001650,0.107078,0.073470,0.001630,0.106986,0.072969,0.000020,0.000092,0.000501,-0.003748,-0.035340,-0.005319,0.035934,1.062358,10.017331,1.507609,10.017331,94.456798,14.215756,1.507609,14.215756,2.139472,-0.000000,0.000000,97.658628,-0.003748,-0.035340,-0.005319,0.035934,1.076474,10.150436,1.527641,10.150436,95.711897,14.404648,1.527641,14.404648,2.167901,-0.000000,0.000000,98.956271,0.017096,0.103723,0.058893,0.015514,0.100794,0.053406,0.001582,0.002928,0.005487,-0.049675,-0.503996,-0.037869,0.507852,1.013284,10.280704,0.772476,10.280704,104.307260,7.837483,0.772476,7.837483,0.588896,-0.000000,0.000000,105.909440,-0.049675,-0.503996,-0.037869,0.507852,1.147813,11.645625,0.875034,11.645625,118.155649,8.878029,0.875034,8.878029,0.667081,-0.000000,0.000000,119.970543,0.030385,0.090196,0.058017,0.030443,0.089955,0.058127,-0.000058,0.000241,-0.000110,-0.000018,-0.001130,-0.000327,0.001176,0.019609,1.250613,0.362165,1.250613,79.759657,23.097614,0.362165,23.097614,6.688843,-0.000000,0.000000,86.468109,-0.000018,-0.001130,-0.000327,0.001176,0.019494,1.243253,0.360034,1.243253,79.290275,22.961686,0.360034,22.961686,6.649479,-0.000000,0.000000,85.959248
2.1940,ramp,0.268,77.0051,4.215379,-1.227185,-1.291612,-0.073631,-0.078233,1.165825,-1.998777,0.977146,-2.699806,1.291612,-2.458971,1.412796,-1.965029,0.015853,-0.262582,0.000000,0.023981,-0.007914,0.023981,0.023981,0.023981,0.023981,-0.102388,0.183870,0.023981,0.023981,1.565891,-0.694895,1.067448,0.063805,0.002608,0.000000,-0.002608,-0.003912,0.708822,0.916870,0.916870,0.594105,1.197784,1.197784,0.785300,1.127968,1.127968,0.858980,1.016044,1.016044,-0.007130,0.089745,-0.010320,0.003613,0.061050,-0.009209,-0.010743,0.028695,-0.001111,0.210480,-0.376609,0.464086,0.633650,10.475281,-18.743281,23.096840,-18.743281,33.537103,-41.326868,23.096840,-41.326868,50.925986,-0.000000,0.000000,94.938370,0.210480,-0.376609,0.464086,0.633650,7.341093,-13.135320,16.186301,-13.135320,23.502853,-28.961933,16.186301,-28.961933,35.689010,-0.000000,-0.000000,66.532956,-0.017082,0.115269,0.077039,-0.016418,0.114029,0.072616,-0.000664,0.001240,0.004423,-0.027735,-0.312638,-0.224586,0.385941,0.540939,6.097732,4.380357,6.097732,68.736588,49.377511,4.380357,49.377511,35.470753,-0.000000,0.000000,104.748281,-0.027735,-0.312638,-0.224586,0.385941,0.569811,6.423181,4.614147,6.423181,72.405210,52.012896,4.614147,52.012896,37.363905,-0.000000,0.000000,110.338925,0.001650,0.107078,0.073470,0.001630,0.106986,0.072969,0.000020,0.000092,0.000501,-0.003748,-0.035340,-0.005319,0.035934,1.062358,10.017331,1.507609,10.017331,94.456798,14.215756,1.507609,14.215756,2.139472,-0.000000,0.000000,97.658628,-0.003748,-0.035340,-0.005319,0.035934,1.076474,10.150436,1.527641,10.150436,95.711897,14.404648,1.527641,14.404648,2.167901,-0.000000,0.000000,98.956271,0.017108,0.103797,0.058929,0.015514,0.100794,0.053406,0.001594,0.003003,0.005522,-0.050665,-0.510191,-0.039738,0.514238,1.029270,10.364739,0.807291,10.364739,104.372776,8.129408,0.807291,8.129408,0.633185,-0.000000,0.000000,106.035231,-0.050665,-0.510191,-0.039738,0.514238,1.165948,11.741075,0.914491,11.741075,118.232461,9.208914,0.914491,9.208914,0.717266,-0.000000,0.000000,120.115674,0.030385,0.090196,0.058017,0.030443,0.089955,0.058127,-0.000058,0.000241,-0.000110,-0.000018,-0.001130,-0.000327,0.001176,0.019609,1.250613,0.362165,1.250613,79.759657,23.097614,0.362165,23.097614,6.688843,-0.000000,-0.000000,86.468109,-0.000018,-0.001130,-0.000327,0.001176,0.019494,1.243253,0.360034,1.243253,79.290278,22.961687,0.360034,22.961687,6.649479,-0.000000,0.000000,85.959251
2.2121,ramp,0.268,82.4157,4.215379,-1.233321,-1.291612,-0.073631,-0.078233,1.165825,-1.998777,0.977146,-2.699806,1.291612,-2.455903,1.412796,-1.965029,0.019661,-0.285620,0.000000,0.023981,-0.004206,0.023981,0.023981,0.023981,0.023981,-0.054413,0.183461,0.023981,0.023981,1.565891,-0.698370,1.067448,0.063805,0.002608,0.000000,-0.002608,-0.003912,0.708822,0.916870,0.916870,0.594105,1.197784,1.197784,0.785300,1.126561,1.126561,0.858980,1.016044,1.016044,-0.007092,0.089651,-0.010507,0.003613,0.061050,-0.009209,-0.010705,0.028601,-0.001298,0.232221,-0.414480,0.514186,0.700076,11.111051,-19.831592,24.602219,-19.831592,35.396477,-43.911344,24.602219,-43.911344,54.474520,-0.000000,0.000000,100.982048,0.232221,-0.414480,0.514186,0.700076,7.789877,-13.903786,17.248437,-13.903786,24.816213,-30.785925,17.248437,-30.785925,38.191691,0.000000,0.000000,70.797782,-0.017082,0.115269,0.077039,-0.016418,0.114029,0.072616,-0.000664,0.001240,0.004423,-0.027735,-0.312638,-0.224586,0.385941,0.540939,6.097732,4.380357,6.097732,68.736588,49.377511,4.380357,49.377511,35.470753,-0.000000,0.000000,104.748281,-0.027735,-0.312638,-0.224586,0.385941,0.569811,6.423181,4.614147,6.423181,72.405210,52.012896,4.614147,52.012896,37.363905,-0.000000,0.000000,110.338925,0.001650,0.107078,0.073470,0.001630,0.106986,0.072969,0.000020,0.000092,0.000501,-0.003748,-0.035340,-0.005319,0.035934,1.062358,10.017331,1.507609,10.017331,94.456798,14.215756,1.507609,14.215756,2.139472,-0.000000,0.000000,97.658628,-0.003748,-0.035340,-0.005319,0.035934,1.076474,10.150436,1.527641,10.150436,95.711897,14.404648,1.527641,14.404648,2.167901,-0.000000,0.000000,98.956271,0.017120,0.103871,0.058964,0.015514,0.100794,0.053406,0.001606,0.003077,0.005558,-0.051663,-0.516375,-0.041640,0.520621,1.045364,10.448524,0.842563,10.448524,104.434068,8.421508,0.842563,8.421508,0.679106,-0.000000,0.000000,106.158538,-0.051663,-0.516375,-0.041640,0.520621,1.184196,11.836160,0.954462,11.836160,118.303632,9.539942,0.954462,9.539942,0.769296,-0.000000,-0.000000,120.257124,0.030385,0.090196,0.058017,0.030443,0.089955,0.058127,-0.000058,0.000241,-0.000110,-0.000018,-0.001130,-0.000327,0.001177,0.019609,1.250613,0.362165,1.250613,79.759657,23.097614,0.362165,23.097614,6.688843,-0.000000,-0.000000,86.468109,-0.000018,-0.001130,-0.000327,0.001177,0.019494,1.243253,0.360034,1.243253,79.290281,22.961688,0.360034,22.961688,6.649480,-0.000000,0.000000,85.959254
2.2302,ramp,0.268,87.8014,4.215379,-1.239456,-1.291612,-0.073631,-0.076699,1.165825,-1.998777,0.977146,-2.699806,1.291612,-2.452835,1.412796,-1.965029,0.021685,-0.301965,0.000000,0.023981,0.006662,0.023981,0.023981,0.023981,0.023981,-0.028917,0.183244,0.023981,0.023981,1.565891,-0.701844,1.067448,0.063805,0.002557,0.000000,-0.002557,-0.003835,0.708822,0.916870,0.916870,0.594105,1.197784,1.197784,0.785300,1.125154,1.125154,0.858980,1.016044,1.016044,-0.007055,0.089556,-0.010694,0.003613,0.061050,-0.009209,-0.010668,0.028506,-0.001486,0.253984,-0.452188,0.564740,0.766755,11.739843,-20.901364,26.103869,-20.901364,37.212338,-46.474767,26.103869,-46.474767,58.042683,-0.000000,0.000000,106.994865,0.253984,-0.452188,0.564740,0.766755,8.235318,-14.661982,18.311459,-14.661982,26.103878,-32.601328,18.311459,-32.601328,40.716041,-0.000000,-0.000000,75.055237,-0.017083,0.115269,0.077039,-0.016418,0.114029,0.072616,-0.000665,0.001240,0.004423,-0.027720,-0.312650,-0.224592,0.385954,0.540330,6.094335,4.377871,6.094335,68.737485,49.377633,4.377871,49.377633,35.470466,-0.000000,0.000000,104.748281,-0.027720,-0.312650,-0.224592,0.385954,0.569169,6.419613,4.611535,6.419613,72.406266,52.013105,4.611535,52.013105,37.363660,-0.000000,0.000000,110.339095,0.001650,0.107078,0.073470,0.001630,0.106986,0.072969,0.000020,0.000092,0.000501,-0.003748,-0.035340,-0.005319,0.035934,1.062358,10.017331,1.507609,10.017331,94.456798,14.215756,1.507609,14.215756,2.139472,-0.000000,0.000000,97.658628,-0.003748,-0.035340,-0.005319,0.035934,1.076474,10.150436,1.527641,10.150436,95.711897,14.404648,1.527641,14.404648,2.167901,-0.000000,0.000000,98.956271,0.017133,0.103946,0.059000,0.015514,0.100794,0.053406,0.001619,0.003151,0.005594,-0.052683,-0.522564,-0.043574,0.527018,1.062020,10.534295,0.878399,10.534295,104.490823,8.712938,0.878399,8.712938,0.726526,-0.000000,0.000000,106.279369,-0.052683,-0.522564,-0.043574,0.527018,1.203078,11.933466,0.995069,11.933466,118.369354,9.870195,0.995069,9.870195,0.823023,-0.000000,-0.000000,120.395456,0.030386,0.090197,0.058017,0.030443,0.089955,0.058127,-0.000057,0.000241,-0.000110,-0.000018,-0.001176,-0.000341,0.001225,0.019708,1.253758,0.363053,1.253758,79.760362,23.096329,0.363053,23.096329,6.688039,0.000000,0.000000,86.468109,-0.000018,-0.001176,-0.000341,0.001225,0.019592,1.246400,0.360922,1.246400,79.292291,22.960789,0.360922,22.960789,6.648791,-0.000000,-0.000000,85.960673
2.2478,ramp,0.268,93.0680,4.215379,-1.245592,-1.291612,-0.073631,-0.073631,1.165825,-1.998777,0.977146,-2.699806,1.291612,-2.449767,1.412796,-1.965029,0.013683,-0.306550,0.000000,0.023981,0.046889,0.023981,0.023981,0.023981,0.023981,-0.015368,0.176630,0.023981,0.023981,1.565891,-0.705318,1.067448,0.063805,0.002454,0.000000,-0.002454,-0.003682,0.708822,0.916870,0.916870,0.594105,1.197784,1.197784,0.785300,1.123746,1.123746,0.858980,1.016044,1.016044,-0.007017,0.089461,-0.010881,0.003613,0.061050,-0.009209,-0.010630,0.028411,-0.001672,0.275416,-0.489101,0.614960,0.832616,12.350158,-21.932190,27.575908,-21.932190,38.948568,-48.971037,27.575908,-48.971037,61.572546,-0.000000,0.000000,112.871272,0.275416,-0.489101,0.614960,0.832616,8.669461,-15.395777,19.357506,-15.395777,27.340792,-34.376281,19.357506,-34.376281,43.222184,-0.000000,0.000000,79.232437,-0.017086,0.115269,0.077039,-0.016418,0.114029,0.072616,-0.000668,0.001240,0.004423,-0.027690,-0.312675,-0.224605,0.385979,0.539112,6.087542,4.372899,6.087542,68.739278,49.377877,4.372899,49.377877,35.469891,0.000000,0.000000,104.748281,-0.027690,-0.312675,-0.224605,0.385979,0.567888,6.412477,4.606311,6.412477,72.408378,52.013523,4.606311,52.013523,37.363170,-0.000000,0.000000,110.339437,0.001650,0.107078,0.073470,0.001630,0.106986,0.072969,0.000020,0.000092,0.000501,-0.003748,-0.035340,-0.005319,0.035934,1.062358,10.017331,1.507609,10.017331,94.456798,14.215756,1.507609,14.215756,2.139472,-0.000000,0.000000,97.658628,-0.003748,-0.035340,-0.005319,0.035934,1.076474,10.150436,1.527641,10.150436,95.711897,14.404648,1.527641,14.404648,2.167901,-0.000000,0.000000,98.956271,0.017147,0.104020,0.059036,0.015514,0.100794,0.053406,0.001633,0.003226,0.005630,-0.053724,-0.528759,-0.045539,0.533428,1.079257,10.622089,0.914816,10.622089,104.543046,9.003655,0.914816,9.003655,0.775430,-0.000000,0.000000,106.397733,-0.053724,-0.528759,-0.045539,0.533428,1.222616,12.033034,1.036332,12.033034,118.429633,10.199622,1.036332,10.199622,0.878431,-0.000000,0.000000,120.530680,0.030388,0.090197,0.058017,0.030443,0.089955,0.058127,-0.000055,0.000242,-0.000110,-0.000020,-0.001269,-0.000367,0.001321,0.019906,1.260048,0.364827,1.260048,79.761772,23.093758,0.364827,23.093758,6.686432,-0.000000,0.000000,86.468109,-0.000020,-0.001269,-0.000367,0.001321,0.019790,1.252695,0.362698,1.252695,79.296307,22.958990,0.362698,22.958990,6.647412,-0.000000,0.000000,85.963508
2.2660,ramp,0.268,98.4878,4.215379,-1.251728,-1.291612,-0.073631,-0.070563,1.165825,-1.998777,0.977146,-2.699806,1.294680,-2.448233,1.412796,-1.965029,0.009653,-0.308680,0.000000,0.023981,0.099413,0.023981,0.023981,0.023981,0.023981,0.009818,0.160822,0.023981,0.023981,1.565891,-0.708793,1.067448,0.063805,0.002352,0.000000,-0.002352,-0.003528,0.708822,0.916870,0.916870,0.594105,1.197784,1.197784,0.787165,1.123043,1.123043,0.858980,1.016044,1.016044,-0.006980,0.089365,-0.011068,0.003613,0.061050,-0.009209,-0.010593,0.028315,-0.001859,0.297539,-0.527032,0.667124,0.900748,12.975415,-22.983441,29.092733,-22.983441,40.710726,-51.532157,29.092733,-51.532157,65.230063,0.000000,0.000000,118.916204,0.297539,-0.527032,0.667124,0.900748,9.115357,-16.146094,20.437932,-16.146094,28.599686,-36.201848,20.437932,-36.201848,45.824761,-0.000000,-0.000000,83.539804,-0.017089,0.115269,0.077039,-0.016418,0.114029,0.072616,-0.000671,0.001241,0.004423,-0.027661,-0.312699,-0.224618,0.386004,0.537895,6.080748,4.367926,6.080748,68.741070,49.378120,4.367926,49.378120,35.469316,-0.000000,0.000000,104.748281,-0.027661,-0.312699,-0.224618,0.386004,0.566608,6.405341,4.601088,6.405341,72.410490,52.013940,4.601088,52.013940,37.362679,-0.000000,0.000000,110.339778,0.001650,0.107078,0.073470,0.001630,0.106986,0.072969,0.000020,0.000092,0.000501,-0.003748,-0.035340,-0.005319,0.035934,1.062358,10.017331,1.507609,10.017331,94.456798,14.215756,1.507609,14.215756,2.139472,-0.000000,0.000000,97.658628,-0.003748,-0.035340,-0.005319,0.035934,1.076474,10.150436,1.527641,10.150436,95.711897,14.404648,1.527641,14.404648,2.167901,-0.000000,0.000000,98.956271,0.017124,0.104021,0.058944,0.015514,0.100794,0.053406,0.001610,0.003227,0.005538,-0.053070,-0.522717,-0.044776,0.527308,1.078299,10.620780,0.909781,10.620780,104.610094,8.960950,0.909781,8.960950,0.767599,-0.000000,0.000000,106.455993,-0.053070,-0.522717,-0.044776,0.527308,1.218818,12.004828,1.028339,12.004828,118.242366,10.128696,1.028339,10.128696,0.867629,-0.000000,0.000000,120.328812,0.030390,0.090198,0.058018,0.030443,0.089955,0.058127,-0.000053,0.000242,-0.000109,-0.000022,-0.001360,-0.000394,0.001416,0.020105,1.266337,0.366601,1.266337,79.763180,23.091186,0.366601,23.091186,6.684824,-0.000000,0.000000,86.468109,-0.000022,-0.001360,-0.000394,0.001416,0.019988,1.258989,0.364473,1.258989,79.300316,22.957188,0.364473,22.957188,6.646032,0.000000,0.000000,85.966336
2.2872,post_ramp,0.268,100.0000,4.215379,-1.259398,-1.291612,-0.073631,-0.070563,1.165825,-1.998777,0.977146,-2.699806,1.305418,-2.446699,1.412796,-1.965029,0.007307,-0.320102,0.000000,0.023981,0.119256,0.023981,0.023981,0.023981,0.023981,0.116798,0.144739,0.023981,0.023981,1.565891,-0.713136,1.067448,0.063805,0.002352,0.000000,-0.002352,-0.003528,0.708822,0.916870,0.916870,0.594105,1.197784,1.197784,0.793694,1.122339,1.122339,0.858980,1.016044,1.016044,-0.006933,0.089244,-0.011300,0.003613,0.061050,-0.009209,-0.010546,0.028194,-0.002092,0.305483,-0.539347,0.688488,0.926407,13.111004,-23.148182,29.549113,-23.148182,40.869361,-52.170548,29.549113,-52.170548,66.596737,-0.000000,-0.000000,120.577101,0.305483,-0.539347,0.688488,0.926407,9.227274,-16.291248,20.796101,-16.291248,28.763075,-36.716634,20.796101,-36.716634,46.869510,-0.000000,0.000000,84.859859,-0.017089,0.115269,0.077039,-0.016418,0.114029,0.072616,-0.000671,0.001241,0.004423,-0.027661,-0.312699,-0.224618,0.386004,0.537895,6.080748,4.367926,6.080748,68.741070,49.378120,4.367926,49.378120,35.469316,-0.000000,0.000000,104.748281,-0.027661,-0.312699,-0.224618,0.386004,0.566608,6.405341,4.601088,6.405341,72.410491,52.013940,4.601088,52.013940,37.362679,-0.000000,0.000000,110.339778,0.001650,0.107078,0.073470,0.001630,0.106986,0.072969,0.000020,0.000092,0.000501,-0.003748,-0.035340,-0.005319,0.035934,1.062358,10.017331,1.507609,10.017331,94.456798,14.215756,1.507609,14.215756,2.139472,-0.000000,0.000000,97.658628,-0.003748,-0.035340,-0.005319,0.035934,1.076474,10.150436,1.527641,10.150436,95.711897,14.404648,1.527641,14.404648,2.167901,-0.000000,0.000000,98.956271,0.017022,0.103931,0.058576,0.015514,0.100794,0.053406,0.001508,0.003137,0.005170,-0.049456,-0.493719,-0.039819,0.497785,1.051382,10.495932,0.846505,10.495932,104.780706,8.450645,0.846505,8.450645,0.681551,-0.000000,-0.000000,106.513640,-0.049456,-0.493719,-0.039819,0.497785,1.179099,11.770923,0.949334,11.770923,117.508912,9.477184,0.949334,9.477184,0.764342,-0.000000,0.000000,119.452353,0.030390,0.090198,0.058018,0.030443,0.089955,0.058127,-0.000053,0.000242,-0.000109,-0.000022,-0.001359,-0.000393,0.001415,0.020105,1.266337,0.366601,1.266337,79.763180,23.091186,0.366601,23.091186,6.684824,0.000000,0.000000,86.468109,-0.000022,-0.001359,-0.000393,0.001415,0.019988,1.258989,0.364473,1.258989,79.300298,22.957183,0.364473,22.957183,6.646031,-0.000000,0.000000,85.966317
2.3054,post_ramp,0.268,100.0000,4.215379,-1.265534,-1.291612,-0.073631,-0.072097,1.165825,-1.998777,0.977146,-2.699806,1.322291,-2.445165,1.412796,-1.965029,0.012722,-0.327426,0.000000,0.023981,0.070953,0.023981,0.023981,0.023981,0.023981,0.322040,0.130704,0.023981,0.023981,1.565891,-0.716611,1.067448,0.063805,0.002403,0.000000,-0.002403,-0.003605,0.708822,0.916870,0.916870,0.594105,1.197784,1.197784,0.803953,1.121635,1.121635,0.858980,1.016044,1.016044,-0.006895,0.089147,-0.011486,0.003613,0.061050,-0.009209,-0.010509,0.028097,-0.002277,0.307289,-0.541107,0.695412,0.933178,13.071852,-23.018291,29.582309,-23.018291,40.533028,-52.091640,29.582309,-52.091640,66.946367,-0.000000,0.000000,120.551247,0.307289,-0.541107,0.695412,0.933178,9.214707,-16.226224,20.853380,-16.226224,28.572842,-36.720824,20.853380,-36.720824,47.192329,-0.000000,0.000000,84.979877,-0.017087,0.115269,0.077039,-0.016418,0.114029,0.072616,-0.000670,0.001240,0.004423,-0.027676,-0.312687,-0.224612,0.385992,0.538503,6.084145,4.370412,6.084145,68.740174,49.377998,4.370412,49.377998,35.469604,-0.000000,0.000000,104.748281,-0.027676,-0.312687,-0.224612,0.385992,0.567248,6.408909,4.603699,6.408909,72.409435,52.013732,4.603699,52.013732,37.362925,-0.000000,0.000000,110.339608,0.001650,0.107078,0.073470,0.001630,0.106986,0.072969,0.000020,0.000092,0.000501,-0.003748,-0.035340,-0.005319,0.035934,1.062358,10.017331,1.507609,10.017331,94.456798,14.215756,1.507609,14.215756,2.139472,-0.000000,0.000000,97.658628,-0.003748,-0.035340,-0.005319,0.035934,1.076474,10.150436,1.527641,10.150436,95.711897,14.404648,1.527641,14.404648,2.167901,-0.000000,0.000000,98.956271,0.016859,0.103763,0.057988,0.015514,0.100794,0.053406,0.001345,0.002968,0.004582,-0.043651,-0.446283,-0.032137,0.449563,1.004711,10.272107,0.739704,10.272107,105.021366,7.562685,0.739704,7.562685,0.544596,-0.000000,0.000000,106.570673,-0.043651,-0.446283,-0.032137,0.449563,1.112760,11.376783,0.819253,11.376783,116.315509,8.375987,0.819253,8.375987,0.603162,-0.000000,0.000000,118.031431,0.030389,0.090197,0.058018,0.030443,0.089955,0.058127,-0.000054,0.000242,-0.000110,-0.000021,-0.001311,-0.000379,0.001365,0.020005,1.263193,0.365714,1.263193,79.762476,23.092472,0.365714,23.092472,6.685628,0.000000,0.000000,86.468109,-0.000021,-0.001311,-0.000379,0.001365,0.019889,1.255841,0.363585,1.255841,79.298262,22.958075,0.363585,22.958075,6.646718,-0.000000,0.000000,85.964869
2.3236,post_ramp,0.268,100.0000,4.215379,-1.271670,-1.291612,-0.073631,-0.075165,1.165825,-1.998777,0.977146,-2.699806,1.337631,-2.443631,1.412796,-1.965029,0.012435,-0.331317,0.000000,0.023981,0.003016,0.023981,0.023981,0.023981,0.023981,0.561184,0.114407,0.023981,0.023981,1.565891,-0.720085,1.067448,0.063805,0.002506,0.000000,-0.002506,-0.003758,0.708822,0.916870,0.916870,0.594105,1.197784,1.197784,0.813280,1.120932,1.120932,0.858980,1.016044,1.016044,-0.006858,0.089049,-0.011672,0.003613,0.061050,-0.009209,-0.010471,0.027999,-0.002463,0.309097,-0.542841,0.702373,0.939971,13.032872,-22.888530,29.615079,-22.888530,40.197188,-52.010456,29.615079,-52.010456,67.295443,-0.000000,-0.000000,120.525503,0.309097,-0.542841,0.702373,0.939971,9.202221,-16.161082,20.910548,-16.161082,28.382339,-36.723425,20.910548,-36.723425,47.515815,-0.000000,0.000000,85.100375,-0.017084,0.115269,0.077039,-0.016418,0.114029,0.072616,-0.000667,0.001240,0.004423,-0.027705,-0.312662,-0.224599,0.385966,0.539721,6.090939,4.375385,6.090939,68.738381,49.377755,4.375385,49.377755,35.470179,-0.000000,0.000000,104.748281,-0.027705,-0.312662,-0.224599,0.385966,0.568529,6.416045,4.608923,6.416045,72.407323,52.013314,4.608923,52.013314,37.363415,-0.000000,-0.000000,110.339267,0.001650,0.107078,0.073470,0.001630,0.106986,0.072969,0.000020,0.000092,0.000501,-0.003748,-0.035340,-0.005319,0.035934,1.062358,10.017331,1.507609,10.017331,94.456798,14.215756,1.507609,14.215756,2.139472,-0.000000,0.000000,97.658628,-0.003748,-0.035340,-0.005319,0.035934,1.076474,10.150436,1.527641,10.150436,95.711897,14.404648,1.527641,14.404648,2.167901,-0.000000,0.000000,98.956271,0.016710,0.103608,0.057457,0.015514,0.100794,0.053406,0.001196,0.002814,0.004050,-0.038590,-0.403322,-0.025934,0.405993,0.963355,10.068394,0.647408,10.068394,105.228660,6.766307,0.647408,6.766307,0.435080,0.000000,0.000000,106.627095,-0.038590,-0.403322,-0.025934,0.405993,1.054718,11.023261,0.708807,11.023261,115.208346,7.408010,0.708807,7.408010,0.476342,0.000000,0.000000,116.739406,0.030387,0.090197,0.058017,0.030443,0.089955,0.058127,-0.000056,0.000242,-0.000110,-0.000019,-0.001216,-0.000352,0.001266,0.019807,1.256903,0.363940,1.256903,79.761067,23.095044,0.363940,23.095044,6.687236,-0.000000,0.000000,86.468109,-0.000019,-0.001216,-0.000352,0.001266,0.019691,1.249546,0.361810,1.249546,79.294222,22.959867,0.361810,22.959867,6.648095,-0.000000,0.000000,85.962008
2.3418,post_ramp,0.268,100.0000,4.216913,-1.277806,-1.291612,-0.073631,-0.076699,1.165825,-1.998777,0.977146,-2.699806,1.348369,-2.442097,1.412796,-1.965029,0.016272,-0.333386,0.000000,0.023981,-0.043343,0.023981,0.023981,0.023981,0.023981,0.687728,0.098611,0.023981,0.023981,1.566461,-0.723559,1.067448,0.063805,0.002557,0.000000,-0.002557,-0.003835,0.708822,0.916870,0.916870,0.594105,1.197784,1.197784,0.819808,1.120228,1.120228,0.858980,1.016044,1.016044,-0.006782,0.088939,-0.011847,0.003613,0.061050,-0.009209,-0.010396,0.027889,-0.002638,0.309755,-0.543425,0.707563,0.944407,12.962988,-22.741890,29.610907,-22.741890,39.897711,-51.948515,29.610907,-51.948515,67.639173,0.000000,0.000000,120.499873,0.309755,-0.543425,0.707563,0.944407,9.166956,-16.082240,20.939760,-16.082240,28.214215,-36.736107,20.939760,-36.736107,47.831971,0.000000,0.000000,85.213142,-0.017083,0.115269,0.077039,-0.016418,0.114029,0.072616,-0.000665,0.001240,0.004423,-0.027720,-0.312650,-0.224592,0.385954,0.540330,6.094335,4.377871,6.094335,68.737485,49.377633,4.377871,49.377633,35.470466,0.000000,0.000000,104.748281,-0.027720,-0.312650,-0.224592,0.385954,0.569169,6.419613,4.611535,6.419613,72.406267,52.013106,4.611535,52.013106,37.363660,-0.000000,0.000000,110.339097,0.001650,0.107078,0.073470,0.001630,0.106986,0.072969,0.000020,0.000092,0.000501,-0.003748,-0.035340,-0.005319,0.035934,1.062358,10.017331,1.507609,10.017331,94.456798,14.215756,1.507609,14.215756,2.139472,-0.000000,0.000000,97.658628,-0.003748,-0.035340,-0.005319,0.035934,1.076474,10.150436,1.527641,10.150436,95.711897,14.404648,1.527641,14.404648,2.167901,-0.000000,0.000000,98.956271,0.016608,0.103508,0.057091,0.015514,0.100794,0.053406,0.001094,0.002714,0.003684,-0.035284,-0.374107,-0.022191,0.376422,0.937327,9.938341,0.589524,9.938341,105.374804,6.250636,0.589524,6.250636,0.370776,-0.000000,0.000000,106.682907,-0.035284,-0.374107,-0.022191,0.376422,1.017894,10.792588,0.640196,10.792588,114.432259,6.787907,0.640196,6.787907,0.402646,-0.000000,0.000000,115.852799,0.030386,0.090197,0.058017,0.030443,0.089955,0.058127,-0.000057,0.000241,-0.000110,-0.000018,-0.001169,-0.000338,0.001217,0.019708,1.253758,0.363053,1.253758,79.760362,23.096329,0.363053,23.096329,6.688039,-0.000000,0.000000,86.468109,-0.000018,-0.001169,-0.000338,0.001217,0.019592,1.246399,0.360922,1.246399,79.292197,22.960762,0.360922,22.960762,6.648783,0.000000,0.000000,85.960572
2.3600,post_ramp,0.268,100.0000,4.215379,-1.282408,-1.291612,-0.073631,-0.076699,1.165825,-1.998777,0.977146,-2.699806,1.351437,-2.442097,1.412796,-1.965029,0.008647,-0.329928,0.000000,0.023981,-0.061025,0.023981,0.023981,0.023981,0.023981,0.650775,0.086115,0.023981,0.023981,1.565891,-0.726165,1.067448,0.063805,0.002557,0.000000,-0.002557,-0.003835,0.708822,0.916870,0.916870,0.594105,1.197784,1.197784,0.821674,1.120228,1.120228,0.858980,1.016044,1.016044,-0.006793,0.088876,-0.011995,0.003613,0.061050,-0.009209,-0.010406,0.027826,-0.002786,0.312267,-0.545814,0.714643,0.951913,12.965071,-22.661765,29.671410,-22.661765,39.610703,-51.862924,29.671410,-51.862924,67.904952,-0.000000,0.000000,120.480726,0.312267,-0.545814,0.714643,0.951913,9.180569,-16.046799,21.010329,-16.046799,28.048344,-36.724143,21.010329,-36.724143,48.083505,-0.000000,0.000000,85.312418,-0.017083,0.115269,0.077039,-0.016418,0.114029,0.072616,-0.000665,0.001240,0.004423,-0.027720,-0.312650,-0.224592,0.385954,0.540330,6.094335,4.377871,6.094335,68.737485,49.377633,4.377871,49.377633,35.470466,-0.000000,0.000000,104.748281,-0.027720,-0.312650,-0.224592,0.385954,0.569169,6.419613,4.611535,6.419613,72.406267,52.013106,4.611535,52.013106,37.363660,-0.000000,0.000000,110.339097,0.001650,0.107078,0.073470,0.001630,0.106986,0.072969,0.000020,0.000092,0.000501,-0.003748,-0.035340,-0.005319,0.035934,1.062358,10.017331,1.507609,10.017331,94.456798,14.215756,1.507609,14.215756,2.139472,-0.000000,0.000000,97.658628,-0.003748,-0.035340,-0.005319,0.035934,1.076474,10.150436,1.527641,10.150436,95.711897,14.404648,1.527641,14.404648,2.167901,-0.000000,0.000000,98.956271,0.016577,0.103468,0.056981,0.015514,0.100794,0.053406,0.001063,0.002674,0.003575,-0.034237,-0.364902,-0.020982,0.367105,0.927897,9.889708,0.568673,9.889708,105.406490,6.061036,0.568673,6.061036,0.348519,0.000000,0.000000,106.682906,-0.034237,-0.364902,-0.020982,0.367105,1.005276,10.714433,0.616096,10.714433,114.196575,6.566480,0.616096,6.566480,0.377583,-0.000000,0.000000,115.579434,0.030386,0.090197,0.058017,0.030443,0.089955,0.058127,-0.000057,0.000241,-0.000110,-0.000018,-0.001168,-0.000338,0.001217,0.019708,1.253758,0.363053,1.253758,79.760362,23.096329,0.363053,23.096329,6.688039,-0.000000,0.000000,86.468109,-0.000018,-0.001168,-0.000338,0.001217,0.019592,1.246399,0.360922,1.246399,79.292191,22.960760,0.360922,22.960760,6.648782,0.000000,0.000000,85.960566
2.3788,post_ramp,0.268,100.0000,4.215379,-1.288544,-1.291612,-0.073631,-0.076699,1.165825,-1.998777,0.977146,-2.699806,1.351437,-2.442097,1.412796,-1.965029,0.014084,-0.321411,0.000000,0.023981,-0.042101,0.023981,0.023981,0.023981,0.023981,0.488052,0.059991,0.023981,0.023981,1.565891,-0.729640,1.067448,0.063805,0.002557,0.000000,-0.002557,-0.003835,0.708822,0.916870,0.916870,0.594105,1.197784,1.197784,0.821674,1.120228,1.120228,0.858980,1.016044,1.016044,-0.006755,0.088776,-0.012180,0.003613,0.061050,-0.009209,-0.010369,0.027726,-0.002971,0.314081,-0.547477,0.721705,0.958768,12.926565,-22.532370,29.703022,-22.532370,39.276302,-51.775508,29.703022,-51.775508,68.252435,-0.000000,0.000000,120.455302,0.314081,-0.547477,0.721705,0.958768,9.168310,-15.981334,21.067199,-15.981334,27.857155,-36.722356,21.067199,-36.722356,48.408799,-0.000000,0.000000,85.434264,-0.017083,0.115269,0.077039,-0.016418,0.114029,0.072616,-0.000665,0.001240,0.004423,-0.027720,-0.312650,-0.224592,0.385954,0.540330,6.094335,4.377871,6.094335,68.737485,49.377633,4.377871,49.377633,35.470466,-0.000000,0.000000,104.748281,-0.027720,-0.312650,-0.224592,0.385954,0.569169,6.419613,4.611535,6.419613,72.406267,52.013106,4.611535,52.013106,37.363660,-0.000000,0.000000,110.339097,0.001650,0.107078,0.073470,0.001630,0.106986,0.072969,0.000020,0.000092,0.000501,-0.003748,-0.035340,-0.005319,0.035934,1.062358,10.017331,1.507609,10.017331,94.456798,14.215756,1.507609,14.215756,2.139472,-0.000000,0.000000,97.658628,-0.003748,-0.035340,-0.005319,0.035934,1.076474,10.150436,1.527641,10.150436,95.711897,14.404648,1.527641,14.404648,2.167901,-0.000000,0.000000,98.956271,0.016577,0.103468,0.056981,0.015514,0.100794,0.053406,0.001063,0.002674,0.003575,-0.034237,-0.364902,-0.020982,0.367105,0.927897,9.889708,0.568673,9.889708,105.406490,6.061036,0.568673,6.061036,0.348519,0.000000,0.000000,106.682906,-0.034237,-0.364902,-0.020982,0.367105,1.005276,10.714433,0.616096,10.714433,114.196575,6.566480,0.616096,6.566480,0.377583,-0.000000,0.000000,115.579434,0.030386,0.090197,0.058017,0.030443,0.089955,0.058127,-0.000057,0.000241,-0.000110,-0.000018,-0.001168,-0.000338,0.001217,0.019708,1.253758,0.363053,1.253758,79.760362,23.096329,0.363053,23.096329,6.688039,-0.000000,0.000000,86.468109,-0.000018,-0.001168,-0.000338,0.001217,0.019592,1.246399,0.360922,1.246399,79.292191,22.960760,0.360922,22.960760,6.648782,0.000000,0.000000,85.960566
2.3964,post_ramp,0.268,100.0000,4.215379,-1.294680,-1.291612,-0.073631,-0.076699,1.165825,-1.998777,0.977146,-2.699806,1.349903,-2.442097,1.412796,-1.965029,0.018721,-0.323383,0.000000,0.023981,-0.022374,0.023981,0.023981,0.023981,0.023981,0.284337,0.043118,0.023981,0.023981,1.565891,-0.733114,1.067448,0.063805,0.002557,0.000000,-0.002557,-0.003835,0.708822,0.916870,0.916870,0.594105,1.197784,1.197784,0.820741,1.120228,1.120228,0.858980,1.016044,1.016044,-0.006718,0.088675,-0.012364,0.003613,0.061050,-0.009209,-0.010331,0.027625,-0.003155,0.315899,-0.549114,0.728804,0.965647,12.888231,-22.403111,29.734220,-22.403111,38.942455,-51.685837,29.734220,-51.685837,68.599314,-0.000000,0.000000,120.430000,0.315899,-0.549114,0.728804,0.965647,9.156136,-15.915754,21.123965,-15.915754,27.665735,-36.718965,21.123965,-36.718965,48.734741,-0.000000,0.000000,85.556611,-0.017083,0.115269,0.077039,-0.016418,0.114029,0.072616,-0.000665,0.001240,0.004423,-0.027720,-0.312650,-0.224592,0.385954,0.540330,6.094335,4.377871,6.094335,68.737485,49.377633,4.377871,49.377633,35.470466,-0.000000,-0.000000,104.748281,-0.027720,-0.312650,-0.224592,0.385954,0.569169,6.419613,4.611535,6.419613,72.406267,52.013106,4.611535,52.013106,37.363660,-0.000000,0.000000,110.339097,0.001650,0.107078,0.073470,0.001630,0.106986,0.072969,0.000020,0.000092,0.000501,-0.003748,-0.035340,-0.005319,0.035934,1.062358,10.017331,1.507609,10.017331,94.456798,14.215756,1.507609,14.215756,2.139472,-0.000000,0.000000,97.658628,-0.003748,-0.035340,-0.005319,0.035934,1.076474,10.150436,1.527641,10.150436,95.711897,14.404648,1.527641,14.404648,2.167901,-0.000000,0.000000,98.956271,0.016593,0.103488,0.057036,0.015514,0.100794,0.053406,0.001079,0.002694,0.003629,-0.034759,-0.369504,-0.021583,0.371763,0.932606,9.914033,0.579076,9.914033,105.390738,6.155849,0.579076,6.155849,0.359562,0.000000,0.000000,106.682906,-0.034759,-0.369504,-0.021583,0.371763,1.011574,10.753493,0.628109,10.753493,114.314577,6.677088,0.628109,6.677088,0.390007,-0.000000,0.000000,115.716158,0.030386,0.090197,0.058017,0.030443,0.089955,0.058127,-0.000057,0.000241,-0.000110,-0.000018,-0.001169,-0.000338,0.001217,0.019708,1.253758,0.363053,1.253758,79.760362,23.096329,0.363053,23.096329,6.688039,-0.000000,0.000000,86.468109,-0.000018,-0.001169,-0.000338,0.001217,0.019592,1.246399,0.360922,1.246399,79.292194,22.960761,0.360922,22.960761,6.648782,-0.000000,-0.000000,85.960569
2.4146,post_ramp,0.268,100.0000,4.215379,-1.300816,-1.291612,-0.073631,-0.076699,1.165825,-1.998777,0.977146,-2.699806,1.348369,-2.442097,1.412796,-1.965029,0.017371,-0.317933,0.000000,0.023981,-0.011891,0.023981,0.023981,0.023981,0.023981,0.119407,0.034151,0.023981,0.023981,1.565891,-0.736589,1.067448,0.063805,0.002557,0.000000,-0.002557,-0.003835,0.708822,0.916870,0.916870,0.594105,1.197784,1.197784,0.819808,1.120228,1.120228,0.858980,1.016044,1.016044,-0.006681,0.088574,-0.012548,0.003613,0.061050,-0.009209,-0.010294,0.027524,-0.003339,0.317718,-0.550725,0.735940,0.972549,12.850071,-22.273990,29.765005,-22.273990,38.609177,-51.593914,29.765005,-51.593914,68.945577,-0.000000,-0.000000,120.404824,0.317718,-0.550725,0.735940,0.972549,9.144045,-15.850059,21.180627,-15.850059,27.474095,-36.713968,21.180627,-36.713968,49.061324,-0.000000,0.000000,85.679464,-0.017083,0.115269,0.077039,-0.016418,0.114029,0.072616,-0.000665,0.001240,0.004423,-0.027720,-0.312650,-0.224592,0.385954,0.540330,6.094335,4.377871,6.094335,68.737485,49.377633,4.377871,49.377633,35.470466,0.000000,0.000000,104.748281,-0.027720,-0.312650,-0.224592,0.385954,0.569169,6.419613,4.611535,6.419613,72.406267,52.013106,4.611535,52.013106,37.363660,-0.000000,0.000000,110.339097,0.001650,0.107078,0.073470,0.001630,0.106986,0.072969,0.000020,0.000092,0.000501,-0.003748,-0.035340,-0.005319,0.035934,1.062358,10.017331,1.507609,10.017331,94.456798,14.215756,1.507609,14.215756,2.139472,-0.000000,0.000000,97.658628,-0.003748,-0.035340,-0.005319,0.035934,1.076474,10.150436,1.527641,10.150436,95.711897,14.404648,1.527641,14.404648,2.167901,-0.000000,0.000000,98.956271,0.016608,0.103508,0.057091,0.015514,0.100794,0.053406,0.001094,0.002714,0.003684,-0.035284,-0.374107,-0.022191,0.376422,0.937327,9.938341,0.589524,9.938341,105.374804,6.250636,0.589524,6.250636,0.370776,-0.000000,0.000000,106.682907,-0.035284,-0.374107,-0.022191,0.376422,1.017894,10.792588,0.640196,10.792588,114.432259,6.787907,0.640196,6.787907,0.402646,-0.000000,0.000000,115.852799,0.030386,0.090197,0.058017,0.030443,0.089955,0.058127,-0.000057,0.000241,-0.000110,-0.000018,-0.001169,-0.000338,0.001217,0.019708,1.253758,0.363053,1.253758,79.760362,23.096329,0.363053,23.096329,6.688039,-0.000000,0.000000,86.468109,-0.000018,-0.001169,-0.000338,0.001217,0.019592,1.246399,0.360922,1.246399,79.292197,22.960762,0.360922,22.960762,6.648783,0.000000,0.000000,85.960572
2.4327,post_ramp,0.268,100.0000,4.216913,-1.306952,-1.291612,-0.073631,-0.076699,1.165825,-1.998777,0.977146,-2.699806,1.345301,-2.442097,1.412796,-1.965029,0.016368,-0.313094,0.000000,0.023981,-0.006319,0.023981,0.023981,0.023981,0.023981,0.010265,0.026988,0.023981,0.023981,1.566461,-0.740063,1.067448,0.063805,0.002557,0.000000,-0.002557,-0.003835,0.708822,0.916870,0.916870,0.594105,1.197784,1.197784,0.817943,1.120228,1.120228,0.858980,1.016044,1.016044,-0.006606,0.088461,-0.012722,0.003613,0.061050,-0.009209,-0.010219,0.027411,-0.003513,0.318395,-0.551236,0.741305,0.977123,12.781653,-22.128833,29.758976,-22.128833,38.311573,-51.521614,29.758976,-51.521614,69.286551,-0.000000,0.000000,120.379777,0.318395,-0.551236,0.741305,0.977123,9.109538,-15.771313,21.209348,-15.771313,27.304820,-36.719672,21.209348,-36.719672,49.380818,-0.000000,-0.000000,85.795176,-0.017083,0.115269,0.077039,-0.016418,0.114029,0.072616,-0.000665,0.001240,0.004423,-0.027720,-0.312650,-0.224592,0.385954,0.540330,6.094335,4.377871,6.094335,68.737485,49.377633,4.377871,49.377633,35.470466,-0.000000,0.000000,104.748281,-0.027720,-0.312650,-0.224592,0.385954,0.569169,6.419613,4.611535,6.419613,72.406267,52.013106,4.611535,52.013106,37.363660,-0.000000,0.000000,110.339097,0.001650,0.107078,0.073470,0.001630,0.106986,0.072969,0.000020,0.000092,0.000501,-0.003748,-0.035340,-0.005319,0.035934,1.062358,10.017331,1.507609,10.017331,94.456798,14.215756,1.507609,14.215756,2.139472,-0.000000,0.000000,97.658628,-0.003748,-0.035340,-0.005319,0.035934,1.076474,10.150436,1.527641,10.150436,95.711897,14.404648,1.527641,14.404648,2.167901,-0.000000,0.000000,98.956271,0.016639,0.103547,0.057200,0.015514,0.100794,0.053406,0.001125,0.002753,0.003794,-0.036339,-0.383310,-0.023434,0.385741,0.946801,9.986903,0.610552,9.986903,105.342388,6.440131,0.610552,6.440131,0.393719,-0.000000,0.000000,106.682907,-0.036339,-0.383310,-0.023434,0.385741,1.030606,10.870883,0.664594,10.870883,114.666657,7.010172,0.664594,7.010172,0.428568,-0.000000,0.000000,116.125831,0.030386,0.090197,0.058017,0.030443,0.089955,0.058127,-0.000057,0.000241,-0.000110,-0.000018,-0.001169,-0.000339,0.001217,0.019708,1.253758,0.363053,1.253758,79.760362,23.096329,0.363053,23.096329,6.688039,-0.000000,0.000000,86.468109,-0.000018,-0.001169,-0.000339,0.001217,0.019592,1.246399,0.360922,1.246399,79.292203,22.960764,0.360922,22.960764,6.648783,-0.000000,0.000000,85.960578
2.4509,post_ramp,0.268,100.0000,4.216913,-1.311554,-1.291612,-0.073631,-0.076699,1.165825,-1.998777,0.977146,-2.699806,1.342233,-2.442097,1.412796,-1.965029,0.011097,-0.306160,0.000000,0.023981,-0.003358,0.023981,0.023981,0.023981,0.023981,-0.057226,0.016740,0.023981,0.023981,1.566461,-0.742669,1.067448,0.063805,0.002557,0.000000,-0.002557,-0.003835,0.708822,0.916870,0.916870,0.594105,1.197784,1.197784,0.816078,1.120228,1.120228,0.858980,1.016044,1.016044,-0.006578,0.088385,-0.012859,0.003613,0.061050,-0.009209,-0.010191,0.027335,-0.003650,0.319765,-0.552415,0.746710,0.982338,12.753377,-22.032322,29.781511,-22.032322,38.062325,-51.449574,29.781511,-51.449574,69.545375,-0.000000,0.000000,120.361077,0.319765,-0.552415,0.746710,0.982338,9.100647,-15.721983,21.251706,-15.721983,27.160789,-36.713759,21.251706,-36.713759,49.626691,-0.000000,-0.000000,85.888128,-0.017083,0.115269,0.077039,-0.016418,0.114029,0.072616,-0.000665,0.001240,0.004423,-0.027720,-0.312650,-0.224592,0.385954,0.540330,6.094335,4.377871,6.094335,68.737485,49.377633,4.377871,49.377633,35.470466,-0.000000,0.000000,104.748281,-0.027720,-0.312650,-0.224592,0.385954,0.569169,6.419613,4.611535,6.419613,72.406267,52.013106,4.611535,52.013106,37.363660,-0.000000,0.000000,110.339096,0.001650,0.107078,0.073470,0.001630,0.106986,0.072969,0.000020,0.000092,0.000501,-0.003748,-0.035340,-0.005319,0.035934,1.062358,10.017331,1.507609,10.017331,94.456798,14.215756,1.507609,14.215756,2.139472,-0.000000,0.000000,97.658628,-0.003748,-0.035340,-0.005319,0.035934,1.076474,10.150436,1.527641,10.150436,95.711897,14.404648,1.527641,14.404648,2.167901,-0.000000,0.000000,98.956271,0.016669,0.103587,0.057310,0.015514,0.100794,0.053406,0.001155,0.002792,0.003903,-0.037404,-0.392513,-0.024710,0.395064,0.956318,10.035394,0.631757,10.035394,105.309243,6.629518,0.631757,6.629518,0.417347,-0.000000,0.000000,106.682908,-0.037404,-0.392513,-0.024710,0.395064,1.043410,10.949318,0.689291,10.949318,114.899765,7.233268,0.689291,7.233268,0.455355,0.000000,0.000000,116.398530,0.030386,0.090197,0.058017,0.030443,0.089955,0.058127,-0.000057,0.000241,-0.000110,-0.000018,-0.001170,-0.000339,0.001218,0.019708,1.253758,0.363053,1.253758,79.760362,23.096329,0.363053,23.096329,6.688039,-0.000000,0.000000,86.468109,-0.000018,-0.001170,-0.000339,0.001218,0.019592,1.246399,0.360922,1.246399,79.292208,22.960765,0.360922,22.960765,6.648784,-0.000000,-0.000000,85.960584
2.4690,post_ramp,0.268,100.0000,4.215379,-1.316156,-1.291612,-0.073631,-0.075165,1.165825,-1.998777,0.977146,-2.699806,1.343767,-2.442097,1.412796,-1.965029,0.013402,-0.299291,0.000000,0.023981,0.009270,0.023981,0.023981,0.023981,0.023981,-0.084377,0.020133,0.023981,0.023981,1.565891,-0.745275,1.067448,0.063805,0.002506,0.000000,-0.002506,-0.003758,0.708822,0.916870,0.916870,0.594105,1.197784,1.197784,0.817010,1.120228,1.120228,0.858980,1.016044,1.016044,-0.006588,0.088319,-0.013006,0.003613,0.061050,-0.009209,-0.010201,0.027269,-0.003797,0.322279,-0.554635,0.753943,0.989906,12.755425,-21.951806,29.840183,-21.951806,37.778575,-51.354298,29.840183,-51.354298,69.808454,-0.000000,0.000000,120.342454,0.322279,-0.554635,0.753943,0.989906,9.114193,-15.685325,21.321843,-15.685325,26.994099,-36.694423,21.321843,-36.694423,49.880556,0.000000,0.000000,85.988847,-0.017084,0.115269,0.077039,-0.016418,0.114029,0.072616,-0.000667,0.001240,0.004423,-0.027705,-0.312662,-0.224599,0.385966,0.539721,6.090939,4.375385,6.090939,68.738381,49.377755,4.375385,49.377755,35.470179,-0.000000,-0.000000,104.748281,-0.027705,-0.312662,-0.224599,0.385966,0.568529,6.416045,4.608923,6.416045,72.407323,52.013315,4.608923,52.013315,37.363415,-0.000000,0.000000,110.339267,0.001650,0.107078,0.073470,0.001630,0.106986,0.072969,0.000020,0.000092,0.000501,-0.003748,-0.035340,-0.005319,0.035934,1.062358,10.017331,1.507609,10.017331,94.456798,14.215756,1.507609,14.215756,2.139472,-0.000000,0.000000,97.658628,-0.003748,-0.035340,-0.005319,0.035934,1.076474,10.150436,1.527641,10.150436,95.711897,14.404648,1.527641,14.404648,2.167901,-0.000000,0.000000,98.956271,0.016654,0.103567,0.057255,0.015514,0.100794,0.053406,0.001140,0.002773,0.003848,-0.036880,-0.387929,-0.024066,0.390421,0.951967,10.013313,0.621193,10.013313,105.325591,6.534049,0.621193,6.534049,0.405351,-0.000000,-0.000000,106.682908,-0.036880,-0.387929,-0.024066,0.390421,1.037451,10.912484,0.676974,10.912484,114.783577,7.120791,0.676974,7.120791,0.441750,-0.000000,0.000000,116.262778,0.030387,0.090197,0.058017,0.030443,0.089955,0.058127,-0.000056,0.000242,-0.000110,-0.000019,-0.001216,-0.000352,0.001266,0.019807,1.256903,0.363940,1.256903,79.761067,23.095044,0.363940,23.095044,6.687236,-0.000000,-0.000000,86.468109,-0.000019,-0.001216,-0.000352,0.001266,0.019691,1.249546,0.361810,1.249546,79.294212,22.959865,0.361810,22.959865,6.648094,-0.000000,0.000000,85.961997
2.4872,post_ramp,0.268,100.0000,4.215379,-1.322291,-1.291612,-0.073631,-0.072097,1.165825,-1.998777,0.977146,-2.699806,1.345301,-2.445165,1.412796,-1.965029,0.018921,-0.285034,0.000000,0.023981,0.055894,0.023981,0.023981,0.023981,0.023981,-0.022622,0.006939,0.023981,0.023981,1.565891,-0.748749,1.067448,0.063805,0.002403,0.000000,-0.002403,-0.003605,0.708822,0.916870,0.916870,0.594105,1.197784,1.197784,0.817943,1.121635,1.121635,0.858980,1.016044,1.016044,-0.006551,0.088215,-0.013188,0.003613,0.061050,-0.009209,-0.010164,0.027165,-0.003979,0.324108,-0.556152,0.761210,0.996891,12.717870,-21.823184,29.869548,-21.823184,37.447413,-51.254542,29.869548,-51.254542,70.152460,-0.000000,0.000000,120.317743,0.324108,-0.556152,0.761210,0.996891,9.102403,-15.619235,21.378158,-15.619235,26.801769,-36.683773,21.378158,-36.683773,50.209344,-0.000000,0.000000,86.113515,-0.017087,0.115269,0.077039,-0.016418,0.114029,0.072616,-0.000670,0.001240,0.004423,-0.027676,-0.312687,-0.224612,0.385992,0.538503,6.084145,4.370412,6.084145,68.740174,49.377998,4.370412,49.377998,35.469604,-0.000000,0.000000,104.748281,-0.027676,-0.312687,-0.224612,0.385992,0.567248,6.408909,4.603699,6.408909,72.409435,52.013732,4.603699,52.013732,37.362925,-0.000000,-0.000000,110.339608,0.001650,0.107078,0.073470,0.001630,0.106986,0.072969,0.000020,0.000092,0.000501,-0.003748,-0.035340,-0.005319,0.035934,1.062358,10.017331,1.507609,10.017331,94.456798,14.215756,1.507609,14.215756,2.139472,-0.000000,0.000000,97.658628,-0.003748,-0.035340,-0.005319,0.035934,1.076474,10.150436,1.527641,10.150436,95.711897,14.404648,1.527641,14.404648,2.167901,-0.000000,0.000000,98.956271,0.016628,0.103472,0.057166,0.015514,0.100794,0.053406,0.001114,0.002678,0.003760,-0.035520,-0.377364,-0.022027,0.379671,0.932755,9.909577,0.578439,9.909577,105.279200,6.145332,0.578439,6.145332,0.358714,-0.000000,0.000000,106.570669,-0.035520,-0.377364,-0.022027,0.379671,1.015184,10.785298,0.629557,10.785298,114.582850,6.688402,0.629557,6.688402,0.390414,0.000000,0.000000,115.988447,0.030389,0.090197,0.058018,0.030443,0.089955,0.058127,-0.000054,0.000242,-0.000110,-0.000021,-0.001307,-0.000378,0.001361,0.020005,1.263193,0.365714,1.263193,79.762476,23.092472,0.365714,23.092472,6.685628,-0.000000,0.000000,86.468109,-0.000021,-0.001307,-0.000378,0.001361,0.019889,1.255840,0.363585,1.255840,79.298220,22.958063,0.363585,22.958063,6.646715,-0.000000,0.000000,85.964823
2.5054,post_ramp,0.268,100.0000,4.215379,-1.328427,-1.291612,-0.073631,-0.069029,1.165825,-1.998777,0.977146,-2.699806,1.345301,-2.451301,1.412796,-1.965029,0.013414,-0.278401,0.000000,0.023981,0.110517,0.023981,0.023981,0.023981,0.023981,0.021868,-0.063940,0.023981,0.023981,1.565891,-0.752224,1.067448,0.063805,0.002301,0.000000,-0.002301,-0.003451,0.708822,0.916870,0.916870,0.594105,1.197784,1.197784,0.817943,1.124450,1.124450,0.858980,1.016044,1.016044,-0.006514,0.088111,-0.013370,0.003613,0.061050,-0.009209,-0.010127,0.027061,-0.004161,0.325940,-0.557643,0.768514,1.003900,12.680489,-21.694707,29.898514,-21.694707,37.116891,-51.152562,29.898514,-51.152562,70.495793,-0.000000,0.000000,120.293173,0.325940,-0.557643,0.768514,1.003900,9.090699,-15.553033,21.434379,-15.553033,26.609265,-36.671501,21.434379,-36.671501,50.538750,-0.000000,0.000000,86.238714,-0.017090,0.115270,0.077038,-0.016418,0.114029,0.072616,-0.000672,0.001241,0.004423,-0.027646,-0.312712,-0.224625,0.386017,0.537288,6.077352,4.365440,6.077352,68.741966,49.378241,4.365440,49.378241,35.469027,-0.000000,-0.000000,104.748281,-0.027646,-0.312712,-0.224625,0.386017,0.565969,6.401773,4.598476,6.401773,72.411547,52.014148,4.598476,52.014148,37.362434,-0.000000,0.000000,110.339950,0.001650,0.107078,0.073470,0.001630,0.106986,0.072969,0.000020,0.000092,0.000501,-0.003748,-0.035340,-0.005319,0.035934,1.062358,10.017331,1.507609,10.017331,94.456798,14.215756,1.507609,14.215756,2.139472,-0.000000,0.000000,97.658628,-0.003748,-0.035340,-0.005319,0.035934,1.076474,10.150436,1.527641,10.150436,95.711897,14.404648,1.527641,14.404648,2.167901,-0.000000,0.000000,98.956271,0.016606,0.103322,0.057099,0.015514,0.100794,0.053406,0.001092,0.002528,0.003692,-0.033867,-0.365379,-0.019320,0.367454,0.903312,9.745543,0.515321,9.745543,105.141560,5.559636,0.515321,5.559636,0.293980,-0.000000,0.000000,106.338852,-0.033867,-0.365379,-0.019320,0.367454,0.982839,10.603542,0.560690,10.603542,114.398246,6.049107,0.560690,6.049107,0.319862,-0.000000,-0.000000,115.700947,0.030391,0.090198,0.058018,0.030443,0.089955,0.058127,-0.000052,0.000243,-0.000109,-0.000022,-0.001399,-0.000405,0.001457,0.020204,1.269482,0.367487,1.269482,79.763884,23.089899,0.367487,23.089899,6.684020,-0.000000,0.000000,86.468109,-0.000022,-0.001399,-0.000405,0.001457,0.020088,1.262135,0.365360,1.262135,79.302227,22.956260,0.365360,22.956260,6.645335,-0.000000,0.000000,85.967650
2.5236,post_ramp,0.268,100.0000,4.215379,-1.333029,-1.291612,-0.073631,-0.069029,1.165825,-1.998777,0.977146,-2.699806,1.345301,-2.462039,1.412796,-1.965029,0.005713,-0.271554,0.000000,0.023981,0.122187,0.023981,0.023981,0.023981,0.023981,0.022858,-0.194185,0.023981,0.023981,1.565891,-0.754830,1.067448,0.063805,0.002301,0.000000,-0.002301,-0.003451,0.708822,0.916870,0.916870,0.594105,1.197784,1.197784,0.817943,1.129376,1.129376,0.858980,1.016044,1.016044,-0.006486,0.088033,-0.013507,0.003613,0.061050,-0.009209,-0.010100,0.026983,-0.004298,0.327316,-0.558742,0.774017,1.009173,12.652567,-21.598447,29.919978,-21.598447,36.869429,-51.074621,29.919978,-51.074621,70.752843,-0.000000,0.000000,120.274839,0.327316,-0.558742,0.774017,1.009173,9.081980,-15.503309,21.476482,-15.503309,26.464780,-36.661230,21.476482,-36.661230,50.786206,0.000000,0.000000,86.332966,-0.017090,0.115270,0.077038,-0.016418,0.114029,0.072616,-0.000672,0.001241,0.004423,-0.027646,-0.312712,-0.224625,0.386017,0.537288,6.077352,4.365440,6.077352,68.741966,49.378241,4.365440,49.378241,35.469027,-0.000000,0.000000,104.748281,-0.027646,-0.312712,-0.224625,0.386017,0.565969,6.401773,4.598476,6.401773,72.411547,52.014148,4.598476,52.014148,37.362434,-0.000000,0.000000,110.339950,0.001650,0.107078,0.073470,0.001630,0.106986,0.072969,0.000020,0.000092,0.000501,-0.003748,-0.035340,-0.005319,0.035934,1.062358,10.017331,1.507609,10.017331,94.456798,14.215756,1.507609,14.215756,2.139472,-0.000000,0.000000,97.658628,-0.003748,-0.035340,-0.005319,0.035934,1.076474,10.150436,1.527641,10.150436,95.711897,14.404648,1.527641,14.404648,2.167901,-0.000000,0.000000,98.956271,0.016564,0.103058,0.056982,0.015514,0.100794,0.053406,0.001050,0.002263,0.003575,-0.031023,-0.344285,-0.014907,0.346001,0.851435,9.448949,0.409125,9.448949,104.861403,4.540339,0.409125,4.540339,0.196590,0.000000,0.000000,105.909427,-0.031023,-0.344285,-0.014907,0.346001,0.925818,10.274428,0.444867,10.274428,114.022295,4.936992,0.444867,4.936992,0.213764,0.000000,0.000000,115.161877,0.030391,0.090198,0.058018,0.030443,0.089955,0.058127,-0.000052,0.000243,-0.000109,-0.000022,-0.001398,-0.000405,0.001456,0.020204,1.269482,0.367487,1.269482,79.763884,23.089899,0.367487,23.089899,6.684020,-0.000000,0.000000,86.468109,-0.000022,-0.001398,-0.000405,0.001456,0.020088,1.262134,0.365360,1.262134,79.302218,22.956257,0.365360,22.956257,6.645334,-0.000000,0.000000,85.967639
2.5418,post_ramp,0.268,100.0000,4.215379,-1.337631,-1.291612,-0.073631,-0.072097,1.165825,-1.998777,0.977146,-2.699806,1.346835,-2.468175,1.412796,-1.965029,0.012524,-0.267916,0.000000,0.023981,0.070938,0.023981,0.023981,0.023981,0.023981,0.029883,-0.321773,0.023981,0.023981,1.565891,-0.757436,1.067448,0.063805,0.002403,0.000000,-0.002403,-0.003605,0.708822,0.916870,0.916870,0.594105,1.197784,1.197784,0.818876,1.132190,1.132190,0.858980,1.016044,1.016044,-0.006459,0.087954,-0.013643,0.003613,0.061050,-0.009209,-0.010072,0.026904,-0.004434,0.328694,-0.559827,0.779541,1.014460,12.624743,-21.502271,29.941221,-21.502271,36.622342,-50.995434,29.941221,-50.995434,71.009503,-0.000000,0.000000,120.256588,0.328694,-0.559827,0.779541,1.014460,9.073310,-15.453523,21.518534,-15.453523,26.320206,-36.650042,21.518534,-36.650042,51.034005,-0.000000,-0.000000,86.427521,-0.017087,0.115269,0.077039,-0.016418,0.114029,0.072616,-0.000670,0.001240,0.004423,-0.027676,-0.312687,-0.224612,0.385992,0.538503,6.084145,4.370412,6.084145,68.740174,49.377998,4.370412,49.377998,35.469604,-0.000000,0.000000,104.748281,-0.027676,-0.312687,-0.224612,0.385992,0.567248,6.408909,4.603699,6.408909,72.409435,52.013732,4.603699,52.013732,37.362925,-0.000000,0.000000,110.339609,0.001650,0.107078,0.073470,0.001630,0.106986,0.072969,0.000020,0.000092,0.000501,-0.003748,-0.035340,-0.005319,0.035934,1.062358,10.017331,1.507609,10.017331,94.456798,14.215756,1.507609,14.215756,2.139472,-0.000000,0.000000,97.658628,-0.003748,-0.035340,-0.005319,0.035934,1.076474,10.150436,1.527641,10.150436,95.711897,14.404648,1.527641,14.404648,2.167901,-0.000000,0.000000,98.956271,0.016524,0.102886,0.056862,0.015514,0.100794,0.053406,0.001010,0.002092,0.003455,-0.028946,-0.327607,-0.012101,0.329106,0.817269,9.249872,0.341674,9.249872,104.690241,3.867071,0.341674,3.867071,0.142843,0.000000,0.000000,105.650353,-0.028946,-0.327607,-0.012101,0.329106,0.887223,10.041606,0.370919,10.041606,113.651103,4.198069,0.370919,4.198069,0.155069,-0.000000,0.000000,114.693395,0.030389,0.090197,0.058018,0.030443,0.089955,0.058127,-0.000054,0.000242,-0.000110,-0.000021,-0.001305,-0.000378,0.001359,0.020005,1.263193,0.365714,1.263193,79.762476,23.092472,0.365714,23.092472,6.685628,-0.000000,-0.000000,86.468109,-0.000021,-0.001305,-0.000378,0.001359,0.019889,1.255840,0.363585,1.255840,79.298196,22.958056,0.363585,22.958056,6.646713,-0.000000,0.000000,85.964798
2.5600,post_ramp,0.268,100.0000,4.216913,-1.342233,-1.291612,-0.073631,-0.073631,1.165825,-1.998777,0.977146,-2.699806,1.348369,-2.469709,1.412796,-1.965029,0.016144,-0.257735,0.000000,0.023981,-0.001548,0.023981,0.023981,0.023981,0.023981,0.066734,-0.339521,0.023981,0.023981,1.566461,-0.760041,1.067448,0.063805,0.002454,0.000000,-0.002454,-0.003682,0.708822,0.916870,0.916870,0.594105,1.197784,1.197784,0.819808,1.132894,1.132894,0.858980,1.016044,1.016044,-0.006393,0.087864,-0.013770,0.003613,0.061050,-0.009209,-0.010006,0.026814,-0.004561,0.328936,-0.559885,0.783279,1.017446,12.567367,-21.391008,29.926016,-21.391008,36.409791,-50.937292,29.926016,-50.937292,71.261263,-0.000000,0.000000,120.238421,0.328936,-0.559885,0.783279,1.017446,9.042625,-15.391519,21.532732,-15.391519,26.198017,-36.651022,21.532732,-36.651022,51.274774,0.000000,0.000000,86.515416,-0.017086,0.115269,0.077039,-0.016418,0.114029,0.072616,-0.000668,0.001240,0.004423,-0.027690,-0.312675,-0.224605,0.385979,0.539112,6.087542,4.372899,6.087542,68.739278,49.377877,4.372899,49.377877,35.469891,-0.000000,0.000000,104.748281,-0.027690,-0.312675,-0.224605,0.385979,0.567888,6.412477,4.606311,6.412477,72.408379,52.013523,4.606311,52.013523,37.363171,0.000000,0.000000,110.339438,0.001650,0.107078,0.073470,0.001630,0.106986,0.072969,0.000020,0.000092,0.000501,-0.003748,-0.035340,-0.005319,0.035934,1.062358,10.017331,1.507609,10.017331,94.456798,14.215756,1.507609,14.215756,2.139472,-0.000000,0.000000,97.658628,-0.003748,-0.035340,-0.005319,0.035934,1.076474,10.150436,1.527641,10.150436,95.711897,14.404648,1.527641,14.404648,2.167901,-0.000000,0.000000,98.956271,0.016503,0.102828,0.056791,0.015514,0.100794,0.053406,0.000989,0.002034,0.003385,-0.028073,-0.320013,-0.011096,0.321433,0.805366,9.180622,0.318322,9.180622,104.652835,3.628649,0.318322,3.628649,0.125817,-0.000000,-0.000000,105.584018,-0.028073,-0.320013,-0.011096,0.321433,0.873134,9.953137,0.345107,9.953137,113.458972,3.933986,0.345107,3.933986,0.136404,0.000000,0.000000,114.468511,0.030388,0.090197,0.058017,0.030443,0.089955,0.058127,-0.000055,0.000242,-0.000110,-0.000020,-0.001259,-0.000365,0.001311,0.019906,1.260048,0.364827,1.260048,79.761771,23.093758,0.364827,23.093758,6.686432,-0.000000,0.000000,86.468109,-0.000020,-0.001259,-0.000365,0.001311,0.019790,1.252693,0.362697,1.252693,79.296186,22.958955,0.362697,22.958955,6.647402,-0.000000,0.000000,85.963377
2.5781,post_ramp,0.268,100.0000,4.215379,-1.345301,-1.291612,-0.073631,-0.075165,1.165825,-1.998777,0.977146,-2.699806,1.349903,-2.469709,1.412796,-1.965029,0.018834,-0.246937,0.000000,0.023981,-0.045769,0.023981,0.023981,0.023981,0.023981,0.111722,-0.237240,0.023981,0.023981,1.565891,-0.761779,1.067448,0.063805,0.002506,0.000000,-0.002506,-0.003758,0.708822,0.916870,0.916870,0.594105,1.197784,1.197784,0.820741,1.132894,1.132894,0.858980,1.016044,1.016044,-0.006413,0.087822,-0.013869,0.003613,0.061050,-0.009209,-0.010026,0.026772,-0.004660,0.330994,-0.561599,0.788794,1.023302,12.578587,-21.342165,29.976138,-21.342165,36.211382,-50.860695,29.976138,-50.860695,71.436389,-0.000000,0.000000,120.226357,0.330994,-0.561599,0.788794,1.023302,9.058970,-15.370410,21.588509,-15.370410,26.079068,-36.629354,21.588509,-36.629354,51.447758,-0.000000,0.000000,86.585796,-0.017084,0.115269,0.077039,-0.016418,0.114029,0.072616,-0.000667,0.001240,0.004423,-0.027705,-0.312662,-0.224599,0.385966,0.539721,6.090939,4.375385,6.090939,68.738381,49.377755,4.375385,49.377755,35.470179,-0.000000,0.000000,104.748281,-0.027705,-0.312662,-0.224599,0.385966,0.568529,6.416045,4.608923,6.416045,72.407323,52.013315,4.608923,52.013315,37.363416,-0.000000,0.000000,110.339267,0.001650,0.107078,0.073470,0.001630,0.106986,0.072969,0.000020,0.000092,0.000501,-0.003748,-0.035340,-0.005319,0.035934,1.062358,10.017331,1.507609,10.017331,94.456798,14.215756,1.507609,14.215756,2.139472,-0.000000,0.000000,97.658628,-0.003748,-0.035340,-0.005319,0.035934,1.076474,10.150436,1.527641,10.150436,95.711897,14.404648,1.527641,14.404648,2.167901,-0.000000,0.000000,98.956271,0.016487,0.102808,0.056737,0.015514,0.100794,0.053406,0.000973,0.002014,0.003331,-0.027589,-0.315440,-0.010654,0.316823,0.800636,9.154111,0.309178,9.154111,104.663987,3.535001,0.309178,3.535001,0.119394,-0.000000,-0.000000,105.584017,-0.027589,-0.315440,-0.010654,0.316823,0.866940,9.912201,0.334782,9.912201,113.331651,3.827749,0.334782,3.827749,0.129281,-0.000000,0.000000,114.327872,0.030387,0.090197,0.058017,0.030443,0.089955,0.058127,-0.000056,0.000242,-0.000110,-0.000019,-0.001213,-0.000351,0.001263,0.019807,1.256903,0.363940,1.256903,79.761067,23.095044,0.363940,23.095044,6.687236,-0.000000,-0.000000,86.468109,-0.000019,-0.001213,-0.000351,0.001263,0.019691,1.249546,0.361809,1.249546,79.294176,22.959854,0.361809,22.959854,6.648091,-0.000000,0.000000,85.961958
2.5963,post_ramp,0.268,100.0000,4.215379,-1.349903,-1.291612,-0.073631,-0.075165,1.165825,-1.998777,0.977146,-2.699806,1.349903,-2.468175,1.412796,-1.965029,0.016689,-0.227804,0.000000,0.023981,-0.054523,0.023981,0.023981,0.023981,0.023981,0.101771,-0.111176,0.023981,0.023981,1.565891,-0.764385,1.067448,0.063805,0.002506,0.000000,-0.002506,-0.003758,0.708822,0.916870,0.916870,0.594105,1.197784,1.197784,0.820741,1.132190,1.132190,0.858980,1.016044,1.016044,-0.006385,0.087742,-0.014005,0.003613,0.061050,-0.009209,-0.009998,0.026692,-0.004796,0.332376,-0.562642,0.794375,1.028626,12.551024,-21.246216,29.996796,-21.246216,35.965327,-50.778200,29.996796,-50.778200,71.691982,-0.000000,-0.000000,120.208334,0.332376,-0.562642,0.794375,1.028626,9.050433,-15.320460,21.630427,-15.320460,25.934282,-36.615715,21.630427,-36.615715,51.696460,-0.000000,-0.000000,86.681175,-0.017084,0.115269,0.077039,-0.016418,0.114029,0.072616,-0.000667,0.001240,0.004423,-0.027705,-0.312662,-0.224599,0.385966,0.539721,6.090939,4.375385,6.090939,68.738381,49.377755,4.375385,49.377755,35.470179,-0.000000,0.000000,104.748281,-0.027705,-0.312662,-0.224599,0.385966,0.568529,6.416045,4.608923,6.416045,72.407323,52.013315,4.608923,52.013315,37.363416,-0.000000,-0.000000,110.339267,0.001650,0.107078,0.073470,0.001630,0.106986,0.072969,0.000020,0.000092,0.000501,-0.003748,-0.035340,-0.005319,0.035934,1.062358,10.017331,1.507609,10.017331,94.456798,14.215756,1.507609,14.215756,2.139472,-0.000000,0.000000,97.658628,-0.003748,-0.035340,-0.005319,0.035934,1.076474,10.150436,1.527641,10.150436,95.711897,14.404648,1.527641,14.404648,2.167901,-0.000000,0.000000,98.956271,0.016493,0.102846,0.056753,0.015514,0.100794,0.053406,0.000979,0.002052,0.003347,-0.027970,-0.318455,-0.011191,0.319877,0.807750,9.196856,0.323187,9.196856,104.713291,3.679734,0.323187,3.679734,0.129310,-0.000000,0.000000,105.650351,-0.027970,-0.318455,-0.011191,0.319877,0.874742,9.959607,0.349991,9.959607,113.397791,3.984916,0.349991,3.984916,0.140034,-0.000000,0.000000,114.412567,0.030387,0.090197,0.058017,0.030443,0.089955,0.058127,-0.000056,0.000242,-0.000110,-0.000019,-0.001213,-0.000351,0.001263,0.019807,1.256903,0.363940,1.256903,79.761067,23.095044,0.363940,23.095044,6.687236,-0.000000,0.000000,86.468109,-0.000019,-0.001213,-0.000351,0.001263,0.019691,1.249546,0.361809,1.249546,79.294178,22.959855,0.361809,22.959855,6.648091,-0.000000,-0.000000,85.961959
2.6145,post_ramp,0.268,100.0000,4.215379,-1.351437,-1.291612,-0.073631,-0.075165,1.165825,-1.998777,0.977146,-2.699806,1.348369,-2.466641,1.412796,-1.965029,0.014718,-0.202709,0.000000,0.023981,-0.035130,0.023981,0.023981,0.023981,0.023981,0.051992,-0.020941,0.023981,0.023981,1.565891,-0.765253,1.067448,0.063805,0.002506,0.000000,-0.002506,-0.003758,0.708822,0.916870,0.916870,0.594105,1.197784,1.197784,0.819808,1.131487,1.131487,0.858980,1.016044,1.016044,-0.006376,0.087715,-0.014050,0.003613,0.061050,-0.009209,-0.009989,0.026665,-0.004841,0.332837,-0.562986,0.796240,1.030404,12.541858,-21.214252,30.003634,-21.214252,35.883398,-50.750427,30.003634,-50.750427,71.777090,-0.000000,0.000000,120.202346,0.332837,-0.562986,0.796240,1.030404,9.047599,-15.303796,21.644389,-15.303796,25.886004,-36.610963,21.644389,-36.610963,51.779434,-0.000000,0.000000,86.713037,-0.017084,0.115269,0.077039,-0.016418,0.114029,0.072616,-0.000667,0.001240,0.004423,-0.027705,-0.312662,-0.224599,0.385966,0.539721,6.090939,4.375385,6.090939,68.738381,49.377755,4.375385,49.377755,35.470179,-0.000000,0.000000,104.748281,-0.027705,-0.312662,-0.224599,0.385966,0.568529,6.416045,4.608923,6.416045,72.407323,52.013315,4.608923,52.013315,37.363416,-0.000000,-0.000000,110.339267,0.001650,0.107078,0.073470,0.001630,0.106986,0.072969,0.000020,0.000092,0.000501,-0.003748,-0.035340,-0.005319,0.035934,1.062358,10.017331,1.507609,10.017331,94.456798,14.215756,1.507609,14.215756,2.139472,-0.000000,0.000000,97.658628,-0.003748,-0.035340,-0.005319,0.035934,1.076474,10.150436,1.527641,10.150436,95.711897,14.404648,1.527641,14.404648,2.167901,-0.000000,0.000000,98.956271,0.016514,0.102904,0.056824,0.015514,0.100794,0.053406,0.001000,0.002110,0.003417,-0.028834,-0.326031,-0.012198,0.327531,0.819308,9.264048,0.346598,9.264048,104.750127,3.919039,0.346598,3.919039,0.146624,0.000000,0.000000,105.716059,-0.028834,-0.326031,-0.012198,0.327531,0.888438,10.045721,0.375843,10.045721,113.588636,4.249716,0.375843,4.249716,0.158996,-0.000000,0.000000,114.636070,0.030387,0.090197,0.058017,0.030443,0.089955,0.058127,-0.000056,0.000242,-0.000110,-0.000019,-0.001213,-0.000351,0.001263,0.019807,1.256903,0.363940,1.256903,79.761067,23.095044,0.363940,23.095044,6.687236,-0.000000,-0.000000,86.468109,-0.000019,-0.001213,-0.000351,0.001263,0.019691,1.249546,0.361809,1.249546,79.294182,22.959856,0.361809,22.959856,6.648092,-0.000000,0.000000,85.961964
2.6327,post_ramp,0.268,100.0000,4.216913,-1.351437,-1.291612,-0.073631,-0.075165,1.165825,-1.998777,0.977146,-2.699806,1.346835,-2.465107,1.412796,-1.965029,0.017642,-0.158372,0.000000,0.023981,-0.018669,0.023981,0.023981,0.023981,0.023981,-0.004481,0.029079,0.023981,0.023981,1.566461,-0.765253,1.067448,0.063805,0.002506,0.000000,-0.002506,-0.003758,0.708822,0.916870,0.916870,0.594105,1.197784,1.197784,0.818876,1.130783,1.130783,0.858980,1.016044,1.016044,-0.006338,0.087704,-0.014041,0.003613,0.061050,-0.009209,-0.009951,0.026654,-0.004832,0.331703,-0.561992,0.794434,1.028099,12.512411,-21.199342,29.967460,-21.199342,35.917307,-50.772822,29.967460,-50.772822,71.772628,0.000000,0.000000,120.202346,0.331703,-0.561992,0.794434,1.028099,9.025650,-15.291844,21.616600,-15.291844,25.908437,-36.624252,21.616600,-36.624252,51.772162,-0.000000,-0.000000,86.706249,-0.017084,0.115269,0.077039,-0.016418,0.114029,0.072616,-0.000667,0.001240,0.004423,-0.027705,-0.312662,-0.224599,0.385966,0.539721,6.090939,4.375385,6.090939,68.738381,49.377755,4.375385,49.377755,35.470179,-0.000000,-0.000000,104.748281,-0.027705,-0.312662,-0.224599,0.385966,0.568529,6.416045,4.608923,6.416045,72.407323,52.013315,4.608923,52.013315,37.363416,-0.000000,0.000000,110.339267,0.001650,0.107078,0.073470,0.001630,0.106986,0.072969,0.000020,0.000092,0.000501,-0.003748,-0.035340,-0.005319,0.035934,1.062358,10.017331,1.507609,10.017331,94.456798,14.215756,1.507609,14.215756,2.139472,-0.000000,0.000000,97.658628,-0.003748,-0.035340,-0.005319,0.035934,1.076474,10.150436,1.527641,10.150436,95.711897,14.404648,1.527641,14.404648,2.167901,-0.000000,0.000000,98.956271,0.016535,0.102962,0.056894,0.015514,0.100794,0.053406,0.001021,0.002167,0.003488,-0.029708,-0.333611,-0.013240,0.335193,0.830944,9.331163,0.370316,9.331163,104.785162,4.158500,0.370316,4.158500,0.165034,-0.000000,0.000000,105.781140,-0.029708,-0.333611,-0.013240,0.335193,0.902247,10.131871,0.402093,10.131871,113.776788,4.515341,0.402093,4.515341,0.179196,0.000000,0.000000,114.858231,0.030387,0.090197,0.058017,0.030443,0.089955,0.058127,-0.000056,0.000242,-0.000110,-0.000019,-0.001213,-0.000351,0.001263,0.019807,1.256903,0.363940,1.256903,79.761067,23.095044,0.363940,23.095044,6.687236,-0.000000,-0.000000,86.468109,-0.000019,-0.001213,-0.000351,0.001263,0.019691,1.249546,0.361810,1.249546,79.294186,22.959857,0.361810,22.959857,6.648092,0.000000,0.000000,85.961968
2.6509,post_ramp,0.268,100.0000,4.216913,-1.352971,-1.291612,-0.073631,-0.076699,1.165825,-1.998777,0.977146,-2.699806,1.345301,-2.465107,1.412796,-1.965029,0.013477,-0.105071,0.000000,0.023981,-0.009922,0.023981,0.023981,0.023981,0.023981,-0.055574,0.050579,0.023981,0.023981,1.566461,-0.766122,1.067448,0.063805,0.002557,0.000000,-0.002557,-0.003835,0.708822,0.916870,0.916870,0.594105,1.197784,1.197784,0.817943,1.130783,1.130783,0.858980,1.016044,1.016044,-0.006328,0.087677,-0.014086,0.003613,0.061050,-0.009209,-0.009942,0.026627,-0.004877,0.332164,-0.562337,0.796302,1.029880,12.503290,-21.167432,29.974283,-21.167432,35.835381,-50.744930,29.974283,-50.744930,71.857696,0.000000,0.000000,120.196367,0.332164,-0.562337,0.796302,1.029880,9.022840,-15.275207,21.630559,-15.275207,25.860146,-36.619432,21.630559,-36.619432,51.855191,-0.000000,-0.000000,86.738177,-0.017083,0.115269,0.077039,-0.016418,0.114029,0.072616,-0.000665,0.001240,0.004423,-0.027720,-0.312650,-0.224592,0.385954,0.540330,6.094335,4.377871,6.094335,68.737485,49.377633,4.377871,49.377633,35.470466,-0.000000,0.000000,104.748281,-0.027720,-0.312650,-0.224592,0.385954,0.569169,6.419613,4.611535,6.419613,72.406267,52.013106,4.611535,52.013106,37.363660,-0.000000,0.000000,110.339097,0.001650,0.107078,0.073470,0.001630,0.106986,0.072969,0.000020,0.000092,0.000501,-0.003748,-0.035340,-0.005319,0.035934,1.062358,10.017331,1.507609,10.017331,94.456798,14.215756,1.507609,14.215756,2.139472,-0.000000,0.000000,97.658628,-0.003748,-0.035340,-0.005319,0.035934,1.076474,10.150436,1.527641,10.150436,95.711897,14.404648,1.527641,14.404648,2.167901,-0.000000,0.000000,98.956271,0.016550,0.102982,0.056949,0.015514,0.100794,0.053406,0.001036,0.002187,0.003542,-0.030189,-0.338159,-0.013729,0.339781,0.835034,9.353576,0.379746,9.353576,104.773411,4.253701,0.379746,4.253701,0.172696,-0.000000,0.000000,105.781141,-0.030189,-0.338159,-0.013729,0.339781,0.907784,10.168479,0.412831,10.168479,113.901494,4.624293,0.412831,4.624293,0.187742,-0.000000,0.000000,114.997020,0.030386,0.090197,0.058017,0.030443,0.089955,0.058127,-0.000057,0.000241,-0.000110,-0.000018,-0.001168,-0.000338,0.001216,0.019708,1.253758,0.363053,1.253758,79.760362,23.096329,0.363053,23.096329,6.688039,-0.000000,0.000000,86.468109,-0.000018,-0.001168,-0.000338,0.001216,0.019592,1.246399,0.360922,1.246399,79.292182,22.960758,0.360922,22.960758,6.648781,0.000000,0.000000,85.960556
2.6691,post_ramp,0.268,100.0000,4.216913,-1.352971,-1.291612,-0.073631,-0.075165,1.165825,-1.998777,0.977146,-2.699806,1.345301,-2.465107,1.412796,-1.965029,0.009560,-0.057255,0.000000,0.023981,-0.008594,0.023981,0.023981,0.023981,0.023981,-0.072263,0.044270,0.023981,0.023981,1.566461,-0.766122,1.067448,0.063805,0.002506,0.000000,-0.002506,-0.003758,0.708822,0.916870,0.916870,0.594105,1.197784,1.197784,0.817943,1.130783,1.130783,0.858980,1.016044,1.016044,-0.006328,0.087677,-0.014086,0.003613,0.061050,-0.009209,-0.009942,0.026627,-0.004877,0.332164,-0.562337,0.796302,1.029880,12.503290,-21.167432,29.974283,-21.167432,35.835381,-50.744930,29.974283,-50.744930,71.857696,0.000000,0.000000,120.196367,0.332164,-0.562337,0.796302,1.029880,9.022840,-15.275207,21.630559,-15.275207,25.860146,-36.619432,21.630559,-36.619432,51.855191,-0.000000,-0.000000,86.738177,-0.017084,0.115269,0.077039,-0.016418,0.114029,0.072616,-0.000667,0.001240,0.004423,-0.027705,-0.312662,-0.224599,0.385966,0.539721,6.090939,4.375385,6.090939,68.738381,49.377755,4.375385,49.377755,35.470179,0.000000,0.000000,104.748281,-0.027705,-0.312662,-0.224599,0.385966,0.568529,6.416045,4.608923,6.416045,72.407323,52.013315,4.608923,52.013315,37.363416,-0.000000,0.000000,110.339267,0.001650,0.107078,0.073470,0.001630,0.106986,0.072969,0.000020,0.000092,0.000501,-0.003748,-0.035340,-0.005319,0.035934,1.062358,10.017331,1.507609,10.017331,94.456798,14.215756,1.507609,14.215756,2.139472,-0.000000,0.000000,97.658628,-0.003748,-0.035340,-0.005319,0.035934,1.076474,10.150436,1.527641,10.150436,95.711897,14.404648,1.527641,14.404648,2.167901,-0.000000,0.000000,98.956271,0.016550,0.102982,0.056949,0.015514,0.100794,0.053406,0.001036,0.002187,0.003542,-0.030197,-0.338176,-0.013727,0.339799,0.835400,9.355613,0.379763,9.355613,104.773105,4.252949,0.379763,4.252949,0.172636,-0.000000,0.000000,105.781141,-0.030197,-0.338176,-0.013727,0.339799,0.908187,10.170744,0.412851,10.170744,113.901723,4.623498,0.412851,4.623498,0.187677,-0.000000,0.000000,114.997587,0.030387,0.090197,0.058017,0.030443,0.089955,0.058127,-0.000056,0.000242,-0.000110,-0.000019,-0.001214,-0.000351,0.001264,0.019807,1.256903,0.363940,1.256903,79.761067,23.095044,0.363940,23.095044,6.687236,-0.000000,-0.000000,86.468109,-0.000019,-0.001214,-0.000351,0.001264,0.019691,1.249546,0.361810,1.249546,79.294189,22.959858,0.361810,22.959858,6.648092,-0.000000,-0.000000,85.961971
2.6879,post_ramp,0.268,100.0000,4.216913,-1.352971,-1.291612,-0.073631,-0.075165,1.165825,-1.998777,0.977146,-2.699806,1.346835,-2.465107,1.412796,-1.965029,0.006736,-0.030428,0.000000,0.023981,0.003680,0.023981,0.023981,0.023981,0.023981,-0.022676,0.034763,0.023981,0.023981,1.566461,-0.766122,1.067448,0.063805,0.002506,0.000000,-0.002506,-0.003758,0.708822,0.916870,0.916870,0.594105,1.197784,1.197784,0.818876,1.130783,1.130783,0.858980,1.016044,1.016044,-0.006328,0.087677,-0.014086,0.003613,0.061050,-0.009209,-0.009942,0.026627,-0.004877,0.332164,-0.562337,0.796302,1.029880,12.503290,-21.167432,29.974283,-21.167432,35.835381,-50.744930,29.974283,-50.744930,71.857696,0.000000,0.000000,120.196367,0.332164,-0.562337,0.796302,1.029880,9.022840,-15.275207,21.630559,-15.275207,25.860146,-36.619432,21.630559,-36.619432,51.855191,-0.000000,-0.000000,86.738177,-0.017084,0.115269,0.077039,-0.016418,0.114029,0.072616,-0.000667,0.001240,0.004423,-0.027705,-0.312662,-0.224599,0.385966,0.539721,6.090939,4.375385,6.090939,68.738381,49.377755,4.375385,49.377755,35.470179,-0.000000,-0.000000,104.748281,-0.027705,-0.312662,-0.224599,0.385966,0.568529,6.416045,4.608923,6.416045,72.407323,52.013315,4.608923,52.013315,37.363416,-0.000000,0.000000,110.339267,0.001650,0.107078,0.073470,0.001630,0.106986,0.072969,0.000020,0.000092,0.000501,-0.003748,-0.035340,-0.005319,0.035934,1.062358,10.017331,1.507609,10.017331,94.456798,14.215756,1.507609,14.215756,2.139472,-0.000000,0.000000,97.658628,-0.003748,-0.035340,-0.005319,0.035934,1.076474,10.150436,1.527641,10.150436,95.711897,14.404648,1.527641,14.404648,2.167901,-0.000000,0.000000,98.956271,0.016535,0.102962,0.056894,0.015514,0.100794,0.053406,0.001021,0.002167,0.003488,-0.029708,-0.333611,-0.013240,0.335193,0.830944,9.331163,0.370316,9.331163,104.785162,4.158500,0.370316,4.158500,0.165034,-0.000000,0.000000,105.781140,-0.029708,-0.333611,-0.013240,0.335193,0.902247,10.131871,0.402093,10.131871,113.776788,4.515341,0.402093,4.515341,0.179196,0.000000,0.000000,114.858231,0.030387,0.090197,0.058017,0.030443,0.089955,0.058127,-0.000056,0.000242,-0.000110,-0.000019,-0.001213,-0.000351,0.001263,0.019807,1.256903,0.363940,1.256903,79.761067,23.095044,0.363940,23.095044,6.687236,-0.000000,-0.000000,86.468109,-0.000019,-0.001213,-0.000351,0.001263,0.019691,1.249546,0.361810,1.249546,79.294186,22.959857,0.361810,22.959857,6.648092,0.000000,0.000000,85.961968
2.7054,post_ramp,0.268,100.0000,4.215379,-1.352971,-1.291612,-0.073631,-0.073631,1.165825,-1.998777,0.977146,-2.699806,1.346835,-2.465107,1.412796,-1.965029,0.006939,-0.011614,0.000000,0.023981,0.025253,0.023981,0.023981,0.023981,0.023981,0.019260,0.029711,0.023981,0.023981,1.565891,-0.766122,1.067448,0.063805,0.002454,0.000000,-0.002454,-0.003682,0.708822,0.916870,0.916870,0.594105,1.197784,1.197784,0.818876,1.130783,1.130783,0.858980,1.016044,1.016044,-0.006366,0.087689,-0.014095,0.003613,0.061050,-0.009209,-0.009980,0.026639,-0.004886,0.333299,-0.563329,0.798107,1.032183,12.532703,-21.182298,30.010448,-21.182298,35.801513,-50.722517,30.010448,-50.722517,71.862151,-0.000000,0.000000,120.196367,0.333299,-0.563329,0.798107,1.032183,9.044770,-15.287126,21.658345,-15.287126,25.837718,-36.606110,21.658345,-36.606110,51.862446,-0.000000,0.000000,86.744935,-0.017086,0.115269,0.077039,-0.016418,0.114029,0.072616,-0.000668,0.001240,0.004423,-0.027690,-0.312675,-0.224605,0.385979,0.539112,6.087542,4.372899,6.087542,68.739278,49.377877,4.372899,49.377877,35.469891,-0.000000,0.000000,104.748281,-0.027690,-0.312675,-0.224605,0.385979,0.567888,6.412477,4.606311,6.412477,72.408379,52.013523,4.606311,52.013523,37.363170,-0.000000,0.000000,110.339438,0.001650,0.107078,0.073470,0.001630,0.106986,0.072969,0.000020,0.000092,0.000501,-0.003748,-0.035340,-0.005319,0.035934,1.062358,10.017331,1.507609,10.017331,94.456798,14.215756,1.507609,14.215756,2.139472,-0.000000,0.000000,97.658628,-0.003748,-0.035340,-0.005319,0.035934,1.076474,10.150436,1.527641,10.150436,95.711897,14.404648,1.527641,14.404648,2.167901,-0.000000,0.000000,98.956271,0.016536,0.102962,0.056894,0.015514,0.100794,0.053406,0.001022,0.002168,0.003488,-0.029716,-0.333629,-0.013238,0.335211,0.831309,9.333196,0.370331,9.333196,104.784857,4.157749,0.370331,4.157749,0.164975,0.000000,0.000000,105.781140,-0.029716,-0.333629,-0.013238,0.335211,0.902648,10.134129,0.402111,10.134129,113.777018,4.514548,0.402111,4.514548,0.179132,-0.000000,0.000000,114.858798,0.030388,0.090197,0.058017,0.030443,0.089955,0.058127,-0.000055,0.000242,-0.000110,-0.000020,-0.001260,-0.000365,0.001311,0.019906,1.260048,0.364827,1.260048,79.761771,23.093758,0.364827,23.093758,6.686432,-0.000000,0.000000,86.468109,-0.000020,-0.001260,-0.000365,0.001311,0.019790,1.252693,0.362697,1.252693,79.296192,22.958957,0.362697,22.958957,6.647402,-0.000000,0.000000,85.963384
2.7242,post_ramp,0.268,100.0000,4.215379,-1.351437,-1.291612,-0.073631,-0.070563,1.165825,-1.998777,0.977146,-2.699806,1.346835,-2.465107,1.412796,-1.965029,0.010367,0.014885,0.000000,0.023981,0.056027,0.023981,0.023981,0.023981,0.023981,0.011652,0.033525,0.023981,0.023981,1.565891,-0.765253,1.067448,0.063805,0.002352,0.000000,-0.002352,-0.003528,0.708822,0.916870,0.916870,0.594105,1.197784,1.197784,0.818876,1.130783,1.130783,0.858980,1.016044,1.016044,-0.006376,0.087715,-0.014050,0.003613,0.061050,-0.009209,-0.009989,0.026665,-0.004841,0.332837,-0.562986,0.796240,1.030404,12.541858,-21.214252,30.003634,-21.214252,35.883398,-50.750427,30.003634,-50.750427,71.777090,-0.000000,0.000000,120.202346,0.332837,-0.562986,0.796240,1.030404,9.047599,-15.303796,21.644389,-15.303796,25.886004,-36.610963,21.644389,-36.610963,51.779434,-0.000000,0.000000,86.713037,-0.017089,0.115269,0.077039,-0.016418,0.114029,0.072616,-0.000671,0.001241,0.004423,-0.027661,-0.312699,-0.224618,0.386004,0.537895,6.080748,4.367926,6.080748,68.741070,49.378120,4.367926,49.378120,35.469316,-0.000000,0.000000,104.748281,-0.027661,-0.312699,-0.224618,0.386004,0.566608,6.405341,4.601088,6.405341,72.410491,52.013940,4.601088,52.013940,37.362680,-0.000000,0.000000,110.339779,0.001650,0.107078,0.073470,0.001630,0.106986,0.072969,0.000020,0.000092,0.000501,-0.003748,-0.035340,-0.005319,0.035934,1.062358,10.017331,1.507609,10.017331,94.456798,14.215756,1.507609,14.215756,2.139472,-0.000000,0.000000,97.658628,-0.003748,-0.035340,-0.005319,0.035934,1.076474,10.150436,1.527641,10.150436,95.711897,14.404648,1.527641,14.404648,2.167901,-0.000000,0.000000,98.956271,0.016537,0.102962,0.056895,0.015514,0.100794,0.053406,0.001023,0.002168,0.003488,-0.029733,-0.333664,-0.013235,0.335247,0.832038,9.337262,0.370361,9.337262,104.784246,4.156247,0.370361,4.156247,0.164857,-0.000000,0.000000,105.781140,-0.029733,-0.333664,-0.013235,0.335247,0.903449,10.138644,0.402147,10.138644,113.777478,4.512962,0.402147,4.512962,0.179006,-0.000000,0.000000,114.859933,0.030390,0.090198,0.058018,0.030443,0.089955,0.058127,-0.000053,0.000242,-0.000109,-0.000021,-0.001352,-0.000391,0.001407,0.020105,1.266337,0.366601,1.266337,79.763180,23.091186,0.366601,23.091186,6.684824,-0.000000,0.000000,86.468109,-0.000021,-0.001352,-0.000391,0.001407,0.019988,1.258987,0.364473,1.258987,79.300206,22.957156,0.364473,22.957156,6.646023,0.000000,0.000000,85.966217
2.7418,post_ramp,0.268,100.0000,4.215379,-1.343767,-1.291612,-0.073631,-0.070563,1.165825,-1.998777,0.977146,-2.699806,1.348369,-2.463573,1.412796,-1.965029,0.013425,0.062359,0.000000,0.023981,0.090695,0.023981,0.023981,0.023981,0.023981,0.013147,0.040289,0.023981,0.023981,1.565891,-0.760910,1.067448,0.063805,0.002352,0.000000,-0.002352,-0.003528,0.708822,0.916870,0.916870,0.594105,1.197784,1.197784,0.819808,1.130079,1.130079,0.858980,1.016044,1.016044,-0.006422,0.087848,-0.013824,0.003613,0.061050,-0.009209,-0.010035,0.026798,-0.004615,0.330533,-0.561248,0.786939,1.021530,12.587796,-21.374167,29.969203,-21.374167,36.293487,-50.887919,29.969203,-50.887919,71.351101,-0.000000,0.000000,120.232385,0.330533,-0.561248,0.786939,1.021530,9.061827,-15.387046,21.574525,-15.387046,26.127313,-36.633696,21.574525,-36.633696,51.364933,-0.000000,0.000000,86.554073,-0.017089,0.115269,0.077039,-0.016418,0.114029,0.072616,-0.000671,0.001241,0.004423,-0.027661,-0.312699,-0.224618,0.386004,0.537895,6.080748,4.367926,6.080748,68.741070,49.378120,4.367926,49.378120,35.469316,-0.000000,0.000000,104.748281,-0.027661,-0.312699,-0.224618,0.386004,0.566608,6.405341,4.601088,6.405341,72.410491,52.013940,4.601088,52.013940,37.362680,-0.000000,0.000000,110.339779,0.001650,0.107078,0.073470,0.001630,0.106986,0.072969,0.000020,0.000092,0.000501,-0.003748,-0.035340,-0.005319,0.035934,1.062358,10.017331,1.507609,10.017331,94.456798,14.215756,1.507609,14.215756,2.139472,-0.000000,0.000000,97.658628,-0.003748,-0.035340,-0.005319,0.035934,1.076474,10.150436,1.527641,10.150436,95.711897,14.404648,1.527641,14.404648,2.167901,-0.000000,0.000000,98.956271,0.016527,0.102980,0.056857,0.015514,0.100794,0.053406,0.001013,0.002185,0.003450,-0.029636,-0.332114,-0.013326,0.333700,0.834816,9.355411,0.375394,9.355411,104.841975,4.206877,0.375394,4.206877,0.168805,-0.000000,-0.000000,105.845595,-0.029636,-0.332114,-0.013326,0.333700,0.905458,10.147073,0.407160,10.147073,113.713779,4.562866,0.407160,4.562866,0.183089,-0.000000,0.000000,114.802326,0.030390,0.090198,0.058018,0.030443,0.089955,0.058127,-0.000053,0.000242,-0.000109,-0.000021,-0.001352,-0.000391,0.001407,0.020105,1.266337,0.366601,1.266337,79.763180,23.091186,0.366601,23.091186,6.684824,0.000000,0.000000,86.468109,-0.000021,-0.001352,-0.000391,0.001407,0.019988,1.258987,0.364473,1.258987,79.300204,22.957156,0.364473,22.957156,6.646023,-0.000000,0.000000,85.966215
2.7600,post_ramp,0.268,100.0000,4.215379,-1.331495,-1.291612,-0.073631,-0.072097,1.165825,-1.998777,0.977146,-2.699806,1.351437,-2.463573,1.412796,-1.965029,0.018371,0.208365,0.000000,0.023981,0.079359,0.023981,0.023981,0.023981,0.023981,0.069234,0.035637,0.023981,0.023981,1.565891,-0.753961,1.067448,0.063805,0.002403,0.000000,-0.002403,-0.003605,0.708822,0.916870,0.916870,0.594105,1.197784,1.197784,0.821674,1.130079,1.130079,0.858980,1.016044,1.016044,-0.006496,0.088059,-0.013461,0.003613,0.061050,-0.009209,-0.010109,0.027009,-0.004252,0.326857,-0.558377,0.772180,1.007414,12.661864,-21.630525,29.912848,-21.630525,36.951875,-51.100740,29.912848,-51.100740,70.667203,-0.000000,0.000000,120.280941,0.326857,-0.558377,0.772180,1.007414,9.084881,-15.519891,21.462454,-15.519891,26.512951,-36.664755,21.462454,-36.664755,50.703683,-0.000000,0.000000,86.301515,-0.017087,0.115269,0.077039,-0.016418,0.114029,0.072616,-0.000670,0.001240,0.004423,-0.027676,-0.312687,-0.224612,0.385992,0.538503,6.084145,4.370412,6.084145,68.740174,49.377998,4.370412,49.377998,35.469604,-0.000000,0.000000,104.748281,-0.027676,-0.312687,-0.224612,0.385992,0.567248,6.408909,4.603699,6.408909,72.409435,52.013732,4.603699,52.013732,37.362925,-0.000000,-0.000000,110.339609,0.001650,0.107078,0.073470,0.001630,0.106986,0.072969,0.000020,0.000092,0.000501,-0.003748,-0.035340,-0.005319,0.035934,1.062358,10.017331,1.507609,10.017331,94.456798,14.215756,1.507609,14.215756,2.139472,-0.000000,0.000000,97.658628,-0.003748,-0.035340,-0.005319,0.035934,1.076474,10.150436,1.527641,10.150436,95.711897,14.404648,1.527641,14.404648,2.167901,-0.000000,0.000000,98.956271,0.016496,0.102939,0.056748,0.015514,0.100794,0.053406,0.000982,0.002145,0.003342,-0.028655,-0.322962,-0.012376,0.324467,0.825547,9.304397,0.356555,9.304397,104.866050,4.018584,0.356555,4.018584,0.153997,-0.000000,0.000000,105.845594,-0.028655,-0.322962,-0.012376,0.324467,0.893226,10.067189,0.385786,10.067189,113.463166,4.348035,0.385786,4.348035,0.166622,-0.000000,0.000000,114.523014,0.030389,0.090197,0.058018,0.030443,0.089955,0.058127,-0.000054,0.000242,-0.000110,-0.000021,-0.001305,-0.000378,0.001359,0.020005,1.263193,0.365714,1.263193,79.762476,23.092472,0.365714,23.092472,6.685628,-0.000000,-0.000000,86.468109,-0.000021,-0.001305,-0.000378,0.001359,0.019889,1.255840,0.363585,1.255840,79.298192,22.958055,0.363585,22.958055,6.646712,-0.000000,0.000000,85.964793
2.7782,post_ramp,0.268,100.0000,4.215379,-1.316156,-1.291612,-0.073631,-0.073631,1.165825,-1.998777,0.977146,-2.699806,1.360641,-2.463573,1.412796,-1.965029,0.013225,0.450768,0.000000,0.023981,0.017824,0.023981,0.023981,0.023981,0.023981,0.187195,0.029556,0.023981,0.023981,1.565891,-0.745275,1.067448,0.063805,0.002454,0.000000,-0.002454,-0.003682,0.708822,0.916870,0.916870,0.594105,1.197784,1.197784,0.827270,1.130079,1.130079,0.858980,1.016044,1.016044,-0.006588,0.088319,-0.013006,0.003613,0.061050,-0.009209,-0.010201,0.027269,-0.003797,0.322279,-0.554635,0.753943,0.989906,12.755425,-21.951806,29.840183,-21.951806,37.778575,-51.354298,29.840183,-51.354298,69.808454,-0.000000,0.000000,120.342454,0.322279,-0.554635,0.753943,0.989906,9.114193,-15.685325,21.321843,-15.685325,26.994099,-36.694423,21.321843,-36.694423,49.880556,0.000000,0.000000,85.988847,-0.017086,0.115269,0.077039,-0.016418,0.114029,0.072616,-0.000668,0.001240,0.004423,-0.027690,-0.312675,-0.224605,0.385979,0.539112,6.087542,4.372899,6.087542,68.739278,49.377877,4.372899,49.377877,35.469891,-0.000000,0.000000,104.748281,-0.027690,-0.312675,-0.224605,0.385979,0.567888,6.412477,4.606311,6.412477,72.408379,52.013524,4.606311,52.013524,37.363171,-0.000000,0.000000,110.339438,0.001650,0.107078,0.073470,0.001630,0.106986,0.072969,0.000020,0.000092,0.000501,-0.003748,-0.035340,-0.005319,0.035934,1.062358,10.017331,1.507609,10.017331,94.456798,14.215756,1.507609,14.215756,2.139472,-0.000000,0.000000,97.658628,-0.003748,-0.035340,-0.005319,0.035934,1.076474,10.150436,1.527641,10.150436,95.711897,14.404648,1.527641,14.404648,2.167901,-0.000000,0.000000,98.956271,0.016405,0.102818,0.056423,0.015514,0.100794,0.053406,0.000890,0.002023,0.003017,-0.025785,-0.295542,-0.009722,0.296824,0.798752,9.155089,0.301155,9.155089,104.933292,3.451758,0.301155,3.451758,0.113545,0.000000,0.000000,105.845589,-0.025785,-0.295542,-0.009722,0.296824,0.857906,9.833094,0.323457,9.833094,112.704405,3.707387,0.323457,3.707387,0.121954,-0.000000,0.000000,113.684264,0.030388,0.090197,0.058017,0.030443,0.089955,0.058127,-0.000055,0.000242,-0.000110,-0.000020,-0.001258,-0.000364,0.001309,0.019906,1.260048,0.364827,1.260048,79.761771,23.093758,0.364827,23.093758,6.686432,-0.000000,0.000000,86.468109,-0.000020,-0.001258,-0.000364,0.001309,0.019790,1.252692,0.362697,1.252692,79.296169,22.958950,0.362697,22.958950,6.647400,-0.000000,0.000000,85.963359
2.7963,post_ramp,0.268,100.0000,4.215379,-1.311554,-1.291612,-0.073631,-0.075165,1.165825,-1.998777,0.977146,-2.699806,1.366777,-2.463573,1.412796,-1.965029,0.007029,0.540333,0.000000,0.023981,-0.024237,0.023981,0.023981,0.023981,0.023981,0.289086,0.017123,0.023981,0.023981,1.565891,-0.742669,1.067448,0.063805,0.002506,0.000000,-0.002506,-0.003758,0.708822,0.916870,0.916870,0.594105,1.197784,1.197784,0.831000,1.130079,1.130079,0.858980,1.016044,1.016044,-0.006616,0.088396,-0.012868,0.003613,0.061050,-0.009209,-0.010229,0.027346,-0.003659,0.320909,-0.553480,0.748518,0.984683,12.783705,-22.048368,29.817896,-22.048368,38.027357,-51.427651,29.817896,-51.427651,69.550015,-0.000000,0.000000,120.361077,0.320909,-0.553480,0.748518,0.984683,9.123092,-15.734819,21.279543,-15.734819,27.138226,-36.701347,21.279543,-36.701347,49.634373,-0.000000,0.000000,85.895692,-0.017084,0.115269,0.077039,-0.016418,0.114029,0.072616,-0.000667,0.001240,0.004423,-0.027705,-0.312662,-0.224599,0.385966,0.539721,6.090939,4.375385,6.090939,68.738381,49.377755,4.375385,49.377755,35.470179,-0.000000,0.000000,104.748281,-0.027705,-0.312662,-0.224599,0.385966,0.568529,6.416045,4.608923,6.416045,72.407323,52.013315,4.608923,52.013315,37.363416,-0.000000,0.000000,110.339268,0.001650,0.107078,0.073470,0.001630,0.106986,0.072969,0.000020,0.000092,0.000501,-0.003748,-0.035340,-0.005319,0.035934,1.062358,10.017331,1.507609,10.017331,94.456798,14.215756,1.507609,14.215756,2.139472,-0.000000,0.000000,97.658628,-0.003748,-0.035340,-0.005319,0.035934,1.076474,10.150436,1.527641,10.150436,95.711897,14.404648,1.527641,14.404648,2.167901,-0.000000,0.000000,98.956271,0.016343,0.102735,0.056207,0.015514,0.100794,0.053406,0.000829,0.001941,0.002801,-0.023915,-0.277259,-0.008118,0.278407,0.781009,9.054615,0.265129,9.054615,104.974573,3.073776,0.265129,3.073776,0.090004,-0.000000,0.000000,105.845585,-0.023915,-0.277259,-0.008118,0.278407,0.834709,9.677190,0.283359,9.677190,112.192395,3.285122,0.283359,3.285122,0.096192,-0.000000,0.000000,113.123296,0.030387,0.090197,0.058017,0.030443,0.089955,0.058127,-0.000056,0.000242,-0.000110,-0.000019,-0.001211,-0.000351,0.001261,0.019807,1.256903,0.363940,1.256903,79.761067,23.095044,0.363940,23.095044,6.687236,-0.000000,-0.000000,86.468109,-0.000019,-0.001211,-0.000351,0.001261,0.019691,1.249545,0.361809,1.249545,79.294151,22.959847,0.361809,22.959847,6.648089,-0.000000,0.000000,85.961931
2.8145,post_ramp,0.268,100.0000,4.215379,-1.311554,-1.291612,-0.073631,-0.076699,1.165825,-1.998777,0.977146,-2.699806,1.365243,-2.463573,1.412796,-1.965029,0.014380,0.455523,0.000000,0.023981,-0.046590,0.023981,0.023981,0.023981,0.023981,0.280194,0.013838,0.023981,0.023981,1.565891,-0.742669,1.067448,0.063805,0.002557,0.000000,-0.002557,-0.003835,0.708822,0.916870,0.916870,0.594105,1.197784,1.197784,0.830068,1.130079,1.130079,0.858980,1.016044,1.016044,-0.006616,0.088396,-0.012868,0.003613,0.061050,-0.009209,-0.010229,0.027346,-0.003659,0.320909,-0.553480,0.748518,0.984683,12.783705,-22.048368,29.817896,-22.048368,38.027357,-51.427651,29.817896,-51.427651,69.550015,-0.000000,0.000000,120.361077,0.320909,-0.553480,0.748518,0.984683,9.123092,-15.734819,21.279543,-15.734819,27.138226,-36.701347,21.279543,-36.701347,49.634373,-0.000000,0.000000,85.895692,-0.017083,0.115269,0.077039,-0.016418,0.114029,0.072616,-0.000665,0.001240,0.004423,-0.027720,-0.312650,-0.224592,0.385954,0.540330,6.094335,4.377871,6.094335,68.737485,49.377633,4.377871,49.377633,35.470466,-0.000000,0.000000,104.748281,-0.027720,-0.312650,-0.224592,0.385954,0.569169,6.419613,4.611535,6.419613,72.406267,52.013106,4.611535,52.013106,37.363660,-0.000000,0.000000,110.339097,0.001650,0.107078,0.073470,0.001630,0.106986,0.072969,0.000020,0.000092,0.000501,-0.003748,-0.035340,-0.005319,0.035934,1.062358,10.017331,1.507609,10.017331,94.456798,14.215756,1.507609,14.215756,2.139472,-0.000000,0.000000,97.658628,-0.003748,-0.035340,-0.005319,0.035934,1.076474,10.150436,1.527641,10.150436,95.711897,14.404648,1.527641,14.404648,2.167901,-0.000000,0.000000,98.956271,0.016358,0.102756,0.056261,0.015514,0.100794,0.053406,0.000844,0.001961,0.002855,-0.024370,-0.281808,-0.008509,0.282988,0.784993,9.077266,0.274071,9.077266,104.964904,3.169218,0.274071,3.169218,0.095689,-0.000000,0.000000,105.845586,-0.024370,-0.281808,-0.008509,0.282988,0.840003,9.713375,0.293277,9.713375,112.320548,3.391308,0.293277,3.391308,0.102394,-0.000000,0.000000,113.262946,0.030386,0.090197,0.058017,0.030443,0.089955,0.058127,-0.000057,0.000241,-0.000110,-0.000018,-0.001165,-0.000337,0.001213,0.019708,1.253758,0.363053,1.253758,79.760362,23.096329,0.363053,23.096329,6.688039,-0.000000,0.000000,86.468109,-0.000018,-0.001165,-0.000337,0.001213,0.019592,1.246398,0.360921,1.246398,79.292147,22.960748,0.360921,22.960748,6.648779,0.000000,0.000000,85.960518
2.8327,post_ramp,0.268,100.0000,4.216913,-1.311554,-1.291612,-0.073631,-0.076699,1.165825,-1.998777,0.977146,-2.699806,1.363709,-2.465107,1.412796,-1.965029,0.016720,0.278812,0.000000,0.023981,-0.050222,0.023981,0.023981,0.023981,0.023981,0.164671,0.002271,0.023981,0.023981,1.566461,-0.742669,1.067448,0.063805,0.002557,0.000000,-0.002557,-0.003835,0.708822,0.916870,0.916870,0.594105,1.197784,1.197784,0.829135,1.130783,1.130783,0.858980,1.016044,1.016044,-0.006578,0.088385,-0.012859,0.003613,0.061050,-0.009209,-0.010191,0.027335,-0.003650,0.319765,-0.552415,0.746710,0.982338,12.753377,-22.032322,29.781511,-22.032322,38.062325,-51.449574,29.781511,-51.449574,69.545375,-0.000000,0.000000,120.361077,0.319765,-0.552415,0.746710,0.982338,9.100647,-15.721983,21.251706,-15.721983,27.160789,-36.713759,21.251706,-36.713759,49.626691,-0.000000,-0.000000,85.888128,-0.017083,0.115269,0.077039,-0.016418,0.114029,0.072616,-0.000665,0.001240,0.004423,-0.027720,-0.312650,-0.224592,0.385954,0.540330,6.094335,4.377871,6.094335,68.737485,49.377633,4.377871,49.377633,35.470466,-0.000000,0.000000,104.748281,-0.027720,-0.312650,-0.224592,0.385954,0.569169,6.419613,4.611535,6.419613,72.406267,52.013106,4.611535,52.013106,37.363660,-0.000000,0.000000,110.339097,0.001650,0.107078,0.073470,0.001630,0.106986,0.072969,0.000020,0.000092,0.000501,-0.003748,-0.035340,-0.005319,0.035934,1.062358,10.017331,1.507609,10.017331,94.456798,14.215756,1.507609,14.215756,2.139472,-0.000000,0.000000,97.658628,-0.003748,-0.035340,-0.005319,0.035934,1.076474,10.150436,1.527641,10.150436,95.711897,14.404648,1.527641,14.404648,2.167901,-0.000000,0.000000,98.956271,0.016367,0.102738,0.056299,0.015514,0.100794,0.053406,0.000853,0.001944,0.002893,-0.024472,-0.283388,-0.008426,0.284568,0.782312,9.059209,0.269353,9.059209,104.906080,3.119120,0.269353,3.119120,0.092739,-0.000000,0.000000,105.781131,-0.024472,-0.283388,-0.008426,0.284568,0.838062,9.704795,0.288548,9.704795,112.381995,3.341398,0.288548,3.341398,0.099348,-0.000000,0.000000,113.319405,0.030386,0.090197,0.058017,0.030443,0.089955,0.058127,-0.000057,0.000241,-0.000110,-0.000018,-0.001165,-0.000337,0.001213,0.019708,1.253758,0.363053,1.253758,79.760362,23.096329,0.363053,23.096329,6.688039,-0.000000,0.000000,86.468109,-0.000018,-0.001165,-0.000337,0.001213,0.019592,1.246398,0.360921,1.246398,79.292149,22.960748,0.360921,22.960748,6.648779,-0.000000,0.000000,85.960519
2.8509,post_ramp,0.268,100.0000,4.215379,-1.313088,-1.291612,-0.073631,-0.076699,1.165825,-1.998777,0.977146,-2.699806,1.362175,-2.468175,1.412796,-1.965029,0.010302,0.127116,0.000000,0.023981,-0.031096,0.023981,0.023981,0.023981,0.023981,0.056968,-0.027173,0.023981,0.023981,1.565891,-0.743538,1.067448,0.063805,0.002557,0.000000,-0.002557,-0.003835,0.708822,0.916870,0.916870,0.594105,1.197784,1.197784,0.828202,1.132190,1.132190,0.858980,1.016044,1.016044,-0.006607,0.088370,-0.012914,0.003613,0.061050,-0.009209,-0.010220,0.027320,-0.003705,0.321366,-0.553867,0.750324,0.986423,12.774268,-22.016172,29.825350,-22.016172,37.944391,-51.403339,29.825350,-51.403339,69.636203,-0.000000,0.000000,120.354861,0.321366,-0.553867,0.750324,0.986423,9.120120,-15.718328,21.293649,-15.718328,27.090195,-36.699140,21.293649,-36.699140,49.716395,-0.000000,0.000000,85.926711,-0.017083,0.115269,0.077039,-0.016418,0.114029,0.072616,-0.000665,0.001240,0.004423,-0.027720,-0.312650,-0.224592,0.385954,0.540330,6.094335,4.377871,6.094335,68.737485,49.377633,4.377871,49.377633,35.470466,-0.000000,0.000000,104.748281,-0.027720,-0.312650,-0.224592,0.385954,0.569169,6.419613,4.611535,6.419613,72.406267,52.013106,4.611535,52.013106,37.363660,-0.000000,0.000000,110.339097,0.001650,0.107078,0.073470,0.001630,0.106986,0.072969,0.000020,0.000092,0.000501,-0.003748,-0.035340,-0.005319,0.035934,1.062358,10.017331,1.507609,10.017331,94.456798,14.215756,1.507609,14.215756,2.139472,-0.000000,0.000000,97.658628,-0.003748,-0.035340,-0.005319,0.035934,1.076474,10.150436,1.527641,10.150436,95.711897,14.404648,1.527641,14.404648,2.167901,-0.000000,0.000000,98.956271,0.016371,0.102683,0.056321,0.015514,0.100794,0.053406,0.000857,0.001889,0.002915,-0.024212,-0.281972,-0.007869,0.283119,0.772648,8.998358,0.251112,8.998358,104.796085,2.924482,0.251112,2.924482,0.081612,-0.000000,0.000000,105.650344,-0.024212,-0.281972,-0.007869,0.283119,0.828518,9.649037,0.269270,9.649037,112.373973,3.135954,0.269270,3.135954,0.087513,-0.000000,0.000000,113.290004,0.030386,0.090197,0.058017,0.030443,0.089955,0.058127,-0.000057,0.000241,-0.000110,-0.000018,-0.001165,-0.000337,0.001213,0.019708,1.253758,0.363053,1.253758,79.760362,23.096329,0.363053,23.096329,6.688039,-0.000000,0.000000,86.468109,-0.000018,-0.001165,-0.000337,0.001213,0.019592,1.246398,0.360921,1.246398,79.292149,22.960748,0.360921,22.960748,6.648779,-0.000000,0.000000,85.960520
2.8690,post_ramp,0.268,100.0000,4.216913,-1.314622,-1.291612,-0.073631,-0.078233,1.165825,-1.998777,0.977146,-2.699806,1.359107,-2.474311,1.412796,-1.965029,0.011231,0.037659,0.000000,0.023981,-0.026346,0.023981,0.023981,0.023981,0.023981,-0.019227,-0.092323,0.023981,0.023981,1.566461,-0.744406,1.067448,0.063805,0.002608,0.000000,-0.002608,-0.003912,0.708822,0.916870,0.916870,0.594105,1.197784,1.197784,0.826337,1.135005,1.135005,0.858980,1.016044,1.016044,-0.006559,0.088333,-0.012951,0.003613,0.061050,-0.009209,-0.010173,0.027283,-0.003742,0.320679,-0.553192,0.750325,0.985821,12.734581,-21.968026,29.796409,-21.968026,37.896351,-51.400848,29.796409,-51.400848,69.717722,-0.000000,0.000000,120.348653,0.320679,-0.553192,0.750325,0.985821,9.094747,-15.689062,21.279914,-15.689062,27.064708,-36.709311,21.279914,-36.709311,49.790804,-0.000000,0.000000,85.950258,-0.017082,0.115269,0.077039,-0.016418,0.114029,0.072616,-0.000664,0.001240,0.004423,-0.027735,-0.312638,-0.224586,0.385941,0.540939,6.097732,4.380357,6.097732,68.736588,49.377511,4.380357,49.377511,35.470753,-0.000000,-0.000000,104.748281,-0.027735,-0.312638,-0.224586,0.385941,0.569811,6.423181,4.614147,6.423181,72.405211,52.012897,4.614147,52.012897,37.363905,-0.000000,0.000000,110.338927,0.001650,0.107078,0.073470,0.001630,0.106986,0.072969,0.000020,0.000092,0.000501,-0.003748,-0.035340,-0.005319,0.035934,1.062358,10.017331,1.507609,10.017331,94.456798,14.215756,1.507609,14.215756,2.139472,-0.000000,0.000000,97.658628,-0.003748,-0.035340,-0.005319,0.035934,1.076474,10.150436,1.527641,10.150436,95.711897,14.404648,1.527641,14.404648,2.167901,-0.000000,0.000000,98.956271,0.016378,0.102572,0.056365,0.015514,0.100794,0.053406,0.000864,0.001777,0.002958,-0.023684,-0.279077,-0.006771,0.280162,0.753133,8.874260,0.215307,8.874260,104.566550,2.536991,0.215307,2.536991,0.061552,-0.000000,0.000000,105.381235,-0.023684,-0.279077,-0.006771,0.280162,0.809168,9.534532,0.231327,9.534532,112.346622,2.725751,0.231327,2.725751,0.066132,-0.000000,0.000000,113.221922,0.030385,0.090196,0.058017,0.030443,0.089955,0.058127,-0.000058,0.000241,-0.000110,-0.000018,-0.001119,-0.000324,0.001165,0.019609,1.250613,0.362165,1.250613,79.759657,23.097614,0.362165,23.097614,6.688843,-0.000000,0.000000,86.468109,-0.000018,-0.001119,-0.000324,0.001165,0.019494,1.243251,0.360033,1.243251,79.290142,22.961648,0.360033,22.961648,6.649468,-0.000000,0.000000,85.959104
2.8873,post_ramp,0.268,100.0000,4.215379,-1.316156,-1.291612,-0.073631,-0.078233,1.165825,-1.998777,0.977146,-2.699806,1.356039,-2.480447,1.412796,-1.965029,0.014807,-0.006560,0.000000,0.023981,-0.025238,0.023981,0.023981,0.023981,0.023981,-0.070956,-0.185995,0.023981,0.023981,1.565891,-0.745275,1.067448,0.063805,0.002608,0.000000,-0.002608,-0.003912,0.708822,0.916870,0.916870,0.594105,1.197784,1.197784,0.824472,1.137820,1.137820,0.858980,1.016044,1.016044,-0.006588,0.088319,-0.013006,0.003613,0.061050,-0.009209,-0.010201,0.027269,-0.003797,0.322279,-0.554635,0.753943,0.989906,12.755425,-21.951806,29.840183,-21.951806,37.778575,-51.354298,29.840183,-51.354298,69.808454,-0.000000,0.000000,120.342454,0.322279,-0.554635,0.753943,0.989906,9.114193,-15.685325,21.321843,-15.685325,26.994099,-36.694423,21.321843,-36.694423,49.880556,0.000000,0.000000,85.988847,-0.017082,0.115269,0.077039,-0.016418,0.114029,0.072616,-0.000664,0.001240,0.004423,-0.027735,-0.312638,-0.224586,0.385941,0.540939,6.097732,4.380357,6.097732,68.736588,49.377511,4.380357,49.377511,35.470753,-0.000000,0.000000,104.748281,-0.027735,-0.312638,-0.224586,0.385941,0.569811,6.423181,4.614147,6.423181,72.405211,52.012897,4.614147,52.012897,37.363905,-0.000000,0.000000,110.338927,0.001650,0.107078,0.073470,0.001630,0.106986,0.072969,0.000020,0.000092,0.000501,-0.003748,-0.035340,-0.005319,0.035934,1.062358,10.017331,1.507609,10.017331,94.456798,14.215756,1.507609,14.215756,2.139472,-0.000000,0.000000,97.658628,-0.003748,-0.035340,-0.005319,0.035934,1.076474,10.150436,1.527641,10.150436,95.711897,14.404648,1.527641,14.404648,2.167901,-0.000000,0.000000,98.956271,0.016385,0.102461,0.056409,0.015514,0.100794,0.053406,0.000871,0.001666,0.003003,-0.023165,-0.276139,-0.005692,0.277167,0.734159,8.751573,0.180385,8.751573,104.323552,2.150289,0.180385,2.150289,0.044321,-0.000000,0.000000,105.102032,-0.023165,-0.276139,-0.005692,0.277167,0.790324,9.421096,0.194185,9.421096,112.304634,2.314793,0.194185,2.314793,0.047712,0.000000,0.000000,113.142670,0.030385,0.090196,0.058017,0.030443,0.089955,0.058127,-0.000058,0.000241,-0.000110,-0.000018,-0.001119,-0.000324,0.001165,0.019609,1.250613,0.362165,1.250613,79.759657,23.097614,0.362165,23.097614,6.688843,0.000000,0.000000,86.468109,-0.000018,-0.001119,-0.000324,0.001165,0.019494,1.243251,0.360033,1.243251,79.290142,22.961648,0.360033,22.961648,6.649468,-0.000000,-0.000000,85.959104
2.9054,post_ramp,0.268,100.0000,4.216913,-1.317689,-1.291612,-0.073631,-0.078233,1.165825,-1.998777,0.977146,-2.699806,1.356039,-2.480447,1.412796,-1.965029,0.017690,-0.028357,0.000000,0.023981,-0.013412,0.023981,0.023981,0.023981,0.023981,-0.092324,-0.216720,0.023981,0.023981,1.566461,-0.746144,1.067448,0.063805,0.002608,0.000000,-0.002608,-0.003912,0.708822,0.916870,0.916870,0.594105,1.197784,1.197784,0.824472,1.137820,1.137820,0.858980,1.016044,1.016044,-0.006541,0.088282,-0.013042,0.003613,0.061050,-0.009209,-0.010154,0.027232,-0.003833,0.321593,-0.553963,0.753949,0.989311,12.715828,-21.903766,29.811206,-21.903766,37.730531,-51.351565,29.811206,-51.351565,69.889904,-0.000000,0.000000,120.336263,0.321593,-0.553963,0.753949,0.989311,9.088868,-15.656113,21.308099,-15.656113,26.968579,-36.704459,21.308099,-36.704459,49.955072,-0.000000,0.000000,86.012520,-0.017082,0.115269,0.077039,-0.016418,0.114029,0.072616,-0.000664,0.001240,0.004423,-0.027735,-0.312638,-0.224586,0.385941,0.540939,6.097732,4.380357,6.097732,68.736588,49.377511,4.380357,49.377511,35.470753,-0.000000,0.000000,104.748281,-0.027735,-0.312638,-0.224586,0.385941,0.569811,6.423181,4.614147,6.423181,72.405211,52.012897,4.614147,52.012897,37.363905,-0.000000,0.000000,110.338927,0.001650,0.107078,0.073470,0.001630,0.106986,0.072969,0.000020,0.000092,0.000501,-0.003748,-0.035340,-0.005319,0.035934,1.062358,10.017331,1.507609,10.017331,94.456798,14.215756,1.507609,14.215756,2.139472,-0.000000,0.000000,97.658628,-0.003748,-0.035340,-0.005319,0.035934,1.076474,10.150436,1.527641,10.150436,95.711897,14.404648,1.527641,14.404648,2.167901,-0.000000,0.000000,98.956271,0.016385,0.102461,0.056409,0.015514,0.100794,0.053406,0.000871,0.001666,0.003003,-0.023165,-0.276139,-0.005692,0.277167,0.734159,8.751573,0.180385,8.751573,104.323552,2.150289,0.180385,2.150289,0.044321,-0.000000,0.000000,105.102032,-0.023165,-0.276139,-0.005692,0.277167,0.790324,9.421096,0.194185,9.421096,112.304634,2.314793,0.194185,2.314793,0.047712,0.000000,0.000000,113.142670,0.030385,0.090196,0.058017,0.030443,0.089955,0.058127,-0.000058,0.000241,-0.000110,-0.000018,-0.001119,-0.000324,0.001165,0.019609,1.250613,0.362165,1.250613,79.759657,23.097614,0.362165,23.097614,6.688843,0.000000,0.000000,86.468109,-0.000018,-0.001119,-0.000324,0.001165,0.019494,1.243251,0.360033,1.243251,79.290142,22.961648,0.360033,22.961648,6.649468,-0.000000,-0.000000,85.959104
2.9236,post_ramp,0.268,100.0000,4.216913,-1.314622,-1.291612,-0.073631,-0.078233,1.165825,-1.998777,0.977146,-2.699806,1.356039,-2.478913,1.412796,-1.965029,0.023035,-0.021815,0.000000,0.023981,-0.007128,0.023981,0.023981,0.023981,0.023981,-0.065630,-0.138074,0.023981,0.023981,1.566461,-0.744406,1.067448,0.063805,0.002608,0.000000,-0.002608,-0.003912,0.708822,0.916870,0.916870,0.594105,1.197784,1.197784,0.824472,1.137116,1.137116,0.858980,1.016044,1.016044,-0.006559,0.088333,-0.012951,0.003613,0.061050,-0.009209,-0.010173,0.027283,-0.003742,0.320679,-0.553192,0.750325,0.985821,12.734581,-21.968026,29.796409,-21.968026,37.896351,-51.400848,29.796409,-51.400848,69.717722,-0.000000,0.000000,120.348653,0.320679,-0.553192,0.750325,0.985821,9.094747,-15.689062,21.279914,-15.689062,27.064708,-36.709311,21.279914,-36.709311,49.790804,-0.000000,0.000000,85.950258,-0.017082,0.115269,0.077039,-0.016418,0.114029,0.072616,-0.000664,0.001240,0.004423,-0.027735,-0.312638,-0.224586,0.385941,0.540939,6.097732,4.380357,6.097732,68.736588,49.377511,4.380357,49.377511,35.470753,0.000000,0.000000,104.748281,-0.027735,-0.312638,-0.224586,0.385941,0.569811,6.423181,4.614147,6.423181,72.405211,52.012897,4.614147,52.012897,37.363905,-0.000000,0.000000,110.338927,0.001650,0.107078,0.073470,0.001630,0.106986,0.072969,0.000020,0.000092,0.000501,-0.003748,-0.035340,-0.005319,0.035934,1.062358,10.017331,1.507609,10.017331,94.456798,14.215756,1.507609,14.215756,2.139472,-0.000000,0.000000,97.658628,-0.003748,-0.035340,-0.005319,0.035934,1.076474,10.150436,1.527641,10.150436,95.711897,14.404648,1.527641,14.404648,2.167901,-0.000000,0.000000,98.956271,0.016391,0.102499,0.056425,0.015514,0.100794,0.053406,0.000877,0.001704,0.003019,-0.023519,-0.279147,-0.006135,0.280203,0.740984,8.794597,0.193274,8.794597,104.381386,2.293928,0.193274,2.293928,0.050412,-0.000000,-0.000000,105.172782,-0.023519,-0.279147,-0.006135,0.280203,0.797781,9.468709,0.208088,9.468709,112.382296,2.469759,0.208088,2.469759,0.054276,-0.000000,0.000000,113.234353,0.030385,0.090196,0.058017,0.030443,0.089955,0.058127,-0.000058,0.000241,-0.000110,-0.000018,-0.001119,-0.000324,0.001165,0.019609,1.250613,0.362165,1.250613,79.759657,23.097614,0.362165,23.097614,6.688843,-0.000000,0.000000,86.468109,-0.000018,-0.001119,-0.000324,0.001165,0.019494,1.243251,0.360033,1.243251,79.290144,22.961648,0.360033,22.961648,6.649468,0.000000,0.000000,85.959106
2.9418,post_ramp,0.268,100.0000,4.216913,-1.313088,-1.291612,-0.073631,-0.078233,1.165825,-1.998777,0.977146,-2.699806,1.354505,-2.477379,1.412796,-1.965029,0.013658,0.032124,0.000000,0.023981,-0.005536,0.023981,0.023981,0.023981,0.023981,-0.037277,-0.034586,0.023981,0.023981,1.566461,-0.743538,1.067448,0.063805,0.002608,0.000000,-0.002608,-0.003912,0.708822,0.916870,0.916870,0.594105,1.197784,1.197784,0.823539,1.136412,1.136412,0.858980,1.016044,1.016044,-0.006569,0.088359,-0.012905,0.003613,0.061050,-0.009209,-0.010182,0.027309,-0.003696,0.320221,-0.552805,0.748516,0.984079,12.743974,-22.000169,29.788973,-22.000169,37.979319,-51.425281,29.788973,-51.425281,69.631569,-0.000000,0.000000,120.354861,0.320221,-0.552805,0.748516,0.984079,9.097694,-15.705526,21.265813,-15.705526,27.112754,-36.711586,21.265813,-36.711586,49.708728,-0.000000,0.000000,85.919177,-0.017082,0.115269,0.077039,-0.016418,0.114029,0.072616,-0.000664,0.001240,0.004423,-0.027735,-0.312638,-0.224586,0.385941,0.540939,6.097732,4.380357,6.097732,68.736588,49.377511,4.380357,49.377511,35.470753,-0.000000,0.000000,104.748281,-0.027735,-0.312638,-0.224586,0.385941,0.569811,6.423181,4.614147,6.423181,72.405211,52.012897,4.614147,52.012897,37.363905,-0.000000,0.000000,110.338927,0.001650,0.107078,0.073470,0.001630,0.106986,0.072969,0.000020,0.000092,0.000501,-0.003748,-0.035340,-0.005319,0.035934,1.062358,10.017331,1.507609,10.017331,94.456798,14.215756,1.507609,14.215756,2.139472,-0.000000,0.000000,97.658628,-0.003748,-0.035340,-0.005319,0.035934,1.076474,10.150436,1.527641,10.150436,95.711897,14.404648,1.527641,14.404648,2.167901,-0.000000,0.000000,98.956271,0.016412,0.102557,0.056495,0.015514,0.100794,0.053406,0.000898,0.001763,0.003088,-0.024330,-0.286694,-0.006951,0.287809,0.752068,8.862172,0.214871,8.862172,104.429443,2.531976,0.214871,2.531976,0.061390,-0.000000,0.000000,105.242901,-0.024330,-0.286694,-0.006951,0.287809,0.810834,9.554649,0.231660,9.554649,112.589406,2.729821,0.231660,2.729821,0.066187,0.000000,0.000000,113.466427,0.030385,0.090196,0.058017,0.030443,0.089955,0.058127,-0.000058,0.000241,-0.000110,-0.000018,-0.001119,-0.000324,0.001165,0.019609,1.250613,0.362165,1.250613,79.759657,23.097614,0.362165,23.097614,6.688843,0.000000,0.000000,86.468109,-0.000018,-0.001119,-0.000324,0.001165,0.019494,1.243251,0.360033,1.243251,79.290148,22.961649,0.360033,22.961649,6.649468,0.000000,0.000000,85.959110
2.9600,post_ramp,0.268,100.0000,4.216913,-1.311554,-1.291612,-0.073631,-0.076699,1.165825,-1.998777,0.977146,-2.699806,1.354505,-2.474311,1.412796,-1.965029,0.011405,0.078518,0.000000,0.023981,0.010511,0.023981,0.023981,0.023981,0.023981,-0.031047,0.037802,0.023981,0.023981,1.566461,-0.742669,1.067448,0.063805,0.002557,0.000000,-0.002557,-0.003835,0.708822,0.916870,0.916870,0.594105,1.197784,1.197784,0.823539,1.135005,1.135005,0.858980,1.016044,1.016044,-0.006578,0.088385,-0.012859,0.003613,0.061050,-0.009209,-0.010191,0.027335,-0.003650,0.319765,-0.552415,0.746710,0.982338,12.753377,-22.032322,29.781511,-22.032322,38.062325,-51.449574,29.781511,-51.449574,69.545375,-0.000000,0.000000,120.361077,0.319765,-0.552415,0.746710,0.982338,9.100647,-15.721983,21.251706,-15.721983,27.160789,-36.713759,21.251706,-36.713759,49.626691,-0.000000,-0.000000,85.888128,-0.017083,0.115269,0.077039,-0.016418,0.114029,0.072616,-0.000665,0.001240,0.004423,-0.027720,-0.312650,-0.224592,0.385954,0.540330,6.094335,4.377871,6.094335,68.737485,49.377633,4.377871,49.377633,35.470466,-0.000000,0.000000,104.748281,-0.027720,-0.312650,-0.224592,0.385954,0.569169,6.419613,4.611535,6.419613,72.406267,52.013106,4.611535,52.013106,37.363660,-0.000000,0.000000,110.339097,0.001650,0.107078,0.073470,0.001630,0.106986,0.072969,0.000020,0.000092,0.000501,-0.003748,-0.035340,-0.005319,0.035934,1.062358,10.017331,1.507609,10.017331,94.456798,14.215756,1.507609,14.215756,2.139472,-0.000000,0.000000,97.658628,-0.003748,-0.035340,-0.005319,0.035934,1.076474,10.150436,1.527641,10.150436,95.711897,14.404648,1.527641,14.404648,2.167901,-0.000000,0.000000,98.956271,0.016424,0.102633,0.056527,0.015514,0.100794,0.053406,0.000910,0.001839,0.003120,-0.025062,-0.292732,-0.007895,0.293908,0.766245,8.949995,0.241374,8.949995,104.538958,2.819334,0.241374,2.819334,0.076035,-0.000000,-0.000000,105.381238,-0.025062,-0.292732,-0.007895,0.293908,0.826336,9.651879,0.260304,9.651879,112.737195,3.040434,0.260304,3.040434,0.081998,-0.000000,0.000000,113.645529,0.030386,0.090197,0.058017,0.030443,0.089955,0.058127,-0.000057,0.000241,-0.000110,-0.000018,-0.001166,-0.000338,0.001214,0.019708,1.253758,0.363053,1.253758,79.760362,23.096329,0.363053,23.096329,6.688039,0.000000,0.000000,86.468109,-0.000018,-0.001166,-0.000338,0.001214,0.019592,1.246398,0.360921,1.246398,79.292157,22.960750,0.360921,22.960750,6.648779,-0.000000,0.000000,85.960529
2.9789,post_ramp,0.268,100.0000,4.215379,-1.311554,-1.291612,-0.073631,-0.073631,1.165825,-1.998777,0.977146,-2.699806,1.352971,-2.471243,1.412796,-1.965029,0.013566,0.077444,0.000000,0.023981,0.060171,0.023981,0.023981,0.023981,0.023981,-0.040721,0.082770,0.023981,0.023981,1.565891,-0.742669,1.067448,0.063805,0.002454,0.000000,-0.002454,-0.003682,0.708822,0.916870,0.916870,0.594105,1.197784,1.197784,0.822606,1.133598,1.133598,0.858980,1.016044,1.016044,-0.006616,0.088396,-0.012868,0.003613,0.061050,-0.009209,-0.010229,0.027346,-0.003659,0.320909,-0.553480,0.748518,0.984683,12.783705,-22.048368,29.817896,-22.048368,38.027357,-51.427651,29.817896,-51.427651,69.550015,-0.000000,0.000000,120.361077,0.320909,-0.553480,0.748518,0.984683,9.123092,-15.734819,21.279543,-15.734819,27.138226,-36.701347,21.279543,-36.701347,49.634373,-0.000000,0.000000,85.895692,-0.017086,0.115269,0.077039,-0.016418,0.114029,0.072616,-0.000668,0.001240,0.004423,-0.027690,-0.312675,-0.224605,0.385979,0.539112,6.087542,4.372899,6.087542,68.739278,49.377877,4.372899,49.377877,35.469891,-0.000000,0.000000,104.748281,-0.027690,-0.312675,-0.224605,0.385979,0.567888,6.412477,4.606311,6.412477,72.408379,52.013524,4.606311,52.013524,37.363171,0.000000,0.000000,110.339438,0.001650,0.107078,0.073470,0.001630,0.106986,0.072969,0.000020,0.000092,0.000501,-0.003748,-0.035340,-0.005319,0.035934,1.062358,10.017331,1.507609,10.017331,94.456798,14.215756,1.507609,14.215756,2.139472,-0.000000,0.000000,97.658628,-0.003748,-0.035340,-0.005319,0.035934,1.076474,10.150436,1.527641,10.150436,95.711897,14.404648,1.527641,14.404648,2.167901,-0.000000,0.000000,98.956271,0.016452,0.102730,0.056613,0.015514,0.100794,0.053406,0.000938,0.001935,0.003206,-0.026277,-0.303335,-0.009279,0.304613,0.785218,9.064239,0.277287,9.064239,104.633915,3.200893,0.277287,3.200893,0.097920,-0.000000,0.000000,105.517052,-0.026277,-0.303335,-0.009279,0.304613,0.848063,9.789696,0.299480,9.789696,113.008292,3.457076,0.299480,3.457076,0.105757,0.000000,0.000000,113.962111,0.030388,0.090197,0.058017,0.030443,0.089955,0.058127,-0.000055,0.000242,-0.000110,-0.000020,-0.001258,-0.000364,0.001310,0.019906,1.260048,0.364827,1.260048,79.761771,23.093758,0.364827,23.093758,6.686432,-0.000000,0.000000,86.468109,-0.000020,-0.001258,-0.000364,0.001310,0.019790,1.252693,0.362697,1.252693,79.296176,22.958952,0.362697,22.958952,6.647401,-0.000000,0.000000,85.963367
2.9971,post_ramp,0.268,100.0000,4.215379,-1.311554,-1.291612,-0.073631,-0.069029,1.165825,-1.998777,0.977146,-2.699806,1.352971,-2.469709,1.412796,-1.965029,0.012141,0.053810,0.000000,0.023981,0.122851,0.023981,0.023981,0.023981,0.023981,-0.041715,0.111406,0.023981,0.023981,1.565891,-0.742669,1.067448,0.063805,0.002301,0.000000,-0.002301,-0.003451,0.708822,0.916870,0.916870,0.594105,1.197784,1.197784,0.822606,1.132894,1.132894,0.858980,1.016044,1.016044,-0.006616,0.088396,-0.012868,0.003613,0.061050,-0.009209,-0.010229,0.027346,-0.003659,0.320909,-0.553480,0.748518,0.984683,12.783705,-22.048368,29.817896,-22.048368,38.027357,-51.427651,29.817896,-51.427651,69.550015,-0.000000,0.000000,120.361077,0.320909,-0.553480,0.748518,0.984683,9.123092,-15.734819,21.279543,-15.734819,27.138226,-36.701347,21.279543,-36.701347,49.634373,-0.000000,0.000000,85.895692,-0.017090,0.115270,0.077038,-0.016418,0.114029,0.072616,-0.000672,0.001241,0.004423,-0.027646,-0.312712,-0.224625,0.386017,0.537288,6.077352,4.365440,6.077352,68.741966,49.378241,4.365440,49.378241,35.469027,-0.000000,0.000000,104.748281,-0.027646,-0.312712,-0.224625,0.386017,0.565969,6.401773,4.598476,6.401773,72.411547,52.014149,4.598476,52.014149,37.362434,-0.000000,0.000000,110.339950,0.001650,0.107078,0.073470,0.001630,0.106986,0.072969,0.000020,0.000092,0.000501,-0.003748,-0.035340,-0.005319,0.035934,1.062358,10.017331,1.507609,10.017331,94.456798,14.215756,1.507609,14.215756,2.139472,-0.000000,0.000000,97.658628,-0.003748,-0.035340,-0.005319,0.035934,1.076474,10.150436,1.527641,10.150436,95.711897,14.404648,1.527641,14.404648,2.167901,-0.000000,0.000000,98.956271,0.016459,0.102768,0.056629,0.015514,0.100794,0.053406,0.000945,0.001973,0.003223,-0.026673,-0.306398,-0.009785,0.307712,0.793314,9.113027,0.291036,9.113027,104.683931,3.343215,0.291036,3.343215,0.106770,-0.000000,0.000000,105.584015,-0.026673,-0.306398,-0.009785,0.307712,0.856922,9.843712,0.314372,9.843712,113.077521,3.611275,0.314372,3.611275,0.115331,-0.000000,-0.000000,114.049774,0.030391,0.090198,0.058018,0.030443,0.089955,0.058127,-0.000052,0.000243,-0.000109,-0.000022,-0.001396,-0.000404,0.001454,0.020204,1.269482,0.367487,1.269482,79.763884,23.089899,0.367487,23.089899,6.684020,-0.000000,0.000000,86.468109,-0.000022,-0.001396,-0.000404,0.001454,0.020087,1.262134,0.365360,1.262134,79.302197,22.956251,0.365360,22.956251,6.645332,-0.000000,0.000000,85.967617
3.0152,post_ramp,0.268,100.0000,4.215379,-1.313088,-1.291612,-0.073631,-0.069029,1.165825,-1.998777,0.977146,-2.699806,1.352971,-2.466641,1.412796,-1.965029,0.015291,0.023514,0.000000,0.023981,0.149272,0.023981,0.023981,0.023981,0.023981,-0.022169,0.137861,0.023981,0.023981,1.565891,-0.743538,1.067448,0.063805,0.002301,0.000000,-0.002301,-0.003451,0.708822,0.916870,0.916870,0.594105,1.197784,1.197784,0.822606,1.131487,1.131487,0.858980,1.016044,1.016044,-0.006607,0.088370,-0.012914,0.003613,0.061050,-0.009209,-0.010220,0.027320,-0.003705,0.321366,-0.553867,0.750324,0.986423,12.774268,-22.016172,29.825350,-22.016172,37.944391,-51.403339,29.825350,-51.403339,69.636203,-0.000000,0.000000,120.354861,0.321366,-0.553867,0.750324,0.986423,9.120120,-15.718328,21.293649,-15.718328,27.090195,-36.699140,21.293649,-36.699140,49.716395,-0.000000,0.000000,85.926711,-0.017090,0.115270,0.077038,-0.016418,0.114029,0.072616,-0.000672,0.001241,0.004423,-0.027646,-0.312712,-0.224625,0.386017,0.537288,6.077352,4.365440,6.077352,68.741966,49.378241,4.365440,49.378241,35.469027,-0.000000,0.000000,104.748281,-0.027646,-0.312712,-0.224625,0.386017,0.565969,6.401773,4.598476,6.401773,72.411547,52.014149,4.598476,52.014149,37.362434,-0.000000,0.000000,110.339950,0.001650,0.107078,0.073470,0.001630,0.106986,0.072969,0.000020,0.000092,0.000501,-0.003748,-0.035340,-0.005319,0.035934,1.062358,10.017331,1.507609,10.017331,94.456798,14.215756,1.507609,14.215756,2.139472,-0.000000,0.000000,97.658628,-0.003748,-0.035340,-0.005319,0.035934,1.076474,10.150436,1.527641,10.150436,95.711897,14.404648,1.527641,14.404648,2.167901,-0.000000,0.000000,98.956271,0.016471,0.102844,0.056662,0.015514,0.100794,0.053406,0.000956,0.002049,0.003255,-0.027426,-0.312416,-0.010831,0.313804,0.807516,9.198566,0.318899,9.198566,104.782603,3.632644,0.318899,3.632644,0.125938,-0.000000,0.000000,105.716057,-0.027426,-0.312416,-0.010831,0.313804,0.872466,9.938424,0.344549,9.938424,113.210462,3.924824,0.344549,3.924824,0.136067,-0.000000,0.000000,114.218995,0.030391,0.090198,0.058018,0.030443,0.089955,0.058127,-0.000052,0.000243,-0.000109,-0.000022,-0.001397,-0.000404,0.001454,0.020204,1.269482,0.367487,1.269482,79.763884,23.089899,0.367487,23.089899,6.684020,-0.000000,0.000000,86.468109,-0.000022,-0.001397,-0.000404,0.001454,0.020087,1.262134,0.365360,1.262134,79.302200,22.956251,0.365360,22.956251,6.645332,-0.000000,0.000000,85.967620
3.0327,post_ramp,0.268,100.0000,4.216913,-1.314622,-1.291612,-0.073631,-0.070563,1.165825,-1.998777,0.977146,-2.699806,1.352971,-2.463573,1.412796,-1.965029,0.010524,-0.005695,0.000000,0.023981,0.103991,0.023981,0.023981,0.023981,0.023981,-0.011782,0.149522,0.023981,0.023981,1.566461,-0.744406,1.067448,0.063805,0.002352,0.000000,-0.002352,-0.003528,0.708822,0.916870,0.916870,0.594105,1.197784,1.197784,0.822606,1.130079,1.130079,0.858980,1.016044,1.016044,-0.006559,0.088333,-0.012951,0.003613,0.061050,-0.009209,-0.010173,0.027283,-0.003742,0.320679,-0.553192,0.750325,0.985821,12.734581,-21.968026,29.796409,-21.968026,37.896351,-51.400848,29.796409,-51.400848,69.717722,-0.000000,0.000000,120.348653,0.320679,-0.553192,0.750325,0.985821,9.094747,-15.689062,21.279914,-15.689062,27.064708,-36.709311,21.279914,-36.709311,49.790804,-0.000000,0.000000,85.950258,-0.017089,0.115269,0.077039,-0.016418,0.114029,0.072616,-0.000671,0.001241,0.004423,-0.027661,-0.312699,-0.224618,0.386004,0.537895,6.080748,4.367926,6.080748,68.741070,49.378120,4.367926,49.378120,35.469316,-0.000000,0.000000,104.748281,-0.027661,-0.312699,-0.224618,0.386004,0.566608,6.405341,4.601088,6.405341,72.410491,52.013940,4.601088,52.013940,37.362680,-0.000000,0.000000,110.339779,0.001650,0.107078,0.073470,0.001630,0.106986,0.072969,0.000020,0.000092,0.000501,-0.003748,-0.035340,-0.005319,0.035934,1.062358,10.017331,1.507609,10.017331,94.456798,14.215756,1.507609,14.215756,2.139472,-0.000000,0.000000,97.658628,-0.003748,-0.035340,-0.005319,0.035934,1.076474,10.150436,1.527641,10.150436,95.711897,14.404648,1.527641,14.404648,2.167901,-0.000000,0.000000,98.956271,0.016482,0.102919,0.056694,0.015514,0.100794,0.053406,0.000968,0.002125,0.003288,-0.028180,-0.318412,-0.011911,0.319878,0.821472,9.281908,0.347221,9.281908,104.877357,3.923285,0.347221,3.923285,0.146763,-0.000000,0.000000,105.845593,-0.028180,-0.318412,-0.011911,0.319878,0.887740,10.030674,0.375231,10.030674,113.337744,4.239774,0.375231,4.239774,0.158603,-0.000000,0.000000,114.384087,0.030390,0.090198,0.058018,0.030443,0.089955,0.058127,-0.000053,0.000242,-0.000109,-0.000021,-0.001351,-0.000391,0.001406,0.020105,1.266337,0.366601,1.266337,79.763180,23.091186,0.366601,23.091186,6.684824,0.000000,0.000000,86.468109,-0.000021,-0.001351,-0.000391,0.001406,0.019988,1.258987,0.364473,1.258987,79.300196,22.957153,0.364473,22.957153,6.646022,-0.000000,0.000000,85.966206
3.0509,post_ramp,0.268,100.0000,4.215379,-1.314622,-1.291612,-0.073631,-0.073631,1.165825,-1.998777,0.977146,-2.699806,1.352971,-2.462039,1.412796,-1.965029,0.014431,-0.025499,0.000000,0.023981,0.021405,0.023981,0.023981,0.023981,0.023981,-0.006261,0.146881,0.023981,0.023981,1.565891,-0.744406,1.067448,0.063805,0.002454,0.000000,-0.002454,-0.003682,0.708822,0.916870,0.916870,0.594105,1.197784,1.197784,0.822606,1.129376,1.129376,0.858980,1.016044,1.016044,-0.006597,0.088344,-0.012960,0.003613,0.061050,-0.009209,-0.010211,0.027294,-0.003751,0.321822,-0.554252,0.752132,0.988164,12.764841,-21.983984,29.832779,-21.983984,37.861463,-51.378888,29.832779,-51.378888,69.722349,-0.000000,0.000000,120.348653,0.321822,-0.554252,0.752132,0.988164,9.117154,-15.701830,21.307749,-15.701830,27.042153,-36.696832,21.307749,-36.696832,49.798456,0.000000,0.000000,85.957763,-0.017086,0.115269,0.077039,-0.016418,0.114029,0.072616,-0.000668,0.001240,0.004423,-0.027690,-0.312675,-0.224605,0.385979,0.539112,6.087542,4.372899,6.087542,68.739278,49.377877,4.372899,49.377877,35.469891,-0.000000,0.000000,104.748281,-0.027690,-0.312675,-0.224605,0.385979,0.567888,6.412477,4.606311,6.412477,72.408379,52.013523,4.606311,52.013523,37.363171,-0.000000,-0.000000,110.339438,0.001650,0.107078,0.073470,0.001630,0.106986,0.072969,0.000020,0.000092,0.000501,-0.003748,-0.035340,-0.005319,0.035934,1.062358,10.017331,1.507609,10.017331,94.456798,14.215756,1.507609,14.215756,2.139472,-0.000000,0.000000,97.658628,-0.003748,-0.035340,-0.005319,0.035934,1.076474,10.150436,1.527641,10.150436,95.711897,14.404648,1.527641,14.404648,2.167901,-0.000000,0.000000,98.956271,0.016486,0.102957,0.056710,0.015514,0.100794,0.053406,0.000972,0.002163,0.003304,-0.028549,-0.321382,-0.012466,0.322889,0.827944,9.320453,0.361533,9.320453,104.923612,4.069900,0.361533,4.069900,0.157868,-0.000000,0.000000,105.909424,-0.028549,-0.321382,-0.012466,0.322889,0.894822,10.073330,0.390736,10.073330,113.399008,4.398654,0.390736,4.398654,0.170620,-0.000000,-0.000000,114.464451,0.030388,0.090197,0.058017,0.030443,0.089955,0.058127,-0.000055,0.000242,-0.000110,-0.000020,-0.001259,-0.000364,0.001311,0.019906,1.260048,0.364827,1.260048,79.761771,23.093758,0.364827,23.093758,6.686432,-0.000000,0.000000,86.468109,-0.000020,-0.001259,-0.000364,0.001311,0.019790,1.252693,0.362697,1.252693,79.296184,22.958955,0.362697,22.958955,6.647402,0.000000,0.000000,85.963375
3.0690,post_ramp,0.268,100.0000,4.215379,-1.311554,-1.291612,-0.073631,-0.075165,1.165825,-1.998777,0.977146,-2.699806,1.356039,-2.458971,1.412796,-1.965029,0.016508,-0.012381,0.000000,0.023981,-0.038127,0.023981,0.023981,0.023981,0.023981,0.019946,0.145477,0.023981,0.023981,1.565891,-0.742669,1.067448,0.063805,0.002506,0.000000,-0.002506,-0.003758,0.708822,0.916870,0.916870,0.594105,1.197784,1.197784,0.824472,1.127968,1.127968,0.858980,1.016044,1.016044,-0.006616,0.088396,-0.012868,0.003613,0.061050,-0.009209,-0.010229,0.027346,-0.003659,0.320909,-0.553480,0.748518,0.984683,12.783705,-22.048368,29.817896,-22.048368,38.027357,-51.427651,29.817896,-51.427651,69.550015,-0.000000,0.000000,120.361077,0.320909,-0.553480,0.748518,0.984683,9.123092,-15.734819,21.279543,-15.734819,27.138226,-36.701347,21.279543,-36.701347,49.634373,-0.000000,0.000000,85.895692,-0.017084,0.115269,0.077039,-0.016418,0.114029,0.072616,-0.000667,0.001240,0.004423,-0.027705,-0.312662,-0.224599,0.385966,0.539721,6.090939,4.375385,6.090939,68.738381,49.377755,4.375385,49.377755,35.470179,-0.000000,0.000000,104.748281,-0.027705,-0.312662,-0.224599,0.385966,0.568529,6.416045,4.608923,6.416045,72.407323,52.013315,4.608923,52.013315,37.363416,-0.000000,0.000000,110.339267,0.001650,0.107078,0.073470,0.001630,0.106986,0.072969,0.000020,0.000092,0.000501,-0.003748,-0.035340,-0.005319,0.035934,1.062358,10.017331,1.507609,10.017331,94.456798,14.215756,1.507609,14.215756,2.139472,-0.000000,0.000000,97.658628,-0.003748,-0.035340,-0.005319,0.035934,1.076474,10.150436,1.527641,10.150436,95.711897,14.404648,1.527641,14.404648,2.167901,-0.000000,0.000000,98.956271,0.016467,0.102992,0.056635,0.015514,0.100794,0.053406,0.000953,0.002198,0.003228,-0.028340,-0.318221,-0.012639,0.319730,0.833099,9.354452,0.371543,9.354452,105.036417,4.171872,0.371543,4.171872,0.165700,-0.000000,0.000000,106.035216,-0.028340,-0.318221,-0.012639,0.319730,0.898397,10.087641,0.400664,10.087641,113.269029,4.498857,0.400664,4.498857,0.178687,0.000000,0.000000,114.346112,0.030387,0.090197,0.058017,0.030443,0.089955,0.058127,-0.000056,0.000242,-0.000110,-0.000019,-0.001213,-0.000351,0.001262,0.019807,1.256903,0.363940,1.256903,79.761067,23.095044,0.363940,23.095044,6.687236,-0.000000,-0.000000,86.468109,-0.000019,-0.001213,-0.000351,0.001262,0.019691,1.249545,0.361809,1.249545,79.294175,22.959854,0.361809,22.959854,6.648091,-0.000000,-0.000000,85.961956
3.0873,post_ramp,0.268,100.0000,4.215379,-1.308486,-1.291612,-0.073631,-0.078233,1.165825,-1.998777,0.977146,-2.699806,1.366777,-2.457437,1.412796,-1.965029,0.017417,0.067869,0.000000,0.023981,-0.068279,0.023981,0.023981,0.023981,0.023981,0.135727,0.142898,0.023981,0.023981,1.565891,-0.740932,1.067448,0.063805,0.002608,0.000000,-0.002608,-0.003912,0.708822,0.916870,0.916870,0.594105,1.197784,1.197784,0.831000,1.127265,1.127265,0.858980,1.016044,1.016044,-0.006635,0.088447,-0.012777,0.003613,0.061050,-0.009209,-0.010248,0.027397,-0.003568,0.319997,-0.552701,0.744913,0.981209,12.802613,-22.112787,29.802911,-22.112787,38.193403,-51.475854,29.802911,-51.475854,69.377519,-0.000000,0.000000,120.373535,0.319997,-0.552701,0.744913,0.981209,9.129052,-15.767780,21.251313,-15.767780,27.234251,-36.705457,21.251313,-36.705457,49.470448,-0.000000,0.000000,85.833751,-0.017082,0.115269,0.077039,-0.016418,0.114029,0.072616,-0.000664,0.001240,0.004423,-0.027735,-0.312638,-0.224586,0.385941,0.540939,6.097732,4.380357,6.097732,68.736588,49.377511,4.380357,49.377511,35.470753,-0.000000,0.000000,104.748281,-0.027735,-0.312638,-0.224586,0.385941,0.569811,6.423181,4.614147,6.423181,72.405211,52.012897,4.614147,52.012897,37.363905,0.000000,0.000000,110.338927,0.001650,0.107078,0.073470,0.001630,0.106986,0.072969,0.000020,0.000092,0.000501,-0.003748,-0.035340,-0.005319,0.035934,1.062358,10.017331,1.507609,10.017331,94.456798,14.215756,1.507609,14.215756,2.139472,-0.000000,0.000000,97.658628,-0.003748,-0.035340,-0.005319,0.035934,1.076474,10.150436,1.527641,10.150436,95.711897,14.404648,1.527641,14.404648,2.167901,-0.000000,0.000000,98.956271,0.016365,0.102887,0.056271,0.015514,0.100794,0.053406,0.000851,0.002093,0.002865,-0.025353,-0.289136,-0.010050,0.290420,0.808527,9.220953,0.320510,9.220953,105.161594,3.655301,0.320510,3.655301,0.127054,0.000000,0.000000,106.097175,-0.025353,-0.289136,-0.010050,0.290420,0.864557,9.859954,0.342721,9.859954,112.449156,3.908608,0.342721,3.908608,0.135859,-0.000000,-0.000000,113.449572,0.030385,0.090196,0.058017,0.030443,0.089955,0.058127,-0.000058,0.000241,-0.000110,-0.000018,-0.001119,-0.000324,0.001165,0.019609,1.250613,0.362165,1.250613,79.759657,23.097614,0.362165,23.097614,6.688843,-0.000000,0.000000,86.468109,-0.000018,-0.001119,-0.000324,0.001165,0.019494,1.243251,0.360033,1.243251,79.290143,22.961648,0.360033,22.961648,6.649468,-0.000000,0.000000,85.959105
3.1054,post_ramp,0.268,100.0000,4.215379,-1.306952,-1.291612,-0.073631,-0.079767,1.165825,-1.998777,0.977146,-2.699806,1.375981,-2.455903,1.412796,-1.965029,0.020493,0.119005,0.000000,0.023981,-0.081232,0.023981,0.023981,0.023981,0.023981,0.287535,0.135446,0.023981,0.023981,1.565891,-0.740063,1.067448,0.063805,0.002659,0.000000,-0.002659,-0.003988,0.708822,0.916870,0.916870,0.594105,1.197784,1.197784,0.836596,1.126561,1.126561,0.858980,1.016044,1.016044,-0.006644,0.088473,-0.012731,0.003613,0.061050,-0.009209,-0.010257,0.027423,-0.003522,0.319541,-0.552309,0.743114,0.979474,12.812083,-22.145010,29.795381,-22.145010,38.276483,-51.499746,29.795381,-51.499746,69.291211,0.000000,0.000000,120.379777,0.319541,-0.552309,0.743114,0.979474,9.132040,-15.784250,21.237188,-15.784250,27.282245,-36.707361,21.237188,-36.707361,49.388544,-0.000000,0.000000,85.802829,-0.017080,0.115268,0.077039,-0.016418,0.114029,0.072616,-0.000663,0.001240,0.004423,-0.027749,-0.312626,-0.224580,0.385928,0.541549,6.101128,4.382844,6.101128,68.735692,49.377388,4.382844,49.377388,35.471040,-0.000000,0.000000,104.748281,-0.027749,-0.312626,-0.224580,0.385928,0.570452,6.426749,4.616758,6.426749,72.404155,52.012688,4.616758,52.012688,37.364150,-0.000000,0.000000,110.338757,0.001650,0.107078,0.073470,0.001630,0.106986,0.072969,0.000020,0.000092,0.000501,-0.003748,-0.035340,-0.005319,0.035934,1.062358,10.017331,1.507609,10.017331,94.456798,14.215756,1.507609,14.215756,2.139472,-0.000000,0.000000,97.658628,-0.003748,-0.035340,-0.005319,0.035934,1.076474,10.150436,1.527641,10.150436,95.711897,14.404648,1.527641,14.404648,2.167901,-0.000000,0.000000,98.956271,0.016279,0.102800,0.055963,0.015514,0.100794,0.053406,0.000765,0.002006,0.002556,-0.022908,-0.264614,-0.008124,0.265728,0.788987,9.113559,0.279786,9.113559,105.270311,3.231798,0.279786,3.231798,0.099216,0.000000,0.000000,106.158515,-0.022908,-0.264614,-0.008124,0.265728,0.837540,9.674385,0.297004,9.674385,111.748397,3.430675,0.297004,3.430675,0.105322,-0.000000,0.000000,112.691259,0.030384,0.090196,0.058017,0.030443,0.089955,0.058127,-0.000059,0.000241,-0.000110,-0.000017,-0.001072,-0.000310,0.001116,0.019511,1.247468,0.361278,1.247468,79.758952,23.098899,0.361278,23.098899,6.689646,-0.000000,0.000000,86.468109,-0.000017,-0.001072,-0.000310,0.001116,0.019396,1.240104,0.359145,1.240104,79.288121,22.962543,0.359145,22.962543,6.650156,-0.000000,0.000000,85.957673
3.1236,post_ramp,0.268,100.0000,4.216913,-1.306952,-1.291612,-0.073631,-0.079767,1.165825,-1.998777,0.977146,-2.699806,1.380583,-2.452835,1.412796,-1.965029,0.016863,0.105641,0.009820,0.023981,-0.079219,0.023981,0.023981,0.023981,0.023981,0.384808,0.129737,0.023981,0.023981,1.566461,-0.740063,1.067448,0.063805,0.002659,0.000000,-0.002659,-0.003988,0.708822,0.916870,0.916870,0.594105,1.197784,1.197784,0.839394,1.125154,1.125154,0.858980,1.016044,1.016044,-0.006606,0.088461,-0.012722,0.003613,0.061050,-0.009209,-0.010219,0.027411,-0.003513,0.318395,-0.551236,0.741305,0.977123,12.781653,-22.128833,29.758976,-22.128833,38.311573,-51.521614,29.758976,-51.521614,69.286551,-0.000000,0.000000,120.379777,0.318395,-0.551236,0.741305,0.977123,9.109538,-15.771313,21.209348,-15.771313,27.304820,-36.719672,21.209348,-36.719672,49.380818,-0.000000,-0.000000,85.795176,-0.017080,0.115268,0.077039,-0.016418,0.114029,0.072616,-0.000663,0.001240,0.004423,-0.027749,-0.312626,-0.224580,0.385928,0.541549,6.101128,4.382844,6.101128,68.735692,49.377388,4.382844,49.377388,35.471040,-0.000000,0.000000,104.748281,-0.027749,-0.312626,-0.224580,0.385928,0.570452,6.426749,4.616758,6.426749,72.404155,52.012688,4.616758,52.012688,37.364150,-0.000000,0.000000,110.338757,0.001650,0.107078,0.073470,0.001630,0.106986,0.072969,0.000020,0.000092,0.000501,-0.003748,-0.035340,-0.005319,0.035934,1.062358,10.017331,1.507609,10.017331,94.456798,14.215756,1.507609,14.215756,2.139472,-0.000000,0.000000,97.658628,-0.003748,-0.035340,-0.005319,0.035934,1.076474,10.150436,1.527641,10.150436,95.711897,14.404648,1.527641,14.404648,2.167901,-0.000000,0.000000,98.956271,0.016245,0.102814,0.055833,0.015514,0.100794,0.053406,0.000731,0.002019,0.002426,-0.022231,-0.256774,-0.007887,0.257856,0.789963,9.124373,0.280266,9.124373,105.389949,3.237175,0.280266,3.237175,0.099434,-0.000000,0.000000,106.279345,-0.022231,-0.256774,-0.007887,0.257856,0.835692,9.652560,0.296490,9.652560,111.490711,3.424567,0.296490,3.424567,0.105190,-0.000000,0.000000,112.431593,0.030384,0.090196,0.058017,0.030443,0.089955,0.058127,-0.000059,0.000241,-0.000110,-0.000017,-0.001071,-0.000310,0.001115,0.019511,1.247468,0.361278,1.247468,79.758952,23.098899,0.361278,23.098899,6.689646,-0.000000,0.000000,86.468109,-0.000017,-0.001071,-0.000310,0.001115,0.019396,1.240104,0.359145,1.240104,79.288116,22.962541,0.359145,22.962541,6.650155,-0.000000,0.000000,85.957667
3.1418,post_ramp,0.268,100.0000,4.215379,-1.308486,-1.291612,-0.073631,-0.081301,1.165825,-1.998777,0.977146,-2.699806,1.380583,-2.452835,1.412796,-1.965029,0.018625,0.057739,0.011899,0.023981,-0.067895,0.023981,0.023981,0.023981,0.023981,0.332481,0.122732,0.023981,0.023981,1.565891,-0.740932,1.067448,0.063805,0.002710,0.000000,-0.002710,-0.004065,0.708822,0.916870,0.916870,0.594105,1.197784,1.197784,0.839394,1.125154,1.125154,0.858980,1.016044,1.016044,-0.006635,0.088447,-0.012777,0.003613,0.061050,-0.009209,-0.010248,0.027397,-0.003568,0.319997,-0.552701,0.744913,0.981209,12.802613,-22.112787,29.802911,-22.112787,38.193403,-51.475854,29.802911,-51.475854,69.377519,-0.000000,0.000000,120.373535,0.319997,-0.552701,0.744913,0.981209,9.129052,-15.767780,21.251313,-15.767780,27.234251,-36.705457,21.251313,-36.705457,49.470448,-0.000000,0.000000,85.833751,-0.017079,0.115268,0.077039,-0.016418,0.114029,0.072616,-0.000661,0.001239,0.004423,-0.027764,-0.312613,-0.224573,0.385916,0.542160,6.104525,4.385330,6.104525,68.734795,49.377265,4.385330,49.377265,35.471326,0.000000,0.000000,104.748281,-0.027764,-0.312613,-0.224573,0.385916,0.571094,6.430317,4.619370,6.430317,72.403099,52.012478,4.619370,52.012478,37.364394,-0.000000,-0.000000,110.338586,0.001650,0.107078,0.073470,0.001630,0.106986,0.072969,0.000020,0.000092,0.000501,-0.003748,-0.035340,-0.005319,0.035934,1.062358,10.017331,1.507609,10.017331,94.456798,14.215756,1.507609,14.215756,2.139472,-0.000000,0.000000,97.658628,-0.003748,-0.035340,-0.005319,0.035934,1.076474,10.150436,1.527641,10.150436,95.711897,14.404648,1.527641,14.404648,2.167901,-0.000000,0.000000,98.956271,0.016245,0.102813,0.055832,0.015514,0.100794,0.053406,0.000731,0.002019,0.002426,-0.022224,-0.256757,-0.007888,0.257838,0.789615,9.122373,0.280268,9.122373,105.390252,3.237916,0.280268,3.237916,0.099479,-0.000000,-0.000000,106.279345,-0.022224,-0.256757,-0.007888,0.257838,0.835319,9.650396,0.296490,9.650396,111.490469,3.425334,0.296490,3.425334,0.105237,-0.000000,0.000000,112.431025,0.030383,0.090196,0.058017,0.030443,0.089955,0.058127,-0.000061,0.000240,-0.000110,-0.000016,-0.001025,-0.000297,0.001067,0.019413,1.244323,0.360390,1.244323,79.758247,23.100184,0.360390,23.100184,6.690449,0.000000,0.000000,86.468109,-0.000016,-0.001025,-0.000297,0.001067,0.019298,1.236957,0.358257,1.236957,79.286109,22.963440,0.358257,22.963440,6.650844,0.000000,0.000000,85.956251
3.1600,post_ramp,0.268,100.0000,4.215379,-1.310020,-1.291612,-0.073631,-0.081301,1.165825,-1.998777,0.977146,-2.699806,1.379049,-2.451301,1.412796,-1.965029,0.014636,0.006645,0.006324,0.023981,-0.056157,0.023981,0.023981,0.023981,0.023981,0.193108,0.107772,0.023981,0.023981,1.565891,-0.741800,1.067448,0.063805,0.002710,0.000000,-0.002710,-0.004065,0.708822,0.916870,0.916870,0.594105,1.197784,1.197784,0.838462,1.124450,1.124450,0.858980,1.016044,1.016044,-0.006625,0.088421,-0.012823,0.003613,0.061050,-0.009209,-0.010239,0.027371,-0.003614,0.320453,-0.553091,0.746714,0.982945,12.793154,-22.080573,29.810416,-22.080573,38.110361,-51.451822,29.810416,-51.451822,69.463788,-0.000000,0.000000,120.367302,0.320453,-0.553091,0.746714,0.982945,9.126069,-15.751303,21.265431,-15.751303,27.186245,-36.703452,21.265431,-36.703452,49.552391,0.000000,0.000000,85.864705,-0.017079,0.115268,0.077039,-0.016418,0.114029,0.072616,-0.000661,0.001239,0.004423,-0.027764,-0.312613,-0.224573,0.385916,0.542160,6.104525,4.385330,6.104525,68.734795,49.377265,4.385330,49.377265,35.471326,-0.000000,0.000000,104.748281,-0.027764,-0.312613,-0.224573,0.385916,0.571094,6.430317,4.619370,6.430317,72.403099,52.012478,4.619370,52.012478,37.364394,0.000000,0.000000,110.338586,0.001650,0.107078,0.073470,0.001630,0.106986,0.072969,0.000020,0.000092,0.000501,-0.003748,-0.035340,-0.005319,0.035934,1.062358,10.017331,1.507609,10.017331,94.456798,14.215756,1.507609,14.215756,2.139472,-0.000000,0.000000,97.658628,-0.003748,-0.035340,-0.005319,0.035934,1.076474,10.150436,1.527641,10.150436,95.711897,14.404648,1.527641,14.404648,2.167901,-0.000000,0.000000,98.956271,0.016266,0.102873,0.055903,0.015514,0.100794,0.053406,0.000752,0.002078,0.002496,-0.023038,-0.264293,-0.008720,0.265438,0.801022,9.189458,0.303200,9.189458,105.423049,3.478364,0.303200,3.478364,0.114766,-0.000000,0.000000,106.338837,-0.023038,-0.264293,-0.008720,0.265438,0.848556,9.734782,0.321193,9.734782,111.679100,3.684778,0.321193,3.684778,0.121577,-0.000000,0.000000,112.649232,0.030383,0.090196,0.058017,0.030443,0.089955,0.058127,-0.000061,0.000240,-0.000110,-0.000016,-0.001026,-0.000297,0.001068,0.019413,1.244323,0.360390,1.244323,79.758247,23.100184,0.360390,23.100184,6.690449,-0.000000,0.000000,86.468109,-0.000016,-0.001026,-0.000297,0.001068,0.019298,1.236957,0.358257,1.236957,79.286113,22.963441,0.358257,22.963441,6.650845,0.000000,0.000000,85.956256
3.1781,post_ramp,0.268,100.0000,4.215379,-1.311554,-1.291612,-0.073631,-0.081301,1.165825,-1.998777,0.977146,-2.699806,1.375981,-2.451301,1.412796,-1.965029,0.009526,-0.028430,0.009859,0.023981,-0.031260,0.023981,0.023981,0.023981,0.023981,0.066367,0.086428,0.023981,0.023981,1.565891,-0.742669,1.067448,0.063805,0.002710,0.000000,-0.002710,-0.004065,0.708822,0.916870,0.916870,0.594105,1.197784,1.197784,0.836596,1.124450,1.124450,0.858980,1.016044,1.016044,-0.006616,0.088396,-0.012868,0.003613,0.061050,-0.009209,-0.010229,0.027346,-0.003659,0.320909,-0.553480,0.748518,0.984683,12.783705,-22.048368,29.817896,-22.048368,38.027357,-51.427651,29.817896,-51.427651,69.550015,-0.000000,0.000000,120.361077,0.320909,-0.553480,0.748518,0.984683,9.123092,-15.734819,21.279543,-15.734819,27.138226,-36.701347,21.279543,-36.701347,49.634373,-0.000000,0.000000,85.895692,-0.017079,0.115268,0.077039,-0.016418,0.114029,0.072616,-0.000661,0.001239,0.004423,-0.027764,-0.312613,-0.224573,0.385916,0.542160,6.104525,4.385330,6.104525,68.734795,49.377265,4.385330,49.377265,35.471326,-0.000000,0.000000,104.748281,-0.027764,-0.312613,-0.224573,0.385916,0.571094,6.430317,4.619370,6.430317,72.403099,52.012478,4.619370,52.012478,37.364394,-0.000000,0.000000,110.338586,0.001650,0.107078,0.073470,0.001630,0.106986,0.072969,0.000020,0.000092,0.000501,-0.003748,-0.035340,-0.005319,0.035934,1.062358,10.017331,1.507609,10.017331,94.456798,14.215756,1.507609,14.215756,2.139472,-0.000000,0.000000,97.658628,-0.003748,-0.035340,-0.005319,0.035934,1.076474,10.150436,1.527641,10.150436,95.711897,14.404648,1.527641,14.404648,2.167901,-0.000000,0.000000,98.956271,0.016296,0.102914,0.056011,0.015514,0.100794,0.053406,0.000782,0.002120,0.002604,-0.023970,-0.273468,-0.009518,0.274682,0.809813,9.238796,0.321558,9.238796,105.401343,3.668518,0.321558,3.668518,0.127684,-0.000000,0.000000,106.338839,-0.023970,-0.273468,-0.009518,0.274682,0.859991,9.811256,0.341483,9.811256,111.932288,3.895829,0.341483,3.895829,0.135595,-0.000000,0.000000,112.927874,0.030383,0.090196,0.058017,0.030443,0.089955,0.058127,-0.000061,0.000240,-0.000110,-0.000016,-0.001026,-0.000297,0.001068,0.019413,1.244323,0.360390,1.244323,79.758247,23.100184,0.360390,23.100184,6.690449,-0.000000,-0.000000,86.468109,-0.000016,-0.001026,-0.000297,0.001068,0.019298,1.236957,0.358257,1.236957,79.286119,22.963443,0.358257,22.963443,6.650845,-0.000000,0.000000,85.956262
3.1963,post_ramp,0.268,100.0000,4.215379,-1.310020,-1.291612,-0.073631,-0.081301,1.165825,-1.998777,0.977146,-2.699806,1.371379,-2.449767,1.412796,-1.965029,0.014883,-0.036015,0.016476,0.023981,-0.016613,0.023981,0.023981,0.023981,0.023981,-0.025995,0.061724,0.023981,0.023981,1.565891,-0.741800,1.067448,0.063805,0.002710,0.000000,-0.002710,-0.004065,0.708822,0.916870,0.916870,0.594105,1.197784,1.197784,0.833798,1.123746,1.123746,0.858980,1.016044,1.016044,-0.006625,0.088421,-0.012823,0.003613,0.061050,-0.009209,-0.010239,0.027371,-0.003614,0.320453,-0.553091,0.746714,0.982945,12.793154,-22.080573,29.810416,-22.080573,38.110361,-51.451822,29.810416,-51.451822,69.463788,-0.000000,0.000000,120.367302,0.320453,-0.553091,0.746714,0.982945,9.126069,-15.751303,21.265431,-15.751303,27.186245,-36.703452,21.265431,-36.703452,49.552391,0.000000,0.000000,85.864705,-0.017079,0.115268,0.077039,-0.016418,0.114029,0.072616,-0.000661,0.001239,0.004423,-0.027764,-0.312613,-0.224573,0.385916,0.542160,6.104525,4.385330,6.104525,68.734795,49.377265,4.385330,49.377265,35.471326,-0.000000,0.000000,104.748281,-0.027764,-0.312613,-0.224573,0.385916,0.571094,6.430317,4.619370,6.430317,72.403098,52.012478,4.619370,52.012478,37.364394,-0.000000,0.000000,110.338586,0.001650,0.107078,0.073470,0.001630,0.106986,0.072969,0.000020,0.000092,0.000501,-0.003748,-0.035340,-0.005319,0.035934,1.062358,10.017331,1.507609,10.017331,94.456798,14.215756,1.507609,14.215756,2.139472,-0.000000,0.000000,97.658628,-0.003748,-0.035340,-0.005319,0.035934,1.076474,10.150436,1.527641,10.150436,95.711897,14.404648,1.527641,14.404648,2.167901,-0.000000,0.000000,98.956271,0.016347,0.103015,0.056190,0.015514,0.100794,0.053406,0.000833,0.002220,0.002783,-0.025755,-0.290197,-0.011286,0.291557,0.830256,9.354978,0.363807,9.354978,105.408046,4.099225,0.363807,4.099225,0.159415,-0.000000,0.000000,106.397717,-0.025755,-0.290197,-0.011286,0.291557,0.885068,9.972585,0.387825,9.972585,112.366983,4.369852,0.387825,4.369852,0.169940,0.000000,0.000000,113.421991,0.030383,0.090196,0.058017,0.030443,0.089955,0.058127,-0.000061,0.000240,-0.000110,-0.000016,-0.001027,-0.000297,0.001069,0.019413,1.244323,0.360390,1.244323,79.758247,23.100184,0.360390,23.100184,6.690449,-0.000000,0.000000,86.468109,-0.000016,-0.001027,-0.000297,0.001069,0.019298,1.236957,0.358257,1.236957,79.286128,22.963446,0.358257,22.963446,6.650846,-0.000000,0.000000,85.956272
3.2145,post_ramp,0.268,100.0000,4.216913,-1.308486,-1.291612,-0.073631,-0.081301,1.165825,-1.998777,0.977146,-2.699806,1.368311,-2.449767,1.412796,-1.965029,0.019146,0.000163,0.019993,0.023981,-0.008829,0.023981,0.023981,0.023981,0.023981,-0.097026,0.055275,0.023981,0.023981,1.566461,-0.740932,1.067448,0.063805,0.002710,0.000000,-0.002710,-0.004065,0.708822,0.916870,0.916870,0.594105,1.197784,1.197784,0.831933,1.123746,1.123746,0.858980,1.016044,1.016044,-0.006596,0.088436,-0.012768,0.003613,0.061050,-0.009209,-0.010210,0.027386,-0.003559,0.318851,-0.551631,0.743105,0.978860,12.772217,-22.096653,29.766513,-22.096653,38.228452,-51.497741,29.766513,-51.497741,69.372866,0.000000,0.000000,120.373535,0.318851,-0.551631,0.743105,0.978860,9.106569,-15.754877,21.223473,-15.754877,27.256822,-36.717802,21.223473,-36.717802,49.462736,-0.000000,0.000000,85.826127,-0.017079,0.115268,0.077039,-0.016418,0.114029,0.072616,-0.000661,0.001239,0.004423,-0.027764,-0.312613,-0.224573,0.385916,0.542160,6.104525,4.385330,6.104525,68.734795,49.377265,4.385330,49.377265,35.471326,-0.000000,-0.000000,104.748281,-0.027764,-0.312613,-0.224573,0.385916,0.571094,6.430317,4.619370,6.430317,72.403098,52.012478,4.619370,52.012478,37.364394,-0.000000,0.000000,110.338586,0.001650,0.107078,0.073470,0.001630,0.106986,0.072969,0.000020,0.000092,0.000501,-0.003748,-0.035340,-0.005319,0.035934,1.062358,10.017331,1.507609,10.017331,94.456798,14.215756,1.507609,14.215756,2.139472,-0.000000,0.000000,97.658628,-0.003748,-0.035340,-0.005319,0.035934,1.076474,10.150436,1.527641,10.150436,95.711897,14.404648,1.527641,14.404648,2.167901,-0.000000,0.000000,98.956271,0.016378,0.103056,0.056298,0.015514,0.100794,0.053406,0.000864,0.002262,0.002892,-0.026716,-0.299380,-0.012185,0.300817,0.839197,9.404142,0.382760,9.404142,105.383944,4.289250,0.382760,4.289250,0.174578,0.000000,0.000000,106.397718,-0.026716,-0.299380,-0.012185,0.300817,0.896788,10.049517,0.409027,10.049517,112.616097,4.583607,0.409027,4.583607,0.186558,-0.000000,0.000000,113.699444,0.030383,0.090196,0.058017,0.030443,0.089955,0.058127,-0.000061,0.000240,-0.000110,-0.000016,-0.001027,-0.000298,0.001070,0.019413,1.244323,0.360390,1.244323,79.758247,23.100184,0.360390,23.100184,6.690449,-0.000000,0.000000,86.468109,-0.000016,-0.001027,-0.000298,0.001070,0.019298,1.236957,0.358257,1.236957,79.286134,22.963447,0.358257,22.963447,6.650847,-0.000000,0.000000,85.956278
3.2327,post_ramp,0.268,100.0000,4.215379,-1.308486,-1.291612,-0.073631,-0.081301,1.165825,-1.998777,0.977146,-2.699806,1.366777,-2.449767,1.412796,-1.965029,0.019013,0.038533,0.021861,0.023981,-0.004692,0.023981,0.023981,0.023981,0.023981,-0.134501,0.043602,0.023981,0.023981,1.565891,-0.740932,1.067448,0.063805,0.002710,0.000000,-0.002710,-0.004065,0.708822,0.916870,0.916870,0.594105,1.197784,1.197784,0.831000,1.123746,1.123746,0.858980,1.016044,1.016044,-0.006635,0.088447,-0.012777,0.003613,0.061050,-0.009209,-0.010248,0.027397,-0.003568,0.319997,-0.552701,0.744913,0.981209,12.802613,-22.112787,29.802911,-22.112787,38.193403,-51.475854,29.802911,-51.475854,69.377519,-0.000000,0.000000,120.373535,0.319997,-0.552701,0.744913,0.981209,9.129052,-15.767780,21.251313,-15.767780,27.234251,-36.705457,21.251313,-36.705457,49.470448,-0.000000,0.000000,85.833751,-0.017079,0.115268,0.077039,-0.016418,0.114029,0.072616,-0.000661,0.001239,0.004423,-0.027764,-0.312613,-0.224573,0.385916,0.542160,6.104525,4.385330,6.104525,68.734795,49.377265,4.385330,49.377265,35.471326,-0.000000,0.000000,104.748281,-0.027764,-0.312613,-0.224573,0.385916,0.571094,6.430317,4.619370,6.430317,72.403098,52.012478,4.619370,52.012478,37.364394,-0.000000,0.000000,110.338586,0.001650,0.107078,0.073470,0.001630,0.106986,0.072969,0.000020,0.000092,0.000501,-0.003748,-0.035340,-0.005319,0.035934,1.062358,10.017331,1.507609,10.017331,94.456798,14.215756,1.507609,14.215756,2.139472,-0.000000,0.000000,97.658628,-0.003748,-0.035340,-0.005319,0.035934,1.076474,10.150436,1.527641,10.150436,95.711897,14.404648,1.527641,14.404648,2.167901,-0.000000,0.000000,98.956271,0.016393,0.103077,0.056353,0.015514,0.100794,0.053406,0.000879,0.002282,0.002946,-0.027199,-0.303971,-0.012647,0.305448,0.843684,9.428700,0.392303,9.428700,105.371618,4.384233,0.392303,4.384233,0.182416,-0.000000,0.000000,106.397719,-0.027199,-0.303971,-0.012647,0.305448,0.902683,10.088043,0.419737,10.088043,112.740194,4.690820,0.419737,4.690820,0.195173,0.000000,0.000000,113.838049,0.030383,0.090196,0.058017,0.030443,0.089955,0.058127,-0.000061,0.000240,-0.000110,-0.000016,-0.001027,-0.000298,0.001070,0.019413,1.244323,0.360390,1.244323,79.758247,23.100184,0.360390,23.100184,6.690449,-0.000000,0.000000,86.468109,-0.000016,-0.001027,-0.000298,0.001070,0.019298,1.236957,0.358257,1.236957,79.286137,22.963448,0.358257,22.963448,6.650847,-0.000000,0.000000,85.956281
3.2509,post_ramp,0.268,100.0000,4.216913,-1.308486,-1.291612,-0.073631,-0.079767,1.165825,-1.998777,0.977146,-2.699806,1.365243,-2.449767,1.412796,-1.965029,0.016193,0.036452,0.022854,0.023981,0.011883,0.023981,0.023981,0.023981,0.023981,-0.114332,0.034408,0.023981,0.023981,1.566461,-0.740932,1.067448,0.063805,0.002659,0.000000,-0.002659,-0.003988,0.708822,0.916870,0.916870,0.594105,1.197784,1.197784,0.830068,1.123746,1.123746,0.858980,1.016044,1.016044,-0.006596,0.088436,-0.012768,0.003613,0.061050,-0.009209,-0.010210,0.027386,-0.003559,0.318851,-0.551631,0.743105,0.978860,12.772217,-22.096653,29.766513,-22.096653,38.228452,-51.497741,29.766513,-51.497741,69.372866,0.000000,0.000000,120.373535,0.318851,-0.551631,0.743105,0.978860,9.106569,-15.754877,21.223473,-15.754877,27.256822,-36.717802,21.223473,-36.717802,49.462736,-0.000000,0.000000,85.826127,-0.017080,0.115268,0.077039,-0.016418,0.114029,0.072616,-0.000663,0.001240,0.004423,-0.027749,-0.312626,-0.224580,0.385928,0.541549,6.101128,4.382844,6.101128,68.735692,49.377388,4.382844,49.377388,35.471040,0.000000,0.000000,104.748281,-0.027749,-0.312626,-0.224580,0.385928,0.570452,6.426749,4.616758,6.426749,72.404155,52.012687,4.616758,52.012687,37.364149,-0.000000,0.000000,110.338756,0.001650,0.107078,0.073470,0.001630,0.106986,0.072969,0.000020,0.000092,0.000501,-0.003748,-0.035340,-0.005319,0.035934,1.062358,10.017331,1.507609,10.017331,94.456798,14.215756,1.507609,14.215756,2.139472,-0.000000,0.000000,97.658628,-0.003748,-0.035340,-0.005319,0.035934,1.076474,10.150436,1.527641,10.150436,95.711897,14.404648,1.527641,14.404648,2.167901,-0.000000,0.000000,98.956271,0.016409,0.103097,0.056407,0.015514,0.100794,0.053406,0.000895,0.002303,0.003001,-0.027693,-0.308580,-0.013117,0.310098,0.848555,9.455300,0.401912,9.455300,105.358802,4.478438,0.401912,4.478438,0.190363,-0.000000,0.000000,106.397720,-0.027693,-0.308580,-0.013117,0.310098,0.909003,10.128864,0.430543,10.128864,112.864209,4.797467,0.430543,4.797467,0.203924,-0.000000,0.000000,113.977136,0.030384,0.090196,0.058017,0.030443,0.089955,0.058127,-0.000059,0.000241,-0.000110,-0.000017,-0.001074,-0.000311,0.001118,0.019511,1.247468,0.361278,1.247468,79.758952,23.098899,0.361278,23.098899,6.689646,-0.000000,0.000000,86.468109,-0.000017,-0.001074,-0.000311,0.001118,0.019396,1.240104,0.359145,1.240104,79.288146,22.962550,0.359145,22.962550,6.650158,-0.000000,0.000000,85.957700
3.2691,post_ramp,0.268,100.0000,4.216913,-1.306952,-1.291612,-0.073631,-0.075165,1.165825,-1.998777,0.977146,-2.699806,1.363709,-2.449767,1.412796,-1.965029,0.014694,0.050092,0.023382,0.023981,0.055752,0.023981,0.023981,0.023981,0.023981,-0.084649,0.029522,0.023981,0.023981,1.566461,-0.740063,1.067448,0.063805,0.002506,0.000000,-0.002506,-0.003758,0.708822,0.916870,0.916870,0.594105,1.197784,1.197784,0.829135,1.123746,1.123746,0.858980,1.016044,1.016044,-0.006606,0.088461,-0.012722,0.003613,0.061050,-0.009209,-0.010219,0.027411,-0.003513,0.318395,-0.551236,0.741305,0.977123,12.781653,-22.128833,29.758976,-22.128833,38.311573,-51.521614,29.758976,-51.521614,69.286551,-0.000000,0.000000,120.379777,0.318395,-0.551236,0.741305,0.977123,9.109538,-15.771313,21.209348,-15.771313,27.304820,-36.719672,21.209348,-36.719672,49.380818,-0.000000,-0.000000,85.795176,-0.017084,0.115269,0.077039,-0.016418,0.114029,0.072616,-0.000667,0.001240,0.004423,-0.027705,-0.312662,-0.224599,0.385966,0.539721,6.090939,4.375385,6.090939,68.738381,49.377755,4.375385,49.377755,35.470179,-0.000000,0.000000,104.748281,-0.027705,-0.312662,-0.224599,0.385966,0.568529,6.416045,4.608923,6.416045,72.407323,52.013315,4.608923,52.013315,37.363416,-0.000000,0.000000,110.339268,0.001650,0.107078,0.073470,0.001630,0.106986,0.072969,0.000020,0.000092,0.000501,-0.003748,-0.035340,-0.005319,0.035934,1.062358,10.017331,1.507609,10.017331,94.456798,14.215756,1.507609,14.215756,2.139472,-0.000000,0.000000,97.658628,-0.003748,-0.035340,-0.005319,0.035934,1.076474,10.150436,1.527641,10.150436,95.711897,14.404648,1.527641,14.404648,2.167901,-0.000000,0.000000,98.956271,0.016426,0.103118,0.056462,0.015514,0.100794,0.053406,0.000912,0.002324,0.003055,-0.028205,-0.313224,-0.013591,0.314785,0.854188,9.486018,0.411614,9.486018,105.345185,4.571099,0.411614,4.571099,0.198347,-0.000000,0.000000,106.397720,-0.028205,-0.313224,-0.013591,0.314785,0.916162,10.174264,0.441478,10.174264,112.988367,4.902749,0.441478,4.902749,0.212738,-0.000000,0.000000,114.117267,0.030387,0.090197,0.058017,0.030443,0.089955,0.058127,-0.000056,0.000242,-0.000110,-0.000019,-0.001212,-0.000351,0.001262,0.019807,1.256903,0.363940,1.256903,79.761067,23.095044,0.363940,23.095044,6.687236,-0.000000,0.000000,86.468109,-0.000019,-0.001212,-0.000351,0.001262,0.019691,1.249545,0.361809,1.249545,79.294169,22.959852,0.361809,22.959852,6.648090,-0.000000,0.000000,85.961950
