time_s,phase,ramp_duration_s,k_tip_Npm,q_motor_0_rad,q_motor_1_rad,q_motor_2_rad,q_motor_3_rad,q_motor_4_rad,q_motor_5_rad,q_motor_6_rad,q_motor_7_rad,q_motor_8_rad,q_motor_9_rad,q_motor_10_rad,q_motor_11_rad,q_motor_12_rad,q_dot_motor_0_rads,q_dot_motor_1_rads,q_dot_motor_2_rads,q_dot_motor_3_rads,q_dot_motor_4_rads,q_dot_motor_5_rads,q_dot_motor_6_rads,q_dot_motor_7_rads,q_dot_motor_8_rads,q_dot_motor_9_rads,q_dot_motor_10_rads,q_dot_motor_11_rads,q_dot_motor_12_rads,joint_thumb_CMC1_rad,joint_thumb_CMC2_rad,joint_thumb_MCP_rad,joint_thumb_IP_rad,joint_spread_index_rad,joint_spread_middle_rad,joint_spread_ring_rad,joint_spread_pinky_rad,joint_index_MCP_rad,joint_index_PIP_rad,joint_index_DIP_rad,joint_middle_MCP_rad,joint_middle_PIP_rad,joint_middle_DIP_rad,joint_ring_MCP_rad,joint_ring_PIP_rad,joint_ring_DIP_rad,joint_pinky_MCP_rad,joint_pinky_PIP_rad,joint_pinky_DIP_rad,tip_thumb_x_m,tip_thumb_y_m,tip_thumb_z_m,ref_thumb_x_m,ref_thumb_y_m,ref_thumb_z_m,disp_thumb_x_m,disp_thumb_y_m,disp_thumb_z_m,force_1st_thumb_x_N,force_1st_thumb_y_N,force_1st_thumb_z_N,force_1st_thumb_mag_N,stiff_1st_thumb_00_Npm,stiff_1st_thumb_01_Npm,stiff_1st_thumb_02_Npm,stiff_1st_thumb_10_Npm,stiff_1st_thumb_11_Npm,stiff_1st_thumb_12_Npm,stiff_1st_thumb_20_Npm,stiff_1st_thumb_21_Npm,stiff_1st_thumb_22_Npm,stiff_1st_thumb_eig_0_Npm,stiff_1st_thumb_eig_1_Npm,stiff_1st_thumb_eig_2_Npm,force_2nd_thumb_x_N,force_2nd_thumb_y_N,force_2nd_thumb_z_N,force_2nd_thumb_mag_N,stiff_2nd_thumb_00_Npm,stiff_2nd_thumb_01_Npm,stiff_2nd_thumb_02_Npm,stiff_2nd_thumb_10_Npm,stiff_2nd_thumb_11_Npm,stiff_2nd_thumb_12_Npm,stiff_2nd_thumb_20_Npm,stiff_2nd_thumb_21_Npm,stiff_2nd_thumb_22_Npm,stiff_2nd_thumb_eig_0_Npm,stiff_2nd_thumb_eig_1_Npm,stiff_2nd_thumb_eig_2_Npm,tip_index_x_m,tip_index_y_m,tip_index_z_m,ref_index_x_m,ref_index_y_m,ref_index_z_m,disp_index_x_m,disp_index_y_m,disp_index_z_m,force_1st_index_x_N,force_1st_index_y_N,force_1st_index_z_N,force_1st_index_mag_N,stiff_1st_index_00_Npm,stiff_1st_index_01_Npm,stiff_1st_index_02_Npm,stiff_1st_index_10_Npm,stiff_1st_index_11_Npm,stiff_1st_index_12_Npm,stiff_1st_index_20_Npm,stiff_1st_index_21_Npm,stiff_1st_index_22_Npm,stiff_1st_index_eig_0_Npm,stiff_1st_index_eig_1_Npm,stiff_1st_index_eig_2_Npm,force_2nd_index_x_N,force_2nd_index_y_N,force_2nd_index_z_N,force_2nd_index_mag_N,stiff_2nd_index_00_Npm,stiff_2nd_index_01_Npm,stiff_2nd_index_02_Npm,stiff_2nd_index_10_Npm,stiff_2nd_index_11_Npm,stiff_2nd_index_12_Npm,stiff_2nd_index_20_Npm,stiff_2nd_index_21_Npm,stiff_2nd_index_22_Npm,stiff_2nd_index_eig_0_Npm,stiff_2nd_index_eig_1_Npm,stiff_2nd_index_eig_2_Npm,tip_middle_x_m,tip_middle_y_m,tip_middle_z_m,ref_middle_x_m,ref_middle_y_m,ref_middle_z_m,disp_middle_x_m,disp_middle_y_m,disp_middle_z_m,force_1st_middle_x_N,force_1st_middle_y_N,force_1st_middle_z_N,force_1st_middle_mag_N,stiff_1st_middle_00_Npm,stiff_1st_middle_01_Npm,stiff_1st_middle_02_Npm,stiff_1st_middle_10_Npm,stiff_1st_middle_11_Npm,stiff_1st_middle_12_Npm,stiff_1st_middle_20_Npm,stiff_1st_middle_21_Npm,stiff_1st_middle_22_Npm,stiff_1st_middle_eig_0_Npm,stiff_1st_middle_eig_1_Npm,stiff_1st_middle_eig_2_Npm,force_2nd_middle_x_N,force_2nd_middle_y_N,force_2nd_middle_z_N,force_2nd_middle_mag_N,stiff_2nd_middle_00_Npm,stiff_2nd_middle_01_Npm,stiff_2nd_middle_02_Npm,stiff_2nd_middle_10_Npm,stiff_2nd_middle_11_Npm,stiff_2nd_middle_12_Npm,stiff_2nd_middle_20_Npm,stiff_2nd_middle_21_Npm,stiff_2nd_middle_22_Npm,stiff_2nd_middle_eig_0_Npm,stiff_2nd_middle_eig_1_Npm,stiff_2nd_middle_eig_2_Npm,tip_ring_x_m,tip_ring_y_m,tip_ring_z_m,ref_ring_x_m,ref_ring_y_m,ref_ring_z_m,disp_ring_x_m,disp_ring_y_m,disp_ring_z_m,force_1st_ring_x_N,force_1st_ring_y_N,force_1st_ring_z_N,force_1st_ring_mag_N,stiff_1st_ring_00_Npm,stiff_1st_ring_01_Npm,stiff_1st_ring_02_Npm,stiff_1st_ring_10_Npm,stiff_1st_ring_11_Npm,stiff_1st_ring_12_Npm,stiff_1st_ring_20_Npm,stiff_1st_ring_21_Npm,stiff_1st_ring_22_Npm,stiff_1st_ring_eig_0_Npm,stiff_1st_ring_eig_1_Npm,stiff_1st_ring_eig_2_Npm,force_2nd_ring_x_N,force_2nd_ring_y_N,force_2nd_ring_z_N,force_2nd_ring_mag_N,stiff_2nd_ring_00_Npm,stiff_2nd_ring_01_Npm,stiff_2nd_ring_02_Npm,stiff_2nd_ring_10_Npm,stiff_2nd_ring_11_Npm,stiff_2nd_ring_12_Npm,stiff_2nd_ring_20_Npm,stiff_2nd_ring_21_Npm,stiff_2nd_ring_22_Npm,stiff_2nd_ring_eig_0_Npm,stiff_2nd_ring_eig_1_Npm,stiff_2nd_ring_eig_2_Npm,tip_pinky_x_m,tip_pinky_y_m,tip_pinky_z_m,ref_pinky_x_m,ref_pinky_y_m,ref_pinky_z_m,disp_pinky_x_m,disp_pinky_y_m,disp_pinky_z_m,force_1st_pinky_x_N,force_1st_pinky_y_N,force_1st_pinky_z_N,force_1st_pinky_mag_N,stiff_1st_pinky_00_Npm,stiff_1st_pinky_01_Npm,stiff_1st_pinky_02_Npm,stiff_1st_pinky_10_Npm,stiff_1st_pinky_11_Npm,stiff_1st_pinky_12_Npm,stiff_1st_pinky_20_Npm,stiff_1st_pinky_21_Npm,stiff_1st_pinky_22_Npm,stiff_1st_pinky_eig_0_Npm,stiff_1st_pinky_eig_1_Npm,stiff_1st_pinky_eig_2_Npm,force_2nd_pinky_x_N,force_2nd_pinky_y_N,force_2nd_pinky_z_N,force_2nd_pinky_mag_N,stiff_2nd_pinky_00_Npm,stiff_2nd_pinky_01_Npm,stiff_2nd_pinky_02_Npm,stiff_2nd_pinky_10_Npm,stiff_2nd_pinky_11_Npm,stiff_2nd_pinky_12_Npm,stiff_2nd_pinky_20_Npm,stiff_2nd_pinky_21_Npm,stiff_2nd_pinky_22_Npm,stiff_2nd_pinky_eig_0_Npm,stiff_2nd_pinky_eig_1_Npm,stiff_2nd_pinky_eig_2_Npm
0.0338,baseline,0.037,20.0000,4.158622,-1.299282,-1.374447,-0.001534,-0.145728,1.153554,-2.012583,1.003223,-2.699806,1.297748,-2.531068,1.299282,-1.822369,0.009235,0.052708,-0.000000,0.023981,0.023981,0.028676,0.000000,0.015271,0.023981,-0.042278,0.023981,0.051366,0.023981,1.544808,-0.735720,1.135906,0.001329,0.004858,0.000000,-0.004858,-0.007286,0.701361,0.923203,0.923203,0.609960,1.197784,1.197784,0.789031,1.161041,1.161041,0.789963,0.942280,0.942280,-0.007490,0.088151,-0.010943,0.003613,0.061050,-0.009209,-0.011103,0.027101,-0.001734,0.006986,-0.011643,0.015724,0.020775,3.417356,-5.695757,7.692048,-5.695757,9.493201,-12.820449,7.692048,-12.820449,17.313856,-0.000000,0.000000,30.224412,0.006986,-0.011643,0.015724,0.020775,2.578605,-4.297798,5.804123,-4.297798,7.163203,-9.673816,5.804123,-9.673816,13.064367,-0.000000,0.000000,22.806175,-0.017080,0.115046,0.077274,-0.016495,0.114699,0.073593,-0.000585,0.000347,0.003681,-0.023152,-0.252151,-0.179275,0.310251,0.585394,6.375597,4.532927,6.375597,69.437385,49.368646,4.532927,49.368646,35.100158,0.000000,0.000000,105.122937,-0.023152,-0.252151,-0.179275,0.310251,0.616697,6.716519,4.775316,6.716519,73.150405,52.008532,4.775316,52.008532,36.977067,-0.000000,0.000000,110.744169,0.001612,0.106952,0.072450,0.001591,0.106664,0.072231,0.000021,0.000288,0.000219,-0.002531,-0.024006,-0.003223,0.024353,1.054893,10.005109,1.343282,10.005109,94.893223,12.740330,1.343282,12.740330,1.710512,-0.000000,0.000000,97.658628,-0.002531,-0.024006,-0.003223,0.024353,1.059367,10.047539,1.348979,10.047539,95.295656,12.794361,1.348979,12.794361,1.717766,-0.000000,0.000000,98.072789,0.016744,0.101956,0.057921,0.016089,0.100935,0.055587,0.000655,0.001020,0.002334,-0.015794,-0.196855,-0.002016,0.197497,0.654933,8.162977,0.083616,8.162977,101.742039,1.042178,0.083616,1.042178,0.010675,-0.000000,0.000000,102.407648,-0.015794,-0.196855,-0.002016,0.197497,0.696091,8.675965,0.088871,8.675965,108.135846,1.107672,0.088871,1.107672,0.011346,0.000000,0.000000,108.843283,0.032876,0.093846,0.062862,0.032257,0.093830,0.061795,0.000619,0.000017,0.001067,-0.010201,-0.075694,-0.038584,0.085571,1.253588,9.302363,4.741683,9.302363,69.029053,35.186103,4.741683,35.186103,17.935373,-0.000000,0.000000,88.218014,-0.010201,-0.075694,-0.038584,0.085571,1.288981,9.565004,4.875559,9.565004,70.977999,36.179537,4.875559,36.179537,18.441755,-0.000000,0.000000,90.708736
0.0758,baseline,0.037,20.0000,4.158622,-1.299282,-1.374447,-0.001534,-0.145728,1.147418,-2.012583,1.003223,-2.699806,1.297748,-2.531068,1.294680,-1.822369,-0.003871,0.030553,-0.000000,0.023981,0.023981,-0.126065,0.000000,0.003493,0.023981,-0.016169,0.023981,-0.038502,0.023981,1.544808,-0.735720,1.135906,0.001329,0.004858,0.000000,-0.004858,-0.007286,0.697630,0.923203,0.923203,0.609960,1.197784,1.197784,0.789031,1.161041,1.161041,0.787165,0.942280,0.942280,-0.007490,0.088151,-0.010943,0.003613,0.061050,-0.009209,-0.011103,0.027101,-0.001734,0.006986,-0.011643,0.015724,0.020775,3.417356,-5.695757,7.692048,-5.695757,9.493201,-12.820449,7.692048,-12.820449,17.313856,-0.000000,0.000000,30.224412,0.006986,-0.011643,0.015724,0.020775,2.578605,-4.297798,5.804123,-4.297798,7.163203,-9.673816,5.804123,-9.673816,13.064367,-0.000000,0.000000,22.806175,-0.017123,0.115063,0.077538,-0.016495,0.114699,0.073593,-0.000627,0.000364,0.003944,-0.024577,-0.269522,-0.193113,0.332474,0.574432,6.299485,4.513591,6.299485,69.083033,49.498099,4.513591,49.498099,35.465463,-0.000000,0.000000,105.122928,-0.024577,-0.269522,-0.193113,0.332474,0.607284,6.659753,4.771723,6.659753,73.033899,52.328900,4.771723,52.328900,37.493737,-0.000000,0.000000,111.134920,0.001612,0.106952,0.072450,0.001591,0.106664,0.072231,0.000021,0.000288,0.000219,-0.002531,-0.024006,-0.003223,0.024353,1.054893,10.005109,1.343282,10.005109,94.893223,12.740330,1.343282,12.740330,1.710512,-0.000000,0.000000,97.658628,-0.002531,-0.024006,-0.003223,0.024353,1.059367,10.047539,1.348979,10.047539,95.295656,12.794361,1.348979,12.794361,1.717766,-0.000000,0.000000,98.072789,0.016744,0.101956,0.057921,0.016089,0.100935,0.055587,0.000655,0.001020,0.002334,-0.015794,-0.196855,-0.002016,0.197498,0.654933,8.162977,0.083616,8.162977,101.742039,1.042178,0.083616,1.042178,0.010675,0.000000,0.000000,102.407648,-0.015794,-0.196855,-0.002016,0.197498,0.696091,8.675966,0.088871,8.675966,108.135859,1.107672,0.088871,1.107672,0.011346,-0.000000,0.000000,108.843296,0.032949,0.093870,0.062990,0.032257,0.093830,0.061795,0.000692,0.000041,0.001195,-0.011627,-0.085213,-0.043701,0.096468,1.281592,9.392305,4.816803,9.392305,68.832695,35.300550,4.816803,35.300550,18.103735,-0.000000,0.000000,88.218021,-0.011627,-0.085213,-0.043701,0.096468,1.321632,9.685744,4.967292,9.685744,70.983198,36.403427,4.967292,36.403427,18.669340,-0.000000,0.000000,90.974170
0.1182,baseline,0.037,20.0000,4.158622,-1.297748,-1.374447,-0.001534,-0.145728,1.145884,-2.012583,1.003223,-2.699806,1.297748,-2.531068,1.294680,-1.822369,-0.000886,0.033731,-0.000000,0.023981,0.023981,-0.064585,0.000000,0.016418,0.023981,-0.013343,0.023981,-0.030606,0.023981,1.544808,-0.734851,1.135906,0.001329,0.004858,0.000000,-0.004858,-0.007286,0.696697,0.923203,0.923203,0.609960,1.197784,1.197784,0.789031,1.161041,1.161041,0.787165,0.942280,0.942280,-0.007499,0.088175,-0.010898,0.003613,0.061050,-0.009209,-0.011113,0.027125,-0.001689,0.006748,-0.011255,0.015174,0.020061,3.419926,-5.704001,7.689970,-5.704001,9.513546,-12.825889,7.689970,-12.825889,17.291495,-0.000000,0.000000,30.224967,0.006748,-0.011255,0.015174,0.020061,2.579619,-4.302475,5.800473,-4.302475,7.175979,-9.674449,5.800473,-9.674449,13.042814,-0.000000,0.000000,22.798411,-0.017134,0.115067,0.077603,-0.016495,0.114699,0.073593,-0.000638,0.000368,0.004010,-0.024928,-0.273851,-0.196594,0.338031,0.571708,6.280494,4.508680,6.280494,68.994283,49.530043,4.508680,49.530043,35.556935,0.000000,0.000000,105.122926,-0.024928,-0.273851,-0.196594,0.338031,0.604934,6.645499,4.770712,6.645499,73.004039,52.408593,4.770712,52.408593,37.623405,-0.000000,-0.000000,111.232379,0.001612,0.106952,0.072450,0.001591,0.106664,0.072231,0.000021,0.000288,0.000219,-0.002531,-0.024006,-0.003223,0.024353,1.054893,10.005109,1.343282,10.005109,94.893223,12.740330,1.343282,12.740330,1.710512,-0.000000,0.000000,97.658628,-0.002531,-0.024006,-0.003223,0.024353,1.059367,10.047539,1.348979,10.047539,95.295656,12.794361,1.348979,12.794361,1.717766,-0.000000,0.000000,98.072789,0.016744,0.101956,0.057921,0.016089,0.100935,0.055587,0.000655,0.001020,0.002334,-0.015794,-0.196855,-0.002016,0.197498,0.654933,8.162977,0.083616,8.162977,101.742039,1.042178,0.083616,1.042178,0.010675,-0.000000,0.000000,102.407648,-0.015794,-0.196855,-0.002016,0.197498,0.696091,8.675966,0.088871,8.675966,108.135860,1.107672,0.088871,1.107672,0.011346,-0.000000,0.000000,108.843297,0.032949,0.093870,0.062990,0.032257,0.093830,0.061795,0.000692,0.000041,0.001195,-0.011627,-0.085213,-0.043701,0.096469,1.281592,9.392305,4.816803,9.392305,68.832695,35.300550,4.816803,35.300550,18.103735,-0.000000,0.000000,88.218021,-0.011627,-0.085213,-0.043701,0.096469,1.321632,9.685745,4.967292,9.685745,70.983200,36.403428,4.967292,36.403428,18.669341,-0.000000,0.000000,90.974172
0.1606,baseline,0.037,20.0000,4.158622,-1.288544,-1.374447,-0.001534,-0.145728,1.142816,-2.012583,1.003223,-2.699806,1.305418,-2.531068,1.293146,-1.822369,-0.000203,0.141432,-0.000000,0.023981,0.023981,-0.030568,0.000000,0.003756,0.023981,0.117635,0.023981,-0.018238,0.023981,1.544808,-0.729640,1.135906,0.001329,0.004858,0.000000,-0.004858,-0.007286,0.694832,0.923203,0.923203,0.609960,1.197784,1.197784,0.793694,1.161041,1.161041,0.786233,0.942280,0.942280,-0.007556,0.088316,-0.010627,0.003613,0.061050,-0.009209,-0.011169,0.027266,-0.001418,0.005323,-0.008914,0.011895,0.015789,3.435404,-5.753502,7.677356,-5.753502,9.635778,-12.857784,7.677356,-12.857784,17.157163,-0.000000,0.000000,30.228345,0.005323,-0.008914,0.011895,0.015789,2.585730,-4.330496,5.778525,-4.330496,7.252573,-9.677684,5.778525,-9.677684,12.913703,-0.000000,0.000000,22.752005,-0.017155,0.115075,0.077735,-0.016495,0.114699,0.073593,-0.000659,0.000376,0.004142,-0.025626,-0.282491,-0.203581,0.349146,0.566281,6.242557,4.498767,6.242557,68.816590,49.593431,4.498767,49.593431,35.740050,-0.000000,0.000000,105.122921,-0.025626,-0.282491,-0.203581,0.349146,0.600240,6.616916,4.768553,6.616916,72.943443,52.567492,4.768553,52.567492,37.883340,-0.000000,0.000000,111.427023,0.001612,0.106952,0.072450,0.001591,0.106664,0.072231,0.000021,0.000288,0.000219,-0.002531,-0.024006,-0.003223,0.024353,1.054893,10.005109,1.343282,10.005109,94.893223,12.740330,1.343282,12.740330,1.710512,-0.000000,0.000000,97.658628,-0.002531,-0.024006,-0.003223,0.024353,1.059367,10.047539,1.348979,10.047539,95.295656,12.794361,1.348979,12.794361,1.717766,-0.000000,0.000000,98.072789,0.016670,0.101860,0.057654,0.016089,0.100935,0.055587,0.000581,0.000925,0.002067,-0.013843,-0.175154,-0.001002,0.175703,0.635678,8.043138,0.046030,8.043138,101.768630,0.582410,0.046030,0.582410,0.003333,-0.000000,0.000000,102.407641,-0.013843,-0.175154,-0.001002,0.175703,0.671119,8.491570,0.048596,8.491570,107.442569,0.614882,0.048596,0.614882,0.003519,-0.000000,0.000000,108.117207,0.032973,0.093878,0.063033,0.032257,0.093830,0.061795,0.000716,0.000048,0.001238,-0.012109,-0.088379,-0.045417,0.100101,1.290988,9.422180,4.841933,9.422180,68.767063,35.338476,4.841933,35.338476,18.159972,-0.000000,-0.000000,88.218023,-0.012109,-0.088379,-0.045417,0.100101,1.332615,9.725985,4.998054,9.725985,70.984360,36.477916,4.998054,36.477916,18.745514,-0.000000,0.000000,91.062489
0.2030,baseline,0.037,20.0000,4.158622,-1.285476,-1.374447,-0.001534,-0.145728,1.142816,-2.012583,1.003223,-2.699806,1.303884,-2.531068,1.296214,-1.822369,-0.000046,0.151901,-0.000000,0.023981,0.023981,-0.029720,0.000000,0.000859,0.023981,0.077382,0.023981,0.031924,0.023981,1.544808,-0.727903,1.135906,0.001329,0.004858,0.000000,-0.004858,-0.007286,0.694832,0.923203,0.923203,0.609960,1.197784,1.197784,0.792761,1.161041,1.161041,0.788098,0.942280,0.942280,-0.007575,0.088363,-0.010536,0.003613,0.061050,-0.009209,-0.011188,0.027313,-0.001327,0.004847,-0.008129,0.010809,0.014367,3.440584,-5.770017,7.673095,-5.770017,9.676582,-12.868131,7.673095,-12.868131,17.112323,-0.000000,0.000000,30.229490,0.004847,-0.008129,0.010809,0.014367,2.587777,-4.339821,5.771189,-4.339821,7.278079,-9.678548,5.771189,-9.678548,12.870746,-0.000000,0.000000,22.736602,-0.017155,0.115075,0.077735,-0.016495,0.114699,0.073593,-0.000659,0.000376,0.004142,-0.025626,-0.282491,-0.203581,0.349146,0.566281,6.242557,4.498767,6.242557,68.816590,49.593431,4.498767,49.593431,35.740050,-0.000000,0.000000,105.122921,-0.025626,-0.282491,-0.203581,0.349146,0.600240,6.616916,4.768553,6.616916,72.943443,52.567493,4.768553,52.567493,37.883340,-0.000000,0.000000,111.427023,0.001612,0.106952,0.072450,0.001591,0.106664,0.072231,0.000021,0.000288,0.000219,-0.002531,-0.024006,-0.003223,0.024353,1.054893,10.005109,1.343282,10.005109,94.893223,12.740330,1.343282,12.740330,1.710512,-0.000000,0.000000,97.658628,-0.002531,-0.024006,-0.003223,0.024353,1.059367,10.047539,1.348979,10.047539,95.295656,12.794361,1.348979,12.794361,1.717766,-0.000000,0.000000,98.072789,0.016685,0.101879,0.057708,0.016089,0.100935,0.055587,0.000596,0.000944,0.002121,-0.014229,-0.179493,-0.001189,0.180060,0.639507,8.067130,0.053460,8.067130,101.763666,0.674378,0.053460,0.674378,0.004469,-0.000000,0.000000,102.407643,-0.014229,-0.179493,-0.001189,0.180060,0.676069,8.528350,0.056517,8.528350,107.581771,0.712934,0.056517,0.712934,0.004725,-0.000000,-0.000000,108.262565,0.032924,0.093862,0.062947,0.032257,0.093830,0.061795,0.000667,0.000033,0.001153,-0.011148,-0.082042,-0.041990,0.092835,1.272226,9.362378,4.791718,9.362378,68.898237,35.262513,4.791718,35.262513,18.047556,-0.000000,0.000000,88.218019,-0.011148,-0.082042,-0.041990,0.092835,1.310698,9.645499,4.936622,9.645499,70.981745,36.328864,4.936622,36.328864,18.593321,-0.000000,0.000000,90.885764
0.2460,baseline,0.037,20.0000,4.158622,-1.285476,-1.374447,-0.001534,-0.145728,1.144350,-2.012583,1.003223,-2.699806,1.299282,-2.531068,1.299282,-1.822369,0.004547,0.051477,-0.000000,0.023981,0.023981,0.014893,0.000000,0.009997,0.023981,-0.063102,0.023981,0.092444,0.023981,1.544808,-0.727903,1.135906,0.001329,0.004858,0.000000,-0.004858,-0.007286,0.695765,0.923203,0.923203,0.609960,1.197784,1.197784,0.789963,1.161041,1.161041,0.789963,0.942280,0.942280,-0.007575,0.088363,-0.010536,0.003613,0.061050,-0.009209,-0.011188,0.027313,-0.001327,0.004847,-0.008129,0.010809,0.014367,3.440584,-5.770017,7.673095,-5.770017,9.676582,-12.868131,7.673095,-12.868131,17.112323,-0.000000,0.000000,30.229490,0.004847,-0.008129,0.010809,0.014367,2.587777,-4.339821,5.771189,-4.339821,7.278079,-9.678548,5.771189,-9.678548,12.870746,-0.000000,0.000000,22.736602,-0.017144,0.115071,0.077669,-0.016495,0.114699,0.073593,-0.000649,0.000372,0.004076,-0.025278,-0.278174,-0.200083,0.343589,0.568991,6.261518,4.503739,6.261518,68.905468,49.561821,4.503739,49.561821,35.648464,0.000000,0.000000,105.122923,-0.025278,-0.278174,-0.200083,0.343589,0.602586,6.631220,4.769655,6.631220,72.973887,52.488124,4.769655,52.488124,37.753273,-0.000000,0.000000,111.329747,0.001612,0.106952,0.072450,0.001591,0.106664,0.072231,0.000021,0.000288,0.000219,-0.002531,-0.024006,-0.003223,0.024353,1.054893,10.005109,1.343282,10.005109,94.893223,12.740330,1.343282,12.740330,1.710512,-0.000000,0.000000,97.658628,-0.002531,-0.024006,-0.003223,0.024353,1.059367,10.047539,1.348979,10.047539,95.295656,12.794361,1.348979,12.794361,1.717766,-0.000000,0.000000,98.072789,0.016729,0.101937,0.057868,0.016089,0.100935,0.055587,0.000640,0.001001,0.002281,-0.015400,-0.192513,-0.001798,0.193137,0.651060,8.139033,0.076012,8.139033,101.747712,0.950239,0.076012,0.950239,0.008874,-0.000000,0.000000,102.407646,-0.015400,-0.192513,-0.001798,0.193137,0.691052,8.638988,0.080681,8.638988,107.997743,1.008609,0.080681,1.008609,0.009420,-0.000000,0.000000,108.698215,0.032876,0.093846,0.062862,0.032257,0.093830,0.061795,0.000619,0.000017,0.001067,-0.010201,-0.075695,-0.038584,0.085572,1.253588,9.302363,4.741683,9.302363,69.029053,35.186103,4.741683,35.186103,17.935373,-0.000000,0.000000,88.218014,-0.010201,-0.075695,-0.038584,0.085572,1.288981,9.565005,4.875559,9.565005,70.978007,36.179541,4.875559,36.179541,18.441757,-0.000000,0.000000,90.708745
0.2879,baseline,0.037,20.0000,4.158622,-1.285476,-1.374447,-0.001534,-0.145728,1.158155,-2.012583,1.003223,-2.699806,1.299282,-2.531068,1.296214,-1.822369,0.019535,0.030271,-0.000000,0.023981,0.023981,0.182957,0.000000,0.007124,0.023981,-0.025511,0.023981,-0.004046,0.023981,1.544808,-0.727903,1.135906,0.001329,0.004858,0.000000,-0.004858,-0.007286,0.704159,0.923203,0.923203,0.609960,1.197784,1.197784,0.789963,1.161041,1.161041,0.788098,0.942280,0.942280,-0.007575,0.088363,-0.010536,0.003613,0.061050,-0.009209,-0.011188,0.027313,-0.001327,0.004847,-0.008129,0.010809,0.014367,3.440584,-5.770017,7.673095,-5.770017,9.676582,-12.868131,7.673095,-12.868131,17.112323,-0.000000,0.000000,30.229490,0.004847,-0.008129,0.010809,0.014367,2.587777,-4.339821,5.771189,-4.339821,7.278079,-9.678548,5.771189,-9.678548,12.870746,-0.000000,0.000000,22.736602,-0.017048,0.115032,0.077077,-0.016495,0.114699,0.073593,-0.000553,0.000333,0.003483,-0.022063,-0.239064,-0.168984,0.293588,0.593686,6.432835,4.547107,6.432835,69.702460,49.269803,4.547107,49.269803,34.826798,-0.000000,0.000000,105.122944,-0.022063,-0.239064,-0.168984,0.293588,0.623772,6.758825,4.777536,6.758825,73.234697,51.766597,4.777536,51.766597,36.591679,-0.000000,-0.000000,110.450148,0.001612,0.106952,0.072450,0.001591,0.106664,0.072231,0.000021,0.000288,0.000219,-0.002531,-0.024006,-0.003223,0.024353,1.054893,10.005109,1.343282,10.005109,94.893223,12.740330,1.343282,12.740330,1.710512,-0.000000,0.000000,97.658628,-0.002531,-0.024006,-0.003223,0.024353,1.059367,10.047539,1.348979,10.047539,95.295656,12.794361,1.348979,12.794361,1.717766,-0.000000,0.000000,98.072789,0.016729,0.101937,0.057868,0.016089,0.100935,0.055587,0.000640,0.001001,0.002281,-0.015400,-0.192513,-0.001798,0.193136,0.651060,8.139033,0.076012,8.139033,101.747712,0.950239,0.076012,0.950239,0.008874,-0.000000,-0.000000,102.407646,-0.015400,-0.192513,-0.001798,0.193136,0.691052,8.638988,0.080681,8.638988,107.997741,1.008609,0.080681,1.008609,0.009420,-0.000000,0.000000,108.698213,0.032924,0.093862,0.062947,0.032257,0.093830,0.061795,0.000667,0.000033,0.001153,-0.011148,-0.082041,-0.041989,0.092834,1.272226,9.362377,4.791718,9.362377,68.898237,35.262512,4.791718,35.262512,18.047556,-0.000000,0.000000,88.218018,-0.011148,-0.082041,-0.041989,0.092834,1.310698,9.645498,4.936621,9.645498,70.981735,36.328859,4.936621,36.328859,18.593318,-0.000000,0.000000,90.885751
0.3303,baseline,0.037,20.0000,4.158622,-1.282408,-1.374447,-0.001534,-0.145728,1.156622,-2.012583,1.004757,-2.699806,1.297748,-2.531068,1.297748,-1.822369,0.022964,0.039797,-0.000000,0.023981,0.023981,0.139365,0.000000,0.009877,0.023981,-0.020646,0.023981,-0.016443,0.023981,1.544808,-0.726165,1.135906,0.001329,0.004858,0.000000,-0.004858,-0.007286,0.703226,0.923203,0.923203,0.610893,1.197784,1.197784,0.789031,1.161041,1.161041,0.789031,0.942280,0.942280,-0.007593,0.088410,-0.010446,0.003613,0.061050,-0.009209,-0.011207,0.027360,-0.001237,0.004371,-0.007340,0.009728,0.012947,3.445774,-5.786538,7.668806,-5.786538,9.717417,-12.878336,7.668806,-12.878336,17.067452,-0.000000,0.000000,30.230644,0.004371,-0.007340,0.009728,0.012947,2.589830,-4.349139,5.763844,-4.349139,7.303571,-9.679306,5.763844,-9.679306,12.827829,-0.000000,0.000000,22.721230,-0.017059,0.115036,0.077143,-0.016495,0.114699,0.073593,-0.000564,0.000337,0.003549,-0.022428,-0.243432,-0.172406,0.299142,0.590915,6.413741,4.542411,6.413741,69.614168,49.302918,4.542411,49.302918,34.917859,0.000000,0.000000,105.122942,-0.022428,-0.243432,-0.172406,0.299142,0.621412,6.744749,4.776841,6.744749,73.206895,51.847399,4.776841,51.847399,36.719939,-0.000000,0.000000,110.548246,0.001610,0.106944,0.072390,0.001591,0.106664,0.072231,0.000019,0.000280,0.000160,-0.002098,-0.019908,-0.002654,0.020193,1.054446,10.004266,1.333635,10.004266,94.917438,12.653120,1.333635,12.653120,1.686744,-0.000000,0.000000,97.658628,-0.002098,-0.019908,-0.002654,0.020193,1.057216,10.030544,1.337138,10.030544,95.166764,12.686357,1.337138,12.686357,1.691175,-0.000000,0.000000,97.915155,0.016744,0.101956,0.057921,0.016089,0.100935,0.055587,0.000655,0.001020,0.002334,-0.015794,-0.196855,-0.002016,0.197497,0.654933,8.162977,0.083616,8.162977,101.742039,1.042178,0.083616,1.042178,0.010675,-0.000000,0.000000,102.407648,-0.015794,-0.196855,-0.002016,0.197497,0.696091,8.675965,0.088871,8.675965,108.135847,1.107672,0.088871,1.107672,0.011346,-0.000000,0.000000,108.843284,0.032900,0.093854,0.062904,0.032257,0.093830,0.061795,0.000643,0.000025,0.001110,-0.010673,-0.078869,-0.040284,0.089202,1.262891,9.332397,4.766678,9.332397,68.963690,35.224363,4.766678,35.224363,17.991435,-0.000000,-0.000000,88.218016,-0.010673,-0.078869,-0.040284,0.089202,1.299815,9.605252,4.906044,9.605252,70.980008,36.254232,4.906044,36.254232,18.517458,-0.000000,0.000000,90.797281
0.3728,baseline,0.037,20.0000,4.158622,-1.277806,-1.374447,-0.001534,-0.145728,1.148952,-2.012583,1.003223,-2.699806,1.300816,-2.531068,1.297748,-1.822369,0.023748,0.119763,-0.000000,0.023981,0.023981,-0.061710,0.000000,0.008243,0.023981,0.033377,0.023981,0.039631,0.023981,1.544808,-0.723559,1.135906,0.001329,0.004858,0.000000,-0.004858,-0.007286,0.698563,0.923203,0.923203,0.609960,1.197784,1.197784,0.790896,1.161041,1.161041,0.789031,0.942280,0.942280,-0.007622,0.088480,-0.010310,0.003613,0.061050,-0.009209,-0.011235,0.027430,-0.001101,0.003657,-0.006153,0.008113,0.010819,3.453580,-5.811334,7.662321,-5.811334,9.778723,-12.893377,7.662321,-12.893377,17.000090,-0.000000,0.000000,30.232392,0.003657,-0.006153,0.008113,0.010819,2.592919,-4.363102,5.752808,-4.363102,7.341786,-9.680242,5.752808,-9.680242,12.763529,-0.000000,0.000000,22.698234,-0.017112,0.115059,0.077472,-0.016495,0.114699,0.073593,-0.000617,0.000360,0.003878,-0.024224,-0.265188,-0.189641,0.326918,0.577163,6.318491,4.518471,6.318491,69.171718,49.465986,4.518471,49.465986,35.374050,-0.000000,0.000000,105.122930,-0.024224,-0.265188,-0.189641,0.326918,0.609635,6.673982,4.772689,6.673982,73.063466,52.249047,4.772689,52.249047,37.364269,-0.000000,-0.000000,111.037369,0.001612,0.106952,0.072450,0.001591,0.106664,0.072231,0.000021,0.000288,0.000219,-0.002531,-0.024006,-0.003223,0.024353,1.054893,10.005109,1.343282,10.005109,94.893223,12.740330,1.343282,12.740330,1.710512,-0.000000,0.000000,97.658628,-0.002531,-0.024006,-0.003223,0.024353,1.059367,10.047539,1.348979,10.047539,95.295656,12.794361,1.348979,12.794361,1.717766,-0.000000,0.000000,98.072789,0.016714,0.101918,0.057814,0.016089,0.100935,0.055587,0.000625,0.000982,0.002227,-0.015007,-0.188172,-0.001587,0.188777,0.647198,8.115078,0.068451,8.115078,101.753207,0.858292,0.068451,0.858292,0.007240,0.000000,0.000000,102.407645,-0.015007,-0.188172,-0.001587,0.188777,0.686036,8.602059,0.072559,8.602059,107.859359,0.909798,0.072559,0.909798,0.007674,-0.000000,-0.000000,108.553070,0.032900,0.093854,0.062904,0.032257,0.093830,0.061795,0.000643,0.000025,0.001110,-0.010673,-0.078870,-0.040284,0.089203,1.262891,9.332397,4.766678,9.332397,68.963690,35.224363,4.766678,35.224363,17.991435,-0.000000,0.000000,88.218016,-0.010673,-0.078870,-0.040284,0.089203,1.299815,9.605252,4.906044,9.605252,70.980012,36.254234,4.906044,36.254234,18.517459,-0.000000,0.000000,90.797286
0.4152,baseline,0.037,20.0000,4.158622,-1.276272,-1.374447,-0.001534,-0.145728,1.147418,-2.012583,1.004757,-2.699806,1.305418,-2.531068,1.296214,-1.822369,0.023928,0.063818,-0.000000,0.023981,0.023981,-0.082087,0.000000,0.018341,0.023981,0.117691,0.023981,-0.003585,0.023981,1.544808,-0.722691,1.135906,0.001329,0.004858,0.000000,-0.004858,-0.007286,0.697630,0.923203,0.923203,0.610893,1.197784,1.197784,0.793694,1.161041,1.161041,0.788098,0.942280,0.942280,-0.007631,0.088503,-0.010264,0.003613,0.061050,-0.009209,-0.011244,0.027453,-0.001055,0.003418,-0.005756,0.007576,0.010110,3.456186,-5.819602,7.660145,-5.819602,9.799172,-12.898319,7.660145,-12.898319,16.977620,-0.000000,0.000000,30.232979,0.003418,-0.005756,0.007576,0.010110,2.593952,-4.367752,5.749125,-4.367752,7.354517,-9.680501,5.749125,-9.680501,12.742116,-0.000000,0.000000,22.690584,-0.017123,0.115063,0.077538,-0.016495,0.114699,0.073593,-0.000627,0.000364,0.003944,-0.024577,-0.269522,-0.193113,0.332474,0.574432,6.299485,4.513591,6.299485,69.083033,49.498099,4.513591,49.498099,35.465463,0.000000,0.000000,105.122928,-0.024577,-0.269522,-0.193113,0.332474,0.607284,6.659753,4.771723,6.659753,73.033899,52.328900,4.771723,52.328900,37.493737,-0.000000,-0.000000,111.134920,0.001610,0.106944,0.072390,0.001591,0.106664,0.072231,0.000019,0.000280,0.000160,-0.002098,-0.019908,-0.002654,0.020193,1.054446,10.004266,1.333635,10.004266,94.917438,12.653120,1.333635,12.653120,1.686744,-0.000000,0.000000,97.658628,-0.002098,-0.019908,-0.002654,0.020193,1.057216,10.030544,1.337138,10.030544,95.166764,12.686357,1.337138,12.686357,1.691175,-0.000000,0.000000,97.915155,0.016670,0.101860,0.057654,0.016089,0.100935,0.055587,0.000581,0.000925,0.002067,-0.013843,-0.175154,-0.001002,0.175703,0.635678,8.043138,0.046030,8.043138,101.768630,0.582410,0.046030,0.582410,0.003333,-0.000000,0.000000,102.407641,-0.013843,-0.175154,-0.001002,0.175703,0.671119,8.491569,0.048596,8.491569,107.442560,0.614882,0.048596,0.614882,0.003519,-0.000000,0.000000,108.117198,0.032924,0.093862,0.062947,0.032257,0.093830,0.061795,0.000667,0.000033,0.001153,-0.011148,-0.082042,-0.041989,0.092834,1.272226,9.362378,4.791718,9.362378,68.898237,35.262512,4.791718,35.262512,18.047556,-0.000000,0.000000,88.218019,-0.011148,-0.082042,-0.041989,0.092834,1.310698,9.645498,4.936621,9.645498,70.981737,36.328860,4.936621,36.328860,18.593319,0.000000,0.000000,90.885754
0.4576,baseline,0.037,20.0000,4.158622,-1.277806,-1.374447,-0.001534,-0.145728,1.144350,-2.012583,1.003223,-2.699806,1.300816,-2.531068,1.300816,-1.822369,0.011973,0.025666,-0.000000,0.023981,0.023981,-0.038025,0.000000,0.014016,0.023981,0.004603,0.023981,0.041620,0.023981,1.544808,-0.723559,1.135906,0.001329,0.004858,0.000000,-0.004858,-0.007286,0.695765,0.923203,0.923203,0.609960,1.197784,1.197784,0.790896,1.161041,1.161041,0.790896,0.942280,0.942280,-0.007622,0.088480,-0.010310,0.003613,0.061050,-0.009209,-0.011235,0.027430,-0.001101,0.003657,-0.006153,0.008113,0.010819,3.453580,-5.811334,7.662321,-5.811334,9.778723,-12.893377,7.662321,-12.893377,17.000090,-0.000000,0.000000,30.232392,0.003657,-0.006153,0.008113,0.010819,2.592919,-4.363102,5.752808,-4.363102,7.341786,-9.680242,5.752808,-9.680242,12.763529,-0.000000,0.000000,22.698234,-0.017144,0.115071,0.077669,-0.016495,0.114699,0.073593,-0.000649,0.000372,0.004076,-0.025278,-0.278174,-0.200083,0.343589,0.568991,6.261518,4.503739,6.261518,68.905468,49.561821,4.503739,49.561821,35.648464,0.000000,0.000000,105.122923,-0.025278,-0.278174,-0.200083,0.343589,0.602587,6.631220,4.769655,6.631220,72.973888,52.488124,4.769655,52.488124,37.753274,-0.000000,0.000000,111.329748,0.001612,0.106952,0.072450,0.001591,0.106664,0.072231,0.000021,0.000288,0.000219,-0.002531,-0.024006,-0.003223,0.024353,1.054893,10.005109,1.343282,10.005109,94.893223,12.740330,1.343282,12.740330,1.710512,-0.000000,0.000000,97.658628,-0.002531,-0.024006,-0.003223,0.024353,1.059367,10.047539,1.348979,10.047539,95.295656,12.794361,1.348979,12.794361,1.717766,-0.000000,0.000000,98.072789,0.016714,0.101918,0.057814,0.016089,0.100935,0.055587,0.000625,0.000982,0.002227,-0.015007,-0.188172,-0.001587,0.188776,0.647198,8.115078,0.068451,8.115078,101.753207,0.858292,0.068451,0.858292,0.007240,-0.000000,0.000000,102.407645,-0.015007,-0.188172,-0.001587,0.188776,0.686036,8.602059,0.072559,8.602059,107.859356,0.909798,0.072559,0.909798,0.007674,-0.000000,0.000000,108.553066,0.032852,0.093838,0.062819,0.032257,0.093830,0.061795,0.000595,0.000008,0.001025,-0.009732,-0.072517,-0.036889,0.081941,1.244315,9.272277,4.716733,9.272277,69.094327,35.147731,4.716733,35.147731,17.879369,0.000000,0.000000,88.218012,-0.009732,-0.072517,-0.036889,0.081941,1.278197,9.524754,4.845166,9.524754,70.975711,36.104776,4.845166,36.104776,18.366211,-0.000000,0.000000,90.620119
0.5007,baseline,0.037,20.0000,4.158622,-1.273204,-1.374447,-0.001534,-0.145728,1.142816,-2.012583,1.003223,-2.699806,1.300816,-2.531068,1.308486,-1.822369,0.007851,0.043245,-0.000000,0.023981,0.023981,-0.050153,0.000000,0.021929,0.023981,-0.045272,0.023981,0.218127,0.023981,1.544808,-0.720954,1.135906,0.001329,0.004858,0.000000,-0.004858,-0.007286,0.694832,0.923203,0.923203,0.609960,1.197784,1.197784,0.790896,1.161041,1.161041,0.795559,0.942280,0.942280,-0.007650,0.088549,-0.010173,0.003613,0.061050,-0.009209,-0.011263,0.027499,-0.000964,0.002942,-0.004960,0.006506,0.008694,3.461408,-5.836144,7.655772,-5.836144,9.840093,-12.908096,7.655772,-12.908096,16.932660,-0.000000,0.000000,30.234161,0.002942,-0.004960,0.006506,0.008694,2.596020,-4.377048,5.741750,-4.377048,7.379968,-9.680939,5.741750,-9.680939,12.699321,-0.000000,0.000000,22.675310,-0.017155,0.115075,0.077735,-0.016495,0.114699,0.073593,-0.000659,0.000376,0.004142,-0.025626,-0.282491,-0.203581,0.349146,0.566281,6.242557,4.498767,6.242557,68.816590,49.593431,4.498767,49.593431,35.740050,-0.000000,0.000000,105.122921,-0.025626,-0.282491,-0.203581,0.349146,0.600240,6.616916,4.768553,6.616916,72.943444,52.567493,4.768553,52.567493,37.883341,-0.000000,0.000000,111.427024,0.001612,0.106952,0.072450,0.001591,0.106664,0.072231,0.000021,0.000288,0.000219,-0.002531,-0.024006,-0.003223,0.024353,1.054893,10.005109,1.343282,10.005109,94.893223,12.740330,1.343282,12.740330,1.710512,-0.000000,0.000000,97.658628,-0.002531,-0.024006,-0.003223,0.024353,1.059367,10.047539,1.348979,10.047539,95.295656,12.794361,1.348979,12.794361,1.717766,-0.000000,0.000000,98.072789,0.016714,0.101918,0.057814,0.016089,0.100935,0.055587,0.000625,0.000982,0.002227,-0.015007,-0.188171,-0.001587,0.188775,0.647198,8.115078,0.068451,8.115078,101.753207,0.858292,0.068451,0.858292,0.007240,-0.000000,0.000000,102.407645,-0.015007,-0.188171,-0.001587,0.188775,0.686036,8.602057,0.072559,8.602057,107.859341,0.909798,0.072559,0.909798,0.007674,-0.000000,0.000000,108.553051,0.032731,0.093797,0.062605,0.032257,0.093830,0.061795,0.000474,-0.000033,0.000811,-0.007436,-0.056591,-0.028495,0.063795,1.198424,9.121062,4.592661,9.121062,69.419340,34.954210,4.592661,34.954210,17.600236,-0.000000,0.000000,88.218000,-0.007436,-0.056591,-0.028495,0.063795,1.225021,9.323494,4.694590,9.323494,70.960025,35.729979,4.694590,35.729979,17.990853,-0.000000,0.000000,90.175899
0.5425,baseline,0.037,20.0000,4.158622,-1.268602,-1.374447,-0.001534,-0.145728,1.142816,-2.012583,1.003223,-2.699806,1.299282,-2.531068,1.303884,-1.822369,0.014561,0.144799,-0.000000,0.023981,0.023981,-0.011473,0.000000,0.018693,0.023981,-0.005971,0.023981,0.037133,0.023981,1.544808,-0.718348,1.135906,0.001329,0.004858,0.000000,-0.004858,-0.007286,0.694832,0.923203,0.923203,0.609960,1.197784,1.197784,0.789963,1.161041,1.161041,0.792761,0.942280,0.942280,-0.007678,0.088618,-0.010037,0.003613,0.061050,-0.009209,-0.011292,0.027568,-0.000828,0.002226,-0.003761,0.004908,0.006572,3.469260,-5.860969,7.649159,-5.860969,9.901525,-12.922494,7.649159,-12.922494,16.865166,-0.000000,0.000000,30.235950,0.002226,-0.003761,0.004908,0.006572,2.599133,-4.390977,5.730670,-4.390977,7.418119,-9.681397,5.730670,-9.681397,12.635205,-0.000000,0.000000,22.652457,-0.017155,0.115075,0.077735,-0.016495,0.114699,0.073593,-0.000659,0.000376,0.004142,-0.025626,-0.282491,-0.203581,0.349146,0.566281,6.242557,4.498767,6.242557,68.816590,49.593431,4.498767,49.593431,35.740050,0.000000,0.000000,105.122921,-0.025626,-0.282491,-0.203581,0.349146,0.600240,6.616916,4.768553,6.616916,72.943443,52.567493,4.768553,52.567493,37.883340,-0.000000,-0.000000,111.427024,0.001612,0.106952,0.072450,0.001591,0.106664,0.072231,0.000021,0.000288,0.000219,-0.002531,-0.024006,-0.003223,0.024353,1.054893,10.005109,1.343282,10.005109,94.893223,12.740330,1.343282,12.740330,1.710512,-0.000000,0.000000,97.658628,-0.002531,-0.024006,-0.003223,0.024353,1.059367,10.047539,1.348979,10.047539,95.295656,12.794361,1.348979,12.794361,1.717766,-0.000000,0.000000,98.072789,0.016729,0.101937,0.057868,0.016089,0.100935,0.055587,0.000640,0.001001,0.002281,-0.015400,-0.192513,-0.001798,0.193136,0.651060,8.139033,0.076012,8.139033,101.747712,0.950239,0.076012,0.950239,0.008874,-0.000000,-0.000000,102.407646,-0.015400,-0.192513,-0.001798,0.193136,0.691052,8.638987,0.080681,8.638987,107.997735,1.008609,0.080681,1.008609,0.009420,-0.000000,0.000000,108.698207,0.032803,0.093822,0.062734,0.032257,0.093830,0.061795,0.000546,-0.000008,0.000939,-0.008803,-0.066155,-0.033515,0.074681,1.225865,9.211948,4.666969,9.211948,69.224604,35.070655,4.666969,35.070655,17.767539,-0.000000,0.000000,88.218007,-0.008803,-0.066155,-0.033515,0.074681,1.256778,9.444252,4.784658,9.444252,70.970284,35.955053,4.784658,35.955053,18.215594,-0.000000,0.000000,90.442656
0.5858,baseline,0.037,20.0000,4.158622,-1.268602,-1.374447,-0.001534,-0.145728,1.152020,-2.012583,1.003223,-2.699806,1.313088,-2.531068,1.300816,-1.822369,0.011617,0.060949,-0.000000,0.023981,0.023981,0.095227,0.000000,0.004886,0.023981,0.128500,0.023981,-0.081940,0.023981,1.544808,-0.718348,1.135906,0.001329,0.004858,0.000000,-0.004858,-0.007286,0.700428,0.923203,0.923203,0.609960,1.197784,1.197784,0.798357,1.161041,1.161041,0.790896,0.942280,0.942280,-0.007678,0.088618,-0.010037,0.003613,0.061050,-0.009209,-0.011292,0.027568,-0.000828,0.002226,-0.003761,0.004908,0.006572,3.469260,-5.860969,7.649159,-5.860969,9.901525,-12.922494,7.649159,-12.922494,16.865166,-0.000000,0.000000,30.235950,0.002226,-0.003761,0.004908,0.006572,2.599133,-4.390977,5.730670,-4.390977,7.418119,-9.681397,5.730670,-9.681397,12.635205,-0.000000,0.000000,22.652457,-0.017091,0.115050,0.077340,-0.016495,0.114699,0.073593,-0.000596,0.000351,0.003747,-0.023511,-0.256502,-0.182722,0.315806,0.582644,6.356547,4.528139,6.356547,69.348895,49.401260,4.528139,49.401260,35.191397,-0.000000,0.000000,105.122935,-0.023511,-0.256502,-0.182722,0.315806,0.614341,6.702365,4.774486,6.702365,73.121720,52.088863,4.774486,52.088863,37.105933,-0.000000,0.000000,110.841994,0.001612,0.106952,0.072450,0.001591,0.106664,0.072231,0.000021,0.000288,0.000219,-0.002531,-0.024006,-0.003223,0.024353,1.054893,10.005109,1.343282,10.005109,94.893223,12.740330,1.343282,12.740330,1.710512,-0.000000,0.000000,97.658628,-0.002531,-0.024006,-0.003223,0.024353,1.059367,10.047539,1.348979,10.047539,95.295656,12.794361,1.348979,12.794361,1.717766,-0.000000,0.000000,98.072789,0.016596,0.101763,0.057388,0.016089,0.100935,0.055587,0.000507,0.000827,0.001801,-0.011945,-0.153469,-0.000185,0.153933,0.616696,7.923002,0.009534,7.923002,101.790791,0.122485,0.009534,0.122485,0.000147,-0.000000,0.000000,102.407634,-0.011945,-0.153469,-0.000185,0.153933,0.646695,8.308418,0.009998,8.308418,106.742427,0.128444,0.009998,0.128444,0.000155,-0.000000,-0.000000,107.389277,0.032852,0.093838,0.062819,0.032257,0.093830,0.061795,0.000595,0.000008,0.001025,-0.009731,-0.072515,-0.036888,0.081938,1.244315,9.272277,4.716733,9.272277,69.094327,35.147731,4.716733,35.147731,17.879369,0.000000,0.000000,88.218012,-0.009731,-0.072515,-0.036888,0.081938,1.278197,9.524751,4.845164,9.524751,70.975685,36.104763,4.845164,36.104763,18.366204,-0.000000,0.000000,90.620086
0.6309,baseline,0.037,20.0000,4.158622,-1.268602,-1.374447,-0.001534,-0.145728,1.158155,-2.012583,1.003223,-2.699806,1.319223,-2.531068,1.294680,-1.822369,0.015987,0.032438,-0.000000,0.023981,0.023981,0.218218,0.000000,0.012354,0.023981,0.278989,0.023981,-0.107073,0.023981,1.544808,-0.718348,1.135906,0.001329,0.004858,0.000000,-0.004858,-0.007286,0.704159,0.923203,0.923203,0.609960,1.197784,1.197784,0.802088,1.161041,1.161041,0.787165,0.942280,0.942280,-0.007678,0.088618,-0.010037,0.003613,0.061050,-0.009209,-0.011292,0.027568,-0.000828,0.002226,-0.003761,0.004908,0.006572,3.469260,-5.860969,7.649159,-5.860969,9.901525,-12.922494,7.649159,-12.922494,16.865166,-0.000000,0.000000,30.235950,0.002226,-0.003761,0.004908,0.006572,2.599133,-4.390977,5.730670,-4.390977,7.418119,-9.681397,5.730670,-9.681397,12.635205,-0.000000,0.000000,22.652457,-0.017048,0.115032,0.077077,-0.016495,0.114699,0.073593,-0.000553,0.000333,0.003483,-0.022063,-0.239064,-0.168984,0.293588,0.593686,6.432835,4.547107,6.432835,69.702460,49.269803,4.547107,49.269803,34.826798,0.000000,0.000000,105.122944,-0.022063,-0.239064,-0.168984,0.293588,0.623772,6.758825,4.777536,6.758825,73.234698,51.766597,4.777536,51.766597,36.591679,-0.000000,0.000000,110.450148,0.001612,0.106952,0.072450,0.001591,0.106664,0.072231,0.000021,0.000288,0.000219,-0.002531,-0.024006,-0.003223,0.024353,1.054893,10.005109,1.343282,10.005109,94.893223,12.740330,1.343282,12.740330,1.710512,-0.000000,0.000000,97.658628,-0.002531,-0.024006,-0.003223,0.024353,1.059367,10.047539,1.348979,10.047539,95.295656,12.794361,1.348979,12.794361,1.717766,-0.000000,0.000000,98.072789,0.016537,0.101684,0.057176,0.016089,0.100935,0.055587,0.000448,0.000749,0.001589,-0.010466,-0.136136,0.000328,0.136538,0.601707,7.826687,-0.018877,7.826687,101.805329,-0.245541,-0.018877,-0.245541,0.000592,-0.000000,-0.000000,102.407629,-0.010466,-0.136136,0.000328,0.136538,0.627549,8.162814,-0.019688,8.162814,106.177497,-0.256086,-0.019688,-0.256086,0.000618,-0.000000,0.000000,106.805664,0.032949,0.093870,0.062990,0.032257,0.093830,0.061795,0.000692,0.000041,0.001195,-0.011627,-0.085209,-0.043699,0.096464,1.281592,9.392305,4.816803,9.392305,68.832694,35.300550,4.816803,35.300550,18.103735,-0.000000,0.000000,88.218021,-0.011627,-0.085209,-0.043699,0.096464,1.321631,9.685738,4.967289,9.685738,70.983156,36.403405,4.967289,36.403405,18.669329,-0.000000,0.000000,90.974116
0.6728,baseline,0.037,20.0000,4.158622,-1.267068,-1.374447,-0.001534,-0.145728,1.152020,-2.012583,1.003223,-2.699806,1.314622,-2.531068,1.290078,-1.822369,0.005231,0.025916,-0.000000,0.023981,0.023981,-0.003392,0.000000,0.014878,0.023981,0.022744,0.023981,-0.111965,0.023981,1.544808,-0.717479,1.135906,0.001329,0.004858,0.000000,-0.004858,-0.007286,0.700428,0.923203,0.923203,0.609960,1.197784,1.197784,0.799290,1.161041,1.161041,0.784367,0.942280,0.942280,-0.007688,0.088641,-0.009991,0.003613,0.061050,-0.009209,-0.011301,0.027591,-0.000782,0.001988,-0.003360,0.004378,0.005865,3.471882,-5.869248,7.646941,-5.869248,9.922016,-12.927222,7.646941,-12.927222,16.842653,-0.000000,0.000000,30.236551,0.001988,-0.003360,0.004378,0.005865,2.600173,-4.395616,5.726972,-4.395616,7.430828,-9.681497,5.726972,-9.681497,12.613854,-0.000000,0.000000,22.644855,-0.017091,0.115050,0.077340,-0.016495,0.114699,0.073593,-0.000596,0.000351,0.003747,-0.023511,-0.256502,-0.182722,0.315806,0.582644,6.356547,4.528139,6.356547,69.348895,49.401260,4.528139,49.401260,35.191397,-0.000000,0.000000,105.122935,-0.023511,-0.256502,-0.182722,0.315806,0.614341,6.702365,4.774485,6.702365,73.121719,52.088863,4.774485,52.088863,37.105933,0.000000,0.000000,110.841994,0.001612,0.106952,0.072450,0.001591,0.106664,0.072231,0.000021,0.000288,0.000219,-0.002531,-0.024006,-0.003223,0.024353,1.054893,10.005109,1.343282,10.005109,94.893223,12.740330,1.343282,12.740330,1.710512,-0.000000,0.000000,97.658628,-0.002531,-0.024006,-0.003223,0.024353,1.059367,10.047539,1.348979,10.047539,95.295656,12.794361,1.348979,12.794361,1.717766,-0.000000,0.000000,98.072789,0.016581,0.101743,0.057335,0.016089,0.100935,0.055587,0.000492,0.000808,0.001748,-0.011572,-0.149136,-0.000045,0.149584,0.612932,7.898940,0.002366,7.898940,101.794691,0.030485,0.002366,0.030485,0.000009,-0.000000,0.000000,102.407633,-0.011572,-0.149136,-0.000045,0.149584,0.641876,8.271942,0.002477,8.271942,106.601615,0.031925,0.002477,0.031925,0.000010,-0.000000,0.000000,107.243501,0.033021,0.093894,0.063118,0.032257,0.093830,0.061795,0.000764,0.000064,0.001324,-0.013083,-0.094704,-0.048865,0.107367,1.309875,9.481771,4.892326,9.481771,68.635534,35.413993,4.892326,35.413993,18.272618,-0.000000,0.000000,88.218027,-0.013083,-0.094704,-0.048865,0.107367,1.354730,9.806457,5.059854,9.806457,70.985832,36.626680,5.059854,36.626680,18.898331,-0.000000,-0.000000,91.238892
0.7158,baseline,0.037,20.0000,4.158622,-1.264000,-1.374447,-0.001534,-0.145728,1.148952,-2.012583,1.003223,-2.699806,1.308486,-2.531068,1.283942,-1.822369,0.013460,0.069591,-0.000000,0.023981,0.023981,-0.102082,0.000000,0.016222,0.023981,-0.088376,0.023981,-0.105759,0.023981,1.544808,-0.715742,1.135906,0.001329,0.004858,0.000000,-0.004858,-0.007286,0.698563,0.923203,0.923203,0.609960,1.197784,1.197784,0.795559,1.161041,1.161041,0.780637,0.942280,0.942280,-0.007707,0.088687,-0.009900,0.003613,0.061050,-0.009209,-0.011320,0.027637,-0.000691,0.001510,-0.002556,0.003319,0.004453,3.477135,-5.885810,7.642483,-5.885810,9.963018,-12.936571,7.642483,-12.936571,16.797607,-0.000000,0.000000,30.237760,0.001510,-0.002556,0.003319,0.004453,2.602257,-4.404889,5.719567,-4.404889,7.456235,-9.681616,5.719567,-9.681616,12.571183,-0.000000,0.000000,22.629675,-0.017112,0.115059,0.077472,-0.016495,0.114699,0.073593,-0.000617,0.000360,0.003878,-0.024224,-0.265188,-0.189641,0.326918,0.577163,6.318491,4.518471,6.318491,69.171718,49.465986,4.518471,49.465986,35.374050,-0.000000,0.000000,105.122930,-0.024224,-0.265188,-0.189641,0.326918,0.609635,6.673982,4.772689,6.673982,73.063465,52.249047,4.772689,52.249047,37.364268,-0.000000,0.000000,111.037369,0.001612,0.106952,0.072450,0.001591,0.106664,0.072231,0.000021,0.000288,0.000219,-0.002531,-0.024006,-0.003223,0.024353,1.054893,10.005109,1.343282,10.005109,94.893223,12.740330,1.343282,12.740330,1.710512,-0.000000,0.000000,97.658628,-0.002531,-0.024006,-0.003223,0.024353,1.059367,10.047539,1.348979,10.047539,95.295656,12.794361,1.348979,12.794361,1.717766,-0.000000,0.000000,98.072789,0.016640,0.101821,0.057548,0.016089,0.100935,0.055587,0.000551,0.000886,0.001961,-0.013078,-0.166479,-0.000652,0.166994,0.628052,7.995119,0.031301,7.995119,101.778026,0.398457,0.031301,0.398457,0.001560,-0.000000,0.000000,102.407639,-0.013078,-0.166479,-0.000652,0.166994,0.661284,8.418160,0.032957,8.418160,107.163349,0.419540,0.032957,0.419540,0.001642,-0.000000,0.000000,107.826275,0.033118,0.093925,0.063289,0.032257,0.093830,0.061795,0.000861,0.000095,0.001495,-0.015070,-0.107327,-0.055827,0.121913,1.348020,9.600314,4.993644,9.600314,68.371416,35.563682,4.993644,35.563682,18.498600,-0.000000,0.000000,88.218036,-0.015070,-0.107327,-0.055827,0.121913,1.399559,9.967363,5.184566,9.967363,70.985462,36.923389,5.184566,36.923389,19.205857,-0.000000,0.000000,91.590878
0.7587,baseline,0.037,20.0000,4.158622,-1.264000,-1.374447,-0.001534,-0.145728,1.147418,-2.012583,1.003223,-2.699806,1.305418,-2.531068,1.280874,-1.822369,0.004845,0.050533,-0.000000,0.023981,0.023981,-0.014936,0.000000,0.006587,0.023981,-0.095484,0.023981,-0.089926,0.023981,1.544808,-0.715742,1.135906,0.001329,0.004858,0.000000,-0.004858,-0.007286,0.697630,0.923203,0.923203,0.609960,1.197784,1.197784,0.793694,1.161041,1.161041,0.778771,0.942280,0.942280,-0.007707,0.088687,-0.009900,0.003613,0.061050,-0.009209,-0.011320,0.027637,-0.000691,0.001510,-0.002556,0.003319,0.004453,3.477135,-5.885810,7.642483,-5.885810,9.963018,-12.936571,7.642483,-12.936571,16.797607,-0.000000,0.000000,30.237760,0.001510,-0.002556,0.003319,0.004453,2.602257,-4.404889,5.719567,-4.404889,7.456235,-9.681616,5.719567,-9.681616,12.571183,-0.000000,0.000000,22.629675,-0.017123,0.115063,0.077538,-0.016495,0.114699,0.073593,-0.000627,0.000364,0.003944,-0.024577,-0.269522,-0.193113,0.332474,0.574432,6.299485,4.513591,6.299485,69.083033,49.498099,4.513591,49.498099,35.465463,-0.000000,-0.000000,105.122928,-0.024577,-0.269522,-0.193113,0.332474,0.607284,6.659753,4.771723,6.659753,73.033898,52.328900,4.771723,52.328900,37.493737,0.000000,0.000000,111.134919,0.001612,0.106952,0.072450,0.001591,0.106664,0.072231,0.000021,0.000288,0.000219,-0.002531,-0.024006,-0.003223,0.024353,1.054893,10.005109,1.343282,10.005109,94.893223,12.740330,1.343282,12.740330,1.710512,-0.000000,0.000000,97.658628,-0.002531,-0.024006,-0.003223,0.024353,1.059367,10.047539,1.348979,10.047539,95.295656,12.794361,1.348979,12.794361,1.717766,-0.000000,0.000000,98.072789,0.016670,0.101860,0.057654,0.016089,0.100935,0.055587,0.000581,0.000925,0.002067,-0.013843,-0.175156,-0.001002,0.175705,0.635678,8.043138,0.046030,8.043138,101.768630,0.582410,0.046030,0.582410,0.003333,-0.000000,0.000000,102.407641,-0.013843,-0.175156,-0.001002,0.175705,0.671119,8.491571,0.048596,8.491571,107.442591,0.614882,0.048596,0.614882,0.003519,0.000000,0.000000,108.117229,0.033167,0.093940,0.063375,0.032257,0.093830,0.061795,0.000910,0.000110,0.001580,-0.016083,-0.113623,-0.059340,0.129190,1.367277,9.659264,5.044568,9.659264,68.238832,35.637851,5.044568,35.637851,18.611931,-0.000000,0.000000,88.218040,-0.016083,-0.113623,-0.059340,0.129190,1.422273,10.047788,5.247475,10.047788,70.983594,37.071309,5.247475,37.071309,19.360557,-0.000000,-0.000000,91.766424
0.8091,baseline,0.037,20.0000,4.157088,-1.264000,-1.374447,-0.001534,-0.145728,1.158155,-2.012583,1.003223,-2.699806,1.299282,-2.531068,1.276272,-1.822369,0.011604,0.028409,-0.000000,0.023981,0.023981,0.105034,0.000000,0.014581,0.023981,-0.103747,0.023981,-0.068937,0.023981,1.544238,-0.715742,1.135906,0.001329,0.004858,0.000000,-0.004858,-0.007286,0.704159,0.923203,0.923203,0.609960,1.197784,1.197784,0.789963,1.161041,1.161041,0.775973,0.942280,0.942280,-0.007745,0.088698,-0.009909,0.003613,0.061050,-0.009209,-0.011358,0.027648,-0.000701,0.001771,-0.002992,0.003888,0.005216,3.485173,-5.889895,7.651570,-5.889895,9.953844,-12.931050,7.651570,-12.931050,16.798743,-0.000000,0.000000,30.237760,0.001771,-0.002992,0.003888,0.005216,2.608577,-4.408460,5.727035,-4.408460,7.450238,-9.678613,5.727035,-9.678613,12.573497,-0.000000,0.000000,22.632312,-0.017048,0.115032,0.077077,-0.016495,0.114699,0.073593,-0.000553,0.000333,0.003483,-0.022063,-0.239063,-0.168984,0.293588,0.593686,6.432835,4.547107,6.432835,69.702460,49.269803,4.547107,49.269803,34.826798,-0.000000,0.000000,105.122944,-0.022063,-0.239063,-0.168984,0.293588,0.623772,6.758825,4.777536,6.758825,73.234697,51.766596,4.777536,51.766596,36.591679,-0.000000,0.000000,110.450147,0.001612,0.106952,0.072450,0.001591,0.106664,0.072231,0.000021,0.000288,0.000219,-0.002531,-0.024006,-0.003223,0.024353,1.054893,10.005109,1.343282,10.005109,94.893223,12.740330,1.343282,12.740330,1.710512,-0.000000,0.000000,97.658628,-0.002531,-0.024006,-0.003223,0.024353,1.059367,10.047539,1.348979,10.047539,95.295656,12.794361,1.348979,12.794361,1.717766,-0.000000,0.000000,98.072789,0.016729,0.101937,0.057868,0.016089,0.100935,0.055587,0.000640,0.001001,0.002281,-0.015400,-0.192516,-0.001798,0.193139,0.651060,8.139033,0.076012,8.139033,101.747712,0.950239,0.076012,0.950239,0.008874,-0.000000,0.000000,102.407646,-0.015400,-0.192516,-0.001798,0.193139,0.691053,8.638991,0.080681,8.638991,107.997783,1.008610,0.080681,1.008610,0.009420,-0.000000,0.000000,108.698255,0.033240,0.093962,0.063503,0.032257,0.093830,0.061795,0.000983,0.000132,0.001709,-0.017627,-0.123045,-0.064648,0.140107,1.396393,9.747286,5.121283,9.747286,68.039302,35.748259,5.121283,35.748259,18.782351,0.000000,0.000000,88.218046,-0.017627,-0.123045,-0.064648,0.140107,1.456718,10.168380,5.342528,10.168380,70.978678,37.292625,5.342528,37.292625,19.593770,-0.000000,-0.000000,92.029167
0.8518,baseline,0.037,20.0000,4.158622,-1.264000,-1.374447,-0.001534,-0.145728,1.162757,-2.012583,1.003223,-2.699806,1.293146,-2.531068,1.276272,-1.822369,0.006919,0.024994,-0.000000,0.023981,0.023981,0.208885,0.000000,0.003336,0.023981,-0.111129,0.023981,-0.038480,0.023981,1.544808,-0.715742,1.135906,0.001329,0.004858,0.000000,-0.004858,-0.007286,0.706957,0.923203,0.923203,0.609960,1.197784,1.197784,0.786233,1.161041,1.161041,0.775973,0.942280,0.942280,-0.007707,0.088687,-0.009900,0.003613,0.061050,-0.009209,-0.011320,0.027637,-0.000691,0.001510,-0.002556,0.003319,0.004453,3.477135,-5.885810,7.642483,-5.885810,9.963018,-12.936571,7.642483,-12.936571,16.797607,-0.000000,0.000000,30.237760,0.001510,-0.002556,0.003319,0.004453,2.602257,-4.404889,5.719567,-4.404889,7.456235,-9.681616,5.719567,-9.681616,12.571183,-0.000000,0.000000,22.629675,-0.017017,0.115018,0.076879,-0.016495,0.114699,0.073593,-0.000521,0.000319,0.003286,-0.020957,-0.225926,-0.158770,0.276929,0.602038,6.490204,4.561009,6.490204,69.966935,49.169461,4.561009,49.169461,34.553978,-0.000000,-0.000000,105.122951,-0.020957,-0.225926,-0.158770,0.276929,0.630858,6.800898,4.779350,6.800898,73.316333,51.523261,4.779350,51.523261,36.208117,-0.000000,0.000000,110.155308,0.001612,0.106952,0.072450,0.001591,0.106664,0.072231,0.000021,0.000288,0.000219,-0.002531,-0.024006,-0.003223,0.024353,1.054893,10.005109,1.343282,10.005109,94.893223,12.740330,1.343282,12.740330,1.710512,-0.000000,0.000000,97.658628,-0.002531,-0.024006,-0.003223,0.024353,1.059367,10.047539,1.348979,10.047539,95.295656,12.794361,1.348979,12.794361,1.717766,-0.000000,0.000000,98.072789,0.016788,0.102013,0.058081,0.016089,0.100935,0.055587,0.000699,0.001077,0.002494,-0.016991,-0.209885,-0.002719,0.210589,0.666616,8.234733,0.106690,8.234733,101.723960,1.317947,0.106690,1.317947,0.017075,0.000000,0.000000,102.407651,-0.016991,-0.209885,-0.002719,0.210589,0.711339,8.787196,0.113848,8.787196,108.548546,1.406367,0.113848,1.406367,0.018221,0.000000,0.000000,109.278106,0.033240,0.093962,0.063503,0.032257,0.093830,0.061795,0.000983,0.000132,0.001709,-0.017627,-0.123045,-0.064649,0.140108,1.396393,9.747286,5.121283,9.747286,68.039302,35.748259,5.121283,35.748259,18.782351,-0.000000,0.000000,88.218046,-0.017627,-0.123045,-0.064649,0.140108,1.456719,10.168381,5.342528,10.168381,70.978682,37.292627,5.342528,37.292627,19.593771,-0.000000,0.000000,92.029172
0.8946,baseline,0.037,20.0000,4.158622,-1.264000,-1.374447,-0.001534,-0.145728,1.155088,-2.012583,1.003223,-2.699806,1.287010,-2.531068,1.274738,-1.822369,0.020487,0.024213,-0.000000,0.023981,0.023981,-0.021231,0.000000,0.014421,0.023981,-0.117897,0.023981,-0.022860,0.023981,1.544808,-0.715742,1.135906,0.001329,0.004858,0.000000,-0.004858,-0.007286,0.702293,0.923203,0.923203,0.609960,1.197784,1.197784,0.782502,1.161041,1.161041,0.775041,0.942280,0.942280,-0.007707,0.088687,-0.009900,0.003613,0.061050,-0.009209,-0.011320,0.027637,-0.000691,0.001510,-0.002556,0.003319,0.004453,3.477135,-5.885810,7.642483,-5.885810,9.963018,-12.936571,7.642483,-12.936571,16.797607,-0.000000,0.000000,30.237760,0.001510,-0.002556,0.003319,0.004453,2.602257,-4.404889,5.719567,-4.404889,7.456235,-9.681616,5.719567,-9.681616,12.571183,-0.000000,0.000000,22.629675,-0.017070,0.115041,0.077208,-0.016495,0.114699,0.073593,-0.000574,0.000342,0.003615,-0.022791,-0.247794,-0.175836,0.304696,0.588151,6.394662,4.537684,6.394662,69.525809,49.335865,4.537684,49.335865,35.008979,-0.000000,-0.000000,105.122939,-0.022791,-0.247794,-0.175836,0.304696,0.619054,6.730647,4.776101,6.730647,73.178796,51.928043,4.776101,51.928043,36.848401,-0.000000,0.000000,110.646251,0.001612,0.106952,0.072450,0.001591,0.106664,0.072231,0.000021,0.000288,0.000219,-0.002531,-0.024006,-0.003223,0.024353,1.054893,10.005109,1.343282,10.005109,94.893223,12.740330,1.343282,12.740330,1.710512,-0.000000,0.000000,97.658628,-0.002531,-0.024006,-0.003223,0.024353,1.059367,10.047539,1.348979,10.047539,95.295656,12.794361,1.348979,12.794361,1.717766,-0.000000,0.000000,98.072789,0.016848,0.102088,0.058295,0.016089,0.100935,0.055587,0.000758,0.001152,0.002708,-0.018616,-0.227265,-0.003767,0.228057,0.682346,8.330232,0.138064,8.330232,101.697375,1.685513,0.138064,1.685513,0.027935,-0.000000,0.000000,102.407656,-0.018616,-0.227265,-0.003767,0.228057,0.731980,8.936174,0.148106,8.936174,109.094844,1.808117,0.148106,1.808117,0.029967,-0.000000,0.000000,109.856791,0.033264,0.093969,0.063546,0.032257,0.093830,0.061795,0.001007,0.000140,0.001752,-0.018149,-0.126182,-0.066430,0.143750,1.406159,9.776519,5.146942,9.776519,67.972620,35.784836,5.146942,35.784836,18.839269,0.000000,0.000000,88.218048,-0.018149,-0.126182,-0.066430,0.143750,1.468301,10.208568,5.374398,10.208568,70.976501,37.366258,5.374398,37.366258,19.671824,-0.000000,0.000000,92.116626
0.9364,baseline,0.037,20.0000,4.158622,-1.264000,-1.374447,-0.001534,-0.145728,1.152020,-2.012583,1.004757,-2.699806,1.280874,-2.531068,1.276272,-1.822369,0.014934,0.024034,-0.000000,0.023981,0.023981,-0.105263,0.000000,0.006984,0.023981,-0.139273,0.023981,-0.002832,0.023981,1.544808,-0.715742,1.135906,0.001329,0.004858,0.000000,-0.004858,-0.007286,0.700428,0.923203,0.923203,0.610893,1.197784,1.197784,0.778771,1.161041,1.161041,0.775973,0.942280,0.942280,-0.007707,0.088687,-0.009900,0.003613,0.061050,-0.009209,-0.011320,0.027637,-0.000691,0.001510,-0.002556,0.003319,0.004453,3.477135,-5.885810,7.642483,-5.885810,9.963018,-12.936571,7.642483,-12.936571,16.797607,-0.000000,0.000000,30.237760,0.001510,-0.002556,0.003319,0.004453,2.602257,-4.404889,5.719567,-4.404889,7.456235,-9.681616,5.719567,-9.681616,12.571183,-0.000000,0.000000,22.629675,-0.017091,0.115050,0.077340,-0.016495,0.114699,0.073593,-0.000596,0.000351,0.003747,-0.023511,-0.256502,-0.182722,0.315806,0.582644,6.356547,4.528139,6.356547,69.348895,49.401260,4.528139,49.401260,35.191397,-0.000000,-0.000000,105.122935,-0.023511,-0.256502,-0.182722,0.315806,0.614341,6.702365,4.774485,6.702365,73.121718,52.088862,4.774485,52.088862,37.105932,-0.000000,0.000000,110.841992,0.001610,0.106944,0.072390,0.001591,0.106664,0.072231,0.000019,0.000280,0.000160,-0.002098,-0.019908,-0.002654,0.020193,1.054446,10.004266,1.333635,10.004266,94.917438,12.653120,1.333635,12.653120,1.686744,-0.000000,0.000000,97.658628,-0.002098,-0.019908,-0.002654,0.020193,1.057216,10.030544,1.337138,10.030544,95.166764,12.686357,1.337138,12.686357,1.691175,-0.000000,0.000000,97.915155,0.016907,0.102162,0.058509,0.016089,0.100935,0.055587,0.000818,0.001227,0.002922,-0.020275,-0.244652,-0.004940,0.245540,0.698248,8.425525,0.170131,8.425525,101.667959,2.052917,0.170131,2.052917,0.041453,-0.000000,0.000000,102.407660,-0.020275,-0.244652,-0.004940,0.245540,0.752976,9.085910,0.183466,9.085910,109.636603,2.213823,0.183466,2.213823,0.044702,-0.000000,-0.000000,110.434282,0.033240,0.093962,0.063503,0.032257,0.093830,0.061795,0.000983,0.000132,0.001709,-0.017628,-0.123048,-0.064650,0.140111,1.396393,9.747286,5.121283,9.747286,68.039303,35.748260,5.121283,35.748260,18.782351,-0.000000,0.000000,88.218046,-0.017628,-0.123048,-0.064650,0.140111,1.456719,10.168385,5.342531,10.168385,70.978711,37.292643,5.342531,37.292643,19.593779,-0.000000,0.000000,92.029209
0.9789,baseline,0.037,20.0000,4.158622,-1.264000,-1.374447,-0.001534,-0.145728,1.150486,-2.012583,1.003223,-2.699806,1.274738,-2.531068,1.290078,-1.822369,0.014653,0.020155,-0.000000,0.023981,0.023981,-0.036550,0.000000,0.011845,0.023981,-0.142830,0.023981,0.161553,0.023981,1.544808,-0.715742,1.135906,0.001329,0.004858,0.000000,-0.004858,-0.007286,0.699495,0.923203,0.923203,0.609960,1.197784,1.197784,0.775041,1.161041,1.161041,0.784367,0.942280,0.942280,-0.007707,0.088687,-0.009900,0.003613,0.061050,-0.009209,-0.011320,0.027637,-0.000691,0.001510,-0.002556,0.003319,0.004453,3.477135,-5.885810,7.642483,-5.885810,9.963018,-12.936571,7.642483,-12.936571,16.797607,-0.000000,0.000000,30.237760,0.001510,-0.002556,0.003319,0.004453,2.602257,-4.404889,5.719567,-4.404889,7.456235,-9.681616,5.719567,-9.681616,12.571183,-0.000000,0.000000,22.629675,-0.017102,0.115054,0.077406,-0.016495,0.114699,0.073593,-0.000606,0.000355,0.003813,-0.023868,-0.260848,-0.186177,0.321362,0.579900,6.337511,4.523320,6.337511,69.260339,49.433707,4.523320,49.433707,35.282694,-0.000000,0.000000,105.122933,-0.023868,-0.260848,-0.186177,0.321362,0.611987,6.688186,4.773610,6.688186,73.092739,52.169034,4.773610,52.169034,37.235000,-0.000000,0.000000,110.939726,0.001612,0.106952,0.072450,0.001591,0.106664,0.072231,0.000021,0.000288,0.000219,-0.002531,-0.024006,-0.003223,0.024353,1.054893,10.005109,1.343282,10.005109,94.893223,12.740330,1.343282,12.740330,1.710512,-0.000000,0.000000,97.658628,-0.002531,-0.024006,-0.003223,0.024353,1.059367,10.047539,1.348979,10.047539,95.295656,12.794361,1.348979,12.794361,1.717766,-0.000000,0.000000,98.072789,0.016966,0.102236,0.058723,0.016089,0.100935,0.055587,0.000877,0.001300,0.003136,-0.021968,-0.262044,-0.006240,0.263037,0.714323,8.520607,0.202892,8.520607,101.635713,2.420138,0.202892,2.420138,0.057628,0.000000,0.000000,102.407664,-0.021968,-0.262044,-0.006240,0.263037,0.774331,9.236391,0.219936,9.236391,110.173753,2.623445,0.219936,2.623445,0.062469,-0.000000,0.000000,111.010552,0.033021,0.093894,0.063118,0.032257,0.093830,0.061795,0.000764,0.000064,0.001324,-0.013084,-0.094710,-0.048868,0.107374,1.309875,9.481771,4.892326,9.481771,68.635534,35.413993,4.892326,35.413993,18.272618,0.000000,0.000000,88.218028,-0.013084,-0.094710,-0.048868,0.107374,1.354731,9.806465,5.059859,9.806465,70.985891,36.626711,5.059859,36.626711,18.898346,-0.000000,0.000000,91.238968
1.0215,baseline,0.037,20.0000,4.158622,-1.259398,-1.374447,-0.001534,-0.145728,1.147418,-2.012583,1.003223,-2.699806,1.267068,-2.531068,1.296214,-1.822369,0.016040,0.052315,-0.000000,0.023981,0.023981,-0.053292,0.000000,0.016496,0.023981,-0.145241,0.023981,0.260799,0.023981,1.544808,-0.713136,1.135906,0.001329,0.004858,0.000000,-0.004858,-0.007286,0.697630,0.923203,0.923203,0.609960,1.197784,1.197784,0.770377,1.161041,1.161041,0.788098,0.942280,0.942280,-0.007735,0.088756,-0.009763,0.003613,0.061050,-0.009209,-0.011348,0.027706,-0.000555,0.000793,-0.001346,0.001738,0.002337,3.485033,-5.910665,7.635742,-5.910665,10.024569,-12.950325,7.635742,-12.950325,16.729987,-0.000000,0.000000,30.239590,0.000793,-0.001346,0.001738,0.002337,2.605393,-4.418783,5.708442,-4.418783,7.494318,-9.681598,5.708442,-9.681598,12.507254,-0.000000,0.000000,22.606965,-0.017123,0.115063,0.077538,-0.016495,0.114699,0.073593,-0.000627,0.000364,0.003944,-0.024577,-0.269522,-0.193113,0.332474,0.574432,6.299485,4.513591,6.299485,69.083033,49.498099,4.513591,49.498099,35.465463,-0.000000,0.000000,105.122928,-0.024577,-0.269522,-0.193113,0.332474,0.607284,6.659753,4.771723,6.659753,73.033898,52.328900,4.771723,52.328900,37.493737,-0.000000,0.000000,111.134919,0.001612,0.106952,0.072450,0.001591,0.106664,0.072231,0.000021,0.000288,0.000219,-0.002531,-0.024006,-0.003223,0.024353,1.054893,10.005109,1.343282,10.005109,94.893223,12.740330,1.343282,12.740330,1.710512,-0.000000,0.000000,97.658628,-0.002531,-0.024006,-0.003223,0.024353,1.059367,10.047539,1.348979,10.047539,95.295656,12.794361,1.348979,12.794361,1.717766,-0.000000,0.000000,98.072789,0.017041,0.102326,0.058991,0.016089,0.100935,0.055587,0.000951,0.001391,0.003405,-0.024133,-0.283795,-0.008042,0.284932,0.734658,8.639153,0.244815,8.639153,101.591430,2.878877,0.244815,2.878877,0.081581,-0.000000,0.000000,102.407669,-0.024133,-0.283795,-0.008042,0.284932,0.801530,9.425523,0.267099,9.425523,110.838689,3.140924,0.267099,3.140924,0.089007,-0.000000,0.000000,111.729225,0.032924,0.093862,0.062947,0.032257,0.093830,0.061795,0.000667,0.000033,0.001153,-0.011149,-0.082047,-0.041992,0.092841,1.272226,9.362378,4.791718,9.362378,68.898237,35.262513,4.791718,35.262513,18.047556,0.000000,0.000000,88.218019,-0.011149,-0.082047,-0.041992,0.092841,1.310699,9.645506,4.936625,9.645506,70.981793,36.328889,4.936625,36.328889,18.593333,-0.000000,0.000000,90.885826
1.0636,baseline,0.037,20.0000,4.158622,-1.260932,-1.374447,-0.001534,-0.145728,1.147418,-2.012583,1.003223,-2.699806,1.259398,-2.531068,1.291612,-1.822369,0.014913,0.051930,-0.000000,0.023981,0.023981,-0.018872,0.000000,0.011161,0.023981,-0.163205,0.023981,0.028416,0.023981,1.544808,-0.714005,1.135906,0.001329,0.004858,0.000000,-0.004858,-0.007286,0.697630,0.923203,0.923203,0.609960,1.197784,1.197784,0.765714,1.161041,1.161041,0.785300,0.942280,0.942280,-0.007726,0.088733,-0.009809,0.003613,0.061050,-0.009209,-0.011339,0.027683,-0.000600,0.001032,-0.001750,0.002264,0.003042,3.482398,-5.902378,7.637996,-5.902378,10.004046,-12.945776,7.637996,-12.945776,16.752534,-0.000000,0.000000,30.238977,0.001032,-0.001750,0.002264,0.003042,2.604347,-4.414154,5.712153,-4.414154,7.481627,-9.681630,5.712153,-9.681630,12.528553,-0.000000,0.000000,22.614527,-0.017123,0.115063,0.077538,-0.016495,0.114699,0.073593,-0.000627,0.000364,0.003944,-0.024577,-0.269522,-0.193113,0.332474,0.574432,6.299485,4.513591,6.299485,69.083033,49.498099,4.513591,49.498099,35.465463,-0.000000,0.000000,105.122928,-0.024577,-0.269522,-0.193113,0.332474,0.607284,6.659753,4.771723,6.659753,73.033898,52.328900,4.771723,52.328900,37.493737,-0.000000,0.000000,111.134919,0.001612,0.106952,0.072450,0.001591,0.106664,0.072231,0.000021,0.000288,0.000219,-0.002531,-0.024006,-0.003223,0.024353,1.054893,10.005109,1.343282,10.005109,94.893223,12.740330,1.343282,12.740330,1.710512,-0.000000,0.000000,97.658628,-0.002531,-0.024006,-0.003223,0.024353,1.059367,10.047539,1.348979,10.047539,95.295656,12.794361,1.348979,12.794361,1.717766,-0.000000,0.000000,98.072789,0.017115,0.102416,0.059260,0.016089,0.100935,0.055587,0.001026,0.001480,0.003673,-0.026352,-0.305554,-0.010042,0.306853,0.755260,8.757350,0.287815,8.757350,101.542732,3.337259,0.287815,3.337259,0.109681,-0.000000,-0.000000,102.407673,-0.026352,-0.305554,-0.010042,0.306853,0.829293,9.615776,0.316028,9.615776,111.496302,3.664389,0.316028,3.664389,0.120432,0.000000,0.000000,112.446027,0.032997,0.093886,0.063075,0.032257,0.093830,0.061795,0.000740,0.000056,0.001281,-0.012596,-0.091550,-0.047142,0.103742,1.300416,9.452002,4.867107,9.452002,68.701343,35.376291,4.867107,35.376291,18.216266,0.000000,0.000000,88.218026,-0.012596,-0.091550,-0.047142,0.103742,1.343649,9.766233,5.028913,9.766233,70.985310,36.552371,5.028913,36.552371,18.821864,-0.000000,-0.000000,91.150822
1.1061,baseline,0.037,20.0000,4.158622,-1.259398,-1.374447,-0.001534,-0.145728,1.152020,-2.012583,1.003223,-2.699806,1.250194,-2.531068,1.288544,-1.822369,0.011366,0.027514,-0.000000,0.023981,0.023981,0.033380,0.000000,0.015205,0.023981,-0.177445,0.023981,-0.060220,0.023981,1.544808,-0.713136,1.135906,0.001329,0.004858,0.000000,-0.004858,-0.007286,0.700428,0.923203,0.923203,0.609960,1.197784,1.197784,0.760118,1.161041,1.161041,0.783435,0.942280,0.942280,-0.007735,0.088756,-0.009763,0.003613,0.061050,-0.009209,-0.011348,0.027706,-0.000555,0.000793,-0.001346,0.001738,0.002337,3.485033,-5.910665,7.635742,-5.910665,10.024569,-12.950325,7.635742,-12.950325,16.729987,-0.000000,0.000000,30.239590,0.000793,-0.001346,0.001738,0.002337,2.605393,-4.418783,5.708442,-4.418783,7.494318,-9.681598,5.708442,-9.681598,12.507254,-0.000000,0.000000,22.606965,-0.017091,0.115050,0.077340,-0.016495,0.114699,0.073593,-0.000596,0.000351,0.003747,-0.023511,-0.256502,-0.182722,0.315806,0.582644,6.356547,4.528139,6.356547,69.348895,49.401260,4.528139,49.401260,35.191397,-0.000000,0.000000,105.122935,-0.023511,-0.256502,-0.182722,0.315806,0.614341,6.702365,4.774485,6.702365,73.121718,52.088862,4.774485,52.088862,37.105932,-0.000000,0.000000,110.841992,0.001612,0.106952,0.072450,0.001591,0.106664,0.072231,0.000021,0.000288,0.000219,-0.002531,-0.024006,-0.003223,0.024353,1.054893,10.005109,1.343282,10.005109,94.893223,12.740330,1.343282,12.740330,1.710512,-0.000000,0.000000,97.658628,-0.002531,-0.024006,-0.003223,0.024353,1.059367,10.047539,1.348979,10.047539,95.295656,12.794361,1.348979,12.794361,1.717766,-0.000000,0.000000,98.072789,0.017204,0.102521,0.059583,0.016089,0.100935,0.055587,0.001115,0.001586,0.003996,-0.029085,-0.331672,-0.012704,0.333187,0.780334,8.898711,0.340835,8.898711,101.478473,3.886790,0.340835,3.886790,0.148870,-0.000000,0.000000,102.407677,-0.029085,-0.331672,-0.012704,0.333187,0.863360,9.845517,0.377099,9.845517,112.275593,4.300337,0.377099,4.300337,0.164710,0.000000,0.000000,113.303662,0.033045,0.093901,0.063161,0.032257,0.093830,0.061795,0.000789,0.000072,0.001367,-0.013576,-0.097873,-0.050602,0.111013,1.319365,9.511487,4.917589,9.511487,68.569637,35.451584,4.917589,35.451584,18.329028,-0.000000,0.000000,88.218030,-0.013576,-0.097873,-0.050602,0.111013,1.365864,9.846702,5.090900,9.846702,70.986251,36.701011,5.090900,36.701011,18.975002,-0.000000,0.000000,91.327116
1.1485,baseline,0.037,20.0000,4.158622,-1.259398,-1.374447,-0.001534,-0.145728,1.161223,-2.012583,1.003223,-2.699806,1.240990,-2.531068,1.287010,-1.822369,0.004174,0.019437,-0.000000,0.023981,0.023981,0.201087,0.000000,0.013299,0.023981,-0.212709,0.023981,-0.041426,0.023981,1.544808,-0.713136,1.135906,0.001329,0.004858,0.000000,-0.004858,-0.007286,0.706024,0.923203,0.923203,0.609960,1.197784,1.197784,0.754522,1.161041,1.161041,0.782502,0.942280,0.942280,-0.007735,0.088756,-0.009763,0.003613,0.061050,-0.009209,-0.011348,0.027706,-0.000555,0.000793,-0.001346,0.001738,0.002337,3.485033,-5.910665,7.635742,-5.910665,10.024569,-12.950325,7.635742,-12.950325,16.729987,-0.000000,0.000000,30.239590,0.000793,-0.001346,0.001738,0.002337,2.605393,-4.418783,5.708442,-4.418783,7.494318,-9.681598,5.708442,-9.681598,12.507254,-0.000000,0.000000,22.606965,-0.017027,0.115022,0.076945,-0.016495,0.114699,0.073593,-0.000532,0.000323,0.003352,-0.021328,-0.230310,-0.162166,0.282481,0.599247,6.471067,4.556406,6.471067,69.878843,49.203075,4.556406,49.203075,34.644858,0.000000,0.000000,105.122949,-0.021328,-0.230310,-0.162166,0.282481,0.628495,6.786900,4.778790,6.786900,73.289416,51.604527,4.778790,51.604527,36.335767,-0.000000,0.000000,110.253678,0.001612,0.106952,0.072450,0.001591,0.106664,0.072231,0.000021,0.000288,0.000219,-0.002531,-0.024006,-0.003223,0.024353,1.054893,10.005109,1.343282,10.005109,94.893223,12.740330,1.343282,12.740330,1.710512,-0.000000,0.000000,97.658628,-0.002531,-0.024006,-0.003223,0.024353,1.059367,10.047539,1.348979,10.047539,95.295656,12.794361,1.348979,12.794361,1.717766,-0.000000,0.000000,98.072789,0.017294,0.102625,0.059907,0.016089,0.100935,0.055587,0.001204,0.001690,0.004320,-0.031894,-0.357795,-0.015650,0.359555,0.805788,9.039536,0.395398,9.039536,101.407872,4.435681,0.395398,4.435681,0.194021,-0.000000,0.000000,102.407681,-0.031894,-0.357795,-0.015650,0.359555,0.898248,10.076784,0.440768,10.076784,113.043984,4.944656,0.440768,4.944656,0.216284,-0.000000,0.000000,114.158517,0.033070,0.093909,0.063204,0.032257,0.093830,0.061795,0.000813,0.000080,0.001409,-0.014071,-0.101030,-0.052340,0.114649,1.328886,9.541150,4.942896,9.541150,68.503651,35.489062,4.942896,35.489062,18.385495,-0.000000,0.000000,88.218032,-0.014071,-0.101030,-0.052340,0.114649,1.377046,9.886931,5.122032,9.886931,70.986299,36.775225,5.122032,36.775225,19.051806,-0.000000,-0.000000,91.415151
1.1916,baseline,0.037,20.0000,4.158622,-1.259398,-1.374447,-0.001534,-0.145728,1.155088,-2.012583,1.003223,-2.699806,1.230253,-2.531068,1.287010,-1.822369,0.006557,0.020902,-0.000000,0.023981,0.023981,0.039573,0.000000,0.006847,0.023981,-0.244163,0.023981,-0.010764,0.023981,1.544808,-0.713136,1.135906,0.001329,0.004858,0.000000,-0.004858,-0.007286,0.702293,0.923203,0.923203,0.609960,1.197784,1.197784,0.747994,1.161041,1.161041,0.782502,0.942280,0.942280,-0.007735,0.088756,-0.009763,0.003613,0.061050,-0.009209,-0.011348,0.027706,-0.000555,0.000793,-0.001346,0.001738,0.002337,3.485033,-5.910665,7.635742,-5.910665,10.024569,-12.950325,7.635742,-12.950325,16.729987,-0.000000,0.000000,30.239590,0.000793,-0.001346,0.001738,0.002337,2.605393,-4.418783,5.708442,-4.418783,7.494318,-9.681598,5.708442,-9.681598,12.507254,-0.000000,0.000000,22.606965,-0.017070,0.115041,0.077208,-0.016495,0.114699,0.073593,-0.000574,0.000342,0.003615,-0.022791,-0.247794,-0.175836,0.304696,0.588151,6.394662,4.537684,6.394662,69.525809,49.335865,4.537684,49.335865,35.008979,-0.000000,0.000000,105.122939,-0.022791,-0.247794,-0.175836,0.304696,0.619054,6.730647,4.776101,6.730647,73.178796,51.928043,4.776101,51.928043,36.848401,-0.000000,0.000000,110.646251,0.001612,0.106952,0.072450,0.001591,0.106664,0.072231,0.000021,0.000288,0.000219,-0.002531,-0.024006,-0.003223,0.024353,1.054893,10.005109,1.343282,10.005109,94.893223,12.740330,1.343282,12.740330,1.710512,-0.000000,0.000000,97.658628,-0.002531,-0.024006,-0.003223,0.024353,1.059367,10.047539,1.348979,10.047539,95.295656,12.794361,1.348979,12.794361,1.717766,-0.000000,0.000000,98.072789,0.017398,0.102744,0.060285,0.016089,0.100935,0.055587,0.001309,0.001808,0.004698,-0.035269,-0.388274,-0.019449,0.390358,0.835963,9.203132,0.460999,9.203132,101.317500,5.075151,0.460999,5.075151,0.254222,-0.000000,0.000000,102.407684,-0.035269,-0.388274,-0.019449,0.390358,0.939998,10.348461,0.518371,10.348461,113.926455,5.706754,0.518371,5.706754,0.285860,-0.000000,0.000000,115.152313,0.033070,0.093909,0.063204,0.032257,0.093830,0.061795,0.000813,0.000080,0.001409,-0.014072,-0.101032,-0.052341,0.114652,1.328886,9.541150,4.942896,9.541150,68.503651,35.489062,4.942896,35.489062,18.385495,0.000000,0.000000,88.218032,-0.014072,-0.101032,-0.052341,0.114652,1.377047,9.886934,5.122034,9.886934,70.986321,36.775236,5.122034,36.775236,19.051812,-0.000000,-0.000000,91.415179
1.2339,baseline,0.037,20.0000,4.158622,-1.248660,-1.374447,-0.001534,-0.145728,1.147418,-2.012583,1.003223,-2.699806,1.219515,-2.531068,1.290078,-1.822369,0.016766,0.134298,-0.000000,0.023981,0.023981,-0.113904,0.000000,0.015224,0.023981,-0.248204,0.023981,0.012739,0.023981,1.544808,-0.707056,1.135906,0.001329,0.004858,0.000000,-0.004858,-0.007286,0.697630,0.923203,0.923203,0.609960,1.197784,1.197784,0.741465,1.161041,1.161041,0.784367,0.942280,0.942280,-0.007801,0.088914,-0.009444,0.003613,0.061050,-0.009209,-0.011414,0.027864,-0.000235,-0.000881,0.001502,-0.001917,0.002590,3.503553,-5.968716,7.619763,-5.968716,10.168411,-12.981164,7.619763,-12.981164,16.571972,-0.000000,0.000000,30.243936,-0.000881,0.001502,-0.001917,0.002590,2.612755,-4.451136,5.682396,-4.451136,7.583035,-9.680630,5.682396,-9.680630,12.358455,0.000000,0.000000,22.554246,-0.017123,0.115063,0.077538,-0.016495,0.114699,0.073593,-0.000627,0.000364,0.003944,-0.024577,-0.269522,-0.193113,0.332474,0.574432,6.299485,4.513591,6.299485,69.083033,49.498099,4.513591,49.498099,35.465463,0.000000,0.000000,105.122928,-0.024577,-0.269522,-0.193113,0.332474,0.607284,6.659753,4.771723,6.659753,73.033897,52.328899,4.771723,52.328899,37.493736,-0.000000,0.000000,111.134917,0.001612,0.106952,0.072450,0.001591,0.106664,0.072231,0.000021,0.000288,0.000219,-0.002531,-0.024006,-0.003223,0.024353,1.054893,10.005109,1.343282,10.005109,94.893223,12.740330,1.343282,12.740330,1.710512,-0.000000,0.000000,97.658628,-0.002531,-0.024006,-0.003223,0.024353,1.059367,10.047539,1.348979,10.047539,95.295656,12.794361,1.348979,12.794361,1.717766,-0.000000,0.000000,98.072789,0.017502,0.102860,0.060664,0.016089,0.100935,0.055587,0.001413,0.001924,0.005077,-0.038748,-0.418750,-0.023637,0.421203,0.866649,9.365947,0.528686,9.365947,101.218522,5.713547,0.528686,5.713547,0.322516,-0.000000,0.000000,102.407687,-0.038748,-0.418750,-0.023637,0.421203,0.982881,10.622075,0.599591,10.622075,114.793596,6.479828,0.599591,6.479828,0.365771,-0.000000,0.000000,116.142248,0.033021,0.093894,0.063118,0.032257,0.093830,0.061795,0.000764,0.000064,0.001324,-0.013085,-0.094718,-0.048872,0.107383,1.309875,9.481771,4.892326,9.481771,68.635534,35.413993,4.892326,35.413993,18.272618,-0.000000,0.000000,88.218028,-0.013085,-0.094718,-0.048872,0.107383,1.354732,9.806477,5.059865,9.806477,70.985974,36.626754,5.059865,36.626754,18.898369,-0.000000,0.000000,91.239075
1.2759,baseline,0.037,20.0000,4.158622,-1.248660,-1.374447,-0.001534,-0.145728,1.138214,-2.012583,1.003223,-2.699806,1.208777,-2.531068,1.306952,-1.822369,0.009912,0.117068,-0.000000,0.023981,0.023981,-0.168023,0.000000,0.013017,0.023981,-0.236951,0.023981,0.261191,0.023981,1.544808,-0.707056,1.135906,0.001329,0.004858,0.000000,-0.004858,-0.007286,0.692034,0.923203,0.923203,0.609960,1.197784,1.197784,0.734936,1.161041,1.161041,0.794627,0.942280,0.942280,-0.007801,0.088914,-0.009444,0.003613,0.061050,-0.009209,-0.011414,0.027864,-0.000235,-0.000881,0.001502,-0.001917,0.002590,3.503553,-5.968716,7.619763,-5.968716,10.168411,-12.981164,7.619763,-12.981164,16.571972,-0.000000,0.000000,30.243936,-0.000881,0.001502,-0.001917,0.002590,2.612755,-4.451136,5.682396,-4.451136,7.583035,-9.680630,5.682396,-9.680630,12.358455,0.000000,0.000000,22.554246,-0.017187,0.115087,0.077933,-0.016495,0.114699,0.073593,-0.000692,0.000388,0.004339,-0.026657,-0.295409,-0.214123,0.365822,0.558190,6.185765,4.483670,6.185765,68.549575,49.687253,4.483670,49.687253,36.015149,-0.000000,0.000000,105.122914,-0.026657,-0.295409,-0.214123,0.365822,0.593211,6.573858,4.764974,6.573858,72.850358,52.804619,4.764974,52.804619,38.274730,-0.000000,-0.000000,111.718299,0.001612,0.106952,0.072450,0.001591,0.106664,0.072231,0.000021,0.000288,0.000219,-0.002531,-0.024006,-0.003223,0.024353,1.054893,10.005109,1.343282,10.005109,94.893223,12.740330,1.343282,12.740330,1.710512,-0.000000,0.000000,97.658628,-0.002531,-0.024006,-0.003223,0.024353,1.059367,10.047539,1.348979,10.047539,95.295656,12.794361,1.348979,12.794361,1.717766,-0.000000,0.000000,98.072789,0.017607,0.102973,0.061044,0.016089,0.100935,0.055587,0.001518,0.002038,0.005457,-0.042331,-0.449216,-0.028215,0.452087,0.897844,9.527952,0.598449,9.527952,101.110955,6.350760,0.598449,6.350760,0.398890,-0.000000,0.000000,102.407689,-0.042331,-0.449216,-0.028215,0.452087,1.026904,10.897545,0.684473,10.897545,115.645122,7.263648,0.684473,7.263648,0.456228,-0.000000,0.000000,117.128254,0.032755,0.093805,0.062648,0.032257,0.093830,0.061795,0.000498,-0.000024,0.000854,-0.007890,-0.059795,-0.030170,0.067438,1.207539,9.151410,4.617385,9.151410,69.354520,34.993135,4.617385,34.993135,17.655944,-0.000000,0.000000,88.218003,-0.007890,-0.059795,-0.030170,0.067438,1.235560,9.363764,4.724530,9.363764,70.963864,35.805137,4.724530,35.805137,18.065643,-0.000000,0.000000,90.265067
1.3182,baseline,0.037,20.0000,4.157088,-1.248660,-1.374447,-0.001534,-0.145728,1.127476,-2.012583,1.003223,-2.699806,1.205709,-2.532602,1.306952,-1.822369,0.009879,0.043147,-0.000000,0.023981,0.023981,-0.215311,0.000000,0.010464,0.023981,-0.159731,0.008165,0.199845,0.023981,1.544238,-0.707056,1.135906,0.001329,0.004858,0.000000,-0.004858,-0.007286,0.685505,0.923203,0.923203,0.609960,1.197784,1.197784,0.733071,1.161744,1.161744,0.794627,0.942280,0.942280,-0.007839,0.088925,-0.009453,0.003613,0.061050,-0.009209,-0.011453,0.027875,-0.000244,-0.000621,0.001057,-0.001350,0.001824,3.511678,-5.972907,7.628858,-5.972907,10.159136,-12.975693,7.628858,-12.975693,16.573121,-0.000000,0.000000,30.243936,-0.000621,0.001057,-0.001350,0.001824,2.619127,-4.454793,5.689857,-4.454793,7.577023,-9.677705,5.689857,-9.677705,12.360787,-0.000000,0.000000,22.556937,-0.017262,0.115112,0.078394,-0.016495,0.114699,0.073593,-0.000767,0.000413,0.004801,-0.028997,-0.325346,-0.239014,0.404745,0.539546,6.053785,4.447382,6.053785,67.924364,49.900285,4.447382,49.900285,36.658988,-0.000000,0.000000,105.122897,-0.028997,-0.325346,-0.239014,0.404745,0.576869,6.472553,4.755028,6.472553,72.622999,53.352113,4.755028,53.352113,39.194856,-0.000000,0.000000,112.394723,0.001612,0.106952,0.072450,0.001591,0.106664,0.072231,0.000021,0.000288,0.000219,-0.002531,-0.024006,-0.003223,0.024353,1.054893,10.005109,1.343282,10.005109,94.893223,12.740330,1.343282,12.740330,1.710512,-0.000000,0.000000,97.658628,-0.002531,-0.024006,-0.003223,0.024353,1.059367,10.047539,1.348979,10.047539,95.295656,12.794361,1.348979,12.794361,1.717766,-0.000000,0.000000,98.072789,0.017631,0.102968,0.061135,0.016089,0.100935,0.055587,0.001541,0.002033,0.005548,-0.042907,-0.454750,-0.028766,0.457674,0.899237,9.530657,0.602875,9.530657,101.011631,6.389630,0.602875,6.389630,0.404185,-0.000000,0.000000,102.315053,-0.042907,-0.454750,-0.028766,0.457674,1.030918,10.926285,0.691157,10.926285,115.803342,7.325300,0.691157,7.325300,0.463372,-0.000000,0.000000,117.297632,0.032755,0.093805,0.062648,0.032257,0.093830,0.061795,0.000498,-0.000024,0.000854,-0.007890,-0.059796,-0.030170,0.067440,1.207539,9.151410,4.617385,9.151410,69.354520,34.993136,4.617385,34.993136,17.655944,-0.000000,0.000000,88.218003,-0.007890,-0.059796,-0.030170,0.067440,1.235560,9.363766,4.724530,9.363766,70.963879,35.805145,4.724530,35.805145,18.065647,-0.000000,-0.000000,90.265086
1.3607,baseline,0.037,20.0000,4.158622,-1.248660,-1.374447,-0.001534,-0.145728,1.116738,-2.012583,1.003223,-2.699806,1.205709,-2.543340,1.302350,-1.822369,0.017560,0.028365,-0.000000,0.023981,0.023981,-0.239871,0.000000,0.017204,0.023981,-0.037077,-0.076496,-0.031488,0.023981,1.544808,-0.707056,1.135906,0.001329,0.004858,0.000000,-0.004858,-0.007286,0.678977,0.923203,0.923203,0.609960,1.197784,1.197784,0.733071,1.166670,1.166670,0.791829,0.942280,0.942280,-0.007801,0.088914,-0.009444,0.003613,0.061050,-0.009209,-0.011414,0.027864,-0.000235,-0.000881,0.001502,-0.001917,0.002590,3.503553,-5.968716,7.619763,-5.968716,10.168411,-12.981164,7.619763,-12.981164,16.571972,-0.000000,0.000000,30.243936,-0.000881,0.001502,-0.001917,0.002590,2.612755,-4.451136,5.682396,-4.451136,7.583035,-9.680630,5.682396,-9.680630,12.358455,0.000000,0.000000,22.554246,-0.017337,0.115135,0.078855,-0.016495,0.114699,0.073593,-0.000842,0.000436,0.005262,-0.031242,-0.354995,-0.264310,0.443686,0.521231,5.922570,4.409620,5.922570,67.296191,50.105043,4.409620,50.105043,37.305459,-0.000000,0.000000,105.122881,-0.031242,-0.354995,-0.264310,0.443686,0.560618,6.370116,4.742838,6.370116,72.381504,53.891288,4.742838,53.891288,40.124489,-0.000000,0.000000,113.066612,0.001612,0.106952,0.072450,0.001591,0.106664,0.072231,0.000021,0.000288,0.000219,-0.002531,-0.024006,-0.003223,0.024353,1.054893,10.005109,1.343282,10.005109,94.893223,12.740330,1.343282,12.740330,1.710512,-0.000000,0.000000,97.658628,-0.002531,-0.024006,-0.003223,0.024353,1.059367,10.047539,1.348979,10.047539,95.295656,12.794361,1.348979,12.794361,1.717766,-0.000000,0.000000,98.072789,0.017588,0.102709,0.061012,0.016089,0.100935,0.055587,0.001499,0.001774,0.005425,-0.039699,-0.432513,-0.023208,0.434950,0.846797,9.225693,0.495032,9.225693,100.512231,5.393286,0.495032,5.393286,0.289393,-0.000000,0.000000,101.648421,-0.039699,-0.432513,-0.023208,0.434950,0.970427,10.572623,0.567306,10.572623,115.186786,6.180693,0.567306,6.180693,0.331644,-0.000000,0.000000,116.488857,0.032827,0.093830,0.062776,0.032257,0.093830,0.061795,0.000571,0.000000,0.000982,-0.009268,-0.069352,-0.035207,0.078327,1.235074,9.242139,4.691828,9.242139,69.159512,35.109249,4.691828,35.109249,17.823425,-0.000000,0.000000,88.218011,-0.009268,-0.069352,-0.035207,0.078327,1.267465,9.484524,4.814877,9.484524,70.973295,36.030027,4.814877,36.030027,18.290863,-0.000000,0.000000,90.531623
1.4030,baseline,0.037,20.0000,4.158622,-1.248660,-1.374447,-0.001534,-0.145728,1.112136,-2.012583,1.003223,-2.699806,1.205709,-2.547942,1.300816,-1.822369,0.019714,0.024984,-0.000000,0.023981,0.023981,-0.176534,0.000000,0.003936,0.023981,0.007834,-0.195588,-0.062777,0.023981,1.544808,-0.707056,1.135906,0.001329,0.004858,0.000000,-0.004858,-0.007286,0.676179,0.923203,0.923203,0.609960,1.197784,1.197784,0.733071,1.168781,1.168781,0.790896,0.942280,0.942280,-0.007801,0.088914,-0.009444,0.003613,0.061050,-0.009209,-0.011414,0.027864,-0.000235,-0.000881,0.001502,-0.001917,0.002590,3.503553,-5.968716,7.619763,-5.968716,10.168411,-12.981164,7.619763,-12.981164,16.571972,-0.000000,0.000000,30.243936,-0.000881,0.001502,-0.001917,0.002590,2.612755,-4.451136,5.682396,-4.451136,7.583035,-9.680630,5.682396,-9.680630,12.358455,0.000000,0.000000,22.554246,-0.017370,0.115143,0.079053,-0.016495,0.114699,0.073593,-0.000874,0.000444,0.005460,-0.032176,-0.367612,-0.275274,0.460379,0.513482,5.866573,4.392987,5.866573,67.026094,50.190254,4.392987,50.190254,37.583298,-0.000000,0.000000,105.122873,-0.032176,-0.367612,-0.275274,0.460379,0.553683,6.325879,4.736924,6.325879,72.273710,54.119757,4.736924,54.119757,40.525775,-0.000000,0.000000,113.353168,0.001612,0.106952,0.072450,0.001591,0.106664,0.072231,0.000021,0.000288,0.000219,-0.002531,-0.024006,-0.003223,0.024353,1.054893,10.005109,1.343282,10.005109,94.893223,12.740330,1.343282,12.740330,1.710512,-0.000000,0.000000,97.658628,-0.002531,-0.024006,-0.003223,0.024353,1.059367,10.047539,1.348979,10.047539,95.295656,12.794361,1.348979,12.794361,1.717766,-0.000000,0.000000,98.072789,0.017570,0.102598,0.060960,0.016089,0.100935,0.055587,0.001481,0.001663,0.005373,-0.038358,-0.422955,-0.020957,0.425208,0.824781,9.094541,0.450622,9.094541,100.282007,4.968832,0.450622,4.968832,0.246199,-0.000000,0.000000,101.352987,-0.038358,-0.422955,-0.020957,0.425208,0.945012,10.420285,0.516310,10.420285,114.900478,5.693157,0.516310,5.693157,0.282088,-0.000000,0.000000,116.127578,0.032852,0.093838,0.062819,0.032257,0.093830,0.061795,0.000595,0.000008,0.001025,-0.009734,-0.072533,-0.036897,0.081958,1.244315,9.272278,4.716733,9.272278,69.094328,35.147732,4.716733,35.147732,17.879370,0.000000,0.000000,88.218013,-0.009734,-0.072533,-0.036897,0.081958,1.278200,9.524776,4.845177,9.524776,70.975871,36.104857,4.845177,36.104857,18.366252,-0.000000,0.000000,90.620322
1.4455,baseline,0.037,20.0000,4.158622,-1.248660,-1.374447,-0.001534,-0.145728,1.112136,-2.012583,1.003223,-2.699806,1.234855,-2.543340,1.299282,-1.822369,0.008315,0.024210,-0.000000,0.023981,0.023981,-0.056954,0.000000,0.014229,0.023981,0.306115,0.018817,-0.018918,0.023981,1.544808,-0.707056,1.135906,0.001329,0.004858,0.000000,-0.004858,-0.007286,0.676179,0.923203,0.923203,0.609960,1.197784,1.197784,0.750792,1.166670,1.166670,0.789963,0.942280,0.942280,-0.007801,0.088914,-0.009444,0.003613,0.061050,-0.009209,-0.011414,0.027864,-0.000235,-0.000881,0.001502,-0.001917,0.002590,3.503553,-5.968716,7.619763,-5.968716,10.168411,-12.981164,7.619763,-12.981164,16.571972,-0.000000,0.000000,30.243936,-0.000881,0.001502,-0.001917,0.002590,2.612755,-4.451136,5.682396,-4.451136,7.583035,-9.680630,5.682396,-9.680630,12.358455,0.000000,0.000000,22.554246,-0.017370,0.115143,0.079053,-0.016495,0.114699,0.073593,-0.000874,0.000444,0.005460,-0.032176,-0.367612,-0.275274,0.460380,0.513482,5.866573,4.392987,5.866573,67.026094,50.190254,4.392987,50.190254,37.583298,-0.000000,-0.000000,105.122873,-0.032176,-0.367612,-0.275274,0.460380,0.553683,6.325879,4.736924,6.325879,72.273711,54.119757,4.736924,54.119757,40.525775,-0.000000,0.000000,113.353169,0.001612,0.106952,0.072450,0.001591,0.106664,0.072231,0.000021,0.000288,0.000219,-0.002531,-0.024006,-0.003223,0.024353,1.054893,10.005109,1.343282,10.005109,94.893223,12.740330,1.343282,12.740330,1.710512,-0.000000,0.000000,97.658628,-0.002531,-0.024006,-0.003223,0.024353,1.059367,10.047539,1.348979,10.047539,95.295656,12.794361,1.348979,12.794361,1.717766,-0.000000,0.000000,98.072789,0.017306,0.102395,0.059987,0.016089,0.100935,0.055587,0.001217,0.001459,0.004400,-0.030547,-0.350350,-0.012761,0.351910,0.765913,8.784352,0.319966,8.784352,100.748830,3.669726,0.319966,3.669726,0.133668,-0.000000,0.000000,101.648411,-0.030547,-0.350350,-0.012761,0.351910,0.857364,9.833213,0.358170,9.833213,112.778356,4.107895,0.358170,4.107895,0.149628,-0.000000,0.000000,113.785348,0.032876,0.093846,0.062862,0.032257,0.093830,0.061795,0.000619,0.000017,0.001067,-0.010202,-0.075707,-0.038590,0.085585,1.253588,9.302364,4.741683,9.302364,69.029054,35.186103,4.741683,35.186103,17.935373,-0.000000,0.000000,88.218015,-0.010202,-0.075707,-0.038590,0.085585,1.288983,9.565021,4.875567,9.565021,70.978125,36.179601,4.875567,36.179601,18.441788,-0.000000,-0.000000,90.708896
1.4879,baseline,0.037,20.0000,4.158622,-1.247126,-1.374447,-0.001534,-0.145728,1.112136,-2.012583,1.003223,-2.699806,1.260932,-2.543340,1.300816,-1.822369,0.019110,0.024033,-0.000000,0.023981,0.023981,-0.013029,0.000000,0.003255,0.023981,0.699383,0.059057,-0.004105,0.023981,1.544808,-0.706187,1.135906,0.001329,0.004858,0.000000,-0.004858,-0.007286,0.676179,0.923203,0.923203,0.609960,1.197784,1.197784,0.766647,1.166670,1.166670,0.790896,0.942280,0.942280,-0.007811,0.088936,-0.009398,0.003613,0.061050,-0.009209,-0.011424,0.027886,-0.000189,-0.001121,0.001911,-0.002436,0.003292,3.506210,-5.977015,7.617452,-5.977015,10.188984,-12.985426,7.617452,-12.985426,16.549373,-0.000000,0.000000,30.244566,-0.001121,0.001911,-0.002436,0.003292,2.613812,-4.455751,5.678665,-4.455751,7.595693,-9.680387,5.678665,-9.680387,12.337241,-0.000000,0.000000,22.546746,-0.017370,0.115143,0.079053,-0.016495,0.114699,0.073593,-0.000874,0.000444,0.005460,-0.032176,-0.367612,-0.275274,0.460380,0.513482,5.866573,4.392987,5.866573,67.026094,50.190254,4.392987,50.190254,37.583298,-0.000000,0.000000,105.122873,-0.032176,-0.367612,-0.275274,0.460380,0.553683,6.325880,4.736924,6.325880,72.273711,54.119758,4.736924,54.119758,40.525775,-0.000000,0.000000,113.353170,0.001612,0.106952,0.072450,0.001591,0.106664,0.072231,0.000021,0.000288,0.000219,-0.002531,-0.024006,-0.003223,0.024353,1.054893,10.005109,1.343282,10.005109,94.893223,12.740330,1.343282,12.740330,1.710512,-0.000000,0.000000,97.658628,-0.002531,-0.024006,-0.003223,0.024353,1.059367,10.047539,1.348979,10.047539,95.295656,12.794361,1.348979,12.794361,1.717766,-0.000000,0.000000,98.072789,0.017054,0.102098,0.059075,0.016089,0.100935,0.055587,0.000965,0.001162,0.003489,-0.023007,-0.276874,-0.005823,0.277890,0.696760,8.384984,0.176357,8.384984,100.906998,2.122326,0.176357,2.122326,0.044638,-0.000000,0.000000,101.648396,-0.023007,-0.276874,-0.005823,0.277890,0.763212,9.184680,0.193177,9.184680,110.530742,2.324737,0.193177,2.324737,0.048895,0.000000,0.000000,111.342848,0.032852,0.093838,0.062819,0.032257,0.093830,0.061795,0.000595,0.000008,0.001025,-0.009733,-0.072525,-0.036893,0.081950,1.244315,9.272278,4.716733,9.272278,69.094328,35.147731,4.716733,35.147731,17.879370,-0.000000,0.000000,88.218013,-0.009733,-0.072525,-0.036893,0.081950,1.278199,9.524765,4.845172,9.524765,70.975794,36.104818,4.845172,36.104818,18.366232,-0.000000,0.000000,90.620225
1.5303,baseline,0.037,20.0000,4.158622,-1.247126,-1.374447,-0.001534,-0.145728,1.125942,-2.012583,1.003223,-2.699806,1.262466,-2.541806,1.302350,-1.822369,0.012157,0.029965,-0.000000,0.023981,0.023981,0.131295,0.000000,0.014074,0.023981,0.352377,0.031372,0.028628,0.023981,1.544808,-0.706187,1.135906,0.001329,0.004858,0.000000,-0.004858,-0.007286,0.684573,0.923203,0.923203,0.609960,1.197784,1.197784,0.767579,1.165966,1.165966,0.791829,0.942280,0.942280,-0.007811,0.088936,-0.009398,0.003613,0.061050,-0.009209,-0.011424,0.027886,-0.000189,-0.001121,0.001911,-0.002436,0.003292,3.506210,-5.977015,7.617452,-5.977015,10.188984,-12.985426,7.617452,-12.985426,16.549373,-0.000000,0.000000,30.244566,-0.001121,0.001911,-0.002436,0.003292,2.613812,-4.455751,5.678665,-4.455751,7.595693,-9.680387,5.678665,-9.680387,12.337241,-0.000000,0.000000,22.546746,-0.017273,0.115116,0.078460,-0.016495,0.114699,0.073593,-0.000777,0.000417,0.004867,-0.029323,-0.329600,-0.242603,0.410307,0.536909,6.034993,4.442078,6.034993,67.834804,49.930043,4.442078,49.930043,36.751182,-0.000000,0.000000,105.122895,-0.029323,-0.329600,-0.242603,0.410307,0.574542,6.457987,4.753424,6.457987,72.589364,53.429654,4.753424,53.429654,39.327083,-0.000000,0.000000,112.490988,0.001612,0.106952,0.072450,0.001591,0.106664,0.072231,0.000021,0.000288,0.000219,-0.002531,-0.024006,-0.003223,0.024353,1.054893,10.005109,1.343282,10.005109,94.893223,12.740330,1.343282,12.740330,1.710512,-0.000000,0.000000,97.658628,-0.002531,-0.024006,-0.003223,0.024353,1.059367,10.047539,1.348979,10.047539,95.295656,12.794361,1.348979,12.794361,1.717766,-0.000000,0.000000,98.072789,0.017045,0.102117,0.059038,0.016089,0.100935,0.055587,0.000956,0.001182,0.003451,-0.022934,-0.275592,-0.005923,0.276608,0.699454,8.405025,0.180649,8.405025,100.999466,2.170780,0.180649,2.170780,0.046657,-0.000000,-0.000000,101.745577,-0.022934,-0.275592,-0.005923,0.276608,0.765286,9.196106,0.197652,9.196106,110.505534,2.375094,0.197652,2.375094,0.051048,-0.000000,0.000000,111.321868,0.032827,0.093830,0.062776,0.032257,0.093830,0.061795,0.000571,0.000000,0.000982,-0.009267,-0.069344,-0.035203,0.078318,1.235074,9.242139,4.691828,9.242139,69.159511,35.109249,4.691828,35.109249,17.823425,0.000000,0.000000,88.218010,-0.009267,-0.069344,-0.035203,0.078318,1.267464,9.484512,4.814871,9.484512,70.973204,36.029981,4.814871,36.029981,18.290840,-0.000000,-0.000000,90.531508
1.5731,baseline,0.037,20.0000,4.158622,-1.247126,-1.374447,-0.001534,-0.145728,1.138214,-2.012583,1.003223,-2.699806,1.256330,-2.541806,1.302350,-1.822369,0.011456,0.023912,-0.000000,0.023981,0.023981,0.371188,0.000000,0.014960,0.023981,0.005753,0.030509,0.035292,0.023981,1.544808,-0.706187,1.135906,0.001329,0.004858,0.000000,-0.004858,-0.007286,0.692034,0.923203,0.923203,0.609960,1.197784,1.197784,0.763849,1.165966,1.165966,0.791829,0.942280,0.942280,-0.007811,0.088936,-0.009398,0.003613,0.061050,-0.009209,-0.011424,0.027886,-0.000189,-0.001121,0.001911,-0.002436,0.003292,3.506210,-5.977015,7.617452,-5.977015,10.188984,-12.985426,7.617452,-12.985426,16.549373,-0.000000,0.000000,30.244566,-0.001121,0.001911,-0.002436,0.003292,2.613812,-4.455751,5.678665,-4.455751,7.595693,-9.680387,5.678665,-9.680387,12.337241,-0.000000,0.000000,22.546746,-0.017187,0.115087,0.077933,-0.016495,0.114699,0.073593,-0.000692,0.000388,0.004339,-0.026657,-0.295409,-0.214123,0.365822,0.558190,6.185765,4.483670,6.185765,68.549575,49.687253,4.483670,49.687253,36.015149,-0.000000,0.000000,105.122914,-0.026657,-0.295409,-0.214123,0.365822,0.593211,6.573859,4.764974,6.573859,72.850359,52.804620,4.764974,52.804620,38.274730,0.000000,0.000000,111.718300,0.001612,0.106952,0.072450,0.001591,0.106664,0.072231,0.000021,0.000288,0.000219,-0.002531,-0.024006,-0.003223,0.024353,1.054893,10.005109,1.343282,10.005109,94.893223,12.740330,1.343282,12.740330,1.710512,-0.000000,0.000000,97.658628,-0.002531,-0.024006,-0.003223,0.024353,1.059367,10.047539,1.348979,10.047539,95.295656,12.794361,1.348979,12.794361,1.717766,-0.000000,0.000000,98.072789,0.017104,0.102189,0.059252,0.016089,0.100935,0.055587,0.001015,0.001253,0.003665,-0.024655,-0.292888,-0.007355,0.294016,0.715486,8.499415,0.213445,8.499415,100.966419,2.535558,0.213445,2.535558,0.063675,-0.000000,0.000000,101.745580,-0.024655,-0.292888,-0.007355,0.294016,0.786881,9.347533,0.234744,9.347533,111.041402,2.788570,0.234744,2.788570,0.070029,0.000000,0.000000,111.898313,0.032827,0.093830,0.062776,0.032257,0.093830,0.061795,0.000571,0.000000,0.000982,-0.009267,-0.069343,-0.035203,0.078317,1.235074,9.242139,4.691828,9.242139,69.159511,35.109248,4.691828,35.109248,17.823425,-0.000000,0.000000,88.218010,-0.009267,-0.069343,-0.035203,0.078317,1.267464,9.484512,4.814870,9.484512,70.973200,36.029979,4.814870,36.029979,18.290839,-0.000000,0.000000,90.531503
1.6152,baseline,0.037,20.0000,4.157088,-1.247126,-1.374447,-0.001534,-0.145728,1.135146,-2.012583,1.003223,-2.699806,1.254796,-2.541806,1.299282,-1.822369,0.015059,0.017437,-0.000000,0.023981,0.023981,0.096437,0.000000,0.018523,0.023981,-0.093454,0.025325,-0.003289,0.023981,1.544238,-0.706187,1.135906,0.001329,0.004858,0.000000,-0.004858,-0.007286,0.690169,0.923203,0.923203,0.609960,1.197784,1.197784,0.762916,1.165966,1.165966,0.789963,0.942280,0.942280,-0.007849,0.088947,-0.009407,0.003613,0.061050,-0.009209,-0.011462,0.027897,-0.000198,-0.000861,0.001466,-0.001869,0.002526,3.514343,-5.981217,7.626547,-5.981217,10.179699,-12.979959,7.626547,-12.979959,16.550523,-0.000000,0.000000,30.244566,-0.000861,0.001466,-0.001869,0.002526,2.620189,-4.459416,5.686125,-4.459416,7.589679,-9.677469,5.686125,-9.677469,12.339574,-0.000000,-0.000000,22.549442,-0.017208,0.115095,0.078065,-0.016495,0.114699,0.073593,-0.000713,0.000396,0.004471,-0.027335,-0.303991,-0.221193,0.376941,0.552830,6.147980,4.473453,6.147980,68.371252,49.748961,4.473453,49.748961,36.198828,-0.000000,-0.000000,105.122909,-0.027335,-0.303991,-0.221193,0.376941,0.588533,6.545033,4.762361,6.545033,72.786849,52.961881,4.762361,52.961881,38.536644,-0.000000,0.000000,111.912025,0.001612,0.106952,0.072450,0.001591,0.106664,0.072231,0.000021,0.000288,0.000219,-0.002531,-0.024006,-0.003223,0.024353,1.054893,10.005109,1.343282,10.005109,94.893223,12.740330,1.343282,12.740330,1.710512,-0.000000,0.000000,97.658628,-0.002531,-0.024006,-0.003223,0.024353,1.059367,10.047539,1.348979,10.047539,95.295656,12.794361,1.348979,12.794361,1.717766,-0.000000,0.000000,98.072789,0.017119,0.102206,0.059306,0.016089,0.100935,0.055587,0.001030,0.001271,0.003719,-0.025091,-0.297213,-0.007733,0.298371,0.719521,8.522979,0.221751,8.522979,100.957719,2.626720,0.221751,2.626720,0.068342,-0.000000,-0.000000,101.745581,-0.025091,-0.297213,-0.007733,0.298371,0.792336,9.385505,0.244192,9.385505,111.174652,2.892545,0.244192,2.892545,0.075258,-0.000000,0.000000,112.042246,0.032876,0.093846,0.062862,0.032257,0.093830,0.061795,0.000619,0.000017,0.001067,-0.010202,-0.075702,-0.038587,0.085579,1.253588,9.302363,4.741683,9.302363,69.029054,35.186103,4.741683,35.186103,17.935373,0.000000,0.000000,88.218015,-0.010202,-0.075702,-0.038587,0.085579,1.288982,9.565014,4.875564,9.565014,70.978073,36.179575,4.875564,36.179575,18.441774,-0.000000,0.000000,90.708830
1.6576,baseline,0.037,20.0000,4.158622,-1.242524,-1.374447,-0.001534,-0.145728,1.132078,-2.012583,1.003223,-2.699806,1.256330,-2.541806,1.302350,-1.822369,0.021263,0.052139,-0.000000,0.023981,0.023981,-0.030642,0.000000,0.016260,0.023981,0.058430,0.024288,0.003267,0.023981,1.544808,-0.703581,1.135906,0.001329,0.004858,0.000000,-0.004858,-0.007286,0.688303,0.923203,0.923203,0.609960,1.197784,1.197784,0.763849,1.165966,1.165966,0.791829,0.942280,0.942280,-0.007839,0.089003,-0.009260,0.003613,0.061050,-0.009209,-0.011452,0.027953,-0.000051,-0.001840,0.003143,-0.003985,0.005398,3.514193,-6.001922,7.610473,-6.001922,10.250738,-12.997996,7.610473,-12.997996,16.481537,-0.000000,0.000000,30.246468,-0.001840,0.003143,-0.003985,0.005398,2.616990,-4.469581,5.667456,-4.469581,7.633639,-9.679499,5.667456,-9.679499,12.273662,0.000000,0.000000,22.524291,-0.017230,0.115102,0.078196,-0.016495,0.114699,0.073593,-0.000734,0.000403,0.004603,-0.028005,-0.312551,-0.228297,0.388061,0.547496,6.110256,4.463116,6.110256,68.192681,49.809996,4.463116,49.809996,36.382728,-0.000000,0.000000,105.122905,-0.028005,-0.312551,-0.228297,0.388061,0.583862,6.516111,4.759565,6.516111,72.722178,53.118478,4.759565,53.118478,38.799343,-0.000000,0.000000,112.105382,0.001612,0.106952,0.072450,0.001591,0.106664,0.072231,0.000021,0.000288,0.000219,-0.002531,-0.024006,-0.003223,0.024353,1.054893,10.005109,1.343282,10.005109,94.893223,12.740330,1.343282,12.740330,1.710512,-0.000000,0.000000,97.658628,-0.002531,-0.024006,-0.003223,0.024353,1.059367,10.047539,1.348979,10.047539,95.295656,12.794361,1.348979,12.794361,1.717766,-0.000000,0.000000,98.072789,0.017104,0.102189,0.059252,0.016089,0.100935,0.055587,0.001015,0.001253,0.003665,-0.024655,-0.292888,-0.007355,0.294016,0.715486,8.499415,0.213445,8.499415,100.966419,2.535558,0.213445,2.535558,0.063675,0.000000,0.000000,101.745580,-0.024655,-0.292888,-0.007355,0.294016,0.786881,9.347534,0.234744,9.347534,111.041406,2.788570,0.234744,2.788570,0.070029,-0.000000,0.000000,111.898317,0.032827,0.093830,0.062776,0.032257,0.093830,0.061795,0.000571,0.000000,0.000982,-0.009267,-0.069344,-0.035203,0.078318,1.235074,9.242139,4.691828,9.242139,69.159511,35.109249,4.691828,35.109249,17.823425,-0.000000,0.000000,88.218010,-0.009267,-0.069344,-0.035203,0.078318,1.267464,9.484512,4.814871,9.484512,70.973206,36.029982,4.814871,36.029982,18.290841,-0.000000,0.000000,90.531511
1.7000,baseline,0.037,20.0000,4.158622,-1.240990,-1.374447,-0.001534,-0.145728,1.138214,-2.012583,1.003223,-2.699806,1.256330,-2.541806,1.303884,-1.822369,0.010030,0.096493,-0.000000,0.023981,0.023981,0.056951,0.000000,0.003720,0.023981,0.007993,0.024051,0.081670,0.023981,1.544808,-0.702713,1.135906,0.001329,0.004858,0.000000,-0.004858,-0.007286,0.692034,0.923203,0.923203,0.609960,1.197784,1.197784,0.763849,1.165966,1.165966,0.792761,0.942280,0.942280,-0.007849,0.089025,-0.009214,0.003613,0.061050,-0.009209,-0.011462,0.027975,-0.000006,-0.002080,0.003555,-0.004500,0.006100,3.516860,-6.010228,7.608133,-6.010228,10.271334,-13.002115,7.608133,-13.002115,16.458912,-0.000000,0.000000,30.247106,-0.002080,0.003555,-0.004500,0.006100,2.618052,-4.474188,5.663714,-4.474188,7.646278,-9.679151,5.663714,-9.679151,12.252491,-0.000000,0.000000,22.516822,-0.017187,0.115087,0.077933,-0.016495,0.114699,0.073593,-0.000692,0.000388,0.004339,-0.026657,-0.295409,-0.214123,0.365822,0.558190,6.185765,4.483670,6.185765,68.549575,49.687253,4.483670,49.687253,36.015149,-0.000000,0.000000,105.122914,-0.026657,-0.295409,-0.214123,0.365822,0.593211,6.573859,4.764974,6.573859,72.850359,52.804620,4.764974,52.804620,38.274730,-0.000000,0.000000,111.718300,0.001612,0.106952,0.072450,0.001591,0.106664,0.072231,0.000021,0.000288,0.000219,-0.002531,-0.024006,-0.003223,0.024353,1.054893,10.005109,1.343282,10.005109,94.893223,12.740330,1.343282,12.740330,1.710512,-0.000000,0.000000,97.658628,-0.002531,-0.024006,-0.003223,0.024353,1.059367,10.047539,1.348979,10.047539,95.295656,12.794361,1.348979,12.794361,1.717766,-0.000000,0.000000,98.072789,0.017104,0.102189,0.059252,0.016089,0.100935,0.055587,0.001015,0.001253,0.003665,-0.024655,-0.292888,-0.007355,0.294015,0.715486,8.499415,0.213445,8.499415,100.966419,2.535558,0.213445,2.535558,0.063675,-0.000000,0.000000,101.745580,-0.024655,-0.292888,-0.007355,0.294015,0.786881,9.347533,0.234743,9.347533,111.041399,2.788569,0.234743,2.788569,0.070029,-0.000000,0.000000,111.898309,0.032803,0.093822,0.062734,0.032257,0.093830,0.061795,0.000546,-0.000008,0.000939,-0.008804,-0.066160,-0.033518,0.074687,1.225865,9.211948,4.666969,9.211948,69.224604,35.070655,4.666969,35.070655,17.767539,0.000000,0.000000,88.218007,-0.008804,-0.066160,-0.033518,0.074687,1.256779,9.444259,4.784662,9.444259,70.970344,35.955084,4.784662,35.955084,18.215609,-0.000000,0.000000,90.442732
1.7424,baseline,0.037,20.0000,4.158622,-1.240990,-1.374447,-0.001534,-0.145728,1.138214,-2.012583,1.003223,-2.699806,1.270136,-2.541806,1.302350,-1.822369,0.020789,0.040569,-0.000000,0.023981,0.023981,0.059483,0.000000,0.016470,0.023981,0.139983,0.023997,-0.005606,0.023981,1.544808,-0.702713,1.135906,0.001329,0.004858,0.000000,-0.004858,-0.007286,0.692034,0.923203,0.923203,0.609960,1.197784,1.197784,0.772243,1.165966,1.165966,0.791829,0.942280,0.942280,-0.007849,0.089025,-0.009214,0.003613,0.061050,-0.009209,-0.011462,0.027975,-0.000006,-0.002080,0.003555,-0.004500,0.006100,3.516860,-6.010228,7.608133,-6.010228,10.271334,-13.002115,7.608133,-13.002115,16.458912,-0.000000,0.000000,30.247106,-0.002080,0.003555,-0.004500,0.006100,2.618052,-4.474188,5.663714,-4.474188,7.646278,-9.679151,5.663714,-9.679151,12.252491,-0.000000,0.000000,22.516822,-0.017187,0.115087,0.077933,-0.016495,0.114699,0.073593,-0.000692,0.000388,0.004339,-0.026657,-0.295409,-0.214123,0.365822,0.558190,6.185765,4.483670,6.185765,68.549575,49.687253,4.483670,49.687253,36.015149,-0.000000,0.000000,105.122914,-0.026657,-0.295409,-0.214123,0.365822,0.593211,6.573859,4.764974,6.573859,72.850360,52.804620,4.764974,52.804620,38.274730,-0.000000,-0.000000,111.718301,0.001612,0.106952,0.072450,0.001591,0.106664,0.072231,0.000021,0.000288,0.000219,-0.002531,-0.024006,-0.003223,0.024353,1.054893,10.005109,1.343282,10.005109,94.893223,12.740330,1.343282,12.740330,1.710512,-0.000000,0.000000,97.658628,-0.002531,-0.024006,-0.003223,0.024353,1.059367,10.047539,1.348979,10.047539,95.295656,12.794361,1.348979,12.794361,1.717766,-0.000000,0.000000,98.072789,0.016971,0.102027,0.058771,0.016089,0.100935,0.055587,0.000882,0.001091,0.003184,-0.020831,-0.253980,-0.004310,0.254870,0.679654,8.286740,0.140622,8.286740,101.036822,1.714546,0.140622,1.714546,0.029095,-0.000000,0.000000,101.745571,-0.020831,-0.253980,-0.004310,0.254870,0.738798,9.007864,0.152859,9.007864,109.829187,1.863748,0.152859,1.863748,0.031627,-0.000000,0.000000,110.599613,0.032827,0.093830,0.062776,0.032257,0.093830,0.061795,0.000571,0.000000,0.000982,-0.009266,-0.069341,-0.035202,0.078315,1.235074,9.242139,4.691828,9.242139,69.159511,35.109248,4.691828,35.109248,17.823425,-0.000000,0.000000,88.218010,-0.009266,-0.069341,-0.035202,0.078315,1.267463,9.484509,4.814869,9.484509,70.973180,36.029969,4.814869,36.029969,18.290834,-0.000000,0.000000,90.531477
1.7849,baseline,0.037,20.0000,4.158622,-1.240990,-1.374447,-0.001534,-0.145728,1.135146,-2.012583,1.003223,-2.699806,1.277806,-2.541806,1.302350,-1.822369,0.009922,0.027776,-0.000000,0.023981,0.023981,0.001575,0.000000,0.017007,0.023981,0.289944,0.023985,-0.021409,0.023981,1.544808,-0.702713,1.135906,0.001329,0.004858,0.000000,-0.004858,-0.007286,0.690169,0.923203,0.923203,0.609960,1.197784,1.197784,0.776906,1.165966,1.165966,0.791829,0.942280,0.942280,-0.007849,0.089025,-0.009214,0.003613,0.061050,-0.009209,-0.011462,0.027975,-0.000006,-0.002080,0.003555,-0.004500,0.006100,3.516860,-6.010228,7.608133,-6.010228,10.271334,-13.002115,7.608133,-13.002115,16.458912,-0.000000,0.000000,30.247106,-0.002080,0.003555,-0.004500,0.006100,2.618052,-4.474188,5.663714,-4.474188,7.646278,-9.679151,5.663714,-9.679151,12.252491,-0.000000,0.000000,22.516822,-0.017208,0.115095,0.078065,-0.016495,0.114699,0.073593,-0.000713,0.000396,0.004471,-0.027335,-0.303991,-0.221193,0.376941,0.552830,6.147980,4.473453,6.147980,68.371252,49.748961,4.473453,49.748961,36.198828,0.000000,0.000000,105.122909,-0.027335,-0.303991,-0.221193,0.376941,0.588533,6.545033,4.762361,6.545033,72.786849,52.961882,4.762361,52.961882,38.536644,-0.000000,0.000000,111.912026,0.001612,0.106952,0.072450,0.001591,0.106664,0.072231,0.000021,0.000288,0.000219,-0.002531,-0.024006,-0.003223,0.024353,1.054893,10.005109,1.343282,10.005109,94.893223,12.740330,1.343282,12.740330,1.710512,-0.000000,0.000000,97.658628,-0.002531,-0.024006,-0.003223,0.024353,1.059367,10.047539,1.348979,10.047539,95.295656,12.794361,1.348979,12.794361,1.717766,-0.000000,0.000000,98.072789,0.016897,0.101935,0.058504,0.016089,0.100935,0.055587,0.000808,0.001000,0.002917,-0.018780,-0.232381,-0.002893,0.233157,0.660122,8.168135,0.101672,8.168135,101.069784,1.258057,0.101672,1.258057,0.015660,-0.000000,0.000000,101.745566,-0.018780,-0.232381,-0.002893,0.233157,0.712869,8.820807,0.109796,8.820807,109.145732,1.358581,0.109796,1.358581,0.016911,-0.000000,0.000000,109.875512,0.032827,0.093830,0.062776,0.032257,0.093830,0.061795,0.000571,0.000000,0.000982,-0.009266,-0.069341,-0.035201,0.078314,1.235074,9.242139,4.691828,9.242139,69.159511,35.109248,4.691828,35.109248,17.823425,-0.000000,0.000000,88.218010,-0.009266,-0.069341,-0.035201,0.078314,1.267463,9.484508,4.814868,9.484508,70.973172,36.029965,4.814868,36.029965,18.290832,-0.000000,-0.000000,90.531467
1.8279,baseline,0.037,20.0000,4.158622,-1.240990,-1.374447,-0.001534,-0.145728,1.144350,-2.012583,1.003223,-2.699806,1.271670,-2.541806,1.302350,-1.822369,0.007371,0.024849,-0.000000,0.023981,0.023981,0.057668,0.000000,0.009875,0.023981,0.022713,0.023982,0.020996,0.023981,1.544808,-0.702713,1.135906,0.001329,0.004858,0.000000,-0.004858,-0.007286,0.695765,0.923203,0.923203,0.609960,1.197784,1.197784,0.773175,1.165966,1.165966,0.791829,0.942280,0.942280,-0.007849,0.089025,-0.009214,0.003613,0.061050,-0.009209,-0.011462,0.027975,-0.000006,-0.002080,0.003555,-0.004500,0.006100,3.516860,-6.010228,7.608133,-6.010228,10.271334,-13.002115,7.608133,-13.002115,16.458912,-0.000000,0.000000,30.247106,-0.002080,0.003555,-0.004500,0.006100,2.618052,-4.474188,5.663714,-4.474188,7.646278,-9.679151,5.663714,-9.679151,12.252491,-0.000000,0.000000,22.516822,-0.017144,0.115071,0.077669,-0.016495,0.114699,0.073593,-0.000649,0.000372,0.004076,-0.025278,-0.278174,-0.200083,0.343588,0.568991,6.261518,4.503739,6.261518,68.905468,49.561821,4.503739,49.561821,35.648464,-0.000000,0.000000,105.122923,-0.025278,-0.278174,-0.200083,0.343588,0.602586,6.631220,4.769655,6.631220,72.973887,52.488123,4.769655,52.488123,37.753273,-0.000000,0.000000,111.329747,0.001612,0.106952,0.072450,0.001591,0.106664,0.072231,0.000021,0.000288,0.000219,-0.002531,-0.024006,-0.003223,0.024353,1.054893,10.005109,1.343282,10.005109,94.893223,12.740330,1.343282,12.740330,1.710512,-0.000000,0.000000,97.658628,-0.002531,-0.024006,-0.003223,0.024353,1.059367,10.047539,1.348979,10.047539,95.295656,12.794361,1.348979,12.794361,1.717766,-0.000000,0.000000,98.072789,0.016956,0.102009,0.058717,0.016089,0.100935,0.055587,0.000867,0.001073,0.003130,-0.020416,-0.249659,-0.004011,0.250525,0.675726,8.263045,0.132746,8.263045,101.043766,1.623267,0.132746,1.623267,0.026078,-0.000000,-0.000000,101.745570,-0.020416,-0.249659,-0.004011,0.250525,0.733568,8.970357,0.144109,8.970357,109.693058,1.762218,0.144109,1.762218,0.028310,-0.000000,0.000000,110.454936,0.032827,0.093830,0.062776,0.032257,0.093830,0.061795,0.000571,0.000000,0.000982,-0.009266,-0.069340,-0.035201,0.078314,1.235074,9.242139,4.691828,9.242139,69.159511,35.109248,4.691828,35.109248,17.823425,0.000000,0.000000,88.218010,-0.009266,-0.069340,-0.035201,0.078314,1.267463,9.484508,4.814868,9.484508,70.973171,36.029964,4.814868,36.029964,18.290832,-0.000000,0.000000,90.531466
1.8697,baseline,0.037,20.0000,4.158622,-1.240990,-1.374447,-0.001534,-0.145728,1.158155,-2.012583,1.004757,-2.699806,1.267068,-2.541806,1.302350,-1.822369,0.013664,0.024179,-0.000000,0.023981,0.023981,0.307421,0.000000,0.006815,0.023981,-0.089750,0.023981,0.004803,0.023981,1.544808,-0.702713,1.135906,0.001329,0.004858,0.000000,-0.004858,-0.007286,0.704159,0.923203,0.923203,0.610893,1.197784,1.197784,0.770377,1.165966,1.165966,0.791829,0.942280,0.942280,-0.007849,0.089025,-0.009214,0.003613,0.061050,-0.009209,-0.011462,0.027975,-0.000006,-0.002080,0.003555,-0.004500,0.006100,3.516860,-6.010228,7.608133,-6.010228,10.271334,-13.002115,7.608133,-13.002115,16.458912,-0.000000,0.000000,30.247106,-0.002080,0.003555,-0.004500,0.006100,2.618052,-4.474188,5.663714,-4.474188,7.646278,-9.679151,5.663714,-9.679151,12.252491,-0.000000,0.000000,22.516822,-0.017048,0.115032,0.077077,-0.016495,0.114699,0.073593,-0.000553,0.000333,0.003483,-0.022063,-0.239064,-0.168984,0.293588,0.593686,6.432835,4.547107,6.432835,69.702460,49.269803,4.547107,49.269803,34.826798,-0.000000,0.000000,105.122944,-0.022063,-0.239064,-0.168984,0.293588,0.623772,6.758825,4.777536,6.758825,73.234697,51.766597,4.777536,51.766597,36.591679,0.000000,0.000000,110.450148,0.001610,0.106944,0.072390,0.001591,0.106664,0.072231,0.000019,0.000280,0.000160,-0.002098,-0.019908,-0.002654,0.020193,1.054446,10.004266,1.333635,10.004266,94.917438,12.653120,1.333635,12.653120,1.686744,-0.000000,0.000000,97.658628,-0.002098,-0.019908,-0.002654,0.020193,1.057216,10.030544,1.337138,10.030544,95.166764,12.686357,1.337138,12.686357,1.691175,-0.000000,0.000000,97.915155,0.017001,0.102063,0.058878,0.016089,0.100935,0.055587,0.000911,0.001128,0.003291,-0.021666,-0.262623,-0.004932,0.263561,0.687542,8.334093,0.156504,8.334093,101.022407,1.897073,0.156504,1.897073,0.035625,-0.000000,0.000000,101.745573,-0.021666,-0.262623,-0.004932,0.263561,0.749326,9.083019,0.170568,9.083019,110.100570,2.067549,0.170568,2.067549,0.038826,-0.000000,-0.000000,110.888722,0.032827,0.093830,0.062776,0.032257,0.093830,0.061795,0.000571,0.000000,0.000982,-0.009266,-0.069340,-0.035201,0.078313,1.235074,9.242139,4.691828,9.242139,69.159511,35.109248,4.691828,35.109248,17.823425,-0.000000,0.000000,88.218009,-0.009266,-0.069340,-0.035201,0.078313,1.267463,9.484507,4.814868,9.484507,70.973163,36.029960,4.814868,36.029960,18.290830,-0.000000,0.000000,90.531456
1.9128,baseline,0.037,20.0000,4.158622,-1.239456,-1.374447,-0.001534,-0.145728,1.152020,-2.012583,1.003223,-2.699806,1.267068,-2.541806,1.306952,-1.822369,0.013315,0.040477,-0.000000,0.023981,0.023981,0.066370,0.000000,0.009210,0.023981,-0.033111,0.023981,0.076166,0.023981,1.544808,-0.701844,1.135906,0.001329,0.004858,0.000000,-0.004858,-0.007286,0.700428,0.923203,0.923203,0.609960,1.197784,1.197784,0.770377,1.165966,1.165966,0.794627,0.942280,0.942280,-0.007858,0.089048,-0.009169,0.003613,0.061050,-0.009209,-0.011471,0.027998,0.000040,-0.002320,0.003967,-0.005013,0.006801,3.519529,-6.018535,7.605785,-6.018535,10.291936,-13.006197,7.605785,-13.006197,16.436282,0.000000,0.000000,30.247746,-0.002320,0.003967,-0.005013,0.006801,2.619115,-4.478792,5.659971,-4.478792,7.658914,-9.678776,5.659971,-9.678776,12.231331,-0.000000,0.000000,22.509360,-0.017091,0.115050,0.077340,-0.016495,0.114699,0.073593,-0.000596,0.000351,0.003747,-0.023511,-0.256502,-0.182722,0.315806,0.582644,6.356547,4.528139,6.356547,69.348895,49.401260,4.528139,49.401260,35.191397,-0.000000,0.000000,105.122935,-0.023511,-0.256502,-0.182722,0.315806,0.614341,6.702365,4.774485,6.702365,73.121719,52.088863,4.774485,52.088863,37.105933,-0.000000,0.000000,110.841993,0.001612,0.106952,0.072450,0.001591,0.106664,0.072231,0.000021,0.000288,0.000219,-0.002531,-0.024006,-0.003223,0.024353,1.054893,10.005109,1.343282,10.005109,94.893223,12.740330,1.343282,12.740330,1.710512,-0.000000,0.000000,97.658628,-0.002531,-0.024006,-0.003223,0.024353,1.059367,10.047539,1.348979,10.047539,95.295656,12.794361,1.348979,12.794361,1.717766,-0.000000,0.000000,98.072789,0.017001,0.102063,0.058878,0.016089,0.100935,0.055587,0.000911,0.001128,0.003291,-0.021666,-0.262622,-0.004932,0.263561,0.687542,8.334093,0.156504,8.334093,101.022407,1.897073,0.156504,1.897073,0.035625,-0.000000,-0.000000,101.745573,-0.021666,-0.262622,-0.004932,0.263561,0.749326,9.083019,0.170568,9.083019,110.100564,2.067549,0.170568,2.067549,0.038826,-0.000000,0.000000,110.888716,0.032755,0.093805,0.062648,0.032257,0.093830,0.061795,0.000498,-0.000024,0.000854,-0.007889,-0.059784,-0.030165,0.067426,1.207539,9.151409,4.617385,9.151409,69.354519,34.993135,4.617385,34.993135,17.655944,-0.000000,0.000000,88.218002,-0.007889,-0.059784,-0.030165,0.067426,1.235558,9.363750,4.724522,9.363750,70.963757,35.805083,4.724522,35.805083,18.065616,-0.000000,-0.000000,90.264931
1.9546,baseline,0.037,20.0000,4.158622,-1.239456,-1.374447,-0.001534,-0.145728,1.144350,-2.012583,1.003223,-2.699806,1.265534,-2.541806,1.306952,-1.822369,0.021541,0.027755,-0.000000,0.023981,0.023981,-0.123214,0.000000,0.013343,0.023981,-0.025352,0.023981,0.102802,0.023981,1.544808,-0.701844,1.135906,0.001329,0.004858,0.000000,-0.004858,-0.007286,0.695765,0.923203,0.923203,0.609960,1.197784,1.197784,0.769445,1.165966,1.165966,0.794627,0.942280,0.942280,-0.007858,0.089048,-0.009169,0.003613,0.061050,-0.009209,-0.011471,0.027998,0.000040,-0.002320,0.003967,-0.005013,0.006801,3.519529,-6.018535,7.605785,-6.018535,10.291936,-13.006197,7.605785,-13.006197,16.436282,0.000000,0.000000,30.247746,-0.002320,0.003967,-0.005013,0.006801,2.619115,-4.478792,5.659971,-4.478792,7.658914,-9.678776,5.659971,-9.678776,12.231331,-0.000000,0.000000,22.509360,-0.017144,0.115071,0.077669,-0.016495,0.114699,0.073593,-0.000649,0.000372,0.004076,-0.025278,-0.278174,-0.200083,0.343589,0.568991,6.261518,4.503739,6.261518,68.905468,49.561821,4.503739,49.561821,35.648464,-0.000000,0.000000,105.122923,-0.025278,-0.278174,-0.200083,0.343589,0.602586,6.631220,4.769655,6.631220,72.973887,52.488124,4.769655,52.488124,37.753273,-0.000000,0.000000,111.329747,0.001612,0.106952,0.072450,0.001591,0.106664,0.072231,0.000021,0.000288,0.000219,-0.002531,-0.024006,-0.003223,0.024353,1.054893,10.005109,1.343282,10.005109,94.893223,12.740330,1.343282,12.740330,1.710512,-0.000000,0.000000,97.658628,-0.002531,-0.024006,-0.003223,0.024353,1.059367,10.047539,1.348979,10.047539,95.295656,12.794361,1.348979,12.794361,1.717766,-0.000000,0.000000,98.072789,0.017015,0.102081,0.058931,0.016089,0.100935,0.055587,0.000926,0.001146,0.003344,-0.022086,-0.266945,-0.005254,0.267909,0.691502,8.357751,0.164509,8.357751,101.014936,1.988320,0.164509,1.988320,0.039137,-0.000000,0.000000,101.745574,-0.022086,-0.266945,-0.005254,0.267909,0.754624,9.120667,0.179526,9.120667,110.235838,2.169819,0.179526,2.169819,0.042709,-0.000000,-0.000000,111.033171,0.032755,0.093805,0.062648,0.032257,0.093830,0.061795,0.000498,-0.000024,0.000854,-0.007889,-0.059785,-0.030165,0.067427,1.207539,9.151409,4.617385,9.151409,69.354519,34.993135,4.617385,34.993135,17.655944,-0.000000,0.000000,88.218002,-0.007889,-0.059785,-0.030165,0.067427,1.235558,9.363752,4.724523,9.363752,70.963767,35.805089,4.724523,35.805089,18.065619,-0.000000,0.000000,90.264944
1.9970,baseline,0.037,20.0000,4.157088,-1.239456,-1.374447,-0.001534,-0.145728,1.139748,-2.012583,1.003223,-2.699806,1.270136,-2.541806,1.302350,-1.822369,0.021025,0.024844,-0.000000,0.023981,0.023981,-0.124957,0.000000,0.006857,0.023981,0.048481,0.023981,-0.042275,0.023981,1.544238,-0.701844,1.135906,0.001329,0.004858,0.000000,-0.004858,-0.007286,0.692967,0.923203,0.923203,0.609960,1.197784,1.197784,0.772243,1.165966,1.165966,0.791829,0.942280,0.942280,-0.007896,0.089059,-0.009178,0.003613,0.061050,-0.009209,-0.011509,0.028009,0.000031,-0.002060,0.003517,-0.004447,0.006033,3.527706,-6.022789,7.614884,-6.022789,10.282601,-13.000755,7.614884,-13.000755,16.437440,-0.000000,0.000000,30.247746,-0.002060,0.003517,-0.004447,0.006033,2.625518,-4.482500,5.667427,-4.482500,7.652893,-9.675897,5.667427,-9.675897,12.233672,-0.000000,0.000000,22.512083,-0.017176,0.115083,0.077867,-0.016495,0.114699,0.073593,-0.000681,0.000384,0.004274,-0.026315,-0.291109,-0.210601,0.360263,0.560880,6.204681,4.488733,6.204681,68.638643,49.656147,4.488733,49.656147,35.923393,-0.000000,0.000000,105.122916,-0.026315,-0.291109,-0.210601,0.360263,0.595552,6.588235,4.766213,6.588235,72.881679,52.725741,4.766213,52.725741,38.144069,-0.000000,-0.000000,111.621300,0.001612,0.106952,0.072450,0.001591,0.106664,0.072231,0.000021,0.000288,0.000219,-0.002531,-0.024006,-0.003223,0.024353,1.054893,10.005109,1.343282,10.005109,94.893223,12.740330,1.343282,12.740330,1.710512,-0.000000,0.000000,97.658628,-0.002531,-0.024006,-0.003223,0.024353,1.059367,10.047539,1.348979,10.047539,95.295656,12.794361,1.348979,12.794361,1.717766,-0.000000,0.000000,98.072789,0.016971,0.102027,0.058771,0.016089,0.100935,0.055587,0.000882,0.001091,0.003184,-0.020831,-0.253980,-0.004310,0.254870,0.679654,8.286740,0.140622,8.286740,101.036822,1.714546,0.140622,1.714546,0.029095,-0.000000,0.000000,101.745571,-0.020831,-0.253980,-0.004310,0.254870,0.738798,9.007864,0.152859,9.007864,109.829186,1.863748,0.152859,1.863748,0.031627,-0.000000,0.000000,110.599612,0.032827,0.093830,0.062776,0.032257,0.093830,0.061795,0.000571,0.000000,0.000982,-0.009266,-0.069341,-0.035201,0.078315,1.235074,9.242139,4.691828,9.242139,69.159511,35.109248,4.691828,35.109248,17.823425,-0.000000,0.000000,88.218010,-0.009266,-0.069341,-0.035201,0.078315,1.267463,9.484509,4.814869,9.484509,70.973178,36.029968,4.814869,36.029968,18.290833,-0.000000,0.000000,90.531475
2.0182,ramp,0.037,36.8491,4.158622,-1.239456,-1.374447,-0.001534,-0.145728,1.136680,-2.012583,1.003223,-2.699806,1.277806,-2.541806,1.302350,-1.822369,0.010056,0.024394,-0.000000,0.023981,0.023981,-0.117725,0.000000,0.003280,0.023981,0.132465,0.023981,-0.065999,0.023981,1.544808,-0.701844,1.135906,0.001329,0.004858,0.000000,-0.004858,-0.007286,0.691101,0.923203,0.923203,0.609960,1.197784,1.197784,0.776906,1.165966,1.165966,0.791829,0.942280,0.942280,-0.007858,0.089048,-0.009169,0.003613,0.061050,-0.009209,-0.011471,0.027998,0.000040,0.057877,-0.098972,0.125074,0.169672,5.639834,-9.644342,12.187816,-9.644342,16.492212,-20.841653,12.187816,-20.841653,26.338159,-0.000000,-0.000000,48.470205,0.057877,-0.098972,0.125074,0.169672,4.076686,-6.971296,8.809814,-6.971296,11.921194,-15.065135,8.809814,-15.065135,19.038218,-0.000000,0.000000,35.036098,-0.017198,0.115091,0.077999,-0.016495,0.114699,0.073593,-0.000702,0.000392,0.004405,-0.026997,-0.299703,-0.217654,0.371381,0.555506,6.166865,4.478577,6.166865,68.460445,49.718191,4.478577,49.718191,36.106960,-0.000000,0.000000,105.122912,-0.026997,-0.299703,-0.217654,0.371381,0.590871,6.559458,4.763690,6.559458,72.818750,52.883334,4.763690,52.883334,38.405589,-0.000000,0.000000,111.815210,0.001612,0.106952,0.072450,0.001591,0.106664,0.072231,0.000021,0.000288,0.000219,-0.002531,-0.024006,-0.003223,0.024353,1.054893,10.005109,1.343282,10.005109,94.893223,12.740330,1.343282,12.740330,1.710512,-0.000000,0.000000,97.658628,-0.002531,-0.024006,-0.003223,0.024353,1.059367,10.047539,1.348979,10.047539,95.295656,12.794361,1.348979,12.794361,1.717766,-0.000000,0.000000,98.072789,0.016897,0.101935,0.058504,0.016089,0.100935,0.055587,0.000808,0.001000,0.002917,-0.018780,-0.232381,-0.002893,0.233157,0.660122,8.168135,0.101672,8.168135,101.069784,1.258057,0.101672,1.258057,0.015660,-0.000000,0.000000,101.745566,-0.018780,-0.232381,-0.002893,0.233157,0.712869,8.820807,0.109796,8.820807,109.145731,1.358581,0.109796,1.358581,0.016911,-0.000000,0.000000,109.875511,0.032827,0.093830,0.062776,0.032257,0.093830,0.061795,0.000571,0.000000,0.000982,-0.009266,-0.069340,-0.035201,0.078314,1.235074,9.242139,4.691828,9.242139,69.159511,35.109248,4.691828,35.109248,17.823425,-0.000000,0.000000,88.218010,-0.009266,-0.069340,-0.035201,0.078314,1.267463,9.484508,4.814868,9.484508,70.973170,36.029964,4.814868,36.029964,18.290831,-0.000000,0.000000,90.531465
2.0364,ramp,0.037,75.8761,4.158622,-1.239456,-1.374447,-0.001534,-0.145728,1.133612,-2.012583,1.004757,-2.699806,1.279340,-2.541806,1.302350,-1.822369,0.009901,0.014380,-0.000000,0.023981,0.023981,-0.118746,0.000000,0.011563,0.023981,0.199262,0.023981,-0.042802,0.023981,1.544808,-0.701844,1.135906,0.001329,0.004858,0.000000,-0.004858,-0.007286,0.689236,0.923203,0.923203,0.610893,1.197784,1.197784,0.777839,1.165966,1.165966,0.791829,0.942280,0.942280,-0.007858,0.089048,-0.009169,0.003613,0.061050,-0.009209,-0.011471,0.027998,0.000040,0.197309,-0.337406,0.426390,0.578431,10.551028,-18.042681,22.801023,-18.042681,30.853707,-38.990662,22.801023,-38.990662,49.273552,-0.000000,0.000000,90.678287,0.197309,-0.337406,0.426390,0.578431,7.452807,-12.744599,16.105694,-12.744599,21.793775,-27.541381,16.105694,-27.541381,34.804787,0.000000,0.000000,64.051369,-0.017219,0.115098,0.078130,-0.016495,0.114699,0.073593,-0.000724,0.000399,0.004537,-0.027671,-0.308274,-0.224741,0.382501,0.550160,6.129110,4.468300,6.129110,68.281997,49.779563,4.468300,49.779563,36.290750,-0.000000,0.000000,105.122907,-0.027671,-0.308274,-0.224741,0.382501,0.586196,6.530584,4.760986,6.530584,72.754659,53.040264,4.760986,53.040264,38.667896,-0.000000,0.000000,112.008751,0.001610,0.106944,0.072390,0.001591,0.106664,0.072231,0.000019,0.000280,0.000160,-0.002098,-0.019908,-0.002654,0.020193,1.054446,10.004266,1.333635,10.004266,94.917438,12.653120,1.333635,12.653120,1.686744,-0.000000,0.000000,97.658628,-0.002098,-0.019908,-0.002654,0.020193,1.057216,10.030544,1.337138,10.030544,95.166764,12.686357,1.337138,12.686357,1.691175,-0.000000,0.000000,97.915155,0.016882,0.101917,0.058450,0.016089,0.100935,0.055587,0.000793,0.000981,0.002864,-0.018377,-0.228063,-0.002633,0.228817,0.656248,8.144376,0.094012,8.144376,101.075848,1.166732,0.094012,1.166732,0.013468,-0.000000,0.000000,101.745564,-0.018377,-0.228063,-0.002633,0.228817,0.707750,8.783540,0.101390,8.783540,109.008196,1.258296,0.101390,1.258296,0.014525,0.000000,0.000000,109.730471,0.032827,0.093830,0.062776,0.032257,0.093830,0.061795,0.000571,0.000000,0.000982,-0.009266,-0.069340,-0.035201,0.078314,1.235074,9.242139,4.691828,9.242139,69.159511,35.109248,4.691828,35.109248,17.823425,-0.000000,0.000000,88.218010,-0.009266,-0.069340,-0.035201,0.078314,1.267463,9.484508,4.814868,9.484508,70.973171,36.029964,4.814868,36.029964,18.290832,-0.000000,0.000000,90.531466
2.0576,post_ramp,0.037,100.0000,4.158622,-1.239456,-1.374447,-0.001534,-0.145728,1.130544,-2.012583,1.003223,-2.699806,1.277806,-2.541806,1.302350,-1.822369,0.007133,0.009276,-0.000000,0.023981,0.023981,-0.125849,0.000000,0.015644,0.023981,0.162912,0.023981,-0.020472,0.023981,1.544808,-0.701844,1.135906,0.001329,0.004858,0.000000,-0.004858,-0.007286,0.687371,0.923203,0.923203,0.609960,1.197784,1.197784,0.776906,1.165966,1.165966,0.791829,0.942280,0.942280,-0.007858,0.089048,-0.009169,0.003613,0.061050,-0.009209,-0.011471,0.027998,0.000040,0.283497,-0.484791,0.612643,0.831098,13.586800,-23.233972,29.361398,-23.233972,39.731023,-50.209166,29.361398,-50.209166,63.450678,-0.000000,0.000000,116.768501,0.283497,-0.484791,0.612643,0.831098,9.539700,-16.313269,20.615519,-16.313269,27.896344,-35.253362,20.615519,-35.253362,44.550626,-0.000000,0.000000,81.986670,-0.017241,0.115105,0.078262,-0.016495,0.114699,0.073593,-0.000745,0.000406,0.004669,-0.028338,-0.316822,-0.231861,0.393622,0.544839,6.091417,4.457901,6.091417,68.103303,49.840261,4.457901,49.840261,36.474760,-0.000000,-0.000000,105.122902,-0.028338,-0.316822,-0.231861,0.393622,0.581529,6.501615,4.758098,6.501615,72.689408,53.196526,4.758098,53.196526,38.930986,-0.000000,0.000000,112.201923,0.001612,0.106952,0.072450,0.001591,0.106664,0.072231,0.000021,0.000288,0.000219,-0.002531,-0.024006,-0.003223,0.024353,1.054893,10.005109,1.343282,10.005109,94.893223,12.740330,1.343282,12.740330,1.710512,-0.000000,0.000000,97.658628,-0.002531,-0.024006,-0.003223,0.024353,1.059367,10.047539,1.348979,10.047539,95.295656,12.794361,1.348979,12.794361,1.717766,-0.000000,0.000000,98.072789,0.016897,0.101935,0.058504,0.016089,0.100935,0.055587,0.000808,0.001000,0.002917,-0.018780,-0.232381,-0.002893,0.233157,0.660122,8.168135,0.101672,8.168135,101.069784,1.258057,0.101672,1.258057,0.015660,0.000000,0.000000,101.745566,-0.018780,-0.232381,-0.002893,0.233157,0.712869,8.820807,0.109796,8.820807,109.145734,1.358581,0.109796,1.358581,0.016911,-0.000000,0.000000,109.875514,0.032827,0.093830,0.062776,0.032257,0.093830,0.061795,0.000571,0.000000,0.000982,-0.009266,-0.069341,-0.035201,0.078315,1.235074,9.242139,4.691828,9.242139,69.159511,35.109248,4.691828,35.109248,17.823425,-0.000000,0.000000,88.218010,-0.009266,-0.069341,-0.035201,0.078315,1.267463,9.484508,4.814869,9.484508,70.973177,36.029967,4.814869,36.029967,18.290833,-0.000000,0.000000,90.531473
2.0758,post_ramp,0.037,100.0000,4.158622,-1.240990,-1.374447,-0.001534,-0.145728,1.127476,-2.012583,1.003223,-2.699806,1.276272,-2.541806,1.302350,-1.822369,0.015027,0.013768,-0.000000,0.023981,0.023981,-0.138856,0.000000,0.008314,0.023981,0.070850,0.023981,-0.010880,0.023981,1.544808,-0.702713,1.135906,0.001329,0.004858,0.000000,-0.004858,-0.007286,0.685505,0.923203,0.923203,0.609960,1.197784,1.197784,0.775973,1.165966,1.165966,0.791829,0.942280,0.942280,-0.007849,0.089025,-0.009214,0.003613,0.061050,-0.009209,-0.011462,0.027975,-0.000006,0.283929,-0.485228,0.614232,0.832672,13.576092,-23.201212,29.369585,-23.201212,39.650308,-50.191909,29.369585,-50.191909,63.536145,-0.000000,0.000000,116.762545,0.283929,-0.485228,0.614232,0.832672,9.535845,-16.296528,20.629193,-16.296528,27.850372,-35.254791,20.629193,-35.254791,44.627780,0.000000,0.000000,82.013997,-0.017262,0.115112,0.078394,-0.016495,0.114699,0.073593,-0.000767,0.000413,0.004801,-0.028997,-0.325346,-0.239014,0.404745,0.539546,6.053785,4.447382,6.053785,67.924364,49.900285,4.447382,49.900285,36.658988,-0.000000,0.000000,105.122897,-0.028997,-0.325346,-0.239014,0.404745,0.576869,6.472553,4.755028,6.472553,72.623000,53.352114,4.755028,53.352114,39.194856,-0.000000,0.000000,112.394726,0.001612,0.106952,0.072450,0.001591,0.106664,0.072231,0.000021,0.000288,0.000219,-0.002531,-0.024006,-0.003223,0.024353,1.054893,10.005109,1.343282,10.005109,94.893223,12.740330,1.343282,12.740330,1.710512,-0.000000,0.000000,97.658628,-0.002531,-0.024006,-0.003223,0.024353,1.059367,10.047539,1.348979,10.047539,95.295656,12.794361,1.348979,12.794361,1.717766,-0.000000,0.000000,98.072789,0.016912,0.101954,0.058557,0.016089,0.100935,0.055587,0.000823,0.001018,0.002970,-0.019186,-0.236700,-0.003160,0.237498,0.664007,8.191881,0.109376,8.191881,101.063543,1.349373,0.109376,1.349373,0.018016,-0.000000,0.000000,101.745567,-0.019186,-0.236700,-0.003160,0.237498,0.718011,8.858123,0.118271,8.858123,109.282992,1.459117,0.118271,1.459117,0.019482,-0.000000,0.000000,110.020485,0.032827,0.093830,0.062776,0.032257,0.093830,0.061795,0.000571,0.000000,0.000982,-0.009266,-0.069342,-0.035202,0.078315,1.235074,9.242139,4.691828,9.242139,69.159511,35.109249,4.691828,35.109249,17.823425,-0.000000,0.000000,88.218010,-0.009266,-0.069342,-0.035202,0.078315,1.267463,9.484509,4.814869,9.484509,70.973182,36.029970,4.814869,36.029970,18.290834,0.000000,0.000000,90.531480
2.0946,post_ramp,0.037,100.0000,4.158622,-1.245592,-1.374447,-0.001534,-0.145728,1.124408,-2.012583,1.003223,-2.699806,1.274738,-2.541806,1.302350,-1.822369,0.019223,-0.015957,-0.000000,0.023981,0.023981,-0.141212,0.000000,0.015655,0.023981,0.003943,0.023981,-0.005782,0.023981,1.544808,-0.705318,1.135906,0.001329,0.004858,0.000000,-0.004858,-0.007286,0.683640,0.923203,0.923203,0.609960,1.197784,1.197784,0.775041,1.165966,1.165966,0.791829,0.942280,0.942280,-0.007820,0.088959,-0.009352,0.003613,0.061050,-0.009209,-0.011433,0.027909,-0.000143,0.285227,-0.486530,0.619014,0.837403,13.544029,-23.102976,29.393974,-23.102976,39.408324,-50.139309,29.393974,-50.139309,63.792369,-0.000000,0.000000,116.744722,0.285227,-0.486530,0.619014,0.837403,9.524307,-16.246262,20.670160,-16.246262,27.712358,-35.258503,20.670160,-35.258503,44.859482,-0.000000,0.000000,82.096148,-0.017283,0.115119,0.078526,-0.016495,0.114699,0.073593,-0.000788,0.000420,0.004932,-0.029648,-0.333847,-0.246200,0.415869,0.534279,6.016217,4.436743,6.016217,67.745183,49.959633,4.436743,49.959633,36.843430,-0.000000,0.000000,105.122893,-0.029648,-0.333847,-0.246200,0.415869,0.572216,6.443399,4.751775,6.443399,72.555439,53.507023,4.751775,53.507023,39.459503,-0.000000,0.000000,112.587158,0.001612,0.106952,0.072450,0.001591,0.106664,0.072231,0.000021,0.000288,0.000219,-0.002531,-0.024006,-0.003223,0.024353,1.054893,10.005109,1.343282,10.005109,94.893223,12.740330,1.343282,12.740330,1.710512,-0.000000,0.000000,97.658628,-0.002531,-0.024006,-0.003223,0.024353,1.059367,10.047539,1.348979,10.047539,95.295656,12.794361,1.348979,12.794361,1.717766,-0.000000,0.000000,98.072789,0.016927,0.101972,0.058611,0.016089,0.100935,0.055587,0.000837,0.001036,0.003024,-0.019594,-0.241020,-0.003436,0.241839,0.667903,8.215615,0.117123,8.215615,101.057127,1.440680,0.117123,1.440680,0.020538,-0.000000,0.000000,101.745568,-0.019594,-0.241020,-0.003436,0.241839,0.723174,8.895487,0.126815,8.895487,109.419969,1.559902,0.126815,1.559902,0.022238,-0.000000,0.000000,110.165381,0.032827,0.093830,0.062776,0.032257,0.093830,0.061795,0.000571,0.000000,0.000982,-0.009267,-0.069342,-0.035202,0.078316,1.235074,9.242139,4.691828,9.242139,69.159511,35.109249,4.691828,35.109249,17.823425,0.000000,0.000000,88.218010,-0.009267,-0.069342,-0.035202,0.078316,1.267464,9.484510,4.814869,9.484510,70.973188,36.029973,4.814869,36.029973,18.290836,-0.000000,0.000000,90.531487
2.1128,post_ramp,0.037,100.0000,4.158622,-1.257864,-1.374447,-0.001534,-0.145728,1.122874,-2.012583,1.003223,-2.699806,1.271670,-2.541806,1.302350,-1.822369,0.021452,-0.141338,-0.000000,0.023981,0.023981,-0.134218,0.000000,0.015000,0.023981,-0.049349,0.023981,0.003426,0.023981,1.544808,-0.712267,1.135906,0.001329,0.004858,0.000000,-0.004858,-0.007286,0.682707,0.923203,0.923203,0.609960,1.197784,1.197784,0.773175,1.165966,1.165966,0.791829,0.942280,0.942280,-0.007745,0.088778,-0.009718,0.003613,0.061050,-0.009209,-0.011358,0.027728,-0.000509,0.288691,-0.489940,0.631859,0.850076,13.458991,-22.841355,29.457752,-22.841355,38.764235,-49.992973,29.457752,-49.992973,64.474310,-0.000000,0.000000,116.697537,0.288691,-0.489940,0.631859,0.850076,9.493742,-16.111902,20.778995,-16.111902,27.343629,-35.264189,20.778995,-35.264189,45.479077,-0.000000,0.000000,82.316448,-0.017294,0.115122,0.078592,-0.016495,0.114699,0.073593,-0.000799,0.000423,0.004998,-0.029971,-0.338089,-0.249806,0.421432,0.531656,5.997456,4.431378,5.997456,67.655503,49.989053,4.431378,49.989053,36.935731,-0.000000,0.000000,105.122890,-0.029971,-0.338089,-0.249806,0.421432,0.569893,6.428787,4.750079,6.428787,72.521227,53.584222,4.750079,53.584222,39.592116,-0.000000,0.000000,112.683235,0.001612,0.106952,0.072450,0.001591,0.106664,0.072231,0.000021,0.000288,0.000219,-0.002531,-0.024006,-0.003223,0.024353,1.054893,10.005109,1.343282,10.005109,94.893223,12.740330,1.343282,12.740330,1.710512,-0.000000,0.000000,97.658628,-0.002531,-0.024006,-0.003223,0.024353,1.059367,10.047539,1.348979,10.047539,95.295656,12.794361,1.348979,12.794361,1.717766,-0.000000,0.000000,98.072789,0.016956,0.102009,0.058717,0.016089,0.100935,0.055587,0.000867,0.001073,0.003130,-0.020416,-0.249660,-0.004011,0.250526,0.675726,8.263045,0.132746,8.263045,101.043766,1.623267,0.132746,1.623267,0.026078,-0.000000,0.000000,101.745570,-0.020416,-0.249660,-0.004011,0.250526,0.733568,8.970358,0.144109,8.970358,109.693072,1.762218,0.144109,1.762218,0.028310,0.000000,0.000000,110.454950,0.032827,0.093830,0.062776,0.032257,0.093830,0.061795,0.000571,0.000000,0.000982,-0.009267,-0.069343,-0.035202,0.078316,1.235074,9.242139,4.691828,9.242139,69.159511,35.109249,4.691828,35.109249,17.823425,-0.000000,0.000000,88.218010,-0.009267,-0.069343,-0.035202,0.078316,1.267464,9.484511,4.814870,9.484511,70.973194,36.029976,4.814870,36.029976,18.290837,-0.000000,0.000000,90.531495
2.1309,post_ramp,0.037,100.0000,4.158622,-1.277806,-1.374447,-0.001534,-0.145728,1.121340,-2.012583,1.003223,-2.699806,1.271670,-2.541806,1.305418,-1.822369,0.022637,-0.389847,-0.000000,0.023981,0.023981,-0.121381,0.000000,0.012528,0.023981,-0.070347,0.023981,0.028259,0.023981,1.544808,-0.723559,1.135906,0.001329,0.004858,0.000000,-0.004858,-0.007286,0.681775,0.923203,0.923203,0.609960,1.197784,1.197784,0.773175,1.165966,1.165966,0.793694,0.942280,0.942280,-0.007622,0.088480,-0.010310,0.003613,0.061050,-0.009209,-0.011235,0.027430,-0.001101,0.294335,-0.495278,0.653030,0.870851,13.322242,-22.417318,29.557533,-22.417318,37.721590,-49.736421,29.557533,-49.736421,65.578136,-0.000000,0.000000,116.621968,0.294335,-0.495278,0.653030,0.870851,9.444713,-15.892605,20.954612,-15.892605,26.742465,-35.260297,20.954612,-35.260297,46.491174,-0.000000,0.000000,82.678351,-0.017305,0.115125,0.078658,-0.016495,0.114699,0.073593,-0.000810,0.000426,0.005064,-0.030291,-0.342324,-0.253419,0.426995,0.529040,5.978710,4.425984,5.978710,67.565763,50.018305,4.425984,50.018305,37.028085,-0.000000,0.000000,105.122888,-0.030291,-0.342324,-0.253419,0.426995,0.567571,6.414153,4.748338,6.414153,72.486727,53.661248,4.748338,53.661248,39.724922,-0.000000,0.000000,112.779219,0.001612,0.106952,0.072450,0.001591,0.106664,0.072231,0.000021,0.000288,0.000219,-0.002531,-0.024006,-0.003223,0.024353,1.054893,10.005109,1.343282,10.005109,94.893223,12.740330,1.343282,12.740330,1.710512,-0.000000,0.000000,97.658628,-0.002531,-0.024006,-0.003223,0.024353,1.059367,10.047539,1.348979,10.047539,95.295656,12.794361,1.348979,12.794361,1.717766,-0.000000,0.000000,98.072789,0.016956,0.102009,0.058717,0.016089,0.100935,0.055587,0.000867,0.001073,0.003130,-0.020416,-0.249660,-0.004011,0.250525,0.675726,8.263045,0.132746,8.263045,101.043766,1.623267,0.132746,1.623267,0.026078,-0.000000,0.000000,101.745570,-0.020416,-0.249660,-0.004011,0.250525,0.733568,8.970357,0.144109,8.970357,109.693066,1.762218,0.144109,1.762218,0.028310,-0.000000,0.000000,110.454944,0.032779,0.093814,0.062691,0.032257,0.093830,0.061795,0.000522,-0.000016,0.000896,-0.008345,-0.062975,-0.031839,0.071058,1.216686,9.181705,4.642154,9.181705,69.289607,35.031950,4.642154,35.031950,17.711712,-0.000000,0.000000,88.218005,-0.008345,-0.062975,-0.031839,0.071058,1.246144,9.404006,4.754547,9.404006,70.967202,35.880121,4.754547,35.880121,18.140536,-0.000000,0.000000,90.353882
2.1485,post_ramp,0.037,100.0000,4.158622,-1.302350,-1.374447,-0.001534,-0.145728,1.121340,-2.012583,1.003223,-2.699806,1.273204,-2.541806,1.310020,-1.822369,0.023267,-0.696159,-0.000000,0.023981,0.023981,-0.094707,0.000000,0.017894,0.023981,-0.030736,0.023981,0.089326,0.023981,1.544808,-0.737457,1.135906,0.001329,0.004858,0.000000,-0.004858,-0.007286,0.681775,0.923203,0.923203,0.609960,1.197784,1.197784,0.774108,1.165966,1.165966,0.796492,0.942280,0.942280,-0.007471,0.088103,-0.011033,0.003613,0.061050,-0.009209,-0.011084,0.027053,-0.001824,0.301310,-0.501498,0.679597,0.896738,13.156389,-21.897381,29.673910,-21.897381,36.445814,-49.389002,29.673910,-49.389002,66.928770,-0.000000,-0.000000,116.530973,0.301310,-0.501498,0.679597,0.896738,9.385481,-15.621114,21.168721,-15.621114,25.999650,-35.233038,21.168721,-35.233038,47.745527,-0.000000,0.000000,83.130657,-0.017305,0.115125,0.078658,-0.016495,0.114699,0.073593,-0.000810,0.000426,0.005064,-0.030291,-0.342324,-0.253419,0.426995,0.529040,5.978710,4.425984,5.978710,67.565763,50.018305,4.425984,50.018305,37.028085,-0.000000,0.000000,105.122888,-0.030291,-0.342324,-0.253419,0.426995,0.567571,6.414153,4.748338,6.414153,72.486727,53.661248,4.748338,53.661248,39.724922,0.000000,0.000000,112.779220,0.001612,0.106952,0.072450,0.001591,0.106664,0.072231,0.000021,0.000288,0.000219,-0.002531,-0.024006,-0.003223,0.024353,1.054893,10.005109,1.343282,10.005109,94.893223,12.740330,1.343282,12.740330,1.710512,-0.000000,0.000000,97.658628,-0.002531,-0.024006,-0.003223,0.024353,1.059367,10.047539,1.348979,10.047539,95.295656,12.794361,1.348979,12.794361,1.717766,-0.000000,0.000000,98.072789,0.016941,0.101990,0.058664,0.016089,0.100935,0.055587,0.000852,0.001055,0.003077,-0.020004,-0.245339,-0.003719,0.246181,0.671809,8.239336,0.124913,8.239336,101.050534,1.531979,0.124913,1.531979,0.023226,-0.000000,0.000000,101.745569,-0.020004,-0.245339,-0.003719,0.246181,0.728360,8.932897,0.135427,8.932897,109.556647,1.660936,0.135427,1.660936,0.025181,-0.000000,0.000000,110.310187,0.032707,0.093789,0.062563,0.032257,0.093830,0.061795,0.000450,-0.000041,0.000768,-0.006987,-0.053404,-0.026835,0.060174,1.189339,9.090663,4.567983,9.090663,69.484071,34.915174,4.567983,34.915174,17.544587,-0.000000,0.000000,88.217998,-0.006987,-0.053404,-0.026835,0.060174,1.214536,9.283249,4.664756,9.283249,70.956097,35.654855,4.664756,35.654855,17.916271,-0.000000,0.000000,90.086904
2.1667,post_ramp,0.037,100.0000,4.158622,-1.323825,-1.374447,-0.001534,-0.145728,1.121340,-2.012583,1.004757,-2.699806,1.271670,-2.541806,1.311554,-1.822369,0.023601,-0.945119,-0.000000,0.023981,0.023981,-0.053321,0.000000,0.017055,0.023981,0.012819,0.023981,0.148599,0.023981,1.544808,-0.749618,1.135906,0.001329,0.004858,0.000000,-0.004858,-0.007286,0.681775,0.923203,0.923203,0.610893,1.197784,1.197784,0.773175,1.165966,1.165966,0.797425,0.942280,0.942280,-0.007339,0.087765,-0.011662,0.003613,0.061050,-0.009209,-0.010953,0.026715,-0.002453,0.307440,-0.506615,0.703308,0.919685,13.013499,-21.444298,29.770054,-21.444298,35.336992,-49.056591,29.770054,-49.056591,68.102828,-0.000000,0.000000,116.453319,0.307440,-0.506615,0.703308,0.919685,9.334688,-15.382168,21.354300,-15.382168,25.347510,-35.188689,21.354300,-35.188689,48.850709,-0.000000,-0.000000,83.532908,-0.017305,0.115125,0.078658,-0.016495,0.114699,0.073593,-0.000810,0.000426,0.005064,-0.030291,-0.342324,-0.253419,0.426995,0.529040,5.978710,4.425984,5.978710,67.565763,50.018305,4.425984,50.018305,37.028085,-0.000000,0.000000,105.122888,-0.030291,-0.342324,-0.253419,0.426995,0.567571,6.414153,4.748338,6.414153,72.486727,53.661248,4.748338,53.661248,39.724922,-0.000000,0.000000,112.779220,0.001610,0.106944,0.072390,0.001591,0.106664,0.072231,0.000019,0.000280,0.000160,-0.002098,-0.019908,-0.002654,0.020193,1.054446,10.004266,1.333635,10.004266,94.917438,12.653120,1.333635,12.653120,1.686744,-0.000000,0.000000,97.658628,-0.002098,-0.019908,-0.002654,0.020193,1.057216,10.030544,1.337138,10.030544,95.166764,12.686357,1.337138,12.686357,1.691175,-0.000000,0.000000,97.915155,0.016956,0.102009,0.058717,0.016089,0.100935,0.055587,0.000867,0.001073,0.003130,-0.020416,-0.249659,-0.004011,0.250525,0.675726,8.263045,0.132746,8.263045,101.043766,1.623267,0.132746,1.623267,0.026078,-0.000000,0.000000,101.745570,-0.020416,-0.249659,-0.004011,0.250525,0.733568,8.970356,0.144109,8.970356,109.693053,1.762218,0.144109,1.762218,0.028310,-0.000000,0.000000,110.454931,0.032682,0.093780,0.062520,0.032257,0.093830,0.061795,0.000425,-0.000049,0.000726,-0.006541,-0.050209,-0.025178,0.056547,1.180287,9.060211,4.543351,9.060211,69.548710,34.876028,4.543351,34.876028,17.488999,-0.000000,0.000000,88.217995,-0.006541,-0.050209,-0.025178,0.056547,1.204099,9.242998,4.635011,9.242998,70.951835,35.579642,4.635011,35.579642,17.841834,-0.000000,0.000000,89.997768
2.1855,post_ramp,0.037,100.0000,4.158622,-1.346835,-1.374447,-0.001534,-0.145728,1.121340,-2.012583,1.003223,-2.699806,1.271670,-2.541806,1.311554,-1.822369,0.023779,-1.086569,-0.000000,0.023981,0.023981,-0.028337,0.000000,0.020300,0.023981,-0.001435,0.023981,0.139741,0.023981,1.544808,-0.762647,1.135906,0.001329,0.004858,0.000000,-0.004858,-0.007286,0.681775,0.923203,0.923203,0.609960,1.197784,1.197784,0.773175,1.165966,1.165966,0.797425,0.942280,0.942280,-0.007199,0.087395,-0.012331,0.003613,0.061050,-0.009209,-0.010812,0.026345,-0.003122,0.314039,-0.511753,0.729201,0.944587,12.862727,-20.960877,29.867328,-20.960877,34.157483,-48.671281,29.867328,-48.671281,69.352112,-0.000000,0.000000,116.372322,0.314039,-0.511753,0.729201,0.944587,9.281369,-15.124758,21.551394,-15.124758,24.647045,-35.119779,21.551394,-35.119779,50.042464,-0.000000,0.000000,83.970878,-0.017305,0.115125,0.078658,-0.016495,0.114699,0.073593,-0.000810,0.000426,0.005064,-0.030291,-0.342324,-0.253419,0.426995,0.529040,5.978710,4.425984,5.978710,67.565763,50.018305,4.425984,50.018305,37.028085,-0.000000,0.000000,105.122888,-0.030291,-0.342324,-0.253419,0.426995,0.567571,6.414153,4.748338,6.414153,72.486727,53.661248,4.748338,53.661248,39.724922,-0.000000,0.000000,112.779220,0.001612,0.106952,0.072450,0.001591,0.106664,0.072231,0.000021,0.000288,0.000219,-0.002531,-0.024006,-0.003223,0.024353,1.054893,10.005109,1.343282,10.005109,94.893223,12.740330,1.343282,12.740330,1.710512,-0.000000,0.000000,97.658628,-0.002531,-0.024006,-0.003223,0.024353,1.059367,10.047539,1.348979,10.047539,95.295656,12.794361,1.348979,12.794361,1.717766,-0.000000,0.000000,98.072789,0.016956,0.102009,0.058717,0.016089,0.100935,0.055587,0.000867,0.001073,0.003130,-0.020416,-0.249659,-0.004011,0.250525,0.675726,8.263045,0.132746,8.263045,101.043766,1.623267,0.132746,1.623267,0.026078,-0.000000,0.000000,101.745570,-0.020416,-0.249659,-0.004011,0.250525,0.733568,8.970356,0.144109,8.970356,109.693053,1.762218,0.144109,1.762218,0.028310,-0.000000,0.000000,110.454931,0.032682,0.093780,0.062520,0.032257,0.093830,0.061795,0.000425,-0.000049,0.000726,-0.006541,-0.050209,-0.025178,0.056547,1.180287,9.060211,4.543351,9.060211,69.548710,34.876028,4.543351,34.876028,17.488999,-0.000000,0.000000,88.217995,-0.006541,-0.050209,-0.025178,0.056547,1.204099,9.242998,4.635011,9.242998,70.951835,35.579642,4.635011,35.579642,17.841834,-0.000000,0.000000,89.997768
2.2038,post_ramp,0.037,100.0000,4.158622,-1.372913,-1.374447,-0.001534,-0.145728,1.121340,-2.012583,1.003223,-2.699806,1.274738,-2.541806,1.310020,-1.822369,0.023884,-1.170268,-0.000000,0.023981,0.023981,-0.013553,0.000000,0.013973,0.023981,0.000256,0.023981,0.062555,0.023981,1.544808,-0.777414,1.135906,0.001329,0.004858,0.000000,-0.004858,-0.007286,0.681775,0.923203,0.923203,0.609960,1.197784,1.197784,0.775041,1.165966,1.165966,0.796492,0.942280,0.942280,-0.007040,0.086964,-0.013084,0.003613,0.061050,-0.009209,-0.010653,0.025914,-0.003875,0.321561,-0.517133,0.759162,0.973219,12.694772,-20.415651,29.970595,-20.415651,32.832318,-48.198517,29.970595,-48.198517,70.756414,-0.000000,0.000000,116.283504,0.321561,-0.517133,0.759162,0.973219,9.222356,-14.831334,21.772703,-14.831334,23.851655,-35.014720,21.772703,-35.014720,51.402328,-0.000000,-0.000000,84.476340,-0.017305,0.115125,0.078658,-0.016495,0.114699,0.073593,-0.000810,0.000426,0.005064,-0.030291,-0.342324,-0.253419,0.426995,0.529040,5.978710,4.425984,5.978710,67.565763,50.018305,4.425984,50.018305,37.028085,0.000000,0.000000,105.122888,-0.030291,-0.342324,-0.253419,0.426995,0.567571,6.414153,4.748338,6.414153,72.486727,53.661248,4.748338,53.661248,39.724922,-0.000000,-0.000000,112.779220,0.001612,0.106952,0.072450,0.001591,0.106664,0.072231,0.000021,0.000288,0.000219,-0.002531,-0.024006,-0.003223,0.024353,1.054893,10.005109,1.343282,10.005109,94.893223,12.740330,1.343282,12.740330,1.710512,-0.000000,0.000000,97.658628,-0.002531,-0.024006,-0.003223,0.024353,1.059367,10.047539,1.348979,10.047539,95.295656,12.794361,1.348979,12.794361,1.717766,-0.000000,0.000000,98.072789,0.016927,0.101972,0.058611,0.016089,0.100935,0.055587,0.000837,0.001036,0.003024,-0.019594,-0.241019,-0.003436,0.241839,0.667903,8.215615,0.117123,8.215615,101.057127,1.440680,0.117123,1.440680,0.020538,-0.000000,0.000000,101.745568,-0.019594,-0.241019,-0.003436,0.241839,0.723174,8.895485,0.126815,8.895485,109.419954,1.559902,0.126815,1.559902,0.022238,-0.000000,0.000000,110.165366,0.032707,0.093789,0.062563,0.032257,0.093830,0.061795,0.000450,-0.000041,0.000768,-0.006987,-0.053403,-0.026835,0.060173,1.189339,9.090663,4.567983,9.090663,69.484071,34.915174,4.567983,34.915174,17.544587,-0.000000,0.000000,88.217998,-0.006987,-0.053403,-0.026835,0.060173,1.214536,9.283249,4.664756,9.283249,70.956095,35.654854,4.664756,35.654854,17.916271,-0.000000,-0.000000,90.086901
2.2219,post_ramp,0.037,100.0000,4.158622,-1.395923,-1.374447,-0.001534,-0.145728,1.121340,-2.012583,1.003223,-2.699806,1.280874,-2.541806,1.306952,-1.822369,0.023930,-1.194986,-0.000000,0.023981,0.023981,-0.007203,0.000000,0.015673,0.023981,0.074263,0.023981,0.002525,0.023981,1.544808,-0.790443,1.135906,0.001329,0.004858,0.000000,-0.004858,-0.007286,0.681775,0.923203,0.923203,0.609960,1.197784,1.197784,0.778771,1.165966,1.165966,0.794627,0.942280,0.942280,-0.006900,0.086574,-0.013742,0.003613,0.061050,-0.009209,-0.010513,0.025524,-0.004533,0.328240,-0.521479,0.786148,0.998854,12.549168,-19.937009,30.055740,-19.937009,31.674156,-47.749901,30.055740,-47.749901,71.984651,-0.000000,0.000000,116.207975,0.328240,-0.521479,0.786148,0.998854,9.171569,-14.570978,21.966260,-14.570978,23.149081,-34.898051,21.966260,-34.898051,52.610036,-0.000000,0.000000,84.930686,-0.017305,0.115125,0.078658,-0.016495,0.114699,0.073593,-0.000810,0.000426,0.005064,-0.030291,-0.342324,-0.253419,0.426995,0.529040,5.978710,4.425984,5.978710,67.565763,50.018305,4.425984,50.018305,37.028085,-0.000000,0.000000,105.122888,-0.030291,-0.342324,-0.253419,0.426995,0.567571,6.414153,4.748338,6.414153,72.486727,53.661248,4.748338,53.661248,39.724922,-0.000000,0.000000,112.779220,0.001612,0.106952,0.072450,0.001591,0.106664,0.072231,0.000021,0.000288,0.000219,-0.002531,-0.024006,-0.003223,0.024353,1.054893,10.005109,1.343282,10.005109,94.893223,12.740330,1.343282,12.740330,1.710512,-0.000000,0.000000,97.658628,-0.002531,-0.024006,-0.003223,0.024353,1.059367,10.047539,1.348979,10.047539,95.295656,12.794361,1.348979,12.794361,1.717766,-0.000000,0.000000,98.072789,0.016868,0.101898,0.058397,0.016089,0.100935,0.055587,0.000778,0.000962,0.002810,-0.017975,-0.223745,-0.002380,0.224479,0.652385,8.120605,0.086394,8.120605,101.081737,1.075398,0.086394,1.075398,0.011441,-0.000000,0.000000,101.745563,-0.017975,-0.223745,-0.002380,0.224479,0.702653,8.746321,0.093051,8.746321,108.870377,1.158261,0.093051,1.158261,0.012323,-0.000000,0.000000,109.585353,0.032755,0.093805,0.062648,0.032257,0.093830,0.061795,0.000498,-0.000024,0.000854,-0.007889,-0.059786,-0.030165,0.067428,1.207539,9.151410,4.617385,9.151410,69.354520,34.993135,4.617385,34.993135,17.655944,-0.000000,0.000000,88.218003,-0.007889,-0.059786,-0.030165,0.067428,1.235558,9.363752,4.724523,9.363752,70.963769,35.805090,4.724523,35.805090,18.065619,-0.000000,0.000000,90.264946
2.2399,post_ramp,0.037,100.0000,4.158622,-1.414330,-1.374447,-0.001534,-0.145728,1.127476,-2.012583,1.003223,-2.699806,1.291612,-2.541806,1.305418,-1.822369,0.023954,-1.187247,-0.000000,0.023981,0.023981,0.036987,0.000000,0.019566,0.023981,0.221552,0.023981,-0.047113,0.023981,1.544808,-0.800867,1.135906,0.001329,0.004858,0.000000,-0.004858,-0.007286,0.685505,0.923203,0.923203,0.609960,1.197784,1.197784,0.785300,1.165966,1.165966,0.793694,0.942280,0.942280,-0.006788,0.086256,-0.014265,0.003613,0.061050,-0.009209,-0.010401,0.025206,-0.005056,0.333613,-0.524678,0.808111,1.019622,12.434441,-19.555802,30.119940,-19.555802,30.755655,-47.370008,30.119940,-47.370008,72.959513,-0.000000,0.000000,116.149609,0.333613,-0.524678,0.808111,1.019622,9.131825,-14.361737,22.120015,-14.361737,22.586883,-34.788426,22.120015,-34.788426,53.581300,-0.000000,0.000000,85.300008,-0.017262,0.115112,0.078394,-0.016495,0.114699,0.073593,-0.000767,0.000413,0.004801,-0.028997,-0.325346,-0.239014,0.404745,0.539546,6.053785,4.447382,6.053785,67.924364,49.900285,4.447382,49.900285,36.658988,-0.000000,-0.000000,105.122897,-0.028997,-0.325346,-0.239014,0.404745,0.576869,6.472553,4.755028,6.472553,72.623001,53.352114,4.755028,53.352114,39.194857,-0.000000,-0.000000,112.394727,0.001612,0.106952,0.072450,0.001591,0.106664,0.072231,0.000021,0.000288,0.000219,-0.002531,-0.024006,-0.003223,0.024353,1.054893,10.005109,1.343282,10.005109,94.893223,12.740330,1.343282,12.740330,1.710512,-0.000000,0.000000,97.658628,-0.002531,-0.024006,-0.003223,0.024353,1.059367,10.047539,1.348979,10.047539,95.295656,12.794361,1.348979,12.794361,1.717766,-0.000000,0.000000,98.072789,0.016764,0.101767,0.058024,0.016089,0.100935,0.055587,0.000675,0.000831,0.002438,-0.015224,-0.193538,-0.000834,0.194137,0.625645,7.953868,0.034284,7.953868,101.118030,0.435860,0.034284,0.435860,0.001879,-0.000000,0.000000,101.745554,-0.015224,-0.193538,-0.000834,0.194137,0.667594,8.487168,0.036583,8.487168,107.897901,0.465084,0.036583,0.465084,0.002005,-0.000000,0.000000,108.567500,0.032779,0.093814,0.062691,0.032257,0.093830,0.061795,0.000522,-0.000016,0.000896,-0.008344,-0.062971,-0.031838,0.071054,1.216686,9.181705,4.642154,9.181705,69.289607,35.031950,4.642154,35.031950,17.711712,-0.000000,0.000000,88.218005,-0.008344,-0.062971,-0.031838,0.071054,1.246143,9.404002,4.754544,9.404002,70.967166,35.880103,4.754544,35.880103,18.140527,-0.000000,0.000000,90.353836
2.2576,post_ramp,0.037,100.0000,4.158622,-1.428136,-1.374447,-0.001534,-0.145728,1.136680,-2.012583,1.003223,-2.699806,1.299282,-2.541806,1.305418,-1.822369,0.023966,-1.108826,-0.000000,0.023981,0.023981,0.153106,0.000000,0.010398,0.023981,0.371774,0.023981,-0.076664,0.023981,1.544808,-0.808684,1.135906,0.001329,0.004858,0.000000,-0.004858,-0.007286,0.691101,0.923203,0.923203,0.609960,1.197784,1.197784,0.789963,1.165966,1.165966,0.793694,0.942280,0.942280,-0.006704,0.086014,-0.014655,0.003613,0.061050,-0.009209,-0.010317,0.024964,-0.005446,0.337662,-0.526912,0.824805,1.035352,12.349425,-19.270921,30.165864,-19.270921,30.071714,-47.072957,30.165864,-47.072957,73.685966,-0.000000,0.000000,116.107105,0.337662,-0.526912,0.824805,1.035352,9.102545,-14.204258,22.234729,-14.204258,22.165333,-34.696651,22.234729,-34.696651,54.312633,-0.000000,0.000000,85.580511,-0.017198,0.115091,0.077999,-0.016495,0.114699,0.073593,-0.000702,0.000392,0.004405,-0.026997,-0.299703,-0.217654,0.371381,0.555506,6.166865,4.478577,6.166865,68.460445,49.718191,4.478577,49.718191,36.106960,-0.000000,0.000000,105.122912,-0.026997,-0.299703,-0.217654,0.371381,0.590871,6.559458,4.763691,6.559458,72.818750,52.883334,4.763691,52.883334,38.405589,-0.000000,0.000000,111.815211,0.001612,0.106952,0.072450,0.001591,0.106664,0.072231,0.000021,0.000288,0.000219,-0.002531,-0.024006,-0.003223,0.024353,1.054893,10.005109,1.343282,10.005109,94.893223,12.740330,1.343282,12.740330,1.710512,-0.000000,0.000000,97.658628,-0.002531,-0.024006,-0.003223,0.024353,1.059367,10.047539,1.348979,10.047539,95.295656,12.794361,1.348979,12.794361,1.717766,-0.000000,0.000000,98.072789,0.016690,0.101671,0.057759,0.016089,0.100935,0.055587,0.000601,0.000736,0.002172,-0.013322,-0.171981,0.000036,0.172496,0.606871,7.834419,-0.001637,7.834419,101.138672,-0.021132,-0.001637,-0.021132,0.000004,-0.000000,0.000000,101.745547,-0.013322,-0.171981,0.000036,0.172496,0.643212,8.303560,-0.001735,8.303560,107.195065,-0.022398,-0.001735,-0.022398,0.000005,-0.000000,0.000000,107.838281,0.032779,0.093814,0.062691,0.032257,0.093830,0.061795,0.000522,-0.000016,0.000896,-0.008344,-0.062969,-0.031836,0.071052,1.216686,9.181705,4.642154,9.181705,69.289607,35.031950,4.642154,35.031950,17.711712,-0.000000,0.000000,88.218005,-0.008344,-0.062969,-0.031836,0.071052,1.246143,9.403999,4.754543,9.403999,70.967146,35.880093,4.754543,35.880093,18.140522,-0.000000,0.000000,90.353810
2.2758,post_ramp,0.037,100.0000,4.158622,-1.432738,-1.374447,-0.001534,-0.145728,1.145884,-2.012583,1.003223,-2.699806,1.300816,-2.541806,1.303884,-1.822369,0.023973,-0.921107,-0.000000,0.023981,0.023981,0.311329,0.000000,0.005526,0.023981,0.391557,0.023981,-0.058132,0.023981,1.544808,-0.811290,1.135906,0.001329,0.004858,0.000000,-0.004858,-0.007286,0.696697,0.923203,0.923203,0.609960,1.197784,1.197784,0.790896,1.165966,1.165966,0.792761,0.942280,0.942280,-0.006676,0.085933,-0.014785,0.003613,0.061050,-0.009209,-0.010290,0.024883,-0.005576,0.339015,-0.527624,0.830411,1.040625,12.321283,-19.176159,30.180755,-19.176159,29.844705,-46.971646,30.180755,-46.971646,73.927200,-0.000000,-0.000000,116.093189,0.339015,-0.527624,0.830411,1.040625,9.092886,-14.151662,22.272856,-14.151662,22.024858,-34.664233,22.272856,-34.664233,54.556950,-0.000000,0.000000,85.674694,-0.017134,0.115067,0.077603,-0.016495,0.114699,0.073593,-0.000638,0.000368,0.004010,-0.024928,-0.273851,-0.196594,0.338031,0.571708,6.280494,4.508680,6.280494,68.994283,49.530043,4.508680,49.530043,35.556935,-0.000000,0.000000,105.122926,-0.024928,-0.273851,-0.196594,0.338031,0.604934,6.645499,4.770712,6.645499,73.004040,52.408593,4.770712,52.408593,37.623406,0.000000,0.000000,111.232380,0.001612,0.106952,0.072450,0.001591,0.106664,0.072231,0.000021,0.000288,0.000219,-0.002531,-0.024006,-0.003223,0.024353,1.054893,10.005109,1.343282,10.005109,94.893223,12.740330,1.343282,12.740330,1.710512,-0.000000,0.000000,97.658628,-0.002531,-0.024006,-0.003223,0.024353,1.059367,10.047539,1.348979,10.047539,95.295656,12.794361,1.348979,12.794361,1.717766,-0.000000,0.000000,98.072789,0.016676,0.101652,0.057706,0.016089,0.100935,0.055587,0.000586,0.000717,0.002119,-0.012948,-0.167672,0.000187,0.168171,0.603149,7.810495,-0.008691,7.810495,101.142272,-0.112544,-0.008691,-0.112544,0.000125,-0.000000,0.000000,101.745546,-0.012948,-0.167672,0.000187,0.168171,0.638401,8.266991,-0.009199,8.266991,107.053687,-0.119122,-0.009199,-0.119122,0.000133,-0.000000,0.000000,107.692220,0.032803,0.093822,0.062734,0.032257,0.093830,0.061795,0.000546,-0.000008,0.000939,-0.008803,-0.066153,-0.033515,0.074679,1.225865,9.211948,4.666969,9.211948,69.224604,35.070655,4.666969,35.070655,17.767539,0.000000,0.000000,88.218007,-0.008803,-0.066153,-0.033515,0.074679,1.256778,9.444250,4.784658,9.444250,70.970271,35.955047,4.784658,35.955047,18.215590,-0.000000,0.000000,90.442639
2.2940,post_ramp,0.037,100.0000,4.158622,-1.431204,-1.374447,-0.001534,-0.145728,1.147418,-2.012583,1.003223,-2.699806,1.300816,-2.541806,1.303884,-1.822369,0.023977,-0.644312,-0.000000,0.023981,0.023981,0.374179,0.000000,0.002937,0.023981,0.275603,0.023981,-0.030894,0.023981,1.544808,-0.810421,1.135906,0.001329,0.004858,0.000000,-0.004858,-0.007286,0.697630,0.923203,0.923203,0.609960,1.197784,1.197784,0.790896,1.165966,1.165966,0.792761,0.942280,0.942280,-0.006686,0.085960,-0.014742,0.003613,0.061050,-0.009209,-0.010299,0.024910,-0.005533,0.338564,-0.527388,0.828540,1.038866,12.330653,-19.207735,30.175814,-19.207735,29.920320,-47.005543,30.175814,-47.005543,73.846841,-0.000000,0.000000,116.097813,0.338564,-0.527388,0.828540,1.038866,9.096100,-14.169199,22.260153,-14.169199,22.071680,-34.675141,22.260153,-34.675141,54.475481,-0.000000,0.000000,85.643261,-0.017123,0.115063,0.077538,-0.016495,0.114699,0.073593,-0.000627,0.000364,0.003944,-0.024577,-0.269523,-0.193113,0.332474,0.574432,6.299485,4.513591,6.299485,69.083033,49.498099,4.513591,49.498099,35.465463,-0.000000,0.000000,105.122928,-0.024577,-0.269523,-0.193113,0.332474,0.607284,6.659753,4.771723,6.659753,73.033900,52.328901,4.771723,52.328901,37.493737,-0.000000,-0.000000,111.134921,0.001612,0.106952,0.072450,0.001591,0.106664,0.072231,0.000021,0.000288,0.000219,-0.002531,-0.024006,-0.003223,0.024353,1.054893,10.005109,1.343282,10.005109,94.893223,12.740330,1.343282,12.740330,1.710512,-0.000000,0.000000,97.658628,-0.002531,-0.024006,-0.003223,0.024353,1.059367,10.047539,1.348979,10.047539,95.295656,12.794361,1.348979,12.794361,1.717766,-0.000000,0.000000,98.072789,0.016676,0.101652,0.057706,0.016089,0.100935,0.055587,0.000586,0.000717,0.002119,-0.012948,-0.167672,0.000187,0.168171,0.603149,7.810495,-0.008691,7.810495,101.142272,-0.112544,-0.008691,-0.112544,0.000125,-0.000000,0.000000,101.745546,-0.012948,-0.167672,0.000187,0.168171,0.638401,8.266991,-0.009199,8.266991,107.053686,-0.119122,-0.009199,-0.119122,0.000133,-0.000000,0.000000,107.692220,0.032803,0.093822,0.062734,0.032257,0.093830,0.061795,0.000546,-0.000008,0.000939,-0.008803,-0.066153,-0.033515,0.074679,1.225865,9.211948,4.666969,9.211948,69.224604,35.070655,4.666969,35.070655,17.767539,-0.000000,0.000000,88.218007,-0.008803,-0.066153,-0.033515,0.074679,1.256778,9.444250,4.784657,9.444250,70.970270,35.955046,4.784657,35.955046,18.215590,-0.000000,0.000000,90.442637
2.3121,post_ramp,0.037,100.0000,4.158622,-1.425068,-1.374447,-0.001534,-0.145728,1.145884,-2.012583,1.003223,-2.699806,1.297748,-2.541806,1.302350,-1.822369,0.023979,-0.316837,-0.000000,0.023981,0.023981,0.281887,0.000000,0.009808,0.023981,0.141975,0.023981,-0.022917,0.023981,1.544808,-0.806947,1.135906,0.001329,0.004858,0.000000,-0.004858,-0.007286,0.696697,0.923203,0.923203,0.609960,1.197784,1.197784,0.789031,1.165966,1.165966,0.791829,0.942280,0.942280,-0.006723,0.086068,-0.014569,0.003613,0.061050,-0.009209,-0.010336,0.025018,-0.005360,0.336761,-0.526428,0.821079,1.031845,12.368241,-19.334151,30.155821,-19.334151,30.223326,-47.139862,30.155821,-47.139862,73.524887,-0.000000,0.000000,116.116454,0.336761,-0.526428,0.821079,1.031845,9.109012,-14.239293,22.209281,-14.239293,22.258997,-34.717755,22.209281,-34.717755,54.149904,-0.000000,0.000000,85.517913,-0.017134,0.115067,0.077603,-0.016495,0.114699,0.073593,-0.000638,0.000368,0.004010,-0.024928,-0.273851,-0.196594,0.338031,0.571708,6.280494,4.508680,6.280494,68.994283,49.530043,4.508680,49.530043,35.556935,0.000000,0.000000,105.122926,-0.024928,-0.273851,-0.196594,0.338031,0.604934,6.645499,4.770712,6.645499,73.004040,52.408593,4.770712,52.408593,37.623406,-0.000000,0.000000,111.232380,0.001612,0.106952,0.072450,0.001591,0.106664,0.072231,0.000021,0.000288,0.000219,-0.002531,-0.024006,-0.003223,0.024353,1.054893,10.005109,1.343282,10.005109,94.893223,12.740330,1.343282,12.740330,1.710512,-0.000000,0.000000,97.658628,-0.002531,-0.024006,-0.003223,0.024353,1.059367,10.047539,1.348979,10.047539,95.295656,12.794361,1.348979,12.794361,1.717766,-0.000000,0.000000,98.072789,0.016705,0.101690,0.057812,0.016089,0.100935,0.055587,0.000616,0.000755,0.002225,-0.013698,-0.176291,-0.000122,0.176822,0.610604,7.858332,0.005461,7.858332,101.134896,0.070276,0.005461,0.070276,0.000049,-0.000000,0.000000,101.745549,-0.013698,-0.176291,-0.000122,0.176822,0.648044,8.340180,0.005795,8.340180,107.336173,0.074585,0.005795,0.074585,0.000052,0.000000,0.000000,107.984269,0.032827,0.093830,0.062776,0.032257,0.093830,0.061795,0.000571,0.000000,0.000982,-0.009266,-0.069337,-0.035199,0.078310,1.235074,9.242139,4.691828,9.242139,69.159511,35.109248,4.691828,35.109248,17.823425,-0.000000,0.000000,88.218009,-0.009266,-0.069337,-0.035199,0.078310,1.267463,9.484502,4.814866,9.484502,70.973132,36.029944,4.814866,36.029944,18.290821,-0.000000,0.000000,90.531416
2.3303,post_ramp,0.037,100.0000,4.158622,-1.412796,-1.374447,-0.001534,-0.145728,1.144350,-2.012583,1.003223,-2.699806,1.296214,-2.541806,1.302350,-1.822369,0.023980,0.010541,-0.000000,0.023981,0.023981,0.143156,0.000000,0.016449,0.023981,0.028939,0.023981,-0.027972,0.023981,1.544808,-0.799998,1.135906,0.001329,0.004858,0.000000,-0.004858,-0.007286,0.695765,0.923203,0.923203,0.609960,1.197784,1.197784,0.788098,1.165966,1.165966,0.791829,0.942280,0.942280,-0.006797,0.086283,-0.014222,0.003613,0.061050,-0.009209,-0.010410,0.025233,-0.005013,0.333164,-0.524421,0.806268,1.017882,12.443942,-19.587510,30.114721,-19.587510,30.831914,-47.402373,30.114721,-47.402373,72.878544,-0.000000,0.000000,116.154400,0.333164,-0.524421,0.806268,1.017882,9.135107,-14.379205,22.107238,-14.379205,22.633730,-34.798116,22.107238,-34.798116,53.500192,-0.000000,-0.000000,85.269029,-0.017144,0.115071,0.077669,-0.016495,0.114699,0.073593,-0.000649,0.000372,0.004076,-0.025278,-0.278174,-0.200083,0.343589,0.568991,6.261518,4.503739,6.261518,68.905468,49.561821,4.503739,49.561821,35.648464,-0.000000,0.000000,105.122923,-0.025278,-0.278174,-0.200083,0.343589,0.602587,6.631220,4.769655,6.631220,72.973888,52.488124,4.769655,52.488124,37.753274,-0.000000,0.000000,111.329748,0.001612,0.106952,0.072450,0.001591,0.106664,0.072231,0.000021,0.000288,0.000219,-0.002531,-0.024006,-0.003223,0.024353,1.054893,10.005109,1.343282,10.005109,94.893223,12.740330,1.343282,12.740330,1.710512,-0.000000,0.000000,97.658628,-0.002531,-0.024006,-0.003223,0.024353,1.059367,10.047539,1.348979,10.047539,95.295656,12.794361,1.348979,12.794361,1.717766,-0.000000,0.000000,98.072789,0.016720,0.101710,0.057865,0.016089,0.100935,0.055587,0.000631,0.000774,0.002278,-0.014076,-0.180602,-0.000289,0.181150,0.614348,7.882233,0.012601,7.882233,101.130944,0.161679,0.012601,0.161679,0.000258,-0.000000,-0.000000,101.745550,-0.014076,-0.180602,-0.000289,0.181150,0.652899,8.376851,0.013392,8.376851,107.477011,0.171825,0.013392,0.171825,0.000275,-0.000000,0.000000,108.130185,0.032827,0.093830,0.062776,0.032257,0.093830,0.061795,0.000571,0.000000,0.000982,-0.009266,-0.069337,-0.035199,0.078310,1.235074,9.242139,4.691828,9.242139,69.159511,35.109248,4.691828,35.109248,17.823425,-0.000000,0.000000,88.218009,-0.009266,-0.069337,-0.035199,0.078310,1.267463,9.484503,4.814866,9.484503,70.973136,36.029946,4.814866,36.029946,18.290822,-0.000000,0.000000,90.531421
2.3485,post_ramp,0.037,100.0000,4.158622,-1.400524,-1.374447,-0.001534,-0.145728,1.141282,-2.012583,1.003223,-2.699806,1.293146,-2.541806,1.302350,-1.822369,0.023980,0.281335,-0.000000,0.023981,0.023981,0.027993,0.000000,0.011140,0.023981,-0.047302,0.023981,-0.037338,0.023981,1.544808,-0.793049,1.135906,0.001329,0.004858,0.000000,-0.004858,-0.007286,0.693899,0.923203,0.923203,0.609960,1.197784,1.197784,0.786233,1.165966,1.165966,0.791829,0.942280,0.942280,-0.006872,0.086495,-0.013873,0.003613,0.061050,-0.009209,-0.010485,0.025445,-0.004664,0.329581,-0.522302,0.791607,1.004024,12.520340,-19.841563,30.072112,-19.841563,31.443844,-47.656670,30.072112,-47.656670,72.229023,-0.000000,0.000000,116.193207,0.329581,-0.522302,0.791607,1.004024,9.161558,-14.518746,22.004787,-14.518746,23.008530,-34.872006,22.004787,-34.872006,52.852433,-0.000000,0.000000,85.022522,-0.017166,0.115079,0.077801,-0.016495,0.114699,0.073593,-0.000670,0.000380,0.004208,-0.025971,-0.286803,-0.207086,0.354704,0.563577,6.223611,4.493765,6.223611,68.727648,49.624873,4.493765,49.624873,35.831693,-0.000000,0.000000,105.122919,-0.025971,-0.286803,-0.207086,0.354704,0.597895,6.602588,4.767406,6.602588,72.912707,52.646699,4.767406,52.646699,38.013606,-0.000000,0.000000,111.524208,0.001612,0.106952,0.072450,0.001591,0.106664,0.072231,0.000021,0.000288,0.000219,-0.002531,-0.024006,-0.003223,0.024353,1.054893,10.005109,1.343282,10.005109,94.893223,12.740330,1.343282,12.740330,1.710512,-0.000000,0.000000,97.658628,-0.002531,-0.024006,-0.003223,0.024353,1.059367,10.047539,1.348979,10.047539,95.295656,12.794361,1.348979,12.794361,1.717766,-0.000000,0.000000,98.072789,0.016749,0.101748,0.057971,0.016089,0.100935,0.055587,0.000660,0.000812,0.002384,-0.014839,-0.189225,-0.000645,0.189807,0.621869,7.930001,0.027013,7.930001,101.122511,0.344472,0.027013,0.344472,0.001173,-0.000000,0.000000,101.745553,-0.014839,-0.189225,-0.000645,0.189807,0.662674,8.450345,0.028786,8.450345,107.757875,0.367075,0.028786,0.367075,0.001250,-0.000000,0.000000,108.421800,0.032827,0.093830,0.062776,0.032257,0.093830,0.061795,0.000571,0.000000,0.000982,-0.009266,-0.069338,-0.035200,0.078311,1.235074,9.242139,4.691828,9.242139,69.159511,35.109248,4.691828,35.109248,17.823425,-0.000000,0.000000,88.218009,-0.009266,-0.069338,-0.035200,0.078311,1.267463,9.484504,4.814866,9.484504,70.973143,36.029950,4.814866,36.029950,18.290824,-0.000000,0.000000,90.531430
2.3667,post_ramp,0.037,100.0000,4.158622,-1.379049,-1.374447,-0.001534,-0.145728,1.136680,-2.012583,1.003223,-2.699806,1.290078,-2.541806,1.302350,-1.822369,0.023980,0.504550,-0.000000,0.023981,0.023981,-0.063187,0.000000,0.017156,0.023981,-0.092557,0.023981,-0.035817,0.023981,1.544808,-0.780888,1.135906,0.001329,0.004858,0.000000,-0.004858,-0.007286,0.691101,0.923203,0.923203,0.609960,1.197784,1.197784,0.784367,1.165966,1.165966,0.791829,0.942280,0.942280,-0.007002,0.086861,-0.013260,0.003613,0.061050,-0.009209,-0.010615,0.025811,-0.004051,0.323338,-0.518329,0.766307,0.980020,12.655707,-20.287785,29.993840,-20.287785,32.522422,-48.081756,29.993840,-48.081756,71.084965,-0.000000,0.000000,116.263094,0.323338,-0.518329,0.766307,0.980020,9.208694,-14.762037,21.824471,-14.762037,23.664347,-34.985813,21.824471,-34.985813,51.723678,-0.000000,0.000000,84.596720,-0.017198,0.115091,0.077999,-0.016495,0.114699,0.073593,-0.000702,0.000392,0.004405,-0.026997,-0.299703,-0.217654,0.371381,0.555506,6.166865,4.478577,6.166865,68.460445,49.718191,4.478577,49.718191,36.106960,-0.000000,0.000000,105.122912,-0.026997,-0.299703,-0.217654,0.371381,0.590871,6.559458,4.763691,6.559458,72.818750,52.883334,4.763691,52.883334,38.405589,-0.000000,0.000000,111.815210,0.001612,0.106952,0.072450,0.001591,0.106664,0.072231,0.000021,0.000288,0.000219,-0.002531,-0.024006,-0.003223,0.024353,1.054893,10.005109,1.343282,10.005109,94.893223,12.740330,1.343282,12.740330,1.710512,-0.000000,0.000000,97.658628,-0.002531,-0.024006,-0.003223,0.024353,1.059367,10.047539,1.348979,10.047539,95.295656,12.794361,1.348979,12.794361,1.717766,-0.000000,0.000000,98.072789,0.016779,0.101786,0.058078,0.016089,0.100935,0.055587,0.000690,0.000850,0.002491,-0.015610,-0.197851,-0.001032,0.198469,0.629433,7.977723,0.041599,7.977723,101.113374,0.527242,0.041599,0.527242,0.002749,-0.000000,0.000000,101.745556,-0.015610,-0.197851,-0.001032,0.198469,0.672537,8.524041,0.044447,8.524041,108.037653,0.563348,0.044447,0.563348,0.002938,-0.000000,0.000000,108.713127,0.032827,0.093830,0.062776,0.032257,0.093830,0.061795,0.000571,0.000000,0.000982,-0.009266,-0.069339,-0.035200,0.078312,1.235074,9.242139,4.691828,9.242139,69.159511,35.109248,4.691828,35.109248,17.823425,-0.000000,0.000000,88.218010,-0.009266,-0.069339,-0.035200,0.078312,1.267463,9.484505,4.814867,9.484505,70.973153,36.029955,4.814867,36.029955,18.290827,-0.000000,0.000000,90.531442
2.3856,post_ramp,0.037,100.0000,4.158622,-1.357573,-1.374447,-0.001534,-0.145728,1.135146,-2.012583,1.003223,-2.699806,1.288544,-2.541806,1.302350,-1.822369,0.023981,0.746928,-0.000000,0.023981,0.023981,-0.121074,0.000000,0.015798,0.023981,-0.108360,0.023981,-0.019035,0.023981,1.544808,-0.768728,1.135906,0.001329,0.004858,0.000000,-0.004858,-0.007286,0.690169,0.923203,0.923203,0.609960,1.197784,1.197784,0.783435,1.165966,1.165966,0.791829,0.942280,0.942280,-0.007133,0.087219,-0.012642,0.003613,0.061050,-0.009209,-0.010746,0.026169,-0.003433,0.317131,-0.514026,0.741458,0.956323,12.793192,-20.736024,29.910735,-20.736024,33.610274,-48.481232,29.910735,-48.481232,69.931886,-0.000000,0.000000,116.335353,0.317131,-0.514026,0.741458,0.956323,9.256885,-15.004151,21.642779,-15.004151,24.319688,-35.080001,21.642779,-35.080001,50.601244,-0.000000,0.000000,84.177817,-0.017208,0.115095,0.078065,-0.016495,0.114699,0.073593,-0.000713,0.000396,0.004471,-0.027335,-0.303992,-0.221193,0.376941,0.552830,6.147980,4.473453,6.147980,68.371252,49.748961,4.473453,49.748961,36.198828,-0.000000,0.000000,105.122909,-0.027335,-0.303992,-0.221193,0.376941,0.588533,6.545033,4.762361,6.545033,72.786850,52.961882,4.762361,52.961882,38.536644,-0.000000,0.000000,111.912027,0.001612,0.106952,0.072450,0.001591,0.106664,0.072231,0.000021,0.000288,0.000219,-0.002531,-0.024006,-0.003223,0.024353,1.054893,10.005109,1.343282,10.005109,94.893223,12.740330,1.343282,12.740330,1.710512,-0.000000,0.000000,97.658628,-0.002531,-0.024006,-0.003223,0.024353,1.059367,10.047539,1.348979,10.047539,95.295656,12.794361,1.348979,12.794361,1.717766,-0.000000,0.000000,98.072789,0.016794,0.101804,0.058131,0.016089,0.100935,0.055587,0.000704,0.000869,0.002544,-0.015999,-0.202165,-0.001237,0.202801,0.633231,8.001567,0.048956,8.001567,101.108541,0.618619,0.048956,0.618619,0.003785,-0.000000,0.000000,101.745557,-0.015999,-0.202165,-0.001237,0.202801,0.677501,8.560964,0.052379,8.560964,108.177131,0.661867,0.052379,0.661867,0.004050,-0.000000,0.000000,108.858681,0.032827,0.093830,0.062776,0.032257,0.093830,0.061795,0.000571,0.000000,0.000982,-0.009266,-0.069339,-0.035200,0.078312,1.235074,9.242139,4.691828,9.242139,69.159511,35.109248,4.691828,35.109248,17.823425,0.000000,0.000000,88.218010,-0.009266,-0.069339,-0.035200,0.078312,1.267463,9.484506,4.814867,9.484506,70.973156,36.029957,4.814867,36.029957,18.290828,-0.000000,0.000000,90.531447
2.4038,post_ramp,0.037,100.0000,4.158622,-1.337631,-1.374447,-0.001534,-0.145728,1.135146,-2.012583,1.003223,-2.699806,1.285476,-2.541806,1.302350,-1.822369,0.023981,0.951966,-0.000000,0.023981,0.023981,-0.108488,0.000000,0.008396,0.023981,-0.113769,0.023981,-0.010116,0.023981,1.544808,-0.757436,1.135906,0.001329,0.004858,0.000000,-0.004858,-0.007286,0.690169,0.923203,0.923203,0.609960,1.197784,1.197784,0.781569,1.165966,1.165966,0.791829,0.942280,0.942280,-0.007255,0.087544,-0.012064,0.003613,0.061050,-0.009209,-0.010868,0.026494,-0.002855,0.311395,-0.509741,0.718783,0.934587,12.922746,-21.153988,29.829121,-21.153988,34.628182,-48.829006,29.829121,-48.829006,68.853508,0.000000,0.000000,116.404437,0.311395,-0.509741,0.718783,0.934587,9.302558,-15.227893,21.472767,-15.227893,24.927415,-35.150009,21.472767,-35.150009,49.564832,0.000000,0.000000,83.794805,-0.017208,0.115095,0.078065,-0.016495,0.114699,0.073593,-0.000713,0.000396,0.004471,-0.027335,-0.303991,-0.221193,0.376941,0.552830,6.147980,4.473453,6.147980,68.371252,49.748961,4.473453,49.748961,36.198828,-0.000000,0.000000,105.122909,-0.027335,-0.303991,-0.221193,0.376941,0.588533,6.545033,4.762361,6.545033,72.786849,52.961882,4.762361,52.961882,38.536644,-0.000000,0.000000,111.912027,0.001612,0.106952,0.072450,0.001591,0.106664,0.072231,0.000021,0.000288,0.000219,-0.002531,-0.024006,-0.003223,0.024353,1.054893,10.005109,1.343282,10.005109,94.893223,12.740330,1.343282,12.740330,1.710512,-0.000000,0.000000,97.658628,-0.002531,-0.024006,-0.003223,0.024353,1.059367,10.047539,1.348979,10.047539,95.295656,12.794361,1.348979,12.794361,1.717766,-0.000000,0.000000,98.072789,0.016823,0.101842,0.058237,0.016089,0.100935,0.055587,0.000734,0.000907,0.002650,-0.016783,-0.210795,-0.001671,0.211469,0.640860,8.049218,0.063802,8.049218,101.098347,0.801352,0.063802,0.801352,0.006352,-0.000000,0.000000,101.745559,-0.016783,-0.210795,-0.001671,0.211469,0.687496,8.634959,0.068445,8.634959,108.455260,0.859666,0.068445,0.859666,0.006814,0.000000,0.000000,109.149569,0.032827,0.093830,0.062776,0.032257,0.093830,0.061795,0.000571,0.000000,0.000982,-0.009266,-0.069339,-0.035201,0.078313,1.235074,9.242139,4.691828,9.242139,69.159511,35.109248,4.691828,35.109248,17.823425,-0.000000,0.000000,88.218010,-0.009266,-0.069339,-0.035201,0.078313,1.267463,9.484506,4.814868,9.484506,70.973161,36.029959,4.814868,36.029959,18.290829,-0.000000,0.000000,90.531453
2.4220,post_ramp,0.037,100.0000,4.158622,-1.323825,-1.374447,-0.001534,-0.145728,1.135146,-2.012583,1.003223,-2.699806,1.282408,-2.541806,1.302350,-1.822369,0.023981,1.018024,-0.000000,0.023981,0.023981,-0.060645,0.000000,0.004462,0.023981,-0.121200,0.023981,-0.005376,0.023981,1.544808,-0.749618,1.135906,0.001329,0.004858,0.000000,-0.004858,-0.007286,0.690169,0.923203,0.923203,0.609960,1.197784,1.197784,0.779704,1.165966,1.165966,0.791829,0.942280,0.942280,-0.007339,0.087765,-0.011662,0.003613,0.061050,-0.009209,-0.010953,0.026715,-0.002453,0.307440,-0.506615,0.703308,0.919685,13.013499,-21.444298,29.770054,-21.444298,35.336992,-49.056591,29.770054,-49.056591,68.102828,-0.000000,0.000000,116.453319,0.307440,-0.506615,0.703308,0.919685,9.334688,-15.382168,21.354300,-15.382168,25.347510,-35.188689,21.354300,-35.188689,48.850709,-0.000000,-0.000000,83.532908,-0.017208,0.115095,0.078065,-0.016495,0.114699,0.073593,-0.000713,0.000396,0.004471,-0.027335,-0.303991,-0.221193,0.376941,0.552830,6.147980,4.473453,6.147980,68.371252,49.748961,4.473453,49.748961,36.198828,-0.000000,0.000000,105.122909,-0.027335,-0.303991,-0.221193,0.376941,0.588533,6.545033,4.762361,6.545033,72.786849,52.961882,4.762361,52.961882,38.536644,-0.000000,0.000000,111.912027,0.001612,0.106952,0.072450,0.001591,0.106664,0.072231,0.000021,0.000288,0.000219,-0.002531,-0.024006,-0.003223,0.024353,1.054893,10.005109,1.343282,10.005109,94.893223,12.740330,1.343282,12.740330,1.710512,-0.000000,0.000000,97.658628,-0.002531,-0.024006,-0.003223,0.024353,1.059367,10.047539,1.348979,10.047539,95.295656,12.794361,1.348979,12.794361,1.717766,-0.000000,0.000000,98.072789,0.016853,0.101879,0.058344,0.016089,0.100935,0.055587,0.000764,0.000944,0.002757,-0.017576,-0.219428,-0.002136,0.220141,0.648533,8.096821,0.078820,8.096821,101.087450,0.984057,0.078820,0.984057,0.009580,-0.000000,0.000000,101.745562,-0.017576,-0.219428,-0.002136,0.220141,0.697579,8.709151,0.084781,8.709151,108.732283,1.058477,0.084781,1.058477,0.010304,-0.000000,0.000000,109.440166,0.032827,0.093830,0.062776,0.032257,0.093830,0.061795,0.000571,0.000000,0.000982,-0.009266,-0.069340,-0.035201,0.078313,1.235074,9.242139,4.691828,9.242139,69.159511,35.109248,4.691828,35.109248,17.823425,-0.000000,0.000000,88.218010,-0.009266,-0.069340,-0.035201,0.078313,1.267463,9.484507,4.814868,9.484507,70.973165,36.029961,4.814868,36.029961,18.290830,-0.000000,0.000000,90.531459
2.4399,post_ramp,0.037,100.0000,4.158622,-1.317689,-1.374447,-0.001534,-0.145728,1.135146,-2.012583,1.003223,-2.699806,1.280874,-2.541806,1.302350,-1.822369,0.023981,0.916791,-0.000000,0.023981,0.023981,-0.032229,0.000000,0.012192,0.023981,-0.131829,0.023981,-0.000459,0.023981,1.544808,-0.746144,1.135906,0.001329,0.004858,0.000000,-0.004858,-0.007286,0.690169,0.923203,0.923203,0.609960,1.197784,1.197784,0.778771,1.165966,1.165966,0.791829,0.942280,0.942280,-0.007377,0.087863,-0.011483,0.003613,0.061050,-0.009209,-0.010990,0.026813,-0.002274,0.305686,-0.505184,0.696489,0.913100,13.054111,-21.573568,29.743117,-21.573568,35.653045,-49.154258,29.743117,-49.154258,67.768154,-0.000000,0.000000,116.475310,0.305686,-0.505184,0.696489,0.913100,9.349100,-15.450569,21.301441,-15.450569,25.534016,-35.203321,21.301441,-35.203321,48.534231,0.000000,0.000000,83.417347,-0.017208,0.115095,0.078065,-0.016495,0.114699,0.073593,-0.000713,0.000396,0.004471,-0.027335,-0.303991,-0.221193,0.376941,0.552830,6.147980,4.473453,6.147980,68.371252,49.748961,4.473453,49.748961,36.198828,-0.000000,0.000000,105.122909,-0.027335,-0.303991,-0.221193,0.376941,0.588533,6.545033,4.762361,6.545033,72.786849,52.961882,4.762361,52.961882,38.536644,-0.000000,0.000000,111.912026,0.001612,0.106952,0.072450,0.001591,0.106664,0.072231,0.000021,0.000288,0.000219,-0.002531,-0.024006,-0.003223,0.024353,1.054893,10.005109,1.343282,10.005109,94.893223,12.740330,1.343282,12.740330,1.710512,-0.000000,0.000000,97.658628,-0.002531,-0.024006,-0.003223,0.024353,1.059367,10.047539,1.348979,10.047539,95.295656,12.794361,1.348979,12.794361,1.717766,-0.000000,0.000000,98.072789,0.016868,0.101898,0.058397,0.016089,0.100935,0.055587,0.000778,0.000962,0.002810,-0.017975,-0.223745,-0.002380,0.224479,0.652385,8.120605,0.086394,8.120605,101.081737,1.075398,0.086394,1.075398,0.011441,-0.000000,0.000000,101.745563,-0.017975,-0.223745,-0.002380,0.224479,0.702653,8.746321,0.093051,8.746321,108.870379,1.158261,0.093051,1.158261,0.012323,-0.000000,-0.000000,109.585354,0.032827,0.093830,0.062776,0.032257,0.093830,0.061795,0.000571,0.000000,0.000982,-0.009266,-0.069340,-0.035201,0.078314,1.235074,9.242139,4.691828,9.242139,69.159511,35.109248,4.691828,35.109248,17.823425,-0.000000,0.000000,88.218010,-0.009266,-0.069340,-0.035201,0.078314,1.267463,9.484507,4.814868,9.484507,70.973168,36.029962,4.814868,36.029962,18.290831,-0.000000,0.000000,90.531461
2.4576,post_ramp,0.037,100.0000,4.158622,-1.317689,-1.374447,-0.001534,-0.145728,1.133612,-2.012583,1.003223,-2.699806,1.277806,-2.541806,1.305418,-1.822369,0.023981,0.675967,-0.000000,0.023981,0.023981,-0.021684,0.000000,0.017716,0.023981,-0.126242,0.023981,0.037430,0.023981,1.544808,-0.746144,1.135906,0.001329,0.004858,0.000000,-0.004858,-0.007286,0.689236,0.923203,0.923203,0.609960,1.197784,1.197784,0.776906,1.165966,1.165966,0.793694,0.942280,0.942280,-0.007377,0.087863,-0.011483,0.003613,0.061050,-0.009209,-0.010990,0.026813,-0.002274,0.305686,-0.505184,0.696489,0.913100,13.054111,-21.573568,29.743117,-21.573568,35.653045,-49.154258,29.743117,-49.154258,67.768154,-0.000000,0.000000,116.475310,0.305686,-0.505184,0.696489,0.913100,9.349100,-15.450569,21.301441,-15.450569,25.534016,-35.203321,21.301441,-35.203321,48.534231,0.000000,0.000000,83.417347,-0.017219,0.115098,0.078130,-0.016495,0.114699,0.073593,-0.000724,0.000399,0.004537,-0.027671,-0.308274,-0.224741,0.382501,0.550160,6.129110,4.468300,6.129110,68.281997,49.779563,4.468300,49.779563,36.290750,-0.000000,0.000000,105.122907,-0.027671,-0.308274,-0.224741,0.382501,0.586196,6.530584,4.760986,6.530584,72.754659,53.040264,4.760986,53.040264,38.667896,-0.000000,-0.000000,112.008751,0.001612,0.106952,0.072450,0.001591,0.106664,0.072231,0.000021,0.000288,0.000219,-0.002531,-0.024006,-0.003223,0.024353,1.054893,10.005109,1.343282,10.005109,94.893223,12.740330,1.343282,12.740330,1.710512,-0.000000,0.000000,97.658628,-0.002531,-0.024006,-0.003223,0.024353,1.059367,10.047539,1.348979,10.047539,95.295656,12.794361,1.348979,12.794361,1.717766,-0.000000,0.000000,98.072789,0.016897,0.101935,0.058504,0.016089,0.100935,0.055587,0.000808,0.001000,0.002917,-0.018780,-0.232381,-0.002893,0.233156,0.660122,8.168135,0.101672,8.168135,101.069784,1.258057,0.101672,1.258057,0.015660,-0.000000,0.000000,101.745566,-0.018780,-0.232381,-0.002893,0.233156,0.712869,8.820806,0.109796,8.820806,109.145726,1.358581,0.109796,1.358581,0.016911,-0.000000,0.000000,109.875506,0.032779,0.093814,0.062691,0.032257,0.093830,0.061795,0.000522,-0.000016,0.000896,-0.008345,-0.062973,-0.031838,0.071055,1.216686,9.181705,4.642154,9.181705,69.289607,35.031950,4.642154,35.031950,17.711712,0.000000,0.000000,88.218005,-0.008345,-0.062973,-0.031838,0.071055,1.246143,9.404003,4.754545,9.404003,70.967180,35.880110,4.754545,35.880110,18.140530,-0.000000,-0.000000,90.353854
2.4758,post_ramp,0.037,100.0000,4.158622,-1.319223,-1.374447,-0.001534,-0.145728,1.135146,-2.012583,1.003223,-2.699806,1.274738,-2.541806,1.311554,-1.822369,0.023981,0.396031,-0.000000,0.023981,0.023981,-0.017280,0.000000,0.010831,0.023981,-0.129771,0.023981,0.116433,0.023981,1.544808,-0.747012,1.135906,0.001329,0.004858,0.000000,-0.004858,-0.007286,0.690169,0.923203,0.923203,0.609960,1.197784,1.197784,0.775041,1.165966,1.165966,0.797425,0.942280,0.942280,-0.007368,0.087838,-0.011528,0.003613,0.061050,-0.009209,-0.010981,0.026788,-0.002319,0.306124,-0.505544,0.698190,0.914744,13.043942,-21.541236,29.749891,-21.541236,35.573974,-49.130042,29.749891,-49.130042,67.851881,-0.000000,0.000000,116.469797,0.306124,-0.505544,0.698190,0.914744,9.345490,-15.433478,21.314668,-15.433478,25.487402,-35.199811,21.314668,-35.199811,48.613297,-0.000000,0.000000,83.446189,-0.017208,0.115095,0.078065,-0.016495,0.114699,0.073593,-0.000713,0.000396,0.004471,-0.027335,-0.303992,-0.221193,0.376941,0.552830,6.147980,4.473453,6.147980,68.371252,49.748961,4.473453,49.748961,36.198828,-0.000000,0.000000,105.122909,-0.027335,-0.303992,-0.221193,0.376941,0.588533,6.545033,4.762361,6.545033,72.786850,52.961882,4.762361,52.961882,38.536644,-0.000000,0.000000,111.912027,0.001612,0.106952,0.072450,0.001591,0.106664,0.072231,0.000021,0.000288,0.000219,-0.002531,-0.024006,-0.003223,0.024353,1.054893,10.005109,1.343282,10.005109,94.893223,12.740330,1.343282,12.740330,1.710512,-0.000000,0.000000,97.658628,-0.002531,-0.024006,-0.003223,0.024353,1.059367,10.047539,1.348979,10.047539,95.295656,12.794361,1.348979,12.794361,1.717766,-0.000000,0.000000,98.072789,0.016927,0.101972,0.058611,0.016089,0.100935,0.055587,0.000837,0.001036,0.003024,-0.019594,-0.241018,-0.003436,0.241838,0.667903,8.215615,0.117123,8.215615,101.057127,1.440680,0.117123,1.440680,0.020538,-0.000000,0.000000,101.745568,-0.019594,-0.241018,-0.003436,0.241838,0.723174,8.895484,0.126815,8.895484,109.419942,1.559902,0.126815,1.559902,0.022238,-0.000000,0.000000,110.165354,0.032682,0.093780,0.062520,0.032257,0.093830,0.061795,0.000425,-0.000049,0.000726,-0.006541,-0.050207,-0.025177,0.056545,1.180287,9.060211,4.543351,9.060211,69.548710,34.876028,4.543351,34.876028,17.488999,-0.000000,0.000000,88.217995,-0.006541,-0.050207,-0.025177,0.056545,1.204098,9.242996,4.635010,9.242996,70.951816,35.579632,4.635010,35.579632,17.841830,-0.000000,0.000000,89.997744
2.4940,post_ramp,0.037,100.0000,4.158622,-1.322291,-1.374447,-0.001534,-0.145728,1.135146,-2.012583,1.003223,-2.699806,1.271670,-2.541806,1.313088,-1.822369,0.023981,0.155028,-0.000000,0.023981,0.023981,0.005246,0.000000,0.005180,0.023981,-0.137134,0.023981,0.190326,0.023981,1.544808,-0.748749,1.135906,0.001329,0.004858,0.000000,-0.004858,-0.007286,0.690169,0.923203,0.923203,0.609960,1.197784,1.197784,0.773175,1.165966,1.165966,0.798357,0.942280,0.942280,-0.007349,0.087790,-0.011617,0.003613,0.061050,-0.009209,-0.010962,0.026740,-0.002408,0.307001,-0.506260,0.701600,0.918037,13.023636,-21.476602,29.763359,-21.476602,35.415947,-49.081209,29.763359,-49.081209,68.019218,0.000000,0.000000,116.458802,0.307001,-0.506260,0.701600,0.918037,9.338284,-15.399278,21.341097,-15.399278,25.394149,-35.192495,21.341097,-35.192495,48.771537,-0.000000,0.000000,83.503969,-0.017208,0.115095,0.078065,-0.016495,0.114699,0.073593,-0.000713,0.000396,0.004471,-0.027335,-0.303992,-0.221193,0.376941,0.552830,6.147980,4.473453,6.147980,68.371252,49.748961,4.473453,49.748961,36.198828,-0.000000,0.000000,105.122909,-0.027335,-0.303992,-0.221193,0.376941,0.588533,6.545033,4.762361,6.545033,72.786850,52.961882,4.762361,52.961882,38.536644,-0.000000,0.000000,111.912027,0.001612,0.106952,0.072450,0.001591,0.106664,0.072231,0.000021,0.000288,0.000219,-0.002531,-0.024006,-0.003223,0.024353,1.054893,10.005109,1.343282,10.005109,94.893223,12.740330,1.343282,12.740330,1.710512,-0.000000,0.000000,97.658628,-0.002531,-0.024006,-0.003223,0.024353,1.059367,10.047539,1.348979,10.047539,95.295656,12.794361,1.348979,12.794361,1.717766,-0.000000,0.000000,98.072789,0.016956,0.102009,0.058717,0.016089,0.100935,0.055587,0.000867,0.001073,0.003130,-0.020416,-0.249658,-0.004011,0.250524,0.675726,8.263045,0.132746,8.263045,101.043766,1.623267,0.132746,1.623267,0.026078,-0.000000,0.000000,101.745570,-0.020416,-0.249658,-0.004011,0.250524,0.733568,8.970355,0.144109,8.970355,109.693041,1.762218,0.144109,1.762218,0.028310,-0.000000,0.000000,110.454918,0.032658,0.093772,0.062477,0.032257,0.093830,0.061795,0.000401,-0.000058,0.000683,-0.006098,-0.047009,-0.023525,0.052920,1.171266,9.029708,4.518764,9.029708,69.613257,34.836771,4.518764,34.836771,17.433470,0.000000,0.000000,88.217993,-0.006098,-0.047009,-0.023525,0.052920,1.193711,9.202747,4.605358,9.202747,70.947275,35.504358,4.605358,35.504358,17.767553,-0.000000,-0.000000,89.908538
2.5128,post_ramp,0.037,100.0000,4.158622,-1.325359,-1.374447,-0.001534,-0.145728,1.139748,-2.012583,1.003223,-2.699806,1.268602,-2.541806,1.311554,-1.822369,0.023981,0.030944,-0.000000,0.023981,0.023981,0.046136,0.000000,0.011000,0.023981,-0.140297,0.023981,0.160934,0.023981,1.544808,-0.750487,1.135906,0.001329,0.004858,0.000000,-0.004858,-0.007286,0.692967,0.923203,0.923203,0.609960,1.197784,1.197784,0.771310,1.165966,1.165966,0.797425,0.942280,0.942280,-0.007330,0.087741,-0.011707,0.003613,0.061050,-0.009209,-0.010943,0.026691,-0.002498,0.307879,-0.506969,0.705019,0.921335,13.003373,-21.412004,29.776721,-21.412004,35.258076,-49.031839,29.776721,-49.031839,68.186398,-0.000000,0.000000,116.447847,0.307879,-0.506969,0.705019,0.921335,9.331098,-15.365052,21.367495,-15.365052,25.300863,-35.184786,21.367495,-35.184786,48.929917,-0.000000,0.000000,83.561878,-0.017176,0.115083,0.077867,-0.016495,0.114699,0.073593,-0.000681,0.000384,0.004274,-0.026315,-0.291109,-0.210601,0.360263,0.560880,6.204681,4.488733,6.204681,68.638643,49.656147,4.488733,49.656147,35.923393,-0.000000,0.000000,105.122916,-0.026315,-0.291109,-0.210601,0.360263,0.595552,6.588236,4.766213,6.588236,72.881679,52.725742,4.766213,52.725742,38.144069,-0.000000,0.000000,111.621301,0.001612,0.106952,0.072450,0.001591,0.106664,0.072231,0.000021,0.000288,0.000219,-0.002531,-0.024006,-0.003223,0.024353,1.054893,10.005109,1.343282,10.005109,94.893223,12.740330,1.343282,12.740330,1.710512,-0.000000,0.000000,97.658628,-0.002531,-0.024006,-0.003223,0.024353,1.059367,10.047539,1.348979,10.047539,95.295656,12.794361,1.348979,12.794361,1.717766,-0.000000,0.000000,98.072789,0.016986,0.102045,0.058824,0.016089,0.100935,0.055587,0.000897,0.001110,0.003237,-0.021247,-0.258301,-0.004617,0.259214,0.683592,8.310423,0.148541,8.310423,101.029703,1.805815,0.148541,1.805815,0.032277,-0.000000,0.000000,101.745572,-0.021247,-0.258301,-0.004617,0.259214,0.744051,9.045417,0.161679,9.045417,109.965007,1.965525,0.161679,1.965525,0.035132,-0.000000,0.000000,110.744190,0.032682,0.093780,0.062520,0.032257,0.093830,0.061795,0.000425,-0.000049,0.000726,-0.006541,-0.050207,-0.025177,0.056546,1.180287,9.060211,4.543351,9.060211,69.548710,34.876028,4.543351,34.876028,17.488999,-0.000000,0.000000,88.217995,-0.006541,-0.050207,-0.025177,0.056546,1.204099,9.242996,4.635010,9.242996,70.951820,35.579634,4.635010,35.579634,17.841831,-0.000000,-0.000000,89.997749
2.5303,post_ramp,0.037,100.0000,4.158622,-1.326893,-1.374447,-0.001534,-0.145728,1.147418,-2.012583,1.003223,-2.699806,1.265534,-2.541806,1.310020,-1.822369,0.023981,-0.039737,-0.000000,0.023981,0.023981,0.139251,0.000000,0.017082,0.023981,-0.139580,0.023981,0.075888,0.023981,1.544808,-0.751355,1.135906,0.001329,0.004858,0.000000,-0.004858,-0.007286,0.697630,0.923203,0.923203,0.609960,1.197784,1.197784,0.769445,1.165966,1.165966,0.796492,0.942280,0.942280,-0.007321,0.087716,-0.011752,0.003613,0.061050,-0.009209,-0.010934,0.026666,-0.002543,0.308318,-0.507321,0.706731,0.922986,12.993257,-21.379719,29.783363,-21.379719,35.179199,-49.006953,29.783363,-49.006953,68.269928,-0.000000,-0.000000,116.442385,0.308318,-0.507321,0.706731,0.922986,9.327512,-15.347930,21.380681,-15.347930,25.254208,-35.180783,21.380681,-35.180783,49.009159,-0.000000,0.000000,83.590880,-0.017123,0.115063,0.077538,-0.016495,0.114699,0.073593,-0.000627,0.000364,0.003944,-0.024577,-0.269522,-0.193113,0.332474,0.574432,6.299485,4.513591,6.299485,69.083033,49.498099,4.513591,49.498099,35.465463,-0.000000,0.000000,105.122928,-0.024577,-0.269522,-0.193113,0.332474,0.607284,6.659753,4.771723,6.659753,73.033899,52.328900,4.771723,52.328900,37.493737,-0.000000,0.000000,111.134920,0.001612,0.106952,0.072450,0.001591,0.106664,0.072231,0.000021,0.000288,0.000219,-0.002531,-0.024006,-0.003223,0.024353,1.054893,10.005109,1.343282,10.005109,94.893223,12.740330,1.343282,12.740330,1.710512,-0.000000,0.000000,97.658628,-0.002531,-0.024006,-0.003223,0.024353,1.059367,10.047539,1.348979,10.047539,95.295656,12.794361,1.348979,12.794361,1.717766,-0.000000,0.000000,98.072789,0.017015,0.102081,0.058931,0.016089,0.100935,0.055587,0.000926,0.001146,0.003344,-0.022086,-0.266945,-0.005254,0.267908,0.691502,8.357751,0.164509,8.357751,101.014936,1.988320,0.164509,1.988320,0.039137,-0.000000,0.000000,101.745574,-0.022086,-0.266945,-0.005254,0.267908,0.754624,9.120667,0.179526,9.120667,110.235829,2.169819,0.179526,2.169819,0.042709,-0.000000,0.000000,111.033162,0.032707,0.093789,0.062563,0.032257,0.093830,0.061795,0.000450,-0.000041,0.000768,-0.006987,-0.053402,-0.026834,0.060172,1.189339,9.090662,4.567983,9.090662,69.484071,34.915174,4.567983,34.915174,17.544587,-0.000000,-0.000000,88.217997,-0.006987,-0.053402,-0.026834,0.060172,1.214535,9.283247,4.664755,9.283247,70.956081,35.654847,4.664755,35.654847,17.916267,-0.000000,0.000000,90.086883
2.5485,post_ramp,0.037,100.0000,4.158622,-1.328427,-1.374447,-0.001534,-0.145728,1.150486,-2.012583,1.003223,-2.699806,1.262466,-2.541806,1.308486,-1.822369,0.023981,-0.073329,-0.000000,0.023981,0.023981,0.233588,0.000000,0.012892,0.023981,-0.144328,0.023981,0.006621,0.023981,1.544808,-0.752224,1.135906,0.001329,0.004858,0.000000,-0.004858,-0.007286,0.699495,0.923203,0.923203,0.609960,1.197784,1.197784,0.767579,1.165966,1.165966,0.795559,0.942280,0.942280,-0.007311,0.087692,-0.011796,0.003613,0.061050,-0.009209,-0.010924,0.026642,-0.002587,0.308757,-0.507671,0.708446,0.924639,12.983152,-21.347443,29.789978,-21.347443,35.100362,-48.981933,29.789978,-48.981933,68.353418,0.000000,0.000000,116.436932,0.308757,-0.507671,0.708446,0.924639,9.323932,-15.330801,21.393860,-15.330801,25.207546,-35.176683,21.393860,-35.176683,49.088437,-0.000000,-0.000000,83.619915,-0.017102,0.115054,0.077406,-0.016495,0.114699,0.073593,-0.000606,0.000355,0.003813,-0.023868,-0.260848,-0.186177,0.321362,0.579900,6.337511,4.523320,6.337511,69.260339,49.433707,4.523320,49.433707,35.282694,-0.000000,0.000000,105.122933,-0.023868,-0.260848,-0.186177,0.321362,0.611987,6.688186,4.773610,6.688186,73.092739,52.169035,4.773610,52.169035,37.235000,-0.000000,0.000000,110.939727,0.001612,0.106952,0.072450,0.001591,0.106664,0.072231,0.000021,0.000288,0.000219,-0.002531,-0.024006,-0.003223,0.024353,1.054893,10.005109,1.343282,10.005109,94.893223,12.740330,1.343282,12.740330,1.710512,-0.000000,0.000000,97.658628,-0.002531,-0.024006,-0.003223,0.024353,1.059367,10.047539,1.348979,10.047539,95.295656,12.794361,1.348979,12.794361,1.717766,-0.000000,0.000000,98.072789,0.017045,0.102117,0.059038,0.016089,0.100935,0.055587,0.000956,0.001182,0.003451,-0.022934,-0.275590,-0.005923,0.276606,0.699454,8.405025,0.180649,8.405025,100.999466,2.170780,0.180649,2.170780,0.046657,-0.000000,0.000000,101.745576,-0.022934,-0.275590,-0.005923,0.276606,0.765286,9.196104,0.197652,9.196104,110.505505,2.375094,0.197652,2.375094,0.051048,-0.000000,0.000000,111.321839,0.032731,0.093797,0.062605,0.032257,0.093830,0.061795,0.000474,-0.000033,0.000811,-0.007436,-0.056595,-0.028497,0.063799,1.198424,9.121062,4.592661,9.121062,69.419340,34.954210,4.592661,34.954210,17.600236,-0.000000,0.000000,88.218000,-0.007436,-0.056595,-0.028497,0.063799,1.225022,9.323499,4.694593,9.323499,70.960064,35.729999,4.694593,35.729999,17.990863,-0.000000,0.000000,90.175950
2.5667,post_ramp,0.037,100.0000,4.158622,-1.328427,-1.374447,-0.001534,-0.145728,1.150486,-2.012583,1.003223,-2.699806,1.259398,-2.541806,1.305418,-1.822369,0.023981,-0.072860,-0.000000,0.023981,0.023981,0.227636,0.000000,0.006852,0.023981,-0.155357,0.023981,-0.040011,0.023981,1.544808,-0.752224,1.135906,0.001329,0.004858,0.000000,-0.004858,-0.007286,0.699495,0.923203,0.923203,0.609960,1.197784,1.197784,0.765714,1.165966,1.165966,0.793694,0.942280,0.942280,-0.007311,0.087692,-0.011796,0.003613,0.061050,-0.009209,-0.010924,0.026642,-0.002587,0.308757,-0.507671,0.708446,0.924639,12.983152,-21.347443,29.789978,-21.347443,35.100362,-48.981933,29.789978,-48.981933,68.353418,0.000000,0.000000,116.436932,0.308757,-0.507671,0.708446,0.924639,9.323932,-15.330801,21.393860,-15.330801,25.207546,-35.176683,21.393860,-35.176683,49.088437,-0.000000,-0.000000,83.619915,-0.017102,0.115054,0.077406,-0.016495,0.114699,0.073593,-0.000606,0.000355,0.003813,-0.023868,-0.260848,-0.186177,0.321362,0.579900,6.337511,4.523320,6.337511,69.260339,49.433707,4.523320,49.433707,35.282694,-0.000000,0.000000,105.122933,-0.023868,-0.260848,-0.186177,0.321362,0.611987,6.688186,4.773610,6.688186,73.092739,52.169034,4.773610,52.169034,37.235000,-0.000000,0.000000,110.939727,0.001612,0.106952,0.072450,0.001591,0.106664,0.072231,0.000021,0.000288,0.000219,-0.002531,-0.024006,-0.003223,0.024353,1.054893,10.005109,1.343282,10.005109,94.893223,12.740330,1.343282,12.740330,1.710512,-0.000000,0.000000,97.658628,-0.002531,-0.024006,-0.003223,0.024353,1.059367,10.047539,1.348979,10.047539,95.295656,12.794361,1.348979,12.794361,1.717766,-0.000000,0.000000,98.072789,0.017075,0.102153,0.059145,0.016089,0.100935,0.055587,0.000985,0.001218,0.003558,-0.023791,-0.284238,-0.006624,0.285309,0.707449,8.452247,0.196961,8.452247,100.983294,2.353194,0.196961,2.353194,0.054836,0.000000,0.000000,101.745578,-0.023791,-0.284238,-0.006624,0.285309,0.776038,9.271726,0.216057,9.271726,110.774031,2.581346,0.216057,2.581346,0.060153,-0.000000,0.000000,111.610222,0.032779,0.093814,0.062691,0.032257,0.093830,0.061795,0.000522,-0.000016,0.000896,-0.008345,-0.062974,-0.031839,0.071056,1.216686,9.181705,4.642154,9.181705,69.289607,35.031950,4.642154,35.031950,17.711712,-0.000000,0.000000,88.218005,-0.008345,-0.062974,-0.031839,0.071056,1.246144,9.404005,4.754546,9.404005,70.967189,35.880114,4.754546,35.880114,18.140533,-0.000000,0.000000,90.353865
2.5849,post_ramp,0.037,100.0000,4.158622,-1.329961,-1.374447,-0.001534,-0.145728,1.147418,-2.012583,1.003223,-2.699806,1.256330,-2.541806,1.305418,-1.822369,0.023981,-0.051374,-0.000000,0.023981,0.023981,0.129728,0.000000,0.003641,0.023981,-0.159644,0.023981,-0.072889,0.023981,1.544808,-0.753092,1.135906,0.001329,0.004858,0.000000,-0.004858,-0.007286,0.697630,0.923203,0.923203,0.609960,1.197784,1.197784,0.763849,1.165966,1.165966,0.793694,0.942280,0.942280,-0.007302,0.087667,-0.011841,0.003613,0.061050,-0.009209,-0.010915,0.026617,-0.002632,0.309196,-0.508020,0.710163,0.926293,12.973058,-21.315177,29.796567,-21.315177,35.021565,-48.956779,29.796567,-48.956779,68.436868,-0.000000,-0.000000,116.431490,0.309196,-0.508020,0.710163,0.926293,9.320357,-15.313665,21.407031,-15.313665,25.160875,-35.172484,21.407031,-35.172484,49.167749,-0.000000,0.000000,83.648982,-0.017123,0.115063,0.077538,-0.016495,0.114699,0.073593,-0.000627,0.000364,0.003944,-0.024577,-0.269522,-0.193113,0.332474,0.574432,6.299485,4.513591,6.299485,69.083033,49.498099,4.513591,49.498099,35.465463,-0.000000,0.000000,105.122928,-0.024577,-0.269522,-0.193113,0.332474,0.607284,6.659753,4.771723,6.659753,73.033899,52.328900,4.771723,52.328900,37.493737,-0.000000,0.000000,111.134920,0.001612,0.106952,0.072450,0.001591,0.106664,0.072231,0.000021,0.000288,0.000219,-0.002531,-0.024006,-0.003223,0.024353,1.054893,10.005109,1.343282,10.005109,94.893223,12.740330,1.343282,12.740330,1.710512,-0.000000,0.000000,97.658628,-0.002531,-0.024006,-0.003223,0.024353,1.059367,10.047539,1.348979,10.047539,95.295656,12.794361,1.348979,12.794361,1.717766,-0.000000,0.000000,98.072789,0.017104,0.102189,0.059252,0.016089,0.100935,0.055587,0.001015,0.001253,0.003665,-0.024655,-0.292887,-0.007355,0.294015,0.715486,8.499415,0.213445,8.499415,100.966419,2.535558,0.213445,2.535558,0.063675,-0.000000,0.000000,101.745580,-0.024655,-0.292887,-0.007355,0.294015,0.786881,9.347532,0.234743,9.347532,111.041390,2.788569,0.234743,2.788569,0.070029,0.000000,0.000000,111.898300,0.032779,0.093814,0.062691,0.032257,0.093830,0.061795,0.000522,-0.000016,0.000896,-0.008345,-0.062974,-0.031839,0.071057,1.216686,9.181705,4.642154,9.181705,69.289607,35.031950,4.642154,35.031950,17.711712,-0.000000,0.000000,88.218005,-0.008345,-0.062974,-0.031839,0.071057,1.246144,9.404006,4.754546,9.404006,70.967197,35.880118,4.754546,35.880118,18.140535,-0.000000,0.000000,90.353875
2.6031,post_ramp,0.037,100.0000,4.158622,-1.329961,-1.374447,-0.001534,-0.145728,1.144350,-2.012583,1.003223,-2.699806,1.251728,-2.541806,1.305418,-1.822369,0.023981,-0.038538,-0.000000,0.023981,0.023981,0.022430,0.000000,0.001935,0.023981,-0.165895,0.023981,-0.055671,0.023981,1.544808,-0.753092,1.135906,0.001329,0.004858,0.000000,-0.004858,-0.007286,0.695765,0.923203,0.923203,0.609960,1.197784,1.197784,0.761051,1.165966,1.165966,0.793694,0.942280,0.942280,-0.007302,0.087667,-0.011841,0.003613,0.061050,-0.009209,-0.010915,0.026617,-0.002632,0.309196,-0.508020,0.710163,0.926293,12.973058,-21.315177,29.796567,-21.315177,35.021565,-48.956779,29.796567,-48.956779,68.436868,-0.000000,-0.000000,116.431490,0.309196,-0.508020,0.710163,0.926293,9.320357,-15.313665,21.407031,-15.313665,25.160875,-35.172484,21.407031,-35.172484,49.167749,-0.000000,0.000000,83.648982,-0.017144,0.115071,0.077669,-0.016495,0.114699,0.073593,-0.000649,0.000372,0.004076,-0.025278,-0.278174,-0.200083,0.343588,0.568991,6.261518,4.503739,6.261518,68.905468,49.561821,4.503739,49.561821,35.648464,-0.000000,0.000000,105.122923,-0.025278,-0.278174,-0.200083,0.343588,0.602586,6.631220,4.769655,6.631220,72.973887,52.488123,4.769655,52.488123,37.753273,-0.000000,0.000000,111.329747,0.001612,0.106952,0.072450,0.001591,0.106664,0.072231,0.000021,0.000288,0.000219,-0.002531,-0.024006,-0.003223,0.024353,1.054893,10.005109,1.343282,10.005109,94.893223,12.740330,1.343282,12.740330,1.710512,-0.000000,0.000000,97.658628,-0.002531,-0.024006,-0.003223,0.024353,1.059367,10.047539,1.348979,10.047539,95.295656,12.794361,1.348979,12.794361,1.717766,-0.000000,0.000000,98.072789,0.017149,0.102242,0.059413,0.016089,0.100935,0.055587,0.001059,0.001306,0.003826,-0.025969,-0.305863,-0.008512,0.307081,0.727622,8.570065,0.238492,8.570065,100.939791,2.809005,0.238492,2.809005,0.078170,0.000000,0.000000,101.745583,-0.025969,-0.305863,-0.008512,0.307081,0.803314,9.461582,0.263302,9.461582,111.440234,3.101216,0.263302,3.101216,0.086302,-0.000000,0.000000,112.329850,0.032779,0.093814,0.062691,0.032257,0.093830,0.061795,0.000522,-0.000016,0.000896,-0.008345,-0.062975,-0.031839,0.071058,1.216686,9.181705,4.642154,9.181705,69.289607,35.031950,4.642154,35.031950,17.711712,-0.000000,0.000000,88.218005,-0.008345,-0.062975,-0.031839,0.071058,1.246144,9.404007,4.754547,9.404007,70.967206,35.880123,4.754547,35.880123,18.140537,-0.000000,0.000000,90.353888
2.6212,post_ramp,0.037,100.0000,4.158622,-1.329961,-1.374447,-0.001534,-0.145728,1.141282,-2.012583,1.003223,-2.699806,1.250194,-2.541806,1.305418,-1.822369,0.023981,-0.023470,-0.000000,0.023981,0.023981,-0.061997,0.000000,0.001028,0.023981,-0.181961,0.023981,-0.029586,0.023981,1.544808,-0.753092,1.135906,0.001329,0.004858,0.000000,-0.004858,-0.007286,0.693899,0.923203,0.923203,0.609960,1.197784,1.197784,0.760118,1.165966,1.165966,0.793694,0.942280,0.942280,-0.007302,0.087667,-0.011841,0.003613,0.061050,-0.009209,-0.010915,0.026617,-0.002632,0.309196,-0.508020,0.710163,0.926293,12.973058,-21.315177,29.796567,-21.315177,35.021565,-48.956779,29.796567,-48.956779,68.436868,-0.000000,-0.000000,116.431490,0.309196,-0.508020,0.710163,0.926293,9.320357,-15.313665,21.407031,-15.313665,25.160875,-35.172484,21.407031,-35.172484,49.167749,-0.000000,0.000000,83.648982,-0.017166,0.115079,0.077801,-0.016495,0.114699,0.073593,-0.000670,0.000380,0.004208,-0.025971,-0.286803,-0.207086,0.354704,0.563577,6.223611,4.493765,6.223611,68.727648,49.624873,4.493765,49.624873,35.831693,0.000000,0.000000,105.122919,-0.025971,-0.286803,-0.207086,0.354704,0.597895,6.602588,4.767406,6.602588,72.912706,52.646698,4.767406,52.646698,38.013605,0.000000,0.000000,111.524207,0.001612,0.106952,0.072450,0.001591,0.106664,0.072231,0.000021,0.000288,0.000219,-0.002531,-0.024006,-0.003223,0.024353,1.054893,10.005109,1.343282,10.005109,94.893223,12.740330,1.343282,12.740330,1.710512,-0.000000,0.000000,97.658628,-0.002531,-0.024006,-0.003223,0.024353,1.059367,10.047539,1.348979,10.047539,95.295656,12.794361,1.348979,12.794361,1.717766,-0.000000,0.000000,98.072789,0.017164,0.102259,0.059467,0.016089,0.100935,0.055587,0.001074,0.001324,0.003880,-0.026411,-0.310189,-0.008913,0.311439,0.731689,8.593588,0.246927,8.593588,100.930563,2.900126,0.246927,2.900126,0.083332,-0.000000,0.000000,101.745584,-0.026411,-0.310189,-0.008913,0.311439,0.808837,9.499688,0.272963,9.499688,111.572595,3.205913,0.272963,3.205913,0.092118,-0.000000,0.000000,112.473550,0.032779,0.093814,0.062691,0.032257,0.093830,0.061795,0.000522,-0.000016,0.000896,-0.008345,-0.062976,-0.031840,0.071059,1.216686,9.181705,4.642154,9.181705,69.289607,35.031950,4.642154,35.031950,17.711712,-0.000000,0.000000,88.218005,-0.008345,-0.062976,-0.031840,0.071059,1.246144,9.404008,4.754548,9.404008,70.967212,35.880126,4.754548,35.880126,18.140539,0.000000,0.000000,90.353894
2.6394,post_ramp,0.037,100.0000,4.158622,-1.331495,-1.374447,-0.001534,-0.145728,1.139748,-2.012583,1.003223,-2.699806,1.245592,-2.541806,1.303884,-1.822369,0.023981,-0.022293,-0.000000,0.023981,0.023981,-0.109205,0.000000,0.000547,0.023981,-0.193092,0.023981,-0.020279,0.023981,1.544808,-0.753961,1.135906,0.001329,0.004858,0.000000,-0.004858,-0.007286,0.692967,0.923203,0.923203,0.609960,1.197784,1.197784,0.757320,1.165966,1.165966,0.792761,0.942280,0.942280,-0.007292,0.087643,-0.011886,0.003613,0.061050,-0.009209,-0.010906,0.026593,-0.002677,0.309636,-0.508368,0.711883,0.927949,12.962974,-21.282920,29.803130,-21.282920,34.942807,-48.931491,29.803130,-48.931491,68.520278,0.000000,0.000000,116.426059,0.309636,-0.508368,0.711883,0.927949,9.316787,-15.296523,21.420194,-15.296523,25.114198,-35.168186,21.420194,-35.168186,49.247096,-0.000000,0.000000,83.678081,-0.017176,0.115083,0.077867,-0.016495,0.114699,0.073593,-0.000681,0.000384,0.004274,-0.026315,-0.291109,-0.210601,0.360263,0.560880,6.204681,4.488733,6.204681,68.638643,49.656147,4.488733,49.656147,35.923393,-0.000000,0.000000,105.122916,-0.026315,-0.291109,-0.210601,0.360263,0.595552,6.588235,4.766213,6.588235,72.881678,52.725741,4.766213,52.725741,38.144069,-0.000000,0.000000,111.621299,0.001612,0.106952,0.072450,0.001591,0.106664,0.072231,0.000021,0.000288,0.000219,-0.002531,-0.024006,-0.003223,0.024353,1.054893,10.005109,1.343282,10.005109,94.893223,12.740330,1.343282,12.740330,1.710512,-0.000000,0.000000,97.658628,-0.002531,-0.024006,-0.003223,0.024353,1.059367,10.047539,1.348979,10.047539,95.295656,12.794361,1.348979,12.794361,1.717766,-0.000000,0.000000,98.072789,0.017208,0.102312,0.059628,0.016089,0.100935,0.055587,0.001119,0.001376,0.004041,-0.027749,-0.323168,-0.010164,0.324516,0.743952,8.664071,0.272489,8.664071,100.901830,3.173403,0.272489,3.173403,0.099805,-0.000000,0.000000,101.745586,-0.027749,-0.323168,-0.010164,0.324516,0.825543,9.614275,0.302373,9.614275,111.967901,3.521435,0.302373,3.521435,0.110751,-0.000000,0.000000,112.904194,0.032803,0.093822,0.062734,0.032257,0.093830,0.061795,0.000546,-0.000008,0.000939,-0.008804,-0.066162,-0.033519,0.074689,1.225865,9.211948,4.666969,9.211948,69.224604,35.070655,4.666969,35.070655,17.767539,-0.000000,0.000000,88.218007,-0.008804,-0.066162,-0.033519,0.074689,1.256779,9.444261,4.784663,9.444261,70.970358,35.955091,4.784663,35.955091,18.215613,-0.000000,-0.000000,90.442750
2.6576,post_ramp,0.037,100.0000,4.158622,-1.329961,-1.374447,-0.001534,-0.145728,1.139748,-2.012583,1.003223,-2.699806,1.240990,-2.541806,1.303884,-1.822369,0.023981,-0.018288,-0.000000,0.023981,0.023981,-0.093343,0.000000,0.006789,0.023981,-0.208301,0.023981,-0.022014,0.023981,1.544808,-0.753092,1.135906,0.001329,0.004858,0.000000,-0.004858,-0.007286,0.692967,0.923203,0.923203,0.609960,1.197784,1.197784,0.754522,1.165966,1.165966,0.792761,0.942280,0.942280,-0.007302,0.087667,-0.011841,0.003613,0.061050,-0.009209,-0.010915,0.026617,-0.002632,0.309196,-0.508020,0.710163,0.926293,12.973058,-21.315177,29.796567,-21.315177,35.021565,-48.956779,29.796567,-48.956779,68.436868,-0.000000,-0.000000,116.431490,0.309196,-0.508020,0.710163,0.926293,9.320357,-15.313665,21.407031,-15.313665,25.160875,-35.172484,21.407031,-35.172484,49.167749,-0.000000,0.000000,83.648982,-0.017176,0.115083,0.077867,-0.016495,0.114699,0.073593,-0.000681,0.000384,0.004274,-0.026315,-0.291109,-0.210601,0.360263,0.560880,6.204681,4.488733,6.204681,68.638643,49.656147,4.488733,49.656147,35.923393,-0.000000,0.000000,105.122916,-0.026315,-0.291109,-0.210601,0.360263,0.595552,6.588235,4.766213,6.588235,72.881678,52.725741,4.766213,52.725741,38.144069,-0.000000,0.000000,111.621299,0.001612,0.106952,0.072450,0.001591,0.106664,0.072231,0.000021,0.000288,0.000219,-0.002531,-0.024006,-0.003223,0.024353,1.054893,10.005109,1.343282,10.005109,94.893223,12.740330,1.343282,12.740330,1.710512,-0.000000,0.000000,97.658628,-0.002531,-0.024006,-0.003223,0.024353,1.059367,10.047539,1.348979,10.047539,95.295656,12.794361,1.348979,12.794361,1.717766,-0.000000,0.000000,98.072789,0.017253,0.102364,0.059789,0.016089,0.100935,0.055587,0.001163,0.001428,0.004202,-0.029107,-0.336149,-0.011485,0.337602,0.756311,8.734428,0.298435,8.734428,100.871518,3.446542,0.298435,3.446542,0.117760,-0.000000,0.000000,101.745589,-0.029107,-0.336149,-0.011485,0.337602,0.842453,9.729256,0.332426,9.729256,112.360522,3.839094,0.332426,3.839094,0.131173,-0.000000,0.000000,113.334147,0.032803,0.093822,0.062734,0.032257,0.093830,0.061795,0.000546,-0.000008,0.000939,-0.008804,-0.066162,-0.033519,0.074690,1.225865,9.211948,4.666969,9.211948,69.224604,35.070655,4.666969,35.070655,17.767539,-0.000000,0.000000,88.218008,-0.008804,-0.066162,-0.033519,0.074690,1.256779,9.444262,4.784664,9.444262,70.970364,35.955094,4.784664,35.955094,18.215614,-0.000000,0.000000,90.442758
2.6758,post_ramp,0.037,100.0000,4.158622,-1.329961,-1.374447,-0.001534,-0.145728,1.139748,-2.012583,1.003223,-2.699806,1.236389,-2.541806,1.302350,-1.822369,0.023981,0.011338,-0.000000,0.023981,0.023981,-0.052595,0.000000,0.014845,0.023981,-0.223064,0.023981,-0.034172,0.023981,1.544808,-0.753092,1.135906,0.001329,0.004858,0.000000,-0.004858,-0.007286,0.692967,0.923203,0.923203,0.609960,1.197784,1.197784,0.751724,1.165966,1.165966,0.791829,0.942280,0.942280,-0.007302,0.087667,-0.011841,0.003613,0.061050,-0.009209,-0.010915,0.026617,-0.002632,0.309196,-0.508020,0.710163,0.926293,12.973058,-21.315177,29.796567,-21.315177,35.021565,-48.956779,29.796567,-48.956779,68.436868,-0.000000,-0.000000,116.431490,0.309196,-0.508020,0.710163,0.926293,9.320357,-15.313665,21.407031,-15.313665,25.160875,-35.172484,21.407031,-35.172484,49.167749,-0.000000,0.000000,83.648982,-0.017176,0.115083,0.077867,-0.016495,0.114699,0.073593,-0.000681,0.000384,0.004274,-0.026315,-0.291109,-0.210601,0.360263,0.560880,6.204681,4.488733,6.204681,68.638643,49.656147,4.488733,49.656147,35.923393,-0.000000,0.000000,105.122916,-0.026315,-0.291109,-0.210601,0.360263,0.595552,6.588235,4.766213,6.588235,72.881678,52.725741,4.766213,52.725741,38.144069,0.000000,0.000000,111.621299,0.001612,0.106952,0.072450,0.001591,0.106664,0.072231,0.000021,0.000288,0.000219,-0.002531,-0.024006,-0.003223,0.024353,1.054893,10.005109,1.343282,10.005109,94.893223,12.740330,1.343282,12.740330,1.710512,-0.000000,0.000000,97.658628,-0.002531,-0.024006,-0.003223,0.024353,1.059367,10.047539,1.348979,10.047539,95.295656,12.794361,1.348979,12.794361,1.717766,-0.000000,0.000000,98.072789,0.017297,0.102415,0.059950,0.016089,0.100935,0.055587,0.001208,0.001480,0.004363,-0.030484,-0.349132,-0.012878,0.350697,0.768765,8.804654,0.324765,8.804654,100.839629,3.719535,0.324765,3.719535,0.137197,-0.000000,0.000000,101.745591,-0.030484,-0.349132,-0.012878,0.350697,0.859568,9.844628,0.363126,9.844628,112.750444,4.158874,0.363126,4.158874,0.153403,-0.000000,0.000000,113.763415,0.032827,0.093830,0.062776,0.032257,0.093830,0.061795,0.000571,0.000000,0.000982,-0.009267,-0.069346,-0.035204,0.078320,1.235074,9.242139,4.691828,9.242139,69.159511,35.109249,4.691828,35.109249,17.823425,-0.000000,0.000000,88.218010,-0.009267,-0.069346,-0.035204,0.078320,1.267464,9.484515,4.814872,9.484515,70.973227,36.029993,4.814872,36.029993,18.290846,-0.000000,0.000000,90.531537
2.6940,post_ramp,0.037,100.0000,4.158622,-1.326893,-1.374447,-0.001534,-0.145728,1.139748,-2.012583,1.003223,-2.699806,1.231787,-2.541806,1.302350,-1.822369,0.023981,0.047613,-0.000000,0.023981,0.023981,-0.027951,0.000000,0.010878,0.023981,-0.230910,0.023981,-0.036077,0.023981,1.544808,-0.751355,1.135906,0.001329,0.004858,0.000000,-0.004858,-0.007286,0.692967,0.923203,0.923203,0.609960,1.197784,1.197784,0.748926,1.165966,1.165966,0.791829,0.942280,0.942280,-0.007321,0.087716,-0.011752,0.003613,0.061050,-0.009209,-0.010934,0.026666,-0.002543,0.308318,-0.507321,0.706731,0.922986,12.993257,-21.379719,29.783363,-21.379719,35.179199,-49.006953,29.783363,-49.006953,68.269928,-0.000000,-0.000000,116.442385,0.308318,-0.507321,0.706731,0.922986,9.327512,-15.347930,21.380681,-15.347930,25.254208,-35.180783,21.380681,-35.180783,49.009159,-0.000000,0.000000,83.590880,-0.017176,0.115083,0.077867,-0.016495,0.114699,0.073593,-0.000681,0.000384,0.004274,-0.026315,-0.291109,-0.210601,0.360263,0.560880,6.204681,4.488733,6.204681,68.638643,49.656147,4.488733,49.656147,35.923393,-0.000000,0.000000,105.122916,-0.026315,-0.291109,-0.210601,0.360263,0.595552,6.588235,4.766213,6.588235,72.881678,52.725741,4.766213,52.725741,38.144069,0.000000,0.000000,111.621299,0.001612,0.106952,0.072450,0.001591,0.106664,0.072231,0.000021,0.000288,0.000219,-0.002531,-0.024006,-0.003223,0.024353,1.054893,10.005109,1.343282,10.005109,94.893223,12.740330,1.343282,12.740330,1.710512,-0.000000,0.000000,97.658628,-0.002531,-0.024006,-0.003223,0.024353,1.059367,10.047539,1.348979,10.047539,95.295656,12.794361,1.348979,12.794361,1.717766,-0.000000,0.000000,98.072789,0.017342,0.102466,0.060112,0.016089,0.100935,0.055587,0.001252,0.001531,0.004525,-0.031880,-0.362116,-0.014341,0.363799,0.781313,8.874749,0.351480,8.874749,100.806164,3.992374,0.351480,3.992374,0.158116,-0.000000,-0.000000,101.745593,-0.031880,-0.362116,-0.014341,0.363799,0.876890,9.960384,0.394476,9.960384,113.137639,4.480755,0.394476,4.480755,0.177458,-0.000000,0.000000,114.191986,0.032827,0.093830,0.062776,0.032257,0.093830,0.061795,0.000571,0.000000,0.000982,-0.009267,-0.069347,-0.035204,0.078321,1.235074,9.242139,4.691828,9.242139,69.159511,35.109249,4.691828,35.109249,17.823425,0.000000,0.000000,88.218010,-0.009267,-0.069347,-0.035204,0.078321,1.267464,9.484516,4.814873,9.484516,70.973234,36.029996,4.814873,36.029996,18.290848,-0.000000,0.000000,90.531546
2.7128,post_ramp,0.037,100.0000,4.158622,-1.323825,-1.374447,-0.001534,-0.145728,1.139748,-2.012583,1.003223,-2.699806,1.227185,-2.541806,1.302350,-1.822369,0.023981,0.086568,-0.000000,0.023981,0.023981,-0.008174,0.000000,0.012280,0.023981,-0.237477,0.023981,-0.019173,0.023981,1.544808,-0.749618,1.135906,0.001329,0.004858,0.000000,-0.004858,-0.007286,0.692967,0.923203,0.923203,0.609960,1.197784,1.197784,0.746128,1.165966,1.165966,0.791829,0.942280,0.942280,-0.007339,0.087765,-0.011662,0.003613,0.061050,-0.009209,-0.010953,0.026715,-0.002453,0.307440,-0.506615,0.703308,0.919685,13.013499,-21.444298,29.770054,-21.444298,35.336992,-49.056591,29.770054,-49.056591,68.102828,-0.000000,0.000000,116.453319,0.307440,-0.506615,0.703308,0.919685,9.334688,-15.382168,21.354300,-15.382168,25.347510,-35.188689,21.354300,-35.188689,48.850709,-0.000000,-0.000000,83.532908,-0.017176,0.115083,0.077867,-0.016495,0.114699,0.073593,-0.000681,0.000384,0.004274,-0.026315,-0.291109,-0.210601,0.360263,0.560880,6.204681,4.488733,6.204681,68.638643,49.656147,4.488733,49.656147,35.923393,0.000000,0.000000,105.122916,-0.026315,-0.291109,-0.210601,0.360263,0.595552,6.588235,4.766213,6.588235,72.881678,52.725741,4.766213,52.725741,38.144069,0.000000,0.000000,111.621299,0.001612,0.106952,0.072450,0.001591,0.106664,0.072231,0.000021,0.000288,0.000219,-0.002531,-0.024006,-0.003223,0.024353,1.054893,10.005109,1.343282,10.005109,94.893223,12.740330,1.343282,12.740330,1.710512,-0.000000,0.000000,97.658628,-0.002531,-0.024006,-0.003223,0.024353,1.059367,10.047539,1.348979,10.047539,95.295656,12.794361,1.348979,12.794361,1.717766,-0.000000,0.000000,98.072789,0.017386,0.102517,0.060273,0.016089,0.100935,0.055587,0.001297,0.001581,0.004686,-0.033295,-0.375100,-0.015876,0.376910,0.793956,8.944709,0.378577,8.944709,100.771125,4.265049,0.378577,4.265049,0.180514,-0.000000,-0.000000,101.745595,-0.033295,-0.375100,-0.015876,0.376910,0.894418,10.076518,0.426480,10.076518,113.522088,4.804723,0.426480,4.804723,0.203356,0.000000,0.000000,114.619862,0.032827,0.093830,0.062776,0.032257,0.093830,0.061795,0.000571,0.000000,0.000982,-0.009267,-0.069347,-0.035205,0.078322,1.235074,9.242139,4.691828,9.242139,69.159511,35.109249,4.691828,35.109249,17.823425,-0.000000,0.000000,88.218010,-0.009267,-0.069347,-0.035205,0.078322,1.267464,9.484517,4.814873,9.484517,70.973241,36.029999,4.814873,36.029999,18.290849,-0.000000,0.000000,90.531554
2.7309,post_ramp,0.037,100.0000,4.158622,-1.322291,-1.374447,-0.001534,-0.145728,1.141282,-2.012583,1.003223,-2.699806,1.222583,-2.541806,1.302350,-1.822369,0.023981,0.124993,-0.000000,0.023981,0.023981,0.006892,0.000000,0.017763,0.023981,-0.244326,0.023981,-0.010189,0.023981,1.544808,-0.748749,1.135906,0.001329,0.004858,0.000000,-0.004858,-0.007286,0.693899,0.923203,0.923203,0.609960,1.197784,1.197784,0.743330,1.165966,1.165966,0.791829,0.942280,0.942280,-0.007349,0.087790,-0.011617,0.003613,0.061050,-0.009209,-0.010962,0.026740,-0.002408,0.307001,-0.506260,0.701600,0.918037,13.023636,-21.476602,29.763359,-21.476602,35.415947,-49.081209,29.763359,-49.081209,68.019218,0.000000,0.000000,116.458802,0.307001,-0.506260,0.701600,0.918037,9.338284,-15.399278,21.341097,-15.399278,25.394149,-35.192495,21.341097,-35.192495,48.771537,-0.000000,0.000000,83.503969,-0.017166,0.115079,0.077801,-0.016495,0.114699,0.073593,-0.000670,0.000380,0.004208,-0.025971,-0.286803,-0.207086,0.354704,0.563577,6.223611,4.493765,6.223611,68.727648,49.624873,4.493765,49.624873,35.831693,-0.000000,0.000000,105.122919,-0.025971,-0.286803,-0.207086,0.354704,0.597895,6.602588,4.767406,6.602588,72.912706,52.646698,4.767406,52.646698,38.013605,-0.000000,0.000000,111.524206,0.001612,0.106952,0.072450,0.001591,0.106664,0.072231,0.000021,0.000288,0.000219,-0.002531,-0.024006,-0.003223,0.024353,1.054893,10.005109,1.343282,10.005109,94.893223,12.740330,1.343282,12.740330,1.710512,-0.000000,0.000000,97.658628,-0.002531,-0.024006,-0.003223,0.024353,1.059367,10.047539,1.348979,10.047539,95.295656,12.794361,1.348979,12.794361,1.717766,-0.000000,0.000000,98.072789,0.017431,0.102567,0.060435,0.016089,0.100935,0.055587,0.001342,0.001631,0.004848,-0.034729,-0.388085,-0.017481,0.390028,0.806693,9.014534,0.406057,9.014534,100.734511,4.537553,0.406057,4.537553,0.204393,-0.000000,-0.000000,101.745597,-0.034729,-0.388085,-0.017481,0.390028,0.912154,10.193025,0.459141,10.193025,113.903770,5.130758,0.459141,5.130758,0.231113,-0.000000,0.000000,115.047037,0.032827,0.093830,0.062776,0.032257,0.093830,0.061795,0.000571,0.000000,0.000982,-0.009267,-0.069348,-0.035205,0.078322,1.235074,9.242139,4.691828,9.242139,69.159511,35.109249,4.691828,35.109249,17.823425,-0.000000,0.000000,88.218010,-0.009267,-0.069348,-0.035205,0.078322,1.267465,9.484518,4.814873,9.484518,70.973246,36.030002,4.814873,36.030002,18.290851,-0.000000,0.000000,90.531561
2.7485,post_ramp,0.037,100.0000,4.158622,-1.323825,-1.374447,-0.001534,-0.145728,1.144350,-2.012583,1.003223,-2.699806,1.217981,-2.541806,1.302350,-1.822369,0.023981,0.102324,-0.000000,0.023981,0.023981,0.031674,0.000000,0.012429,0.023981,-0.246181,0.023981,-0.005415,0.023981,1.544808,-0.749618,1.135906,0.001329,0.004858,0.000000,-0.004858,-0.007286,0.695765,0.923203,0.923203,0.609960,1.197784,1.197784,0.740532,1.165966,1.165966,0.791829,0.942280,0.942280,-0.007339,0.087765,-0.011662,0.003613,0.061050,-0.009209,-0.010953,0.026715,-0.002453,0.307440,-0.506615,0.703308,0.919685,13.013499,-21.444298,29.770054,-21.444298,35.336992,-49.056591,29.770054,-49.056591,68.102828,-0.000000,0.000000,116.453319,0.307440,-0.506615,0.703308,0.919685,9.334688,-15.382168,21.354300,-15.382168,25.347510,-35.188689,21.354300,-35.188689,48.850709,-0.000000,-0.000000,83.532908,-0.017144,0.115071,0.077669,-0.016495,0.114699,0.073593,-0.000649,0.000372,0.004076,-0.025278,-0.278174,-0.200083,0.343588,0.568991,6.261518,4.503739,6.261518,68.905468,49.561821,4.503739,49.561821,35.648464,-0.000000,0.000000,105.122923,-0.025278,-0.278174,-0.200083,0.343588,0.602586,6.631220,4.769655,6.631220,72.973886,52.488123,4.769655,52.488123,37.753273,-0.000000,0.000000,111.329745,0.001612,0.106952,0.072450,0.001591,0.106664,0.072231,0.000021,0.000288,0.000219,-0.002531,-0.024006,-0.003223,0.024353,1.054893,10.005109,1.343282,10.005109,94.893223,12.740330,1.343282,12.740330,1.710512,-0.000000,0.000000,97.658628,-0.002531,-0.024006,-0.003223,0.024353,1.059367,10.047539,1.348979,10.047539,95.295656,12.794361,1.348979,12.794361,1.717766,-0.000000,0.000000,98.072789,0.017475,0.102616,0.060597,0.016089,0.100935,0.055587,0.001386,0.001681,0.005010,-0.036182,-0.401070,-0.019158,0.403155,0.819524,9.084220,0.433918,9.084220,100.696325,4.809876,0.433918,4.809876,0.229749,-0.000000,0.000000,101.745598,-0.036182,-0.401070,-0.019158,0.403155,0.930097,10.309898,0.492464,10.309898,114.282663,5.458844,0.492464,5.458844,0.260748,-0.000000,0.000000,115.473509,0.032827,0.093830,0.062776,0.032257,0.093830,0.061795,0.000571,0.000000,0.000982,-0.009267,-0.069348,-0.035205,0.078322,1.235074,9.242139,4.691828,9.242139,69.159511,35.109249,4.691828,35.109249,17.823425,-0.000000,0.000000,88.218010,-0.009267,-0.069348,-0.035205,0.078322,1.267465,9.484518,4.814874,9.484518,70.973249,36.030004,4.814874,36.030004,18.290852,-0.000000,0.000000,90.531565
2.7667,post_ramp,0.037,100.0000,4.158622,-1.325359,-1.374447,-0.001534,-0.145728,1.150486,-2.012583,1.003223,-2.699806,1.213379,-2.541806,1.303884,-1.822369,0.023981,0.028240,-0.000000,0.023981,0.023981,0.108876,0.000000,0.006605,0.023981,-0.243195,0.023981,-0.000480,0.023981,1.544808,-0.750487,1.135906,0.001329,0.004858,0.000000,-0.004858,-0.007286,0.699495,0.923203,0.923203,0.609960,1.197784,1.197784,0.737734,1.165966,1.165966,0.792761,0.942280,0.942280,-0.007330,0.087741,-0.011707,0.003613,0.061050,-0.009209,-0.010943,0.026691,-0.002498,0.307879,-0.506969,0.705019,0.921335,13.003373,-21.412004,29.776721,-21.412004,35.258076,-49.031839,29.776721,-49.031839,68.186398,-0.000000,0.000000,116.447847,0.307879,-0.506969,0.705019,0.921335,9.331098,-15.365052,21.367495,-15.365052,25.300863,-35.184786,21.367495,-35.184786,48.929917,-0.000000,0.000000,83.561878,-0.017102,0.115054,0.077406,-0.016495,0.114699,0.073593,-0.000606,0.000355,0.003813,-0.023868,-0.260848,-0.186177,0.321362,0.579900,6.337511,4.523320,6.337511,69.260339,49.433707,4.523320,49.433707,35.282694,-0.000000,0.000000,105.122933,-0.023868,-0.260848,-0.186177,0.321362,0.611987,6.688186,4.773610,6.688186,73.092738,52.169034,4.773610,52.169034,37.235000,0.000000,0.000000,110.939725,0.001612,0.106952,0.072450,0.001591,0.106664,0.072231,0.000021,0.000288,0.000219,-0.002531,-0.024006,-0.003223,0.024353,1.054893,10.005109,1.343282,10.005109,94.893223,12.740330,1.343282,12.740330,1.710512,-0.000000,0.000000,97.658628,-0.002531,-0.024006,-0.003223,0.024353,1.059367,10.047539,1.348979,10.047539,95.295656,12.794361,1.348979,12.794361,1.717766,-0.000000,0.000000,98.072789,0.017520,0.102666,0.060759,0.016089,0.100935,0.055587,0.001431,0.001730,0.005172,-0.037654,-0.414055,-0.020905,0.416288,0.832448,9.153765,0.462161,9.153765,100.656567,5.082011,0.462161,5.082011,0.256584,-0.000000,-0.000000,101.745599,-0.037654,-0.414055,-0.020905,0.416288,0.948249,10.427130,0.526451,10.427130,114.658742,5.788961,0.526451,5.788961,0.292277,-0.000000,-0.000000,115.899268,0.032803,0.093822,0.062734,0.032257,0.093830,0.061795,0.000546,-0.000008,0.000939,-0.008805,-0.066165,-0.033521,0.074693,1.225865,9.211948,4.666969,9.211948,69.224604,35.070655,4.666969,35.070655,17.767539,-0.000000,0.000000,88.218008,-0.008805,-0.066165,-0.033521,0.074693,1.256780,9.444266,4.784666,9.444266,70.970393,35.955109,4.784666,35.955109,18.215622,-0.000000,0.000000,90.442795
2.7849,post_ramp,0.037,100.0000,4.158622,-1.328427,-1.374447,-0.001534,-0.145728,1.158155,-2.012583,1.003223,-2.699806,1.208777,-2.541806,1.306952,-1.822369,0.023981,-0.023258,-0.000000,0.023981,0.023981,0.229483,0.000000,0.005908,0.023981,-0.241608,0.023981,0.031857,0.023981,1.544808,-0.752224,1.135906,0.001329,0.004858,0.000000,-0.004858,-0.007286,0.704159,0.923203,0.923203,0.609960,1.197784,1.197784,0.734936,1.165966,1.165966,0.794627,0.942280,0.942280,-0.007311,0.087692,-0.011796,0.003613,0.061050,-0.009209,-0.010924,0.026642,-0.002587,0.308757,-0.507671,0.708446,0.924639,12.983152,-21.347443,29.789978,-21.347443,35.100362,-48.981933,29.789978,-48.981933,68.353418,0.000000,0.000000,116.436932,0.308757,-0.507671,0.708446,0.924639,9.323932,-15.330801,21.393860,-15.330801,25.207546,-35.176683,21.393860,-35.176683,49.088437,-0.000000,-0.000000,83.619915,-0.017048,0.115032,0.077077,-0.016495,0.114699,0.073593,-0.000553,0.000333,0.003483,-0.022063,-0.239063,-0.168984,0.293588,0.593686,6.432835,4.547107,6.432835,69.702460,49.269803,4.547107,49.269803,34.826798,-0.000000,0.000000,105.122944,-0.022063,-0.239063,-0.168984,0.293588,0.623772,6.758825,4.777536,6.758825,73.234697,51.766596,4.777536,51.766596,36.591679,-0.000000,-0.000000,110.450147,0.001612,0.106952,0.072450,0.001591,0.106664,0.072231,0.000021,0.000288,0.000219,-0.002531,-0.024006,-0.003223,0.024353,1.054893,10.005109,1.343282,10.005109,94.893223,12.740330,1.343282,12.740330,1.710512,-0.000000,0.000000,97.658628,-0.002531,-0.024006,-0.003223,0.024353,1.059367,10.047539,1.348979,10.047539,95.295656,12.794361,1.348979,12.794361,1.717766,-0.000000,0.000000,98.072789,0.017565,0.102714,0.060921,0.016089,0.100935,0.055587,0.001475,0.001779,0.005334,-0.039146,-0.427038,-0.022724,0.429430,0.845466,9.223167,0.490784,9.223167,100.615239,5.353948,0.490784,5.353948,0.284895,-0.000000,0.000000,101.745601,-0.039146,-0.427038,-0.022724,0.429430,0.966610,10.544717,0.561107,10.544717,115.031987,6.121094,0.561107,6.121094,0.325716,-0.000000,0.000000,116.324313,0.032755,0.093805,0.062648,0.032257,0.093830,0.061795,0.000498,-0.000024,0.000854,-0.007890,-0.059792,-0.030168,0.067435,1.207539,9.151409,4.617385,9.151409,69.354519,34.993135,4.617385,34.993135,17.655944,-0.000000,0.000000,88.218003,-0.007890,-0.059792,-0.030168,0.067435,1.235559,9.363761,4.724528,9.363761,70.963835,35.805123,4.724528,35.805123,18.065636,-0.000000,-0.000000,90.265030
2.8038,post_ramp,0.037,100.0000,4.158622,-1.329961,-1.374447,-0.001534,-0.145728,1.158155,-2.012583,1.003223,-2.699806,1.205709,-2.541806,1.311554,-1.822369,0.023981,-0.059464,-0.000000,0.023981,0.023981,0.274501,0.000000,0.014376,0.023981,-0.238367,0.023981,0.109897,0.023981,1.544808,-0.753092,1.135906,0.001329,0.004858,0.000000,-0.004858,-0.007286,0.704159,0.923203,0.923203,0.609960,1.197784,1.197784,0.733071,1.165966,1.165966,0.797425,0.942280,0.942280,-0.007302,0.087667,-0.011841,0.003613,0.061050,-0.009209,-0.010915,0.026617,-0.002632,0.309196,-0.508020,0.710163,0.926293,12.973058,-21.315177,29.796567,-21.315177,35.021565,-48.956779,29.796567,-48.956779,68.436868,-0.000000,-0.000000,116.431490,0.309196,-0.508020,0.710163,0.926293,9.320357,-15.313665,21.407031,-15.313665,25.160875,-35.172484,21.407031,-35.172484,49.167749,-0.000000,0.000000,83.648982,-0.017048,0.115032,0.077077,-0.016495,0.114699,0.073593,-0.000553,0.000333,0.003483,-0.022063,-0.239063,-0.168984,0.293588,0.593686,6.432835,4.547107,6.432835,69.702460,49.269803,4.547107,49.269803,34.826798,-0.000000,0.000000,105.122944,-0.022063,-0.239063,-0.168984,0.293588,0.623772,6.758825,4.777536,6.758825,73.234697,51.766596,4.777536,51.766596,36.591679,-0.000000,0.000000,110.450147,0.001612,0.106952,0.072450,0.001591,0.106664,0.072231,0.000021,0.000288,0.000219,-0.002531,-0.024006,-0.003223,0.024353,1.054893,10.005109,1.343282,10.005109,94.893223,12.740330,1.343282,12.740330,1.710512,-0.000000,0.000000,97.658628,-0.002531,-0.024006,-0.003223,0.024353,1.059367,10.047539,1.348979,10.047539,95.295656,12.794361,1.348979,12.794361,1.717766,-0.000000,0.000000,98.072789,0.017594,0.102746,0.061029,0.016089,0.100935,0.055587,0.001505,0.001811,0.005442,-0.040150,-0.435692,-0.023975,0.438194,0.854197,9.269355,0.510077,9.269355,100.586816,5.535126,0.510077,5.535126,0.304589,-0.000000,0.000000,101.745601,-0.040150,-0.435692,-0.023975,0.438194,0.978967,10.623302,0.584583,10.623302,115.279232,6.343625,0.584583,6.343625,0.349079,-0.000000,0.000000,116.607278,0.032682,0.093780,0.062520,0.032257,0.093830,0.061795,0.000425,-0.000049,0.000726,-0.006541,-0.050214,-0.025180,0.056554,1.180287,9.060211,4.543351,9.060211,69.548710,34.876028,4.543351,34.876028,17.488999,0.000000,0.000000,88.217995,-0.006541,-0.050214,-0.025180,0.056554,1.204100,9.243006,4.635015,9.243006,70.951892,35.579670,4.635015,35.579670,17.841849,-0.000000,0.000000,89.997841
2.8220,post_ramp,0.037,100.0000,4.158622,-1.328427,-1.374447,-0.001534,-0.145728,1.158155,-2.012583,1.003223,-2.699806,1.202641,-2.541806,1.314622,-1.822369,0.023981,-0.057245,-0.000000,0.023981,0.023981,0.196005,0.000000,0.012378,0.023981,-0.215587,0.023981,0.185695,0.023981,1.544808,-0.752224,1.135906,0.001329,0.004858,0.000000,-0.004858,-0.007286,0.704159,0.923203,0.923203,0.609960,1.197784,1.197784,0.731206,1.165966,1.165966,0.799290,0.942280,0.942280,-0.007311,0.087692,-0.011796,0.003613,0.061050,-0.009209,-0.010924,0.026642,-0.002587,0.308757,-0.507671,0.708446,0.924639,12.983152,-21.347443,29.789978,-21.347443,35.100362,-48.981933,29.789978,-48.981933,68.353418,0.000000,0.000000,116.436932,0.308757,-0.507671,0.708446,0.924639,9.323932,-15.330801,21.393860,-15.330801,25.207546,-35.176683,21.393860,-35.176683,49.088437,-0.000000,-0.000000,83.619915,-0.017048,0.115032,0.077077,-0.016495,0.114699,0.073593,-0.000553,0.000333,0.003483,-0.022063,-0.239063,-0.168984,0.293588,0.593686,6.432835,4.547107,6.432835,69.702460,49.269803,4.547107,49.269803,34.826798,0.000000,0.000000,105.122944,-0.022063,-0.239063,-0.168984,0.293588,0.623772,6.758825,4.777536,6.758825,73.234697,51.766596,4.777536,51.766596,36.591679,0.000000,0.000000,110.450147,0.001612,0.106952,0.072450,0.001591,0.106664,0.072231,0.000021,0.000288,0.000219,-0.002531,-0.024006,-0.003223,0.024353,1.054893,10.005109,1.343282,10.005109,94.893223,12.740330,1.343282,12.740330,1.710512,-0.000000,0.000000,97.658628,-0.002531,-0.024006,-0.003223,0.024353,1.059367,10.047539,1.348979,10.047539,95.295656,12.794361,1.348979,12.794361,1.717766,-0.000000,0.000000,98.072789,0.017624,0.102778,0.061137,0.016089,0.100935,0.055587,0.001535,0.001843,0.005551,-0.041163,-0.444346,-0.025259,0.446963,0.862968,9.315477,0.529539,9.315477,100.557695,5.716209,0.529539,5.716209,0.324938,-0.000000,0.000000,101.745602,-0.041163,-0.444346,-0.025259,0.446963,0.991417,10.702040,0.608358,10.702040,115.525208,6.567039,0.608358,6.567039,0.373304,-0.000000,0.000000,116.889929,0.032634,0.093763,0.062435,0.032257,0.093830,0.061795,0.000377,-0.000066,0.000640,-0.005659,-0.043817,-0.021882,0.049303,1.162276,8.999153,4.494223,8.999153,69.677712,34.797405,4.494223,34.797405,17.378002,-0.000000,0.000000,88.217990,-0.005659,-0.043817,-0.021882,0.049303,1.183374,9.162508,4.575803,9.162508,70.942523,35.429058,4.575803,35.429058,17.693452,-0.000000,0.000000,89.819350
2.8394,post_ramp,0.037,100.0000,4.158622,-1.328427,-1.374447,-0.001534,-0.145728,1.155088,-2.012583,1.003223,-2.699806,1.201107,-2.541806,1.314622,-1.822369,0.023981,-0.015677,-0.000000,0.023981,0.023981,0.086864,0.000000,0.006578,0.023981,-0.182582,0.023981,0.179530,0.023981,1.544808,-0.752224,1.135906,0.001329,0.004858,0.000000,-0.004858,-0.007286,0.702293,0.923203,0.923203,0.609960,1.197784,1.197784,0.730273,1.165966,1.165966,0.799290,0.942280,0.942280,-0.007311,0.087692,-0.011796,0.003613,0.061050,-0.009209,-0.010924,0.026642,-0.002587,0.308757,-0.507671,0.708446,0.924639,12.983152,-21.347443,29.789978,-21.347443,35.100362,-48.981933,29.789978,-48.981933,68.353418,0.000000,0.000000,116.436932,0.308757,-0.507671,0.708446,0.924639,9.323932,-15.330801,21.393860,-15.330801,25.207546,-35.176683,21.393860,-35.176683,49.088437,-0.000000,-0.000000,83.619915,-0.017070,0.115041,0.077208,-0.016495,0.114699,0.073593,-0.000574,0.000342,0.003615,-0.022791,-0.247794,-0.175836,0.304696,0.588151,6.394662,4.537684,6.394662,69.525809,49.335865,4.537684,49.335865,35.008979,0.000000,0.000000,105.122939,-0.022791,-0.247794,-0.175836,0.304696,0.619054,6.730647,4.776101,6.730647,73.178797,51.928043,4.776101,51.928043,36.848402,-0.000000,0.000000,110.646252,0.001612,0.106952,0.072450,0.001591,0.106664,0.072231,0.000021,0.000288,0.000219,-0.002531,-0.024006,-0.003223,0.024353,1.054893,10.005109,1.343282,10.005109,94.893223,12.740330,1.343282,12.740330,1.710512,-0.000000,0.000000,97.658628,-0.002531,-0.024006,-0.003223,0.024353,1.059367,10.047539,1.348979,10.047539,95.295656,12.794361,1.348979,12.794361,1.717766,-0.000000,0.000000,98.072789,0.017639,0.102794,0.061191,0.016089,0.100935,0.055587,0.001550,0.001859,0.005605,-0.041673,-0.448673,-0.025913,0.451349,0.867370,9.338514,0.539333,9.338514,100.542874,5.806715,0.539333,5.806715,0.335359,-0.000000,0.000000,101.745602,-0.041673,-0.448673,-0.025913,0.451349,0.997677,10.741466,0.620359,10.741466,115.647723,6.679075,0.620359,6.679075,0.385741,0.000000,0.000000,117.031141,0.032634,0.093763,0.062435,0.032257,0.093830,0.061795,0.000377,-0.000066,0.000640,-0.005659,-0.043817,-0.021883,0.049303,1.162276,8.999153,4.494223,8.999153,69.677712,34.797405,4.494223,34.797405,17.378002,-0.000000,0.000000,88.217990,-0.005659,-0.043817,-0.021883,0.049303,1.183374,9.162509,4.575804,9.162509,70.942528,35.429061,4.575804,35.429061,17.693454,-0.000000,0.000000,89.819357
2.8576,post_ramp,0.037,100.0000,4.158622,-1.329961,-1.374447,-0.001534,-0.145728,1.152020,-2.012583,1.003223,-2.699806,1.201107,-2.541806,1.313088,-1.822369,0.023981,0.000688,-0.000000,0.023981,0.023981,-0.002292,0.000000,0.003496,0.023981,-0.144317,0.023981,0.105845,0.023981,1.544808,-0.753092,1.135906,0.001329,0.004858,0.000000,-0.004858,-0.007286,0.700428,0.923203,0.923203,0.609960,1.197784,1.197784,0.730273,1.165966,1.165966,0.798357,0.942280,0.942280,-0.007302,0.087667,-0.011841,0.003613,0.061050,-0.009209,-0.010915,0.026617,-0.002632,0.309196,-0.508020,0.710163,0.926293,12.973058,-21.315177,29.796567,-21.315177,35.021565,-48.956779,29.796567,-48.956779,68.436868,-0.000000,-0.000000,116.431490,0.309196,-0.508020,0.710163,0.926293,9.320357,-15.313665,21.407031,-15.313665,25.160875,-35.172484,21.407031,-35.172484,49.167749,-0.000000,0.000000,83.648982,-0.017091,0.115050,0.077340,-0.016495,0.114699,0.073593,-0.000596,0.000351,0.003747,-0.023511,-0.256502,-0.182722,0.315806,0.582644,6.356547,4.528139,6.356547,69.348895,49.401260,4.528139,49.401260,35.191397,-0.000000,0.000000,105.122935,-0.023511,-0.256502,-0.182722,0.315806,0.614341,6.702365,4.774485,6.702365,73.121718,52.088862,4.774485,52.088862,37.105932,-0.000000,0.000000,110.841992,0.001612,0.106952,0.072450,0.001591,0.106664,0.072231,0.000021,0.000288,0.000219,-0.002531,-0.024006,-0.003223,0.024353,1.054893,10.005109,1.343282,10.005109,94.893223,12.740330,1.343282,12.740330,1.710512,-0.000000,0.000000,97.658628,-0.002531,-0.024006,-0.003223,0.024353,1.059367,10.047539,1.348979,10.047539,95.295656,12.794361,1.348979,12.794361,1.717766,-0.000000,0.000000,98.072789,0.017639,0.102794,0.061191,0.016089,0.100935,0.055587,0.001550,0.001859,0.005605,-0.041673,-0.448674,-0.025913,0.451349,0.867370,9.338514,0.539333,9.338514,100.542874,5.806715,0.539333,5.806715,0.335359,-0.000000,0.000000,101.745602,-0.041673,-0.448674,-0.025913,0.451349,0.997677,10.741466,0.620359,10.741466,115.647729,6.679075,0.620359,6.679075,0.385741,-0.000000,0.000000,117.031147,0.032658,0.093772,0.062477,0.032257,0.093830,0.061795,0.000401,-0.000058,0.000683,-0.006099,-0.047018,-0.023529,0.052929,1.171266,9.029708,4.518764,9.029708,69.613257,34.836771,4.518764,34.836771,17.433470,-0.000000,0.000000,88.217993,-0.006099,-0.047018,-0.023529,0.052929,1.193712,9.202758,4.605364,9.202758,70.947359,35.504400,4.605364,35.504400,17.767574,0.000000,0.000000,89.908646
2.8761,post_ramp,0.037,100.0000,4.158622,-1.328427,-1.374447,-0.001534,-0.145728,1.147418,-2.012583,1.003223,-2.699806,1.201107,-2.541806,1.310020,-1.822369,0.023981,-0.008473,-0.000000,0.023981,0.023981,-0.071777,0.000000,0.001858,0.023981,-0.093630,0.023981,0.023132,0.023981,1.544808,-0.752224,1.135906,0.001329,0.004858,0.000000,-0.004858,-0.007286,0.697630,0.923203,0.923203,0.609960,1.197784,1.197784,0.730273,1.165966,1.165966,0.796492,0.942280,0.942280,-0.007311,0.087692,-0.011796,0.003613,0.061050,-0.009209,-0.010924,0.026642,-0.002587,0.308757,-0.507671,0.708446,0.924639,12.983152,-21.347443,29.789978,-21.347443,35.100362,-48.981933,29.789978,-48.981933,68.353418,0.000000,0.000000,116.436932,0.308757,-0.507671,0.708446,0.924639,9.323932,-15.330801,21.393860,-15.330801,25.207546,-35.176683,21.393860,-35.176683,49.088437,-0.000000,-0.000000,83.619915,-0.017123,0.115063,0.077538,-0.016495,0.114699,0.073593,-0.000627,0.000364,0.003944,-0.024577,-0.269522,-0.193113,0.332474,0.574432,6.299485,4.513591,6.299485,69.083033,49.498099,4.513591,49.498099,35.465463,0.000000,0.000000,105.122928,-0.024577,-0.269522,-0.193113,0.332474,0.607284,6.659753,4.771723,6.659753,73.033898,52.328900,4.771723,52.328900,37.493737,-0.000000,0.000000,111.134918,0.001612,0.106952,0.072450,0.001591,0.106664,0.072231,0.000021,0.000288,0.000219,-0.002531,-0.024006,-0.003223,0.024353,1.054893,10.005109,1.343282,10.005109,94.893223,12.740330,1.343282,12.740330,1.710512,-0.000000,0.000000,97.658628,-0.002531,-0.024006,-0.003223,0.024353,1.059367,10.047539,1.348979,10.047539,95.295656,12.794361,1.348979,12.794361,1.717766,-0.000000,0.000000,98.072789,0.017639,0.102794,0.061191,0.016089,0.100935,0.055587,0.001550,0.001859,0.005605,-0.041673,-0.448674,-0.025913,0.451350,0.867370,9.338514,0.539333,9.338514,100.542874,5.806715,0.539333,5.806715,0.335359,-0.000000,0.000000,101.745602,-0.041673,-0.448674,-0.025913,0.451350,0.997677,10.741467,0.620359,10.741467,115.647740,6.679076,0.620359,6.679076,0.385741,-0.000000,-0.000000,117.031158,0.032707,0.093789,0.062563,0.032257,0.093830,0.061795,0.000450,-0.000041,0.000768,-0.006988,-0.053411,-0.026839,0.060182,1.189339,9.090663,4.567983,9.090663,69.484071,34.915174,4.567983,34.915174,17.544587,-0.000000,0.000000,88.217998,-0.006988,-0.053411,-0.026839,0.060182,1.214537,9.283259,4.664761,9.283259,70.956174,35.654894,4.664761,35.654894,17.916291,-0.000000,0.000000,90.087002
2.8940,post_ramp,0.037,100.0000,4.158622,-1.322291,-1.374447,-0.001534,-0.145728,1.148952,-2.012583,1.003223,-2.699806,1.201107,-2.541806,1.306952,-1.822369,0.023981,0.043261,-0.000000,0.023981,0.023981,-0.114876,0.000000,0.010709,0.023981,-0.044783,0.023981,-0.049917,0.023981,1.544808,-0.748749,1.135906,0.001329,0.004858,0.000000,-0.004858,-0.007286,0.698563,0.923203,0.923203,0.609960,1.197784,1.197784,0.730273,1.165966,1.165966,0.794627,0.942280,0.942280,-0.007349,0.087790,-0.011617,0.003613,0.061050,-0.009209,-0.010962,0.026740,-0.002408,0.307001,-0.506260,0.701600,0.918037,13.023636,-21.476602,29.763359,-21.476602,35.415947,-49.081209,29.763359,-49.081209,68.019218,0.000000,0.000000,116.458802,0.307001,-0.506260,0.701600,0.918037,9.338284,-15.399278,21.341097,-15.399278,25.394149,-35.192495,21.341097,-35.192495,48.771537,-0.000000,0.000000,83.503969,-0.017112,0.115059,0.077472,-0.016495,0.114699,0.073593,-0.000617,0.000360,0.003878,-0.024224,-0.265188,-0.189641,0.326918,0.577163,6.318491,4.518471,6.318491,69.171718,49.465986,4.518471,49.465986,35.374050,-0.000000,-0.000000,105.122930,-0.024224,-0.265188,-0.189641,0.326918,0.609635,6.673982,4.772689,6.673982,73.063465,52.249047,4.772689,52.249047,37.364268,0.000000,0.000000,111.037367,0.001612,0.106952,0.072450,0.001591,0.106664,0.072231,0.000021,0.000288,0.000219,-0.002531,-0.024006,-0.003223,0.024353,1.054893,10.005109,1.343282,10.005109,94.893223,12.740330,1.343282,12.740330,1.710512,-0.000000,0.000000,97.658628,-0.002531,-0.024006,-0.003223,0.024353,1.059367,10.047539,1.348979,10.047539,95.295656,12.794361,1.348979,12.794361,1.717766,-0.000000,0.000000,98.072789,0.017639,0.102794,0.061191,0.016089,0.100935,0.055587,0.001550,0.001859,0.005605,-0.041673,-0.448675,-0.025913,0.451350,0.867370,9.338514,0.539333,9.338514,100.542874,5.806715,0.539333,5.806715,0.335359,-0.000000,0.000000,101.745602,-0.041673,-0.448675,-0.025913,0.451350,0.997677,10.741468,0.620359,10.741468,115.647746,6.679076,0.620359,6.679076,0.385741,-0.000000,0.000000,117.031164,0.032755,0.093805,0.062648,0.032257,0.093830,0.061795,0.000498,-0.000024,0.000854,-0.007890,-0.059794,-0.030169,0.067437,1.207539,9.151410,4.617385,9.151410,69.354520,34.993135,4.617385,34.993135,17.655944,-0.000000,0.000000,88.218003,-0.007890,-0.059794,-0.030169,0.067437,1.235559,9.363763,4.724529,9.363763,70.963856,35.805133,4.724529,35.805133,18.065641,-0.000000,0.000000,90.265057
2.9122,post_ramp,0.037,100.0000,4.158622,-1.314622,-1.374447,-0.001534,-0.145728,1.148952,-2.012583,1.003223,-2.699806,1.201107,-2.541806,1.305418,-1.822369,0.023981,0.162138,-0.000000,0.023981,0.023981,-0.063238,0.000000,0.016928,0.023981,-0.023800,0.023981,-0.082710,0.023981,1.544808,-0.744406,1.135906,0.001329,0.004858,0.000000,-0.004858,-0.007286,0.698563,0.923203,0.923203,0.609960,1.197784,1.197784,0.730273,1.165966,1.165966,0.793694,0.942280,0.942280,-0.007396,0.087911,-0.011393,0.003613,0.061050,-0.009209,-0.011009,0.026861,-0.002184,0.304809,-0.504459,0.693093,0.909816,13.074482,-21.638258,29.729490,-21.638258,35.811301,-49.202285,29.729490,-49.202285,67.600582,-0.000000,0.000000,116.486365,0.304809,-0.504459,0.693093,0.909816,9.356336,-15.484730,21.274963,-15.484730,25.627217,-35.210048,21.274963,-35.210048,48.376204,-0.000000,-0.000000,83.359758,-0.017112,0.115059,0.077472,-0.016495,0.114699,0.073593,-0.000617,0.000360,0.003878,-0.024224,-0.265188,-0.189641,0.326918,0.577163,6.318491,4.518471,6.318491,69.171718,49.465986,4.518471,49.465986,35.374050,-0.000000,-0.000000,105.122930,-0.024224,-0.265188,-0.189641,0.326918,0.609635,6.673982,4.772689,6.673982,73.063464,52.249047,4.772689,52.249047,37.364268,-0.000000,0.000000,111.037367,0.001612,0.106952,0.072450,0.001591,0.106664,0.072231,0.000021,0.000288,0.000219,-0.002531,-0.024006,-0.003223,0.024353,1.054893,10.005109,1.343282,10.005109,94.893223,12.740330,1.343282,12.740330,1.710512,-0.000000,0.000000,97.658628,-0.002531,-0.024006,-0.003223,0.024353,1.059367,10.047539,1.348979,10.047539,95.295656,12.794361,1.348979,12.794361,1.717766,-0.000000,0.000000,98.072789,0.017639,0.102794,0.061191,0.016089,0.100935,0.055587,0.001550,0.001859,0.005605,-0.041673,-0.448675,-0.025913,0.451350,0.867370,9.338514,0.539333,9.338514,100.542874,5.806715,0.539333,5.806715,0.335359,0.000000,0.000000,101.745602,-0.041673,-0.448675,-0.025913,0.451350,0.997677,10.741468,0.620359,10.741468,115.647750,6.679076,0.620359,6.679076,0.385741,-0.000000,0.000000,117.031168,0.032779,0.093814,0.062691,0.032257,0.093830,0.061795,0.000522,-0.000016,0.000896,-0.008346,-0.062982,-0.031843,0.071066,1.216686,9.181705,4.642154,9.181705,69.289607,35.031950,4.642154,35.031950,17.711712,0.000000,0.000000,88.218005,-0.008346,-0.062982,-0.031843,0.071066,1.246145,9.404016,4.754552,9.404016,70.967275,35.880158,4.754552,35.880158,18.140555,0.000000,0.000000,90.353975
2.9311,post_ramp,0.037,100.0000,4.158622,-1.311554,-1.374447,-0.001534,-0.145728,1.147418,-2.012583,1.003223,-2.699806,1.201107,-2.541806,1.302350,-1.822369,0.023981,0.263552,-0.000000,0.023981,0.023981,-0.022190,0.000000,0.008996,0.023981,-0.012648,0.023981,-0.111374,0.023981,1.544808,-0.742669,1.135906,0.001329,0.004858,0.000000,-0.004858,-0.007286,0.697630,0.923203,0.923203,0.609960,1.197784,1.197784,0.730273,1.165966,1.165966,0.791829,0.942280,0.942280,-0.007415,0.087959,-0.011303,0.003613,0.061050,-0.009209,-0.011028,0.026909,-0.002094,0.303934,-0.503728,0.689705,0.906538,13.094894,-21.702984,29.715756,-21.702984,35.969708,-49.249773,29.715756,-49.249773,67.432857,-0.000000,0.000000,116.497459,0.303934,-0.503728,0.689705,0.906538,9.363593,-15.518865,21.248452,-15.518865,25.720383,-35.216383,21.248452,-35.216383,48.218319,-0.000000,0.000000,83.302295,-0.017123,0.115063,0.077538,-0.016495,0.114699,0.073593,-0.000627,0.000364,0.003944,-0.024577,-0.269522,-0.193113,0.332474,0.574432,6.299485,4.513591,6.299485,69.083033,49.498099,4.513591,49.498099,35.465463,0.000000,0.000000,105.122928,-0.024577,-0.269522,-0.193113,0.332474,0.607284,6.659753,4.771723,6.659753,73.033898,52.328899,4.771723,52.328899,37.493736,-0.000000,0.000000,111.134918,0.001612,0.106952,0.072450,0.001591,0.106664,0.072231,0.000021,0.000288,0.000219,-0.002531,-0.024006,-0.003223,0.024353,1.054893,10.005109,1.343282,10.005109,94.893223,12.740330,1.343282,12.740330,1.710512,-0.000000,0.000000,97.658628,-0.002531,-0.024006,-0.003223,0.024353,1.059367,10.047539,1.348979,10.047539,95.295656,12.794361,1.348979,12.794361,1.717766,-0.000000,0.000000,98.072789,0.017639,0.102794,0.061191,0.016089,0.100935,0.055587,0.001550,0.001859,0.005605,-0.041673,-0.448675,-0.025913,0.451351,0.867370,9.338514,0.539333,9.338514,100.542874,5.806715,0.539333,5.806715,0.335359,-0.000000,-0.000000,101.745602,-0.041673,-0.448675,-0.025913,0.451351,0.997677,10.741469,0.620359,10.741469,115.647759,6.679077,0.620359,6.679077,0.385741,-0.000000,0.000000,117.031177,0.032827,0.093830,0.062776,0.032257,0.093830,0.061795,0.000571,0.000000,0.000982,-0.009268,-0.069350,-0.035206,0.078325,1.235074,9.242139,4.691828,9.242139,69.159511,35.109249,4.691828,35.109249,17.823425,-0.000000,0.000000,88.218010,-0.009268,-0.069350,-0.035206,0.078325,1.267465,9.484521,4.814875,9.484521,70.973270,36.030014,4.814875,36.030014,18.290857,-0.000000,0.000000,90.531592
2.9485,post_ramp,0.037,100.0000,4.158622,-1.313088,-1.374447,-0.001534,-0.145728,1.145884,-2.012583,1.003223,-2.699806,1.204175,-2.541806,1.300816,-1.822369,0.023981,0.240420,-0.000000,0.023981,0.023981,-0.031926,0.000000,0.013028,0.023981,0.019716,0.023981,-0.126607,0.023981,1.544808,-0.743538,1.135906,0.001329,0.004858,0.000000,-0.004858,-0.007286,0.696697,0.923203,0.923203,0.609960,1.197784,1.197784,0.732138,1.165966,1.165966,0.790896,0.942280,0.942280,-0.007405,0.087935,-0.011348,0.003613,0.061050,-0.009209,-0.011018,0.026885,-0.002139,0.304371,-0.504095,0.691398,0.908176,13.084683,-21.670617,29.722636,-21.670617,35.890486,-49.226096,29.722636,-49.226096,67.516739,-0.000000,0.000000,116.491907,0.304371,-0.504095,0.691398,0.908176,9.359962,-15.501801,21.261711,-15.501801,25.673805,-35.213265,21.261711,-35.213265,48.297244,-0.000000,-0.000000,83.331010,-0.017134,0.115067,0.077603,-0.016495,0.114699,0.073593,-0.000638,0.000368,0.004010,-0.024928,-0.273851,-0.196594,0.338031,0.571708,6.280494,4.508680,6.280494,68.994283,49.530043,4.508680,49.530043,35.556935,-0.000000,0.000000,105.122926,-0.024928,-0.273851,-0.196594,0.338031,0.604934,6.645499,4.770712,6.645499,73.004038,52.408592,4.770712,52.408592,37.623405,-0.000000,0.000000,111.232377,0.001612,0.106952,0.072450,0.001591,0.106664,0.072231,0.000021,0.000288,0.000219,-0.002531,-0.024006,-0.003223,0.024353,1.054893,10.005109,1.343282,10.005109,94.893223,12.740330,1.343282,12.740330,1.710512,-0.000000,0.000000,97.658628,-0.002531,-0.024006,-0.003223,0.024353,1.059367,10.047539,1.348979,10.047539,95.295656,12.794361,1.348979,12.794361,1.717766,-0.000000,0.000000,98.072789,0.017609,0.102762,0.061083,0.016089,0.100935,0.055587,0.001520,0.001827,0.005496,-0.040656,-0.440021,-0.024613,0.442581,0.858577,9.292424,0.519787,9.292424,100.572343,5.625680,0.519787,5.625680,0.314682,-0.000000,0.000000,101.745602,-0.040656,-0.440021,-0.024613,0.442581,0.985181,10.662655,0.596433,10.662655,115.402418,6.455224,0.596433,6.455224,0.361084,-0.000000,-0.000000,116.748682,0.032852,0.093838,0.062819,0.032257,0.093830,0.061795,0.000595,0.000008,0.001025,-0.009733,-0.072530,-0.036895,0.081955,1.244315,9.272277,4.716733,9.272277,69.094327,35.147731,4.716733,35.147731,17.879370,-0.000000,0.000000,88.218012,-0.009733,-0.072530,-0.036895,0.081955,1.278199,9.524772,4.845175,9.524772,70.975842,36.104843,4.845175,36.104843,18.366245,-0.000000,-0.000000,90.620286
2.9667,post_ramp,0.037,100.0000,4.158622,-1.314622,-1.374447,-0.001534,-0.145728,1.147418,-2.012583,1.004757,-2.699806,1.214913,-2.541806,1.299282,-1.822369,0.023981,0.121710,-0.000000,0.023981,0.023981,-0.038458,0.000000,0.018160,0.023981,0.121454,0.023981,-0.124883,0.023981,1.544808,-0.744406,1.135906,0.001329,0.004858,0.000000,-0.004858,-0.007286,0.697630,0.923203,0.923203,0.610893,1.197784,1.197784,0.738667,1.165966,1.165966,0.789963,0.942280,0.942280,-0.007396,0.087911,-0.011393,0.003613,0.061050,-0.009209,-0.011009,0.026861,-0.002184,0.304809,-0.504459,0.693093,0.909816,13.074482,-21.638258,29.729490,-21.638258,35.811301,-49.202285,29.729490,-49.202285,67.600582,-0.000000,0.000000,116.486365,0.304809,-0.504459,0.693093,0.909816,9.356336,-15.484730,21.274963,-15.484730,25.627217,-35.210048,21.274963,-35.210048,48.376204,-0.000000,-0.000000,83.359758,-0.017123,0.115063,0.077538,-0.016495,0.114699,0.073593,-0.000627,0.000364,0.003944,-0.024577,-0.269522,-0.193113,0.332474,0.574432,6.299485,4.513591,6.299485,69.083033,49.498099,4.513591,49.498099,35.465463,-0.000000,0.000000,105.122928,-0.024577,-0.269522,-0.193113,0.332474,0.607284,6.659753,4.771723,6.659753,73.033898,52.328899,4.771723,52.328899,37.493736,-0.000000,0.000000,111.134918,0.001610,0.106944,0.072390,0.001591,0.106664,0.072231,0.000019,0.000280,0.000160,-0.002098,-0.019908,-0.002654,0.020193,1.054446,10.004266,1.333635,10.004266,94.917438,12.653120,1.333635,12.653120,1.686744,-0.000000,0.000000,97.658628,-0.002098,-0.019908,-0.002654,0.020193,1.057216,10.030544,1.337138,10.030544,95.166764,12.686357,1.337138,12.686357,1.691175,-0.000000,0.000000,97.915155,0.017505,0.102649,0.060705,0.016089,0.100935,0.055587,0.001416,0.001714,0.005118,-0.037162,-0.409727,-0.020315,0.411910,0.828130,9.130599,0.452704,9.130599,100.669994,4.991321,0.452704,4.991321,0.247475,-0.000000,-0.000000,101.745599,-0.037162,-0.409727,-0.020315,0.411910,0.942175,10.388014,0.515048,10.388014,114.533706,5.678698,0.515048,5.678698,0.281556,-0.000000,0.000000,115.757437,0.032876,0.093846,0.062862,0.032257,0.093830,0.061795,0.000619,0.000017,0.001067,-0.010202,-0.075706,-0.038590,0.085584,1.253588,9.302363,4.741683,9.302363,69.029054,35.186103,4.741683,35.186103,17.935373,0.000000,0.000000,88.218015,-0.010202,-0.075706,-0.038590,0.085584,1.288983,9.565020,4.875567,9.565020,70.978118,36.179597,4.875567,36.179597,18.441786,-0.000000,0.000000,90.708887
2.9849,post_ramp,0.037,100.0000,4.158622,-1.316156,-1.374447,-0.001534,-0.145728,1.147418,-2.012583,1.003223,-2.699806,1.228719,-2.543340,1.296214,-1.822369,0.023981,0.030973,-0.000000,0.023981,0.023981,-0.007635,0.000000,0.011067,0.023981,0.320765,0.021583,-0.120607,0.023981,1.544808,-0.745275,1.135906,0.001329,0.004858,0.000000,-0.004858,-0.007286,0.697630,0.923203,0.923203,0.609960,1.197784,1.197784,0.747061,1.166670,1.166670,0.788098,0.942280,0.942280,-0.007386,0.087887,-0.011438,0.003613,0.061050,-0.009209,-0.011000,0.026837,-0.002229,0.305247,-0.504823,0.694790,0.911457,13.064291,-21.605908,29.736317,-21.605908,35.732154,-49.178338,29.736317,-49.178338,67.684387,-0.000000,-0.000000,116.480833,0.305247,-0.504823,0.694790,0.911457,9.352716,-15.467653,21.288206,-15.467653,25.580621,-35.206734,21.288206,-35.206734,48.455200,-0.000000,0.000000,83.388536,-0.017123,0.115063,0.077538,-0.016495,0.114699,0.073593,-0.000627,0.000364,0.003944,-0.024577,-0.269522,-0.193113,0.332474,0.574432,6.299485,4.513591,6.299485,69.083033,49.498099,4.513591,49.498099,35.465463,0.000000,0.000000,105.122928,-0.024577,-0.269522,-0.193113,0.332474,0.607284,6.659753,4.771723,6.659753,73.033898,52.328899,4.771723,52.328899,37.493736,-0.000000,0.000000,111.134918,0.001612,0.106952,0.072450,0.001591,0.106664,0.072231,0.000021,0.000288,0.000219,-0.002531,-0.024006,-0.003223,0.024353,1.054893,10.005109,1.343282,10.005109,94.893223,12.740330,1.343282,12.740330,1.710512,-0.000000,0.000000,97.658628,-0.002531,-0.024006,-0.003223,0.024353,1.059367,10.047539,1.348979,10.047539,95.295656,12.794361,1.348979,12.794361,1.717766,-0.000000,0.000000,98.072789,0.017365,0.102463,0.060202,0.016089,0.100935,0.055587,0.001276,0.001527,0.004616,-0.032410,-0.367646,-0.014724,0.369365,0.782628,8.877722,0.355549,8.877722,100.704259,4.033164,0.355549,4.033164,0.161527,-0.000000,0.000000,101.648413,-0.032410,-0.367646,-0.014724,0.369365,0.880474,9.987644,0.400001,9.987644,113.294633,4.537403,0.400001,4.537403,0.181721,-0.000000,-0.000000,114.356829,0.032924,0.093862,0.062947,0.032257,0.093830,0.061795,0.000667,0.000033,0.001153,-0.011150,-0.082052,-0.041994,0.092846,1.272226,9.362378,4.791718,9.362378,68.898237,35.262513,4.791718,35.262513,18.047556,-0.000000,0.000000,88.218019,-0.011150,-0.082052,-0.041994,0.092846,1.310700,9.645512,4.936628,9.645512,70.981840,36.328912,4.936628,36.328912,18.593346,-0.000000,0.000000,90.885885
3.0031,post_ramp,0.037,100.0000,4.158622,-1.319223,-1.374447,-0.001534,-0.145728,1.147418,-2.012583,1.003223,-2.699806,1.244058,-2.541806,1.293146,-1.822369,0.023981,-0.030884,-0.000000,0.023981,0.023981,0.016017,0.000000,0.005881,0.023981,0.544345,0.011470,-0.120278,0.023981,1.544808,-0.747012,1.135906,0.001329,0.004858,0.000000,-0.004858,-0.007286,0.697630,0.923203,0.923203,0.609960,1.197784,1.197784,0.756388,1.165966,1.165966,0.786233,0.942280,0.942280,-0.007368,0.087838,-0.011528,0.003613,0.061050,-0.009209,-0.010981,0.026788,-0.002319,0.306124,-0.505544,0.698190,0.914744,13.043942,-21.541236,29.749891,-21.541236,35.573974,-49.130042,29.749891,-49.130042,67.851881,-0.000000,0.000000,116.469797,0.306124,-0.505544,0.698190,0.914744,9.345490,-15.433478,21.314668,-15.433478,25.487402,-35.199811,21.314668,-35.199811,48.613297,-0.000000,0.000000,83.446189,-0.017123,0.115063,0.077538,-0.016495,0.114699,0.073593,-0.000627,0.000364,0.003944,-0.024577,-0.269522,-0.193113,0.332474,0.574432,6.299485,4.513591,6.299485,69.083033,49.498099,4.513591,49.498099,35.465463,-0.000000,0.000000,105.122928,-0.024577,-0.269522,-0.193113,0.332474,0.607284,6.659753,4.771723,6.659753,73.033898,52.328900,4.771723,52.328900,37.493737,-0.000000,0.000000,111.134918,0.001612,0.106952,0.072450,0.001591,0.106664,0.072231,0.000021,0.000288,0.000219,-0.002531,-0.024006,-0.003223,0.024353,1.054893,10.005109,1.343282,10.005109,94.893223,12.740330,1.343282,12.740330,1.710512,-0.000000,0.000000,97.658628,-0.002531,-0.024006,-0.003223,0.024353,1.059367,10.047539,1.348979,10.047539,95.295656,12.794361,1.348979,12.794361,1.717766,-0.000000,0.000000,98.072789,0.017223,0.102329,0.059681,0.016089,0.100935,0.055587,0.001134,0.001394,0.004095,-0.028200,-0.327496,-0.010596,0.328878,0.748061,8.687538,0.281095,8.687538,100.891901,3.264465,0.281095,3.264465,0.105625,-0.000000,0.000000,101.745587,-0.028200,-0.327496,-0.010596,0.328878,0.831157,9.652560,0.312319,9.652560,112.099093,3.627086,0.312319,3.627086,0.117358,-0.000000,0.000000,113.047608,0.032973,0.093878,0.063033,0.032257,0.093830,0.061795,0.000716,0.000048,0.001238,-0.012110,-0.088387,-0.045421,0.100110,1.290988,9.422180,4.841933,9.422180,68.767063,35.338476,4.841933,35.338476,18.159972,-0.000000,0.000000,88.218023,-0.012110,-0.088387,-0.045421,0.100110,1.332616,9.725996,4.998060,9.725996,70.984437,36.477955,4.998060,36.477955,18.745534,-0.000000,0.000000,91.062587
3.0213,post_ramp,0.037,100.0000,4.158622,-1.320757,-1.374447,-0.001534,-0.145728,1.150486,-2.012583,1.003223,-2.699806,1.251728,-2.541806,1.291612,-1.822369,0.023981,-0.068624,-0.000000,0.023981,0.023981,0.024305,0.000000,0.012946,0.023981,0.658464,0.010652,-0.120103,0.023981,1.544808,-0.747881,1.135906,0.001329,0.004858,0.000000,-0.004858,-0.007286,0.699495,0.923203,0.923203,0.609960,1.197784,1.197784,0.761051,1.165966,1.165966,0.785300,0.942280,0.942280,-0.007358,0.087814,-0.011573,0.003613,0.061050,-0.009209,-0.010971,0.026764,-0.002364,0.306562,-0.505903,0.699894,0.916390,13.033784,-21.508914,29.756638,-21.508914,35.494941,-49.105693,29.756638,-49.105693,67.935569,0.000000,0.000000,116.464295,0.306562,-0.505903,0.699894,0.916390,9.341884,-15.416381,21.327887,-15.416381,25.440780,-35.196202,21.327887,-35.196202,48.692399,-0.000000,0.000000,83.475063,-0.017102,0.115054,0.077406,-0.016495,0.114699,0.073593,-0.000606,0.000355,0.003813,-0.023868,-0.260848,-0.186177,0.321362,0.579900,6.337511,4.523320,6.337511,69.260339,49.433707,4.523320,49.433707,35.282694,-0.000000,0.000000,105.122933,-0.023868,-0.260848,-0.186177,0.321362,0.611987,6.688186,4.773610,6.688186,73.092738,52.169034,4.773610,52.169034,37.235000,-0.000000,-0.000000,110.939726,0.001612,0.106952,0.072450,0.001591,0.106664,0.072231,0.000021,0.000288,0.000219,-0.002531,-0.024006,-0.003223,0.024353,1.054893,10.005109,1.343282,10.005109,94.893223,12.740330,1.343282,12.740330,1.710512,-0.000000,0.000000,97.658628,-0.002531,-0.024006,-0.003223,0.024353,1.059367,10.047539,1.348979,10.047539,95.295656,12.794361,1.348979,12.794361,1.717766,-0.000000,0.000000,98.072789,0.017149,0.102242,0.059413,0.016089,0.100935,0.055587,0.001059,0.001306,0.003826,-0.025969,-0.305864,-0.008512,0.307083,0.727622,8.570065,0.238492,8.570065,100.939791,2.809005,0.238492,2.809005,0.078170,-0.000000,0.000000,101.745583,-0.025969,-0.305864,-0.008512,0.307083,0.803314,9.461584,0.263302,9.461584,111.440260,3.101217,0.263302,3.101217,0.086302,0.000000,0.000000,112.329877,0.032997,0.093886,0.063075,0.032257,0.093830,0.061795,0.000740,0.000056,0.001281,-0.012596,-0.091550,-0.047142,0.103742,1.300416,9.452002,4.867107,9.452002,68.701343,35.376291,4.867107,35.376291,18.216266,0.000000,0.000000,88.218026,-0.012596,-0.091550,-0.047142,0.103742,1.343649,9.766233,5.028913,9.766233,70.985310,36.552371,5.028913,36.552371,18.821864,-0.000000,0.000000,91.150822
3.0394,post_ramp,0.037,100.0000,4.158622,-1.320757,-1.374447,-0.001534,-0.145728,1.153554,-2.012583,1.003223,-2.699806,1.256330,-2.544874,1.288544,-1.822369,0.023981,-0.070360,-0.000000,0.023981,0.023981,0.073806,0.000000,0.009869,0.023981,0.616851,-0.004984,-0.112132,0.023981,1.544808,-0.747881,1.135906,0.001329,0.004858,0.000000,-0.004858,-0.007286,0.701361,0.923203,0.923203,0.609960,1.197784,1.197784,0.763849,1.167373,1.167373,0.783435,0.942280,0.942280,-0.007358,0.087814,-0.011573,0.003613,0.061050,-0.009209,-0.010971,0.026764,-0.002364,0.306562,-0.505903,0.699894,0.916390,13.033784,-21.508914,29.756638,-21.508914,35.494941,-49.105693,29.756638,-49.105693,67.935569,0.000000,0.000000,116.464295,0.306562,-0.505903,0.699894,0.916390,9.341884,-15.416381,21.327887,-15.416381,25.440780,-35.196202,21.327887,-35.196202,48.692399,-0.000000,0.000000,83.475063,-0.017080,0.115046,0.077274,-0.016495,0.114699,0.073593,-0.000585,0.000347,0.003681,-0.023152,-0.252151,-0.179275,0.310251,0.585394,6.375597,4.532927,6.375597,69.437385,49.368646,4.532927,49.368646,35.100158,-0.000000,-0.000000,105.122937,-0.023152,-0.252151,-0.179275,0.310251,0.616697,6.716519,4.775316,6.716519,73.150404,52.008531,4.775316,52.008531,36.977066,-0.000000,0.000000,110.744167,0.001612,0.106952,0.072450,0.001591,0.106664,0.072231,0.000021,0.000288,0.000219,-0.002531,-0.024006,-0.003223,0.024353,1.054893,10.005109,1.343282,10.005109,94.893223,12.740330,1.343282,12.740330,1.710512,-0.000000,0.000000,97.658628,-0.002531,-0.024006,-0.003223,0.024353,1.059367,10.047539,1.348979,10.047539,95.295656,12.794361,1.348979,12.794361,1.717766,-0.000000,0.000000,98.072789,0.017093,0.102114,0.059220,0.016089,0.100935,0.055587,0.001004,0.001178,0.003633,-0.023933,-0.286780,-0.006419,0.287848,0.702026,8.412067,0.188276,8.412067,100.798049,2.256032,0.188276,2.256032,0.050494,-0.000000,0.000000,101.550569,-0.023933,-0.286780,-0.006419,0.287848,0.771856,9.248804,0.207004,9.248804,110.824290,2.480436,0.207004,2.480436,0.055516,-0.000000,0.000000,111.651662,0.033045,0.093901,0.063161,0.032257,0.093830,0.061795,0.000789,0.000072,0.001367,-0.013576,-0.097871,-0.050601,0.111011,1.319365,9.511487,4.917589,9.511487,68.569637,35.451584,4.917589,35.451584,18.329028,-0.000000,0.000000,88.218030,-0.013576,-0.097871,-0.050601,0.111011,1.365863,9.846700,5.090899,9.846700,70.986230,36.701001,5.090899,36.701001,18.974996,0.000000,0.000000,91.327090
