time_s,phase,ramp_duration_s,k_tip_Npm,q_motor_0_rad,q_motor_1_rad,q_motor_2_rad,q_motor_3_rad,q_motor_4_rad,q_motor_5_rad,q_motor_6_rad,q_motor_7_rad,q_motor_8_rad,q_motor_9_rad,q_motor_10_rad,q_motor_11_rad,q_motor_12_rad,q_dot_motor_0_rads,q_dot_motor_1_rads,q_dot_motor_2_rads,q_dot_motor_3_rads,q_dot_motor_4_rads,q_dot_motor_5_rads,q_dot_motor_6_rads,q_dot_motor_7_rads,q_dot_motor_8_rads,q_dot_motor_9_rads,q_dot_motor_10_rads,q_dot_motor_11_rads,q_dot_motor_12_rads,joint_thumb_CMC1_rad,joint_thumb_CMC2_rad,joint_thumb_MCP_rad,joint_thumb_IP_rad,joint_spread_index_rad,joint_spread_middle_rad,joint_spread_ring_rad,joint_spread_pinky_rad,joint_index_MCP_rad,joint_index_PIP_rad,joint_index_DIP_rad,joint_middle_MCP_rad,joint_middle_PIP_rad,joint_middle_DIP_rad,joint_ring_MCP_rad,joint_ring_PIP_rad,joint_ring_DIP_rad,joint_pinky_MCP_rad,joint_pinky_PIP_rad,joint_pinky_DIP_rad,tip_thumb_x_m,tip_thumb_y_m,tip_thumb_z_m,ref_thumb_x_m,ref_thumb_y_m,ref_thumb_z_m,disp_thumb_x_m,disp_thumb_y_m,disp_thumb_z_m,force_1st_thumb_x_N,force_1st_thumb_y_N,force_1st_thumb_z_N,force_1st_thumb_mag_N,stiff_1st_thumb_00_Npm,stiff_1st_thumb_01_Npm,stiff_1st_thumb_02_Npm,stiff_1st_thumb_10_Npm,stiff_1st_thumb_11_Npm,stiff_1st_thumb_12_Npm,stiff_1st_thumb_20_Npm,stiff_1st_thumb_21_Npm,stiff_1st_thumb_22_Npm,stiff_1st_thumb_eig_0_Npm,stiff_1st_thumb_eig_1_Npm,stiff_1st_thumb_eig_2_Npm,force_2nd_thumb_x_N,force_2nd_thumb_y_N,force_2nd_thumb_z_N,force_2nd_thumb_mag_N,stiff_2nd_thumb_00_Npm,stiff_2nd_thumb_01_Npm,stiff_2nd_thumb_02_Npm,stiff_2nd_thumb_10_Npm,stiff_2nd_thumb_11_Npm,stiff_2nd_thumb_12_Npm,stiff_2nd_thumb_20_Npm,stiff_2nd_thumb_21_Npm,stiff_2nd_thumb_22_Npm,stiff_2nd_thumb_eig_0_Npm,stiff_2nd_thumb_eig_1_Npm,stiff_2nd_thumb_eig_2_Npm,tip_index_x_m,tip_index_y_m,tip_index_z_m,ref_index_x_m,ref_index_y_m,ref_index_z_m,disp_index_x_m,disp_index_y_m,disp_index_z_m,force_1st_index_x_N,force_1st_index_y_N,force_1st_index_z_N,force_1st_index_mag_N,stiff_1st_index_00_Npm,stiff_1st_index_01_Npm,stiff_1st_index_02_Npm,stiff_1st_index_10_Npm,stiff_1st_index_11_Npm,stiff_1st_index_12_Npm,stiff_1st_index_20_Npm,stiff_1st_index_21_Npm,stiff_1st_index_22_Npm,stiff_1st_index_eig_0_Npm,stiff_1st_index_eig_1_Npm,stiff_1st_index_eig_2_Npm,force_2nd_index_x_N,force_2nd_index_y_N,force_2nd_index_z_N,force_2nd_index_mag_N,stiff_2nd_index_00_Npm,stiff_2nd_index_01_Npm,stiff_2nd_index_02_Npm,stiff_2nd_index_10_Npm,stiff_2nd_index_11_Npm,stiff_2nd_index_12_Npm,stiff_2nd_index_20_Npm,stiff_2nd_index_21_Npm,stiff_2nd_index_22_Npm,stiff_2nd_index_eig_0_Npm,stiff_2nd_index_eig_1_Npm,stiff_2nd_index_eig_2_Npm,tip_middle_x_m,tip_middle_y_m,tip_middle_z_m,ref_middle_x_m,ref_middle_y_m,ref_middle_z_m,disp_middle_x_m,disp_middle_y_m,disp_middle_z_m,force_1st_middle_x_N,force_1st_middle_y_N,force_1st_middle_z_N,force_1st_middle_mag_N,stiff_1st_middle_00_Npm,stiff_1st_middle_01_Npm,stiff_1st_middle_02_Npm,stiff_1st_middle_10_Npm,stiff_1st_middle_11_Npm,stiff_1st_middle_12_Npm,stiff_1st_middle_20_Npm,stiff_1st_middle_21_Npm,stiff_1st_middle_22_Npm,stiff_1st_middle_eig_0_Npm,stiff_1st_middle_eig_1_Npm,stiff_1st_middle_eig_2_Npm,force_2nd_middle_x_N,force_2nd_middle_y_N,force_2nd_middle_z_N,force_2nd_middle_mag_N,stiff_2nd_middle_00_Npm,stiff_2nd_middle_01_Npm,stiff_2nd_middle_02_Npm,stiff_2nd_middle_10_Npm,stiff_2nd_middle_11_Npm,stiff_2nd_middle_12_Npm,stiff_2nd_middle_20_Npm,stiff_2nd_middle_21_Npm,stiff_2nd_middle_22_Npm,stiff_2nd_middle_eig_0_Npm,stiff_2nd_middle_eig_1_Npm,stiff_2nd_middle_eig_2_Npm,tip_ring_x_m,tip_ring_y_m,tip_ring_z_m,ref_ring_x_m,ref_ring_y_m,ref_ring_z_m,disp_ring_x_m,disp_ring_y_m,disp_ring_z_m,force_1st_ring_x_N,force_1st_ring_y_N,force_1st_ring_z_N,force_1st_ring_mag_N,stiff_1st_ring_00_Npm,stiff_1st_ring_01_Npm,stiff_1st_ring_02_Npm,stiff_1st_ring_10_Npm,stiff_1st_ring_11_Npm,stiff_1st_ring_12_Npm,stiff_1st_ring_20_Npm,stiff_1st_ring_21_Npm,stiff_1st_ring_22_Npm,stiff_1st_ring_eig_0_Npm,stiff_1st_ring_eig_1_Npm,stiff_1st_ring_eig_2_Npm,force_2nd_ring_x_N,force_2nd_ring_y_N,force_2nd_ring_z_N,force_2nd_ring_mag_N,stiff_2nd_ring_00_Npm,stiff_2nd_ring_01_Npm,stiff_2nd_ring_02_Npm,stiff_2nd_ring_10_Npm,stiff_2nd_ring_11_Npm,stiff_2nd_ring_12_Npm,stiff_2nd_ring_20_Npm,stiff_2nd_ring_21_Npm,stiff_2nd_ring_22_Npm,stiff_2nd_ring_eig_0_Npm,stiff_2nd_ring_eig_1_Npm,stiff_2nd_ring_eig_2_Npm,tip_pinky_x_m,tip_pinky_y_m,tip_pinky_z_m,ref_pinky_x_m,ref_pinky_y_m,ref_pinky_z_m,disp_pinky_x_m,disp_pinky_y_m,disp_pinky_z_m,force_1st_pinky_x_N,force_1st_pinky_y_N,force_1st_pinky_z_N,force_1st_pinky_mag_N,stiff_1st_pinky_00_Npm,stiff_1st_pinky_01_Npm,stiff_1st_pinky_02_Npm,stiff_1st_pinky_10_Npm,stiff_1st_pinky_11_Npm,stiff_1st_pinky_12_Npm,stiff_1st_pinky_20_Npm,stiff_1st_pinky_21_Npm,stiff_1st_pinky_22_Npm,stiff_1st_pinky_eig_0_Npm,stiff_1st_pinky_eig_1_Npm,stiff_1st_pinky_eig_2_Npm,force_2nd_pinky_x_N,force_2nd_pinky_y_N,force_2nd_pinky_z_N,force_2nd_pinky_mag_N,stiff_2nd_pinky_00_Npm,stiff_2nd_pinky_01_Npm,stiff_2nd_pinky_02_Npm,stiff_2nd_pinky_10_Npm,stiff_2nd_pinky_11_Npm,stiff_2nd_pinky_12_Npm,stiff_2nd_pinky_20_Npm,stiff_2nd_pinky_21_Npm,stiff_2nd_pinky_22_Npm,stiff_2nd_pinky_eig_0_Npm,stiff_2nd_pinky_eig_1_Npm,stiff_2nd_pinky_eig_2_Npm
0.0333,baseline,0.010,20.0000,2.636913,-1.139748,-1.207243,-0.012272,-0.124252,1.208777,-2.006447,1.004757,-2.658389,1.461884,-2.518796,1.270136,-1.822369,0.023981,0.025665,0.023981,0.023981,0.061414,0.026803,0.009304,0.023981,0.023981,0.159778,0.018112,0.014884,-0.016035,0.979537,-0.645384,0.997721,0.010634,0.004142,0.000000,-0.004142,-0.006213,0.734936,0.920388,0.920388,0.610893,1.179409,1.179409,0.888825,1.155411,1.155411,0.772243,0.942280,0.942280,-0.050248,0.090711,-0.016867,0.003613,0.061050,-0.009209,-0.053861,0.029661,-0.007658,0.559034,-0.112140,0.534272,0.781371,15.306754,-3.070484,14.628750,-3.070484,0.615929,-2.934478,14.628750,-2.934478,13.980778,-0.000000,0.000000,29.903461,0.559034,-0.112140,0.534272,0.781371,10.247870,-2.055688,9.793946,-2.055688,0.412364,-1.964633,9.793946,-1.964633,9.360129,-0.000000,0.000000,20.020363,-0.016730,0.114963,0.075033,-0.014889,0.076233,0.042659,-0.001842,0.038731,0.032374,-0.053415,-0.557465,-0.373729,0.673271,0.132125,1.378932,0.924448,1.378932,14.391332,9.648075,0.924448,9.648075,6.468154,-0.000000,0.000000,20.991611,-0.053415,-0.557465,-0.373729,0.673271,0.139327,1.454096,0.974839,1.454096,15.175786,10.173980,0.974839,10.173980,6.820726,-0.000000,0.000000,22.135839,0.001674,0.107882,0.072947,-0.000778,0.079333,0.039848,0.002452,0.028549,0.033100,-0.067753,-0.634094,-0.108469,0.646862,0.224323,2.099403,0.359125,2.099403,19.647964,3.360996,0.359125,3.360996,0.574934,-0.000000,0.000000,20.447222,-0.067753,-0.634094,-0.108469,0.646862,0.376601,3.524551,0.602912,3.524551,32.985683,5.642556,0.602912,5.642556,0.965220,-0.000000,0.000000,34.327504,0.015219,0.099942,0.052421,0.010504,0.074815,0.038517,0.004715,0.025127,0.013904,-0.024544,-0.424558,0.032140,0.426480,0.068311,1.181632,-0.089452,1.181632,20.439589,-1.547326,-0.089452,-1.547326,0.117136,-0.000000,0.000000,20.625037,-0.024544,-0.424558,0.032140,0.426480,0.094049,1.626844,-0.123156,1.626844,28.140752,-2.130322,-0.123156,-2.130322,0.161270,-0.000000,-0.000000,28.396072,0.033358,0.093995,0.063673,0.024844,0.065421,0.045409,0.008514,0.028575,0.018264,-0.054236,-0.370647,-0.196149,0.422841,0.290275,1.983724,1.049800,1.983724,13.556685,7.174287,1.049800,7.174287,3.796680,-0.000000,0.000000,17.643640,-0.054236,-0.370647,-0.196149,0.422841,0.303954,2.077207,1.099272,2.077207,14.195546,7.512377,1.099272,7.512377,3.975599,0.000000,0.000000,18.475099
0.0757,baseline,0.010,20.0000,2.636913,-1.139748,-1.207243,-0.012272,-0.115049,1.210311,-2.006447,1.004757,-2.658389,1.455748,-2.524932,1.293146,-1.840777,0.023981,-0.006125,0.023981,0.023981,0.213177,0.011975,0.017536,0.023981,0.023981,-0.034635,-0.039276,0.306744,-0.223315,0.979537,-0.645384,0.997721,0.010634,0.003835,0.000000,-0.003835,-0.005752,0.735869,0.920388,0.920388,0.610893,1.179409,1.179409,0.885095,1.158226,1.158226,0.786233,0.951798,0.951798,-0.050248,0.090711,-0.016867,0.003613,0.061050,-0.009209,-0.053861,0.029661,-0.007658,0.559034,-0.112140,0.534272,0.781371,15.306754,-3.070484,14.628750,-3.070484,0.615929,-2.934478,14.628750,-2.934478,13.980778,-0.000000,0.000000,29.903461,0.559034,-0.112140,0.534272,0.781371,10.247870,-2.055688,9.793946,-2.055688,0.412364,-1.964633,9.793946,-1.964633,9.360129,-0.000000,0.000000,20.020363,-0.016727,0.114958,0.074967,-0.014889,0.076233,0.042659,-0.001839,0.038725,0.032308,-0.053325,-0.557307,-0.372863,0.672652,0.131924,1.378759,0.922450,1.378759,14.409652,9.640683,0.922450,9.640683,6.450035,-0.000000,0.000000,20.991612,-0.053325,-0.557307,-0.372863,0.672652,0.139109,1.453857,0.972694,1.453857,15.194517,10.165792,0.972694,10.165792,6.801356,-0.000000,0.000000,22.134983,0.001674,0.107882,0.072947,-0.000778,0.079333,0.039848,0.002452,0.028549,0.033100,-0.067753,-0.634094,-0.108469,0.646862,0.224323,2.099403,0.359125,2.099403,19.647964,3.360996,0.359125,3.360996,0.574934,-0.000000,0.000000,20.447222,-0.067753,-0.634094,-0.108469,0.646862,0.376601,3.524551,0.602912,3.524551,32.985683,5.642556,0.602912,5.642556,0.965220,-0.000000,0.000000,34.327504,0.015260,0.099883,0.052579,0.010504,0.074815,0.038517,0.004756,0.025068,0.014062,-0.024381,-0.424675,0.032948,0.426648,0.067121,1.169141,-0.090706,1.169141,20.364602,-1.579954,-0.090706,-1.579954,0.122578,-0.000000,0.000000,20.554301,-0.024381,-0.424675,0.032948,0.426648,0.092909,1.618321,-0.125555,1.618321,28.188604,-2.186966,-0.125555,-2.186966,0.169672,-0.000000,0.000000,28.451185,0.032878,0.093535,0.062771,0.024844,0.065421,0.045409,0.008033,0.028115,0.017362,-0.046620,-0.368092,-0.181202,0.412916,0.224745,1.774497,0.873540,1.774497,14.010748,6.897136,0.873540,6.897136,3.395285,-0.000000,0.000000,17.630778,-0.046620,-0.368092,-0.181202,0.412916,0.238403,1.882340,0.926628,1.882340,14.862230,7.316298,0.926628,7.316298,3.601628,-0.000000,0.000000,18.702260
0.1182,baseline,0.010,20.0000,2.636913,-1.136680,-1.207243,-0.012272,-0.116583,1.224117,-2.006447,1.004757,-2.658389,1.455748,-2.537204,1.297748,-1.842311,0.023981,0.043535,0.023981,0.023981,0.080913,0.170392,0.005298,0.023981,0.023981,-0.045891,-0.219388,0.332173,-0.220389,0.979537,-0.643647,0.997721,0.010634,0.003886,0.000000,-0.003886,-0.005829,0.744263,0.920388,0.920388,0.610893,1.179409,1.179409,0.885095,1.163855,1.163855,0.789031,0.952591,0.952591,-0.050281,0.090750,-0.016771,0.003613,0.061050,-0.009209,-0.053894,0.029700,-0.007562,0.559112,-0.112757,0.533109,0.780721,15.336764,-3.092993,14.623502,-3.092993,0.623769,-2.949148,14.623502,-2.949148,13.943411,-0.000000,0.000000,29.903944,0.559112,-0.112757,0.533109,0.780721,10.266109,-2.070385,9.788667,-2.070385,0.417538,-1.974098,9.788667,-1.974098,9.333428,-0.000000,0.000000,20.017076,-0.016632,0.114895,0.074375,-0.014889,0.076233,0.042659,-0.001744,0.038663,0.031716,-0.053956,-0.555509,-0.365080,0.666922,0.137397,1.414581,0.929662,1.414581,14.563907,9.571390,0.929662,9.571390,6.290311,-0.000000,0.000000,20.991615,-0.053956,-0.555509,-0.365080,0.666922,0.144812,1.490920,0.979832,1.490920,15.349862,10.087919,0.979832,10.087919,6.629774,-0.000000,-0.000000,22.124447,0.001674,0.107882,0.072947,-0.000778,0.079333,0.039848,0.002452,0.028549,0.033100,-0.067753,-0.634094,-0.108469,0.646862,0.224323,2.099403,0.359125,2.099403,19.647964,3.360996,0.359125,3.360996,0.574934,-0.000000,0.000000,20.447222,-0.067753,-0.634094,-0.108469,0.646862,0.376601,3.524551,0.602912,3.524551,32.985683,5.642556,0.602912,5.642556,0.965220,-0.000000,0.000000,34.327504,0.015222,0.099568,0.052482,0.010504,0.074815,0.038517,0.004718,0.024753,0.013965,-0.022828,-0.418695,0.037071,0.420952,0.060012,1.100705,-0.097455,1.100705,20.188326,-1.787439,-0.097455,-1.787439,0.158257,0.000000,0.000000,20.406595,-0.022828,-0.418695,0.037071,0.420952,0.083578,1.532928,-0.135723,1.532928,28.115846,-2.489328,-0.135723,-2.489328,0.220401,-0.000000,0.000000,28.419825,0.032794,0.093481,0.062623,0.024844,0.065421,0.045409,0.007949,0.028060,0.017214,-0.045554,-0.367408,-0.179118,0.411274,0.216283,1.744398,0.850425,1.744398,14.069168,6.858965,0.850425,6.858965,3.343865,-0.000000,0.000000,17.629316,-0.045554,-0.367408,-0.179118,0.411274,0.229596,1.851774,0.902772,1.851774,14.935194,7.281168,0.902772,7.281168,3.549696,-0.000000,0.000000,18.714487
0.1606,baseline,0.010,20.0000,2.636913,-1.141282,-1.207243,-0.012272,-0.118117,1.230253,-2.007981,1.004757,-2.659923,1.454214,-2.529534,1.293146,-1.837709,0.023981,-0.009847,0.023981,0.023981,0.000016,0.268127,0.014137,0.023981,0.006946,-0.010498,-0.014941,0.032857,0.030777,0.979537,-0.646252,0.997721,0.010634,0.003937,0.000000,-0.003937,-0.005906,0.747994,0.921092,0.921092,0.610893,1.180090,1.180090,0.884162,1.160337,1.160337,0.786233,0.950211,0.950211,-0.050231,0.090691,-0.016915,0.003613,0.061050,-0.009209,-0.053844,0.029641,-0.007706,0.558994,-0.111831,0.534853,0.781696,15.291749,-3.059232,14.631340,-3.059232,0.612023,-2.927112,14.631340,-2.927112,13.999452,-0.000000,0.000000,29.903224,0.558994,-0.111831,0.534853,0.781696,10.238749,-2.048340,9.796565,-2.048340,0.409786,-1.959878,9.796565,-1.959878,9.373478,-0.000000,0.000000,20.022013,-0.016587,0.114837,0.074081,-0.014889,0.076233,0.042659,-0.001698,0.038604,0.031422,-0.054405,-0.554992,-0.360753,0.664168,0.140910,1.437438,0.934355,1.437438,14.663429,9.531440,0.934355,9.531440,6.195573,-0.000000,0.000000,20.999912,-0.054405,-0.554992,-0.360753,0.664168,0.148645,1.516341,0.985643,1.516341,15.468322,10.054632,0.985643,10.054632,6.535656,-0.000000,0.000000,22.152623,0.001672,0.107848,0.072926,-0.000778,0.079333,0.039848,0.002450,0.028514,0.033078,-0.067622,-0.633192,-0.107424,0.645790,0.223847,2.096030,0.355601,2.096030,19.626553,3.329733,0.355601,3.329733,0.564904,-0.000000,-0.000000,20.415304,-0.067622,-0.633192,-0.107424,0.645790,0.376215,3.522752,0.597651,3.522752,32.985920,5.596210,0.597651,5.596210,0.949422,-0.000000,0.000000,34.311556,0.015260,0.099789,0.052593,0.010504,0.074815,0.038517,0.004756,0.024974,0.014076,-0.023929,-0.423203,0.034183,0.425255,0.064909,1.147960,-0.092724,1.147960,20.302519,-1.639885,-0.092724,-1.639885,0.132458,-0.000000,-0.000000,20.499886,-0.023929,-0.423203,0.034183,0.425255,0.090104,1.593560,-0.128716,1.593560,28.183280,-2.276433,-0.128716,-2.276433,0.183873,-0.000000,-0.000000,28.457257,0.032895,0.093593,0.062814,0.024844,0.065421,0.045409,0.008051,0.028172,0.017405,-0.047266,-0.367997,-0.182456,0.413456,0.230453,1.794218,0.889587,1.794218,13.969107,6.925986,0.889587,6.925986,3.433955,-0.000000,-0.000000,17.633515,-0.047266,-0.367997,-0.182456,0.413456,0.243842,1.898463,0.941272,1.898463,14.780719,7.328390,0.941272,7.328390,3.633470,-0.000000,0.000000,18.658031
0.2030,baseline,0.010,20.0000,2.636913,-1.144350,-1.207243,-0.012272,-0.127320,1.230253,-2.006447,1.004757,-2.672195,1.464952,-2.528000,1.287010,-1.836175,0.023981,-0.056116,0.023981,0.023981,-0.076058,0.084606,0.016576,0.023981,-0.104046,0.091035,0.093118,-0.103161,0.075971,0.979537,-0.647990,0.997721,0.010634,0.004244,0.000000,-0.004244,-0.006366,0.747994,0.920388,0.920388,0.610893,1.185534,1.185534,0.890691,1.159633,1.159633,0.782502,0.949418,0.949418,-0.050197,0.090651,-0.017011,0.003613,0.061050,-0.009209,-0.053810,0.029601,-0.007802,0.558914,-0.111211,0.536014,0.782345,15.261738,-3.036733,14.636449,-3.036733,0.604240,-2.912315,14.636449,-2.912315,14.036779,-0.000000,0.000000,29.902757,0.558914,-0.111211,0.536014,0.782345,10.220505,-2.033644,9.801761,-2.033644,0.404648,-1.950324,9.801761,-1.950324,9.400172,-0.000000,0.000000,20.025326,-0.016582,0.114865,0.074113,-0.014889,0.076233,0.042659,-0.001693,0.038632,0.031454,-0.054399,-0.554635,-0.361632,0.664347,0.140745,1.434997,0.935645,1.434997,14.630875,9.539602,0.935645,9.539602,6.219997,-0.000000,0.000000,20.991617,-0.054399,-0.554635,-0.361632,0.664347,0.148304,1.512069,0.985897,1.512069,15.416679,10.051960,0.985897,10.051960,6.554064,-0.000000,0.000000,22.119046,0.001653,0.107571,0.072758,-0.000778,0.079333,0.039848,0.002431,0.028238,0.032911,-0.066556,-0.625776,-0.099140,0.637067,0.219975,2.068258,0.327669,2.068258,19.446266,3.080827,0.327669,3.080827,0.488088,0.000000,0.000000,20.154330,-0.066556,-0.625776,-0.099140,0.637067,0.372959,3.506649,0.555550,3.506649,32.970360,5.223418,0.555550,5.223418,0.827534,-0.000000,0.000000,34.170853,0.015161,0.099657,0.052246,0.010504,0.074815,0.038517,0.004657,0.024842,0.013728,-0.023089,-0.418629,0.035887,0.420798,0.061773,1.120017,-0.096013,1.120017,20.307144,-1.740827,-0.096013,-1.740827,0.149232,-0.000000,0.000000,20.518150,-0.023089,-0.418629,0.035887,0.420798,0.085339,1.547286,-0.132641,1.547286,28.053996,-2.404925,-0.132641,-2.404925,0.206162,-0.000000,0.000000,28.345497,0.032993,0.093652,0.063007,0.024844,0.065421,0.045409,0.008149,0.028232,0.017597,-0.048426,-0.368800,-0.185075,0.415465,0.239585,1.824616,0.915648,1.824616,13.895779,6.973329,0.915648,6.973329,3.499431,-0.000000,0.000000,17.634795,-0.048426,-0.368800,-0.185075,0.415465,0.253332,1.929304,0.968184,1.929304,14.693055,7.373426,0.968184,7.373426,3.700212,0.000000,0.000000,18.646598
0.2455,baseline,0.010,20.0000,2.636913,-1.144350,-1.207243,-0.012272,-0.138058,1.230253,-2.007981,1.004757,-2.682932,1.474156,-2.526466,1.283942,-1.836175,0.023981,-0.012837,0.023981,0.023981,-0.213976,0.037850,0.003544,0.023981,-0.314281,0.273877,0.039574,-0.083256,0.035875,0.979537,-0.647990,0.997721,0.010634,0.004602,0.000000,-0.004602,-0.006903,0.747994,0.921092,0.921092,0.610893,1.190298,1.190298,0.896287,1.158930,1.158930,0.780637,0.949418,0.949418,-0.050197,0.090651,-0.017011,0.003613,0.061050,-0.009209,-0.053810,0.029601,-0.007802,0.558914,-0.111211,0.536014,0.782345,15.261738,-3.036733,14.636449,-3.036733,0.604240,-2.912315,14.636449,-2.912315,14.036779,-0.000000,0.000000,29.902757,0.558914,-0.111211,0.536014,0.782345,10.220505,-2.033644,9.801761,-2.033644,0.404648,-1.950324,9.801761,-1.950324,9.400172,-0.000000,0.000000,20.025326,-0.016571,0.114835,0.074081,-0.014889,0.076233,0.042659,-0.001682,0.038602,0.031423,-0.054739,-0.554919,-0.360752,0.664134,0.142661,1.446223,0.940187,1.446223,14.661074,9.531140,0.940187,9.531140,6.196178,-0.000000,0.000000,20.999912,-0.054739,-0.554919,-0.360752,0.664134,0.150488,1.525575,0.991774,1.525575,15.465498,10.054095,0.991774,10.054095,6.536150,-0.000000,0.000000,22.152137,0.001636,0.107328,0.072614,-0.000778,0.079333,0.039848,0.002414,0.027995,0.032766,-0.065601,-0.618991,-0.092005,0.629220,0.216501,2.042836,0.303640,2.042836,19.275565,2.865054,0.303640,2.865054,0.425852,-0.000000,0.000000,19.917918,-0.065601,-0.618991,-0.092005,0.629220,0.369878,3.490055,0.518750,3.490055,32.931082,4.894762,0.518750,4.894762,0.727541,-0.000000,0.000000,34.028501,0.015078,0.099548,0.051949,0.010504,0.074815,0.038517,0.004573,0.024733,0.013432,-0.022395,-0.414791,0.037235,0.417061,0.059216,1.096761,-0.098453,1.096761,20.313380,-1.823473,-0.098453,-1.823473,0.163688,-0.000000,0.000000,20.536285,-0.022395,-0.414791,0.037235,0.417061,0.081457,1.508687,-0.135430,1.508687,27.942765,-2.508340,-0.135430,-2.508340,0.225166,-0.000000,0.000000,28.249388,0.033032,0.093666,0.063092,0.024844,0.065421,0.045409,0.008187,0.028245,0.017683,-0.048749,-0.369171,-0.186096,0.416287,0.241831,1.831366,0.923179,1.831366,13.868774,6.991152,0.923179,6.991152,3.524191,-0.000000,0.000000,17.634796,-0.048749,-0.369171,-0.186096,0.416287,0.255765,1.936889,0.976372,1.936889,14.667884,7.393978,0.976372,7.393978,3.727253,-0.000000,-0.000000,18.650903
0.2879,baseline,0.010,20.0000,2.636913,-1.141282,-1.207243,-0.012272,-0.144194,1.230253,-2.007981,1.004757,-2.678330,1.469554,-2.524932,1.279340,-1.834641,0.023981,-0.000539,0.023981,0.023981,-0.168212,0.027154,0.016430,0.023981,-0.051339,0.034431,0.040914,-0.082778,0.042321,0.979537,-0.646252,0.997721,0.010634,0.004806,0.000000,-0.004806,-0.007210,0.747994,0.921092,0.921092,0.610893,1.188257,1.188257,0.893489,1.158226,1.158226,0.777839,0.948625,0.948625,-0.050231,0.090691,-0.016915,0.003613,0.061050,-0.009209,-0.053844,0.029641,-0.007706,0.558994,-0.111831,0.534853,0.781696,15.291749,-3.059232,14.631340,-3.059232,0.612023,-2.927112,14.631340,-2.927112,13.999452,-0.000000,0.000000,29.903224,0.558994,-0.111831,0.534853,0.781696,10.238749,-2.048340,9.796565,-2.048340,0.409786,-1.959878,9.796565,-1.959878,9.373478,-0.000000,0.000000,20.022013,-0.016566,0.114834,0.074082,-0.014889,0.076233,0.042659,-0.001677,0.038601,0.031423,-0.054842,-0.554897,-0.360752,0.664124,0.143202,1.448926,0.941982,1.448926,14.660348,9.531046,0.941982,9.531046,6.196363,-0.000000,0.000000,20.999912,-0.054842,-0.554897,-0.360752,0.664124,0.151058,1.528415,0.993660,1.528415,15.464628,10.053928,0.993660,10.053928,6.536301,-0.000000,0.000000,22.151987,0.001643,0.107432,0.072676,-0.000778,0.079333,0.039848,0.002421,0.028099,0.032828,-0.066013,-0.621933,-0.095049,0.632608,0.217999,2.053857,0.313889,2.053857,19.350188,2.957274,0.313889,2.957274,0.451958,-0.000000,-0.000000,20.020145,-0.066013,-0.621933,-0.095049,0.632608,0.371225,3.497453,0.534513,3.497453,32.950865,5.035854,0.534513,5.035854,0.769626,-0.000000,0.000000,34.091715,0.015125,0.099661,0.052114,0.010504,0.074815,0.038517,0.004620,0.024846,0.013597,-0.022983,-0.417799,0.035783,0.419958,0.061558,1.119068,-0.095845,1.119068,20.343509,-1.742364,-0.095845,-1.742364,0.149229,-0.000000,0.000000,20.554295,-0.022983,-0.417799,0.035783,0.419958,0.084761,1.540876,-0.131972,1.540876,28.011553,-2.399111,-0.131972,-2.399111,0.205477,0.000000,0.000000,28.301791,0.033109,0.093717,0.063242,0.024844,0.065421,0.045409,0.008264,0.028296,0.017833,-0.049720,-0.369742,-0.188225,0.417863,0.249689,1.856798,0.945241,1.856798,13.807957,7.029223,0.945241,7.029223,3.578370,0.000000,0.000000,17.636016,-0.049720,-0.369742,-0.188225,0.417863,0.263853,1.962126,0.998861,1.962126,14.591223,7.427961,0.998861,7.427961,3.781355,-0.000000,-0.000000,18.636432
0.3303,baseline,0.010,20.0000,2.636913,-1.135146,-1.207243,-0.012272,-0.144194,1.230253,-2.007981,1.004757,-2.675262,1.461884,-2.524932,1.274738,-1.834641,0.023981,0.105339,0.023981,0.023981,-0.056463,0.024634,0.016442,0.009924,0.087601,-0.115853,0.032839,-0.086718,0.028306,0.979537,-0.642778,0.997721,0.010634,0.004806,0.000000,-0.004806,-0.007210,0.747994,0.921092,0.921092,0.610893,1.186896,1.186896,0.888825,1.158226,1.158226,0.775041,0.948625,0.948625,-0.050298,0.090770,-0.016723,0.003613,0.061050,-0.009209,-0.053911,0.029720,-0.007514,0.559150,-0.113065,0.532528,0.780396,15.351768,-3.104250,14.620842,-3.104250,0.627704,-2.956451,14.620842,-2.956451,13.924717,-0.000000,0.000000,29.904190,0.559150,-0.113065,0.532528,0.780396,10.275228,-2.077733,9.786006,-2.077733,0.420134,-1.978808,9.786006,-1.978808,9.320076,0.000000,0.000000,20.015439,-0.016566,0.114834,0.074082,-0.014889,0.076233,0.042659,-0.001677,0.038601,0.031423,-0.054842,-0.554897,-0.360752,0.664124,0.143202,1.448926,0.941982,1.448926,14.660348,9.531046,0.941982,9.531046,6.196363,-0.000000,0.000000,20.999912,-0.054842,-0.554897,-0.360752,0.664124,0.151058,1.528415,0.993660,1.528415,15.464628,10.053928,0.993660,10.053928,6.536301,-0.000000,0.000000,22.151987,0.001648,0.107502,0.072717,-0.000778,0.079333,0.039848,0.002426,0.028168,0.032869,-0.066285,-0.623866,-0.097090,0.634845,0.218990,2.061100,0.320763,2.061100,19.398718,3.018969,0.320763,3.018969,0.469834,-0.000000,0.000000,20.087542,-0.066285,-0.623866,-0.097090,0.634845,0.372101,3.502146,0.545029,3.502146,32.961594,5.129722,0.545029,5.129722,0.798325,0.000000,0.000000,34.132019,0.015197,0.099784,0.052371,0.010504,0.074815,0.038517,0.004693,0.024969,0.013853,-0.023692,-0.421592,0.034194,0.423640,0.064283,1.143917,-0.092779,1.143917,20.356109,-1.651005,-0.092779,-1.651005,0.133907,-0.000000,0.000000,20.554299,-0.023692,-0.421592,0.034194,0.423640,0.088769,1.579650,-0.128119,1.579650,28.110005,-2.279894,-0.128119,-2.279894,0.184913,-0.000000,0.000000,28.383687,0.033181,0.093740,0.063370,0.024844,0.065421,0.045409,0.008337,0.028319,0.017961,-0.050435,-0.370399,-0.189713,0.419201,0.255279,1.874799,0.960244,1.874799,13.768735,7.052143,0.960244,7.052143,3.612004,-0.000000,0.000000,17.636017,-0.050435,-0.370399,-0.189713,0.419201,0.269882,1.982044,1.015174,1.982044,14.556350,7.455548,1.015174,7.455548,3.818622,-0.000000,0.000000,18.644854
0.3727,baseline,0.010,20.0000,2.636913,-1.138214,-1.207243,-0.012272,-0.144194,1.231787,-2.007981,1.004757,-2.675262,1.457282,-2.526466,1.270136,-1.834641,0.023981,0.034298,0.023981,0.023981,-0.012917,0.041263,0.006150,0.020765,0.046857,-0.114408,-0.005891,-0.090923,0.024970,0.979537,-0.644515,0.997721,0.010634,0.004806,0.000000,-0.004806,-0.007210,0.748926,0.921092,0.921092,0.610893,1.186896,1.186896,0.886027,1.158930,1.158930,0.772243,0.948625,0.948625,-0.050264,0.090731,-0.016819,0.003613,0.061050,-0.009209,-0.053878,0.029681,-0.007610,0.559073,-0.112449,0.533691,0.781046,15.321759,-3.081737,14.626138,-3.081737,0.619844,-2.941824,14.626138,-2.941824,13.962098,-0.000000,0.000000,29.903701,0.559073,-0.112449,0.533691,0.781046,10.256990,-2.063037,9.791313,-2.063037,0.414948,-1.969373,9.791313,-1.969373,9.346779,-0.000000,0.000000,20.018717,-0.016555,0.114826,0.074016,-0.014889,0.076233,0.042659,-0.001667,0.038594,0.031357,-0.054906,-0.554683,-0.359891,0.663483,0.143813,1.452856,0.942647,1.452856,14.677350,9.523008,0.942647,9.523008,6.178750,-0.000000,0.000000,20.999913,-0.054906,-0.554683,-0.359891,0.663483,0.151693,1.532467,0.994301,1.532467,15.481613,10.044832,0.994301,10.044832,6.517321,-0.000000,-0.000000,22.150628,0.001648,0.107502,0.072717,-0.000778,0.079333,0.039848,0.002426,0.028168,0.032869,-0.066285,-0.623866,-0.097090,0.634845,0.218990,2.061100,0.320763,2.061100,19.398718,3.018969,0.320763,3.018969,0.469834,-0.000000,0.000000,20.087542,-0.066285,-0.623866,-0.097090,0.634845,0.372101,3.502146,0.545029,3.502146,32.961594,5.129722,0.545029,5.129722,0.798325,0.000000,0.000000,34.132019,0.015236,0.099818,0.052512,0.010504,0.074815,0.038517,0.004731,0.025003,0.013995,-0.023927,-0.423125,0.033745,0.425143,0.065049,1.150316,-0.091741,1.150316,20.341859,-1.622314,-0.091741,-1.622314,0.129384,0.000000,0.000000,20.536291,-0.023927,-0.423125,0.033745,0.425143,0.090051,1.592440,-0.127001,1.592440,28.160267,-2.245851,-0.127001,-2.245851,0.179112,-0.000000,0.000000,28.429431,0.033254,0.093762,0.063498,0.024844,0.065421,0.045409,0.008409,0.028341,0.018089,-0.051152,-0.371047,-0.191204,0.420537,0.260925,1.892705,0.975328,1.892705,13.729352,7.074862,0.975328,7.074862,3.645742,-0.000000,0.000000,17.636019,-0.051152,-0.371047,-0.191204,0.420537,0.275973,2.001863,1.031578,2.001863,14.521163,7.482890,1.031578,7.482890,3.856002,-0.000000,-0.000000,18.653139
0.4152,baseline,0.010,20.0000,2.636913,-1.139748,-1.207243,-0.012272,-0.142660,1.231787,-2.007981,1.004757,-2.675262,1.451146,-2.541806,1.265534,-1.837709,0.023981,-0.030290,0.023981,0.023981,0.008100,0.028544,0.009804,0.023245,0.029214,-0.131158,-0.124043,-0.099822,-0.014013,0.979537,-0.645384,0.997721,0.010634,0.004755,0.000000,-0.004755,-0.007133,0.748926,0.921092,0.921092,0.610893,1.186896,1.186896,0.882297,1.165966,1.165966,0.769445,0.950211,0.950211,-0.050248,0.090711,-0.016867,0.003613,0.061050,-0.009209,-0.053861,0.029661,-0.007658,0.559034,-0.112140,0.534272,0.781371,15.306754,-3.070484,14.628750,-3.070484,0.615929,-2.934478,14.628750,-2.934478,13.980778,-0.000000,0.000000,29.903461,0.559034,-0.112140,0.534272,0.781371,10.247870,-2.055688,9.793946,-2.055688,0.412364,-1.964633,9.793946,-1.964633,9.360129,-0.000000,0.000000,20.020363,-0.016557,0.114827,0.074016,-0.014889,0.076233,0.042659,-0.001668,0.038594,0.031357,-0.054880,-0.554688,-0.359891,0.663485,0.143677,1.452181,0.942200,1.452181,14.677532,9.523031,0.942200,9.523031,6.178704,-0.000000,-0.000000,20.999913,-0.054880,-0.554688,-0.359891,0.663485,0.151551,1.531757,0.993830,1.531757,15.481831,10.044874,0.993830,10.044874,6.517284,-0.000000,0.000000,22.150665,0.001648,0.107502,0.072717,-0.000778,0.079333,0.039848,0.002426,0.028168,0.032869,-0.066285,-0.623866,-0.097090,0.634845,0.218990,2.061100,0.320763,2.061100,19.398718,3.018969,0.320763,3.018969,0.469834,-0.000000,0.000000,20.087542,-0.066285,-0.623866,-0.097090,0.634845,0.372101,3.502146,0.545029,3.502146,32.961594,5.129722,0.545029,5.129722,0.798325,0.000000,0.000000,34.132019,0.015247,0.099522,0.052597,0.010504,0.074815,0.038517,0.004743,0.024707,0.014080,-0.022577,-0.418630,0.037606,0.420922,0.058543,1.085521,-0.097514,1.085521,20.128094,-1.808140,-0.097514,-1.808140,0.162428,-0.000000,0.000000,20.349065,-0.022577,-0.418630,0.037606,0.420922,0.081854,1.517772,-0.136344,1.517772,28.143017,-2.528134,-0.136344,-2.528134,0.227107,-0.000000,0.000000,28.451978,0.033307,0.093727,0.063582,0.024844,0.065421,0.045409,0.008462,0.028306,0.018173,-0.051194,-0.371820,-0.191435,0.421329,0.260340,1.890822,0.973511,1.890822,13.732853,7.070512,0.973511,7.070512,3.640332,-0.000000,-0.000000,17.633524,-0.051194,-0.371820,-0.191435,0.421329,0.276180,2.005869,1.032744,2.005869,14.568431,7.500718,1.032744,7.500718,3.861828,-0.000000,0.000000,18.706439
0.4576,baseline,0.010,20.0000,2.636913,-1.139748,-1.207243,-0.012272,-0.124252,1.231787,-2.006447,1.004757,-2.675262,1.441942,-2.544874,1.260932,-1.854583,0.023981,-0.010256,0.023981,0.023981,0.209468,0.025025,0.021124,0.023813,0.025178,-0.151941,-0.209440,-0.091441,-0.206144,0.979537,-0.645384,0.997721,0.010634,0.004142,0.000000,-0.004142,-0.006213,0.748926,0.920388,0.920388,0.610893,1.186896,1.186896,0.876701,1.167373,1.167373,0.766647,0.958936,0.958936,-0.050248,0.090711,-0.016867,0.003613,0.061050,-0.009209,-0.053861,0.029661,-0.007658,0.559034,-0.112140,0.534272,0.781371,15.306754,-3.070484,14.628750,-3.070484,0.615929,-2.934478,14.628750,-2.934478,13.980778,-0.000000,0.000000,29.903461,0.559034,-0.112140,0.534272,0.781371,10.247870,-2.055688,9.793946,-2.055688,0.412364,-1.964633,9.793946,-1.964633,9.360129,-0.000000,0.000000,20.020363,-0.016574,0.114858,0.074047,-0.014889,0.076233,0.042659,-0.001685,0.038625,0.031388,-0.054412,-0.554433,-0.360771,0.663712,0.141083,1.437573,0.935433,1.437573,14.648257,9.531661,0.935433,9.531661,6.202277,-0.000000,0.000000,20.991617,-0.054412,-0.554433,-0.360771,0.663712,0.148652,1.514697,0.985617,1.514697,15.434117,10.043022,0.985617,10.043022,6.535022,0.000000,0.000000,22.117790,0.001648,0.107502,0.072717,-0.000778,0.079333,0.039848,0.002426,0.028168,0.032869,-0.066285,-0.623866,-0.097090,0.634845,0.218990,2.061100,0.320763,2.061100,19.398718,3.018969,0.320763,3.018969,0.469834,-0.000000,0.000000,20.087542,-0.066285,-0.623866,-0.097090,0.634845,0.372101,3.502146,0.545029,3.502146,32.961594,5.129722,0.545029,5.129722,0.798325,0.000000,0.000000,34.132019,0.015328,0.099588,0.052881,0.010504,0.074815,0.038517,0.004823,0.024773,0.014364,-0.023107,-0.421653,0.036763,0.423883,0.060354,1.101329,-0.096023,1.101329,20.096940,-1.752213,-0.096023,-1.752213,0.152772,-0.000000,0.000000,20.310065,-0.023107,-0.421653,0.036763,0.423883,0.084814,1.547685,-0.134940,1.547685,28.242015,-2.462366,-0.134940,-2.462366,0.214689,-0.000000,0.000000,28.541519,0.033283,0.093434,0.063469,0.024844,0.065421,0.045409,0.008438,0.028014,0.018060,-0.048323,-0.373130,-0.185919,0.419675,0.233545,1.803347,0.898551,1.803347,13.924771,6.938275,0.898551,6.938275,3.457124,0.000000,0.000000,17.615440,-0.048323,-0.373130,-0.185919,0.419675,0.251399,1.941211,0.967244,1.941211,14.989301,7.468697,0.967244,7.468697,3.721417,-0.000000,0.000000,18.962118
0.5000,baseline,0.010,20.0000,2.636913,-1.138214,-1.207243,-0.012272,-0.108913,1.231787,-2.007981,1.004757,-2.675262,1.432738,-2.538738,1.257864,-1.854583,0.023981,0.000052,0.023981,0.023981,0.391937,0.024220,0.015347,0.023942,0.024255,-0.173120,0.053492,-0.094898,-0.189196,0.979537,-0.644515,0.997721,0.010634,0.003630,0.000000,-0.003630,-0.005446,0.748926,0.921092,0.921092,0.610893,1.186896,1.186896,0.871105,1.164559,1.164559,0.764781,0.958936,0.958936,-0.050264,0.090731,-0.016819,0.003613,0.061050,-0.009209,-0.053878,0.029681,-0.007610,0.559073,-0.112449,0.533691,0.781046,15.321759,-3.081737,14.626138,-3.081737,0.619844,-2.941824,14.626138,-2.941824,13.962098,-0.000000,0.000000,29.903701,0.559073,-0.112449,0.533691,0.781046,10.256990,-2.063037,9.791313,-2.063037,0.414948,-1.969373,9.791313,-1.969373,9.346779,-0.000000,0.000000,20.018717,-0.016584,0.114830,0.074015,-0.014889,0.076233,0.042659,-0.001695,0.038597,0.031356,-0.054316,-0.554811,-0.359892,0.663542,0.140713,1.437317,0.932352,1.437317,14.681517,9.523537,0.932352,9.523537,6.177683,-0.000000,0.000000,20.999913,-0.054316,-0.554811,-0.359892,0.663542,0.148429,1.516135,0.983479,1.516135,15.486610,10.045781,0.983479,10.045781,6.516450,-0.000000,0.000000,22.151489,0.001648,0.107502,0.072717,-0.000778,0.079333,0.039848,0.002426,0.028168,0.032869,-0.066285,-0.623866,-0.097090,0.634845,0.218990,2.061100,0.320763,2.061100,19.398718,3.018969,0.320763,3.018969,0.469834,-0.000000,0.000000,20.087542,-0.066285,-0.623866,-0.097090,0.634845,0.372101,3.502146,0.545029,3.502146,32.961594,5.129722,0.545029,5.129722,0.798325,0.000000,0.000000,34.132019,0.015437,0.099888,0.053240,0.010504,0.074815,0.038517,0.004932,0.025073,0.014722,-0.024813,-0.429250,0.032760,0.431213,0.067504,1.167795,-0.089124,1.167795,20.202384,-1.541812,-0.089124,-1.541812,0.117669,-0.000000,0.000000,20.387557,-0.024813,-0.429250,0.032760,0.431213,0.094899,1.641719,-0.125293,1.641719,28.401080,-2.167523,-0.125293,-2.167523,0.165422,-0.000000,0.000000,28.661401,0.033346,0.093452,0.063552,0.024844,0.065421,0.045409,0.008501,0.028031,0.018143,-0.049015,-0.373689,-0.186858,0.420668,0.239148,1.823268,0.911700,1.823268,13.900632,6.950819,0.911700,6.950819,3.475661,-0.000000,0.000000,17.615441,-0.049015,-0.373689,-0.186858,0.420668,0.257542,1.963502,0.981822,1.963502,14.969781,7.485432,0.981822,7.485432,3.742987,-0.000000,0.000000,18.970310
0.5431,baseline,0.010,20.0000,2.636913,-1.138214,-1.207243,-0.012272,-0.110447,1.231787,-2.007981,1.004757,-2.675262,1.422000,-2.535670,1.254796,-1.846913,0.023981,0.052109,0.023981,0.023981,0.154508,0.024035,0.012367,0.023972,0.024043,-0.203950,0.108956,-0.072059,0.074707,0.979537,-0.644515,0.997721,0.010634,0.003682,0.000000,-0.003682,-0.005522,0.748926,0.921092,0.921092,0.610893,1.186896,1.186896,0.864576,1.163151,1.163151,0.762916,0.954970,0.954970,-0.050264,0.090731,-0.016819,0.003613,0.061050,-0.009209,-0.053878,0.029681,-0.007610,0.559073,-0.112449,0.533691,0.781046,15.321759,-3.081737,14.626138,-3.081737,0.619844,-2.941824,14.626138,-2.941824,13.962098,-0.000000,0.000000,29.903701,0.559073,-0.112449,0.533691,0.781046,10.256990,-2.063037,9.791313,-2.063037,0.414948,-1.969373,9.791313,-1.969373,9.346779,-0.000000,0.000000,20.018717,-0.016582,0.114830,0.074015,-0.014889,0.076233,0.042659,-0.001694,0.038597,0.031356,-0.054342,-0.554806,-0.359892,0.663540,0.140847,1.437992,0.932799,1.437992,14.681336,9.523514,0.932799,9.523514,6.177730,0.000000,0.000000,20.999913,-0.054342,-0.554806,-0.359892,0.663540,0.148570,1.516845,0.983950,1.516845,15.486394,10.045740,0.983950,10.045740,6.516488,-0.000000,0.000000,22.151452,0.001648,0.107502,0.072717,-0.000778,0.079333,0.039848,0.002426,0.028168,0.032869,-0.066285,-0.623866,-0.097090,0.634845,0.218990,2.061100,0.320763,2.061100,19.398718,3.018969,0.320763,3.018969,0.469834,-0.000000,0.000000,20.087542,-0.066285,-0.623866,-0.097090,0.634845,0.372101,3.502146,0.545029,3.502146,32.961594,5.129722,0.545029,5.129722,0.798325,0.000000,0.000000,34.132019,0.015548,0.100130,0.053626,0.010504,0.074815,0.038517,0.005044,0.025315,0.015108,-0.026238,-0.436001,0.029313,0.437772,0.073373,1.219257,-0.081972,1.219257,20.260575,-1.362136,-0.081972,-1.362136,0.091578,-0.000000,0.000000,20.425526,-0.026238,-0.436001,0.029313,0.437772,0.103394,1.718116,-0.115510,1.718116,28.550173,-1.919452,-0.115510,-1.919452,0.129046,-0.000000,-0.000000,28.782614,0.033445,0.093611,0.063746,0.024844,0.065421,0.045409,0.008600,0.028190,0.018337,-0.051232,-0.373889,-0.191025,0.422976,0.258564,1.886997,0.964092,1.886997,13.771274,7.035927,0.964092,7.035927,3.594749,-0.000000,0.000000,17.624587,-0.051232,-0.373889,-0.191025,0.422976,0.276759,2.019781,1.031933,2.019781,14.740330,7.531031,1.031933,7.531031,3.847704,0.000000,0.000000,18.864792
0.5849,baseline,0.010,20.0000,2.636913,-1.147418,-1.207243,-0.012272,-0.115049,1.231787,-2.007981,1.004757,-2.675262,1.409728,-2.535670,1.253262,-1.845379,0.023981,-0.083660,0.023981,0.023981,-0.008466,0.023993,0.013802,0.023979,0.023995,-0.264606,0.044030,-0.036823,0.095679,0.979537,-0.649727,0.997721,0.010634,0.003835,0.000000,-0.003835,-0.005752,0.748926,0.921092,0.921092,0.610893,1.186896,1.186896,0.857115,1.163151,1.163151,0.761983,0.954177,0.954177,-0.050163,0.090611,-0.017107,0.003613,0.061050,-0.009209,-0.053776,0.029561,-0.007898,0.558831,-0.110588,0.537175,0.782993,15.231727,-3.014242,14.641466,-3.014242,0.596495,-2.897434,14.641466,-2.897434,14.074078,-0.000000,0.000000,29.902300,0.558831,-0.110588,0.537175,0.782993,10.202259,-2.018949,9.806900,-2.018949,0.399534,-1.940710,9.806900,-1.940710,9.426862,-0.000000,0.000000,20.028656,-0.016579,0.114830,0.074015,-0.014889,0.076233,0.042659,-0.001690,0.038597,0.031356,-0.054419,-0.554789,-0.359892,0.663532,0.141250,1.440019,0.934142,1.440019,14.680793,9.523446,0.934142,9.523446,6.177870,-0.000000,0.000000,20.999913,-0.054419,-0.554789,-0.359892,0.663532,0.148994,1.518976,0.985361,1.518976,15.485743,10.045618,0.985361,10.045618,6.516603,-0.000000,0.000000,22.151340,0.001648,0.107502,0.072717,-0.000778,0.079333,0.039848,0.002426,0.028168,0.032869,-0.066285,-0.623866,-0.097090,0.634845,0.218990,2.061100,0.320763,2.061100,19.398718,3.018969,0.320763,3.018969,0.469834,-0.000000,0.000000,20.087542,-0.066285,-0.623866,-0.097090,0.634845,0.372101,3.502146,0.545029,3.502146,32.961594,5.129722,0.545029,5.129722,0.798325,0.000000,0.000000,34.132019,0.015664,0.100314,0.054039,0.010504,0.074815,0.038517,0.005159,0.025499,0.015522,-0.027420,-0.441953,0.026503,0.443595,0.078041,1.257877,-0.075432,1.257877,20.274580,-1.215815,-0.075432,-1.215815,0.072909,-0.000000,0.000000,20.425530,-0.027420,-0.441953,0.026503,0.443595,0.110458,1.780368,-0.106764,1.780368,28.696148,-1.720835,-0.106764,-1.720835,0.103194,-0.000000,-0.000000,28.909800,0.033475,0.093646,0.063811,0.024844,0.065421,0.045409,0.008631,0.028225,0.018401,-0.051760,-0.374016,-0.192173,0.423671,0.263077,1.901000,0.976750,1.901000,13.736680,7.058025,0.976750,7.058025,3.626474,0.000000,0.000000,17.626230,-0.051760,-0.374016,-0.192173,0.423671,0.281260,2.032395,1.044262,2.032395,14.686140,7.545865,1.044262,7.545865,3.877131,-0.000000,0.000000,18.844531
0.6282,baseline,0.010,20.0000,2.636913,-1.147418,-1.207243,-0.012272,-0.121184,1.231787,-2.007981,1.004757,-2.675262,1.391321,-2.535670,1.251728,-1.843845,0.023981,-0.058393,0.023981,0.023981,-0.070443,0.023984,0.010494,0.008361,0.023984,-0.344186,0.028567,-0.025990,0.069082,0.979537,-0.649727,0.997721,0.010634,0.004039,0.000000,-0.004039,-0.006059,0.748926,0.921092,0.921092,0.610893,1.186896,1.186896,0.845923,1.163151,1.163151,0.761051,0.953384,0.953384,-0.050163,0.090611,-0.017107,0.003613,0.061050,-0.009209,-0.053776,0.029561,-0.007898,0.558831,-0.110588,0.537175,0.782993,15.231727,-3.014242,14.641466,-3.014242,0.596495,-2.897434,14.641466,-2.897434,14.074078,-0.000000,0.000000,29.902300,0.558831,-0.110588,0.537175,0.782993,10.202259,-2.018949,9.806900,-2.018949,0.399534,-1.940710,9.806900,-1.940710,9.426862,-0.000000,0.000000,20.028656,-0.016574,0.114829,0.074015,-0.014889,0.076233,0.042659,-0.001685,0.038596,0.031356,-0.054521,-0.554767,-0.359892,0.663522,0.141787,1.442722,0.935933,1.442722,14.680069,9.523355,0.935933,9.523355,6.178056,-0.000000,0.000000,20.999913,-0.054521,-0.554767,-0.359892,0.663522,0.149561,1.521817,0.987243,1.521817,15.484874,10.045454,0.987243,10.045454,6.516756,-0.000000,0.000000,22.151190,0.001648,0.107502,0.072717,-0.000778,0.079333,0.039848,0.002426,0.028168,0.032869,-0.066285,-0.623866,-0.097090,0.634845,0.218990,2.061100,0.320763,2.061100,19.398718,3.018969,0.320763,3.018969,0.469834,-0.000000,0.000000,20.087542,-0.066285,-0.623866,-0.097090,0.634845,0.372101,3.502146,0.545029,3.502146,32.961594,5.129722,0.545029,5.129722,0.798325,0.000000,0.000000,34.132019,0.015838,0.100584,0.054662,0.010504,0.074815,0.038517,0.005333,0.025769,0.016145,-0.029233,-0.450826,0.022128,0.452314,0.085316,1.315738,-0.064581,1.315738,20.291335,-0.995974,-0.064581,-0.995974,0.048886,-0.000000,0.000000,20.425537,-0.029233,-0.450826,0.022128,0.452314,0.121540,1.874396,-0.092002,1.874396,28.906963,-1.418861,-0.092002,-1.418861,0.069643,-0.000000,0.000000,29.098146,0.033504,0.093680,0.063875,0.024844,0.065421,0.045409,0.008659,0.028259,0.018466,-0.052266,-0.374126,-0.193326,0.424355,0.267406,1.914139,0.989115,1.914139,13.701741,7.080260,0.989115,7.080260,3.658665,-0.000000,0.000000,17.627812,-0.052266,-0.374126,-0.193326,0.424355,0.285551,2.044023,1.056232,2.044023,14.631469,7.560690,1.056232,7.560690,3.906923,-0.000000,0.000000,18.823944
0.6727,baseline,0.010,20.0000,2.636913,-1.147418,-1.207243,-0.012272,-0.131922,1.231787,-2.007981,1.004757,-2.675262,1.368311,-2.535670,1.256330,-1.839243,0.023981,-0.013358,0.023981,0.023981,-0.199943,0.023981,0.011424,0.019798,0.023982,-0.413762,0.025030,0.039189,0.082697,0.979537,-0.649727,0.997721,0.010634,0.004397,0.000000,-0.004397,-0.006596,0.748926,0.921092,0.921092,0.610893,1.186896,1.186896,0.831933,1.163151,1.163151,0.763849,0.951005,0.951005,-0.050163,0.090611,-0.017107,0.003613,0.061050,-0.009209,-0.053776,0.029561,-0.007898,0.558831,-0.110588,0.537175,0.782993,15.231727,-3.014242,14.641466,-3.014242,0.596495,-2.897434,14.641466,-2.897434,14.074078,-0.000000,0.000000,29.902300,0.558831,-0.110588,0.537175,0.782993,10.202259,-2.018949,9.806900,-2.018949,0.399534,-1.940710,9.806900,-1.940710,9.426862,-0.000000,0.000000,20.028656,-0.016565,0.114828,0.074016,-0.014889,0.076233,0.042659,-0.001677,0.038595,0.031357,-0.054701,-0.554728,-0.359892,0.663504,0.142731,1.447452,0.939066,1.447452,14.678801,9.523194,0.939066,9.523194,6.178381,-0.000000,0.000000,20.999913,-0.054701,-0.554728,-0.359892,0.663504,0.150554,1.526787,0.990537,1.526787,15.483353,10.045165,0.990537,10.045165,6.517021,0.000000,0.000000,22.150928,0.001648,0.107502,0.072717,-0.000778,0.079333,0.039848,0.002426,0.028168,0.032869,-0.066285,-0.623866,-0.097090,0.634845,0.218990,2.061100,0.320763,2.061100,19.398718,3.018969,0.320763,3.018969,0.469834,-0.000000,0.000000,20.087542,-0.066285,-0.623866,-0.097090,0.634845,0.372101,3.502146,0.545029,3.502146,32.961594,5.129722,0.545029,5.129722,0.798325,0.000000,0.000000,34.132019,0.016054,0.100911,0.055445,0.010504,0.074815,0.038517,0.005550,0.026096,0.016927,-0.031546,-0.461809,0.016384,0.463175,0.094746,1.387024,-0.049208,1.387024,20.305241,-0.720376,-0.049208,-0.720376,0.025557,-0.000000,0.000000,20.425544,-0.031546,-0.461809,0.016384,0.463175,0.136046,1.991631,-0.070658,1.991631,29.156348,-1.034389,-0.070658,-1.034389,0.036697,-0.000000,0.000000,29.329091,0.033452,0.093743,0.063815,0.024844,0.065421,0.045409,0.008608,0.028322,0.018406,-0.052443,-0.373234,-0.193763,0.423790,0.270005,1.921631,0.997606,1.921631,13.676263,7.099973,0.997606,7.099973,3.685920,-0.000000,0.000000,17.632189,-0.052443,-0.373234,-0.193763,0.423790,0.287073,2.043101,1.060667,2.043101,14.540770,7.548778,1.060667,7.548778,3.918915,-0.000000,0.000000,18.746758
0.7157,baseline,0.010,20.0000,2.636913,-1.147418,-1.207243,-0.012272,-0.136524,1.233321,-2.007981,1.004757,-2.675262,1.349903,-2.535670,1.270136,-1.834641,0.023981,-0.003396,0.023981,0.023981,-0.125567,0.023981,0.013613,0.022918,0.023981,-0.468597,0.024248,0.229648,0.117492,0.979537,-0.649727,0.997721,0.010634,0.004551,0.000000,-0.004551,-0.006826,0.749859,0.921092,0.921092,0.610893,1.186896,1.186896,0.820741,1.163151,1.163151,0.772243,0.948625,0.948625,-0.050163,0.090611,-0.017107,0.003613,0.061050,-0.009209,-0.053776,0.029561,-0.007898,0.558831,-0.110588,0.537175,0.782993,15.231727,-3.014242,14.641466,-3.014242,0.596495,-2.897434,14.641466,-2.897434,14.074078,-0.000000,0.000000,29.902300,0.558831,-0.110588,0.537175,0.782993,10.202259,-2.018949,9.806900,-2.018949,0.399534,-1.940710,9.806900,-1.940710,9.426862,-0.000000,0.000000,20.028656,-0.016551,0.114820,0.073950,-0.014889,0.076233,0.042659,-0.001663,0.038587,0.031291,-0.054842,-0.554495,-0.359031,0.662855,0.143748,1.453412,0.941073,1.453412,14.695243,9.515054,0.941073,9.515054,6.160922,-0.000000,0.000000,20.999913,-0.054842,-0.554495,-0.359031,0.662855,0.151616,1.532971,0.992587,1.532971,15.499654,10.035903,0.992587,10.035903,6.498168,-0.000000,0.000000,22.149439,0.001648,0.107502,0.072717,-0.000778,0.079333,0.039848,0.002426,0.028168,0.032869,-0.066285,-0.623866,-0.097090,0.634845,0.218990,2.061100,0.320763,2.061100,19.398718,3.018969,0.320763,3.018969,0.469834,-0.000000,0.000000,20.087542,-0.066285,-0.623866,-0.097090,0.634845,0.372101,3.502146,0.545029,3.502146,32.961594,5.129722,0.545029,5.129722,0.798325,0.000000,0.000000,34.132019,0.016229,0.101164,0.056074,0.010504,0.074815,0.038517,0.005725,0.026349,0.017557,-0.033464,-0.470516,0.011581,0.471846,0.102738,1.444524,-0.035554,1.444524,20.310507,-0.499907,-0.035554,-0.499907,0.012304,-0.000000,0.000000,20.425549,-0.033464,-0.470516,0.011581,0.471846,0.148435,2.087042,-0.051369,2.087042,29.344526,-0.722264,-0.051369,-0.722264,0.017777,-0.000000,0.000000,29.510738,0.033261,0.093763,0.063497,0.024844,0.065421,0.045409,0.008417,0.028343,0.018088,-0.051262,-0.371107,-0.191180,0.420592,0.261982,1.896588,0.977052,1.896588,13.730155,7.073265,0.977052,7.073265,3.643883,0.000000,0.000000,17.636019,-0.051262,-0.371107,-0.191180,0.420592,0.277107,2.006090,1.033463,2.006090,14.522879,7.481647,1.033463,7.481647,3.854266,-0.000000,0.000000,18.654252
0.7575,baseline,0.010,20.0000,2.636913,-1.135146,-1.207243,-0.012272,-0.138058,1.236389,-2.007981,1.004757,-2.675262,1.328427,-2.537204,1.270136,-1.830039,0.023981,0.135401,0.023981,0.023981,-0.065199,0.060136,0.009659,0.023762,0.023981,-0.478634,-0.005374,0.150663,0.130484,0.979537,-0.642778,0.997721,0.010634,0.004602,0.000000,-0.004602,-0.006903,0.751724,0.921092,0.921092,0.610893,1.186896,1.186896,0.807684,1.163855,1.163855,0.772243,0.946246,0.946246,-0.050298,0.090770,-0.016723,0.003613,0.061050,-0.009209,-0.053911,0.029720,-0.007514,0.559150,-0.113065,0.532528,0.780396,15.351768,-3.104250,14.620842,-3.104250,0.627704,-2.956451,14.620842,-2.956451,13.924717,-0.000000,0.000000,29.904190,0.559150,-0.113065,0.532528,0.780396,10.275228,-2.077733,9.786006,-2.077733,0.420134,-1.978808,9.786006,-1.978808,9.320076,0.000000,0.000000,20.015439,-0.016529,0.114804,0.073819,-0.014889,0.076233,0.042659,-0.001641,0.038571,0.031160,-0.054994,-0.554054,-0.357312,0.661568,0.145111,1.461962,0.942826,1.461962,14.728986,9.498793,0.942826,9.498793,6.125817,-0.000000,0.000000,20.999914,-0.054994,-0.554054,-0.357312,0.661568,0.153034,1.541791,0.994308,1.541791,15.533247,10.017465,0.994308,10.017465,6.460311,-0.000000,0.000000,22.146592,0.001648,0.107502,0.072717,-0.000778,0.079333,0.039848,0.002426,0.028168,0.032869,-0.066285,-0.623866,-0.097090,0.634845,0.218990,2.061100,0.320763,2.061100,19.398718,3.018969,0.320763,3.018969,0.469834,-0.000000,0.000000,20.087542,-0.066285,-0.623866,-0.097090,0.634845,0.372101,3.502146,0.545029,3.502146,32.961594,5.129722,0.545029,5.129722,0.798325,0.000000,0.000000,34.132019,0.016429,0.101412,0.056798,0.010504,0.074815,0.038517,0.005925,0.026597,0.018281,-0.035550,-0.479833,0.006391,0.481191,0.111382,1.503369,-0.020025,1.503369,20.291655,-0.270287,-0.020025,-0.270287,0.003600,-0.000000,-0.000000,20.406637,-0.035550,-0.479833,0.006391,0.481191,0.162200,2.189282,-0.029162,2.189282,29.549739,-0.393606,-0.029162,-0.393606,0.005243,-0.000000,0.000000,29.717182,0.033291,0.093849,0.063563,0.024844,0.065421,0.045409,0.008447,0.028429,0.018154,-0.052288,-0.370908,-0.193067,0.421404,0.271571,1.926414,1.002749,1.926414,13.665198,7.113090,1.002749,7.113090,3.702548,-0.000000,0.000000,17.639317,-0.052288,-0.370908,-0.193067,0.421404,0.286155,2.029864,1.056597,2.029864,14.399025,7.495066,1.056597,7.495066,3.901376,-0.000000,-0.000000,18.586556
0.8000,baseline,0.010,20.0000,2.636913,-1.136680,-1.207243,-0.012272,-0.138058,1.236389,-2.006447,1.004757,-2.675262,1.310020,-2.552544,1.265534,-1.825437,0.023981,0.101779,0.023981,0.023981,-0.015525,0.057115,0.014243,0.023931,0.023981,-0.455805,-0.142709,-0.033301,0.124073,0.979537,-0.643647,0.997721,0.010634,0.004602,0.000000,-0.004602,-0.006903,0.751724,0.920388,0.920388,0.610893,1.186896,1.186896,0.796492,1.170892,1.170892,0.769445,0.943866,0.943866,-0.050281,0.090750,-0.016771,0.003613,0.061050,-0.009209,-0.053894,0.029700,-0.007562,0.559112,-0.112757,0.533109,0.780721,15.336764,-3.092993,14.623502,-3.092993,0.623769,-2.949148,14.623502,-2.949148,13.943411,-0.000000,0.000000,29.903944,0.559112,-0.112757,0.533109,0.780721,10.266109,-2.070385,9.788667,-2.070385,0.417538,-1.974098,9.788667,-1.974098,9.333428,-0.000000,0.000000,20.017076,-0.016532,0.114834,0.073850,-0.014889,0.076233,0.042659,-0.001643,0.038601,0.031191,-0.054834,-0.553737,-0.358191,0.661765,0.144127,1.455445,0.941471,1.455445,14.697590,9.507299,0.941471,9.507299,6.149902,-0.000000,0.000000,20.991618,-0.054834,-0.553737,-0.358191,0.661765,0.151829,1.533220,0.991780,1.533220,15.482987,10.015342,0.991780,10.015342,6.478535,-0.000000,0.000000,22.113351,0.001648,0.107502,0.072717,-0.000778,0.079333,0.039848,0.002426,0.028168,0.032869,-0.066285,-0.623866,-0.097090,0.634845,0.218990,2.061100,0.320763,2.061100,19.398718,3.018969,0.320763,3.018969,0.469834,-0.000000,0.000000,20.087542,-0.066285,-0.623866,-0.097090,0.634845,0.372101,3.502146,0.545029,3.502146,32.961594,5.129722,0.545029,5.129722,0.798325,0.000000,0.000000,34.132019,0.016552,0.101269,0.057283,0.010504,0.074815,0.038517,0.006048,0.026454,0.018766,-0.035266,-0.480793,0.007746,0.482147,0.108126,1.474112,-0.023750,1.474112,20.096988,-0.323793,-0.023750,-0.323793,0.005217,-0.000000,0.000000,20.210331,-0.035266,-0.480793,0.007746,0.482147,0.159777,2.178285,-0.035095,2.178285,29.697175,-0.478467,-0.035095,-0.478467,0.007709,0.000000,0.000000,29.864661,0.033396,0.093957,0.063758,0.024844,0.065421,0.045409,0.008552,0.028536,0.018349,-0.054062,-0.371319,-0.196447,0.423547,0.287430,1.974181,1.044445,1.974181,13.559425,7.173643,1.044445,7.173643,3.795231,-0.000000,0.000000,17.642086,-0.054062,-0.371319,-0.196447,0.423547,0.301837,2.073132,1.096795,2.073132,14.239054,7.533202,1.096795,7.533202,3.985456,-0.000000,0.000000,18.526348
0.8426,baseline,0.010,20.0000,2.636913,-1.139748,-1.207243,-0.012272,-0.138058,1.236389,-2.007981,1.004757,-2.675262,1.293146,-2.554078,1.267068,-1.820835,0.023981,-0.026003,0.023981,0.023981,-0.003552,0.029140,0.015810,0.023969,0.019424,-0.409163,-0.198712,-0.006955,0.122567,0.979537,-0.645384,0.997721,0.010634,0.004602,0.000000,-0.004602,-0.006903,0.751724,0.921092,0.921092,0.610893,1.186896,1.186896,0.786233,1.171595,1.171595,0.770377,0.941487,0.941487,-0.050248,0.090711,-0.016867,0.003613,0.061050,-0.009209,-0.053861,0.029661,-0.007658,0.559034,-0.112140,0.534272,0.781371,15.306754,-3.070484,14.628750,-3.070484,0.615929,-2.934478,14.628750,-2.934478,13.980778,-0.000000,0.000000,29.903461,0.559034,-0.112140,0.534272,0.781371,10.247870,-2.055688,9.793946,-2.055688,0.412364,-1.964633,9.793946,-1.964633,9.360129,-0.000000,0.000000,20.020363,-0.016529,0.114804,0.073819,-0.014889,0.076233,0.042659,-0.001641,0.038571,0.031160,-0.054994,-0.554054,-0.357312,0.661568,0.145111,1.461962,0.942826,1.461962,14.728986,9.498793,0.942826,9.498793,6.125817,0.000000,0.000000,20.999914,-0.054994,-0.554054,-0.357312,0.661568,0.153034,1.541791,0.994308,1.541791,15.533247,10.017465,0.994308,10.017465,6.460311,0.000000,0.000000,22.146592,0.001648,0.107502,0.072717,-0.000778,0.079333,0.039848,0.002426,0.028168,0.032869,-0.066285,-0.623866,-0.097090,0.634845,0.218990,2.061100,0.320763,2.061100,19.398718,3.018969,0.320763,3.018969,0.469834,-0.000000,0.000000,20.087542,-0.066285,-0.623866,-0.097090,0.634845,0.372101,3.502146,0.545029,3.502146,32.961594,5.129722,0.545029,5.129722,0.798325,0.000000,0.000000,34.132019,0.016708,0.101444,0.057849,0.010504,0.074815,0.038517,0.006204,0.026629,0.019331,-0.036887,-0.487801,0.003676,0.489207,0.114787,1.517974,-0.011439,1.517974,20.074064,-0.151271,-0.011439,-0.151271,0.001140,-0.000000,0.000000,20.189991,-0.036887,-0.487801,0.003676,0.489207,0.170691,2.257261,-0.017010,2.257261,29.850573,-0.224944,-0.017010,-0.224944,0.001695,-0.000000,0.000000,30.022959,0.033404,0.094035,0.063782,0.024844,0.065421,0.045409,0.008560,0.028615,0.018373,-0.054871,-0.370878,-0.197825,0.423906,0.295629,1.998196,1.065830,1.998196,13.506072,7.204085,1.065830,7.204085,3.842631,-0.000000,0.000000,17.644331,-0.054871,-0.370878,-0.197825,0.423906,0.309219,2.090052,1.114825,2.090052,14.126938,7.535253,1.114825,7.535253,4.019274,0.000000,0.000000,18.455431
0.8900,baseline,0.010,20.0000,2.636913,-1.145884,-1.207243,-0.012272,-0.118117,1.236389,-2.007981,1.004757,-2.678330,1.279340,-2.549476,1.274738,-1.817767,0.023981,-0.061874,0.023981,0.023981,0.197442,0.025043,0.011989,0.023978,-0.012799,-0.352838,0.042747,0.062869,0.093428,0.979537,-0.648858,0.997721,0.010634,0.003937,0.000000,-0.003937,-0.005906,0.751724,0.921092,0.921092,0.610893,1.188257,1.188257,0.777839,1.169484,1.169484,0.775041,0.939900,0.939900,-0.050180,0.090631,-0.017059,0.003613,0.061050,-0.009209,-0.053793,0.029581,-0.007850,0.558872,-0.110900,0.536595,0.782669,15.246733,-3.025486,14.638969,-3.025486,0.600363,-2.904885,14.638969,-2.904885,14.055432,-0.000000,0.000000,29.902527,0.558872,-0.110900,0.536595,0.782669,10.211383,-2.026296,9.804338,-2.026296,0.402088,-1.945524,9.804338,-1.945524,9.413518,-0.000000,0.000000,20.026989,-0.016545,0.114806,0.073818,-0.014889,0.076233,0.042659,-0.001657,0.038574,0.031159,-0.054662,-0.554127,-0.357313,0.661602,0.143350,1.453184,0.937045,1.453184,14.731342,9.499091,0.937045,9.499091,6.125222,-0.000000,0.000000,20.999914,-0.054662,-0.554127,-0.357313,0.661602,0.151181,1.532568,0.988233,1.532568,15.536074,10.018000,0.988233,10.018000,6.459825,-0.000000,0.000000,22.147081,0.001643,0.107432,0.072676,-0.000778,0.079333,0.039848,0.002421,0.028099,0.032828,-0.066013,-0.621933,-0.095049,0.632608,0.217999,2.053857,0.313889,2.053857,19.350188,2.957274,0.313889,2.957274,0.451958,-0.000000,-0.000000,20.020145,-0.066013,-0.621933,-0.095049,0.632608,0.371225,3.497453,0.534513,3.497453,32.950865,5.035854,0.534513,5.035854,0.769626,-0.000000,0.000000,34.091715,0.016865,0.101729,0.058373,0.010504,0.074815,0.038517,0.006361,0.026914,0.019856,-0.039265,-0.496448,-0.002285,0.498004,0.125888,1.591666,0.007326,1.591666,20.124323,0.092630,0.007326,0.092630,0.000426,-0.000000,-0.000000,20.250637,-0.039265,-0.496448,-0.002285,0.498004,0.187522,2.370940,0.010913,2.370940,29.977118,0.137981,0.010913,0.137981,0.000635,-0.000000,0.000000,30.165274,0.033323,0.094061,0.063610,0.024844,0.065421,0.045409,0.008479,0.028640,0.018201,-0.054648,-0.369842,-0.196501,0.422353,0.295410,1.999266,1.062230,1.999266,13.530579,7.188932,1.062230,7.188932,3.819551,-0.000000,0.000000,17.645540,-0.054648,-0.369842,-0.196501,0.422353,0.308043,2.084764,1.107656,2.084764,14.109209,7.496364,1.107656,7.496364,3.982893,0.000000,0.000000,18.400145
0.9369,baseline,0.010,20.0000,2.636913,-1.145884,-1.207243,-0.012272,-0.105845,1.236389,-2.006447,1.004757,-2.702874,1.268602,-2.549476,1.287010,-1.814699,0.023981,-0.040673,0.023981,0.023981,0.352077,0.024224,0.014348,0.023980,-0.260811,-0.265756,0.044972,0.287442,0.088106,0.979537,-0.648858,0.997721,0.010634,0.003528,0.000000,-0.003528,-0.005292,0.751724,0.920388,0.920388,0.610893,1.199146,1.199146,0.771310,1.169484,1.169484,0.782502,0.938314,0.938314,-0.050180,0.090631,-0.017059,0.003613,0.061050,-0.009209,-0.053793,0.029581,-0.007850,0.558872,-0.110900,0.536595,0.782669,15.246733,-3.025486,14.638969,-3.025486,0.600363,-2.904885,14.638969,-2.904885,14.055432,-0.000000,0.000000,29.902527,0.558872,-0.110900,0.536595,0.782669,10.211383,-2.026296,9.804338,-2.026296,0.402088,-1.945524,9.804338,-1.945524,9.413518,-0.000000,0.000000,20.026989,-0.016558,0.114837,0.073849,-0.014889,0.076233,0.042659,-0.001669,0.038604,0.031190,-0.054298,-0.553854,-0.358192,0.661819,0.141296,1.441266,0.932105,1.441266,14.701392,9.507778,0.932105,9.507778,6.148931,-0.000000,0.000000,20.991618,-0.054298,-0.553854,-0.358192,0.661819,0.148852,1.518337,0.981949,1.518337,15.487543,10.016203,0.981949,10.016203,6.477743,-0.000000,0.000000,22.114137,0.001605,0.106874,0.072350,-0.000778,0.079333,0.039848,0.002383,0.027541,0.032502,-0.063773,-0.605662,-0.079055,0.614120,0.209850,1.992962,0.260134,1.992962,18.927322,2.470512,0.260134,2.470512,0.322467,-0.000000,0.000000,19.459638,-0.063773,-0.605662,-0.079055,0.614120,0.363591,3.453051,0.450714,3.453051,32.793900,4.280464,0.450714,4.280464,0.558713,-0.000000,0.000000,33.716204,0.016974,0.101858,0.058746,0.010504,0.074815,0.038517,0.006469,0.027043,0.020229,-0.040569,-0.501337,-0.005453,0.503005,0.131728,1.627854,0.017706,1.627854,20.116531,0.218800,0.017706,0.218800,0.002380,-0.000000,0.000000,20.250639,-0.040569,-0.501337,-0.005453,0.503005,0.196878,2.432956,0.026462,2.432956,30.065739,0.327013,0.026462,0.327013,0.003557,-0.000000,-0.000000,30.266174,0.033161,0.094061,0.063311,0.024844,0.065421,0.045409,0.008317,0.028640,0.017902,-0.053585,-0.368115,-0.193707,0.419407,0.288059,1.978872,1.041310,1.978872,13.594207,7.153464,1.041310,7.153464,3.764254,-0.000000,0.000000,17.646520,-0.053585,-0.368115,-0.193707,0.419407,0.299318,2.056220,1.082012,2.056220,14.125561,7.433070,1.082012,7.433070,3.911387,-0.000000,-0.000000,18.336266
0.9852,baseline,0.010,20.0000,2.636913,-1.145884,-1.207243,-0.012272,-0.107379,1.237922,-2.007981,1.004757,-2.712078,1.264000,-2.547942,1.283942,-1.813165,0.023981,-0.005300,0.023981,0.023981,0.082851,0.036682,0.013922,0.023981,-0.333000,-0.152351,0.036018,0.064425,0.055986,0.979537,-0.648858,0.997721,0.010634,0.003579,0.000000,-0.003579,-0.005369,0.752657,0.921092,0.921092,0.610893,1.203229,1.203229,0.768512,1.168781,1.168781,0.780637,0.937521,0.937521,-0.050180,0.090631,-0.017059,0.003613,0.061050,-0.009209,-0.053793,0.029581,-0.007850,0.558872,-0.110900,0.536595,0.782669,15.246733,-3.025486,14.638969,-3.025486,0.600363,-2.904885,14.638969,-2.904885,14.055432,-0.000000,0.000000,29.902527,0.558872,-0.110900,0.536595,0.782669,10.211383,-2.026296,9.804338,-2.026296,0.402088,-1.945524,9.804338,-1.945524,9.413518,-0.000000,0.000000,20.026989,-0.016543,0.114800,0.073752,-0.014889,0.076233,0.042659,-0.001655,0.038567,0.031093,-0.054548,-0.553946,-0.356455,0.660977,0.143019,1.452401,0.934595,1.452401,14.749547,9.491081,0.934595,9.491081,6.107348,-0.000000,0.000000,20.999914,-0.054548,-0.553946,-0.356455,0.660977,0.150824,1.531660,0.985597,1.531660,15.554453,10.009024,0.985597,10.009024,6.440636,-0.000000,-0.000000,22.145913,0.001591,0.106664,0.072231,-0.000778,0.079333,0.039848,0.002369,0.027331,0.032383,-0.062907,-0.599193,-0.073220,0.606919,0.206700,1.968832,0.240585,1.968832,18.753309,2.291598,0.240585,2.291598,0.280026,-0.000000,0.000000,19.240035,-0.062907,-0.599193,-0.073220,0.606919,0.360445,3.433274,0.419536,3.433274,32.702251,3.996117,0.419536,3.996117,0.488313,0.000000,0.000000,33.551009,0.017023,0.101950,0.058922,0.010504,0.074815,0.038517,0.006519,0.027135,0.020404,-0.041336,-0.504166,-0.007542,0.505914,0.135326,1.650519,0.024691,1.650519,20.130764,0.301151,0.024691,0.301151,0.004505,-0.000000,0.000000,20.270595,-0.041336,-0.504166,-0.007542,0.505914,0.202355,2.468050,0.036921,2.468050,30.101890,0.450317,0.036921,0.450317,0.006737,-0.000000,0.000000,30.310982,0.033219,0.094104,0.063419,0.024844,0.065421,0.045409,0.008375,0.028684,0.018010,-0.054395,-0.368442,-0.195329,0.420550,0.295226,1.999694,1.060137,1.999694,13.544815,7.180779,1.060137,7.180779,3.806888,-0.000000,0.000000,17.646928,-0.054395,-0.368442,-0.195329,0.420550,0.306459,2.075780,1.100474,2.075780,14.060181,7.454000,1.100474,7.454000,3.951736,-0.000000,0.000000,18.318375
1.0309,baseline,0.010,20.0000,2.636913,-1.144350,-1.207243,-0.012272,-0.111981,1.237922,-2.007981,1.004757,-2.704408,1.264000,-2.547942,1.277806,-1.813165,0.023981,0.035473,0.023981,0.023981,-0.034408,0.026887,0.014702,0.023981,0.027323,-0.042820,0.026735,-0.073480,0.033342,0.979537,-0.647990,0.997721,0.010634,0.003733,0.000000,-0.003733,-0.005599,0.752657,0.921092,0.921092,0.610893,1.199826,1.199826,0.768512,1.168781,1.168781,0.776906,0.937521,0.937521,-0.050197,0.090651,-0.017011,0.003613,0.061050,-0.009209,-0.053810,0.029601,-0.007802,0.558914,-0.111211,0.536014,0.782345,15.261738,-3.036733,14.636449,-3.036733,0.604240,-2.912315,14.636449,-2.912315,14.036779,-0.000000,0.000000,29.902757,0.558914,-0.111211,0.536014,0.782345,10.220505,-2.033644,9.801761,-2.033644,0.404648,-1.950324,9.801761,-1.950324,9.400172,-0.000000,0.000000,20.025326,-0.016540,0.114799,0.073752,-0.014889,0.076233,0.042659,-0.001651,0.038566,0.031093,-0.054624,-0.553929,-0.356454,0.660970,0.143424,1.454426,0.935926,1.454426,14.749004,9.491014,0.935926,9.491014,6.107487,-0.000000,0.000000,20.999914,-0.054624,-0.553929,-0.356454,0.660970,0.151250,1.533789,0.986996,1.533789,15.553802,10.008903,0.986996,10.008903,6.440749,-0.000000,0.000000,22.145800,0.001603,0.106839,0.072330,-0.000778,0.079333,0.039848,0.002381,0.027506,0.032482,-0.063630,-0.604598,-0.078076,0.612930,0.209328,1.988988,0.256852,1.988988,18.898892,2.440542,0.256852,2.440542,0.315164,-0.000000,0.000000,19.423384,-0.063630,-0.604598,-0.078076,0.612930,0.363077,3.449873,0.445505,3.449873,32.779870,4.233087,0.445505,4.233087,0.546647,0.000000,0.000000,33.689595,0.017021,0.101950,0.058921,0.010504,0.074815,0.038517,0.006517,0.027135,0.020404,-0.041308,-0.504157,-0.007552,0.505903,0.135144,1.649418,0.024708,1.649418,20.130933,0.301561,0.024708,0.301561,0.004517,0.000000,0.000000,20.270595,-0.041308,-0.504157,-0.007552,0.505903,0.202081,2.466375,0.036946,2.466375,30.101792,0.450924,0.036946,0.450924,0.006755,-0.000000,0.000000,30.310628,0.033313,0.094133,0.063591,0.024844,0.065421,0.045409,0.008468,0.028712,0.018182,-0.055300,-0.369230,-0.197345,0.422296,0.302607,2.020475,1.079901,2.020475,13.490522,7.210395,1.079901,7.210395,3.853801,-0.000000,0.000000,17.646930,-0.055300,-0.369230,-0.197345,0.422296,0.314278,2.098406,1.121553,2.098406,14.010855,7.488502,1.121553,7.488502,4.002444,-0.000000,0.000000,18.327577
1.0758,baseline,0.010,20.0000,2.636913,-1.138214,-1.207243,-0.012272,-0.116583,1.237922,-2.006447,1.004757,-2.701340,1.264000,-2.547942,1.276272,-1.813165,0.023981,0.120562,0.023981,0.023981,-0.084704,0.024646,0.007977,0.023981,0.103018,-0.009796,0.024611,-0.052491,0.021566,0.979537,-0.644515,0.997721,0.010634,0.003886,0.000000,-0.003886,-0.005829,0.752657,0.920388,0.920388,0.610893,1.198465,1.198465,0.768512,1.168781,1.168781,0.775973,0.937521,0.937521,-0.050264,0.090731,-0.016819,0.003613,0.061050,-0.009209,-0.053878,0.029681,-0.007610,0.559073,-0.112449,0.533691,0.781046,15.321759,-3.081737,14.626138,-3.081737,0.619844,-2.941824,14.626138,-2.941824,13.962098,-0.000000,0.000000,29.903701,0.559073,-0.112449,0.533691,0.781046,10.256990,-2.063037,9.791313,-2.063037,0.414948,-1.969373,9.791313,-1.969373,9.346779,-0.000000,0.000000,20.018717,-0.016539,0.114828,0.073784,-0.014889,0.076233,0.042659,-0.001650,0.038595,0.031125,-0.054540,-0.553597,-0.357333,0.661159,0.142847,1.449930,0.935893,1.449930,14.717081,9.499504,0.935893,9.499504,6.131690,-0.000000,0.000000,20.991619,-0.054540,-0.553597,-0.357333,0.661159,0.150475,1.527350,0.985866,1.527350,15.502904,10.006733,0.985866,10.006733,6.459094,0.000000,0.000000,22.112472,0.001607,0.106909,0.072370,-0.000778,0.079333,0.039848,0.002386,0.027576,0.032522,-0.063917,-0.606721,-0.080036,0.615306,0.210370,1.996917,0.263426,1.996917,18.955521,2.500539,0.263426,2.500539,0.329862,-0.000000,0.000000,19.495752,-0.063917,-0.606721,-0.080036,0.615306,0.364100,3.456182,0.455926,3.456182,32.807432,4.327830,0.455926,4.327830,0.570911,0.000000,0.000000,33.742443,0.017019,0.101950,0.058921,0.010504,0.074815,0.038517,0.006515,0.027135,0.020404,-0.041279,-0.504149,-0.007562,0.505893,0.134963,1.648316,0.024725,1.648316,20.131102,0.301971,0.024725,0.301971,0.004530,-0.000000,0.000000,20.270595,-0.041279,-0.504149,-0.007562,0.505893,0.201807,2.464699,0.036971,2.464699,30.101691,0.451532,0.036971,0.451532,0.006773,-0.000000,0.000000,30.310272,0.033333,0.094139,0.063634,0.024844,0.065421,0.045409,0.008488,0.028719,0.018225,-0.055476,-0.369399,-0.197862,0.422709,0.303942,2.023879,1.084054,2.023879,13.476545,7.218469,1.084054,7.218469,3.866443,-0.000000,0.000000,17.646930,-0.055476,-0.369399,-0.197862,0.422709,0.315696,2.102147,1.125977,2.102147,13.997713,7.497623,1.125977,7.497623,4.015967,-0.000000,0.000000,18.329375
1.1182,baseline,0.010,20.0000,2.636913,-1.139748,-1.207243,-0.012272,-0.119651,1.237922,-2.007981,1.004757,-2.701340,1.288544,-2.547942,1.276272,-1.819301,0.023981,0.016466,0.023981,0.023981,-0.073220,0.026516,0.006181,0.023981,0.040254,0.236410,0.024111,-0.015161,-0.041148,0.979537,-0.645384,0.997721,0.010634,0.003988,0.000000,-0.003988,-0.005983,0.752657,0.921092,0.921092,0.610893,1.198465,1.198465,0.783435,1.168781,1.168781,0.775973,0.940693,0.940693,-0.050248,0.090711,-0.016867,0.003613,0.061050,-0.009209,-0.053861,0.029661,-0.007658,0.559034,-0.112140,0.534272,0.781371,15.306754,-3.070484,14.628750,-3.070484,0.615929,-2.934478,14.628750,-2.934478,13.980778,-0.000000,0.000000,29.903461,0.559034,-0.112140,0.534272,0.781371,10.247870,-2.055688,9.793946,-2.055688,0.412364,-1.964633,9.793946,-1.964633,9.360129,-0.000000,0.000000,20.020363,-0.016534,0.114798,0.073752,-0.014889,0.076233,0.042659,-0.001645,0.038566,0.031093,-0.054751,-0.553901,-0.356454,0.660957,0.144099,1.457802,0.938145,1.457802,14.748099,9.490901,0.938145,9.490901,6.107716,-0.000000,0.000000,20.999914,-0.054751,-0.553901,-0.356454,0.660957,0.151961,1.537336,0.989327,1.537336,15.552715,10.008699,0.989327,10.008699,6.440937,-0.000000,0.000000,22.145612,0.001607,0.106909,0.072370,-0.000778,0.079333,0.039848,0.002386,0.027576,0.032522,-0.063917,-0.606721,-0.080036,0.615306,0.210370,1.996917,0.263426,1.996917,18.955521,2.500539,0.263426,2.500539,0.329862,-0.000000,0.000000,19.495752,-0.063917,-0.606721,-0.080036,0.615306,0.364100,3.456182,0.455926,3.456182,32.807432,4.327830,0.455926,4.327830,0.570911,0.000000,0.000000,33.742443,0.016781,0.101654,0.058070,0.010504,0.074815,0.038517,0.006277,0.026839,0.019553,-0.038452,-0.493010,-0.000272,0.494508,0.122565,1.571444,0.000866,1.571444,20.148019,0.011099,0.000866,0.011099,0.000006,-0.000000,-0.000000,20.270590,-0.038452,-0.493010,-0.000272,0.494508,0.181886,2.332026,0.001285,2.332026,29.899700,0.016471,0.001285,0.016471,0.000009,-0.000000,0.000000,30.081595,0.033287,0.094024,0.063545,0.024844,0.065421,0.045409,0.008442,0.028604,0.018136,-0.054033,-0.369704,-0.195383,0.421633,0.289782,1.982737,1.047846,1.982737,13.566195,7.169527,1.047846,7.169527,3.788985,0.000000,0.000000,17.644963,-0.054033,-0.369704,-0.195383,0.421633,0.302514,2.069849,1.093884,2.069849,14.162232,7.484523,1.093884,7.484523,3.955456,-0.000000,0.000000,18.420202
1.1606,baseline,0.010,20.0000,2.636913,-1.139748,-1.207243,-0.012272,-0.119651,1.237922,-2.007981,1.004757,-2.701340,1.316156,-2.549476,1.283942,-1.836175,0.023981,-0.005734,0.023981,0.023981,-0.022594,0.021045,0.013000,0.023981,0.027704,0.642806,0.008391,0.043845,-0.279405,0.979537,-0.645384,0.997721,0.010634,0.003988,0.000000,-0.003988,-0.005983,0.752657,0.921092,0.921092,0.610893,1.198465,1.198465,0.800223,1.169484,1.169484,0.780637,0.949418,0.949418,-0.050248,0.090711,-0.016867,0.003613,0.061050,-0.009209,-0.053861,0.029661,-0.007658,0.559034,-0.112140,0.534272,0.781371,15.306754,-3.070484,14.628750,-3.070484,0.615929,-2.934478,14.628750,-2.934478,13.980778,-0.000000,0.000000,29.903461,0.559034,-0.112140,0.534272,0.781371,10.247870,-2.055688,9.793946,-2.055688,0.412364,-1.964633,9.793946,-1.964633,9.360129,-0.000000,0.000000,20.020363,-0.016534,0.114798,0.073752,-0.014889,0.076233,0.042659,-0.001645,0.038566,0.031093,-0.054751,-0.553901,-0.356454,0.660957,0.144099,1.457802,0.938145,1.457802,14.748099,9.490901,0.938145,9.490901,6.107716,-0.000000,0.000000,20.999914,-0.054751,-0.553901,-0.356454,0.660957,0.151961,1.537336,0.989327,1.537336,15.552715,10.008699,0.989327,10.008699,6.440937,-0.000000,0.000000,22.145612,0.001607,0.106909,0.072370,-0.000778,0.079333,0.039848,0.002386,0.027576,0.032522,-0.063917,-0.606721,-0.080036,0.615306,0.210370,1.996917,0.263426,1.996917,18.955521,2.500539,0.263426,2.500539,0.329862,-0.000000,0.000000,19.495752,-0.063917,-0.606721,-0.080036,0.615306,0.364100,3.456182,0.455926,3.456182,32.807432,4.327830,0.455926,4.327830,0.570911,0.000000,0.000000,33.742443,0.016510,0.101267,0.057103,0.010504,0.074815,0.038517,0.006006,0.026452,0.018585,-0.035158,-0.479523,0.008188,0.480880,0.108245,1.476374,-0.025210,1.476374,20.136512,-0.343840,-0.025210,-0.343840,0.005871,-0.000000,0.000000,20.250629,-0.035158,-0.479523,0.008188,0.480880,0.159366,2.173621,-0.037116,2.173621,29.646377,-0.506224,-0.037116,-0.506224,0.008644,-0.000000,0.000000,29.814387,0.033049,0.093670,0.063091,0.024844,0.065421,0.045409,0.008205,0.028249,0.017682,-0.049007,-0.369310,-0.186039,0.416416,0.244252,1.840638,0.927217,1.840638,13.870693,6.987329,0.927217,6.987329,3.519851,-0.000000,-0.000000,17.634796,-0.049007,-0.369310,-0.186039,0.416416,0.258363,1.946972,0.980783,1.946972,14.672009,7.390990,0.980783,7.390990,3.723194,-0.000000,0.000000,18.653566
1.2035,baseline,0.010,20.0000,2.636913,-1.136680,-1.207243,-0.012272,-0.119651,1.239456,-2.007981,1.004757,-2.701340,1.317689,-2.558680,1.303884,-1.833107,0.023981,0.077450,0.023981,0.023981,-0.005169,0.030526,0.009559,0.007525,0.024832,0.340621,-0.087206,0.402499,-0.114349,0.979537,-0.643647,0.997721,0.010634,0.003988,0.000000,-0.003988,-0.005983,0.753590,0.921092,0.921092,0.610893,1.198465,1.198465,0.801155,1.173706,1.173706,0.792761,0.947832,0.947832,-0.050281,0.090750,-0.016771,0.003613,0.061050,-0.009209,-0.053894,0.029700,-0.007562,0.559112,-0.112757,0.533109,0.780721,15.336764,-3.092993,14.623502,-3.092993,0.623769,-2.949148,14.623502,-2.949148,13.943411,-0.000000,0.000000,29.903944,0.559112,-0.112757,0.533109,0.780721,10.266109,-2.070385,9.788667,-2.070385,0.417538,-1.974098,9.788667,-1.974098,9.333428,-0.000000,0.000000,20.017076,-0.016523,0.114791,0.073687,-0.014889,0.076233,0.042659,-0.001635,0.038558,0.031028,-0.054815,-0.553680,-0.355596,0.660314,0.144714,1.461747,0.938794,1.461747,14.765021,9.482702,0.938794,9.482702,6.090180,-0.000000,0.000000,20.999915,-0.054815,-0.553680,-0.355596,0.660314,0.152599,1.541395,0.989947,1.541395,15.569540,9.999397,0.989947,9.999397,6.422023,-0.000000,0.000000,22.144163,0.001607,0.106909,0.072370,-0.000778,0.079333,0.039848,0.002386,0.027576,0.032522,-0.063917,-0.606721,-0.080036,0.615306,0.210370,1.996917,0.263426,1.996917,18.955521,2.500539,0.263426,2.500539,0.329862,-0.000000,0.000000,19.495752,-0.063917,-0.606721,-0.080036,0.615306,0.364100,3.456182,0.455926,3.456182,32.807432,4.327830,0.455926,4.327830,0.570911,0.000000,0.000000,33.742443,0.016464,0.101018,0.056962,0.010504,0.074815,0.038517,0.005959,0.026203,0.018445,-0.033623,-0.474140,0.012403,0.475492,0.100644,1.419249,-0.037126,1.419249,20.013838,-0.523538,-0.037126,-0.523538,0.013695,-0.000000,0.000000,20.128177,-0.033623,-0.474140,0.012403,0.475492,0.148868,2.099290,-0.054915,2.099290,29.603587,-0.774394,-0.054915,-0.774394,0.020257,-0.000000,-0.000000,29.772712,0.032756,0.093623,0.062581,0.024844,0.065421,0.045409,0.007911,0.028202,0.017172,-0.046635,-0.366253,-0.180891,0.411142,0.226919,1.782130,0.880186,1.782130,13.996134,6.912625,0.880186,6.912625,3.414113,-0.000000,0.000000,17.637166,-0.046635,-0.366253,-0.180891,0.411142,0.238933,1.876482,0.926786,1.876482,14.737139,7.278605,0.926786,7.278605,3.594869,-0.000000,0.000000,18.570941
1.2493,baseline,0.010,20.0000,2.636913,-1.138214,-1.207243,-0.012272,-0.131922,1.239456,-2.007981,1.004757,-2.705942,1.314622,-2.561748,1.303884,-1.828505,0.023981,0.015569,0.023981,0.023981,-0.124311,0.025478,0.009646,0.015660,-0.030425,0.038176,-0.154739,0.202465,0.062119,0.979537,-0.644515,0.997721,0.010634,0.004397,0.000000,-0.004397,-0.006596,0.753590,0.921092,0.921092,0.610893,1.200507,1.200507,0.799290,1.175114,1.175114,0.792761,0.945452,0.945452,-0.050264,0.090731,-0.016819,0.003613,0.061050,-0.009209,-0.053878,0.029681,-0.007610,0.559073,-0.112449,0.533691,0.781046,15.321759,-3.081737,14.626138,-3.081737,0.619844,-2.941824,14.626138,-2.941824,13.962098,-0.000000,0.000000,29.903701,0.559073,-0.112449,0.533691,0.781046,10.256990,-2.063037,9.791313,-2.063037,0.414948,-1.969373,9.791313,-1.969373,9.346779,-0.000000,0.000000,20.018717,-0.016514,0.114789,0.073687,-0.014889,0.076233,0.042659,-0.001625,0.038557,0.031028,-0.055018,-0.553635,-0.355595,0.660293,0.145799,1.467146,0.942336,1.467146,14.763571,9.482520,0.942336,9.482520,6.090544,-0.000000,0.000000,20.999915,-0.055018,-0.553635,-0.355595,0.660293,0.153741,1.547067,0.993668,1.547067,15.567800,9.999069,0.993668,9.999069,6.422320,-0.000000,0.000000,22.143861,0.001600,0.106804,0.072310,-0.000778,0.079333,0.039848,0.002379,0.027471,0.032462,-0.063486,-0.603528,-0.077099,0.611736,0.208805,1.984995,0.253579,1.984995,18.870232,2.410632,0.253579,2.410632,0.307953,-0.000000,0.000000,19.386990,-0.063486,-0.603528,-0.077099,0.611736,0.362559,3.446647,0.440302,3.446647,32.765343,4.185702,0.440302,4.185702,0.534715,-0.000000,0.000000,33.662616,0.016478,0.100981,0.057037,0.010504,0.074815,0.038517,0.005974,0.026166,0.018520,-0.033433,-0.473964,0.012811,0.475314,0.099376,1.408823,-0.038078,1.408823,19.972359,-0.539822,-0.038078,-0.539822,0.014591,-0.000000,0.000000,20.086326,-0.033433,-0.473964,0.012811,0.475314,0.147391,2.089501,-0.056476,2.089501,29.622074,-0.800639,-0.056476,-0.800639,0.021640,0.000000,0.000000,29.791104,0.032775,0.093708,0.062646,0.024844,0.065421,0.045409,0.007930,0.028287,0.017237,-0.047493,-0.366042,-0.182783,0.411888,0.234538,1.807636,0.902643,1.807636,13.931836,6.956866,0.902643,6.956866,3.473913,-0.000000,0.000000,17.640287,-0.047493,-0.366042,-0.182783,0.411888,0.246014,1.896080,0.946808,1.896080,14.613492,7.297251,0.946808,7.297251,3.643884,-0.000000,0.000000,18.503390
1.2959,baseline,0.010,20.0000,2.636913,-1.141282,-1.207243,-0.012272,-0.148796,1.239456,-2.007981,1.004757,-2.713612,1.313088,-2.555612,1.299282,-1.830039,0.023981,-0.018484,0.023981,0.023981,-0.292026,0.024361,0.010053,0.013801,-0.135457,-0.018562,0.047266,-0.030039,0.033635,0.979537,-0.646252,0.997721,0.010634,0.004960,0.000000,-0.004960,-0.007440,0.753590,0.921092,0.921092,0.610893,1.203910,1.203910,0.798357,1.172299,1.172299,0.789963,0.946246,0.946246,-0.050231,0.090691,-0.016915,0.003613,0.061050,-0.009209,-0.053844,0.029641,-0.007706,0.558994,-0.111831,0.534853,0.781696,15.291749,-3.059232,14.631340,-3.059232,0.612023,-2.927112,14.631340,-2.927112,13.999452,-0.000000,0.000000,29.903224,0.558994,-0.111831,0.534853,0.781696,10.238749,-2.048340,9.796565,-2.048340,0.409786,-1.959878,9.796565,-1.959878,9.373478,-0.000000,0.000000,20.022013,-0.016500,0.114788,0.073688,-0.014889,0.076233,0.042659,-0.001612,0.038555,0.031029,-0.055298,-0.553574,-0.355594,0.660265,0.147298,1.474569,0.947206,1.474569,14.761576,9.482265,0.947206,9.482265,6.091040,-0.000000,-0.000000,20.999915,-0.055298,-0.553574,-0.355594,0.660265,0.155319,1.554866,0.998785,1.554866,15.565404,9.998613,0.998785,9.998613,6.422722,0.000000,0.000000,22.143445,0.001588,0.106629,0.072211,-0.000778,0.079333,0.039848,0.002367,0.027296,0.032363,-0.062761,-0.598095,-0.072256,0.605704,0.206170,1.964745,0.237362,1.964745,18.723513,2.261996,0.237362,2.261996,0.273273,0.000000,0.000000,19.202956,-0.062761,-0.598095,-0.072256,0.605704,0.359906,3.429813,0.414357,3.429813,32.685232,3.948718,0.414357,3.948718,0.477047,-0.000000,0.000000,33.522185,0.016508,0.101153,0.057147,0.010504,0.074815,0.038517,0.006004,0.026338,0.018630,-0.034418,-0.477795,0.009843,0.479134,0.104075,1.444791,-0.029765,1.444791,20.056926,-0.413199,-0.029765,-0.413199,0.008512,0.000000,0.000000,20.169513,-0.034418,-0.477795,0.009843,0.479134,0.153899,2.136459,-0.044014,2.136459,29.658825,-0.611010,-0.044014,-0.611010,0.012588,-0.000000,0.000000,29.825311,0.032821,0.093700,0.062754,0.024844,0.065421,0.045409,0.007977,0.028280,0.017345,-0.047621,-0.366650,-0.183692,0.412847,0.234694,1.806983,0.905299,1.806983,13.912549,6.970188,0.905299,6.970188,3.492064,0.000000,0.000000,17.639307,-0.047621,-0.366650,-0.183692,0.412847,0.246569,1.898418,0.951107,1.898418,14.616532,7.322883,0.951107,7.322883,3.668765,-0.000000,-0.000000,18.531866
1.3414,baseline,0.010,20.0000,2.636913,-1.139748,-1.207243,-0.012272,-0.154932,1.239456,-2.007981,1.004757,-2.710544,1.325359,-2.555612,1.299282,-1.830039,0.023981,-0.004473,0.023981,0.023981,-0.217218,0.024068,0.006299,0.021652,-0.027289,0.122478,0.067917,-0.048256,0.007695,0.979537,-0.645384,0.997721,0.010634,0.005164,0.000000,-0.005164,-0.007747,0.753590,0.921092,0.921092,0.610893,1.202548,1.202548,0.805819,1.172299,1.172299,0.789963,0.946246,0.946246,-0.050248,0.090711,-0.016867,0.003613,0.061050,-0.009209,-0.053861,0.029661,-0.007658,0.559034,-0.112140,0.534272,0.781371,15.306754,-3.070484,14.628750,-3.070484,0.615929,-2.934478,14.628750,-2.934478,13.980778,-0.000000,0.000000,29.903461,0.559034,-0.112140,0.534272,0.781371,10.247870,-2.055688,9.793946,-2.055688,0.412364,-1.964633,9.793946,-1.964633,9.360129,-0.000000,0.000000,20.020363,-0.016496,0.114787,0.073688,-0.014889,0.076233,0.042659,-0.001607,0.038554,0.031029,-0.055400,-0.553551,-0.355594,0.660254,0.147845,1.477268,0.948977,1.477268,14.760850,9.482171,0.948977,9.482171,6.091219,-0.000000,0.000000,20.999915,-0.055400,-0.553551,-0.355594,0.660254,0.155895,1.557701,1.000646,1.557701,15.564532,9.998446,1.000646,9.998446,6.422867,-0.000000,0.000000,22.143294,0.001593,0.106699,0.072250,-0.000778,0.079333,0.039848,0.002372,0.027366,0.032402,-0.063052,-0.600285,-0.074186,0.608129,0.207228,1.972901,0.243819,1.972901,18.782880,2.321263,0.243819,2.321263,0.286871,-0.000000,0.000000,19.276979,-0.063052,-0.600285,-0.074186,0.608129,0.360980,3.436688,0.424720,3.436688,32.718771,4.043516,0.424720,4.043516,0.499714,-0.000000,0.000000,33.579465,0.016389,0.100992,0.056726,0.010504,0.074815,0.038517,0.005885,0.026177,0.018209,-0.033074,-0.472067,0.013126,0.473406,0.098448,1.405145,-0.039072,1.405145,20.055555,-0.557669,-0.039072,-0.557669,0.015507,-0.000000,0.000000,20.169510,-0.033074,-0.472067,0.013126,0.473406,0.144989,2.069412,-0.057543,2.069412,29.536595,-0.821301,-0.057543,-0.821301,0.022837,-0.000000,0.000000,29.704421,0.032815,0.093699,0.062754,0.024844,0.065421,0.045409,0.007971,0.028278,0.017345,-0.047536,-0.366605,-0.183711,0.412805,0.233903,1.803896,0.903958,1.803896,13.911907,6.971456,0.903958,6.971456,3.493497,-0.000000,-0.000000,17.639307,-0.047536,-0.366605,-0.183711,0.412805,0.245727,1.895084,0.949654,1.895084,14.615168,7.323870,0.949654,7.323870,3.670096,-0.000000,0.000000,18.530991
1.3881,baseline,0.010,20.0000,2.636913,-1.138214,-1.207243,-0.012272,-0.154932,1.239456,-2.007981,1.004757,-2.707476,1.337631,-2.554078,1.296214,-1.846913,0.023981,0.023508,0.023981,0.023981,-0.054207,0.023999,0.011545,0.023501,0.077385,0.305049,0.036315,-0.011758,-0.141661,0.979537,-0.644515,0.997721,0.010634,0.005164,0.000000,-0.005164,-0.007747,0.753590,0.921092,0.921092,0.610893,1.201187,1.201187,0.813280,1.171595,1.171595,0.788098,0.954970,0.954970,-0.050264,0.090731,-0.016819,0.003613,0.061050,-0.009209,-0.053878,0.029681,-0.007610,0.559073,-0.112449,0.533691,0.781046,15.321759,-3.081737,14.626138,-3.081737,0.619844,-2.941824,14.626138,-2.941824,13.962098,-0.000000,0.000000,29.903701,0.559073,-0.112449,0.533691,0.781046,10.256990,-2.063037,9.791313,-2.063037,0.414948,-1.969373,9.791313,-1.969373,9.346779,-0.000000,0.000000,20.018717,-0.016496,0.114787,0.073688,-0.014889,0.076233,0.042659,-0.001607,0.038554,0.031029,-0.055400,-0.553551,-0.355594,0.660254,0.147845,1.477268,0.948977,1.477268,14.760850,9.482171,0.948977,9.482171,6.091219,-0.000000,0.000000,20.999915,-0.055400,-0.553551,-0.355594,0.660254,0.155895,1.557701,1.000646,1.557701,15.564532,9.998446,1.000646,9.998446,6.422867,-0.000000,0.000000,22.143294,0.001598,0.106769,0.072290,-0.000778,0.079333,0.039848,0.002376,0.027436,0.032442,-0.063342,-0.602452,-0.076126,0.610538,0.208281,1.980982,0.250316,1.980982,18.841342,2.380781,0.250316,2.380781,0.300834,0.000000,0.000000,19.350457,-0.063342,-0.602452,-0.076126,0.610538,0.362037,3.443374,0.435103,3.443374,32.750317,4.138311,0.435103,4.138311,0.522915,-0.000000,0.000000,33.635269,0.016278,0.100868,0.056321,0.010504,0.074815,0.038517,0.005774,0.026053,0.017804,-0.032005,-0.467096,0.015729,0.468456,0.094238,1.375369,-0.046314,1.375369,20.072980,-0.675933,-0.046314,-0.675933,0.022761,-0.000000,-0.000000,20.189980,-0.032005,-0.467096,0.015729,0.468456,0.138102,2.015552,-0.067871,2.015552,29.416208,-0.990554,-0.067871,-0.990554,0.033356,-0.000000,0.000000,29.587666,0.032752,0.093394,0.062603,0.024844,0.065421,0.045409,0.007907,0.027973,0.017194,-0.044239,-0.367442,-0.177861,0.410616,0.204574,1.699173,0.822489,1.699173,14.113180,6.831524,0.822489,6.831524,3.306818,-0.000000,-0.000000,17.624572,-0.044239,-0.367442,-0.177861,0.410616,0.217952,1.810287,0.876274,1.810287,15.036084,7.278258,0.876274,7.278258,3.523061,-0.000000,0.000000,18.777096
1.4335,baseline,0.010,20.0000,2.636913,-1.138214,-1.207243,-0.012272,-0.153398,1.239456,-2.007981,1.004757,-2.707476,1.333029,-2.554078,1.308486,-1.862253,0.023981,0.033106,0.023981,0.023981,0.022573,0.023985,0.017996,0.023882,0.037360,0.035652,0.029944,0.116294,-0.416568,0.979537,-0.644515,0.997721,0.010634,0.005113,0.000000,-0.005113,-0.007670,0.753590,0.921092,0.921092,0.610893,1.201187,1.201187,0.810482,1.171595,1.171595,0.795559,0.962902,0.962902,-0.050264,0.090731,-0.016819,0.003613,0.061050,-0.009209,-0.053878,0.029681,-0.007610,0.559073,-0.112449,0.533691,0.781046,15.321759,-3.081737,14.626138,-3.081737,0.619844,-2.941824,14.626138,-2.941824,13.962098,-0.000000,0.000000,29.903701,0.559073,-0.112449,0.533691,0.781046,10.256990,-2.063037,9.791313,-2.063037,0.414948,-1.969373,9.791313,-1.969373,9.346779,-0.000000,0.000000,20.018717,-0.016497,0.114787,0.073688,-0.014889,0.076233,0.042659,-0.001608,0.038554,0.031029,-0.055374,-0.553557,-0.355594,0.660257,0.147708,1.476594,0.948534,1.476594,14.761032,9.482195,0.948534,9.482195,6.091175,0.000000,0.000000,20.999915,-0.055374,-0.553557,-0.355594,0.660257,0.155751,1.556992,1.000181,1.556992,15.564750,9.998488,1.000181,9.998488,6.422831,0.000000,0.000000,22.143331,0.001598,0.106769,0.072290,-0.000778,0.079333,0.039848,0.002376,0.027436,0.032442,-0.063342,-0.602452,-0.076126,0.610538,0.208281,1.980982,0.250316,1.980982,18.841342,2.380781,0.250316,2.380781,0.300834,0.000000,0.000000,19.350457,-0.063342,-0.602452,-0.076126,0.610538,0.362037,3.443374,0.435103,3.443374,32.750317,4.138311,0.435103,4.138311,0.522915,-0.000000,0.000000,33.635269,0.016322,0.100929,0.056479,0.010504,0.074815,0.038517,0.005818,0.026114,0.017961,-0.032495,-0.469260,0.014532,0.470608,0.096263,1.390121,-0.043049,1.390121,20.074466,-0.621666,-0.043049,-0.621666,0.019252,-0.000000,0.000000,20.189981,-0.032495,-0.469260,0.014532,0.470608,0.141289,2.040327,-0.063185,2.040327,29.463959,-0.912439,-0.063185,-0.912439,0.028256,0.000000,0.000000,29.633504,0.032463,0.093029,0.062055,0.024844,0.065421,0.045409,0.007619,0.027608,0.016646,-0.039040,-0.365538,-0.167773,0.404092,0.164316,1.538532,0.706148,1.538532,14.405704,6.611859,0.706148,6.611859,3.034679,-0.000000,0.000000,17.604699,-0.039040,-0.365538,-0.167773,0.404092,0.176986,1.657169,0.760599,1.657169,15.516536,7.121703,0.760599,7.121703,3.268684,-0.000000,0.000000,18.962206
1.4757,baseline,0.010,20.0000,2.636913,-1.139748,-1.207243,-0.012272,-0.150330,1.239456,-2.006447,1.004757,-2.707476,1.333029,-2.554078,1.325359,-1.857651,0.023981,-0.004045,0.023981,0.023981,0.063383,0.023982,0.008277,0.023958,0.027042,-0.031890,0.025345,0.403724,-0.063054,0.979537,-0.645384,0.997721,0.010634,0.005011,0.000000,-0.005011,-0.007517,0.753590,0.920388,0.920388,0.610893,1.201187,1.201187,0.810482,1.171595,1.171595,0.805819,0.960523,0.960523,-0.050248,0.090711,-0.016867,0.003613,0.061050,-0.009209,-0.053861,0.029661,-0.007658,0.559034,-0.112140,0.534272,0.781371,15.306754,-3.070484,14.628750,-3.070484,0.615929,-2.934478,14.628750,-2.934478,13.980778,-0.000000,0.000000,29.903461,0.559034,-0.112140,0.534272,0.781371,10.247870,-2.055688,9.793946,-2.055688,0.412364,-1.964633,9.793946,-1.964633,9.360129,-0.000000,0.000000,20.020363,-0.016502,0.114817,0.073719,-0.014889,0.076233,0.042659,-0.001613,0.038584,0.031060,-0.055164,-0.553254,-0.356473,0.660459,0.146444,1.468717,0.946323,1.468717,14.730034,9.490850,0.946323,9.490850,6.115141,-0.000000,0.000000,20.991619,-0.055164,-0.553254,-0.356473,0.660459,0.154248,1.546982,0.996751,1.546982,15.514969,9.996599,0.996751,9.996599,6.441005,-0.000000,0.000000,22.110222,0.001598,0.106769,0.072290,-0.000778,0.079333,0.039848,0.002376,0.027436,0.032442,-0.063342,-0.602452,-0.076126,0.610538,0.208281,1.980982,0.250316,1.980982,18.841342,2.380781,0.250316,2.380781,0.300834,0.000000,0.000000,19.350457,-0.063342,-0.602452,-0.076126,0.610538,0.362037,3.443374,0.435103,3.443374,32.750317,4.138311,0.435103,4.138311,0.522915,-0.000000,0.000000,33.635269,0.016323,0.100929,0.056479,0.010504,0.074815,0.038517,0.005819,0.026114,0.017962,-0.032511,-0.469265,0.014538,0.470614,0.096353,1.390766,-0.043086,1.390766,20.074361,-0.621911,-0.043086,-0.621911,0.019267,-0.000000,0.000000,20.189981,-0.032511,-0.469265,0.014538,0.470614,0.141422,2.041289,-0.063240,2.041289,29.464042,-0.912807,-0.063240,-0.912807,0.028279,-0.000000,0.000000,29.633743,0.032234,0.093019,0.061654,0.024844,0.065421,0.045409,0.007389,0.027598,0.016245,-0.037624,-0.362743,-0.164357,0.400014,0.155800,1.502114,0.680602,1.502114,14.482349,6.561891,0.680602,6.561891,2.973165,0.000000,0.000000,17.611314,-0.037624,-0.362743,-0.164357,0.400014,0.166846,1.608617,0.728857,1.608617,15.509173,7.027140,0.728857,7.027140,3.183968,0.000000,0.000000,18.859987
1.5188,baseline,0.010,20.0000,2.636913,-1.138214,-1.207243,-0.012272,-0.145728,1.239456,-2.007981,1.004757,-2.707476,1.337631,-2.555612,1.322291,-1.848447,0.023981,0.027916,0.023981,0.023981,0.096726,0.023981,0.019779,0.023976,0.024681,0.072137,0.019737,0.134367,0.145272,0.979537,-0.644515,0.997721,0.010634,0.004858,0.000000,-0.004858,-0.007286,0.753590,0.921092,0.921092,0.610893,1.201187,1.201187,0.813280,1.172299,1.172299,0.803953,0.955764,0.955764,-0.050264,0.090731,-0.016819,0.003613,0.061050,-0.009209,-0.053878,0.029681,-0.007610,0.559073,-0.112449,0.533691,0.781046,15.321759,-3.081737,14.626138,-3.081737,0.619844,-2.941824,14.626138,-2.941824,13.962098,-0.000000,0.000000,29.903701,0.559073,-0.112449,0.533691,0.781046,10.256990,-2.063037,9.791313,-2.063037,0.414948,-1.969373,9.791313,-1.969373,9.346779,-0.000000,0.000000,20.018717,-0.016503,0.114788,0.073688,-0.014889,0.076233,0.042659,-0.001614,0.038555,0.031029,-0.055247,-0.553585,-0.355595,0.660270,0.147025,1.473220,0.946321,1.473220,14.761939,9.482312,0.946321,9.482312,6.090950,0.000000,0.000000,20.999915,-0.055247,-0.553585,-0.355595,0.660270,0.155032,1.553448,0.997855,1.553448,15.565840,9.998696,0.997855,9.998696,6.422649,-0.000000,0.000000,22.143521,0.001598,0.106769,0.072290,-0.000778,0.079333,0.039848,0.002376,0.027436,0.032442,-0.063342,-0.602452,-0.076126,0.610538,0.208281,1.980982,0.250316,1.980982,18.841342,2.380781,0.250316,2.380781,0.300834,0.000000,0.000000,19.350457,-0.063342,-0.602452,-0.076126,0.610538,0.362037,3.443374,0.435103,3.443374,32.750317,4.138311,0.435103,4.138311,0.522915,-0.000000,0.000000,33.635269,0.016276,0.100830,0.056308,0.010504,0.074815,0.038517,0.005771,0.026015,0.017791,-0.031830,-0.466330,0.016356,0.467701,0.093417,1.368626,-0.048004,1.368626,20.051421,-0.703301,-0.048004,-0.703301,0.024668,-0.000000,0.000000,20.169506,-0.031830,-0.466330,0.016356,0.467701,0.137018,2.007416,-0.070410,2.007416,29.410175,-1.031558,-0.070410,-1.031558,0.036182,-0.000000,0.000000,29.583375,0.032344,0.093218,0.061862,0.024844,0.065421,0.045409,0.007499,0.027797,0.016453,-0.040139,-0.363329,-0.168987,0.402711,0.175075,1.584740,0.737073,1.584740,14.344683,6.671803,0.737073,6.671803,3.103098,-0.000000,0.000000,17.622856,-0.040139,-0.363329,-0.168987,0.402711,0.186200,1.685433,0.783905,1.685433,15.256127,7.095721,0.783905,7.095721,3.300265,-0.000000,-0.000000,18.742592
1.5612,baseline,0.010,20.0000,2.636913,-1.144350,-1.207243,-0.012272,-0.145728,1.239456,-2.007981,1.004757,-2.707476,1.339165,-2.557146,1.316156,-1.839243,0.023981,-0.018413,0.023981,0.023981,0.058607,0.023981,0.005812,0.019423,0.024141,0.080624,-0.011428,-0.056656,0.215270,0.979537,-0.647990,0.997721,0.010634,0.004858,0.000000,-0.004858,-0.007286,0.753590,0.921092,0.921092,0.610893,1.201187,1.201187,0.814212,1.173003,1.173003,0.800223,0.951005,0.951005,-0.050197,0.090651,-0.017011,0.003613,0.061050,-0.009209,-0.053810,0.029601,-0.007802,0.558914,-0.111211,0.536014,0.782345,15.261738,-3.036733,14.636449,-3.036733,0.604240,-2.912315,14.636449,-2.912315,14.036779,-0.000000,0.000000,29.902757,0.558914,-0.111211,0.536014,0.782345,10.220505,-2.033644,9.801761,-2.033644,0.404648,-1.950324,9.801761,-1.950324,9.400172,-0.000000,0.000000,20.025326,-0.016503,0.114788,0.073688,-0.014889,0.076233,0.042659,-0.001614,0.038555,0.031029,-0.055247,-0.553585,-0.355595,0.660270,0.147025,1.473220,0.946321,1.473220,14.761939,9.482312,0.946321,9.482312,6.090950,-0.000000,0.000000,20.999915,-0.055247,-0.553585,-0.355595,0.660270,0.155032,1.553448,0.997855,1.553448,15.565840,9.998696,0.997855,9.998696,6.422649,-0.000000,0.000000,22.143521,0.001598,0.106769,0.072290,-0.000778,0.079333,0.039848,0.002376,0.027436,0.032442,-0.063342,-0.602452,-0.076126,0.610538,0.208281,1.980982,0.250316,1.980982,18.841342,2.380781,0.250316,2.380781,0.300834,0.000000,0.000000,19.350457,-0.063342,-0.602452,-0.076126,0.610538,0.362037,3.443374,0.435103,3.443374,32.750317,4.138311,0.435103,4.138311,0.522915,-0.000000,0.000000,33.635269,0.016256,0.100771,0.056241,0.010504,0.074815,0.038517,0.005752,0.025956,0.017724,-0.031449,-0.464823,0.017358,0.466209,0.091688,1.355155,-0.050606,1.355155,20.029284,-0.747956,-0.050606,-0.747956,0.027931,-0.000000,0.000000,20.148903,-0.031449,-0.464823,0.017358,0.466209,0.134526,1.988303,-0.074249,1.988303,29.387262,-1.097413,-0.074249,-1.097413,0.040981,-0.000000,0.000000,29.562769,0.032499,0.093431,0.062158,0.024844,0.065421,0.045409,0.007654,0.028011,0.016748,-0.043070,-0.364263,-0.174607,0.406239,0.198194,1.676221,0.803484,1.676221,14.176623,6.795457,0.803484,6.795457,3.257351,0.000000,0.000000,17.632167,-0.043070,-0.364263,-0.174607,0.406239,0.209394,1.770946,0.848889,1.770946,14.977757,7.179474,0.848889,7.179474,3.441426,0.000000,0.000000,18.628577
1.6030,baseline,0.010,20.0000,2.636913,-1.145884,-1.207243,-0.012272,-0.145728,1.239456,-2.007981,1.004757,-2.707476,1.336097,-2.570952,1.314622,-1.828505,0.023981,-0.079970,0.023981,0.023981,0.031110,0.023981,0.004305,0.015236,0.024014,-0.008306,-0.180525,-0.034979,0.242632,0.979537,-0.648858,0.997721,0.010634,0.004858,0.000000,-0.004858,-0.007286,0.753590,0.921092,0.921092,0.610893,1.201187,1.201187,0.812347,1.179336,1.179336,0.799290,0.945452,0.945452,-0.050180,0.090631,-0.017059,0.003613,0.061050,-0.009209,-0.053793,0.029581,-0.007850,0.558872,-0.110900,0.536595,0.782669,15.246733,-3.025486,14.638969,-3.025486,0.600363,-2.904885,14.638969,-2.904885,14.055432,-0.000000,0.000000,29.902527,0.558872,-0.110900,0.536595,0.782669,10.211383,-2.026296,9.804338,-2.026296,0.402088,-1.945524,9.804338,-1.945524,9.413518,-0.000000,0.000000,20.026989,-0.016503,0.114788,0.073688,-0.014889,0.076233,0.042659,-0.001614,0.038555,0.031029,-0.055247,-0.553585,-0.355595,0.660270,0.147025,1.473220,0.946321,1.473220,14.761939,9.482312,0.946321,9.482312,6.090950,-0.000000,0.000000,20.999915,-0.055247,-0.553585,-0.355595,0.660270,0.155032,1.553448,0.997855,1.553448,15.565840,9.998696,0.997855,9.998696,6.422649,0.000000,0.000000,22.143521,0.001598,0.106769,0.072290,-0.000778,0.079333,0.039848,0.002376,0.027436,0.032442,-0.063342,-0.602452,-0.076126,0.610538,0.208281,1.980982,0.250316,1.980982,18.841342,2.380781,0.250316,2.380781,0.300834,0.000000,0.000000,19.350457,-0.063342,-0.602452,-0.076126,0.610538,0.362037,3.443374,0.435103,3.443374,32.750317,4.138311,0.435103,4.138311,0.522915,-0.000000,0.000000,33.635269,0.016239,0.100465,0.056220,0.010504,0.074815,0.038517,0.005734,0.025650,0.017703,-0.029795,-0.459059,0.021951,0.460549,0.083530,1.286974,-0.061538,1.286974,19.828805,-0.948142,-0.061538,-0.948142,0.045337,-0.000000,0.000000,19.957672,-0.029795,-0.459059,0.021951,0.460549,0.123616,1.904585,-0.091070,1.904585,29.344521,-1.403149,-0.091070,-1.403149,0.067094,-0.000000,0.000000,29.535230,0.032593,0.093646,0.062349,0.024844,0.065421,0.045409,0.007749,0.028226,0.016940,-0.045672,-0.364308,-0.179399,0.408645,0.220350,1.757652,0.865534,1.757652,14.020124,6.904038,0.865534,6.904038,3.399809,-0.000000,0.000000,17.640283,-0.045672,-0.364308,-0.179399,0.408645,0.230844,1.841353,0.906752,1.841353,14.687776,7.232816,0.906752,7.232816,3.561712,-0.000000,-0.000000,18.480331
1.6454,baseline,0.010,20.0000,2.636913,-1.147418,-1.207243,-0.012272,-0.145728,1.239456,-2.007981,1.004757,-2.709010,1.345301,-2.567884,1.313088,-1.819301,0.023981,-0.016506,0.023981,0.023981,0.025612,0.023981,0.000985,0.021980,-0.005907,0.070970,-0.095504,-0.035708,0.238147,0.979537,-0.649727,0.997721,0.010634,0.004858,0.000000,-0.004858,-0.007286,0.753590,0.921092,0.921092,0.610893,1.201868,1.201868,0.817943,1.177928,1.177928,0.798357,0.940693,0.940693,-0.050163,0.090611,-0.017107,0.003613,0.061050,-0.009209,-0.053776,0.029561,-0.007898,0.558831,-0.110588,0.537175,0.782993,15.231727,-3.014242,14.641466,-3.014242,0.596495,-2.897434,14.641466,-2.897434,14.074078,-0.000000,0.000000,29.902300,0.558831,-0.110588,0.537175,0.782993,10.202259,-2.018949,9.806900,-2.018949,0.399534,-1.940710,9.806900,-1.940710,9.426862,-0.000000,0.000000,20.028656,-0.016503,0.114788,0.073688,-0.014889,0.076233,0.042659,-0.001614,0.038555,0.031029,-0.055247,-0.553585,-0.355595,0.660270,0.147025,1.473220,0.946321,1.473220,14.761939,9.482312,0.946321,9.482312,6.090950,-0.000000,0.000000,20.999915,-0.055247,-0.553585,-0.355595,0.660270,0.155032,1.553448,0.997855,1.553448,15.565840,9.998696,0.997855,9.998696,6.422649,-0.000000,0.000000,22.143521,0.001596,0.106734,0.072270,-0.000778,0.079333,0.039848,0.002374,0.027401,0.032422,-0.063197,-0.601371,-0.075154,0.609335,0.207755,1.976951,0.247062,1.976951,18.812225,2.350991,0.247062,2.350991,0.293807,-0.000000,0.000000,19.313787,-0.063197,-0.601371,-0.075154,0.609335,0.361511,3.440055,0.429909,3.440055,32.734793,4.090915,0.429909,4.090915,0.511248,-0.000000,0.000000,33.607551,0.016162,0.100417,0.055936,0.010504,0.074815,0.038517,0.005658,0.025602,0.017419,-0.029295,-0.456342,0.023052,0.457862,0.081879,1.275466,-0.064430,1.275466,19.868488,-1.003649,-0.064430,-1.003649,0.050699,-0.000000,-0.000000,20.001066,-0.029295,-0.456342,0.023052,0.457862,0.120586,1.878424,-0.094888,1.878424,29.261033,-1.478110,-0.094888,-1.478110,0.074666,-0.000000,0.000000,29.456285,0.032679,0.093830,0.062521,0.024844,0.065421,0.045409,0.007834,0.028410,0.017111,-0.047945,-0.364280,-0.183574,0.410729,0.240435,1.826792,0.920588,1.826792,13.879725,6.994508,0.920588,6.994508,3.524792,-0.000000,-0.000000,17.644951,-0.047945,-0.364280,-0.183574,0.410729,0.250065,1.899961,0.957461,1.899961,14.435656,7.274662,0.957461,7.274662,3.665972,-0.000000,0.000000,18.351692
1.6893,baseline,0.010,20.0000,2.636913,-1.145884,-1.207243,-0.012272,-0.145728,1.239456,-2.007981,1.004757,-2.718214,1.357573,-2.560214,1.313088,-1.813165,0.023981,0.012546,0.023981,0.023981,0.024441,0.023981,0.000278,0.023416,-0.077112,0.310490,0.096482,-0.018332,0.222131,0.979537,-0.648858,0.997721,0.010634,0.004858,0.000000,-0.004858,-0.007286,0.753590,0.921092,0.921092,0.610893,1.205951,1.205951,0.825404,1.174410,1.174410,0.798357,0.937521,0.937521,-0.050180,0.090631,-0.017059,0.003613,0.061050,-0.009209,-0.053793,0.029581,-0.007850,0.558872,-0.110900,0.536595,0.782669,15.246733,-3.025486,14.638969,-3.025486,0.600363,-2.904885,14.638969,-2.904885,14.055432,-0.000000,0.000000,29.902527,0.558872,-0.110900,0.536595,0.782669,10.211383,-2.026296,9.804338,-2.026296,0.402088,-1.945524,9.804338,-1.945524,9.413518,-0.000000,0.000000,20.026989,-0.016503,0.114788,0.073688,-0.014889,0.076233,0.042659,-0.001614,0.038555,0.031029,-0.055247,-0.553585,-0.355595,0.660270,0.147025,1.473220,0.946321,1.473220,14.761939,9.482312,0.946321,9.482312,6.090950,-0.000000,-0.000000,20.999915,-0.055247,-0.553585,-0.355595,0.660270,0.155032,1.553448,0.997855,1.553448,15.565840,9.998696,0.997855,9.998696,6.422649,-0.000000,0.000000,22.143521,0.001581,0.106524,0.072152,-0.000778,0.079333,0.039848,0.002360,0.027190,0.032304,-0.062321,-0.594770,-0.069382,0.602037,0.204573,1.952374,0.227752,1.952374,18.632784,2.173582,0.227752,2.173582,0.253556,0.000000,0.000000,19.090913,-0.062321,-0.594770,-0.069382,0.602037,0.358264,3.419150,0.398856,3.419150,32.631187,3.806547,0.398856,3.806547,0.444048,0.000000,0.000000,33.433499,0.016071,0.100442,0.055588,0.010504,0.074815,0.038517,0.005567,0.025627,0.017071,-0.029130,-0.454538,0.023148,0.456058,0.082034,1.280043,-0.065188,1.280043,19.973468,-1.017182,-0.065188,-1.017182,0.051802,-0.000000,0.000000,20.107304,-0.029130,-0.454538,0.023148,0.456058,0.119804,1.869384,-0.095201,1.869384,29.169384,-1.485499,-0.095201,-1.485499,0.075651,-0.000000,0.000000,29.364839,0.032720,0.093947,0.062607,0.024844,0.065421,0.045409,0.007876,0.028526,0.017198,-0.049308,-0.364060,-0.186027,0.411797,0.253008,1.868062,0.954542,1.868062,13.792645,7.047765,0.954542,7.047765,3.601266,-0.000000,-0.000000,17.646920,-0.049308,-0.364060,-0.186027,0.411797,0.261843,1.933289,0.987872,1.933289,14.274242,7.293851,0.987872,7.293851,3.727011,0.000000,0.000000,18.263096
1.7305,baseline,0.010,20.0000,2.636913,-1.138214,-1.207243,-0.012272,-0.145728,1.239456,-2.009515,1.004757,-2.722816,1.352971,-2.557146,1.319223,-1.807029,0.023981,0.105922,0.023981,0.023981,0.024076,0.023981,-0.009763,0.023864,-0.167094,0.090426,0.101527,0.043184,0.173571,0.979537,-0.644515,0.997721,0.010634,0.004858,0.000000,-0.004858,-0.007286,0.753590,0.921796,0.921796,0.610893,1.207993,1.207993,0.822606,1.173003,1.173003,0.802088,0.934348,0.934348,-0.050264,0.090731,-0.016819,0.003613,0.061050,-0.009209,-0.053878,0.029681,-0.007610,0.559073,-0.112449,0.533691,0.781046,15.321759,-3.081737,14.626138,-3.081737,0.619844,-2.941824,14.626138,-2.941824,13.962098,-0.000000,0.000000,29.903701,0.559073,-0.112449,0.533691,0.781046,10.256990,-2.063037,9.791313,-2.063037,0.414948,-1.969373,9.791313,-1.969373,9.346779,-0.000000,0.000000,20.018717,-0.016500,0.114758,0.073656,-0.014889,0.076233,0.042659,-0.001612,0.038525,0.030997,-0.055406,-0.553897,-0.354716,0.660072,0.148018,1.479755,0.947635,1.479755,14.793261,9.473607,0.947635,9.473607,6.066899,-0.000000,0.000000,21.008179,-0.055406,-0.553897,-0.354716,0.660072,0.156252,1.562063,1.000345,1.562063,15.616102,10.000554,1.000345,10.000554,6.404356,-0.000000,0.000000,22.176710,0.001574,0.106418,0.072093,-0.000778,0.079333,0.039848,0.002353,0.027085,0.032245,-0.061877,-0.591395,-0.066532,0.598333,0.202965,1.939841,0.218234,1.939841,18.540066,2.085774,0.218234,2.085774,0.234651,-0.000000,0.000000,18.977682,-0.061877,-0.591395,-0.066532,0.598333,0.356585,3.408067,0.383411,3.408067,32.572660,3.664453,0.383411,3.664453,0.412254,-0.000000,0.000000,33.341499,0.016125,0.100582,0.055772,0.010504,0.074815,0.038517,0.005620,0.025767,0.017254,-0.030027,-0.458304,0.020845,0.459760,0.085944,1.311767,-0.059662,1.311767,20.021538,-0.910622,-0.059662,-0.910622,0.041417,-0.000000,-0.000000,20.148899,-0.030027,-0.458304,0.020845,0.459760,0.125505,1.915589,-0.087125,1.915589,29.237697,-1.329792,-0.087125,-1.329792,0.060482,-0.000000,0.000000,29.423684,0.032665,0.094029,0.062523,0.024844,0.065421,0.045409,0.007820,0.028609,0.017114,-0.049727,-0.362919,-0.186503,0.411055,0.258278,1.884956,0.968671,1.884956,13.756718,7.069518,0.968671,7.069518,3.632995,-0.000000,0.000000,17.647991,-0.049727,-0.362919,-0.186503,0.411055,0.265817,1.939976,0.996945,1.939976,14.158262,7.275870,0.996945,7.275870,3.739038,-0.000000,0.000000,18.163117
1.7772,baseline,0.010,20.0000,2.636913,-1.139748,-1.207243,-0.012272,-0.145728,1.239456,-2.012583,1.004757,-2.713612,1.348369,-2.554078,1.336097,-1.802427,0.023981,0.048202,0.023981,0.023981,0.024005,0.023981,-0.032589,0.023951,0.092132,-0.063028,0.094239,0.298439,0.138920,0.979537,-0.645384,0.997721,0.010634,0.004858,0.000000,-0.004858,-0.007286,0.753590,0.923203,0.923203,0.610893,1.203910,1.203910,0.819808,1.171595,1.171595,0.812347,0.931969,0.931969,-0.050248,0.090711,-0.016867,0.003613,0.061050,-0.009209,-0.053861,0.029661,-0.007658,0.559034,-0.112140,0.534272,0.781371,15.306754,-3.070484,14.628750,-3.070484,0.615929,-2.934478,14.628750,-2.934478,13.980778,-0.000000,0.000000,29.903461,0.559034,-0.112140,0.534272,0.781371,10.247870,-2.055688,9.793946,-2.055688,0.412364,-1.964633,9.793946,-1.964633,9.360129,-0.000000,0.000000,20.020363,-0.016495,0.114699,0.073593,-0.014889,0.076233,0.042659,-0.001607,0.038466,0.030934,-0.055723,-0.554513,-0.352955,0.659672,0.150015,1.492848,0.950218,1.492848,14.855786,9.455906,0.950218,9.455906,6.018810,-0.000000,0.000000,21.024611,-0.055723,-0.554513,-0.352955,0.659672,0.158710,1.579367,1.005288,1.579367,15.716755,10.003924,1.005288,10.003924,6.367631,-0.000000,0.000000,22.243096,0.001588,0.106629,0.072211,-0.000778,0.079333,0.039848,0.002367,0.027296,0.032363,-0.062761,-0.598095,-0.072256,0.605704,0.206170,1.964745,0.237362,1.964745,18.723513,2.261996,0.237362,2.261996,0.273273,0.000000,0.000000,19.202956,-0.062761,-0.598095,-0.072256,0.605704,0.359906,3.429813,0.414357,3.429813,32.685232,3.948718,0.414357,3.948718,0.477047,-0.000000,0.000000,33.522185,0.016179,0.100723,0.055956,0.010504,0.074815,0.038517,0.005674,0.025908,0.017439,-0.030934,-0.462052,0.018500,0.463456,0.089948,1.343525,-0.053794,1.343525,20.067857,-0.803508,-0.053794,-0.803508,0.032172,-0.000000,0.000000,20.189976,-0.030934,-0.462052,0.018500,0.463456,0.131340,1.961786,-0.078549,1.961786,29.302650,-1.173265,-0.078549,-1.173265,0.046977,0.000000,0.000000,29.480967,0.032429,0.094021,0.062116,0.024844,0.065421,0.045409,0.007585,0.028601,0.016707,-0.048164,-0.360245,-0.182922,0.406886,0.247285,1.849582,0.939165,1.849582,13.834067,7.024542,0.939165,7.024542,3.566861,-0.000000,0.000000,17.648213,-0.048164,-0.360245,-0.182922,0.406886,0.253141,1.893386,0.961407,1.893386,14.161703,7.190907,0.961407,7.190907,3.651336,-0.000000,0.000000,18.066181
1.8242,baseline,0.010,20.0000,2.636913,-1.141282,-1.207243,-0.012272,-0.145728,1.239456,-2.011049,1.004757,-2.712078,1.349903,-2.547942,1.334563,-1.799359,0.023981,-0.006193,0.023981,0.023981,0.023986,0.023981,-0.005192,0.023974,0.105497,0.011947,0.118732,0.157085,0.093850,0.979537,-0.646252,0.997721,0.010634,0.004858,0.000000,-0.004858,-0.007286,0.753590,0.922499,0.922499,0.610893,1.203229,1.203229,0.820741,1.168781,1.168781,0.811414,0.930382,0.930382,-0.050231,0.090691,-0.016915,0.003613,0.061050,-0.009209,-0.053844,0.029641,-0.007706,0.558994,-0.111831,0.534853,0.781696,15.291749,-3.059232,14.631340,-3.059232,0.612023,-2.927112,14.631340,-2.927112,13.999452,-0.000000,0.000000,29.903224,0.558994,-0.111831,0.534853,0.781696,10.238749,-2.048340,9.796565,-2.048340,0.409786,-1.959878,9.796565,-1.959878,9.373478,-0.000000,0.000000,20.022013,-0.016498,0.114729,0.073625,-0.014889,0.076233,0.042659,-0.001609,0.038496,0.030966,-0.055564,-0.554206,-0.353836,0.659872,0.149015,1.486298,0.948934,1.486298,14.824543,9.464805,0.948934,9.464805,6.042852,0.000000,0.000000,21.016411,-0.055564,-0.554206,-0.353836,0.659872,0.157477,1.570702,1.002823,1.570702,15.666407,10.002297,1.002823,10.002297,6.386017,-0.000000,0.000000,22.209901,0.001591,0.106664,0.072231,-0.000778,0.079333,0.039848,0.002369,0.027331,0.032383,-0.062907,-0.599193,-0.073220,0.606919,0.206700,1.968832,0.240585,1.968832,18.753309,2.291598,0.240585,2.291598,0.280026,-0.000000,0.000000,19.240035,-0.062907,-0.599193,-0.073220,0.606919,0.360445,3.433274,0.419536,3.433274,32.702251,3.996117,0.419536,3.996117,0.488313,0.000000,0.000000,33.551009,0.016185,0.100856,0.055960,0.010504,0.074815,0.038517,0.005680,0.026041,0.017442,-0.031650,-0.464433,0.016481,0.465801,0.093586,1.373281,-0.048733,1.373281,20.151613,-0.715110,-0.048733,-0.715110,0.025377,-0.000000,0.000000,20.270575,-0.031650,-0.464433,0.016481,0.465801,0.136123,1.997482,-0.070884,1.997482,29.311177,-1.040151,-0.070884,-1.040151,0.036911,-0.000000,0.000000,29.484211,0.032474,0.094089,0.062203,0.024844,0.065421,0.045409,0.007630,0.028668,0.016793,-0.049071,-0.360352,-0.184622,0.407857,0.255470,1.876025,0.961161,1.876025,13.776431,7.058204,0.961161,7.058204,3.616194,-0.000000,-0.000000,17.648094,-0.049071,-0.360352,-0.184622,0.407857,0.260922,1.916060,0.981672,1.916060,14.070428,7.208830,0.981672,7.208830,3.693365,-0.000000,0.000000,18.024715
1.8700,baseline,0.010,20.0000,2.636913,-1.136680,-1.207243,-0.012272,-0.145728,1.239456,-2.012583,1.004757,-2.712078,1.357573,-2.541806,1.326893,-1.799359,0.023981,0.040534,0.023981,0.023981,0.023982,0.023981,0.005921,0.023979,0.042629,0.064549,0.136188,-0.054522,0.047677,0.979537,-0.643647,0.997721,0.010634,0.004858,0.000000,-0.004858,-0.007286,0.753590,0.923203,0.923203,0.610893,1.203229,1.203229,0.825404,1.165966,1.165966,0.806751,0.930382,0.930382,-0.050281,0.090750,-0.016771,0.003613,0.061050,-0.009209,-0.053894,0.029700,-0.007562,0.559112,-0.112757,0.533109,0.780721,15.336764,-3.092993,14.623502,-3.092993,0.623769,-2.949148,14.623502,-2.949148,13.943411,-0.000000,0.000000,29.903944,0.559112,-0.112757,0.533109,0.780721,10.266109,-2.070385,9.788667,-2.070385,0.417538,-1.974098,9.788667,-1.974098,9.333428,-0.000000,0.000000,20.017076,-0.016495,0.114699,0.073593,-0.014889,0.076233,0.042659,-0.001607,0.038466,0.030934,-0.055723,-0.554513,-0.352955,0.659672,0.150015,1.492848,0.950218,1.492848,14.855786,9.455906,0.950218,9.455906,6.018810,-0.000000,0.000000,21.024611,-0.055723,-0.554513,-0.352955,0.659672,0.158710,1.579367,1.005288,1.579367,15.716755,10.003924,1.005288,10.003924,6.367631,-0.000000,0.000000,22.243096,0.001591,0.106664,0.072231,-0.000778,0.079333,0.039848,0.002369,0.027331,0.032383,-0.062907,-0.599193,-0.073220,0.606919,0.206700,1.968832,0.240585,1.968832,18.753309,2.291598,0.240585,2.291598,0.280026,-0.000000,0.000000,19.240035,-0.062907,-0.599193,-0.073220,0.606919,0.360445,3.433274,0.419536,3.433274,32.702251,3.996117,0.419536,3.996117,0.488313,0.000000,0.000000,33.551009,0.016132,0.100905,0.055754,0.010504,0.074815,0.038517,0.005628,0.026090,0.017237,-0.031725,-0.463863,0.016027,0.465223,0.094632,1.383632,-0.047805,1.383632,20.230317,-0.698961,-0.047805,-0.698961,0.024149,-0.000000,0.000000,20.349098,-0.031725,-0.463863,0.016027,0.465223,0.136829,2.000601,-0.069121,2.000601,29.251125,-1.010631,-0.069121,-1.010631,0.034917,0.000000,0.000000,29.422871,0.032596,0.094132,0.062417,0.024844,0.065421,0.045409,0.007751,0.028711,0.017008,-0.050246,-0.361474,-0.187082,0.410107,0.264916,1.905827,0.986364,1.905827,13.710648,7.095970,0.986364,7.095970,3.672532,-0.000000,0.000000,17.648097,-0.050246,-0.361474,-0.187082,0.410107,0.270773,1.947957,1.008168,1.947957,14.013733,7.252832,1.008168,7.252832,3.753716,-0.000000,0.000000,18.038222
1.9151,baseline,0.010,20.0000,2.636913,-1.136680,-1.207243,-0.012272,-0.145728,1.239456,-2.012583,1.004757,-2.712078,1.372913,-2.540272,1.328427,-1.799359,0.023981,0.080275,0.023981,0.023981,0.023981,0.023981,0.006729,0.023980,0.028247,0.312151,0.097963,-0.029396,0.029402,0.979537,-0.643647,0.997721,0.010634,0.004858,0.000000,-0.004858,-0.007286,0.753590,0.923203,0.923203,0.610893,1.203229,1.203229,0.834731,1.165262,1.165262,0.807684,0.930382,0.930382,-0.050281,0.090750,-0.016771,0.003613,0.061050,-0.009209,-0.053894,0.029700,-0.007562,0.559112,-0.112757,0.533109,0.780721,15.336764,-3.092993,14.623502,-3.092993,0.623769,-2.949148,14.623502,-2.949148,13.943411,-0.000000,0.000000,29.903944,0.559112,-0.112757,0.533109,0.780721,10.266109,-2.070385,9.788667,-2.070385,0.417538,-1.974098,9.788667,-1.974098,9.333428,-0.000000,0.000000,20.017076,-0.016495,0.114699,0.073593,-0.014889,0.076233,0.042659,-0.001607,0.038466,0.030934,-0.055723,-0.554513,-0.352955,0.659672,0.150015,1.492848,0.950218,1.492848,14.855786,9.455906,0.950218,9.455906,6.018810,0.000000,0.000000,21.024611,-0.055723,-0.554513,-0.352955,0.659672,0.158710,1.579367,1.005288,1.579367,15.716755,10.003924,1.005288,10.003924,6.367631,-0.000000,0.000000,22.243096,0.001591,0.106664,0.072231,-0.000778,0.079333,0.039848,0.002369,0.027331,0.032383,-0.062907,-0.599193,-0.073220,0.606919,0.206700,1.968832,0.240585,1.968832,18.753309,2.291598,0.240585,2.291598,0.280026,-0.000000,0.000000,19.240035,-0.062907,-0.599193,-0.073220,0.606919,0.360445,3.433274,0.419536,3.433274,32.702251,3.996117,0.419536,3.996117,0.488313,0.000000,0.000000,33.551009,0.015991,0.100729,0.055245,0.010504,0.074815,0.038517,0.005487,0.025914,0.016728,-0.030355,-0.457330,0.019312,0.458742,0.089180,1.343607,-0.056737,1.343607,20.243124,-0.854819,-0.056737,-0.854819,0.036097,-0.000000,0.000000,20.368400,-0.030355,-0.457330,0.019312,0.458742,0.128166,1.930975,-0.081540,1.930975,29.092550,-1.228509,-0.081540,-1.228509,0.051877,-0.000000,0.000000,29.272593,0.032571,0.094123,0.062374,0.024844,0.065421,0.045409,0.007727,0.028703,0.016965,-0.050011,-0.361251,-0.186589,0.409657,0.263015,1.899888,0.981306,1.899888,13.723840,7.088462,0.981306,7.088462,3.661241,-0.000000,-0.000000,17.648096,-0.050011,-0.361251,-0.186589,0.409657,0.268789,1.941598,1.002849,1.941598,14.025135,7.244083,1.002849,7.244083,3.741621,-0.000000,-0.000000,18.035545
1.9576,baseline,0.010,20.0000,2.636913,-1.138214,-1.207243,-0.012272,-0.145728,1.239456,-2.012583,1.004757,-2.712078,1.369845,-2.538738,1.326893,-1.800893,0.023981,-0.018475,0.023981,0.023981,0.023981,0.023981,0.001539,0.023981,0.024957,0.106693,0.057812,-0.010079,0.020665,0.979537,-0.644515,0.997721,0.010634,0.004858,0.000000,-0.004858,-0.007286,0.753590,0.923203,0.923203,0.610893,1.203229,1.203229,0.832866,1.164559,1.164559,0.806751,0.931176,0.931176,-0.050264,0.090731,-0.016819,0.003613,0.061050,-0.009209,-0.053878,0.029681,-0.007610,0.559073,-0.112449,0.533691,0.781046,15.321759,-3.081737,14.626138,-3.081737,0.619844,-2.941824,14.626138,-2.941824,13.962098,-0.000000,0.000000,29.903701,0.559073,-0.112449,0.533691,0.781046,10.256990,-2.063037,9.791313,-2.063037,0.414948,-1.969373,9.791313,-1.969373,9.346779,-0.000000,0.000000,20.018717,-0.016495,0.114699,0.073593,-0.014889,0.076233,0.042659,-0.001607,0.038466,0.030934,-0.055723,-0.554513,-0.352955,0.659672,0.150015,1.492848,0.950218,1.492848,14.855786,9.455906,0.950218,9.455906,6.018810,-0.000000,-0.000000,21.024611,-0.055723,-0.554513,-0.352955,0.659672,0.158710,1.579367,1.005288,1.579367,15.716755,10.003924,1.005288,10.003924,6.367631,0.000000,0.000000,22.243096,0.001591,0.106664,0.072231,-0.000778,0.079333,0.039848,0.002369,0.027331,0.032383,-0.062907,-0.599193,-0.073220,0.606919,0.206700,1.968832,0.240585,1.968832,18.753309,2.291598,0.240585,2.291598,0.280026,-0.000000,0.000000,19.240035,-0.062907,-0.599193,-0.073220,0.606919,0.360445,3.433274,0.419536,3.433274,32.702251,3.996117,0.419536,3.996117,0.488313,0.000000,0.000000,33.551009,0.016026,0.100811,0.055363,0.010504,0.074815,0.038517,0.005521,0.025996,0.016846,-0.030885,-0.459548,0.017947,0.460935,0.091537,1.361984,-0.053192,1.361984,20.265132,-0.791446,-0.053192,-0.791446,0.030910,-0.000000,0.000000,20.387578,-0.030885,-0.459548,0.017947,0.460935,0.131582,1.957828,-0.076462,1.957828,29.130759,-1.137689,-0.076462,-1.137689,0.044432,-0.000000,0.000000,29.306773,0.032585,0.094103,0.062396,0.024844,0.065421,0.045409,0.007741,0.028682,0.016986,-0.049907,-0.361542,-0.186474,0.409849,0.261687,1.895728,0.977770,1.895728,13.733143,7.083221,0.977770,7.083221,3.653353,-0.000000,0.000000,17.648183,-0.049907,-0.361542,-0.186474,0.409849,0.267801,1.940019,1.000614,1.940019,14.053996,7.248709,1.000614,7.248709,3.738707,0.000000,0.000000,18.060504
2.0001,baseline,0.010,20.0000,2.636913,-1.150486,-1.207243,-0.012272,-0.145728,1.239456,-2.012583,1.004757,-2.712078,1.363709,-2.537204,1.343767,-1.810097,0.023981,-0.107600,0.023981,0.023981,0.023981,0.023981,0.000352,0.023981,0.024204,-0.072455,0.048785,0.184222,-0.095771,0.979537,-0.651464,0.997721,0.010634,0.004858,0.000000,-0.004858,-0.007286,0.753590,0.923203,0.923203,0.610893,1.203229,1.203229,0.829135,1.163855,1.163855,0.817010,0.935935,0.935935,-0.050129,0.090571,-0.017202,0.003613,0.061050,-0.009209,-0.053743,0.029521,-0.007993,0.558746,-0.109963,0.538334,0.783641,15.201715,-2.991758,14.646389,-2.991758,0.588790,-2.882467,14.646389,-2.882467,14.111349,-0.000000,0.000000,29.901855,0.558746,-0.109963,0.538334,0.783641,10.184011,-2.004254,9.811984,-2.004254,0.394445,-1.931037,9.811984,-1.931037,9.453548,-0.000000,0.000000,20.032004,-0.016495,0.114699,0.073593,-0.014889,0.076233,0.042659,-0.001607,0.038466,0.030934,-0.055723,-0.554513,-0.352955,0.659672,0.150015,1.492848,0.950218,1.492848,14.855786,9.455906,0.950218,9.455906,6.018810,-0.000000,0.000000,21.024611,-0.055723,-0.554513,-0.352955,0.659672,0.158710,1.579367,1.005288,1.579367,15.716755,10.003924,1.005288,10.003924,6.367631,-0.000000,0.000000,22.243096,0.001591,0.106664,0.072231,-0.000778,0.079333,0.039848,0.002369,0.027331,0.032383,-0.062907,-0.599193,-0.073220,0.606919,0.206700,1.968832,0.240585,1.968832,18.753309,2.291598,0.240585,2.291598,0.280026,-0.000000,0.000000,19.240035,-0.062907,-0.599193,-0.073220,0.606919,0.360445,3.433274,0.419536,3.433274,32.702251,3.996117,0.419536,3.996117,0.488313,0.000000,0.000000,33.551009,0.016089,0.100935,0.055587,0.010504,0.074815,0.038517,0.005585,0.026120,0.017070,-0.031739,-0.463218,0.015784,0.464572,0.095249,1.390110,-0.047367,1.390110,20.287823,-0.691286,-0.047367,-0.691286,0.023555,-0.000000,0.000000,20.406627,-0.031739,-0.463218,0.015784,0.464572,0.137092,2.000771,-0.068174,2.000771,29.200070,-0.994962,-0.068174,-0.994962,0.033902,0.000000,0.000000,29.371064,0.032257,0.093830,0.061795,0.024844,0.065421,0.045409,0.007412,0.028409,0.016385,-0.045328,-0.359319,-0.177460,0.403308,0.222918,1.767093,0.872729,1.767093,14.007891,6.918195,0.872729,6.918195,3.416747,-0.000000,0.000000,17.647557,-0.045328,-0.359319,-0.177460,0.403308,0.229406,1.818523,0.898129,1.818523,14.415582,7.119545,0.898129,7.119545,3.516190,-0.000000,0.000000,18.161179
2.0182,ramp,0.010,62.4290,2.636913,-1.156622,-1.207243,-0.012272,-0.145728,1.239456,-2.012583,1.004757,-2.712078,1.363709,-2.537204,1.351437,-1.816233,0.023981,-0.192171,0.023981,0.023981,0.023981,0.023981,0.000187,0.023981,0.024099,-0.088780,0.037163,0.326141,-0.181978,0.979537,-0.654939,0.997721,0.010634,0.004858,0.000000,-0.004858,-0.007286,0.753590,0.923203,0.923203,0.610893,1.203229,1.203229,0.829135,1.163855,1.163855,0.821674,0.939107,0.939107,-0.050061,0.090490,-0.017394,0.003613,0.061050,-0.009209,-0.053674,0.029440,-0.008185,1.489343,-0.289850,1.441566,2.092909,38.271439,-7.448228,37.043722,-7.448228,1.449543,-7.209294,37.043722,-7.209294,35.855388,-0.000000,0.000000,75.576371,1.489343,-0.289850,1.441566,2.092909,21.876846,-4.257580,21.175054,-4.257580,0.828592,-4.121001,21.175054,-4.121001,20.495775,-0.000000,0.000000,43.201214,-0.016495,0.114699,0.073593,-0.016495,0.114699,0.073593,0.000000,0.000000,0.000000,0.000000,0.000000,0.000000,0.000000,0.750077,7.464242,4.751090,7.464242,74.278928,47.279529,4.751090,47.279529,30.094051,0.000000,0.000000,105.123056,0.000000,0.000000,0.000000,0.000000,0.750077,7.464242,4.751090,7.464242,74.278926,47.279528,4.751090,47.279528,30.094051,-0.000000,0.000000,105.123054,0.001591,0.106664,0.072231,0.001591,0.106664,0.072231,0.000000,0.000000,0.000000,0.000000,0.000000,0.000000,0.000000,1.033498,9.844161,1.202927,9.844161,93.766546,11.457990,1.202927,11.457990,1.400132,-0.000000,0.000000,96.200176,0.000000,0.000000,0.000000,0.000000,1.033498,9.844161,1.202927,9.844161,93.766546,11.457990,1.202927,11.457990,1.400132,-0.000000,0.000000,96.200176,0.016089,0.100935,0.055587,0.016089,0.100935,0.055587,0.000000,0.000000,0.000000,0.000000,0.000006,-0.000000,0.000006,0.476247,6.950547,-0.236833,6.950547,101.439105,-3.456431,-0.236833,-3.456431,0.117774,-0.000000,0.000000,102.033126,0.000000,0.000006,-0.000000,0.000006,0.476247,6.950539,-0.236832,6.950539,101.438997,-3.456427,-0.236832,-3.456427,0.117774,-0.000000,0.000000,102.033018,0.032096,0.093665,0.061496,0.032257,0.093830,0.061795,-0.000161,-0.000165,-0.000298,0.002983,0.024933,0.012015,0.027838,1.012814,8.466890,4.080025,8.466890,70.781230,34.108059,4.080025,34.108059,16.435991,0.000000,0.000000,88.230035,0.002983,0.024933,0.012015,0.027838,1.007036,8.418589,4.056750,8.418589,70.377449,33.913485,4.056750,33.913485,16.342230,-0.000000,0.000000,87.726715
2.0396,post_ramp,0.010,100.0000,2.636913,-1.161223,-1.207243,-0.012272,-0.145728,1.239456,-2.012583,1.004757,-2.712078,1.363709,-2.537204,1.351437,-1.817767,0.023981,-0.252158,0.023981,0.023981,0.023981,0.023981,0.000090,0.023981,0.024038,-0.049418,0.030286,0.341752,-0.224009,0.979537,-0.657544,0.997721,0.010634,0.004858,0.000000,-0.004858,-0.007286,0.753590,0.923203,0.923203,0.610893,1.203229,1.203229,0.829135,1.163855,1.163855,0.821674,0.939900,0.939900,-0.050010,0.090430,-0.017537,0.003613,0.061050,-0.009209,-0.053623,0.029380,-0.008328,2.310100,-0.445768,2.243722,3.251086,58.572445,-11.302413,56.889445,-11.302413,2.180967,-10.977654,56.889445,-10.977654,55.254803,-0.000000,0.000000,116.008215,2.310100,-0.445768,2.243722,3.251086,32.162106,-6.206151,31.237971,-6.206151,1.197568,-6.027825,31.237971,-6.027825,30.340390,-0.000000,0.000000,63.700064,-0.016495,0.114699,0.073593,-0.016495,0.114699,0.073593,0.000000,0.000000,0.000000,0.000000,0.000000,0.000000,0.000000,0.750077,7.464242,4.751090,7.464242,74.278928,47.279529,4.751090,47.279529,30.094051,-0.000000,0.000000,105.123056,0.000000,0.000000,0.000000,0.000000,0.750077,7.464242,4.751090,7.464242,74.278926,47.279528,4.751090,47.279528,30.094051,-0.000000,0.000000,105.123054,0.001591,0.106664,0.072231,0.001591,0.106664,0.072231,0.000000,0.000000,0.000000,0.000000,0.000000,0.000000,0.000000,1.033498,9.844161,1.202927,9.844161,93.766546,11.457990,1.202927,11.457990,1.400132,-0.000000,0.000000,96.200176,0.000000,0.000000,0.000000,0.000000,1.033498,9.844161,1.202927,9.844161,93.766546,11.457990,1.202927,11.457990,1.400132,-0.000000,0.000000,96.200176,0.016089,0.100935,0.055587,0.016089,0.100935,0.055587,0.000000,0.000000,0.000000,0.000000,0.000007,-0.000000,0.000007,0.476247,6.950547,-0.236833,6.950547,101.439105,-3.456431,-0.236833,-3.456431,0.117774,-0.000000,0.000000,102.033126,0.000000,0.000007,-0.000000,0.000007,0.476247,6.950539,-0.236832,6.950539,101.438995,-3.456427,-0.236832,-3.456427,0.117774,-0.000000,-0.000000,102.033016,0.032086,0.093635,0.061475,0.032257,0.093830,0.061795,-0.000171,-0.000195,-0.000320,0.003220,0.027127,0.013025,0.030263,0.998503,8.413066,4.039633,8.413066,70.885823,34.036667,4.039633,34.036667,16.343108,-0.000000,-0.000000,88.227434,0.003220,0.027127,0.013025,0.030263,0.992639,8.363662,4.015911,8.363662,70.469554,33.836790,4.015911,33.836790,16.247135,-0.000000,-0.000000,87.709329
2.0576,post_ramp,0.010,100.0000,2.643049,-1.165825,-1.210311,-0.012272,-0.145728,1.237922,-2.012583,1.003223,-2.710544,1.362175,-2.537204,1.349903,-1.817767,0.039832,-0.254468,0.012686,0.023981,0.023981,0.019424,0.000048,0.004497,0.024011,-0.026263,0.027332,0.221925,-0.164240,0.981816,-0.660150,1.000257,0.010634,0.004858,0.000000,-0.004858,-0.007286,0.752657,0.923203,0.923203,0.609960,1.202548,1.202548,0.828202,1.163855,1.163855,0.820741,0.939900,0.939900,-0.049759,0.090411,-0.017598,0.003613,0.061050,-0.009209,-0.053373,0.029361,-0.008389,2.293901,-0.453165,2.242215,3.239579,58.176946,-11.492966,56.866100,-11.492966,2.270457,-11.234006,56.866100,-11.234006,55.584790,-0.000000,0.000000,116.032193,2.293901,-0.453165,2.242215,3.239579,32.072137,-6.335911,31.349486,-6.335911,1.251671,-6.193150,31.349486,-6.193150,30.643117,0.000000,0.000000,63.966925,-0.016506,0.114707,0.073659,-0.016495,0.114699,0.073593,-0.000010,0.000008,0.000066,-0.000466,-0.004640,-0.002959,0.005523,0.746953,7.444455,4.748072,7.444455,74.194590,47.321293,4.748072,47.321293,30.181510,-0.000000,0.000000,105.123054,-0.000466,-0.004640,-0.002959,0.005523,0.747684,7.451734,4.752714,7.451734,74.267142,47.367567,4.752714,47.367567,30.211024,-0.000000,0.000000,105.225849,0.001595,0.106707,0.072310,0.001591,0.106664,0.072231,0.000005,0.000043,0.000079,-0.000685,-0.006523,-0.000812,0.006609,1.036589,9.865475,1.228594,9.865475,93.892144,11.692826,1.228594,11.692826,1.456162,0.000000,0.000000,96.384896,-0.000685,-0.006523,-0.000812,0.006609,1.038632,9.884913,1.231014,9.884913,94.077137,11.715864,1.231014,11.715864,1.459031,-0.000000,0.000000,96.574800,0.016104,0.100957,0.055639,0.016089,0.100935,0.055587,0.000015,0.000021,0.000052,-0.000294,-0.004275,0.000142,0.004287,0.479576,6.974893,-0.231357,6.974893,101.441941,-3.364827,-0.231357,-3.364827,0.111611,-0.000000,0.000000,102.033129,-0.000294,-0.004275,0.000142,0.004287,0.480274,6.985039,-0.231694,6.985039,101.589503,-3.369721,-0.231694,-3.369721,0.111774,-0.000000,0.000000,102.181550,0.032110,0.093644,0.061518,0.032257,0.093830,0.061795,-0.000147,-0.000185,-0.000277,0.002847,0.023877,0.011489,0.026649,1.006888,8.444582,4.063294,8.444582,70.823138,34.078088,4.063294,34.078088,16.397411,-0.000000,0.000000,88.227437,0.002847,0.023877,0.011489,0.026649,1.002007,8.403643,4.043595,8.403643,70.479787,33.912877,4.043595,33.912877,16.317916,-0.000000,0.000000,87.799709
2.0758,post_ramp,0.010,100.0000,2.670661,-1.173495,-1.228719,-0.012272,-0.145728,1.234855,-2.012583,1.003223,-2.710544,1.362175,-2.537204,1.348369,-1.816233,0.248712,-0.261052,-0.114107,0.023981,0.023981,-0.016115,0.000025,-0.008846,0.030496,-0.025193,0.025762,0.097807,-0.075896,0.992073,-0.664493,1.015470,0.010634,0.004858,0.000000,-0.004858,-0.007286,0.750792,0.923203,0.923203,0.609960,1.202548,1.202548,0.828202,1.163855,1.163855,0.819808,0.939107,0.939107,-0.048720,0.090477,-0.017375,0.003613,0.061050,-0.009209,-0.052334,0.029427,-0.008166,2.221738,-0.507732,2.219572,3.181259,56.690212,-12.955374,56.634952,-12.955374,2.960682,-12.942746,56.634952,-12.942746,56.579747,-0.000000,0.000000,116.230641,2.221738,-0.507732,2.219572,3.181259,31.912997,-7.293055,31.881890,-7.293055,1.666677,-7.285946,31.881890,-7.285946,31.850813,0.000000,0.000000,65.430487,-0.016526,0.114722,0.073790,-0.016495,0.114699,0.073593,-0.000031,0.000023,0.000197,-0.001391,-0.013906,-0.008905,0.016572,0.740726,7.404914,4.741937,7.404914,74.025668,47.404343,4.741937,47.404343,30.356656,-0.000000,0.000000,105.123050,-0.001391,-0.013906,-0.008905,0.016572,0.742897,7.426619,4.755837,7.426619,74.242647,47.543292,4.755837,47.543292,30.445636,-0.000000,0.000000,105.431180,0.001595,0.106707,0.072310,0.001591,0.106664,0.072231,0.000005,0.000043,0.000079,-0.000685,-0.006523,-0.000812,0.006609,1.036589,9.865475,1.228594,9.865475,93.892144,11.692826,1.228594,11.692826,1.456162,0.000000,0.000000,96.384896,-0.000685,-0.006523,-0.000812,0.006609,1.038632,9.884913,1.231014,9.884913,94.077137,11.715864,1.231014,11.715864,1.459031,-0.000000,0.000000,96.574800,0.016104,0.100957,0.055639,0.016089,0.100935,0.055587,0.000015,0.000021,0.000052,-0.000294,-0.004275,0.000142,0.004288,0.479576,6.974893,-0.231357,6.974893,101.441941,-3.364827,-0.231357,-3.364827,0.111611,-0.000000,-0.000000,102.033129,-0.000294,-0.004275,0.000142,0.004288,0.480274,6.985039,-0.231694,6.985039,101.589509,-3.369721,-0.231694,-3.369721,0.111774,-0.000000,0.000000,102.181556,0.032144,0.093684,0.061581,0.032257,0.093830,0.061795,-0.000113,-0.000146,-0.000213,0.002226,0.018440,0.008923,0.020606,1.029728,8.529704,4.127556,8.529704,70.655435,34.190431,4.127556,34.190431,16.544879,-0.000000,0.000000,88.230041,0.002226,0.018440,0.008923,0.020606,1.025957,8.498472,4.112442,8.498472,70.396720,34.065239,4.112442,34.065239,16.484298,-0.000000,0.000000,87.906975
2.0939,post_ramp,0.010,100.0000,2.724350,-1.193437,-1.260932,-0.010738,-0.145728,1.230253,-2.012583,1.003223,-2.710544,1.360641,-2.535670,1.345301,-1.816233,0.871291,-0.372538,-0.490136,0.030480,0.023981,-0.077550,0.000013,-0.006117,0.038680,-0.024625,0.027325,0.008080,-0.013305,1.012017,-0.675785,1.042093,0.009305,0.004858,0.000000,-0.004858,-0.007286,0.747994,0.923203,0.923203,0.609960,1.202548,1.202548,0.827270,1.163151,1.163151,0.817943,0.939107,0.939107,-0.046702,0.090505,-0.017150,0.003613,0.061050,-0.009209,-0.050316,0.029455,-0.007941,2.082970,-0.589193,2.175756,3.069173,53.633172,-15.170793,56.022266,-15.170793,4.291243,-15.846577,56.022266,-15.846577,58.517781,-0.000000,0.000000,116.442197,2.082970,-0.589193,2.175756,3.069173,31.276287,-8.846877,32.669492,-8.846877,2.502446,-9.240962,32.669492,-9.240962,34.124756,-0.000000,0.000000,67.903490,-0.016557,0.114745,0.073987,-0.016495,0.114699,0.073593,-0.000062,0.000046,0.000394,-0.002765,-0.027770,-0.017891,0.033150,0.731435,7.345691,4.732493,7.345691,73.771671,47.527718,4.732493,47.527718,30.619938,-0.000000,-0.000000,105.123044,-0.002765,-0.027770,-0.017891,0.033150,0.735717,7.388699,4.760202,7.388699,74.203596,47.805988,4.760202,47.805988,30.799214,-0.000000,0.000000,105.738528,0.001595,0.106707,0.072310,0.001591,0.106664,0.072231,0.000005,0.000043,0.000079,-0.000685,-0.006523,-0.000812,0.006609,1.036589,9.865475,1.228594,9.865475,93.892144,11.692826,1.228594,11.692826,1.456162,0.000000,0.000000,96.384896,-0.000685,-0.006523,-0.000812,0.006609,1.038632,9.884913,1.231014,9.884913,94.077137,11.715864,1.231014,11.715864,1.459031,-0.000000,0.000000,96.574800,0.016124,0.101017,0.055706,0.016089,0.100935,0.055587,0.000034,0.000081,0.000119,-0.000783,-0.011295,0.000349,0.011328,0.488429,7.042461,-0.217627,7.042461,101.542321,-3.137871,-0.217627,-3.137871,0.096967,-0.000000,0.000000,102.127717,-0.000783,-0.011295,0.000349,0.011328,0.490009,7.065233,-0.218331,7.065233,101.870660,-3.148018,-0.218331,-3.148018,0.097280,-0.000000,0.000000,102.457949,0.032192,0.093702,0.061667,0.032257,0.093830,0.061795,-0.000064,-0.000127,-0.000128,0.001456,0.011955,0.005809,0.013371,1.046770,8.592318,4.175276,8.592318,70.529258,34.272374,4.175276,34.272374,16.654019,-0.000000,0.000000,88.230047,0.001456,0.011955,0.005809,0.013371,1.045073,8.578383,4.168505,8.578383,70.414869,34.216789,4.168505,34.216789,16.627009,-0.000000,0.000000,88.086950
2.1121,post_ramp,0.010,100.0000,2.808719,-1.225651,-1.305418,-0.007670,-0.145728,1.228719,-2.012583,1.004757,-2.709010,1.360641,-2.535670,1.343767,-1.814699,1.961720,-0.704073,-1.135962,0.065213,0.023981,-0.128932,0.000006,0.009877,0.056033,-0.024289,0.038091,-0.057116,0.031169,1.043358,-0.694026,1.078858,0.006646,0.004858,0.000000,-0.004858,-0.007286,0.747061,0.923203,0.923203,0.610893,1.201868,1.201868,0.827270,1.163151,1.163151,0.817010,0.938314,0.938314,-0.043636,0.090440,-0.016906,0.003613,0.061050,-0.009209,-0.047249,0.029390,-0.007697,1.873632,-0.683352,2.099359,2.895647,48.819342,-17.805408,54.700893,-17.805408,6.493995,-19.950529,54.700893,-19.950529,61.291029,-0.000000,0.000000,116.604365,1.873632,-0.683352,2.099359,2.895647,29.855181,-10.888792,33.452009,-10.888792,3.971364,-12.200629,33.452009,-12.200629,37.482167,-0.000000,-0.000000,71.308712,-0.016567,0.114753,0.074053,-0.016495,0.114699,0.073593,-0.000072,0.000054,0.000459,-0.003219,-0.032382,-0.020904,0.038677,0.728351,7.325974,4.729281,7.325974,73.686843,47.568523,4.729281,47.568523,30.707848,-0.000000,0.000000,105.123042,-0.003219,-0.032382,-0.020904,0.038677,0.733324,7.375995,4.761571,7.375995,74.189964,47.893312,4.761571,47.893312,30.917515,0.000000,0.000000,105.840803,0.001596,0.106734,0.072270,0.001591,0.106664,0.072231,0.000005,0.000070,0.000040,-0.000521,-0.004957,-0.000619,0.005023,1.038775,9.884755,1.235312,9.884755,94.061124,11.754957,1.235312,11.754957,1.469034,-0.000000,0.000000,96.568934,-0.000521,-0.004957,-0.000619,0.005023,1.039474,9.891405,1.236143,9.891405,94.124409,11.762865,1.236143,11.762865,1.470023,-0.000000,-0.000000,96.633906,0.016124,0.101017,0.055706,0.016089,0.100935,0.055587,0.000034,0.000081,0.000119,-0.000783,-0.011295,0.000349,0.011328,0.488429,7.042461,-0.217627,7.042461,101.542321,-3.137871,-0.217627,-3.137871,0.096967,0.000000,0.000000,102.127717,-0.000783,-0.011295,0.000349,0.011328,0.490009,7.065233,-0.218331,7.065233,101.870665,-3.148018,-0.218331,-3.148018,0.097280,-0.000000,0.000000,102.457954,0.032227,0.093741,0.061731,0.032257,0.093830,0.061795,-0.000030,-0.000088,-0.000064,0.000806,0.006536,0.003194,0.007319,1.070018,8.676783,4.240130,8.676783,70.360107,34.383248,4.240130,34.383248,16.802245,-0.000000,0.000000,88.232369,0.000806,0.006536,0.003194,0.007319,1.069536,8.672880,4.238222,8.672880,70.328455,34.367780,4.238222,34.367780,16.794686,-0.000000,-0.000000,88.192677
2.1303,post_ramp,0.010,100.0000,2.900758,-1.259398,-1.339165,-0.006136,-0.145728,1.228719,-2.012583,1.004757,-2.707476,1.359107,-2.535670,1.339165,-1.814699,2.966564,-1.072519,-1.563227,0.096688,0.023981,-0.112665,0.000003,0.027722,0.063487,-0.033965,0.036217,-0.088934,0.039629,1.077547,-0.713136,1.106748,0.005317,0.004858,0.000000,-0.004858,-0.007286,0.747061,0.923203,0.923203,0.610893,1.201187,1.201187,0.826337,1.163151,1.163151,0.814212,0.938314,0.938314,-0.040524,0.090315,-0.016857,0.003613,0.061050,-0.009209,-0.044137,0.029265,-0.007648,1.675077,-0.744377,2.016401,2.725042,44.091707,-19.593644,53.076109,-19.593644,8.707099,-23.586167,53.076109,-23.586167,63.891229,-0.000000,0.000000,116.690036,1.675077,-0.744377,2.016401,2.725042,28.080419,-12.478485,33.802261,-12.478485,5.545238,-15.021180,33.802261,-15.021180,40.690021,-0.000000,0.000000,74.315678,-0.016567,0.114753,0.074053,-0.016495,0.114699,0.073593,-0.000072,0.000054,0.000459,-0.003219,-0.032382,-0.020904,0.038677,0.728351,7.325974,4.729281,7.325974,73.686843,47.568523,4.729281,47.568523,30.707848,-0.000000,0.000000,105.123042,-0.003219,-0.032382,-0.020904,0.038677,0.733324,7.375995,4.761571,7.375995,74.189964,47.893312,4.761571,47.893312,30.917515,-0.000000,0.000000,105.840804,0.001598,0.106769,0.072290,0.001591,0.106664,0.072231,0.000007,0.000105,0.000060,-0.000782,-0.007441,-0.000940,0.007540,1.041404,9.904911,1.251579,9.904911,94.206712,11.903905,1.251579,11.903905,1.504171,-0.000000,0.000000,96.752287,-0.000782,-0.007441,-0.000940,0.007540,1.042451,9.914867,1.252837,9.914867,94.301404,11.915871,1.252837,11.915871,1.505682,-0.000000,0.000000,96.849537,0.016138,0.101038,0.055758,0.016089,0.100935,0.055587,0.000049,0.000102,0.000172,-0.001085,-0.015585,0.000468,0.015630,0.491801,7.066800,-0.211992,7.066800,101.544539,-3.046157,-0.211992,-3.046157,0.091379,-0.000000,0.000000,102.127719,-0.001085,-0.015585,0.000468,0.015630,0.494105,7.099911,-0.212985,7.099911,102.020324,-3.060430,-0.212985,-3.060430,0.091808,-0.000000,0.000000,102.606236,0.032299,0.093769,0.061859,0.032257,0.093830,0.061795,0.000042,-0.000061,0.000064,-0.000395,-0.003160,-0.001554,0.003543,1.096084,8.769920,4.312445,8.769920,70.169359,34.504477,4.312445,34.504477,16.966934,-0.000000,0.000000,88.232377,-0.000395,-0.003160,-0.001554,0.003543,1.098927,8.792667,4.323630,8.792667,70.351361,34.593973,4.323630,34.593973,17.010942,0.000000,0.000000,88.461230
2.1485,post_ramp,0.010,100.0000,3.002000,-1.296214,-1.363709,-0.003068,-0.145728,1.225651,-2.012583,1.004757,-2.705942,1.359107,-2.535670,1.334563,-1.814699,3.894236,-1.423854,-1.706201,0.118803,0.023981,-0.082347,0.000002,0.030707,0.072005,-0.040523,0.030484,-0.131826,0.032297,1.115156,-0.733983,1.127032,0.002659,0.004858,0.000000,-0.004858,-0.007286,0.745196,0.923203,0.923203,0.610893,1.200507,1.200507,0.826337,1.163151,1.163151,0.811414,0.938314,0.938314,-0.037272,0.090108,-0.017005,0.003613,0.061050,-0.009209,-0.040885,0.029058,-0.007796,1.489281,-0.772568,1.928692,2.556300,39.564342,-20.524089,51.237765,-20.524089,10.646916,-26.579703,51.237765,-26.579703,66.355421,-0.000000,0.000000,116.566679,1.489281,-0.772568,1.928692,2.556300,26.057303,-13.517283,33.745486,-13.517283,7.012120,-17.505545,33.745486,-17.505545,43.702061,-0.000000,0.000000,76.771484,-0.016588,0.114768,0.074184,-0.016495,0.114699,0.073593,-0.000093,0.000069,0.000590,-0.004122,-0.041591,-0.026957,0.049734,0.722203,7.286576,4.722759,7.286576,73.516946,47.649650,4.722759,47.649650,30.883889,-0.000000,0.000000,105.123038,-0.004122,-0.041591,-0.026957,0.049734,0.728538,7.350488,4.764183,7.350488,74.161779,48.067595,4.764183,48.067595,31.154778,0.000000,0.000000,106.045094,0.001600,0.106804,0.072310,0.001591,0.106664,0.072231,0.000009,0.000140,0.000079,-0.001044,-0.009927,-0.001268,0.010062,1.044026,9.924973,1.267894,9.924973,94.351158,12.053158,1.267894,12.053158,1.539765,-0.000000,0.000000,96.934950,-0.001044,-0.009927,-0.001268,0.010062,1.045420,9.938221,1.269586,9.938221,94.477099,12.069247,1.269586,12.069247,1.541820,-0.000000,0.000000,97.064339,0.016138,0.101038,0.055758,0.016089,0.100935,0.055587,0.000049,0.000102,0.000172,-0.001085,-0.015586,0.000468,0.015630,0.491801,7.066800,-0.211992,7.066800,101.544539,-3.046157,-0.211992,-3.046157,0.091379,-0.000000,-0.000000,102.127719,-0.001085,-0.015586,0.000468,0.015630,0.494105,7.099912,-0.212985,7.099912,102.020334,-3.060430,-0.212985,-3.060430,0.091808,-0.000000,0.000000,102.606246,0.032371,0.093796,0.061987,0.032257,0.093830,0.061795,0.000114,-0.000034,0.000192,-0.001626,-0.012835,-0.006351,0.014412,1.122438,8.862600,4.385180,8.862600,69.977768,34.624727,4.385180,34.624727,17.132180,-0.000000,0.000000,88.232385,-0.001626,-0.012835,-0.006351,0.014412,1.128757,8.912496,4.409868,8.912496,70.371744,34.819665,4.409868,34.819665,17.228634,-0.000000,0.000000,88.729135
2.1666,post_ramp,0.010,100.0000,3.110913,-1.331495,-1.374447,-0.001534,-0.145728,1.224117,-2.012583,1.003223,-2.704408,1.357573,-2.535670,1.329961,-1.814699,4.695976,-1.679649,-1.549022,0.114762,0.023981,-0.088527,0.000001,0.016500,0.079112,-0.022952,0.027437,-0.181006,0.028400,1.155614,-0.753961,1.135906,0.001329,0.004858,0.000000,-0.004858,-0.007286,0.744263,0.923203,0.923203,0.609960,1.199826,1.199826,0.825404,1.163151,1.163151,0.808616,0.938314,0.938314,-0.034003,0.089893,-0.017329,0.003613,0.061050,-0.009209,-0.037616,0.028843,-0.008121,1.330321,-0.777832,1.844192,2.403294,35.673813,-20.858293,49.453737,-20.858293,12.195735,-28.915343,49.453737,-28.915343,68.556511,-0.000000,0.000000,116.426059,1.330321,-0.777832,1.844192,2.403294,24.122198,-14.104124,33.440016,-14.104124,8.246608,-19.552203,33.440016,-19.552203,46.357079,-0.000000,0.000000,78.725885,-0.016598,0.114775,0.074249,-0.016495,0.114699,0.073593,-0.000103,0.000076,0.000656,-0.004571,-0.046188,-0.029997,0.055263,0.719139,7.266895,4.719449,7.266895,73.431877,47.689973,4.719449,47.689973,30.972019,-0.000000,0.000000,105.123036,-0.004571,-0.046188,-0.029997,0.055263,0.726145,7.337686,4.765424,7.337686,74.147226,48.154553,4.765424,48.154553,31.273738,-0.000000,0.000000,106.147109,0.001605,0.106847,0.072390,0.001591,0.106664,0.072231,0.000014,0.000183,0.000159,-0.001736,-0.016494,-0.002146,0.016723,1.047090,9.945839,1.293842,9.945839,94.471086,12.289630,1.293842,12.289630,1.598743,-0.000000,0.000000,97.116919,-0.001736,-0.016494,-0.002146,0.016723,1.050528,9.978499,1.298091,9.978499,94.781311,12.329987,1.298091,12.329987,1.603993,-0.000000,-0.000000,97.435833,0.016153,0.101059,0.055811,0.016089,0.100935,0.055587,0.000064,0.000123,0.000224,-0.001388,-0.019877,0.000578,0.019933,0.495183,7.091131,-0.206312,7.091131,101.546581,-2.954437,-0.206312,-2.954437,0.085958,-0.000000,0.000000,102.127721,-0.001388,-0.019877,0.000578,0.019933,0.498222,7.134648,-0.207578,7.134648,102.169754,-2.972568,-0.207578,-2.972568,0.086485,-0.000000,0.000000,102.754461,0.032444,0.093823,0.062115,0.032257,0.093830,0.061795,0.000187,-0.000007,0.000321,-0.002886,-0.022489,-0.011197,0.025287,1.149078,8.954819,4.458332,8.954819,69.785339,34.743994,4.458332,34.743994,17.297976,-0.000000,0.000000,88.232393,-0.002886,-0.022489,-0.011197,0.025287,1.159028,9.032358,4.496936,9.032358,70.389604,35.044840,4.496936,35.044840,17.447758,-0.000000,0.000000,88.996390
2.1848,post_ramp,0.010,100.0000,3.227496,-1.365243,-1.374447,-0.001534,-0.145728,1.219515,-2.012583,1.003223,-2.704408,1.357573,-2.535670,1.326893,-1.814699,5.357043,-1.811805,-1.127720,0.101379,0.023981,-0.117975,0.000001,-0.002468,0.080490,-0.023434,0.025817,-0.202059,0.026329,1.198921,-0.773071,1.135906,0.001329,0.004858,0.000000,-0.004858,-0.007286,0.741465,0.923203,0.923203,0.609960,1.199826,1.199826,0.825404,1.163151,1.163151,0.806751,0.938314,0.938314,-0.030669,0.089639,-0.017772,0.003613,0.061050,-0.009209,-0.034282,0.028589,-0.008563,1.192569,-0.769214,1.762342,2.262688,32.309611,-20.839898,47.746156,-20.839898,13.441862,-30.796564,47.746156,-30.796564,70.557810,-0.000000,0.000000,116.309284,1.192569,-0.769214,1.762342,2.262688,22.317879,-14.395169,32.980680,-14.395169,9.284973,-21.272742,32.980680,-21.272742,48.737841,-0.000000,0.000000,80.340693,-0.016629,0.114797,0.074446,-0.016495,0.114699,0.073593,-0.000134,0.000098,0.000853,-0.005905,-0.059951,-0.039169,0.071855,0.709987,7.207924,4.709328,7.207924,73.176193,47.809975,4.709328,47.809975,31.236849,-0.000000,0.000000,105.123030,-0.005905,-0.059951,-0.039169,0.071855,0.718967,7.299090,4.768892,7.299090,74.101729,48.414678,4.768892,48.414678,31.631934,-0.000000,-0.000000,106.452630,0.001605,0.106847,0.072390,0.001591,0.106664,0.072231,0.000014,0.000183,0.000159,-0.001736,-0.016494,-0.002146,0.016723,1.047090,9.945839,1.293842,9.945839,94.471086,12.289630,1.293842,12.289630,1.598743,-0.000000,0.000000,97.116919,-0.001736,-0.016494,-0.002146,0.016723,1.050528,9.978499,1.298091,9.978499,94.781311,12.329987,1.298091,12.329987,1.603993,-0.000000,-0.000000,97.435833,0.016153,0.101059,0.055811,0.016089,0.100935,0.055587,0.000064,0.000123,0.000224,-0.001388,-0.019877,0.000578,0.019934,0.495183,7.091131,-0.206312,7.091131,101.546581,-2.954437,-0.206312,-2.954437,0.085958,-0.000000,0.000000,102.127721,-0.001388,-0.019877,0.000578,0.019934,0.498222,7.134648,-0.207578,7.134648,102.169763,-2.972568,-0.207578,-2.972568,0.086485,-0.000000,0.000000,102.754469,0.032492,0.093840,0.062201,0.032257,0.093830,0.061795,0.000235,0.000011,0.000406,-0.003742,-0.028913,-0.014454,0.032541,1.166997,9.016041,4.507330,9.016041,69.656591,34.822958,4.507330,34.822958,17.408811,-0.000000,0.000000,88.232398,-0.003742,-0.028913,-0.014454,0.032541,1.179453,9.112280,4.555442,9.112280,70.400112,35.194662,4.555442,35.194662,17.594634,-0.000000,0.000000,89.174200
2.2030,post_ramp,0.010,100.0000,3.347146,-1.395923,-1.374447,-0.001534,-0.145728,1.216447,-2.012583,1.003223,-2.702874,1.357573,-2.535670,1.322291,-1.814699,5.850798,-1.822014,-0.656859,0.080632,0.023981,-0.147851,0.000000,-0.004301,0.078427,-0.027791,0.024957,-0.213067,0.025229,1.243368,-0.790443,1.135906,0.001329,0.004858,0.000000,-0.004858,-0.007286,0.739600,0.923203,0.923203,0.609960,1.199146,1.199146,0.825404,1.163151,1.163151,0.803953,0.938314,0.938314,-0.027305,0.089277,-0.018082,0.003613,0.061050,-0.009209,-0.030918,0.028227,-0.008873,1.060468,-0.756290,1.672603,2.119945,29.079148,-20.738274,45.864540,-20.738274,14.789842,-32.709054,45.864540,-32.709054,72.338985,-0.000000,0.000000,116.207975,1.060468,-0.756290,1.672603,2.119945,20.488574,-14.611765,32.315219,-14.611765,10.420621,-23.046132,32.315219,-23.046132,50.968572,-0.000000,-0.000000,81.877768,-0.016650,0.114811,0.074578,-0.016495,0.114699,0.073593,-0.000155,0.000112,0.000984,-0.006785,-0.069102,-0.045328,0.082920,0.703919,7.168672,4.702420,7.168672,73.005343,47.889170,4.702420,47.889170,31.413764,-0.000000,0.000000,105.123026,-0.006785,-0.069102,-0.045328,0.082920,0.714183,7.273202,4.770988,7.273202,74.069868,48.587465,4.770988,48.587465,31.871823,-0.000000,-0.000000,106.655874,0.001607,0.106882,0.072410,0.001591,0.106664,0.072231,0.000016,0.000218,0.000179,-0.002001,-0.018995,-0.002497,0.019262,1.049698,9.965692,1.310275,9.965692,94.612956,12.439576,1.310275,12.439576,1.635538,-0.000000,0.000000,97.298191,-0.002001,-0.018995,-0.002497,0.019262,1.053483,10.001623,1.314999,10.001623,94.954082,12.484427,1.314999,12.484427,1.641435,0.000000,0.000000,97.649000,0.016153,0.101059,0.055811,0.016089,0.100935,0.055587,0.000064,0.000123,0.000224,-0.001388,-0.019878,0.000578,0.019934,0.495183,7.091131,-0.206312,7.091131,101.546581,-2.954437,-0.206312,-2.954437,0.085958,0.000000,0.000000,102.127721,-0.001388,-0.019878,0.000578,0.019934,0.498222,7.134649,-0.207578,7.134649,102.169773,-2.972568,-0.207578,-2.972568,0.086485,-0.000000,0.000000,102.754480,0.032565,0.093867,0.062329,0.032257,0.093830,0.061795,0.000308,0.000037,0.000534,-0.005052,-0.038531,-0.019382,0.043426,1.194112,9.107487,4.581171,9.107487,69.462779,34.940580,4.581171,34.940580,17.575515,-0.000000,0.000000,88.232406,-0.005052,-0.038531,-0.019382,0.043426,1.210460,9.232175,4.643890,9.232175,70.413769,35.418939,4.643890,35.418939,17.816135,-0.000000,0.000000,89.440364
2.2212,post_ramp,0.010,100.0000,3.462195,-1.423534,-1.374447,-0.001534,-0.145728,1.210311,-2.012583,1.004757,-2.701340,1.357573,-2.535670,1.317689,-1.814699,6.157748,-1.747211,-0.350498,0.054087,0.023981,-0.176712,0.000000,0.000112,0.075389,-0.016185,0.024500,-0.218051,0.024644,1.286105,-0.806078,1.135906,0.001329,0.004858,0.000000,-0.004858,-0.007286,0.735869,0.923203,0.923203,0.610893,1.198465,1.198465,0.825404,1.163151,1.163151,0.801155,0.938314,0.938314,-0.024113,0.088810,-0.018298,0.003613,0.061050,-0.009209,-0.027726,0.027760,-0.009089,0.941445,-0.738863,1.582988,1.984462,26.134615,-20.510898,43.943902,-20.510898,16.097307,-34.487934,43.943902,-34.487934,73.889227,0.000000,0.000000,116.121149,0.941445,-0.738863,1.582988,1.984462,18.733622,-14.702470,31.499544,-14.702470,11.538753,-24.721386,31.499544,-24.721386,52.964731,-0.000000,-0.000000,83.237106,-0.016692,0.114838,0.074840,-0.016495,0.114699,0.073593,-0.000196,0.000139,0.001247,-0.008523,-0.087344,-0.057753,0.105057,0.691863,7.090318,4.688220,7.090318,72.662704,48.045619,4.688220,48.045619,31.768451,-0.000000,0.000000,105.123018,-0.008523,-0.087344,-0.057753,0.105057,0.704619,7.221051,4.774662,7.221051,74.002483,48.931500,4.774662,48.931500,32.354208,-0.000000,0.000000,107.061310,0.001607,0.106909,0.072370,0.001591,0.106664,0.072231,0.000017,0.000245,0.000139,-0.001834,-0.017408,-0.002296,0.017654,1.051852,9.984587,1.317128,9.984587,94.777603,12.502697,1.317128,12.502697,1.649308,-0.000000,-0.000000,97.478762,-0.001834,-0.017408,-0.002296,0.017654,1.054279,10.007629,1.320168,10.007629,94.996327,12.531550,1.320168,12.531550,1.653114,-0.000000,0.000000,97.703720,0.016153,0.101059,0.055811,0.016089,0.100935,0.055587,0.000064,0.000123,0.000224,-0.001388,-0.019878,0.000578,0.019935,0.495183,7.091131,-0.206312,7.091131,101.546581,-2.954437,-0.206312,-2.954437,0.085958,0.000000,0.000000,102.127721,-0.001388,-0.019878,0.000578,0.019935,0.498222,7.134650,-0.207578,7.134650,102.169784,-2.972568,-0.207578,-2.972568,0.086485,-0.000000,0.000000,102.754491,0.032637,0.093892,0.062457,0.032257,0.093830,0.061795,0.000380,0.000063,0.000663,-0.006391,-0.048127,-0.024357,0.054317,1.221511,9.198466,4.655423,9.198466,69.268146,35.057208,4.655423,35.057208,17.742756,-0.000000,0.000000,88.232413,-0.006391,-0.048127,-0.024357,0.054317,1.241910,9.352078,4.733168,9.352078,70.424910,35.642656,4.733168,35.642656,18.039057,-0.000000,-0.000000,89.705876
2.2394,post_ramp,0.010,100.0000,3.580311,-1.451146,-1.374447,-0.001534,-0.145728,1.205709,-2.012583,1.004757,-2.701340,1.356039,-2.535670,1.313088,-1.814699,6.312996,-1.648444,-0.186269,0.039981,0.023981,-0.207259,0.000000,0.021117,0.073774,-0.010175,0.024256,-0.217009,0.024333,1.329982,-0.821713,1.135906,0.001329,0.004858,0.000000,-0.004858,-0.007286,0.733071,0.923203,0.923203,0.610893,1.198465,1.198465,0.824472,1.163151,1.163151,0.798357,0.938314,0.938314,-0.020876,0.088190,-0.018472,0.003613,0.061050,-0.009209,-0.024489,0.027140,-0.009263,0.827181,-0.715610,1.489167,1.847686,23.256686,-20.119799,41.868827,-20.119799,17.406019,-36.221515,41.868827,-36.221515,75.376118,-0.000000,-0.000000,116.038823,0.827181,-0.715610,1.489167,1.847686,16.938304,-14.653648,30.493895,-14.653648,12.677148,-26.380846,30.493895,-26.380846,54.897918,-0.000000,0.000000,84.513370,-0.016723,0.114858,0.075038,-0.016495,0.114699,0.073593,-0.000227,0.000159,0.001444,-0.009806,-0.100973,-0.067164,0.121666,0.682890,7.031685,4.677234,7.031685,72.404916,48.161254,4.677234,48.161254,32.035206,-0.000000,0.000000,105.123011,-0.009806,-0.100973,-0.067164,0.121666,0.697451,7.181615,4.776963,7.181615,73.948747,49.188157,4.776963,49.188157,32.718267,-0.000000,0.000000,107.364465,0.001607,0.106909,0.072370,0.001591,0.106664,0.072231,0.000017,0.000245,0.000139,-0.001834,-0.017408,-0.002296,0.017654,1.051852,9.984587,1.317128,9.984587,94.777603,12.502697,1.317128,12.502697,1.649308,-0.000000,-0.000000,97.478762,-0.001834,-0.017408,-0.002296,0.017654,1.054279,10.007629,1.320168,10.007629,94.996327,12.531550,1.320168,12.531550,1.653114,-0.000000,0.000000,97.703720,0.016168,0.101080,0.055863,0.016089,0.100935,0.055587,0.000078,0.000144,0.000277,-0.001694,-0.024171,0.000681,0.024239,0.498577,7.115453,-0.200589,7.115453,101.548445,-2.862710,-0.200589,-2.862710,0.080701,0.000000,0.000000,102.127723,-0.001694,-0.024171,0.000681,0.024239,0.502360,7.169443,-0.202111,7.169443,102.318967,-2.884432,-0.202111,-2.884432,0.081314,-0.000000,0.000000,102.902641,0.032710,0.093918,0.062586,0.032257,0.093830,0.061795,0.000453,0.000088,0.000791,-0.007760,-0.057700,-0.029382,0.065214,1.249192,9.288974,4.730083,9.288974,69.072698,35.172840,4.730083,35.172840,17.910531,-0.000000,0.000000,88.232420,-0.007760,-0.057700,-0.029382,0.065214,1.273803,9.471981,4.823273,9.471981,70.433533,35.865797,4.823273,35.865797,18.263395,-0.000000,0.000000,89.970730
2.2575,post_ramp,0.010,100.0000,3.696894,-1.469554,-1.374447,-0.001534,-0.145728,1.199573,-2.012583,1.004757,-2.699806,1.357573,-2.535670,1.310020,-1.814699,6.375187,-1.516499,-0.098991,0.032484,0.023981,-0.240245,0.000000,0.031297,0.072916,-0.012498,0.024127,-0.216455,0.024168,1.373289,-0.832137,1.135906,0.001329,0.004858,0.000000,-0.004858,-0.007286,0.729340,0.923203,0.923203,0.610893,1.197784,1.197784,0.825404,1.163151,1.163151,0.796492,0.938314,0.938314,-0.017793,0.087591,-0.018376,0.003613,0.061050,-0.009209,-0.021406,0.026541,-0.009167,0.721373,-0.690925,1.385985,1.708423,20.679335,-19.806486,39.731531,-19.806486,18.970478,-38.054512,39.731531,-38.054512,76.336814,0.000000,0.000000,115.986628,0.721373,-0.690925,1.385985,1.708423,15.248273,-14.604662,29.296746,-14.604662,13.988217,-28.060166,29.296746,-28.060166,56.288297,-0.000000,-0.000000,85.524787,-0.016764,0.114884,0.075300,-0.016495,0.114699,0.073593,-0.000269,0.000185,0.001707,-0.011490,-0.119074,-0.079834,0.143820,0.671020,6.953687,4.662142,6.953687,72.060133,48.313156,4.662142,48.313156,32.391851,-0.000000,0.000000,105.123003,-0.011490,-0.119074,-0.079834,0.143820,0.687899,7.128611,4.779421,7.128611,73.872848,49.528503,4.779421,49.528503,33.206687,0.000000,0.000000,107.767435,0.001610,0.106944,0.072390,0.001591,0.106664,0.072231,0.000019,0.000280,0.000160,-0.002098,-0.019908,-0.002654,0.020193,1.054446,10.004266,1.333635,10.004266,94.917438,12.653120,1.333635,12.653120,1.686744,-0.000000,0.000000,97.658628,-0.002098,-0.019908,-0.002654,0.020193,1.057216,10.030544,1.337138,10.030544,95.166764,12.686357,1.337138,12.686357,1.691175,-0.000000,0.000000,97.915155,0.016153,0.101059,0.055811,0.016089,0.100935,0.055587,0.000064,0.000123,0.000224,-0.001388,-0.019880,0.000578,0.019936,0.495183,7.091131,-0.206312,7.091131,101.546581,-2.954437,-0.206312,-2.954437,0.085958,-0.000000,0.000000,102.127721,-0.001388,-0.019880,0.000578,0.019936,0.498222,7.134651,-0.207578,7.134651,102.169804,-2.972569,-0.207578,-2.972569,0.086485,-0.000000,0.000000,102.754511,0.032758,0.093934,0.062671,0.032257,0.093830,0.061795,0.000501,0.000105,0.000877,-0.008688,-0.064070,-0.032758,0.072481,1.267802,9.349050,4.780082,9.349050,68.941949,35.249373,4.780082,35.249373,18.022674,-0.000000,0.000000,88.232425,-0.008688,-0.064070,-0.032758,0.072481,1.295311,9.551910,4.883802,9.551910,70.437882,36.014230,4.883802,36.014230,18.413738,-0.000000,0.000000,90.146932
2.2757,post_ramp,0.010,100.0000,3.810408,-1.478757,-1.374447,-0.001534,-0.145728,1.194971,-2.012583,1.003223,-2.699806,1.357573,-2.535670,1.305418,-1.814699,6.374833,-1.284426,-0.052608,0.028500,0.023981,-0.278306,0.000000,0.025471,0.072460,0.011094,0.024059,-0.216161,0.024080,1.415456,-0.837349,1.135906,0.001329,0.004858,0.000000,-0.004858,-0.007286,0.726542,0.923203,0.923203,0.609960,1.197784,1.197784,0.825404,1.163151,1.163151,0.793694,0.938314,0.938314,-0.014894,0.087035,-0.018025,0.003613,0.061050,-0.009209,-0.018507,0.025985,-0.008816,0.623438,-0.663392,1.274298,1.566078,18.376927,-19.554652,37.562188,-19.554652,20.807854,-39.969442,37.562188,-39.969442,76.776599,-0.000000,0.000000,115.961380,0.623438,-0.663392,1.274298,1.566078,13.663362,-14.539008,27.927725,-14.539008,15.470771,-29.717533,27.927725,-29.717533,57.083888,-0.000000,0.000000,86.218021,-0.016796,0.114903,0.075498,-0.016495,0.114699,0.073593,-0.000300,0.000204,0.001904,-0.012734,-0.132597,-0.089429,0.160442,0.662187,6.895325,4.650489,6.895325,71.800757,48.425371,4.650489,48.425371,32.660053,-0.000000,-0.000000,105.122997,-0.012734,-0.132597,-0.089429,0.160442,0.680742,7.088544,4.780804,7.088544,73.812744,49.782337,4.780804,49.782337,33.575247,-0.000000,-0.000000,108.068733,0.001612,0.106952,0.072450,0.001591,0.106664,0.072231,0.000021,0.000288,0.000219,-0.002531,-0.024006,-0.003223,0.024353,1.054893,10.005109,1.343282,10.005109,94.893223,12.740330,1.343282,12.740330,1.710512,-0.000000,0.000000,97.658628,-0.002531,-0.024006,-0.003223,0.024353,1.059367,10.047539,1.348979,10.047539,95.295656,12.794361,1.348979,12.794361,1.717766,-0.000000,0.000000,98.072789,0.016153,0.101059,0.055811,0.016089,0.100935,0.055587,0.000064,0.000123,0.000224,-0.001388,-0.019880,0.000578,0.019937,0.495183,7.091131,-0.206312,7.091131,101.546581,-2.954437,-0.206312,-2.954437,0.085958,-0.000000,0.000000,102.127721,-0.001388,-0.019880,0.000578,0.019937,0.498222,7.134652,-0.207578,7.134652,102.169815,-2.972569,-0.207578,-2.972569,0.086485,0.000000,0.000000,102.754522,0.032831,0.093959,0.062800,0.032257,0.093830,0.061795,0.000574,0.000129,0.001005,-0.010106,-0.073605,-0.037863,0.083387,1.295951,9.438768,4.855416,9.438768,68.745155,35.363336,4.855416,35.363336,18.191326,-0.000000,0.000000,88.232432,-0.010106,-0.073605,-0.037863,0.083387,1.327945,9.671789,4.975285,9.671789,70.442309,36.236372,4.975285,36.236372,18.640426,-0.000000,0.000000,90.410681
2.2939,post_ramp,0.010,100.0000,3.920855,-1.478757,-1.374447,-0.001534,-0.145728,1.185767,-2.012583,1.003223,-2.699806,1.359107,-2.535670,1.302350,-1.814699,6.326845,-0.934797,-0.027958,0.026382,0.023981,-0.319590,0.000000,0.003716,0.057472,0.038558,0.024022,-0.212841,0.024034,1.456484,-0.837349,1.135906,0.001329,0.004858,0.000000,-0.004858,-0.007286,0.720946,0.923203,0.923203,0.609960,1.197784,1.197784,0.826337,1.163151,1.163151,0.791829,0.938314,0.938314,-0.012170,0.086542,-0.017421,0.003613,0.061050,-0.009209,-0.015783,0.025492,-0.008212,0.531736,-0.631151,1.153415,1.418260,16.300225,-19.347767,35.357647,-19.347767,22.965086,-41.968224,35.357647,-41.968224,76.696069,-0.000000,0.000000,115.961380,0.531736,-0.631151,1.153415,1.418260,12.167427,-14.442288,26.392985,-14.442288,17.142464,-31.327501,26.392985,-31.327501,57.250365,0.000000,0.000000,86.560256,-0.016859,0.114938,0.075892,-0.016495,0.114699,0.073593,-0.000363,0.000239,0.002299,-0.015169,-0.159502,-0.108853,0.193700,0.644701,6.778959,4.626332,6.778959,71.280016,48.645380,4.626332,48.645380,33.198267,-0.000000,0.000000,105.122984,-0.015169,-0.159502,-0.108853,0.193700,0.666448,7.007623,4.782385,7.007623,73.684391,50.286257,4.782385,50.286257,34.318091,0.000000,0.000000,108.668930,0.001612,0.106952,0.072450,0.001591,0.106664,0.072231,0.000021,0.000288,0.000219,-0.002531,-0.024006,-0.003223,0.024353,1.054893,10.005109,1.343282,10.005109,94.893223,12.740330,1.343282,12.740330,1.710512,-0.000000,0.000000,97.658628,-0.002531,-0.024006,-0.003223,0.024353,1.059367,10.047539,1.348979,10.047539,95.295656,12.794361,1.348979,12.794361,1.717766,-0.000000,0.000000,98.072789,0.016138,0.101038,0.055758,0.016089,0.100935,0.055587,0.000049,0.000102,0.000172,-0.001085,-0.015590,0.000468,0.015635,0.491801,7.066800,-0.211992,7.066800,101.544540,-3.046157,-0.211992,-3.046157,0.091379,-0.000000,0.000000,102.127720,-0.001085,-0.015590,0.000468,0.015635,0.494105,7.099918,-0.212985,7.099918,102.020414,-3.060433,-0.212985,-3.060433,0.091808,-0.000000,0.000000,102.606327,0.032880,0.093975,0.062885,0.032257,0.093830,0.061795,0.000623,0.000145,0.001091,-0.011067,-0.079949,-0.041293,0.090661,1.314872,9.498315,4.905862,9.498315,68.613515,35.438752,4.905862,35.438752,18.304049,0.000000,0.000000,88.232436,-0.011067,-0.079949,-0.041293,0.090661,1.349948,9.751695,5.036732,9.751695,70.443869,36.384126,5.036732,36.384126,18.792333,-0.000000,0.000000,90.586150
2.3121,post_ramp,0.010,100.0000,4.023632,-1.469554,-1.374447,-0.001534,-0.145728,1.178097,-2.012583,1.003223,-2.699806,1.359107,-2.535670,1.299282,-1.814699,6.192331,-0.516189,-0.014858,0.025257,0.023981,-0.364003,0.000000,-0.006864,0.041779,0.054201,0.024003,-0.212082,0.024009,1.494663,-0.832137,1.135906,0.001329,0.004858,0.000000,-0.004858,-0.007286,0.716283,0.923203,0.923203,0.609960,1.197784,1.197784,0.826337,1.163151,1.163151,0.789963,0.938314,0.938314,-0.009719,0.086151,-0.016591,0.003613,0.061050,-0.009209,-0.013332,0.025101,-0.007382,0.448627,-0.593913,1.028032,1.269192,14.491877,-19.184992,33.208214,-19.184992,25.397947,-43.962514,33.208214,-43.962514,76.096804,-0.000000,0.000000,115.986628,0.448627,-0.593913,1.028032,1.269192,10.810759,-14.311765,24.772913,-14.311765,18.946551,-32.795486,24.772913,-32.795486,56.767265,-0.000000,0.000000,86.524576,-0.016911,0.114966,0.076221,-0.016495,0.114699,0.073593,-0.000416,0.000267,0.002628,-0.017146,-0.181778,-0.125277,0.221430,0.630313,6.682360,4.605338,6.682360,70.844076,48.824203,4.605338,48.824203,33.648584,-0.000000,0.000000,105.122973,-0.017146,-0.181778,-0.125277,0.221430,0.654559,6.939404,4.782487,6.939404,73.569168,50.702277,4.782487,50.702277,34.942912,-0.000000,-0.000000,109.166638,0.001612,0.106952,0.072450,0.001591,0.106664,0.072231,0.000021,0.000288,0.000219,-0.002531,-0.024006,-0.003223,0.024353,1.054893,10.005109,1.343282,10.005109,94.893223,12.740330,1.343282,12.740330,1.710512,-0.000000,0.000000,97.658628,-0.002531,-0.024006,-0.003223,0.024353,1.059367,10.047539,1.348979,10.047539,95.295656,12.794361,1.348979,12.794361,1.717766,-0.000000,0.000000,98.072789,0.016138,0.101038,0.055758,0.016089,0.100935,0.055587,0.000049,0.000102,0.000172,-0.001085,-0.015591,0.000468,0.015636,0.491801,7.066800,-0.211992,7.066800,101.544540,-3.046157,-0.211992,-3.046157,0.091379,-0.000000,0.000000,102.127720,-0.001085,-0.015591,0.000468,0.015636,0.494105,7.099918,-0.212985,7.099918,102.020424,-3.060433,-0.212985,-3.060433,0.091808,-0.000000,0.000000,102.606337,0.032928,0.093991,0.062971,0.032257,0.093830,0.061795,0.000671,0.000161,0.001176,-0.012042,-0.086283,-0.044745,0.097938,1.333917,9.557650,4.956486,9.557650,68.481522,35.513720,4.956486,35.513720,18.417002,0.000000,0.000000,88.232441,-0.012042,-0.086283,-0.044745,0.097938,1.372149,9.831587,5.098547,9.831587,70.444312,36.531600,5.098547,36.531600,18.944862,-0.000000,0.000000,90.761323
2.3303,post_ramp,0.010,100.0000,4.118738,-1.454214,-1.374447,-0.001534,-0.145728,1.168893,-2.012583,1.003223,-2.699806,1.359107,-2.535670,1.296214,-1.814699,5.950970,-0.074078,-0.007896,0.024659,0.023981,-0.409336,0.000000,-0.003648,0.033440,0.044446,0.023993,-0.202600,0.023996,1.529992,-0.823451,1.135906,0.001329,0.004858,0.000000,-0.004858,-0.007286,0.710687,0.923203,0.923203,0.609960,1.197784,1.197784,0.826337,1.163151,1.163151,0.788098,0.938314,0.938314,-0.007509,0.085826,-0.015619,0.003613,0.061050,-0.009209,-0.011122,0.024776,-0.006410,0.373694,-0.550710,0.902085,1.121020,12.893611,-19.001246,31.124793,-19.001246,28.002034,-45.868441,31.124793,-45.868441,75.134325,-0.000000,0.000000,116.029970,0.373694,-0.550710,0.902085,1.121020,9.576765,-14.113227,23.118025,-14.113227,20.798587,-34.068909,23.118025,-34.068909,55.806224,-0.000000,-0.000000,86.181575,-0.016974,0.114998,0.076616,-0.016495,0.114699,0.073593,-0.000479,0.000299,0.003023,-0.019456,-0.208332,-0.145270,0.254724,0.613268,6.566897,4.579114,6.566897,70.318620,49.033346,4.579114,49.033346,34.191072,-0.000000,0.000000,105.122960,-0.019456,-0.208332,-0.145270,0.254724,0.640325,6.856625,4.781141,6.856625,73.421037,51.196669,4.781141,51.196669,35.699563,-0.000000,0.000000,109.760924,0.001612,0.106952,0.072450,0.001591,0.106664,0.072231,0.000021,0.000288,0.000219,-0.002531,-0.024006,-0.003223,0.024353,1.054893,10.005109,1.343282,10.005109,94.893223,12.740330,1.343282,12.740330,1.710512,-0.000000,0.000000,97.658628,-0.002531,-0.024006,-0.003223,0.024353,1.059367,10.047539,1.348979,10.047539,95.295656,12.794361,1.348979,12.794361,1.717766,-0.000000,0.000000,98.072789,0.016138,0.101038,0.055758,0.016089,0.100935,0.055587,0.000049,0.000102,0.000172,-0.001085,-0.015592,0.000468,0.015636,0.491801,7.066800,-0.211992,7.066800,101.544540,-3.046157,-0.211992,-3.046157,0.091379,0.000000,0.000000,102.127720,-0.001085,-0.015592,0.000468,0.015636,0.494105,7.099919,-0.212985,7.099919,102.020434,-3.060433,-0.212985,-3.060433,0.091808,-0.000000,0.000000,102.606348,0.032977,0.094007,0.063057,0.032257,0.093830,0.061795,0.000720,0.000177,0.001262,-0.013030,-0.092606,-0.048218,0.105217,1.353085,9.616770,5.007286,9.616770,68.349177,35.588239,5.007286,35.588239,18.530182,-0.000000,0.000000,88.232445,-0.013030,-0.092606,-0.048218,0.105217,1.394549,9.911462,5.160727,9.911462,70.443641,36.678790,5.160727,36.678790,19.098014,-0.000000,0.000000,90.936203
2.3491,post_ramp,0.010,100.0000,4.201573,-1.429670,-1.374447,-0.001534,-0.145728,1.158155,-2.012583,1.004757,-2.699806,1.357573,-2.535670,1.291612,-1.814699,5.592441,0.365258,-0.004196,0.024341,0.023981,-0.452087,0.000000,0.010865,0.029008,0.025960,0.023987,-0.197562,0.023989,1.560763,-0.809553,1.135906,0.001329,0.004858,0.000000,-0.004858,-0.007286,0.704159,0.923203,0.923203,0.610893,1.197784,1.197784,0.825404,1.163151,1.163151,0.785300,0.938314,0.938314,-0.005659,0.085673,-0.014446,0.003613,0.061050,-0.009209,-0.009272,0.024623,-0.005237,0.308368,-0.503334,0.777632,0.976293,11.582974,-18.906330,29.209537,-18.906330,30.859892,-47.677320,29.209537,-47.677320,73.659586,-0.000000,0.000000,116.102452,0.308368,-0.503334,0.777632,0.976293,8.530197,-13.923429,21.511151,-13.923429,22.726543,-35.111615,21.511151,-35.111615,54.246065,-0.000000,0.000000,85.502805,-0.017048,0.115032,0.077077,-0.016495,0.114699,0.073593,-0.000553,0.000333,0.003483,-0.022063,-0.239064,-0.168984,0.293588,0.593686,6.432835,4.547107,6.432835,69.702460,49.269803,4.547107,49.269803,34.826798,-0.000000,0.000000,105.122944,-0.022063,-0.239064,-0.168984,0.293588,0.623772,6.758825,4.777536,6.758825,73.234698,51.766597,4.777536,51.766597,36.591679,-0.000000,0.000000,110.450149,0.001610,0.106944,0.072390,0.001591,0.106664,0.072231,0.000019,0.000280,0.000160,-0.002098,-0.019908,-0.002654,0.020193,1.054446,10.004266,1.333635,10.004266,94.917438,12.653120,1.333635,12.653120,1.686744,-0.000000,0.000000,97.658628,-0.002098,-0.019908,-0.002654,0.020193,1.057216,10.030544,1.337138,10.030544,95.166764,12.686357,1.337138,12.686357,1.691175,-0.000000,0.000000,97.915155,0.016153,0.101059,0.055811,0.016089,0.100935,0.055587,0.000064,0.000123,0.000224,-0.001388,-0.019883,0.000578,0.019940,0.495183,7.091131,-0.206312,7.091131,101.546581,-2.954437,-0.206312,-2.954437,0.085958,-0.000000,0.000000,102.127722,-0.001388,-0.019883,0.000578,0.019940,0.498222,7.134655,-0.207579,7.134655,102.169860,-2.972571,-0.207579,-2.972571,0.086485,-0.000000,0.000000,102.754568,0.033050,0.094030,0.063185,0.032257,0.093830,0.061795,0.000793,0.000200,0.001391,-0.014536,-0.102071,-0.053468,0.116140,1.382068,9.705048,5.083817,9.705048,68.150005,35.699171,5.083817,35.699171,18.700378,-0.000000,0.000000,88.232451,-0.014536,-0.102071,-0.053468,0.116140,1.428520,10.031237,5.254685,10.031237,70.440543,36.899029,5.254685,36.899029,19.328902,-0.000000,0.000000,91.197964
2.3672,post_ramp,0.010,100.0000,4.267535,-1.402058,-1.374447,-0.001534,-0.145728,1.147418,-2.012583,1.004757,-2.699806,1.356039,-2.535670,1.288544,-1.814699,5.085501,0.765192,-0.002230,0.024172,0.023981,-0.492015,0.000000,0.028247,0.026652,-0.003939,0.023984,-0.194884,0.023985,1.585265,-0.793918,1.135906,0.001329,0.004858,0.000000,-0.004858,-0.007286,0.697630,0.923203,0.923203,0.610893,1.197784,1.197784,0.824472,1.163151,1.163151,0.783435,0.938314,0.938314,-0.004234,0.085640,-0.013269,0.003613,0.061050,-0.009209,-0.007847,0.024590,-0.004061,0.256241,-0.456565,0.668449,0.849079,10.581858,-18.854556,27.604677,-18.854556,33.594695,-49.185496,27.604677,-49.185496,72.011758,-0.000000,0.000000,116.188310,0.256241,-0.456565,0.668449,0.849079,7.712475,-13.741943,20.119376,-13.741943,24.485137,-35.848326,20.119376,-35.848326,52.485005,0.000000,0.000000,84.682616,-0.017123,0.115063,0.077538,-0.016495,0.114699,0.073593,-0.000627,0.000364,0.003944,-0.024577,-0.269523,-0.193113,0.332474,0.574432,6.299485,4.513591,6.299485,69.083033,49.498099,4.513591,49.498099,35.465463,-0.000000,0.000000,105.122928,-0.024577,-0.269523,-0.193113,0.332474,0.607284,6.659753,4.771723,6.659753,73.033900,52.328901,4.771723,52.328901,37.493737,-0.000000,-0.000000,111.134921,0.001610,0.106944,0.072390,0.001591,0.106664,0.072231,0.000019,0.000280,0.000160,-0.002098,-0.019908,-0.002654,0.020193,1.054446,10.004266,1.333635,10.004266,94.917438,12.653120,1.333635,12.653120,1.686744,-0.000000,0.000000,97.658628,-0.002098,-0.019908,-0.002654,0.020193,1.057216,10.030544,1.337138,10.030544,95.166764,12.686357,1.337138,12.686357,1.691175,-0.000000,0.000000,97.915155,0.016168,0.101080,0.055863,0.016089,0.100935,0.055587,0.000078,0.000144,0.000277,-0.001694,-0.024175,0.000682,0.024244,0.498577,7.115453,-0.200589,7.115453,101.548446,-2.862710,-0.200589,-2.862710,0.080701,-0.000000,0.000000,102.127724,-0.001694,-0.024175,0.000682,0.024244,0.502360,7.169448,-0.202111,7.169448,102.319044,-2.884434,-0.202111,-2.884434,0.081314,-0.000000,0.000000,102.902718,0.033098,0.094045,0.063271,0.032257,0.093830,0.061795,0.000841,0.000216,0.001476,-0.015556,-0.108367,-0.056994,0.123425,1.401543,9.763630,5.135056,9.763630,68.016790,35.772562,5.135056,35.772562,18.814122,0.000000,0.000000,88.232455,-0.015556,-0.108367,-0.056994,0.123425,1.451416,10.111057,5.317781,10.111057,70.437089,37.045487,5.317781,37.045487,19.483600,-0.000000,0.000000,91.372105
2.3849,post_ramp,0.010,100.0000,4.313554,-1.372913,-1.374447,-0.001534,-0.145728,1.136680,-2.012583,1.004757,-2.699806,1.354505,-2.535670,1.285476,-1.814699,4.416759,1.085150,-0.001185,0.024083,0.023981,-0.535708,0.000000,0.029237,0.025401,-0.034054,0.023983,-0.188904,0.023983,1.602360,-0.777414,1.135906,0.001329,0.004858,0.000000,-0.004858,-0.007286,0.691101,0.923203,0.923203,0.610893,1.197784,1.197784,0.823539,1.163151,1.163151,0.781569,0.938314,0.938314,-0.003293,0.085752,-0.012155,0.003613,0.061050,-0.009209,-0.006906,0.024702,-0.002947,0.218221,-0.415946,0.580779,0.746951,9.924917,-18.917670,26.414426,-18.917670,36.058563,-50.347968,26.414426,-50.347968,70.300024,-0.000000,0.000000,116.283504,0.218221,-0.415946,0.580779,0.746951,7.155637,-13.639206,19.044194,-13.639206,25.997396,-36.299728,19.044194,-36.299728,50.684703,-0.000000,0.000000,83.837736,-0.017198,0.115091,0.077999,-0.016495,0.114699,0.073593,-0.000702,0.000392,0.004405,-0.026997,-0.299703,-0.217654,0.371381,0.555506,6.166865,4.478577,6.166865,68.460445,49.718191,4.478577,49.718191,36.106960,-0.000000,0.000000,105.122912,-0.026997,-0.299703,-0.217654,0.371381,0.590871,6.559458,4.763691,6.559458,72.818750,52.883334,4.763691,52.883334,38.405589,-0.000000,0.000000,111.815210,0.001610,0.106944,0.072390,0.001591,0.106664,0.072231,0.000019,0.000280,0.000160,-0.002098,-0.019908,-0.002654,0.020193,1.054446,10.004266,1.333635,10.004266,94.917438,12.653120,1.333635,12.653120,1.686744,-0.000000,0.000000,97.658628,-0.002098,-0.019908,-0.002654,0.020193,1.057216,10.030544,1.337138,10.030544,95.166764,12.686357,1.337138,12.686357,1.691175,-0.000000,0.000000,97.915155,0.016182,0.101101,0.055916,0.016089,0.100935,0.055587,0.000093,0.000165,0.000329,-0.002002,-0.028469,0.000777,0.028550,0.501981,7.139766,-0.194821,7.139766,101.550133,-2.770978,-0.194821,-2.770978,0.075611,-0.000000,0.000000,102.127726,-0.002002,-0.028469,0.000777,0.028550,0.506518,7.204299,-0.196582,7.204299,102.467987,-2.796023,-0.196582,-2.796023,0.076295,-0.000000,0.000000,103.050800,0.033147,0.094061,0.063357,0.032257,0.093830,0.061795,0.000890,0.000231,0.001562,-0.016589,-0.114653,-0.060542,0.130713,1.421140,9.821996,5.186470,9.821996,67.883231,35.845499,5.186470,35.845499,18.928088,-0.000000,-0.000000,88.232459,-0.016589,-0.114653,-0.060542,0.130713,1.474510,10.190852,5.381243,10.190852,70.432522,37.191643,5.381243,37.191643,19.638915,-0.000000,0.000000,91.545947
2.4030,post_ramp,0.010,100.0000,4.339632,-1.340699,-1.374447,-0.001534,-0.145728,1.122874,-2.012583,1.003223,-2.699806,1.356039,-2.535670,1.282408,-1.814699,3.412255,1.340776,-0.000567,0.024030,0.023981,-0.568999,0.000000,0.007012,0.024660,-0.041017,0.023982,-0.173588,0.023982,1.612047,-0.759173,1.135906,0.001329,0.004858,0.000000,-0.004858,-0.007286,0.682707,0.923203,0.923203,0.609960,1.197784,1.197784,0.824472,1.163151,1.163151,0.779704,0.938314,0.938314,-0.002844,0.086058,-0.011062,0.003613,0.061050,-0.009209,-0.006457,0.025008,-0.001853,0.192409,-0.384152,0.513444,0.669491,9.613723,-19.194143,25.654199,-19.194143,38.321794,-51.219527,25.654199,-51.219527,68.458172,-0.000000,0.000000,116.393689,0.192409,-0.384152,0.513444,0.669491,6.855474,-13.687200,18.293818,-13.687200,27.326985,-36.524263,18.293818,-36.524263,48.817011,-0.000000,0.000000,82.999471,-0.017294,0.115122,0.078592,-0.016495,0.114699,0.073593,-0.000799,0.000423,0.004998,-0.029971,-0.338089,-0.249806,0.421432,0.531656,5.997456,4.431378,5.997456,67.655503,49.989053,4.431378,49.989053,36.935731,-0.000000,0.000000,105.122890,-0.029971,-0.338089,-0.249806,0.421432,0.569893,6.428787,4.750079,6.428787,72.521227,53.584222,4.750079,53.584222,39.592116,-0.000000,0.000000,112.683236,0.001612,0.106952,0.072450,0.001591,0.106664,0.072231,0.000021,0.000288,0.000219,-0.002531,-0.024006,-0.003223,0.024353,1.054893,10.005109,1.343282,10.005109,94.893223,12.740330,1.343282,12.740330,1.710512,-0.000000,0.000000,97.658628,-0.002531,-0.024006,-0.003223,0.024353,1.059367,10.047539,1.348979,10.047539,95.295656,12.794361,1.348979,12.794361,1.717766,-0.000000,0.000000,98.072789,0.016168,0.101080,0.055863,0.016089,0.100935,0.055587,0.000078,0.000144,0.000277,-0.001694,-0.024177,0.000682,0.024245,0.498577,7.115453,-0.200589,7.115453,101.548446,-2.862710,-0.200589,-2.862710,0.080701,-0.000000,0.000000,102.127724,-0.001694,-0.024177,0.000682,0.024245,0.502360,7.169450,-0.202111,7.169450,102.319069,-2.884435,-0.202111,-2.884435,0.081314,-0.000000,0.000000,102.902742,0.033196,0.094076,0.063443,0.032257,0.093830,0.061795,0.000939,0.000246,0.001648,-0.017635,-0.120928,-0.064111,0.138003,1.440859,9.880145,5.238057,9.880145,67.749328,35.917982,5.238057,35.917982,19.042276,-0.000000,0.000000,88.232463,-0.017635,-0.120928,-0.064111,0.138003,1.497803,10.270617,5.445070,10.270617,70.426841,37.337492,5.445070,37.337492,19.794844,0.000000,0.000000,91.719488
2.4212,post_ramp,0.010,100.0000,4.338098,-1.317689,-1.374447,-0.001534,-0.145728,1.110602,-2.012583,1.003223,-2.699806,1.354505,-2.535670,1.279340,-1.814699,2.348694,1.428301,-0.000301,0.024007,0.023981,-0.596935,0.000000,-0.007510,0.024342,-0.009820,0.023981,-0.169491,0.023981,1.611478,-0.746144,1.135906,0.001329,0.004858,0.000000,-0.004858,-0.007286,0.675246,0.923203,0.923203,0.609960,1.197784,1.197784,0.823539,1.163151,1.163151,0.777839,0.938314,0.938314,-0.003005,0.086440,-0.010398,0.003613,0.061050,-0.009209,-0.006619,0.025390,-0.001189,0.186269,-0.375363,0.489360,0.644257,9.736407,-19.620424,25.579139,-19.620424,39.538305,-51.546074,25.579139,-51.546074,67.200598,-0.000000,0.000000,116.475310,0.186269,-0.375363,0.489360,0.644257,6.898256,-13.901093,18.122850,-13.901093,28.012936,-36.520454,18.122850,-36.520454,47.611703,-0.000000,0.000000,82.522894,-0.017381,0.115146,0.079119,-0.016495,0.114699,0.073593,-0.000885,0.000447,0.005526,-0.032483,-0.371805,-0.278945,0.465945,0.510912,5.847939,4.387384,5.847939,66.935946,50.218319,4.387384,50.218319,37.676012,0.000000,0.000000,105.122871,-0.032483,-0.371805,-0.278945,0.465945,0.551376,6.311091,4.734860,6.311091,72.237211,54.195562,4.734860,54.195562,40.659917,-0.000000,0.000000,113.448504,0.001612,0.106952,0.072450,0.001591,0.106664,0.072231,0.000021,0.000288,0.000219,-0.002531,-0.024006,-0.003223,0.024353,1.054893,10.005109,1.343282,10.005109,94.893223,12.740330,1.343282,12.740330,1.710512,-0.000000,0.000000,97.658628,-0.002531,-0.024006,-0.003223,0.024353,1.059367,10.047539,1.348979,10.047539,95.295656,12.794361,1.348979,12.794361,1.717766,-0.000000,0.000000,98.072789,0.016182,0.101101,0.055916,0.016089,0.100935,0.055587,0.000093,0.000165,0.000329,-0.002002,-0.028470,0.000777,0.028551,0.501981,7.139766,-0.194821,7.139766,101.550133,-2.770978,-0.194821,-2.770978,0.075611,-0.000000,0.000000,102.127726,-0.002002,-0.028470,0.000777,0.028551,0.506519,7.204300,-0.196582,7.204300,102.468013,-2.796024,-0.196582,-2.796024,0.076295,-0.000000,0.000000,103.050826,0.033244,0.094090,0.063528,0.032257,0.093830,0.061795,0.000987,0.000261,0.001734,-0.018695,-0.127192,-0.067701,0.145295,1.460700,9.938075,5.289817,9.938075,67.615084,35.990010,5.289817,35.990010,19.156684,0.000000,0.000000,88.232467,-0.018695,-0.127192,-0.067701,0.145295,1.521296,10.350350,5.509262,10.350350,70.420051,37.483032,5.509262,37.483032,19.951387,-0.000000,0.000000,91.892734
2.4394,post_ramp,0.010,100.0000,4.331962,-1.300816,-1.374447,-0.001534,-0.145728,1.101398,-2.012583,1.003223,-2.699806,1.354505,-2.535670,1.276272,-1.814699,1.315441,1.377625,-0.000160,0.023995,0.023981,-0.616279,0.000000,-0.003991,0.024173,-0.006785,0.023981,-0.161225,0.023981,1.609198,-0.736589,1.135906,0.001329,0.004858,0.000000,-0.004858,-0.007286,0.669650,0.923203,0.923203,0.609960,1.197784,1.197784,0.823539,1.163151,1.163151,0.775973,0.938314,0.938314,-0.003246,0.086759,-0.009939,0.003613,0.061050,-0.009209,-0.006859,0.025709,-0.000730,0.184833,-0.372726,0.477875,0.633603,9.917184,-19.998498,25.640289,-19.998498,40.327970,-51.704923,25.640289,-51.704923,66.291438,-0.000000,0.000000,116.536592,0.184833,-0.372726,0.477875,0.633603,6.996122,-14.108029,18.088056,-14.108029,28.449545,-36.475468,18.088056,-36.475468,46.765589,-0.000000,0.000000,82.211256,-0.017445,0.115161,0.079514,-0.016495,0.114699,0.073593,-0.000950,0.000462,0.005921,-0.034287,-0.396839,-0.301142,0.499343,0.495636,5.736480,4.353139,5.736480,66.393877,50.383131,4.353139,50.383131,38.233343,0.000000,0.000000,105.122856,-0.034287,-0.396839,-0.301142,0.499343,0.537578,6.221910,4.721510,6.221910,72.012240,54.646637,4.721510,54.646637,41.468713,-0.000000,-0.000000,114.018530,0.001612,0.106952,0.072450,0.001591,0.106664,0.072231,0.000021,0.000288,0.000219,-0.002531,-0.024006,-0.003223,0.024353,1.054893,10.005109,1.343282,10.005109,94.893223,12.740330,1.343282,12.740330,1.710512,-0.000000,0.000000,97.658628,-0.002531,-0.024006,-0.003223,0.024353,1.059367,10.047539,1.348979,10.047539,95.295656,12.794361,1.348979,12.794361,1.717766,-0.000000,0.000000,98.072789,0.016182,0.101101,0.055916,0.016089,0.100935,0.055587,0.000093,0.000165,0.000329,-0.002002,-0.028471,0.000777,0.028552,0.501981,7.139766,-0.194821,7.139766,101.550133,-2.770978,-0.194821,-2.770978,0.075611,-0.000000,0.000000,102.127726,-0.002002,-0.028471,0.000777,0.028552,0.506519,7.204301,-0.196582,7.204301,102.468023,-2.796024,-0.196582,-2.796024,0.076295,-0.000000,0.000000,103.050836,0.033293,0.094105,0.063614,0.032257,0.093830,0.061795,0.001036,0.000275,0.001820,-0.019767,-0.133444,-0.071313,0.152589,1.480661,9.995787,5.341749,9.995787,67.480500,36.061581,5.341749,36.061581,19.271310,-0.000000,0.000000,88.232471,-0.019767,-0.133444,-0.071313,0.152589,1.544987,10.430047,5.573817,10.430047,70.412145,37.628252,5.573817,37.628252,20.108539,-0.000000,0.000000,92.065672
2.4575,post_ramp,0.010,100.0000,4.319690,-1.293146,-1.374447,-0.001534,-0.145728,1.092194,-2.012583,1.004757,-2.699806,1.354505,-2.535670,1.273204,-1.814699,0.558208,1.178661,-0.000085,0.023988,0.023981,-0.613164,0.000000,0.014198,0.024083,-0.010286,0.023981,-0.153100,0.023981,1.604640,-0.732246,1.135906,0.001329,0.004858,0.000000,-0.004858,-0.007286,0.664054,0.923203,0.923203,0.610893,1.197784,1.197784,0.823539,1.163151,1.163151,0.774108,0.938314,0.938314,-0.003585,0.086983,-0.009788,0.003613,0.061050,-0.009209,-0.007198,0.025933,-0.000579,0.190013,-0.379089,0.483708,0.643263,10.170870,-20.291550,25.891545,-20.291550,40.482968,-51.655323,25.891545,-51.655323,65.910987,-0.000000,0.000000,116.564825,0.190013,-0.379089,0.483708,0.643263,7.166495,-14.297626,18.243437,-14.297626,28.524697,-36.396848,18.243437,-36.396848,46.441530,0.000000,0.000000,82.132722,-0.017511,0.115174,0.079910,-0.016495,0.114699,0.073593,-0.001015,0.000475,0.006317,-0.036022,-0.421650,-0.323630,0.532750,0.480602,5.625613,4.317834,5.625613,65.849826,50.541801,4.317834,50.541801,38.792414,0.000000,0.000000,105.122841,-0.036022,-0.421650,-0.323630,0.532750,0.523861,6.131987,4.706492,6.131987,71.777110,55.091177,4.706492,55.091177,42.284202,-0.000000,0.000000,114.585173,0.001610,0.106944,0.072390,0.001591,0.106664,0.072231,0.000019,0.000280,0.000160,-0.002098,-0.019908,-0.002654,0.020193,1.054446,10.004266,1.333635,10.004266,94.917438,12.653120,1.333635,12.653120,1.686744,-0.000000,0.000000,97.658628,-0.002098,-0.019908,-0.002654,0.020193,1.057216,10.030544,1.337138,10.030544,95.166764,12.686357,1.337138,12.686357,1.691175,-0.000000,0.000000,97.915155,0.016182,0.101101,0.055916,0.016089,0.100935,0.055587,0.000093,0.000165,0.000329,-0.002002,-0.028471,0.000777,0.028552,0.501981,7.139766,-0.194821,7.139766,101.550133,-2.770978,-0.194821,-2.770978,0.075611,-0.000000,0.000000,102.127726,-0.002002,-0.028471,0.000777,0.028552,0.506519,7.204302,-0.196582,7.204302,102.468034,-2.796025,-0.196582,-2.796025,0.076295,-0.000000,0.000000,103.050847,0.033342,0.094119,0.063700,0.032257,0.093830,0.061795,0.001085,0.000290,0.001906,-0.020852,-0.139685,-0.074945,0.159886,1.500743,10.053279,5.393852,10.053279,67.345579,36.132695,5.393852,36.132695,19.386152,-0.000000,-0.000000,88.232475,-0.020852,-0.139685,-0.074945,0.159886,1.568878,10.509707,5.638737,10.509707,70.403129,37.773152,5.638737,37.773152,20.266301,-0.000000,0.000000,92.238309
2.4757,post_ramp,0.010,100.0000,4.304350,-1.293146,-1.374447,-0.001534,-0.145728,1.084524,-2.012583,1.004757,-2.699806,1.356039,-2.535670,1.271670,-1.814699,0.037856,0.847038,-0.000045,0.023985,0.023981,-0.572261,0.000000,0.030018,0.024035,0.016415,0.023981,-0.148782,0.023981,1.598941,-0.732246,1.135906,0.001329,0.004858,0.000000,-0.004858,-0.007286,0.659391,0.923203,0.923203,0.610893,1.197784,1.197784,0.824472,1.163151,1.163151,0.773175,0.938314,0.938314,-0.003957,0.087114,-0.009882,0.003613,0.061050,-0.009209,-0.007570,0.026064,-0.000673,0.199557,-0.391194,0.501418,0.666540,10.448377,-20.482076,26.253175,-20.482076,40.151255,-51.464408,26.253175,-51.464408,65.965193,-0.000000,-0.000000,116.564825,0.199557,-0.391194,0.501418,0.666540,7.370644,-14.448760,18.519892,-14.448760,28.324075,-36.304762,18.519892,-36.304762,46.534114,-0.000000,0.000000,82.228833,-0.017565,0.115183,0.080240,-0.016495,0.114699,0.073593,-0.001070,0.000484,0.006646,-0.037415,-0.442154,-0.342590,0.560596,0.468257,5.533686,4.287609,5.533686,65.394984,50.669321,4.287609,50.669321,39.259587,-0.000000,0.000000,105.122828,-0.037415,-0.442154,-0.342590,0.560596,0.512498,6.056506,4.692700,6.056506,71.573469,55.456532,4.692700,55.456532,42.968812,-0.000000,0.000000,115.054779,0.001610,0.106944,0.072390,0.001591,0.106664,0.072231,0.000019,0.000280,0.000160,-0.002098,-0.019908,-0.002654,0.020193,1.054446,10.004266,1.333635,10.004266,94.917438,12.653120,1.333635,12.653120,1.686744,-0.000000,0.000000,97.658628,-0.002098,-0.019908,-0.002654,0.020193,1.057216,10.030544,1.337138,10.030544,95.166764,12.686357,1.337138,12.686357,1.691175,-0.000000,0.000000,97.915155,0.016168,0.101080,0.055863,0.016089,0.100935,0.055587,0.000078,0.000144,0.000277,-0.001694,-0.024179,0.000682,0.024248,0.498577,7.115453,-0.200589,7.115453,101.548446,-2.862710,-0.200589,-2.862710,0.080701,-0.000000,-0.000000,102.127724,-0.001694,-0.024179,0.000682,0.024248,0.502360,7.169453,-0.202111,7.169453,102.319109,-2.884436,-0.202111,-2.884436,0.081314,-0.000000,0.000000,102.902783,0.033366,0.094126,0.063743,0.032257,0.093830,0.061795,0.001109,0.000297,0.001948,-0.021399,-0.142801,-0.076769,0.163535,1.510829,10.081942,5.419967,10.081942,67.277993,36.168081,5.419967,36.168081,19.443654,-0.000000,0.000000,88.232477,-0.021399,-0.142801,-0.076769,0.163535,1.580898,10.549522,5.671334,10.549522,70.398206,37.845481,5.671334,37.845481,20.345411,0.000000,0.000000,92.324515
2.4939,post_ramp,0.010,100.0000,4.284408,-1.294680,-1.374447,-0.001534,-0.145728,1.079922,-2.012583,1.004757,-2.699806,1.359107,-2.535670,1.268602,-1.814699,-0.357543,0.496152,-0.000024,0.023983,0.023981,-0.490066,0.000000,0.025622,0.024010,0.056810,0.023981,-0.146488,0.023981,1.591534,-0.733114,1.135906,0.001329,0.004858,0.000000,-0.004858,-0.007286,0.656593,0.923203,0.923203,0.610893,1.197784,1.197784,0.826337,1.163151,1.163151,0.771310,0.938314,0.938314,-0.004432,0.087257,-0.010049,0.003613,0.061050,-0.009209,-0.008046,0.026207,-0.000840,0.212684,-0.407332,0.526105,0.698527,10.805645,-20.694899,26.729312,-20.694899,39.634730,-51.191798,26.729312,-51.191798,66.118784,-0.000000,-0.000000,116.559160,0.212684,-0.407332,0.526105,0.698527,7.636967,-14.626267,18.891132,-14.626267,28.012128,-36.180168,18.891132,-36.180168,46.729922,-0.000000,0.000000,82.379016,-0.017598,0.115188,0.080437,-0.016495,0.114699,0.073593,-0.001102,0.000489,0.006844,-0.038228,-0.454381,-0.354062,0.577307,0.460931,5.478733,4.269124,5.478733,65.121458,50.743773,4.269124,50.743773,39.540431,-0.000000,-0.000000,105.122821,-0.038228,-0.454381,-0.354062,0.577307,0.505710,6.010987,4.683866,6.010987,71.447947,55.673483,4.683866,55.673483,43.381747,-0.000000,0.000000,115.335404,0.001610,0.106944,0.072390,0.001591,0.106664,0.072231,0.000019,0.000280,0.000160,-0.002098,-0.019908,-0.002654,0.020193,1.054446,10.004266,1.333635,10.004266,94.917438,12.653120,1.333635,12.653120,1.686744,-0.000000,0.000000,97.658628,-0.002098,-0.019908,-0.002654,0.020193,1.057216,10.030544,1.337138,10.030544,95.166764,12.686357,1.337138,12.686357,1.691175,-0.000000,0.000000,97.915155,0.016138,0.101038,0.055758,0.016089,0.100935,0.055587,0.000049,0.000102,0.000172,-0.001085,-0.015597,0.000468,0.015642,0.491801,7.066800,-0.211992,7.066800,101.544540,-3.046157,-0.211992,-3.046157,0.091379,-0.000000,0.000000,102.127720,-0.001085,-0.015597,0.000468,0.015642,0.494106,7.099926,-0.212985,7.099926,102.020532,-3.060436,-0.212985,-3.060436,0.091808,-0.000000,0.000000,102.606446,0.033415,0.094141,0.063829,0.032257,0.093830,0.061795,0.001158,0.000311,0.002034,-0.022504,-0.149024,-0.080432,0.170833,1.531092,10.139104,5.472325,10.139104,67.142570,36.238507,5.472325,36.238507,19.558819,-0.000000,0.000000,88.232480,-0.022504,-0.149024,-0.080432,0.170833,1.605088,10.629119,5.736798,10.629119,70.387518,37.989886,5.736798,37.989886,20.504082,-0.000000,0.000000,92.496688
2.5121,post_ramp,0.010,100.0000,4.266001,-1.296214,-1.374447,-0.001534,-0.145728,1.079922,-2.012583,1.003223,-2.699806,1.359107,-2.535670,1.265534,-1.814699,-0.663445,0.238063,-0.000013,0.023982,0.023981,-0.364349,0.000000,0.005370,0.023996,0.081817,0.023981,-0.145268,0.023981,1.584696,-0.733983,1.135906,0.001329,0.004858,0.000000,-0.004858,-0.007286,0.656593,0.923203,0.923203,0.609960,1.197784,1.197784,0.826337,1.163151,1.163151,0.769445,0.938314,0.938314,-0.004872,0.087383,-0.010207,0.003613,0.061050,-0.009209,-0.008485,0.026333,-0.000998,0.225091,-0.422003,0.549025,0.728135,11.138241,-20.882115,27.167589,-20.882115,39.150054,-50.934139,27.167589,-50.934139,66.265209,-0.000000,0.000000,116.553504,0.225091,-0.422003,0.549025,0.728135,7.885303,-14.783466,19.233259,-14.783466,27.716230,-36.058757,19.233259,-36.058757,46.912368,-0.000000,-0.000000,82.513901,-0.017598,0.115188,0.080437,-0.016495,0.114699,0.073593,-0.001102,0.000489,0.006844,-0.038228,-0.454381,-0.354062,0.577307,0.460931,5.478733,4.269124,5.478733,65.121458,50.743773,4.269124,50.743773,39.540431,-0.000000,-0.000000,105.122821,-0.038228,-0.454381,-0.354062,0.577307,0.505710,6.010987,4.683866,6.010987,71.447947,55.673483,4.683866,55.673483,43.381747,-0.000000,0.000000,115.335404,0.001612,0.106952,0.072450,0.001591,0.106664,0.072231,0.000021,0.000288,0.000219,-0.002531,-0.024006,-0.003223,0.024353,1.054893,10.005109,1.343282,10.005109,94.893223,12.740330,1.343282,12.740330,1.710512,-0.000000,0.000000,97.658628,-0.002531,-0.024006,-0.003223,0.024353,1.059367,10.047539,1.348979,10.047539,95.295656,12.794361,1.348979,12.794361,1.717766,-0.000000,0.000000,98.072789,0.016138,0.101038,0.055758,0.016089,0.100935,0.055587,0.000049,0.000102,0.000172,-0.001085,-0.015598,0.000468,0.015642,0.491801,7.066800,-0.211992,7.066800,101.544540,-3.046157,-0.211992,-3.046157,0.091379,-0.000000,0.000000,102.127720,-0.001085,-0.015598,0.000468,0.015642,0.494106,7.099926,-0.212985,7.099926,102.020538,-3.060436,-0.212985,-3.060436,0.091808,-0.000000,0.000000,102.606451,0.033464,0.094155,0.063915,0.032257,0.093830,0.061795,0.001207,0.000325,0.002120,-0.023621,-0.155236,-0.084116,0.178134,1.551474,10.196043,5.524853,10.196043,67.006813,36.308473,5.524853,36.308473,19.674197,-0.000000,0.000000,88.232484,-0.023621,-0.155236,-0.084116,0.178134,1.629477,10.708671,5.802626,10.708671,70.375722,38.133958,5.802626,38.133958,20.663358,-0.000000,0.000000,92.668558
2.5303,post_ramp,0.010,100.0000,4.244525,-1.299282,-1.374447,-0.001534,-0.145728,1.079922,-2.012583,1.003223,-2.699806,1.359107,-2.535670,1.264000,-1.814699,-0.864720,0.082987,-0.000007,0.023981,0.023981,-0.218292,0.000000,-0.008383,0.023989,0.066135,0.023981,-0.134431,0.023981,1.576718,-0.735720,1.135906,0.001329,0.004858,0.000000,-0.004858,-0.007286,0.656593,0.923203,0.923203,0.609960,1.197784,1.197784,0.826337,1.163151,1.163151,0.768512,0.938314,0.938314,-0.005379,0.087507,-0.010427,0.003613,0.061050,-0.009209,-0.008992,0.026457,-0.001218,0.240247,-0.439224,0.577161,0.764036,11.523173,-21.066875,27.682837,-21.066875,38.514842,-50.610265,27.682837,-50.610265,66.504204,-0.000000,0.000000,116.542220,0.240247,-0.439224,0.577161,0.764036,8.175903,-14.947335,19.641482,-14.947335,27.326989,-35.908914,19.641482,-35.908914,47.185956,-0.000000,0.000000,82.688848,-0.017598,0.115188,0.080437,-0.016495,0.114699,0.073593,-0.001102,0.000489,0.006844,-0.038228,-0.454381,-0.354062,0.577307,0.460931,5.478733,4.269124,5.478733,65.121458,50.743773,4.269124,50.743773,39.540431,-0.000000,-0.000000,105.122821,-0.038228,-0.454381,-0.354062,0.577307,0.505710,6.010987,4.683866,6.010987,71.447946,55.673483,4.683866,55.673483,43.381747,-0.000000,0.000000,115.335403,0.001612,0.106952,0.072450,0.001591,0.106664,0.072231,0.000021,0.000288,0.000219,-0.002531,-0.024006,-0.003223,0.024353,1.054893,10.005109,1.343282,10.005109,94.893223,12.740330,1.343282,12.740330,1.710512,-0.000000,0.000000,97.658628,-0.002531,-0.024006,-0.003223,0.024353,1.059367,10.047539,1.348979,10.047539,95.295656,12.794361,1.348979,12.794361,1.717766,-0.000000,0.000000,98.072789,0.016138,0.101038,0.055758,0.016089,0.100935,0.055587,0.000049,0.000102,0.000172,-0.001086,-0.015598,0.000468,0.015643,0.491801,7.066800,-0.211992,7.066800,101.544540,-3.046157,-0.211992,-3.046157,0.091379,-0.000000,0.000000,102.127720,-0.001086,-0.015598,0.000468,0.015643,0.494106,7.099926,-0.212985,7.099926,102.020541,-3.060436,-0.212985,-3.060436,0.091808,-0.000000,0.000000,102.606454,0.033488,0.094162,0.063958,0.032257,0.093830,0.061795,0.001231,0.000332,0.002163,-0.024185,-0.158337,-0.085966,0.181785,1.561709,10.224430,5.551180,10.224430,66.938811,36.343284,5.551180,36.343284,19.731965,-0.000000,0.000000,88.232485,-0.024185,-0.158337,-0.085966,0.181785,1.641747,10.748430,5.835676,10.748430,70.369409,38.205868,5.835676,38.205868,20.743223,-0.000000,0.000000,92.754379
2.5485,post_ramp,0.010,100.0000,4.224583,-1.300816,-1.374447,-0.001534,-0.145728,1.079922,-2.012583,1.003223,-2.699806,1.357573,-2.535670,1.262466,-1.814699,-0.974025,-0.010137,-0.000004,0.023981,0.023981,-0.116009,0.000000,-0.005871,0.023985,0.028316,0.023981,-0.121494,0.023981,1.569310,-0.736589,1.135906,0.001329,0.004858,0.000000,-0.004858,-0.007286,0.656593,0.923203,0.923203,0.609960,1.197784,1.197784,0.825404,1.163151,1.163151,0.767579,0.938314,0.938314,-0.005858,0.087639,-0.010593,0.003613,0.061050,-0.009209,-0.009471,0.026589,-0.001384,0.254214,-0.454405,0.601853,0.795824,11.891235,-21.255487,28.152563,-21.255487,37.994012,-50.322480,28.152563,-50.322480,66.651344,0.000000,0.000000,116.536592,0.254214,-0.454405,0.601853,0.795824,8.450646,-15.105462,20.006951,-15.105462,27.000892,-35.762263,20.006951,-35.762263,47.366563,-0.000000,0.000000,82.818101,-0.017598,0.115188,0.080437,-0.016495,0.114699,0.073593,-0.001102,0.000489,0.006844,-0.038228,-0.454381,-0.354062,0.577307,0.460931,5.478733,4.269124,5.478733,65.121458,50.743773,4.269124,50.743773,39.540431,-0.000000,0.000000,105.122821,-0.038228,-0.454381,-0.354062,0.577307,0.505710,6.010987,4.683866,6.010987,71.447946,55.673483,4.683866,55.673483,43.381746,-0.000000,0.000000,115.335403,0.001612,0.106952,0.072450,0.001591,0.106664,0.072231,0.000021,0.000288,0.000219,-0.002531,-0.024006,-0.003223,0.024353,1.054893,10.005109,1.343282,10.005109,94.893223,12.740330,1.343282,12.740330,1.710512,-0.000000,0.000000,97.658628,-0.002531,-0.024006,-0.003223,0.024353,1.059367,10.047539,1.348979,10.047539,95.295656,12.794361,1.348979,12.794361,1.717766,-0.000000,0.000000,98.072789,0.016153,0.101059,0.055811,0.016089,0.100935,0.055587,0.000064,0.000123,0.000224,-0.001389,-0.019888,0.000579,0.019945,0.495183,7.091131,-0.206312,7.091131,101.546581,-2.954437,-0.206312,-2.954437,0.085958,-0.000000,0.000000,102.127722,-0.001389,-0.019888,0.000579,0.019945,0.498223,7.134662,-0.207579,7.134662,102.169956,-2.972573,-0.207579,-2.972573,0.086485,-0.000000,0.000000,102.754664,0.033513,0.094168,0.064001,0.032257,0.093830,0.061795,0.001256,0.000339,0.002206,-0.024752,-0.161436,-0.087822,0.185437,1.571975,10.252761,5.577549,10.252761,66.870726,36.377979,5.577549,36.377979,19.789786,0.000000,0.000000,88.232487,-0.024752,-0.161436,-0.087822,0.185437,1.654066,10.788176,5.868817,10.788176,70.362822,38.277694,5.868817,38.277694,20.823240,-0.000000,0.000000,92.840127
2.5666,post_ramp,0.010,100.0000,4.206175,-1.302350,-1.374447,-0.001534,-0.145728,1.079922,-2.012583,1.004757,-2.699806,1.354505,-2.535670,1.260932,-1.814699,-1.016972,-0.055440,-0.000002,0.023981,0.023981,-0.061652,0.000000,0.009098,0.023983,-0.019643,0.023981,-0.112834,0.023981,1.562472,-0.737457,1.135906,0.001329,0.004858,0.000000,-0.004858,-0.007286,0.656593,0.923203,0.923203,0.610893,1.197784,1.197784,0.823539,1.163151,1.163151,0.766647,0.938314,0.938314,-0.006300,0.087755,-0.010749,0.003613,0.061050,-0.009209,-0.009913,0.026705,-0.001540,0.267382,-0.468175,0.624770,0.825239,12.233357,-21.420143,28.584741,-21.420143,37.505855,-50.050795,28.584741,-50.050795,66.791761,-0.000000,0.000000,116.530973,0.267382,-0.468175,0.624770,0.825239,8.706319,-15.244434,20.343385,-15.244434,26.692425,-35.620494,20.343385,-35.620494,47.534819,-0.000000,0.000000,82.933564,-0.017598,0.115188,0.080437,-0.016495,0.114699,0.073593,-0.001102,0.000489,0.006844,-0.038228,-0.454381,-0.354062,0.577307,0.460931,5.478733,4.269124,5.478733,65.121458,50.743773,4.269124,50.743773,39.540431,-0.000000,0.000000,105.122821,-0.038228,-0.454381,-0.354062,0.577307,0.505710,6.010987,4.683866,6.010987,71.447946,55.673483,4.683866,55.673483,43.381746,-0.000000,0.000000,115.335403,0.001610,0.106944,0.072390,0.001591,0.106664,0.072231,0.000019,0.000280,0.000160,-0.002098,-0.019908,-0.002654,0.020193,1.054446,10.004266,1.333635,10.004266,94.917438,12.653120,1.333635,12.653120,1.686744,-0.000000,0.000000,97.658628,-0.002098,-0.019908,-0.002654,0.020193,1.057216,10.030544,1.337138,10.030544,95.166764,12.686357,1.337138,12.686357,1.691175,-0.000000,0.000000,97.915155,0.016182,0.101101,0.055916,0.016089,0.100935,0.055587,0.000093,0.000165,0.000329,-0.002002,-0.028473,0.000777,0.028554,0.501981,7.139766,-0.194821,7.139766,101.550133,-2.770978,-0.194821,-2.770978,0.075611,-0.000000,0.000000,102.127726,-0.002002,-0.028473,0.000777,0.028554,0.506519,7.204304,-0.196582,7.204304,102.468063,-2.796025,-0.196582,-2.796025,0.076295,-0.000000,0.000000,103.050876,0.033537,0.094175,0.064044,0.032257,0.093830,0.061795,0.001280,0.000346,0.002249,-0.025322,-0.164532,-0.089682,0.189089,1.582270,10.281036,5.603959,10.281036,66.802559,36.412558,5.603959,36.412558,19.847659,-0.000000,0.000000,88.232488,-0.025322,-0.164532,-0.089682,0.189089,1.666435,10.827911,5.902048,10.827911,70.355960,38.349436,5.902048,38.349436,20.903407,-0.000000,0.000000,92.925803
2.5849,post_ramp,0.010,100.0000,4.190836,-1.302350,-1.374447,-0.001534,-0.145728,1.079922,-2.012583,1.003223,-2.699806,1.352971,-2.535670,1.257864,-1.814699,-1.018089,-0.063354,-0.000001,0.023981,0.023981,-0.032764,0.000000,0.027308,0.023982,-0.057543,0.023981,-0.104911,0.023981,1.556774,-0.737457,1.135906,0.001329,0.004858,0.000000,-0.004858,-0.007286,0.656593,0.923203,0.923203,0.609960,1.197784,1.197784,0.822606,1.163151,1.163151,0.764781,0.938314,0.938314,-0.006677,0.087870,-0.010841,0.003613,0.061050,-0.009209,-0.010290,0.026820,-0.001632,0.278157,-0.479080,0.642464,0.848321,12.528571,-21.578398,28.937419,-21.578398,37.165233,-49.839933,28.937419,-49.839933,66.837169,0.000000,0.000000,116.530973,0.278157,-0.479080,0.642464,0.848321,8.923668,-15.369547,20.611123,-15.369547,26.471511,-35.499262,20.611123,-35.499262,47.605806,-0.000000,0.000000,83.000984,-0.017598,0.115188,0.080437,-0.016495,0.114699,0.073593,-0.001102,0.000489,0.006844,-0.038228,-0.454381,-0.354062,0.577307,0.460931,5.478733,4.269124,5.478733,65.121458,50.743773,4.269124,50.743773,39.540431,-0.000000,0.000000,105.122821,-0.038228,-0.454381,-0.354062,0.577307,0.505710,6.010987,4.683866,6.010987,71.447946,55.673482,4.683866,55.673482,43.381746,-0.000000,0.000000,115.335402,0.001612,0.106952,0.072450,0.001591,0.106664,0.072231,0.000021,0.000288,0.000219,-0.002531,-0.024006,-0.003223,0.024353,1.054893,10.005109,1.343282,10.005109,94.893223,12.740330,1.343282,12.740330,1.710512,-0.000000,0.000000,97.658628,-0.002531,-0.024006,-0.003223,0.024353,1.059367,10.047539,1.348979,10.047539,95.295656,12.794361,1.348979,12.794361,1.717766,-0.000000,0.000000,98.072789,0.016197,0.101122,0.055969,0.016089,0.100935,0.055587,0.000108,0.000186,0.000382,-0.002312,-0.032768,0.000865,0.032860,0.505397,7.164071,-0.189010,7.164071,101.551644,-2.679240,-0.189010,-2.679240,0.070686,-0.000000,0.000000,102.127728,-0.002312,-0.032768,0.000865,0.032860,0.510698,7.239211,-0.190992,7.239211,102.616759,-2.707341,-0.190992,-2.707341,0.071428,-0.000000,0.000000,103.198885,0.033586,0.094189,0.064129,0.032257,0.093830,0.061795,0.001329,0.000359,0.002335,-0.026471,-0.170714,-0.093419,0.196395,1.602950,10.337419,5.656907,10.337419,66.665980,36.481371,5.656907,36.481371,19.963562,-0.000000,0.000000,88.232491,-0.026471,-0.170714,-0.093419,0.196395,1.691324,10.907341,5.968783,10.907341,70.341402,38.492658,5.968783,38.492658,21.064191,-0.000000,0.000000,93.096916
2.6030,post_ramp,0.010,100.0000,4.173962,-1.302350,-1.374447,-0.001534,-0.145728,1.079922,-2.012583,1.004757,-2.699806,1.351437,-2.535670,1.256330,-1.814699,-0.958991,-0.036658,-0.000001,0.023981,0.023981,-0.017412,0.000000,0.030487,0.023981,-0.075527,0.023981,-0.098301,0.023981,1.550506,-0.737457,1.135906,0.001329,0.004858,0.000000,-0.004858,-0.007286,0.656593,0.923203,0.923203,0.610893,1.197784,1.197784,0.821674,1.163151,1.163151,0.763849,0.938314,0.938314,-0.007092,0.087993,-0.010942,0.003613,0.061050,-0.009209,-0.010706,0.026943,-0.001733,0.290197,-0.490905,0.661919,0.873692,12.856117,-21.747749,29.323906,-21.747749,36.789069,-49.605099,29.323906,-49.605099,66.885787,-0.000000,0.000000,116.530973,0.290197,-0.490905,0.661919,0.873692,9.164683,-15.503222,20.904004,-15.503222,26.225662,-35.361768,20.904004,-35.361768,47.680576,-0.000000,0.000000,83.070921,-0.017598,0.115188,0.080437,-0.016495,0.114699,0.073593,-0.001102,0.000489,0.006844,-0.038228,-0.454381,-0.354062,0.577307,0.460931,5.478733,4.269124,5.478733,65.121458,50.743773,4.269124,50.743773,39.540431,0.000000,0.000000,105.122821,-0.038228,-0.454381,-0.354062,0.577307,0.505710,6.010987,4.683866,6.010987,71.447945,55.673482,4.683866,55.673482,43.381746,-0.000000,0.000000,115.335402,0.001610,0.106944,0.072390,0.001591,0.106664,0.072231,0.000019,0.000280,0.000160,-0.002098,-0.019908,-0.002654,0.020193,1.054446,10.004266,1.333635,10.004266,94.917438,12.653120,1.333635,12.653120,1.686744,-0.000000,0.000000,97.658628,-0.002098,-0.019908,-0.002654,0.020193,1.057216,10.030544,1.337138,10.030544,95.166764,12.686357,1.337138,12.686357,1.691175,-0.000000,0.000000,97.915155,0.016212,0.101143,0.056021,0.016089,0.100935,0.055587,0.000122,0.000207,0.000434,-0.002623,-0.037063,0.000944,0.037168,0.508824,7.188367,-0.183154,7.188367,101.552978,-2.587498,-0.183154,-2.587498,0.065928,-0.000000,0.000000,102.127730,-0.002623,-0.037063,0.000944,0.037168,0.514898,7.274174,-0.185341,7.274174,102.765210,-2.618384,-0.185341,-2.618384,0.066715,-0.000000,0.000000,103.346823,0.033611,0.094195,0.064172,0.032257,0.093830,0.061795,0.001354,0.000366,0.002378,-0.027051,-0.173801,-0.095295,0.200049,1.613334,10.365526,5.683443,10.365526,66.597567,36.515603,5.683443,36.515603,20.021591,-0.000000,0.000000,88.232493,-0.027051,-0.173801,-0.095295,0.200049,1.703843,10.947035,6.002285,10.947035,70.333710,38.564139,6.002285,38.564139,21.144808,-0.000000,0.000000,93.182361
2.6219,post_ramp,0.010,100.0000,4.164758,-1.303884,-1.374447,-0.001534,-0.145728,1.079922,-2.012583,1.003223,-2.699806,1.351437,-2.535670,1.256330,-1.814699,-0.860165,-0.017142,-0.000000,0.023981,0.023981,-0.009254,0.000000,0.016968,0.023981,-0.067016,0.023981,-0.081394,0.023981,1.547087,-0.738326,1.135906,0.001329,0.004858,0.000000,-0.004858,-0.007286,0.656593,0.923203,0.923203,0.609960,1.197784,1.197784,0.821674,1.163151,1.163151,0.763849,0.938314,0.938314,-0.007310,0.088036,-0.011042,0.003613,0.061050,-0.009209,-0.010923,0.026986,-0.001833,0.297284,-0.497665,0.674206,0.889158,13.025858,-21.805767,29.541131,-21.805767,36.503657,-49.452942,29.541131,-49.452942,66.995849,-0.000000,0.000000,116.525363,0.297284,-0.497665,0.674206,0.889158,9.293391,-15.557479,21.076329,-15.557479,26.043792,-35.282552,21.076329,-35.282552,47.798663,-0.000000,0.000000,83.135846,-0.017598,0.115188,0.080437,-0.016495,0.114699,0.073593,-0.001102,0.000489,0.006844,-0.038228,-0.454381,-0.354062,0.577307,0.460931,5.478733,4.269124,5.478733,65.121458,50.743773,4.269124,50.743773,39.540431,0.000000,0.000000,105.122821,-0.038228,-0.454381,-0.354062,0.577307,0.505710,6.010987,4.683866,6.010987,71.447945,55.673482,4.683866,55.673482,43.381746,-0.000000,0.000000,115.335402,0.001612,0.106952,0.072450,0.001591,0.106664,0.072231,0.000021,0.000288,0.000219,-0.002531,-0.024006,-0.003223,0.024353,1.054893,10.005109,1.343282,10.005109,94.893223,12.740330,1.343282,12.740330,1.710512,-0.000000,0.000000,97.658628,-0.002531,-0.024006,-0.003223,0.024353,1.059367,10.047539,1.348979,10.047539,95.295656,12.794361,1.348979,12.794361,1.717766,-0.000000,0.000000,98.072789,0.016212,0.101143,0.056021,0.016089,0.100935,0.055587,0.000122,0.000207,0.000434,-0.002623,-0.037063,0.000944,0.037168,0.508824,7.188367,-0.183154,7.188367,101.552978,-2.587498,-0.183154,-2.587498,0.065928,-0.000000,0.000000,102.127730,-0.002623,-0.037063,0.000944,0.037168,0.514898,7.274174,-0.185341,7.274174,102.765210,-2.618384,-0.185341,-2.618384,0.066715,-0.000000,0.000000,103.346823,0.033611,0.094195,0.064172,0.032257,0.093830,0.061795,0.001354,0.000366,0.002378,-0.027051,-0.173801,-0.095295,0.200049,1.613334,10.365526,5.683443,10.365526,66.597567,36.515603,5.683443,36.515603,20.021591,-0.000000,0.000000,88.232493,-0.027051,-0.173801,-0.095295,0.200049,1.703843,10.947035,6.002285,10.947035,70.333710,38.564139,6.002285,38.564139,21.144808,-0.000000,0.000000,93.182361
2.6401,post_ramp,0.010,100.0000,4.160156,-1.303884,-1.374447,-0.001534,-0.145728,1.086058,-2.012583,1.003223,-2.699806,1.349903,-2.535670,1.254796,-1.814699,-0.713788,-0.020346,-0.000000,0.023981,0.023981,0.028019,0.000000,-0.002219,0.023981,-0.058088,0.023981,-0.070993,0.023981,1.545377,-0.738326,1.135906,0.001329,0.004858,0.000000,-0.004858,-0.007286,0.660324,0.923203,0.923203,0.609960,1.197784,1.197784,0.820741,1.163151,1.163151,0.762916,0.938314,0.938314,-0.007424,0.088068,-0.011069,0.003613,0.061050,-0.009209,-0.011037,0.027018,-0.001860,0.300629,-0.500823,0.679509,0.896066,13.116014,-21.850223,29.646016,-21.850223,36.400711,-49.387874,29.646016,-49.387874,67.008638,0.000000,0.000000,116.525363,0.300629,-0.500823,0.679509,0.896066,9.359690,-15.592489,21.155627,-15.592489,25.975830,-35.243571,21.155627,-35.243571,47.817886,-0.000000,0.000000,83.153406,-0.017554,0.115182,0.080174,-0.016495,0.114699,0.073593,-0.001059,0.000483,0.006580,-0.037140,-0.438066,-0.338782,0.555026,0.470713,5.552037,4.293712,5.552037,65.486057,50.644160,4.293712,50.644160,39.166061,-0.000000,-0.000000,105.122831,-0.037140,-0.438066,-0.338782,0.555026,0.514766,6.071640,4.695551,6.071640,71.614753,55.383835,4.695551,55.383835,42.831526,-0.000000,0.000000,114.961045,0.001612,0.106952,0.072450,0.001591,0.106664,0.072231,0.000021,0.000288,0.000219,-0.002531,-0.024006,-0.003223,0.024353,1.054893,10.005109,1.343282,10.005109,94.893223,12.740330,1.343282,12.740330,1.710512,-0.000000,0.000000,97.658628,-0.002531,-0.024006,-0.003223,0.024353,1.059367,10.047539,1.348979,10.047539,95.295656,12.794361,1.348979,12.794361,1.717766,-0.000000,0.000000,98.072789,0.016226,0.101164,0.056074,0.016089,0.100935,0.055587,0.000137,0.000228,0.000487,-0.002937,-0.041360,0.001016,0.041476,0.512262,7.212654,-0.177255,7.212654,101.554135,-2.495750,-0.177255,-2.495750,0.061334,-0.000000,0.000000,102.127732,-0.002937,-0.041360,0.001016,0.041476,0.519119,7.309193,-0.179628,7.309193,102.913415,-2.529155,-0.179628,-2.529155,0.062155,0.000000,0.000000,103.494689,0.033635,0.094202,0.064215,0.032257,0.093830,0.061795,0.001378,0.000372,0.002421,-0.027634,-0.176884,-0.097177,0.203703,1.623748,10.393578,5.710020,10.393578,66.529074,36.549720,5.710020,36.549720,20.079672,-0.000000,0.000000,88.232494,-0.027634,-0.176884,-0.097177,0.203703,1.716412,10.986715,6.035878,10.986715,70.325735,38.635528,6.035878,38.635528,21.225573,-0.000000,0.000000,93.267720
2.6576,post_ramp,0.010,100.0000,4.158622,-1.303884,-1.374447,-0.001534,-0.145728,1.096796,-2.012583,1.003223,-2.699806,1.348369,-2.535670,1.254796,-1.814699,-0.519533,-0.015551,-0.000000,0.023981,0.023981,0.145350,0.000000,-0.005917,0.023981,-0.055501,0.023981,-0.057803,0.023981,1.544808,-0.738326,1.135906,0.001329,0.004858,0.000000,-0.004858,-0.007286,0.666852,0.923203,0.923203,0.609960,1.197784,1.197784,0.819808,1.163151,1.163151,0.762916,0.938314,0.938314,-0.007462,0.088079,-0.011078,0.003613,0.061050,-0.009209,-0.011075,0.027029,-0.001869,0.301747,-0.501873,0.681276,0.898368,13.146113,-21.864959,29.680951,-21.864959,36.366372,-49.366135,29.680951,-49.366135,67.012878,-0.000000,0.000000,116.525363,0.301747,-0.501873,0.681276,0.898368,9.381821,-15.604089,21.182030,-15.604089,25.953130,-35.230506,21.182030,-35.230506,47.824235,-0.000000,0.000000,83.159186,-0.017478,0.115168,0.079712,-0.016495,0.114699,0.073593,-0.000983,0.000469,0.006119,-0.035163,-0.409272,-0.312349,0.516045,0.488089,5.680972,4.335619,5.680972,66.122095,50.463235,4.335619,50.463235,38.512665,-0.000000,0.000000,105.122849,-0.035163,-0.409272,-0.312349,0.516045,0.530709,6.177039,4.714209,6.177039,71.895938,54.869731,4.714209,54.869731,41.875627,0.000000,0.000000,114.302273,0.001612,0.106952,0.072450,0.001591,0.106664,0.072231,0.000021,0.000288,0.000219,-0.002531,-0.024006,-0.003223,0.024353,1.054893,10.005109,1.343282,10.005109,94.893223,12.740330,1.343282,12.740330,1.710512,-0.000000,0.000000,97.658628,-0.002531,-0.024006,-0.003223,0.024353,1.059367,10.047539,1.348979,10.047539,95.295656,12.794361,1.348979,12.794361,1.717766,-0.000000,0.000000,98.072789,0.016241,0.101184,0.056126,0.016089,0.100935,0.055587,0.000152,0.000249,0.000540,-0.003254,-0.045657,0.001081,0.045786,0.515712,7.236931,-0.171312,7.236931,101.555114,-2.403998,-0.171312,-2.403998,0.056907,-0.000000,0.000000,102.127733,-0.003254,-0.045657,0.001081,0.045786,0.523361,7.344269,-0.173852,7.344269,103.061370,-2.439654,-0.173852,-2.439654,0.057751,-0.000000,0.000000,103.642482,0.033635,0.094202,0.064215,0.032257,0.093830,0.061795,0.001378,0.000372,0.002421,-0.027634,-0.176883,-0.097176,0.203702,1.623748,10.393578,5.710020,10.393578,66.529074,36.549719,5.710020,36.549719,20.079672,-0.000000,0.000000,88.232494,-0.027634,-0.176883,-0.097176,0.203702,1.716411,10.986714,6.035877,10.986714,70.325727,38.635523,6.035877,38.635523,21.225571,0.000000,0.000000,93.267709
2.6757,post_ramp,0.010,100.0000,4.158622,-1.303884,-1.374447,-0.001534,-0.145728,1.109068,-2.012583,1.003223,-2.699806,1.348369,-2.535670,1.254796,-1.814699,-0.314989,-0.008264,-0.000000,0.023981,0.023981,0.351380,0.000000,-0.003144,0.023981,-0.056525,0.023981,-0.030719,0.023981,1.544808,-0.738326,1.135906,0.001329,0.004858,0.000000,-0.004858,-0.007286,0.674313,0.923203,0.923203,0.609960,1.197784,1.197784,0.819808,1.163151,1.163151,0.762916,0.938314,0.938314,-0.007462,0.088079,-0.011078,0.003613,0.061050,-0.009209,-0.011075,0.027029,-0.001869,0.301747,-0.501873,0.681276,0.898368,13.146113,-21.864959,29.680951,-21.864959,36.366372,-49.366135,29.680951,-49.366135,67.012878,-0.000000,0.000000,116.525363,0.301747,-0.501873,0.681276,0.898368,9.381821,-15.604089,21.182030,-15.604089,25.953130,-35.230506,21.182030,-35.230506,47.824235,-0.000000,0.000000,83.159186,-0.017391,0.115149,0.079185,-0.016495,0.114699,0.073593,-0.000896,0.000450,0.005591,-0.032789,-0.375993,-0.282624,0.471510,0.508349,5.829322,4.381750,5.829322,66.845742,50.246213,4.381750,50.246213,37.768777,-0.000000,0.000000,105.122868,-0.032789,-0.375993,-0.282624,0.471510,0.549071,6.296280,4.732751,6.296280,72.200423,54.271188,4.732751,54.271188,40.794246,-0.000000,0.000000,113.543739,0.001612,0.106952,0.072450,0.001591,0.106664,0.072231,0.000021,0.000288,0.000219,-0.002531,-0.024006,-0.003223,0.024353,1.054893,10.005109,1.343282,10.005109,94.893223,12.740330,1.343282,12.740330,1.710512,-0.000000,0.000000,97.658628,-0.002531,-0.024006,-0.003223,0.024353,1.059367,10.047539,1.348979,10.047539,95.295656,12.794361,1.348979,12.794361,1.717766,-0.000000,0.000000,98.072789,0.016241,0.101184,0.056126,0.016089,0.100935,0.055587,0.000152,0.000249,0.000540,-0.003254,-0.045657,0.001081,0.045785,0.515712,7.236931,-0.171312,7.236931,101.555114,-2.403998,-0.171312,-2.403998,0.056907,0.000000,0.000000,102.127733,-0.003254,-0.045657,0.001081,0.045785,0.523361,7.344268,-0.173852,7.344268,103.061364,-2.439654,-0.173852,-2.439654,0.057751,-0.000000,0.000000,103.642476,0.033635,0.094202,0.064215,0.032257,0.093830,0.061795,0.001378,0.000372,0.002421,-0.027634,-0.176882,-0.097175,0.203701,1.623748,10.393578,5.710020,10.393578,66.529073,36.549719,5.710020,36.549719,20.079672,-0.000000,0.000000,88.232494,-0.027634,-0.176882,-0.097175,0.203701,1.716411,10.986712,6.035876,10.986712,70.325714,38.635517,6.035876,38.635517,21.225567,-0.000000,0.000000,93.267692
2.6940,post_ramp,0.010,100.0000,4.158622,-1.303884,-1.374447,-0.001534,-0.145728,1.122874,-2.012583,1.004757,-2.699806,1.346835,-2.535670,1.254796,-1.814699,-0.151932,-0.003953,-0.000000,0.023981,0.023981,0.562049,0.000000,0.022243,0.023981,-0.064568,0.023981,-0.014693,0.023981,1.544808,-0.738326,1.135906,0.001329,0.004858,0.000000,-0.004858,-0.007286,0.682707,0.923203,0.923203,0.610893,1.197784,1.197784,0.818876,1.163151,1.163151,0.762916,0.938314,0.938314,-0.007462,0.088079,-0.011078,0.003613,0.061050,-0.009209,-0.011075,0.027029,-0.001869,0.301747,-0.501873,0.681276,0.898368,13.146113,-21.864959,29.680951,-21.864959,36.366372,-49.366135,29.680951,-49.366135,67.012878,-0.000000,0.000000,116.525363,0.301747,-0.501873,0.681276,0.898368,9.381821,-15.604089,21.182030,-15.604089,25.953130,-35.230506,21.182030,-35.230506,47.824235,-0.000000,0.000000,83.159186,-0.017294,0.115122,0.078592,-0.016495,0.114699,0.073593,-0.000799,0.000423,0.004998,-0.029971,-0.338088,-0.249806,0.421432,0.531656,5.997456,4.431378,5.997456,67.655503,49.989053,4.431378,49.989053,36.935731,-0.000000,0.000000,105.122890,-0.029971,-0.338088,-0.249806,0.421432,0.569893,6.428787,4.750079,6.428787,72.521225,53.584221,4.750079,53.584221,39.592115,-0.000000,0.000000,112.683233,0.001610,0.106944,0.072390,0.001591,0.106664,0.072231,0.000019,0.000280,0.000160,-0.002098,-0.019908,-0.002654,0.020193,1.054446,10.004266,1.333635,10.004266,94.917438,12.653120,1.333635,12.653120,1.686744,-0.000000,0.000000,97.658628,-0.002098,-0.019908,-0.002654,0.020193,1.057216,10.030544,1.337138,10.030544,95.166764,12.686357,1.337138,12.686357,1.691175,-0.000000,0.000000,97.915155,0.016256,0.101205,0.056179,0.016089,0.100935,0.055587,0.000167,0.000270,0.000592,-0.003572,-0.049955,0.001137,0.050095,0.519172,7.261200,-0.165324,7.261200,101.555917,-2.312242,-0.165324,-2.312242,0.052646,0.000000,0.000000,102.127735,-0.003572,-0.049955,0.001137,0.050095,0.527624,7.379400,-0.168015,7.379400,103.209072,-2.349881,-0.168015,-2.349881,0.053502,0.000000,0.000000,103.790198,0.033635,0.094202,0.064215,0.032257,0.093830,0.061795,0.001378,0.000372,0.002421,-0.027633,-0.176881,-0.097175,0.203699,1.623748,10.393578,5.710020,10.393578,66.529073,36.549719,5.710020,36.549719,20.079672,-0.000000,0.000000,88.232494,-0.027633,-0.176881,-0.097175,0.203699,1.716411,10.986710,6.035875,10.986710,70.325702,38.635510,6.035875,38.635510,21.225563,0.000000,0.000000,93.267677
2.7121,post_ramp,0.010,100.0000,4.158622,-1.303884,-1.374447,-0.001534,-0.145728,1.129010,-2.012583,1.004757,-2.699806,1.345301,-2.535670,1.254796,-1.814699,-0.080743,-0.002101,-0.000000,0.023981,0.023981,0.590815,0.000000,0.031896,0.023981,-0.068024,0.023981,-0.007808,0.023981,1.544808,-0.738326,1.135906,0.001329,0.004858,0.000000,-0.004858,-0.007286,0.686438,0.923203,0.923203,0.610893,1.197784,1.197784,0.817943,1.163151,1.163151,0.762916,0.938314,0.938314,-0.007462,0.088079,-0.011078,0.003613,0.061050,-0.009209,-0.011075,0.027029,-0.001869,0.301747,-0.501873,0.681276,0.898368,13.146113,-21.864959,29.680951,-21.864959,36.366372,-49.366135,29.680951,-49.366135,67.012878,-0.000000,0.000000,116.525363,0.301747,-0.501873,0.681276,0.898368,9.381821,-15.604089,21.182030,-15.604089,25.953130,-35.230506,21.182030,-35.230506,47.824235,-0.000000,0.000000,83.159186,-0.017251,0.115109,0.078328,-0.016495,0.114699,0.073593,-0.000756,0.000410,0.004735,-0.028668,-0.321087,-0.235433,0.399183,0.542189,6.072593,4.452657,6.072593,68.013864,49.870357,4.452657,49.870357,36.566847,0.000000,0.000000,105.122900,-0.028668,-0.321087,-0.235433,0.399183,0.579198,6.487096,4.756586,6.487096,72.656347,53.274403,4.756586,53.274403,39.062823,-0.000000,-0.000000,112.298368,0.001610,0.106944,0.072390,0.001591,0.106664,0.072231,0.000019,0.000280,0.000160,-0.002098,-0.019908,-0.002654,0.020193,1.054446,10.004266,1.333635,10.004266,94.917438,12.653120,1.333635,12.653120,1.686744,-0.000000,0.000000,97.658628,-0.002098,-0.019908,-0.002654,0.020193,1.057216,10.030544,1.337138,10.030544,95.166764,12.686357,1.337138,12.686357,1.691175,-0.000000,0.000000,97.915155,0.016270,0.101226,0.056232,0.016089,0.100935,0.055587,0.000181,0.000290,0.000645,-0.003892,-0.054255,0.001186,0.054407,0.522644,7.285460,-0.159293,7.285460,101.556543,-2.220482,-0.159293,-2.220482,0.048550,-0.000000,0.000000,102.127737,-0.003892,-0.054255,0.001186,0.054407,0.531907,7.414588,-0.162116,7.414588,103.356539,-2.259838,-0.162116,-2.259838,0.049410,-0.000000,0.000000,103.937856,0.033635,0.094202,0.064215,0.032257,0.093830,0.061795,0.001378,0.000372,0.002421,-0.027633,-0.176880,-0.097175,0.203699,1.623748,10.393578,5.710020,10.393578,66.529073,36.549719,5.710020,36.549719,20.079672,-0.000000,0.000000,88.232493,-0.027633,-0.176880,-0.097175,0.203699,1.716411,10.986710,6.035875,10.986710,70.325698,38.635508,6.035875,38.635508,21.225562,0.000000,0.000000,93.267671
2.7303,post_ramp,0.010,100.0000,4.158622,-1.302350,-1.374447,-0.001534,-0.145728,1.129010,-2.012583,1.003223,-2.699806,1.342233,-2.535670,1.254796,-1.814699,-0.042910,0.019940,-0.000000,0.023981,0.023981,0.475671,0.000000,0.023631,0.023981,-0.072258,0.023981,-0.004150,0.023981,1.544808,-0.737457,1.135906,0.001329,0.004858,0.000000,-0.004858,-0.007286,0.686438,0.923203,0.923203,0.609960,1.197784,1.197784,0.816078,1.163151,1.163151,0.762916,0.938314,0.938314,-0.007471,0.088103,-0.011033,0.003613,0.061050,-0.009209,-0.011084,0.027053,-0.001824,0.301310,-0.501498,0.679597,0.896738,13.156389,-21.897381,29.673910,-21.897381,36.445814,-49.389002,29.673910,-49.389002,66.928770,-0.000000,-0.000000,116.530973,0.301310,-0.501498,0.679597,0.896738,9.385481,-15.621114,21.168721,-15.621114,25.999650,-35.233038,21.168721,-35.233038,47.745527,-0.000000,0.000000,83.130657,-0.017251,0.115109,0.078328,-0.016495,0.114699,0.073593,-0.000756,0.000410,0.004735,-0.028668,-0.321087,-0.235433,0.399183,0.542189,6.072593,4.452657,6.072593,68.013864,49.870357,4.452657,49.870357,36.566847,0.000000,0.000000,105.122900,-0.028668,-0.321087,-0.235433,0.399183,0.579198,6.487096,4.756586,6.487096,72.656347,53.274403,4.756586,53.274403,39.062823,-0.000000,-0.000000,112.298368,0.001612,0.106952,0.072450,0.001591,0.106664,0.072231,0.000021,0.000288,0.000219,-0.002531,-0.024006,-0.003223,0.024353,1.054893,10.005109,1.343282,10.005109,94.893223,12.740330,1.343282,12.740330,1.710512,-0.000000,0.000000,97.658628,-0.002531,-0.024006,-0.003223,0.024353,1.059367,10.047539,1.348979,10.047539,95.295656,12.794361,1.348979,12.794361,1.717766,-0.000000,0.000000,98.072789,0.016300,0.101267,0.056337,0.016089,0.100935,0.055587,0.000211,0.000332,0.000750,-0.004539,-0.062858,0.001261,0.063035,0.529621,7.333951,-0.147098,7.333951,101.557265,-2.036952,-0.147098,-2.036952,0.040856,-0.000000,0.000000,102.127741,-0.004539,-0.062858,0.001261,0.063035,0.540538,7.485131,-0.150131,7.485131,103.650737,-2.078941,-0.150131,-2.078941,0.041698,-0.000000,0.000000,104.232973,0.033635,0.094202,0.064215,0.032257,0.093830,0.061795,0.001378,0.000372,0.002421,-0.027633,-0.176881,-0.097175,0.203699,1.623748,10.393578,5.710020,10.393578,66.529073,36.549719,5.710020,36.549719,20.079672,-0.000000,0.000000,88.232493,-0.027633,-0.176881,-0.097175,0.203699,1.716411,10.986710,6.035875,10.986710,70.325703,38.635510,6.035875,38.635510,21.225563,-0.000000,0.000000,93.267677
2.7485,post_ramp,0.010,100.0000,4.158622,-1.299282,-1.374447,-0.001534,-0.145728,1.127476,-2.012583,1.003223,-2.699806,1.340699,-2.535670,1.262466,-1.814699,-0.022804,0.057110,-0.000000,0.023981,0.023981,0.288538,0.000000,0.001322,0.023981,-0.087903,0.023981,0.045108,0.023981,1.544808,-0.735720,1.135906,0.001329,0.004858,0.000000,-0.004858,-0.007286,0.685505,0.923203,0.923203,0.609960,1.197784,1.197784,0.815145,1.163151,1.163151,0.767579,0.938314,0.938314,-0.007490,0.088151,-0.010943,0.003613,0.061050,-0.009209,-0.011103,0.027101,-0.001734,0.300436,-0.500742,0.676245,0.893483,13.176972,-21.962251,29.659745,-21.962251,36.604805,-49.434330,29.659745,-49.434330,66.760443,0.000000,0.000000,116.542220,0.300436,-0.500742,0.676245,0.893483,9.392817,-15.655145,21.142077,-15.655145,26.092658,-35.237808,21.142077,-35.237808,47.588218,-0.000000,0.000000,83.073693,-0.017262,0.115112,0.078394,-0.016495,0.114699,0.073593,-0.000767,0.000413,0.004801,-0.028997,-0.325346,-0.239014,0.404745,0.539546,6.053785,4.447382,6.053785,67.924364,49.900285,4.447382,49.900285,36.658988,-0.000000,0.000000,105.122897,-0.028997,-0.325346,-0.239014,0.404745,0.576869,6.472553,4.755028,6.472553,72.622999,53.352113,4.755028,53.352113,39.194856,-0.000000,0.000000,112.394724,0.001612,0.106952,0.072450,0.001591,0.106664,0.072231,0.000021,0.000288,0.000219,-0.002531,-0.024006,-0.003223,0.024353,1.054893,10.005109,1.343282,10.005109,94.893223,12.740330,1.343282,12.740330,1.710512,-0.000000,0.000000,97.658628,-0.002531,-0.024006,-0.003223,0.024353,1.059367,10.047539,1.348979,10.047539,95.295656,12.794361,1.348979,12.794361,1.717766,-0.000000,0.000000,98.072789,0.016315,0.101288,0.056390,0.016089,0.100935,0.055587,0.000225,0.000352,0.000803,-0.004866,-0.067161,0.001286,0.067349,0.533126,7.358182,-0.140935,7.358182,101.557360,-1.945183,-0.140935,-1.945183,0.037257,0.000000,0.000000,102.127743,-0.004866,-0.067161,0.001286,0.067349,0.544885,7.520484,-0.144044,7.520484,103.797451,-1.988088,-0.144044,-1.988088,0.038079,-0.000000,0.000000,104.380415,0.033513,0.094168,0.064001,0.032257,0.093830,0.061795,0.001256,0.000339,0.002206,-0.024751,-0.161433,-0.087820,0.185434,1.571975,10.252761,5.577548,10.252761,66.870726,36.377978,5.577548,36.377978,19.789785,-0.000000,0.000000,88.232486,-0.024751,-0.161433,-0.087820,0.185434,1.654065,10.788173,5.868815,10.788173,70.362797,38.277681,5.868815,38.277681,20.823232,-0.000000,0.000000,92.840095
2.7666,post_ramp,0.010,100.0000,4.158622,-1.299282,-1.374447,-0.001534,-0.145728,1.127476,-2.012583,1.003223,-2.699806,1.337631,-2.535670,1.273204,-1.814699,-0.012119,0.084135,-0.000000,0.023981,0.023981,0.143521,0.000000,-0.005978,0.023981,-0.102897,0.023981,0.188141,0.023981,1.544808,-0.735720,1.135906,0.001329,0.004858,0.000000,-0.004858,-0.007286,0.685505,0.923203,0.923203,0.609960,1.197784,1.197784,0.813280,1.163151,1.163151,0.774108,0.938314,0.938314,-0.007490,0.088151,-0.010943,0.003613,0.061050,-0.009209,-0.011103,0.027101,-0.001734,0.300436,-0.500742,0.676245,0.893483,13.176972,-21.962251,29.659745,-21.962251,36.604805,-49.434330,29.659745,-49.434330,66.760443,0.000000,0.000000,116.542220,0.300436,-0.500742,0.676245,0.893483,9.392817,-15.655145,21.142077,-15.655145,26.092658,-35.237808,21.142077,-35.237808,47.588218,-0.000000,0.000000,83.073693,-0.017262,0.115112,0.078394,-0.016495,0.114699,0.073593,-0.000767,0.000413,0.004801,-0.028997,-0.325346,-0.239014,0.404745,0.539546,6.053785,4.447382,6.053785,67.924364,49.900285,4.447382,49.900285,36.658988,-0.000000,0.000000,105.122897,-0.028997,-0.325346,-0.239014,0.404745,0.576869,6.472553,4.755028,6.472553,72.623000,53.352114,4.755028,53.352114,39.194856,-0.000000,0.000000,112.394725,0.001612,0.106952,0.072450,0.001591,0.106664,0.072231,0.000021,0.000288,0.000219,-0.002531,-0.024006,-0.003223,0.024353,1.054893,10.005109,1.343282,10.005109,94.893223,12.740330,1.343282,12.740330,1.710512,-0.000000,0.000000,97.658628,-0.002531,-0.024006,-0.003223,0.024353,1.059367,10.047539,1.348979,10.047539,95.295656,12.794361,1.348979,12.794361,1.717766,-0.000000,0.000000,98.072789,0.016344,0.101329,0.056495,0.016089,0.100935,0.055587,0.000255,0.000393,0.000909,-0.005526,-0.075770,0.001314,0.075982,0.540169,7.406616,-0.128477,7.406616,101.557019,-1.761637,-0.128477,-1.761637,0.030558,-0.000000,0.000000,102.127746,-0.005526,-0.075770,0.001314,0.075982,0.553642,7.591358,-0.131682,7.591358,104.090134,-1.805577,-0.131682,-1.805577,0.031320,-0.000000,0.000000,104.675097,0.033342,0.094119,0.063700,0.032257,0.093830,0.061795,0.001085,0.000290,0.001906,-0.020852,-0.139684,-0.074944,0.159884,1.500743,10.053279,5.393852,10.053279,67.345579,36.132695,5.393852,36.132695,19.386152,-0.000000,0.000000,88.232474,-0.020852,-0.139684,-0.074944,0.159884,1.568878,10.509705,5.638736,10.509705,70.403117,37.773146,5.638736,37.773146,20.266298,-0.000000,0.000000,92.238293
2.7848,post_ramp,0.010,100.0000,4.158622,-1.300816,-1.374447,-0.001534,-0.145728,1.125942,-2.012583,1.003223,-2.699806,1.334563,-2.535670,1.280874,-1.814699,-0.006441,0.064969,-0.000000,0.023981,0.023981,0.070300,0.000000,-0.003177,0.023981,-0.115422,0.023981,0.344355,0.023981,1.544808,-0.736589,1.135906,0.001329,0.004858,0.000000,-0.004858,-0.007286,0.684573,0.923203,0.923203,0.609960,1.197784,1.197784,0.811414,1.163151,1.163151,0.778771,0.938314,0.938314,-0.007480,0.088127,-0.010988,0.003613,0.061050,-0.009209,-0.011094,0.027077,-0.001779,0.300873,-0.501120,0.677920,0.895110,13.166675,-21.929812,29.666841,-21.929812,36.525291,-49.411734,29.666841,-49.411734,66.844625,0.000000,0.000000,116.536592,0.300873,-0.501120,0.677920,0.895110,9.389146,-15.638133,21.155403,-15.638133,26.046159,-35.235472,21.155403,-35.235472,47.666854,-0.000000,0.000000,83.102160,-0.017273,0.115116,0.078460,-0.016495,0.114699,0.073593,-0.000777,0.000417,0.004867,-0.029323,-0.329600,-0.242603,0.410307,0.536909,6.034993,4.442078,6.034993,67.834804,49.930043,4.442078,49.930043,36.751182,-0.000000,-0.000000,105.122895,-0.029323,-0.329600,-0.242603,0.410307,0.574542,6.457988,4.753424,6.457988,72.589364,53.429654,4.753424,53.429654,39.327083,-0.000000,0.000000,112.490988,0.001612,0.106952,0.072450,0.001591,0.106664,0.072231,0.000021,0.000288,0.000219,-0.002531,-0.024006,-0.003223,0.024353,1.054893,10.005109,1.343282,10.005109,94.893223,12.740330,1.343282,12.740330,1.710512,-0.000000,0.000000,97.658628,-0.002531,-0.024006,-0.003223,0.024353,1.059367,10.047539,1.348979,10.047539,95.295656,12.794361,1.348979,12.794361,1.717766,-0.000000,0.000000,98.072789,0.016373,0.101369,0.056601,0.016089,0.100935,0.055587,0.000284,0.000434,0.001014,-0.006194,-0.084383,0.001311,0.084620,0.547257,7.455011,-0.115844,7.455011,101.555971,-1.578083,-0.115844,-1.578083,0.024522,-0.000000,0.000000,102.127750,-0.006194,-0.084383,0.001311,0.084620,0.562485,7.662451,-0.119067,7.662451,104.381819,-1.621994,-0.119067,-1.621994,0.025204,-0.000000,0.000000,104.969508,0.033220,0.094083,0.063485,0.032257,0.093830,0.061795,0.000963,0.000253,0.001691,-0.018164,-0.124063,-0.065905,0.141651,1.450764,9.909137,5.263916,9.909137,67.682248,35.954053,5.263916,35.954053,19.099453,-0.000000,0.000000,88.232465,-0.018164,-0.124063,-0.065905,0.141651,1.509525,10.310490,5.477122,10.310490,70.423605,37.410312,5.477122,37.410312,19.873044,-0.000000,-0.000000,91.806175
2.8030,post_ramp,0.010,100.0000,4.158622,-1.300816,-1.374447,-0.001534,-0.145728,1.125942,-2.012583,1.004757,-2.699806,1.331495,-2.535670,1.282408,-1.814699,-0.003423,0.023291,-0.000000,0.023981,0.023981,0.026124,0.000000,0.014631,0.023981,-0.128759,0.023981,0.385974,0.023981,1.544808,-0.736589,1.135906,0.001329,0.004858,0.000000,-0.004858,-0.007286,0.684573,0.923203,0.923203,0.610893,1.197784,1.197784,0.809549,1.163151,1.163151,0.779704,0.938314,0.938314,-0.007480,0.088127,-0.010988,0.003613,0.061050,-0.009209,-0.011094,0.027077,-0.001779,0.300873,-0.501120,0.677920,0.895110,13.166675,-21.929812,29.666841,-21.929812,36.525291,-49.411734,29.666841,-49.411734,66.844625,0.000000,0.000000,116.536592,0.300873,-0.501120,0.677920,0.895110,9.389146,-15.638133,21.155403,-15.638133,26.046159,-35.235472,21.155403,-35.235472,47.666854,-0.000000,0.000000,83.102160,-0.017273,0.115116,0.078460,-0.016495,0.114699,0.073593,-0.000777,0.000417,0.004867,-0.029323,-0.329600,-0.242603,0.410307,0.536909,6.034993,4.442078,6.034993,67.834804,49.930043,4.442078,49.930043,36.751182,-0.000000,0.000000,105.122895,-0.029323,-0.329600,-0.242603,0.410307,0.574542,6.457988,4.753424,6.457988,72.589364,53.429654,4.753424,53.429654,39.327083,-0.000000,0.000000,112.490988,0.001610,0.106944,0.072390,0.001591,0.106664,0.072231,0.000019,0.000280,0.000160,-0.002098,-0.019908,-0.002654,0.020193,1.054446,10.004266,1.333635,10.004266,94.917438,12.653120,1.333635,12.653120,1.686744,-0.000000,0.000000,97.658628,-0.002098,-0.019908,-0.002654,0.020193,1.057216,10.030544,1.337138,10.030544,95.166764,12.686357,1.337138,12.686357,1.691175,-0.000000,0.000000,97.915155,0.016403,0.101410,0.056707,0.016089,0.100935,0.055587,0.000314,0.000474,0.001120,-0.006871,-0.093001,0.001277,0.093263,0.554389,7.503367,-0.103035,7.503367,101.554215,-1.394524,-0.103035,-1.394524,0.019149,-0.000000,0.000000,102.127753,-0.006871,-0.093001,0.001277,0.093263,0.571412,7.733763,-0.106199,7.733763,104.672503,-1.437344,-0.106199,-1.437344,0.019737,-0.000000,-0.000000,105.263652,0.033196,0.094076,0.063443,0.032257,0.093830,0.061795,0.000939,0.000246,0.001648,-0.017636,-0.120931,-0.064113,0.138007,1.440859,9.880145,5.238057,9.880145,67.749328,35.917982,5.238057,35.917982,19.042276,0.000000,0.000000,88.232464,-0.017636,-0.120931,-0.064113,0.138007,1.497804,10.270621,5.445072,10.270621,70.426873,37.337509,5.445072,37.337509,19.794853,0.000000,0.000000,91.719530
2.8212,post_ramp,0.010,100.0000,4.158622,-1.302350,-1.374447,-0.001534,-0.145728,1.125942,-2.012583,1.004757,-2.699806,1.328427,-2.535670,1.282408,-1.814699,-0.001819,-0.011844,-0.000000,0.023981,0.023981,0.009146,0.000000,0.030248,0.023981,-0.135846,0.023981,0.290553,0.023981,1.544808,-0.737457,1.135906,0.001329,0.004858,0.000000,-0.004858,-0.007286,0.684573,0.923203,0.923203,0.610893,1.197784,1.197784,0.807684,1.163151,1.163151,0.779704,0.938314,0.938314,-0.007471,0.088103,-0.011033,0.003613,0.061050,-0.009209,-0.011084,0.027053,-0.001824,0.301310,-0.501498,0.679597,0.896738,13.156389,-21.897381,29.673910,-21.897381,36.445814,-49.389002,29.673910,-49.389002,66.928770,-0.000000,-0.000000,116.530973,0.301310,-0.501498,0.679597,0.896738,9.385481,-15.621114,21.168721,-15.621114,25.999650,-35.233038,21.168721,-35.233038,47.745527,-0.000000,0.000000,83.130657,-0.017273,0.115116,0.078460,-0.016495,0.114699,0.073593,-0.000777,0.000417,0.004867,-0.029323,-0.329600,-0.242603,0.410307,0.536909,6.034993,4.442078,6.034993,67.834804,49.930043,4.442078,49.930043,36.751182,-0.000000,0.000000,105.122895,-0.029323,-0.329600,-0.242603,0.410307,0.574542,6.457987,4.753424,6.457987,72.589364,53.429654,4.753424,53.429654,39.327083,-0.000000,0.000000,112.490988,0.001610,0.106944,0.072390,0.001591,0.106664,0.072231,0.000019,0.000280,0.000160,-0.002098,-0.019908,-0.002654,0.020193,1.054446,10.004266,1.333635,10.004266,94.917438,12.653120,1.333635,12.653120,1.686744,-0.000000,0.000000,97.658628,-0.002098,-0.019908,-0.002654,0.020193,1.057216,10.030544,1.337138,10.030544,95.166764,12.686357,1.337138,12.686357,1.691175,-0.000000,0.000000,97.915155,0.016432,0.101450,0.056812,0.016089,0.100935,0.055587,0.000343,0.000515,0.001226,-0.007557,-0.101624,0.001212,0.101911,0.561565,7.551683,-0.090051,7.551683,101.551751,-1.210963,-0.090051,-1.210963,0.014440,0.000000,0.000000,102.127757,-0.007557,-0.101624,0.001212,0.101911,0.580424,7.805291,-0.093075,7.805291,104.962170,-1.251631,-0.093075,-1.251631,0.014925,-0.000000,0.000000,105.557520,0.033196,0.094076,0.063443,0.032257,0.093830,0.061795,0.000939,0.000246,0.001648,-0.017636,-0.120931,-0.064113,0.138007,1.440859,9.880145,5.238057,9.880145,67.749328,35.917982,5.238057,35.917982,19.042276,-0.000000,0.000000,88.232464,-0.017636,-0.120931,-0.064113,0.138007,1.497804,10.270622,5.445073,10.270622,70.426877,37.337511,5.445073,37.337511,19.794854,-0.000000,0.000000,91.719535
2.8394,post_ramp,0.010,100.0000,4.158622,-1.303884,-1.374447,-0.001534,-0.145728,1.127476,-2.012583,1.004757,-2.699806,1.325359,-2.535670,1.280874,-1.814699,0.007280,-0.032868,-0.000000,0.023981,0.023981,0.020653,0.000000,0.028728,0.023981,-0.149276,0.023981,0.156600,0.023981,1.544808,-0.738326,1.135906,0.001329,0.004858,0.000000,-0.004858,-0.007286,0.685505,0.923203,0.923203,0.610893,1.197784,1.197784,0.805819,1.163151,1.163151,0.778771,0.938314,0.938314,-0.007462,0.088079,-0.011078,0.003613,0.061050,-0.009209,-0.011075,0.027029,-0.001869,0.301747,-0.501873,0.681276,0.898368,13.146113,-21.864959,29.680951,-21.864959,36.366372,-49.366135,29.680951,-49.366135,67.012878,-0.000000,0.000000,116.525363,0.301747,-0.501873,0.681276,0.898368,9.381821,-15.604089,21.182030,-15.604089,25.953130,-35.230506,21.182030,-35.230506,47.824235,-0.000000,0.000000,83.159186,-0.017262,0.115112,0.078394,-0.016495,0.114699,0.073593,-0.000767,0.000413,0.004801,-0.028997,-0.325346,-0.239014,0.404745,0.539546,6.053785,4.447382,6.053785,67.924364,49.900285,4.447382,49.900285,36.658988,-0.000000,0.000000,105.122897,-0.028997,-0.325346,-0.239014,0.404745,0.576869,6.472553,4.755028,6.472553,72.623000,53.352114,4.755028,53.352114,39.194856,-0.000000,0.000000,112.394725,0.001610,0.106944,0.072390,0.001591,0.106664,0.072231,0.000019,0.000280,0.000160,-0.002098,-0.019908,-0.002654,0.020193,1.054446,10.004266,1.333635,10.004266,94.917438,12.653120,1.333635,12.653120,1.686744,-0.000000,0.000000,97.658628,-0.002098,-0.019908,-0.002654,0.020193,1.057216,10.030544,1.337138,10.030544,95.166764,12.686357,1.337138,12.686357,1.691175,-0.000000,0.000000,97.915155,0.016462,0.101490,0.056918,0.016089,0.100935,0.055587,0.000372,0.000555,0.001331,-0.008251,-0.110250,0.001115,0.110564,0.568785,7.599958,-0.076891,7.599958,101.548580,-1.027402,-0.076891,-1.027402,0.010395,-0.000000,0.000000,102.127760,-0.008251,-0.110250,0.001115,0.110564,0.589522,7.877035,-0.079695,7.877035,105.250813,-1.064859,-0.079695,-1.064859,0.010774,-0.000000,0.000000,105.851109,0.033220,0.094083,0.063485,0.032257,0.093830,0.061795,0.000963,0.000253,0.001691,-0.018164,-0.124064,-0.065905,0.141652,1.450764,9.909137,5.263916,9.909137,67.682248,35.954053,5.263916,35.954053,19.099453,-0.000000,0.000000,88.232465,-0.018164,-0.124064,-0.065905,0.141652,1.509525,10.310492,5.477123,10.310492,70.423616,37.410318,5.477123,37.410318,19.873048,-0.000000,0.000000,91.806190
2.8577,post_ramp,0.010,100.0000,4.158622,-1.302350,-1.374447,-0.001534,-0.145728,1.130544,-2.012583,1.003223,-2.699806,1.322291,-2.535670,1.279340,-1.814699,0.014119,-0.026051,-0.000000,0.023981,0.023981,0.048980,0.000000,0.010465,0.023981,-0.160579,0.023981,0.068274,0.023981,1.544808,-0.737457,1.135906,0.001329,0.004858,0.000000,-0.004858,-0.007286,0.687371,0.923203,0.923203,0.609960,1.197784,1.197784,0.803953,1.163151,1.163151,0.777839,0.938314,0.938314,-0.007471,0.088103,-0.011033,0.003613,0.061050,-0.009209,-0.011084,0.027053,-0.001824,0.301310,-0.501498,0.679597,0.896738,13.156389,-21.897381,29.673910,-21.897381,36.445814,-49.389002,29.673910,-49.389002,66.928770,-0.000000,-0.000000,116.530973,0.301310,-0.501498,0.679597,0.896738,9.385481,-15.621114,21.168721,-15.621114,25.999650,-35.233038,21.168721,-35.233038,47.745527,-0.000000,0.000000,83.130657,-0.017241,0.115105,0.078262,-0.016495,0.114699,0.073593,-0.000745,0.000406,0.004669,-0.028338,-0.316822,-0.231861,0.393622,0.544839,6.091417,4.457901,6.091417,68.103303,49.840261,4.457901,49.840261,36.474760,-0.000000,0.000000,105.122902,-0.028338,-0.316822,-0.231861,0.393622,0.581529,6.501615,4.758098,6.501615,72.689407,53.196525,4.758098,53.196525,38.930986,-0.000000,0.000000,112.201922,0.001612,0.106952,0.072450,0.001591,0.106664,0.072231,0.000021,0.000288,0.000219,-0.002531,-0.024006,-0.003223,0.024353,1.054893,10.005109,1.343282,10.005109,94.893223,12.740330,1.343282,12.740330,1.710512,-0.000000,0.000000,97.658628,-0.002531,-0.024006,-0.003223,0.024353,1.059367,10.047539,1.348979,10.047539,95.295656,12.794361,1.348979,12.794361,1.717766,-0.000000,0.000000,98.072789,0.016491,0.101530,0.057024,0.016089,0.100935,0.055587,0.000402,0.000595,0.001437,-0.008954,-0.118880,0.000988,0.119221,0.576050,7.648191,-0.063557,7.648191,101.544701,-0.843844,-0.063557,-0.843844,0.007012,0.000000,0.000000,102.127763,-0.008954,-0.118880,0.000988,0.119221,0.598706,7.948992,-0.066057,7.948992,105.538422,-0.877032,-0.066057,-0.877032,0.007288,-0.000000,0.000000,106.144416,0.033244,0.094090,0.063528,0.032257,0.093830,0.061795,0.000987,0.000261,0.001734,-0.018695,-0.127194,-0.067703,0.145298,1.460700,9.938075,5.289817,9.938075,67.615083,35.990010,5.289817,35.990010,19.156684,0.000000,0.000000,88.232467,-0.018695,-0.127194,-0.067703,0.145298,1.521296,10.350353,5.509264,10.350353,70.420076,37.483045,5.509264,37.483045,19.951394,-0.000000,0.000000,91.892767
2.8759,post_ramp,0.010,100.0000,4.160156,-1.302350,-1.374447,-0.001534,-0.145728,1.135146,-2.012583,1.003223,-2.699806,1.319223,-2.535670,1.277806,-1.814699,0.018740,0.004223,-0.000000,0.023981,0.023981,0.118470,0.000000,-0.005675,0.023981,-0.163993,0.023981,0.002574,0.023981,1.545377,-0.737457,1.135906,0.001329,0.004858,0.000000,-0.004858,-0.007286,0.690169,0.923203,0.923203,0.609960,1.197784,1.197784,0.802088,1.163151,1.163151,0.776906,0.938314,0.938314,-0.007433,0.088092,-0.011024,0.003613,0.061050,-0.009209,-0.011046,0.027042,-0.001815,0.300191,-0.500445,0.677829,0.894434,13.126256,-21.882604,29.638968,-21.882604,36.480193,-49.410723,29.638968,-49.410723,66.924524,0.000000,0.000000,116.530973,0.300191,-0.500445,0.677829,0.894434,9.363330,-15.609482,21.142316,-15.609482,26.022357,-35.246070,21.142316,-35.246070,47.739161,-0.000000,0.000000,83.124848,-0.017208,0.115095,0.078065,-0.016495,0.114699,0.073593,-0.000713,0.000396,0.004471,-0.027335,-0.303991,-0.221193,0.376941,0.552830,6.147980,4.473453,6.147980,68.371252,49.748961,4.473453,49.748961,36.198828,-0.000000,0.000000,105.122909,-0.027335,-0.303991,-0.221193,0.376941,0.588533,6.545033,4.762361,6.545033,72.786849,52.961881,4.762361,52.961881,38.536644,-0.000000,0.000000,111.912025,0.001612,0.106952,0.072450,0.001591,0.106664,0.072231,0.000021,0.000288,0.000219,-0.002531,-0.024006,-0.003223,0.024353,1.054893,10.005109,1.343282,10.005109,94.893223,12.740330,1.343282,12.740330,1.710512,-0.000000,0.000000,97.658628,-0.002531,-0.024006,-0.003223,0.024353,1.059367,10.047539,1.348979,10.047539,95.295656,12.794361,1.348979,12.794361,1.717766,-0.000000,0.000000,98.072789,0.016521,0.101570,0.057130,0.016089,0.100935,0.055587,0.000431,0.000634,0.001543,-0.009665,-0.127514,0.000829,0.127882,0.583359,7.696382,-0.050048,7.696382,101.540114,-0.660291,-0.050048,-0.660291,0.004294,-0.000000,-0.000000,102.127766,-0.009665,-0.127514,0.000829,0.127882,0.607976,8.021160,-0.052160,8.021160,105.824989,-0.688154,-0.052160,-0.688154,0.004475,-0.000000,0.000000,106.437440,0.033269,0.094098,0.063571,0.032257,0.093830,0.061795,0.001012,0.000268,0.001777,-0.019229,-0.130321,-0.069505,0.148944,1.470665,9.966958,5.315761,9.966958,67.547834,36.025852,5.315761,36.025852,19.213970,-0.000000,-0.000000,88.232469,-0.019229,-0.130321,-0.069505,0.148944,1.533117,10.390206,5.541496,10.390206,70.416257,37.555693,5.541496,37.555693,20.029892,-0.000000,-0.000000,91.979267
2.8939,post_ramp,0.010,100.0000,4.160156,-1.302350,-1.374447,-0.001534,-0.145728,1.136680,-2.012583,1.003223,-2.699806,1.316156,-2.535670,1.276272,-1.814699,0.021196,0.014897,-0.000000,0.023981,0.023981,0.168370,0.000000,-0.003016,0.023981,-0.164392,0.023981,-0.042162,0.023981,1.545377,-0.737457,1.135906,0.001329,0.004858,0.000000,-0.004858,-0.007286,0.691101,0.923203,0.923203,0.609960,1.197784,1.197784,0.800223,1.163151,1.163151,0.775973,0.938314,0.938314,-0.007433,0.088092,-0.011024,0.003613,0.061050,-0.009209,-0.011046,0.027042,-0.001815,0.300191,-0.500445,0.677829,0.894434,13.126256,-21.882604,29.638968,-21.882604,36.480193,-49.410723,29.638968,-49.410723,66.924524,0.000000,0.000000,116.530973,0.300191,-0.500445,0.677829,0.894434,9.363330,-15.609482,21.142316,-15.609482,26.022357,-35.246070,21.142316,-35.246070,47.739161,-0.000000,0.000000,83.124848,-0.017198,0.115091,0.077999,-0.016495,0.114699,0.073593,-0.000702,0.000392,0.004405,-0.026997,-0.299703,-0.217654,0.371381,0.555506,6.166865,4.478577,6.166865,68.460445,49.718191,4.478577,49.718191,36.106960,-0.000000,-0.000000,105.122912,-0.026997,-0.299703,-0.217654,0.371381,0.590871,6.559458,4.763690,6.559458,72.818749,52.883333,4.763690,52.883333,38.405589,-0.000000,0.000000,111.815208,0.001612,0.106952,0.072450,0.001591,0.106664,0.072231,0.000021,0.000288,0.000219,-0.002531,-0.024006,-0.003223,0.024353,1.054893,10.005109,1.343282,10.005109,94.893223,12.740330,1.343282,12.740330,1.710512,-0.000000,0.000000,97.658628,-0.002531,-0.024006,-0.003223,0.024353,1.059367,10.047539,1.348979,10.047539,95.295656,12.794361,1.348979,12.794361,1.717766,-0.000000,0.000000,98.072789,0.016550,0.101609,0.057236,0.016089,0.100935,0.055587,0.000461,0.000674,0.001649,-0.010385,-0.136151,0.000639,0.136548,0.590711,7.744530,-0.036364,7.744530,101.534820,-0.476746,-0.036364,-0.476746,0.002239,-0.000000,0.000000,102.127769,-0.010385,-0.136151,0.000639,0.136548,0.617332,8.093539,-0.038002,8.093539,106.110511,-0.498230,-0.038002,-0.498230,0.002339,-0.000000,0.000000,106.730182,0.033293,0.094105,0.063614,0.032257,0.093830,0.061795,0.001036,0.000275,0.001820,-0.019767,-0.133446,-0.071313,0.152592,1.480661,9.995787,5.341749,9.995787,67.480500,36.061581,5.341749,36.061581,19.271310,-0.000000,0.000000,88.232471,-0.019767,-0.133446,-0.071313,0.152592,1.544988,10.430050,5.573819,10.430050,70.412163,37.628262,5.573819,37.628262,20.108544,-0.000000,0.000000,92.065696
2.9122,post_ramp,0.010,100.0000,4.158622,-1.302350,-1.374447,-0.001534,-0.145728,1.136680,-2.012583,1.004757,-2.699806,1.313088,-2.535670,1.276272,-1.814699,0.016196,0.019153,-0.000000,0.023981,0.023981,0.136613,0.000000,0.004896,0.023981,-0.171868,0.023981,-0.057532,0.023981,1.544808,-0.737457,1.135906,0.001329,0.004858,0.000000,-0.004858,-0.007286,0.691101,0.923203,0.923203,0.610893,1.197784,1.197784,0.798357,1.163151,1.163151,0.775973,0.938314,0.938314,-0.007471,0.088103,-0.011033,0.003613,0.061050,-0.009209,-0.011084,0.027053,-0.001824,0.301310,-0.501498,0.679597,0.896738,13.156389,-21.897381,29.673910,-21.897381,36.445814,-49.389002,29.673910,-49.389002,66.928770,-0.000000,-0.000000,116.530973,0.301310,-0.501498,0.679597,0.896738,9.385481,-15.621114,21.168721,-15.621114,25.999650,-35.233038,21.168721,-35.233038,47.745527,-0.000000,0.000000,83.130657,-0.017198,0.115091,0.077999,-0.016495,0.114699,0.073593,-0.000702,0.000392,0.004405,-0.026997,-0.299703,-0.217654,0.371381,0.555506,6.166865,4.478577,6.166865,68.460445,49.718191,4.478577,49.718191,36.106960,-0.000000,0.000000,105.122912,-0.026997,-0.299703,-0.217654,0.371381,0.590871,6.559458,4.763690,6.559458,72.818749,52.883333,4.763690,52.883333,38.405588,-0.000000,0.000000,111.815208,0.001610,0.106944,0.072390,0.001591,0.106664,0.072231,0.000019,0.000280,0.000160,-0.002098,-0.019908,-0.002654,0.020193,1.054446,10.004266,1.333635,10.004266,94.917438,12.653120,1.333635,12.653120,1.686744,-0.000000,0.000000,97.658628,-0.002098,-0.019908,-0.002654,0.020193,1.057216,10.030544,1.337138,10.030544,95.166764,12.686357,1.337138,12.686357,1.691175,-0.000000,0.000000,97.915155,0.016580,0.101649,0.057342,0.016089,0.100935,0.055587,0.000490,0.000713,0.001755,-0.011113,-0.144792,0.000418,0.145218,0.598108,7.792635,-0.022505,7.792635,101.528818,-0.293211,-0.022505,-0.293211,0.000847,-0.000000,0.000000,102.127772,-0.011113,-0.144792,0.000418,0.145218,0.626774,8.166127,-0.023583,8.166127,106.394976,-0.307264,-0.023583,-0.307264,0.000887,-0.000000,0.000000,107.022637,0.033293,0.094105,0.063614,0.032257,0.093830,0.061795,0.001036,0.000275,0.001820,-0.019767,-0.133446,-0.071314,0.152592,1.480661,9.995787,5.341749,9.995787,67.480500,36.061581,5.341749,36.061581,19.271310,0.000000,0.000000,88.232471,-0.019767,-0.133446,-0.071314,0.152592,1.544988,10.430050,5.573819,10.430050,70.412168,37.628264,5.573819,37.628264,20.108546,-0.000000,0.000000,92.065701
2.9310,post_ramp,0.010,100.0000,4.158622,-1.300816,-1.374447,-0.001534,-0.145728,1.136680,-2.012583,1.004757,-2.699806,1.308486,-2.535670,1.276272,-1.814699,0.006209,0.023813,-0.000000,0.023981,0.023981,0.083838,0.000000,0.025075,0.023981,-0.169993,0.023981,-0.033564,0.023981,1.544808,-0.736589,1.135906,0.001329,0.004858,0.000000,-0.004858,-0.007286,0.691101,0.923203,0.923203,0.610893,1.197784,1.197784,0.795559,1.163151,1.163151,0.775973,0.938314,0.938314,-0.007480,0.088127,-0.010988,0.003613,0.061050,-0.009209,-0.011094,0.027077,-0.001779,0.300873,-0.501120,0.677920,0.895110,13.166675,-21.929812,29.666841,-21.929812,36.525291,-49.411734,29.666841,-49.411734,66.844625,0.000000,0.000000,116.536592,0.300873,-0.501120,0.677920,0.895110,9.389146,-15.638133,21.155403,-15.638133,26.046159,-35.235472,21.155403,-35.235472,47.666854,-0.000000,0.000000,83.102160,-0.017198,0.115091,0.077999,-0.016495,0.114699,0.073593,-0.000702,0.000392,0.004405,-0.026997,-0.299703,-0.217654,0.371381,0.555506,6.166865,4.478577,6.166865,68.460445,49.718191,4.478577,49.718191,36.106960,-0.000000,0.000000,105.122912,-0.026997,-0.299703,-0.217654,0.371381,0.590871,6.559458,4.763690,6.559458,72.818749,52.883333,4.763690,52.883333,38.405588,-0.000000,0.000000,111.815208,0.001610,0.106944,0.072390,0.001591,0.106664,0.072231,0.000019,0.000280,0.000160,-0.002098,-0.019908,-0.002654,0.020193,1.054446,10.004266,1.333635,10.004266,94.917438,12.653120,1.333635,12.653120,1.686744,-0.000000,0.000000,97.658628,-0.002098,-0.019908,-0.002654,0.020193,1.057216,10.030544,1.337138,10.030544,95.166764,12.686357,1.337138,12.686357,1.691175,-0.000000,0.000000,97.915155,0.016624,0.101707,0.057502,0.016089,0.100935,0.055587,0.000535,0.000772,0.001915,-0.012222,-0.157759,0.000028,0.158231,0.609284,7.864709,-0.001389,7.864709,101.518489,-0.017933,-0.001389,-0.017933,0.000003,-0.000000,0.000000,102.127777,-0.012222,-0.157759,0.000028,0.158231,0.641101,8.275396,-0.001462,8.275396,106.819681,-0.018870,-0.001462,-0.018870,0.000003,-0.000000,0.000000,107.460785,0.033293,0.094105,0.063614,0.032257,0.093830,0.061795,0.001036,0.000275,0.001820,-0.019767,-0.133447,-0.071314,0.152593,1.480661,9.995787,5.341749,9.995787,67.480500,36.061581,5.341749,36.061581,19.271310,0.000000,0.000000,88.232471,-0.019767,-0.133447,-0.071314,0.152593,1.544988,10.430051,5.573820,10.430051,70.412174,37.628268,5.573820,37.628268,20.108547,-0.000000,0.000000,92.065710
2.9485,post_ramp,0.010,100.0000,4.158622,-1.300816,-1.374447,-0.001534,-0.145728,1.135146,-2.012583,1.004757,-2.699806,1.305418,-2.535670,1.276272,-1.814699,0.003300,0.035128,-0.000000,0.023981,0.023981,0.042988,0.000000,0.031242,0.023981,-0.175495,0.023981,-0.000752,0.023981,1.544808,-0.736589,1.135906,0.001329,0.004858,0.000000,-0.004858,-0.007286,0.690169,0.923203,0.923203,0.610893,1.197784,1.197784,0.793694,1.163151,1.163151,0.775973,0.938314,0.938314,-0.007480,0.088127,-0.010988,0.003613,0.061050,-0.009209,-0.011094,0.027077,-0.001779,0.300873,-0.501120,0.677920,0.895110,13.166675,-21.929812,29.666841,-21.929812,36.525291,-49.411734,29.666841,-49.411734,66.844625,0.000000,0.000000,116.536592,0.300873,-0.501120,0.677920,0.895110,9.389146,-15.638133,21.155403,-15.638133,26.046159,-35.235472,21.155403,-35.235472,47.666854,-0.000000,0.000000,83.102160,-0.017208,0.115095,0.078065,-0.016495,0.114699,0.073593,-0.000713,0.000396,0.004471,-0.027335,-0.303991,-0.221193,0.376941,0.552830,6.147980,4.473453,6.147980,68.371252,49.748961,4.473453,49.748961,36.198828,-0.000000,0.000000,105.122909,-0.027335,-0.303991,-0.221193,0.376941,0.588533,6.545033,4.762361,6.545033,72.786848,52.961881,4.762361,52.961881,38.536644,-0.000000,0.000000,111.912025,0.001610,0.106944,0.072390,0.001591,0.106664,0.072231,0.000019,0.000280,0.000160,-0.002098,-0.019908,-0.002654,0.020193,1.054446,10.004266,1.333635,10.004266,94.917438,12.653120,1.333635,12.653120,1.686744,-0.000000,0.000000,97.658628,-0.002098,-0.019908,-0.002654,0.020193,1.057216,10.030544,1.337138,10.030544,95.166764,12.686357,1.337138,12.686357,1.691175,-0.000000,0.000000,97.915155,0.016653,0.101746,0.057608,0.016089,0.100935,0.055587,0.000564,0.000811,0.002021,-0.012971,-0.166407,-0.000271,0.166912,0.616790,7.912701,0.012906,7.912701,101.510719,0.165565,0.012906,0.165565,0.000270,-0.000000,0.000000,102.127780,-0.012971,-0.166407,-0.000271,0.166912,0.650761,8.348498,0.013616,8.348498,107.101480,0.174683,0.013616,0.174683,0.000285,-0.000000,-0.000000,107.752525,0.033293,0.094105,0.063614,0.032257,0.093830,0.061795,0.001036,0.000275,0.001820,-0.019767,-0.133448,-0.071314,0.152593,1.480661,9.995787,5.341749,9.995787,67.480500,36.061581,5.341749,36.061581,19.271310,-0.000000,0.000000,88.232471,-0.019767,-0.133448,-0.071314,0.152593,1.544988,10.430052,5.573820,10.430052,70.412180,37.628271,5.573820,37.628271,20.108549,-0.000000,0.000000,92.065718
2.9673,post_ramp,0.010,100.0000,4.158622,-1.300816,-1.374447,-0.001534,-0.145728,1.135146,-2.012583,1.003223,-2.699806,1.300816,-2.535670,1.274738,-1.814699,0.008252,0.034643,-0.000000,0.023981,0.023981,0.011609,0.000000,0.013463,0.023981,-0.185555,0.023981,-0.001967,0.023981,1.544808,-0.736589,1.135906,0.001329,0.004858,0.000000,-0.004858,-0.007286,0.690169,0.923203,0.923203,0.609960,1.197784,1.197784,0.790896,1.163151,1.163151,0.775041,0.938314,0.938314,-0.007480,0.088127,-0.010988,0.003613,0.061050,-0.009209,-0.011094,0.027077,-0.001779,0.300873,-0.501120,0.677920,0.895110,13.166675,-21.929812,29.666841,-21.929812,36.525291,-49.411734,29.666841,-49.411734,66.844625,0.000000,0.000000,116.536592,0.300873,-0.501120,0.677920,0.895110,9.389146,-15.638133,21.155403,-15.638133,26.046159,-35.235472,21.155403,-35.235472,47.666854,-0.000000,0.000000,83.102160,-0.017208,0.115095,0.078065,-0.016495,0.114699,0.073593,-0.000713,0.000396,0.004471,-0.027335,-0.303991,-0.221193,0.376941,0.552830,6.147980,4.473453,6.147980,68.371252,49.748961,4.473453,49.748961,36.198828,-0.000000,0.000000,105.122909,-0.027335,-0.303991,-0.221193,0.376941,0.588533,6.545033,4.762361,6.545033,72.786848,52.961881,4.762361,52.961881,38.536644,-0.000000,-0.000000,111.912024,0.001612,0.106952,0.072450,0.001591,0.106664,0.072231,0.000021,0.000288,0.000219,-0.002531,-0.024006,-0.003223,0.024353,1.054893,10.005109,1.343282,10.005109,94.893223,12.740330,1.343282,12.740330,1.710512,-0.000000,0.000000,97.658628,-0.002531,-0.024006,-0.003223,0.024353,1.059367,10.047539,1.348979,10.047539,95.295656,12.794361,1.348979,12.794361,1.717766,-0.000000,0.000000,98.072789,0.016698,0.101804,0.057767,0.016089,0.100935,0.055587,0.000608,0.000868,0.002181,-0.014112,-0.179386,-0.000779,0.179942,0.628131,7.984605,0.034675,7.984605,101.497738,0.440775,0.034675,0.440775,0.001914,-0.000000,0.000000,102.127784,-0.014112,-0.179386,-0.000779,0.179942,0.665414,8.458532,0.036733,8.458532,107.522156,0.466937,0.036733,0.466937,0.002028,-0.000000,0.000000,108.189598,0.033318,0.094112,0.063657,0.032257,0.093830,0.061795,0.001061,0.000283,0.001863,-0.020308,-0.136570,-0.073128,0.156241,1.490687,10.024560,5.367779,10.024560,67.413081,36.097195,5.367779,36.097195,19.328704,-0.000000,0.000000,88.232473,-0.020308,-0.136570,-0.073128,0.156241,1.556909,10.469887,5.606235,10.469887,70.407813,37.700762,5.606235,37.700762,20.187355,-0.000000,-0.000000,92.152076
2.9848,post_ramp,0.010,100.0000,4.158622,-1.300816,-1.374447,-0.001534,-0.145728,1.133612,-2.012583,1.003223,-2.699806,1.297748,-2.535670,1.276272,-1.814699,0.015622,0.023148,-0.000000,0.023981,0.023981,-0.003124,0.000000,-0.004082,0.023981,-0.188503,0.023981,-0.009883,0.023981,1.544808,-0.736589,1.135906,0.001329,0.004858,0.000000,-0.004858,-0.007286,0.689236,0.923203,0.923203,0.609960,1.197784,1.197784,0.789031,1.163151,1.163151,0.775973,0.938314,0.938314,-0.007480,0.088127,-0.010988,0.003613,0.061050,-0.009209,-0.011094,0.027077,-0.001779,0.300873,-0.501120,0.677920,0.895110,13.166675,-21.929812,29.666841,-21.929812,36.525291,-49.411734,29.666841,-49.411734,66.844625,0.000000,0.000000,116.536592,0.300873,-0.501120,0.677920,0.895110,9.389146,-15.638133,21.155403,-15.638133,26.046159,-35.235472,21.155403,-35.235472,47.666854,-0.000000,0.000000,83.102160,-0.017219,0.115098,0.078130,-0.016495,0.114699,0.073593,-0.000724,0.000399,0.004537,-0.027671,-0.308274,-0.224741,0.382501,0.550160,6.129110,4.468300,6.129110,68.281997,49.779563,4.468300,49.779563,36.290750,0.000000,0.000000,105.122907,-0.027671,-0.308274,-0.224741,0.382501,0.586196,6.530584,4.760986,6.530584,72.754657,53.040263,4.760986,53.040263,38.667895,-0.000000,0.000000,112.008749,0.001612,0.106952,0.072450,0.001591,0.106664,0.072231,0.000021,0.000288,0.000219,-0.002531,-0.024006,-0.003223,0.024353,1.054893,10.005109,1.343282,10.005109,94.893223,12.740330,1.343282,12.740330,1.710512,-0.000000,0.000000,97.658628,-0.002531,-0.024006,-0.003223,0.024353,1.059367,10.047539,1.348979,10.047539,95.295656,12.794361,1.348979,12.794361,1.717766,-0.000000,0.000000,98.072789,0.016727,0.101842,0.057874,0.016089,0.100935,0.055587,0.000638,0.000907,0.002287,-0.014883,-0.188041,-0.001157,0.188633,0.635746,8.032481,0.049405,8.032481,101.488201,0.624220,0.049405,0.624220,0.003839,-0.000000,0.000000,102.127786,-0.014883,-0.188041,-0.001157,0.188633,0.675293,8.532139,0.052478,8.532139,107.801242,0.663049,0.052478,0.663049,0.004078,-0.000000,0.000000,108.480613,0.033293,0.094105,0.063614,0.032257,0.093830,0.061795,0.001036,0.000275,0.001820,-0.019768,-0.133449,-0.071315,0.152595,1.480661,9.995787,5.341749,9.995787,67.480500,36.061581,5.341749,36.061581,19.271310,-0.000000,0.000000,88.232471,-0.019768,-0.133449,-0.071315,0.152595,1.544988,10.430054,5.573821,10.430054,70.412193,37.628278,5.573821,37.628278,20.108553,-0.000000,0.000000,92.065734
3.0031,post_ramp,0.010,100.0000,4.158622,-1.302350,-1.374447,-0.001534,-0.145728,1.135146,-2.012583,1.003223,-2.699806,1.291612,-2.535670,1.282408,-1.814699,0.011736,-0.001439,-0.000000,0.023981,0.023981,-0.007506,0.000000,-0.003227,0.023981,-0.198319,0.023981,0.048675,0.023981,1.544808,-0.737457,1.135906,0.001329,0.004858,0.000000,-0.004858,-0.007286,0.690169,0.923203,0.923203,0.609960,1.197784,1.197784,0.785300,1.163151,1.163151,0.779704,0.938314,0.938314,-0.007471,0.088103,-0.011033,0.003613,0.061050,-0.009209,-0.011084,0.027053,-0.001824,0.301310,-0.501498,0.679597,0.896738,13.156389,-21.897381,29.673910,-21.897381,36.445814,-49.389002,29.673910,-49.389002,66.928770,-0.000000,-0.000000,116.530973,0.301310,-0.501498,0.679597,0.896738,9.385481,-15.621114,21.168721,-15.621114,25.999650,-35.233038,21.168721,-35.233038,47.745527,-0.000000,0.000000,83.130657,-0.017208,0.115095,0.078065,-0.016495,0.114699,0.073593,-0.000713,0.000396,0.004471,-0.027335,-0.303991,-0.221193,0.376941,0.552830,6.147980,4.473453,6.147980,68.371252,49.748961,4.473453,49.748961,36.198828,-0.000000,-0.000000,105.122909,-0.027335,-0.303991,-0.221193,0.376941,0.588533,6.545033,4.762361,6.545033,72.786848,52.961881,4.762361,52.961881,38.536644,0.000000,0.000000,111.912025,0.001612,0.106952,0.072450,0.001591,0.106664,0.072231,0.000021,0.000288,0.000219,-0.002531,-0.024006,-0.003223,0.024353,1.054893,10.005109,1.343282,10.005109,94.893223,12.740330,1.343282,12.740330,1.710512,-0.000000,0.000000,97.658628,-0.002531,-0.024006,-0.003223,0.024353,1.059367,10.047539,1.348979,10.047539,95.295656,12.794361,1.348979,12.794361,1.717766,-0.000000,0.000000,98.072789,0.016786,0.101918,0.058087,0.016089,0.100935,0.055587,0.000697,0.000983,0.002500,-0.016451,-0.205360,-0.002006,0.206028,0.651107,8.128092,0.079387,8.128092,101.467005,0.991030,0.079387,0.991030,0.009679,-0.000000,0.000000,102.127791,-0.016451,-0.205360,-0.002006,0.206028,0.695314,8.679949,0.084777,8.679949,108.356112,1.058316,0.084777,1.058316,0.010337,0.000000,0.000000,109.061763,0.033196,0.094076,0.063443,0.032257,0.093830,0.061795,0.000939,0.000246,0.001648,-0.017637,-0.120936,-0.064115,0.138012,1.440859,9.880145,5.238057,9.880145,67.749328,35.917982,5.238057,35.917982,19.042276,-0.000000,0.000000,88.232464,-0.017637,-0.120936,-0.064115,0.138012,1.497805,10.270628,5.445076,10.270628,70.426920,37.337534,5.445076,37.337534,19.794866,-0.000000,0.000000,91.719591
3.0213,post_ramp,0.010,100.0000,4.160156,-1.302350,-1.374447,-0.001534,-0.145728,1.141282,-2.012583,1.004757,-2.699806,1.288544,-2.535670,1.291612,-1.814699,0.017473,-0.003754,-0.000000,0.023981,0.023981,0.055912,0.000000,0.006532,0.023981,-0.206523,0.023981,0.172893,0.023981,1.545377,-0.737457,1.135906,0.001329,0.004858,0.000000,-0.004858,-0.007286,0.693899,0.923203,0.923203,0.610893,1.197784,1.197784,0.783435,1.163151,1.163151,0.785300,0.938314,0.938314,-0.007433,0.088092,-0.011024,0.003613,0.061050,-0.009209,-0.011046,0.027042,-0.001815,0.300191,-0.500445,0.677829,0.894434,13.126256,-21.882604,29.638968,-21.882604,36.480193,-49.410723,29.638968,-49.410723,66.924524,0.000000,0.000000,116.530973,0.300191,-0.500445,0.677829,0.894434,9.363330,-15.609482,21.142316,-15.609482,26.022357,-35.246070,21.142316,-35.246070,47.739161,-0.000000,0.000000,83.124848,-0.017166,0.115079,0.077801,-0.016495,0.114699,0.073593,-0.000670,0.000380,0.004208,-0.025971,-0.286803,-0.207086,0.354704,0.563577,6.223611,4.493765,6.223611,68.727648,49.624873,4.493765,49.624873,35.831693,-0.000000,0.000000,105.122919,-0.025971,-0.286803,-0.207086,0.354704,0.597895,6.602588,4.767406,6.602588,72.912706,52.646698,4.767406,52.646698,38.013605,-0.000000,0.000000,111.524207,0.001610,0.106944,0.072390,0.001591,0.106664,0.072231,0.000019,0.000280,0.000160,-0.002098,-0.019908,-0.002654,0.020193,1.054446,10.004266,1.333635,10.004266,94.917438,12.653120,1.333635,12.653120,1.686744,-0.000000,0.000000,97.658628,-0.002098,-0.019908,-0.002654,0.020193,1.057216,10.030544,1.337138,10.030544,95.166764,12.686357,1.337138,12.686357,1.691175,-0.000000,0.000000,97.915155,0.016816,0.101956,0.058194,0.016089,0.100935,0.055587,0.000727,0.001020,0.002607,-0.017247,-0.214022,-0.002477,0.214730,0.658852,8.175824,0.094639,8.175824,101.455347,1.174390,0.094639,1.174390,0.013594,-0.000000,0.000000,102.127794,-0.017247,-0.214022,-0.002477,0.214730,0.705457,8.754147,0.101333,8.754147,108.631870,1.257462,0.101333,1.257462,0.014556,-0.000000,0.000000,109.351882,0.033050,0.094030,0.063185,0.032257,0.093830,0.061795,0.000793,0.000200,0.001391,-0.014537,-0.102082,-0.053474,0.116153,1.382068,9.705048,5.083817,9.705048,68.150006,35.699172,5.083817,35.699172,18.700378,-0.000000,0.000000,88.232452,-0.014537,-0.102082,-0.053474,0.116153,1.428522,10.031253,5.254694,10.031253,70.440658,36.899089,5.254694,36.899089,19.328933,-0.000000,0.000000,91.198114
