time_s,phase,ramp_duration_s,k_tip_Npm,q_motor_0_rad,q_motor_1_rad,q_motor_2_rad,q_motor_3_rad,q_motor_4_rad,q_motor_5_rad,q_motor_6_rad,q_motor_7_rad,q_motor_8_rad,q_motor_9_rad,q_motor_10_rad,q_motor_11_rad,q_motor_12_rad,q_dot_motor_0_rads,q_dot_motor_1_rads,q_dot_motor_2_rads,q_dot_motor_3_rads,q_dot_motor_4_rads,q_dot_motor_5_rads,q_dot_motor_6_rads,q_dot_motor_7_rads,q_dot_motor_8_rads,q_dot_motor_9_rads,q_dot_motor_10_rads,q_dot_motor_11_rads,q_dot_motor_12_rads,joint_thumb_CMC1_rad,joint_thumb_CMC2_rad,joint_thumb_MCP_rad,joint_thumb_IP_rad,joint_spread_index_rad,joint_spread_middle_rad,joint_spread_ring_rad,joint_spread_pinky_rad,joint_index_MCP_rad,joint_index_PIP_rad,joint_index_DIP_rad,joint_middle_MCP_rad,joint_middle_PIP_rad,joint_middle_DIP_rad,joint_ring_MCP_rad,joint_ring_PIP_rad,joint_ring_DIP_rad,joint_pinky_MCP_rad,joint_pinky_PIP_rad,joint_pinky_DIP_rad,tip_thumb_x_m,tip_thumb_y_m,tip_thumb_z_m,ref_thumb_x_m,ref_thumb_y_m,ref_thumb_z_m,disp_thumb_x_m,disp_thumb_y_m,disp_thumb_z_m,force_1st_thumb_x_N,force_1st_thumb_y_N,force_1st_thumb_z_N,force_1st_thumb_mag_N,stiff_1st_thumb_00_Npm,stiff_1st_thumb_01_Npm,stiff_1st_thumb_02_Npm,stiff_1st_thumb_10_Npm,stiff_1st_thumb_11_Npm,stiff_1st_thumb_12_Npm,stiff_1st_thumb_20_Npm,stiff_1st_thumb_21_Npm,stiff_1st_thumb_22_Npm,stiff_1st_thumb_eig_0_Npm,stiff_1st_thumb_eig_1_Npm,stiff_1st_thumb_eig_2_Npm,force_2nd_thumb_x_N,force_2nd_thumb_y_N,force_2nd_thumb_z_N,force_2nd_thumb_mag_N,stiff_2nd_thumb_00_Npm,stiff_2nd_thumb_01_Npm,stiff_2nd_thumb_02_Npm,stiff_2nd_thumb_10_Npm,stiff_2nd_thumb_11_Npm,stiff_2nd_thumb_12_Npm,stiff_2nd_thumb_20_Npm,stiff_2nd_thumb_21_Npm,stiff_2nd_thumb_22_Npm,stiff_2nd_thumb_eig_0_Npm,stiff_2nd_thumb_eig_1_Npm,stiff_2nd_thumb_eig_2_Npm,tip_index_x_m,tip_index_y_m,tip_index_z_m,ref_index_x_m,ref_index_y_m,ref_index_z_m,disp_index_x_m,disp_index_y_m,disp_index_z_m,force_1st_index_x_N,force_1st_index_y_N,force_1st_index_z_N,force_1st_index_mag_N,stiff_1st_index_00_Npm,stiff_1st_index_01_Npm,stiff_1st_index_02_Npm,stiff_1st_index_10_Npm,stiff_1st_index_11_Npm,stiff_1st_index_12_Npm,stiff_1st_index_20_Npm,stiff_1st_index_21_Npm,stiff_1st_index_22_Npm,stiff_1st_index_eig_0_Npm,stiff_1st_index_eig_1_Npm,stiff_1st_index_eig_2_Npm,force_2nd_index_x_N,force_2nd_index_y_N,force_2nd_index_z_N,force_2nd_index_mag_N,stiff_2nd_index_00_Npm,stiff_2nd_index_01_Npm,stiff_2nd_index_02_Npm,stiff_2nd_index_10_Npm,stiff_2nd_index_11_Npm,stiff_2nd_index_12_Npm,stiff_2nd_index_20_Npm,stiff_2nd_index_21_Npm,stiff_2nd_index_22_Npm,stiff_2nd_index_eig_0_Npm,stiff_2nd_index_eig_1_Npm,stiff_2nd_index_eig_2_Npm,tip_middle_x_m,tip_middle_y_m,tip_middle_z_m,ref_middle_x_m,ref_middle_y_m,ref_middle_z_m,disp_middle_x_m,disp_middle_y_m,disp_middle_z_m,force_1st_middle_x_N,force_1st_middle_y_N,force_1st_middle_z_N,force_1st_middle_mag_N,stiff_1st_middle_00_Npm,stiff_1st_middle_01_Npm,stiff_1st_middle_02_Npm,stiff_1st_middle_10_Npm,stiff_1st_middle_11_Npm,stiff_1st_middle_12_Npm,stiff_1st_middle_20_Npm,stiff_1st_middle_21_Npm,stiff_1st_middle_22_Npm,stiff_1st_middle_eig_0_Npm,stiff_1st_middle_eig_1_Npm,stiff_1st_middle_eig_2_Npm,force_2nd_middle_x_N,force_2nd_middle_y_N,force_2nd_middle_z_N,force_2nd_middle_mag_N,stiff_2nd_middle_00_Npm,stiff_2nd_middle_01_Npm,stiff_2nd_middle_02_Npm,stiff_2nd_middle_10_Npm,stiff_2nd_middle_11_Npm,stiff_2nd_middle_12_Npm,stiff_2nd_middle_20_Npm,stiff_2nd_middle_21_Npm,stiff_2nd_middle_22_Npm,stiff_2nd_middle_eig_0_Npm,stiff_2nd_middle_eig_1_Npm,stiff_2nd_middle_eig_2_Npm,tip_ring_x_m,tip_ring_y_m,tip_ring_z_m,ref_ring_x_m,ref_ring_y_m,ref_ring_z_m,disp_ring_x_m,disp_ring_y_m,disp_ring_z_m,force_1st_ring_x_N,force_1st_ring_y_N,force_1st_ring_z_N,force_1st_ring_mag_N,stiff_1st_ring_00_Npm,stiff_1st_ring_01_Npm,stiff_1st_ring_02_Npm,stiff_1st_ring_10_Npm,stiff_1st_ring_11_Npm,stiff_1st_ring_12_Npm,stiff_1st_ring_20_Npm,stiff_1st_ring_21_Npm,stiff_1st_ring_22_Npm,stiff_1st_ring_eig_0_Npm,stiff_1st_ring_eig_1_Npm,stiff_1st_ring_eig_2_Npm,force_2nd_ring_x_N,force_2nd_ring_y_N,force_2nd_ring_z_N,force_2nd_ring_mag_N,stiff_2nd_ring_00_Npm,stiff_2nd_ring_01_Npm,stiff_2nd_ring_02_Npm,stiff_2nd_ring_10_Npm,stiff_2nd_ring_11_Npm,stiff_2nd_ring_12_Npm,stiff_2nd_ring_20_Npm,stiff_2nd_ring_21_Npm,stiff_2nd_ring_22_Npm,stiff_2nd_ring_eig_0_Npm,stiff_2nd_ring_eig_1_Npm,stiff_2nd_ring_eig_2_Npm,tip_pinky_x_m,tip_pinky_y_m,tip_pinky_z_m,ref_pinky_x_m,ref_pinky_y_m,ref_pinky_z_m,disp_pinky_x_m,disp_pinky_y_m,disp_pinky_z_m,force_1st_pinky_x_N,force_1st_pinky_y_N,force_1st_pinky_z_N,force_1st_pinky_mag_N,stiff_1st_pinky_00_Npm,stiff_1st_pinky_01_Npm,stiff_1st_pinky_02_Npm,stiff_1st_pinky_10_Npm,stiff_1st_pinky_11_Npm,stiff_1st_pinky_12_Npm,stiff_1st_pinky_20_Npm,stiff_1st_pinky_21_Npm,stiff_1st_pinky_22_Npm,stiff_1st_pinky_eig_0_Npm,stiff_1st_pinky_eig_1_Npm,stiff_1st_pinky_eig_2_Npm,force_2nd_pinky_x_N,force_2nd_pinky_y_N,force_2nd_pinky_z_N,force_2nd_pinky_mag_N,stiff_2nd_pinky_00_Npm,stiff_2nd_pinky_01_Npm,stiff_2nd_pinky_02_Npm,stiff_2nd_pinky_10_Npm,stiff_2nd_pinky_11_Npm,stiff_2nd_pinky_12_Npm,stiff_2nd_pinky_20_Npm,stiff_2nd_pinky_21_Npm,stiff_2nd_pinky_22_Npm,stiff_2nd_pinky_eig_0_Npm,stiff_2nd_pinky_eig_1_Npm,stiff_2nd_pinky_eig_2_Npm
0.0338,baseline,0.037,20.0000,4.204641,-1.280874,-1.492563,-0.176408,-0.093573,1.144350,-1.796292,0.941864,-2.489651,1.265534,-2.336253,0.800738,-1.777884,0.023981,0.099443,0.023981,0.023981,0.011638,0.023981,0.023981,0.023981,0.023981,-0.095898,-0.110810,0.023981,0.023981,1.561902,-0.725297,1.233523,0.152866,0.003119,0.000000,-0.003119,-0.004679,0.695765,0.823987,0.823987,0.572653,1.104548,1.104548,0.769445,1.071676,1.071676,0.486849,0.919278,0.919278,-0.006627,0.086654,-0.008200,0.003613,0.061050,-0.009209,-0.010241,0.025604,0.001009,-0.008523,0.050370,-0.051532,0.072563,0.450581,-2.662742,2.724179,-2.662742,15.735654,-16.098722,2.724179,-16.098722,16.470167,-0.000000,-0.000000,32.656403,-0.008523,0.050370,-0.051532,0.072563,0.335374,-1.981916,2.027644,-1.981916,11.712267,-11.982503,2.027644,-11.982503,12.258975,-0.000000,0.000000,24.306616,-0.017694,0.118658,0.082630,-0.017082,0.116515,0.078226,-0.000612,0.002142,0.004404,-0.013350,-0.258680,-0.275988,0.378501,0.122280,2.369429,2.527970,2.369429,45.912587,48.984648,2.527970,48.984648,52.262265,-0.000000,0.000000,98.297131,-0.013350,-0.258680,-0.275988,0.378501,0.125010,2.422330,2.584410,2.422330,46.937640,50.078289,2.584410,50.078289,53.429082,-0.000000,0.000000,100.491733,0.002027,0.111719,0.078149,0.001881,0.109766,0.076593,0.000146,0.001954,0.001556,-0.018490,-0.159663,-0.059768,0.171483,1.333999,11.519367,4.312164,11.519367,99.472167,37.236444,4.312164,37.236444,13.939103,-0.000000,0.000000,114.745269,-0.018490,-0.159663,-0.059768,0.171483,1.351806,11.673135,4.369725,11.673135,100.799989,37.733501,4.369725,37.733501,14.125171,-0.000000,0.000000,116.276966,0.017899,0.106990,0.061468,0.016455,0.103733,0.056595,0.001444,0.003257,0.004872,-0.064287,-0.480059,-0.098782,0.494315,1.846024,13.785104,2.836555,13.785104,102.939692,21.181855,2.836555,21.181855,4.358581,-0.000000,0.000000,109.144297,-0.064287,-0.480059,-0.098782,0.494315,2.015468,15.050426,3.096920,15.050426,112.388429,23.126117,3.096920,23.126117,4.758651,0.000000,0.000000,119.162549,0.041481,0.094622,0.077598,0.040951,0.094094,0.076850,0.000531,0.000528,0.000748,-0.018852,-0.046840,-0.047203,0.069120,6.561593,16.303075,16.429479,16.303075,40.506970,40.821038,16.429479,40.821038,41.137541,-0.000000,0.000000,88.206104,-0.018852,-0.046840,-0.047203,0.069120,6.590596,16.375138,16.502101,16.375138,40.686020,41.001476,16.502101,41.001476,41.319378,-0.000000,0.000000,88.595995
0.0758,baseline,0.037,20.0000,4.204641,-1.276272,-1.492563,-0.176408,-0.088971,1.144350,-1.796292,0.941864,-2.489651,1.265534,-2.340855,0.800738,-1.777884,0.023981,0.183758,0.023981,0.023981,0.098005,0.023981,0.023981,0.023981,0.023981,-0.023835,-0.228366,0.023981,0.023981,1.561902,-0.722691,1.233523,0.152866,0.002966,0.000000,-0.002966,-0.004449,0.695765,0.823987,0.823987,0.572653,1.104548,1.104548,0.769445,1.073787,1.073787,0.486849,0.919278,0.919278,-0.006654,0.086718,-0.008067,0.003613,0.061050,-0.009209,-0.010267,0.025668,0.001142,-0.008828,0.052125,-0.053058,0.074900,0.453742,-2.679141,2.727108,-2.679141,15.819106,-16.102332,2.727108,-16.102332,16.390630,-0.000000,0.000000,32.663478,-0.008828,0.052125,-0.053058,0.074900,0.337133,-1.990619,2.026259,-1.990619,11.753696,-11.964135,2.026259,-11.964135,12.178341,-0.000000,0.000000,24.269170,-0.017699,0.118658,0.082629,-0.017082,0.116515,0.078226,-0.000617,0.002143,0.004403,-0.013299,-0.258711,-0.276011,0.378538,0.121332,2.360287,2.518119,2.360287,45.914916,48.985243,2.518119,48.985243,52.260883,0.000000,0.000000,98.297131,-0.013299,-0.258711,-0.276011,0.378538,0.124041,2.412991,2.574347,2.412991,46.940162,50.079047,2.574347,50.079047,53.427830,-0.000000,0.000000,100.492033,0.002027,0.111719,0.078149,0.001881,0.109766,0.076593,0.000146,0.001954,0.001556,-0.018490,-0.159663,-0.059768,0.171483,1.333999,11.519367,4.312164,11.519367,99.472167,37.236444,4.312164,37.236444,13.939103,-0.000000,0.000000,114.745269,-0.018490,-0.159663,-0.059768,0.171483,1.351806,11.673135,4.369725,11.673135,100.799989,37.733501,4.369725,37.733501,14.125171,-0.000000,0.000000,116.276966,0.017880,0.106884,0.061403,0.016455,0.103733,0.056595,0.001425,0.003151,0.004807,-0.062637,-0.471610,-0.095004,0.485144,1.818478,13.691775,2.758154,13.691775,103.088776,20.766830,2.758154,20.766830,4.183396,-0.000000,-0.000000,109.090651,-0.062637,-0.471610,-0.095004,0.485144,1.985359,14.948263,3.011269,14.948263,112.549189,22.672593,3.011269,22.672593,4.567305,-0.000000,0.000000,119.101853,0.041489,0.094623,0.077596,0.040951,0.094094,0.076850,0.000538,0.000530,0.000746,-0.018905,-0.046942,-0.047298,0.069268,6.570552,16.314642,16.438464,16.314642,40.509159,40.816610,16.438464,40.816610,41.126394,-0.000000,0.000000,88.206104,-0.018905,-0.046942,-0.047298,0.069268,6.599723,16.387074,16.511446,16.387074,40.689007,40.997823,16.511446,40.997823,41.308982,-0.000000,0.000000,88.597712
0.1182,baseline,0.037,20.0000,4.204641,-1.276272,-1.492563,-0.176408,-0.092039,1.144350,-1.796292,0.941864,-2.489651,1.268602,-2.334719,0.800738,-1.777884,0.023981,0.074002,0.023981,0.023981,0.013698,0.023981,0.023981,0.023981,0.023981,0.009749,0.037997,0.023981,0.023981,1.561902,-0.722691,1.233523,0.152866,0.003068,0.000000,-0.003068,-0.004602,0.695765,0.823987,0.823987,0.572653,1.104548,1.104548,0.771310,1.070972,1.070972,0.486849,0.919278,0.919278,-0.006654,0.086718,-0.008067,0.003613,0.061050,-0.009209,-0.010267,0.025668,0.001142,-0.008828,0.052125,-0.053058,0.074900,0.453742,-2.679141,2.727108,-2.679141,15.819106,-16.102332,2.727108,-16.102332,16.390630,-0.000000,0.000000,32.663478,-0.008828,0.052125,-0.053058,0.074900,0.337133,-1.990619,2.026259,-1.990619,11.753696,-11.964135,2.026259,-11.964135,12.178341,-0.000000,0.000000,24.269170,-0.017695,0.118658,0.082629,-0.017082,0.116515,0.078226,-0.000614,0.002142,0.004404,-0.013333,-0.258690,-0.275996,0.378513,0.121964,2.366382,2.524687,2.366382,45.913363,48.984847,2.524687,48.984847,52.261804,-0.000000,0.000000,98.297131,-0.013333,-0.258690,-0.275996,0.378513,0.124687,2.419217,2.581056,2.419217,46.938481,50.078542,2.581056,50.078542,53.428665,-0.000000,0.000000,100.491833,0.002027,0.111719,0.078149,0.001881,0.109766,0.076593,0.000146,0.001954,0.001556,-0.018490,-0.159663,-0.059768,0.171483,1.333999,11.519367,4.312164,11.519367,99.472167,37.236444,4.312164,37.236444,13.939103,-0.000000,0.000000,114.745269,-0.018490,-0.159663,-0.059768,0.171483,1.351806,11.673135,4.369725,11.673135,100.799989,37.733501,4.369725,37.733501,14.125171,-0.000000,0.000000,116.276966,0.017875,0.106995,0.061373,0.016455,0.103733,0.056595,0.001420,0.003261,0.004778,-0.063360,-0.473491,-0.097205,0.487501,1.843923,13.779769,2.828906,13.779769,102.977219,21.140620,2.828906,21.140620,4.340045,0.000000,0.000000,109.161187,-0.063360,-0.473491,-0.097205,0.487501,2.008957,15.013081,3.082098,15.013081,112.193850,23.032740,3.082098,23.032740,4.728487,0.000000,0.000000,118.931294,0.041484,0.094623,0.077597,0.040951,0.094094,0.076850,0.000533,0.000529,0.000747,-0.018870,-0.046874,-0.047235,0.069169,6.564579,16.306930,16.432475,16.306930,40.507700,40.819562,16.432475,40.819562,41.133826,-0.000000,0.000000,88.206104,-0.018870,-0.046874,-0.047235,0.069169,6.593638,16.379116,16.505216,16.379116,40.687014,41.000257,16.505216,41.000257,41.315912,-0.000000,0.000000,88.596564
0.1606,baseline,0.037,20.0000,4.204641,-1.276272,-1.492563,-0.176408,-0.093573,1.144350,-1.796292,0.941864,-2.489651,1.291612,-2.331651,0.800738,-1.777884,0.023981,0.035424,0.023981,0.023981,-0.037286,0.023981,0.023981,0.023981,0.023981,0.324977,0.108534,0.023981,0.023981,1.561902,-0.722691,1.233523,0.152866,0.003119,0.000000,-0.003119,-0.004679,0.695765,0.823987,0.823987,0.572653,1.104548,1.104548,0.785300,1.069565,1.069565,0.486849,0.919278,0.919278,-0.006654,0.086718,-0.008067,0.003613,0.061050,-0.009209,-0.010267,0.025668,0.001142,-0.008828,0.052125,-0.053058,0.074900,0.453742,-2.679141,2.727108,-2.679141,15.819106,-16.102332,2.727108,-16.102332,16.390630,-0.000000,0.000000,32.663478,-0.008828,0.052125,-0.053058,0.074900,0.337133,-1.990619,2.026259,-1.990619,11.753696,-11.964135,2.026259,-11.964135,12.178341,-0.000000,0.000000,24.269170,-0.017694,0.118658,0.082630,-0.017082,0.116515,0.078226,-0.000612,0.002142,0.004404,-0.013350,-0.258680,-0.275988,0.378501,0.122280,2.369429,2.527970,2.369429,45.912587,48.984648,2.527970,48.984648,52.262265,-0.000000,0.000000,98.297131,-0.013350,-0.258680,-0.275988,0.378501,0.125010,2.422330,2.584410,2.422330,46.937641,50.078290,2.584410,50.078290,53.429083,-0.000000,0.000000,100.491734,0.002027,0.111719,0.078149,0.001881,0.109766,0.076593,0.000146,0.001954,0.001556,-0.018490,-0.159663,-0.059768,0.171483,1.333999,11.519367,4.312164,11.519367,99.472167,37.236444,4.312164,37.236444,13.939103,-0.000000,0.000000,114.745269,-0.018490,-0.159663,-0.059768,0.171483,1.351806,11.673135,4.369725,11.673135,100.799989,37.733501,4.369725,37.733501,14.125171,-0.000000,0.000000,116.276966,0.017648,0.106825,0.060549,0.016455,0.103733,0.056595,0.001193,0.003092,0.003953,-0.053352,-0.408308,-0.079191,0.419324,1.767650,13.528016,2.623748,13.528016,103.531387,20.079834,2.623748,20.079834,3.894468,-0.000000,0.000000,109.193505,-0.053352,-0.408308,-0.079191,0.419324,1.895344,14.505274,2.813287,14.505274,111.010450,21.530392,2.813287,21.530392,4.175803,-0.000000,0.000000,117.081597,0.041481,0.094622,0.077598,0.040951,0.094094,0.076850,0.000531,0.000528,0.000748,-0.018851,-0.046837,-0.047200,0.069116,6.561593,16.303075,16.429479,16.303075,40.506970,40.821038,16.429479,40.821038,41.137541,-0.000000,0.000000,88.206104,-0.018851,-0.046837,-0.047200,0.069116,6.590593,16.375129,16.502092,16.375129,40.685998,41.001454,16.502092,41.001454,41.319356,-0.000000,0.000000,88.595946
0.2030,baseline,0.037,20.0000,4.204641,-1.276272,-1.492563,-0.176408,-0.093573,1.144350,-1.796292,0.941864,-2.489651,1.297748,-2.330117,0.800738,-1.777884,0.023981,0.026599,0.023981,0.023981,-0.008530,0.023981,0.023981,0.023981,0.023981,0.351284,0.053823,0.023981,0.023981,1.561902,-0.722691,1.233523,0.152866,0.003119,0.000000,-0.003119,-0.004679,0.695765,0.823987,0.823987,0.572653,1.104548,1.104548,0.789031,1.068861,1.068861,0.486849,0.919278,0.919278,-0.006654,0.086718,-0.008067,0.003613,0.061050,-0.009209,-0.010267,0.025668,0.001142,-0.008828,0.052125,-0.053058,0.074900,0.453742,-2.679141,2.727108,-2.679141,15.819106,-16.102332,2.727108,-16.102332,16.390630,-0.000000,0.000000,32.663478,-0.008828,0.052125,-0.053058,0.074900,0.337133,-1.990619,2.026259,-1.990619,11.753696,-11.964135,2.026259,-11.964135,12.178341,-0.000000,0.000000,24.269170,-0.017694,0.118658,0.082630,-0.017082,0.116515,0.078226,-0.000612,0.002142,0.004404,-0.013350,-0.258680,-0.275988,0.378501,0.122280,2.369429,2.527970,2.369429,45.912587,48.984648,2.527970,48.984648,52.262265,-0.000000,0.000000,98.297131,-0.013350,-0.258680,-0.275988,0.378501,0.125010,2.422330,2.584410,2.422330,46.937641,50.078290,2.584410,50.078290,53.429083,-0.000000,0.000000,100.491734,0.002027,0.111719,0.078149,0.001881,0.109766,0.076593,0.000146,0.001954,0.001556,-0.018490,-0.159663,-0.059768,0.171483,1.333999,11.519367,4.312164,11.519367,99.472167,37.236444,4.312164,37.236444,13.939103,-0.000000,0.000000,114.745269,-0.018490,-0.159663,-0.059768,0.171483,1.351806,11.673135,4.369725,11.673135,100.799989,37.733501,4.369725,37.733501,14.125171,-0.000000,0.000000,116.276966,0.017592,0.106794,0.060339,0.016455,0.103733,0.056595,0.001137,0.003061,0.003744,-0.050992,-0.392186,-0.075141,0.402562,1.752245,13.476768,2.582092,13.476768,103.651730,19.859234,2.582092,19.859234,3.804945,0.000000,0.000000,109.208920,-0.050992,-0.392186,-0.075141,0.402562,1.870792,14.388526,2.756781,14.388526,110.664190,21.202791,2.756781,21.202791,4.062365,-0.000000,0.000000,116.597347,0.041481,0.094622,0.077598,0.040951,0.094094,0.076850,0.000531,0.000528,0.000748,-0.018851,-0.046837,-0.047200,0.069115,6.561593,16.303075,16.429479,16.303075,40.506970,40.821038,16.429479,40.821038,41.137541,-0.000000,0.000000,88.206104,-0.018851,-0.046837,-0.047200,0.069115,6.590592,16.375127,16.502090,16.375127,40.685993,41.001449,16.502090,41.001449,41.319350,-0.000000,0.000000,88.595935
0.2455,baseline,0.037,20.0000,4.204641,-1.270136,-1.492563,-0.176408,-0.092039,1.144350,-1.796292,0.941864,-2.489651,1.288544,-2.325515,0.800738,-1.777884,0.012744,0.079984,0.023981,0.023981,0.010852,0.023981,0.023981,0.023981,0.023981,-0.016902,0.087522,0.023981,0.023981,1.561902,-0.719216,1.233523,0.152866,0.003068,0.000000,-0.003068,-0.004602,0.695765,0.823987,0.823987,0.572653,1.104548,1.104548,0.783435,1.066750,1.066750,0.486849,0.919278,0.919278,-0.006690,0.086804,-0.007890,0.003613,0.061050,-0.009209,-0.010303,0.025754,0.001319,-0.009236,0.054472,-0.055075,0.078011,0.457982,-2.701082,2.730938,-2.701082,15.930404,-16.106490,2.730938,-16.106490,16.284523,-0.000000,-0.000000,32.672909,-0.009236,0.054472,-0.055075,0.078011,0.339487,-2.002221,2.024352,-2.002221,11.808671,-11.939198,2.024352,-11.939198,12.071168,-0.000000,-0.000000,24.219326,-0.017695,0.118658,0.082629,-0.017082,0.116515,0.078226,-0.000614,0.002142,0.004404,-0.013333,-0.258690,-0.275996,0.378513,0.121964,2.366382,2.524687,2.366382,45.913363,48.984847,2.524687,48.984847,52.261804,-0.000000,0.000000,98.297131,-0.013333,-0.258690,-0.275996,0.378513,0.124687,2.419217,2.581056,2.419217,46.938481,50.078543,2.581056,50.078543,53.428666,-0.000000,0.000000,100.491834,0.002027,0.111719,0.078149,0.001881,0.109766,0.076593,0.000146,0.001954,0.001556,-0.018490,-0.159663,-0.059768,0.171483,1.333999,11.519367,4.312164,11.519367,99.472167,37.236444,4.312164,37.236444,13.939103,-0.000000,0.000000,114.745269,-0.018490,-0.159663,-0.059768,0.171483,1.351806,11.673135,4.369725,11.673135,100.799989,37.733501,4.369725,37.733501,14.125171,-0.000000,0.000000,116.276966,0.017709,0.107000,0.060750,0.016455,0.103733,0.056595,0.001254,0.003267,0.004154,-0.056974,-0.429072,-0.086479,0.441393,1.820244,13.708349,2.762897,13.708349,103.238244,20.807512,2.762897,20.807512,4.193723,-0.000000,0.000000,109.252211,-0.056974,-0.429072,-0.086479,0.441393,1.956218,14.732374,2.969288,14.732374,110.950225,22.361850,2.969288,22.361850,4.506997,-0.000000,0.000000,117.413440,0.041484,0.094623,0.077597,0.040951,0.094094,0.076850,0.000533,0.000529,0.000747,-0.018869,-0.046872,-0.047233,0.069166,6.564579,16.306930,16.432475,16.306930,40.507700,40.819562,16.432475,40.819562,41.133826,0.000000,0.000000,88.206104,-0.018869,-0.046872,-0.047233,0.069166,6.593636,16.379110,16.505210,16.379110,40.687000,41.000243,16.505210,41.000243,41.315898,0.000000,0.000000,88.596533
0.2879,baseline,0.037,20.0000,4.204641,-1.268602,-1.492563,-0.176408,-0.087437,1.144350,-1.796292,0.941864,-2.489651,1.282408,-2.320913,0.800738,-1.777884,0.018535,0.107706,0.023981,0.023981,0.090894,0.023981,0.023981,0.023981,0.023981,-0.156898,0.116023,0.023981,0.023981,1.561902,-0.718348,1.233523,0.152866,0.002915,0.000000,-0.002915,-0.004372,0.695765,0.823987,0.823987,0.572653,1.104548,1.104548,0.779704,1.064639,1.064639,0.486849,0.919278,0.919278,-0.006699,0.086825,-0.007846,0.003613,0.061050,-0.009209,-0.010312,0.025775,0.001363,-0.009339,0.055061,-0.055576,0.078788,0.459047,-2.706580,2.731882,-2.706580,15.958233,-16.107413,2.731882,-16.107413,16.257987,-0.000000,-0.000000,32.675266,-0.009339,0.055061,-0.055576,0.078788,0.340077,-2.005121,2.023865,-2.005121,11.822368,-11.932885,2.023865,-11.932885,12.044435,-0.000000,-0.000000,24.206880,-0.017701,0.118658,0.082629,-0.017082,0.116515,0.078226,-0.000619,0.002143,0.004403,-0.013282,-0.258722,-0.276019,0.378550,0.121017,2.357240,2.514836,2.357240,45.915692,48.985441,2.514836,48.985441,52.260422,-0.000000,0.000000,98.297131,-0.013282,-0.258722,-0.276019,0.378550,0.123719,2.409877,2.570993,2.409877,46.941003,50.079300,2.570993,50.079300,53.427412,-0.000000,0.000000,100.492134,0.002027,0.111719,0.078149,0.001881,0.109766,0.076593,0.000146,0.001954,0.001556,-0.018490,-0.159663,-0.059768,0.171483,1.333999,11.519367,4.312164,11.519367,99.472167,37.236444,4.312164,37.236444,13.939103,-0.000000,0.000000,114.745269,-0.018490,-0.159663,-0.059768,0.171483,1.351806,11.673135,4.369725,11.673135,100.799989,37.733501,4.369725,37.733501,14.125171,-0.000000,0.000000,116.276966,0.017797,0.107172,0.061046,0.016455,0.103733,0.056595,0.001342,0.003438,0.004451,-0.061662,-0.456433,-0.095679,0.470412,1.877875,13.900302,2.913818,13.900302,102.892036,21.568497,2.913818,21.568497,4.521245,0.000000,0.000000,109.291156,-0.061662,-0.456433,-0.095679,0.470412,2.026892,15.003348,3.145041,15.003348,111.056944,23.280046,3.145041,23.280046,4.880024,-0.000000,0.000000,117.963860,0.041491,0.094624,0.077595,0.040951,0.094094,0.076850,0.000541,0.000530,0.000745,-0.018923,-0.046975,-0.047329,0.069317,6.573539,16.318497,16.441458,16.318497,40.509888,40.815132,16.441458,40.815132,41.122677,-0.000000,0.000000,88.206104,-0.018923,-0.046975,-0.047329,0.069317,6.602766,16.391050,16.514558,16.391050,40.689997,40.996599,16.514558,40.996599,41.305511,-0.000000,0.000000,88.598274
0.3304,baseline,0.037,20.0000,4.204641,-1.267068,-1.492563,-0.176408,-0.090505,1.144350,-1.796292,0.941864,-2.489651,1.282408,-2.314777,0.800738,-1.777884,0.022860,0.041219,0.023981,0.023981,0.010405,0.023981,0.023981,0.023981,0.023981,-0.038434,0.132763,0.023981,0.023981,1.561902,-0.717479,1.233523,0.152866,0.003017,0.000000,-0.003017,-0.004525,0.695765,0.823987,0.823987,0.572653,1.104548,1.104548,0.779704,1.061824,1.061824,0.486849,0.919278,0.919278,-0.006708,0.086847,-0.007801,0.003613,0.061050,-0.009209,-0.010321,0.025797,0.001408,-0.009441,0.055650,-0.056076,0.079565,0.460113,-2.712084,2.732820,-2.712084,15.986064,-16.108288,2.732820,-16.108288,16.231447,-0.000000,0.000000,32.677623,-0.009441,0.055650,-0.056076,0.079565,0.340667,-2.008021,2.023374,-2.008021,11.836046,-11.926540,2.023374,-11.926540,12.017727,-0.000000,-0.000000,24.194439,-0.017697,0.118658,0.082629,-0.017082,0.116515,0.078226,-0.000615,0.002143,0.004403,-0.013316,-0.258701,-0.276004,0.378525,0.121648,2.363335,2.521403,2.363335,45.914140,48.985045,2.521403,48.985045,52.261344,-0.000000,0.000000,98.297131,-0.013316,-0.258701,-0.276004,0.378525,0.124364,2.416104,2.577701,2.416104,46.939322,50.078795,2.577701,50.078795,53.428248,-0.000000,0.000000,100.491933,0.002027,0.111719,0.078149,0.001881,0.109766,0.076593,0.000146,0.001954,0.001556,-0.018490,-0.159663,-0.059768,0.171483,1.333999,11.519367,4.312164,11.519367,99.472167,37.236444,4.312164,37.236444,13.939103,-0.000000,0.000000,114.745269,-0.018490,-0.159663,-0.059768,0.171483,1.351806,11.673135,4.369725,11.673135,100.799989,37.733501,4.369725,37.733501,14.125171,-0.000000,0.000000,116.276966,0.017824,0.107313,0.061133,0.016455,0.103733,0.056595,0.001369,0.003580,0.004538,-0.063879,-0.467554,-0.100708,0.482524,1.916231,14.025529,3.020997,14.025529,102.657491,22.111681,3.020997,22.111681,4.762696,-0.000000,0.000000,109.336418,-0.063879,-0.467554,-0.100708,0.482524,2.068382,15.139173,3.260868,15.139173,110.808624,23.867376,3.260868,23.867376,5.140860,-0.000000,0.000000,118.017866,0.041486,0.094623,0.077596,0.040951,0.094094,0.076850,0.000536,0.000529,0.000747,-0.018887,-0.046908,-0.047266,0.069218,6.567565,16.310786,16.435470,16.310786,40.508429,40.818086,16.435470,40.818086,41.130110,0.000000,0.000000,88.206104,-0.018887,-0.046908,-0.047266,0.069218,6.596680,16.383094,16.508330,16.383094,40.688008,40.999037,16.508330,40.999037,41.312445,0.000000,0.000000,88.597132
0.3727,baseline,0.037,20.0000,4.204641,-1.267068,-1.492563,-0.176408,-0.092039,1.144350,-1.796292,0.941864,-2.489651,1.282408,-2.310175,0.800738,-1.777884,0.023724,0.017599,0.023981,0.023981,-0.030409,0.023981,0.023981,0.023981,0.023981,-0.008793,0.131584,0.023981,0.023981,1.561902,-0.717479,1.233523,0.152866,0.003068,0.000000,-0.003068,-0.004602,0.695765,0.823987,0.823987,0.572653,1.104548,1.104548,0.779704,1.059713,1.059713,0.486849,0.919278,0.919278,-0.006708,0.086847,-0.007801,0.003613,0.061050,-0.009209,-0.010321,0.025797,0.001408,-0.009441,0.055650,-0.056076,0.079565,0.460113,-2.712084,2.732820,-2.712084,15.986064,-16.108288,2.732820,-16.108288,16.231447,-0.000000,0.000000,32.677623,-0.009441,0.055650,-0.056076,0.079565,0.340667,-2.008021,2.023374,-2.008021,11.836046,-11.926540,2.023374,-11.926540,12.017727,-0.000000,-0.000000,24.194439,-0.017695,0.118658,0.082629,-0.017082,0.116515,0.078226,-0.000614,0.002142,0.004404,-0.013333,-0.258690,-0.275996,0.378513,0.121964,2.366382,2.524687,2.366382,45.913363,48.984847,2.524687,48.984847,52.261804,-0.000000,0.000000,98.297131,-0.013333,-0.258690,-0.275996,0.378513,0.124687,2.419217,2.581056,2.419217,46.938481,50.078542,2.581056,50.078542,53.428665,-0.000000,0.000000,100.491833,0.002027,0.111719,0.078149,0.001881,0.109766,0.076593,0.000146,0.001954,0.001556,-0.018490,-0.159663,-0.059768,0.171483,1.333999,11.519367,4.312164,11.519367,99.472167,37.236444,4.312164,37.236444,13.939103,-0.000000,0.000000,114.745269,-0.018490,-0.159663,-0.059768,0.171483,1.351806,11.673135,4.369725,11.673135,100.799989,37.733501,4.369725,37.733501,14.125171,-0.000000,0.000000,116.276966,0.017845,0.107419,0.061199,0.016455,0.103733,0.056595,0.001390,0.003686,0.004604,-0.065568,-0.475860,-0.104559,0.491604,1.945497,14.119493,3.102422,14.119493,102.472595,22.515908,3.102422,22.515908,4.947333,-0.000000,0.000000,109.365425,-0.065568,-0.475860,-0.104559,0.491604,2.100010,15.240878,3.348819,15.240878,110.611073,24.304144,3.348819,24.304144,5.340256,-0.000000,0.000000,118.051339,0.041484,0.094623,0.077597,0.040951,0.094094,0.076850,0.000533,0.000529,0.000747,-0.018870,-0.046874,-0.047235,0.069169,6.564579,16.306930,16.432475,16.306930,40.507700,40.819562,16.432475,40.819562,41.133826,-0.000000,0.000000,88.206104,-0.018870,-0.046874,-0.047235,0.069169,6.593638,16.379116,16.505216,16.379116,40.687014,41.000257,16.505216,41.000257,41.315911,-0.000000,0.000000,88.596563
0.4151,baseline,0.037,20.0000,4.204641,-1.254796,-1.492563,-0.176408,-0.092039,1.144350,-1.796292,0.941864,-2.489651,1.296214,-2.305573,0.800738,-1.777884,0.023922,0.153811,0.023981,0.023981,-0.006957,0.023981,0.023981,0.023981,0.023981,0.139417,0.134422,0.023981,0.023981,1.561902,-0.710530,1.233523,0.152866,0.003068,0.000000,-0.003068,-0.004602,0.695765,0.823987,0.823987,0.572653,1.104548,1.104548,0.788098,1.057602,1.057602,0.486849,0.919278,0.919278,-0.006779,0.087016,-0.007446,0.003613,0.061050,-0.009209,-0.010392,0.025966,0.001763,-0.010269,0.060386,-0.060031,0.085765,0.468711,-2.756306,2.740124,-2.756306,16.208758,-16.113601,2.740124,-16.113601,16.019001,0.000000,0.000000,32.696471,-0.010269,0.060386,-0.060031,0.085765,0.345409,-2.031214,2.019289,-2.031214,11.944777,-11.874652,2.019289,-11.874652,11.804939,0.000000,0.000000,24.095124,-0.017695,0.118658,0.082629,-0.017082,0.116515,0.078226,-0.000614,0.002142,0.004404,-0.013333,-0.258690,-0.275996,0.378513,0.121964,2.366382,2.524687,2.366382,45.913363,48.984847,2.524687,48.984847,52.261804,-0.000000,0.000000,98.297131,-0.013333,-0.258690,-0.275996,0.378513,0.124687,2.419217,2.581056,2.419217,46.938481,50.078543,2.581056,50.078543,53.428666,-0.000000,0.000000,100.491834,0.002027,0.111719,0.078149,0.001881,0.109766,0.076593,0.000146,0.001954,0.001556,-0.018490,-0.159663,-0.059768,0.171483,1.333999,11.519367,4.312164,11.519367,99.472167,37.236444,4.312164,37.236444,13.939103,-0.000000,0.000000,114.745269,-0.018490,-0.159663,-0.059768,0.171483,1.351806,11.673135,4.369725,11.673135,100.799989,37.733501,4.369725,37.733501,14.125171,-0.000000,0.000000,116.276966,0.017722,0.107381,0.060740,0.016455,0.103733,0.056595,0.001267,0.003648,0.004145,-0.060342,-0.441708,-0.095167,0.455856,1.916739,14.030698,3.022955,14.030698,102.705930,22.128292,3.022955,22.128292,4.767605,-0.000000,0.000000,109.390274,-0.060342,-0.441708,-0.095167,0.455856,2.049730,15.004203,3.232699,15.004203,109.832073,23.663640,3.232699,23.663640,5.098400,-0.000000,0.000000,116.980203,0.041484,0.094623,0.077597,0.040951,0.094094,0.076850,0.000533,0.000529,0.000747,-0.018869,-0.046872,-0.047233,0.069167,6.564579,16.306930,16.432475,16.306930,40.507700,40.819562,16.432475,40.819562,41.133826,-0.000000,-0.000000,88.206104,-0.018869,-0.046872,-0.047233,0.069167,6.593636,16.379111,16.505212,16.379111,40.687003,41.000246,16.505212,41.000246,41.315901,-0.000000,0.000000,88.596540
0.4576,baseline,0.037,20.0000,4.204641,-1.251728,-1.492563,-0.176408,-0.090505,1.144350,-1.796292,0.941864,-2.489651,1.299282,-2.300971,0.800738,-1.777884,0.023967,0.203821,0.023981,0.023981,0.014728,0.023981,0.023981,0.023981,0.023981,0.234684,0.134819,0.023981,0.023981,1.561902,-0.708793,1.233523,0.152866,0.003017,0.000000,-0.003017,-0.004525,0.695765,0.823987,0.823987,0.572653,1.104548,1.104548,0.789963,1.055491,1.055491,0.486849,0.919278,0.919278,-0.006797,0.087058,-0.007357,0.003613,0.061050,-0.009209,-0.010410,0.026008,0.001852,-0.010477,0.061576,-0.061008,0.087311,0.470879,-2.767414,2.741894,-2.767414,16.264443,-16.114459,2.741894,-16.114459,15.965858,0.000000,0.000000,32.701180,-0.010477,0.061576,-0.061008,0.087311,0.346600,-2.037010,2.018226,-2.037010,11.971766,-11.861368,2.018226,-11.861368,11.751987,0.000000,0.000000,24.070353,-0.017697,0.118658,0.082629,-0.017082,0.116515,0.078226,-0.000615,0.002143,0.004403,-0.013316,-0.258701,-0.276004,0.378525,0.121648,2.363335,2.521403,2.363335,45.914140,48.985045,2.521403,48.985045,52.261344,-0.000000,0.000000,98.297131,-0.013316,-0.258701,-0.276004,0.378525,0.124364,2.416104,2.577701,2.416104,46.939322,50.078795,2.577701,50.078795,53.428248,-0.000000,0.000000,100.491934,0.002027,0.111719,0.078149,0.001881,0.109766,0.076593,0.000146,0.001954,0.001556,-0.018490,-0.159663,-0.059768,0.171483,1.333999,11.519367,4.312164,11.519367,99.472167,37.236444,4.312164,37.236444,13.939103,-0.000000,0.000000,114.745269,-0.018490,-0.159663,-0.059768,0.171483,1.351806,11.673135,4.369725,11.673135,100.799989,37.733501,4.369725,37.733501,14.125171,-0.000000,0.000000,116.276966,0.017712,0.107455,0.060689,0.016455,0.103733,0.056595,0.001257,0.003722,0.004094,-0.060491,-0.440563,-0.095980,0.454936,1.934369,14.088269,3.069223,14.088269,102.606746,22.353564,3.069223,22.353564,4.869873,-0.000000,0.000000,109.410988,-0.060491,-0.440563,-0.095980,0.454936,2.064394,15.035261,3.275532,15.035261,109.503818,23.856137,3.275532,23.856137,5.197219,-0.000000,-0.000000,116.765431,0.041486,0.094623,0.077596,0.040951,0.094094,0.076850,0.000536,0.000529,0.000747,-0.018887,-0.046906,-0.047265,0.069216,6.567565,16.310786,16.435470,16.310786,40.508429,40.818086,16.435470,40.818086,41.130110,-0.000000,0.000000,88.206104,-0.018887,-0.046906,-0.047265,0.069216,6.596678,16.383090,16.508327,16.383090,40.687999,40.999028,16.508327,40.999028,41.312435,-0.000000,0.000000,88.597113
0.5006,baseline,0.037,20.0000,4.204641,-1.251728,-1.492563,-0.176408,-0.085903,1.144350,-1.796292,0.941864,-2.489651,1.293146,-2.294835,0.800738,-1.777884,0.010320,0.067019,0.023981,0.023981,0.100070,0.023981,0.023981,0.023981,0.023981,-0.022220,0.133833,0.023981,0.023981,1.561902,-0.708793,1.233523,0.152866,0.002863,0.000000,-0.002863,-0.004295,0.695765,0.823987,0.823987,0.572653,1.104548,1.104548,0.786233,1.052677,1.052677,0.486849,0.919278,0.919278,-0.006797,0.087058,-0.007357,0.003613,0.061050,-0.009209,-0.010410,0.026008,0.001852,-0.010477,0.061576,-0.061008,0.087311,0.470879,-2.767414,2.741894,-2.767414,16.264443,-16.114459,2.741894,-16.114459,15.965858,0.000000,0.000000,32.701180,-0.010477,0.061576,-0.061008,0.087311,0.346600,-2.037010,2.018226,-2.037010,11.971766,-11.861368,2.018226,-11.861368,11.751987,0.000000,0.000000,24.070353,-0.017702,0.118659,0.082629,-0.017082,0.116515,0.078226,-0.000620,0.002143,0.004403,-0.013266,-0.258733,-0.276027,0.378562,0.120702,2.354192,2.511552,2.354192,45.916469,48.985639,2.511552,48.985639,52.259961,-0.000000,0.000000,98.297131,-0.013266,-0.258733,-0.276027,0.378562,0.123398,2.406764,2.567638,2.406764,46.941843,50.079552,2.567638,50.079552,53.426993,-0.000000,0.000000,100.492234,0.002027,0.111719,0.078149,0.001881,0.109766,0.076593,0.000146,0.001954,0.001556,-0.018490,-0.159663,-0.059768,0.171483,1.333999,11.519367,4.312164,11.519367,99.472167,37.236444,4.312164,37.236444,13.939103,-0.000000,0.000000,114.745269,-0.018490,-0.159663,-0.059768,0.171483,1.351806,11.673135,4.369725,11.673135,100.799989,37.733501,4.369725,37.733501,14.125171,-0.000000,0.000000,116.276966,0.017808,0.107661,0.061011,0.016455,0.103733,0.056595,0.001353,0.003928,0.004416,-0.065886,-0.470476,-0.107005,0.486968,2.003208,14.304480,3.253403,14.304480,102.145224,23.231850,3.253403,23.231850,5.283838,-0.000000,0.000000,109.432271,-0.065886,-0.470476,-0.107005,0.486968,2.146873,15.330359,3.486728,15.330359,109.470808,24.897977,3.486728,24.897977,5.662781,0.000000,0.000000,117.280462,0.041494,0.094624,0.077594,0.040951,0.094094,0.076850,0.000543,0.000530,0.000744,-0.018941,-0.047010,-0.047361,0.069367,6.576528,16.322352,16.444451,16.322352,40.510617,40.813655,16.444451,40.813655,41.118960,-0.000000,0.000000,88.206104,-0.018941,-0.047010,-0.047361,0.069367,6.605811,16.395030,16.517673,16.395030,40.690997,40.995384,16.517673,40.995384,41.302049,-0.000000,0.000000,88.598856
0.5424,baseline,0.037,20.0000,4.204641,-1.251728,-1.492563,-0.176408,-0.088971,1.144350,-1.796292,0.941864,-2.489651,1.293146,-2.291767,0.800738,-1.777884,0.019569,0.033827,0.023981,0.023981,0.006049,0.023981,0.023981,0.023981,0.023981,-0.057330,0.124629,0.023981,0.023981,1.561902,-0.708793,1.233523,0.152866,0.002966,0.000000,-0.002966,-0.004449,0.695765,0.823987,0.823987,0.572653,1.104548,1.104548,0.786233,1.051269,1.051269,0.486849,0.919278,0.919278,-0.006797,0.087058,-0.007357,0.003613,0.061050,-0.009209,-0.010410,0.026008,0.001852,-0.010477,0.061576,-0.061008,0.087311,0.470879,-2.767414,2.741894,-2.767414,16.264443,-16.114459,2.741894,-16.114459,15.965858,0.000000,0.000000,32.701180,-0.010477,0.061576,-0.061008,0.087311,0.346600,-2.037010,2.018226,-2.037010,11.971766,-11.861368,2.018226,-11.861368,11.751987,0.000000,0.000000,24.070353,-0.017699,0.118658,0.082629,-0.017082,0.116515,0.078226,-0.000617,0.002143,0.004403,-0.013299,-0.258711,-0.276011,0.378538,0.121332,2.360287,2.518119,2.360287,45.914916,48.985243,2.518119,48.985243,52.260883,-0.000000,0.000000,98.297131,-0.013299,-0.258711,-0.276011,0.378538,0.124041,2.412991,2.574347,2.412991,46.940162,50.079047,2.574347,50.079047,53.427830,-0.000000,0.000000,100.492033,0.002027,0.111719,0.078149,0.001881,0.109766,0.076593,0.000146,0.001954,0.001556,-0.018490,-0.159663,-0.059768,0.171483,1.333999,11.519367,4.312164,11.519367,99.472167,37.236444,4.312164,37.236444,13.939103,-0.000000,0.000000,114.745269,-0.018490,-0.159663,-0.059768,0.171483,1.351806,11.673135,4.369725,11.673135,100.799989,37.733501,4.369725,37.733501,14.125171,-0.000000,0.000000,116.276966,0.017820,0.107731,0.061055,0.016455,0.103733,0.056595,0.001365,0.003998,0.004460,-0.066999,-0.475902,-0.109627,0.492940,2.021749,14.360705,3.308079,14.360705,102.005662,23.497647,3.308079,23.497647,5.412831,-0.000000,0.000000,109.440242,-0.066999,-0.475902,-0.109627,0.492940,2.166742,15.390603,3.545322,15.390603,109.321136,25.182812,3.545322,25.182812,5.801019,-0.000000,0.000000,117.288897,0.041489,0.094623,0.077596,0.040951,0.094094,0.076850,0.000538,0.000530,0.000746,-0.018905,-0.046942,-0.047298,0.069268,6.570552,16.314642,16.438464,16.314642,40.509159,40.816610,16.438464,40.816610,41.126394,-0.000000,0.000000,88.206104,-0.018905,-0.046942,-0.047298,0.069268,6.599723,16.387073,16.511446,16.387073,40.689006,40.997822,16.511446,40.997822,41.308981,-0.000000,0.000000,88.597710
0.5849,baseline,0.037,20.0000,4.204641,-1.251728,-1.492563,-0.176408,-0.090505,1.144350,-1.796292,0.941864,-2.489651,1.293146,-2.288699,0.800738,-1.777884,0.022971,0.026233,0.023981,0.023981,-0.033348,0.023981,0.023981,0.023981,0.023981,0.014054,0.083461,0.023981,0.023981,1.561902,-0.708793,1.233523,0.152866,0.003017,0.000000,-0.003017,-0.004525,0.695765,0.823987,0.823987,0.572653,1.104548,1.104548,0.786233,1.049862,1.049862,0.486849,0.919278,0.919278,-0.006797,0.087058,-0.007357,0.003613,0.061050,-0.009209,-0.010410,0.026008,0.001852,-0.010477,0.061576,-0.061008,0.087311,0.470879,-2.767414,2.741894,-2.767414,16.264443,-16.114459,2.741894,-16.114459,15.965858,0.000000,0.000000,32.701180,-0.010477,0.061576,-0.061008,0.087311,0.346600,-2.037010,2.018226,-2.037010,11.971766,-11.861368,2.018226,-11.861368,11.751987,0.000000,0.000000,24.070353,-0.017697,0.118658,0.082629,-0.017082,0.116515,0.078226,-0.000615,0.002143,0.004403,-0.013316,-0.258701,-0.276004,0.378525,0.121648,2.363335,2.521403,2.363335,45.914140,48.985045,2.521403,48.985045,52.261344,-0.000000,0.000000,98.297131,-0.013316,-0.258701,-0.276004,0.378525,0.124364,2.416104,2.577701,2.416104,46.939322,50.078795,2.577701,50.078795,53.428248,-0.000000,0.000000,100.491933,0.002027,0.111719,0.078149,0.001881,0.109766,0.076593,0.000146,0.001954,0.001556,-0.018490,-0.159663,-0.059768,0.171483,1.333999,11.519367,4.312164,11.519367,99.472167,37.236444,4.312164,37.236444,13.939103,-0.000000,0.000000,114.745269,-0.018490,-0.159663,-0.059768,0.171483,1.351806,11.673135,4.369725,11.673135,100.799989,37.733501,4.369725,37.733501,14.125171,-0.000000,0.000000,116.276966,0.017834,0.107802,0.061100,0.016455,0.103733,0.056595,0.001379,0.004069,0.004505,-0.068135,-0.481328,-0.112279,0.498925,2.041138,14.419275,3.363559,14.419275,101.862556,23.761301,3.363559,23.761301,5.542757,0.000000,0.000000,109.446451,-0.068135,-0.481328,-0.112279,0.498925,2.187514,15.453326,3.604770,15.453326,109.167436,25.465297,3.604770,25.465297,5.940245,0.000000,0.000000,117.295195,0.041486,0.094623,0.077596,0.040951,0.094094,0.076850,0.000536,0.000529,0.000747,-0.018888,-0.046908,-0.047267,0.069219,6.567565,16.310786,16.435470,16.310786,40.508429,40.818086,16.435470,40.818086,41.130110,-0.000000,0.000000,88.206104,-0.018888,-0.046908,-0.047267,0.069219,6.596680,16.383095,16.508332,16.383095,40.688011,40.999041,16.508332,40.999041,41.312448,-0.000000,0.000000,88.597139
0.6303,baseline,0.037,20.0000,4.204641,-1.251728,-1.492563,-0.176408,-0.090505,1.144350,-1.796292,0.941864,-2.489651,1.308486,-2.287165,0.800738,-1.777884,0.023794,0.024398,0.023981,0.023981,-0.006180,0.023981,0.023981,0.023981,0.023981,0.180461,0.056501,0.023981,0.023981,1.561902,-0.708793,1.233523,0.152866,0.003017,0.000000,-0.003017,-0.004525,0.695765,0.823987,0.823987,0.572653,1.104548,1.104548,0.795559,1.049158,1.049158,0.486849,0.919278,0.919278,-0.006797,0.087058,-0.007357,0.003613,0.061050,-0.009209,-0.010410,0.026008,0.001852,-0.010477,0.061576,-0.061008,0.087311,0.470879,-2.767414,2.741894,-2.767414,16.264443,-16.114459,2.741894,-16.114459,15.965858,0.000000,0.000000,32.701180,-0.010477,0.061576,-0.061008,0.087311,0.346600,-2.037010,2.018226,-2.037010,11.971766,-11.861368,2.018226,-11.861368,11.751987,0.000000,0.000000,24.070353,-0.017697,0.118658,0.082629,-0.017082,0.116515,0.078226,-0.000615,0.002143,0.004403,-0.013316,-0.258701,-0.276004,0.378525,0.121648,2.363335,2.521403,2.363335,45.914140,48.985045,2.521403,48.985045,52.261344,-0.000000,0.000000,98.297131,-0.013316,-0.258701,-0.276004,0.378525,0.124364,2.416104,2.577701,2.416104,46.939322,50.078795,2.577701,50.078795,53.428248,-0.000000,-0.000000,100.491934,0.002027,0.111719,0.078149,0.001881,0.109766,0.076593,0.000146,0.001954,0.001556,-0.018490,-0.159663,-0.059768,0.171483,1.333999,11.519367,4.312164,11.519367,99.472167,37.236444,4.312164,37.236444,13.939103,-0.000000,0.000000,114.745269,-0.018490,-0.159663,-0.059768,0.171483,1.351806,11.673135,4.369725,11.673135,100.799989,37.733501,4.369725,37.733501,14.125171,-0.000000,0.000000,116.276966,0.017679,0.107675,0.060536,0.016455,0.103733,0.056595,0.001224,0.003942,0.003941,-0.060862,-0.436897,-0.098351,0.451947,1.984832,14.248177,3.207429,14.248177,102.280979,23.024625,3.207429,23.024625,5.183108,-0.000000,0.000000,109.448919,-0.060862,-0.436897,-0.098351,0.451947,2.105447,15.114018,3.402339,15.114018,108.496440,24.423797,3.402339,24.423797,5.498078,-0.000000,-0.000000,116.099965,0.041486,0.094623,0.077596,0.040951,0.094094,0.076850,0.000536,0.000529,0.000747,-0.018887,-0.046906,-0.047265,0.069216,6.567565,16.310786,16.435470,16.310786,40.508429,40.818086,16.435470,40.818086,41.130110,-0.000000,0.000000,88.206104,-0.018887,-0.046906,-0.047265,0.069216,6.596678,16.383089,16.508326,16.383089,40.687997,40.999027,16.508326,40.999027,41.312434,0.000000,0.000000,88.597109
0.6727,baseline,0.037,20.0000,4.204641,-1.248660,-1.492563,-0.176408,-0.088971,1.144350,-1.796292,0.941864,-2.489651,1.311554,-2.285631,0.800738,-1.777884,0.023938,0.044689,0.023981,0.023981,0.013332,0.023981,0.023981,0.023981,0.023981,0.235564,0.063973,0.023981,0.023981,1.561902,-0.707056,1.233523,0.152866,0.002966,0.000000,-0.002966,-0.004449,0.695765,0.823987,0.823987,0.572653,1.104548,1.104548,0.797425,1.048455,1.048455,0.486849,0.919278,0.919278,-0.006815,0.087099,-0.007268,0.003613,0.061050,-0.009209,-0.010428,0.026049,0.001941,-0.010686,0.062768,-0.061979,0.088856,0.473054,-2.778543,2.743641,-2.778543,16.320129,-16.115129,2.743641,-16.115129,15.912704,-0.000000,0.000000,32.705887,-0.010686,0.062768,-0.061979,0.088856,0.347793,-2.042805,2.017145,-2.042805,11.998677,-11.847959,2.017145,-11.847959,11.699134,-0.000000,-0.000000,24.045604,-0.017699,0.118658,0.082629,-0.017082,0.116515,0.078226,-0.000617,0.002143,0.004403,-0.013299,-0.258711,-0.276011,0.378538,0.121332,2.360287,2.518119,2.360287,45.914916,48.985243,2.518119,48.985243,52.260883,-0.000000,0.000000,98.297131,-0.013299,-0.258711,-0.276011,0.378538,0.124041,2.412991,2.574347,2.412991,46.940162,50.079048,2.574347,50.079048,53.427830,-0.000000,0.000000,100.492034,0.002027,0.111719,0.078149,0.001881,0.109766,0.076593,0.000146,0.001954,0.001556,-0.018490,-0.159663,-0.059768,0.171483,1.333999,11.519367,4.312164,11.519367,99.472167,37.236444,4.312164,37.236444,13.939103,-0.000000,0.000000,114.745269,-0.018490,-0.159663,-0.059768,0.171483,1.351806,11.673135,4.369725,11.673135,100.799989,37.733501,4.369725,37.733501,14.125171,-0.000000,0.000000,116.276966,0.017655,0.107678,0.060441,0.016455,0.103733,0.056595,0.001200,0.003944,0.003846,-0.059884,-0.430190,-0.096634,0.444958,1.982437,14.241333,3.199054,14.241333,102.306193,22.981210,3.199054,22.981210,5.162307,0.000000,0.000000,109.450937,-0.059884,-0.430190,-0.096634,0.444958,2.098605,15.075856,3.386515,15.075856,108.301201,24.327879,3.386515,24.327879,5.464812,-0.000000,0.000000,115.864618,0.041489,0.094623,0.077596,0.040951,0.094094,0.076850,0.000538,0.000530,0.000746,-0.018905,-0.046940,-0.047296,0.069265,6.570552,16.314642,16.438464,16.314642,40.509159,40.816609,16.438464,40.816609,41.126394,0.000000,0.000000,88.206104,-0.018905,-0.046940,-0.047296,0.069265,6.599721,16.387067,16.511440,16.387067,40.688992,40.997807,16.511440,40.997807,41.308967,-0.000000,0.000000,88.597679
0.7151,baseline,0.037,20.0000,4.204641,-1.248660,-1.492563,-0.176408,-0.084369,1.144350,-1.796292,0.941864,-2.489651,1.302350,-2.284097,0.800738,-1.777884,0.023971,0.048927,0.023981,0.023981,0.100463,0.023981,0.023981,0.023981,0.023981,-0.046169,0.045126,0.023981,0.023981,1.561902,-0.707056,1.233523,0.152866,0.002812,0.000000,-0.002812,-0.004218,0.695765,0.823987,0.823987,0.572653,1.104548,1.104548,0.791829,1.047751,1.047751,0.486849,0.919278,0.919278,-0.006815,0.087099,-0.007268,0.003613,0.061050,-0.009209,-0.010428,0.026049,0.001941,-0.010686,0.062768,-0.061979,0.088856,0.473054,-2.778543,2.743641,-2.778543,16.320129,-16.115129,2.743641,-16.115129,15.912704,-0.000000,0.000000,32.705887,-0.010686,0.062768,-0.061979,0.088856,0.347793,-2.042805,2.017145,-2.042805,11.998677,-11.847959,2.017145,-11.847959,11.699134,-0.000000,-0.000000,24.045604,-0.017704,0.118659,0.082629,-0.017082,0.116515,0.078226,-0.000622,0.002143,0.004403,-0.013249,-0.258743,-0.276035,0.378575,0.120388,2.351144,2.508268,2.351144,45.917245,48.985837,2.508268,48.985837,52.259499,-0.000000,0.000000,98.297131,-0.013249,-0.258743,-0.276035,0.378575,0.123076,2.403651,2.564284,2.403651,46.942683,50.079804,2.564284,50.079804,53.426575,-0.000000,-0.000000,100.492334,0.002027,0.111719,0.078149,0.001881,0.109766,0.076593,0.000146,0.001954,0.001556,-0.018490,-0.159663,-0.059768,0.171483,1.333999,11.519367,4.312164,11.519367,99.472167,37.236444,4.312164,37.236444,13.939103,-0.000000,0.000000,114.745269,-0.018490,-0.159663,-0.059768,0.171483,1.351806,11.673135,4.369725,11.673135,100.799989,37.733501,4.369725,37.733501,14.125171,-0.000000,0.000000,116.276966,0.017762,0.107811,0.060815,0.016455,0.103733,0.056595,0.001307,0.004078,0.004220,-0.065172,-0.461292,-0.106934,0.477988,2.034740,14.402114,3.338611,14.402114,101.939757,23.631060,3.338611,23.631060,5.478010,-0.000000,0.000000,109.452507,-0.065172,-0.461292,-0.106934,0.477988,2.167387,15.341006,3.556260,15.341006,108.585342,25.171599,3.556260,25.171599,5.835128,-0.000000,0.000000,116.587858,0.041496,0.094625,0.077593,0.040951,0.094094,0.076850,0.000546,0.000531,0.000744,-0.018959,-0.047043,-0.047393,0.069416,6.579516,16.326208,16.447444,16.326208,40.511345,40.812177,16.447444,40.812177,41.115243,-0.000000,0.000000,88.206104,-0.018959,-0.047043,-0.047393,0.069416,6.608855,16.399008,16.520785,16.399008,40.691989,40.994163,16.520785,40.994163,41.298580,-0.000000,0.000000,88.599424
0.7576,baseline,0.037,20.0000,4.204641,-1.248660,-1.492563,-0.176408,-0.087437,1.144350,-1.796292,0.941864,-2.489651,1.300816,-2.284097,0.800738,-1.777884,0.023979,0.029688,0.023981,0.023981,0.010033,0.023981,0.023981,0.023981,0.023981,-0.089992,0.028818,0.023981,0.023981,1.561902,-0.707056,1.233523,0.152866,0.002915,0.000000,-0.002915,-0.004372,0.695765,0.823987,0.823987,0.572653,1.104548,1.104548,0.790896,1.047751,1.047751,0.486849,0.919278,0.919278,-0.006815,0.087099,-0.007268,0.003613,0.061050,-0.009209,-0.010428,0.026049,0.001941,-0.010686,0.062768,-0.061979,0.088856,0.473054,-2.778543,2.743641,-2.778543,16.320129,-16.115129,2.743641,-16.115129,15.912704,-0.000000,0.000000,32.705887,-0.010686,0.062768,-0.061979,0.088856,0.347793,-2.042805,2.017145,-2.042805,11.998677,-11.847959,2.017145,-11.847959,11.699134,-0.000000,-0.000000,24.045604,-0.017701,0.118658,0.082629,-0.017082,0.116515,0.078226,-0.000619,0.002143,0.004403,-0.013282,-0.258722,-0.276019,0.378550,0.121017,2.357240,2.514836,2.357240,45.915692,48.985441,2.514836,48.985441,52.260422,-0.000000,-0.000000,98.297131,-0.013282,-0.258722,-0.276019,0.378550,0.123719,2.409877,2.570993,2.409877,46.941003,50.079300,2.570993,50.079300,53.427412,-0.000000,-0.000000,100.492134,0.002027,0.111719,0.078149,0.001881,0.109766,0.076593,0.000146,0.001954,0.001556,-0.018490,-0.159663,-0.059768,0.171483,1.333999,11.519367,4.312164,11.519367,99.472167,37.236444,4.312164,37.236444,13.939103,-0.000000,0.000000,114.745269,-0.018490,-0.159663,-0.059768,0.171483,1.351806,11.673135,4.369725,11.673135,100.799989,37.733501,4.369725,37.733501,14.125171,-0.000000,0.000000,116.276966,0.017777,0.107827,0.060874,0.016455,0.103733,0.056595,0.001322,0.004094,0.004278,-0.065929,-0.465969,-0.108475,0.482950,2.039754,14.416395,3.356056,14.416395,101.890950,23.719646,3.356056,23.719646,5.521802,-0.000000,0.000000,109.452505,-0.065929,-0.465969,-0.108475,0.482950,2.174934,15.371812,3.578472,15.371812,108.643564,25.291617,3.578472,25.291617,5.887748,-0.000000,0.000000,116.706245,0.041491,0.094624,0.077595,0.040951,0.094094,0.076850,0.000541,0.000530,0.000745,-0.018923,-0.046975,-0.047329,0.069317,6.573539,16.318497,16.441458,16.318497,40.509888,40.815132,16.441458,40.815132,41.122677,-0.000000,0.000000,88.206104,-0.018923,-0.046975,-0.047329,0.069317,6.602766,16.391051,16.514558,16.391051,40.689999,40.996601,16.514558,40.996601,41.305513,-0.000000,-0.000000,88.598278
0.8000,baseline,0.037,20.0000,4.204641,-1.248660,-1.492563,-0.176408,-0.088971,1.144350,-1.796292,0.941864,-2.489651,1.299282,-2.287165,0.800738,-1.777884,0.023980,0.025286,0.023981,0.023981,-0.039077,0.023981,0.023981,0.023981,0.023981,-0.022530,-0.014316,0.023981,0.023981,1.561902,-0.707056,1.233523,0.152866,0.002966,0.000000,-0.002966,-0.004449,0.695765,0.823987,0.823987,0.572653,1.104548,1.104548,0.789963,1.049158,1.049158,0.486849,0.919278,0.919278,-0.006815,0.087099,-0.007268,0.003613,0.061050,-0.009209,-0.010428,0.026049,0.001941,-0.010686,0.062768,-0.061979,0.088856,0.473054,-2.778543,2.743641,-2.778543,16.320129,-16.115129,2.743641,-16.115129,15.912704,-0.000000,0.000000,32.705887,-0.010686,0.062768,-0.061979,0.088856,0.347793,-2.042805,2.017145,-2.042805,11.998677,-11.847959,2.017145,-11.847959,11.699134,-0.000000,-0.000000,24.045604,-0.017699,0.118658,0.082629,-0.017082,0.116515,0.078226,-0.000617,0.002143,0.004403,-0.013299,-0.258711,-0.276011,0.378538,0.121332,2.360287,2.518119,2.360287,45.914916,48.985243,2.518119,48.985243,52.260883,-0.000000,-0.000000,98.297131,-0.013299,-0.258711,-0.276011,0.378538,0.124041,2.412991,2.574347,2.412991,46.940162,50.079048,2.574347,50.079048,53.427830,-0.000000,0.000000,100.492034,0.002027,0.111719,0.078149,0.001881,0.109766,0.076593,0.000146,0.001954,0.001556,-0.018490,-0.159663,-0.059768,0.171483,1.333999,11.519367,4.312164,11.519367,99.472167,37.236444,4.312164,37.236444,13.939103,-0.000000,0.000000,114.745269,-0.018490,-0.159663,-0.059768,0.171483,1.351806,11.673135,4.369725,11.673135,100.799989,37.733501,4.369725,37.733501,14.125171,-0.000000,0.000000,116.276966,0.017777,0.107773,0.060888,0.016455,0.103733,0.056595,0.001322,0.004040,0.004292,-0.065562,-0.465230,-0.107404,0.481947,2.025413,14.372454,3.318064,14.372454,101.987791,23.545177,3.318064,23.545177,5.435703,-0.000000,0.000000,109.448908,-0.065562,-0.465230,-0.107404,0.481947,2.161821,15.340412,3.541529,15.340412,108.856479,25.130901,3.541529,25.130901,5.801788,-0.000000,0.000000,116.820088,0.041489,0.094623,0.077596,0.040951,0.094094,0.076850,0.000538,0.000530,0.000746,-0.018905,-0.046941,-0.047298,0.069267,6.570552,16.314642,16.438464,16.314642,40.509159,40.816609,16.438464,40.816609,41.126394,0.000000,0.000000,88.206104,-0.018905,-0.046941,-0.047298,0.069267,6.599722,16.387072,16.511444,16.387072,40.689003,40.997818,16.511444,40.997818,41.308978,-0.000000,0.000000,88.597703
0.8424,baseline,0.037,20.0000,4.204641,-1.248660,-1.492563,-0.176408,-0.088971,1.144350,-1.796292,0.941864,-2.489651,1.302350,-2.310175,0.800738,-1.777884,0.023981,0.024279,0.023981,0.023981,-0.009549,0.023981,0.023981,0.023981,0.023981,0.017823,-0.256651,0.023981,0.023981,1.561902,-0.707056,1.233523,0.152866,0.002966,0.000000,-0.002966,-0.004449,0.695765,0.823987,0.823987,0.572653,1.104548,1.104548,0.791829,1.059713,1.059713,0.486849,0.919278,0.919278,-0.006815,0.087099,-0.007268,0.003613,0.061050,-0.009209,-0.010428,0.026049,0.001941,-0.010686,0.062768,-0.061979,0.088856,0.473054,-2.778543,2.743641,-2.778543,16.320129,-16.115129,2.743641,-16.115129,15.912704,-0.000000,0.000000,32.705887,-0.010686,0.062768,-0.061979,0.088856,0.347793,-2.042805,2.017145,-2.042805,11.998677,-11.847959,2.017145,-11.847959,11.699134,-0.000000,-0.000000,24.045604,-0.017699,0.118658,0.082629,-0.017082,0.116515,0.078226,-0.000617,0.002143,0.004403,-0.013299,-0.258711,-0.276012,0.378538,0.121332,2.360287,2.518119,2.360287,45.914916,48.985243,2.518119,48.985243,52.260883,-0.000000,0.000000,98.297131,-0.013299,-0.258711,-0.276012,0.378538,0.124041,2.412991,2.574347,2.412991,46.940162,50.079048,2.574347,50.079048,53.427830,-0.000000,-0.000000,100.492034,0.002027,0.111719,0.078149,0.001881,0.109766,0.076593,0.000146,0.001954,0.001556,-0.018490,-0.159663,-0.059768,0.171483,1.333999,11.519367,4.312164,11.519367,99.472167,37.236444,4.312164,37.236444,13.939103,-0.000000,0.000000,114.745269,-0.018490,-0.159663,-0.059768,0.171483,1.351806,11.673135,4.369725,11.673135,100.799989,37.733501,4.369725,37.733501,14.125171,-0.000000,0.000000,116.276966,0.017637,0.107209,0.060443,0.016455,0.103733,0.056595,0.001182,0.003476,0.003847,-0.055721,-0.414498,-0.085931,0.426963,1.862665,13.856052,2.872538,13.856052,103.072855,21.368328,2.872538,21.368328,4.429929,-0.000000,0.000000,109.365449,-0.055721,-0.414498,-0.085931,0.426963,1.983375,14.753997,3.058693,14.753997,109.752518,22.753108,3.058693,22.753108,4.717012,-0.000000,0.000000,116.452905,0.041489,0.094623,0.077596,0.040951,0.094094,0.076850,0.000538,0.000530,0.000746,-0.018904,-0.046939,-0.047296,0.069264,6.570552,16.314642,16.438464,16.314642,40.509159,40.816609,16.438464,40.816609,41.126394,-0.000000,0.000000,88.206104,-0.018904,-0.046939,-0.047296,0.069264,6.599720,16.387066,16.511438,16.387066,40.688988,40.997803,16.511438,40.997803,41.308963,-0.000000,0.000000,88.597671
0.8855,baseline,0.037,20.0000,4.204641,-1.247126,-1.492563,-0.176408,-0.087437,1.144350,-1.796292,0.941864,-2.489651,1.316156,-2.322447,0.800738,-1.777884,0.023981,0.035194,0.023981,0.023981,0.004770,0.023981,0.023981,0.023981,0.023981,0.215105,-0.424724,0.023981,0.023981,1.561902,-0.706187,1.233523,0.152866,0.002915,0.000000,-0.002915,-0.004372,0.695765,0.823987,0.823987,0.572653,1.104548,1.104548,0.800223,1.065343,1.065343,0.486849,0.919278,0.919278,-0.006824,0.087120,-0.007223,0.003613,0.061050,-0.009209,-0.010437,0.026070,0.001986,-0.010791,0.063365,-0.062464,0.089629,0.474144,-2.784116,2.744506,-2.784116,16.347974,-16.115394,2.744506,-16.115394,15.886122,-0.000000,0.000000,32.708240,-0.010791,0.063365,-0.062464,0.089629,0.348390,-2.045702,2.016598,-2.045702,12.012103,-11.841208,2.016598,-11.841208,11.672745,-0.000000,0.000000,24.033238,-0.017701,0.118658,0.082629,-0.017082,0.116515,0.078226,-0.000619,0.002143,0.004403,-0.013282,-0.258722,-0.276019,0.378550,0.121017,2.357240,2.514836,2.357240,45.915692,48.985441,2.514836,48.985441,52.260422,-0.000000,0.000000,98.297131,-0.013282,-0.258722,-0.276019,0.378550,0.123719,2.409877,2.570993,2.409877,46.941003,50.079301,2.570993,50.079301,53.427413,0.000000,0.000000,100.492135,0.002027,0.111719,0.078149,0.001881,0.109766,0.076593,0.000146,0.001954,0.001556,-0.018490,-0.159663,-0.059768,0.171483,1.333999,11.519367,4.312164,11.519367,99.472167,37.236444,4.312164,37.236444,13.939103,-0.000000,0.000000,114.745269,-0.018490,-0.159663,-0.059768,0.171483,1.351806,11.673135,4.369725,11.673135,100.799989,37.733501,4.369725,37.733501,14.125171,-0.000000,0.000000,116.276966,0.017438,0.106770,0.059752,0.016455,0.103733,0.056595,0.000983,0.003037,0.003157,-0.045061,-0.349382,-0.065459,0.358306,1.728342,13.400747,2.510732,13.400747,103.903052,19.467025,2.510732,19.467025,3.647295,-0.000000,0.000000,109.278689,-0.045061,-0.349382,-0.065459,0.358306,1.821826,14.125576,2.646534,14.125576,109.523033,20.519971,2.646534,20.519971,3.844572,-0.000000,0.000000,115.189430,0.041491,0.094624,0.077595,0.040951,0.094094,0.076850,0.000541,0.000530,0.000745,-0.018921,-0.046971,-0.047325,0.069310,6.573539,16.318497,16.441458,16.318497,40.509888,40.815132,16.441458,40.815132,41.122677,-0.000000,0.000000,88.206104,-0.018921,-0.046971,-0.047325,0.069310,6.602761,16.391037,16.514544,16.391037,40.689965,40.996566,16.514544,40.996566,41.305478,-0.000000,0.000000,88.598203
0.9273,baseline,0.037,20.0000,4.204641,-1.247126,-1.492563,-0.176408,-0.082835,1.144350,-1.796292,0.941864,-2.489651,1.313088,-2.317845,0.800738,-1.777884,0.023981,0.027515,0.023981,0.023981,0.094637,0.023981,0.023981,0.023981,0.023981,0.118432,-0.055347,0.023981,0.023981,1.561902,-0.706187,1.233523,0.152866,0.002761,0.000000,-0.002761,-0.004142,0.695765,0.823987,0.823987,0.572653,1.104548,1.104548,0.798357,1.063232,1.063232,0.486849,0.919278,0.919278,-0.006824,0.087120,-0.007223,0.003613,0.061050,-0.009209,-0.010437,0.026070,0.001986,-0.010791,0.063365,-0.062464,0.089629,0.474144,-2.784116,2.744506,-2.784116,16.347974,-16.115394,2.744506,-16.115394,15.886122,-0.000000,0.000000,32.708240,-0.010791,0.063365,-0.062464,0.089629,0.348390,-2.045702,2.016598,-2.045702,12.012103,-11.841208,2.016598,-11.841208,11.672745,-0.000000,0.000000,24.033238,-0.017706,0.118659,0.082629,-0.017082,0.116515,0.078226,-0.000624,0.002144,0.004403,-0.013232,-0.258754,-0.276043,0.378587,0.120074,2.348097,2.504985,2.348097,45.918021,48.986034,2.504985,48.986034,52.259037,-0.000000,-0.000000,98.297131,-0.013232,-0.258754,-0.276043,0.378587,0.122756,2.400537,2.560929,2.400537,46.943524,50.080056,2.560929,50.080056,53.426156,-0.000000,0.000000,100.492436,0.002027,0.111719,0.078149,0.001881,0.109766,0.076593,0.000146,0.001954,0.001556,-0.018490,-0.159663,-0.059768,0.171483,1.333999,11.519367,4.312164,11.519367,99.472167,37.236444,4.312164,37.236444,13.939103,-0.000000,0.000000,114.745269,-0.018490,-0.159663,-0.059768,0.171483,1.351806,11.673135,4.369725,11.673135,100.799989,37.733501,4.369725,37.733501,14.125171,-0.000000,0.000000,116.276966,0.017493,0.106913,0.059931,0.016455,0.103733,0.056595,0.001038,0.003179,0.003335,-0.048034,-0.367383,-0.071085,0.377268,1.772071,13.553446,2.622474,13.553446,103.661719,20.057642,2.622474,20.057642,3.880979,-0.000000,0.000000,109.314769,-0.048034,-0.367383,-0.071085,0.377268,1.872380,14.320646,2.770921,14.320646,109.529552,21.193016,2.770921,21.193016,4.100664,-0.000000,0.000000,115.502596,0.041499,0.094625,0.077593,0.040951,0.094094,0.076850,0.000548,0.000531,0.000743,-0.018975,-0.047074,-0.047421,0.069460,6.582505,16.330063,16.450436,16.330063,40.512074,40.810699,16.450436,40.810699,41.111525,-0.000000,-0.000000,88.206104,-0.018975,-0.047074,-0.047421,0.069460,6.611896,16.402975,16.523886,16.402975,40.692958,40.992916,16.523886,40.992916,41.295085,-0.000000,0.000000,88.599939
0.9697,baseline,0.037,20.0000,4.204641,-1.247126,-1.492563,-0.176408,-0.085903,1.144350,-1.796292,0.941864,-2.489651,1.300816,-2.311709,0.800738,-1.777884,0.023981,0.024789,0.023981,0.023981,0.025398,0.023981,0.023981,0.023981,0.023981,-0.150822,0.094729,0.023981,0.023981,1.561902,-0.706187,1.233523,0.152866,0.002863,0.000000,-0.002863,-0.004295,0.695765,0.823987,0.823987,0.572653,1.104548,1.104548,0.790896,1.060417,1.060417,0.486849,0.919278,0.919278,-0.006824,0.087120,-0.007223,0.003613,0.061050,-0.009209,-0.010437,0.026070,0.001986,-0.010791,0.063365,-0.062464,0.089629,0.474144,-2.784116,2.744506,-2.784116,16.347974,-16.115394,2.744506,-16.115394,15.886122,-0.000000,0.000000,32.708240,-0.010791,0.063365,-0.062464,0.089629,0.348390,-2.045702,2.016598,-2.045702,12.012103,-11.841208,2.016598,-11.841208,11.672745,-0.000000,0.000000,24.033238,-0.017702,0.118659,0.082629,-0.017082,0.116515,0.078226,-0.000620,0.002143,0.004403,-0.013266,-0.258733,-0.276027,0.378562,0.120702,2.354192,2.511552,2.354192,45.916469,48.985639,2.511552,48.985639,52.259961,-0.000000,-0.000000,98.297131,-0.013266,-0.258733,-0.276027,0.378562,0.123398,2.406764,2.567638,2.406764,46.941843,50.079552,2.567638,50.079552,53.426994,-0.000000,0.000000,100.492235,0.002027,0.111719,0.078149,0.001881,0.109766,0.076593,0.000146,0.001954,0.001556,-0.018490,-0.159663,-0.059768,0.171483,1.333999,11.519367,4.312164,11.519367,99.472167,37.236444,4.312164,37.236444,13.939103,-0.000000,0.000000,114.745269,-0.018490,-0.159663,-0.059768,0.171483,1.351806,11.673135,4.369725,11.673135,100.799989,37.733501,4.369725,37.733501,14.125171,-0.000000,0.000000,116.276966,0.017648,0.107190,0.060479,0.016455,0.103733,0.056595,0.001193,0.003457,0.003884,-0.055956,-0.416485,-0.086134,0.428963,1.860759,13.849870,2.864308,13.849870,103.086390,21.319421,2.864308,21.319421,4.409095,-0.000000,0.000000,109.356244,-0.055956,-0.416485,-0.086134,0.428963,1.983399,14.762701,3.053092,14.762701,109.880717,22.724564,3.053092,22.724564,4.699695,-0.000000,0.000000,116.563811,0.041494,0.094624,0.077594,0.040951,0.094094,0.076850,0.000543,0.000530,0.000744,-0.018940,-0.047008,-0.047359,0.069364,6.576528,16.322352,16.444451,16.322352,40.510617,40.813655,16.444451,40.813655,41.118960,0.000000,0.000000,88.206104,-0.018940,-0.047008,-0.047359,0.069364,6.605808,16.395024,16.517666,16.395024,40.690981,40.995368,16.517666,40.995368,41.302033,-0.000000,0.000000,88.598821
1.0121,baseline,0.037,20.0000,4.204641,-1.247126,-1.492563,-0.176408,-0.088971,1.144350,-1.796292,0.941864,-2.489651,1.293146,-2.308641,0.800738,-1.777884,0.023981,0.024166,0.023981,0.023981,-0.038909,0.023981,0.023981,0.023981,0.023981,-0.199458,0.101774,0.023981,0.023981,1.561902,-0.706187,1.233523,0.152866,0.002966,0.000000,-0.002966,-0.004449,0.695765,0.823987,0.823987,0.572653,1.104548,1.104548,0.786233,1.059010,1.059010,0.486849,0.919278,0.919278,-0.006824,0.087120,-0.007223,0.003613,0.061050,-0.009209,-0.010437,0.026070,0.001986,-0.010791,0.063365,-0.062464,0.089629,0.474144,-2.784116,2.744506,-2.784116,16.347974,-16.115394,2.744506,-16.115394,15.886122,-0.000000,0.000000,32.708240,-0.010791,0.063365,-0.062464,0.089629,0.348390,-2.045702,2.016598,-2.045702,12.012103,-11.841208,2.016598,-11.841208,11.672745,-0.000000,0.000000,24.033238,-0.017699,0.118658,0.082629,-0.017082,0.116515,0.078226,-0.000617,0.002143,0.004403,-0.013299,-0.258711,-0.276011,0.378538,0.121332,2.360287,2.518119,2.360287,45.914916,48.985243,2.518119,48.985243,52.260883,-0.000000,-0.000000,98.297131,-0.013299,-0.258711,-0.276011,0.378538,0.124041,2.412991,2.574347,2.412991,46.940162,50.079048,2.574347,50.079048,53.427830,-0.000000,0.000000,100.492034,0.002027,0.111719,0.078149,0.001881,0.109766,0.076593,0.000146,0.001954,0.001556,-0.018490,-0.159663,-0.059768,0.171483,1.333999,11.519367,4.312164,11.519367,99.472167,37.236444,4.312164,37.236444,13.939103,-0.000000,0.000000,114.745269,-0.018490,-0.159663,-0.059768,0.171483,1.351806,11.673135,4.369725,11.673135,100.799989,37.733501,4.369725,37.733501,14.125171,-0.000000,0.000000,116.276966,0.017741,0.107343,0.060813,0.016455,0.103733,0.056595,0.001286,0.003609,0.004218,-0.060787,-0.445652,-0.095576,0.459822,1.911402,14.013296,3.005344,14.013296,102.737399,22.033449,3.005344,22.033449,4.725376,-0.000000,-0.000000,109.374177,-0.060787,-0.445652,-0.095576,0.459822,2.048246,15.016555,3.220507,15.016555,110.092716,23.610898,3.220507,23.610898,5.063682,-0.000000,0.000000,117.204643,0.041489,0.094623,0.077596,0.040951,0.094094,0.076850,0.000538,0.000530,0.000746,-0.018905,-0.046941,-0.047297,0.069266,6.570552,16.314642,16.438464,16.314642,40.509159,40.816609,16.438464,40.816609,41.126394,-0.000000,0.000000,88.206104,-0.018905,-0.046941,-0.047297,0.069266,6.599722,16.387070,16.511442,16.387070,40.688997,40.997813,16.511442,40.997813,41.308973,-0.000000,0.000000,88.597691
1.0546,baseline,0.037,20.0000,4.204641,-1.247126,-1.492563,-0.176408,-0.088971,1.144350,-1.796292,0.941864,-2.489651,1.280874,-2.304039,0.800738,-1.777884,0.023981,0.024023,0.023981,0.023981,-0.028765,0.023981,0.023981,0.023981,0.023981,-0.224133,0.117902,0.023981,0.023981,1.561902,-0.706187,1.233523,0.152866,0.002966,0.000000,-0.002966,-0.004449,0.695765,0.823987,0.823987,0.572653,1.104548,1.104548,0.778771,1.056899,1.056899,0.486849,0.919278,0.919278,-0.006824,0.087120,-0.007223,0.003613,0.061050,-0.009209,-0.010437,0.026070,0.001986,-0.010791,0.063365,-0.062464,0.089629,0.474144,-2.784116,2.744506,-2.784116,16.347974,-16.115394,2.744506,-16.115394,15.886122,-0.000000,0.000000,32.708240,-0.010791,0.063365,-0.062464,0.089629,0.348390,-2.045702,2.016598,-2.045702,12.012103,-11.841208,2.016598,-11.841208,11.672745,-0.000000,0.000000,24.033238,-0.017699,0.118658,0.082629,-0.017082,0.116515,0.078226,-0.000617,0.002143,0.004403,-0.013299,-0.258711,-0.276011,0.378538,0.121332,2.360287,2.518119,2.360287,45.914916,48.985243,2.518119,48.985243,52.260883,-0.000000,0.000000,98.297131,-0.013299,-0.258711,-0.276011,0.378538,0.124041,2.412991,2.574347,2.412991,46.940162,50.079047,2.574347,50.079047,53.427830,-0.000000,0.000000,100.492033,0.002027,0.111719,0.078149,0.001881,0.109766,0.076593,0.000146,0.001954,0.001556,-0.018490,-0.159663,-0.059768,0.171483,1.333999,11.519367,4.312164,11.519367,99.472167,37.236444,4.312164,37.236444,13.939103,-0.000000,0.000000,114.745269,-0.018490,-0.159663,-0.059768,0.171483,1.351806,11.673135,4.369725,11.673135,100.799989,37.733501,4.369725,37.733501,14.125171,-0.000000,0.000000,116.276966,0.017892,0.107576,0.061346,0.016455,0.103733,0.056595,0.001437,0.003843,0.004751,-0.068684,-0.491638,-0.111330,0.508744,1.993971,14.272831,3.232035,14.272831,102.164824,23.134886,3.232035,23.134886,5.238818,-0.000000,0.000000,109.397613,-0.068684,-0.491638,-0.111330,0.508744,2.154581,15.422478,3.492369,15.422478,110.393988,24.998353,3.492369,24.998353,5.660794,-0.000000,0.000000,118.209364,0.041489,0.094623,0.077596,0.040951,0.094094,0.076850,0.000538,0.000530,0.000746,-0.018906,-0.046942,-0.047299,0.069269,6.570552,16.314642,16.438464,16.314642,40.509159,40.816610,16.438464,40.816610,41.126394,0.000000,0.000000,88.206104,-0.018906,-0.046942,-0.047299,0.069269,6.599724,16.387075,16.511448,16.387075,40.689011,40.997827,16.511448,40.997827,41.308987,0.000000,0.000000,88.597722
1.0976,baseline,0.037,20.0000,4.204641,-1.245592,-1.492563,-0.176408,-0.088971,1.144350,-1.796292,0.941864,-2.489651,1.271670,-2.299437,0.800738,-1.777884,0.023981,0.037319,0.023981,0.023981,-0.006581,0.023981,0.023981,0.023981,0.023981,-0.231780,0.120199,0.023981,0.023981,1.561902,-0.705318,1.233523,0.152866,0.002966,0.000000,-0.002966,-0.004449,0.695765,0.823987,0.823987,0.572653,1.104548,1.104548,0.773175,1.054788,1.054788,0.486849,0.919278,0.919278,-0.006832,0.087141,-0.007179,0.003613,0.061050,-0.009209,-0.010446,0.026091,0.002030,-0.010896,0.063963,-0.062946,0.090400,0.475237,-2.789693,2.745366,-2.789693,16.375818,-16.115611,2.745366,-16.115611,15.859538,-0.000000,0.000000,32.710593,-0.010896,0.063963,-0.062946,0.090400,0.348988,-2.048599,2.016047,-2.048599,12.025509,-11.834427,2.016047,-11.834427,11.646381,-0.000000,0.000000,24.020878,-0.017699,0.118658,0.082629,-0.017082,0.116515,0.078226,-0.000617,0.002143,0.004403,-0.013299,-0.258711,-0.276011,0.378538,0.121332,2.360287,2.518119,2.360287,45.914916,48.985243,2.518119,48.985243,52.260883,-0.000000,-0.000000,98.297131,-0.013299,-0.258711,-0.276011,0.378538,0.124041,2.412990,2.574347,2.412990,46.940162,50.079047,2.574347,50.079047,53.427830,-0.000000,0.000000,100.492033,0.002027,0.111719,0.078149,0.001881,0.109766,0.076593,0.000146,0.001954,0.001556,-0.018490,-0.159663,-0.059768,0.171483,1.333999,11.519367,4.312164,11.519367,99.472167,37.236444,4.312164,37.236444,13.939103,-0.000000,0.000000,114.745269,-0.018490,-0.159663,-0.059768,0.171483,1.351806,11.673135,4.369725,11.673135,100.799989,37.733501,4.369725,37.733501,14.125171,-0.000000,0.000000,116.276966,0.018010,0.107774,0.061764,0.016455,0.103733,0.056595,0.001555,0.004041,0.005169,-0.075242,-0.528012,-0.124912,0.547778,2.064404,14.487005,3.427199,14.487005,101.662916,24.050450,3.427199,24.050450,5.689628,-0.000000,0.000000,109.416947,-0.075242,-0.528012,-0.124912,0.547778,2.244272,15.749235,3.725805,15.749235,110.520644,26.145927,3.725805,26.145927,6.185356,-0.000000,0.000000,118.950272,0.041489,0.094623,0.077596,0.040951,0.094094,0.076850,0.000538,0.000530,0.000746,-0.018906,-0.046944,-0.047300,0.069271,6.570552,16.314642,16.438464,16.314642,40.509159,40.816610,16.438464,40.816610,41.126394,0.000000,0.000000,88.206105,-0.018906,-0.046944,-0.047300,0.069271,6.599726,16.387080,16.511452,16.387080,40.689022,40.997838,16.511452,40.997838,41.308998,-0.000000,0.000000,88.597746
1.1394,baseline,0.037,20.0000,4.204641,-1.245592,-1.492563,-0.176408,-0.085903,1.144350,-1.796292,0.941864,-2.489651,1.268602,-2.294835,0.800738,-1.777884,0.023981,0.027032,0.023981,0.023981,0.022798,0.023981,0.023981,0.023981,0.023981,-0.160619,0.124908,0.023981,0.023981,1.561902,-0.705318,1.233523,0.152866,0.002863,0.000000,-0.002863,-0.004295,0.695765,0.823987,0.823987,0.572653,1.104548,1.104548,0.771310,1.052677,1.052677,0.486849,0.919278,0.919278,-0.006832,0.087141,-0.007179,0.003613,0.061050,-0.009209,-0.010446,0.026091,0.002030,-0.010896,0.063963,-0.062946,0.090400,0.475237,-2.789693,2.745366,-2.789693,16.375818,-16.115611,2.745366,-16.115611,15.859538,-0.000000,0.000000,32.710593,-0.010896,0.063963,-0.062946,0.090400,0.348988,-2.048599,2.016047,-2.048599,12.025509,-11.834427,2.016047,-11.834427,11.646381,-0.000000,0.000000,24.020878,-0.017702,0.118659,0.082629,-0.017082,0.116515,0.078226,-0.000620,0.002143,0.004403,-0.013266,-0.258733,-0.276027,0.378562,0.120702,2.354192,2.511552,2.354192,45.916469,48.985639,2.511552,48.985639,52.259961,-0.000000,0.000000,98.297131,-0.013266,-0.258733,-0.276027,0.378562,0.123398,2.406764,2.567638,2.406764,46.941842,50.079551,2.567638,50.079551,53.426993,-0.000000,0.000000,100.492233,0.002027,0.111719,0.078149,0.001881,0.109766,0.076593,0.000146,0.001954,0.001556,-0.018490,-0.159663,-0.059768,0.171483,1.333999,11.519367,4.312164,11.519367,99.472167,37.236444,4.312164,37.236444,13.939103,-0.000000,0.000000,114.745269,-0.018490,-0.159663,-0.059768,0.171483,1.351806,11.673135,4.369725,11.673135,100.799989,37.733501,4.369725,37.733501,14.125171,-0.000000,0.000000,116.276966,0.018067,0.107910,0.061949,0.016455,0.103733,0.056595,0.001612,0.004177,0.005354,-0.078726,-0.545559,-0.132492,0.566909,2.110322,14.624297,3.551580,14.624297,101.344759,24.612060,3.551580,24.612060,5.977156,-0.000000,0.000000,109.432237,-0.078726,-0.545559,-0.132492,0.566909,2.298648,15.929374,3.868525,15.929374,110.388800,26.808448,3.868525,26.808448,6.510560,0.000000,0.000000,119.198008,0.041494,0.094624,0.077594,0.040951,0.094094,0.076850,0.000543,0.000530,0.000744,-0.018942,-0.047013,-0.047364,0.069371,6.576528,16.322352,16.444451,16.322352,40.510617,40.813655,16.444451,40.813655,41.118960,-0.000000,0.000000,88.206105,-0.018942,-0.047013,-0.047364,0.069371,6.605814,16.395040,16.517682,16.395040,40.691020,40.995408,16.517682,40.995408,41.302073,-0.000000,0.000000,88.598907
1.1819,baseline,0.037,20.0000,4.204641,-1.245592,-1.492563,-0.176408,-0.082835,1.144350,-1.796292,0.941864,-2.489651,1.268602,-2.291767,0.800738,-1.777884,0.023981,0.024679,0.023981,0.023981,0.109568,0.023981,0.023981,0.023981,0.023981,-0.043621,0.103274,0.023981,0.023981,1.561902,-0.705318,1.233523,0.152866,0.002761,0.000000,-0.002761,-0.004142,0.695765,0.823987,0.823987,0.572653,1.104548,1.104548,0.771310,1.051269,1.051269,0.486849,0.919278,0.919278,-0.006832,0.087141,-0.007179,0.003613,0.061050,-0.009209,-0.010446,0.026091,0.002030,-0.010896,0.063963,-0.062946,0.090400,0.475237,-2.789693,2.745366,-2.789693,16.375818,-16.115611,2.745366,-16.115611,15.859538,-0.000000,0.000000,32.710593,-0.010896,0.063963,-0.062946,0.090400,0.348988,-2.048599,2.016047,-2.048599,12.025509,-11.834427,2.016047,-11.834427,11.646381,-0.000000,0.000000,24.020878,-0.017706,0.118659,0.082629,-0.017082,0.116515,0.078226,-0.000624,0.002144,0.004403,-0.013232,-0.258754,-0.276043,0.378587,0.120074,2.348097,2.504985,2.348097,45.918021,48.986034,2.504985,48.986034,52.259037,-0.000000,-0.000000,98.297131,-0.013232,-0.258754,-0.276043,0.378587,0.122756,2.400537,2.560929,2.400537,46.943523,50.080055,2.560929,50.080055,53.426155,-0.000000,0.000000,100.492433,0.002027,0.111719,0.078149,0.001881,0.109766,0.076593,0.000146,0.001954,0.001556,-0.018490,-0.159663,-0.059768,0.171483,1.333999,11.519367,4.312164,11.519367,99.472167,37.236444,4.312164,37.236444,13.939103,-0.000000,0.000000,114.745269,-0.018490,-0.159663,-0.059768,0.171483,1.351806,11.673135,4.369725,11.673135,100.799989,37.733501,4.369725,37.733501,14.125171,-0.000000,0.000000,116.276966,0.018083,0.107980,0.061994,0.016455,0.103733,0.056595,0.001628,0.004247,0.005399,-0.079989,-0.551003,-0.135413,0.573009,2.132644,14.690622,3.610327,14.690622,101.195685,24.869575,3.610327,24.869575,6.111879,-0.000000,0.000000,109.440208,-0.079989,-0.551003,-0.135413,0.573009,2.322836,16.000748,3.932300,16.000748,110.220428,27.087471,3.932300,27.087471,6.656943,-0.000000,0.000000,119.200206,0.041499,0.094625,0.077593,0.040951,0.094094,0.076850,0.000548,0.000531,0.000743,-0.018978,-0.047081,-0.047428,0.069471,6.582506,16.330063,16.450436,16.330063,40.512074,40.810699,16.450436,40.810699,41.111525,-0.000000,0.000000,88.206105,-0.018978,-0.047081,-0.047428,0.069471,6.611905,16.402998,16.523909,16.402998,40.693013,40.992972,16.523909,40.992972,41.295142,-0.000000,0.000000,88.600060
1.2248,baseline,0.037,20.0000,4.204641,-1.245592,-1.492563,-0.176408,-0.085903,1.144350,-1.796292,0.941864,-2.489651,1.268602,-2.291767,0.800738,-1.777884,0.023981,0.024125,0.023981,0.023981,-0.002599,0.023981,0.023981,0.023981,0.023981,0.008904,0.056062,0.023981,0.023981,1.561902,-0.705318,1.233523,0.152866,0.002863,0.000000,-0.002863,-0.004295,0.695765,0.823987,0.823987,0.572653,1.104548,1.104548,0.771310,1.051269,1.051269,0.486849,0.919278,0.919278,-0.006832,0.087141,-0.007179,0.003613,0.061050,-0.009209,-0.010446,0.026091,0.002030,-0.010896,0.063963,-0.062946,0.090400,0.475237,-2.789693,2.745366,-2.789693,16.375818,-16.115611,2.745366,-16.115611,15.859538,-0.000000,0.000000,32.710593,-0.010896,0.063963,-0.062946,0.090400,0.348988,-2.048599,2.016047,-2.048599,12.025509,-11.834427,2.016047,-11.834427,11.646381,-0.000000,0.000000,24.020878,-0.017702,0.118659,0.082629,-0.017082,0.116515,0.078226,-0.000620,0.002143,0.004403,-0.013266,-0.258733,-0.276027,0.378562,0.120702,2.354192,2.511552,2.354192,45.916469,48.985639,2.511552,48.985639,52.259961,-0.000000,0.000000,98.297131,-0.013266,-0.258733,-0.276027,0.378562,0.123398,2.406764,2.567638,2.406764,46.941842,50.079551,2.567638,50.079551,53.426993,-0.000000,-0.000000,100.492233,0.002027,0.111719,0.078149,0.001881,0.109766,0.076593,0.000146,0.001954,0.001556,-0.018490,-0.159663,-0.059768,0.171483,1.333999,11.519367,4.312164,11.519367,99.472167,37.236444,4.312164,37.236444,13.939103,-0.000000,0.000000,114.745269,-0.018490,-0.159663,-0.059768,0.171483,1.351806,11.673135,4.369725,11.673135,100.799989,37.733501,4.369725,37.733501,14.125171,-0.000000,0.000000,116.276966,0.018081,0.107980,0.061994,0.016455,0.103733,0.056595,0.001626,0.004247,0.005399,-0.079952,-0.550968,-0.135415,0.572970,2.130916,14.684725,3.609152,14.684725,101.196438,24.871650,3.609152,24.871650,6.112853,-0.000000,0.000000,109.440208,-0.079952,-0.550968,-0.135415,0.572970,2.320936,15.994203,3.930990,15.994203,110.220406,27.089524,3.930990,27.089524,6.657953,-0.000000,-0.000000,119.199296,0.041494,0.094624,0.077594,0.040951,0.094094,0.076850,0.000543,0.000530,0.000744,-0.018942,-0.047013,-0.047365,0.069372,6.576528,16.322352,16.444451,16.322352,40.510617,40.813655,16.444451,40.813655,41.118960,-0.000000,0.000000,88.206105,-0.018942,-0.047013,-0.047365,0.069372,6.605815,16.395040,16.517683,16.395040,40.691022,40.995409,16.517683,40.995409,41.302074,-0.000000,0.000000,88.598911
1.2666,baseline,0.037,20.0000,4.204641,-1.245592,-1.492563,-0.176408,-0.087437,1.144350,-1.796292,0.941864,-2.489651,1.294680,-2.291767,0.800738,-1.777884,0.023981,0.024014,0.023981,0.023981,-0.032915,0.023981,0.023981,0.023981,0.023981,0.290066,0.031320,0.023981,0.023981,1.561902,-0.705318,1.233523,0.152866,0.002915,0.000000,-0.002915,-0.004372,0.695765,0.823987,0.823987,0.572653,1.104548,1.104548,0.787165,1.051269,1.051269,0.486849,0.919278,0.919278,-0.006832,0.087141,-0.007179,0.003613,0.061050,-0.009209,-0.010446,0.026091,0.002030,-0.010896,0.063963,-0.062946,0.090400,0.475237,-2.789693,2.745366,-2.789693,16.375818,-16.115611,2.745366,-16.115611,15.859538,-0.000000,0.000000,32.710593,-0.010896,0.063963,-0.062946,0.090400,0.348988,-2.048599,2.016047,-2.048599,12.025509,-11.834427,2.016047,-11.834427,11.646381,-0.000000,0.000000,24.020878,-0.017701,0.118658,0.082629,-0.017082,0.116515,0.078226,-0.000619,0.002143,0.004403,-0.013282,-0.258722,-0.276019,0.378550,0.121017,2.357240,2.514836,2.357240,45.915692,48.985441,2.514836,48.985441,52.260422,0.000000,0.000000,98.297131,-0.013282,-0.258722,-0.276019,0.378550,0.123719,2.409877,2.570993,2.409877,46.941002,50.079300,2.570993,50.079300,53.427412,-0.000000,0.000000,100.492134,0.002027,0.111719,0.078149,0.001881,0.109766,0.076593,0.000146,0.001954,0.001556,-0.018490,-0.159663,-0.059768,0.171483,1.333999,11.519367,4.312164,11.519367,99.472167,37.236444,4.312164,37.236444,13.939103,-0.000000,0.000000,114.745269,-0.018490,-0.159663,-0.059768,0.171483,1.351806,11.673135,4.369725,11.673135,100.799989,37.733501,4.369725,37.733501,14.125171,-0.000000,0.000000,116.276966,0.017805,0.107715,0.060997,0.016455,0.103733,0.056595,0.001350,0.003982,0.004402,-0.066227,-0.471210,-0.108089,0.487964,2.015925,14.343434,3.290186,14.343434,102.054416,23.409875,3.290186,23.409875,5.369902,-0.000000,0.000000,109.440244,-0.066227,-0.471210,-0.108089,0.487964,2.158296,15.356410,3.522549,15.356410,109.261805,25.063151,3.522549,25.063151,5.749141,-0.000000,0.000000,117.169243,0.041491,0.094624,0.077595,0.040951,0.094094,0.076850,0.000541,0.000530,0.000745,-0.018923,-0.046976,-0.047330,0.069317,6.573539,16.318497,16.441458,16.318497,40.509888,40.815132,16.441458,40.815132,41.122677,-0.000000,0.000000,88.206104,-0.018923,-0.046976,-0.047330,0.069317,6.602766,16.391051,16.514559,16.391051,40.690001,40.996603,16.514559,40.996603,41.305515,-0.000000,0.000000,88.598282
1.3091,baseline,0.037,20.0000,4.204641,-1.245592,-1.492563,-0.176408,-0.087437,1.144350,-1.796292,0.941864,-2.489651,1.305418,-2.293301,0.800738,-1.777884,0.023981,0.023988,0.023981,0.023981,-0.007530,0.023981,0.023981,0.023981,0.023981,0.456343,0.004902,0.023981,0.023981,1.561902,-0.705318,1.233523,0.152866,0.002915,0.000000,-0.002915,-0.004372,0.695765,0.823987,0.823987,0.572653,1.104548,1.104548,0.793694,1.051973,1.051973,0.486849,0.919278,0.919278,-0.006832,0.087141,-0.007179,0.003613,0.061050,-0.009209,-0.010446,0.026091,0.002030,-0.010896,0.063963,-0.062946,0.090400,0.475237,-2.789693,2.745366,-2.789693,16.375818,-16.115611,2.745366,-16.115611,15.859538,-0.000000,0.000000,32.710593,-0.010896,0.063963,-0.062946,0.090400,0.348988,-2.048599,2.016047,-2.048599,12.025509,-11.834427,2.016047,-11.834427,11.646381,-0.000000,0.000000,24.020878,-0.017701,0.118658,0.082629,-0.017082,0.116515,0.078226,-0.000619,0.002143,0.004403,-0.013282,-0.258722,-0.276019,0.378550,0.121017,2.357240,2.514836,2.357240,45.915692,48.985441,2.514836,48.985441,52.260422,-0.000000,0.000000,98.297131,-0.013282,-0.258722,-0.276019,0.378550,0.123719,2.409877,2.570993,2.409877,46.941003,50.079300,2.570993,50.079300,53.427412,-0.000000,0.000000,100.492134,0.002027,0.111719,0.078149,0.001881,0.109766,0.076593,0.000146,0.001954,0.001556,-0.018490,-0.159663,-0.059768,0.171483,1.333999,11.519367,4.312164,11.519367,99.472167,37.236444,4.312164,37.236444,13.939103,-0.000000,0.000000,114.745269,-0.018490,-0.159663,-0.059768,0.171483,1.351806,11.673135,4.369725,11.673135,100.799989,37.733501,4.369725,37.733501,14.125171,-0.000000,0.000000,116.276966,0.017685,0.107567,0.060565,0.016455,0.103733,0.056595,0.001230,0.003833,0.003970,-0.060220,-0.435443,-0.096332,0.450019,1.959639,14.170001,3.134799,14.170001,102.462175,22.667486,3.134799,22.667486,5.014679,-0.000000,0.000000,109.436493,-0.060220,-0.435443,-0.096332,0.450019,2.082892,15.061230,3.331963,15.061230,108.906585,24.093169,3.331963,24.093169,5.330080,-0.000000,0.000000,116.319556,0.041491,0.094624,0.077595,0.040951,0.094094,0.076850,0.000541,0.000530,0.000745,-0.018922,-0.046974,-0.047328,0.069315,6.573539,16.318497,16.441458,16.318497,40.509888,40.815132,16.441458,40.815132,41.122677,-0.000000,0.000000,88.206104,-0.018922,-0.046974,-0.047328,0.069315,6.602765,16.391047,16.514555,16.391047,40.689990,40.996591,16.514555,40.996591,41.305503,-0.000000,0.000000,88.598258
1.3515,baseline,0.037,20.0000,4.204641,-1.244058,-1.492563,-0.176408,-0.085903,1.144350,-1.796292,0.941864,-2.489651,1.299282,-2.308641,0.800738,-1.777884,0.023981,0.026381,0.023981,0.023981,0.016345,0.023981,0.023981,0.023981,0.023981,0.072241,-0.130225,0.023981,0.023981,1.561902,-0.704450,1.233523,0.152866,0.002863,0.000000,-0.002863,-0.004295,0.695765,0.823987,0.823987,0.572653,1.104548,1.104548,0.789963,1.059010,1.059010,0.486849,0.919278,0.919278,-0.006841,0.087162,-0.007134,0.003613,0.061050,-0.009209,-0.010455,0.026112,0.002075,-0.011002,0.064561,-0.063428,0.091172,0.476331,-2.795276,2.746219,-2.795276,16.403663,-16.115781,2.746219,-16.115781,15.832952,-0.000000,0.000000,32.712946,-0.011002,0.064561,-0.063428,0.091172,0.349586,-2.051495,2.015492,-2.051495,12.038895,-11.827614,2.015492,-11.827614,11.620041,-0.000000,-0.000000,24.008523,-0.017702,0.118659,0.082629,-0.017082,0.116515,0.078226,-0.000620,0.002143,0.004403,-0.013266,-0.258733,-0.276027,0.378562,0.120702,2.354192,2.511552,2.354192,45.916469,48.985639,2.511552,48.985639,52.259961,-0.000000,0.000000,98.297131,-0.013266,-0.258733,-0.276027,0.378562,0.123398,2.406764,2.567638,2.406764,46.941843,50.079552,2.567638,50.079552,53.426994,-0.000000,0.000000,100.492234,0.002027,0.111719,0.078149,0.001881,0.109766,0.076593,0.000146,0.001954,0.001556,-0.018490,-0.159663,-0.059768,0.171483,1.333999,11.519367,4.312164,11.519367,99.472167,37.236444,4.312164,37.236444,13.939103,-0.000000,0.000000,114.745269,-0.018490,-0.159663,-0.059768,0.171483,1.351806,11.673135,4.369725,11.673135,100.799989,37.733501,4.369725,37.733501,14.125171,-0.000000,0.000000,116.276966,0.017678,0.107277,0.060581,0.016455,0.103733,0.056595,0.001223,0.003544,0.003985,-0.057788,-0.426781,-0.089894,0.439957,1.887003,13.936000,2.935391,13.936000,102.920935,21.678614,2.935391,21.678614,4.566246,-0.000000,0.000000,109.374184,-0.057788,-0.426781,-0.089894,0.439957,2.013627,14.871154,3.132366,14.871154,109.827287,23.133324,3.132366,23.133324,4.872657,0.000000,0.000000,116.713571,0.041494,0.094624,0.077594,0.040951,0.094094,0.076850,0.000543,0.000530,0.000744,-0.018940,-0.047008,-0.047360,0.069364,6.576528,16.322352,16.444451,16.322352,40.510617,40.813655,16.444451,40.813655,41.118960,0.000000,0.000000,88.206104,-0.018940,-0.047008,-0.047360,0.069364,6.605809,16.395025,16.517667,16.395025,40.690984,40.995371,16.517667,40.995371,41.302036,-0.000000,-0.000000,88.598828
1.3946,baseline,0.037,20.0000,4.204641,-1.244058,-1.492563,-0.176408,-0.082835,1.144350,-1.796292,0.941864,-2.489651,1.291612,-2.319379,0.800738,-1.777884,0.023981,0.033362,0.023981,0.023981,0.082722,0.023981,0.023981,0.023981,0.023981,-0.122577,-0.346303,0.023981,0.023981,1.561902,-0.704450,1.233523,0.152866,0.002761,0.000000,-0.002761,-0.004142,0.695765,0.823987,0.823987,0.572653,1.104548,1.104548,0.785300,1.063935,1.063935,0.486849,0.919278,0.919278,-0.006841,0.087162,-0.007134,0.003613,0.061050,-0.009209,-0.010455,0.026112,0.002075,-0.011002,0.064561,-0.063428,0.091172,0.476331,-2.795276,2.746219,-2.795276,16.403663,-16.115781,2.746219,-16.115781,15.832952,-0.000000,0.000000,32.712946,-0.011002,0.064561,-0.063428,0.091172,0.349586,-2.051495,2.015492,-2.051495,12.038895,-11.827614,2.015492,-11.827614,11.620041,-0.000000,-0.000000,24.008523,-0.017706,0.118659,0.082629,-0.017082,0.116515,0.078226,-0.000624,0.002144,0.004403,-0.013232,-0.258754,-0.276043,0.378587,0.120074,2.348097,2.504985,2.348097,45.918021,48.986034,2.504985,48.986034,52.259037,-0.000000,0.000000,98.297131,-0.013232,-0.258754,-0.276043,0.378587,0.122756,2.400537,2.560929,2.400537,46.943523,50.080056,2.560929,50.080056,53.426156,-0.000000,0.000000,100.492435,0.002027,0.111719,0.078149,0.001881,0.109766,0.076593,0.000146,0.001954,0.001556,-0.018490,-0.159663,-0.059768,0.171483,1.333999,11.519367,4.312164,11.519367,99.472167,37.236444,4.312164,37.236444,13.939103,-0.000000,0.000000,114.745269,-0.018490,-0.159663,-0.059768,0.171483,1.351806,11.673135,4.369725,11.673135,100.799989,37.733501,4.369725,37.733501,14.125171,-0.000000,0.000000,116.276966,0.017711,0.107110,0.060720,0.016455,0.103733,0.056595,0.001255,0.003377,0.004125,-0.057748,-0.430948,-0.088485,0.443712,1.851446,13.816414,2.836864,13.816414,103.104984,21.170096,2.836864,21.170096,4.346764,-0.000000,0.000000,109.303194,-0.057748,-0.430948,-0.088485,0.443712,1.985797,14.819012,3.042723,14.819012,110.586875,22.706320,3.042723,22.706320,4.662190,-0.000000,0.000000,117.234862,0.041499,0.094625,0.077593,0.040951,0.094094,0.076850,0.000548,0.000531,0.000743,-0.018976,-0.047076,-0.047423,0.069464,6.582505,16.330063,16.450436,16.330063,40.512074,40.810699,16.450436,40.810699,41.111525,-0.000000,0.000000,88.206104,-0.018976,-0.047076,-0.047423,0.069464,6.611899,16.402983,16.523894,16.402983,40.692977,40.992936,16.523894,40.992936,41.295105,0.000000,0.000000,88.599982
1.4364,baseline,0.037,20.0000,4.204641,-1.244058,-1.492563,-0.176408,-0.085903,1.144350,-1.796292,0.941864,-2.489651,1.283942,-2.316311,0.800738,-1.777884,0.023981,0.026127,0.023981,0.023981,0.014574,0.023981,0.023981,0.023981,0.023981,-0.145134,-0.062897,0.023981,0.023981,1.561902,-0.704450,1.233523,0.152866,0.002863,0.000000,-0.002863,-0.004295,0.695765,0.823987,0.823987,0.572653,1.104548,1.104548,0.780637,1.062528,1.062528,0.486849,0.919278,0.919278,-0.006841,0.087162,-0.007134,0.003613,0.061050,-0.009209,-0.010455,0.026112,0.002075,-0.011002,0.064561,-0.063428,0.091172,0.476331,-2.795276,2.746219,-2.795276,16.403663,-16.115781,2.746219,-16.115781,15.832952,-0.000000,0.000000,32.712946,-0.011002,0.064561,-0.063428,0.091172,0.349586,-2.051495,2.015492,-2.051495,12.038895,-11.827614,2.015492,-11.827614,11.620041,-0.000000,-0.000000,24.008523,-0.017702,0.118659,0.082629,-0.017082,0.116515,0.078226,-0.000620,0.002143,0.004403,-0.013266,-0.258733,-0.276027,0.378562,0.120702,2.354192,2.511552,2.354192,45.916469,48.985639,2.511552,48.985639,52.259961,-0.000000,0.000000,98.297131,-0.013266,-0.258733,-0.276027,0.378562,0.123398,2.406764,2.567638,2.406764,46.941843,50.079552,2.567638,50.079552,53.426993,-0.000000,-0.000000,100.492234,0.002027,0.111719,0.078149,0.001881,0.109766,0.076593,0.000146,0.001954,0.001556,-0.018490,-0.159663,-0.059768,0.171483,1.333999,11.519367,4.312164,11.519367,99.472167,37.236444,4.312164,37.236444,13.939103,-0.000000,0.000000,114.745269,-0.018490,-0.159663,-0.059768,0.171483,1.351806,11.673135,4.369725,11.673135,100.799989,37.733501,4.369725,37.733501,14.125171,-0.000000,0.000000,116.276966,0.017804,0.107262,0.061054,0.016455,0.103733,0.056595,0.001348,0.003529,0.004458,-0.062598,-0.460109,-0.097991,0.474575,1.902082,13.980811,2.977533,13.980811,102.762679,21.885663,2.977533,21.885663,4.661053,-0.000000,0.000000,109.325813,-0.062598,-0.460109,-0.097991,0.474575,2.050965,15.075135,3.210595,15.075135,110.806256,23.598727,3.210595,23.598727,5.025889,-0.000000,0.000000,117.883109,0.041494,0.094624,0.077594,0.040951,0.094094,0.076850,0.000543,0.000530,0.000744,-0.018941,-0.047009,-0.047361,0.069366,6.576528,16.322352,16.444451,16.322352,40.510617,40.813655,16.444451,40.813655,41.118960,0.000000,0.000000,88.206104,-0.018941,-0.047009,-0.047361,0.069366,6.605810,16.395029,16.517672,16.395029,40.690994,40.995382,16.517672,40.995382,41.302047,-0.000000,0.000000,88.598851
1.4795,baseline,0.037,20.0000,4.204641,-1.244058,-1.492563,-0.176408,-0.087437,1.144350,-1.796292,0.941864,-2.489651,1.279340,-2.311709,0.800738,-1.777884,0.023981,0.024472,0.023981,0.023981,-0.043903,0.023981,0.023981,0.023981,0.023981,-0.135924,0.085249,0.023981,0.023981,1.561902,-0.704450,1.233523,0.152866,0.002915,0.000000,-0.002915,-0.004372,0.695765,0.823987,0.823987,0.572653,1.104548,1.104548,0.777839,1.060417,1.060417,0.486849,0.919278,0.919278,-0.006841,0.087162,-0.007134,0.003613,0.061050,-0.009209,-0.010455,0.026112,0.002075,-0.011002,0.064561,-0.063428,0.091172,0.476331,-2.795276,2.746219,-2.795276,16.403663,-16.115781,2.746219,-16.115781,15.832952,-0.000000,0.000000,32.712946,-0.011002,0.064561,-0.063428,0.091172,0.349586,-2.051495,2.015492,-2.051495,12.038895,-11.827614,2.015492,-11.827614,11.620041,-0.000000,-0.000000,24.008523,-0.017701,0.118658,0.082629,-0.017082,0.116515,0.078226,-0.000619,0.002143,0.004403,-0.013282,-0.258722,-0.276019,0.378550,0.121017,2.357240,2.514836,2.357240,45.915692,48.985441,2.514836,48.985441,52.260422,-0.000000,0.000000,98.297131,-0.013282,-0.258722,-0.276019,0.378550,0.123719,2.409877,2.570993,2.409877,46.941002,50.079300,2.570993,50.079300,53.427412,0.000000,0.000000,100.492133,0.002027,0.111719,0.078149,0.001881,0.109766,0.076593,0.000146,0.001954,0.001556,-0.018490,-0.159663,-0.059768,0.171483,1.333999,11.519367,4.312164,11.519367,99.472167,37.236444,4.312164,37.236444,13.939103,-0.000000,0.000000,114.745269,-0.018490,-0.159663,-0.059768,0.171483,1.351806,11.673135,4.369725,11.673135,100.799989,37.733501,4.369725,37.733501,14.125171,-0.000000,0.000000,116.276966,0.017873,0.107416,0.061294,0.016455,0.103733,0.056595,0.001417,0.003682,0.004698,-0.066595,-0.482561,-0.106245,0.498586,1.950938,14.136947,3.112512,14.136947,102.439601,22.553985,3.112512,22.553985,4.965680,-0.000000,0.000000,109.356218,-0.066595,-0.482561,-0.106245,0.498586,2.110270,15.291510,3.366711,15.291510,110.805833,24.395967,3.366711,24.395967,5.371226,-0.000000,-0.000000,118.287330,0.041491,0.094624,0.077595,0.040951,0.094094,0.076850,0.000541,0.000530,0.000745,-0.018923,-0.046976,-0.047330,0.069318,6.573539,16.318497,16.441458,16.318497,40.509888,40.815132,16.441458,40.815132,41.122677,-0.000000,0.000000,88.206104,-0.018923,-0.046976,-0.047330,0.069318,6.602767,16.391053,16.514561,16.391053,40.690005,40.996607,16.514561,40.996607,41.305519,0.000000,0.000000,88.598291
1.5217,baseline,0.037,20.0000,4.204641,-1.244058,-1.492563,-0.176408,-0.087437,1.144350,-1.796292,0.941864,-2.489651,1.274738,-2.308641,0.800738,-1.777884,0.023981,0.024082,0.023981,0.023981,-0.012033,0.023981,0.023981,0.023981,0.023981,-0.098500,0.082459,0.023981,0.023981,1.561902,-0.704450,1.233523,0.152866,0.002915,0.000000,-0.002915,-0.004372,0.695765,0.823987,0.823987,0.572653,1.104548,1.104548,0.775041,1.059010,1.059010,0.486849,0.919278,0.919278,-0.006841,0.087162,-0.007134,0.003613,0.061050,-0.009209,-0.010455,0.026112,0.002075,-0.011002,0.064561,-0.063428,0.091172,0.476331,-2.795276,2.746219,-2.795276,16.403663,-16.115781,2.746219,-16.115781,15.832952,-0.000000,0.000000,32.712946,-0.011002,0.064561,-0.063428,0.091172,0.349586,-2.051495,2.015492,-2.051495,12.038895,-11.827614,2.015492,-11.827614,11.620041,-0.000000,-0.000000,24.008523,-0.017701,0.118658,0.082629,-0.017082,0.116515,0.078226,-0.000619,0.002143,0.004403,-0.013282,-0.258722,-0.276019,0.378550,0.121017,2.357240,2.514836,2.357240,45.915692,48.985441,2.514836,48.985441,52.260422,-0.000000,0.000000,98.297131,-0.013282,-0.258722,-0.276019,0.378550,0.123719,2.409877,2.570993,2.409877,46.941002,50.079300,2.570993,50.079300,53.427412,-0.000000,0.000000,100.492133,0.002027,0.111719,0.078149,0.001881,0.109766,0.076593,0.000146,0.001954,0.001556,-0.018490,-0.159663,-0.059768,0.171483,1.333999,11.519367,4.312164,11.519367,99.472167,37.236444,4.312164,37.236444,13.939103,-0.000000,0.000000,114.745269,-0.018490,-0.159663,-0.059768,0.171483,1.351806,11.673135,4.369725,11.673135,100.799989,37.733501,4.369725,37.733501,14.125171,-0.000000,0.000000,116.276966,0.017935,0.107533,0.061513,0.016455,0.103733,0.056595,0.001480,0.003800,0.004918,-0.070103,-0.502194,-0.113462,0.519603,1.990874,14.261968,3.222239,14.261968,102.168071,23.083063,3.222239,23.083063,5.215209,-0.000000,0.000000,109.374153,-0.070103,-0.502194,-0.113462,0.519603,2.160127,15.474441,3.496175,15.474441,110.853829,25.045456,3.496175,25.045456,5.658576,-0.000000,0.000000,118.672532,0.041491,0.094624,0.077595,0.040951,0.094094,0.076850,0.000541,0.000530,0.000745,-0.018924,-0.046977,-0.047331,0.069319,6.573539,16.318497,16.441458,16.318497,40.509888,40.815133,16.441458,40.815133,41.122677,-0.000000,0.000000,88.206105,-0.018924,-0.046977,-0.047331,0.069319,6.602768,16.391056,16.514563,16.391056,40.690011,40.996613,16.514563,40.996613,41.305525,-0.000000,0.000000,88.598304
1.5636,baseline,0.037,20.0000,4.204641,-1.244058,-1.492563,-0.176408,-0.087437,1.144350,-1.796292,0.941864,-2.489651,1.274738,-2.307107,0.800738,-1.777884,0.023981,0.024004,0.023981,0.023981,-0.002753,0.023981,0.023981,0.023981,0.023981,-0.038084,0.074348,0.023981,0.023981,1.561902,-0.704450,1.233523,0.152866,0.002915,0.000000,-0.002915,-0.004372,0.695765,0.823987,0.823987,0.572653,1.104548,1.104548,0.775041,1.058306,1.058306,0.486849,0.919278,0.919278,-0.006841,0.087162,-0.007134,0.003613,0.061050,-0.009209,-0.010455,0.026112,0.002075,-0.011002,0.064561,-0.063428,0.091172,0.476331,-2.795276,2.746219,-2.795276,16.403663,-16.115781,2.746219,-16.115781,15.832952,-0.000000,0.000000,32.712946,-0.011002,0.064561,-0.063428,0.091172,0.349586,-2.051495,2.015492,-2.051495,12.038895,-11.827614,2.015492,-11.827614,11.620041,-0.000000,-0.000000,24.008523,-0.017701,0.118658,0.082629,-0.017082,0.116515,0.078226,-0.000619,0.002143,0.004403,-0.013282,-0.258722,-0.276019,0.378550,0.121017,2.357240,2.514836,2.357240,45.915692,48.985441,2.514836,48.985441,52.260422,-0.000000,-0.000000,98.297131,-0.013282,-0.258722,-0.276019,0.378550,0.123719,2.409877,2.570993,2.409877,46.941002,50.079300,2.570993,50.079300,53.427412,0.000000,0.000000,100.492133,0.002027,0.111719,0.078149,0.001881,0.109766,0.076593,0.000146,0.001954,0.001556,-0.018490,-0.159663,-0.059768,0.171483,1.333999,11.519367,4.312164,11.519367,99.472167,37.236444,4.312164,37.236444,13.939103,-0.000000,0.000000,114.745269,-0.018490,-0.159663,-0.059768,0.171483,1.351806,11.673135,4.369725,11.673135,100.799989,37.733501,4.369725,37.733501,14.125171,-0.000000,0.000000,116.276966,0.017943,0.107568,0.061535,0.016455,0.103733,0.056595,0.001488,0.003835,0.004940,-0.070689,-0.504950,-0.114815,0.522641,2.001007,14.293632,3.250085,14.293632,102.102553,23.216075,3.250085,23.216075,5.278870,-0.000000,0.000000,109.382430,-0.070689,-0.504950,-0.114815,0.522641,2.171104,15.508670,3.526361,15.508670,110.781835,25.189570,3.526361,25.189570,5.727603,-0.000000,0.000000,118.680542,0.041491,0.094624,0.077595,0.040951,0.094094,0.076850,0.000541,0.000530,0.000745,-0.018924,-0.046977,-0.047331,0.069319,6.573539,16.318497,16.441458,16.318497,40.509888,40.815133,16.441458,40.815133,41.122677,-0.000000,0.000000,88.206105,-0.018924,-0.046977,-0.047331,0.069319,6.602768,16.391056,16.514564,16.391056,40.690012,40.996614,16.514564,40.996614,41.305526,-0.000000,-0.000000,88.598306
1.6061,baseline,0.037,20.0000,4.204641,-1.242524,-1.492563,-0.176408,-0.082835,1.144350,-1.796292,0.941864,-2.489651,1.274738,-2.307107,0.800738,-1.777884,0.023981,0.030485,0.023981,0.023981,0.075175,0.023981,0.023981,0.023981,0.023981,-0.008712,0.044145,0.023981,0.023981,1.561902,-0.703581,1.233523,0.152866,0.002761,0.000000,-0.002761,-0.004142,0.695765,0.823987,0.823987,0.572653,1.104548,1.104548,0.775041,1.058306,1.058306,0.486849,0.919278,0.919278,-0.006850,0.087182,-0.007090,0.003613,0.061050,-0.009209,-0.010464,0.026132,0.002119,-0.011107,0.065160,-0.063908,0.091943,0.477427,-2.800864,2.747067,-2.800864,16.431509,-16.115905,2.747067,-16.115905,15.806362,-0.000000,0.000000,32.715298,-0.011107,0.065160,-0.063908,0.091943,0.350185,-2.054391,2.014932,-2.054391,12.052262,-11.820771,2.014932,-11.820771,11.593727,0.000000,0.000000,23.996174,-0.017706,0.118659,0.082629,-0.017082,0.116515,0.078226,-0.000624,0.002144,0.004403,-0.013232,-0.258754,-0.276043,0.378587,0.120074,2.348097,2.504985,2.348097,45.918021,48.986034,2.504985,48.986034,52.259037,-0.000000,0.000000,98.297131,-0.013232,-0.258754,-0.276043,0.378587,0.122756,2.400537,2.560929,2.400537,46.943523,50.080055,2.560929,50.080055,53.426155,0.000000,0.000000,100.492434,0.002027,0.111719,0.078149,0.001881,0.109766,0.076593,0.000146,0.001954,0.001556,-0.018490,-0.159663,-0.059768,0.171483,1.333999,11.519367,4.312164,11.519367,99.472167,37.236444,4.312164,37.236444,13.939103,-0.000000,0.000000,114.745269,-0.018490,-0.159663,-0.059768,0.171483,1.351806,11.673135,4.369725,11.673135,100.799989,37.733501,4.369725,37.733501,14.125171,-0.000000,0.000000,116.276966,0.017945,0.107568,0.061535,0.016455,0.103733,0.056595,0.001490,0.003835,0.004940,-0.070740,-0.505003,-0.114814,0.522699,2.003454,14.302291,3.251662,14.302291,102.101436,23.213022,3.251662,23.213022,5.277540,-0.000000,0.000000,109.382430,-0.070740,-0.505003,-0.114814,0.522699,2.173784,15.518248,3.528113,15.518248,110.781929,25.186554,3.528113,25.186554,5.726227,-0.000000,0.000000,118.681940,0.041499,0.094625,0.077593,0.040951,0.094094,0.076850,0.000548,0.000531,0.000743,-0.018977,-0.047079,-0.047426,0.069468,6.582506,16.330063,16.450436,16.330063,40.512074,40.810699,16.450436,40.810699,41.111525,-0.000000,0.000000,88.206105,-0.018977,-0.047079,-0.047426,0.069468,6.611903,16.402992,16.523903,16.402992,40.693000,40.992958,16.523903,40.992958,41.295128,-0.000000,0.000000,88.600030
1.6485,baseline,0.037,20.0000,4.204641,-1.242524,-1.492563,-0.176408,-0.084369,1.144350,-1.796292,0.941864,-2.489651,1.293146,-2.307107,0.800738,-1.777884,0.023981,0.032727,0.023981,0.023981,0.039363,0.023981,0.023981,0.023981,0.023981,0.195180,0.024366,0.023981,0.023981,1.561902,-0.703581,1.233523,0.152866,0.002812,0.000000,-0.002812,-0.004218,0.695765,0.823987,0.823987,0.572653,1.104548,1.104548,0.786233,1.058306,1.058306,0.486849,0.919278,0.919278,-0.006850,0.087182,-0.007090,0.003613,0.061050,-0.009209,-0.010464,0.026132,0.002119,-0.011107,0.065160,-0.063908,0.091943,0.477427,-2.800864,2.747067,-2.800864,16.431509,-16.115905,2.747067,-16.115905,15.806362,-0.000000,0.000000,32.715298,-0.011107,0.065160,-0.063908,0.091943,0.350185,-2.054391,2.014932,-2.054391,12.052262,-11.820771,2.014932,-11.820771,11.593727,0.000000,0.000000,23.996174,-0.017704,0.118659,0.082629,-0.017082,0.116515,0.078226,-0.000622,0.002143,0.004403,-0.013249,-0.258743,-0.276035,0.378575,0.120388,2.351144,2.508268,2.351144,45.917245,48.985837,2.508268,48.985837,52.259499,-0.000000,-0.000000,98.297131,-0.013249,-0.258743,-0.276035,0.378575,0.123076,2.403651,2.564284,2.403651,46.942683,50.079804,2.564284,50.079804,53.426575,-0.000000,0.000000,100.492334,0.002027,0.111719,0.078149,0.001881,0.109766,0.076593,0.000146,0.001954,0.001556,-0.018490,-0.159663,-0.059768,0.171483,1.333999,11.519367,4.312164,11.519367,99.472167,37.236444,4.312164,37.236444,13.939103,-0.000000,0.000000,114.745269,-0.018490,-0.159663,-0.059768,0.171483,1.351806,11.673135,4.369725,11.673135,100.799989,37.733501,4.369725,37.733501,14.125171,-0.000000,0.000000,116.276966,0.017751,0.107378,0.060835,0.016455,0.103733,0.056595,0.001296,0.003645,0.004240,-0.061388,-0.448477,-0.096816,0.462897,1.923729,14.054061,3.033942,14.054061,102.673847,22.164878,3.033942,22.164878,4.784878,0.000000,0.000000,109.382454,-0.061388,-0.448477,-0.096816,0.462897,2.061517,15.060695,3.251251,15.060695,110.027944,23.752455,3.251251,23.752455,5.127598,-0.000000,0.000000,117.217060,0.041496,0.094625,0.077593,0.040951,0.094094,0.076850,0.000546,0.000531,0.000744,-0.018958,-0.047043,-0.047392,0.069415,6.579516,16.326208,16.447444,16.326208,40.511345,40.812177,16.447444,40.812177,41.115243,0.000000,0.000000,88.206104,-0.018958,-0.047043,-0.047392,0.069415,6.608854,16.399007,16.520783,16.399007,40.691986,40.994159,16.520783,40.994159,41.298577,0.000000,0.000000,88.599417
1.6916,baseline,0.037,20.0000,4.204641,-1.242524,-1.492563,-0.176408,-0.087437,1.144350,-1.796292,0.941864,-2.489651,1.299282,-2.311709,0.800738,-1.777884,0.023981,0.025982,0.023981,0.023981,-0.037952,0.023981,0.023981,0.023981,0.023981,0.333808,-0.028549,0.023981,0.023981,1.561902,-0.703581,1.233523,0.152866,0.002915,0.000000,-0.002915,-0.004372,0.695765,0.823987,0.823987,0.572653,1.104548,1.104548,0.789963,1.060417,1.060417,0.486849,0.919278,0.919278,-0.006850,0.087182,-0.007090,0.003613,0.061050,-0.009209,-0.010464,0.026132,0.002119,-0.011107,0.065160,-0.063908,0.091943,0.477427,-2.800864,2.747067,-2.800864,16.431509,-16.115905,2.747067,-16.115905,15.806362,-0.000000,0.000000,32.715298,-0.011107,0.065160,-0.063908,0.091943,0.350185,-2.054391,2.014932,-2.054391,12.052262,-11.820771,2.014932,-11.820771,11.593727,0.000000,0.000000,23.996174,-0.017701,0.118658,0.082629,-0.017082,0.116515,0.078226,-0.000619,0.002143,0.004403,-0.013282,-0.258722,-0.276019,0.378550,0.121017,2.357240,2.514836,2.357240,45.915692,48.985441,2.514836,48.985441,52.260422,-0.000000,0.000000,98.297131,-0.013282,-0.258722,-0.276019,0.378550,0.123719,2.409877,2.570993,2.409877,46.941003,50.079300,2.570993,50.079300,53.427412,-0.000000,0.000000,100.492134,0.002027,0.111719,0.078149,0.001881,0.109766,0.076593,0.000146,0.001954,0.001556,-0.018490,-0.159663,-0.059768,0.171483,1.333999,11.519367,4.312164,11.519367,99.472167,37.236444,4.312164,37.236444,13.939103,-0.000000,0.000000,114.745269,-0.018490,-0.159663,-0.059768,0.171483,1.351806,11.673135,4.369725,11.673135,100.799989,37.733501,4.369725,37.733501,14.125171,-0.000000,0.000000,116.276966,0.017663,0.107206,0.060537,0.016455,0.103733,0.056595,0.001208,0.003473,0.003942,-0.056688,-0.421201,-0.087513,0.433915,1.866435,13.867967,2.881360,13.867967,103.041630,21.409050,2.881360,21.409050,4.448177,-0.000000,-0.000000,109.356243,-0.056688,-0.421201,-0.087513,0.433915,1.991554,14.797621,3.074515,14.797621,109.949141,22.844230,3.074515,22.844230,4.746366,-0.000000,-0.000000,116.687060,0.041491,0.094624,0.077595,0.040951,0.094094,0.076850,0.000541,0.000530,0.000745,-0.018922,-0.046974,-0.047328,0.069314,6.573539,16.318497,16.441458,16.318497,40.509888,40.815132,16.441458,40.815132,41.122677,-0.000000,0.000000,88.206104,-0.018922,-0.046974,-0.047328,0.069314,6.602764,16.391046,16.514553,16.391046,40.689986,40.996588,16.514553,40.996588,41.305500,-0.000000,0.000000,88.598250
1.7333,baseline,0.037,20.0000,4.204641,-1.242524,-1.492563,-0.176408,-0.087437,1.144350,-1.796292,0.941864,-2.489651,1.291612,-2.325515,0.800738,-1.777884,0.012744,0.024439,0.023981,0.023981,-0.025902,0.023981,0.023981,0.023981,0.023981,0.003847,-0.217335,0.023981,0.023981,1.561902,-0.703581,1.233523,0.152866,0.002915,0.000000,-0.002915,-0.004372,0.695765,0.823987,0.823987,0.572653,1.104548,1.104548,0.785300,1.066750,1.066750,0.486849,0.919278,0.919278,-0.006850,0.087182,-0.007090,0.003613,0.061050,-0.009209,-0.010464,0.026132,0.002119,-0.011107,0.065160,-0.063908,0.091943,0.477427,-2.800864,2.747067,-2.800864,16.431509,-16.115905,2.747067,-16.115905,15.806362,-0.000000,0.000000,32.715298,-0.011107,0.065160,-0.063908,0.091943,0.350185,-2.054391,2.014932,-2.054391,12.052262,-11.820771,2.014932,-11.820771,11.593727,0.000000,0.000000,23.996174,-0.017701,0.118658,0.082629,-0.017082,0.116515,0.078226,-0.000619,0.002143,0.004403,-0.013282,-0.258722,-0.276019,0.378550,0.121017,2.357240,2.514836,2.357240,45.915692,48.985441,2.514836,48.985441,52.260422,-0.000000,-0.000000,98.297131,-0.013282,-0.258722,-0.276019,0.378550,0.123719,2.409877,2.570993,2.409877,46.941003,50.079300,2.570993,50.079300,53.427412,-0.000000,0.000000,100.492134,0.002027,0.111719,0.078149,0.001881,0.109766,0.076593,0.000146,0.001954,0.001556,-0.018490,-0.159663,-0.059768,0.171483,1.333999,11.519367,4.312164,11.519367,99.472167,37.236444,4.312164,37.236444,13.939103,-0.000000,0.000000,114.745269,-0.018490,-0.159663,-0.059768,0.171483,1.351806,11.673135,4.369725,11.673135,100.799989,37.733501,4.369725,37.733501,14.125171,-0.000000,0.000000,116.276966,0.017680,0.106968,0.060634,0.016455,0.103733,0.056595,0.001225,0.003235,0.004039,-0.055541,-0.419667,-0.083776,0.431536,1.809749,13.674507,2.729789,13.674507,103.324908,20.626349,2.729789,20.626349,4.117558,-0.000000,0.000000,109.252215,-0.055541,-0.419667,-0.083776,0.431536,1.940809,14.664801,2.927477,14.664801,110.807593,22.120088,2.927477,22.120088,4.415747,-0.000000,0.000000,117.164149,0.041491,0.094624,0.077595,0.040951,0.094094,0.076850,0.000541,0.000530,0.000745,-0.018922,-0.046974,-0.047328,0.069314,6.573539,16.318497,16.441458,16.318497,40.509888,40.815132,16.441458,40.815132,41.122677,-0.000000,0.000000,88.206104,-0.018922,-0.046974,-0.047328,0.069314,6.602764,16.391046,16.514553,16.391046,40.689986,40.996588,16.514553,40.996588,41.305500,-0.000000,0.000000,88.598250
1.7758,baseline,0.037,20.0000,4.204641,-1.242524,-1.492563,-0.176408,-0.087437,1.144350,-1.796292,0.941864,-2.489651,1.288544,-2.322447,0.800738,-1.777884,0.017606,0.024086,0.023981,0.023981,-0.005925,0.023981,0.023981,0.023981,0.023981,-0.135277,-0.104386,0.023981,0.023981,1.561902,-0.703581,1.233523,0.152866,0.002915,0.000000,-0.002915,-0.004372,0.695765,0.823987,0.823987,0.572653,1.104548,1.104548,0.783435,1.065343,1.065343,0.486849,0.919278,0.919278,-0.006850,0.087182,-0.007090,0.003613,0.061050,-0.009209,-0.010464,0.026132,0.002119,-0.011107,0.065160,-0.063908,0.091943,0.477427,-2.800864,2.747067,-2.800864,16.431509,-16.115905,2.747067,-16.115905,15.806362,-0.000000,0.000000,32.715298,-0.011107,0.065160,-0.063908,0.091943,0.350185,-2.054391,2.014932,-2.054391,12.052262,-11.820771,2.014932,-11.820771,11.593727,0.000000,0.000000,23.996174,-0.017701,0.118658,0.082629,-0.017082,0.116515,0.078226,-0.000619,0.002143,0.004403,-0.013282,-0.258722,-0.276019,0.378550,0.121017,2.357240,2.514836,2.357240,45.915692,48.985441,2.514836,48.985441,52.260422,-0.000000,-0.000000,98.297131,-0.013282,-0.258722,-0.276019,0.378550,0.123719,2.409877,2.570993,2.409877,46.941003,50.079300,2.570993,50.079300,53.427412,-0.000000,0.000000,100.492134,0.002027,0.111719,0.078149,0.001881,0.109766,0.076593,0.000146,0.001954,0.001556,-0.018490,-0.159663,-0.059768,0.171483,1.333999,11.519367,4.312164,11.519367,99.472167,37.236444,4.312164,37.236444,13.939103,-0.000000,0.000000,114.745269,-0.018490,-0.159663,-0.059768,0.171483,1.351806,11.673135,4.369725,11.673135,100.799989,37.733501,4.369725,37.733501,14.125171,-0.000000,0.000000,116.276966,0.017726,0.107072,0.060793,0.016455,0.103733,0.056595,0.001271,0.003338,0.004197,-0.058105,-0.434744,-0.088855,0.447520,1.842228,13.783540,2.817158,13.783540,103.128399,21.077963,2.817158,21.077963,4.308033,-0.000000,0.000000,109.278659,-0.058105,-0.434744,-0.088855,0.447520,1.979980,14.814201,3.027810,14.814201,110.839801,22.654063,3.027810,22.654063,4.630165,-0.000000,0.000000,117.449945,0.041491,0.094624,0.077595,0.040951,0.094094,0.076850,0.000541,0.000530,0.000745,-0.018923,-0.046974,-0.047328,0.069315,6.573539,16.318497,16.441458,16.318497,40.509888,40.815132,16.441458,40.815132,41.122677,-0.000000,0.000000,88.206104,-0.018923,-0.046974,-0.047328,0.069315,6.602765,16.391047,16.514555,16.391047,40.689991,40.996592,16.514555,40.996592,41.305505,-0.000000,-0.000000,88.598260
1.8188,baseline,0.037,20.0000,4.204641,-1.242524,-1.492563,-0.176408,-0.084369,1.144350,-1.796292,0.941864,-2.489651,1.287010,-2.317845,0.800738,-1.777884,0.022668,0.024002,0.023981,0.023981,0.038784,0.023981,0.023981,0.023981,0.023981,-0.027194,0.092046,0.023981,0.023981,1.561902,-0.703581,1.233523,0.152866,0.002812,0.000000,-0.002812,-0.004218,0.695765,0.823987,0.823987,0.572653,1.104548,1.104548,0.782502,1.063232,1.063232,0.486849,0.919278,0.919278,-0.006850,0.087182,-0.007090,0.003613,0.061050,-0.009209,-0.010464,0.026132,0.002119,-0.011107,0.065160,-0.063908,0.091943,0.477427,-2.800864,2.747067,-2.800864,16.431509,-16.115905,2.747067,-16.115905,15.806362,-0.000000,0.000000,32.715298,-0.011107,0.065160,-0.063908,0.091943,0.350185,-2.054391,2.014932,-2.054391,12.052262,-11.820771,2.014932,-11.820771,11.593727,0.000000,0.000000,23.996174,-0.017704,0.118659,0.082629,-0.017082,0.116515,0.078226,-0.000622,0.002143,0.004403,-0.013249,-0.258743,-0.276035,0.378575,0.120388,2.351144,2.508268,2.351144,45.917245,48.985837,2.508268,48.985837,52.259499,-0.000000,0.000000,98.297131,-0.013249,-0.258743,-0.276035,0.378575,0.123076,2.403651,2.564284,2.403651,46.942683,50.079804,2.564284,50.079804,53.426575,-0.000000,0.000000,100.492334,0.002027,0.111719,0.078149,0.001881,0.109766,0.076593,0.000146,0.001954,0.001556,-0.018490,-0.159663,-0.059768,0.171483,1.333999,11.519367,4.312164,11.519367,99.472167,37.236444,4.312164,37.236444,13.939103,-0.000000,0.000000,114.745269,-0.018490,-0.159663,-0.059768,0.171483,1.351806,11.673135,4.369725,11.673135,100.799989,37.733501,4.369725,37.733501,14.125171,-0.000000,0.000000,116.276966,0.017765,0.107194,0.060916,0.016455,0.103733,0.056595,0.001310,0.003461,0.004320,-0.060537,-0.447900,-0.093890,0.461622,1.879935,13.909320,2.915696,13.909320,102.912690,21.572736,2.915696,21.572736,4.522114,-0.000000,0.000000,109.314740,-0.060537,-0.447900,-0.093890,0.461622,2.022803,14.966372,3.137277,14.966372,110.733640,23.212177,3.137277,23.212177,4.865777,-0.000000,0.000000,117.622219,0.041496,0.094625,0.077593,0.040951,0.094094,0.076850,0.000546,0.000531,0.000744,-0.018958,-0.047043,-0.047392,0.069415,6.579516,16.326208,16.447444,16.326208,40.511345,40.812177,16.447444,40.812177,41.115243,0.000000,0.000000,88.206104,-0.018958,-0.047043,-0.047392,0.069415,6.608854,16.399007,16.520783,16.399007,40.691987,40.994160,16.520783,40.994160,41.298577,-0.000000,0.000000,88.599418
1.8606,baseline,0.037,20.0000,4.204641,-1.242524,-1.492563,-0.176408,-0.082835,1.144350,-1.796292,0.941864,-2.489651,1.288544,-2.317845,0.800738,-1.777884,0.023681,0.023986,0.023981,0.023981,0.087924,0.023981,0.023981,0.023981,0.023981,-0.007628,0.060957,0.023981,0.023981,1.561902,-0.703581,1.233523,0.152866,0.002761,0.000000,-0.002761,-0.004142,0.695765,0.823987,0.823987,0.572653,1.104548,1.104548,0.783435,1.063232,1.063232,0.486849,0.919278,0.919278,-0.006850,0.087182,-0.007090,0.003613,0.061050,-0.009209,-0.010464,0.026132,0.002119,-0.011107,0.065160,-0.063908,0.091943,0.477427,-2.800864,2.747067,-2.800864,16.431509,-16.115905,2.747067,-16.115905,15.806362,-0.000000,0.000000,32.715298,-0.011107,0.065160,-0.063908,0.091943,0.350185,-2.054391,2.014932,-2.054391,12.052262,-11.820771,2.014932,-11.820771,11.593727,0.000000,0.000000,23.996174,-0.017706,0.118659,0.082629,-0.017082,0.116515,0.078226,-0.000624,0.002144,0.004403,-0.013232,-0.258754,-0.276043,0.378587,0.120074,2.348097,2.504985,2.348097,45.918021,48.986034,2.504985,48.986034,52.259037,-0.000000,0.000000,98.297131,-0.013232,-0.258754,-0.276043,0.378587,0.122756,2.400537,2.560929,2.400537,46.943523,50.080056,2.560929,50.080056,53.426156,-0.000000,0.000000,100.492435,0.002027,0.111719,0.078149,0.001881,0.109766,0.076593,0.000146,0.001954,0.001556,-0.018490,-0.159663,-0.059768,0.171483,1.333999,11.519367,4.312164,11.519367,99.472167,37.236444,4.312164,37.236444,13.939103,-0.000000,0.000000,114.745269,-0.018490,-0.159663,-0.059768,0.171483,1.351806,11.673135,4.369725,11.673135,100.799989,37.733501,4.369725,37.733501,14.125171,-0.000000,0.000000,116.276966,0.017750,0.107178,0.060858,0.016455,0.103733,0.056595,0.001295,0.003445,0.004262,-0.059797,-0.443196,-0.092478,0.456673,1.874244,13.891291,2.898574,13.891291,102.957766,21.483297,2.898574,21.483297,4.482732,-0.000000,0.000000,109.314741,-0.059797,-0.443196,-0.092478,0.456673,2.014561,14.931276,3.115579,14.931276,110.665799,23.091664,3.115579,23.091664,4.818336,-0.000000,0.000000,117.498695,0.041499,0.094625,0.077593,0.040951,0.094094,0.076850,0.000548,0.000531,0.000743,-0.018976,-0.047077,-0.047424,0.069465,6.582505,16.330063,16.450436,16.330063,40.512074,40.810699,16.450436,40.810699,41.111525,-0.000000,0.000000,88.206104,-0.018976,-0.047077,-0.047424,0.069465,6.611900,16.402985,16.523895,16.402985,40.692981,40.992939,16.523895,40.992939,41.295109,-0.000000,0.000000,88.599990
1.9030,baseline,0.037,20.0000,4.204641,-1.242524,-1.492563,-0.176408,-0.085903,1.144350,-1.796292,0.941864,-2.489651,1.300816,-2.316311,0.800738,-1.777884,0.023912,0.023982,0.023981,0.023981,-0.014978,0.023981,0.023981,0.023981,0.023981,0.162315,0.033664,0.023981,0.023981,1.561902,-0.703581,1.233523,0.152866,0.002863,0.000000,-0.002863,-0.004295,0.695765,0.823987,0.823987,0.572653,1.104548,1.104548,0.790896,1.062528,1.062528,0.486849,0.919278,0.919278,-0.006850,0.087182,-0.007090,0.003613,0.061050,-0.009209,-0.010464,0.026132,0.002119,-0.011107,0.065160,-0.063908,0.091943,0.477427,-2.800864,2.747067,-2.800864,16.431509,-16.115905,2.747067,-16.115905,15.806362,-0.000000,0.000000,32.715298,-0.011107,0.065160,-0.063908,0.091943,0.350185,-2.054391,2.014932,-2.054391,12.052262,-11.820771,2.014932,-11.820771,11.593727,0.000000,0.000000,23.996174,-0.017702,0.118659,0.082629,-0.017082,0.116515,0.078226,-0.000620,0.002143,0.004403,-0.013266,-0.258733,-0.276027,0.378563,0.120702,2.354192,2.511552,2.354192,45.916469,48.985639,2.511552,48.985639,52.259961,-0.000000,0.000000,98.297131,-0.013266,-0.258733,-0.276027,0.378563,0.123398,2.406764,2.567638,2.406764,46.941843,50.079552,2.567638,50.079552,53.426994,-0.000000,0.000000,100.492235,0.002027,0.111719,0.078149,0.001881,0.109766,0.076593,0.000146,0.001954,0.001556,-0.018490,-0.159663,-0.059768,0.171483,1.333999,11.519367,4.312164,11.519367,99.472167,37.236444,4.312164,37.236444,13.939103,-0.000000,0.000000,114.745269,-0.018490,-0.159663,-0.059768,0.171483,1.351806,11.673135,4.369725,11.673135,100.799989,37.733501,4.369725,37.733501,14.125171,-0.000000,0.000000,116.276966,0.017627,0.107083,0.060415,0.016455,0.103733,0.056595,0.001172,0.003350,0.003820,-0.054348,-0.408111,-0.082647,0.419927,1.831200,13.750977,2.784744,13.750977,103.259815,20.911397,2.784744,20.911397,4.234818,-0.000000,0.000000,109.325833,-0.054348,-0.408111,-0.082647,0.419927,1.951683,14.655717,2.967965,14.655717,110.053752,22.287253,2.967965,22.287253,4.513446,-0.000000,0.000000,116.518881,0.041494,0.094624,0.077594,0.040951,0.094094,0.076850,0.000543,0.000530,0.000744,-0.018940,-0.047007,-0.047359,0.069363,6.576528,16.322352,16.444451,16.322352,40.510617,40.813655,16.444451,40.813655,41.118960,-0.000000,0.000000,88.206104,-0.018940,-0.047007,-0.047359,0.069363,6.605808,16.395023,16.517665,16.395023,40.690978,40.995366,16.517665,40.995366,41.302030,-0.000000,0.000000,88.598816
1.9454,baseline,0.037,20.0000,4.204641,-1.242524,-1.492563,-0.176408,-0.085903,1.144350,-1.796292,0.941864,-2.489651,1.300816,-2.317845,0.800738,-1.777884,0.023965,0.023981,0.023981,0.023981,-0.021399,0.023981,0.023981,0.023981,0.023981,0.154578,0.013918,0.023981,0.023981,1.561902,-0.703581,1.233523,0.152866,0.002863,0.000000,-0.002863,-0.004295,0.695765,0.823987,0.823987,0.572653,1.104548,1.104548,0.790896,1.063232,1.063232,0.486849,0.919278,0.919278,-0.006850,0.087182,-0.007090,0.003613,0.061050,-0.009209,-0.010464,0.026132,0.002119,-0.011107,0.065160,-0.063908,0.091943,0.477427,-2.800864,2.747067,-2.800864,16.431509,-16.115905,2.747067,-16.115905,15.806362,-0.000000,0.000000,32.715298,-0.011107,0.065160,-0.063908,0.091943,0.350185,-2.054391,2.014932,-2.054391,12.052262,-11.820771,2.014932,-11.820771,11.593727,0.000000,0.000000,23.996174,-0.017702,0.118659,0.082629,-0.017082,0.116515,0.078226,-0.000620,0.002143,0.004403,-0.013266,-0.258733,-0.276027,0.378563,0.120702,2.354192,2.511552,2.354192,45.916469,48.985639,2.511552,48.985639,52.259961,-0.000000,0.000000,98.297131,-0.013266,-0.258733,-0.276027,0.378563,0.123398,2.406764,2.567638,2.406764,46.941843,50.079552,2.567638,50.079552,53.426994,-0.000000,-0.000000,100.492235,0.002027,0.111719,0.078149,0.001881,0.109766,0.076593,0.000146,0.001954,0.001556,-0.018490,-0.159663,-0.059768,0.171483,1.333999,11.519367,4.312164,11.519367,99.472167,37.236444,4.312164,37.236444,13.939103,-0.000000,0.000000,114.745269,-0.018490,-0.159663,-0.059768,0.171483,1.351806,11.673135,4.369725,11.673135,100.799989,37.733501,4.369725,37.733501,14.125171,-0.000000,0.000000,116.276966,0.017620,0.107047,0.060394,0.016455,0.103733,0.056595,0.001165,0.003314,0.003798,-0.053815,-0.405312,-0.081501,0.416913,1.821375,13.717766,2.758387,13.717766,103.315934,20.774906,2.758387,20.774906,4.177446,0.000000,0.000000,109.314755,-0.053815,-0.405312,-0.081501,0.416913,1.941136,14.619750,2.939759,14.619750,110.109265,22.140918,2.939759,22.140918,4.452125,-0.000000,-0.000000,116.502526,0.041494,0.094624,0.077594,0.040951,0.094094,0.076850,0.000543,0.000530,0.000744,-0.018940,-0.047007,-0.047359,0.069363,6.576528,16.322352,16.444451,16.322352,40.510617,40.813655,16.444451,40.813655,41.118960,-0.000000,0.000000,88.206104,-0.018940,-0.047007,-0.047359,0.069363,6.605808,16.395023,16.517665,16.395023,40.690978,40.995365,16.517665,40.995365,41.302030,0.000000,0.000000,88.598815
1.9886,baseline,0.037,20.0000,4.204641,-1.242524,-1.492563,-0.176408,-0.085903,1.144350,-1.796292,0.941864,-2.489651,1.291612,-2.323981,0.800738,-1.777884,0.023977,0.023981,0.023981,0.023981,-0.004895,0.023981,0.023981,0.023981,0.023981,-0.074148,-0.052665,0.023981,0.023981,1.561902,-0.703581,1.233523,0.152866,0.002863,0.000000,-0.002863,-0.004295,0.695765,0.823987,0.823987,0.572653,1.104548,1.104548,0.785300,1.066046,1.066046,0.486849,0.919278,0.919278,-0.006850,0.087182,-0.007090,0.003613,0.061050,-0.009209,-0.010464,0.026132,0.002119,-0.011107,0.065160,-0.063908,0.091943,0.477427,-2.800864,2.747067,-2.800864,16.431509,-16.115905,2.747067,-16.115905,15.806362,-0.000000,0.000000,32.715298,-0.011107,0.065160,-0.063908,0.091943,0.350185,-2.054391,2.014932,-2.054391,12.052262,-11.820771,2.014932,-11.820771,11.593727,0.000000,0.000000,23.996174,-0.017702,0.118659,0.082629,-0.017082,0.116515,0.078226,-0.000620,0.002143,0.004403,-0.013266,-0.258733,-0.276027,0.378562,0.120702,2.354192,2.511552,2.354192,45.916469,48.985639,2.511552,48.985639,52.259961,-0.000000,0.000000,98.297131,-0.013266,-0.258733,-0.276027,0.378562,0.123398,2.406764,2.567638,2.406764,46.941843,50.079552,2.567638,50.079552,53.426994,-0.000000,0.000000,100.492234,0.002027,0.111719,0.078149,0.001881,0.109766,0.076593,0.000146,0.001954,0.001556,-0.018490,-0.159663,-0.059768,0.171483,1.333999,11.519367,4.312164,11.519367,99.472167,37.236444,4.312164,37.236444,13.939103,-0.000000,0.000000,114.745269,-0.018490,-0.159663,-0.059768,0.171483,1.351806,11.673135,4.369725,11.673135,100.799989,37.733501,4.369725,37.733501,14.125171,-0.000000,0.000000,116.276966,0.017688,0.107003,0.060655,0.016455,0.103733,0.056595,0.001233,0.003270,0.004060,-0.056093,-0.422497,-0.084942,0.434587,1.820330,13.710853,2.756532,13.710853,103.271123,20.762396,2.756532,20.762396,4.174227,0.000000,0.000000,109.265679,-0.056093,-0.422497,-0.084942,0.434587,1.952230,14.704334,2.956269,14.704334,110.754087,22.266827,2.956269,22.266827,4.476689,-0.000000,0.000000,117.183005,0.041494,0.094624,0.077594,0.040951,0.094094,0.076850,0.000543,0.000530,0.000744,-0.018940,-0.047008,-0.047360,0.069364,6.576528,16.322352,16.444451,16.322352,40.510617,40.813655,16.444451,40.813655,41.118960,0.000000,0.000000,88.206104,-0.018940,-0.047008,-0.047360,0.069364,6.605808,16.395025,16.517667,16.395025,40.690983,40.995371,16.517667,40.995371,41.302035,0.000000,0.000000,88.598827
2.0091,ramp,0.037,36.0683,4.204641,-1.242524,-1.492563,-0.176408,-0.085903,1.144350,-1.796292,0.941864,-2.489651,1.291612,-2.331651,0.800738,-1.777884,0.017480,0.023981,0.023981,0.023981,0.000057,0.023981,0.023981,0.023981,0.023981,-0.117524,-0.150966,0.023981,0.023981,1.561902,-0.703581,1.233523,0.152866,0.002863,0.000000,-0.002863,-0.004295,0.695765,0.823987,0.823987,0.572653,1.104548,1.104548,0.785300,1.069565,1.069565,0.486849,0.919278,0.919278,-0.006850,0.087182,-0.007090,0.003613,0.061050,-0.009209,-0.010464,0.026132,0.002119,0.005560,-0.032621,0.031994,0.046029,0.760908,-4.463934,4.378194,-4.463934,26.188047,-25.685047,4.378194,-25.685047,25.191707,-0.000000,0.000000,52.140663,0.005560,-0.032621,0.031994,0.046029,0.559333,-3.281375,3.218348,-3.281375,19.250463,-18.880715,3.218348,-18.880715,18.518068,-0.000000,0.000000,38.327865,-0.017702,0.118659,0.082629,-0.017082,0.116515,0.078226,-0.000620,0.002143,0.004403,-0.013266,-0.258733,-0.276027,0.378563,0.120702,2.354192,2.511552,2.354192,45.916469,48.985639,2.511552,48.985639,52.259961,0.000000,0.000000,98.297131,-0.013266,-0.258733,-0.276027,0.378563,0.123398,2.406764,2.567638,2.406764,46.941843,50.079552,2.567638,50.079552,53.426994,-0.000000,0.000000,100.492235,0.002027,0.111719,0.078149,0.001881,0.109766,0.076593,0.000146,0.001954,0.001556,-0.018490,-0.159663,-0.059768,0.171483,1.333999,11.519367,4.312164,11.519367,99.472167,37.236444,4.312164,37.236444,13.939103,-0.000000,0.000000,114.745269,-0.018490,-0.159663,-0.059768,0.171483,1.351806,11.673135,4.369725,11.673135,100.799989,37.733501,4.369725,37.733501,14.125171,-0.000000,0.000000,116.276966,0.017652,0.106825,0.060549,0.016455,0.103733,0.056595,0.001197,0.003092,0.003954,-0.053419,-0.408398,-0.079191,0.419421,1.771294,13.541834,2.625835,13.541834,103.529571,20.074944,2.625835,20.074944,3.892640,-0.000000,0.000000,109.193505,-0.053419,-0.408398,-0.079191,0.419421,1.899290,14.520391,2.815582,14.520391,111.010803,21.525595,2.815582,21.525595,4.173929,-0.000000,0.000000,117.084023,0.041494,0.094624,0.077594,0.040951,0.094094,0.076850,0.000543,0.000530,0.000744,-0.018940,-0.047007,-0.047359,0.069363,6.576528,16.322352,16.444451,16.322352,40.510617,40.813655,16.444451,40.813655,41.118960,-0.000000,0.000000,88.206104,-0.018940,-0.047007,-0.047359,0.069363,6.605808,16.395023,16.517666,16.395023,40.690979,40.995367,16.517666,40.995367,41.302031,-0.000000,0.000000,88.598818
2.0273,ramp,0.037,75.0631,4.204641,-1.242524,-1.492563,-0.176408,-0.082835,1.144350,-1.796292,0.941864,-2.489651,1.291612,-2.331651,0.800738,-1.777884,0.009290,0.023981,0.023981,0.023981,0.029457,0.023981,0.023981,0.023981,0.023981,-0.076864,-0.193367,0.023981,0.023981,1.561902,-0.703581,1.233523,0.152866,0.002761,0.000000,-0.002761,-0.004142,0.695765,0.823987,0.823987,0.572653,1.104548,1.104548,0.785300,1.069565,1.069565,0.486849,0.919278,0.919278,-0.006850,0.087182,-0.007090,0.003613,0.061050,-0.009209,-0.010464,0.026132,0.002119,0.046009,-0.269918,0.264733,0.380862,1.448868,-8.499906,8.336646,-8.499906,49.865420,-48.907642,8.336646,-48.907642,47.968261,-0.000000,0.000000,99.282548,0.046009,-0.269918,0.264733,0.380862,1.066897,-6.259043,6.138824,-6.259043,36.719211,-36.013936,6.138824,-36.013936,35.322207,-0.000000,0.000000,73.108315,-0.017706,0.118659,0.082629,-0.017082,0.116515,0.078226,-0.000624,0.002144,0.004403,-0.013232,-0.258754,-0.276043,0.378587,0.120074,2.348097,2.504985,2.348097,45.918021,48.986034,2.504985,48.986034,52.259037,-0.000000,0.000000,98.297131,-0.013232,-0.258754,-0.276043,0.378587,0.122756,2.400537,2.560929,2.400537,46.943524,50.080056,2.560929,50.080056,53.426156,-0.000000,0.000000,100.492435,0.002027,0.111719,0.078149,0.001881,0.109766,0.076593,0.000146,0.001954,0.001556,-0.018490,-0.159663,-0.059768,0.171483,1.333999,11.519367,4.312164,11.519367,99.472167,37.236444,4.312164,37.236444,13.939103,-0.000000,0.000000,114.745269,-0.018490,-0.159663,-0.059768,0.171483,1.351806,11.673135,4.369725,11.673135,100.799989,37.733501,4.369725,37.733501,14.125171,-0.000000,0.000000,116.276966,0.017654,0.106825,0.060549,0.016455,0.103733,0.056595,0.001199,0.003092,0.003954,-0.053446,-0.408434,-0.079190,0.419459,1.772752,13.547361,2.626669,13.547361,103.528844,20.072987,2.626669,20.072987,3.891909,-0.000000,0.000000,109.193505,-0.053446,-0.408434,-0.079190,0.419459,1.900870,14.526438,2.816500,14.526438,111.010944,21.523675,2.816500,21.523675,4.173180,-0.000000,0.000000,117.084994,0.041499,0.094625,0.077593,0.040951,0.094094,0.076850,0.000548,0.000531,0.000743,-0.018976,-0.047075,-0.047422,0.069463,6.582505,16.330063,16.450436,16.330063,40.512074,40.810699,16.450436,40.810699,41.111525,-0.000000,0.000000,88.206104,-0.018976,-0.047075,-0.047422,0.069463,6.611898,16.402981,16.523891,16.402981,40.692971,40.992929,16.523891,40.992929,41.295099,-0.000000,0.000000,88.599968
2.0485,post_ramp,0.037,100.0000,4.204641,-1.242524,-1.492563,-0.176408,-0.079767,1.144350,-1.796292,0.941864,-2.489651,1.290078,-2.330117,0.800738,-1.777884,0.014264,0.023981,0.023981,0.023981,0.080452,0.023981,0.023981,0.023981,0.023981,-0.041320,-0.106727,0.023981,0.023981,1.561902,-0.703581,1.233523,0.152866,0.002659,0.000000,-0.002659,-0.003988,0.695765,0.823987,0.823987,0.572653,1.104548,1.104548,0.784367,1.068861,1.068861,0.486849,0.919278,0.919278,-0.006850,0.087182,-0.007090,0.003613,0.061050,-0.009209,-0.010464,0.026132,0.002119,0.071876,-0.421667,0.413568,0.594986,1.888814,-11.080886,10.868053,-11.080886,65.006959,-63.758354,10.868053,-63.758354,62.533732,-0.000000,0.000000,129.429505,0.071876,-0.421667,0.413568,0.594986,1.391482,-8.163245,8.006452,-8.163245,47.890371,-46.970529,8.006452,-46.970529,46.068354,-0.000000,0.000000,95.350206,-0.017709,0.118659,0.082628,-0.017082,0.116515,0.078226,-0.000627,0.002144,0.004402,-0.013198,-0.258775,-0.276058,0.378612,0.119447,2.342001,2.498418,2.342001,45.919572,48.986428,2.498418,48.986428,52.258112,0.000000,0.000000,98.297131,-0.013198,-0.258775,-0.276058,0.378612,0.122115,2.394311,2.554221,2.394311,46.945204,50.080559,2.554221,50.080559,53.425317,-0.000000,0.000000,100.492636,0.002027,0.111719,0.078149,0.001881,0.109766,0.076593,0.000146,0.001954,0.001556,-0.018490,-0.159663,-0.059768,0.171483,1.333999,11.519367,4.312164,11.519367,99.472167,37.236444,4.312164,37.236444,13.939103,-0.000000,0.000000,114.745269,-0.018490,-0.159663,-0.059768,0.171483,1.351806,11.673135,4.369725,11.673135,100.799989,37.733501,4.369725,37.733501,14.125171,-0.000000,0.000000,116.276966,0.017679,0.106877,0.060628,0.016455,0.103733,0.056595,0.001224,0.003144,0.004033,-0.054734,-0.416030,-0.081643,0.427484,1.790338,13.608228,2.670517,13.608228,103.435158,20.298407,2.670517,20.298407,3.983417,0.000000,0.000000,109.208912,-0.054734,-0.416030,-0.081643,0.427484,1.921888,14.608129,2.866740,14.608129,111.035332,21.789886,2.866740,21.789886,4.276109,0.000000,0.000000,117.233329,0.041504,0.094626,0.077591,0.040951,0.094094,0.076850,0.000554,0.000532,0.000742,-0.019012,-0.047144,-0.047486,0.069562,6.588486,16.337773,16.456418,16.337773,40.513530,40.807741,16.456418,40.807741,41.104088,0.000000,0.000000,88.206104,-0.019012,-0.047144,-0.047486,0.069562,6.617991,16.410939,16.530116,16.410939,40.694965,40.990493,16.530116,40.990493,41.288167,-0.000000,0.000000,88.601123
2.0667,post_ramp,0.037,100.0000,4.204641,-1.242524,-1.492563,-0.176408,-0.079767,1.144350,-1.796292,0.941864,-2.489651,1.288544,-2.327049,0.800738,-1.777884,0.018817,0.023981,0.023981,0.023981,0.101927,0.023981,0.023981,0.023981,0.023981,-0.033196,-0.013781,0.023981,0.023981,1.561902,-0.703581,1.233523,0.152866,0.002659,0.000000,-0.002659,-0.003988,0.695765,0.823987,0.823987,0.572653,1.104548,1.104548,0.783435,1.067454,1.067454,0.486849,0.919278,0.919278,-0.006850,0.087182,-0.007090,0.003613,0.061050,-0.009209,-0.010464,0.026132,0.002119,0.071876,-0.421667,0.413568,0.594986,1.888814,-11.080886,10.868053,-11.080886,65.006959,-63.758354,10.868053,-63.758354,62.533732,-0.000000,0.000000,129.429505,0.071876,-0.421667,0.413568,0.594986,1.391482,-8.163245,8.006452,-8.163245,47.890371,-46.970529,8.006452,-46.970529,46.068354,-0.000000,0.000000,95.350206,-0.017709,0.118659,0.082628,-0.017082,0.116515,0.078226,-0.000627,0.002144,0.004402,-0.013198,-0.258775,-0.276058,0.378612,0.119447,2.342001,2.498418,2.342001,45.919572,48.986428,2.498418,48.986428,52.258112,-0.000000,0.000000,98.297131,-0.013198,-0.258775,-0.276058,0.378612,0.122115,2.394311,2.554221,2.394311,46.945204,50.080559,2.554221,50.080559,53.425317,0.000000,0.000000,100.492636,0.002027,0.111719,0.078149,0.001881,0.109766,0.076593,0.000146,0.001954,0.001556,-0.018490,-0.159663,-0.059768,0.171483,1.333999,11.519367,4.312164,11.519367,99.472167,37.236444,4.312164,37.236444,13.939103,-0.000000,0.000000,114.745269,-0.018490,-0.159663,-0.059768,0.171483,1.351806,11.673135,4.369725,11.673135,100.799989,37.733501,4.369725,37.733501,14.125171,-0.000000,0.000000,116.276966,0.017709,0.106965,0.060728,0.016455,0.103733,0.056595,0.001254,0.003232,0.004133,-0.056545,-0.426401,-0.085300,0.438511,1.816368,13.697073,2.740062,13.697073,103.288406,20.662562,2.740062,20.662562,4.133489,-0.000000,0.000000,109.238263,-0.056545,-0.426401,-0.085300,0.438511,1.952057,14.720286,2.944753,14.720286,111.004369,22.206119,2.944753,22.206119,4.442273,-0.000000,0.000000,117.398699,0.041504,0.094626,0.077591,0.040951,0.094094,0.076850,0.000554,0.000532,0.000742,-0.019012,-0.047144,-0.047487,0.069563,6.588486,16.337773,16.456418,16.337773,40.513530,40.807741,16.456418,40.807741,41.104088,-0.000000,0.000000,88.206104,-0.019012,-0.047144,-0.047487,0.069563,6.617992,16.410940,16.530117,16.410940,40.694968,40.990496,16.530117,40.990496,41.288170,-0.000000,-0.000000,88.601130
2.0849,post_ramp,0.037,100.0000,4.204641,-1.245592,-1.492563,-0.176408,-0.081301,1.144350,-1.796292,0.941864,-2.489651,1.288544,-2.323981,0.800738,-1.777884,0.021236,0.005264,0.023981,0.023981,0.067593,0.023981,0.023981,0.023981,0.023981,-0.040114,0.059503,0.023981,0.023981,1.561902,-0.705318,1.233523,0.152866,0.002710,0.000000,-0.002710,-0.004065,0.695765,0.823987,0.823987,0.572653,1.104548,1.104548,0.783435,1.066046,1.066046,0.486849,0.919278,0.919278,-0.006832,0.087141,-0.007179,0.003613,0.061050,-0.009209,-0.010446,0.026091,0.002030,0.072127,-0.423395,0.416667,0.598395,1.880085,-11.036316,10.860952,-11.036316,64.784437,-63.755029,10.860952,-63.755029,62.741978,-0.000000,-0.000000,129.406500,0.072127,-0.423395,0.416667,0.598395,1.386564,-8.139289,8.009958,-8.139289,47.778556,-47.019367,8.009958,-47.019367,46.272242,-0.000000,0.000000,95.437361,-0.017707,0.118659,0.082628,-0.017082,0.116515,0.078226,-0.000626,0.002144,0.004403,-0.013215,-0.258765,-0.276050,0.378600,0.119760,2.345049,2.501701,2.345049,45.918796,48.986231,2.501701,48.986231,52.258575,-0.000000,-0.000000,98.297131,-0.013215,-0.258765,-0.276050,0.378600,0.122435,2.397424,2.557575,2.397424,46.944364,50.080307,2.557575,50.080307,53.425736,-0.000000,0.000000,100.492535,0.002027,0.111719,0.078149,0.001881,0.109766,0.076593,0.000146,0.001954,0.001556,-0.018490,-0.159663,-0.059768,0.171483,1.333999,11.519367,4.312164,11.519367,99.472167,37.236444,4.312164,37.236444,13.939103,-0.000000,0.000000,114.745269,-0.018490,-0.159663,-0.059768,0.171483,1.351806,11.673135,4.369725,11.673135,100.799989,37.733501,4.369725,37.733501,14.125171,-0.000000,0.000000,116.276966,0.017722,0.107036,0.060771,0.016455,0.103733,0.056595,0.001267,0.003303,0.004176,-0.057617,-0.432009,-0.087662,0.444563,1.835362,13.761388,2.792431,13.761388,103.181739,20.937417,2.792431,20.937417,4.248576,-0.000000,0.000000,109.265676,-0.057617,-0.432009,-0.087662,0.444563,1.972578,14.790228,3.001201,14.790228,110.895897,22.502757,3.001201,22.502757,4.566211,0.000000,0.000000,117.434687,0.041502,0.094625,0.077592,0.040951,0.094094,0.076850,0.000551,0.000531,0.000742,-0.018994,-0.047110,-0.047455,0.069514,6.585495,16.333918,16.453427,16.333918,40.512802,40.809220,16.453427,40.809220,41.107807,-0.000000,0.000000,88.206104,-0.018994,-0.047110,-0.047455,0.069514,6.614945,16.406962,16.527006,16.406962,40.693974,40.991717,16.527006,40.991717,41.291639,-0.000000,0.000000,88.600558
2.1031,post_ramp,0.037,100.0000,4.204641,-1.251728,-1.492563,-0.176408,-0.082835,1.144350,-1.796292,0.941864,-2.489651,1.288544,-2.323981,0.800738,-1.777884,0.022522,-0.064831,0.023981,0.023981,0.011882,0.023981,0.023981,0.023981,0.023981,-0.036837,0.109628,0.023981,0.023981,1.561902,-0.708793,1.233523,0.152866,0.002761,0.000000,-0.002761,-0.004142,0.695765,0.823987,0.823987,0.572653,1.104548,1.104548,0.783435,1.066046,1.066046,0.486849,0.919278,0.919278,-0.006797,0.087058,-0.007357,0.003613,0.061050,-0.009209,-0.010410,0.026008,0.001852,0.072627,-0.426835,0.422899,0.605233,1.862719,-10.947435,10.846483,-10.947435,64.339464,-63.746153,10.846483,-63.746153,63.158314,-0.000000,0.000000,129.360497,0.072627,-0.426835,0.422899,0.605233,1.376759,-8.091387,8.016772,-8.091387,47.554109,-47.115585,8.016772,-47.115585,46.681106,-0.000000,0.000000,95.611974,-0.017706,0.118659,0.082629,-0.017082,0.116515,0.078226,-0.000624,0.002144,0.004403,-0.013232,-0.258754,-0.276043,0.378587,0.120074,2.348097,2.504985,2.348097,45.918021,48.986034,2.504985,48.986034,52.259037,-0.000000,-0.000000,98.297131,-0.013232,-0.258754,-0.276043,0.378587,0.122756,2.400537,2.560929,2.400537,46.943523,50.080056,2.560929,50.080056,53.426156,-0.000000,0.000000,100.492435,0.002027,0.111719,0.078149,0.001881,0.109766,0.076593,0.000146,0.001954,0.001556,-0.018490,-0.159663,-0.059768,0.171483,1.333999,11.519367,4.312164,11.519367,99.472167,37.236444,4.312164,37.236444,13.939103,-0.000000,0.000000,114.745269,-0.018490,-0.159663,-0.059768,0.171483,1.351806,11.673135,4.369725,11.673135,100.799989,37.733501,4.369725,37.733501,14.125171,-0.000000,0.000000,116.276966,0.017721,0.107036,0.060771,0.016455,0.103733,0.056595,0.001266,0.003303,0.004176,-0.057603,-0.431991,-0.087663,0.444544,1.834609,13.758590,2.791986,13.758590,103.182105,20.938407,2.791986,20.938407,4.248962,-0.000000,0.000000,109.265676,-0.057603,-0.431991,-0.087663,0.444544,1.971761,14.787161,3.000710,14.787161,110.895838,22.503729,3.000710,22.503729,4.566608,-0.000000,0.000000,117.434207,0.041499,0.094625,0.077593,0.040951,0.094094,0.076850,0.000548,0.000531,0.000743,-0.018976,-0.047076,-0.047423,0.069464,6.582505,16.330063,16.450436,16.330063,40.512074,40.810699,16.450436,40.810699,41.111525,0.000000,0.000000,88.206104,-0.018976,-0.047076,-0.047423,0.069464,6.611899,16.402984,16.523894,16.402984,40.692978,40.992936,16.523894,40.992936,41.295106,-0.000000,-0.000000,88.599983
2.1213,post_ramp,0.037,100.0000,4.204641,-1.268602,-1.492563,-0.176408,-0.084369,1.144350,-1.796292,0.941864,-2.489651,1.288544,-2.323981,0.800738,-1.777884,0.023283,-0.241631,0.023981,0.023981,-0.030276,0.023981,0.023981,0.023981,0.023981,-0.017619,0.082877,0.023981,0.023981,1.561902,-0.718348,1.233523,0.152866,0.002812,0.000000,-0.002812,-0.004218,0.695765,0.823987,0.823987,0.572653,1.104548,1.104548,0.783435,1.066046,1.066046,0.486849,0.919278,0.919278,-0.006699,0.086825,-0.007846,0.003613,0.061050,-0.009209,-0.010312,0.025775,0.001363,0.073981,-0.436196,0.440273,0.624164,1.815577,-10.704803,10.804873,-10.704803,63.116455,-63.706476,10.804873,-63.706476,64.302012,-0.000000,0.000000,129.234044,0.073981,-0.436196,0.440273,0.624164,1.350005,-7.959748,8.034157,-7.959748,46.931369,-47.370089,8.034157,-47.370089,47.812911,-0.000000,0.000000,96.094285,-0.017704,0.118659,0.082629,-0.017082,0.116515,0.078226,-0.000622,0.002143,0.004403,-0.013249,-0.258743,-0.276035,0.378575,0.120388,2.351144,2.508268,2.351144,45.917245,48.985837,2.508268,48.985837,52.259499,0.000000,0.000000,98.297131,-0.013249,-0.258743,-0.276035,0.378575,0.123076,2.403651,2.564284,2.403651,46.942683,50.079804,2.564284,50.079804,53.426575,0.000000,0.000000,100.492335,0.002027,0.111719,0.078149,0.001881,0.109766,0.076593,0.000146,0.001954,0.001556,-0.018490,-0.159663,-0.059768,0.171483,1.333999,11.519367,4.312164,11.519367,99.472167,37.236444,4.312164,37.236444,13.939103,-0.000000,0.000000,114.745269,-0.018490,-0.159663,-0.059768,0.171483,1.351806,11.673135,4.369725,11.673135,100.799989,37.733501,4.369725,37.733501,14.125171,-0.000000,0.000000,116.276966,0.017721,0.107036,0.060771,0.016455,0.103733,0.056595,0.001265,0.003303,0.004176,-0.057589,-0.431973,-0.087663,0.444524,1.833856,13.755792,2.791540,13.755792,103.182471,20.939396,2.791540,20.939396,4.249349,-0.000000,0.000000,109.265676,-0.057589,-0.431973,-0.087663,0.444524,1.970944,14.784093,3.000219,14.784093,110.895778,22.504701,3.000219,22.504701,4.567005,-0.000000,-0.000000,117.433727,0.041496,0.094625,0.077593,0.040951,0.094094,0.076850,0.000546,0.000531,0.000744,-0.018958,-0.047042,-0.047392,0.069414,6.579516,16.326208,16.447444,16.326208,40.511345,40.812177,16.447444,40.812177,41.115243,-0.000000,0.000000,88.206104,-0.018958,-0.047042,-0.047392,0.069414,6.608854,16.399005,16.520782,16.399005,40.691982,40.994155,16.520782,40.994155,41.298572,-0.000000,0.000000,88.599408
2.1394,post_ramp,0.037,100.0000,4.204641,-1.283942,-1.492563,-0.176408,-0.084369,1.144350,-1.796292,0.941864,-2.489651,1.288544,-2.322447,0.800738,-1.777884,0.023610,-0.458730,0.023981,0.023981,-0.039979,0.023981,0.023981,0.023981,0.023981,-0.009363,0.055099,0.023981,0.023981,1.561902,-0.727034,1.233523,0.152866,0.002812,0.000000,-0.002812,-0.004218,0.695765,0.823987,0.823987,0.572653,1.104548,1.104548,0.783435,1.065343,1.065343,0.486849,0.919278,0.919278,-0.006610,0.086610,-0.008288,0.003613,0.061050,-0.009209,-0.010223,0.025560,0.000921,0.075187,-0.444573,0.456369,0.641538,1.773502,-10.486532,10.764779,-10.486532,62.005782,-63.651027,10.764779,-63.651027,65.339928,0.000000,0.000000,129.119211,0.075187,-0.444573,0.456369,0.641538,1.325952,-7.840219,8.048250,-7.840219,46.358408,-47.588471,8.048250,-47.588471,48.851171,-0.000000,0.000000,96.535532,-0.017704,0.118659,0.082629,-0.017082,0.116515,0.078226,-0.000622,0.002143,0.004403,-0.013249,-0.258743,-0.276035,0.378575,0.120388,2.351144,2.508268,2.351144,45.917245,48.985837,2.508268,48.985837,52.259499,-0.000000,0.000000,98.297131,-0.013249,-0.258743,-0.276035,0.378575,0.123076,2.403651,2.564284,2.403651,46.942683,50.079804,2.564284,50.079804,53.426575,-0.000000,0.000000,100.492335,0.002027,0.111719,0.078149,0.001881,0.109766,0.076593,0.000146,0.001954,0.001556,-0.018490,-0.159663,-0.059768,0.171483,1.333999,11.519367,4.312164,11.519367,99.472167,37.236444,4.312164,37.236444,13.939103,-0.000000,0.000000,114.745269,-0.018490,-0.159663,-0.059768,0.171483,1.351806,11.673135,4.369725,11.673135,100.799989,37.733501,4.369725,37.733501,14.125171,-0.000000,0.000000,116.276966,0.017728,0.107072,0.060793,0.016455,0.103733,0.056595,0.001273,0.003339,0.004197,-0.058134,-0.434780,-0.088855,0.447558,1.843740,13.789148,2.818059,13.789148,103.127666,21.075981,2.818059,21.075981,4.307253,-0.000000,-0.000000,109.278659,-0.058134,-0.434780,-0.088855,0.447558,1.981621,14.820349,3.028803,14.820349,110.839917,22.652117,3.028803,22.652117,4.629365,-0.000000,0.000000,117.450903,0.041496,0.094625,0.077593,0.040951,0.094094,0.076850,0.000546,0.000531,0.000744,-0.018958,-0.047042,-0.047392,0.069415,6.579516,16.326208,16.447444,16.326208,40.511345,40.812177,16.447444,40.812177,41.115243,-0.000000,0.000000,88.206104,-0.018958,-0.047042,-0.047392,0.069415,6.608854,16.399005,16.520782,16.399005,40.691983,40.994156,16.520782,40.994156,41.298573,-0.000000,0.000000,88.599410
2.1576,post_ramp,0.037,100.0000,4.204641,-1.300816,-1.492563,-0.176408,-0.085903,1.144350,-1.796292,0.941864,-2.489651,1.290078,-2.322447,0.800738,-1.777884,0.023784,-0.651966,0.023981,0.023981,-0.027003,0.023981,0.023981,0.023981,0.023981,0.006079,0.051755,0.023981,0.023981,1.561902,-0.736589,1.233523,0.152866,0.002863,0.000000,-0.002863,-0.004295,0.695765,0.823987,0.823987,0.572653,1.104548,1.104548,0.784367,1.065343,1.065343,0.486849,0.919278,0.919278,-0.006512,0.086369,-0.008772,0.003613,0.061050,-0.009209,-0.010125,0.025319,0.000437,0.076487,-0.453639,0.474409,0.660835,1.728070,-10.248999,10.718248,-10.248999,60.785736,-63.568804,10.718248,-63.568804,66.479294,-0.000000,0.000000,128.993100,0.076487,-0.453639,0.474409,0.660835,1.299793,-7.708937,8.061889,-7.708937,45.720892,-47.814217,8.061889,-47.814217,50.003385,0.000000,0.000000,97.024070,-0.017702,0.118659,0.082629,-0.017082,0.116515,0.078226,-0.000620,0.002143,0.004403,-0.013266,-0.258733,-0.276027,0.378562,0.120702,2.354192,2.511552,2.354192,45.916469,48.985639,2.511552,48.985639,52.259961,-0.000000,0.000000,98.297131,-0.013266,-0.258733,-0.276027,0.378562,0.123398,2.406764,2.567638,2.406764,46.941843,50.079552,2.567638,50.079552,53.426994,-0.000000,-0.000000,100.492234,0.002027,0.111719,0.078149,0.001881,0.109766,0.076593,0.000146,0.001954,0.001556,-0.018490,-0.159663,-0.059768,0.171483,1.333999,11.519367,4.312164,11.519367,99.472167,37.236444,4.312164,37.236444,13.939103,-0.000000,0.000000,114.745269,-0.018490,-0.159663,-0.059768,0.171483,1.351806,11.673135,4.369725,11.673135,100.799989,37.733501,4.369725,37.733501,14.125171,-0.000000,0.000000,116.276966,0.017711,0.107055,0.060735,0.016455,0.103733,0.056595,0.001256,0.003322,0.004139,-0.057375,-0.430035,-0.087481,0.442578,1.836578,13.765333,2.800247,13.765333,103.172523,20.988123,2.800247,20.988123,4.269560,0.000000,0.000000,109.278661,-0.057375,-0.430035,-0.087481,0.442578,1.971818,14.778968,3.006448,14.778968,110.769819,22.533621,3.006448,22.533621,4.583957,-0.000000,0.000000,117.325594,0.041494,0.094624,0.077594,0.040951,0.094094,0.076850,0.000543,0.000530,0.000744,-0.018940,-0.047008,-0.047360,0.069365,6.576528,16.322352,16.444451,16.322352,40.510617,40.813655,16.444451,40.813655,41.118960,0.000000,0.000000,88.206104,-0.018940,-0.047008,-0.047360,0.069365,6.605809,16.395026,16.517668,16.395026,40.690985,40.995373,16.517668,40.995373,41.302037,-0.000000,0.000000,88.598832
2.1758,post_ramp,0.037,100.0000,4.204641,-1.317689,-1.492563,-0.176408,-0.085903,1.144350,-1.796292,0.941864,-2.489651,1.297748,-2.320913,0.800738,-1.777884,0.023876,-0.773466,0.023981,0.023981,-0.024171,0.023981,0.023981,0.023981,0.023981,0.070859,0.046656,0.023981,0.023981,1.561902,-0.746144,1.233523,0.152866,0.002863,0.000000,-0.002863,-0.004295,0.695765,0.823987,0.823987,0.572653,1.104548,1.104548,0.789031,1.064639,1.064639,0.486849,0.919278,0.919278,-0.006415,0.086123,-0.009254,0.003613,0.061050,-0.009209,-0.010028,0.025073,-0.000045,0.077760,-0.462544,0.492800,0.680327,1.683523,-10.014188,10.669247,-10.014188,59.567913,-63.464436,10.669247,-63.464436,67.615844,-0.000000,0.000000,128.867280,0.077760,-0.462544,0.492800,0.680327,1.273950,-7.577905,8.073599,-7.577905,45.076042,-48.024607,8.073599,-48.024607,51.166047,-0.000000,0.000000,97.516040,-0.017702,0.118659,0.082629,-0.017082,0.116515,0.078226,-0.000620,0.002143,0.004403,-0.013266,-0.258733,-0.276027,0.378563,0.120702,2.354192,2.511552,2.354192,45.916469,48.985639,2.511552,48.985639,52.259961,-0.000000,0.000000,98.297131,-0.013266,-0.258733,-0.276027,0.378563,0.123398,2.406764,2.567638,2.406764,46.941843,50.079552,2.567638,50.079552,53.426994,0.000000,0.000000,100.492235,0.002027,0.111719,0.078149,0.001881,0.109766,0.076593,0.000146,0.001954,0.001556,-0.018490,-0.159663,-0.059768,0.171483,1.333999,11.519367,4.312164,11.519367,99.472167,37.236444,4.312164,37.236444,13.939103,-0.000000,0.000000,114.745269,-0.018490,-0.159663,-0.059768,0.171483,1.351806,11.673135,4.369725,11.673135,100.799989,37.733501,4.369725,37.733501,14.125171,-0.000000,0.000000,116.276966,0.017638,0.107009,0.060467,0.016455,0.103733,0.056595,0.001183,0.003276,0.003871,-0.054220,-0.409180,-0.081884,0.420800,1.814493,13.693309,2.740257,13.693309,103.338331,20.679703,2.740257,20.679703,4.138349,-0.000000,0.000000,109.291174,-0.054220,-0.409180,-0.081884,0.420800,1.937797,14.623838,2.926471,14.623838,110.360690,22.084992,2.926471,22.084992,4.419571,-0.000000,0.000000,116.718058,0.041494,0.094624,0.077594,0.040951,0.094094,0.076850,0.000543,0.000530,0.000744,-0.018940,-0.047007,-0.047359,0.069363,6.576528,16.322352,16.444451,16.322352,40.510617,40.813655,16.444451,40.813655,41.118960,-0.000000,0.000000,88.206104,-0.018940,-0.047007,-0.047359,0.069363,6.605808,16.395023,16.517666,16.395023,40.690979,40.995366,16.517666,40.995366,41.302031,-0.000000,0.000000,88.598817
2.1940,post_ramp,0.037,100.0000,4.204641,-1.334563,-1.492563,-0.176408,-0.085903,1.144350,-1.796292,0.941864,-2.489651,1.306952,-2.319379,0.800738,-1.777884,0.023925,-0.828216,0.023981,0.023981,-0.019525,0.023981,0.023981,0.023981,0.023981,0.197861,0.056165,0.023981,0.023981,1.561902,-0.755698,1.233523,0.152866,0.002863,0.000000,-0.002863,-0.004295,0.695765,0.823987,0.823987,0.572653,1.104548,1.104548,0.794627,1.063935,1.063935,0.486849,0.919278,0.919278,-0.006317,0.085872,-0.009734,0.003613,0.061050,-0.009209,-0.009931,0.024822,-0.000525,0.079005,-0.471282,0.511545,0.700019,1.639855,-9.782130,10.617849,-9.782130,58.352766,-63.338035,10.617849,-63.338035,68.749211,-0.000000,0.000000,128.741832,0.079005,-0.471282,0.511545,0.700019,1.248427,-7.447166,8.083402,-7.447166,44.424142,-48.219443,8.083402,-48.219443,52.338988,-0.000000,0.000000,98.011557,-0.017702,0.118659,0.082629,-0.017082,0.116515,0.078226,-0.000620,0.002143,0.004403,-0.013266,-0.258733,-0.276027,0.378563,0.120702,2.354192,2.511552,2.354192,45.916469,48.985639,2.511552,48.985639,52.259961,-0.000000,0.000000,98.297131,-0.013266,-0.258733,-0.276027,0.378563,0.123398,2.406764,2.567638,2.406764,46.941843,50.079553,2.567638,50.079553,53.426994,-0.000000,0.000000,100.492235,0.002027,0.111719,0.078149,0.001881,0.109766,0.076593,0.000146,0.001954,0.001556,-0.018490,-0.159663,-0.059768,0.171483,1.333999,11.519367,4.312164,11.519367,99.472167,37.236444,4.312164,37.236444,13.939103,-0.000000,0.000000,114.745269,-0.018490,-0.159663,-0.059768,0.171483,1.351806,11.673135,4.369725,11.673135,100.799989,37.733501,4.369725,37.733501,14.125171,-0.000000,0.000000,116.276966,0.017548,0.106945,0.060141,0.016455,0.103733,0.056595,0.001093,0.003211,0.003545,-0.050374,-0.383538,-0.075121,0.394059,1.786169,13.599575,2.663669,13.599575,103.544779,20.280709,2.663669,20.280709,3.972263,-0.000000,0.000000,109.303211,-0.050374,-0.383538,-0.075121,0.394059,1.895354,14.430896,2.826495,14.430896,109.874315,21.520438,2.826495,21.520438,4.215082,-0.000000,0.000000,115.984751,0.041494,0.094624,0.077594,0.040951,0.094094,0.076850,0.000543,0.000530,0.000744,-0.018940,-0.047006,-0.047358,0.069362,6.576528,16.322352,16.444451,16.322352,40.510616,40.813655,16.444451,40.813655,41.118960,-0.000000,0.000000,88.206104,-0.018940,-0.047006,-0.047358,0.069362,6.605806,16.395020,16.517662,16.395020,40.690971,40.995358,16.517662,40.995358,41.302023,-0.000000,0.000000,88.598800
2.2122,post_ramp,0.037,100.0000,4.204641,-1.349903,-1.492563,-0.176408,-0.085903,1.144350,-1.796292,0.941864,-2.489651,1.311554,-2.317845,0.800738,-1.777884,0.023951,-0.855896,0.023981,0.023981,-0.010377,0.023981,0.023981,0.023981,0.023981,0.320918,0.073046,0.023981,0.023981,1.561902,-0.764385,1.233523,0.152866,0.002863,0.000000,-0.002863,-0.004295,0.695765,0.823987,0.823987,0.572653,1.104548,1.104548,0.797425,1.063232,1.063232,0.486849,0.919278,0.919278,-0.006229,0.085640,-0.010168,0.003613,0.061050,-0.009209,-0.009843,0.024590,-0.000959,0.080112,-0.479076,0.528894,0.718095,1.600912,-9.573582,10.569106,-9.573582,57.250792,-63.204103,10.569106,-63.204103,69.776477,0.000000,0.000000,128.628181,0.080112,-0.479076,0.528894,0.718095,1.225502,-7.328602,8.090678,-7.328602,43.825629,-48.382903,8.090678,-48.382903,53.414072,-0.000000,0.000000,98.465203,-0.017702,0.118659,0.082629,-0.017082,0.116515,0.078226,-0.000620,0.002143,0.004403,-0.013266,-0.258733,-0.276027,0.378563,0.120702,2.354192,2.511552,2.354192,45.916469,48.985639,2.511552,48.985639,52.259961,-0.000000,0.000000,98.297131,-0.013266,-0.258733,-0.276027,0.378563,0.123398,2.406764,2.567638,2.406764,46.941843,50.079553,2.567638,50.079553,53.426994,-0.000000,0.000000,100.492235,0.002027,0.111719,0.078149,0.001881,0.109766,0.076593,0.000146,0.001954,0.001556,-0.018490,-0.159663,-0.059768,0.171483,1.333999,11.519367,4.312164,11.519367,99.472167,37.236444,4.312164,37.236444,13.939103,-0.000000,0.000000,114.745269,-0.018490,-0.159663,-0.059768,0.171483,1.351806,11.673135,4.369725,11.673135,100.799989,37.733501,4.369725,37.733501,14.125171,-0.000000,0.000000,116.276966,0.017507,0.106930,0.059988,0.016455,0.103733,0.056595,0.001052,0.003196,0.003393,-0.048727,-0.372099,-0.072356,0.382187,1.776926,13.569253,2.638596,13.569253,103.619732,20.149277,2.638596,20.149277,3.918109,-0.000000,0.000000,109.314767,-0.048727,-0.372099,-0.072356,0.382187,1.879533,14.352798,2.790960,14.352798,109.603163,21.312779,2.790960,21.312779,4.144356,-0.000000,0.000000,115.627053,0.041494,0.094624,0.077594,0.040951,0.094094,0.076850,0.000543,0.000530,0.000744,-0.018939,-0.047006,-0.047357,0.069361,6.576528,16.322352,16.444451,16.322352,40.510616,40.813655,16.444451,40.813655,41.118960,0.000000,0.000000,88.206104,-0.018939,-0.047006,-0.047357,0.069361,6.605806,16.395018,16.517661,16.395018,40.690967,40.995355,16.517661,40.995355,41.302019,-0.000000,0.000000,88.598792
2.2303,post_ramp,0.037,100.0000,4.204641,-1.365243,-1.492563,-0.176408,-0.085903,1.144350,-1.796292,0.941864,-2.489651,1.310020,-2.316311,0.800738,-1.777884,0.023965,-0.870606,0.023981,0.023981,-0.005515,0.023981,0.023981,0.023981,0.023981,0.305950,0.093586,0.023981,0.023981,1.561902,-0.773071,1.233523,0.152866,0.002863,0.000000,-0.002863,-0.004295,0.695765,0.823987,0.823987,0.572653,1.104548,1.104548,0.796492,1.062528,1.062528,0.486849,0.919278,0.919278,-0.006141,0.085405,-0.010599,0.003613,0.061050,-0.009209,-0.009755,0.024355,-0.001391,0.081197,-0.486725,0.546538,0.736342,1.562683,-9.367356,10.518498,-9.367356,56.151742,-63.052152,10.518498,-63.052152,70.800545,-0.000000,-0.000000,128.514969,0.081197,-0.486725,0.546538,0.736342,1.202846,-7.210345,8.096415,-7.210345,43.221741,-48.533202,8.096415,-48.533202,54.497380,-0.000000,0.000000,98.921967,-0.017702,0.118659,0.082629,-0.017082,0.116515,0.078226,-0.000620,0.002143,0.004403,-0.013266,-0.258733,-0.276027,0.378563,0.120702,2.354192,2.511552,2.354192,45.916469,48.985639,2.511552,48.985639,52.259961,-0.000000,0.000000,98.297131,-0.013266,-0.258733,-0.276027,0.378563,0.123398,2.406764,2.567638,2.406764,46.941843,50.079553,2.567638,50.079553,53.426994,-0.000000,-0.000000,100.492235,0.002027,0.111719,0.078149,0.001881,0.109766,0.076593,0.000146,0.001954,0.001556,-0.018490,-0.159663,-0.059768,0.171483,1.333999,11.519367,4.312164,11.519367,99.472167,37.236444,4.312164,37.236444,13.939103,-0.000000,0.000000,114.745269,-0.018490,-0.159663,-0.059768,0.171483,1.351806,11.673135,4.369725,11.673135,100.799989,37.733501,4.369725,37.733501,14.125171,-0.000000,0.000000,116.276966,0.017530,0.106982,0.060067,0.016455,0.103733,0.056595,0.001075,0.003249,0.003472,-0.049964,-0.379652,-0.074726,0.390149,1.792989,13.624035,2.681581,13.624035,103.522302,20.376006,2.681581,20.376006,4.010552,-0.000000,0.000000,109.325843,-0.049964,-0.379652,-0.074726,0.390149,1.898679,14.427124,2.839651,14.427124,109.624581,21.577100,2.839651,21.577100,4.246960,-0.000000,0.000000,115.770221,0.041494,0.094624,0.077594,0.040951,0.094094,0.076850,0.000543,0.000530,0.000744,-0.018939,-0.047006,-0.047358,0.069362,6.576528,16.322352,16.444451,16.322352,40.510616,40.813655,16.444451,40.813655,41.118960,-0.000000,0.000000,88.206104,-0.018939,-0.047006,-0.047358,0.069362,6.605806,16.395019,16.517662,16.395019,40.690970,40.995357,16.517662,40.995357,41.302021,-0.000000,-0.000000,88.598797
2.2485,post_ramp,0.037,100.0000,4.204641,-1.380583,-1.492563,-0.176408,-0.085903,1.144350,-1.796292,0.941864,-2.489651,1.306952,-2.313243,0.800738,-1.777884,0.023972,-0.865620,0.023981,0.023981,-0.002931,0.023981,0.023981,0.023981,0.023981,0.162689,0.107491,0.023981,0.023981,1.561902,-0.781757,1.233523,0.152866,0.002863,0.000000,-0.002863,-0.004295,0.695765,0.823987,0.823987,0.572653,1.104548,1.104548,0.794627,1.061121,1.061121,0.486849,0.919278,0.919278,-0.006054,0.085165,-0.011029,0.003613,0.061050,-0.009209,-0.009667,0.024115,-0.001820,0.082258,-0.494225,0.564480,0.754760,1.525162,-9.163472,10.466081,-9.163472,55.055949,-62.882284,10.466081,-62.882284,71.821151,-0.000000,-0.000000,128.402262,0.082258,-0.494225,0.564480,0.754760,1.180458,-7.092426,8.100632,-7.092426,42.612698,-48.670195,8.100632,-48.670195,55.588780,-0.000000,0.000000,99.381936,-0.017702,0.118659,0.082629,-0.017082,0.116515,0.078226,-0.000620,0.002143,0.004403,-0.013266,-0.258733,-0.276027,0.378563,0.120702,2.354192,2.511552,2.354192,45.916469,48.985639,2.511552,48.985639,52.259961,-0.000000,-0.000000,98.297131,-0.013266,-0.258733,-0.276027,0.378563,0.123398,2.406764,2.567638,2.406764,46.941843,50.079552,2.567638,50.079552,53.426994,-0.000000,0.000000,100.492235,0.002027,0.111719,0.078149,0.001881,0.109766,0.076593,0.000146,0.001954,0.001556,-0.018490,-0.159663,-0.059768,0.171483,1.333999,11.519367,4.312164,11.519367,99.472167,37.236444,4.312164,37.236444,13.939103,-0.000000,0.000000,114.745269,-0.018490,-0.159663,-0.059768,0.171483,1.351806,11.673135,4.369725,11.673135,100.799989,37.733501,4.369725,37.733501,14.125171,-0.000000,0.000000,116.276966,0.017577,0.107088,0.060226,0.016455,0.103733,0.056595,0.001122,0.003354,0.003630,-0.052466,-0.394739,-0.079572,0.406083,1.825270,13.732879,2.768286,13.732879,103.322807,20.827900,2.768286,20.827900,4.198506,0.000000,0.000000,109.346583,-0.052466,-0.394739,-0.079572,0.406083,1.937212,14.575109,2.938063,14.575109,109.659536,22.105263,2.938063,22.105263,4.455998,-0.000000,0.000000,116.052746,0.041494,0.094624,0.077594,0.040951,0.094094,0.076850,0.000543,0.000530,0.000744,-0.018940,-0.047007,-0.047358,0.069362,6.576528,16.322352,16.444451,16.322352,40.510617,40.813655,16.444451,40.813655,41.118960,-0.000000,0.000000,88.206104,-0.018940,-0.047007,-0.047358,0.069362,6.605807,16.395021,16.517664,16.395021,40.690974,40.995362,16.517664,40.995362,41.302026,-0.000000,0.000000,88.598807
2.2667,post_ramp,0.037,100.0000,4.204641,-1.394389,-1.492563,-0.176408,-0.082835,1.144350,-1.796292,0.941864,-2.489651,1.302350,-2.311709,0.800738,-1.777884,0.023976,-0.840498,0.023981,0.023981,0.020324,0.023981,0.023981,0.023981,0.023981,0.014550,0.113307,0.023981,0.023981,1.561902,-0.789574,1.233523,0.152866,0.002761,0.000000,-0.002761,-0.004142,0.695765,0.823987,0.823987,0.572653,1.104548,1.104548,0.791829,1.060417,1.060417,0.486849,0.919278,0.919278,-0.005975,0.084946,-0.011414,0.003613,0.061050,-0.009209,-0.009588,0.023896,-0.002205,0.083195,-0.500843,0.580882,0.771485,1.491993,-8.981994,10.417407,-8.981994,54.072795,-62.714170,10.417407,-62.714170,72.736523,-0.000000,-0.000000,128.301311,0.083195,-0.500843,0.580882,0.771485,1.160541,-6.986612,8.103143,-6.986612,42.060333,-48.781996,8.103143,-48.781996,56.577848,-0.000000,0.000000,99.798722,-0.017706,0.118659,0.082629,-0.017082,0.116515,0.078226,-0.000624,0.002144,0.004403,-0.013232,-0.258754,-0.276043,0.378587,0.120074,2.348097,2.504985,2.348097,45.918021,48.986034,2.504985,48.986034,52.259037,-0.000000,0.000000,98.297131,-0.013232,-0.258754,-0.276043,0.378587,0.122756,2.400537,2.560929,2.400537,46.943524,50.080056,2.560929,50.080056,53.426156,-0.000000,0.000000,100.492435,0.002027,0.111719,0.078149,0.001881,0.109766,0.076593,0.000146,0.001954,0.001556,-0.018490,-0.159663,-0.059768,0.171483,1.333999,11.519367,4.312164,11.519367,99.472167,37.236444,4.312164,37.236444,13.939103,-0.000000,0.000000,114.745269,-0.018490,-0.159663,-0.059768,0.171483,1.351806,11.673135,4.369725,11.673135,100.799989,37.733501,4.369725,37.733501,14.125171,-0.000000,0.000000,116.276966,0.017633,0.107173,0.060421,0.016455,0.103733,0.056595,0.001178,0.003440,0.003826,-0.055239,-0.411785,-0.084763,0.424032,1.855847,13.834545,2.847745,13.834545,103.130614,21.228722,2.847745,21.228722,4.369785,-0.000000,0.000000,109.356246,-0.055239,-0.411785,-0.084763,0.424032,1.976079,14.730824,3.032238,14.730824,109.811986,22.604036,3.032238,22.604036,4.652884,-0.000000,0.000000,116.440949,0.041499,0.094625,0.077593,0.040951,0.094094,0.076850,0.000548,0.000531,0.000743,-0.018976,-0.047075,-0.047422,0.069463,6.582505,16.330063,16.450436,16.330063,40.512074,40.810699,16.450436,40.810699,41.111525,-0.000000,-0.000000,88.206104,-0.018976,-0.047075,-0.047422,0.069463,6.611898,16.402981,16.523891,16.402981,40.692971,40.992929,16.523891,40.992929,41.295099,0.000000,0.000000,88.599968
2.2849,post_ramp,0.037,100.0000,4.204641,-1.403592,-1.492563,-0.176408,-0.081301,1.144350,-1.796292,0.941864,-2.489651,1.297748,-2.310175,0.800738,-1.777884,0.023978,-0.772322,0.023981,0.023981,0.062246,0.023981,0.023981,0.023981,0.023981,-0.096536,0.111842,0.023981,0.023981,1.561902,-0.794786,1.233523,0.152866,0.002710,0.000000,-0.002710,-0.004065,0.695765,0.823987,0.823987,0.572653,1.104548,1.104548,0.789031,1.059713,1.059713,0.486849,0.919278,0.919278,-0.005922,0.084798,-0.011670,0.003613,0.061050,-0.009209,-0.009536,0.023749,-0.002461,0.083809,-0.505184,0.591952,0.782714,1.470194,-8.862077,10.384188,-8.862077,53.419093,-62.594119,10.384188,-62.594119,73.345006,-0.000000,0.000000,128.234292,0.083809,-0.505184,0.591952,0.782714,1.147386,-6.916245,8.104149,-6.916245,41.689948,-48.850428,8.104149,-48.850428,57.240760,0.000000,0.000000,100.078094,-0.017707,0.118659,0.082628,-0.017082,0.116515,0.078226,-0.000626,0.002144,0.004403,-0.013215,-0.258765,-0.276050,0.378600,0.119760,2.345049,2.501701,2.345049,45.918796,48.986231,2.501701,48.986231,52.258575,-0.000000,0.000000,98.297131,-0.013215,-0.258765,-0.276050,0.378600,0.122435,2.397424,2.557575,2.397424,46.944364,50.080307,2.557575,50.080307,53.425737,-0.000000,0.000000,100.492535,0.002027,0.111719,0.078149,0.001881,0.109766,0.076593,0.000146,0.001954,0.001556,-0.018490,-0.159663,-0.059768,0.171483,1.333999,11.519367,4.312164,11.519367,99.472167,37.236444,4.312164,37.236444,13.939103,-0.000000,0.000000,114.745269,-0.018490,-0.159663,-0.059768,0.171483,1.351806,11.673135,4.369725,11.673135,100.799989,37.733501,4.369725,37.733501,14.125171,-0.000000,0.000000,116.276966,0.017690,0.107258,0.060617,0.016455,0.103733,0.056595,0.001235,0.003525,0.004022,-0.058039,-0.428787,-0.090098,0.441977,1.885874,13.932772,2.927586,13.932772,102.934855,21.628906,2.927586,21.628906,4.544715,-0.000000,0.000000,109.365444,-0.058039,-0.428787,-0.090098,0.441977,2.014517,14.883183,3.127288,14.883183,109.956456,23.104300,3.127288,23.104300,4.854728,-0.000000,0.000000,116.825700,0.041502,0.094625,0.077592,0.040951,0.094094,0.076850,0.000551,0.000531,0.000742,-0.018994,-0.047110,-0.047455,0.069513,6.585495,16.333918,16.453427,16.333918,40.512802,40.809220,16.453427,40.809220,41.107807,-0.000000,0.000000,88.206104,-0.018994,-0.047110,-0.047455,0.069513,6.614945,16.406962,16.527006,16.406962,40.693972,40.991715,16.527006,40.991715,41.291637,-0.000000,0.000000,88.600555
2.3031,post_ramp,0.037,100.0000,4.204641,-1.406660,-1.492563,-0.176408,-0.079767,1.144350,-1.796292,0.941864,-2.489651,1.294680,-2.308641,0.800738,-1.777884,0.023980,-0.623575,0.023981,0.023981,0.095942,0.023981,0.023981,0.023981,0.023981,-0.163667,0.104383,0.023981,0.023981,1.561902,-0.796523,1.233523,0.152866,0.002659,0.000000,-0.002659,-0.003988,0.695765,0.823987,0.823987,0.572653,1.104548,1.104548,0.787165,1.059010,1.059010,0.486849,0.919278,0.919278,-0.005905,0.084749,-0.011755,0.003613,0.061050,-0.009209,-0.009518,0.023699,-0.002546,0.084011,-0.506618,0.595666,0.786471,1.462983,-8.822296,10.372981,-8.822296,53.201515,-62.552689,10.372981,-62.552689,73.547508,-0.000000,0.000000,128.212006,0.084011,-0.506618,0.595666,0.786471,1.143022,-6.892822,8.104366,-6.892822,41.566116,-48.872148,8.104366,-48.872148,57.462353,-0.000000,-0.000000,100.171491,-0.017709,0.118659,0.082628,-0.017082,0.116515,0.078226,-0.000627,0.002144,0.004402,-0.013198,-0.258775,-0.276058,0.378612,0.119447,2.342001,2.498418,2.342001,45.919572,48.986428,2.498418,48.986428,52.258112,0.000000,0.000000,98.297131,-0.013198,-0.258775,-0.276058,0.378612,0.122115,2.394311,2.554221,2.394311,46.945204,50.080559,2.554221,50.080559,53.425317,-0.000000,0.000000,100.492635,0.002027,0.111719,0.078149,0.001881,0.109766,0.076593,0.000146,0.001954,0.001556,-0.018490,-0.159663,-0.059768,0.171483,1.333999,11.519367,4.312164,11.519367,99.472167,37.236444,4.312164,37.236444,13.939103,-0.000000,0.000000,114.745269,-0.018490,-0.159663,-0.059768,0.171483,1.351806,11.673135,4.369725,11.673135,100.799989,37.733501,4.369725,37.733501,14.125171,-0.000000,0.000000,116.276966,0.017730,0.107327,0.060755,0.016455,0.103733,0.056595,0.001275,0.003593,0.004160,-0.060115,-0.441036,-0.094142,0.454961,1.909584,14.009636,2.990443,14.009636,102.781506,21.939347,2.990443,21.939347,4.683089,-0.000000,0.000000,109.374179,-0.060115,-0.441036,-0.094142,0.454961,2.044201,14.997257,3.201257,14.997257,110.027175,23.485980,3.201257,23.485980,5.013227,-0.000000,0.000000,117.084604,0.041504,0.094626,0.077591,0.040951,0.094094,0.076850,0.000554,0.000532,0.000742,-0.019012,-0.047145,-0.047487,0.069564,6.588486,16.337773,16.456418,16.337773,40.513530,40.807741,16.456418,40.807741,41.104088,-0.000000,0.000000,88.206104,-0.019012,-0.047145,-0.047487,0.069564,6.617992,16.410942,16.530119,16.410942,40.694971,40.990500,16.530119,40.990500,41.288174,-0.000000,0.000000,88.601138
2.3213,post_ramp,0.037,100.0000,4.204641,-1.405126,-1.492563,-0.176408,-0.079767,1.144350,-1.796292,0.941864,-2.489651,1.294680,-2.307107,0.800738,-1.777884,0.023980,-0.416824,0.023981,0.023981,0.091968,0.023981,0.023981,0.023981,0.023981,-0.156587,0.108666,0.023981,0.023981,1.561902,-0.795655,1.233523,0.152866,0.002659,0.000000,-0.002659,-0.003988,0.695765,0.823987,0.823987,0.572653,1.104548,1.104548,0.787165,1.058306,1.058306,0.486849,0.919278,0.919278,-0.005914,0.084774,-0.011713,0.003613,0.061050,-0.009209,-0.009527,0.023724,-0.002504,0.083910,-0.505902,0.593807,0.784592,1.466585,-8.842175,10.378593,-8.842175,53.310283,-62.573492,10.378593,-62.573492,73.446278,-0.000000,0.000000,128.223146,0.083910,-0.505902,0.593807,0.784592,1.145203,-6.904531,8.104265,-6.904531,41.628055,-48.861356,8.104265,-48.861356,57.351518,-0.000000,0.000000,100.124775,-0.017709,0.118659,0.082628,-0.017082,0.116515,0.078226,-0.000627,0.002144,0.004402,-0.013198,-0.258775,-0.276058,0.378612,0.119447,2.342001,2.498418,2.342001,45.919572,48.986428,2.498418,48.986428,52.258112,-0.000000,0.000000,98.297131,-0.013198,-0.258775,-0.276058,0.378612,0.122115,2.394311,2.554221,2.394311,46.945204,50.080559,2.554221,50.080559,53.425317,-0.000000,0.000000,100.492635,0.002027,0.111719,0.078149,0.001881,0.109766,0.076593,0.000146,0.001954,0.001556,-0.018490,-0.159663,-0.059768,0.171483,1.333999,11.519367,4.312164,11.519367,99.472167,37.236444,4.312164,37.236444,13.939103,-0.000000,0.000000,114.745269,-0.018490,-0.159663,-0.059768,0.171483,1.351806,11.673135,4.369725,11.673135,100.799989,37.733501,4.369725,37.733501,14.125171,-0.000000,0.000000,116.276966,0.017737,0.107362,0.060777,0.016455,0.103733,0.056595,0.001282,0.003629,0.004182,-0.060669,-0.443808,-0.095372,0.457976,1.919561,14.041938,3.017546,14.041938,102.719319,22.073896,3.017546,22.073896,4.743576,-0.000000,0.000000,109.382456,-0.060669,-0.443808,-0.095372,0.457976,2.054924,15.032142,3.230336,15.032142,109.962846,23.630496,3.230336,23.630496,5.078082,-0.000000,0.000000,117.095852,0.041504,0.094626,0.077591,0.040951,0.094094,0.076850,0.000554,0.000532,0.000742,-0.019012,-0.047145,-0.047487,0.069564,6.588486,16.337773,16.456418,16.337773,40.513530,40.807741,16.456418,40.807741,41.104088,-0.000000,-0.000000,88.206104,-0.019012,-0.047145,-0.047487,0.069564,6.617993,16.410942,16.530119,16.410942,40.694972,40.990500,16.530119,40.990500,41.288175,-0.000000,-0.000000,88.601140
2.3394,post_ramp,0.037,100.0000,4.204641,-1.400524,-1.492563,-0.176408,-0.082835,1.144350,-1.796292,0.941864,-2.489651,1.294680,-2.305573,0.800738,-1.777884,0.023980,-0.189846,0.023981,0.023981,0.039647,0.023981,0.023981,0.023981,0.023981,-0.092360,0.113932,0.023981,0.023981,1.561902,-0.793049,1.233523,0.152866,0.002761,0.000000,-0.002761,-0.004142,0.695765,0.823987,0.823987,0.572653,1.104548,1.104548,0.787165,1.057602,1.057602,0.486849,0.919278,0.919278,-0.005940,0.084848,-0.011585,0.003613,0.061050,-0.009209,-0.009553,0.023798,-0.002376,0.083605,-0.503743,0.588250,0.778964,1.477432,-8.901954,10.395328,-8.901954,53.636834,-62.634843,10.395328,-62.634843,73.142340,-0.000000,-0.000000,128.256606,0.083605,-0.503743,0.588250,0.778964,1.151760,-6.939685,8.103873,-6.939685,41.813596,-48.828162,8.103873,-48.828162,57.019478,-0.000000,0.000000,99.984834,-0.017706,0.118659,0.082629,-0.017082,0.116515,0.078226,-0.000624,0.002144,0.004403,-0.013232,-0.258754,-0.276043,0.378587,0.120074,2.348097,2.504985,2.348097,45.918021,48.986034,2.504985,48.986034,52.259037,0.000000,0.000000,98.297131,-0.013232,-0.258754,-0.276043,0.378587,0.122756,2.400537,2.560929,2.400537,46.943523,50.080056,2.560929,50.080056,53.426156,-0.000000,0.000000,100.492435,0.002027,0.111719,0.078149,0.001881,0.109766,0.076593,0.000146,0.001954,0.001556,-0.018490,-0.159663,-0.059768,0.171483,1.333999,11.519367,4.312164,11.519367,99.472167,37.236444,4.312164,37.236444,13.939103,-0.000000,0.000000,114.745269,-0.018490,-0.159663,-0.059768,0.171483,1.351806,11.673135,4.369725,11.673135,100.799989,37.733501,4.369725,37.733501,14.125171,-0.000000,0.000000,116.276966,0.017743,0.107397,0.060799,0.016455,0.103733,0.056595,0.001288,0.003664,0.004203,-0.061195,-0.446540,-0.096610,0.460951,1.927976,14.068415,3.043749,14.068415,102.657045,22.210198,3.043749,22.210198,4.805251,-0.000000,0.000000,109.390272,-0.061195,-0.446540,-0.096610,0.460951,2.063954,15.060650,3.258422,15.060650,109.897367,23.776667,3.258422,23.776667,5.144162,-0.000000,0.000000,117.105484,0.041499,0.094625,0.077593,0.040951,0.094094,0.076850,0.000548,0.000531,0.000743,-0.018976,-0.047077,-0.047424,0.069465,6.582505,16.330063,16.450436,16.330063,40.512074,40.810699,16.450436,40.810699,41.111525,-0.000000,0.000000,88.206104,-0.018976,-0.047077,-0.047424,0.069465,6.611900,16.402985,16.523896,16.402985,40.692981,40.992940,16.523896,40.992940,41.295110,-0.000000,0.000000,88.599991
2.3577,post_ramp,0.037,100.0000,4.204641,-1.394389,-1.492563,-0.176408,-0.082835,1.144350,-1.796292,0.941864,-2.489651,1.293146,-2.302505,0.800738,-1.777884,0.023981,-0.000379,0.023981,0.023981,-0.008825,0.023981,0.023981,0.023981,0.023981,-0.049084,0.119128,0.023981,0.023981,1.561902,-0.789574,1.233523,0.152866,0.002761,0.000000,-0.002761,-0.004142,0.695765,0.823987,0.823987,0.572653,1.104548,1.104548,0.786233,1.056195,1.056195,0.486849,0.919278,0.919278,-0.005975,0.084946,-0.011414,0.003613,0.061050,-0.009209,-0.009588,0.023896,-0.002205,0.083195,-0.500843,0.580882,0.771485,1.491993,-8.981994,10.417407,-8.981994,54.072795,-62.714170,10.417407,-62.714170,72.736523,-0.000000,-0.000000,128.301311,0.083195,-0.500843,0.580882,0.771485,1.160541,-6.986612,8.103143,-6.986612,42.060333,-48.781996,8.103143,-48.781996,56.577848,-0.000000,0.000000,99.798722,-0.017706,0.118659,0.082629,-0.017082,0.116515,0.078226,-0.000624,0.002144,0.004403,-0.013232,-0.258754,-0.276043,0.378587,0.120074,2.348097,2.504985,2.348097,45.918021,48.986034,2.504985,48.986034,52.259037,-0.000000,0.000000,98.297131,-0.013232,-0.258754,-0.276043,0.378587,0.122756,2.400537,2.560929,2.400537,46.943523,50.080056,2.560929,50.080056,53.426156,-0.000000,-0.000000,100.492435,0.002027,0.111719,0.078149,0.001881,0.109766,0.076593,0.000146,0.001954,0.001556,-0.018490,-0.159663,-0.059768,0.171483,1.333999,11.519367,4.312164,11.519367,99.472167,37.236444,4.312164,37.236444,13.939103,-0.000000,0.000000,114.745269,-0.018490,-0.159663,-0.059768,0.171483,1.351806,11.673135,4.369725,11.673135,100.799989,37.733501,4.369725,37.733501,14.125171,-0.000000,0.000000,116.276966,0.017773,0.107484,0.060901,0.016455,0.103733,0.056595,0.001318,0.003751,0.004306,-0.063083,-0.456782,-0.100580,0.471960,1.954543,14.152879,3.116361,14.152879,102.481205,22.565613,3.116361,22.565613,4.968783,0.000000,0.000000,109.404532,-0.063083,-0.456782,-0.100580,0.471960,2.094642,15.167335,3.339737,15.167335,109.826902,24.183082,3.339737,24.183082,5.324938,-0.000000,0.000000,117.246482,0.041499,0.094625,0.077593,0.040951,0.094094,0.076850,0.000548,0.000531,0.000743,-0.018976,-0.047077,-0.047424,0.069465,6.582505,16.330063,16.450436,16.330063,40.512074,40.810699,16.450436,40.810699,41.111525,-0.000000,0.000000,88.206104,-0.018976,-0.047077,-0.047424,0.069465,6.611900,16.402986,16.523897,16.402986,40.692985,40.992943,16.523897,40.992943,41.295113,-0.000000,0.000000,88.599997
2.3758,post_ramp,0.037,100.0000,4.204641,-1.386719,-1.492563,-0.176408,-0.084369,1.144350,-1.796292,0.941864,-2.489651,1.293146,-2.300971,0.800738,-1.777884,0.023981,0.146023,0.023981,0.023981,-0.034585,0.023981,0.023981,0.023981,0.023981,-0.035906,0.119492,0.023981,0.023981,1.561902,-0.785231,1.233523,0.152866,0.002812,0.000000,-0.002812,-0.004218,0.695765,0.823987,0.823987,0.572653,1.104548,1.104548,0.786233,1.055491,1.055491,0.486849,0.919278,0.919278,-0.006019,0.085068,-0.011201,0.003613,0.061050,-0.009209,-0.009632,0.024018,-0.001992,0.082677,-0.497181,0.571740,0.762175,1.510350,-9.082578,10.444621,-9.082578,54.618619,-62.809343,10.444621,-62.809343,72.228366,-0.000000,0.000000,128.357335,0.082677,-0.497181,0.571740,0.762175,1.171579,-7.045360,8.101897,-7.045360,42.367686,-48.721235,8.101897,-48.721235,56.027575,-0.000000,0.000000,99.566841,-0.017704,0.118659,0.082629,-0.017082,0.116515,0.078226,-0.000622,0.002143,0.004403,-0.013249,-0.258743,-0.276035,0.378575,0.120388,2.351144,2.508268,2.351144,45.917245,48.985837,2.508268,48.985837,52.259499,-0.000000,0.000000,98.297131,-0.013249,-0.258743,-0.276035,0.378575,0.123076,2.403651,2.564284,2.403651,46.942683,50.079804,2.564284,50.079804,53.426575,-0.000000,0.000000,100.492334,0.002027,0.111719,0.078149,0.001881,0.109766,0.076593,0.000146,0.001954,0.001556,-0.018490,-0.159663,-0.059768,0.171483,1.333999,11.519367,4.312164,11.519367,99.472167,37.236444,4.312164,37.236444,13.939103,-0.000000,0.000000,114.745269,-0.018490,-0.159663,-0.059768,0.171483,1.351806,11.673135,4.369725,11.673135,100.799989,37.733501,4.369725,37.733501,14.125171,-0.000000,0.000000,116.276966,0.017779,0.107520,0.060923,0.016455,0.103733,0.056595,0.001324,0.003787,0.004327,-0.063631,-0.459519,-0.101850,0.474952,1.963777,14.181745,3.143319,14.181745,102.415850,22.700008,3.143319,22.700008,5.031354,-0.000000,0.000000,109.410980,-0.063631,-0.459519,-0.101850,0.474952,2.104554,15.198391,3.368654,15.198391,109.757734,24.327303,3.368654,24.327303,5.392036,-0.000000,0.000000,117.254324,0.041496,0.094625,0.077593,0.040951,0.094094,0.076850,0.000546,0.000531,0.000744,-0.018959,-0.047043,-0.047393,0.069416,6.579516,16.326208,16.447444,16.326208,40.511345,40.812177,16.447444,40.812177,41.115243,-0.000000,-0.000000,88.206104,-0.018959,-0.047043,-0.047393,0.069416,6.608855,16.399008,16.520785,16.399008,40.691989,40.994163,16.520785,40.994163,41.298580,-0.000000,0.000000,88.599424
2.3940,post_ramp,0.037,100.0000,4.204641,-1.375981,-1.492563,-0.176408,-0.084369,1.144350,-1.796292,0.941864,-2.489651,1.293146,-2.299437,0.800738,-1.777884,0.023981,0.264275,0.023981,0.023981,-0.046702,0.023981,0.023981,0.023981,0.023981,-0.030318,0.119685,0.023981,0.023981,1.561902,-0.779151,1.233523,0.152866,0.002812,0.000000,-0.002812,-0.004218,0.695765,0.823987,0.823987,0.572653,1.104548,1.104548,0.786233,1.054788,1.054788,0.486849,0.919278,0.919278,-0.006080,0.085237,-0.010901,0.003613,0.061050,-0.009209,-0.009693,0.024187,-0.001692,0.081942,-0.491991,0.559066,0.749216,1.536344,-9.224390,10.481993,-9.224390,55.384325,-62.935120,10.481993,-62.935120,71.515348,-0.000000,0.000000,128.436017,0.081942,-0.491991,0.559066,0.749216,1.187146,-7.127765,8.099525,-7.127765,42.795939,-48.630503,8.099525,-48.630503,55.260518,-0.000000,-0.000000,99.243603,-0.017704,0.118659,0.082629,-0.017082,0.116515,0.078226,-0.000622,0.002143,0.004403,-0.013249,-0.258743,-0.276035,0.378575,0.120388,2.351144,2.508268,2.351144,45.917245,48.985837,2.508268,48.985837,52.259499,-0.000000,0.000000,98.297131,-0.013249,-0.258743,-0.276035,0.378575,0.123076,2.403651,2.564284,2.403651,46.942683,50.079804,2.564284,50.079804,53.426575,0.000000,0.000000,100.492334,0.002027,0.111719,0.078149,0.001881,0.109766,0.076593,0.000146,0.001954,0.001556,-0.018490,-0.159663,-0.059768,0.171483,1.333999,11.519367,4.312164,11.519367,99.472167,37.236444,4.312164,37.236444,13.939103,-0.000000,0.000000,114.745269,-0.018490,-0.159663,-0.059768,0.171483,1.351806,11.673135,4.369725,11.673135,100.799989,37.733501,4.369725,37.733501,14.125171,-0.000000,0.000000,116.276966,0.017787,0.107555,0.060945,0.016455,0.103733,0.056595,0.001332,0.003822,0.004349,-0.064196,-0.462269,-0.103128,0.477963,1.973820,14.213345,3.170857,14.213345,102.349311,22.833124,3.170857,22.833124,5.093845,-0.000000,0.000000,109.416976,-0.064196,-0.462269,-0.103128,0.477963,2.115340,15.232415,3.398202,15.232415,109.687564,24.470216,3.398202,24.470216,5.459064,-0.000000,0.000000,117.261968,0.041496,0.094625,0.077593,0.040951,0.094094,0.076850,0.000546,0.000531,0.000744,-0.018959,-0.047043,-0.047393,0.069416,6.579516,16.326208,16.447444,16.326208,40.511345,40.812177,16.447444,40.812177,41.115243,-0.000000,0.000000,88.206104,-0.018959,-0.047043,-0.047393,0.069416,6.608855,16.399008,16.520785,16.399008,40.691990,40.994163,16.520785,40.994163,41.298581,-0.000000,0.000000,88.599426
2.4123,post_ramp,0.037,100.0000,4.204641,-1.360641,-1.492563,-0.176408,-0.085903,1.144350,-1.796292,0.941864,-2.489651,1.293146,-2.297903,0.800738,-1.777884,0.023981,0.445516,0.023981,0.023981,-0.023612,0.023981,0.023981,0.023981,0.023981,-0.014501,0.119799,0.023981,0.023981,1.561902,-0.770465,1.233523,0.152866,0.002863,0.000000,-0.002863,-0.004295,0.695765,0.823987,0.823987,0.572653,1.104548,1.104548,0.786233,1.054084,1.054084,0.486849,0.919278,0.919278,-0.006168,0.085476,-0.010470,0.003613,0.061050,-0.009209,-0.009781,0.024426,-0.001261,0.080874,-0.484446,0.541214,0.730850,1.574077,-9.428979,10.533873,-9.428979,56.481130,-63.099623,10.533873,-63.099623,70.493676,-0.000000,-0.000000,128.548883,0.080874,-0.484446,0.541214,0.730850,1.209614,-7.245788,8.094854,-7.245788,43.403459,-48.489503,8.094854,-48.489503,54.171532,-0.000000,0.000000,98.784605,-0.017702,0.118659,0.082629,-0.017082,0.116515,0.078226,-0.000620,0.002143,0.004403,-0.013266,-0.258733,-0.276027,0.378562,0.120702,2.354192,2.511552,2.354192,45.916469,48.985639,2.511552,48.985639,52.259961,-0.000000,0.000000,98.297131,-0.013266,-0.258733,-0.276027,0.378562,0.123398,2.406764,2.567638,2.406764,46.941843,50.079552,2.567638,50.079552,53.426993,-0.000000,0.000000,100.492234,0.002027,0.111719,0.078149,0.001881,0.109766,0.076593,0.000146,0.001954,0.001556,-0.018490,-0.159663,-0.059768,0.171483,1.333999,11.519367,4.312164,11.519367,99.472167,37.236444,4.312164,37.236444,13.939103,-0.000000,0.000000,114.745269,-0.018490,-0.159663,-0.059768,0.171483,1.351806,11.673135,4.369725,11.673135,100.799989,37.733501,4.369725,37.733501,14.125171,-0.000000,0.000000,116.276966,0.017793,0.107590,0.060967,0.016455,0.103733,0.056595,0.001338,0.003857,0.004372,-0.064747,-0.464997,-0.104413,0.480953,1.983068,14.241938,3.197955,14.241938,102.282334,22.966982,3.197955,22.966982,5.157120,0.000000,0.000000,109.422522,-0.064747,-0.464997,-0.104413,0.480953,2.125260,15.263132,3.427259,15.263132,109.616319,24.613792,3.427259,24.613792,5.526903,-0.000000,0.000000,117.268482,0.041494,0.094624,0.077594,0.040951,0.094094,0.076850,0.000543,0.000530,0.000744,-0.018941,-0.047009,-0.047361,0.069367,6.576528,16.322352,16.444451,16.322352,40.510617,40.813655,16.444451,40.813655,41.118960,-0.000000,0.000000,88.206104,-0.018941,-0.047009,-0.047361,0.069367,6.605810,16.395030,16.517672,16.395030,40.690995,40.995383,16.517672,40.995383,41.302047,-0.000000,0.000000,88.598853
2.4304,post_ramp,0.037,100.0000,4.204641,-1.349903,-1.492563,-0.176408,-0.085903,1.144350,-1.796292,0.941864,-2.489651,1.293146,-2.296369,0.800738,-1.777884,0.023981,0.576724,0.023981,0.023981,-0.019047,0.023981,0.023981,0.023981,0.023981,-0.007706,0.110028,0.023981,0.023981,1.561902,-0.764385,1.233523,0.152866,0.002863,0.000000,-0.002863,-0.004295,0.695765,0.823987,0.823987,0.572653,1.104548,1.104548,0.786233,1.053380,1.053380,0.486849,0.919278,0.919278,-0.006229,0.085640,-0.010168,0.003613,0.061050,-0.009209,-0.009843,0.024590,-0.000959,0.080112,-0.479076,0.528894,0.718095,1.600912,-9.573582,10.569106,-9.573582,57.250792,-63.204103,10.569106,-63.204103,69.776477,0.000000,0.000000,128.628181,0.080112,-0.479076,0.528894,0.718095,1.225502,-7.328602,8.090678,-7.328602,43.825629,-48.382903,8.090678,-48.382903,53.414072,-0.000000,0.000000,98.465203,-0.017702,0.118659,0.082629,-0.017082,0.116515,0.078226,-0.000620,0.002143,0.004403,-0.013266,-0.258733,-0.276027,0.378562,0.120702,2.354192,2.511552,2.354192,45.916469,48.985639,2.511552,48.985639,52.259961,-0.000000,0.000000,98.297131,-0.013266,-0.258733,-0.276027,0.378562,0.123398,2.406764,2.567638,2.406764,46.941843,50.079552,2.567638,50.079552,53.426993,-0.000000,0.000000,100.492234,0.002027,0.111719,0.078149,0.001881,0.109766,0.076593,0.000146,0.001954,0.001556,-0.018490,-0.159663,-0.059768,0.171483,1.333999,11.519367,4.312164,11.519367,99.472167,37.236444,4.312164,37.236444,13.939103,-0.000000,0.000000,114.745269,-0.018490,-0.159663,-0.059768,0.171483,1.351806,11.673135,4.369725,11.673135,100.799989,37.733501,4.369725,37.733501,14.125171,-0.000000,0.000000,116.276966,0.017800,0.107626,0.060989,0.016455,0.103733,0.056595,0.001345,0.003893,0.004394,-0.065315,-0.467738,-0.105705,0.483961,1.993132,14.273274,3.225641,14.273274,102.214181,23.099554,3.225641,23.099554,5.220307,-0.000000,0.000000,109.427620,-0.065315,-0.467738,-0.105705,0.483961,2.136062,15.296827,3.456956,15.296827,109.544079,24.756050,3.456956,24.756050,5.594661,0.000000,0.000000,117.274802,0.041494,0.094624,0.077594,0.040951,0.094094,0.076850,0.000543,0.000530,0.000744,-0.018941,-0.047010,-0.047361,0.069367,6.576528,16.322352,16.444451,16.322352,40.510617,40.813655,16.444451,40.813655,41.118960,-0.000000,-0.000000,88.206104,-0.018941,-0.047010,-0.047361,0.069367,6.605810,16.395030,16.517672,16.395030,40.690996,40.995384,16.517672,40.995384,41.302048,-0.000000,0.000000,88.598854
2.4485,post_ramp,0.037,100.0000,4.204641,-1.343767,-1.492563,-0.176408,-0.085903,1.144350,-1.796292,0.941864,-2.489651,1.296214,-2.294835,0.800738,-1.777884,0.023981,0.585962,0.023981,0.023981,-0.016802,0.023981,0.023981,0.023981,0.023981,0.013048,0.103419,0.023981,0.023981,1.561902,-0.760910,1.233523,0.152866,0.002863,0.000000,-0.002863,-0.004295,0.695765,0.823987,0.823987,0.572653,1.104548,1.104548,0.788098,1.052677,1.052677,0.486849,0.919278,0.919278,-0.006264,0.085734,-0.009994,0.003613,0.061050,-0.009209,-0.009878,0.024684,-0.000785,0.079672,-0.475976,0.521919,0.710844,1.616403,-9.656724,10.588830,-9.656724,57.691250,-63.259843,10.588830,-63.259843,69.365939,-0.000000,-0.000000,128.673592,0.079672,-0.475976,0.521919,0.710844,1.234640,-7.375992,8.087953,-7.375992,44.065691,-48.319090,8.087953,-48.319090,52.983045,-0.000000,0.000000,98.283376,-0.017702,0.118659,0.082629,-0.017082,0.116515,0.078226,-0.000620,0.002143,0.004403,-0.013266,-0.258733,-0.276027,0.378562,0.120702,2.354192,2.511552,2.354192,45.916469,48.985639,2.511552,48.985639,52.259961,-0.000000,0.000000,98.297131,-0.013266,-0.258733,-0.276027,0.378562,0.123398,2.406764,2.567638,2.406764,46.941843,50.079552,2.567638,50.079552,53.426993,-0.000000,0.000000,100.492234,0.002027,0.111719,0.078149,0.001881,0.109766,0.076593,0.000146,0.001954,0.001556,-0.018490,-0.159663,-0.059768,0.171483,1.333999,11.519367,4.312164,11.519367,99.472167,37.236444,4.312164,37.236444,13.939103,-0.000000,0.000000,114.745269,-0.018490,-0.159663,-0.059768,0.171483,1.351806,11.673135,4.369725,11.673135,100.799989,37.733501,4.369725,37.733501,14.125171,-0.000000,0.000000,116.276966,0.017775,0.107629,0.060894,0.016455,0.103733,0.056595,0.001320,0.003896,0.004299,-0.064321,-0.461049,-0.103976,0.476985,1.989969,14.263907,3.216807,14.263907,102.242302,23.057760,3.216807,23.057760,5.200003,-0.000000,0.000000,109.432275,-0.064321,-0.461049,-0.103976,0.476985,2.128296,15.255420,3.440414,15.255420,109.349375,24.660553,3.440414,24.660553,5.561466,0.000000,0.000000,117.039137,0.041494,0.094624,0.077594,0.040951,0.094094,0.076850,0.000543,0.000530,0.000744,-0.018941,-0.047009,-0.047361,0.069366,6.576528,16.322352,16.444451,16.322352,40.510617,40.813655,16.444451,40.813655,41.118960,-0.000000,0.000000,88.206104,-0.018941,-0.047009,-0.047361,0.069366,6.605810,16.395029,16.517672,16.395029,40.690994,40.995381,16.517672,40.995381,41.302046,-0.000000,0.000000,88.598850
2.4667,post_ramp,0.037,100.0000,4.204641,-1.343767,-1.492563,-0.176408,-0.085903,1.144350,-1.796292,0.941864,-2.489651,1.303884,-2.293301,0.800738,-1.777884,0.023981,0.473091,0.023981,0.023981,-0.008930,0.023981,0.023981,0.023981,0.023981,0.101592,0.098334,0.023981,0.023981,1.561902,-0.760910,1.233523,0.152866,0.002863,0.000000,-0.002863,-0.004295,0.695765,0.823987,0.823987,0.572653,1.104548,1.104548,0.792761,1.051973,1.051973,0.486849,0.919278,0.919278,-0.006264,0.085734,-0.009994,0.003613,0.061050,-0.009209,-0.009878,0.024684,-0.000785,0.079672,-0.475976,0.521919,0.710844,1.616403,-9.656724,10.588830,-9.656724,57.691250,-63.259843,10.588830,-63.259843,69.365939,-0.000000,-0.000000,128.673592,0.079672,-0.475976,0.521919,0.710844,1.234640,-7.375992,8.087953,-7.375992,44.065691,-48.319090,8.087953,-48.319090,52.983045,-0.000000,0.000000,98.283376,-0.017702,0.118659,0.082629,-0.017082,0.116515,0.078226,-0.000620,0.002143,0.004403,-0.013266,-0.258733,-0.276027,0.378562,0.120702,2.354192,2.511552,2.354192,45.916469,48.985639,2.511552,48.985639,52.259961,-0.000000,0.000000,98.297131,-0.013266,-0.258733,-0.276027,0.378562,0.123398,2.406764,2.567638,2.406764,46.941843,50.079552,2.567638,50.079552,53.426994,-0.000000,0.000000,100.492234,0.002027,0.111719,0.078149,0.001881,0.109766,0.076593,0.000146,0.001954,0.001556,-0.018490,-0.159663,-0.059768,0.171483,1.333999,11.519367,4.312164,11.519367,99.472167,37.236444,4.312164,37.236444,13.939103,-0.000000,0.000000,114.745269,-0.018490,-0.159663,-0.059768,0.171483,1.351806,11.673135,4.369725,11.673135,100.799989,37.733501,4.369725,37.733501,14.125171,-0.000000,0.000000,116.276966,0.017702,0.107583,0.060624,0.016455,0.103733,0.056595,0.001247,0.003850,0.004029,-0.061004,-0.440187,-0.097799,0.455029,1.967017,14.193318,3.153413,14.193318,102.414096,22.753944,3.153413,22.753944,5.055378,-0.000000,-0.000000,109.436491,-0.061004,-0.440187,-0.097799,0.455029,2.092917,15.101766,3.355249,15.101766,108.969149,24.210319,3.355249,24.210319,5.378949,-0.000000,0.000000,116.441015,0.041494,0.094624,0.077594,0.040951,0.094094,0.076850,0.000543,0.000530,0.000744,-0.018940,-0.047008,-0.047360,0.069365,6.576528,16.322352,16.444451,16.322352,40.510617,40.813655,16.444451,40.813655,41.118960,-0.000000,0.000000,88.206104,-0.018940,-0.047008,-0.047360,0.069365,6.605809,16.395026,16.517669,16.395026,40.690987,40.995375,16.517669,40.995375,41.302039,-0.000000,0.000000,88.598836
2.4849,post_ramp,0.037,100.0000,4.204641,-1.345301,-1.492563,-0.176408,-0.085903,1.144350,-1.796292,0.941864,-2.489651,1.314622,-2.291767,0.800738,-1.777884,0.023981,0.295414,0.023981,0.023981,-0.004746,0.023981,0.023981,0.023981,0.023981,0.251068,0.089782,0.023981,0.023981,1.561902,-0.761779,1.233523,0.152866,0.002863,0.000000,-0.002863,-0.004295,0.695765,0.823987,0.823987,0.572653,1.104548,1.104548,0.799290,1.051269,1.051269,0.486849,0.919278,0.919278,-0.006256,0.085710,-0.010038,0.003613,0.061050,-0.009209,-0.009869,0.024660,-0.000829,0.079782,-0.476753,0.523658,0.712655,1.612520,-9.635904,10.583927,-9.635904,57.581093,-63.246179,10.583927,-63.246179,69.468621,-0.000000,0.000000,128.662233,0.079782,-0.476753,0.523658,0.712655,1.232351,-7.364140,8.088657,-7.364140,44.005757,-48.335240,8.088657,-48.335240,53.090678,-0.000000,0.000000,98.328786,-0.017702,0.118659,0.082629,-0.017082,0.116515,0.078226,-0.000620,0.002143,0.004403,-0.013266,-0.258733,-0.276027,0.378563,0.120702,2.354192,2.511552,2.354192,45.916469,48.985639,2.511552,48.985639,52.259961,0.000000,0.000000,98.297131,-0.013266,-0.258733,-0.276027,0.378563,0.123398,2.406764,2.567638,2.406764,46.941843,50.079552,2.567638,50.079552,53.426994,-0.000000,0.000000,100.492235,0.002027,0.111719,0.078149,0.001881,0.109766,0.076593,0.000146,0.001954,0.001556,-0.018490,-0.159663,-0.059768,0.171483,1.333999,11.519367,4.312164,11.519367,99.472167,37.236444,4.312164,37.236444,13.939103,-0.000000,0.000000,114.745269,-0.018490,-0.159663,-0.059768,0.171483,1.351806,11.673135,4.369725,11.673135,100.799989,37.733501,4.369725,37.733501,14.125171,-0.000000,0.000000,116.276966,0.017596,0.107502,0.060237,0.016455,0.103733,0.056595,0.001141,0.003769,0.003642,-0.056201,-0.409811,-0.088898,0.423091,1.931072,14.081113,3.054554,14.081113,102.677529,22.273385,3.054554,22.273385,4.831667,-0.000000,0.000000,109.440269,-0.056201,-0.409811,-0.088898,0.423091,2.039762,14.873660,3.226478,14.873660,108.456673,23.527029,3.226478,23.527029,5.103615,-0.000000,0.000000,115.600049,0.041494,0.094624,0.077594,0.040951,0.094094,0.076850,0.000543,0.000530,0.000744,-0.018940,-0.047007,-0.047359,0.069363,6.576528,16.322352,16.444451,16.322352,40.510617,40.813655,16.444451,40.813655,41.118960,-0.000000,0.000000,88.206104,-0.018940,-0.047007,-0.047359,0.069363,6.605808,16.395023,16.517665,16.395023,40.690978,40.995365,16.517665,40.995365,41.302030,-0.000000,0.000000,88.598815
2.5031,post_ramp,0.037,100.0000,4.204641,-1.345301,-1.492563,-0.176408,-0.084369,1.144350,-1.796292,0.941864,-2.489651,1.320757,-2.291767,0.800738,-1.777884,0.023981,0.147175,0.023981,0.023981,0.004432,0.023981,0.023981,0.023981,0.023981,0.376815,0.082839,0.023981,0.023981,1.561902,-0.761779,1.233523,0.152866,0.002812,0.000000,-0.002812,-0.004218,0.695765,0.823987,0.823987,0.572653,1.104548,1.104548,0.803021,1.051269,1.051269,0.486849,0.919278,0.919278,-0.006256,0.085710,-0.010038,0.003613,0.061050,-0.009209,-0.009869,0.024660,-0.000829,0.079782,-0.476753,0.523658,0.712655,1.612520,-9.635904,10.583927,-9.635904,57.581093,-63.246179,10.583927,-63.246179,69.468621,-0.000000,0.000000,128.662233,0.079782,-0.476753,0.523658,0.712655,1.232351,-7.364140,8.088657,-7.364140,44.005757,-48.335240,8.088657,-48.335240,53.090678,-0.000000,0.000000,98.328786,-0.017704,0.118659,0.082629,-0.017082,0.116515,0.078226,-0.000622,0.002143,0.004403,-0.013249,-0.258743,-0.276035,0.378575,0.120388,2.351144,2.508268,2.351144,45.917245,48.985837,2.508268,48.985837,52.259499,0.000000,0.000000,98.297131,-0.013249,-0.258743,-0.276035,0.378575,0.123076,2.403651,2.564284,2.403651,46.942684,50.079804,2.564284,50.079804,53.426575,-0.000000,-0.000000,100.492335,0.002027,0.111719,0.078149,0.001881,0.109766,0.076593,0.000146,0.001954,0.001556,-0.018490,-0.159663,-0.059768,0.171483,1.333999,11.519367,4.312164,11.519367,99.472167,37.236444,4.312164,37.236444,13.939103,-0.000000,0.000000,114.745269,-0.018490,-0.159663,-0.059768,0.171483,1.351806,11.673135,4.369725,11.673135,100.799989,37.733501,4.369725,37.733501,14.125171,-0.000000,0.000000,116.276966,0.017532,0.107435,0.060004,0.016455,0.103733,0.056595,0.001077,0.003702,0.003408,-0.053202,-0.390861,-0.083293,0.403163,1.905782,14.001252,2.983669,14.001252,102.863300,21.920183,2.983669,21.920183,4.671194,-0.000000,0.000000,109.440276,-0.053202,-0.390861,-0.083293,0.403163,2.004593,14.727186,3.138365,14.727186,108.196537,23.056697,3.138365,23.056697,4.913385,-0.000000,0.000000,115.114515,0.041496,0.094625,0.077593,0.040951,0.094094,0.076850,0.000546,0.000531,0.000744,-0.018957,-0.047040,-0.047390,0.069412,6.579516,16.326208,16.447444,16.326208,40.511345,40.812177,16.447444,40.812177,41.115243,-0.000000,0.000000,88.206104,-0.018957,-0.047040,-0.047390,0.069412,6.608851,16.398999,16.520776,16.398999,40.691968,40.994141,16.520776,40.994141,41.298558,-0.000000,0.000000,88.599377
2.5213,post_ramp,0.037,100.0000,4.204641,-1.345301,-1.492563,-0.176408,-0.082835,1.144350,-1.796292,0.941864,-2.489651,1.319223,-2.290233,0.800738,-1.777884,0.023981,0.073477,0.023981,0.023981,0.035884,0.023981,0.023981,0.023981,0.023981,0.354222,0.071235,0.023981,0.023981,1.561902,-0.761779,1.233523,0.152866,0.002761,0.000000,-0.002761,-0.004142,0.695765,0.823987,0.823987,0.572653,1.104548,1.104548,0.802088,1.050566,1.050566,0.486849,0.919278,0.919278,-0.006256,0.085710,-0.010038,0.003613,0.061050,-0.009209,-0.009869,0.024660,-0.000829,0.079782,-0.476753,0.523658,0.712655,1.612520,-9.635904,10.583927,-9.635904,57.581093,-63.246179,10.583927,-63.246179,69.468621,-0.000000,0.000000,128.662233,0.079782,-0.476753,0.523658,0.712655,1.232351,-7.364140,8.088657,-7.364140,44.005757,-48.335240,8.088657,-48.335240,53.090678,-0.000000,0.000000,98.328786,-0.017706,0.118659,0.082629,-0.017082,0.116515,0.078226,-0.000624,0.002144,0.004403,-0.013232,-0.258754,-0.276043,0.378587,0.120074,2.348097,2.504985,2.348097,45.918021,48.986034,2.504985,48.986034,52.259037,-0.000000,0.000000,98.297131,-0.013232,-0.258754,-0.276043,0.378587,0.122756,2.400537,2.560929,2.400537,46.943524,50.080056,2.560929,50.080056,53.426156,-0.000000,0.000000,100.492435,0.002027,0.111719,0.078149,0.001881,0.109766,0.076593,0.000146,0.001954,0.001556,-0.018490,-0.159663,-0.059768,0.171483,1.333999,11.519367,4.312164,11.519367,99.472167,37.236444,4.312164,37.236444,13.939103,-0.000000,0.000000,114.745269,-0.018490,-0.159663,-0.059768,0.171483,1.351806,11.673135,4.369725,11.673135,100.799989,37.733501,4.369725,37.733501,14.125171,-0.000000,0.000000,116.276966,0.017556,0.107488,0.060084,0.016455,0.103733,0.056595,0.001101,0.003754,0.003488,-0.054499,-0.398372,-0.085843,0.411144,1.922968,14.056466,3.028945,14.056466,102.749615,22.140912,3.028945,22.140912,4.771015,-0.000000,0.000000,109.443598,-0.054499,-0.398372,-0.085843,0.411144,2.024894,14.801521,3.189493,14.801521,108.195796,23.314477,3.189493,23.314477,5.023900,0.000000,0.000000,115.244590,0.041499,0.094625,0.077593,0.040951,0.094094,0.076850,0.000548,0.000531,0.000743,-0.018975,-0.047075,-0.047422,0.069462,6.582505,16.330063,16.450436,16.330063,40.512074,40.810699,16.450436,40.810699,41.111525,-0.000000,0.000000,88.206104,-0.018975,-0.047075,-0.047422,0.069462,6.611897,16.402979,16.523889,16.402979,40.692966,40.992924,16.523889,40.992924,41.295094,-0.000000,0.000000,88.599957
2.5394,post_ramp,0.037,100.0000,4.204641,-1.346835,-1.492563,-0.176408,-0.079767,1.144350,-1.796292,0.941864,-2.489651,1.316156,-2.290233,0.800738,-1.777884,0.023981,0.030802,0.023981,0.023981,0.074661,0.023981,0.023981,0.023981,0.023981,0.197182,0.057340,0.023981,0.023981,1.561902,-0.762647,1.233523,0.152866,0.002659,0.000000,-0.002659,-0.003988,0.695765,0.823987,0.823987,0.572653,1.104548,1.104548,0.800223,1.050566,1.050566,0.486849,0.919278,0.919278,-0.006247,0.085687,-0.010081,0.003613,0.061050,-0.009209,-0.009860,0.024637,-0.000872,0.079892,-0.477529,0.525400,0.714466,1.608643,-9.615107,10.579005,-9.615107,57.470964,-63.232334,10.579005,-63.232334,69.571271,-0.000000,0.000000,128.650878,0.079892,-0.477529,0.525400,0.714466,1.230066,-7.352291,8.089346,-7.352291,43.945768,-48.351259,8.089346,-48.351259,53.198393,-0.000000,0.000000,98.374227,-0.017709,0.118659,0.082628,-0.017082,0.116515,0.078226,-0.000627,0.002144,0.004402,-0.013198,-0.258775,-0.276058,0.378612,0.119447,2.342001,2.498418,2.342001,45.919572,48.986428,2.498418,48.986428,52.258112,-0.000000,0.000000,98.297131,-0.013198,-0.258775,-0.276058,0.378612,0.122115,2.394311,2.554221,2.394311,46.945204,50.080559,2.554221,50.080559,53.425317,0.000000,0.000000,100.492636,0.002027,0.111719,0.078149,0.001881,0.109766,0.076593,0.000146,0.001954,0.001556,-0.018490,-0.159663,-0.059768,0.171483,1.333999,11.519367,4.312164,11.519367,99.472167,37.236444,4.312164,37.236444,13.939103,-0.000000,0.000000,114.745269,-0.018490,-0.159663,-0.059768,0.171483,1.351806,11.673135,4.369725,11.673135,100.799989,37.733501,4.369725,37.733501,14.125171,-0.000000,0.000000,116.276966,0.017590,0.107521,0.060200,0.016455,0.103733,0.056595,0.001135,0.003788,0.003605,-0.056038,-0.407889,-0.088665,0.421160,1.937621,14.103442,3.065743,14.103442,102.655292,22.314751,3.065743,22.314751,4.850681,-0.000000,0.000000,109.443594,-0.056038,-0.407889,-0.088665,0.421160,2.044633,14.882356,3.235060,14.882356,108.324805,23.547164,3.235060,23.547164,5.118578,-0.000000,0.000000,115.488017,0.041504,0.094626,0.077591,0.040951,0.094094,0.076850,0.000554,0.000532,0.000742,-0.019011,-0.047143,-0.047486,0.069562,6.588486,16.337773,16.456418,16.337773,40.513530,40.807741,16.456418,40.807741,41.104088,0.000000,0.000000,88.206104,-0.019011,-0.047143,-0.047486,0.069562,6.617991,16.410937,16.530114,16.410937,40.694960,40.990489,16.530114,40.990489,41.288163,-0.000000,0.000000,88.601114
2.5577,post_ramp,0.037,100.0000,4.204641,-1.346835,-1.492563,-0.176408,-0.079767,1.144350,-1.796292,0.941864,-2.489651,1.313088,-2.290233,0.800738,-1.777884,0.023981,0.005133,0.023981,0.023981,0.100598,0.023981,0.023981,0.023981,0.023981,0.035278,0.052946,0.023981,0.023981,1.561902,-0.762647,1.233523,0.152866,0.002659,0.000000,-0.002659,-0.003988,0.695765,0.823987,0.823987,0.572653,1.104548,1.104548,0.798357,1.050566,1.050566,0.486849,0.919278,0.919278,-0.006247,0.085687,-0.010081,0.003613,0.061050,-0.009209,-0.009860,0.024637,-0.000872,0.079892,-0.477529,0.525400,0.714466,1.608643,-9.615107,10.579005,-9.615107,57.470964,-63.232334,10.579005,-63.232334,69.571271,-0.000000,0.000000,128.650878,0.079892,-0.477529,0.525400,0.714466,1.230066,-7.352291,8.089346,-7.352291,43.945768,-48.351259,8.089346,-48.351259,53.198393,-0.000000,0.000000,98.374227,-0.017709,0.118659,0.082628,-0.017082,0.116515,0.078226,-0.000627,0.002144,0.004402,-0.013198,-0.258775,-0.276058,0.378612,0.119447,2.342001,2.498418,2.342001,45.919572,48.986428,2.498418,48.986428,52.258112,-0.000000,0.000000,98.297131,-0.013198,-0.258775,-0.276058,0.378612,0.122115,2.394311,2.554221,2.394311,46.945204,50.080559,2.554221,50.080559,53.425317,-0.000000,0.000000,100.492636,0.002027,0.111719,0.078149,0.001881,0.109766,0.076593,0.000146,0.001954,0.001556,-0.018490,-0.159663,-0.059768,0.171483,1.333999,11.519367,4.312164,11.519367,99.472167,37.236444,4.312164,37.236444,13.939103,-0.000000,0.000000,114.745269,-0.018490,-0.159663,-0.059768,0.171483,1.351806,11.673135,4.369725,11.673135,100.799989,37.733501,4.369725,37.733501,14.125171,-0.000000,0.000000,116.276966,0.017622,0.107555,0.060317,0.016455,0.103733,0.056595,0.001167,0.003822,0.003722,-0.057560,-0.417363,-0.091522,0.431139,1.950737,14.144595,3.101722,14.144595,102.561037,22.490272,3.101722,22.490272,4.931817,-0.000000,-0.000000,109.443591,-0.057560,-0.417363,-0.091522,0.431139,2.062789,14.957077,3.279888,14.957077,108.452261,23.782139,3.279888,23.782139,5.215107,-0.000000,-0.000000,115.730157,0.041504,0.094626,0.077591,0.040951,0.094094,0.076850,0.000554,0.000532,0.000742,-0.019012,-0.047144,-0.047486,0.069562,6.588486,16.337773,16.456418,16.337773,40.513530,40.807741,16.456418,40.807741,41.104088,-0.000000,0.000000,88.206104,-0.019012,-0.047144,-0.047486,0.069562,6.617991,16.410939,16.530115,16.410939,40.694963,40.990492,16.530115,40.990492,41.288166,0.000000,0.000000,88.601120
2.5758,post_ramp,0.037,100.0000,4.204641,-1.346835,-1.492563,-0.176408,-0.081301,1.144350,-1.796292,0.941864,-2.489651,1.306952,-2.290233,0.800738,-1.777884,0.023981,0.001312,0.023981,0.023981,0.066887,0.023981,0.023981,0.023981,0.023981,-0.078097,0.040790,0.023981,0.023981,1.561902,-0.762647,1.233523,0.152866,0.002710,0.000000,-0.002710,-0.004065,0.695765,0.823987,0.823987,0.572653,1.104548,1.104548,0.794627,1.050566,1.050566,0.486849,0.919278,0.919278,-0.006247,0.085687,-0.010081,0.003613,0.061050,-0.009209,-0.009860,0.024637,-0.000872,0.079892,-0.477529,0.525400,0.714466,1.608643,-9.615107,10.579005,-9.615107,57.470964,-63.232334,10.579005,-63.232334,69.571271,-0.000000,0.000000,128.650878,0.079892,-0.477529,0.525400,0.714466,1.230066,-7.352291,8.089346,-7.352291,43.945768,-48.351259,8.089346,-48.351259,53.198393,-0.000000,0.000000,98.374227,-0.017707,0.118659,0.082628,-0.017082,0.116515,0.078226,-0.000626,0.002144,0.004403,-0.013215,-0.258765,-0.276050,0.378600,0.119760,2.345049,2.501701,2.345049,45.918796,48.986231,2.501701,48.986231,52.258575,-0.000000,0.000000,98.297131,-0.013215,-0.258765,-0.276050,0.378600,0.122435,2.397424,2.557575,2.397424,46.944364,50.080307,2.557575,50.080307,53.425736,0.000000,0.000000,100.492535,0.002027,0.111719,0.078149,0.001881,0.109766,0.076593,0.000146,0.001954,0.001556,-0.018490,-0.159663,-0.059768,0.171483,1.333999,11.519367,4.312164,11.519367,99.472167,37.236444,4.312164,37.236444,13.939103,-0.000000,0.000000,114.745269,-0.018490,-0.159663,-0.059768,0.171483,1.351806,11.673135,4.369725,11.673135,100.799989,37.733501,4.369725,37.733501,14.125171,-0.000000,0.000000,116.276966,0.017686,0.107621,0.060551,0.016455,0.103733,0.056595,0.001231,0.003888,0.003956,-0.060616,-0.436267,-0.097341,0.451086,1.976265,14.223642,3.173626,14.223642,102.370885,22.841330,3.173626,22.841330,5.096433,-0.000000,0.000000,109.443583,-0.060616,-0.436267,-0.097341,0.451086,2.098501,15.103405,3.369922,15.103405,108.702747,24.254116,3.369922,24.254116,5.411658,-0.000000,0.000000,116.212907,0.041502,0.094625,0.077592,0.040951,0.094094,0.076850,0.000551,0.000531,0.000742,-0.018994,-0.047110,-0.047455,0.069514,6.585495,16.333918,16.453427,16.333918,40.512802,40.809220,16.453427,40.809220,41.107807,-0.000000,0.000000,88.206104,-0.018994,-0.047110,-0.047455,0.069514,6.614945,16.406962,16.527006,16.406962,40.693973,40.991717,16.527006,40.991717,41.291639,-0.000000,0.000000,88.600558
2.5940,post_ramp,0.037,100.0000,4.204641,-1.343767,-1.492563,-0.176408,-0.082835,1.144350,-1.796292,0.941864,-2.489651,1.302350,-2.290233,0.800738,-1.777884,0.023981,0.017841,0.023981,0.023981,0.009564,0.023981,0.023981,0.023981,0.023981,-0.160367,0.032914,0.023981,0.023981,1.561902,-0.760910,1.233523,0.152866,0.002761,0.000000,-0.002761,-0.004142,0.695765,0.823987,0.823987,0.572653,1.104548,1.104548,0.791829,1.050566,1.050566,0.486849,0.919278,0.919278,-0.006264,0.085734,-0.009994,0.003613,0.061050,-0.009209,-0.009878,0.024684,-0.000785,0.079672,-0.475976,0.521919,0.710844,1.616403,-9.656724,10.588830,-9.656724,57.691250,-63.259843,10.588830,-63.259843,69.365939,-0.000000,-0.000000,128.673592,0.079672,-0.475976,0.521919,0.710844,1.234640,-7.375992,8.087953,-7.375992,44.065691,-48.319090,8.087953,-48.319090,52.983045,-0.000000,0.000000,98.283376,-0.017706,0.118659,0.082629,-0.017082,0.116515,0.078226,-0.000624,0.002144,0.004403,-0.013232,-0.258754,-0.276043,0.378587,0.120074,2.348097,2.504985,2.348097,45.918021,48.986034,2.504985,48.986034,52.259037,-0.000000,0.000000,98.297131,-0.013232,-0.258754,-0.276043,0.378587,0.122756,2.400537,2.560929,2.400537,46.943523,50.080056,2.560929,50.080056,53.426156,-0.000000,0.000000,100.492435,0.002027,0.111719,0.078149,0.001881,0.109766,0.076593,0.000146,0.001954,0.001556,-0.018490,-0.159663,-0.059768,0.171483,1.333999,11.519367,4.312164,11.519367,99.472167,37.236444,4.312164,37.236444,13.939103,-0.000000,0.000000,114.745269,-0.018490,-0.159663,-0.059768,0.171483,1.351806,11.673135,4.369725,11.673135,100.799989,37.733501,4.369725,37.733501,14.125171,-0.000000,0.000000,116.276966,0.017734,0.107670,0.060726,0.016455,0.103733,0.056595,0.001279,0.003937,0.004131,-0.062927,-0.450418,-0.101798,0.466046,1.995285,14.281848,3.227808,14.281848,102.226611,23.104001,3.227808,23.104001,5.221682,-0.000000,0.000000,109.443578,-0.062927,-0.450418,-0.101798,0.466046,2.125279,15.212322,3.438102,15.212322,108.886759,24.609246,3.438102,24.609246,5.561879,-0.000000,0.000000,116.573917,0.041499,0.094625,0.077593,0.040951,0.094094,0.076850,0.000548,0.000531,0.000743,-0.018976,-0.047077,-0.047424,0.069465,6.582505,16.330063,16.450436,16.330063,40.512074,40.810699,16.450436,40.810699,41.111525,-0.000000,0.000000,88.206104,-0.018976,-0.047077,-0.047424,0.069465,6.611900,16.402985,16.523896,16.402985,40.692982,40.992941,16.523896,40.992941,41.295110,-0.000000,-0.000000,88.599992
2.6122,post_ramp,0.037,100.0000,4.204641,-1.334563,-1.492563,-0.176408,-0.084369,1.144350,-1.796292,0.941864,-2.489651,1.297748,-2.290233,0.800738,-1.777884,0.023981,0.110970,0.023981,0.023981,-0.021946,0.023981,0.023981,0.023981,0.023981,-0.209418,0.028728,0.023981,0.023981,1.561902,-0.755698,1.233523,0.152866,0.002812,0.000000,-0.002812,-0.004218,0.695765,0.823987,0.823987,0.572653,1.104548,1.104548,0.789031,1.050566,1.050566,0.486849,0.919278,0.919278,-0.006317,0.085872,-0.009734,0.003613,0.061050,-0.009209,-0.009931,0.024822,-0.000525,0.079005,-0.471282,0.511545,0.700019,1.639855,-9.782130,10.617849,-9.782130,58.352766,-63.338035,10.617849,-63.338035,68.749211,-0.000000,0.000000,128.741832,0.079005,-0.471282,0.511545,0.700019,1.248427,-7.447166,8.083402,-7.447166,44.424142,-48.219443,8.083402,-48.219443,52.338988,-0.000000,0.000000,98.011557,-0.017704,0.118659,0.082629,-0.017082,0.116515,0.078226,-0.000622,0.002143,0.004403,-0.013249,-0.258743,-0.276035,0.378575,0.120388,2.351144,2.508268,2.351144,45.917245,48.985837,2.508268,48.985837,52.259499,0.000000,0.000000,98.297131,-0.013249,-0.258743,-0.276035,0.378575,0.123076,2.403651,2.564284,2.403651,46.942683,50.079804,2.564284,50.079804,53.426575,-0.000000,0.000000,100.492334,0.002027,0.111719,0.078149,0.001881,0.109766,0.076593,0.000146,0.001954,0.001556,-0.018490,-0.159663,-0.059768,0.171483,1.333999,11.519367,4.312164,11.519367,99.472167,37.236444,4.312164,37.236444,13.939103,-0.000000,0.000000,114.745269,-0.018490,-0.159663,-0.059768,0.171483,1.351806,11.673135,4.369725,11.673135,100.799989,37.733501,4.369725,37.733501,14.125171,-0.000000,0.000000,116.276966,0.017782,0.107719,0.060902,0.016455,0.103733,0.056595,0.001327,0.003986,0.004307,-0.065257,-0.464550,-0.106334,0.481011,2.014366,14.339740,3.282312,14.339740,102.080838,23.365914,3.282312,23.365914,5.348368,-0.000000,-0.000000,109.443572,-0.065257,-0.464550,-0.106334,0.481011,2.152233,15.321182,3.506960,15.321182,109.067467,24.965126,3.506960,24.965126,5.714422,-0.000000,0.000000,116.934122,0.041496,0.094625,0.077593,0.040951,0.094094,0.076850,0.000546,0.000531,0.000744,-0.018959,-0.047043,-0.047393,0.069416,6.579516,16.326208,16.447444,16.326208,40.511345,40.812177,16.447444,40.812177,41.115243,-0.000000,0.000000,88.206104,-0.018959,-0.047043,-0.047393,0.069416,6.608855,16.399008,16.520785,16.399008,40.691991,40.994164,16.520785,40.994164,41.298581,0.000000,0.000000,88.599427
2.6304,post_ramp,0.037,100.0000,4.204641,-1.323825,-1.492563,-0.176408,-0.084369,1.144350,-1.796292,0.941864,-2.489651,1.294680,-2.290233,0.800738,-1.777884,0.021583,0.266282,0.023981,0.023981,-0.035552,0.023981,0.023981,0.023981,0.023981,-0.211439,0.026504,0.023981,0.023981,1.561902,-0.749618,1.233523,0.152866,0.002812,0.000000,-0.002812,-0.004218,0.695765,0.823987,0.823987,0.572653,1.104548,1.104548,0.787165,1.050566,1.050566,0.486849,0.919278,0.919278,-0.006379,0.086032,-0.009429,0.003613,0.061050,-0.009209,-0.009993,0.024982,-0.000220,0.078216,-0.465741,0.499575,0.687464,1.667543,-9.929483,10.650831,-9.929483,59.125708,-63.421016,10.650831,-63.421016,68.028365,-0.000000,0.000000,128.821615,0.078216,-0.465741,0.499575,0.687464,1.264632,-7.530327,8.077383,-7.530327,44.839788,-48.097267,8.077383,-48.097267,51.591391,-0.000000,0.000000,97.695811,-0.017704,0.118659,0.082629,-0.017082,0.116515,0.078226,-0.000622,0.002143,0.004403,-0.013249,-0.258743,-0.276035,0.378575,0.120388,2.351144,2.508268,2.351144,45.917245,48.985837,2.508268,48.985837,52.259499,-0.000000,0.000000,98.297131,-0.013249,-0.258743,-0.276035,0.378575,0.123076,2.403651,2.564284,2.403651,46.942683,50.079804,2.564284,50.079804,53.426575,0.000000,0.000000,100.492334,0.002027,0.111719,0.078149,0.001881,0.109766,0.076593,0.000146,0.001954,0.001556,-0.018490,-0.159663,-0.059768,0.171483,1.333999,11.519367,4.312164,11.519367,99.472167,37.236444,4.312164,37.236444,13.939103,-0.000000,0.000000,114.745269,-0.018490,-0.159663,-0.059768,0.171483,1.351806,11.673135,4.369725,11.673135,100.799989,37.733501,4.369725,37.733501,14.125171,-0.000000,0.000000,116.276966,0.017814,0.107751,0.061019,0.016455,0.103733,0.056595,0.001359,0.004018,0.004424,-0.066833,-0.473972,-0.109401,0.491004,2.027670,14.380092,3.319184,14.380092,101.982576,23.539415,3.319184,23.539415,5.433321,-0.000000,0.000000,109.443568,-0.066833,-0.473972,-0.109401,0.491004,2.170895,15.395830,3.553635,15.395830,109.186118,25.202122,3.553635,25.202122,5.817104,-0.000000,0.000000,117.174116,0.041496,0.094625,0.077593,0.040951,0.094094,0.076850,0.000546,0.000531,0.000744,-0.018959,-0.047044,-0.047393,0.069417,6.579516,16.326208,16.447444,16.326208,40.511345,40.812177,16.447444,40.812177,41.115243,-0.000000,0.000000,88.206104,-0.018959,-0.047044,-0.047393,0.069417,6.608856,16.399009,16.520786,16.399009,40.691994,40.994167,16.520786,40.994167,41.298584,-0.000000,0.000000,88.599433
2.6485,post_ramp,0.037,100.0000,4.204641,-1.316156,-1.492563,-0.176408,-0.084369,1.144350,-1.796292,0.941864,-2.489651,1.291612,-2.291767,0.800738,-1.777884,0.011470,0.396137,0.023981,0.023981,-0.025048,0.023981,0.023981,0.023981,0.023981,-0.202259,0.018367,0.023981,0.023981,1.561902,-0.745275,1.233523,0.152866,0.002812,0.000000,-0.002812,-0.004218,0.695765,0.823987,0.823987,0.572653,1.104548,1.104548,0.785300,1.051269,1.051269,0.486849,0.919278,0.919278,-0.006423,0.086145,-0.009210,0.003613,0.061050,-0.009209,-0.010037,0.025095,-0.000001,0.077645,-0.461741,0.491113,0.678547,1.687536,-10.035421,10.673802,-10.035421,59.678520,-63.474837,10.673802,-63.474837,67.512647,-0.000000,0.000000,128.878704,0.077645,-0.461741,0.491113,0.678547,1.276287,-7.589805,8.072614,-7.589805,45.134960,-48.006121,8.072614,-48.006121,51.059924,-0.000000,0.000000,97.471170,-0.017704,0.118659,0.082629,-0.017082,0.116515,0.078226,-0.000622,0.002143,0.004403,-0.013249,-0.258743,-0.276035,0.378575,0.120388,2.351144,2.508268,2.351144,45.917245,48.985837,2.508268,48.985837,52.259499,-0.000000,0.000000,98.297131,-0.013249,-0.258743,-0.276035,0.378575,0.123076,2.403651,2.564284,2.403651,46.942683,50.079804,2.564284,50.079804,53.426575,-0.000000,0.000000,100.492334,0.002027,0.111719,0.078149,0.001881,0.109766,0.076593,0.000146,0.001954,0.001556,-0.018490,-0.159663,-0.059768,0.171483,1.333999,11.519367,4.312164,11.519367,99.472167,37.236444,4.312164,37.236444,13.939103,-0.000000,0.000000,114.745269,-0.018490,-0.159663,-0.059768,0.171483,1.351806,11.673135,4.369725,11.673135,100.799989,37.733501,4.369725,37.733501,14.125171,-0.000000,0.000000,116.276966,0.017839,0.107747,0.061114,0.016455,0.103733,0.056595,0.001384,0.004014,0.004519,-0.067839,-0.480662,-0.111172,0.497994,2.030880,14.389542,3.328159,14.389542,101.955249,23.581246,3.328159,23.581246,5.454110,0.000000,0.000000,109.440240,-0.067839,-0.480662,-0.111172,0.497994,2.178781,15.437471,3.570535,15.437471,109.380212,25.298566,3.570535,25.298566,5.851309,-0.000000,0.000000,117.410302,0.041496,0.094625,0.077593,0.040951,0.094094,0.076850,0.000546,0.000531,0.000744,-0.018959,-0.047044,-0.047393,0.069417,6.579516,16.326208,16.447444,16.326208,40.511345,40.812177,16.447444,40.812177,41.115243,-0.000000,0.000000,88.206104,-0.018959,-0.047044,-0.047393,0.069417,6.608856,16.399010,16.520787,16.399010,40.691996,40.994169,16.520787,40.994169,41.298586,-0.000000,0.000000,88.599438
2.6667,post_ramp,0.037,100.0000,4.204641,-1.317689,-1.492563,-0.176408,-0.084369,1.144350,-1.796292,0.941864,-2.489651,1.287010,-2.293301,0.800738,-1.777884,0.006096,0.390869,0.023981,0.023981,-0.013311,0.023981,0.023981,0.023981,0.023981,-0.194982,-0.010372,0.023981,0.023981,1.561902,-0.746144,1.233523,0.152866,0.002812,0.000000,-0.002812,-0.004218,0.695765,0.823987,0.823987,0.572653,1.104548,1.104548,0.782502,1.051973,1.051973,0.486849,0.919278,0.919278,-0.006415,0.086123,-0.009254,0.003613,0.061050,-0.009209,-0.010028,0.025073,-0.000045,0.077760,-0.462544,0.492800,0.680327,1.683523,-10.014188,10.669247,-10.014188,59.567913,-63.464436,10.669247,-63.464436,67.615844,-0.000000,0.000000,128.867280,0.077760,-0.462544,0.492800,0.680327,1.273950,-7.577905,8.073599,-7.577905,45.076042,-48.024607,8.073599,-48.024607,51.166047,-0.000000,0.000000,97.516040,-0.017704,0.118659,0.082629,-0.017082,0.116515,0.078226,-0.000622,0.002143,0.004403,-0.013249,-0.258743,-0.276035,0.378575,0.120388,2.351144,2.508268,2.351144,45.917245,48.985837,2.508268,48.985837,52.259499,-0.000000,0.000000,98.297131,-0.013249,-0.258743,-0.276035,0.378575,0.123076,2.403651,2.564284,2.403651,46.942683,50.079804,2.564284,50.079804,53.426574,-0.000000,0.000000,100.492334,0.002027,0.111719,0.078149,0.001881,0.109766,0.076593,0.000146,0.001954,0.001556,-0.018490,-0.159663,-0.059768,0.171483,1.333999,11.519367,4.312164,11.519367,99.472167,37.236444,4.312164,37.236444,13.939103,-0.000000,0.000000,114.745269,-0.018490,-0.159663,-0.059768,0.171483,1.351806,11.673135,4.369725,11.673135,100.799989,37.733501,4.369725,37.733501,14.125171,-0.000000,0.000000,116.276966,0.017880,0.107760,0.061267,0.016455,0.103733,0.056595,0.001425,0.004027,0.004672,-0.069641,-0.492047,-0.114511,0.509974,2.040757,14.419019,3.355658,14.419019,101.877935,23.709488,3.355658,23.709488,5.517778,-0.000000,0.000000,109.436469,-0.069641,-0.492047,-0.114511,0.509974,2.196094,15.516557,3.611082,15.516557,109.632617,25.514192,3.611082,25.514192,5.937777,-0.000000,0.000000,117.766488,0.041496,0.094625,0.077593,0.040951,0.094094,0.076850,0.000546,0.000531,0.000744,-0.018959,-0.047045,-0.047394,0.069418,6.579516,16.326208,16.447444,16.326208,40.511345,40.812177,16.447444,40.812177,41.115243,-0.000000,0.000000,88.206104,-0.018959,-0.047045,-0.047394,0.069418,6.608857,16.399012,16.520789,16.399012,40.691999,40.994173,16.520789,40.994173,41.298590,-0.000000,-0.000000,88.599446
2.6849,post_ramp,0.037,100.0000,4.204641,-1.319223,-1.492563,-0.176408,-0.084369,1.144350,-1.796292,0.941864,-2.489651,1.285476,-2.299437,0.800738,-1.777884,0.003239,0.243471,0.023981,0.023981,-0.007074,0.023981,0.023981,0.023981,0.023981,-0.182276,-0.065659,0.023981,0.023981,1.561902,-0.747012,1.233523,0.152866,0.002812,0.000000,-0.002812,-0.004218,0.695765,0.823987,0.823987,0.572653,1.104548,1.104548,0.781569,1.054788,1.054788,0.486849,0.919278,0.919278,-0.006406,0.086100,-0.009298,0.003613,0.061050,-0.009209,-0.010019,0.025050,-0.000089,0.077874,-0.463345,0.494489,0.682109,1.679517,-9.992978,10.664673,-9.992978,59.457327,-63.453854,10.664673,-63.453854,67.719015,-0.000000,-0.000000,128.855859,0.077874,-0.463345,0.494489,0.682109,1.271617,-7.566007,8.074569,-7.566007,45.017065,-48.042965,8.074569,-48.042965,51.272256,-0.000000,-0.000000,97.560938,-0.017704,0.118659,0.082629,-0.017082,0.116515,0.078226,-0.000622,0.002143,0.004403,-0.013249,-0.258743,-0.276035,0.378575,0.120388,2.351144,2.508268,2.351144,45.917245,48.985837,2.508268,48.985837,52.259499,-0.000000,0.000000,98.297131,-0.013249,-0.258743,-0.276035,0.378575,0.123076,2.403651,2.564284,2.403651,46.942683,50.079804,2.564284,50.079804,53.426574,-0.000000,-0.000000,100.492334,0.002027,0.111719,0.078149,0.001881,0.109766,0.076593,0.000146,0.001954,0.001556,-0.018490,-0.159663,-0.059768,0.171483,1.333999,11.519367,4.312164,11.519367,99.472167,37.236444,4.312164,37.236444,13.939103,-0.000000,0.000000,114.745269,-0.018490,-0.159663,-0.059768,0.171483,1.351806,11.673135,4.369725,11.673135,100.799989,37.733501,4.369725,37.733501,14.125171,-0.000000,0.000000,116.276966,0.017868,0.107635,0.061237,0.016455,0.103733,0.056595,0.001412,0.003902,0.004642,-0.068109,-0.485818,-0.110710,0.502907,2.006882,14.314948,3.262155,14.314948,102.107504,23.268717,3.262155,23.268717,5.302580,-0.000000,0.000000,109.416966,-0.068109,-0.485818,-0.110710,0.502907,2.161878,15.420521,3.514098,15.420521,109.993480,25.065808,3.514098,25.065808,5.712109,-0.000000,0.000000,117.867467,0.041496,0.094625,0.077593,0.040951,0.094094,0.076850,0.000546,0.000531,0.000744,-0.018959,-0.047044,-0.047394,0.069417,6.579516,16.326208,16.447444,16.326208,40.511345,40.812177,16.447444,40.812177,41.115243,-0.000000,0.000000,88.206104,-0.018959,-0.047044,-0.047394,0.069417,6.608856,16.399011,16.520788,16.399011,40.691998,40.994171,16.520788,40.994171,41.298588,-0.000000,0.000000,88.599442
2.7031,post_ramp,0.037,100.0000,4.204641,-1.320757,-1.492563,-0.176408,-0.084369,1.144350,-1.796292,0.941864,-2.489651,1.282408,-2.308641,0.800738,-1.777884,0.001722,0.098671,0.023981,0.023981,-0.003760,0.023981,0.023981,0.023981,0.023981,-0.167277,-0.162805,0.023981,0.023981,1.561902,-0.747881,1.233523,0.152866,0.002812,0.000000,-0.002812,-0.004218,0.695765,0.823987,0.823987,0.572653,1.104548,1.104548,0.779704,1.059010,1.059010,0.486849,0.919278,0.919278,-0.006397,0.086078,-0.009341,0.003613,0.061050,-0.009209,-0.010010,0.025028,-0.000133,0.077988,-0.464145,0.496182,0.683892,1.675518,-9.971790,10.660078,-9.971790,59.346764,-63.443090,10.660078,-63.443090,67.822158,-0.000000,0.000000,128.844441,0.077988,-0.464145,0.496182,0.683892,1.269286,-7.554111,8.075523,-7.554111,44.958031,-48.061195,8.075523,-48.061195,51.378550,-0.000000,0.000000,97.605866,-0.017704,0.118659,0.082629,-0.017082,0.116515,0.078226,-0.000622,0.002143,0.004403,-0.013249,-0.258743,-0.276035,0.378575,0.120388,2.351144,2.508268,2.351144,45.917245,48.985837,2.508268,48.985837,52.259499,-0.000000,0.000000,98.297131,-0.013249,-0.258743,-0.276035,0.378575,0.123076,2.403651,2.564284,2.403651,46.942683,50.079804,2.564284,50.079804,53.426575,-0.000000,-0.000000,100.492334,0.002027,0.111719,0.078149,0.001881,0.109766,0.076593,0.000146,0.001954,0.001556,-0.018490,-0.159663,-0.059768,0.171483,1.333999,11.519367,4.312164,11.519367,99.472167,37.236444,4.312164,37.236444,13.939103,-0.000000,0.000000,114.745269,-0.018490,-0.159663,-0.059768,0.171483,1.351806,11.673135,4.369725,11.673135,100.799989,37.733501,4.369725,37.733501,14.125171,-0.000000,0.000000,116.276966,0.017856,0.107455,0.061221,0.016455,0.103733,0.056595,0.001401,0.003722,0.004626,-0.066220,-0.478716,-0.105856,0.494732,1.959536,14.165833,3.132409,14.165833,102.407327,22.644741,3.132409,22.644741,5.007301,-0.000000,-0.000000,109.374163,-0.066220,-0.478716,-0.105856,0.494732,2.115215,15.291268,3.381270,15.291268,110.543295,24.443801,3.381270,24.443801,5.405117,-0.000000,0.000000,118.063626,0.041496,0.094625,0.077593,0.040951,0.094094,0.076850,0.000546,0.000531,0.000744,-0.018959,-0.047044,-0.047393,0.069417,6.579516,16.326208,16.447444,16.326208,40.511345,40.812177,16.447444,40.812177,41.115243,-0.000000,0.000000,88.206104,-0.018959,-0.047044,-0.047393,0.069417,6.608856,16.399010,16.520787,16.399010,40.691996,40.994169,16.520787,40.994169,41.298586,-0.000000,0.000000,88.599438
2.7212,post_ramp,0.037,100.0000,4.204641,-1.322291,-1.492563,-0.176408,-0.082835,1.144350,-1.796292,0.941864,-2.489651,1.280874,-2.317845,0.800738,-1.777884,0.000823,-0.000159,0.023981,0.023981,0.000600,0.023981,0.023981,0.023981,0.023981,-0.139281,-0.307347,0.023981,0.023981,1.561902,-0.748749,1.233523,0.152866,0.002761,0.000000,-0.002761,-0.004142,0.695765,0.823987,0.823987,0.572653,1.104548,1.104548,0.778771,1.063232,1.063232,0.486849,0.919278,0.919278,-0.006388,0.086055,-0.009385,0.003613,0.061050,-0.009209,-0.010001,0.025005,-0.000176,0.078102,-0.464943,0.497877,0.685678,1.671527,-9.950625,10.655464,-9.950625,59.236224,-63.432144,10.655464,-63.432144,67.925275,-0.000000,0.000000,128.833027,0.078102,-0.464943,0.497877,0.685678,1.266958,-7.542218,8.076461,-7.542218,44.898938,-48.079295,8.076461,-48.079295,51.484928,-0.000000,0.000000,97.650824,-0.017706,0.118659,0.082629,-0.017082,0.116515,0.078226,-0.000624,0.002144,0.004403,-0.013232,-0.258754,-0.276043,0.378587,0.120074,2.348097,2.504985,2.348097,45.918021,48.986034,2.504985,48.986034,52.259037,-0.000000,0.000000,98.297131,-0.013232,-0.258754,-0.276043,0.378587,0.122756,2.400537,2.560929,2.400537,46.943523,50.080056,2.560929,50.080056,53.426156,-0.000000,0.000000,100.492434,0.002027,0.111719,0.078149,0.001881,0.109766,0.076593,0.000146,0.001954,0.001556,-0.018490,-0.159663,-0.059768,0.171483,1.333999,11.519367,4.312164,11.519367,99.472167,37.236444,4.312164,37.236444,13.939103,-0.000000,0.000000,114.745269,-0.018490,-0.159663,-0.059768,0.171483,1.351806,11.673135,4.369725,11.673135,100.799989,37.733501,4.369725,37.733501,14.125171,-0.000000,0.000000,116.276966,0.017830,0.107258,0.061148,0.016455,0.103733,0.056595,0.001375,0.003525,0.004553,-0.063593,-0.466788,-0.099623,0.481518,1.906637,13.995238,2.986906,13.995238,102.728857,21.924706,2.986906,21.924706,4.679238,-0.000000,-0.000000,109.314732,-0.063593,-0.466788,-0.099623,0.481518,2.060178,15.122268,3.227440,15.122268,111.001563,23.690292,3.227440,23.690292,5.056054,0.000000,0.000000,118.117795,0.041499,0.094625,0.077593,0.040951,0.094094,0.076850,0.000548,0.000531,0.000743,-0.018977,-0.047078,-0.047425,0.069466,6.582505,16.330063,16.450436,16.330063,40.512074,40.810699,16.450436,40.810699,41.111525,-0.000000,0.000000,88.206104,-0.018977,-0.047078,-0.047425,0.069466,6.611901,16.402988,16.523898,16.402988,40.692988,40.992947,16.523898,40.992947,41.295116,-0.000000,0.000000,88.600006
2.7394,post_ramp,0.037,100.0000,4.204641,-1.325359,-1.492563,-0.176408,-0.081301,1.144350,-1.796292,0.941864,-2.489651,1.279340,-2.317845,0.800738,-1.777884,0.004994,-0.051160,0.023981,0.023981,0.029746,0.023981,0.023981,0.023981,0.023981,-0.106747,-0.340512,0.023981,0.023981,1.561902,-0.750487,1.233523,0.152866,0.002710,0.000000,-0.002710,-0.004065,0.695765,0.823987,0.823987,0.572653,1.104548,1.104548,0.777839,1.063232,1.063232,0.486849,0.919278,0.919278,-0.006370,0.086010,-0.009472,0.003613,0.061050,-0.009209,-0.009984,0.024960,-0.000263,0.078329,-0.466536,0.501276,0.689253,1.663566,-9.908364,10.646177,-9.908364,59.015214,-63.409706,10.646177,-63.409706,68.131427,-0.000000,0.000000,128.810207,0.078329,-0.466536,0.501276,0.689253,1.262309,-7.518439,8.078290,-7.518439,44.780581,-48.115109,8.078290,-48.115109,51.697938,-0.000000,0.000000,97.740828,-0.017707,0.118659,0.082628,-0.017082,0.116515,0.078226,-0.000626,0.002144,0.004403,-0.013215,-0.258765,-0.276050,0.378600,0.119760,2.345049,2.501701,2.345049,45.918796,48.986231,2.501701,48.986231,52.258575,-0.000000,0.000000,98.297131,-0.013215,-0.258765,-0.276050,0.378600,0.122435,2.397424,2.557575,2.397424,46.944363,50.080307,2.557575,50.080307,53.425736,0.000000,0.000000,100.492535,0.002027,0.111719,0.078149,0.001881,0.109766,0.076593,0.000146,0.001954,0.001556,-0.018490,-0.159663,-0.059768,0.171483,1.333999,11.519367,4.312164,11.519367,99.472167,37.236444,4.312164,37.236444,13.939103,-0.000000,0.000000,114.745269,-0.018490,-0.159663,-0.059768,0.171483,1.351806,11.673135,4.369725,11.673135,100.799989,37.733501,4.369725,37.733501,14.125171,-0.000000,0.000000,116.276966,0.017847,0.107274,0.061206,0.016455,0.103733,0.056595,0.001392,0.003541,0.004611,-0.064374,-0.471518,-0.101078,0.486508,1.913924,14.018772,3.005171,14.018772,102.682200,22.011743,3.005171,22.011743,4.718606,0.000000,0.000000,109.314730,-0.064374,-0.471518,-0.101078,0.486508,2.070223,15.163603,3.250586,15.163603,111.067650,23.809313,3.250586,23.809313,5.103947,-0.000000,-0.000000,118.241820,0.041502,0.094625,0.077592,0.040951,0.094094,0.076850,0.000551,0.000531,0.000742,-0.018995,-0.047112,-0.047457,0.069516,6.585495,16.333918,16.453427,16.333918,40.512802,40.809220,16.453427,40.809220,41.107807,-0.000000,0.000000,88.206104,-0.018995,-0.047112,-0.047457,0.069516,6.614947,16.406967,16.527011,16.406967,40.693985,40.991729,16.527011,40.991729,41.291651,-0.000000,-0.000000,88.600584
2.7577,post_ramp,0.037,100.0000,4.204641,-1.323825,-1.492563,-0.176408,-0.078233,1.144350,-1.796292,0.941864,-2.489651,1.279340,-2.317845,0.800738,-1.777884,0.013890,-0.062782,0.023981,0.023981,0.078821,0.023981,0.023981,0.023981,0.023981,-0.079202,-0.234841,0.023981,0.023981,1.561902,-0.749618,1.233523,0.152866,0.002608,0.000000,-0.002608,-0.003912,0.695765,0.823987,0.823987,0.572653,1.104548,1.104548,0.777839,1.063232,1.063232,0.486849,0.919278,0.919278,-0.006379,0.086032,-0.009429,0.003613,0.061050,-0.009209,-0.009993,0.024982,-0.000220,0.078216,-0.465741,0.499575,0.687464,1.667543,-9.929483,10.650831,-9.929483,59.125708,-63.421016,10.650831,-63.421016,68.028365,-0.000000,0.000000,128.821615,0.078216,-0.465741,0.499575,0.687464,1.264632,-7.530327,8.077383,-7.530327,44.839788,-48.097267,8.077383,-48.097267,51.591391,-0.000000,0.000000,97.695811,-0.017711,0.118660,0.082628,-0.017082,0.116515,0.078226,-0.000629,0.002144,0.004402,-0.013181,-0.258786,-0.276066,0.378624,0.119135,2.338953,2.495134,2.338953,45.920348,48.986625,2.495134,48.986625,52.257649,-0.000000,0.000000,98.297131,-0.013181,-0.258786,-0.276066,0.378624,0.121796,2.391197,2.550866,2.391197,46.946043,50.080810,2.550866,50.080810,53.424897,-0.000000,0.000000,100.492735,0.002027,0.111719,0.078149,0.001881,0.109766,0.076593,0.000146,0.001954,0.001556,-0.018490,-0.159663,-0.059768,0.171483,1.333999,11.519367,4.312164,11.519367,99.472167,37.236444,4.312164,37.236444,13.939103,-0.000000,0.000000,114.745269,-0.018490,-0.159663,-0.059768,0.171483,1.351806,11.673135,4.369725,11.673135,100.799989,37.733501,4.369725,37.733501,14.125171,-0.000000,0.000000,116.276966,0.017849,0.107274,0.061206,0.016455,0.103733,0.056595,0.001394,0.003541,0.004611,-0.064406,-0.471554,-0.101077,0.486546,1.915489,14.024452,3.006137,14.024452,102.681461,22.009737,3.006137,22.009737,4.717780,-0.000000,0.000000,109.314730,-0.064406,-0.471554,-0.101077,0.486546,2.071933,15.169868,3.251656,15.169868,111.067742,23.807333,3.251656,23.807333,5.103094,0.000000,0.000000,118.242768,0.041507,0.094626,0.077591,0.040951,0.094094,0.076850,0.000556,0.000532,0.000741,-0.019030,-0.047180,-0.047520,0.069615,6.591477,16.341628,16.459408,16.341628,40.514258,40.806262,16.459408,40.806262,41.100369,-0.000000,0.000000,88.206104,-0.019030,-0.047180,-0.047520,0.069615,6.621041,16.414925,16.533234,16.414925,40.695977,40.989290,16.533234,40.989290,41.284717,-0.000000,0.000000,88.601735
2.7758,post_ramp,0.037,100.0000,4.204641,-1.323825,-1.492563,-0.176408,-0.078233,1.144350,-1.796292,0.941864,-2.489651,1.279340,-2.316311,0.800738,-1.777884,0.012120,-0.023726,0.023981,0.023981,0.102809,0.023981,0.023981,0.023981,0.023981,-0.050188,-0.101654,0.023981,0.023981,1.561902,-0.749618,1.233523,0.152866,0.002608,0.000000,-0.002608,-0.003912,0.695765,0.823987,0.823987,0.572653,1.104548,1.104548,0.777839,1.062528,1.062528,0.486849,0.919278,0.919278,-0.006379,0.086032,-0.009429,0.003613,0.061050,-0.009209,-0.009993,0.024982,-0.000220,0.078216,-0.465741,0.499575,0.687464,1.667543,-9.929483,10.650831,-9.929483,59.125708,-63.421016,10.650831,-63.421016,68.028365,-0.000000,0.000000,128.821615,0.078216,-0.465741,0.499575,0.687464,1.264632,-7.530327,8.077383,-7.530327,44.839788,-48.097267,8.077383,-48.097267,51.591391,-0.000000,0.000000,97.695811,-0.017711,0.118660,0.082628,-0.017082,0.116515,0.078226,-0.000629,0.002144,0.004402,-0.013181,-0.258786,-0.276066,0.378624,0.119135,2.338953,2.495134,2.338953,45.920348,48.986625,2.495134,48.986625,52.257649,-0.000000,0.000000,98.297131,-0.013181,-0.258786,-0.276066,0.378624,0.121796,2.391197,2.550866,2.391197,46.946043,50.080810,2.550866,50.080810,53.424897,-0.000000,-0.000000,100.492735,0.002027,0.111719,0.078149,0.001881,0.109766,0.076593,0.000146,0.001954,0.001556,-0.018490,-0.159663,-0.059768,0.171483,1.333999,11.519367,4.312164,11.519367,99.472167,37.236444,4.312164,37.236444,13.939103,-0.000000,0.000000,114.745269,-0.018490,-0.159663,-0.059768,0.171483,1.351806,11.673135,4.369725,11.673135,100.799989,37.733501,4.369725,37.733501,14.125171,-0.000000,0.000000,116.276966,0.017856,0.107310,0.061228,0.016455,0.103733,0.056595,0.001401,0.003577,0.004633,-0.064975,-0.474338,-0.102357,0.489587,1.925527,14.057058,3.033364,14.057058,102.621696,22.144669,3.033364,22.144669,4.778584,-0.000000,0.000000,109.325808,-0.064975,-0.474338,-0.102357,0.489587,2.082806,15.205254,3.281132,15.205254,111.003944,23.953469,3.281132,23.953469,5.168904,-0.000000,0.000000,118.255655,0.041507,0.094626,0.077591,0.040951,0.094094,0.076850,0.000556,0.000532,0.000741,-0.019030,-0.047180,-0.047520,0.069616,6.591477,16.341628,16.459408,16.341628,40.514258,40.806262,16.459408,40.806262,41.100369,-0.000000,-0.000000,88.206104,-0.019030,-0.047180,-0.047520,0.069616,6.621042,16.414925,16.533234,16.414925,40.695977,40.989290,16.533234,40.989290,41.284718,-0.000000,-0.000000,88.601736
2.7940,post_ramp,0.037,100.0000,4.204641,-1.323825,-1.492563,-0.176408,-0.079767,1.144350,-1.796292,0.941864,-2.489651,1.279340,-2.314777,0.800738,-1.777884,0.006441,0.003365,0.023981,0.023981,0.068062,0.023981,0.023981,0.023981,0.023981,-0.026672,-0.012067,0.023981,0.023981,1.561902,-0.749618,1.233523,0.152866,0.002659,0.000000,-0.002659,-0.003988,0.695765,0.823987,0.823987,0.572653,1.104548,1.104548,0.777839,1.061824,1.061824,0.486849,0.919278,0.919278,-0.006379,0.086032,-0.009429,0.003613,0.061050,-0.009209,-0.009993,0.024982,-0.000220,0.078216,-0.465741,0.499575,0.687464,1.667543,-9.929483,10.650831,-9.929483,59.125708,-63.421016,10.650831,-63.421016,68.028365,-0.000000,0.000000,128.821615,0.078216,-0.465741,0.499575,0.687464,1.264632,-7.530327,8.077383,-7.530327,44.839788,-48.097267,8.077383,-48.097267,51.591391,-0.000000,0.000000,97.695811,-0.017709,0.118659,0.082628,-0.017082,0.116515,0.078226,-0.000627,0.002144,0.004402,-0.013198,-0.258775,-0.276058,0.378612,0.119447,2.342001,2.498418,2.342001,45.919572,48.986428,2.498418,48.986428,52.258112,0.000000,0.000000,98.297131,-0.013198,-0.258775,-0.276058,0.378612,0.122115,2.394311,2.554221,2.394311,46.945203,50.080559,2.554221,50.080559,53.425316,-0.000000,0.000000,100.492635,0.002027,0.111719,0.078149,0.001881,0.109766,0.076593,0.000146,0.001954,0.001556,-0.018490,-0.159663,-0.059768,0.171483,1.333999,11.519367,4.312164,11.519367,99.472167,37.236444,4.312164,37.236444,13.939103,-0.000000,0.000000,114.745269,-0.018490,-0.159663,-0.059768,0.171483,1.351806,11.673135,4.369725,11.673135,100.799989,37.733501,4.369725,37.733501,14.125171,-0.000000,0.000000,116.276966,0.017862,0.107345,0.061250,0.016455,0.103733,0.056595,0.001407,0.003612,0.004655,-0.065529,-0.477101,-0.103645,0.492607,1.934789,14.086687,3.060178,14.086687,102.561462,22.280354,3.060178,22.280354,4.840163,-0.000000,0.000000,109.336414,-0.065529,-0.477101,-0.103645,0.492607,2.092829,15.237334,3.310144,15.237334,110.939021,24.100287,3.310144,24.100287,5.235523,-0.000000,0.000000,118.267373,0.041504,0.094626,0.077591,0.040951,0.094094,0.076850,0.000554,0.000532,0.000742,-0.019013,-0.047146,-0.047489,0.069566,6.588486,16.337773,16.456418,16.337773,40.513530,40.807741,16.456418,40.807741,41.104088,-0.000000,0.000000,88.206104,-0.019013,-0.047146,-0.047489,0.069566,6.617994,16.410946,16.530123,16.410946,40.694983,40.990511,16.530123,40.990511,41.288186,-0.000000,0.000000,88.601163
2.8122,post_ramp,0.037,100.0000,4.204641,-1.323825,-1.492563,-0.176408,-0.081301,1.144350,-1.796292,0.941864,-2.489651,1.279340,-2.311709,0.800738,-1.777884,0.003423,0.006526,0.023981,0.023981,0.010189,0.023981,0.023981,0.023981,0.023981,-0.014174,0.040931,0.023981,0.023981,1.561902,-0.749618,1.233523,0.152866,0.002710,0.000000,-0.002710,-0.004065,0.695765,0.823987,0.823987,0.572653,1.104548,1.104548,0.777839,1.060417,1.060417,0.486849,0.919278,0.919278,-0.006379,0.086032,-0.009429,0.003613,0.061050,-0.009209,-0.009993,0.024982,-0.000220,0.078216,-0.465741,0.499575,0.687464,1.667543,-9.929483,10.650831,-9.929483,59.125708,-63.421016,10.650831,-63.421016,68.028365,-0.000000,0.000000,128.821615,0.078216,-0.465741,0.499575,0.687464,1.264632,-7.530327,8.077383,-7.530327,44.839788,-48.097267,8.077383,-48.097267,51.591391,-0.000000,0.000000,97.695811,-0.017707,0.118659,0.082628,-0.017082,0.116515,0.078226,-0.000626,0.002144,0.004403,-0.013215,-0.258765,-0.276050,0.378600,0.119760,2.345049,2.501701,2.345049,45.918796,48.986231,2.501701,48.986231,52.258575,-0.000000,0.000000,98.297131,-0.013215,-0.258765,-0.276050,0.378600,0.122435,2.397424,2.557575,2.397424,46.944363,50.080307,2.557575,50.080307,53.425736,-0.000000,0.000000,100.492534,0.002027,0.111719,0.078149,0.001881,0.109766,0.076593,0.000146,0.001954,0.001556,-0.018490,-0.159663,-0.059768,0.171483,1.333999,11.519367,4.312164,11.519367,99.472167,37.236444,4.312164,37.236444,13.939103,-0.000000,0.000000,114.745269,-0.018490,-0.159663,-0.059768,0.171483,1.351806,11.673135,4.369725,11.673135,100.799989,37.733501,4.369725,37.733501,14.125171,-0.000000,0.000000,116.276966,0.017876,0.107416,0.061294,0.016455,0.103733,0.056595,0.001421,0.003683,0.004698,-0.066659,-0.482632,-0.106243,0.498663,1.954126,14.148391,3.114519,14.148391,102.438119,22.549947,3.114519,22.549947,4.963973,-0.000000,0.000000,109.356218,-0.066659,-0.482632,-0.106243,0.498663,2.113753,15.304132,3.368935,15.304132,110.805992,24.391987,3.368935,24.391987,5.369466,-0.000000,0.000000,118.289211,0.041502,0.094625,0.077592,0.040951,0.094094,0.076850,0.000551,0.000531,0.000742,-0.018995,-0.047112,-0.047457,0.069517,6.585495,16.333918,16.453427,16.333918,40.512802,40.809220,16.453427,40.809220,41.107807,-0.000000,0.000000,88.206104,-0.018995,-0.047112,-0.047457,0.069517,6.614948,16.406968,16.527012,16.406968,40.693989,40.991732,16.527012,40.991732,41.291654,-0.000000,0.000000,88.600591
2.8303,post_ramp,0.037,100.0000,4.204641,-1.320757,-1.492563,-0.176408,-0.082835,1.144350,-1.796292,0.941864,-2.489651,1.280874,-2.313243,0.800738,-1.777884,0.001819,0.020612,0.023981,0.023981,-0.028295,0.023981,0.023981,0.023981,0.023981,0.005270,0.070980,0.023981,0.023981,1.561902,-0.747881,1.233523,0.152866,0.002761,0.000000,-0.002761,-0.004142,0.695765,0.823987,0.823987,0.572653,1.104548,1.104548,0.778771,1.061121,1.061121,0.486849,0.919278,0.919278,-0.006397,0.086078,-0.009341,0.003613,0.061050,-0.009209,-0.010010,0.025028,-0.000133,0.077988,-0.464145,0.496182,0.683892,1.675518,-9.971790,10.660078,-9.971790,59.346764,-63.443090,10.660078,-63.443090,67.822158,-0.000000,0.000000,128.844441,0.077988,-0.464145,0.496182,0.683892,1.269286,-7.554111,8.075523,-7.554111,44.958031,-48.061195,8.075523,-48.061195,51.378550,-0.000000,0.000000,97.605866,-0.017706,0.118659,0.082629,-0.017082,0.116515,0.078226,-0.000624,0.002144,0.004403,-0.013232,-0.258754,-0.276043,0.378587,0.120074,2.348097,2.504985,2.348097,45.918021,48.986034,2.504985,48.986034,52.259037,0.000000,0.000000,98.297131,-0.013232,-0.258754,-0.276043,0.378587,0.122756,2.400537,2.560929,2.400537,46.943523,50.080056,2.560929,50.080056,53.426156,-0.000000,0.000000,100.492434,0.002027,0.111719,0.078149,0.001881,0.109766,0.076593,0.000146,0.001954,0.001556,-0.018490,-0.159663,-0.059768,0.171483,1.333999,11.519367,4.312164,11.519367,99.472167,37.236444,4.312164,37.236444,13.939103,-0.000000,0.000000,114.745269,-0.018490,-0.159663,-0.059768,0.171483,1.351806,11.673135,4.369725,11.673135,100.799989,37.733501,4.369725,37.733501,14.125171,-0.000000,0.000000,116.276966,0.017852,0.107365,0.061214,0.016455,0.103733,0.056595,0.001397,0.003631,0.004618,-0.065296,-0.475133,-0.103457,0.490631,1.936716,14.092766,3.068605,14.092766,102.547826,22.329096,3.068605,22.329096,4.862010,-0.000000,0.000000,109.346552,-0.065296,-0.475133,-0.103457,0.490631,2.092731,15.228029,3.315800,15.228029,110.808717,24.127849,3.315800,24.127849,5.253676,-0.000000,-0.000000,118.155124,0.041499,0.094625,0.077593,0.040951,0.094094,0.076850,0.000548,0.000531,0.000743,-0.018977,-0.047078,-0.047425,0.069467,6.582505,16.330063,16.450436,16.330063,40.512074,40.810699,16.450436,40.810699,41.111525,0.000000,0.000000,88.206104,-0.018977,-0.047078,-0.047425,0.069467,6.611901,16.402989,16.523899,16.402989,40.692991,40.992949,16.523899,40.992949,41.295119,-0.000000,0.000000,88.600011
2.8485,post_ramp,0.037,100.0000,4.204641,-1.314622,-1.492563,-0.176408,-0.082835,1.144350,-1.796292,0.941864,-2.489651,1.285476,-2.314777,0.800738,-1.777884,0.000967,0.098066,0.023981,0.023981,-0.038926,0.023981,0.023981,0.023981,0.023981,0.046974,0.031072,0.023981,0.023981,1.561902,-0.744406,1.233523,0.152866,0.002761,0.000000,-0.002761,-0.004142,0.695765,0.823987,0.823987,0.572653,1.104548,1.104548,0.781569,1.061824,1.061824,0.486849,0.919278,0.919278,-0.006432,0.086168,-0.009167,0.003613,0.061050,-0.009209,-0.010046,0.025118,0.000042,0.077531,-0.460937,0.489430,0.676768,1.691557,-10.056677,10.678337,-10.056677,59.789149,-63.485055,10.678337,-63.485055,67.409425,-0.000000,0.000000,128.890131,0.077531,-0.460937,0.489430,0.676768,1.278625,-7.601708,8.071613,-7.601708,45.193820,-47.987506,8.071613,-47.987506,50.953885,-0.000000,0.000000,97.426330,-0.017706,0.118659,0.082629,-0.017082,0.116515,0.078226,-0.000624,0.002144,0.004403,-0.013232,-0.258754,-0.276043,0.378587,0.120074,2.348097,2.504985,2.348097,45.918021,48.986034,2.504985,48.986034,52.259037,-0.000000,0.000000,98.297131,-0.013232,-0.258754,-0.276043,0.378587,0.122756,2.400537,2.560929,2.400537,46.943523,50.080056,2.560929,50.080056,53.426156,-0.000000,0.000000,100.492434,0.002027,0.111719,0.078149,0.001881,0.109766,0.076593,0.000146,0.001954,0.001556,-0.018490,-0.159663,-0.059768,0.171483,1.333999,11.519367,4.312164,11.519367,99.472167,37.236444,4.312164,37.236444,13.939103,-0.000000,0.000000,114.745269,-0.018490,-0.159663,-0.059768,0.171483,1.351806,11.673135,4.369725,11.673135,100.799989,37.733501,4.369725,37.733501,14.125171,-0.000000,0.000000,116.276966,0.017796,0.107281,0.061017,0.016455,0.103733,0.056595,0.001341,0.003548,0.004422,-0.062427,-0.458213,-0.097801,0.472675,1.907132,13.998385,2.987816,13.998385,102.748414,21.930630,2.987816,21.930630,4.680875,-0.000000,0.000000,109.336421,-0.062427,-0.458213,-0.097801,0.472675,2.054301,15.078609,3.218380,15.078609,110.677282,23.622968,3.218380,23.622968,5.042088,-0.000000,0.000000,117.773671,0.041499,0.094625,0.077593,0.040951,0.094094,0.076850,0.000548,0.000531,0.000743,-0.018976,-0.047077,-0.047424,0.069466,6.582505,16.330063,16.450436,16.330063,40.512074,40.810699,16.450436,40.810699,41.111525,0.000000,0.000000,88.206104,-0.018976,-0.047077,-0.047424,0.069466,6.611900,16.402987,16.523897,16.402987,40.692985,40.992944,16.523897,40.992944,41.295114,-0.000000,0.000000,88.600000
2.8667,post_ramp,0.037,100.0000,4.204641,-1.308486,-1.492563,-0.176408,-0.082835,1.144350,-1.796292,0.941864,-2.489651,1.294680,-2.313243,0.800738,-1.777884,0.000514,0.206255,0.023981,0.023981,-0.022103,0.023981,0.023981,0.023981,0.023981,0.153857,-0.008299,0.023981,0.023981,1.561902,-0.740932,1.233523,0.152866,0.002761,0.000000,-0.002761,-0.004142,0.695765,0.823987,0.823987,0.572653,1.104548,1.104548,0.787165,1.061121,1.061121,0.486849,0.919278,0.919278,-0.006468,0.086258,-0.008992,0.003613,0.061050,-0.009209,-0.010081,0.025208,0.000217,0.077069,-0.457707,0.482725,0.669670,1.707712,-10.141928,10.696277,-10.141928,60.231877,-63.524103,10.696277,-63.524103,66.996279,-0.000000,0.000000,128.935868,0.077069,-0.457707,0.482725,0.669670,1.288007,-7.649343,8.067450,-7.649343,45.428670,-47.911765,8.067450,-47.911765,50.530583,-0.000000,0.000000,97.247260,-0.017706,0.118659,0.082629,-0.017082,0.116515,0.078226,-0.000624,0.002144,0.004403,-0.013232,-0.258754,-0.276043,0.378587,0.120074,2.348097,2.504985,2.348097,45.918021,48.986034,2.504985,48.986034,52.259037,-0.000000,0.000000,98.297131,-0.013232,-0.258754,-0.276043,0.378587,0.122756,2.400537,2.560929,2.400537,46.943523,50.080056,2.560929,50.080056,53.426156,-0.000000,-0.000000,100.492435,0.002027,0.111719,0.078149,0.001881,0.109766,0.076593,0.000146,0.001954,0.001556,-0.018490,-0.159663,-0.059768,0.171483,1.333999,11.519367,4.312164,11.519367,99.472167,37.236444,4.312164,37.236444,13.939103,-0.000000,0.000000,114.745269,-0.018490,-0.159663,-0.059768,0.171483,1.351806,11.673135,4.369725,11.673135,100.799989,37.733501,4.369725,37.733501,14.125171,-0.000000,0.000000,116.276966,0.017707,0.107220,0.060690,0.016455,0.103733,0.056595,0.001252,0.003487,0.004095,-0.058435,-0.432661,-0.090496,0.445870,1.878193,13.906328,2.908682,13.906328,102.963818,21.536166,2.908682,21.536166,4.504558,-0.000000,0.000000,109.346569,-0.058435,-0.432661,-0.090496,0.445870,2.010440,14.885493,3.113486,14.885493,110.213653,23.052560,3.113486,23.052560,4.821730,-0.000000,0.000000,117.045823,0.041499,0.094625,0.077593,0.040951,0.094094,0.076850,0.000548,0.000531,0.000743,-0.018976,-0.047076,-0.047423,0.069464,6.582505,16.330063,16.450436,16.330063,40.512074,40.810699,16.450436,40.810699,41.111525,-0.000000,0.000000,88.206104,-0.018976,-0.047076,-0.047423,0.069464,6.611899,16.402983,16.523894,16.402983,40.692978,40.992936,16.523894,40.992936,41.295106,-0.000000,0.000000,88.599982
2.8849,post_ramp,0.037,100.0000,4.204641,-1.306952,-1.492563,-0.176408,-0.082835,1.144350,-1.796292,0.941864,-2.489651,1.302350,-2.313243,0.800738,-1.777884,0.000273,0.254885,0.023981,0.023981,-0.011746,0.023981,0.023981,0.023981,0.023981,0.297351,0.011909,0.023981,0.023981,1.561902,-0.740063,1.233523,0.152866,0.002761,0.000000,-0.002761,-0.004142,0.695765,0.823987,0.823987,0.572653,1.104548,1.104548,0.791829,1.061121,1.061121,0.486849,0.919278,0.919278,-0.006477,0.086280,-0.008948,0.003613,0.061050,-0.009209,-0.010090,0.025230,0.000261,0.076953,-0.456896,0.481056,0.667900,1.711769,-10.163297,10.700712,-10.163297,60.342610,-63.533409,10.700712,-63.533409,66.892930,-0.000000,0.000000,128.947309,0.076953,-0.456896,0.481056,0.667900,1.290359,-7.661257,8.066370,-7.661257,45.487235,-47.892510,8.066370,-47.892510,50.424972,-0.000000,0.000000,97.202565,-0.017706,0.118659,0.082629,-0.017082,0.116515,0.078226,-0.000624,0.002144,0.004403,-0.013232,-0.258754,-0.276043,0.378587,0.120074,2.348097,2.504985,2.348097,45.918021,48.986034,2.504985,48.986034,52.259037,-0.000000,-0.000000,98.297131,-0.013232,-0.258754,-0.276043,0.378587,0.122756,2.400537,2.560929,2.400537,46.943524,50.080056,2.560929,50.080056,53.426156,-0.000000,0.000000,100.492435,0.002027,0.111719,0.078149,0.001881,0.109766,0.076593,0.000146,0.001954,0.001556,-0.018490,-0.159663,-0.059768,0.171483,1.333999,11.519367,4.312164,11.519367,99.472167,37.236444,4.312164,37.236444,13.939103,-0.000000,0.000000,114.745269,-0.018490,-0.159663,-0.059768,0.171483,1.351806,11.673135,4.369725,11.673135,100.799989,37.733501,4.369725,37.733501,14.125171,-0.000000,0.000000,116.276966,0.017626,0.107138,0.060400,0.016455,0.103733,0.056595,0.001171,0.003405,0.003804,-0.054704,-0.408996,-0.083603,0.421023,1.845987,13.801649,2.821193,13.801649,103.189004,21.092851,2.821193,21.092851,4.311587,-0.000000,0.000000,109.346577,-0.054704,-0.408996,-0.083603,0.421023,1.965508,14.695261,3.003856,14.695261,109.870157,22.458544,3.003856,22.458544,4.590748,-0.000000,-0.000000,116.426413,0.041499,0.094625,0.077593,0.040951,0.094094,0.076850,0.000548,0.000531,0.000743,-0.018976,-0.047075,-0.047422,0.069463,6.582505,16.330063,16.450436,16.330063,40.512074,40.810699,16.450436,40.810699,41.111525,-0.000000,0.000000,88.206104,-0.018976,-0.047075,-0.047422,0.069463,6.611898,16.402980,16.523891,16.402980,40.692970,40.992929,16.523891,40.992929,41.295098,-0.000000,-0.000000,88.599966
2.9031,post_ramp,0.037,100.0000,4.204641,-1.310020,-1.492563,-0.176408,-0.082835,1.144350,-1.796292,0.941864,-2.489651,1.303884,-2.316311,0.800738,-1.777884,0.000145,0.182440,0.023981,0.023981,-0.006242,0.023981,0.023981,0.023981,0.023981,0.348250,0.004112,0.023981,0.023981,1.561902,-0.741800,1.233523,0.152866,0.002761,0.000000,-0.002761,-0.004142,0.695765,0.823987,0.823987,0.572653,1.104548,1.104548,0.792761,1.062528,1.062528,0.486849,0.919278,0.919278,-0.006459,0.086235,-0.009035,0.003613,0.061050,-0.009209,-0.010072,0.025185,0.000174,0.077185,-0.458516,0.484397,0.671442,1.703662,-10.120581,10.691822,-10.120581,60.121164,-63.514614,10.691822,-63.514614,67.099603,-0.000000,0.000000,128.924429,0.077185,-0.458516,0.484397,0.671442,1.285658,-7.637431,8.068514,-7.637431,45.370047,-47.930892,8.068514,-47.930892,50.636280,-0.000000,0.000000,97.291984,-0.017706,0.118659,0.082629,-0.017082,0.116515,0.078226,-0.000624,0.002144,0.004403,-0.013232,-0.258754,-0.276043,0.378587,0.120074,2.348097,2.504985,2.348097,45.918021,48.986034,2.504985,48.986034,52.259037,-0.000000,0.000000,98.297131,-0.013232,-0.258754,-0.276043,0.378587,0.122756,2.400537,2.560929,2.400537,46.943524,50.080056,2.560929,50.080056,53.426156,-0.000000,0.000000,100.492435,0.002027,0.111719,0.078149,0.001881,0.109766,0.076593,0.000146,0.001954,0.001556,-0.018490,-0.159663,-0.059768,0.171483,1.333999,11.519367,4.312164,11.519367,99.472167,37.236444,4.312164,37.236444,13.939103,-0.000000,0.000000,114.745269,-0.018490,-0.159663,-0.059768,0.171483,1.351806,11.673135,4.369725,11.673135,100.799989,37.733501,4.369725,37.733501,14.125171,-0.000000,0.000000,116.276966,0.017596,0.107050,0.060299,0.016455,0.103733,0.056595,0.001141,0.003317,0.003704,-0.052904,-0.398668,-0.079972,0.410037,1.819921,13.714368,2.751076,13.714368,103.347263,20.731265,2.751076,20.731265,4.158652,-0.000000,0.000000,109.325837,-0.052904,-0.398668,-0.079972,0.410037,1.935530,14.585558,2.925835,14.585558,109.912283,22.048195,2.925835,22.048195,4.422826,-0.000000,0.000000,116.270639,0.041499,0.094625,0.077593,0.040951,0.094094,0.076850,0.000548,0.000531,0.000743,-0.018976,-0.047075,-0.047422,0.069462,6.582505,16.330063,16.450436,16.330063,40.512074,40.810699,16.450436,40.810699,41.111525,0.000000,0.000000,88.206104,-0.018976,-0.047075,-0.047422,0.069462,6.611898,16.402979,16.523890,16.402979,40.692967,40.992926,16.523890,40.992926,41.295095,-0.000000,-0.000000,88.599960
2.9213,post_ramp,0.037,100.0000,4.204641,-1.311554,-1.492563,-0.176408,-0.082835,1.144350,-1.796292,0.941864,-2.489651,1.302350,-2.322447,0.800738,-1.777884,0.000077,0.064844,0.023981,0.023981,-0.003318,0.023981,0.023981,0.023981,0.023981,0.249605,-0.065203,0.023981,0.023981,1.561902,-0.742669,1.233523,0.152866,0.002761,0.000000,-0.002761,-0.004142,0.695765,0.823987,0.823987,0.572653,1.104548,1.104548,0.791829,1.065343,1.065343,0.486849,0.919278,0.919278,-0.006450,0.086213,-0.009079,0.003613,0.061050,-0.009209,-0.010063,0.025163,0.000130,0.077300,-0.459325,0.486071,0.673216,1.699620,-10.099257,10.687347,-10.099257,60.010472,-63.504944,10.687347,-63.504944,67.202902,-0.000000,0.000000,128.912994,0.077300,-0.459325,0.486071,0.673216,1.283311,-7.625521,8.069563,-7.625521,45.311364,-47.949891,8.069563,-47.949891,50.742063,-0.000000,0.000000,97.336737,-0.017706,0.118659,0.082629,-0.017082,0.116515,0.078226,-0.000624,0.002144,0.004403,-0.013232,-0.258754,-0.276043,0.378587,0.120074,2.348097,2.504985,2.348097,45.918021,48.986034,2.504985,48.986034,52.259037,-0.000000,0.000000,98.297131,-0.013232,-0.258754,-0.276043,0.378587,0.122756,2.400537,2.560929,2.400537,46.943524,50.080056,2.560929,50.080056,53.426156,-0.000000,0.000000,100.492435,0.002027,0.111719,0.078149,0.001881,0.109766,0.076593,0.000146,0.001954,0.001556,-0.018490,-0.159663,-0.059768,0.171483,1.333999,11.519367,4.312164,11.519367,99.472167,37.236444,4.312164,37.236444,13.939103,-0.000000,0.000000,114.745269,-0.018490,-0.159663,-0.059768,0.171483,1.351806,11.673135,4.369725,11.673135,100.799989,37.733501,4.369725,37.733501,14.125171,-0.000000,0.000000,116.276966,0.017584,0.106923,0.060272,0.016455,0.103733,0.056595,0.001129,0.003190,0.003676,-0.051530,-0.392188,-0.076802,0.402946,1.787124,13.601687,2.663614,13.601687,103.521576,20.272594,2.663614,20.272594,3.969975,-0.000000,-0.000000,109.278675,-0.051530,-0.392188,-0.076802,0.402946,1.902354,14.478693,2.835357,14.478693,110.196410,21.579725,2.835357,21.579725,4.225950,-0.000000,0.000000,116.324713,0.041499,0.094625,0.077593,0.040951,0.094094,0.076850,0.000548,0.000531,0.000743,-0.018975,-0.047075,-0.047422,0.069462,6.582505,16.330063,16.450436,16.330063,40.512074,40.810699,16.450436,40.810699,41.111525,-0.000000,0.000000,88.206104,-0.018975,-0.047075,-0.047422,0.069462,6.611897,16.402979,16.523889,16.402979,40.692966,40.992924,16.523889,40.992924,41.295093,-0.000000,0.000000,88.599956
2.9394,post_ramp,0.037,100.0000,4.204641,-1.313088,-1.492563,-0.176408,-0.082835,1.144350,-1.796292,0.941864,-2.489651,1.299282,-2.333185,0.800738,-1.777884,0.000041,-0.010485,0.023981,0.023981,0.008057,0.023981,0.023981,0.023981,0.023981,0.103528,-0.185367,0.023981,0.023981,1.561902,-0.743538,1.233523,0.152866,0.002761,0.000000,-0.002761,-0.004142,0.695765,0.823987,0.823987,0.572653,1.104548,1.104548,0.789963,1.070268,1.070268,0.486849,0.919278,0.919278,-0.006441,0.086190,-0.009123,0.003613,0.061050,-0.009209,-0.010054,0.025140,0.000086,0.077416,-0.460131,0.487749,0.674991,1.695585,-10.077956,10.682852,-10.077956,59.899800,-63.495090,10.682852,-63.495090,67.306176,0.000000,0.000000,128.901561,0.077416,-0.460131,0.487749,0.674991,1.280967,-7.613613,8.070596,-7.613613,45.252621,-47.968762,8.070596,-47.968762,50.847931,-0.000000,0.000000,97.381519,-0.017706,0.118659,0.082629,-0.017082,0.116515,0.078226,-0.000624,0.002144,0.004403,-0.013232,-0.258754,-0.276043,0.378587,0.120074,2.348097,2.504985,2.348097,45.918021,48.986034,2.504985,48.986034,52.259037,-0.000000,0.000000,98.297131,-0.013232,-0.258754,-0.276043,0.378587,0.122756,2.400537,2.560929,2.400537,46.943524,50.080056,2.560929,50.080056,53.426156,-0.000000,0.000000,100.492436,0.002027,0.111719,0.078149,0.001881,0.109766,0.076593,0.000146,0.001954,0.001556,-0.018490,-0.159663,-0.059768,0.171483,1.333999,11.519367,4.312164,11.519367,99.472167,37.236444,4.312164,37.236444,13.939103,-0.000000,0.000000,114.745269,-0.018490,-0.159663,-0.059768,0.171483,1.351806,11.673135,4.369725,11.673135,100.799989,37.733501,4.369725,37.733501,14.125171,-0.000000,0.000000,116.276966,0.017567,0.106706,0.060239,0.016455,0.103733,0.056595,0.001112,0.002973,0.003644,-0.049330,-0.381908,-0.071701,0.391699,1.731615,13.405983,2.516891,13.405983,103.787714,19.485507,2.516891,19.485507,3.658284,-0.000000,0.000000,109.177613,-0.049330,-0.381908,-0.071701,0.391699,1.846619,14.296331,2.684048,14.296331,110.680695,20.779622,2.684048,20.779622,3.901247,-0.000000,0.000000,116.428561,0.041499,0.094625,0.077593,0.040951,0.094094,0.076850,0.000548,0.000531,0.000743,-0.018975,-0.047074,-0.047421,0.069461,6.582505,16.330063,16.450436,16.330063,40.512074,40.810699,16.450436,40.810699,41.111525,-0.000000,0.000000,88.206104,-0.018975,-0.047074,-0.047421,0.069461,6.611897,16.402978,16.523888,16.402978,40.692963,40.992921,16.523888,40.992921,41.295091,-0.000000,0.000000,88.599951
2.9576,post_ramp,0.037,100.0000,4.204641,-1.314622,-1.492563,-0.176408,-0.079767,1.144350,-1.796292,0.941864,-2.489651,1.294680,-2.337787,0.800738,-1.777884,0.000022,-0.052266,0.023981,0.023981,0.029895,0.023981,0.023981,0.023981,0.023981,-0.011808,-0.306774,0.023981,0.023981,1.561902,-0.744406,1.233523,0.152866,0.002659,0.000000,-0.002659,-0.003988,0.695765,0.823987,0.823987,0.572653,1.104548,1.104548,0.787165,1.072379,1.072379,0.486849,0.919278,0.919278,-0.006432,0.086168,-0.009167,0.003613,0.061050,-0.009209,-0.010046,0.025118,0.000042,0.077531,-0.460937,0.489430,0.676768,1.691557,-10.056677,10.678337,-10.056677,59.789149,-63.485055,10.678337,-63.485055,67.409425,-0.000000,0.000000,128.890131,0.077531,-0.460937,0.489430,0.676768,1.278625,-7.601708,8.071613,-7.601708,45.193820,-47.987506,8.071613,-47.987506,50.953885,-0.000000,0.000000,97.426330,-0.017709,0.118659,0.082628,-0.017082,0.116515,0.078226,-0.000627,0.002144,0.004402,-0.013198,-0.258775,-0.276058,0.378612,0.119447,2.342001,2.498418,2.342001,45.919572,48.986428,2.498418,48.986428,52.258112,-0.000000,0.000000,98.297131,-0.013198,-0.258775,-0.276058,0.378612,0.122115,2.394311,2.554221,2.394311,46.945204,50.080559,2.554221,50.080559,53.425317,0.000000,0.000000,100.492636,0.002027,0.111719,0.078149,0.001881,0.109766,0.076593,0.000146,0.001954,0.001556,-0.018490,-0.159663,-0.059768,0.171483,1.333999,11.519367,4.312164,11.519367,99.472167,37.236444,4.312164,37.236444,13.939103,-0.000000,0.000000,114.745269,-0.018490,-0.159663,-0.059768,0.171483,1.351806,11.673135,4.369725,11.673135,100.799989,37.733501,4.369725,37.733501,14.125171,-0.000000,0.000000,116.276966,0.017596,0.106649,0.060349,0.016455,0.103733,0.056595,0.001141,0.002916,0.003754,-0.049939,-0.387649,-0.072214,0.397468,1.722703,13.372361,2.491105,13.372361,103.801996,19.337022,2.491105,19.337022,3.602247,0.000000,0.000000,109.126946,-0.049939,-0.387649,-0.072214,0.397468,1.842867,14.305125,2.664867,14.305125,111.042509,20.685840,2.664867,20.685840,3.853515,-0.000000,0.000000,116.738891,0.041504,0.094626,0.077591,0.040951,0.094094,0.076850,0.000554,0.000532,0.000742,-0.019011,-0.047143,-0.047485,0.069561,6.588486,16.337773,16.456418,16.337773,40.513530,40.807741,16.456418,40.807741,41.104088,-0.000000,0.000000,88.206104,-0.019011,-0.047143,-0.047485,0.069561,6.617990,16.410936,16.530113,16.410936,40.694956,40.990485,16.530113,40.990485,41.288159,-0.000000,-0.000000,88.601106
2.9758,post_ramp,0.037,100.0000,4.204641,-1.314622,-1.492563,-0.176408,-0.076699,1.144350,-1.796292,0.941864,-2.489651,1.290078,-2.339321,0.800738,-1.777884,0.000012,-0.058345,0.023981,0.023981,0.075579,0.023981,0.023981,0.023981,0.023981,-0.102998,-0.309078,0.023981,0.023981,1.561902,-0.744406,1.233523,0.152866,0.002557,0.000000,-0.002557,-0.003835,0.695765,0.823987,0.823987,0.572653,1.104548,1.104548,0.784367,1.073083,1.073083,0.486849,0.919278,0.919278,-0.006432,0.086168,-0.009167,0.003613,0.061050,-0.009209,-0.010046,0.025118,0.000042,0.077531,-0.460937,0.489430,0.676768,1.691557,-10.056677,10.678337,-10.056677,59.789149,-63.485055,10.678337,-63.485055,67.409425,-0.000000,0.000000,128.890131,0.077531,-0.460937,0.489430,0.676768,1.278625,-7.601708,8.071613,-7.601708,45.193820,-47.987506,8.071613,-47.987506,50.953885,-0.000000,0.000000,97.426330,-0.017712,0.118660,0.082628,-0.017082,0.116515,0.078226,-0.000631,0.002144,0.004402,-0.013164,-0.258797,-0.276074,0.378637,0.118822,2.335905,2.491851,2.335905,45.921124,48.986821,2.491851,48.986821,52.257185,-0.000000,0.000000,98.297131,-0.013164,-0.258797,-0.276074,0.378637,0.121476,2.388084,2.547512,2.388084,46.946884,50.081061,2.547512,50.081061,53.424477,-0.000000,-0.000000,100.492837,0.002027,0.111719,0.078149,0.001881,0.109766,0.076593,0.000146,0.001954,0.001556,-0.018490,-0.159663,-0.059768,0.171483,1.333999,11.519367,4.312164,11.519367,99.472167,37.236444,4.312164,37.236444,13.939103,-0.000000,0.000000,114.745269,-0.018490,-0.159663,-0.059768,0.171483,1.351806,11.673135,4.369725,11.673135,100.799989,37.733501,4.369725,37.733501,14.125171,-0.000000,0.000000,116.276966,0.017638,0.106663,0.060501,0.016455,0.103733,0.056595,0.001183,0.002930,0.003906,-0.051584,-0.399053,-0.074892,0.409283,1.733159,13.407750,2.516304,13.407750,103.722579,19.466172,2.516304,19.466172,3.653321,-0.000000,-0.000000,109.109059,-0.051584,-0.399053,-0.074892,0.409283,1.860055,14.389416,2.700539,14.389416,111.316769,20.891415,2.700539,20.891415,3.920804,-0.000000,0.000000,117.097628,0.041509,0.094626,0.077590,0.040951,0.094094,0.076850,0.000559,0.000533,0.000740,-0.019047,-0.047212,-0.047549,0.069661,6.594468,16.345482,16.462398,16.345482,40.514986,40.804782,16.462398,40.804782,41.096650,-0.000000,0.000000,88.206104,-0.019047,-0.047212,-0.047549,0.069661,6.624086,16.418895,16.536336,16.418895,40.696951,40.988048,16.536336,40.988048,41.281227,-0.000000,0.000000,88.602264
2.9940,post_ramp,0.037,100.0000,4.204641,-1.314622,-1.492563,-0.176408,-0.076699,1.144350,-1.796292,0.941864,-2.489651,1.290078,-2.337787,0.800738,-1.777884,0.000006,-0.030025,0.023981,0.023981,0.103028,0.023981,0.023981,0.023981,0.023981,-0.148911,-0.193324,0.023981,0.023981,1.561902,-0.744406,1.233523,0.152866,0.002557,0.000000,-0.002557,-0.003835,0.695765,0.823987,0.823987,0.572653,1.104548,1.104548,0.784367,1.072379,1.072379,0.486849,0.919278,0.919278,-0.006432,0.086168,-0.009167,0.003613,0.061050,-0.009209,-0.010046,0.025118,0.000042,0.077531,-0.460937,0.489430,0.676768,1.691557,-10.056677,10.678337,-10.056677,59.789149,-63.485055,10.678337,-63.485055,67.409425,-0.000000,0.000000,128.890131,0.077531,-0.460937,0.489430,0.676768,1.278625,-7.601708,8.071613,-7.601708,45.193820,-47.987506,8.071613,-47.987506,50.953885,-0.000000,0.000000,97.426330,-0.017712,0.118660,0.082628,-0.017082,0.116515,0.078226,-0.000631,0.002144,0.004402,-0.013164,-0.258797,-0.276074,0.378637,0.118822,2.335905,2.491851,2.335905,45.921124,48.986821,2.491851,48.986821,52.257185,0.000000,0.000000,98.297131,-0.013164,-0.258797,-0.276074,0.378637,0.121476,2.388084,2.547512,2.388084,46.946884,50.081061,2.547512,50.081061,53.424477,-0.000000,0.000000,100.492837,0.002027,0.111719,0.078149,0.001881,0.109766,0.076593,0.000146,0.001954,0.001556,-0.018490,-0.159663,-0.059768,0.171483,1.333999,11.519367,4.312164,11.519367,99.472167,37.236444,4.312164,37.236444,13.939103,-0.000000,0.000000,114.745269,-0.018490,-0.159663,-0.059768,0.171483,1.351806,11.673135,4.369725,11.673135,100.799989,37.733501,4.369725,37.733501,14.125171,-0.000000,0.000000,116.276966,0.017645,0.106699,0.060522,0.016455,0.103733,0.056595,0.001190,0.002966,0.003927,-0.052109,-0.401897,-0.075998,0.412325,1.742895,13.442385,2.541931,13.442385,103.676759,19.605089,2.541931,19.605089,3.707287,-0.000000,0.000000,109.126941,-0.052109,-0.401897,-0.075998,0.412325,1.870590,14.427253,2.728168,14.427253,111.272726,21.041472,2.728168,21.041472,3.978905,-0.000000,0.000000,117.122220,0.041509,0.094626,0.077590,0.040951,0.094094,0.076850,0.000559,0.000533,0.000740,-0.019047,-0.047212,-0.047549,0.069661,6.594468,16.345482,16.462398,16.345482,40.514986,40.804782,16.462398,40.804782,41.096650,-0.000000,0.000000,88.206104,-0.019047,-0.047212,-0.047549,0.069661,6.624086,16.418895,16.536336,16.418895,40.696952,40.988049,16.536336,40.988049,41.281228,-0.000000,0.000000,88.602266
3.0123,post_ramp,0.037,100.0000,4.204641,-1.316156,-1.492563,-0.176408,-0.078233,1.144350,-1.796292,0.941864,-2.489651,1.290078,-2.334719,0.800738,-1.777884,0.000003,-0.004248,0.023981,0.023981,0.066385,0.023981,0.023981,0.023981,0.023981,-0.097325,-0.047961,0.023981,0.023981,1.561902,-0.745275,1.233523,0.152866,0.002608,0.000000,-0.002608,-0.003912,0.695765,0.823987,0.823987,0.572653,1.104548,1.104548,0.784367,1.070972,1.070972,0.486849,0.919278,0.919278,-0.006423,0.086145,-0.009210,0.003613,0.061050,-0.009209,-0.010037,0.025095,-0.000001,0.077645,-0.461741,0.491113,0.678547,1.687536,-10.035421,10.673802,-10.035421,59.678520,-63.474837,10.673802,-63.474837,67.512647,-0.000000,0.000000,128.878704,0.077645,-0.461741,0.491113,0.678547,1.276287,-7.589805,8.072614,-7.589805,45.134960,-48.006121,8.072614,-48.006121,51.059924,-0.000000,0.000000,97.471170,-0.017711,0.118660,0.082628,-0.017082,0.116515,0.078226,-0.000629,0.002144,0.004402,-0.013181,-0.258786,-0.276066,0.378624,0.119135,2.338953,2.495134,2.338953,45.920348,48.986625,2.495134,48.986625,52.257649,-0.000000,0.000000,98.297131,-0.013181,-0.258786,-0.276066,0.378624,0.121796,2.391197,2.550866,2.391197,46.946044,50.080810,2.550866,50.080810,53.424897,-0.000000,0.000000,100.492736,0.002027,0.111719,0.078149,0.001881,0.109766,0.076593,0.000146,0.001954,0.001556,-0.018490,-0.159663,-0.059768,0.171483,1.333999,11.519367,4.312164,11.519367,99.472167,37.236444,4.312164,37.236444,13.939103,-0.000000,0.000000,114.745269,-0.018490,-0.159663,-0.059768,0.171483,1.351806,11.673135,4.369725,11.673135,100.799989,37.733501,4.369725,37.733501,14.125171,-0.000000,0.000000,116.276966,0.017658,0.106770,0.060564,0.016455,0.103733,0.056595,0.001203,0.003037,0.003969,-0.053151,-0.407557,-0.078233,0.418388,1.761689,13.508544,2.593035,13.508544,103.582827,19.883260,2.593035,19.883260,3.816695,-0.000000,-0.000000,109.161211,-0.053151,-0.407557,-0.078233,0.418388,1.890918,14.499463,2.783247,14.499463,111.181146,21.341797,2.783247,21.341797,4.096668,-0.000000,0.000000,117.168732,0.041507,0.094626,0.077591,0.040951,0.094094,0.076850,0.000556,0.000532,0.000741,-0.019029,-0.047178,-0.047518,0.069612,6.591477,16.341627,16.459408,16.341627,40.514258,40.806261,16.459408,40.806261,41.100369,-0.000000,0.000000,88.206104,-0.019029,-0.047178,-0.047518,0.069612,6.621038,16.414917,16.533226,16.414917,40.695958,40.989271,16.533226,40.989271,41.284698,-0.000000,0.000000,88.601694
3.0303,post_ramp,0.037,100.0000,4.204641,-1.316156,-1.492563,-0.176408,-0.081301,1.144350,-1.796292,0.941864,-2.489651,1.288544,-2.331651,0.800738,-1.777884,0.000002,-0.012078,0.023981,0.023981,0.003578,0.023981,0.023981,0.023981,0.023981,-0.041311,0.037525,0.023981,0.023981,1.561902,-0.745275,1.233523,0.152866,0.002710,0.000000,-0.002710,-0.004065,0.695765,0.823987,0.823987,0.572653,1.104548,1.104548,0.783435,1.069565,1.069565,0.486849,0.919278,0.919278,-0.006423,0.086145,-0.009210,0.003613,0.061050,-0.009209,-0.010037,0.025095,-0.000001,0.077645,-0.461741,0.491113,0.678547,1.687536,-10.035421,10.673802,-10.035421,59.678520,-63.474837,10.673802,-63.474837,67.512647,-0.000000,0.000000,128.878704,0.077645,-0.461741,0.491113,0.678547,1.276287,-7.589805,8.072614,-7.589805,45.134960,-48.006121,8.072614,-48.006121,51.059924,-0.000000,0.000000,97.471170,-0.017707,0.118659,0.082628,-0.017082,0.116515,0.078226,-0.000626,0.002144,0.004403,-0.013215,-0.258765,-0.276050,0.378600,0.119760,2.345049,2.501701,2.345049,45.918796,48.986231,2.501701,48.986231,52.258575,-0.000000,0.000000,98.297131,-0.013215,-0.258765,-0.276050,0.378600,0.122435,2.397424,2.557575,2.397424,46.944364,50.080308,2.557575,50.080308,53.425737,-0.000000,0.000000,100.492535,0.002027,0.111719,0.078149,0.001881,0.109766,0.076593,0.000146,0.001954,0.001556,-0.018490,-0.159663,-0.059768,0.171483,1.333999,11.519367,4.312164,11.519367,99.472167,37.236444,4.312164,37.236444,13.939103,-0.000000,0.000000,114.745269,-0.018490,-0.159663,-0.059768,0.171483,1.351806,11.673135,4.369725,11.673135,100.799989,37.733501,4.369725,37.733501,14.125171,-0.000000,0.000000,116.276966,0.017687,0.106858,0.060664,0.016455,0.103733,0.056595,0.001232,0.003125,0.004069,-0.054916,-0.417917,-0.081816,0.429376,1.786126,13.592717,2.661048,13.592717,103.442830,20.251019,2.661048,20.251019,3.964545,-0.000000,0.000000,109.193502,-0.054916,-0.417917,-0.081816,0.429376,1.919352,14.606588,2.859534,14.606588,111.158559,21.761529,2.859534,21.761529,4.260258,-0.000000,0.000000,117.338169,0.041502,0.094625,0.077592,0.040951,0.094094,0.076850,0.000551,0.000531,0.000742,-0.018994,-0.047110,-0.047455,0.069513,6.585495,16.333918,16.453427,16.333918,40.512802,40.809220,16.453427,40.809220,41.107807,-0.000000,0.000000,88.206104,-0.018994,-0.047110,-0.047455,0.069513,6.614945,16.406961,16.527005,16.406961,40.693970,40.991713,16.527005,40.991713,41.291635,-0.000000,0.000000,88.600550
