time_s,phase,ramp_duration_s,k_tip_Npm,q_motor_0_rad,q_motor_1_rad,q_motor_2_rad,q_motor_3_rad,q_motor_4_rad,q_motor_5_rad,q_motor_6_rad,q_motor_7_rad,q_motor_8_rad,q_motor_9_rad,q_motor_10_rad,q_motor_11_rad,q_motor_12_rad,q_dot_motor_0_rads,q_dot_motor_1_rads,q_dot_motor_2_rads,q_dot_motor_3_rads,q_dot_motor_4_rads,q_dot_motor_5_rads,q_dot_motor_6_rads,q_dot_motor_7_rads,q_dot_motor_8_rads,q_dot_motor_9_rads,q_dot_motor_10_rads,q_dot_motor_11_rads,q_dot_motor_12_rads,joint_thumb_CMC1_rad,joint_thumb_CMC2_rad,joint_thumb_MCP_rad,joint_thumb_IP_rad,joint_spread_index_rad,joint_spread_middle_rad,joint_spread_ring_rad,joint_spread_pinky_rad,joint_index_MCP_rad,joint_index_PIP_rad,joint_index_DIP_rad,joint_middle_MCP_rad,joint_middle_PIP_rad,joint_middle_DIP_rad,joint_ring_MCP_rad,joint_ring_PIP_rad,joint_ring_DIP_rad,joint_pinky_MCP_rad,joint_pinky_PIP_rad,joint_pinky_DIP_rad,tip_thumb_x_m,tip_thumb_y_m,tip_thumb_z_m,ref_thumb_x_m,ref_thumb_y_m,ref_thumb_z_m,disp_thumb_x_m,disp_thumb_y_m,disp_thumb_z_m,force_1st_thumb_x_N,force_1st_thumb_y_N,force_1st_thumb_z_N,force_1st_thumb_mag_N,stiff_1st_thumb_00_Npm,stiff_1st_thumb_01_Npm,stiff_1st_thumb_02_Npm,stiff_1st_thumb_10_Npm,stiff_1st_thumb_11_Npm,stiff_1st_thumb_12_Npm,stiff_1st_thumb_20_Npm,stiff_1st_thumb_21_Npm,stiff_1st_thumb_22_Npm,stiff_1st_thumb_eig_0_Npm,stiff_1st_thumb_eig_1_Npm,stiff_1st_thumb_eig_2_Npm,force_2nd_thumb_x_N,force_2nd_thumb_y_N,force_2nd_thumb_z_N,force_2nd_thumb_mag_N,stiff_2nd_thumb_00_Npm,stiff_2nd_thumb_01_Npm,stiff_2nd_thumb_02_Npm,stiff_2nd_thumb_10_Npm,stiff_2nd_thumb_11_Npm,stiff_2nd_thumb_12_Npm,stiff_2nd_thumb_20_Npm,stiff_2nd_thumb_21_Npm,stiff_2nd_thumb_22_Npm,stiff_2nd_thumb_eig_0_Npm,stiff_2nd_thumb_eig_1_Npm,stiff_2nd_thumb_eig_2_Npm,tip_index_x_m,tip_index_y_m,tip_index_z_m,ref_index_x_m,ref_index_y_m,ref_index_z_m,disp_index_x_m,disp_index_y_m,disp_index_z_m,force_1st_index_x_N,force_1st_index_y_N,force_1st_index_z_N,force_1st_index_mag_N,stiff_1st_index_00_Npm,stiff_1st_index_01_Npm,stiff_1st_index_02_Npm,stiff_1st_index_10_Npm,stiff_1st_index_11_Npm,stiff_1st_index_12_Npm,stiff_1st_index_20_Npm,stiff_1st_index_21_Npm,stiff_1st_index_22_Npm,stiff_1st_index_eig_0_Npm,stiff_1st_index_eig_1_Npm,stiff_1st_index_eig_2_Npm,force_2nd_index_x_N,force_2nd_index_y_N,force_2nd_index_z_N,force_2nd_index_mag_N,stiff_2nd_index_00_Npm,stiff_2nd_index_01_Npm,stiff_2nd_index_02_Npm,stiff_2nd_index_10_Npm,stiff_2nd_index_11_Npm,stiff_2nd_index_12_Npm,stiff_2nd_index_20_Npm,stiff_2nd_index_21_Npm,stiff_2nd_index_22_Npm,stiff_2nd_index_eig_0_Npm,stiff_2nd_index_eig_1_Npm,stiff_2nd_index_eig_2_Npm,tip_middle_x_m,tip_middle_y_m,tip_middle_z_m,ref_middle_x_m,ref_middle_y_m,ref_middle_z_m,disp_middle_x_m,disp_middle_y_m,disp_middle_z_m,force_1st_middle_x_N,force_1st_middle_y_N,force_1st_middle_z_N,force_1st_middle_mag_N,stiff_1st_middle_00_Npm,stiff_1st_middle_01_Npm,stiff_1st_middle_02_Npm,stiff_1st_middle_10_Npm,stiff_1st_middle_11_Npm,stiff_1st_middle_12_Npm,stiff_1st_middle_20_Npm,stiff_1st_middle_21_Npm,stiff_1st_middle_22_Npm,stiff_1st_middle_eig_0_Npm,stiff_1st_middle_eig_1_Npm,stiff_1st_middle_eig_2_Npm,force_2nd_middle_x_N,force_2nd_middle_y_N,force_2nd_middle_z_N,force_2nd_middle_mag_N,stiff_2nd_middle_00_Npm,stiff_2nd_middle_01_Npm,stiff_2nd_middle_02_Npm,stiff_2nd_middle_10_Npm,stiff_2nd_middle_11_Npm,stiff_2nd_middle_12_Npm,stiff_2nd_middle_20_Npm,stiff_2nd_middle_21_Npm,stiff_2nd_middle_22_Npm,stiff_2nd_middle_eig_0_Npm,stiff_2nd_middle_eig_1_Npm,stiff_2nd_middle_eig_2_Npm,tip_ring_x_m,tip_ring_y_m,tip_ring_z_m,ref_ring_x_m,ref_ring_y_m,ref_ring_z_m,disp_ring_x_m,disp_ring_y_m,disp_ring_z_m,force_1st_ring_x_N,force_1st_ring_y_N,force_1st_ring_z_N,force_1st_ring_mag_N,stiff_1st_ring_00_Npm,stiff_1st_ring_01_Npm,stiff_1st_ring_02_Npm,stiff_1st_ring_10_Npm,stiff_1st_ring_11_Npm,stiff_1st_ring_12_Npm,stiff_1st_ring_20_Npm,stiff_1st_ring_21_Npm,stiff_1st_ring_22_Npm,stiff_1st_ring_eig_0_Npm,stiff_1st_ring_eig_1_Npm,stiff_1st_ring_eig_2_Npm,force_2nd_ring_x_N,force_2nd_ring_y_N,force_2nd_ring_z_N,force_2nd_ring_mag_N,stiff_2nd_ring_00_Npm,stiff_2nd_ring_01_Npm,stiff_2nd_ring_02_Npm,stiff_2nd_ring_10_Npm,stiff_2nd_ring_11_Npm,stiff_2nd_ring_12_Npm,stiff_2nd_ring_20_Npm,stiff_2nd_ring_21_Npm,stiff_2nd_ring_22_Npm,stiff_2nd_ring_eig_0_Npm,stiff_2nd_ring_eig_1_Npm,stiff_2nd_ring_eig_2_Npm,tip_pinky_x_m,tip_pinky_y_m,tip_pinky_z_m,ref_pinky_x_m,ref_pinky_y_m,ref_pinky_z_m,disp_pinky_x_m,disp_pinky_y_m,disp_pinky_z_m,force_1st_pinky_x_N,force_1st_pinky_y_N,force_1st_pinky_z_N,force_1st_pinky_mag_N,stiff_1st_pinky_00_Npm,stiff_1st_pinky_01_Npm,stiff_1st_pinky_02_Npm,stiff_1st_pinky_10_Npm,stiff_1st_pinky_11_Npm,stiff_1st_pinky_12_Npm,stiff_1st_pinky_20_Npm,stiff_1st_pinky_21_Npm,stiff_1st_pinky_22_Npm,stiff_1st_pinky_eig_0_Npm,stiff_1st_pinky_eig_1_Npm,stiff_1st_pinky_eig_2_Npm,force_2nd_pinky_x_N,force_2nd_pinky_y_N,force_2nd_pinky_z_N,force_2nd_pinky_mag_N,stiff_2nd_pinky_00_Npm,stiff_2nd_pinky_01_Npm,stiff_2nd_pinky_02_Npm,stiff_2nd_pinky_10_Npm,stiff_2nd_pinky_11_Npm,stiff_2nd_pinky_12_Npm,stiff_2nd_pinky_20_Npm,stiff_2nd_pinky_21_Npm,stiff_2nd_pinky_22_Npm,stiff_2nd_pinky_eig_0_Npm,stiff_2nd_pinky_eig_1_Npm,stiff_2nd_pinky_eig_2_Npm
0.0333,baseline,0.518,20.0000,4.215379,-1.221049,-1.291612,-0.073631,-0.075165,1.165825,-1.998777,0.977146,-2.699806,1.366777,-2.458971,1.412796,-1.965029,0.003294,0.289182,0.023981,0.023981,0.012162,0.023981,0.023981,0.023981,0.023981,0.412545,0.024120,0.023981,0.023981,1.565891,-0.691421,1.067448,0.063805,0.002506,0.000000,-0.002506,-0.003758,0.708822,0.916870,0.916870,0.594105,1.197784,1.197784,0.831000,1.127968,1.127968,0.858980,1.016044,1.016044,-0.007167,0.089838,-0.010132,0.003613,0.061050,-0.009209,-0.010781,0.028788,-0.000923,-0.002572,0.004614,-0.005648,0.007733,3.434632,-6.160630,7.540949,-6.160630,11.050196,-13.526047,7.540949,-13.526047,16.556625,-0.000000,0.000000,31.041453,-0.002572,0.004614,-0.005648,0.007733,2.501677,-4.487207,5.492588,-4.487207,8.048611,-9.851943,5.492588,-9.851943,12.059319,-0.000000,0.000000,22.609608,-0.017084,0.115269,0.077039,-0.016418,0.114029,0.072616,-0.000667,0.001240,0.004423,-0.027705,-0.312662,-0.224599,0.385966,0.539721,6.090939,4.375385,6.090939,68.738381,49.377755,4.375385,49.377755,35.470179,-0.000000,0.000000,104.748281,-0.027705,-0.312662,-0.224599,0.385966,0.568529,6.416045,4.608923,6.416045,72.407323,52.013315,4.608923,52.013315,37.363416,-0.000000,0.000000,110.339268,0.001650,0.107078,0.073470,0.001630,0.106986,0.072969,0.000020,0.000092,0.000501,-0.003748,-0.035340,-0.005319,0.035934,1.062358,10.017331,1.507609,10.017331,94.456798,14.215756,1.507609,14.215756,2.139472,-0.000000,0.000000,97.658628,-0.003748,-0.035340,-0.005319,0.035934,1.076474,10.150436,1.527641,10.150436,95.711897,14.404648,1.527641,14.404648,2.167901,-0.000000,0.000000,98.956271,0.016360,0.102849,0.056255,0.015514,0.100794,0.053406,0.000846,0.002055,0.002849,-0.025001,-0.286194,-0.009553,0.287443,0.802138,9.182459,0.306498,9.182459,105.115959,3.508632,0.306498,3.508632,0.117114,-0.000000,0.000000,106.035211,-0.025001,-0.286194,-0.009553,0.287443,0.857626,9.817653,0.327700,9.817653,112.387328,3.751341,0.327700,3.751341,0.125215,-0.000000,-0.000000,113.370169,0.030387,0.090197,0.058017,0.030443,0.089955,0.058127,-0.000056,0.000242,-0.000110,-0.000019,-0.001211,-0.000351,0.001261,0.019807,1.256903,0.363940,1.256903,79.761067,23.095044,0.363940,23.095044,6.687236,-0.000000,0.000000,86.468109,-0.000019,-0.001211,-0.000351,0.001261,0.019691,1.249545,0.361809,1.249545,79.294155,22.959848,0.361809,22.959848,6.648089,-0.000000,0.000000,85.961935
0.0757,baseline,0.518,20.0000,4.215379,-1.222583,-1.291612,-0.073631,-0.076699,1.165825,-1.998777,0.977146,-2.699806,1.362175,-2.458971,1.412796,-1.965029,0.003152,0.069567,0.023981,0.023981,-0.042882,0.023981,0.023981,0.023981,0.023981,0.090923,0.024013,0.023981,0.023981,1.565891,-0.692289,1.067448,0.063805,0.002557,0.000000,-0.002557,-0.003835,0.708822,0.916870,0.916870,0.594105,1.197784,1.197784,0.828202,1.127968,1.127968,0.858980,1.016044,1.016044,-0.007158,0.089815,-0.010179,0.003613,0.061050,-0.009209,-0.010771,0.028765,-0.000970,-0.002334,0.004185,-0.005131,0.007020,3.432144,-6.152411,7.543492,-6.152411,11.028721,-13.522353,7.543492,-13.522353,16.579802,-0.000000,0.000000,31.040668,-0.002334,0.004185,-0.005131,0.007020,2.500848,-4.482983,5.496600,-4.482983,8.036128,-9.853124,5.496600,-9.853124,12.080949,-0.000000,0.000000,22.617925,-0.017083,0.115269,0.077039,-0.016418,0.114029,0.072616,-0.000665,0.001240,0.004423,-0.027720,-0.312650,-0.224592,0.385954,0.540330,6.094335,4.377871,6.094335,68.737485,49.377633,4.377871,49.377633,35.470466,0.000000,0.000000,104.748281,-0.027720,-0.312650,-0.224592,0.385954,0.569169,6.419613,4.611535,6.419613,72.406267,52.013106,4.611535,52.013106,37.363660,-0.000000,0.000000,110.339097,0.001650,0.107078,0.073470,0.001630,0.106986,0.072969,0.000020,0.000092,0.000501,-0.003748,-0.035340,-0.005319,0.035934,1.062358,10.017331,1.507609,10.017331,94.456798,14.215756,1.507609,14.215756,2.139472,-0.000000,0.000000,97.658628,-0.003748,-0.035340,-0.005319,0.035934,1.076474,10.150436,1.527641,10.150436,95.711897,14.404648,1.527641,14.404648,2.167901,-0.000000,0.000000,98.956271,0.016406,0.102911,0.056418,0.015514,0.100794,0.053406,0.000892,0.002116,0.003011,-0.026411,-0.299902,-0.010827,0.301257,0.814982,9.254242,0.334098,9.254242,105.083269,3.793732,0.334098,3.793732,0.136962,0.000000,0.000000,106.035213,-0.026411,-0.299902,-0.010827,0.301257,0.874572,9.930898,0.358527,9.930898,112.766799,4.071124,0.358527,4.071124,0.146976,-0.000000,0.000000,113.788348,0.030386,0.090197,0.058017,0.030443,0.089955,0.058127,-0.000057,0.000241,-0.000110,-0.000018,-0.001166,-0.000338,0.001214,0.019708,1.253758,0.363053,1.253758,79.760362,23.096329,0.363053,23.096329,6.688039,-0.000000,0.000000,86.468109,-0.000018,-0.001166,-0.000338,0.001214,0.019592,1.246398,0.360921,1.246398,79.292157,22.960750,0.360921,22.960750,6.648779,-0.000000,-0.000000,85.960528
0.1181,baseline,0.518,20.0000,4.215379,-1.222583,-1.291612,-0.073631,-0.078233,1.165825,-1.998777,0.977146,-2.699806,1.356039,-2.460505,1.412796,-1.965029,0.010969,0.015915,0.023981,0.023981,-0.027552,0.023981,0.023981,0.023981,0.023981,-0.083781,0.002976,0.023981,0.023981,1.565891,-0.692289,1.067448,0.063805,0.002608,0.000000,-0.002608,-0.003912,0.708822,0.916870,0.916870,0.594105,1.197784,1.197784,0.824472,1.128672,1.128672,0.858980,1.016044,1.016044,-0.007158,0.089815,-0.010179,0.003613,0.061050,-0.009209,-0.010771,0.028765,-0.000970,-0.002334,0.004185,-0.005131,0.007020,3.432144,-6.152411,7.543492,-6.152411,11.028721,-13.522353,7.543492,-13.522353,16.579802,-0.000000,0.000000,31.040668,-0.002334,0.004185,-0.005131,0.007020,2.500848,-4.482983,5.496600,-4.482983,8.036128,-9.853124,5.496600,-9.853124,12.080949,-0.000000,0.000000,22.617925,-0.017082,0.115269,0.077039,-0.016418,0.114029,0.072616,-0.000664,0.001240,0.004423,-0.027735,-0.312638,-0.224586,0.385941,0.540939,6.097732,4.380357,6.097732,68.736588,49.377511,4.380357,49.377511,35.470753,-0.000000,0.000000,104.748281,-0.027735,-0.312638,-0.224586,0.385941,0.569811,6.423181,4.614147,6.423181,72.405211,52.012897,4.614147,52.012897,37.363905,-0.000000,0.000000,110.338927,0.001650,0.107078,0.073470,0.001630,0.106986,0.072969,0.000020,0.000092,0.000501,-0.003748,-0.035340,-0.005319,0.035934,1.062358,10.017331,1.507609,10.017331,94.456798,14.215756,1.507609,14.215756,2.139472,-0.000000,0.000000,97.658628,-0.003748,-0.035340,-0.005319,0.035934,1.076474,10.150436,1.527641,10.150436,95.711897,14.404648,1.527641,14.404648,2.167901,-0.000000,0.000000,98.956271,0.016460,0.102954,0.056618,0.015514,0.100794,0.053406,0.000946,0.002160,0.003212,-0.027942,-0.315189,-0.012092,0.316656,0.825166,9.307880,0.357101,9.307880,104.992924,4.028100,0.357101,4.028100,0.154540,-0.000000,0.000000,105.972630,-0.027942,-0.315189,-0.012092,0.316656,0.889735,10.036212,0.385044,10.036212,113.208509,4.343295,0.385044,4.343295,0.166632,-0.000000,0.000000,114.264876,0.030385,0.090196,0.058017,0.030443,0.089955,0.058127,-0.000058,0.000241,-0.000110,-0.000018,-0.001120,-0.000324,0.001166,0.019609,1.250613,0.362165,1.250613,79.759657,23.097614,0.362165,23.097614,6.688843,-0.000000,0.000000,86.468109,-0.000018,-0.001120,-0.000324,0.001166,0.019494,1.243251,0.360033,1.243251,79.290160,22.961653,0.360033,22.961653,6.649469,-0.000000,0.000000,85.959123
0.1605,baseline,0.518,20.0000,4.215379,-1.217981,-1.291612,-0.073631,-0.078233,1.165825,-1.998777,0.977146,-2.699806,1.356039,-2.472777,1.412796,-1.965029,0.002509,0.045679,0.023981,0.023981,-0.006303,0.023981,0.023981,0.023981,0.023981,-0.048214,-0.108784,0.023981,0.023981,1.565891,-0.689683,1.067448,0.063805,0.002608,0.000000,-0.002608,-0.003912,0.708822,0.916870,0.916870,0.594105,1.197784,1.197784,0.824472,1.134301,1.134301,0.858980,1.016044,1.016044,-0.007186,0.089884,-0.010038,0.003613,0.061050,-0.009209,-0.010799,0.028834,-0.000829,-0.003049,0.005475,-0.006679,0.009159,3.439615,-6.177071,7.535843,-6.177071,11.093160,-13.533325,7.535843,-13.533325,16.510254,0.000000,0.000000,31.043030,-0.003049,0.005475,-0.006679,0.009159,2.503339,-4.495648,5.484557,-4.495648,8.073559,-9.849502,5.484557,-9.849502,12.016099,0.000000,0.000000,22.592997,-0.017082,0.115269,0.077039,-0.016418,0.114029,0.072616,-0.000664,0.001240,0.004423,-0.027735,-0.312638,-0.224586,0.385941,0.540939,6.097732,4.380357,6.097732,68.736588,49.377511,4.380357,49.377511,35.470753,-0.000000,0.000000,104.748281,-0.027735,-0.312638,-0.224586,0.385941,0.569811,6.423181,4.614147,6.423181,72.405211,52.012897,4.614147,52.012897,37.363905,-0.000000,0.000000,110.338927,0.001650,0.107078,0.073470,0.001630,0.106986,0.072969,0.000020,0.000092,0.000501,-0.003748,-0.035340,-0.005319,0.035934,1.062358,10.017331,1.507609,10.017331,94.456798,14.215756,1.507609,14.215756,2.139472,-0.000000,0.000000,97.658628,-0.003748,-0.035340,-0.005319,0.035934,1.076474,10.150436,1.527641,10.150436,95.711897,14.404648,1.527641,14.404648,2.167901,-0.000000,0.000000,98.956271,0.016414,0.102651,0.056489,0.015514,0.100794,0.053406,0.000900,0.001856,0.003082,-0.024959,-0.291174,-0.007989,0.292351,0.768580,8.966332,0.246006,8.966332,104.602138,2.869930,0.246006,2.869930,0.078741,-0.000000,0.000000,105.449459,-0.024959,-0.291174,-0.007989,0.292351,0.827929,9.658701,0.265002,9.658701,112.679375,3.091542,0.265002,3.091542,0.084822,-0.000000,-0.000000,113.592126,0.030385,0.090196,0.058017,0.030443,0.089955,0.058127,-0.000058,0.000241,-0.000110,-0.000018,-0.001119,-0.000324,0.001166,0.019609,1.250613,0.362165,1.250613,79.759657,23.097614,0.362165,23.097614,6.688843,-0.000000,0.000000,86.468109,-0.000018,-0.001119,-0.000324,0.001166,0.019494,1.243251,0.360033,1.243251,79.290149,22.961650,0.360033,22.961650,6.649468,-0.000000,0.000000,85.959111
0.2037,baseline,0.518,20.0000,4.215379,-1.213379,-1.291612,-0.073631,-0.073631,1.165825,-1.998777,0.977146,-2.699806,1.352971,-2.478913,1.412796,-1.965029,0.000574,0.146143,0.023981,0.023981,0.038654,0.023981,0.023981,0.023981,0.023981,-0.046013,-0.243619,0.023981,0.023981,1.565891,-0.687077,1.067448,0.063805,0.002454,0.000000,-0.002454,-0.003682,0.708822,0.916870,0.916870,0.594105,1.197784,1.197784,0.822606,1.137116,1.137116,0.858980,1.016044,1.016044,-0.007214,0.089953,-0.009897,0.003613,0.061050,-0.009209,-0.010828,0.028904,-0.000688,-0.003764,0.006771,-0.008219,0.011295,3.447110,-6.201743,7.528131,-6.201743,11.157641,-13.543963,7.528131,-13.543963,16.440656,-0.000000,0.000000,31.045407,-0.003764,0.006771,-0.008219,0.011295,2.505841,-4.508293,5.472497,-4.508293,8.110932,-9.845644,5.472497,-9.845644,11.951365,0.000000,0.000000,22.568139,-0.017086,0.115269,0.077039,-0.016418,0.114029,0.072616,-0.000668,0.001240,0.004423,-0.027690,-0.312675,-0.224605,0.385979,0.539112,6.087542,4.372899,6.087542,68.739278,49.377877,4.372899,49.377877,35.469891,-0.000000,0.000000,104.748281,-0.027690,-0.312675,-0.224605,0.385979,0.567888,6.412477,4.606311,6.412477,72.408379,52.013524,4.606311,52.013524,37.363171,-0.000000,0.000000,110.339438,0.001650,0.107078,0.073470,0.001630,0.106986,0.072969,0.000020,0.000092,0.000501,-0.003748,-0.035340,-0.005319,0.035934,1.062358,10.017331,1.507609,10.017331,94.456798,14.215756,1.507609,14.215756,2.139472,-0.000000,0.000000,97.658628,-0.003748,-0.035340,-0.005319,0.035934,1.076474,10.150436,1.527641,10.150436,95.711897,14.404648,1.527641,14.404648,2.167901,-0.000000,0.000000,98.956271,0.016423,0.102540,0.056533,0.015514,0.100794,0.053406,0.000909,0.001745,0.003126,-0.024444,-0.288272,-0.006851,0.289388,0.750411,8.849604,0.210309,8.849604,104.363432,2.480179,0.210309,2.480179,0.058941,-0.000000,0.000000,105.172785,-0.024444,-0.288272,-0.006851,0.289388,0.809961,9.551877,0.226999,9.551877,112.645343,2.676997,0.226999,2.676997,0.063618,-0.000000,0.000000,113.518923,0.030388,0.090197,0.058017,0.030443,0.089955,0.058127,-0.000055,0.000242,-0.000110,-0.000020,-0.001258,-0.000364,0.001309,0.019906,1.260048,0.364827,1.260048,79.761771,23.093758,0.364827,23.093758,6.686432,-0.000000,0.000000,86.468109,-0.000020,-0.001258,-0.000364,0.001309,0.019790,1.252692,0.362697,1.252692,79.296169,22.958950,0.362697,22.958950,6.647400,-0.000000,0.000000,85.963359
0.2460,baseline,0.518,20.0000,4.215379,-1.213379,-1.291612,-0.073631,-0.070563,1.165825,-1.998777,0.977146,-2.699806,1.349903,-2.474311,1.412796,-1.965029,0.006630,0.058739,0.005486,0.023981,0.120413,0.023981,0.023981,0.023981,0.023981,-0.048445,-0.001195,0.023981,0.023981,1.565891,-0.687077,1.067448,0.063805,0.002352,0.000000,-0.002352,-0.003528,0.708822,0.916870,0.916870,0.594105,1.197784,1.197784,0.820741,1.135005,1.135005,0.858980,1.016044,1.016044,-0.007214,0.089953,-0.009897,0.003613,0.061050,-0.009209,-0.010828,0.028904,-0.000688,-0.003764,0.006771,-0.008219,0.011295,3.447110,-6.201743,7.528131,-6.201743,11.157641,-13.543963,7.528131,-13.543963,16.440656,-0.000000,0.000000,31.045407,-0.003764,0.006771,-0.008219,0.011295,2.505841,-4.508293,5.472497,-4.508293,8.110932,-9.845644,5.472497,-9.845644,11.951365,0.000000,0.000000,22.568139,-0.017089,0.115269,0.077039,-0.016418,0.114029,0.072616,-0.000671,0.001241,0.004423,-0.027661,-0.312699,-0.224618,0.386004,0.537895,6.080748,4.367926,6.080748,68.741070,49.378120,4.367926,49.378120,35.469316,0.000000,0.000000,104.748281,-0.027661,-0.312699,-0.224618,0.386004,0.566608,6.405341,4.601088,6.405341,72.410491,52.013940,4.601088,52.013940,37.362680,0.000000,0.000000,110.339779,0.001650,0.107078,0.073470,0.001630,0.106986,0.072969,0.000020,0.000092,0.000501,-0.003748,-0.035340,-0.005319,0.035934,1.062358,10.017331,1.507609,10.017331,94.456798,14.215756,1.507609,14.215756,2.139472,-0.000000,0.000000,97.658628,-0.003748,-0.035340,-0.005319,0.035934,1.076474,10.150436,1.527641,10.150436,95.711897,14.404648,1.527641,14.404648,2.167901,-0.000000,0.000000,98.956271,0.016471,0.102694,0.056689,0.015514,0.100794,0.053406,0.000957,0.001900,0.003282,-0.026482,-0.306440,-0.009088,0.307717,0.780500,9.031561,0.267842,9.031561,104.508827,3.099339,0.267842,3.099339,0.091915,-0.000000,-0.000000,105.381241,-0.026482,-0.306440,-0.009088,0.307717,0.844853,9.776231,0.289926,9.776231,113.125784,3.354886,0.289926,3.354886,0.099493,-0.000000,0.000000,114.070131,0.030390,0.090198,0.058018,0.030443,0.089955,0.058127,-0.000053,0.000242,-0.000109,-0.000021,-0.001351,-0.000391,0.001406,0.020105,1.266337,0.366601,1.266337,79.763180,23.091186,0.366601,23.091186,6.684824,-0.000000,0.000000,86.468109,-0.000021,-0.001351,-0.000391,0.001406,0.019988,1.258987,0.364473,1.258987,79.300192,22.957152,0.364473,22.957152,6.646022,0.000000,0.000000,85.966202
0.2879,baseline,0.518,20.0000,4.215379,-1.214913,-1.291612,-0.073631,-0.075165,1.165825,-1.998777,0.977146,-2.699806,1.348369,-2.472777,1.412796,-1.965029,0.011219,0.001256,0.001130,0.023981,-0.022722,0.023981,0.023981,0.023981,0.023981,-0.048061,0.079570,0.023981,0.023981,1.565891,-0.687946,1.067448,0.063805,0.002506,0.000000,-0.002506,-0.003758,0.708822,0.916870,0.916870,0.594105,1.197784,1.197784,0.819808,1.134301,1.134301,0.858980,1.016044,1.016044,-0.007205,0.089930,-0.009944,0.003613,0.061050,-0.009209,-0.010818,0.028880,-0.000735,-0.003525,0.006338,-0.007707,0.010583,3.444609,-6.193518,7.530708,-6.193518,11.136143,-13.540454,7.530708,-13.540454,16.463861,-0.000000,0.000000,31.044613,-0.003525,0.006338,-0.007707,0.010583,2.505006,-4.504081,5.476519,-4.504081,8.098481,-9.846956,5.476519,-9.846956,11.972930,-0.000000,0.000000,22.576417,-0.017084,0.115269,0.077039,-0.016418,0.114029,0.072616,-0.000667,0.001240,0.004423,-0.027705,-0.312662,-0.224599,0.385966,0.539721,6.090939,4.375385,6.090939,68.738381,49.377755,4.375385,49.377755,35.470179,-0.000000,0.000000,104.748281,-0.027705,-0.312662,-0.224599,0.385966,0.568529,6.416045,4.608923,6.416045,72.407323,52.013315,4.608923,52.013315,37.363416,-0.000000,0.000000,110.339267,0.001650,0.107078,0.073470,0.001630,0.106986,0.072969,0.000020,0.000092,0.000501,-0.003748,-0.035340,-0.005319,0.035934,1.062358,10.017331,1.507609,10.017331,94.456798,14.215756,1.507609,14.215756,2.139472,-0.000000,0.000000,97.658628,-0.003748,-0.035340,-0.005319,0.035934,1.076474,10.150436,1.527641,10.150436,95.711897,14.404648,1.527641,14.404648,2.167901,-0.000000,0.000000,98.956271,0.016491,0.102752,0.056759,0.015514,0.100794,0.053406,0.000977,0.001958,0.003352,-0.027305,-0.313956,-0.010030,0.315301,0.790831,9.093014,0.290503,9.093014,104.551919,3.340221,0.290503,3.340221,0.106713,0.000000,0.000000,105.449463,-0.027305,-0.313956,-0.010030,0.315301,0.857179,9.855880,0.314875,9.855880,113.323384,3.620451,0.314875,3.620451,0.115666,-0.000000,0.000000,114.296229,0.030387,0.090197,0.058017,0.030443,0.089955,0.058127,-0.000056,0.000242,-0.000110,-0.000019,-0.001213,-0.000351,0.001263,0.019807,1.256903,0.363940,1.256903,79.761067,23.095044,0.363940,23.095044,6.687236,-0.000000,0.000000,86.468109,-0.000019,-0.001213,-0.000351,0.001263,0.019691,1.249546,0.361809,1.249546,79.294176,22.959854,0.361809,22.959854,6.648091,-0.000000,0.000000,85.961958
0.3302,baseline,0.518,20.0000,4.215379,-1.202641,-1.291612,-0.073631,-0.078233,1.165825,-1.998777,0.977146,-2.699806,1.346835,-2.469709,1.412796,-1.965029,0.015077,0.134563,0.000258,0.023981,-0.048931,0.023981,0.023981,0.023981,0.023981,-0.054152,0.040745,0.023981,0.023981,1.565891,-0.680997,1.067448,0.063805,0.002608,0.000000,-0.002608,-0.003912,0.708822,0.916870,0.916870,0.594105,1.197784,1.197784,0.818876,1.132894,1.132894,0.858980,1.016044,1.016044,-0.007280,0.090114,-0.009567,0.003613,0.061050,-0.009209,-0.010894,0.029064,-0.000358,-0.005434,0.009817,-0.011778,0.016268,3.464690,-6.259361,7.509891,-6.259361,11.308255,-13.567482,7.509891,-13.567482,16.278070,-0.000000,0.000000,31.051015,-0.005434,0.009817,-0.011778,0.016268,2.511724,-4.537718,5.444289,-4.537718,8.197909,-9.835733,5.444289,-9.835733,11.800771,0.000000,0.000000,22.510404,-0.017082,0.115269,0.077039,-0.016418,0.114029,0.072616,-0.000664,0.001240,0.004423,-0.027735,-0.312638,-0.224586,0.385941,0.540939,6.097732,4.380357,6.097732,68.736588,49.377511,4.380357,49.377511,35.470753,-0.000000,-0.000000,104.748281,-0.027735,-0.312638,-0.224586,0.385941,0.569811,6.423181,4.614147,6.423181,72.405211,52.012897,4.614147,52.012897,37.363905,-0.000000,0.000000,110.338926,0.001650,0.107078,0.073470,0.001630,0.106986,0.072969,0.000020,0.000092,0.000501,-0.003748,-0.035340,-0.005319,0.035934,1.062358,10.017331,1.507609,10.017331,94.456798,14.215756,1.507609,14.215756,2.139472,-0.000000,0.000000,97.658628,-0.003748,-0.035340,-0.005319,0.035934,1.076474,10.150436,1.527641,10.150436,95.711897,14.404648,1.527641,14.404648,2.167901,-0.000000,0.000000,98.956271,0.016516,0.102848,0.056845,0.015514,0.100794,0.053406,0.001002,0.002054,0.003439,-0.028528,-0.324517,-0.011553,0.325973,0.808687,9.199086,0.327485,9.199086,104.642714,3.725252,0.327485,3.725252,0.132618,-0.000000,0.000000,105.584018,-0.028528,-0.324517,-0.011553,0.325973,0.877794,9.985202,0.355470,9.985202,113.585046,4.043597,0.355470,4.043597,0.143951,-0.000000,0.000000,114.606791,0.030385,0.090196,0.058017,0.030443,0.089955,0.058127,-0.000058,0.000241,-0.000110,-0.000018,-0.001121,-0.000325,0.001167,0.019609,1.250613,0.362165,1.250613,79.759657,23.097614,0.362165,23.097614,6.688843,0.000000,0.000000,86.468109,-0.000018,-0.001121,-0.000325,0.001167,0.019494,1.243251,0.360033,1.243251,79.290168,22.961655,0.360033,22.961655,6.649470,-0.000000,0.000000,85.959132
0.3726,baseline,0.518,20.0000,4.215379,-1.199573,-1.291612,-0.073631,-0.078233,1.165825,-1.998777,0.977146,-2.699806,1.343767,-2.468175,1.412796,-1.965029,0.005489,0.210649,0.000059,0.023981,-0.021442,0.023981,0.023981,0.023981,0.023981,-0.051536,0.070296,0.023981,0.023981,1.565891,-0.679260,1.067448,0.063805,0.002608,0.000000,-0.002608,-0.003912,0.708822,0.916870,0.916870,0.594105,1.197784,1.197784,0.817010,1.132190,1.132190,0.858980,1.016044,1.016044,-0.007299,0.090159,-0.009472,0.003613,0.061050,-0.009209,-0.010913,0.029109,-0.000263,-0.005912,0.010693,-0.012787,0.017686,3.469737,-6.275835,7.504617,-6.275835,11.351326,-13.573866,7.504617,-13.573866,16.231570,0.000000,0.000000,31.052632,-0.005912,0.010693,-0.012787,0.017686,2.513416,-4.546104,5.436211,-4.546104,8.222699,-9.832668,5.436211,-9.832668,11.757862,-0.000000,0.000000,22.493977,-0.017082,0.115269,0.077039,-0.016418,0.114029,0.072616,-0.000664,0.001240,0.004423,-0.027735,-0.312638,-0.224586,0.385941,0.540939,6.097732,4.380357,6.097732,68.736588,49.377511,4.380357,49.377511,35.470753,-0.000000,0.000000,104.748281,-0.027735,-0.312638,-0.224586,0.385941,0.569811,6.423181,4.614147,6.423181,72.405211,52.012897,4.614147,52.012897,37.363905,-0.000000,0.000000,110.338926,0.001650,0.107078,0.073470,0.001630,0.106986,0.072969,0.000020,0.000092,0.000501,-0.003748,-0.035340,-0.005319,0.035934,1.062358,10.017331,1.507609,10.017331,94.456798,14.215756,1.507609,14.215756,2.139472,-0.000000,0.000000,97.658628,-0.003748,-0.035340,-0.005319,0.035934,1.076474,10.150436,1.527641,10.150436,95.711897,14.404648,1.527641,14.404648,2.167901,-0.000000,0.000000,98.956271,0.016553,0.102926,0.056970,0.015514,0.100794,0.053406,0.001039,0.002132,0.003563,-0.029883,-0.336656,-0.013055,0.338231,0.824673,9.290701,0.360274,9.290701,104.668288,4.058819,0.360274,4.058819,0.157393,-0.000000,0.000000,105.650354,-0.029883,-0.336656,-0.013055,0.338231,0.897423,10.110297,0.392056,10.110297,113.901790,4.416875,0.392056,4.416875,0.171277,-0.000000,0.000000,114.970490,0.030385,0.090196,0.058017,0.030443,0.089955,0.058127,-0.000058,0.000241,-0.000110,-0.000018,-0.001122,-0.000325,0.001168,0.019609,1.250613,0.362165,1.250613,79.759657,23.097614,0.362165,23.097614,6.688843,-0.000000,0.000000,86.468109,-0.000018,-0.001122,-0.000325,0.001168,0.019494,1.243252,0.360033,1.243252,79.290175,22.961657,0.360033,22.961657,6.649471,-0.000000,0.000000,85.959140
0.4151,baseline,0.518,20.0000,4.215379,-1.207243,-1.291612,-0.073631,-0.078233,1.165825,-1.998777,0.977146,-2.699806,1.340699,-2.465107,1.412796,-1.965029,0.001256,-0.040272,0.000014,0.023981,-0.004905,0.023981,0.023981,0.023981,0.023981,-0.063819,0.076845,0.023981,0.023981,1.565891,-0.683603,1.067448,0.063805,0.002608,0.000000,-0.002608,-0.003912,0.708822,0.916870,0.916870,0.594105,1.197784,1.197784,0.815145,1.130783,1.130783,0.858980,1.016044,1.016044,-0.007252,0.090045,-0.009708,0.003613,0.061050,-0.009209,-0.010865,0.028995,-0.000499,-0.004718,0.008508,-0.010259,0.014138,3.457140,-6.234659,7.517750,-6.234659,11.243680,-13.557626,7.517750,-13.557626,16.347781,-0.000000,-0.000000,31.048601,-0.004718,0.008508,-0.010259,0.014138,2.509195,-4.525121,5.456390,-4.525121,8.160673,-9.840137,5.456390,-9.840137,11.865234,-0.000000,0.000000,22.535102,-0.017082,0.115269,0.077039,-0.016418,0.114029,0.072616,-0.000664,0.001240,0.004423,-0.027735,-0.312638,-0.224586,0.385941,0.540939,6.097732,4.380357,6.097732,68.736588,49.377511,4.380357,49.377511,35.470753,-0.000000,0.000000,104.748281,-0.027735,-0.312638,-0.224586,0.385941,0.569811,6.423181,4.614147,6.423181,72.405211,52.012897,4.614147,52.012897,37.363905,0.000000,0.000000,110.338926,0.001650,0.107078,0.073470,0.001630,0.106986,0.072969,0.000020,0.000092,0.000501,-0.003748,-0.035340,-0.005319,0.035934,1.062358,10.017331,1.507609,10.017331,94.456798,14.215756,1.507609,14.215756,2.139472,-0.000000,0.000000,97.658628,-0.003748,-0.035340,-0.005319,0.035934,1.076474,10.150436,1.527641,10.150436,95.711897,14.404648,1.527641,14.404648,2.167901,-0.000000,0.000000,98.956271,0.016595,0.103041,0.057111,0.015514,0.100794,0.053406,0.001081,0.002247,0.003705,-0.031660,-0.351835,-0.015243,0.353585,0.848093,9.424767,0.408327,9.424767,104.736456,4.537691,0.408327,4.537691,0.196595,-0.000000,-0.000000,105.781143,-0.031660,-0.351835,-0.015243,0.353585,0.925324,10.283027,0.445511,10.283027,114.274211,4.950912,0.445511,4.950912,0.214498,-0.000000,0.000000,115.414033,0.030385,0.090196,0.058017,0.030443,0.089955,0.058127,-0.000058,0.000241,-0.000110,-0.000018,-0.001122,-0.000325,0.001168,0.019609,1.250613,0.362165,1.250613,79.759657,23.097614,0.362165,23.097614,6.688843,0.000000,0.000000,86.468109,-0.000018,-0.001122,-0.000325,0.001168,0.019494,1.243252,0.360034,1.243252,79.290184,22.961660,0.360034,22.961660,6.649471,-0.000000,0.000000,85.959149
0.4575,baseline,0.518,20.0000,4.215379,-1.208777,-1.291612,-0.073631,-0.072097,1.165825,-1.998777,0.977146,-2.699806,1.337631,-2.463573,1.412796,-1.965029,0.000287,-0.080937,0.000003,0.023981,0.063047,0.023981,0.023981,0.023981,0.023981,-0.062135,0.073064,0.023981,0.023981,1.565891,-0.684472,1.067448,0.063805,0.002403,0.000000,-0.002403,-0.003605,0.708822,0.916870,0.916870,0.594105,1.197784,1.197784,0.813280,1.130079,1.130079,0.858980,1.016044,1.016044,-0.007243,0.090022,-0.009755,0.003613,0.061050,-0.009209,-0.010856,0.028972,-0.000546,-0.004479,0.008073,-0.009750,0.013428,3.454629,-6.226428,7.520356,-6.226428,11.222164,-13.554266,7.520356,-13.554266,16.371008,-0.000000,0.000000,31.047800,-0.004479,0.008073,-0.009750,0.013428,2.508355,-4.520918,5.460419,-4.520918,8.148248,-9.841553,5.460419,-9.841553,11.886747,0.000000,0.000000,22.543349,-0.017087,0.115269,0.077039,-0.016418,0.114029,0.072616,-0.000670,0.001240,0.004423,-0.027676,-0.312687,-0.224612,0.385992,0.538503,6.084145,4.370412,6.084145,68.740174,49.377998,4.370412,49.377998,35.469604,-0.000000,-0.000000,104.748281,-0.027676,-0.312687,-0.224612,0.385992,0.567248,6.408909,4.603699,6.408909,72.409435,52.013732,4.603699,52.013732,37.362925,-0.000000,0.000000,110.339608,0.001650,0.107078,0.073470,0.001630,0.106986,0.072969,0.000020,0.000092,0.000501,-0.003748,-0.035340,-0.005319,0.035934,1.062358,10.017331,1.507609,10.017331,94.456798,14.215756,1.507609,14.215756,2.139472,-0.000000,0.000000,97.658628,-0.003748,-0.035340,-0.005319,0.035934,1.076474,10.150436,1.527641,10.150436,95.711897,14.404648,1.527641,14.404648,2.167901,-0.000000,0.000000,98.956271,0.016633,0.103119,0.057237,0.015514,0.100794,0.053406,0.001119,0.002324,0.003830,-0.033101,-0.364067,-0.016921,0.365960,0.865960,9.524296,0.442665,9.524296,104.753356,4.868668,0.442665,4.868668,0.226283,-0.000000,0.000000,105.845600,-0.033101,-0.364067,-0.016921,0.365960,0.947194,10.417754,0.484191,10.417754,114.580094,5.325390,0.484191,5.325390,0.247510,-0.000000,-0.000000,115.774799,0.030389,0.090197,0.058018,0.030443,0.089955,0.058127,-0.000054,0.000242,-0.000110,-0.000021,-0.001307,-0.000378,0.001361,0.020005,1.263193,0.365714,1.263193,79.762476,23.092472,0.365714,23.092472,6.685628,-0.000000,-0.000000,86.468109,-0.000021,-0.001307,-0.000378,0.001361,0.019889,1.255840,0.363585,1.255840,79.298217,22.958062,0.363585,22.958062,6.646714,-0.000000,0.000000,85.964820
0.4999,baseline,0.518,20.0000,4.215379,-1.208777,-1.291612,-0.073631,-0.072097,1.165825,-1.998777,0.977146,-2.699806,1.334563,-2.460505,1.412796,-1.965029,0.004622,-0.018516,0.000001,0.023981,0.105058,0.023981,0.023981,0.023981,0.023981,-0.072724,0.072876,0.023981,0.023981,1.565891,-0.684472,1.067448,0.063805,0.002403,0.000000,-0.002403,-0.003605,0.708822,0.916870,0.916870,0.594105,1.197784,1.197784,0.811414,1.128672,1.128672,0.858980,1.016044,1.016044,-0.007243,0.090022,-0.009755,0.003613,0.061050,-0.009209,-0.010856,0.028972,-0.000546,-0.004479,0.008073,-0.009750,0.013428,3.454629,-6.226428,7.520356,-6.226428,11.222164,-13.554266,7.520356,-13.554266,16.371008,-0.000000,0.000000,31.047800,-0.004479,0.008073,-0.009750,0.013428,2.508355,-4.520918,5.460419,-4.520918,8.148248,-9.841553,5.460419,-9.841553,11.886747,0.000000,0.000000,22.543349,-0.017087,0.115269,0.077039,-0.016418,0.114029,0.072616,-0.000670,0.001240,0.004423,-0.027676,-0.312687,-0.224612,0.385992,0.538503,6.084145,4.370412,6.084145,68.740174,49.377998,4.370412,49.377998,35.469604,-0.000000,0.000000,104.748281,-0.027676,-0.312687,-0.224612,0.385992,0.567248,6.408909,4.603699,6.408909,72.409435,52.013732,4.603699,52.013732,37.362925,0.000000,0.000000,110.339608,0.001650,0.107078,0.073470,0.001630,0.106986,0.072969,0.000020,0.000092,0.000501,-0.003748,-0.035340,-0.005319,0.035934,1.062358,10.017331,1.507609,10.017331,94.456798,14.215756,1.507609,14.215756,2.139472,-0.000000,0.000000,97.658628,-0.003748,-0.035340,-0.005319,0.035934,1.076474,10.150436,1.527641,10.150436,95.711897,14.404648,1.527641,14.404648,2.167901,-0.000000,0.000000,98.956271,0.016676,0.103233,0.057379,0.015514,0.100794,0.053406,0.001162,0.002439,0.003973,-0.034949,-0.379275,-0.019354,0.381373,0.889947,9.657904,0.492829,9.657904,104.809777,5.348297,0.492829,5.348297,0.272916,0.000000,0.000000,105.972639,-0.034949,-0.379275,-0.019354,0.381373,0.975916,10.590865,0.540437,10.590865,114.934489,5.864947,0.540437,5.864947,0.299280,-0.000000,0.000000,116.209686,0.030389,0.090197,0.058018,0.030443,0.089955,0.058127,-0.000054,0.000242,-0.000110,-0.000021,-0.001308,-0.000379,0.001362,0.020005,1.263193,0.365714,1.263193,79.762476,23.092472,0.365714,23.092472,6.685628,-0.000000,0.000000,86.468109,-0.000021,-0.001308,-0.000379,0.001362,0.019889,1.255840,0.363585,1.255840,79.298225,22.958064,0.363585,22.958064,6.646715,-0.000000,-0.000000,85.964829
0.5423,baseline,0.518,20.0000,4.215379,-1.205709,-1.291612,-0.073631,-0.076699,1.165825,-1.998777,0.977146,-2.699806,1.331495,-2.458971,1.412796,-1.965029,0.008316,0.006819,0.000000,0.023981,-0.026718,0.023981,0.023981,0.023981,0.023981,-0.055666,0.072156,0.023981,0.023981,1.565891,-0.682734,1.067448,0.063805,0.002557,0.000000,-0.002557,-0.003835,0.708822,0.916870,0.916870,0.594105,1.197784,1.197784,0.809549,1.127968,1.127968,0.858980,1.016044,1.016044,-0.007262,0.090068,-0.009661,0.003613,0.061050,-0.009209,-0.010875,0.029018,-0.000452,-0.004956,0.008944,-0.010766,0.014848,3.459654,-6.242892,7.515138,-6.242892,11.265201,-13.560949,7.515138,-13.560949,16.324549,-0.000000,0.000000,31.049404,-0.004956,0.008944,-0.010766,0.014848,2.510037,-4.529322,5.452358,-4.529322,8.173092,-9.838695,5.452358,-9.838695,11.843733,-0.000000,0.000000,22.526861,-0.017083,0.115269,0.077039,-0.016418,0.114029,0.072616,-0.000665,0.001240,0.004423,-0.027720,-0.312650,-0.224592,0.385954,0.540330,6.094335,4.377871,6.094335,68.737485,49.377633,4.377871,49.377633,35.470466,-0.000000,0.000000,104.748281,-0.027720,-0.312650,-0.224592,0.385954,0.569169,6.419613,4.611535,6.419613,72.406267,52.013106,4.611535,52.013106,37.363660,-0.000000,0.000000,110.339096,0.001650,0.107078,0.073470,0.001630,0.106986,0.072969,0.000020,0.000092,0.000501,-0.003748,-0.035340,-0.005319,0.035934,1.062358,10.017331,1.507609,10.017331,94.456798,14.215756,1.507609,14.215756,2.139472,-0.000000,0.000000,97.658628,-0.003748,-0.035340,-0.005319,0.035934,1.076474,10.150436,1.527641,10.150436,95.711897,14.404648,1.527641,14.404648,2.167901,-0.000000,0.000000,98.956271,0.016711,0.103310,0.057505,0.015514,0.100794,0.053406,0.001196,0.002516,0.004098,-0.036379,-0.391405,-0.021228,0.393665,0.905510,9.742525,0.528381,9.742525,104.821396,5.684940,0.528381,5.684940,0.308320,-0.000000,0.000000,106.035226,-0.036379,-0.391405,-0.021228,0.393665,0.995399,10.709659,0.580833,10.709659,115.226947,6.249281,0.580833,6.249281,0.338927,-0.000000,0.000000,116.561273,0.030386,0.090197,0.058017,0.030443,0.089955,0.058127,-0.000057,0.000241,-0.000110,-0.000018,-0.001170,-0.000339,0.001218,0.019708,1.253758,0.363053,1.253758,79.760362,23.096329,0.363053,23.096329,6.688039,-0.000000,-0.000000,86.468109,-0.000018,-0.001170,-0.000339,0.001218,0.019592,1.246399,0.360922,1.246399,79.292212,22.960766,0.360922,22.960766,6.648784,-0.000000,0.000000,85.960589
0.5858,baseline,0.518,20.0000,4.215379,-1.188835,-1.291612,-0.073631,-0.076699,1.165825,-1.998777,0.977146,-2.699806,1.329961,-2.458971,1.412796,-1.965029,0.015041,0.251571,0.000000,0.023981,-0.035259,0.023981,0.023981,0.023981,0.023981,-0.034858,0.033886,0.023981,0.023981,1.565891,-0.673180,1.067448,0.063805,0.002557,0.000000,-0.002557,-0.003835,0.708822,0.916870,0.916870,0.594105,1.197784,1.197784,0.808616,1.127968,1.127968,0.858980,1.016044,1.016044,-0.007365,0.090316,-0.009141,0.003613,0.061050,-0.009209,-0.010979,0.029266,0.000068,-0.007587,0.013778,-0.016285,0.022641,3.487482,-6.333538,7.485933,-6.333538,11.502196,-13.595035,7.485933,-13.595035,16.068668,-0.000000,0.000000,31.058346,-0.007587,0.013778,-0.016285,0.022641,2.519376,-4.575382,5.407878,-4.575382,8.309249,-9.821127,5.407878,-9.821127,11.608093,-0.000000,0.000000,22.436717,-0.017083,0.115269,0.077039,-0.016418,0.114029,0.072616,-0.000665,0.001240,0.004423,-0.027720,-0.312650,-0.224592,0.385954,0.540330,6.094335,4.377871,6.094335,68.737485,49.377633,4.377871,49.377633,35.470466,-0.000000,0.000000,104.748281,-0.027720,-0.312650,-0.224592,0.385954,0.569169,6.419613,4.611535,6.419613,72.406267,52.013106,4.611535,52.013106,37.363660,-0.000000,0.000000,110.339096,0.001650,0.107078,0.073470,0.001630,0.106986,0.072969,0.000020,0.000092,0.000501,-0.003748,-0.035340,-0.005319,0.035934,1.062358,10.017331,1.507609,10.017331,94.456798,14.215756,1.507609,14.215756,2.139472,-0.000000,0.000000,97.658628,-0.003748,-0.035340,-0.005319,0.035934,1.076474,10.150436,1.527641,10.150436,95.711897,14.404648,1.527641,14.404648,2.167901,-0.000000,0.000000,98.956271,0.016726,0.103329,0.057559,0.015514,0.100794,0.053406,0.001212,0.002535,0.004153,-0.036901,-0.395979,-0.021835,0.398294,0.910152,9.766765,0.538562,9.766765,104.806392,5.779268,0.538562,5.779268,0.318682,-0.000000,0.000000,106.035226,-0.036901,-0.395979,-0.021835,0.398294,1.001684,10.748997,0.592725,10.748997,115.346639,6.360481,0.592725,6.360481,0.350732,-0.000000,0.000000,116.699055,0.030386,0.090197,0.058017,0.030443,0.089955,0.058127,-0.000057,0.000241,-0.000110,-0.000018,-0.001170,-0.000339,0.001218,0.019708,1.253758,0.363053,1.253758,79.760362,23.096329,0.363053,23.096329,6.688039,-0.000000,0.000000,86.468109,-0.000018,-0.001170,-0.000339,0.001218,0.019592,1.246399,0.360922,1.246399,79.292215,22.960767,0.360922,22.960767,6.648784,-0.000000,0.000000,85.960592
0.6308,baseline,0.518,20.0000,4.215379,-1.190369,-1.291612,-0.073631,-0.078233,1.165825,-1.998777,0.977146,-2.699806,1.331495,-2.458971,1.412796,-1.965029,0.007824,0.186133,0.000000,0.023981,-0.021724,0.023981,0.023981,0.023981,0.023981,-0.008452,0.019748,0.023981,0.023981,1.565891,-0.674048,1.067448,0.063805,0.002608,0.000000,-0.002608,-0.003912,0.708822,0.916870,0.916870,0.594105,1.197784,1.197784,0.809549,1.127968,1.127968,0.858980,1.016044,1.016044,-0.007356,0.090294,-0.009188,0.003613,0.061050,-0.009209,-0.010969,0.029244,0.000021,-0.007347,0.013335,-0.015788,0.021934,3.484939,-6.325291,7.488623,-6.325291,11.480632,-13.592123,7.488623,-13.592123,16.091954,-0.000000,0.000000,31.057525,-0.007347,0.013335,-0.015788,0.021934,2.518521,-4.571206,5.411932,-4.571206,8.296905,-9.822853,5.411932,-9.822853,11.629448,-0.000000,0.000000,22.444875,-0.017082,0.115269,0.077039,-0.016418,0.114029,0.072616,-0.000664,0.001240,0.004423,-0.027735,-0.312638,-0.224586,0.385941,0.540939,6.097732,4.380357,6.097732,68.736588,49.377511,4.380357,49.377511,35.470753,-0.000000,0.000000,104.748281,-0.027735,-0.312638,-0.224586,0.385941,0.569811,6.423181,4.614147,6.423181,72.405211,52.012896,4.614147,52.012896,37.363905,0.000000,0.000000,110.338926,0.001650,0.107078,0.073470,0.001630,0.106986,0.072969,0.000020,0.000092,0.000501,-0.003748,-0.035340,-0.005319,0.035934,1.062358,10.017331,1.507609,10.017331,94.456798,14.215756,1.507609,14.215756,2.139472,-0.000000,0.000000,97.658628,-0.003748,-0.035340,-0.005319,0.035934,1.076474,10.150436,1.527641,10.150436,95.711897,14.404648,1.527641,14.404648,2.167901,-0.000000,0.000000,98.956271,0.016710,0.103310,0.057505,0.015514,0.100794,0.053406,0.001196,0.002515,0.004098,-0.036369,-0.391388,-0.021230,0.393647,0.905116,9.740419,0.528337,9.740419,104.821707,5.685714,0.528337,5.685714,0.308403,-0.000000,0.000000,106.035226,-0.036369,-0.391388,-0.021230,0.393647,0.994961,10.707293,0.580782,10.707293,115.226735,6.250101,0.580782,6.250101,0.339016,-0.000000,0.000000,116.560712,0.030385,0.090196,0.058017,0.030443,0.089955,0.058127,-0.000058,0.000241,-0.000110,-0.000018,-0.001124,-0.000325,0.001170,0.019609,1.250613,0.362165,1.250613,79.759657,23.097614,0.362165,23.097614,6.688843,0.000000,0.000000,86.468109,-0.000018,-0.001124,-0.000325,0.001170,0.019494,1.243252,0.360034,1.243252,79.290206,22.961666,0.360034,22.961666,6.649473,-0.000000,0.000000,85.959173
0.6757,baseline,0.518,20.0000,4.215379,-1.199573,-1.291612,-0.073631,-0.078233,1.165825,-1.998777,0.977146,-2.699806,1.351437,-2.462039,1.412796,-1.965029,0.001611,-0.086874,0.000000,0.023981,-0.005631,0.023981,0.023981,0.023981,0.023981,0.233725,-0.007331,0.023981,0.023981,1.565891,-0.679260,1.067448,0.063805,0.002608,0.000000,-0.002608,-0.003912,0.708822,0.916870,0.916870,0.594105,1.197784,1.197784,0.821674,1.129376,1.129376,0.858980,1.016044,1.016044,-0.007299,0.090159,-0.009472,0.003613,0.061050,-0.009209,-0.010913,0.029109,-0.000263,-0.005912,0.010693,-0.012787,0.017686,3.469737,-6.275835,7.504617,-6.275835,11.351326,-13.573866,7.504617,-13.573866,16.231570,0.000000,0.000000,31.052632,-0.005912,0.010693,-0.012787,0.017686,2.513416,-4.546104,5.436211,-4.546104,8.222699,-9.832668,5.436211,-9.832668,11.757862,-0.000000,0.000000,22.493977,-0.017082,0.115269,0.077039,-0.016418,0.114029,0.072616,-0.000664,0.001240,0.004423,-0.027735,-0.312638,-0.224586,0.385941,0.540939,6.097732,4.380357,6.097732,68.736588,49.377511,4.380357,49.377511,35.470753,-0.000000,-0.000000,104.748281,-0.027735,-0.312638,-0.224586,0.385941,0.569811,6.423181,4.614147,6.423181,72.405211,52.012897,4.614147,52.012897,37.363905,0.000000,0.000000,110.338926,0.001650,0.107078,0.073470,0.001630,0.106986,0.072969,0.000020,0.000092,0.000501,-0.003748,-0.035340,-0.005319,0.035934,1.062358,10.017331,1.507609,10.017331,94.456798,14.215756,1.507609,14.215756,2.139472,-0.000000,0.000000,97.658628,-0.003748,-0.035340,-0.005319,0.035934,1.076474,10.150436,1.527641,10.150436,95.711897,14.404648,1.527641,14.404648,2.167901,-0.000000,0.000000,98.956271,0.016500,0.102977,0.056764,0.015514,0.100794,0.053406,0.000986,0.002183,0.003358,-0.029010,-0.325900,-0.012944,0.327445,0.831302,9.338845,0.370904,9.338845,104.912636,4.166736,0.370904,4.166736,0.165487,-0.000000,0.000000,105.909425,-0.029010,-0.325900,-0.012944,0.327445,0.899532,10.105342,0.401346,10.105342,113.523459,4.508726,0.401346,4.508726,0.179070,-0.000000,0.000000,114.602060,0.030385,0.090196,0.058017,0.030443,0.089955,0.058127,-0.000058,0.000241,-0.000110,-0.000018,-0.001121,-0.000325,0.001167,0.019609,1.250613,0.362165,1.250613,79.759657,23.097614,0.362165,23.097614,6.688843,0.000000,0.000000,86.468109,-0.000018,-0.001121,-0.000325,0.001167,0.019494,1.243251,0.360033,1.243251,79.290167,22.961655,0.360033,22.961655,6.649470,-0.000000,0.000000,85.959131
0.7181,baseline,0.518,20.0000,4.215379,-1.201107,-1.291612,-0.073631,-0.073631,1.165825,-1.998777,0.977146,-2.699806,1.365243,-2.477379,1.412796,-1.965029,0.015059,-0.095453,0.000000,0.023981,0.047935,0.023981,0.023981,0.023981,0.023981,0.458081,-0.190060,0.023981,0.023981,1.565891,-0.680129,1.067448,0.063805,0.002454,0.000000,-0.002454,-0.003682,0.708822,0.916870,0.916870,0.594105,1.197784,1.197784,0.830068,1.136412,1.136412,0.858980,1.016044,1.016044,-0.007290,0.090136,-0.009519,0.003613,0.061050,-0.009209,-0.010903,0.029086,-0.000310,-0.005673,0.010255,-0.012283,0.016977,3.467212,-6.267598,7.507257,-6.267598,11.329788,-13.570693,7.507257,-13.570693,16.254822,-0.000000,0.000000,31.051823,-0.005673,0.010255,-0.012283,0.016977,2.512569,-4.541912,5.440251,-4.541912,8.210307,-9.834214,5.440251,-9.834214,11.779310,-0.000000,0.000000,22.502186,-0.017086,0.115269,0.077039,-0.016418,0.114029,0.072616,-0.000668,0.001240,0.004423,-0.027690,-0.312675,-0.224605,0.385979,0.539112,6.087542,4.372899,6.087542,68.739278,49.377877,4.372899,49.377877,35.469891,-0.000000,0.000000,104.748281,-0.027690,-0.312675,-0.224605,0.385979,0.567888,6.412477,4.606311,6.412477,72.408380,52.013524,4.606311,52.013524,37.363171,-0.000000,0.000000,110.339438,0.001650,0.107078,0.073470,0.001630,0.106986,0.072969,0.000020,0.000092,0.000501,-0.003748,-0.035340,-0.005319,0.035934,1.062358,10.017331,1.507609,10.017331,94.456798,14.215756,1.507609,14.215756,2.139472,-0.000000,0.000000,97.658628,-0.003748,-0.035340,-0.005319,0.035934,1.076474,10.150436,1.527641,10.150436,95.711897,14.404648,1.527641,14.404648,2.167901,-0.000000,0.000000,98.956271,0.016308,0.102413,0.056118,0.015514,0.100794,0.053406,0.000794,0.001619,0.002712,-0.021220,-0.254975,-0.004563,0.255898,0.723661,8.695534,0.155604,8.695534,104.485774,1.869740,0.155604,1.869740,0.033458,-0.000000,-0.000000,105.242893,-0.021220,-0.254975,-0.004563,0.255898,0.773407,9.293280,0.166300,9.293280,111.668315,1.998269,0.166300,1.998269,0.035758,-0.000000,0.000000,112.477480,0.030388,0.090197,0.058017,0.030443,0.089955,0.058127,-0.000055,0.000242,-0.000110,-0.000020,-0.001256,-0.000364,0.001308,0.019906,1.260048,0.364827,1.260048,79.761771,23.093758,0.364827,23.093758,6.686432,0.000000,0.000000,86.468109,-0.000020,-0.001256,-0.000364,0.001308,0.019790,1.252692,0.362697,1.252692,79.296148,22.958944,0.362697,22.958944,6.647399,-0.000000,0.000000,85.963337
0.7605,baseline,0.518,20.0000,4.215379,-1.202641,-1.291612,-0.073631,-0.072097,1.165825,-1.998777,0.977146,-2.699806,1.360641,-2.480447,1.412796,-1.965029,0.004732,-0.037653,0.000000,0.023981,0.109008,0.023981,0.023981,0.023981,0.023981,0.114379,-0.229770,0.023981,0.023981,1.565891,-0.680997,1.067448,0.063805,0.002403,0.000000,-0.002403,-0.003605,0.708822,0.916870,0.916870,0.594105,1.197784,1.197784,0.827270,1.137820,1.137820,0.858980,1.016044,1.016044,-0.007280,0.090114,-0.009567,0.003613,0.061050,-0.009209,-0.010894,0.029064,-0.000358,-0.005434,0.009817,-0.011778,0.016268,3.464690,-6.259361,7.509891,-6.259361,11.308255,-13.567482,7.509891,-13.567482,16.278070,-0.000000,0.000000,31.051015,-0.005434,0.009817,-0.011778,0.016268,2.511724,-4.537718,5.444289,-4.537718,8.197909,-9.835733,5.444289,-9.835733,11.800771,0.000000,0.000000,22.510404,-0.017087,0.115269,0.077039,-0.016418,0.114029,0.072616,-0.000670,0.001240,0.004423,-0.027676,-0.312687,-0.224612,0.385992,0.538503,6.084145,4.370412,6.084145,68.740174,49.377998,4.370412,49.377998,35.469604,-0.000000,0.000000,104.748281,-0.027676,-0.312687,-0.224612,0.385992,0.567248,6.408909,4.603699,6.408909,72.409436,52.013732,4.603699,52.013732,37.362925,-0.000000,-0.000000,110.339609,0.001650,0.107078,0.073470,0.001630,0.106986,0.072969,0.000020,0.000092,0.000501,-0.003748,-0.035340,-0.005319,0.035934,1.062358,10.017331,1.507609,10.017331,94.456798,14.215756,1.507609,14.215756,2.139472,-0.000000,0.000000,97.658628,-0.003748,-0.035340,-0.005319,0.035934,1.076474,10.150436,1.527641,10.150436,95.711897,14.404648,1.527641,14.404648,2.167901,-0.000000,0.000000,98.956271,0.016342,0.102399,0.056248,0.015514,0.100794,0.053406,0.000828,0.001605,0.002842,-0.021859,-0.262611,-0.004693,0.263561,0.722940,8.685371,0.155223,8.685371,104.345761,1.864839,0.155223,1.864839,0.033328,-0.000000,0.000000,105.102028,-0.021859,-0.262611,-0.004693,0.263561,0.775337,9.314867,0.166473,9.314867,111.908506,1.999998,0.166473,1.999998,0.035743,-0.000000,0.000000,112.719586,0.030389,0.090197,0.058018,0.030443,0.089955,0.058127,-0.000054,0.000242,-0.000110,-0.000021,-0.001302,-0.000377,0.001356,0.020005,1.263193,0.365714,1.263193,79.762475,23.092472,0.365714,23.092472,6.685628,-0.000000,-0.000000,86.468109,-0.000021,-0.001302,-0.000377,0.001356,0.019889,1.255839,0.363585,1.255839,79.298161,22.958045,0.363585,22.958045,6.646710,-0.000000,0.000000,85.964759
0.8029,baseline,0.518,20.0000,4.215379,-1.204175,-1.291612,-0.073631,-0.075165,1.165825,-1.998777,0.977146,-2.699806,1.352971,-2.475845,1.412796,-1.965029,0.001082,-0.029284,0.000000,0.023981,-0.017073,0.023981,0.023981,0.023981,0.023981,-0.077293,0.030486,0.023981,0.023981,1.565891,-0.681866,1.067448,0.063805,0.002506,0.000000,-0.002506,-0.003758,0.708822,0.916870,0.916870,0.594105,1.197784,1.197784,0.822606,1.135709,1.135709,0.858980,1.016044,1.016044,-0.007271,0.090091,-0.009614,0.003613,0.061050,-0.009209,-0.010884,0.029041,-0.000405,-0.005195,0.009380,-0.011273,0.015558,3.462171,-6.251126,7.512518,-6.251126,11.286726,-13.564234,7.512518,-13.564234,16.301312,-0.000000,0.000000,31.050209,-0.005195,0.009380,-0.011273,0.015558,2.510880,-4.533521,5.448324,-4.533521,8.185504,-9.837227,5.448324,-9.837227,11.822246,-0.000000,0.000000,22.518629,-0.017084,0.115269,0.077039,-0.016418,0.114029,0.072616,-0.000667,0.001240,0.004423,-0.027705,-0.312662,-0.224599,0.385966,0.539721,6.090939,4.375385,6.090939,68.738381,49.377755,4.375385,49.377755,35.470179,-0.000000,0.000000,104.748281,-0.027705,-0.312662,-0.224599,0.385966,0.568529,6.416045,4.608923,6.416045,72.407323,52.013315,4.608923,52.013315,37.363416,0.000000,0.000000,110.339268,0.001650,0.107078,0.073470,0.001630,0.106986,0.072969,0.000020,0.000092,0.000501,-0.003748,-0.035340,-0.005319,0.035934,1.062358,10.017331,1.507609,10.017331,94.456798,14.215756,1.507609,14.215756,2.139472,-0.000000,0.000000,97.658628,-0.003748,-0.035340,-0.005319,0.035934,1.076474,10.150436,1.527641,10.150436,95.711897,14.404648,1.527641,14.404648,2.167901,-0.000000,0.000000,98.956271,0.016434,0.102616,0.056565,0.015514,0.100794,0.053406,0.000920,0.001821,0.003158,-0.025164,-0.294282,-0.007799,0.295459,0.763908,8.933610,0.236757,8.933610,104.475100,2.768782,0.236757,2.768782,0.073378,-0.000000,0.000000,105.312386,-0.025164,-0.294282,-0.007799,0.295459,0.824738,9.644985,0.255610,9.644985,112.794357,2.989258,0.255610,2.989258,0.079221,-0.000000,0.000000,113.698316,0.030387,0.090197,0.058017,0.030443,0.089955,0.058127,-0.000056,0.000242,-0.000110,-0.000019,-0.001212,-0.000351,0.001262,0.019807,1.256903,0.363940,1.256903,79.761067,23.095044,0.363940,23.095044,6.687236,-0.000000,0.000000,86.468109,-0.000019,-0.001212,-0.000351,0.001262,0.019691,1.249545,0.361809,1.249545,79.294165,22.959851,0.361809,22.959851,6.648090,-0.000000,0.000000,85.961946
0.8454,baseline,0.518,20.0000,4.215379,-1.204175,-1.291612,-0.073631,-0.076699,1.165825,-1.998777,0.977146,-2.699806,1.352971,-2.472777,1.412796,-1.965029,0.006746,-0.006699,0.000000,0.023981,-0.041199,0.023981,0.023981,0.023981,0.023981,-0.061135,0.097810,0.023981,0.023981,1.565891,-0.681866,1.067448,0.063805,0.002557,0.000000,-0.002557,-0.003835,0.708822,0.916870,0.916870,0.594105,1.197784,1.197784,0.822606,1.134301,1.134301,0.858980,1.016044,1.016044,-0.007271,0.090091,-0.009614,0.003613,0.061050,-0.009209,-0.010884,0.029041,-0.000405,-0.005195,0.009380,-0.011273,0.015558,3.462171,-6.251126,7.512518,-6.251126,11.286726,-13.564234,7.512518,-13.564234,16.301312,-0.000000,0.000000,31.050209,-0.005195,0.009380,-0.011273,0.015558,2.510880,-4.533521,5.448324,-4.533521,8.185504,-9.837227,5.448324,-9.837227,11.822246,-0.000000,0.000000,22.518629,-0.017083,0.115269,0.077039,-0.016418,0.114029,0.072616,-0.000665,0.001240,0.004423,-0.027720,-0.312650,-0.224592,0.385954,0.540330,6.094335,4.377871,6.094335,68.737485,49.377633,4.377871,49.377633,35.470466,-0.000000,0.000000,104.748281,-0.027720,-0.312650,-0.224592,0.385954,0.569169,6.419613,4.611535,6.419613,72.406267,52.013106,4.611535,52.013106,37.363660,0.000000,0.000000,110.339097,0.001650,0.107078,0.073470,0.001630,0.106986,0.072969,0.000020,0.000092,0.000501,-0.003748,-0.035340,-0.005319,0.035934,1.062358,10.017331,1.507609,10.017331,94.456798,14.215756,1.507609,14.215756,2.139472,-0.000000,0.000000,97.658628,-0.003748,-0.035340,-0.005319,0.035934,1.076474,10.150436,1.527641,10.150436,95.711897,14.404648,1.527641,14.404648,2.167901,-0.000000,0.000000,98.956271,0.016445,0.102692,0.056597,0.015514,0.100794,0.053406,0.000931,0.001897,0.003190,-0.025892,-0.300290,-0.008780,0.301532,0.777512,9.017434,0.263666,9.017434,104.582536,3.057949,0.263666,3.057949,0.089413,-0.000000,-0.000000,105.449461,-0.025892,-0.300290,-0.008780,0.301532,0.839629,9.737863,0.284731,9.737863,112.937937,3.302257,0.284731,3.302257,0.096557,-0.000000,0.000000,113.874123,0.030386,0.090197,0.058017,0.030443,0.089955,0.058127,-0.000057,0.000241,-0.000110,-0.000018,-0.001166,-0.000338,0.001214,0.019708,1.253758,0.363053,1.253758,79.760362,23.096329,0.363053,23.096329,6.688039,-0.000000,0.000000,86.468109,-0.000018,-0.001166,-0.000338,0.001214,0.019592,1.246398,0.360921,1.246398,79.292161,22.960752,0.360921,22.960752,6.648780,-0.000000,0.000000,85.960533
0.8884,baseline,0.518,20.0000,4.215379,-1.188835,-1.291612,-0.073631,-0.076699,1.165825,-1.998777,0.977146,-2.699806,1.351437,-2.471243,1.412796,-1.965029,0.007922,0.178234,0.000000,0.023981,-0.008483,0.023981,0.023981,0.023981,0.023981,-0.017144,0.046731,0.023981,0.023981,1.565891,-0.673180,1.067448,0.063805,0.002557,0.000000,-0.002557,-0.003835,0.708822,0.916870,0.916870,0.594105,1.197784,1.197784,0.821674,1.133598,1.133598,0.858980,1.016044,1.016044,-0.007365,0.090316,-0.009141,0.003613,0.061050,-0.009209,-0.010979,0.029266,0.000068,-0.007587,0.013778,-0.016285,0.022641,3.487482,-6.333538,7.485933,-6.333538,11.502196,-13.595035,7.485933,-13.595035,16.068668,-0.000000,0.000000,31.058346,-0.007587,0.013778,-0.016285,0.022641,2.519376,-4.575382,5.407878,-4.575382,8.309249,-9.821127,5.407878,-9.821127,11.608093,-0.000000,0.000000,22.436717,-0.017083,0.115269,0.077039,-0.016418,0.114029,0.072616,-0.000665,0.001240,0.004423,-0.027720,-0.312650,-0.224592,0.385954,0.540330,6.094335,4.377871,6.094335,68.737485,49.377633,4.377871,49.377633,35.470466,-0.000000,0.000000,104.748281,-0.027720,-0.312650,-0.224592,0.385954,0.569169,6.419613,4.611535,6.419613,72.406267,52.013106,4.611535,52.013106,37.363660,-0.000000,0.000000,110.339097,0.001650,0.107078,0.073470,0.001630,0.106986,0.072969,0.000020,0.000092,0.000501,-0.003748,-0.035340,-0.005319,0.035934,1.062358,10.017331,1.507609,10.017331,94.456798,14.215756,1.507609,14.215756,2.139472,-0.000000,0.000000,97.658628,-0.003748,-0.035340,-0.005319,0.035934,1.076474,10.150436,1.527641,10.150436,95.711897,14.404648,1.527641,14.404648,2.167901,-0.000000,0.000000,98.956271,0.016466,0.102750,0.056667,0.015514,0.100794,0.053406,0.000952,0.001955,0.003260,-0.026732,-0.307853,-0.009701,0.309164,0.788858,9.084807,0.286266,9.084807,104.624313,3.296754,0.286266,3.296754,0.103882,-0.000000,-0.000000,105.517053,-0.026732,-0.307853,-0.009701,0.309164,0.853035,9.823900,0.309555,9.823900,113.136013,3.564961,0.309555,3.564961,0.112333,-0.000000,0.000000,114.101381,0.030386,0.090197,0.058017,0.030443,0.089955,0.058127,-0.000057,0.000241,-0.000110,-0.000018,-0.001166,-0.000338,0.001214,0.019708,1.253758,0.363053,1.253758,79.760362,23.096329,0.363053,23.096329,6.688039,-0.000000,0.000000,86.468109,-0.000018,-0.001166,-0.000338,0.001214,0.019592,1.246398,0.360921,1.246398,79.292165,22.960753,0.360921,22.960753,6.648780,0.000000,0.000000,85.960538
0.9302,baseline,0.518,20.0000,4.215379,-1.187301,-1.291612,-0.073631,-0.073631,1.165825,-1.998777,0.977146,-2.699806,1.357573,-2.469709,1.412796,-1.965029,0.001812,0.228056,0.000000,0.023981,0.018525,0.023981,0.023981,0.023981,0.023981,0.043819,0.061338,0.023981,0.023981,1.565891,-0.672311,1.067448,0.063805,0.002454,0.000000,-0.002454,-0.003682,0.708822,0.916870,0.916870,0.594105,1.197784,1.197784,0.825404,1.132894,1.132894,0.858980,1.016044,1.016044,-0.007375,0.090339,-0.009093,0.003613,0.061050,-0.009209,-0.010988,0.029289,0.000116,-0.007826,0.014221,-0.016781,0.023347,3.490028,-6.341786,7.483235,-6.341786,11.523764,-13.597909,7.483235,-13.597909,16.045377,-0.000000,0.000000,31.059169,-0.007826,0.014221,-0.016781,0.023347,2.520232,-4.579555,5.403823,-4.579555,8.321585,-9.819375,5.403823,-9.819375,11.586750,-0.000000,0.000000,22.428567,-0.017086,0.115269,0.077039,-0.016418,0.114029,0.072616,-0.000668,0.001240,0.004423,-0.027690,-0.312675,-0.224605,0.385979,0.539112,6.087542,4.372899,6.087542,68.739278,49.377877,4.372899,49.377877,35.469891,-0.000000,0.000000,104.748281,-0.027690,-0.312675,-0.224605,0.385979,0.567888,6.412477,4.606311,6.412477,72.408379,52.013524,4.606311,52.013524,37.363171,-0.000000,0.000000,110.339438,0.001650,0.107078,0.073470,0.001630,0.106986,0.072969,0.000020,0.000092,0.000501,-0.003748,-0.035340,-0.005319,0.035934,1.062358,10.017331,1.507609,10.017331,94.456798,14.215756,1.507609,14.215756,2.139472,-0.000000,0.000000,97.658628,-0.003748,-0.035340,-0.005319,0.035934,1.076474,10.150436,1.527641,10.150436,95.711897,14.404648,1.527641,14.404648,2.167901,-0.000000,0.000000,98.956271,0.016412,0.102707,0.056467,0.015514,0.100794,0.053406,0.000898,0.001912,0.003061,-0.025248,-0.292680,-0.008559,0.293891,0.779268,9.033340,0.264152,9.033340,104.715204,3.062069,0.264152,3.062069,0.089541,-0.000000,0.000000,105.584012,-0.025248,-0.292680,-0.008559,0.293891,0.838629,9.721456,0.284274,9.721456,112.691900,3.295322,0.284274,3.295322,0.096361,-0.000000,0.000000,113.626890,0.030388,0.090197,0.058017,0.030443,0.089955,0.058127,-0.000055,0.000242,-0.000110,-0.000020,-0.001258,-0.000364,0.001309,0.019906,1.260048,0.364827,1.260048,79.761771,23.093758,0.364827,23.093758,6.686432,-0.000000,0.000000,86.468109,-0.000020,-0.001258,-0.000364,0.001309,0.019790,1.252692,0.362697,1.252692,79.296169,22.958950,0.362697,22.958950,6.647400,-0.000000,-0.000000,85.963359
0.9726,baseline,0.518,20.0000,4.215379,-1.193437,-1.291612,-0.073631,-0.070563,1.165825,-1.998777,0.977146,-2.699806,1.368311,-2.466641,1.412796,-1.965029,0.013743,-0.049010,0.000000,0.023981,0.117591,0.023981,0.023981,0.023981,0.023981,0.250135,0.080480,0.023981,0.023981,1.565891,-0.675785,1.067448,0.063805,0.002352,0.000000,-0.002352,-0.003528,0.708822,0.916870,0.916870,0.594105,1.197784,1.197784,0.831933,1.131487,1.131487,0.858980,1.016044,1.016044,-0.007337,0.090249,-0.009283,0.003613,0.061050,-0.009209,-0.010950,0.029199,-0.000074,-0.006868,0.012452,-0.014791,0.020519,3.479861,-6.308800,7.493983,-6.308800,11.437515,-13.586186,7.493983,-13.586186,16.138511,-0.000000,0.000000,31.055887,-0.006868,0.012452,-0.014791,0.020519,2.516814,-4.562848,5.420033,-4.562848,8.272198,-9.826228,5.420033,-9.826228,11.672200,-0.000000,0.000000,22.461212,-0.017089,0.115269,0.077039,-0.016418,0.114029,0.072616,-0.000671,0.001241,0.004423,-0.027661,-0.312699,-0.224618,0.386004,0.537895,6.080748,4.367926,6.080748,68.741070,49.378120,4.367926,49.378120,35.469316,-0.000000,0.000000,104.748281,-0.027661,-0.312699,-0.224618,0.386004,0.566608,6.405341,4.601088,6.405341,72.410492,52.013941,4.601088,52.013941,37.362680,-0.000000,0.000000,110.339780,0.001650,0.107078,0.073470,0.001630,0.106986,0.072969,0.000020,0.000092,0.000501,-0.003748,-0.035340,-0.005319,0.035934,1.062358,10.017331,1.507609,10.017331,94.456798,14.215756,1.507609,14.215756,2.139472,-0.000000,0.000000,97.658628,-0.003748,-0.035340,-0.005319,0.035934,1.076474,10.150436,1.527641,10.150436,95.711897,14.404648,1.527641,14.404648,2.167901,-0.000000,0.000000,98.956271,0.016318,0.102638,0.056122,0.015514,0.100794,0.053406,0.000804,0.001844,0.002715,-0.022767,-0.266791,-0.006837,0.267848,0.763798,8.950402,0.229353,8.950402,104.883380,2.687628,0.229353,2.687628,0.068870,-0.000000,0.000000,105.716047,-0.022767,-0.266791,-0.006837,0.267848,0.815090,9.551462,0.244755,9.551462,111.926782,2.868115,0.244755,2.868115,0.073495,-0.000000,0.000000,112.815367,0.030390,0.090198,0.058018,0.030443,0.089955,0.058127,-0.000053,0.000242,-0.000109,-0.000021,-0.001348,-0.000390,0.001404,0.020105,1.266337,0.366601,1.266337,79.763180,23.091186,0.366601,23.091186,6.684824,-0.000000,0.000000,86.468109,-0.000021,-0.001348,-0.000390,0.001404,0.019988,1.258986,0.364473,1.258986,79.300165,22.957144,0.364473,22.957144,6.646020,-0.000000,0.000000,85.966173
1.0151,baseline,0.518,20.0000,4.215379,-1.196505,-1.291612,-0.073631,-0.073631,1.165825,-1.998777,0.977146,-2.699806,1.365243,-2.463573,1.412796,-1.965029,0.016687,-0.092507,0.000000,0.023981,0.000112,0.023981,0.023981,0.023981,0.023981,0.081330,0.076771,0.023981,0.023981,1.565891,-0.677523,1.067448,0.063805,0.002454,0.000000,-0.002454,-0.003682,0.708822,0.916870,0.916870,0.594105,1.197784,1.197784,0.830068,1.130079,1.130079,0.858980,1.016044,1.016044,-0.007318,0.090204,-0.009378,0.003613,0.061050,-0.009209,-0.010931,0.029154,-0.000169,-0.006390,0.011571,-0.013791,0.019103,3.474794,-6.292315,7.499314,-6.292315,11.394413,-13.580101,7.499314,-13.580101,16.185050,-0.000000,0.000000,31.054256,-0.006390,0.011571,-0.013791,0.019103,2.515112,-4.554481,5.428126,-4.554481,8.247462,-9.829499,5.428126,-9.829499,11.715004,-0.000000,0.000000,22.477579,-0.017086,0.115269,0.077039,-0.016418,0.114029,0.072616,-0.000668,0.001240,0.004423,-0.027690,-0.312675,-0.224605,0.385979,0.539112,6.087542,4.372899,6.087542,68.739278,49.377877,4.372899,49.377877,35.469891,-0.000000,0.000000,104.748281,-0.027690,-0.312675,-0.224605,0.385979,0.567888,6.412477,4.606311,6.412477,72.408380,52.013524,4.606311,52.013524,37.363171,-0.000000,0.000000,110.339438,0.001650,0.107078,0.073470,0.001630,0.106986,0.072969,0.000020,0.000092,0.000501,-0.003748,-0.035340,-0.005319,0.035934,1.062358,10.017331,1.507609,10.017331,94.456798,14.215756,1.507609,14.215756,2.139472,-0.000000,0.000000,97.658628,-0.003748,-0.035340,-0.005319,0.035934,1.076474,10.150436,1.527641,10.150436,95.711897,14.404648,1.527641,14.404648,2.167901,-0.000000,0.000000,98.956271,0.016359,0.102756,0.056261,0.015514,0.100794,0.053406,0.000845,0.001962,0.002855,-0.024384,-0.281843,-0.008506,0.283023,0.785686,9.081245,0.274065,9.081245,104.964300,3.167742,0.274065,3.167742,0.095600,-0.000000,0.000000,105.845586,-0.024384,-0.281843,-0.008506,0.283023,0.840753,9.717730,0.293274,9.717730,112.321032,3.389763,0.293274,3.389763,0.102300,-0.000000,0.000000,113.264086,0.030388,0.090197,0.058017,0.030443,0.089955,0.058127,-0.000055,0.000242,-0.000110,-0.000020,-0.001257,-0.000364,0.001309,0.019906,1.260048,0.364827,1.260048,79.761771,23.093758,0.364827,23.093758,6.686432,-0.000000,0.000000,86.468109,-0.000020,-0.001257,-0.000364,0.001309,0.019790,1.252692,0.362697,1.252692,79.296160,22.958948,0.362697,22.958948,6.647400,-0.000000,-0.000000,85.963350
1.0580,baseline,0.518,20.0000,4.215379,-1.198039,-1.291612,-0.073631,-0.075165,1.165825,-1.998777,0.977146,-2.699806,1.360641,-2.462039,1.412796,-1.965029,0.005104,-0.030019,0.000000,0.023981,-0.049778,0.023981,0.023981,0.023981,0.023981,-0.064391,0.073047,0.023981,0.023981,1.565891,-0.678391,1.067448,0.063805,0.002506,0.000000,-0.002506,-0.003758,0.708822,0.916870,0.916870,0.594105,1.197784,1.197784,0.827270,1.129376,1.129376,0.858980,1.016044,1.016044,-0.007309,0.090182,-0.009425,0.003613,0.061050,-0.009209,-0.010922,0.029132,-0.000216,-0.006151,0.011132,-0.013289,0.018394,3.472264,-6.284075,7.501969,-6.284075,11.372867,-13.577002,7.501969,-13.577002,16.208313,-0.000000,0.000000,31.053444,-0.006151,0.011132,-0.013289,0.018394,2.514263,-4.550294,5.432170,-4.550294,8.235084,-9.831097,5.432170,-9.831097,11.736426,-0.000000,0.000000,22.485774,-0.017084,0.115269,0.077039,-0.016418,0.114029,0.072616,-0.000667,0.001240,0.004423,-0.027705,-0.312662,-0.224599,0.385966,0.539721,6.090939,4.375385,6.090939,68.738381,49.377755,4.375385,49.377755,35.470179,-0.000000,-0.000000,104.748281,-0.027705,-0.312662,-0.224599,0.385966,0.568529,6.416045,4.608923,6.416045,72.407323,52.013315,4.608923,52.013315,37.363416,-0.000000,0.000000,110.339268,0.001650,0.107078,0.073470,0.001630,0.106986,0.072969,0.000020,0.000092,0.000501,-0.003748,-0.035340,-0.005319,0.035934,1.062358,10.017331,1.507609,10.017331,94.456798,14.215756,1.507609,14.215756,2.139472,-0.000000,0.000000,97.658628,-0.003748,-0.035340,-0.005319,0.035934,1.076474,10.150436,1.527641,10.150436,95.711897,14.404648,1.527641,14.404648,2.167901,-0.000000,0.000000,98.956271,0.016410,0.102855,0.056440,0.015514,0.100794,0.053406,0.000896,0.002061,0.003033,-0.026148,-0.298516,-0.010230,0.299833,0.805493,9.195714,0.315118,9.195714,104.980650,3.597467,0.315118,3.597467,0.123278,-0.000000,-0.000000,105.909420,-0.026148,-0.298516,-0.010230,0.299833,0.865247,9.877881,0.338494,9.877881,112.768454,3.864339,0.338494,3.864339,0.132423,-0.000000,0.000000,113.766124,0.030387,0.090197,0.058017,0.030443,0.089955,0.058127,-0.000056,0.000242,-0.000110,-0.000019,-0.001212,-0.000351,0.001262,0.019807,1.256903,0.363940,1.256903,79.761067,23.095044,0.363940,23.095044,6.687236,-0.000000,-0.000000,86.468109,-0.000019,-0.001212,-0.000351,0.001262,0.019691,1.249545,0.361809,1.249545,79.294164,22.959851,0.361809,22.959851,6.648090,-0.000000,0.000000,85.961944
1.1003,baseline,0.518,20.0000,4.215379,-1.199573,-1.291612,-0.073631,-0.075165,1.165825,-1.998777,0.977146,-2.699806,1.360641,-2.460505,1.412796,-1.965029,0.010988,-0.036352,0.000000,0.023981,0.008000,0.023981,0.023981,0.023981,0.023981,-0.032888,0.065696,0.023981,0.023981,1.565891,-0.679260,1.067448,0.063805,0.002506,0.000000,-0.002506,-0.003758,0.708822,0.916870,0.916870,0.594105,1.197784,1.197784,0.827270,1.128672,1.128672,0.858980,1.016044,1.016044,-0.007299,0.090159,-0.009472,0.003613,0.061050,-0.009209,-0.010913,0.029109,-0.000263,-0.005912,0.010693,-0.012787,0.017686,3.469737,-6.275835,7.504617,-6.275835,11.351326,-13.573866,7.504617,-13.573866,16.231570,0.000000,0.000000,31.052632,-0.005912,0.010693,-0.012787,0.017686,2.513416,-4.546104,5.436211,-4.546104,8.222699,-9.832668,5.436211,-9.832668,11.757862,-0.000000,0.000000,22.493977,-0.017084,0.115269,0.077039,-0.016418,0.114029,0.072616,-0.000667,0.001240,0.004423,-0.027705,-0.312662,-0.224599,0.385966,0.539721,6.090939,4.375385,6.090939,68.738381,49.377755,4.375385,49.377755,35.470179,-0.000000,0.000000,104.748281,-0.027705,-0.312662,-0.224599,0.385966,0.568529,6.416045,4.608923,6.416045,72.407323,52.013315,4.608923,52.013315,37.363416,0.000000,0.000000,110.339268,0.001650,0.107078,0.073470,0.001630,0.106986,0.072969,0.000020,0.000092,0.000501,-0.003748,-0.035340,-0.005319,0.035934,1.062358,10.017331,1.507609,10.017331,94.456798,14.215756,1.507609,14.215756,2.139472,-0.000000,0.000000,97.658628,-0.003748,-0.035340,-0.005319,0.035934,1.076474,10.150436,1.527641,10.150436,95.711897,14.404648,1.527641,14.404648,2.167901,-0.000000,0.000000,98.956271,0.016416,0.102893,0.056456,0.015514,0.100794,0.053406,0.000902,0.002099,0.003049,-0.026521,-0.301506,-0.010744,0.302860,0.812614,9.238296,0.329200,9.238296,105.026651,3.742547,0.329200,3.742547,0.133363,-0.000000,0.000000,105.972628,-0.026521,-0.301506,-0.010744,0.302860,0.873001,9.924813,0.353663,9.924813,112.831396,4.020663,0.353663,4.020663,0.143273,-0.000000,0.000000,113.847670,0.030387,0.090197,0.058017,0.030443,0.089955,0.058127,-0.000056,0.000242,-0.000110,-0.000019,-0.001212,-0.000351,0.001262,0.019807,1.256903,0.363940,1.256903,79.761067,23.095044,0.363940,23.095044,6.687236,-0.000000,-0.000000,86.468109,-0.000019,-0.001212,-0.000351,0.001262,0.019691,1.249545,0.361809,1.249545,79.294165,22.959851,0.361809,22.959851,6.648090,-0.000000,0.000000,85.961946
1.1429,baseline,0.518,20.0000,4.215379,-1.199573,-1.291612,-0.073631,-0.072097,1.165825,-1.998777,0.977146,-2.699806,1.359107,-2.458971,1.412796,-1.965029,0.007351,-0.008316,0.000000,0.023981,0.032543,0.023981,0.023981,0.023981,0.023981,-0.018910,0.048943,0.023981,0.023981,1.565891,-0.679260,1.067448,0.063805,0.002403,0.000000,-0.002403,-0.003605,0.708822,0.916870,0.916870,0.594105,1.197784,1.197784,0.826337,1.127968,1.127968,0.858980,1.016044,1.016044,-0.007299,0.090159,-0.009472,0.003613,0.061050,-0.009209,-0.010913,0.029109,-0.000263,-0.005912,0.010693,-0.012787,0.017686,3.469737,-6.275835,7.504617,-6.275835,11.351326,-13.573866,7.504617,-13.573866,16.231570,0.000000,0.000000,31.052632,-0.005912,0.010693,-0.012787,0.017686,2.513416,-4.546104,5.436211,-4.546104,8.222699,-9.832668,5.436211,-9.832668,11.757862,-0.000000,0.000000,22.493977,-0.017087,0.115269,0.077039,-0.016418,0.114029,0.072616,-0.000670,0.001240,0.004423,-0.027676,-0.312687,-0.224612,0.385992,0.538503,6.084145,4.370412,6.084145,68.740174,49.377998,4.370412,49.377998,35.469604,-0.000000,0.000000,104.748281,-0.027676,-0.312687,-0.224612,0.385992,0.567248,6.408909,4.603699,6.408909,72.409435,52.013732,4.603699,52.013732,37.362925,-0.000000,0.000000,110.339609,0.001650,0.107078,0.073470,0.001630,0.106986,0.072969,0.000020,0.000092,0.000501,-0.003748,-0.035340,-0.005319,0.035934,1.062358,10.017331,1.507609,10.017331,94.456798,14.215756,1.507609,14.215756,2.139472,-0.000000,0.000000,97.658628,-0.003748,-0.035340,-0.005319,0.035934,1.076474,10.150436,1.527641,10.150436,95.711897,14.404648,1.527641,14.404648,2.167901,-0.000000,0.000000,98.956271,0.016438,0.102952,0.056526,0.015514,0.100794,0.053406,0.000924,0.002157,0.003120,-0.027390,-0.309105,-0.011713,0.310537,0.824922,9.309448,0.352758,9.309448,105.059444,3.980964,0.352758,3.980964,0.150849,-0.000000,0.000000,106.035215,-0.027390,-0.309105,-0.011713,0.310537,0.887421,10.014763,0.379484,10.014763,113.019111,4.282576,0.379484,4.282576,0.162277,-0.000000,0.000000,114.068809,0.030389,0.090197,0.058018,0.030443,0.089955,0.058127,-0.000054,0.000242,-0.000110,-0.000021,-0.001304,-0.000378,0.001358,0.020005,1.263193,0.365714,1.263193,79.762476,23.092472,0.365714,23.092472,6.685628,-0.000000,0.000000,86.468109,-0.000021,-0.001304,-0.000378,0.001358,0.019889,1.255840,0.363585,1.255840,79.298182,22.958052,0.363585,22.958052,6.646711,-0.000000,-0.000000,85.964782
1.1848,baseline,0.518,20.0000,4.215379,-1.191903,-1.291612,-0.073631,-0.072097,1.165825,-1.998777,0.977146,-2.699806,1.360641,-2.458971,1.412796,-1.965029,0.001682,0.071601,0.000000,0.023981,0.077124,0.023981,0.023981,0.023981,0.023981,0.006729,0.029691,0.023981,0.023981,1.565891,-0.674917,1.067448,0.063805,0.002403,0.000000,-0.002403,-0.003605,0.708822,0.916870,0.916870,0.594105,1.197784,1.197784,0.827270,1.127968,1.127968,0.858980,1.016044,1.016044,-0.007347,0.090272,-0.009235,0.003613,0.061050,-0.009209,-0.010960,0.029222,-0.000027,-0.007108,0.012894,-0.015290,0.021226,3.482399,-6.317045,7.491307,-6.317045,11.459071,-13.589173,7.491307,-13.589173,16.115235,-0.000000,0.000000,31.056705,-0.007108,0.012894,-0.015290,0.021226,2.517667,-4.567029,5.415984,-4.567029,8.284555,-9.824553,5.415984,-9.824553,11.650818,-0.000000,0.000000,22.453040,-0.017087,0.115269,0.077039,-0.016418,0.114029,0.072616,-0.000670,0.001240,0.004423,-0.027676,-0.312687,-0.224612,0.385992,0.538503,6.084145,4.370412,6.084145,68.740174,49.377998,4.370412,49.377998,35.469604,-0.000000,0.000000,104.748281,-0.027676,-0.312687,-0.224612,0.385992,0.567248,6.408909,4.603699,6.408909,72.409435,52.013732,4.603699,52.013732,37.362925,-0.000000,0.000000,110.339609,0.001650,0.107078,0.073470,0.001630,0.106986,0.072969,0.000020,0.000092,0.000501,-0.003748,-0.035340,-0.005319,0.035934,1.062358,10.017331,1.507609,10.017331,94.456798,14.215756,1.507609,14.215756,2.139472,-0.000000,0.000000,97.658628,-0.003748,-0.035340,-0.005319,0.035934,1.076474,10.150436,1.527641,10.150436,95.711897,14.404648,1.527641,14.404648,2.167901,-0.000000,0.000000,98.956271,0.016422,0.102931,0.056472,0.015514,0.100794,0.053406,0.000908,0.002137,0.003066,-0.026911,-0.304530,-0.011264,0.305924,0.820484,9.284884,0.343418,9.284884,105.070991,3.886236,0.343418,3.886236,0.143739,-0.000000,0.000000,106.035214,-0.026911,-0.304530,-0.011264,0.305924,0.881569,9.976138,0.368985,9.976138,112.893460,4.175563,0.368985,4.175563,0.154441,-0.000000,0.000000,113.929469,0.030389,0.090197,0.058018,0.030443,0.089955,0.058127,-0.000054,0.000242,-0.000110,-0.000021,-0.001304,-0.000378,0.001358,0.020005,1.263193,0.365714,1.263193,79.762476,23.092472,0.365714,23.092472,6.685628,-0.000000,0.000000,86.468109,-0.000021,-0.001304,-0.000378,0.001358,0.019889,1.255840,0.363585,1.255840,79.298179,22.958051,0.363585,22.958051,6.646711,-0.000000,0.000000,85.964779
1.2278,baseline,0.518,20.0000,4.215379,-1.182699,-1.291612,-0.073631,-0.075165,1.165825,-1.998777,0.977146,-2.699806,1.380583,-2.458971,1.412796,-1.965029,0.000385,0.255331,0.000000,0.023981,-0.032316,0.023981,0.023981,0.023981,0.023981,0.237785,0.025287,0.023981,0.023981,1.565891,-0.669705,1.067448,0.063805,0.002506,0.000000,-0.002506,-0.003758,0.708822,0.916870,0.916870,0.594105,1.197784,1.197784,0.839394,1.127968,1.127968,0.858980,1.016044,1.016044,-0.007403,0.090405,-0.008951,0.003613,0.061050,-0.009209,-0.011017,0.029356,0.000258,-0.008545,0.015554,-0.018263,0.025466,3.497680,-6.366539,7.475100,-6.366539,11.588487,-13.606309,7.475100,-13.606309,15.975480,-0.000000,-0.000000,31.061647,-0.008545,0.015554,-0.018263,0.025466,2.522809,-4.592061,5.391644,-4.592061,8.358550,-9.813966,5.391644,-9.813966,11.522802,-0.000000,-0.000000,22.404161,-0.017084,0.115269,0.077039,-0.016418,0.114029,0.072616,-0.000667,0.001240,0.004423,-0.027705,-0.312662,-0.224599,0.385966,0.539721,6.090939,4.375385,6.090939,68.738381,49.377755,4.375385,49.377755,35.470179,-0.000000,0.000000,104.748281,-0.027705,-0.312662,-0.224599,0.385966,0.568529,6.416045,4.608923,6.416045,72.407324,52.013315,4.608923,52.013315,37.363416,-0.000000,0.000000,110.339268,0.001650,0.107078,0.073470,0.001630,0.106986,0.072969,0.000020,0.000092,0.000501,-0.003748,-0.035340,-0.005319,0.035934,1.062358,10.017331,1.507609,10.017331,94.456798,14.215756,1.507609,14.215756,2.139472,-0.000000,0.000000,97.658628,-0.003748,-0.035340,-0.005319,0.035934,1.076474,10.150436,1.527641,10.150436,95.711897,14.404648,1.527641,14.404648,2.167901,-0.000000,0.000000,98.956271,0.016224,0.102661,0.055769,0.015514,0.100794,0.053406,0.000710,0.001867,0.002363,-0.020869,-0.245029,-0.006183,0.245994,0.763137,8.960238,0.226100,8.960238,105.205077,2.654709,0.226100,2.654709,0.066988,-0.000000,-0.000000,106.035202,-0.020869,-0.245029,-0.006183,0.245994,0.806854,9.473540,0.239052,9.473540,111.231925,2.806789,0.239052,2.806789,0.070826,-0.000000,-0.000000,112.109605,0.030387,0.090197,0.058017,0.030443,0.089955,0.058127,-0.000056,0.000242,-0.000110,-0.000019,-0.001209,-0.000350,0.001259,0.019807,1.256903,0.363940,1.256903,79.761066,23.095044,0.363940,23.095044,6.687236,-0.000000,-0.000000,86.468109,-0.000019,-0.001209,-0.000350,0.001259,0.019691,1.249545,0.361809,1.249545,79.294130,22.959841,0.361809,22.959841,6.648087,-0.000000,0.000000,85.961908
1.2697,baseline,0.518,20.0000,4.215379,-1.188835,-1.291612,-0.073631,-0.075165,1.165825,-1.998777,0.977146,-2.699806,1.385185,-2.460505,1.412796,-1.965029,0.012084,0.014757,0.000000,0.023981,-0.018506,0.023981,0.023981,0.023981,0.023981,0.316423,0.021882,0.023981,0.023981,1.565891,-0.673180,1.067448,0.063805,0.002506,0.000000,-0.002506,-0.003758,0.708822,0.916870,0.916870,0.594105,1.197784,1.197784,0.842192,1.128672,1.128672,0.858980,1.016044,1.016044,-0.007365,0.090316,-0.009141,0.003613,0.061050,-0.009209,-0.010979,0.029266,0.000068,-0.007587,0.013778,-0.016285,0.022641,3.487482,-6.333538,7.485933,-6.333538,11.502196,-13.595035,7.485933,-13.595035,16.068668,-0.000000,0.000000,31.058346,-0.007587,0.013778,-0.016285,0.022641,2.519376,-4.575382,5.407878,-4.575382,8.309249,-9.821127,5.407878,-9.821127,11.608093,-0.000000,0.000000,22.436717,-0.017084,0.115269,0.077039,-0.016418,0.114029,0.072616,-0.000667,0.001240,0.004423,-0.027705,-0.312662,-0.224599,0.385966,0.539721,6.090939,4.375385,6.090939,68.738381,49.377755,4.375385,49.377755,35.470179,-0.000000,-0.000000,104.748281,-0.027705,-0.312662,-0.224599,0.385966,0.568529,6.416045,4.608923,6.416045,72.407324,52.013315,4.608923,52.013315,37.363416,-0.000000,0.000000,110.339268,0.001650,0.107078,0.073470,0.001630,0.106986,0.072969,0.000020,0.000092,0.000501,-0.003748,-0.035340,-0.005319,0.035934,1.062358,10.017331,1.507609,10.017331,94.456798,14.215756,1.507609,14.215756,2.139472,-0.000000,0.000000,97.658628,-0.003748,-0.035340,-0.005319,0.035934,1.076474,10.150436,1.527641,10.150436,95.711897,14.404648,1.527641,14.404648,2.167901,-0.000000,0.000000,98.956271,0.016173,0.102560,0.055592,0.015514,0.100794,0.053406,0.000658,0.001765,0.002185,-0.019200,-0.228370,-0.004831,0.229227,0.743501,8.843242,0.187081,8.843242,105.182038,2.225153,0.187081,2.225153,0.047074,-0.000000,0.000000,105.972613,-0.019200,-0.228370,-0.004831,0.229227,0.783013,9.313201,0.197023,9.313201,110.771754,2.343405,0.197023,2.343405,0.049575,-0.000000,0.000000,111.604342,0.030387,0.090197,0.058017,0.030443,0.089955,0.058127,-0.000056,0.000242,-0.000110,-0.000019,-0.001208,-0.000350,0.001258,0.019807,1.256903,0.363940,1.256903,79.761066,23.095044,0.363940,23.095044,6.687236,-0.000000,-0.000000,86.468109,-0.000019,-0.001208,-0.000350,0.001258,0.019691,1.249545,0.361809,1.249545,79.294120,22.959838,0.361809,22.959838,6.648086,-0.000000,0.000000,85.961898
1.3121,baseline,0.518,20.0000,4.215379,-1.194971,-1.291612,-0.073631,-0.075165,1.165825,-1.998777,0.977146,-2.699806,1.377515,-2.460505,1.412796,-1.965029,0.002488,-0.125424,0.000000,0.023981,0.002589,0.023981,0.023981,0.023981,0.023981,-0.020979,-0.000420,0.023981,0.023981,1.565891,-0.676654,1.067448,0.063805,0.002506,0.000000,-0.002506,-0.003758,0.708822,0.916870,0.916870,0.594105,1.197784,1.197784,0.837529,1.128672,1.128672,0.858980,1.016044,1.016044,-0.007328,0.090227,-0.009330,0.003613,0.061050,-0.009209,-0.010941,0.029177,-0.000121,-0.006629,0.012011,-0.014292,0.019811,3.477326,-6.300557,7.496652,-6.300557,11.415962,-13.583162,7.496652,-13.583162,16.161783,0.000000,0.000000,31.055071,-0.006629,0.012011,-0.014292,0.019811,2.515963,-4.558666,5.424081,-4.558666,8.259834,-9.827876,5.424081,-9.827876,11.693596,-0.000000,0.000000,22.469392,-0.017084,0.115269,0.077039,-0.016418,0.114029,0.072616,-0.000667,0.001240,0.004423,-0.027705,-0.312662,-0.224599,0.385966,0.539721,6.090939,4.375385,6.090939,68.738381,49.377755,4.375385,49.377755,35.470179,-0.000000,-0.000000,104.748281,-0.027705,-0.312662,-0.224599,0.385966,0.568529,6.416045,4.608923,6.416045,72.407324,52.013315,4.608923,52.013315,37.363416,-0.000000,0.000000,110.339268,0.001650,0.107078,0.073470,0.001630,0.106986,0.072969,0.000020,0.000092,0.000501,-0.003748,-0.035340,-0.005319,0.035934,1.062358,10.017331,1.507609,10.017331,94.456798,14.215756,1.507609,14.215756,2.139472,-0.000000,0.000000,97.658628,-0.003748,-0.035340,-0.005319,0.035934,1.076474,10.150436,1.527641,10.150436,95.711897,14.404648,1.527641,14.404648,2.167901,-0.000000,0.000000,98.956271,0.016248,0.102665,0.055861,0.015514,0.100794,0.053406,0.000734,0.001871,0.002455,-0.021426,-0.251218,-0.006451,0.252213,0.764790,8.967098,0.230256,8.967098,105.138505,2.699739,0.230256,2.699739,0.069324,-0.000000,0.000000,105.972618,-0.021426,-0.251218,-0.006451,0.252213,0.810508,9.503143,0.244021,9.503143,111.423595,2.861127,0.244021,2.861127,0.073468,-0.000000,0.000000,112.307571,0.030387,0.090197,0.058017,0.030443,0.089955,0.058127,-0.000056,0.000242,-0.000110,-0.000019,-0.001209,-0.000350,0.001259,0.019807,1.256903,0.363940,1.256903,79.761066,23.095044,0.363940,23.095044,6.687236,-0.000000,0.000000,86.468109,-0.000019,-0.001209,-0.000350,0.001259,0.019691,1.249545,0.361809,1.249545,79.294134,22.959842,0.361809,22.959842,6.648088,-0.000000,0.000000,85.961913
1.3545,baseline,0.518,20.0000,4.215379,-1.196505,-1.291612,-0.073631,-0.070563,1.165825,-1.998777,0.977146,-2.699806,1.374447,-2.474311,1.412796,-1.965029,0.010817,-0.038832,0.000000,0.023981,0.060457,0.023981,0.023981,0.023981,0.023981,-0.112562,-0.126843,0.023981,0.023981,1.565891,-0.677523,1.067448,0.063805,0.002352,0.000000,-0.002352,-0.003528,0.708822,0.916870,0.916870,0.594105,1.197784,1.197784,0.835664,1.135005,1.135005,0.858980,1.016044,1.016044,-0.007318,0.090204,-0.009378,0.003613,0.061050,-0.009209,-0.010931,0.029154,-0.000169,-0.006390,0.011571,-0.013791,0.019103,3.474794,-6.292315,7.499314,-6.292315,11.394413,-13.580101,7.499314,-13.580101,16.185050,-0.000000,0.000000,31.054256,-0.006390,0.011571,-0.013791,0.019103,2.515112,-4.554481,5.428126,-4.554481,8.247462,-9.829499,5.428126,-9.829499,11.715004,-0.000000,0.000000,22.477579,-0.017089,0.115269,0.077039,-0.016418,0.114029,0.072616,-0.000671,0.001241,0.004423,-0.027661,-0.312699,-0.224618,0.386004,0.537895,6.080748,4.367926,6.080748,68.741070,49.378120,4.367926,49.378120,35.469316,-0.000000,0.000000,104.748281,-0.027661,-0.312699,-0.224618,0.386004,0.566608,6.405341,4.601088,6.405341,72.410492,52.013941,4.601088,52.013941,37.362680,-0.000000,-0.000000,110.339780,0.001650,0.107078,0.073470,0.001630,0.106986,0.072969,0.000020,0.000092,0.000501,-0.003748,-0.035340,-0.005319,0.035934,1.062358,10.017331,1.507609,10.017331,94.456798,14.215756,1.507609,14.215756,2.139472,-0.000000,0.000000,97.658628,-0.003748,-0.035340,-0.005319,0.035934,1.076474,10.150436,1.527641,10.150436,95.711897,14.404648,1.527641,14.404648,2.167901,-0.000000,0.000000,98.956271,0.016229,0.102364,0.055828,0.015514,0.100794,0.053406,0.000715,0.001570,0.002421,-0.019291,-0.233726,-0.003549,0.234547,0.712870,8.636998,0.131154,8.636998,104.644225,1.589032,0.131154,1.589032,0.024130,-0.000000,0.000000,105.381224,-0.019291,-0.233726,-0.003549,0.234547,0.756355,9.163859,0.139154,9.163859,111.027578,1.685964,0.139154,1.685964,0.025602,-0.000000,-0.000000,111.809535,0.030390,0.090198,0.058018,0.030443,0.089955,0.058127,-0.000053,0.000242,-0.000109,-0.000021,-0.001347,-0.000390,0.001402,0.020105,1.266337,0.366601,1.266337,79.763180,23.091186,0.366601,23.091186,6.684824,-0.000000,0.000000,86.468109,-0.000021,-0.001347,-0.000390,0.001402,0.019988,1.258986,0.364472,1.258986,79.300148,22.957139,0.364472,22.957139,6.646018,-0.000000,0.000000,85.966154
1.3970,baseline,0.518,20.0000,4.215379,-1.196505,-1.291612,-0.073631,-0.072097,1.165825,-1.998777,0.977146,-2.699806,1.372913,-2.478913,1.412796,-1.965029,0.002475,-0.019131,0.000000,0.023981,0.075033,0.023981,0.023981,0.023981,0.023981,-0.040290,-0.225969,0.023981,0.023981,1.565891,-0.677523,1.067448,0.063805,0.002403,0.000000,-0.002403,-0.003605,0.708822,0.916870,0.916870,0.594105,1.197784,1.197784,0.834731,1.137116,1.137116,0.858980,1.016044,1.016044,-0.007318,0.090204,-0.009378,0.003613,0.061050,-0.009209,-0.010931,0.029154,-0.000169,-0.006390,0.011571,-0.013791,0.019103,3.474794,-6.292315,7.499314,-6.292315,11.394413,-13.580101,7.499314,-13.580101,16.185050,-0.000000,0.000000,31.054256,-0.006390,0.011571,-0.013791,0.019103,2.515112,-4.554481,5.428126,-4.554481,8.247462,-9.829499,5.428126,-9.829499,11.715004,-0.000000,0.000000,22.477579,-0.017087,0.115269,0.077039,-0.016418,0.114029,0.072616,-0.000670,0.001240,0.004423,-0.027676,-0.312687,-0.224612,0.385992,0.538503,6.084145,4.370412,6.084145,68.740174,49.377998,4.370412,49.377998,35.469604,-0.000000,0.000000,104.748281,-0.027676,-0.312687,-0.224612,0.385992,0.567248,6.408909,4.603699,6.408909,72.409436,52.013732,4.603699,52.013732,37.362925,-0.000000,-0.000000,110.339609,0.001650,0.107078,0.073470,0.001630,0.106986,0.072969,0.000020,0.000092,0.000501,-0.003748,-0.035340,-0.005319,0.035934,1.062358,10.017331,1.507609,10.017331,94.456798,14.215756,1.507609,14.215756,2.139472,-0.000000,0.000000,97.658628,-0.003748,-0.035340,-0.005319,0.035934,1.076474,10.150436,1.527641,10.150436,95.711897,14.404648,1.527641,14.404648,2.167901,-0.000000,0.000000,98.956271,0.016227,0.102271,0.055835,0.015514,0.100794,0.053406,0.000713,0.001476,0.002428,-0.018729,-0.229340,-0.002753,0.230120,0.696659,8.530753,0.102404,8.530753,104.461058,1.253955,0.102404,1.253955,0.015053,-0.000000,0.000000,105.172770,-0.018729,-0.229340,-0.002753,0.230120,0.739732,9.058190,0.108735,9.058190,110.919646,1.331485,0.108735,1.331485,0.015983,-0.000000,0.000000,111.675361,0.030389,0.090197,0.058018,0.030443,0.089955,0.058127,-0.000054,0.000242,-0.000110,-0.000021,-0.001301,-0.000377,0.001354,0.020005,1.263193,0.365714,1.263193,79.762475,23.092472,0.365714,23.092472,6.685628,-0.000000,-0.000000,86.468109,-0.000021,-0.001301,-0.000377,0.001354,0.019889,1.255839,0.363585,1.255839,79.298140,22.958039,0.363585,22.958039,6.646708,-0.000000,-0.000000,85.964736
1.4393,baseline,0.518,20.0000,4.215379,-1.194971,-1.291612,-0.073631,-0.075165,1.165825,-1.998777,0.977146,-2.699806,1.369845,-2.474311,1.412796,-1.965029,0.005122,0.006268,0.000000,0.023981,-0.052652,0.023981,0.023981,0.023981,0.023981,-0.038014,0.011378,0.023981,0.023981,1.565891,-0.676654,1.067448,0.063805,0.002506,0.000000,-0.002506,-0.003758,0.708822,0.916870,0.916870,0.594105,1.197784,1.197784,0.832866,1.135005,1.135005,0.858980,1.016044,1.016044,-0.007328,0.090227,-0.009330,0.003613,0.061050,-0.009209,-0.010941,0.029177,-0.000121,-0.006629,0.012011,-0.014292,0.019811,3.477326,-6.300557,7.496652,-6.300557,11.415962,-13.583162,7.496652,-13.583162,16.161783,0.000000,0.000000,31.055071,-0.006629,0.012011,-0.014292,0.019811,2.515963,-4.558666,5.424081,-4.558666,8.259834,-9.827876,5.424081,-9.827876,11.693596,-0.000000,0.000000,22.469392,-0.017084,0.115269,0.077039,-0.016418,0.114029,0.072616,-0.000667,0.001240,0.004423,-0.027705,-0.312662,-0.224599,0.385966,0.539721,6.090939,4.375385,6.090939,68.738381,49.377755,4.375385,49.377755,35.470179,-0.000000,-0.000000,104.748281,-0.027705,-0.312662,-0.224599,0.385966,0.568529,6.416045,4.608923,6.416045,72.407324,52.013315,4.608923,52.013315,37.363416,-0.000000,0.000000,110.339268,0.001650,0.107078,0.073470,0.001630,0.106986,0.072969,0.000020,0.000092,0.000501,-0.003748,-0.035340,-0.005319,0.035934,1.062358,10.017331,1.507609,10.017331,94.456798,14.215756,1.507609,14.215756,2.139472,-0.000000,0.000000,97.658628,-0.003748,-0.035340,-0.005319,0.035934,1.076474,10.150436,1.527641,10.150436,95.711897,14.404648,1.527641,14.404648,2.167901,-0.000000,0.000000,98.956271,0.016273,0.102427,0.055989,0.015514,0.100794,0.053406,0.000759,0.001633,0.002582,-0.020577,-0.247301,-0.004431,0.248195,0.724365,8.705483,0.155982,8.705483,104.623274,1.874602,0.155982,1.874602,0.033588,0.000000,0.000000,105.381228,-0.020577,-0.247301,-0.004431,0.248195,0.771464,9.271521,0.166124,9.271521,111.425977,1.996491,0.166124,1.996491,0.035772,-0.000000,0.000000,112.233213,0.030387,0.090197,0.058017,0.030443,0.089955,0.058127,-0.000056,0.000242,-0.000110,-0.000019,-0.001209,-0.000350,0.001259,0.019807,1.256903,0.363940,1.256903,79.761066,23.095044,0.363940,23.095044,6.687236,-0.000000,0.000000,86.468109,-0.000019,-0.001209,-0.000350,0.001259,0.019691,1.249545,0.361809,1.249545,79.294136,22.959843,0.361809,22.959843,6.648088,-0.000000,0.000000,85.961915
1.4822,baseline,0.518,20.0000,4.215379,-1.179631,-1.291612,-0.073631,-0.076699,1.165825,-1.998777,0.977146,-2.699806,1.368311,-2.471243,1.412796,-1.965029,0.009846,0.217018,0.000000,0.023981,-0.025427,0.023981,0.023981,0.023981,0.023981,-0.041822,0.096143,0.023981,0.023981,1.565891,-0.667968,1.067448,0.063805,0.002557,0.000000,-0.002557,-0.003835,0.708822,0.916870,0.916870,0.594105,1.197784,1.197784,0.831933,1.133598,1.133598,0.858980,1.016044,1.016044,-0.007422,0.090450,-0.008856,0.003613,0.061050,-0.009209,-0.011035,0.029400,0.000353,-0.009025,0.016446,-0.019246,0.026877,3.502795,-6.383047,7.469640,-6.383047,11.631653,-13.611721,7.469640,-13.611721,15.928859,-0.000000,0.000000,31.063307,-0.009025,0.016446,-0.019246,0.026877,2.524532,-4.600386,5.383514,-4.600386,8.383157,-9.810231,5.383514,-9.810231,11.480237,-0.000000,-0.000000,22.387927,-0.017083,0.115269,0.077039,-0.016418,0.114029,0.072616,-0.000665,0.001240,0.004423,-0.027720,-0.312650,-0.224593,0.385954,0.540330,6.094335,4.377871,6.094335,68.737485,49.377633,4.377871,49.377633,35.470466,-0.000000,0.000000,104.748281,-0.027720,-0.312650,-0.224593,0.385954,0.569169,6.419613,4.611535,6.419613,72.406267,52.013106,4.611535,52.013106,37.363661,0.000000,0.000000,110.339097,0.001650,0.107078,0.073470,0.001630,0.106986,0.072969,0.000020,0.000092,0.000501,-0.003748,-0.035340,-0.005319,0.035934,1.062358,10.017331,1.507609,10.017331,94.456798,14.215756,1.507609,14.215756,2.139472,-0.000000,0.000000,97.658628,-0.003748,-0.035340,-0.005319,0.035934,1.076474,10.150436,1.527641,10.150436,95.711897,14.404648,1.527641,14.404648,2.167901,-0.000000,0.000000,98.956271,0.016299,0.102524,0.056074,0.015514,0.100794,0.053406,0.000785,0.001730,0.002667,-0.021696,-0.257786,-0.005557,0.258757,0.741819,8.814088,0.190012,8.814088,104.726554,2.257668,0.190012,2.257668,0.048670,0.000000,0.000000,105.517043,-0.021696,-0.257786,-0.005557,0.258757,0.791280,9.401772,0.202681,9.401772,111.709258,2.408199,0.202681,2.408199,0.051915,0.000000,0.000000,112.552453,0.030386,0.090197,0.058017,0.030443,0.089955,0.058127,-0.000057,0.000241,-0.000110,-0.000018,-0.001164,-0.000337,0.001212,0.019708,1.253758,0.363053,1.253758,79.760362,23.096329,0.363053,23.096329,6.688039,-0.000000,0.000000,86.468109,-0.000018,-0.001164,-0.000337,0.001212,0.019592,1.246398,0.360921,1.246398,79.292135,22.960744,0.360921,22.960744,6.648778,-0.000000,0.000000,85.960505
1.5242,baseline,0.518,20.0000,4.215379,-1.181165,-1.291612,-0.073631,-0.076699,1.165825,-1.998777,0.977146,-2.699806,1.368311,-2.469709,1.412796,-1.965029,0.017062,0.167227,0.000000,0.023981,-0.002535,0.023981,0.023981,0.023981,0.023981,-0.009567,0.045536,0.023981,0.023981,1.565891,-0.668836,1.067448,0.063805,0.002557,0.000000,-0.002557,-0.003835,0.708822,0.916870,0.916870,0.594105,1.197784,1.197784,0.831933,1.132894,1.132894,0.858980,1.016044,1.016044,-0.007413,0.090428,-0.008903,0.003613,0.061050,-0.009209,-0.011026,0.029378,0.000306,-0.008785,0.016000,-0.018755,0.026171,3.500236,-6.374793,7.472374,-6.374793,11.610068,-13.609034,7.472374,-13.609034,15.952172,-0.000000,0.000000,31.062476,-0.008785,0.016000,-0.018755,0.026171,2.523670,-4.596224,5.387580,-4.596224,8.370857,-9.812111,5.387580,-9.812111,11.501513,-0.000000,0.000000,22.396040,-0.017083,0.115269,0.077039,-0.016418,0.114029,0.072616,-0.000665,0.001240,0.004423,-0.027720,-0.312650,-0.224593,0.385954,0.540330,6.094335,4.377871,6.094335,68.737485,49.377633,4.377871,49.377633,35.470466,-0.000000,0.000000,104.748281,-0.027720,-0.312650,-0.224593,0.385954,0.569169,6.419613,4.611535,6.419613,72.406267,52.013106,4.611535,52.013106,37.363661,-0.000000,0.000000,110.339097,0.001650,0.107078,0.073470,0.001630,0.106986,0.072969,0.000020,0.000092,0.000501,-0.003748,-0.035340,-0.005319,0.035934,1.062358,10.017331,1.507609,10.017331,94.456798,14.215756,1.507609,14.215756,2.139472,-0.000000,0.000000,97.658628,-0.003748,-0.035340,-0.005319,0.035934,1.076474,10.150436,1.527641,10.150436,95.711897,14.404648,1.527641,14.404648,2.167901,-0.000000,0.000000,98.956271,0.016305,0.102562,0.056089,0.015514,0.100794,0.053406,0.000791,0.001768,0.002683,-0.022042,-0.260765,-0.005977,0.261763,0.748666,8.856943,0.203023,8.856943,104.780284,2.401827,0.203023,2.401827,0.055056,-0.000000,-0.000000,105.584006,-0.022042,-0.260765,-0.005977,0.261763,0.798700,9.448855,0.216591,9.448855,111.782777,2.562342,0.216591,2.562342,0.058735,-0.000000,0.000000,112.640211,0.030386,0.090197,0.058017,0.030443,0.089955,0.058127,-0.000057,0.000241,-0.000110,-0.000018,-0.001164,-0.000337,0.001212,0.019708,1.253758,0.363053,1.253758,79.760362,23.096329,0.363053,23.096329,6.688039,-0.000000,0.000000,86.468109,-0.000018,-0.001164,-0.000337,0.001212,0.019592,1.246398,0.360921,1.246398,79.292136,22.960744,0.360921,22.960744,6.648778,-0.000000,0.000000,85.960506
1.5667,baseline,0.518,20.0000,4.215379,-1.188835,-1.291612,-0.073631,-0.073631,1.165825,-1.998777,0.977146,-2.699806,1.377515,-2.468175,1.412796,-1.965029,0.017961,-0.084911,0.000000,0.023981,0.038499,0.023981,0.023981,0.023981,0.023981,0.084225,0.062097,0.023981,0.023981,1.565891,-0.673180,1.067448,0.063805,0.002454,0.000000,-0.002454,-0.003682,0.708822,0.916870,0.916870,0.594105,1.197784,1.197784,0.837529,1.132190,1.132190,0.858980,1.016044,1.016044,-0.007365,0.090316,-0.009141,0.003613,0.061050,-0.009209,-0.010979,0.029266,0.000068,-0.007587,0.013778,-0.016285,0.022641,3.487482,-6.333538,7.485933,-6.333538,11.502196,-13.595035,7.485933,-13.595035,16.068668,-0.000000,0.000000,31.058346,-0.007587,0.013778,-0.016285,0.022641,2.519376,-4.575382,5.407878,-4.575382,8.309249,-9.821127,5.407878,-9.821127,11.608093,-0.000000,0.000000,22.436717,-0.017086,0.115269,0.077039,-0.016418,0.114029,0.072616,-0.000668,0.001240,0.004423,-0.027690,-0.312675,-0.224605,0.385979,0.539112,6.087542,4.372899,6.087542,68.739278,49.377877,4.372899,49.377877,35.469891,-0.000000,0.000000,104.748281,-0.027690,-0.312675,-0.224605,0.385979,0.567888,6.412477,4.606311,6.412477,72.408380,52.013524,4.606311,52.013524,37.363171,-0.000000,0.000000,110.339439,0.001650,0.107078,0.073470,0.001630,0.106986,0.072969,0.000020,0.000092,0.000501,-0.003748,-0.035340,-0.005319,0.035934,1.062358,10.017331,1.507609,10.017331,94.456798,14.215756,1.507609,14.215756,2.139472,-0.000000,0.000000,97.658628,-0.003748,-0.035340,-0.005319,0.035934,1.076474,10.150436,1.527641,10.150436,95.711897,14.404648,1.527641,14.404648,2.167901,-0.000000,0.000000,98.956271,0.016220,0.102475,0.055783,0.015514,0.100794,0.053406,0.000706,0.001680,0.002376,-0.019738,-0.236445,-0.004456,0.237309,0.730871,8.755303,0.165014,8.755303,104.882207,1.976749,0.165014,1.976749,0.037256,-0.000000,0.000000,105.650334,-0.019738,-0.236445,-0.004456,0.237309,0.773977,9.271682,0.174746,9.271682,111.068049,2.093335,0.174746,2.093335,0.039454,-0.000000,0.000000,111.881479,0.030388,0.090197,0.058017,0.030443,0.089955,0.058127,-0.000055,0.000242,-0.000110,-0.000020,-0.001255,-0.000363,0.001307,0.019906,1.260048,0.364827,1.260048,79.761771,23.093758,0.364827,23.093758,6.686432,0.000000,0.000000,86.468109,-0.000020,-0.001255,-0.000363,0.001307,0.019790,1.252692,0.362697,1.252692,79.296134,22.958940,0.362697,22.958940,6.647398,-0.000000,0.000000,85.963321
1.6090,baseline,0.518,20.0000,4.215379,-1.191903,-1.291612,-0.073631,-0.070563,1.165825,-1.998777,0.977146,-2.699806,1.383651,-2.466641,1.412796,-1.965029,0.004565,-0.092426,0.000000,0.023981,0.109266,0.023981,0.023981,0.023981,0.023981,0.219620,0.068604,0.023981,0.023981,1.565891,-0.674917,1.067448,0.063805,0.002352,0.000000,-0.002352,-0.003528,0.708822,0.916870,0.916870,0.594105,1.197784,1.197784,0.841260,1.131487,1.131487,0.858980,1.016044,1.016044,-0.007347,0.090272,-0.009235,0.003613,0.061050,-0.009209,-0.010960,0.029222,-0.000027,-0.007108,0.012894,-0.015290,0.021226,3.482399,-6.317045,7.491307,-6.317045,11.459071,-13.589173,7.491307,-13.589173,16.115235,-0.000000,0.000000,31.056705,-0.007108,0.012894,-0.015290,0.021226,2.517667,-4.567029,5.415984,-4.567029,8.284555,-9.824553,5.415984,-9.824553,11.650818,-0.000000,0.000000,22.453040,-0.017089,0.115269,0.077039,-0.016418,0.114029,0.072616,-0.000671,0.001241,0.004423,-0.027661,-0.312699,-0.224618,0.386004,0.537895,6.080748,4.367926,6.080748,68.741070,49.378120,4.367926,49.378120,35.469316,0.000000,0.000000,104.748281,-0.027661,-0.312699,-0.224618,0.386004,0.566608,6.405341,4.601088,6.405341,72.410492,52.013941,4.601088,52.013941,37.362680,-0.000000,0.000000,110.339780,0.001650,0.107078,0.073470,0.001630,0.106986,0.072969,0.000020,0.000092,0.000501,-0.003748,-0.035340,-0.005319,0.035934,1.062358,10.017331,1.507609,10.017331,94.456798,14.215756,1.507609,14.215756,2.139472,-0.000000,0.000000,97.658628,-0.003748,-0.035340,-0.005319,0.035934,1.076474,10.150436,1.527641,10.150436,95.711897,14.404648,1.527641,14.404648,2.167901,-0.000000,0.000000,98.956271,0.016167,0.102428,0.055583,0.015514,0.100794,0.053406,0.000652,0.001634,0.002177,-0.018341,-0.221211,-0.003668,0.222000,0.721559,8.702807,0.144305,8.702807,104.965618,1.740485,0.144305,1.740485,0.028860,-0.000000,0.000000,105.716037,-0.018341,-0.221211,-0.003668,0.222000,0.760384,9.171083,0.152070,9.171083,110.613559,1.834136,0.152070,1.834136,0.030413,-0.000000,0.000000,111.404356,0.030390,0.090198,0.058018,0.030443,0.089955,0.058127,-0.000053,0.000242,-0.000109,-0.000021,-0.001346,-0.000390,0.001402,0.020105,1.266337,0.366601,1.266337,79.763180,23.091185,0.366601,23.091185,6.684824,-0.000000,0.000000,86.468109,-0.000021,-0.001346,-0.000390,0.001402,0.019988,1.258986,0.364472,1.258986,79.300138,22.957136,0.364472,22.957136,6.646018,-0.000000,0.000000,85.966143
1.6514,baseline,0.518,20.0000,4.215379,-1.193437,-1.291612,-0.073631,-0.075165,1.165825,-1.998777,0.977146,-2.699806,1.377515,-2.463573,1.412796,-1.965029,0.003442,-0.058134,0.000000,0.023981,-0.032383,0.023981,0.023981,0.023981,0.023981,0.000023,0.052684,0.023981,0.023981,1.565891,-0.675785,1.067448,0.063805,0.002506,0.000000,-0.002506,-0.003758,0.708822,0.916870,0.916870,0.594105,1.197784,1.197784,0.837529,1.130079,1.130079,0.858980,1.016044,1.016044,-0.007337,0.090249,-0.009283,0.003613,0.061050,-0.009209,-0.010950,0.029199,-0.000074,-0.006868,0.012452,-0.014791,0.020519,3.479861,-6.308800,7.493983,-6.308800,11.437515,-13.586186,7.493983,-13.586186,16.138511,-0.000000,0.000000,31.055887,-0.006868,0.012452,-0.014791,0.020519,2.516814,-4.562848,5.420033,-4.562848,8.272198,-9.826228,5.420033,-9.826228,11.672200,-0.000000,0.000000,22.461212,-0.017084,0.115269,0.077039,-0.016418,0.114029,0.072616,-0.000667,0.001240,0.004423,-0.027705,-0.312662,-0.224599,0.385966,0.539721,6.090939,4.375385,6.090939,68.738381,49.377755,4.375385,49.377755,35.470179,-0.000000,0.000000,104.748281,-0.027705,-0.312662,-0.224599,0.385966,0.568529,6.416045,4.608923,6.416045,72.407324,52.013315,4.608923,52.013315,37.363416,-0.000000,0.000000,110.339268,0.001650,0.107078,0.073470,0.001630,0.106986,0.072969,0.000020,0.000092,0.000501,-0.003748,-0.035340,-0.005319,0.035934,1.062358,10.017331,1.507609,10.017331,94.456798,14.215756,1.507609,14.215756,2.139472,-0.000000,0.000000,97.658628,-0.003748,-0.035340,-0.005319,0.035934,1.076474,10.150436,1.527641,10.150436,95.711897,14.404648,1.527641,14.404648,2.167901,-0.000000,0.000000,98.956271,0.016237,0.102589,0.055830,0.015514,0.100794,0.053406,0.000723,0.001795,0.002423,-0.020742,-0.245303,-0.005629,0.246243,0.751005,8.881724,0.203818,8.881724,105.039258,2.410437,0.203818,2.410437,0.055315,-0.000000,0.000000,105.845578,-0.020742,-0.245303,-0.005629,0.246243,0.795663,9.409863,0.215937,9.409863,111.285258,2.553770,0.215937,2.553770,0.058604,0.000000,0.000000,112.139524,0.030387,0.090197,0.058017,0.030443,0.089955,0.058127,-0.000056,0.000242,-0.000110,-0.000019,-0.001209,-0.000350,0.001259,0.019807,1.256903,0.363940,1.256903,79.761066,23.095044,0.363940,23.095044,6.687236,-0.000000,0.000000,86.468109,-0.000019,-0.001209,-0.000350,0.001259,0.019691,1.249545,0.361809,1.249545,79.294132,22.959841,0.361809,22.959841,6.648087,-0.000000,0.000000,85.961910
1.6954,baseline,0.518,20.0000,4.215379,-1.199573,-1.291612,-0.073631,-0.076699,1.165825,-1.998777,0.977146,-2.699806,1.375981,-2.463573,1.412796,-1.965029,0.008516,-0.079787,0.000000,0.023981,-0.054976,0.023981,0.023981,0.023981,0.023981,-0.081498,0.039114,0.023981,0.023981,1.565891,-0.679260,1.067448,0.063805,0.002557,0.000000,-0.002557,-0.003835,0.708822,0.916870,0.916870,0.594105,1.197784,1.197784,0.836596,1.130079,1.130079,0.858980,1.016044,1.016044,-0.007299,0.090159,-0.009472,0.003613,0.061050,-0.009209,-0.010913,0.029109,-0.000263,-0.005912,0.010693,-0.012787,0.017686,3.469737,-6.275835,7.504617,-6.275835,11.351326,-13.573866,7.504617,-13.573866,16.231570,0.000000,0.000000,31.052632,-0.005912,0.010693,-0.012787,0.017686,2.513416,-4.546104,5.436211,-4.546104,8.222699,-9.832668,5.436211,-9.832668,11.757862,-0.000000,0.000000,22.493977,-0.017083,0.115269,0.077039,-0.016418,0.114029,0.072616,-0.000665,0.001240,0.004423,-0.027720,-0.312650,-0.224593,0.385954,0.540330,6.094335,4.377871,6.094335,68.737485,49.377633,4.377871,49.377633,35.470466,-0.000000,0.000000,104.748281,-0.027720,-0.312650,-0.224593,0.385954,0.569169,6.419613,4.611535,6.419613,72.406267,52.013106,4.611535,52.013106,37.363661,-0.000000,0.000000,110.339097,0.001650,0.107078,0.073470,0.001630,0.106986,0.072969,0.000020,0.000092,0.000501,-0.003748,-0.035340,-0.005319,0.035934,1.062358,10.017331,1.507609,10.017331,94.456798,14.215756,1.507609,14.215756,2.139472,-0.000000,0.000000,97.658628,-0.003748,-0.035340,-0.005319,0.035934,1.076474,10.150436,1.527641,10.150436,95.711897,14.404648,1.527641,14.404648,2.167901,-0.000000,0.000000,98.956271,0.016252,0.102610,0.055883,0.015514,0.100794,0.053406,0.000738,0.001816,0.002477,-0.021182,-0.249850,-0.005961,0.250817,0.754923,8.904507,0.212456,8.904507,105.030865,2.505970,0.212456,2.505970,0.059791,-0.000000,0.000000,105.845579,-0.021182,-0.249850,-0.005961,0.250817,0.800814,9.445795,0.225371,9.445795,111.415490,2.658303,0.225371,2.658303,0.063425,-0.000000,0.000000,112.279729,0.030386,0.090197,0.058017,0.030443,0.089955,0.058127,-0.000057,0.000241,-0.000110,-0.000018,-0.001163,-0.000337,0.001211,0.019708,1.253758,0.363053,1.253758,79.760362,23.096329,0.363053,23.096329,6.688039,-0.000000,0.000000,86.468109,-0.000018,-0.001163,-0.000337,0.001211,0.019592,1.246398,0.360921,1.246398,79.292128,22.960742,0.360921,22.960742,6.648777,0.000000,0.000000,85.960497
1.7362,baseline,0.518,20.0000,4.215379,-1.207243,-1.291612,-0.073631,-0.076699,1.165825,-1.998777,0.977146,-2.699806,1.372913,-2.460505,1.412796,-1.965029,0.002165,-0.133208,0.000000,0.023981,-0.015404,0.023981,0.023981,0.023981,0.023981,-0.020652,0.045035,0.023981,0.023981,1.565891,-0.683603,1.067448,0.063805,0.002557,0.000000,-0.002557,-0.003835,0.708822,0.916870,0.916870,0.594105,1.197784,1.197784,0.834731,1.128672,1.128672,0.858980,1.016044,1.016044,-0.007252,0.090045,-0.009708,0.003613,0.061050,-0.009209,-0.010865,0.028995,-0.000499,-0.004718,0.008508,-0.010259,0.014138,3.457140,-6.234659,7.517750,-6.234659,11.243680,-13.557626,7.517750,-13.557626,16.347781,-0.000000,-0.000000,31.048601,-0.004718,0.008508,-0.010259,0.014138,2.509195,-4.525121,5.456390,-4.525121,8.160673,-9.840137,5.456390,-9.840137,11.865234,-0.000000,0.000000,22.535102,-0.017083,0.115269,0.077039,-0.016418,0.114029,0.072616,-0.000665,0.001240,0.004423,-0.027720,-0.312650,-0.224593,0.385954,0.540330,6.094335,4.377871,6.094335,68.737485,49.377633,4.377871,49.377633,35.470466,-0.000000,0.000000,104.748281,-0.027720,-0.312650,-0.224593,0.385954,0.569169,6.419613,4.611535,6.419613,72.406267,52.013106,4.611535,52.013106,37.363661,-0.000000,0.000000,110.339097,0.001650,0.107078,0.073470,0.001630,0.106986,0.072969,0.000020,0.000092,0.000501,-0.003748,-0.035340,-0.005319,0.035934,1.062358,10.017331,1.507609,10.017331,94.456798,14.215756,1.507609,14.215756,2.139472,-0.000000,0.000000,97.658628,-0.003748,-0.035340,-0.005319,0.035934,1.076474,10.150436,1.527641,10.150436,95.711897,14.404648,1.527641,14.404648,2.167901,-0.000000,0.000000,98.956271,0.016293,0.102728,0.056023,0.015514,0.100794,0.053406,0.000779,0.001934,0.002617,-0.022782,-0.264913,-0.007523,0.265997,0.777355,9.039255,0.256708,9.039255,105.110493,2.985062,0.256708,2.985062,0.084774,-0.000000,0.000000,105.972621,-0.022782,-0.264913,-0.007523,0.265997,0.826908,9.615475,0.273073,9.615475,111.810901,3.175349,0.273073,3.175349,0.090178,0.000000,0.000000,112.727987,0.030386,0.090197,0.058017,0.030443,0.089955,0.058127,-0.000057,0.000241,-0.000110,-0.000018,-0.001164,-0.000337,0.001212,0.019708,1.253758,0.363053,1.253758,79.760362,23.096329,0.363053,23.096329,6.688039,-0.000000,0.000000,86.468109,-0.000018,-0.001164,-0.000337,0.001212,0.019592,1.246398,0.360921,1.246398,79.292136,22.960744,0.360921,22.960744,6.648778,-0.000000,0.000000,85.960506
1.7790,baseline,0.518,20.0000,4.215379,-1.216447,-1.291612,-0.073631,-0.076699,1.165825,-1.998777,0.977146,-2.699806,1.374447,-2.458971,1.412796,-1.965029,0.000495,-0.194128,0.000000,0.023981,-0.003524,0.023981,0.023981,0.023981,0.023981,-0.006672,0.047292,0.023981,0.023981,1.565891,-0.688815,1.067448,0.063805,0.002557,0.000000,-0.002557,-0.003835,0.708822,0.916870,0.916870,0.594105,1.197784,1.197784,0.835664,1.127968,1.127968,0.858980,1.016044,1.016044,-0.007196,0.089907,-0.009991,0.003613,0.061050,-0.009209,-0.010809,0.028857,-0.000782,-0.003287,0.005906,-0.007194,0.009871,3.442111,-6.185294,7.533279,-6.185294,11.114649,-13.536908,7.533279,-13.536908,16.487060,-0.000000,0.000000,31.043821,-0.003287,0.005906,-0.007194,0.009871,2.504172,-4.499866,5.480539,-4.499866,8.086023,-9.848242,5.480539,-9.848242,11.994508,0.000000,0.000000,22.584703,-0.017083,0.115269,0.077039,-0.016418,0.114029,0.072616,-0.000665,0.001240,0.004423,-0.027720,-0.312650,-0.224593,0.385954,0.540330,6.094335,4.377871,6.094335,68.737485,49.377633,4.377871,49.377633,35.470466,-0.000000,0.000000,104.748281,-0.027720,-0.312650,-0.224593,0.385954,0.569169,6.419613,4.611535,6.419613,72.406267,52.013106,4.611535,52.013106,37.363661,-0.000000,0.000000,110.339097,0.001650,0.107078,0.073470,0.001630,0.106986,0.072969,0.000020,0.000092,0.000501,-0.003748,-0.035340,-0.005319,0.035934,1.062358,10.017331,1.507609,10.017331,94.456798,14.215756,1.507609,14.215756,2.139472,-0.000000,0.000000,97.658628,-0.003748,-0.035340,-0.005319,0.035934,1.076474,10.150436,1.527641,10.150436,95.711897,14.404648,1.527641,14.404648,2.167901,-0.000000,0.000000,98.956271,0.016284,0.102745,0.055985,0.015514,0.100794,0.053406,0.000770,0.001951,0.002579,-0.022676,-0.263305,-0.007599,0.264389,0.780014,9.057163,0.261388,9.057163,105.167599,3.035120,0.261388,3.035120,0.087593,-0.000000,0.000000,106.035206,-0.022676,-0.263305,-0.007599,0.264389,0.828821,9.623892,0.277744,9.623892,111.748188,3.225034,0.277744,3.225034,0.093074,-0.000000,0.000000,112.670084,0.030386,0.090197,0.058017,0.030443,0.089955,0.058127,-0.000057,0.000241,-0.000110,-0.000018,-0.001164,-0.000337,0.001212,0.019708,1.253758,0.363053,1.253758,79.760362,23.096329,0.363053,23.096329,6.688039,-0.000000,-0.000000,86.468109,-0.000018,-0.001164,-0.000337,0.001212,0.019592,1.246398,0.360921,1.246398,79.292135,22.960744,0.360921,22.960744,6.648777,-0.000000,0.000000,85.960504
1.8211,baseline,0.518,20.0000,4.215379,-1.225651,-1.291612,-0.073631,-0.070563,1.165825,-1.998777,0.977146,-2.699806,1.377515,-2.458971,1.412796,-1.965029,0.013771,-0.209771,0.000000,0.023981,0.073869,0.023981,0.023981,0.023981,0.023981,0.045120,0.039561,0.023981,0.023981,1.565891,-0.694026,1.067448,0.063805,0.002352,0.000000,-0.002352,-0.003528,0.708822,0.916870,0.916870,0.594105,1.197784,1.197784,0.837529,1.127968,1.127968,0.858980,1.016044,1.016044,-0.007139,0.089768,-0.010273,0.003613,0.061050,-0.009209,-0.010752,0.028718,-0.001064,-0.001859,0.003327,-0.004094,0.005593,3.427177,-6.135979,7.548557,-6.135979,10.985787,-13.514852,7.548557,-13.514852,16.626138,-0.000000,0.000000,31.039102,-0.001859,0.003327,-0.004094,0.005593,2.499193,-4.474527,5.504619,-4.474527,8.011144,-9.855408,5.504619,-9.855408,12.124245,-0.000000,0.000000,22.634582,-0.017089,0.115269,0.077039,-0.016418,0.114029,0.072616,-0.000671,0.001241,0.004423,-0.027661,-0.312699,-0.224618,0.386004,0.537895,6.080748,4.367926,6.080748,68.741070,49.378120,4.367926,49.378120,35.469316,0.000000,0.000000,104.748281,-0.027661,-0.312699,-0.224618,0.386004,0.566608,6.405341,4.601088,6.405341,72.410492,52.013941,4.601088,52.013941,37.362680,-0.000000,0.000000,110.339780,0.001650,0.107078,0.073470,0.001630,0.106986,0.072969,0.000020,0.000092,0.000501,-0.003748,-0.035340,-0.005319,0.035934,1.062358,10.017331,1.507609,10.017331,94.456798,14.215756,1.507609,14.215756,2.139472,-0.000000,0.000000,97.658628,-0.003748,-0.035340,-0.005319,0.035934,1.076474,10.150436,1.527641,10.150436,95.711897,14.404648,1.527641,14.404648,2.167901,-0.000000,0.000000,98.956271,0.016256,0.102704,0.055877,0.015514,0.100794,0.053406,0.000742,0.001909,0.002471,-0.021790,-0.254228,-0.006870,0.255252,0.772749,9.015657,0.243625,9.015657,105.185648,2.842370,0.243625,2.842370,0.076808,-0.000000,0.000000,106.035204,-0.021790,-0.254228,-0.006870,0.255252,0.819075,9.556144,0.258230,9.556144,111.491511,3.012770,0.258230,3.012770,0.081412,-0.000000,0.000000,112.391998,0.030390,0.090198,0.058018,0.030443,0.089955,0.058127,-0.000053,0.000242,-0.000109,-0.000021,-0.001348,-0.000390,0.001403,0.020105,1.266337,0.366601,1.266337,79.763180,23.091186,0.366601,23.091186,6.684824,0.000000,0.000000,86.468109,-0.000021,-0.001348,-0.000390,0.001403,0.019988,1.258986,0.364473,1.258986,79.300155,22.957141,0.364473,22.957141,6.646019,-0.000000,0.000000,85.966162
1.8636,baseline,0.518,20.0000,4.215379,-1.227185,-1.291612,-0.073631,-0.072097,1.165825,-1.998777,0.977146,-2.699806,1.375981,-2.458971,1.412796,-1.965029,0.004437,-0.113187,0.000000,0.023981,0.059891,0.023981,0.023981,0.023981,0.023981,0.041252,0.027545,0.023981,0.023981,1.565891,-0.694895,1.067448,0.063805,0.002403,0.000000,-0.002403,-0.003605,0.708822,0.916870,0.916870,0.594105,1.197784,1.197784,0.836596,1.127968,1.127968,0.858980,1.016044,1.016044,-0.007130,0.089745,-0.010320,0.003613,0.061050,-0.009209,-0.010743,0.028695,-0.001111,-0.001621,0.002900,-0.003573,0.004879,3.424697,-6.127765,7.551079,-6.127765,10.964328,-13.511045,7.551079,-13.511045,16.649297,-0.000000,0.000000,31.038322,-0.001621,0.002900,-0.003573,0.004879,2.498368,-4.470296,5.508626,-4.470296,7.998642,-9.856511,5.508626,-9.856511,12.145913,-0.000000,0.000000,22.642923,-0.017087,0.115269,0.077039,-0.016418,0.114029,0.072616,-0.000670,0.001240,0.004423,-0.027676,-0.312687,-0.224612,0.385992,0.538503,6.084145,4.370412,6.084145,68.740174,49.377998,4.370412,49.377998,35.469604,0.000000,0.000000,104.748281,-0.027676,-0.312687,-0.224612,0.385992,0.567248,6.408909,4.603699,6.408909,72.409436,52.013732,4.603699,52.013732,37.362925,-0.000000,0.000000,110.339609,0.001650,0.107078,0.073470,0.001630,0.106986,0.072969,0.000020,0.000092,0.000501,-0.003748,-0.035340,-0.005319,0.035934,1.062358,10.017331,1.507609,10.017331,94.456798,14.215756,1.507609,14.215756,2.139472,-0.000000,0.000000,97.658628,-0.003748,-0.035340,-0.005319,0.035934,1.076474,10.150436,1.527641,10.150436,95.711897,14.404648,1.527641,14.404648,2.167901,-0.000000,0.000000,98.956271,0.016270,0.102725,0.055931,0.015514,0.100794,0.053406,0.000756,0.001930,0.002525,-0.022239,-0.258784,-0.007229,0.259838,0.776722,9.038408,0.252480,9.038408,105.176412,2.938014,0.252480,2.938014,0.082071,-0.000000,0.000000,106.035205,-0.022239,-0.258784,-0.007229,0.259838,0.824309,9.592163,0.267949,9.592163,111.620241,3.118017,0.267949,3.118017,0.087099,-0.000000,0.000000,112.531650,0.030389,0.090197,0.058018,0.030443,0.089955,0.058127,-0.000054,0.000242,-0.000110,-0.000021,-0.001302,-0.000377,0.001355,0.020005,1.263193,0.365714,1.263193,79.762475,23.092472,0.365714,23.092472,6.685628,-0.000000,0.000000,86.468109,-0.000021,-0.001302,-0.000377,0.001355,0.019889,1.255839,0.363585,1.255839,79.298152,22.958043,0.363585,22.958043,6.646709,-0.000000,0.000000,85.964749
1.9060,baseline,0.518,20.0000,4.215379,-1.227185,-1.291612,-0.073631,-0.076699,1.165825,-1.998777,0.977146,-2.699806,1.371379,-2.458971,1.412796,-1.965029,0.000914,-0.023853,0.000000,0.023981,-0.049052,0.023981,0.023981,0.023981,0.023981,-0.057473,0.024715,0.023981,0.023981,1.565891,-0.694895,1.067448,0.063805,0.002557,0.000000,-0.002557,-0.003835,0.708822,0.916870,0.916870,0.594105,1.197784,1.197784,0.833798,1.127968,1.127968,0.858980,1.016044,1.016044,-0.007130,0.089745,-0.010320,0.003613,0.061050,-0.009209,-0.010743,0.028695,-0.001111,-0.001621,0.002900,-0.003573,0.004879,3.424697,-6.127765,7.551079,-6.127765,10.964328,-13.511045,7.551079,-13.511045,16.649297,-0.000000,0.000000,31.038322,-0.001621,0.002900,-0.003573,0.004879,2.498368,-4.470296,5.508626,-4.470296,7.998642,-9.856511,5.508626,-9.856511,12.145913,-0.000000,0.000000,22.642923,-0.017083,0.115269,0.077039,-0.016418,0.114029,0.072616,-0.000665,0.001240,0.004423,-0.027720,-0.312650,-0.224592,0.385954,0.540330,6.094335,4.377871,6.094335,68.737485,49.377633,4.377871,49.377633,35.470466,0.000000,0.000000,104.748281,-0.027720,-0.312650,-0.224592,0.385954,0.569169,6.419613,4.611535,6.419613,72.406267,52.013106,4.611535,52.013106,37.363661,-0.000000,0.000000,110.339097,0.001650,0.107078,0.073470,0.001630,0.106986,0.072969,0.000020,0.000092,0.000501,-0.003748,-0.035340,-0.005319,0.035934,1.062358,10.017331,1.507609,10.017331,94.456798,14.215756,1.507609,14.215756,2.139472,-0.000000,0.000000,97.658628,-0.003748,-0.035340,-0.005319,0.035934,1.076474,10.150436,1.527641,10.150436,95.711897,14.404648,1.527641,14.404648,2.167901,-0.000000,0.000000,98.956271,0.016314,0.102787,0.056093,0.015514,0.100794,0.053406,0.000800,0.001993,0.002687,-0.023596,-0.272453,-0.008356,0.273601,0.788689,9.106523,0.279296,9.106523,105.147612,3.224870,0.279296,3.224870,0.098907,-0.000000,-0.000000,106.035208,-0.023596,-0.272453,-0.008356,0.273601,0.840122,9.700391,0.297510,9.700391,112.004652,3.435175,0.297510,3.435175,0.105357,-0.000000,-0.000000,112.950131,0.030386,0.090197,0.058017,0.030443,0.089955,0.058127,-0.000057,0.000241,-0.000110,-0.000018,-0.001164,-0.000337,0.001212,0.019708,1.253758,0.363053,1.253758,79.760362,23.096329,0.363053,23.096329,6.688039,-0.000000,0.000000,86.468109,-0.000018,-0.001164,-0.000337,0.001212,0.019592,1.246398,0.360921,1.246398,79.292140,22.960745,0.360921,22.960745,6.648778,-0.000000,0.000000,85.960510
1.9484,baseline,0.518,20.0000,4.215379,-1.224117,-1.291612,-0.073631,-0.079767,1.165825,-1.998777,0.977146,-2.699806,1.369845,-2.458971,1.412796,-1.965029,0.000209,0.015009,0.000000,0.023981,-0.069682,0.023981,0.023981,0.023981,0.023981,-0.046636,0.024149,0.023981,0.023981,1.565891,-0.693158,1.067448,0.063805,0.002659,0.000000,-0.002659,-0.003988,0.708822,0.916870,0.916870,0.594105,1.197784,1.197784,0.832866,1.127968,1.127968,0.858980,1.016044,1.016044,-0.007149,0.089791,-0.010226,0.003613,0.061050,-0.009209,-0.010762,0.028741,-0.001017,-0.002096,0.003756,-0.004613,0.006307,3.429659,-6.144194,7.546028,-6.144194,11.007252,-13.518621,7.546028,-13.518621,16.602973,-0.000000,0.000000,31.039884,-0.002096,0.003756,-0.004613,0.006307,2.500020,-4.478756,5.500611,-4.478756,8.023639,-9.854279,5.500611,-9.854279,12.102591,-0.000000,0.000000,22.626250,-0.017080,0.115268,0.077039,-0.016418,0.114029,0.072616,-0.000663,0.001240,0.004423,-0.027749,-0.312626,-0.224580,0.385928,0.541549,6.101128,4.382844,6.101128,68.735692,49.377388,4.382844,49.377388,35.471040,-0.000000,0.000000,104.748281,-0.027749,-0.312626,-0.224580,0.385928,0.570452,6.426749,4.616758,6.426749,72.404155,52.012688,4.616758,52.012688,37.364149,-0.000000,-0.000000,110.338756,0.001650,0.107078,0.073470,0.001630,0.106986,0.072969,0.000020,0.000092,0.000501,-0.003748,-0.035340,-0.005319,0.035934,1.062358,10.017331,1.507609,10.017331,94.456798,14.215756,1.507609,14.215756,2.139472,-0.000000,0.000000,97.658628,-0.003748,-0.035340,-0.005319,0.035934,1.076474,10.150436,1.527641,10.150436,95.711897,14.404648,1.527641,14.404648,2.167901,-0.000000,0.000000,98.956271,0.016329,0.102808,0.056147,0.015514,0.100794,0.053406,0.000815,0.002013,0.002740,-0.024046,-0.276993,-0.008750,0.278172,0.792344,9.127181,0.288319,9.127181,105.137951,3.321203,0.288319,3.321203,0.104914,0.000000,0.000000,106.035209,-0.024046,-0.276993,-0.008750,0.278172,0.845053,9.734341,0.307498,9.734341,112.131952,3.542137,0.307498,3.542137,0.111893,-0.000000,0.000000,113.088897,0.030384,0.090196,0.058017,0.030443,0.089955,0.058127,-0.000059,0.000241,-0.000110,-0.000017,-0.001072,-0.000311,0.001117,0.019511,1.247468,0.361278,1.247468,79.758952,23.098899,0.361278,23.098899,6.689646,-0.000000,0.000000,86.468109,-0.000017,-0.001072,-0.000311,0.001117,0.019396,1.240104,0.359145,1.240104,79.288130,22.962545,0.359145,22.962545,6.650157,-0.000000,0.000000,85.957682
1.9908,baseline,0.518,20.0000,4.215379,-1.202641,-1.291612,-0.073631,-0.079767,1.165825,-1.998777,0.977146,-2.699806,1.368311,-2.458971,1.412796,-1.965029,0.015667,0.292667,0.000000,0.023981,-0.024583,0.023981,0.023981,0.023981,0.023981,-0.018916,0.024019,0.023981,0.023981,1.565891,-0.680997,1.067448,0.063805,0.002659,0.000000,-0.002659,-0.003988,0.708822,0.916870,0.916870,0.594105,1.197784,1.197784,0.831933,1.127968,1.127968,0.858980,1.016044,1.016044,-0.007280,0.090114,-0.009567,0.003613,0.061050,-0.009209,-0.010894,0.029064,-0.000358,-0.005434,0.009817,-0.011778,0.016268,3.464690,-6.259361,7.509891,-6.259361,11.308255,-13.567482,7.509891,-13.567482,16.278070,-0.000000,0.000000,31.051015,-0.005434,0.009817,-0.011778,0.016268,2.511724,-4.537718,5.444289,-4.537718,8.197909,-9.835733,5.444289,-9.835733,11.800771,0.000000,0.000000,22.510404,-0.017080,0.115268,0.077039,-0.016418,0.114029,0.072616,-0.000663,0.001240,0.004423,-0.027749,-0.312626,-0.224580,0.385928,0.541549,6.101128,4.382844,6.101128,68.735692,49.377388,4.382844,49.377388,35.471040,0.000000,0.000000,104.748281,-0.027749,-0.312626,-0.224580,0.385928,0.570452,6.426749,4.616758,6.426749,72.404155,52.012687,4.616758,52.012687,37.364149,-0.000000,0.000000,110.338756,0.001650,0.107078,0.073470,0.001630,0.106986,0.072969,0.000020,0.000092,0.000501,-0.003748,-0.035340,-0.005319,0.035934,1.062358,10.017331,1.507609,10.017331,94.456798,14.215756,1.507609,14.215756,2.139472,-0.000000,0.000000,97.658628,-0.003748,-0.035340,-0.005319,0.035934,1.076474,10.150436,1.527641,10.150436,95.711897,14.404648,1.527641,14.404648,2.167901,-0.000000,0.000000,98.956271,0.016344,0.102828,0.056201,0.015514,0.100794,0.053406,0.000830,0.002034,0.002795,-0.024512,-0.281567,-0.009149,0.282780,0.796706,9.151815,0.297382,9.151815,105.127502,3.416042,0.297382,3.416042,0.111002,-0.000000,-0.000000,106.035210,-0.024512,-0.281567,-0.009149,0.282780,0.850755,9.772681,0.317556,9.772681,112.259434,3.647788,0.317556,3.647788,0.118532,0.000000,0.000000,113.228721,0.030384,0.090196,0.058017,0.030443,0.089955,0.058127,-0.000059,0.000241,-0.000110,-0.000017,-0.001073,-0.000311,0.001117,0.019511,1.247468,0.361278,1.247468,79.758952,23.098899,0.361278,23.098899,6.689646,-0.000000,0.000000,86.468109,-0.000017,-0.001073,-0.000311,0.001117,0.019396,1.240104,0.359145,1.240104,79.288132,22.962546,0.359145,22.962546,6.650157,-0.000000,0.000000,85.957685
2.0120,ramp,0.518,21.3307,4.215379,-1.196505,-1.291612,-0.073631,-0.079767,1.165825,-1.998777,0.977146,-2.699806,1.369845,-2.458971,1.412796,-1.965029,0.007493,0.424391,0.000000,0.023981,-0.011758,0.023981,0.023981,0.023981,0.023981,-0.014604,0.023999,0.023981,0.023981,1.565891,-0.677523,1.067448,0.063805,0.002659,0.000000,-0.002659,-0.003988,0.708822,0.916870,0.916870,0.594105,1.197784,1.197784,0.832866,1.127968,1.127968,0.858980,1.016044,1.016044,-0.007318,0.090204,-0.009378,0.003613,0.061050,-0.009209,-0.010931,0.029154,-0.000169,-0.001508,0.002731,-0.003255,0.004509,3.641922,-6.594960,7.860012,-6.594960,11.942455,-14.233269,7.860012,-14.233269,16.963510,-0.000000,0.000000,32.547887,-0.001508,0.002731,-0.003255,0.004509,2.628981,-4.760680,5.673878,-4.760680,8.620857,-10.274519,5.673878,-10.274519,12.245388,-0.000000,-0.000000,23.495226,-0.017080,0.115268,0.077039,-0.016418,0.114029,0.072616,-0.000663,0.001240,0.004423,-0.027749,-0.312626,-0.224580,0.385928,0.541549,6.101128,4.382844,6.101128,68.735692,49.377388,4.382844,49.377388,35.471040,-0.000000,0.000000,104.748281,-0.027749,-0.312626,-0.224580,0.385928,0.570452,6.426749,4.616758,6.426749,72.404155,52.012688,4.616758,52.012688,37.364149,-0.000000,-0.000000,110.338756,0.001650,0.107078,0.073470,0.001630,0.106986,0.072969,0.000020,0.000092,0.000501,-0.003748,-0.035340,-0.005319,0.035934,1.062358,10.017331,1.507609,10.017331,94.456798,14.215756,1.507609,14.215756,2.139472,-0.000000,0.000000,97.658628,-0.003748,-0.035340,-0.005319,0.035934,1.076474,10.150436,1.527641,10.150436,95.711897,14.404648,1.527641,14.404648,2.167901,-0.000000,0.000000,98.956271,0.016329,0.102808,0.056147,0.015514,0.100794,0.053406,0.000815,0.002013,0.002740,-0.024046,-0.276993,-0.008750,0.278172,0.792344,9.127181,0.288319,9.127181,105.137951,3.321203,0.288319,3.321203,0.104914,0.000000,0.000000,106.035209,-0.024046,-0.276993,-0.008750,0.278172,0.845053,9.734341,0.307498,9.734341,112.131952,3.542137,0.307498,3.542137,0.111893,-0.000000,0.000000,113.088897,0.030384,0.090196,0.058017,0.030443,0.089955,0.058127,-0.000059,0.000241,-0.000110,-0.000017,-0.001072,-0.000311,0.001117,0.019511,1.247468,0.361278,1.247468,79.758952,23.098899,0.361278,23.098899,6.689646,-0.000000,0.000000,86.468109,-0.000017,-0.001072,-0.000311,0.001117,0.019396,1.240104,0.359145,1.240104,79.288130,22.962545,0.359145,22.962545,6.650157,-0.000000,0.000000,85.957682
2.0303,ramp,0.518,24.1482,4.216913,-1.196505,-1.291612,-0.073631,-0.079767,1.165825,-1.998777,0.977146,-2.699806,1.372913,-2.458971,1.412796,-1.965029,0.006380,0.356506,0.000000,0.023981,-0.006249,0.023981,0.023981,0.023981,0.023981,0.037985,0.023991,0.023981,0.023981,1.566461,-0.677523,1.067448,0.063805,0.002659,0.000000,-0.002659,-0.003988,0.708822,0.916870,0.916870,0.594105,1.197784,1.197784,0.834731,1.127968,1.127968,0.858980,1.016044,1.016044,-0.007279,0.090193,-0.009368,0.003613,0.061050,-0.009209,-0.010893,0.029143,-0.000159,0.008524,-0.015461,0.018418,0.025513,3.986056,-7.230017,8.612855,-7.230017,13.114002,-15.622232,8.612855,-15.622232,18.610196,-0.000000,0.000000,35.710253,0.008524,-0.015461,0.018418,0.025513,2.862636,-5.192328,6.185430,-5.192328,9.417986,-11.219303,6.185430,-11.219303,13.365146,-0.000000,0.000000,25.645768,-0.017080,0.115268,0.077039,-0.016418,0.114029,0.072616,-0.000663,0.001240,0.004423,-0.027749,-0.312626,-0.224580,0.385928,0.541549,6.101128,4.382844,6.101128,68.735692,49.377388,4.382844,49.377388,35.471040,-0.000000,0.000000,104.748281,-0.027749,-0.312626,-0.224580,0.385928,0.570452,6.426749,4.616758,6.426749,72.404155,52.012688,4.616758,52.012688,37.364149,0.000000,0.000000,110.338756,0.001650,0.107078,0.073470,0.001630,0.106986,0.072969,0.000020,0.000092,0.000501,-0.003748,-0.035340,-0.005319,0.035934,1.062358,10.017331,1.507609,10.017331,94.456798,14.215756,1.507609,14.215756,2.139472,-0.000000,0.000000,97.658628,-0.003748,-0.035340,-0.005319,0.035934,1.076474,10.150436,1.527641,10.150436,95.711897,14.404648,1.527641,14.404648,2.167901,-0.000000,0.000000,98.956271,0.016298,0.102766,0.056039,0.015514,0.100794,0.053406,0.000784,0.001972,0.002632,-0.023122,-0.267844,-0.007976,0.268958,0.783654,9.077869,0.270327,9.077869,105.158302,3.131479,0.270327,3.131479,0.093251,-0.000000,-0.000000,106.035207,-0.023122,-0.267844,-0.007976,0.268958,0.833716,9.657786,0.287596,9.657786,111.876085,3.331526,0.287596,3.331526,0.099209,0.000000,0.000000,112.809009,0.030384,0.090196,0.058017,0.030443,0.089955,0.058127,-0.000059,0.000241,-0.000110,-0.000017,-0.001072,-0.000310,0.001116,0.019511,1.247468,0.361278,1.247468,79.758952,23.098899,0.361278,23.098899,6.689646,-0.000000,-0.000000,86.468109,-0.000017,-0.001072,-0.000310,0.001116,0.019396,1.240104,0.359145,1.240104,79.288124,22.962543,0.359145,22.962543,6.650156,-0.000000,0.000000,85.957676
2.0484,ramp,0.518,26.9447,4.215379,-1.199573,-1.291612,-0.073631,-0.079767,1.165825,-1.998777,0.977146,-2.699806,1.377515,-2.458971,1.412796,-1.965029,0.014627,0.196056,0.000000,0.023981,-0.003321,0.023981,0.023981,0.023981,0.023981,0.101982,0.017487,0.023981,0.023981,1.565891,-0.679260,1.067448,0.063805,0.002659,0.000000,-0.002659,-0.003988,0.708822,0.916870,0.916870,0.594105,1.197784,1.197784,0.837529,1.127968,1.127968,0.858980,1.016044,1.016044,-0.007299,0.090159,-0.009472,0.003613,0.061050,-0.009209,-0.010913,0.029109,-0.000263,0.019601,-0.035453,0.042394,0.058637,4.340597,-7.850991,9.388180,-7.850991,14.200365,-16.980735,9.388180,-16.980735,20.305489,-0.000000,-0.000000,38.846450,0.019601,-0.035453,0.042394,0.058637,3.107232,-5.620160,6.720563,-5.620160,10.165383,-12.155721,6.720563,-12.155721,14.535758,-0.000000,0.000000,27.808372,-0.017080,0.115268,0.077039,-0.016418,0.114029,0.072616,-0.000663,0.001240,0.004423,-0.027749,-0.312626,-0.224580,0.385928,0.541549,6.101128,4.382844,6.101128,68.735692,49.377388,4.382844,49.377388,35.471040,-0.000000,-0.000000,104.748281,-0.027749,-0.312626,-0.224580,0.385928,0.570452,6.426749,4.616758,6.426749,72.404155,52.012688,4.616758,52.012688,37.364150,-0.000000,0.000000,110.338757,0.001650,0.107078,0.073470,0.001630,0.106986,0.072969,0.000020,0.000092,0.000501,-0.003748,-0.035340,-0.005319,0.035934,1.062358,10.017331,1.507609,10.017331,94.456798,14.215756,1.507609,14.215756,2.139472,-0.000000,0.000000,97.658628,-0.003748,-0.035340,-0.005319,0.035934,1.076474,10.150436,1.527641,10.150436,95.711897,14.404648,1.527641,14.404648,2.167901,-0.000000,0.000000,98.956271,0.016253,0.102703,0.055877,0.015514,0.100794,0.053406,0.000739,0.001909,0.002470,-0.021752,-0.254123,-0.006878,0.255145,0.770702,9.003789,0.243677,9.003789,105.187457,2.846778,0.243677,2.846778,0.077045,-0.000000,0.000000,106.035204,-0.021752,-0.254123,-0.006878,0.255145,0.816881,9.543274,0.258278,9.543274,111.490036,3.017351,0.258278,3.017351,0.081661,-0.000000,0.000000,112.388578,0.030384,0.090196,0.058017,0.030443,0.089955,0.058127,-0.000059,0.000241,-0.000110,-0.000017,-0.001071,-0.000310,0.001115,0.019511,1.247468,0.361278,1.247468,79.758952,23.098899,0.361278,23.098899,6.689646,-0.000000,0.000000,86.468109,-0.000017,-0.001071,-0.000310,0.001115,0.019396,1.240104,0.359145,1.240104,79.288116,22.962541,0.359145,22.962541,6.650155,-0.000000,0.000000,85.957667
2.0666,ramp,0.518,29.7640,4.215379,-1.202641,-1.291612,-0.073631,-0.076699,1.165825,-1.998777,0.977146,-2.699806,1.377515,-2.460505,1.412796,-1.965029,0.019010,0.045917,0.000000,0.023981,0.016952,0.023981,0.023981,0.023981,0.023981,0.135192,0.009293,0.023981,0.023981,1.565891,-0.680997,1.067448,0.063805,0.002557,0.000000,-0.002557,-0.003835,0.708822,0.916870,0.916870,0.594105,1.197784,1.197784,0.837529,1.128672,1.128672,0.858980,1.016044,1.016044,-0.007280,0.090114,-0.009567,0.003613,0.061050,-0.009209,-0.010894,0.029064,-0.000358,0.030487,-0.055078,0.066082,0.091268,4.687220,-8.468002,10.159787,-8.468002,15.298420,-18.354824,10.159787,-18.354824,22.021854,-0.000000,-0.000000,42.007494,0.030487,-0.055078,0.066082,0.091268,3.346007,-6.044946,7.252639,-6.044946,10.920889,-13.102726,7.252639,-13.102726,15.720462,-0.000000,0.000000,29.987359,-0.017083,0.115269,0.077039,-0.016418,0.114029,0.072616,-0.000665,0.001240,0.004423,-0.027720,-0.312650,-0.224593,0.385954,0.540330,6.094335,4.377871,6.094335,68.737485,49.377633,4.377871,49.377633,35.470466,-0.000000,0.000000,104.748281,-0.027720,-0.312650,-0.224593,0.385954,0.569169,6.419613,4.611535,6.419613,72.406267,52.013106,4.611535,52.013106,37.363661,-0.000000,-0.000000,110.339097,0.001650,0.107078,0.073470,0.001630,0.106986,0.072969,0.000020,0.000092,0.000501,-0.003748,-0.035340,-0.005319,0.035934,1.062358,10.017331,1.507609,10.017331,94.456798,14.215756,1.507609,14.215756,2.139472,-0.000000,0.000000,97.658628,-0.003748,-0.035340,-0.005319,0.035934,1.076474,10.150436,1.527641,10.150436,95.711897,14.404648,1.527641,14.404648,2.167901,-0.000000,0.000000,98.956271,0.016248,0.102665,0.055861,0.015514,0.100794,0.053406,0.000734,0.001871,0.002455,-0.021420,-0.251201,-0.006452,0.252195,0.764451,8.965127,0.230268,8.965127,105.138806,2.700471,0.230268,2.700471,0.069361,-0.000000,0.000000,105.972618,-0.021420,-0.251201,-0.006452,0.252195,0.810146,9.501007,0.244032,9.501007,111.423348,2.861888,0.244032,2.861888,0.073507,-0.000000,0.000000,112.307000,0.030386,0.090197,0.058017,0.030443,0.089955,0.058127,-0.000057,0.000241,-0.000110,-0.000018,-0.001163,-0.000337,0.001211,0.019708,1.253758,0.363053,1.253758,79.760362,23.096329,0.363053,23.096329,6.688039,-0.000000,0.000000,86.468109,-0.000018,-0.001163,-0.000337,0.001211,0.019592,1.246398,0.360921,1.246398,79.292128,22.960742,0.360921,22.960742,6.648777,-0.000000,0.000000,85.960497
2.0848,ramp,0.518,32.5679,4.215379,-1.207243,-1.291612,-0.073631,-0.073631,1.165825,-1.998777,0.977146,-2.699806,1.377515,-2.460505,1.412796,-1.965029,0.021339,-0.052505,0.000000,0.023981,0.074831,0.023981,0.023981,0.023981,0.023981,0.114243,0.000383,0.023981,0.023981,1.565891,-0.683603,1.067448,0.063805,0.002454,0.000000,-0.002454,-0.003682,0.708822,0.916870,0.916870,0.594105,1.197784,1.197784,0.837529,1.128672,1.128672,0.858980,1.016044,1.016044,-0.007252,0.090045,-0.009708,0.003613,0.061050,-0.009209,-0.010865,0.028995,-0.000499,0.041616,-0.075052,0.090497,0.124717,5.027119,-9.065983,10.931760,-9.065983,16.349733,-19.714503,10.931760,-19.714503,23.771741,-0.000000,0.000000,45.148594,0.041616,-0.075052,0.090497,0.124717,3.581883,-6.459622,7.789010,-6.459622,11.649382,-14.046820,7.789010,-14.046820,16.937652,0.000000,0.000000,32.168916,-0.017086,0.115269,0.077039,-0.016418,0.114029,0.072616,-0.000668,0.001240,0.004423,-0.027690,-0.312675,-0.224605,0.385979,0.539112,6.087542,4.372899,6.087542,68.739278,49.377877,4.372899,49.377877,35.469891,-0.000000,0.000000,104.748281,-0.027690,-0.312675,-0.224605,0.385979,0.567888,6.412477,4.606311,6.412477,72.408380,52.013524,4.606311,52.013524,37.363171,-0.000000,0.000000,110.339439,0.001650,0.107078,0.073470,0.001630,0.106986,0.072969,0.000020,0.000092,0.000501,-0.003748,-0.035340,-0.005319,0.035934,1.062358,10.017331,1.507609,10.017331,94.456798,14.215756,1.507609,14.215756,2.139472,-0.000000,0.000000,97.658628,-0.003748,-0.035340,-0.005319,0.035934,1.076474,10.150436,1.527641,10.150436,95.711897,14.404648,1.527641,14.404648,2.167901,-0.000000,0.000000,98.956271,0.016249,0.102665,0.055861,0.015514,0.100794,0.053406,0.000735,0.001871,0.002455,-0.021432,-0.251236,-0.006449,0.252231,0.765128,8.969068,0.230245,8.969068,105.138204,2.699006,0.230245,2.699006,0.069286,-0.000000,0.000000,105.972618,-0.021432,-0.251236,-0.006449,0.252231,0.810871,9.505279,0.244010,9.505279,111.423842,2.860365,0.244010,2.860365,0.073429,0.000000,0.000000,112.308141,0.030388,0.090197,0.058017,0.030443,0.089955,0.058127,-0.000055,0.000242,-0.000110,-0.000020,-0.001255,-0.000363,0.001307,0.019906,1.260048,0.364827,1.260048,79.761771,23.093758,0.364827,23.093758,6.686432,-0.000000,0.000000,86.468109,-0.000020,-0.001255,-0.000363,0.001307,0.019790,1.252692,0.362697,1.252692,79.296141,22.958942,0.362697,22.958942,6.647398,-0.000000,0.000000,85.963329
2.1045,ramp,0.518,35.6036,4.215379,-1.210311,-1.291612,-0.073631,-0.069029,1.165825,-1.998777,0.977146,-2.699806,1.375981,-2.463573,1.412796,-1.965029,0.016078,-0.111115,0.000000,0.023981,0.140305,0.023981,0.023981,0.023981,0.023981,0.060895,-0.021678,0.023981,0.023981,1.565891,-0.685340,1.067448,0.063805,0.002301,0.000000,-0.002301,-0.003451,0.708822,0.916870,0.916870,0.594105,1.197784,1.197784,0.836596,1.130079,1.130079,0.858980,1.016044,1.016044,-0.007233,0.089999,-0.009803,0.003613,0.061050,-0.009209,-0.010847,0.028949,-0.000594,0.053366,-0.096127,0.116298,0.160042,5.398328,-9.723844,11.764184,-9.723844,17.515264,-21.190467,11.764184,-21.190467,25.636833,-0.000000,0.000000,48.550425,0.053366,-0.096127,0.116298,0.160042,3.838336,-6.913878,8.364607,-6.913878,12.453758,-15.066913,8.364607,-15.066913,18.228382,-0.000000,-0.000000,34.520476,-0.017090,0.115270,0.077038,-0.016418,0.114029,0.072616,-0.000672,0.001241,0.004423,-0.027646,-0.312712,-0.224625,0.386017,0.537288,6.077352,4.365440,6.077352,68.741966,49.378241,4.365440,49.378241,35.469027,0.000000,0.000000,104.748281,-0.027646,-0.312712,-0.224625,0.386017,0.565969,6.401773,4.598476,6.401773,72.411548,52.014149,4.598476,52.014149,37.362434,-0.000000,0.000000,110.339951,0.001650,0.107078,0.073470,0.001630,0.106986,0.072969,0.000020,0.000092,0.000501,-0.003748,-0.035340,-0.005319,0.035934,1.062358,10.017331,1.507609,10.017331,94.456798,14.215756,1.507609,14.215756,2.139472,-0.000000,0.000000,97.658628,-0.003748,-0.035340,-0.005319,0.035934,1.076474,10.150436,1.527641,10.150436,95.711897,14.404648,1.527641,14.404648,2.167901,-0.000000,0.000000,98.956271,0.016254,0.102610,0.055884,0.015514,0.100794,0.053406,0.000740,0.001816,0.002477,-0.021213,-0.249938,-0.005955,0.250907,0.756596,8.914302,0.212383,8.914302,105.029366,2.502325,0.212383,2.502325,0.059618,-0.000000,0.000000,105.845579,-0.021213,-0.249938,-0.005955,0.250907,0.802608,9.456427,0.225299,9.456427,111.416736,2.654504,0.225299,2.654504,0.063244,-0.000000,0.000000,112.282588,0.030391,0.090198,0.058018,0.030443,0.089955,0.058127,-0.000052,0.000243,-0.000109,-0.000022,-0.001394,-0.000403,0.001451,0.020204,1.269482,0.367487,1.269482,79.763884,23.089899,0.367487,23.089899,6.684020,-0.000000,-0.000000,86.468109,-0.000022,-0.001394,-0.000403,0.001451,0.020087,1.262134,0.365360,1.262134,79.302161,22.956240,0.365360,22.956240,6.645329,-0.000000,0.000000,85.967577
2.1211,ramp,0.518,38.1823,4.215379,-1.214913,-1.291612,-0.073631,-0.070563,1.165825,-1.998777,0.977146,-2.699806,1.372913,-2.469709,1.412796,-1.965029,0.008545,-0.157189,0.000000,0.023981,0.159840,0.023981,0.023981,0.023981,0.023981,0.002408,-0.082138,0.023981,0.023981,1.565891,-0.687946,1.067448,0.063805,0.002352,0.000000,-0.002352,-0.003528,0.708822,0.916870,0.916870,0.594105,1.197784,1.197784,0.834731,1.132894,1.132894,0.858980,1.016044,1.016044,-0.007205,0.089930,-0.009944,0.003613,0.061050,-0.009209,-0.010818,0.028880,-0.000735,0.063745,-0.114615,0.139360,0.191367,5.707254,-10.261826,12.477371,-10.261826,18.451091,-22.434712,12.477371,-22.434712,27.278403,-0.000000,0.000000,51.436749,0.063745,-0.114615,0.139360,0.191367,4.054084,-7.289373,8.863160,-7.289373,13.106525,-15.936246,8.863160,-15.936246,19.376907,-0.000000,0.000000,36.537517,-0.017089,0.115269,0.077039,-0.016418,0.114029,0.072616,-0.000671,0.001241,0.004423,-0.027661,-0.312699,-0.224618,0.386004,0.537895,6.080748,4.367926,6.080748,68.741070,49.378120,4.367926,49.378120,35.469316,0.000000,0.000000,104.748281,-0.027661,-0.312699,-0.224618,0.386004,0.566608,6.405341,4.601088,6.405341,72.410492,52.013941,4.601088,52.013941,37.362680,-0.000000,0.000000,110.339780,0.001650,0.107078,0.073470,0.001630,0.106986,0.072969,0.000020,0.000092,0.000501,-0.003748,-0.035340,-0.005319,0.035934,1.062358,10.017331,1.507609,10.017331,94.456798,14.215756,1.507609,14.215756,2.139472,-0.000000,0.000000,97.658628,-0.003748,-0.035340,-0.005319,0.035934,1.076474,10.150436,1.527641,10.150436,95.711897,14.404648,1.527641,14.404648,2.167901,-0.000000,0.000000,98.956271,0.016261,0.102500,0.055928,0.015514,0.100794,0.053406,0.000747,0.001705,0.002522,-0.020732,-0.247176,-0.004989,0.248094,0.737321,8.790576,0.177411,8.790576,104.803993,2.115150,0.177411,2.115150,0.042688,-0.000000,0.000000,105.584002,-0.020732,-0.247176,-0.004989,0.248094,0.783655,9.342979,0.188560,9.342979,111.389918,2.248067,0.188560,2.248067,0.045370,-0.000000,0.000000,112.218943,0.030390,0.090198,0.058018,0.030443,0.089955,0.058127,-0.000053,0.000242,-0.000109,-0.000021,-0.001348,-0.000390,0.001403,0.020105,1.266337,0.366601,1.266337,79.763180,23.091186,0.366601,23.091186,6.684824,-0.000000,0.000000,86.468109,-0.000021,-0.001348,-0.000390,0.001403,0.019988,1.258986,0.364473,1.258986,79.300154,22.957141,0.364473,22.957141,6.646019,-0.000000,0.000000,85.966161
2.1395,ramp,0.518,41.0102,4.215379,-1.219515,-1.291612,-0.073631,-0.072097,1.165825,-1.998777,0.977146,-2.699806,1.369845,-2.477379,1.412796,-1.965029,0.004541,-0.198059,0.000000,0.023981,0.093814,0.023981,0.023981,0.023981,0.023981,-0.054311,-0.187537,0.023981,0.023981,1.565891,-0.690552,1.067448,0.063805,0.002403,0.000000,-0.002403,-0.003605,0.708822,0.916870,0.916870,0.594105,1.197784,1.197784,0.832866,1.136412,1.136412,0.858980,1.016044,1.016044,-0.007177,0.089861,-0.010085,0.003613,0.061050,-0.009209,-0.010790,0.028811,-0.000876,0.075087,-0.134764,0.164683,0.225654,6.045680,-10.850615,13.259567,-10.850615,19.474375,-23.797893,13.259567,-23.797893,29.081277,-0.000000,0.000000,54.601333,0.075087,-0.134764,0.164683,0.225654,4.290578,-7.700608,9.410224,-7.700608,13.820832,-16.889203,9.410224,-16.889203,20.638785,-0.000000,0.000000,38.750195,-0.017087,0.115269,0.077039,-0.016418,0.114029,0.072616,-0.000670,0.001240,0.004423,-0.027676,-0.312687,-0.224612,0.385992,0.538503,6.084145,4.370412,6.084145,68.740174,49.377998,4.370412,49.377998,35.469604,0.000000,0.000000,104.748281,-0.027676,-0.312687,-0.224612,0.385992,0.567248,6.408909,4.603699,6.408909,72.409436,52.013732,4.603699,52.013732,37.362925,-0.000000,0.000000,110.339609,0.001650,0.107078,0.073470,0.001630,0.106986,0.072969,0.000020,0.000092,0.000501,-0.003748,-0.035340,-0.005319,0.035934,1.062358,10.017331,1.507609,10.017331,94.456798,14.215756,1.507609,14.215756,2.139472,-0.000000,0.000000,97.658628,-0.003748,-0.035340,-0.005319,0.035934,1.076474,10.150436,1.527641,10.150436,95.711897,14.404648,1.527641,14.404648,2.167901,-0.000000,0.000000,98.956271,0.016263,0.102351,0.055958,0.015514,0.100794,0.053406,0.000749,0.001556,0.002551,-0.019917,-0.241382,-0.003663,0.242230,0.711544,8.623312,0.130865,8.623312,104.507278,1.585973,0.130865,1.585973,0.024068,-0.000000,0.000000,105.242890,-0.019917,-0.241382,-0.003663,0.242230,0.757582,9.181256,0.139332,9.181256,111.269093,1.688588,0.139332,1.688588,0.025626,-0.000000,0.000000,112.052301,0.030389,0.090197,0.058018,0.030443,0.089955,0.058127,-0.000054,0.000242,-0.000110,-0.000021,-0.001301,-0.000377,0.001355,0.020005,1.263193,0.365714,1.263193,79.762475,23.092472,0.365714,23.092472,6.685628,-0.000000,0.000000,86.468109,-0.000021,-0.001301,-0.000377,0.001355,0.019889,1.255839,0.363585,1.255839,79.298147,22.958041,0.363585,22.958041,6.646709,-0.000000,0.000000,85.964744
2.1618,ramp,0.518,44.4559,4.215379,-1.222583,-1.291612,-0.073631,-0.073631,1.165825,-1.998777,0.977146,-2.699806,1.369845,-2.478913,1.412796,-1.965029,0.003678,-0.205992,0.000000,0.023981,0.064479,0.023981,0.023981,0.023981,0.023981,-0.071330,-0.222648,0.023981,0.023981,1.565891,-0.692289,1.067448,0.063805,0.002454,0.000000,-0.002454,-0.003682,0.708822,0.916870,0.916870,0.594105,1.197784,1.197784,0.832866,1.137116,1.137116,0.858980,1.016044,1.016044,-0.007158,0.089815,-0.010179,0.003613,0.061050,-0.009209,-0.010771,0.028765,-0.000970,0.088467,-0.158584,0.194440,0.266049,6.463872,-11.587041,14.206910,-11.587041,20.770759,-25.467097,14.206910,-25.467097,31.225294,-0.000000,0.000000,58.459925,0.088467,-0.158584,0.194440,0.266049,4.580671,-8.211243,10.067833,-8.211243,14.719353,-18.047448,10.067833,-18.047448,22.128037,0.000000,0.000000,41.428061,-0.017086,0.115269,0.077039,-0.016418,0.114029,0.072616,-0.000668,0.001240,0.004423,-0.027690,-0.312675,-0.224605,0.385979,0.539112,6.087542,4.372899,6.087542,68.739278,49.377877,4.372899,49.377877,35.469891,-0.000000,0.000000,104.748281,-0.027690,-0.312675,-0.224605,0.385979,0.567888,6.412477,4.606311,6.412477,72.408380,52.013524,4.606311,52.013524,37.363171,-0.000000,0.000000,110.339439,0.001650,0.107078,0.073470,0.001630,0.106986,0.072969,0.000020,0.000092,0.000501,-0.003748,-0.035340,-0.005319,0.035934,1.062358,10.017331,1.507609,10.017331,94.456798,14.215756,1.507609,14.215756,2.139472,-0.000000,0.000000,97.658628,-0.003748,-0.035340,-0.005319,0.035934,1.076474,10.150436,1.527641,10.150436,95.711897,14.404648,1.527641,14.404648,2.167901,-0.000000,0.000000,98.956271,0.016257,0.102312,0.055942,0.015514,0.100794,0.053406,0.000743,0.001518,0.002535,-0.019579,-0.238387,-0.003294,0.239213,0.704542,8.578356,0.118540,8.578356,104.448286,1.443319,0.118540,1.443319,0.019945,-0.000000,0.000000,105.172772,-0.019579,-0.238387,-0.003294,0.239213,0.750004,9.131900,0.126189,9.131900,111.188126,1.536453,0.126189,1.536453,0.021231,-0.000000,0.000000,111.959362,0.030388,0.090197,0.058017,0.030443,0.089955,0.058127,-0.000055,0.000242,-0.000110,-0.000020,-0.001255,-0.000363,0.001307,0.019906,1.260048,0.364827,1.260048,79.761771,23.093758,0.364827,23.093758,6.686432,-0.000000,-0.000000,86.468109,-0.000020,-0.001255,-0.000363,0.001307,0.019790,1.252692,0.362697,1.252692,79.296139,22.958941,0.362697,22.958941,6.647398,-0.000000,0.000000,85.963326
2.1818,ramp,0.518,47.5452,4.215379,-1.231787,-1.291612,-0.073631,-0.076699,1.165825,-1.998777,0.977146,-2.699806,1.369845,-2.480447,1.412796,-1.965029,0.016773,-0.255472,0.000000,0.023981,-0.049319,0.023981,0.023981,0.023981,0.023981,-0.066360,-0.231677,0.023981,0.023981,1.565891,-0.697501,1.067448,0.063805,0.002557,0.000000,-0.002557,-0.003835,0.708822,0.916870,0.916870,0.594105,1.197784,1.197784,0.832866,1.137820,1.137820,0.858980,1.016044,1.016044,-0.007102,0.089674,-0.010460,0.003613,0.061050,-0.009209,-0.010715,0.028624,-0.001252,0.101799,-0.181809,0.225167,0.306786,6.816366,-12.173793,15.076995,-12.173793,21.741971,-26.926990,15.076995,-26.926990,33.348531,-0.000000,0.000000,61.906867,0.101799,-0.181809,0.225167,0.306786,4.833428,-8.632334,10.690971,-8.632334,15.417049,-19.093702,10.690971,-19.093702,23.647163,-0.000000,0.000000,43.897640,-0.017083,0.115269,0.077039,-0.016418,0.114029,0.072616,-0.000665,0.001240,0.004423,-0.027720,-0.312650,-0.224593,0.385954,0.540330,6.094335,4.377871,6.094335,68.737485,49.377633,4.377871,49.377633,35.470466,-0.000000,0.000000,104.748281,-0.027720,-0.312650,-0.224593,0.385954,0.569169,6.419613,4.611535,6.419613,72.406267,52.013106,4.611535,52.013106,37.363661,0.000000,0.000000,110.339097,0.001650,0.107078,0.073470,0.001630,0.106986,0.072969,0.000020,0.000092,0.000501,-0.003748,-0.035340,-0.005319,0.035934,1.062358,10.017331,1.507609,10.017331,94.456798,14.215756,1.507609,14.215756,2.139472,-0.000000,0.000000,97.658628,-0.003748,-0.035340,-0.005319,0.035934,1.076474,10.150436,1.527641,10.150436,95.711897,14.404648,1.527641,14.404648,2.167901,-0.000000,0.000000,98.956271,0.016250,0.102274,0.055926,0.015514,0.100794,0.053406,0.000736,0.001480,0.002520,-0.019237,-0.235375,-0.002935,0.236178,0.697264,8.531493,0.106372,8.531493,104.388530,1.301527,0.106372,1.301527,0.016228,-0.000000,-0.000000,105.102021,-0.019237,-0.235375,-0.002935,0.236178,0.742130,9.080463,0.113216,9.080463,111.105553,1.385276,0.113216,1.385276,0.017272,-0.000000,0.000000,111.864955,0.030386,0.090197,0.058017,0.030443,0.089955,0.058127,-0.000057,0.000241,-0.000110,-0.000018,-0.001163,-0.000337,0.001211,0.019708,1.253758,0.363053,1.253758,79.760362,23.096329,0.363053,23.096329,6.688039,0.000000,0.000000,86.468109,-0.000018,-0.001163,-0.000337,0.001211,0.019592,1.246398,0.360921,1.246398,79.292124,22.960741,0.360921,22.960741,6.648777,-0.000000,-0.000000,85.960493
2.2000,ramp,0.518,50.3608,4.215379,-1.239456,-1.291612,-0.073631,-0.078233,1.165825,-1.998777,0.977146,-2.699806,1.368311,-2.477379,1.412796,-1.965029,0.007220,-0.273867,0.000000,0.023981,-0.075862,0.023981,0.023981,0.023981,0.023981,-0.042224,-0.069653,0.023981,0.023981,1.565891,-0.701844,1.067448,0.063805,0.002608,0.000000,-0.002608,-0.003912,0.708822,0.916870,0.916870,0.594105,1.197784,1.197784,0.831933,1.136412,1.136412,0.858980,1.016044,1.016044,-0.007055,0.089556,-0.010694,0.003613,0.061050,-0.009209,-0.010668,0.028506,-0.001486,0.113886,-0.202760,0.253229,0.343812,7.137241,-12.706990,15.869854,-12.706990,22.623251,-28.254347,15.869854,-28.254347,35.287065,-0.000000,0.000000,65.047556,0.113886,-0.202760,0.253229,0.343812,5.063701,-9.015304,11.259281,-9.015304,16.050653,-20.045781,11.259281,-20.045781,25.035325,-0.000000,0.000000,46.149679,-0.017082,0.115269,0.077039,-0.016418,0.114029,0.072616,-0.000664,0.001240,0.004423,-0.027735,-0.312638,-0.224586,0.385941,0.540939,6.097732,4.380357,6.097732,68.736588,49.377511,4.380357,49.377511,35.470753,-0.000000,-0.000000,104.748281,-0.027735,-0.312638,-0.224586,0.385941,0.569811,6.423181,4.614147,6.423181,72.405211,52.012897,4.614147,52.012897,37.363905,-0.000000,-0.000000,110.338927,0.001650,0.107078,0.073470,0.001630,0.106986,0.072969,0.000020,0.000092,0.000501,-0.003748,-0.035340,-0.005319,0.035934,1.062358,10.017331,1.507609,10.017331,94.456798,14.215756,1.507609,14.215756,2.139472,-0.000000,0.000000,97.658628,-0.003748,-0.035340,-0.005319,0.035934,1.076474,10.150436,1.527641,10.150436,95.711897,14.404648,1.527641,14.404648,2.167901,-0.000000,0.000000,98.956271,0.016276,0.102371,0.056011,0.015514,0.100794,0.053406,0.000762,0.001577,0.002604,-0.020327,-0.245849,-0.003960,0.246720,0.714406,8.640395,0.139170,8.640395,104.501374,1.683188,0.139170,1.683188,0.027111,-0.000000,0.000000,105.242891,-0.020327,-0.245849,-0.003960,0.246720,0.761578,9.210914,0.148359,9.210914,111.401513,1.794327,0.148359,1.794327,0.028901,-0.000000,0.000000,112.191992,0.030385,0.090196,0.058017,0.030443,0.089955,0.058127,-0.000058,0.000241,-0.000110,-0.000018,-0.001117,-0.000324,0.001163,0.019609,1.250613,0.362165,1.250613,79.759657,23.097614,0.362165,23.097614,6.688843,0.000000,0.000000,86.468109,-0.000018,-0.001117,-0.000324,0.001163,0.019494,1.243251,0.360033,1.243251,79.290123,22.961642,0.360033,22.961642,6.649466,-0.000000,0.000000,85.959083
2.2182,ramp,0.518,53.1689,4.215379,-1.244058,-1.291612,-0.073631,-0.079767,1.165825,-1.998777,0.977146,-2.699806,1.368311,-2.475845,1.412796,-1.965029,0.003837,-0.280381,0.000000,0.023981,-0.085262,0.023981,0.023981,0.023981,0.023981,-0.029119,0.018984,0.023981,0.023981,1.565891,-0.704450,1.067448,0.063805,0.002659,0.000000,-0.002659,-0.003988,0.708822,0.916870,0.916870,0.594105,1.197784,1.197784,0.831933,1.135709,1.135709,0.858980,1.016044,1.016044,-0.007026,0.089485,-0.010835,0.003613,0.061050,-0.009209,-0.010640,0.028435,-0.001626,0.125369,-0.222781,0.279638,0.378875,7.465771,-13.266643,16.652487,-13.266643,23.574770,-29.591399,16.652487,-29.591399,37.143561,-0.000000,0.000000,68.184101,0.125369,-0.222781,0.279638,0.378875,5.296152,-9.411240,11.813127,-9.411240,16.723734,-20.991878,11.813127,-20.991878,26.349315,-0.000000,-0.000000,48.369200,-0.017080,0.115268,0.077039,-0.016418,0.114029,0.072616,-0.000663,0.001240,0.004423,-0.027749,-0.312626,-0.224580,0.385928,0.541549,6.101128,4.382844,6.101128,68.735692,49.377388,4.382844,49.377388,35.471040,-0.000000,0.000000,104.748281,-0.027749,-0.312626,-0.224580,0.385928,0.570452,6.426749,4.616758,6.426749,72.404155,52.012688,4.616758,52.012688,37.364150,-0.000000,0.000000,110.338757,0.001650,0.107078,0.073470,0.001630,0.106986,0.072969,0.000020,0.000092,0.000501,-0.003748,-0.035340,-0.005319,0.035934,1.062358,10.017331,1.507609,10.017331,94.456798,14.215756,1.507609,14.215756,2.139472,-0.000000,0.000000,97.658628,-0.003748,-0.035340,-0.005319,0.035934,1.076474,10.150436,1.527641,10.150436,95.711897,14.404648,1.527641,14.404648,2.167901,-0.000000,0.000000,98.956271,0.016281,0.102409,0.056026,0.015514,0.100794,0.053406,0.000767,0.001615,0.002620,-0.020659,-0.248812,-0.004349,0.249706,0.720812,8.681466,0.151734,8.681466,104.559623,1.827481,0.151734,1.827481,0.031940,0.000000,0.000000,105.312376,-0.020659,-0.248812,-0.004349,0.249706,0.768521,9.256069,0.161776,9.256069,111.480143,1.948437,0.161776,1.948437,0.034055,-0.000000,0.000000,112.282718,0.030384,0.090196,0.058017,0.030443,0.089955,0.058127,-0.000059,0.000241,-0.000110,-0.000017,-0.001071,-0.000310,0.001116,0.019511,1.247468,0.361278,1.247468,79.758952,23.098899,0.361278,23.098899,6.689646,-0.000000,0.000000,86.468109,-0.000017,-0.001071,-0.000310,0.001116,0.019396,1.240104,0.359145,1.240104,79.288118,22.962542,0.359145,22.962542,6.650156,-0.000000,0.000000,85.957669
2.2364,ramp,0.518,55.9798,4.215379,-1.250194,-1.291612,-0.073631,-0.081301,1.165825,-1.998777,0.977146,-2.699806,1.366777,-2.472777,1.412796,-1.965029,0.011860,-0.291915,0.000000,0.023981,-0.069200,0.023981,0.023981,0.023981,0.023981,-0.015475,0.070417,0.023981,0.023981,1.565891,-0.707924,1.067448,0.063805,0.002710,0.000000,-0.002710,-0.004065,0.708822,0.916870,0.916870,0.594105,1.197784,1.197784,0.831000,1.134301,1.134301,0.858980,1.016044,1.016044,-0.006989,0.089389,-0.011021,0.003613,0.061050,-0.009209,-0.010602,0.028339,-0.001812,0.137241,-0.243253,0.307395,0.415330,7.787352,-13.802691,17.442247,-13.802691,24.464576,-30.915505,17.442247,-30.915505,39.067445,-0.000000,0.000000,71.319374,0.137241,-0.243253,0.307395,0.415330,5.526495,-9.795435,12.378339,-9.795435,17.361915,-21.939984,12.378339,-21.939984,27.725218,-0.000000,0.000000,50.613628,-0.017079,0.115268,0.077039,-0.016418,0.114029,0.072616,-0.000661,0.001239,0.004423,-0.027764,-0.312613,-0.224573,0.385916,0.542160,6.104525,4.385330,6.104525,68.734795,49.377265,4.385330,49.377265,35.471326,-0.000000,0.000000,104.748281,-0.027764,-0.312613,-0.224573,0.385916,0.571094,6.430317,4.619370,6.430317,72.403099,52.012478,4.619370,52.012478,37.364394,-0.000000,0.000000,110.338586,0.001650,0.107078,0.073470,0.001630,0.106986,0.072969,0.000020,0.000092,0.000501,-0.003748,-0.035340,-0.005319,0.035934,1.062358,10.017331,1.507609,10.017331,94.456798,14.215756,1.507609,14.215756,2.139472,-0.000000,0.000000,97.658628,-0.003748,-0.035340,-0.005319,0.035934,1.076474,10.150436,1.527641,10.150436,95.711897,14.404648,1.527641,14.404648,2.167901,-0.000000,0.000000,98.956271,0.016307,0.102506,0.056111,0.015514,0.100794,0.053406,0.000793,0.001712,0.002705,-0.021777,-0.259302,-0.005476,0.260272,0.738218,8.790066,0.185628,8.790066,104.664557,2.210304,0.185628,2.210304,0.046677,-0.000000,0.000000,105.449452,-0.021777,-0.259302,-0.005476,0.260272,0.788301,9.386412,0.198222,9.386412,111.765332,2.360258,0.198222,2.360258,0.049844,-0.000000,-0.000000,112.603477,0.030383,0.090196,0.058017,0.030443,0.089955,0.058127,-0.000061,0.000240,-0.000110,-0.000016,-0.001026,-0.000297,0.001068,0.019413,1.244323,0.360390,1.244323,79.758247,23.100184,0.360390,23.100184,6.690449,-0.000000,-0.000000,86.468109,-0.000016,-0.001026,-0.000297,0.001068,0.019298,1.236957,0.358257,1.236957,79.286116,22.963442,0.358257,22.963442,6.650845,-0.000000,-0.000000,85.956259
2.2545,ramp,0.518,58.7862,4.215379,-1.256330,-1.291612,-0.073631,-0.081301,1.165825,-1.998777,0.977146,-2.699806,1.366777,-2.472777,1.412796,-1.965029,0.017539,-0.299636,0.000000,0.023981,-0.051002,0.023981,0.023981,0.023981,0.023981,-0.019461,0.096594,0.023981,0.023981,1.565891,-0.711399,1.067448,0.063805,0.002710,0.000000,-0.002710,-0.004065,0.708822,0.916870,0.916870,0.594105,1.197784,1.197784,0.831000,1.134301,1.134301,0.858980,1.016044,1.016044,-0.006952,0.089293,-0.011207,0.003613,0.061050,-0.009209,-0.010565,0.028243,-0.001999,0.149156,-0.263688,0.335470,0.452017,8.106388,-14.330981,18.232214,-14.330981,25.335206,-32.232051,18.232214,-32.232051,41.006382,-0.000000,0.000000,74.447975,0.149156,-0.263688,0.335470,0.452017,5.755832,-10.175521,12.945539,-10.175521,17.988923,-22.885936,12.945539,-22.885936,29.116031,-0.000000,0.000000,52.860786,-0.017079,0.115268,0.077039,-0.016418,0.114029,0.072616,-0.000661,0.001239,0.004423,-0.027764,-0.312613,-0.224573,0.385916,0.542160,6.104525,4.385330,6.104525,68.734795,49.377265,4.385330,49.377265,35.471326,-0.000000,0.000000,104.748281,-0.027764,-0.312613,-0.224573,0.385916,0.571094,6.430317,4.619370,6.430317,72.403099,52.012478,4.619370,52.012478,37.364394,-0.000000,0.000000,110.338586,0.001650,0.107078,0.073470,0.001630,0.106986,0.072969,0.000020,0.000092,0.000501,-0.003748,-0.035340,-0.005319,0.035934,1.062358,10.017331,1.507609,10.017331,94.456798,14.215756,1.507609,14.215756,2.139472,-0.000000,0.000000,97.658628,-0.003748,-0.035340,-0.005319,0.035934,1.076474,10.150436,1.527641,10.150436,95.711897,14.404648,1.527641,14.404648,2.167901,-0.000000,0.000000,98.956271,0.016307,0.102506,0.056111,0.015514,0.100794,0.053406,0.000793,0.001712,0.002705,-0.021777,-0.259302,-0.005476,0.260272,0.738218,8.790066,0.185628,8.790066,104.664557,2.210304,0.185628,2.210304,0.046677,-0.000000,0.000000,105.449452,-0.021777,-0.259302,-0.005476,0.260272,0.788301,9.386412,0.198222,9.386412,111.765332,2.360258,0.198222,2.360258,0.049844,-0.000000,-0.000000,112.603477,0.030383,0.090196,0.058017,0.030443,0.089955,0.058127,-0.000061,0.000240,-0.000110,-0.000016,-0.001026,-0.000297,0.001068,0.019413,1.244323,0.360390,1.244323,79.758247,23.100184,0.360390,23.100184,6.690449,-0.000000,-0.000000,86.468109,-0.000016,-0.001026,-0.000297,0.001068,0.019298,1.236957,0.358257,1.236957,79.286116,22.963442,0.358257,22.963442,6.650845,-0.000000,-0.000000,85.956259
2.2727,ramp,0.518,61.5937,4.216913,-1.262466,-1.291612,-0.073631,-0.081301,1.165825,-1.998777,0.977146,-2.699806,1.368311,-2.472777,1.412796,-1.965029,0.013467,-0.305312,0.000000,0.023981,-0.033785,0.023981,0.023981,0.023981,0.023981,-0.008125,0.081078,0.023981,0.023981,1.566461,-0.714873,1.067448,0.063805,0.002710,0.000000,-0.002710,-0.004065,0.708822,0.916870,0.916870,0.594105,1.197784,1.197784,0.831933,1.134301,1.134301,0.858980,1.016044,1.016044,-0.006876,0.089185,-0.011384,0.003613,0.061050,-0.009209,-0.010489,0.028135,-0.002175,0.160411,-0.283308,0.362695,0.487383,8.403375,-14.841538,19.000391,-14.841538,26.212236,-33.557353,19.000391,-33.557353,42.960699,-0.000000,-0.000000,77.576310,0.160411,-0.283308,0.362695,0.487383,5.969629,-10.543201,13.497586,-10.543201,18.620771,-23.838630,13.497586,-23.838630,30.518622,0.000000,0.000000,55.109021,-0.017079,0.115268,0.077039,-0.016418,0.114029,0.072616,-0.000661,0.001239,0.004423,-0.027764,-0.312613,-0.224573,0.385916,0.542160,6.104525,4.385330,6.104525,68.734795,49.377265,4.385330,49.377265,35.471326,-0.000000,0.000000,104.748281,-0.027764,-0.312613,-0.224573,0.385916,0.571094,6.430317,4.619370,6.430317,72.403099,52.012478,4.619370,52.012478,37.364394,-0.000000,0.000000,110.338586,0.001650,0.107078,0.073470,0.001630,0.106986,0.072969,0.000020,0.000092,0.000501,-0.003748,-0.035340,-0.005319,0.035934,1.062358,10.017331,1.507609,10.017331,94.456798,14.215756,1.507609,14.215756,2.139472,-0.000000,0.000000,97.658628,-0.003748,-0.035340,-0.005319,0.035934,1.076474,10.150436,1.527641,10.150436,95.711897,14.404648,1.527641,14.404648,2.167901,-0.000000,0.000000,98.956271,0.016292,0.102486,0.056058,0.015514,0.100794,0.053406,0.000778,0.001691,0.002651,-0.021333,-0.254755,-0.005150,0.255698,0.734023,8.765392,0.177180,8.765392,104.672660,2.115812,0.177180,2.115812,0.042768,-0.000000,-0.000000,105.449451,-0.021333,-0.254755,-0.005150,0.255698,0.782837,9.348311,0.188963,9.348311,111.633639,2.256518,0.188963,2.256518,0.045612,-0.000000,0.000000,112.462088,0.030383,0.090196,0.058017,0.030443,0.089955,0.058127,-0.000061,0.000240,-0.000110,-0.000016,-0.001026,-0.000297,0.001068,0.019413,1.244323,0.360390,1.244323,79.758247,23.100184,0.360390,23.100184,6.690449,-0.000000,0.000000,86.468109,-0.000016,-0.001026,-0.000297,0.001068,0.019298,1.236957,0.358257,1.236957,79.286114,22.963441,0.358257,22.963441,6.650845,-0.000000,0.000000,85.956256
2.2909,ramp,0.518,64.4026,4.215379,-1.268602,-1.291612,-0.073631,-0.081301,1.165825,-1.998777,0.977146,-2.699806,1.371379,-2.471243,1.412796,-1.965029,0.011895,-0.314828,0.000000,0.023981,-0.017954,0.023981,0.023981,0.023981,0.023981,0.041428,0.058881,0.023981,0.023981,1.565891,-0.718348,1.067448,0.063805,0.002710,0.000000,-0.002710,-0.004065,0.708822,0.916870,0.916870,0.594105,1.197784,1.197784,0.833798,1.133598,1.133598,0.858980,1.016044,1.016044,-0.006877,0.089098,-0.011579,0.003613,0.061050,-0.009209,-0.010490,0.028048,-0.002370,0.173183,-0.304554,0.392727,0.526289,8.739001,-15.368105,19.817403,-15.368105,27.025818,-34.850198,19.817403,-34.850198,44.939855,-0.000000,0.000000,80.704674,0.173183,-0.304554,0.392727,0.526289,6.212983,-10.925938,14.089161,-10.925938,19.213976,-24.776711,14.089161,-24.776711,31.949941,-0.000000,0.000000,57.376900,-0.017079,0.115268,0.077039,-0.016418,0.114029,0.072616,-0.000661,0.001239,0.004423,-0.027764,-0.312613,-0.224573,0.385916,0.542160,6.104525,4.385330,6.104525,68.734795,49.377265,4.385330,49.377265,35.471326,-0.000000,0.000000,104.748281,-0.027764,-0.312613,-0.224573,0.385916,0.571094,6.430317,4.619370,6.430317,72.403099,52.012478,4.619370,52.012478,37.364394,-0.000000,0.000000,110.338586,0.001650,0.107078,0.073470,0.001630,0.106986,0.072969,0.000020,0.000092,0.000501,-0.003748,-0.035340,-0.005319,0.035934,1.062358,10.017331,1.507609,10.017331,94.456798,14.215756,1.507609,14.215756,2.139472,-0.000000,0.000000,97.658628,-0.003748,-0.035340,-0.005319,0.035934,1.076474,10.150436,1.527641,10.150436,95.711897,14.404648,1.527641,14.404648,2.167901,-0.000000,0.000000,98.956271,0.016267,0.102482,0.055966,0.015514,0.100794,0.053406,0.000753,0.001688,0.002559,-0.020791,-0.248634,-0.004915,0.249551,0.732436,8.758881,0.173159,8.758881,104.743668,2.070732,0.173159,2.070732,0.040937,-0.000000,0.000000,105.517041,-0.020791,-0.248634,-0.004915,0.249551,0.779297,9.319278,0.184238,9.319278,111.445220,2.203218,0.184238,2.203218,0.043557,-0.000000,-0.000000,112.268074,0.030383,0.090196,0.058017,0.030443,0.089955,0.058127,-0.000061,0.000240,-0.000110,-0.000016,-0.001025,-0.000297,0.001068,0.019413,1.244323,0.360390,1.244323,79.758247,23.100184,0.360390,23.100184,6.690449,-0.000000,-0.000000,86.468109,-0.000016,-0.001025,-0.000297,0.001068,0.019298,1.236957,0.358257,1.236957,79.286109,22.963440,0.358257,22.963440,6.650844,-0.000000,0.000000,85.956252
2.3091,ramp,0.518,67.2114,4.215379,-1.273204,-1.291612,-0.073631,-0.079767,1.165825,-1.998777,0.977146,-2.699806,1.375981,-2.471243,1.412796,-1.965029,0.006321,-0.313386,0.000000,0.023981,-0.007144,0.023981,0.023981,0.023981,0.023981,0.111727,0.053765,0.023981,0.023981,1.565891,-0.720954,1.067448,0.063805,0.002659,0.000000,-0.002659,-0.003988,0.708822,0.916870,0.916870,0.594105,1.197784,1.197784,0.836596,1.133598,1.133598,0.858980,1.016044,1.016044,-0.006849,0.089024,-0.011718,0.003613,0.061050,-0.009209,-0.010462,0.027974,-0.002509,0.184927,-0.324554,0.420646,0.562562,9.059164,-15.899164,20.606489,-15.899164,27.903612,-36.165140,20.606489,-36.165140,46.872690,-0.000000,0.000000,83.835467,0.184927,-0.324554,0.420646,0.562562,6.442859,-11.307452,14.655292,-11.307452,19.844990,-25.720572,14.655292,-25.720572,33.335759,-0.000000,0.000000,59.623608,-0.017080,0.115268,0.077039,-0.016418,0.114029,0.072616,-0.000663,0.001240,0.004423,-0.027749,-0.312626,-0.224580,0.385928,0.541549,6.101128,4.382844,6.101128,68.735692,49.377388,4.382844,49.377388,35.471040,-0.000000,-0.000000,104.748281,-0.027749,-0.312626,-0.224580,0.385928,0.570452,6.426749,4.616758,6.426749,72.404155,52.012688,4.616758,52.012688,37.364150,-0.000000,0.000000,110.338757,0.001650,0.107078,0.073470,0.001630,0.106986,0.072969,0.000020,0.000092,0.000501,-0.003748,-0.035340,-0.005319,0.035934,1.062358,10.017331,1.507609,10.017331,94.456798,14.215756,1.507609,14.215756,2.139472,-0.000000,0.000000,97.658628,-0.003748,-0.035340,-0.005319,0.035934,1.076474,10.150436,1.527641,10.150436,95.711897,14.404648,1.527641,14.404648,2.167901,-0.000000,0.000000,98.956271,0.016222,0.102419,0.055805,0.015514,0.100794,0.053406,0.000708,0.001625,0.002398,-0.019485,-0.235005,-0.004007,0.235846,0.720246,8.686627,0.148107,8.686627,104.766336,1.786270,0.148107,1.786270,0.030456,-0.000000,0.000000,105.517037,-0.019485,-0.235005,-0.004007,0.235846,0.763433,9.207497,0.156988,9.207497,111.048356,1.893379,0.156988,1.893379,0.032282,-0.000000,-0.000000,111.844071,0.030384,0.090196,0.058017,0.030443,0.089955,0.058127,-0.000059,0.000241,-0.000110,-0.000017,-0.001071,-0.000310,0.001115,0.019511,1.247468,0.361278,1.247468,79.758952,23.098899,0.361278,23.098899,6.689646,-0.000000,-0.000000,86.468109,-0.000017,-0.001071,-0.000310,0.001115,0.019396,1.240104,0.359145,1.240104,79.288108,22.962539,0.359145,22.962539,6.650155,-0.000000,0.000000,85.957658
2.3272,ramp,0.518,70.0196,4.215379,-1.279340,-1.291612,-0.073631,-0.081301,1.165825,-1.998777,0.977146,-2.699806,1.379049,-2.469709,1.412796,-1.965029,0.009858,-0.304373,0.000000,0.023981,0.007440,0.023981,0.023981,0.023981,0.023981,0.171741,0.060866,0.023981,0.023981,1.565891,-0.724428,1.067448,0.063805,0.002710,0.000000,-0.002710,-0.004065,0.708822,0.916870,0.916870,0.594105,1.197784,1.197784,0.838462,1.132894,1.132894,0.858980,1.016044,1.016044,-0.006811,0.088925,-0.011903,0.003613,0.061050,-0.009209,-0.010425,0.027875,-0.002694,0.197087,-0.344960,0.450132,0.600383,9.370842,-16.401739,21.402355,-16.401739,28.707885,-37.460438,21.402355,-37.460438,48.881498,-0.000000,0.000000,86.960224,0.197087,-0.344960,0.450132,0.600383,6.670007,-11.674482,15.233835,-11.674482,20.433788,-26.663708,15.233835,-26.663708,34.793026,-0.000000,0.000000,61.896822,-0.017079,0.115268,0.077039,-0.016418,0.114029,0.072616,-0.000661,0.001239,0.004423,-0.027764,-0.312613,-0.224573,0.385916,0.542160,6.104525,4.385330,6.104525,68.734795,49.377265,4.385330,49.377265,35.471326,-0.000000,0.000000,104.748281,-0.027764,-0.312613,-0.224573,0.385916,0.571094,6.430317,4.619370,6.430317,72.403099,52.012478,4.619370,52.012478,37.364394,-0.000000,0.000000,110.338586,0.001650,0.107078,0.073470,0.001630,0.106986,0.072969,0.000020,0.000092,0.000501,-0.003748,-0.035340,-0.005319,0.035934,1.062358,10.017331,1.507609,10.017331,94.456798,14.215756,1.507609,14.215756,2.139472,-0.000000,0.000000,97.658628,-0.003748,-0.035340,-0.005319,0.035934,1.076474,10.150436,1.527641,10.150436,95.711897,14.404648,1.527641,14.404648,2.167901,-0.000000,0.000000,98.956271,0.016197,0.102415,0.055713,0.015514,0.100794,0.053406,0.000683,0.001621,0.002306,-0.018943,-0.228848,-0.003802,0.229662,0.718343,8.678057,0.144167,8.678057,104.836722,1.741636,0.144167,1.741636,0.028934,-0.000000,0.000000,105.583998,-0.018943,-0.228848,-0.003802,0.229662,0.759606,9.176552,0.152449,9.176552,110.858865,1.841681,0.152449,1.841681,0.030596,-0.000000,0.000000,111.649067,0.030383,0.090196,0.058017,0.030443,0.089955,0.058127,-0.000061,0.000240,-0.000110,-0.000016,-0.001024,-0.000297,0.001066,0.019413,1.244323,0.360390,1.244323,79.758247,23.100184,0.360390,23.100184,6.690449,-0.000000,-0.000000,86.468109,-0.000016,-0.001024,-0.000297,0.001066,0.019298,1.236957,0.358257,1.236957,79.286097,22.963436,0.358257,22.963436,6.650843,0.000000,0.000000,85.956238
2.3455,ramp,0.518,72.8343,4.215379,-1.285476,-1.291612,-0.073631,-0.079767,1.165825,-1.998777,0.977146,-2.699806,1.377515,-2.468175,1.412796,-1.965029,0.016475,-0.298009,0.000000,0.023981,0.023437,0.023981,0.023981,0.023981,0.023981,0.164568,0.070612,0.023981,0.023981,1.565891,-0.727903,1.067448,0.063805,0.002659,0.000000,-0.002659,-0.003988,0.708822,0.916870,0.916870,0.594105,1.197784,1.197784,0.837529,1.132190,1.132190,0.858980,1.016044,1.016044,-0.006774,0.088826,-0.012088,0.003613,0.061050,-0.009209,-0.010387,0.027776,-0.002879,0.209333,-0.365393,0.480042,0.638571,9.681373,-16.898958,22.201300,-16.898958,29.497343,-38.752648,22.201300,-38.752648,50.911966,0.000000,0.000000,90.090682,0.209333,-0.365393,0.480042,0.638571,6.897109,-12.038990,15.816433,-12.038990,21.014208,-27.607782,15.816433,-27.607782,36.270204,-0.000000,0.000000,64.181521,-0.017080,0.115268,0.077039,-0.016418,0.114029,0.072616,-0.000663,0.001240,0.004423,-0.027749,-0.312626,-0.224580,0.385928,0.541549,6.101128,4.382844,6.101128,68.735692,49.377388,4.382844,49.377388,35.471040,-0.000000,0.000000,104.748281,-0.027749,-0.312626,-0.224580,0.385928,0.570452,6.426749,4.616758,6.426749,72.404155,52.012688,4.616758,52.012688,37.364150,-0.000000,0.000000,110.338757,0.001650,0.107078,0.073470,0.001630,0.106986,0.072969,0.000020,0.000092,0.000501,-0.003748,-0.035340,-0.005319,0.035934,1.062358,10.017331,1.507609,10.017331,94.456798,14.215756,1.507609,14.215756,2.139472,-0.000000,0.000000,97.658628,-0.003748,-0.035340,-0.005319,0.035934,1.076474,10.150436,1.527641,10.150436,95.711897,14.404648,1.527641,14.404648,2.167901,-0.000000,0.000000,98.956271,0.016219,0.102474,0.055782,0.015514,0.100794,0.053406,0.000705,0.001680,0.002376,-0.019714,-0.236375,-0.004461,0.237238,0.729573,8.747577,0.165107,8.747577,104.883396,1.979629,0.165107,1.979629,0.037365,-0.000000,0.000000,105.650334,-0.019714,-0.236375,-0.004461,0.237238,0.772587,9.263310,0.174841,9.263310,111.067029,2.096343,0.174841,2.096343,0.039568,-0.000000,0.000000,111.879183,0.030384,0.090196,0.058017,0.030443,0.089955,0.058127,-0.000059,0.000241,-0.000110,-0.000017,-0.001071,-0.000310,0.001115,0.019511,1.247468,0.361278,1.247468,79.758952,23.098899,0.361278,23.098899,6.689646,-0.000000,0.000000,86.468109,-0.000017,-0.001071,-0.000310,0.001115,0.019396,1.240104,0.359145,1.240104,79.288108,22.962539,0.359145,22.962539,6.650155,-0.000000,-0.000000,85.957658
2.3637,ramp,0.518,75.6455,4.215379,-1.291612,-1.291612,-0.073631,-0.075165,1.165825,-1.998777,0.977146,-2.699806,1.377515,-2.466641,1.412796,-1.965029,0.018419,-0.297768,0.000000,0.023981,0.063309,0.023981,0.023981,0.023981,0.023981,0.087307,0.071236,0.023981,0.023981,1.565891,-0.731377,1.067448,0.063805,0.002506,0.000000,-0.002506,-0.003758,0.708822,0.916870,0.916870,0.594105,1.197784,1.197784,0.837529,1.131487,1.131487,0.858980,1.016044,1.016044,-0.006737,0.088726,-0.012272,0.003613,0.061050,-0.009209,-0.010350,0.027676,-0.003063,0.221628,-0.385786,0.510290,0.677013,9.989564,-17.388721,23.000537,-17.388721,30.268347,-40.036772,23.000537,-40.036772,52.957736,-0.000000,0.000000,93.215647,0.221628,-0.385786,0.510290,0.677013,7.123330,-12.399498,16.401156,-12.399498,21.583665,-28.549305,16.401156,-28.549305,37.762948,-0.000000,0.000000,66.469942,-0.017084,0.115269,0.077039,-0.016418,0.114029,0.072616,-0.000667,0.001240,0.004423,-0.027705,-0.312662,-0.224599,0.385966,0.539721,6.090939,4.375385,6.090939,68.738381,49.377755,4.375385,49.377755,35.470179,-0.000000,0.000000,104.748281,-0.027705,-0.312662,-0.224599,0.385966,0.568529,6.416045,4.608923,6.416045,72.407324,52.013315,4.608923,52.013315,37.363416,-0.000000,0.000000,110.339268,0.001650,0.107078,0.073470,0.001630,0.106986,0.072969,0.000020,0.000092,0.000501,-0.003748,-0.035340,-0.005319,0.035934,1.062358,10.017331,1.507609,10.017331,94.456798,14.215756,1.507609,14.215756,2.139472,-0.000000,0.000000,97.658628,-0.003748,-0.035340,-0.005319,0.035934,1.076474,10.150436,1.527641,10.150436,95.711897,14.404648,1.527641,14.404648,2.167901,-0.000000,0.000000,98.956271,0.016226,0.102513,0.055798,0.015514,0.100794,0.053406,0.000712,0.001718,0.002392,-0.020066,-0.239387,-0.004840,0.240275,0.737337,8.796194,0.177847,8.796194,104.935808,2.121656,0.177847,2.121656,0.042897,0.000000,0.000000,105.716041,-0.020066,-0.239387,-0.004840,0.240275,0.780942,9.316392,0.188364,9.316392,111.141610,2.247128,0.188364,2.247128,0.045434,-0.000000,0.000000,111.967986,0.030387,0.090197,0.058017,0.030443,0.089955,0.058127,-0.000056,0.000242,-0.000110,-0.000019,-0.001209,-0.000350,0.001259,0.019807,1.256903,0.363940,1.256903,79.761066,23.095044,0.363940,23.095044,6.687236,-0.000000,0.000000,86.468109,-0.000019,-0.001209,-0.000350,0.001259,0.019691,1.249545,0.361809,1.249545,79.294129,22.959841,0.361809,22.959841,6.648087,-0.000000,0.000000,85.961907
2.3818,ramp,0.518,78.4503,4.215379,-1.296214,-1.291612,-0.073631,-0.073631,1.165825,-1.998777,0.977146,-2.699806,1.374447,-2.466641,1.412796,-1.965029,0.016469,-0.299763,0.000000,0.023981,0.107562,0.023981,0.023981,0.023981,0.023981,0.014105,0.074556,0.023981,0.023981,1.565891,-0.733983,1.067448,0.063805,0.002454,0.000000,-0.002454,-0.003682,0.708822,0.916870,0.916870,0.594105,1.197784,1.197784,0.835664,1.131487,1.131487,0.858980,1.016044,1.016044,-0.006709,0.088650,-0.012410,0.003613,0.061050,-0.009209,-0.010322,0.027600,-0.003201,0.233567,-0.405717,0.539399,0.714221,10.302726,-17.896283,23.793071,-17.896283,31.086621,-41.329596,23.793071,-41.329596,54.947611,-0.000000,0.000000,96.336958,0.233567,-0.405717,0.539399,0.714221,7.350872,-12.768784,16.976071,-12.768784,22.179931,-29.488172,16.976071,-29.488172,39.204462,-0.000000,0.000000,68.735265,-0.017086,0.115269,0.077039,-0.016418,0.114029,0.072616,-0.000668,0.001240,0.004423,-0.027690,-0.312675,-0.224605,0.385979,0.539112,6.087542,4.372899,6.087542,68.739278,49.377877,4.372899,49.377877,35.469891,-0.000000,-0.000000,104.748281,-0.027690,-0.312675,-0.224605,0.385979,0.567888,6.412477,4.606311,6.412477,72.408380,52.013524,4.606311,52.013524,37.363171,-0.000000,0.000000,110.339439,0.001650,0.107078,0.073470,0.001630,0.106986,0.072969,0.000020,0.000092,0.000501,-0.003748,-0.035340,-0.005319,0.035934,1.062358,10.017331,1.507609,10.017331,94.456798,14.215756,1.507609,14.215756,2.139472,-0.000000,0.000000,97.658628,-0.003748,-0.035340,-0.005319,0.035934,1.076474,10.150436,1.527641,10.150436,95.711897,14.404648,1.527641,14.404648,2.167901,-0.000000,0.000000,98.956271,0.016256,0.102555,0.055906,0.015514,0.100794,0.053406,0.000742,0.001761,0.002499,-0.020957,-0.248520,-0.005473,0.249462,0.746105,8.847635,0.194829,8.847635,104.919063,2.310369,0.194829,2.310369,0.050875,-0.000000,0.000000,105.716043,-0.020957,-0.248520,-0.005473,0.249462,0.792225,9.394542,0.206872,9.394542,111.404519,2.453182,0.206872,2.453182,0.054020,-0.000000,0.000000,112.250764,0.030388,0.090197,0.058017,0.030443,0.089955,0.058127,-0.000055,0.000242,-0.000110,-0.000020,-0.001255,-0.000363,0.001307,0.019906,1.260048,0.364827,1.260048,79.761771,23.093758,0.364827,23.093758,6.686432,-0.000000,0.000000,86.468109,-0.000020,-0.001255,-0.000363,0.001307,0.019790,1.252692,0.362697,1.252692,79.296141,22.958942,0.362697,22.958942,6.647398,-0.000000,0.000000,85.963329
2.4035,ramp,0.518,81.8018,4.216913,-1.302350,-1.291612,-0.073631,-0.075165,1.165825,-1.998777,0.977146,-2.699806,1.371379,-2.465107,1.412796,-1.965029,0.008752,-0.295560,0.000000,0.023981,0.114118,0.023981,0.023981,0.023981,0.023981,-0.048837,0.075274,0.023981,0.023981,1.566461,-0.737457,1.067448,0.063805,0.002506,0.000000,-0.002506,-0.003758,0.708822,0.916870,0.916870,0.594105,1.197784,1.197784,0.833798,1.130783,1.130783,0.858980,1.016044,1.016044,-0.006633,0.088538,-0.012584,0.003613,0.061050,-0.009209,-0.010247,0.027488,-0.003375,0.247117,-0.428749,0.573639,0.757598,10.646378,-18.471489,24.713686,-18.471489,32.048074,-42.878299,24.713686,-42.878299,57.368456,-0.000000,0.000000,100.062909,0.247117,-0.428749,0.573639,0.757598,7.602301,-13.190009,17.647399,-13.190009,22.884696,-30.618277,17.647399,-30.618277,40.965321,-0.000000,0.000000,71.452318,-0.017084,0.115269,0.077039,-0.016418,0.114029,0.072616,-0.000667,0.001240,0.004423,-0.027705,-0.312662,-0.224599,0.385966,0.539721,6.090939,4.375385,6.090939,68.738381,49.377755,4.375385,49.377755,35.470179,-0.000000,0.000000,104.748281,-0.027705,-0.312662,-0.224599,0.385966,0.568529,6.416045,4.608923,6.416045,72.407324,52.013315,4.608923,52.013315,37.363416,-0.000000,0.000000,110.339268,0.001650,0.107078,0.073470,0.001630,0.106986,0.072969,0.000020,0.000092,0.000501,-0.003748,-0.035340,-0.005319,0.035934,1.062358,10.017331,1.507609,10.017331,94.456798,14.215756,1.507609,14.215756,2.139472,-0.000000,0.000000,97.658628,-0.003748,-0.035340,-0.005319,0.035934,1.076474,10.150436,1.527641,10.150436,95.711897,14.404648,1.527641,14.404648,2.167901,-0.000000,0.000000,98.956271,0.016292,0.102635,0.056029,0.015514,0.100794,0.053406,0.000778,0.001840,0.002623,-0.022192,-0.260592,-0.006567,0.261617,0.761155,8.937885,0.225247,8.937885,104.953314,2.644964,0.225247,2.644964,0.066657,-0.000000,0.000000,105.781127,-0.022192,-0.260592,-0.006567,0.261617,0.810348,9.515523,0.239804,9.515523,111.736245,2.815903,0.239804,2.815903,0.070965,0.000000,0.000000,112.617557,0.030387,0.090197,0.058017,0.030443,0.089955,0.058127,-0.000056,0.000242,-0.000110,-0.000019,-0.001210,-0.000350,0.001260,0.019807,1.256903,0.363940,1.256903,79.761066,23.095044,0.363940,23.095044,6.687236,-0.000000,0.000000,86.468109,-0.000019,-0.001210,-0.000350,0.001260,0.019691,1.249545,0.361809,1.249545,79.294141,22.959844,0.361809,22.959844,6.648088,0.000000,0.000000,85.961920
2.4211,ramp,0.518,84.5224,4.215379,-1.308486,-1.291612,-0.073631,-0.076699,1.165825,-1.998777,0.977146,-2.699806,1.371379,-2.463573,1.412796,-1.965029,0.010685,-0.291496,0.000000,0.023981,0.047902,0.023981,0.023981,0.023981,0.023981,-0.084970,0.073536,0.023981,0.023981,1.565891,-0.740932,1.067448,0.063805,0.002557,0.000000,-0.002557,-0.003835,0.708822,0.916870,0.916870,0.594105,1.197784,1.197784,0.833798,1.130079,1.130079,0.858980,1.016044,1.016044,-0.006635,0.088447,-0.012777,0.003613,0.061050,-0.009209,-0.010248,0.027397,-0.003568,0.260197,-0.449414,0.605706,0.797844,10.963576,-18.936386,25.521858,-18.936386,32.707095,-44.081582,25.521858,-44.081582,59.411754,-0.000000,0.000000,103.082424,0.260197,-0.449414,0.605706,0.797844,7.838116,-13.538064,18.246172,-13.538064,23.383065,-31.514951,18.246172,-31.514951,42.474848,-0.000000,0.000000,73.696029,-0.017083,0.115269,0.077039,-0.016418,0.114029,0.072616,-0.000665,0.001240,0.004423,-0.027720,-0.312650,-0.224593,0.385954,0.540330,6.094335,4.377871,6.094335,68.737485,49.377633,4.377871,49.377633,35.470466,-0.000000,0.000000,104.748281,-0.027720,-0.312650,-0.224593,0.385954,0.569169,6.419613,4.611535,6.419613,72.406267,52.013106,4.611535,52.013106,37.363661,-0.000000,0.000000,110.339097,0.001650,0.107078,0.073470,0.001630,0.106986,0.072969,0.000020,0.000092,0.000501,-0.003748,-0.035340,-0.005319,0.035934,1.062358,10.017331,1.507609,10.017331,94.456798,14.215756,1.507609,14.215756,2.139472,-0.000000,0.000000,97.658628,-0.003748,-0.035340,-0.005319,0.035934,1.076474,10.150436,1.527641,10.150436,95.711897,14.404648,1.527641,14.404648,2.167901,-0.000000,0.000000,98.956271,0.016297,0.102673,0.056045,0.015514,0.100794,0.053406,0.000783,0.001878,0.002639,-0.022535,-0.263545,-0.007003,0.264599,0.767743,8.978633,0.238593,8.978633,105.003691,2.790305,0.238593,2.790305,0.074148,-0.000000,0.000000,105.845582,-0.022535,-0.263545,-0.007003,0.264599,0.817473,9.560212,0.254047,9.560212,111.805162,2.971043,0.254047,2.971043,0.078951,-0.000000,-0.000000,112.701586,0.030386,0.090197,0.058017,0.030443,0.089955,0.058127,-0.000057,0.000241,-0.000110,-0.000018,-0.001164,-0.000337,0.001212,0.019708,1.253758,0.363053,1.253758,79.760362,23.096329,0.363053,23.096329,6.688039,-0.000000,0.000000,86.468109,-0.000018,-0.001164,-0.000337,0.001212,0.019592,1.246398,0.360921,1.246398,79.292136,22.960744,0.360921,22.960744,6.648778,-0.000000,0.000000,85.960506
2.4394,ramp,0.518,87.3363,4.215379,-1.314622,-1.291612,-0.073631,-0.076699,1.165825,-1.998777,0.977146,-2.699806,1.371379,-2.463573,1.412796,-1.965029,0.008668,-0.285649,0.000000,0.023981,0.002984,0.023981,0.023981,0.023981,0.023981,-0.050328,0.061553,0.023981,0.023981,1.565891,-0.744406,1.067448,0.063805,0.002557,0.000000,-0.002557,-0.003835,0.708822,0.916870,0.916870,0.594105,1.197784,1.197784,0.833798,1.130079,1.130079,0.858980,1.016044,1.016044,-0.006597,0.088344,-0.012960,0.003613,0.061050,-0.009209,-0.010211,0.027294,-0.003751,0.272754,-0.469744,0.637454,0.837498,11.264641,-19.400296,26.326654,-19.400296,33.411760,-45.340538,26.326654,-45.340538,61.528166,-0.000000,0.000000,106.204568,0.272754,-0.469744,0.637454,0.837498,8.062316,-13.885158,18.842483,-13.885158,23.913427,-32.451078,18.842483,-32.451078,44.036869,-0.000000,-0.000000,76.012612,-0.017083,0.115269,0.077039,-0.016418,0.114029,0.072616,-0.000665,0.001240,0.004423,-0.027720,-0.312650,-0.224593,0.385954,0.540330,6.094335,4.377871,6.094335,68.737485,49.377633,4.377871,49.377633,35.470466,-0.000000,0.000000,104.748281,-0.027720,-0.312650,-0.224593,0.385954,0.569169,6.419613,4.611535,6.419613,72.406267,52.013106,4.611535,52.013106,37.363661,-0.000000,0.000000,110.339097,0.001650,0.107078,0.073470,0.001630,0.106986,0.072969,0.000020,0.000092,0.000501,-0.003748,-0.035340,-0.005319,0.035934,1.062358,10.017331,1.507609,10.017331,94.456798,14.215756,1.507609,14.215756,2.139472,-0.000000,0.000000,97.658628,-0.003748,-0.035340,-0.005319,0.035934,1.076474,10.150436,1.527641,10.150436,95.711897,14.404648,1.527641,14.404648,2.167901,-0.000000,0.000000,98.956271,0.016297,0.102673,0.056045,0.015514,0.100794,0.053406,0.000783,0.001878,0.002639,-0.022535,-0.263545,-0.007003,0.264599,0.767743,8.978633,0.238593,8.978633,105.003691,2.790305,0.238593,2.790305,0.074148,-0.000000,0.000000,105.845582,-0.022535,-0.263545,-0.007003,0.264599,0.817473,9.560212,0.254047,9.560212,111.805162,2.971043,0.254047,2.971043,0.078951,-0.000000,-0.000000,112.701586,0.030386,0.090197,0.058017,0.030443,0.089955,0.058127,-0.000057,0.000241,-0.000110,-0.000018,-0.001164,-0.000337,0.001212,0.019708,1.253758,0.363053,1.253758,79.760362,23.096329,0.363053,23.096329,6.688039,-0.000000,0.000000,86.468109,-0.000018,-0.001164,-0.000337,0.001212,0.019592,1.246398,0.360921,1.246398,79.292136,22.960744,0.360921,22.960744,6.648778,-0.000000,0.000000,85.960506
2.4575,ramp,0.518,90.1421,4.216913,-1.319223,-1.291612,-0.073631,-0.078233,1.165825,-1.998777,0.977146,-2.699806,1.369845,-2.462039,1.412796,-1.965029,0.004606,-0.286643,0.000000,0.023981,-0.020887,0.023981,0.023981,0.023981,0.023981,-0.028314,0.055185,0.023981,0.023981,1.566461,-0.747012,1.067448,0.063805,0.002608,0.000000,-0.002608,-0.003912,0.708822,0.916870,0.916870,0.594105,1.197784,1.197784,0.832866,1.129376,1.129376,0.858980,1.016044,1.016044,-0.006531,0.088256,-0.013088,0.003613,0.061050,-0.009209,-0.010145,0.027206,-0.003879,0.283880,-0.488643,0.666188,0.873594,11.544034,-19.870751,27.090656,-19.870751,34.203533,-46.631158,27.090656,-46.631158,63.574278,-0.000000,0.000000,109.321845,0.283880,-0.488643,0.666188,0.873594,8.267625,-14.231067,19.401830,-14.231067,24.495942,-33.396379,19.401830,-33.396379,45.530730,-0.000000,0.000000,78.294296,-0.017082,0.115269,0.077039,-0.016418,0.114029,0.072616,-0.000664,0.001240,0.004423,-0.027735,-0.312638,-0.224586,0.385941,0.540939,6.097732,4.380357,6.097732,68.736588,49.377511,4.380357,49.377511,35.470753,-0.000000,-0.000000,104.748281,-0.027735,-0.312638,-0.224586,0.385941,0.569811,6.423181,4.614147,6.423181,72.405211,52.012897,4.614147,52.012897,37.363905,-0.000000,0.000000,110.338927,0.001650,0.107078,0.073470,0.001630,0.106986,0.072969,0.000020,0.000092,0.000501,-0.003748,-0.035340,-0.005319,0.035934,1.062358,10.017331,1.507609,10.017331,94.456798,14.215756,1.507609,14.215756,2.139472,-0.000000,0.000000,97.658628,-0.003748,-0.035340,-0.005319,0.035934,1.076474,10.150436,1.527641,10.150436,95.711897,14.404648,1.527641,14.404648,2.167901,-0.000000,0.000000,98.956271,0.016318,0.102732,0.056115,0.015514,0.100794,0.053406,0.000804,0.001937,0.002709,-0.023338,-0.271066,-0.007820,0.272181,0.778668,9.043994,0.260925,9.043994,105.043314,3.030562,0.260925,3.030562,0.087434,-0.000000,0.000000,105.909415,-0.023338,-0.271066,-0.007820,0.272181,0.830248,9.643082,0.278209,9.643082,112.001541,3.231311,0.278209,3.231311,0.093225,0.000000,0.000000,112.925014,0.030385,0.090196,0.058017,0.030443,0.089955,0.058127,-0.000058,0.000241,-0.000110,-0.000018,-0.001118,-0.000324,0.001164,0.019609,1.250613,0.362165,1.250613,79.759657,23.097614,0.362165,23.097614,6.688843,-0.000000,0.000000,86.468109,-0.000018,-0.001118,-0.000324,0.001164,0.019494,1.243251,0.360033,1.243251,79.290134,22.961645,0.360033,22.961645,6.649467,-0.000000,0.000000,85.959095
2.4757,ramp,0.518,92.9528,4.215379,-1.323825,-1.291612,-0.073631,-0.076699,1.165825,-1.998777,0.977146,-2.699806,1.368311,-2.462039,1.412796,-1.965029,0.013684,-0.275192,0.000000,0.023981,-0.026619,0.023981,0.023981,0.023981,0.023981,-0.034940,0.051800,0.023981,0.023981,1.565891,-0.749618,1.067448,0.063805,0.002557,0.000000,-0.002557,-0.003835,0.708822,0.916870,0.916870,0.594105,1.197784,1.197784,0.831933,1.129376,1.129376,0.858980,1.016044,1.016044,-0.006542,0.088189,-0.013234,0.003613,0.061050,-0.009209,-0.010155,0.027139,-0.004025,0.297142,-0.509505,0.698561,0.914263,11.877403,-20.365969,27.922954,-20.365969,34.921159,-47.878986,27.922954,-47.878986,65.644938,0.000000,0.000000,112.443500,0.297142,-0.509505,0.698561,0.914263,8.513629,-14.598167,20.014955,-14.598167,25.031213,-34.319281,20.014955,-34.319281,47.053776,-0.000000,0.000000,80.598618,-0.017083,0.115269,0.077039,-0.016418,0.114029,0.072616,-0.000665,0.001240,0.004423,-0.027720,-0.312650,-0.224592,0.385954,0.540330,6.094335,4.377871,6.094335,68.737485,49.377633,4.377871,49.377633,35.470466,-0.000000,0.000000,104.748281,-0.027720,-0.312650,-0.224592,0.385954,0.569169,6.419613,4.611535,6.419613,72.406267,52.013106,4.611535,52.013106,37.363661,0.000000,0.000000,110.339097,0.001650,0.107078,0.073470,0.001630,0.106986,0.072969,0.000020,0.000092,0.000501,-0.003748,-0.035340,-0.005319,0.035934,1.062358,10.017331,1.507609,10.017331,94.456798,14.215756,1.507609,14.215756,2.139472,-0.000000,0.000000,97.658628,-0.003748,-0.035340,-0.005319,0.035934,1.076474,10.150436,1.527641,10.150436,95.711897,14.404648,1.527641,14.404648,2.167901,-0.000000,0.000000,98.956271,0.016333,0.102752,0.056169,0.015514,0.100794,0.053406,0.000819,0.001958,0.002763,-0.023805,-0.275652,-0.008200,0.276799,0.783338,9.070636,0.269839,9.070636,105.033125,3.124596,0.269839,3.124596,0.092953,-0.000000,0.000000,105.909416,-0.023805,-0.275652,-0.008200,0.276799,0.836269,9.683545,0.288073,9.683545,112.130278,3.335727,0.288073,3.335727,0.099233,-0.000000,0.000000,113.065780,0.030386,0.090197,0.058017,0.030443,0.089955,0.058127,-0.000057,0.000241,-0.000110,-0.000018,-0.001164,-0.000337,0.001212,0.019708,1.253758,0.363053,1.253758,79.760362,23.096329,0.363053,23.096329,6.688039,-0.000000,0.000000,86.468109,-0.000018,-0.001164,-0.000337,0.001212,0.019592,1.246398,0.360921,1.246398,79.292143,22.960746,0.360921,22.960746,6.648778,0.000000,0.000000,85.960513
2.4939,ramp,0.518,95.7589,4.215379,-1.328427,-1.291612,-0.073631,-0.076699,1.165825,-1.998777,0.977146,-2.699806,1.368311,-2.462039,1.412796,-1.965029,0.012204,-0.269849,0.000000,0.023981,0.000600,0.023981,0.023981,0.023981,0.023981,-0.041042,0.047604,0.023981,0.023981,1.565891,-0.752224,1.067448,0.063805,0.002557,0.000000,-0.002557,-0.003835,0.708822,0.916870,0.916870,0.594105,1.197784,1.197784,0.831933,1.129376,1.129376,0.858980,1.016044,1.016044,-0.006514,0.088111,-0.013370,0.003613,0.061050,-0.009209,-0.010127,0.027061,-0.004161,0.309401,-0.529346,0.729517,0.952959,12.181438,-20.840894,28.721832,-20.840894,35.656124,-49.139410,28.721832,-49.139410,67.721371,-0.000000,0.000000,115.558932,0.309401,-0.529346,0.729517,0.952959,8.738481,-14.950433,20.603906,-14.950433,25.578293,-35.250669,20.603906,-35.250669,48.580632,-0.000000,-0.000000,82.897406,-0.017083,0.115269,0.077039,-0.016418,0.114029,0.072616,-0.000665,0.001240,0.004423,-0.027720,-0.312650,-0.224592,0.385954,0.540330,6.094335,4.377871,6.094335,68.737485,49.377633,4.377871,49.377633,35.470466,-0.000000,0.000000,104.748281,-0.027720,-0.312650,-0.224592,0.385954,0.569169,6.419613,4.611535,6.419613,72.406267,52.013106,4.611535,52.013106,37.363661,0.000000,0.000000,110.339097,0.001650,0.107078,0.073470,0.001630,0.106986,0.072969,0.000020,0.000092,0.000501,-0.003748,-0.035340,-0.005319,0.035934,1.062358,10.017331,1.507609,10.017331,94.456798,14.215756,1.507609,14.215756,2.139472,-0.000000,0.000000,97.658628,-0.003748,-0.035340,-0.005319,0.035934,1.076474,10.150436,1.527641,10.150436,95.711897,14.404648,1.527641,14.404648,2.167901,-0.000000,0.000000,98.956271,0.016333,0.102752,0.056169,0.015514,0.100794,0.053406,0.000819,0.001958,0.002763,-0.023805,-0.275652,-0.008200,0.276799,0.783338,9.070636,0.269839,9.070636,105.033125,3.124596,0.269839,3.124596,0.092953,-0.000000,0.000000,105.909416,-0.023805,-0.275652,-0.008200,0.276799,0.836269,9.683545,0.288073,9.683545,112.130278,3.335727,0.288073,3.335727,0.099233,-0.000000,0.000000,113.065780,0.030386,0.090197,0.058017,0.030443,0.089955,0.058127,-0.000057,0.000241,-0.000110,-0.000018,-0.001164,-0.000337,0.001212,0.019708,1.253758,0.363053,1.253758,79.760362,23.096329,0.363053,23.096329,6.688039,-0.000000,0.000000,86.468109,-0.000018,-0.001164,-0.000337,0.001212,0.019592,1.246398,0.360921,1.246398,79.292143,22.960746,0.360921,22.960746,6.648778,0.000000,0.000000,85.960513
2.5121,ramp,0.518,98.5677,4.215379,-1.333029,-1.291612,-0.073631,-0.076699,1.165825,-1.998777,0.977146,-2.699806,1.368311,-2.460505,1.412796,-1.965029,0.019471,-0.267010,0.000000,0.023981,0.018235,0.023981,0.023981,0.023981,0.023981,-0.027965,0.043034,0.023981,0.023981,1.565891,-0.754830,1.067448,0.063805,0.002557,0.000000,-0.002557,-0.003835,0.708822,0.916870,0.916870,0.594105,1.197784,1.197784,0.831933,1.128672,1.128672,0.858980,1.016044,1.016044,-0.006486,0.088033,-0.013507,0.003613,0.061050,-0.009209,-0.010100,0.026983,-0.004298,0.321719,-0.549187,0.760780,0.991915,12.484409,-21.311394,29.522328,-21.311394,36.379417,-50.395816,29.522328,-50.395816,69.812506,-0.000000,0.000000,118.676332,0.321719,-0.549187,0.760780,0.991915,8.963149,-15.300460,21.195479,-15.300460,26.118508,-36.181545,21.195479,-36.181545,50.121707,0.000000,0.000000,85.203363,-0.017083,0.115269,0.077039,-0.016418,0.114029,0.072616,-0.000665,0.001240,0.004423,-0.027720,-0.312650,-0.224592,0.385954,0.540330,6.094335,4.377871,6.094335,68.737485,49.377633,4.377871,49.377633,35.470466,-0.000000,0.000000,104.748281,-0.027720,-0.312650,-0.224592,0.385954,0.569169,6.419613,4.611535,6.419613,72.406267,52.013106,4.611535,52.013106,37.363661,-0.000000,0.000000,110.339097,0.001650,0.107078,0.073470,0.001630,0.106986,0.072969,0.000020,0.000092,0.000501,-0.003748,-0.035340,-0.005319,0.035934,1.062358,10.017331,1.507609,10.017331,94.456798,14.215756,1.507609,14.215756,2.139472,-0.000000,0.000000,97.658628,-0.003748,-0.035340,-0.005319,0.035934,1.076474,10.150436,1.527641,10.150436,95.711897,14.404648,1.527641,14.404648,2.167901,-0.000000,0.000000,98.956271,0.016339,0.102790,0.056185,0.015514,0.100794,0.053406,0.000825,0.001996,0.002779,-0.024164,-0.278627,-0.008669,0.279808,0.790359,9.113251,0.283553,9.113251,105.080536,3.269519,0.283553,3.269519,0.101729,-0.000000,0.000000,105.972624,-0.024164,-0.278627,-0.008669,0.279808,0.843876,9.730329,0.302753,9.730329,112.195763,3.490905,0.302753,3.490905,0.108617,-0.000000,0.000000,113.148257,0.030386,0.090197,0.058017,0.030443,0.089955,0.058127,-0.000057,0.000241,-0.000110,-0.000018,-0.001165,-0.000337,0.001213,0.019708,1.253758,0.363053,1.253758,79.760362,23.096329,0.363053,23.096329,6.688039,-0.000000,0.000000,86.468109,-0.000018,-0.001165,-0.000337,0.001213,0.019592,1.246398,0.360921,1.246398,79.292144,22.960747,0.360921,22.960747,6.648778,-0.000000,0.000000,85.960515
2.5333,post_ramp,0.518,100.0000,4.215379,-1.339165,-1.291612,-0.073631,-0.076699,1.165825,-1.998777,0.977146,-2.699806,1.368311,-2.460505,1.412796,-1.965029,0.019015,-0.255509,0.000000,0.023981,0.021233,0.023981,0.023981,0.023981,0.023981,-0.013376,0.045605,0.023981,0.023981,1.565891,-0.758304,1.067448,0.063805,0.002557,0.000000,-0.002557,-0.003835,0.708822,0.916870,0.916870,0.594105,1.197784,1.197784,0.831933,1.128672,1.128672,0.858980,1.016044,1.016044,-0.006449,0.087928,-0.013688,0.003613,0.061050,-0.009209,-0.010063,0.026878,-0.004479,0.329154,-0.560185,0.781387,1.016225,12.615490,-21.470231,29.948253,-21.470231,36.540064,-50.968762,29.948253,-50.968762,71.094969,-0.000000,0.000000,120.250523,0.329154,-0.560185,0.781387,1.016225,9.070431,-15.436914,21.532540,-15.436914,26.271996,-36.646108,21.532540,-36.646108,51.116681,-0.000000,0.000000,86.459108,-0.017083,0.115269,0.077039,-0.016418,0.114029,0.072616,-0.000665,0.001240,0.004423,-0.027720,-0.312650,-0.224592,0.385954,0.540330,6.094335,4.377871,6.094335,68.737485,49.377633,4.377871,49.377633,35.470466,-0.000000,0.000000,104.748281,-0.027720,-0.312650,-0.224592,0.385954,0.569169,6.419613,4.611535,6.419613,72.406267,52.013106,4.611535,52.013106,37.363661,-0.000000,0.000000,110.339097,0.001650,0.107078,0.073470,0.001630,0.106986,0.072969,0.000020,0.000092,0.000501,-0.003748,-0.035340,-0.005319,0.035934,1.062358,10.017331,1.507609,10.017331,94.456798,14.215756,1.507609,14.215756,2.139472,-0.000000,0.000000,97.658628,-0.003748,-0.035340,-0.005319,0.035934,1.076474,10.150436,1.527641,10.150436,95.711897,14.404648,1.527641,14.404648,2.167901,-0.000000,0.000000,98.956271,0.016339,0.102790,0.056185,0.015514,0.100794,0.053406,0.000825,0.001996,0.002779,-0.024164,-0.278627,-0.008669,0.279808,0.790359,9.113251,0.283553,9.113251,105.080536,3.269519,0.283553,3.269519,0.101729,-0.000000,0.000000,105.972624,-0.024164,-0.278627,-0.008669,0.279808,0.843876,9.730329,0.302753,9.730329,112.195763,3.490905,0.302753,3.490905,0.108617,-0.000000,0.000000,113.148257,0.030386,0.090197,0.058017,0.030443,0.089955,0.058127,-0.000057,0.000241,-0.000110,-0.000018,-0.001165,-0.000337,0.001213,0.019708,1.253758,0.363053,1.253758,79.760362,23.096329,0.363053,23.096329,6.688039,-0.000000,0.000000,86.468109,-0.000018,-0.001165,-0.000337,0.001213,0.019592,1.246398,0.360921,1.246398,79.292144,22.960747,0.360921,22.960747,6.648778,-0.000000,0.000000,85.960515
2.5515,post_ramp,0.518,100.0000,4.215379,-1.343767,-1.291612,-0.073631,-0.075165,1.165825,-1.998777,0.977146,-2.699806,1.368311,-2.458971,1.412796,-1.965029,0.011854,-0.248152,0.000000,0.023981,0.030767,0.023981,0.023981,0.023981,0.023981,-0.007108,0.041445,0.023981,0.023981,1.565891,-0.760910,1.067448,0.063805,0.002506,0.000000,-0.002506,-0.003758,0.708822,0.916870,0.916870,0.594105,1.197784,1.197784,0.831933,1.127968,1.127968,0.858980,1.016044,1.016044,-0.006422,0.087848,-0.013824,0.003613,0.061050,-0.009209,-0.010035,0.026798,-0.004615,0.330533,-0.561248,0.786939,1.021530,12.587796,-21.374167,29.969203,-21.374167,36.293487,-50.887919,29.969203,-50.887919,71.351101,-0.000000,0.000000,120.232385,0.330533,-0.561248,0.786939,1.021530,9.061827,-15.387046,21.574525,-15.387046,26.127313,-36.633696,21.574525,-36.633696,51.364933,-0.000000,0.000000,86.554073,-0.017084,0.115269,0.077039,-0.016418,0.114029,0.072616,-0.000667,0.001240,0.004423,-0.027705,-0.312662,-0.224599,0.385966,0.539721,6.090939,4.375385,6.090939,68.738381,49.377755,4.375385,49.377755,35.470179,-0.000000,0.000000,104.748281,-0.027705,-0.312662,-0.224599,0.385966,0.568529,6.416045,4.608923,6.416045,72.407323,52.013315,4.608923,52.013315,37.363416,-0.000000,0.000000,110.339268,0.001650,0.107078,0.073470,0.001630,0.106986,0.072969,0.000020,0.000092,0.000501,-0.003748,-0.035340,-0.005319,0.035934,1.062358,10.017331,1.507609,10.017331,94.456798,14.215756,1.507609,14.215756,2.139472,-0.000000,0.000000,97.658628,-0.003748,-0.035340,-0.005319,0.035934,1.076474,10.150436,1.527641,10.150436,95.711897,14.404648,1.527641,14.404648,2.167901,-0.000000,0.000000,98.956271,0.016345,0.102828,0.056201,0.015514,0.100794,0.053406,0.000831,0.002034,0.002795,-0.024533,-0.281620,-0.009145,0.282834,0.797760,9.157827,0.297385,9.157827,105.126592,3.413814,0.297385,3.413814,0.110858,-0.000000,0.000000,106.035210,-0.024533,-0.281620,-0.009145,0.282834,0.851894,9.779248,0.317565,9.779248,112.260152,3.645465,0.317565,3.645465,0.118381,0.000000,0.000000,113.230426,0.030387,0.090197,0.058017,0.030443,0.089955,0.058127,-0.000056,0.000242,-0.000110,-0.000019,-0.001211,-0.000351,0.001261,0.019807,1.256903,0.363940,1.256903,79.761067,23.095044,0.363940,23.095044,6.687236,-0.000000,0.000000,86.468109,-0.000019,-0.001211,-0.000351,0.001261,0.019691,1.249545,0.361809,1.249545,79.294152,22.959847,0.361809,22.959847,6.648089,-0.000000,0.000000,85.961932
2.5696,post_ramp,0.518,100.0000,4.215379,-1.346835,-1.291612,-0.073631,-0.075165,1.165825,-1.998777,0.977146,-2.699806,1.371379,-2.458971,1.412796,-1.965029,0.004726,-0.245816,0.000000,0.023981,0.038824,0.023981,0.023981,0.023981,0.023981,0.007278,0.044498,0.023981,0.023981,1.565891,-0.762647,1.067448,0.063805,0.002506,0.000000,-0.002506,-0.003758,0.708822,0.916870,0.916870,0.594105,1.197784,1.197784,0.833798,1.127968,1.127968,0.858980,1.016044,1.016044,-0.006403,0.087795,-0.013915,0.003613,0.061050,-0.009209,-0.010017,0.026745,-0.004706,0.331454,-0.561949,0.790652,1.025075,12.569388,-21.310173,29.983048,-21.310173,36.129320,-50.833335,29.983048,-50.833335,71.521632,-0.000000,0.000000,120.220340,0.331454,-0.561949,0.790652,1.025075,9.056119,-15.353767,21.602487,-15.353767,26.030814,-36.624910,21.602487,-36.624910,51.530622,-0.000000,0.000000,86.617555,-0.017084,0.115269,0.077039,-0.016418,0.114029,0.072616,-0.000667,0.001240,0.004423,-0.027705,-0.312662,-0.224599,0.385966,0.539721,6.090939,4.375385,6.090939,68.738381,49.377755,4.375385,49.377755,35.470179,-0.000000,0.000000,104.748281,-0.027705,-0.312662,-0.224599,0.385966,0.568529,6.416045,4.608923,6.416045,72.407323,52.013315,4.608923,52.013315,37.363416,-0.000000,0.000000,110.339268,0.001650,0.107078,0.073470,0.001630,0.106986,0.072969,0.000020,0.000092,0.000501,-0.003748,-0.035340,-0.005319,0.035934,1.062358,10.017331,1.507609,10.017331,94.456798,14.215756,1.507609,14.215756,2.139472,-0.000000,0.000000,97.658628,-0.003748,-0.035340,-0.005319,0.035934,1.076474,10.150436,1.527641,10.150436,95.711897,14.404648,1.527641,14.404648,2.167901,-0.000000,0.000000,98.956271,0.016315,0.102787,0.056093,0.015514,0.100794,0.053406,0.000801,0.001993,0.002687,-0.023603,-0.272471,-0.008355,0.273619,0.789037,9.108518,0.279294,9.108518,105.147310,3.224130,0.279294,3.224130,0.098861,-0.000000,-0.000000,106.035208,-0.023603,-0.272471,-0.008355,0.273619,0.840497,9.702565,0.297510,9.702565,112.004893,3.434404,0.297510,3.434404,0.105309,-0.000000,0.000000,112.950699,0.030387,0.090197,0.058017,0.030443,0.089955,0.058127,-0.000056,0.000242,-0.000110,-0.000019,-0.001210,-0.000350,0.001260,0.019807,1.256903,0.363940,1.256903,79.761066,23.095044,0.363940,23.095044,6.687236,-0.000000,0.000000,86.468109,-0.000019,-0.001210,-0.000350,0.001260,0.019691,1.249545,0.361809,1.249545,79.294147,22.959846,0.361809,22.959846,6.648089,-0.000000,0.000000,85.961926
2.5878,post_ramp,0.518,100.0000,4.216913,-1.349903,-1.291612,-0.073631,-0.076699,1.165825,-1.998777,0.977146,-2.699806,1.375981,-2.458971,1.412796,-1.965029,0.009010,-0.227208,0.000000,0.023981,0.022640,0.023981,0.023981,0.023981,0.023981,0.069097,0.039622,0.023981,0.023981,1.566461,-0.764385,1.067448,0.063805,0.002557,0.000000,-0.002557,-0.003835,0.708822,0.916870,0.916870,0.594105,1.197784,1.197784,0.836596,1.127968,1.127968,0.858980,1.016044,1.016044,-0.006347,0.087731,-0.013996,0.003613,0.061050,-0.009209,-0.009960,0.026681,-0.004787,0.331241,-0.561645,0.792569,1.026320,12.521544,-21.231263,29.960613,-21.231263,35.999277,-50.800577,29.960613,-50.800577,71.687513,-0.000000,0.000000,120.208334,0.331241,-0.561645,0.792569,1.026320,9.028465,-15.308473,21.602636,-15.308473,25.956721,-36.628969,21.602636,-36.628969,51.689171,-0.000000,0.000000,86.674357,-0.017083,0.115269,0.077039,-0.016418,0.114029,0.072616,-0.000665,0.001240,0.004423,-0.027720,-0.312650,-0.224593,0.385954,0.540330,6.094335,4.377871,6.094335,68.737485,49.377633,4.377871,49.377633,35.470466,-0.000000,0.000000,104.748281,-0.027720,-0.312650,-0.224593,0.385954,0.569169,6.419613,4.611535,6.419613,72.406267,52.013106,4.611535,52.013106,37.363661,-0.000000,0.000000,110.339097,0.001650,0.107078,0.073470,0.001630,0.106986,0.072969,0.000020,0.000092,0.000501,-0.003748,-0.035340,-0.005319,0.035934,1.062358,10.017331,1.507609,10.017331,94.456798,14.215756,1.507609,14.215756,2.139472,-0.000000,0.000000,97.658628,-0.003748,-0.035340,-0.005319,0.035934,1.076474,10.150436,1.527641,10.150436,95.711897,14.404648,1.527641,14.404648,2.167901,-0.000000,0.000000,98.956271,0.016269,0.102724,0.055931,0.015514,0.100794,0.053406,0.000755,0.001930,0.002525,-0.022219,-0.258731,-0.007233,0.259784,0.775693,9.032462,0.252502,9.032462,105.177318,2.940222,0.252502,2.940222,0.082194,-0.000000,0.000000,106.035205,-0.022219,-0.258731,-0.007233,0.259784,0.823205,9.585707,0.267968,9.585707,111.619507,3.120313,0.267968,3.120313,0.087228,-0.000000,0.000000,112.529941,0.030386,0.090197,0.058017,0.030443,0.089955,0.058127,-0.000057,0.000241,-0.000110,-0.000018,-0.001164,-0.000337,0.001212,0.019708,1.253758,0.363053,1.253758,79.760362,23.096329,0.363053,23.096329,6.688039,-0.000000,0.000000,86.468109,-0.000018,-0.001164,-0.000337,0.001212,0.019592,1.246398,0.360921,1.246398,79.292132,22.960743,0.360921,22.960743,6.648777,-0.000000,-0.000000,85.960501
2.6060,post_ramp,0.518,100.0000,4.215379,-1.351437,-1.291612,-0.073631,-0.076699,1.165825,-1.998777,0.977146,-2.699806,1.385185,-2.458971,1.412796,-1.965029,0.016025,-0.192448,0.000000,0.023981,0.000795,0.023981,0.023981,0.023981,0.023981,0.180606,0.032293,0.023981,0.023981,1.565891,-0.765253,1.067448,0.063805,0.002557,0.000000,-0.002557,-0.003835,0.708822,0.916870,0.916870,0.594105,1.197784,1.197784,0.842192,1.127968,1.127968,0.858980,1.016044,1.016044,-0.006376,0.087715,-0.014050,0.003613,0.061050,-0.009209,-0.009989,0.026665,-0.004841,0.332837,-0.562986,0.796240,1.030404,12.541858,-21.214252,30.003634,-21.214252,35.883398,-50.750427,30.003634,-50.750427,71.777090,-0.000000,0.000000,120.202346,0.332837,-0.562986,0.796240,1.030404,9.047599,-15.303796,21.644389,-15.303796,25.886004,-36.610963,21.644389,-36.610963,51.779434,-0.000000,0.000000,86.713037,-0.017083,0.115269,0.077039,-0.016418,0.114029,0.072616,-0.000665,0.001240,0.004423,-0.027720,-0.312650,-0.224593,0.385954,0.540330,6.094335,4.377871,6.094335,68.737485,49.377633,4.377871,49.377633,35.470466,-0.000000,0.000000,104.748281,-0.027720,-0.312650,-0.224593,0.385954,0.569169,6.419613,4.611535,6.419613,72.406268,52.013106,4.611535,52.013106,37.363661,-0.000000,0.000000,110.339098,0.001650,0.107078,0.073470,0.001630,0.106986,0.072969,0.000020,0.000092,0.000501,-0.003748,-0.035340,-0.005319,0.035934,1.062358,10.017331,1.507609,10.017331,94.456798,14.215756,1.507609,14.215756,2.139472,-0.000000,0.000000,97.658628,-0.003748,-0.035340,-0.005319,0.035934,1.076474,10.150436,1.527641,10.150436,95.711897,14.404648,1.527641,14.404648,2.167901,-0.000000,0.000000,98.956271,0.016178,0.102598,0.055607,0.015514,0.100794,0.053406,0.000664,0.001803,0.002201,-0.019526,-0.231294,-0.005210,0.232176,0.750006,8.883946,0.200127,8.883946,105.231792,2.370538,0.200127,2.370538,0.053401,0.000000,0.000000,106.035199,-0.019526,-0.231294,-0.005210,0.232176,0.789985,9.357505,0.210795,9.357505,110.841182,2.496899,0.210795,2.496899,0.056247,-0.000000,0.000000,111.687414,0.030386,0.090197,0.058017,0.030443,0.089955,0.058127,-0.000057,0.000241,-0.000110,-0.000018,-0.001162,-0.000337,0.001210,0.019708,1.253758,0.363053,1.253758,79.760362,23.096329,0.363053,23.096329,6.688039,0.000000,0.000000,86.468109,-0.000018,-0.001162,-0.000337,0.001210,0.019592,1.246398,0.360921,1.246398,79.292115,22.960738,0.360921,22.960738,6.648776,-0.000000,0.000000,85.960483
2.6242,post_ramp,0.518,100.0000,4.216913,-1.352971,-1.291612,-0.073631,-0.078233,1.165825,-1.998777,0.977146,-2.699806,1.389787,-2.458971,1.412796,-1.965029,0.012330,-0.143711,0.000000,0.023981,-0.000993,0.023981,0.023981,0.023981,0.023981,0.294423,0.028398,0.023981,0.023981,1.566461,-0.766122,1.067448,0.063805,0.002608,0.000000,-0.002608,-0.003912,0.708822,0.916870,0.916870,0.594105,1.197784,1.197784,0.844990,1.127968,1.127968,0.858980,1.016044,1.016044,-0.006328,0.087677,-0.014086,0.003613,0.061050,-0.009209,-0.009942,0.026627,-0.004877,0.332164,-0.562337,0.796302,1.029880,12.503290,-21.167432,29.974283,-21.167432,35.835381,-50.744930,29.974283,-50.744930,71.857696,0.000000,0.000000,120.196367,0.332164,-0.562337,0.796302,1.029880,9.022840,-15.275207,21.630559,-15.275207,25.860146,-36.619432,21.630559,-36.619432,51.855191,-0.000000,-0.000000,86.738177,-0.017082,0.115269,0.077039,-0.016418,0.114029,0.072616,-0.000664,0.001240,0.004423,-0.027735,-0.312638,-0.224586,0.385941,0.540939,6.097732,4.380357,6.097732,68.736588,49.377511,4.380357,49.377511,35.470753,-0.000000,0.000000,104.748281,-0.027735,-0.312638,-0.224586,0.385941,0.569811,6.423181,4.614147,6.423181,72.405211,52.012897,4.614147,52.012897,37.363905,-0.000000,0.000000,110.338927,0.001650,0.107078,0.073470,0.001630,0.106986,0.072969,0.000020,0.000092,0.000501,-0.003748,-0.035340,-0.005319,0.035934,1.062358,10.017331,1.507609,10.017331,94.456798,14.215756,1.507609,14.215756,2.139472,-0.000000,0.000000,97.658628,-0.003748,-0.035340,-0.005319,0.035934,1.076474,10.150436,1.527641,10.150436,95.711897,14.404648,1.527641,14.404648,2.167901,-0.000000,0.000000,98.956271,0.016132,0.102534,0.055446,0.015514,0.100794,0.053406,0.000618,0.001739,0.002039,-0.018205,-0.217563,-0.004312,0.218366,0.736988,8.807553,0.174570,8.807553,105.256858,2.086243,0.174570,2.086243,0.041350,0.000000,0.000000,106.035196,-0.018205,-0.217563,-0.004312,0.218366,0.773333,9.241913,0.183179,9.241913,110.447790,2.189130,0.183179,2.189130,0.043390,-0.000000,0.000000,111.264513,0.030385,0.090196,0.058017,0.030443,0.089955,0.058127,-0.000058,0.000241,-0.000110,-0.000017,-0.001116,-0.000323,0.001161,0.019609,1.250613,0.362165,1.250613,79.759657,23.097614,0.362165,23.097614,6.688843,-0.000000,0.000000,86.468109,-0.000017,-0.001116,-0.000323,0.001161,0.019494,1.243250,0.360033,1.243250,79.290100,22.961635,0.360033,22.961635,6.649464,-0.000000,0.000000,85.959058
2.6424,post_ramp,0.518,100.0000,4.215379,-1.352971,-1.291612,-0.073631,-0.076699,1.165825,-1.998777,0.977146,-2.699806,1.388253,-2.458971,1.412796,-1.965029,0.014800,-0.088202,0.000000,0.023981,-0.001944,0.023981,0.023981,0.023981,0.023981,0.291278,0.026329,0.023981,0.023981,1.565891,-0.766122,1.067448,0.063805,0.002557,0.000000,-0.002557,-0.003835,0.708822,0.916870,0.916870,0.594105,1.197784,1.197784,0.844058,1.127968,1.127968,0.858980,1.016044,1.016044,-0.006366,0.087689,-0.014095,0.003613,0.061050,-0.009209,-0.009980,0.026639,-0.004886,0.333299,-0.563329,0.798107,1.032183,12.532703,-21.182298,30.010448,-21.182298,35.801513,-50.722517,30.010448,-50.722517,71.862151,-0.000000,0.000000,120.196367,0.333299,-0.563329,0.798107,1.032183,9.044770,-15.287126,21.658345,-15.287126,25.837718,-36.606110,21.658345,-36.606110,51.862446,-0.000000,0.000000,86.744935,-0.017083,0.115269,0.077039,-0.016418,0.114029,0.072616,-0.000665,0.001240,0.004423,-0.027720,-0.312650,-0.224593,0.385954,0.540330,6.094335,4.377871,6.094335,68.737485,49.377633,4.377871,49.377633,35.470466,-0.000000,0.000000,104.748281,-0.027720,-0.312650,-0.224593,0.385954,0.569169,6.419613,4.611535,6.419613,72.406268,52.013106,4.611535,52.013106,37.363661,-0.000000,0.000000,110.339098,0.001650,0.107078,0.073470,0.001630,0.106986,0.072969,0.000020,0.000092,0.000501,-0.003748,-0.035340,-0.005319,0.035934,1.062358,10.017331,1.507609,10.017331,94.456798,14.215756,1.507609,14.215756,2.139472,-0.000000,0.000000,97.658628,-0.003748,-0.035340,-0.005319,0.035934,1.076474,10.150436,1.527641,10.150436,95.711897,14.404648,1.527641,14.404648,2.167901,-0.000000,0.000000,98.956271,0.016147,0.102555,0.055500,0.015514,0.100794,0.053406,0.000633,0.001761,0.002093,-0.018647,-0.222151,-0.004603,0.222980,0.741534,8.834327,0.183030,8.834327,105.248487,2.180537,0.183030,2.180537,0.045176,-0.000000,0.000000,106.035197,-0.018647,-0.222151,-0.004603,0.222980,0.779093,9.281790,0.192300,9.281790,110.579382,2.290983,0.192300,2.290983,0.047465,-0.000000,0.000000,111.405940,0.030386,0.090197,0.058017,0.030443,0.089955,0.058127,-0.000057,0.000241,-0.000110,-0.000018,-0.001162,-0.000336,0.001210,0.019708,1.253758,0.363053,1.253758,79.760362,23.096329,0.363053,23.096329,6.688039,-0.000000,0.000000,86.468109,-0.000018,-0.001162,-0.000336,0.001210,0.019592,1.246398,0.360921,1.246398,79.292109,22.960737,0.360921,22.960737,6.648775,-0.000000,0.000000,85.960477
2.6606,post_ramp,0.518,100.0000,4.216913,-1.352971,-1.291612,-0.073631,-0.073631,1.165825,-1.998777,0.977146,-2.699806,1.386719,-2.458971,1.412796,-1.965029,0.016943,-0.042318,0.000000,0.023981,0.020667,0.023981,0.023981,0.023981,0.023981,0.171211,0.025228,0.023981,0.023981,1.566461,-0.766122,1.067448,0.063805,0.002454,0.000000,-0.002454,-0.003682,0.708822,0.916870,0.916870,0.594105,1.197784,1.197784,0.843125,1.127968,1.127968,0.858980,1.016044,1.016044,-0.006328,0.087677,-0.014086,0.003613,0.061050,-0.009209,-0.009942,0.026627,-0.004877,0.332164,-0.562337,0.796302,1.029880,12.503290,-21.167432,29.974283,-21.167432,35.835381,-50.744930,29.974283,-50.744930,71.857696,0.000000,0.000000,120.196367,0.332164,-0.562337,0.796302,1.029880,9.022840,-15.275207,21.630559,-15.275207,25.860146,-36.619432,21.630559,-36.619432,51.855191,-0.000000,-0.000000,86.738177,-0.017086,0.115269,0.077039,-0.016418,0.114029,0.072616,-0.000668,0.001240,0.004423,-0.027690,-0.312675,-0.224605,0.385979,0.539112,6.087542,4.372899,6.087542,68.739278,49.377877,4.372899,49.377877,35.469891,-0.000000,0.000000,104.748281,-0.027690,-0.312675,-0.224605,0.385979,0.567888,6.412477,4.606311,6.412477,72.408380,52.013524,4.606311,52.013524,37.363171,-0.000000,0.000000,110.339439,0.001650,0.107078,0.073470,0.001630,0.106986,0.072969,0.000020,0.000092,0.000501,-0.003748,-0.035340,-0.005319,0.035934,1.062358,10.017331,1.507609,10.017331,94.456798,14.215756,1.507609,14.215756,2.139472,-0.000000,0.000000,97.658628,-0.003748,-0.035340,-0.005319,0.035934,1.076474,10.150436,1.527641,10.150436,95.711897,14.404648,1.527641,14.404648,2.167901,-0.000000,0.000000,98.956271,0.016163,0.102577,0.055554,0.015514,0.100794,0.053406,0.000649,0.001782,0.002147,-0.019097,-0.226758,-0.004900,0.227613,0.746426,8.863047,0.191519,8.863047,105.239632,2.274090,0.191519,2.274090,0.049140,-0.000000,-0.000000,106.035198,-0.019097,-0.226758,-0.004900,0.227613,0.785232,9.323828,0.201476,9.323828,110.710933,2.392318,0.201476,2.392318,0.051695,-0.000000,0.000000,111.547860,0.030388,0.090197,0.058017,0.030443,0.089955,0.058127,-0.000055,0.000242,-0.000110,-0.000020,-0.001254,-0.000363,0.001306,0.019906,1.260048,0.364827,1.260048,79.761771,23.093758,0.364827,23.093758,6.686432,-0.000000,0.000000,86.468109,-0.000020,-0.001254,-0.000363,0.001306,0.019790,1.252692,0.362697,1.252692,79.296126,22.958938,0.362697,22.958938,6.647397,0.000000,0.000000,85.963312
2.6787,post_ramp,0.518,100.0000,4.216913,-1.352971,-1.291612,-0.073631,-0.070563,1.165825,-1.998777,0.977146,-2.699806,1.383651,-2.458971,1.412796,-1.965029,0.018457,-0.014228,0.000000,0.023981,0.087641,0.023981,0.023981,0.023981,0.023981,0.034987,0.024578,0.023981,0.023981,1.566461,-0.766122,1.067448,0.063805,0.002352,0.000000,-0.002352,-0.003528,0.708822,0.916870,0.916870,0.594105,1.197784,1.197784,0.841260,1.127968,1.127968,0.858980,1.016044,1.016044,-0.006328,0.087677,-0.014086,0.003613,0.061050,-0.009209,-0.009942,0.026627,-0.004877,0.332164,-0.562337,0.796302,1.029880,12.503290,-21.167432,29.974283,-21.167432,35.835381,-50.744930,29.974283,-50.744930,71.857696,0.000000,0.000000,120.196367,0.332164,-0.562337,0.796302,1.029880,9.022840,-15.275207,21.630559,-15.275207,25.860146,-36.619432,21.630559,-36.619432,51.855191,-0.000000,-0.000000,86.738177,-0.017089,0.115269,0.077039,-0.016418,0.114029,0.072616,-0.000671,0.001241,0.004423,-0.027661,-0.312699,-0.224618,0.386004,0.537895,6.080748,4.367926,6.080748,68.741070,49.378120,4.367926,49.378120,35.469316,-0.000000,0.000000,104.748281,-0.027661,-0.312699,-0.224618,0.386004,0.566608,6.405341,4.601088,6.405341,72.410492,52.013941,4.601088,52.013941,37.362680,0.000000,0.000000,110.339780,0.001650,0.107078,0.073470,0.001630,0.106986,0.072969,0.000020,0.000092,0.000501,-0.003748,-0.035340,-0.005319,0.035934,1.062358,10.017331,1.507609,10.017331,94.456798,14.215756,1.507609,14.215756,2.139472,-0.000000,0.000000,97.658628,-0.003748,-0.035340,-0.005319,0.035934,1.076474,10.150436,1.527641,10.150436,95.711897,14.404648,1.527641,14.404648,2.167901,-0.000000,0.000000,98.956271,0.016195,0.102619,0.055662,0.015514,0.100794,0.053406,0.000681,0.001825,0.002255,-0.019993,-0.235937,-0.005522,0.236847,0.755596,8.916577,0.208682,8.916577,105.221969,2.462600,0.208682,2.462600,0.057634,-0.000000,-0.000000,106.035200,-0.019993,-0.235937,-0.005522,0.236847,0.796892,9.403892,0.220087,9.403892,110.972642,2.597188,0.220087,2.597188,0.060784,-0.000000,0.000000,111.830318,0.030390,0.090198,0.058018,0.030443,0.089955,0.058127,-0.000053,0.000242,-0.000109,-0.000021,-0.001347,-0.000390,0.001402,0.020105,1.266337,0.366601,1.266337,79.763180,23.091185,0.366601,23.091185,6.684824,-0.000000,0.000000,86.468109,-0.000021,-0.001347,-0.000390,0.001402,0.019988,1.258986,0.364472,1.258986,79.300144,22.957138,0.364472,22.957138,6.646018,-0.000000,0.000000,85.966150
2.6969,post_ramp,0.518,100.0000,4.215379,-1.351437,-1.291612,-0.073631,-0.069029,1.165825,-1.998777,0.977146,-2.699806,1.380583,-2.458971,1.412796,-1.965029,0.015325,-0.001063,0.000000,0.023981,0.129969,0.023981,0.023981,0.023981,0.023981,-0.051966,0.024298,0.023981,0.023981,1.565891,-0.765253,1.067448,0.063805,0.002301,0.000000,-0.002301,-0.003451,0.708822,0.916870,0.916870,0.594105,1.197784,1.197784,0.839394,1.127968,1.127968,0.858980,1.016044,1.016044,-0.006376,0.087715,-0.014050,0.003613,0.061050,-0.009209,-0.009989,0.026665,-0.004841,0.332837,-0.562986,0.796240,1.030404,12.541858,-21.214252,30.003634,-21.214252,35.883398,-50.750427,30.003634,-50.750427,71.777090,-0.000000,0.000000,120.202346,0.332837,-0.562986,0.796240,1.030404,9.047599,-15.303796,21.644389,-15.303796,25.886004,-36.610963,21.644389,-36.610963,51.779434,-0.000000,0.000000,86.713037,-0.017090,0.115270,0.077038,-0.016418,0.114029,0.072616,-0.000672,0.001241,0.004423,-0.027646,-0.312712,-0.224625,0.386017,0.537288,6.077352,4.365440,6.077352,68.741966,49.378241,4.365440,49.378241,35.469027,-0.000000,0.000000,104.748281,-0.027646,-0.312712,-0.224625,0.386017,0.565969,6.401773,4.598476,6.401773,72.411548,52.014149,4.598476,52.014149,37.362434,-0.000000,0.000000,110.339951,0.001650,0.107078,0.073470,0.001630,0.106986,0.072969,0.000020,0.000092,0.000501,-0.003748,-0.035340,-0.005319,0.035934,1.062358,10.017331,1.507609,10.017331,94.456798,14.215756,1.507609,14.215756,2.139472,-0.000000,0.000000,97.658628,-0.003748,-0.035340,-0.005319,0.035934,1.076474,10.150436,1.527641,10.150436,95.711897,14.404648,1.527641,14.404648,2.167901,-0.000000,0.000000,98.956271,0.016226,0.102662,0.055770,0.015514,0.100794,0.053406,0.000712,0.001867,0.002363,-0.020893,-0.245099,-0.006178,0.246066,0.764488,8.968115,0.226051,8.968115,105.203873,2.651780,0.226051,2.651780,0.066841,-0.000000,0.000000,106.035202,-0.020893,-0.245099,-0.006178,0.246066,0.808299,9.482061,0.239006,9.482061,111.232916,2.803749,0.239006,2.803749,0.070672,-0.000000,0.000000,112.111887,0.030391,0.090198,0.058018,0.030443,0.089955,0.058127,-0.000052,0.000243,-0.000109,-0.000022,-0.001393,-0.000403,0.001451,0.020204,1.269482,0.367487,1.269482,79.763884,23.089899,0.367487,23.089899,6.684020,-0.000000,0.000000,86.468109,-0.000022,-0.001393,-0.000403,0.001451,0.020087,1.262133,0.365360,1.262133,79.302156,22.956239,0.365360,22.956239,6.645329,0.000000,0.000000,85.967573
2.7151,post_ramp,0.518,100.0000,4.215379,-1.345301,-1.291612,-0.073631,-0.070563,1.165825,-1.998777,0.977146,-2.699806,1.375981,-2.458971,1.412796,-1.965029,0.004823,0.048165,0.000000,0.023981,0.110448,0.023981,0.023981,0.023981,0.023981,-0.114519,0.024149,0.023981,0.023981,1.565891,-0.761779,1.067448,0.063805,0.002352,0.000000,-0.002352,-0.003528,0.708822,0.916870,0.916870,0.594105,1.197784,1.197784,0.836596,1.127968,1.127968,0.858980,1.016044,1.016044,-0.006413,0.087822,-0.013869,0.003613,0.061050,-0.009209,-0.010026,0.026772,-0.004660,0.330994,-0.561599,0.788794,1.023302,12.578587,-21.342165,29.976138,-21.342165,36.211382,-50.860695,29.976138,-50.860695,71.436389,-0.000000,0.000000,120.226357,0.330994,-0.561599,0.788794,1.023302,9.058970,-15.370410,21.588509,-15.370410,26.079068,-36.629354,21.588509,-36.629354,51.447758,-0.000000,0.000000,86.585796,-0.017089,0.115269,0.077039,-0.016418,0.114029,0.072616,-0.000671,0.001241,0.004423,-0.027661,-0.312699,-0.224618,0.386004,0.537895,6.080748,4.367926,6.080748,68.741070,49.378120,4.367926,49.378120,35.469316,-0.000000,0.000000,104.748281,-0.027661,-0.312699,-0.224618,0.386004,0.566608,6.405341,4.601088,6.405341,72.410492,52.013941,4.601088,52.013941,37.362680,-0.000000,0.000000,110.339780,0.001650,0.107078,0.073470,0.001630,0.106986,0.072969,0.000020,0.000092,0.000501,-0.003748,-0.035340,-0.005319,0.035934,1.062358,10.017331,1.507609,10.017331,94.456798,14.215756,1.507609,14.215756,2.139472,-0.000000,0.000000,97.658628,-0.003748,-0.035340,-0.005319,0.035934,1.076474,10.150436,1.527641,10.150436,95.711897,14.404648,1.527641,14.404648,2.167901,-0.000000,0.000000,98.956271,0.016271,0.102725,0.055931,0.015514,0.100794,0.053406,0.000757,0.001930,0.002525,-0.022245,-0.258801,-0.007228,0.259856,0.777065,9.040391,0.252473,9.040391,105.176110,2.937277,0.252473,2.937277,0.082030,-0.000000,0.000000,106.035205,-0.022245,-0.258801,-0.007228,0.259856,0.824677,9.594316,0.267943,9.594316,111.620486,3.117251,0.267943,3.117251,0.087056,-0.000000,-0.000000,112.532219,0.030390,0.090198,0.058018,0.030443,0.089955,0.058127,-0.000053,0.000242,-0.000109,-0.000021,-0.001348,-0.000390,0.001403,0.020105,1.266337,0.366601,1.266337,79.763180,23.091186,0.366601,23.091186,6.684824,-0.000000,0.000000,86.468109,-0.000021,-0.001348,-0.000390,0.001403,0.019988,1.258986,0.364473,1.258986,79.300158,22.957142,0.364473,22.957142,6.646019,-0.000000,0.000000,85.966165
2.7333,post_ramp,0.518,100.0000,4.216913,-1.331495,-1.291612,-0.073631,-0.072097,1.165825,-1.998777,0.977146,-2.699806,1.372913,-2.458971,1.412796,-1.965029,0.013800,0.192164,0.011236,0.023981,0.037821,0.023981,0.023981,0.023981,0.023981,-0.150751,0.024070,0.023981,0.023981,1.566461,-0.753961,1.067448,0.063805,0.002403,0.000000,-0.002403,-0.003605,0.708822,0.916870,0.916870,0.594105,1.197784,1.197784,0.834731,1.127968,1.127968,0.858980,1.016044,1.016044,-0.006458,0.088048,-0.013452,0.003613,0.061050,-0.009209,-0.010071,0.026998,-0.004243,0.325718,-0.557348,0.770373,1.005089,12.631977,-21.615047,29.876562,-21.615047,36.986315,-51.122901,29.876562,-51.122901,70.662650,-0.000000,0.000000,120.280941,0.325718,-0.557348,0.770373,1.005089,9.062683,-15.507496,21.434636,-15.507496,26.535455,-36.677605,21.434636,-36.677605,50.696199,-0.000000,0.000000,86.294338,-0.017087,0.115269,0.077039,-0.016418,0.114029,0.072616,-0.000670,0.001240,0.004423,-0.027676,-0.312687,-0.224612,0.385992,0.538503,6.084145,4.370412,6.084145,68.740174,49.377998,4.370412,49.377998,35.469604,-0.000000,0.000000,104.748281,-0.027676,-0.312687,-0.224612,0.385992,0.567248,6.408909,4.603699,6.408909,72.409436,52.013732,4.603699,52.013732,37.362925,-0.000000,0.000000,110.339609,0.001650,0.107078,0.073470,0.001630,0.106986,0.072969,0.000020,0.000092,0.000501,-0.003748,-0.035340,-0.005319,0.035934,1.062358,10.017331,1.507609,10.017331,94.456798,14.215756,1.507609,14.215756,2.139472,-0.000000,0.000000,97.658628,-0.003748,-0.035340,-0.005319,0.035934,1.076474,10.150436,1.527641,10.150436,95.711897,14.404648,1.527641,14.404648,2.167901,-0.000000,0.000000,98.956271,0.016301,0.102766,0.056039,0.015514,0.100794,0.053406,0.000787,0.001972,0.002633,-0.023155,-0.267931,-0.007969,0.269048,0.785385,9.087823,0.270308,9.087823,105.156789,3.127786,0.270308,3.127786,0.093033,-0.000000,0.000000,106.035207,-0.023155,-0.267931,-0.007969,0.269048,0.835578,9.668621,0.287584,9.668621,111.877298,3.327681,0.287584,3.327681,0.098979,-0.000000,0.000000,112.811854,0.030389,0.090197,0.058018,0.030443,0.089955,0.058127,-0.000054,0.000242,-0.000110,-0.000021,-0.001302,-0.000377,0.001356,0.020005,1.263193,0.365714,1.263193,79.762475,23.092472,0.365714,23.092472,6.685628,-0.000000,0.000000,86.468109,-0.000021,-0.001302,-0.000377,0.001356,0.019889,1.255839,0.363585,1.255839,79.298157,22.958044,0.363585,22.958044,6.646709,-0.000000,0.000000,85.964755
2.7514,post_ramp,0.518,100.0000,4.215379,-1.317689,-1.291612,-0.073631,-0.075165,1.165825,-1.998777,0.977146,-2.699806,1.368311,-2.458971,1.412796,-1.965029,0.017745,0.422778,0.017208,0.023981,-0.024846,0.023981,0.023981,0.023981,0.023981,-0.176506,0.024028,0.023981,0.023981,1.565891,-0.746144,1.067448,0.063805,0.002506,0.000000,-0.002506,-0.003758,0.708822,0.916870,0.916870,0.594105,1.197784,1.197784,0.831933,1.127968,1.127968,0.858980,1.016044,1.016044,-0.006579,0.088293,-0.013051,0.003613,0.061050,-0.009209,-0.010192,0.027243,-0.003842,0.322736,-0.555017,0.755756,0.991650,12.746020,-21.919637,29.847562,-21.919637,37.695725,-51.329568,29.847562,-51.329568,69.894518,-0.000000,0.000000,120.336263,0.322736,-0.555017,0.755756,0.991650,9.111237,-15.668813,21.335931,-15.668813,26.946033,-36.691912,21.335931,-36.691912,49.962695,-0.000000,0.000000,86.019965,-0.017084,0.115269,0.077039,-0.016418,0.114029,0.072616,-0.000667,0.001240,0.004423,-0.027705,-0.312662,-0.224599,0.385966,0.539721,6.090939,4.375385,6.090939,68.738381,49.377755,4.375385,49.377755,35.470179,-0.000000,0.000000,104.748281,-0.027705,-0.312662,-0.224599,0.385966,0.568529,6.416045,4.608923,6.416045,72.407323,52.013315,4.608923,52.013315,37.363416,-0.000000,0.000000,110.339268,0.001650,0.107078,0.073470,0.001630,0.106986,0.072969,0.000020,0.000092,0.000501,-0.003748,-0.035340,-0.005319,0.035934,1.062358,10.017331,1.507609,10.017331,94.456798,14.215756,1.507609,14.215756,2.139472,-0.000000,0.000000,97.658628,-0.003748,-0.035340,-0.005319,0.035934,1.076474,10.150436,1.527641,10.150436,95.711897,14.404648,1.527641,14.404648,2.167901,-0.000000,0.000000,98.956271,0.016345,0.102828,0.056201,0.015514,0.100794,0.053406,0.000831,0.002034,0.002795,-0.024533,-0.281620,-0.009145,0.282834,0.797760,9.157827,0.297385,9.157827,105.126592,3.413814,0.297385,3.413814,0.110858,-0.000000,0.000000,106.035210,-0.024533,-0.281620,-0.009145,0.282834,0.851894,9.779248,0.317565,9.779248,112.260152,3.645465,0.317565,3.645465,0.118381,0.000000,0.000000,113.230426,0.030387,0.090197,0.058017,0.030443,0.089955,0.058127,-0.000056,0.000242,-0.000110,-0.000019,-0.001211,-0.000351,0.001261,0.019807,1.256903,0.363940,1.256903,79.761067,23.095044,0.363940,23.095044,6.687236,-0.000000,0.000000,86.468109,-0.000019,-0.001211,-0.000351,0.001261,0.019691,1.249545,0.361809,1.249545,79.294152,22.959847,0.361809,22.959847,6.648089,-0.000000,0.000000,85.961932
2.7696,post_ramp,0.518,100.0000,4.216913,-1.310020,-1.291612,-0.073631,-0.076699,1.165825,-1.998777,0.977146,-2.699806,1.363709,-2.458971,1.412796,-1.965029,0.013771,0.571386,0.020381,0.023981,-0.059566,0.023981,0.023981,0.023981,0.023981,-0.197328,0.024006,0.023981,0.023981,1.566461,-0.741800,1.067448,0.063805,0.002557,0.000000,-0.002557,-0.003835,0.708822,0.916870,0.916870,0.594105,1.197784,1.197784,0.829135,1.127968,1.127968,0.858980,1.016044,1.016044,-0.006587,0.088410,-0.012813,0.003613,0.061050,-0.009209,-0.010200,0.027360,-0.003604,0.319308,-0.552024,0.744906,0.980598,12.762792,-22.064483,29.774025,-22.064483,38.145370,-51.473727,29.774025,-51.473727,69.459141,-0.000000,0.000000,120.367302,0.319308,-0.552024,0.744906,0.980598,9.103606,-15.738433,21.237593,-15.738433,27.208812,-36.715831,21.237593,-36.715831,49.544694,-0.000000,0.000000,85.857111,-0.017083,0.115269,0.077039,-0.016418,0.114029,0.072616,-0.000665,0.001240,0.004423,-0.027720,-0.312650,-0.224592,0.385954,0.540330,6.094335,4.377871,6.094335,68.737485,49.377633,4.377871,49.377633,35.470466,-0.000000,0.000000,104.748281,-0.027720,-0.312650,-0.224592,0.385954,0.569169,6.419613,4.611535,6.419613,72.406267,52.013106,4.611535,52.013106,37.363660,-0.000000,0.000000,110.339097,0.001650,0.107078,0.073470,0.001630,0.106986,0.072969,0.000020,0.000092,0.000501,-0.003748,-0.035340,-0.005319,0.035934,1.062358,10.017331,1.507609,10.017331,94.456798,14.215756,1.507609,14.215756,2.139472,-0.000000,0.000000,97.658628,-0.003748,-0.035340,-0.005319,0.035934,1.076474,10.150436,1.527641,10.150436,95.711897,14.404648,1.527641,14.404648,2.167901,-0.000000,0.000000,98.956271,0.016390,0.102890,0.056364,0.015514,0.100794,0.053406,0.000876,0.002096,0.002957,-0.025936,-0.295327,-0.010394,0.296646,0.810572,9.229660,0.324852,9.229660,105.094449,3.698964,0.324852,3.698964,0.130191,-0.000000,0.000000,106.035212,-0.025936,-0.295327,-0.010394,0.296646,0.868773,9.892376,0.348178,9.892376,112.640534,3.964560,0.348178,3.964560,0.139539,-0.000000,0.000000,113.648846,0.030386,0.090197,0.058017,0.030443,0.089955,0.058127,-0.000057,0.000241,-0.000110,-0.000018,-0.001165,-0.000337,0.001213,0.019708,1.253758,0.363053,1.253758,79.760362,23.096329,0.363053,23.096329,6.688039,0.000000,0.000000,86.468109,-0.000018,-0.001165,-0.000337,0.001213,0.019592,1.246398,0.360921,1.246398,79.292154,22.960750,0.360921,22.960750,6.648779,-0.000000,-0.000000,85.960525
2.7878,post_ramp,0.518,100.0000,4.215379,-1.308486,-1.291612,-0.073631,-0.078233,1.165825,-1.998777,0.977146,-2.699806,1.359107,-2.458971,1.412796,-1.965029,0.013167,0.527383,0.022068,0.023981,-0.076601,0.023981,0.023981,0.023981,0.023981,-0.217233,0.023994,0.023981,0.023981,1.565891,-0.740932,1.067448,0.063805,0.002608,0.000000,-0.002608,-0.003912,0.708822,0.916870,0.916870,0.594105,1.197784,1.197784,0.826337,1.127968,1.127968,0.858980,1.016044,1.016044,-0.006635,0.088447,-0.012777,0.003613,0.061050,-0.009209,-0.010248,0.027397,-0.003568,0.319997,-0.552701,0.744913,0.981209,12.802613,-22.112787,29.802911,-22.112787,38.193403,-51.475854,29.802911,-51.475854,69.377519,-0.000000,0.000000,120.373535,0.319997,-0.552701,0.744913,0.981209,9.129052,-15.767780,21.251313,-15.767780,27.234251,-36.705457,21.251313,-36.705457,49.470448,-0.000000,0.000000,85.833751,-0.017082,0.115269,0.077039,-0.016418,0.114029,0.072616,-0.000664,0.001240,0.004423,-0.027735,-0.312638,-0.224586,0.385941,0.540939,6.097732,4.380357,6.097732,68.736588,49.377511,4.380357,49.377511,35.470753,0.000000,0.000000,104.748281,-0.027735,-0.312638,-0.224586,0.385941,0.569811,6.423181,4.614147,6.423181,72.405211,52.012897,4.614147,52.012897,37.363905,-0.000000,0.000000,110.338927,0.001650,0.107078,0.073470,0.001630,0.106986,0.072969,0.000020,0.000092,0.000501,-0.003748,-0.035340,-0.005319,0.035934,1.062358,10.017331,1.507609,10.017331,94.456798,14.215756,1.507609,14.215756,2.139472,-0.000000,0.000000,97.658628,-0.003748,-0.035340,-0.005319,0.035934,1.076474,10.150436,1.527641,10.150436,95.711897,14.404648,1.527641,14.404648,2.167901,-0.000000,0.000000,98.956271,0.016436,0.102952,0.056526,0.015514,0.100794,0.053406,0.000921,0.002157,0.003120,-0.027360,-0.309035,-0.011719,0.310465,0.823474,9.301329,0.352712,9.301329,105.060666,3.983965,0.352712,3.983965,0.151074,-0.000000,0.000000,106.035215,-0.027360,-0.309035,-0.011719,0.310465,0.885846,10.005831,0.379427,10.005831,113.018180,4.285719,0.379427,4.285719,0.162517,-0.000000,0.000000,114.066542,0.030385,0.090196,0.058017,0.030443,0.089955,0.058127,-0.000058,0.000241,-0.000110,-0.000018,-0.001120,-0.000324,0.001166,0.019609,1.250613,0.362165,1.250613,79.759657,23.097614,0.362165,23.097614,6.688843,0.000000,0.000000,86.468109,-0.000018,-0.001120,-0.000324,0.001166,0.019494,1.243251,0.360033,1.243251,79.290156,22.961651,0.360033,22.961651,6.649469,-0.000000,0.000000,85.959119
2.8060,post_ramp,0.518,100.0000,4.216913,-1.310020,-1.291612,-0.073631,-0.079767,1.165825,-1.998777,0.977146,-2.699806,1.356039,-2.458971,1.412796,-1.965029,0.006998,0.356625,0.022964,0.023981,-0.085655,0.023981,0.023981,0.023981,0.023981,-0.227811,0.023988,0.023981,0.023981,1.566461,-0.741800,1.067448,0.063805,0.002659,0.000000,-0.002659,-0.003988,0.708822,0.916870,0.916870,0.594105,1.197784,1.197784,0.824472,1.127968,1.127968,0.858980,1.016044,1.016044,-0.006587,0.088410,-0.012813,0.003613,0.061050,-0.009209,-0.010200,0.027360,-0.003604,0.319308,-0.552024,0.744906,0.980598,12.762792,-22.064483,29.774025,-22.064483,38.145370,-51.473727,29.774025,-51.473727,69.459141,-0.000000,0.000000,120.367302,0.319308,-0.552024,0.744906,0.980598,9.103606,-15.738433,21.237593,-15.738433,27.208812,-36.715831,21.237593,-36.715831,49.544694,-0.000000,0.000000,85.857111,-0.017080,0.115268,0.077039,-0.016418,0.114029,0.072616,-0.000663,0.001240,0.004423,-0.027749,-0.312626,-0.224580,0.385928,0.541549,6.101128,4.382844,6.101128,68.735692,49.377388,4.382844,49.377388,35.471040,-0.000000,0.000000,104.748281,-0.027749,-0.312626,-0.224580,0.385928,0.570452,6.426749,4.616758,6.426749,72.404155,52.012687,4.616758,52.012687,37.364149,-0.000000,-0.000000,110.338756,0.001650,0.107078,0.073470,0.001630,0.106986,0.072969,0.000020,0.000092,0.000501,-0.003748,-0.035340,-0.005319,0.035934,1.062358,10.017331,1.507609,10.017331,94.456798,14.215756,1.507609,14.215756,2.139472,-0.000000,0.000000,97.658628,-0.003748,-0.035340,-0.005319,0.035934,1.076474,10.150436,1.527641,10.150436,95.711897,14.404648,1.527641,14.404648,2.167901,-0.000000,0.000000,98.956271,0.016465,0.102992,0.056634,0.015514,0.100794,0.053406,0.000951,0.002198,0.003228,-0.028317,-0.318169,-0.012644,0.319676,0.832003,9.348337,0.371498,9.348337,105.037335,4.174130,0.371498,4.174130,0.165878,-0.000000,0.000000,106.035216,-0.028317,-0.318169,-0.012644,0.319676,0.897201,10.080897,0.400610,10.080897,113.268337,4.501225,0.400610,4.501225,0.178876,-0.000000,0.000000,114.344415,0.030384,0.090196,0.058017,0.030443,0.089955,0.058127,-0.000059,0.000241,-0.000110,-0.000017,-0.001074,-0.000311,0.001119,0.019511,1.247468,0.361278,1.247468,79.758952,23.098899,0.361278,23.098899,6.689646,-0.000000,-0.000000,86.468109,-0.000017,-0.001074,-0.000311,0.001119,0.019396,1.240104,0.359145,1.240104,79.288155,22.962552,0.359145,22.962552,6.650159,-0.000000,0.000000,85.957709
2.8242,post_ramp,0.518,100.0000,4.215379,-1.311554,-1.291612,-0.073631,-0.081301,1.165825,-1.998777,0.977146,-2.699806,1.351437,-2.458971,1.412796,-1.965029,0.010218,0.184442,0.023441,0.023981,-0.080646,0.023981,0.023981,0.023981,0.023981,-0.233432,0.023985,0.023981,0.023981,1.565891,-0.742669,1.067448,0.063805,0.002710,0.000000,-0.002710,-0.004065,0.708822,0.916870,0.916870,0.594105,1.197784,1.197784,0.821674,1.127968,1.127968,0.858980,1.016044,1.016044,-0.006616,0.088396,-0.012868,0.003613,0.061050,-0.009209,-0.010229,0.027346,-0.003659,0.320909,-0.553480,0.748518,0.984683,12.783705,-22.048368,29.817896,-22.048368,38.027357,-51.427651,29.817896,-51.427651,69.550015,-0.000000,0.000000,120.361077,0.320909,-0.553480,0.748518,0.984683,9.123092,-15.734819,21.279543,-15.734819,27.138226,-36.701347,21.279543,-36.701347,49.634373,-0.000000,0.000000,85.895692,-0.017079,0.115268,0.077039,-0.016418,0.114029,0.072616,-0.000661,0.001239,0.004423,-0.027764,-0.312613,-0.224573,0.385916,0.542160,6.104525,4.385330,6.104525,68.734795,49.377265,4.385330,49.377265,35.471326,-0.000000,0.000000,104.748281,-0.027764,-0.312613,-0.224573,0.385916,0.571094,6.430317,4.619370,6.430317,72.403098,52.012478,4.619370,52.012478,37.364393,-0.000000,0.000000,110.338586,0.001650,0.107078,0.073470,0.001630,0.106986,0.072969,0.000020,0.000092,0.000501,-0.003748,-0.035340,-0.005319,0.035934,1.062358,10.017331,1.507609,10.017331,94.456798,14.215756,1.507609,14.215756,2.139472,-0.000000,0.000000,97.658628,-0.003748,-0.035340,-0.005319,0.035934,1.076474,10.150436,1.527641,10.150436,95.711897,14.404648,1.527641,14.404648,2.167901,-0.000000,0.000000,98.956271,0.016511,0.103053,0.056797,0.015514,0.100794,0.053406,0.000997,0.002258,0.003391,-0.029773,-0.331878,-0.014093,0.333508,0.845052,9.419724,0.400009,9.419724,105.000820,4.458864,0.400009,4.458864,0.189346,-0.000000,-0.000000,106.035218,-0.029773,-0.331878,-0.014093,0.333508,0.914592,10.194877,0.432926,10.194877,113.641379,4.825786,0.432926,4.825786,0.204927,-0.000000,0.000000,114.760898,0.030383,0.090196,0.058017,0.030443,0.089955,0.058127,-0.000061,0.000240,-0.000110,-0.000016,-0.001029,-0.000298,0.001071,0.019413,1.244323,0.360390,1.244323,79.758247,23.100184,0.360390,23.100184,6.690449,-0.000000,0.000000,86.468109,-0.000016,-0.001029,-0.000298,0.001071,0.019298,1.236958,0.358257,1.236958,79.286156,22.963454,0.358257,22.963454,6.650848,-0.000000,0.000000,85.956303
2.8424,post_ramp,0.518,100.0000,4.215379,-1.313088,-1.291612,-0.073631,-0.081301,1.165825,-1.998777,0.977146,-2.699806,1.346835,-2.458971,1.412796,-1.965029,0.016667,0.068125,0.023694,0.023981,-0.065331,0.023981,0.023981,0.023981,0.023981,-0.236420,0.023983,0.023981,0.023981,1.565891,-0.743538,1.067448,0.063805,0.002710,0.000000,-0.002710,-0.004065,0.708822,0.916870,0.916870,0.594105,1.197784,1.197784,0.818876,1.127968,1.127968,0.858980,1.016044,1.016044,-0.006607,0.088370,-0.012914,0.003613,0.061050,-0.009209,-0.010220,0.027320,-0.003705,0.321366,-0.553867,0.750324,0.986423,12.774268,-22.016172,29.825350,-22.016172,37.944391,-51.403339,29.825350,-51.403339,69.636203,-0.000000,0.000000,120.354861,0.321366,-0.553867,0.750324,0.986423,9.120120,-15.718328,21.293649,-15.718328,27.090195,-36.699140,21.293649,-36.699140,49.716395,-0.000000,0.000000,85.926711,-0.017079,0.115268,0.077039,-0.016418,0.114029,0.072616,-0.000661,0.001239,0.004423,-0.027764,-0.312613,-0.224573,0.385916,0.542160,6.104525,4.385330,6.104525,68.734795,49.377265,4.385330,49.377265,35.471326,-0.000000,0.000000,104.748281,-0.027764,-0.312613,-0.224573,0.385916,0.571094,6.430317,4.619370,6.430317,72.403098,52.012478,4.619370,52.012478,37.364393,-0.000000,0.000000,110.338586,0.001650,0.107078,0.073470,0.001630,0.106986,0.072969,0.000020,0.000092,0.000501,-0.003748,-0.035340,-0.005319,0.035934,1.062358,10.017331,1.507609,10.017331,94.456798,14.215756,1.507609,14.215756,2.139472,-0.000000,0.000000,97.658628,-0.003748,-0.035340,-0.005319,0.035934,1.076474,10.150436,1.527641,10.150436,95.711897,14.404648,1.527641,14.404648,2.167901,-0.000000,0.000000,98.956271,0.016556,0.103113,0.056960,0.015514,0.100794,0.053406,0.001042,0.002318,0.003554,-0.031257,-0.345604,-0.015616,0.347366,0.858566,9.493005,0.428936,9.493005,104.962359,4.742667,0.428936,4.742667,0.214295,-0.000000,-0.000000,106.035220,-0.031257,-0.345604,-0.015616,0.347366,0.932589,10.311460,0.465918,10.311460,114.011855,5.151563,0.465918,5.151563,0.232771,-0.000000,0.000000,115.177214,0.030383,0.090196,0.058017,0.030443,0.089955,0.058127,-0.000061,0.000240,-0.000110,-0.000016,-0.001030,-0.000298,0.001072,0.019413,1.244323,0.360390,1.244323,79.758247,23.100184,0.360390,23.100184,6.690449,-0.000000,0.000000,86.468109,-0.000016,-0.001030,-0.000298,0.001072,0.019298,1.236958,0.358257,1.236958,79.286165,22.963456,0.358257,22.963456,6.650849,-0.000000,0.000000,85.956312
2.8606,post_ramp,0.518,100.0000,4.215379,-1.314622,-1.291612,-0.073631,-0.081301,1.165825,-1.998777,0.977146,-2.699806,1.343767,-2.460505,1.412796,-1.965029,0.014614,0.002495,0.023828,0.023981,-0.044389,0.023981,0.023981,0.023981,0.023981,-0.239756,0.007663,0.023981,0.023981,1.565891,-0.744406,1.067448,0.063805,0.002710,0.000000,-0.002710,-0.004065,0.708822,0.916870,0.916870,0.594105,1.197784,1.197784,0.817010,1.128672,1.128672,0.858980,1.016044,1.016044,-0.006597,0.088344,-0.012960,0.003613,0.061050,-0.009209,-0.010211,0.027294,-0.003751,0.321822,-0.554252,0.752132,0.988164,12.764841,-21.983984,29.832779,-21.983984,37.861463,-51.378888,29.832779,-51.378888,69.722349,-0.000000,0.000000,120.348653,0.321822,-0.554252,0.752132,0.988164,9.117154,-15.701830,21.307749,-15.701830,27.042153,-36.696832,21.307749,-36.696832,49.798456,0.000000,0.000000,85.957763,-0.017079,0.115268,0.077039,-0.016418,0.114029,0.072616,-0.000661,0.001239,0.004423,-0.027764,-0.312613,-0.224573,0.385916,0.542160,6.104525,4.385330,6.104525,68.734795,49.377265,4.385330,49.377265,35.471326,-0.000000,0.000000,104.748281,-0.027764,-0.312613,-0.224573,0.385916,0.571094,6.430317,4.619370,6.430317,72.403098,52.012478,4.619370,52.012478,37.364393,-0.000000,0.000000,110.338586,0.001650,0.107078,0.073470,0.001630,0.106986,0.072969,0.000020,0.000092,0.000501,-0.003748,-0.035340,-0.005319,0.035934,1.062358,10.017331,1.507609,10.017331,94.456798,14.215756,1.507609,14.215756,2.139472,-0.000000,0.000000,97.658628,-0.003748,-0.035340,-0.005319,0.035934,1.076474,10.150436,1.527641,10.150436,95.711897,14.404648,1.527641,14.404648,2.167901,-0.000000,0.000000,98.956271,0.016581,0.103115,0.057052,0.015514,0.100794,0.053406,0.001067,0.002320,0.003646,-0.031854,-0.351736,-0.016050,0.353540,0.860280,9.499377,0.433453,9.499377,104.893960,4.786277,0.433453,4.786277,0.218396,-0.000000,0.000000,105.972636,-0.031854,-0.351736,-0.016050,0.353540,0.936614,10.342271,0.471914,10.342271,114.201359,5.210971,0.471914,5.210971,0.237775,-0.000000,0.000000,115.375748,0.030383,0.090196,0.058017,0.030443,0.089955,0.058127,-0.000061,0.000240,-0.000110,-0.000016,-0.001030,-0.000298,0.001072,0.019413,1.244323,0.360390,1.244323,79.758247,23.100184,0.360390,23.100184,6.690449,-0.000000,-0.000000,86.468109,-0.000016,-0.001030,-0.000298,0.001072,0.019298,1.236958,0.358257,1.236958,79.286169,22.963457,0.358257,22.963457,6.650849,-0.000000,0.000000,85.956316
2.8787,post_ramp,0.518,100.0000,4.216913,-1.314622,-1.291612,-0.073631,-0.081301,1.165825,-1.998777,0.977146,-2.699806,1.337631,-2.460505,1.412796,-1.965029,0.007766,-0.029985,0.023900,0.023981,-0.023590,0.023981,0.023981,0.023981,0.023981,-0.248027,-0.007164,0.023981,0.023981,1.566461,-0.744406,1.067448,0.063805,0.002710,0.000000,-0.002710,-0.004065,0.708822,0.916870,0.916870,0.594105,1.197784,1.197784,0.813280,1.128672,1.128672,0.858980,1.016044,1.016044,-0.006559,0.088333,-0.012951,0.003613,0.061050,-0.009209,-0.010173,0.027283,-0.003742,0.320679,-0.553192,0.750325,0.985821,12.734581,-21.968026,29.796409,-21.968026,37.896351,-51.400848,29.796409,-51.400848,69.717722,-0.000000,0.000000,120.348653,0.320679,-0.553192,0.750325,0.985821,9.094747,-15.689062,21.279914,-15.689062,27.064708,-36.709311,21.279914,-36.709311,49.790804,-0.000000,0.000000,85.950258,-0.017079,0.115268,0.077039,-0.016418,0.114029,0.072616,-0.000661,0.001239,0.004423,-0.027764,-0.312613,-0.224573,0.385916,0.542160,6.104525,4.385330,6.104525,68.734795,49.377265,4.385330,49.377265,35.471326,0.000000,0.000000,104.748281,-0.027764,-0.312613,-0.224573,0.385916,0.571094,6.430317,4.619370,6.430317,72.403098,52.012478,4.619370,52.012478,37.364393,-0.000000,0.000000,110.338585,0.001650,0.107078,0.073470,0.001630,0.106986,0.072969,0.000020,0.000092,0.000501,-0.003748,-0.035340,-0.005319,0.035934,1.062358,10.017331,1.507609,10.017331,94.456798,14.215756,1.507609,14.215756,2.139472,-0.000000,0.000000,97.658628,-0.003748,-0.035340,-0.005319,0.035934,1.076474,10.150436,1.527641,10.150436,95.711897,14.404648,1.527641,14.404648,2.167901,-0.000000,0.000000,98.956271,0.016642,0.103194,0.057270,0.015514,0.100794,0.053406,0.001128,0.002400,0.003863,-0.033871,-0.370026,-0.018226,0.372020,0.878464,9.596767,0.472710,9.596767,104.839804,5.164119,0.472710,5.164119,0.254370,-0.000000,0.000000,105.972638,-0.033871,-0.370026,-0.018226,0.372020,0.961004,10.498476,0.517126,10.498476,114.690512,5.649338,0.517126,5.649338,0.278271,-0.000000,0.000000,115.929786,0.030383,0.090196,0.058017,0.030443,0.089955,0.058127,-0.000061,0.000240,-0.000110,-0.000016,-0.001031,-0.000299,0.001073,0.019413,1.244323,0.360390,1.244323,79.758247,23.100184,0.360390,23.100184,6.690449,-0.000000,0.000000,86.468109,-0.000016,-0.001031,-0.000299,0.001073,0.019298,1.236958,0.358257,1.236958,79.286180,22.963461,0.358257,22.963461,6.650850,-0.000000,0.000000,85.956328
2.8970,post_ramp,0.518,100.0000,4.215379,-1.314622,-1.291612,-0.073631,-0.081301,1.165825,-1.998777,0.977146,-2.699806,1.333029,-2.463573,1.412796,-1.965029,0.013616,-0.027353,0.023938,0.023981,-0.012537,0.023981,0.023981,0.023981,0.023981,-0.258553,-0.012178,0.023981,0.023981,1.565891,-0.744406,1.067448,0.063805,0.002710,0.000000,-0.002710,-0.004065,0.708822,0.916870,0.916870,0.594105,1.197784,1.197784,0.810482,1.130079,1.130079,0.858980,1.016044,1.016044,-0.006597,0.088344,-0.012960,0.003613,0.061050,-0.009209,-0.010211,0.027294,-0.003751,0.321822,-0.554252,0.752132,0.988164,12.764841,-21.983984,29.832779,-21.983984,37.861463,-51.378888,29.832779,-51.378888,69.722349,-0.000000,0.000000,120.348653,0.321822,-0.554252,0.752132,0.988164,9.117154,-15.701830,21.307749,-15.701830,27.042153,-36.696832,21.307749,-36.696832,49.798456,0.000000,0.000000,85.957763,-0.017079,0.115268,0.077039,-0.016418,0.114029,0.072616,-0.000661,0.001239,0.004423,-0.027764,-0.312613,-0.224573,0.385916,0.542160,6.104525,4.385330,6.104525,68.734795,49.377265,4.385330,49.377265,35.471326,-0.000000,0.000000,104.748281,-0.027764,-0.312613,-0.224573,0.385916,0.571094,6.430317,4.619370,6.430317,72.403098,52.012478,4.619370,52.012478,37.364393,-0.000000,0.000000,110.338585,0.001650,0.107078,0.073470,0.001630,0.106986,0.072969,0.000020,0.000092,0.000501,-0.003748,-0.035340,-0.005319,0.035934,1.062358,10.017331,1.507609,10.017331,94.456798,14.215756,1.507609,14.215756,2.139472,-0.000000,0.000000,97.658628,-0.003748,-0.035340,-0.005319,0.035934,1.076474,10.150436,1.527641,10.150436,95.711897,14.404648,1.527641,14.404648,2.167901,-0.000000,0.000000,98.956271,0.016676,0.103177,0.057400,0.015514,0.100794,0.053406,0.001162,0.002383,0.003993,-0.034569,-0.377664,-0.018597,0.379698,0.877329,9.584829,0.471967,9.584829,104.714374,5.156244,0.471967,5.156244,0.253899,0.000000,0.000000,105.845601,-0.034569,-0.377664,-0.018597,0.379698,0.963048,10.521311,0.518080,10.521311,114.945449,5.660032,0.518080,5.660032,0.278706,-0.000000,-0.000000,116.187203,0.030383,0.090196,0.058017,0.030443,0.089955,0.058127,-0.000061,0.000240,-0.000110,-0.000016,-0.001031,-0.000299,0.001074,0.019413,1.244323,0.360390,1.244323,79.758247,23.100184,0.360390,23.100184,6.690449,-0.000000,0.000000,86.468109,-0.000016,-0.001031,-0.000299,0.001074,0.019298,1.236958,0.358257,1.236958,79.286186,22.963462,0.358257,22.963462,6.650851,-0.000000,0.000000,85.956334
2.9151,post_ramp,0.518,100.0000,4.215379,-1.311554,-1.291612,-0.073631,-0.081301,1.165825,-1.998777,0.977146,-2.699806,1.326893,-2.469709,1.412796,-1.965029,0.014501,0.011901,0.023958,0.023981,-0.006663,0.023981,0.023981,0.023981,0.023981,-0.272243,-0.065022,0.023981,0.023981,1.565891,-0.742669,1.067448,0.063805,0.002710,0.000000,-0.002710,-0.004065,0.708822,0.916870,0.916870,0.594105,1.197784,1.197784,0.806751,1.132894,1.132894,0.858980,1.016044,1.016044,-0.006616,0.088396,-0.012868,0.003613,0.061050,-0.009209,-0.010229,0.027346,-0.003659,0.320909,-0.553480,0.748518,0.984683,12.783705,-22.048368,29.817896,-22.048368,38.027357,-51.427651,29.817896,-51.427651,69.550015,-0.000000,0.000000,120.361077,0.320909,-0.553480,0.748518,0.984683,9.123092,-15.734819,21.279543,-15.734819,27.138226,-36.701347,21.279543,-36.701347,49.634373,-0.000000,0.000000,85.895692,-0.017079,0.115268,0.077039,-0.016418,0.114029,0.072616,-0.000661,0.001239,0.004423,-0.027764,-0.312613,-0.224573,0.385916,0.542160,6.104525,4.385330,6.104525,68.734795,49.377265,4.385330,49.377265,35.471326,-0.000000,0.000000,104.748281,-0.027764,-0.312613,-0.224573,0.385916,0.571094,6.430317,4.619370,6.430317,72.403098,52.012478,4.619370,52.012478,37.364393,-0.000000,0.000000,110.338585,0.001650,0.107078,0.073470,0.001630,0.106986,0.072969,0.000020,0.000092,0.000501,-0.003748,-0.035340,-0.005319,0.035934,1.062358,10.017331,1.507609,10.017331,94.456798,14.215756,1.507609,14.215756,2.139472,-0.000000,0.000000,97.658628,-0.003748,-0.035340,-0.005319,0.035934,1.076474,10.150436,1.527641,10.150436,95.711897,14.404648,1.527641,14.404648,2.167901,-0.000000,0.000000,98.956271,0.016713,0.103104,0.057550,0.015514,0.100794,0.053406,0.001199,0.002310,0.004144,-0.034932,-0.383711,-0.018186,0.385727,0.865919,9.511791,0.450808,9.511791,104.483412,4.951953,0.450808,4.951953,0.234696,-0.000000,0.000000,105.584027,-0.034932,-0.383711,-0.018186,0.385727,0.954772,10.487805,0.497066,10.487805,115.204553,5.460078,0.497066,5.460078,0.258778,-0.000000,0.000000,116.418103,0.030383,0.090196,0.058017,0.030443,0.089955,0.058127,-0.000061,0.000240,-0.000110,-0.000016,-0.001032,-0.000299,0.001074,0.019413,1.244323,0.360390,1.244323,79.758247,23.100184,0.360390,23.100184,6.690449,-0.000000,0.000000,86.468109,-0.000016,-0.001032,-0.000299,0.001074,0.019298,1.236958,0.358257,1.236958,79.286191,22.963464,0.358257,22.963464,6.650851,-0.000000,0.000000,85.956340
2.9333,post_ramp,0.518,100.0000,4.215379,-1.311554,-1.291612,-0.073631,-0.081301,1.165825,-1.998777,0.977146,-2.699806,1.320757,-2.478913,1.412796,-1.965029,0.018177,0.051271,0.023969,0.023981,-0.003541,0.023981,0.023981,0.023981,0.023981,-0.285080,-0.191028,0.023981,0.023981,1.565891,-0.742669,1.067448,0.063805,0.002710,0.000000,-0.002710,-0.004065,0.708822,0.916870,0.916870,0.594105,1.197784,1.197784,0.803021,1.137116,1.137116,0.858980,1.016044,1.016044,-0.006616,0.088396,-0.012868,0.003613,0.061050,-0.009209,-0.010229,0.027346,-0.003659,0.320909,-0.553480,0.748518,0.984683,12.783705,-22.048368,29.817896,-22.048368,38.027357,-51.427651,29.817896,-51.427651,69.550015,-0.000000,0.000000,120.361077,0.320909,-0.553480,0.748518,0.984683,9.123092,-15.734819,21.279543,-15.734819,27.138226,-36.701347,21.279543,-36.701347,49.634373,-0.000000,0.000000,85.895692,-0.017079,0.115268,0.077039,-0.016418,0.114029,0.072616,-0.000661,0.001239,0.004423,-0.027764,-0.312613,-0.224573,0.385916,0.542160,6.104525,4.385330,6.104525,68.734795,49.377265,4.385330,49.377265,35.471326,-0.000000,0.000000,104.748281,-0.027764,-0.312613,-0.224573,0.385916,0.571094,6.430317,4.619370,6.430317,72.403098,52.012478,4.619370,52.012478,37.364393,-0.000000,0.000000,110.338585,0.001650,0.107078,0.073470,0.001630,0.106986,0.072969,0.000020,0.000092,0.000501,-0.003748,-0.035340,-0.005319,0.035934,1.062358,10.017331,1.507609,10.017331,94.456798,14.215756,1.507609,14.215756,2.139472,-0.000000,0.000000,97.658628,-0.003748,-0.035340,-0.005319,0.035934,1.076474,10.150436,1.527641,10.150436,95.711897,14.404648,1.527641,14.404648,2.167901,-0.000000,0.000000,98.956271,0.016738,0.102956,0.057667,0.015514,0.100794,0.053406,0.001224,0.002161,0.004261,-0.034439,-0.383490,-0.016418,0.385383,0.839889,9.352419,0.400405,9.352419,104.142026,4.458628,0.400405,4.458628,0.190887,-0.000000,0.000000,105.172802,-0.034439,-0.383490,-0.016418,0.385383,0.930079,10.356707,0.443401,10.356707,115.325080,4.937408,0.443401,4.937408,0.211385,-0.000000,0.000000,116.466544,0.030383,0.090196,0.058017,0.030443,0.089955,0.058127,-0.000061,0.000240,-0.000110,-0.000016,-0.001032,-0.000299,0.001075,0.019413,1.244323,0.360390,1.244323,79.758247,23.100184,0.360390,23.100184,6.690449,-0.000000,0.000000,86.468109,-0.000016,-0.001032,-0.000299,0.001075,0.019298,1.236958,0.358257,1.236958,79.286194,22.963465,0.358257,22.963465,6.650852,-0.000000,0.000000,85.956344
2.9514,post_ramp,0.518,100.0000,4.215379,-1.311554,-1.291612,-0.073631,-0.078233,1.165825,-1.998777,0.977146,-2.699806,1.316156,-2.486583,1.412796,-1.965029,0.020896,0.048153,0.023974,0.023981,0.023731,0.023981,0.023981,0.023981,0.023981,-0.293763,-0.331663,0.023981,0.023981,1.565891,-0.742669,1.067448,0.063805,0.002608,0.000000,-0.002608,-0.003912,0.708822,0.916870,0.916870,0.594105,1.197784,1.197784,0.800223,1.140634,1.140634,0.858980,1.016044,1.016044,-0.006616,0.088396,-0.012868,0.003613,0.061050,-0.009209,-0.010229,0.027346,-0.003659,0.320909,-0.553480,0.748518,0.984683,12.783705,-22.048368,29.817896,-22.048368,38.027357,-51.427651,29.817896,-51.427651,69.550015,-0.000000,0.000000,120.361077,0.320909,-0.553480,0.748518,0.984683,9.123092,-15.734819,21.279543,-15.734819,27.138226,-36.701347,21.279543,-36.701347,49.634373,-0.000000,0.000000,85.895692,-0.017082,0.115269,0.077039,-0.016418,0.114029,0.072616,-0.000664,0.001240,0.004423,-0.027735,-0.312638,-0.224586,0.385941,0.540939,6.097732,4.380357,6.097732,68.736588,49.377511,4.380357,49.377511,35.470753,-0.000000,0.000000,104.748281,-0.027735,-0.312638,-0.224586,0.385941,0.569811,6.423181,4.614147,6.423181,72.405211,52.012896,4.614147,52.012896,37.363905,-0.000000,0.000000,110.338926,0.001650,0.107078,0.073470,0.001630,0.106986,0.072969,0.000020,0.000092,0.000501,-0.003748,-0.035340,-0.005319,0.035934,1.062358,10.017331,1.507609,10.017331,94.456798,14.215756,1.507609,14.215756,2.139472,-0.000000,0.000000,97.658628,-0.003748,-0.035340,-0.005319,0.035934,1.076474,10.150436,1.527641,10.150436,95.711897,14.404648,1.527641,14.404648,2.167901,-0.000000,0.000000,98.956271,0.016756,0.102825,0.057747,0.015514,0.100794,0.053406,0.001242,0.002031,0.004340,-0.033870,-0.381685,-0.014764,0.383469,0.817664,9.214441,0.356422,9.214441,103.839673,4.016603,0.356422,4.016603,0.155366,-0.000000,0.000000,104.812702,-0.033870,-0.381685,-0.014764,0.383469,0.908383,10.236774,0.395967,10.236774,115.360579,4.462242,0.395967,4.462242,0.172603,-0.000000,0.000000,116.441565,0.030385,0.090196,0.058017,0.030443,0.089955,0.058127,-0.000058,0.000241,-0.000110,-0.000018,-0.001124,-0.000326,0.001171,0.019609,1.250613,0.362165,1.250613,79.759657,23.097614,0.362165,23.097614,6.688843,-0.000000,0.000000,86.468109,-0.000018,-0.001124,-0.000326,0.001171,0.019494,1.243252,0.360034,1.243252,79.290209,22.961667,0.360034,22.961667,6.649473,0.000000,0.000000,85.959176
2.9702,post_ramp,0.518,100.0000,4.216913,-1.311554,-1.291612,-0.073631,-0.073631,1.165825,-1.998777,0.977146,-2.699806,1.310020,-2.486583,1.412796,-1.965029,0.020107,0.035542,0.023978,0.023981,0.089774,0.023981,0.023981,0.023981,0.023981,-0.290636,-0.337439,0.023981,0.023981,1.566461,-0.742669,1.067448,0.063805,0.002454,0.000000,-0.002454,-0.003682,0.708822,0.916870,0.916870,0.594105,1.197784,1.197784,0.796492,1.140634,1.140634,0.858980,1.016044,1.016044,-0.006578,0.088385,-0.012859,0.003613,0.061050,-0.009209,-0.010191,0.027335,-0.003650,0.319765,-0.552415,0.746710,0.982338,12.753377,-22.032322,29.781511,-22.032322,38.062325,-51.449574,29.781511,-51.449574,69.545375,-0.000000,0.000000,120.361077,0.319765,-0.552415,0.746710,0.982338,9.100647,-15.721983,21.251706,-15.721983,27.160789,-36.713759,21.251706,-36.713759,49.626691,-0.000000,-0.000000,85.888128,-0.017086,0.115269,0.077039,-0.016418,0.114029,0.072616,-0.000668,0.001240,0.004423,-0.027690,-0.312675,-0.224605,0.385979,0.539112,6.087542,4.372899,6.087542,68.739278,49.377877,4.372899,49.377877,35.469891,-0.000000,-0.000000,104.748281,-0.027690,-0.312675,-0.224605,0.385979,0.567888,6.412477,4.606311,6.412477,72.408379,52.013523,4.606311,52.013523,37.363170,-0.000000,0.000000,110.339437,0.001650,0.107078,0.073470,0.001630,0.106986,0.072969,0.000020,0.000092,0.000501,-0.003748,-0.035340,-0.005319,0.035934,1.062358,10.017331,1.507609,10.017331,94.456798,14.215756,1.507609,14.215756,2.139472,-0.000000,0.000000,97.658628,-0.003748,-0.035340,-0.005319,0.035934,1.076474,10.150436,1.527641,10.150436,95.711897,14.404648,1.527641,14.404648,2.167901,-0.000000,0.000000,98.956271,0.016818,0.102902,0.057964,0.015514,0.100794,0.053406,0.001304,0.002107,0.004557,-0.035893,-0.399831,-0.016906,0.401795,0.836427,9.317368,0.393975,9.317368,103.790707,4.388678,0.393975,4.388678,0.185571,-0.000000,0.000000,104.812704,-0.035893,-0.399831,-0.016906,0.401795,0.933714,10.401096,0.439799,10.401096,115.862877,4.899137,0.439799,4.899137,0.207155,0.000000,0.000000,117.003745,0.030388,0.090197,0.058017,0.030443,0.089955,0.058127,-0.000055,0.000242,-0.000110,-0.000020,-0.001263,-0.000366,0.001315,0.019906,1.260048,0.364827,1.260048,79.761771,23.093758,0.364827,23.093758,6.686432,-0.000000,0.000000,86.468109,-0.000020,-0.001263,-0.000366,0.001315,0.019790,1.252694,0.362698,1.252694,79.296240,22.958971,0.362698,22.958971,6.647406,-0.000000,0.000000,85.963436
2.9878,post_ramp,0.518,100.0000,4.215379,-1.311554,-1.291612,-0.073631,-0.072097,1.165825,-1.998777,0.977146,-2.699806,1.303884,-2.485049,1.412796,-1.965029,0.008528,0.030125,0.023979,0.023981,0.142865,0.023981,0.023981,0.023981,0.023981,-0.285479,-0.182783,0.023981,0.023981,1.565891,-0.742669,1.067448,0.063805,0.002403,0.000000,-0.002403,-0.003605,0.708822,0.916870,0.916870,0.594105,1.197784,1.197784,0.792761,1.139931,1.139931,0.858980,1.016044,1.016044,-0.006616,0.088396,-0.012868,0.003613,0.061050,-0.009209,-0.010229,0.027346,-0.003659,0.320909,-0.553480,0.748518,0.984683,12.783705,-22.048368,29.817896,-22.048368,38.027357,-51.427651,29.817896,-51.427651,69.550015,-0.000000,0.000000,120.361077,0.320909,-0.553480,0.748518,0.984683,9.123092,-15.734819,21.279543,-15.734819,27.138226,-36.701347,21.279543,-36.701347,49.634373,-0.000000,0.000000,85.895692,-0.017087,0.115269,0.077039,-0.016418,0.114029,0.072616,-0.000670,0.001240,0.004423,-0.027676,-0.312687,-0.224612,0.385992,0.538503,6.084145,4.370412,6.084145,68.740174,49.377998,4.370412,49.377998,35.469604,-0.000000,0.000000,104.748281,-0.027676,-0.312687,-0.224612,0.385992,0.567248,6.408909,4.603699,6.408909,72.409435,52.013732,4.603699,52.013732,37.362925,0.000000,0.000000,110.339608,0.001650,0.107078,0.073470,0.001630,0.106986,0.072969,0.000020,0.000092,0.000501,-0.003748,-0.035340,-0.005319,0.035934,1.062358,10.017331,1.507609,10.017331,94.456798,14.215756,1.507609,14.215756,2.139472,-0.000000,0.000000,97.658628,-0.003748,-0.035340,-0.005319,0.035934,1.076474,10.150436,1.527641,10.150436,95.711897,14.404648,1.527641,14.404648,2.167901,-0.000000,0.000000,98.956271,0.016885,0.103015,0.058197,0.015514,0.100794,0.053406,0.001371,0.002221,0.004791,-0.038373,-0.421060,-0.019904,0.423273,0.862050,9.459063,0.447138,9.459063,103.792023,4.906333,0.447138,4.906333,0.231926,0.000000,0.000000,104.885999,-0.038373,-0.421060,-0.019904,0.423273,0.966979,10.610431,0.501564,10.610431,116.425714,5.503537,0.501564,5.503537,0.260157,-0.000000,0.000000,117.652850,0.030389,0.090197,0.058018,0.030443,0.089955,0.058127,-0.000054,0.000242,-0.000110,-0.000021,-0.001310,-0.000379,0.001364,0.020005,1.263193,0.365714,1.263193,79.762476,23.092472,0.365714,23.092472,6.685628,-0.000000,0.000000,86.468109,-0.000021,-0.001310,-0.000379,0.001364,0.019889,1.255841,0.363585,1.255841,79.298259,22.958074,0.363585,22.958074,6.646718,-0.000000,-0.000000,85.964865
3.0060,post_ramp,0.518,100.0000,4.215379,-1.313088,-1.291612,-0.073631,-0.072097,1.165825,-1.998777,0.977146,-2.699806,1.299282,-2.481981,1.412796,-1.965029,0.009615,0.012500,0.023980,0.023981,0.129363,0.023981,0.023981,0.023981,0.023981,-0.285136,-0.043946,0.023981,0.023981,1.565891,-0.743538,1.067448,0.063805,0.002403,0.000000,-0.002403,-0.003605,0.708822,0.916870,0.916870,0.594105,1.197784,1.197784,0.789963,1.138523,1.138523,0.858980,1.016044,1.016044,-0.006607,0.088370,-0.012914,0.003613,0.061050,-0.009209,-0.010220,0.027320,-0.003705,0.321366,-0.553867,0.750324,0.986423,12.774268,-22.016172,29.825350,-22.016172,37.944391,-51.403339,29.825350,-51.403339,69.636203,-0.000000,0.000000,120.354861,0.321366,-0.553867,0.750324,0.986423,9.120120,-15.718328,21.293649,-15.718328,27.090195,-36.699140,21.293649,-36.699140,49.716395,-0.000000,0.000000,85.926711,-0.017087,0.115269,0.077039,-0.016418,0.114029,0.072616,-0.000670,0.001240,0.004423,-0.027676,-0.312687,-0.224612,0.385992,0.538503,6.084145,4.370412,6.084145,68.740174,49.377998,4.370412,49.377998,35.469604,-0.000000,-0.000000,104.748281,-0.027676,-0.312687,-0.224612,0.385992,0.567248,6.408909,4.603699,6.408909,72.409435,52.013732,4.603699,52.013732,37.362925,-0.000000,0.000000,110.339608,0.001650,0.107078,0.073470,0.001630,0.106986,0.072969,0.000020,0.000092,0.000501,-0.003748,-0.035340,-0.005319,0.035934,1.062358,10.017331,1.507609,10.017331,94.456798,14.215756,1.507609,14.215756,2.139472,-0.000000,0.000000,97.658628,-0.003748,-0.035340,-0.005319,0.035934,1.076474,10.150436,1.527641,10.150436,95.711897,14.404648,1.527641,14.404648,2.167901,-0.000000,0.000000,98.956271,0.016943,0.103146,0.058394,0.015514,0.100794,0.053406,0.001429,0.002352,0.004988,-0.040828,-0.440883,-0.023248,0.443379,0.890605,9.617196,0.507114,9.617196,103.851318,5.476069,0.507114,5.476069,0.288753,-0.000000,0.000000,105.030675,-0.040828,-0.440883,-0.023248,0.443379,1.002661,10.827238,0.570919,10.827238,116.917968,6.165073,0.570919,6.165073,0.325084,-0.000000,0.000000,118.245713,0.030389,0.090197,0.058018,0.030443,0.089955,0.058127,-0.000054,0.000242,-0.000110,-0.000021,-0.001311,-0.000380,0.001365,0.020005,1.263193,0.365714,1.263193,79.762476,23.092472,0.365714,23.092472,6.685628,-0.000000,-0.000000,86.468109,-0.000021,-0.001311,-0.000380,0.001365,0.019889,1.255841,0.363585,1.255841,79.298270,22.958077,0.363585,22.958077,6.646719,-0.000000,0.000000,85.964877
3.0241,post_ramp,0.518,100.0000,4.215379,-1.313088,-1.291612,-0.073631,-0.073631,1.165825,-1.998777,0.977146,-2.699806,1.294680,-2.478913,1.412796,-1.965029,0.016346,-0.004593,0.023980,0.023981,0.066656,0.023981,0.023981,0.023981,0.023981,-0.275134,0.043473,0.023981,0.023981,1.565891,-0.743538,1.067448,0.063805,0.002454,0.000000,-0.002454,-0.003682,0.708822,0.916870,0.916870,0.594105,1.197784,1.197784,0.787165,1.137116,1.137116,0.858980,1.016044,1.016044,-0.006607,0.088370,-0.012914,0.003613,0.061050,-0.009209,-0.010220,0.027320,-0.003705,0.321366,-0.553867,0.750324,0.986423,12.774268,-22.016172,29.825350,-22.016172,37.944391,-51.403339,29.825350,-51.403339,69.636203,-0.000000,0.000000,120.354861,0.321366,-0.553867,0.750324,0.986423,9.120120,-15.718328,21.293649,-15.718328,27.090195,-36.699140,21.293649,-36.699140,49.716395,-0.000000,0.000000,85.926711,-0.017086,0.115269,0.077039,-0.016418,0.114029,0.072616,-0.000668,0.001240,0.004423,-0.027690,-0.312675,-0.224605,0.385979,0.539112,6.087542,4.372899,6.087542,68.739278,49.377877,4.372899,49.377877,35.469891,-0.000000,0.000000,104.748281,-0.027690,-0.312675,-0.224605,0.385979,0.567888,6.412477,4.606311,6.412477,72.408379,52.013523,4.606311,52.013523,37.363170,0.000000,0.000000,110.339437,0.001650,0.107078,0.073470,0.001630,0.106986,0.072969,0.000020,0.000092,0.000501,-0.003748,-0.035340,-0.005319,0.035934,1.062358,10.017331,1.507609,10.017331,94.456798,14.215756,1.507609,14.215756,2.139472,-0.000000,0.000000,97.658628,-0.003748,-0.035340,-0.005319,0.035934,1.076474,10.150436,1.527641,10.150436,95.711897,14.404648,1.527641,14.404648,2.167901,-0.000000,0.000000,98.956271,0.017000,0.103276,0.058592,0.015514,0.100794,0.053406,0.001486,0.002482,0.005185,-0.043333,-0.460710,-0.026814,0.463519,0.919207,9.772775,0.568781,9.772775,103.901657,6.047131,0.568781,6.047131,0.351946,0.000000,0.000000,105.172810,-0.043333,-0.460710,-0.026814,0.463519,1.038582,11.041943,0.642647,11.041943,117.395131,6.832458,0.642647,6.832458,0.397653,-0.000000,0.000000,118.831366,0.030388,0.090197,0.058017,0.030443,0.089955,0.058127,-0.000055,0.000242,-0.000110,-0.000020,-0.001266,-0.000367,0.001318,0.019906,1.260048,0.364827,1.260048,79.761771,23.093758,0.364827,23.093758,6.686432,-0.000000,0.000000,86.468109,-0.000020,-0.001266,-0.000367,0.001318,0.019790,1.252694,0.362698,1.252694,79.296274,22.958981,0.362698,22.958981,6.647409,-0.000000,0.000000,85.963473
3.0423,post_ramp,0.518,100.0000,4.215379,-1.310020,-1.291612,-0.073631,-0.076699,1.165825,-1.998777,0.977146,-2.699806,1.291612,-2.475845,1.412796,-1.965029,0.008687,0.013287,0.023981,0.023981,0.006120,0.023981,0.023981,0.023981,0.023981,-0.256184,0.110005,0.023981,0.023981,1.565891,-0.741800,1.067448,0.063805,0.002557,0.000000,-0.002557,-0.003835,0.708822,0.916870,0.916870,0.594105,1.197784,1.197784,0.785300,1.135709,1.135709,0.858980,1.016044,1.016044,-0.006625,0.088421,-0.012823,0.003613,0.061050,-0.009209,-0.010239,0.027371,-0.003614,0.320453,-0.553091,0.746714,0.982945,12.793154,-22.080573,29.810416,-22.080573,38.110361,-51.451822,29.810416,-51.451822,69.463788,-0.000000,0.000000,120.367302,0.320453,-0.553091,0.746714,0.982945,9.126069,-15.751303,21.265431,-15.751303,27.186245,-36.703452,21.265431,-36.703452,49.552391,0.000000,0.000000,85.864705,-0.017083,0.115269,0.077039,-0.016418,0.114029,0.072616,-0.000665,0.001240,0.004423,-0.027720,-0.312650,-0.224592,0.385954,0.540330,6.094335,4.377871,6.094335,68.737485,49.377633,4.377871,49.377633,35.470466,-0.000000,0.000000,104.748281,-0.027720,-0.312650,-0.224592,0.385954,0.569169,6.419613,4.611535,6.419613,72.406266,52.013105,4.611535,52.013105,37.363660,-0.000000,-0.000000,110.339096,0.001650,0.107078,0.073470,0.001630,0.106986,0.072969,0.000020,0.000092,0.000501,-0.003748,-0.035340,-0.005319,0.035934,1.062358,10.017331,1.507609,10.017331,94.456798,14.215756,1.507609,14.215756,2.139472,-0.000000,0.000000,97.658628,-0.003748,-0.035340,-0.005319,0.035934,1.076474,10.150436,1.527641,10.150436,95.711897,14.404648,1.527641,14.404648,2.167901,-0.000000,0.000000,98.956271,0.017041,0.103387,0.058735,0.015514,0.100794,0.053406,0.001527,0.002593,0.005329,-0.045337,-0.475999,-0.029880,0.479085,0.943108,9.901775,0.621576,9.901775,103.959639,6.525986,0.621576,6.525986,0.409664,-0.000000,0.000000,105.312411,-0.045337,-0.475999,-0.029880,0.479085,1.068122,11.214307,0.703969,11.214307,117.740038,7.391040,0.703969,7.391040,0.463967,0.000000,0.000000,119.272127,0.030386,0.090197,0.058017,0.030443,0.089955,0.058127,-0.000057,0.000241,-0.000110,-0.000018,-0.001175,-0.000340,0.001223,0.019708,1.253758,0.363053,1.253758,79.760362,23.096329,0.363053,23.096329,6.688039,0.000000,0.000000,86.468109,-0.000018,-0.001175,-0.000340,0.001223,0.019592,1.246400,0.360922,1.246400,79.292269,22.960783,0.360922,22.960783,6.648789,-0.000000,-0.000000,85.960650
3.0605,post_ramp,0.518,100.0000,4.215379,-1.305418,-1.291612,-0.073631,-0.076699,1.165825,-1.998777,0.977146,-2.699806,1.288544,-2.472777,1.412796,-1.965029,0.013274,0.080206,0.023981,0.023981,-0.030457,0.023981,0.023981,0.023981,0.023981,-0.226629,0.148353,0.023981,0.023981,1.565891,-0.739195,1.067448,0.063805,0.002557,0.000000,-0.002557,-0.003835,0.708822,0.916870,0.916870,0.594105,1.197784,1.197784,0.783435,1.134301,1.134301,0.858980,1.016044,1.016044,-0.006653,0.088498,-0.012685,0.003613,0.061050,-0.009209,-0.010266,0.027448,-0.003476,0.319085,-0.551915,0.741317,0.977740,12.821563,-22.177242,29.787825,-22.177242,38.359601,-51.523498,29.787825,-51.523498,69.204862,-0.000000,0.000000,120.386026,0.319085,-0.551915,0.741317,0.977740,9.135033,-15.800713,21.223057,-15.800713,27.330227,-36.709164,21.223057,-36.709164,49.306680,-0.000000,0.000000,85.771940,-0.017083,0.115269,0.077039,-0.016418,0.114029,0.072616,-0.000665,0.001240,0.004423,-0.027720,-0.312650,-0.224592,0.385954,0.540330,6.094335,4.377871,6.094335,68.737485,49.377633,4.377871,49.377633,35.470466,-0.000000,0.000000,104.748281,-0.027720,-0.312650,-0.224592,0.385954,0.569169,6.419613,4.611535,6.419613,72.406266,52.013105,4.611535,52.013105,37.363660,-0.000000,0.000000,110.339096,0.001650,0.107078,0.073470,0.001630,0.106986,0.072969,0.000020,0.000092,0.000501,-0.003748,-0.035340,-0.005319,0.035934,1.062358,10.017331,1.507609,10.017331,94.456798,14.215756,1.507609,14.215756,2.139472,-0.000000,0.000000,97.658628,-0.003748,-0.035340,-0.005319,0.035934,1.076474,10.150436,1.527641,10.150436,95.711897,14.404648,1.527641,14.404648,2.167901,-0.000000,0.000000,98.956271,0.017084,0.103498,0.058880,0.015514,0.100794,0.053406,0.001570,0.002704,0.005473,-0.047402,-0.491329,-0.033085,0.494718,0.968116,10.034618,0.675699,10.034618,104.009761,7.003688,0.675699,7.003688,0.471606,-0.000000,0.000000,105.449484,-0.047402,-0.491329,-0.033085,0.494718,1.099026,11.391509,0.767068,11.391509,118.074057,7.950733,0.767068,7.950733,0.535377,-0.000000,-0.000000,119.708460,0.030386,0.090197,0.058017,0.030443,0.089955,0.058127,-0.000057,0.000241,-0.000110,-0.000018,-0.001175,-0.000340,0.001224,0.019708,1.253758,0.363053,1.253758,79.760362,23.096329,0.363053,23.096329,6.688039,-0.000000,0.000000,86.468109,-0.000018,-0.001175,-0.000340,0.001224,0.019592,1.246400,0.360922,1.246400,79.292278,22.960785,0.360922,22.960785,6.648789,-0.000000,0.000000,85.960659
3.0787,post_ramp,0.518,100.0000,4.215379,-1.299282,-1.291612,-0.073631,-0.076699,1.165825,-1.998777,0.977146,-2.699806,1.287010,-2.469709,1.412796,-1.965029,0.016717,0.172133,0.023981,0.023981,-0.037092,0.023981,0.023981,0.023981,0.023981,-0.181028,0.168732,0.023981,0.023981,1.565891,-0.735720,1.067448,0.063805,0.002557,0.000000,-0.002557,-0.003835,0.708822,0.916870,0.916870,0.594105,1.197784,1.197784,0.782502,1.132894,1.132894,0.858980,1.016044,1.016044,-0.006690,0.088600,-0.012502,0.003613,0.061050,-0.009209,-0.010304,0.027550,-0.003293,0.317263,-0.550325,0.734153,0.970821,12.859595,-22.306257,29.757347,-22.306257,38.692442,-51.617105,29.757347,-51.617105,68.859070,0.000000,0.000000,120.411106,0.317263,-0.550325,0.734153,0.970821,9.147060,-15.866493,21.166471,-15.866493,27.522025,-36.715369,21.166471,-36.715369,48.979618,-0.000000,0.000000,85.648703,-0.017083,0.115269,0.077039,-0.016418,0.114029,0.072616,-0.000665,0.001240,0.004423,-0.027720,-0.312650,-0.224592,0.385954,0.540330,6.094335,4.377871,6.094335,68.737485,49.377633,4.377871,49.377633,35.470466,-0.000000,0.000000,104.748281,-0.027720,-0.312650,-0.224592,0.385954,0.569169,6.419613,4.611535,6.419613,72.406266,52.013105,4.611535,52.013105,37.363660,0.000000,0.000000,110.339096,0.001650,0.107078,0.073470,0.001630,0.106986,0.072969,0.000020,0.000092,0.000501,-0.003748,-0.035340,-0.005319,0.035934,1.062358,10.017331,1.507609,10.017331,94.456798,14.215756,1.507609,14.215756,2.139472,-0.000000,0.000000,97.658628,-0.003748,-0.035340,-0.005319,0.035934,1.076474,10.150436,1.527641,10.150436,95.711897,14.404648,1.527641,14.404648,2.167901,-0.000000,0.000000,98.956271,0.017111,0.103591,0.058969,0.015514,0.100794,0.053406,0.001597,0.002797,0.005563,-0.048939,-0.502119,-0.035647,0.505756,0.988612,10.143264,0.720098,10.143264,104.070909,7.388281,0.720098,7.388281,0.524514,-0.000000,-0.000000,105.584036,-0.048939,-0.502119,-0.035647,0.505756,1.123617,11.528426,0.818435,11.528426,118.282808,8.397223,0.818435,8.397223,0.596142,-0.000000,0.000000,120.002568,0.030386,0.090197,0.058017,0.030443,0.089955,0.058127,-0.000057,0.000241,-0.000110,-0.000018,-0.001176,-0.000340,0.001224,0.019708,1.253758,0.363053,1.253758,79.760362,23.096329,0.363053,23.096329,6.688039,-0.000000,0.000000,86.468109,-0.000018,-0.001176,-0.000340,0.001224,0.019592,1.246400,0.360922,1.246400,79.292283,22.960787,0.360922,22.960787,6.648790,-0.000000,0.000000,85.960665
3.0969,post_ramp,0.518,100.0000,4.216913,-1.299282,-1.291612,-0.073631,-0.076699,1.165825,-1.998777,0.977146,-2.699806,1.287010,-2.466641,1.412796,-1.965029,0.011282,0.214278,0.023981,0.023981,-0.015156,0.023981,0.023981,0.023981,0.023981,-0.128348,0.179563,0.023981,0.023981,1.566461,-0.735720,1.067448,0.063805,0.002557,0.000000,-0.002557,-0.003835,0.708822,0.916870,0.916870,0.594105,1.197784,1.197784,0.782502,1.131487,1.131487,0.858980,1.016044,1.016044,-0.006652,0.088588,-0.012492,0.003613,0.061050,-0.009209,-0.010265,0.027539,-0.003284,0.316116,-0.549238,0.732345,0.968463,12.828995,-22.289861,29.720910,-22.289861,38.727734,-51.638881,29.720910,-51.638881,68.854378,-0.000000,-0.000000,120.411106,0.316116,-0.549238,0.732345,0.968463,9.124463,-15.853386,21.138627,-15.853386,27.544619,-36.727512,21.138627,-36.727512,48.971820,-0.000000,0.000000,85.640902,-0.017083,0.115269,0.077039,-0.016418,0.114029,0.072616,-0.000665,0.001240,0.004423,-0.027720,-0.312650,-0.224592,0.385954,0.540330,6.094335,4.377871,6.094335,68.737485,49.377633,4.377871,49.377633,35.470466,-0.000000,0.000000,104.748281,-0.027720,-0.312650,-0.224592,0.385954,0.569169,6.419613,4.611535,6.419613,72.406266,52.013105,4.611535,52.013105,37.363660,-0.000000,0.000000,110.339096,0.001650,0.107078,0.073470,0.001630,0.106986,0.072969,0.000020,0.000092,0.000501,-0.003748,-0.035340,-0.005319,0.035934,1.062358,10.017331,1.507609,10.017331,94.456798,14.215756,1.507609,14.215756,2.139472,-0.000000,0.000000,97.658628,-0.003748,-0.035340,-0.005319,0.035934,1.076474,10.150436,1.527641,10.150436,95.711897,14.404648,1.527641,14.404648,2.167901,-0.000000,0.000000,98.956271,0.017124,0.103665,0.059005,0.015514,0.100794,0.053406,0.001610,0.002871,0.005598,-0.049924,-0.508355,-0.037486,0.512174,1.004447,10.227829,0.754204,10.227829,104.145323,7.679714,0.754204,7.679714,0.566305,-0.000000,0.000000,105.716075,-0.049924,-0.508355,-0.037486,0.512174,1.141645,11.624847,0.857220,11.624847,118.370523,8.728686,0.857220,8.728686,0.643656,-0.000000,0.000000,120.155824,0.030386,0.090197,0.058017,0.030443,0.089955,0.058127,-0.000057,0.000241,-0.000110,-0.000018,-0.001176,-0.000341,0.001224,0.019708,1.253758,0.363053,1.253758,79.760362,23.096329,0.363053,23.096329,6.688039,-0.000000,0.000000,86.468109,-0.000018,-0.001176,-0.000341,0.001224,0.019592,1.246400,0.360922,1.246400,79.292286,22.960788,0.360922,22.960788,6.648790,-0.000000,0.000000,85.960668
3.1151,post_ramp,0.518,100.0000,4.216913,-1.299282,-1.291612,-0.073631,-0.078233,1.165825,-1.998777,0.977146,-2.699806,1.287010,-2.463573,1.412796,-1.965029,0.013542,0.160029,0.021583,0.023981,-0.009621,0.023981,0.023981,0.023981,0.023981,-0.074363,0.185318,0.023981,0.023981,1.566461,-0.735720,1.067448,0.063805,0.002608,0.000000,-0.002608,-0.003912,0.708822,0.916870,0.916870,0.594105,1.197784,1.197784,0.782502,1.130079,1.130079,0.858980,1.016044,1.016044,-0.006652,0.088588,-0.012492,0.003613,0.061050,-0.009209,-0.010265,0.027539,-0.003284,0.316116,-0.549238,0.732345,0.968463,12.828995,-22.289861,29.720910,-22.289861,38.727734,-51.638881,29.720910,-51.638881,68.854378,-0.000000,-0.000000,120.411106,0.316116,-0.549238,0.732345,0.968463,9.124463,-15.853386,21.138627,-15.853386,27.544619,-36.727512,21.138627,-36.727512,48.971820,-0.000000,0.000000,85.640902,-0.017082,0.115269,0.077039,-0.016418,0.114029,0.072616,-0.000664,0.001240,0.004423,-0.027735,-0.312638,-0.224586,0.385941,0.540939,6.097732,4.380357,6.097732,68.736588,49.377511,4.380357,49.377511,35.470753,-0.000000,0.000000,104.748281,-0.027735,-0.312638,-0.224586,0.385941,0.569811,6.423181,4.614147,6.423181,72.405210,52.012896,4.614147,52.012896,37.363905,-0.000000,0.000000,110.338925,0.001650,0.107078,0.073470,0.001630,0.106986,0.072969,0.000020,0.000092,0.000501,-0.003748,-0.035340,-0.005319,0.035934,1.062358,10.017331,1.507609,10.017331,94.456798,14.215756,1.507609,14.215756,2.139472,-0.000000,0.000000,97.658628,-0.003748,-0.035340,-0.005319,0.035934,1.076474,10.150436,1.527641,10.150436,95.711897,14.404648,1.527641,14.404648,2.167901,-0.000000,0.000000,98.956271,0.017135,0.103740,0.059040,0.015514,0.100794,0.053406,0.001621,0.002945,0.005634,-0.050905,-0.514562,-0.039362,0.518570,1.019952,10.309953,0.788679,10.309953,104.215811,7.972181,0.788679,7.972181,0.609847,-0.000000,-0.000000,105.845610,-0.050905,-0.514562,-0.039362,0.518570,1.159284,11.718360,0.896418,11.718360,118.452363,9.061233,0.896418,9.061233,0.693156,-0.000000,0.000000,120.304803,0.030385,0.090196,0.058017,0.030443,0.089955,0.058127,-0.000058,0.000241,-0.000110,-0.000018,-0.001130,-0.000327,0.001177,0.019609,1.250613,0.362165,1.250613,79.759657,23.097614,0.362165,23.097614,6.688843,-0.000000,0.000000,86.468109,-0.000018,-0.001130,-0.000327,0.001177,0.019494,1.243253,0.360034,1.243253,79.290282,22.961688,0.360034,22.961688,6.649480,-0.000000,-0.000000,85.959256
3.1333,post_ramp,0.518,100.0000,4.215379,-1.302350,-1.291612,-0.073631,-0.078233,1.165825,-1.998777,0.977146,-2.699806,1.287010,-2.460505,1.412796,-1.965029,0.013877,0.070669,0.011470,0.023981,-0.016350,0.023981,0.023981,0.023981,0.023981,-0.034963,0.188377,0.023981,0.023981,1.565891,-0.737457,1.067448,0.063805,0.002608,0.000000,-0.002608,-0.003912,0.708822,0.916870,0.916870,0.594105,1.197784,1.197784,0.782502,1.128672,1.128672,0.858980,1.016044,1.016044,-0.006672,0.088549,-0.012594,0.003613,0.061050,-0.009209,-0.010285,0.027499,-0.003385,0.318174,-0.551123,0.737730,0.974278,12.840557,-22.241732,29.772637,-22.241732,38.525948,-51.570582,29.772637,-51.570582,69.032045,-0.000000,0.000000,120.398550,0.318174,-0.551123,0.737730,0.974278,9.141036,-15.833617,21.194777,-15.833617,27.426152,-36.712468,21.194777,-36.712468,49.143070,-0.000000,0.000000,85.710257,-0.017082,0.115269,0.077039,-0.016418,0.114029,0.072616,-0.000664,0.001240,0.004423,-0.027735,-0.312638,-0.224586,0.385941,0.540939,6.097732,4.380357,6.097732,68.736588,49.377511,4.380357,49.377511,35.470753,-0.000000,0.000000,104.748281,-0.027735,-0.312638,-0.224586,0.385941,0.569811,6.423181,4.614147,6.423181,72.405210,52.012896,4.614147,52.012896,37.363904,-0.000000,0.000000,110.338925,0.001650,0.107078,0.073470,0.001630,0.106986,0.072969,0.000020,0.000092,0.000501,-0.003748,-0.035340,-0.005319,0.035934,1.062358,10.017331,1.507609,10.017331,94.456798,14.215756,1.507609,14.215756,2.139472,-0.000000,0.000000,97.658628,-0.003748,-0.035340,-0.005319,0.035934,1.076474,10.150436,1.527641,10.150436,95.711897,14.404648,1.527641,14.404648,2.167901,-0.000000,0.000000,98.956271,0.017148,0.103814,0.059076,0.015514,0.100794,0.053406,0.001634,0.003020,0.005669,-0.051907,-0.520775,-0.041270,0.524980,1.035998,10.394023,0.823699,10.394023,104.281744,8.264053,0.823699,8.264053,0.654904,-0.000000,0.000000,105.972647,-0.051907,-0.520775,-0.041270,0.524980,1.177536,11.814054,0.936233,11.814054,118.528713,9.393088,0.936233,9.393088,0.744377,-0.000000,0.000000,120.450627,0.030385,0.090196,0.058017,0.030443,0.089955,0.058127,-0.000058,0.000241,-0.000110,-0.000018,-0.001130,-0.000327,0.001177,0.019609,1.250613,0.362165,1.250613,79.759657,23.097615,0.362165,23.097615,6.688843,-0.000000,0.000000,86.468109,-0.000018,-0.001130,-0.000327,0.001177,0.019494,1.243253,0.360034,1.243253,79.290285,22.961689,0.360034,22.961689,6.649480,-0.000000,0.000000,85.959259
3.1520,post_ramp,0.518,100.0000,4.216913,-1.303884,-1.291612,-0.073631,-0.076699,1.165825,-1.998777,0.977146,-2.699806,1.287010,-2.455903,1.412796,-1.965029,0.009773,-0.002652,0.012594,0.023981,0.004641,0.023981,0.023981,0.023981,0.023981,-0.007344,0.190003,0.023981,0.023981,1.566461,-0.738326,1.067448,0.063805,0.002557,0.000000,-0.002557,-0.003835,0.708822,0.916870,0.916870,0.594105,1.197784,1.197784,0.782502,1.126561,1.126561,0.858980,1.016044,1.016044,-0.006624,0.088512,-0.012630,0.003613,0.061050,-0.009209,-0.010237,0.027462,-0.003421,0.317483,-0.550442,0.737714,0.973655,12.800557,-22.193218,29.743826,-22.193218,38.477926,-51.568941,29.743826,-51.568941,69.113800,-0.000000,0.000000,120.392284,0.317483,-0.550442,0.737714,0.973655,9.115492,-15.804163,21.181078,-15.804163,27.400778,-36.723110,21.181078,-36.723110,49.217099,-0.000000,0.000000,85.733370,-0.017083,0.115269,0.077039,-0.016418,0.114029,0.072616,-0.000665,0.001240,0.004423,-0.027720,-0.312650,-0.224592,0.385954,0.540330,6.094335,4.377871,6.094335,68.737485,49.377633,4.377871,49.377633,35.470466,-0.000000,0.000000,104.748281,-0.027720,-0.312650,-0.224592,0.385954,0.569169,6.419613,4.611535,6.419613,72.406266,52.013105,4.611535,52.013105,37.363660,-0.000000,0.000000,110.339095,0.001650,0.107078,0.073470,0.001630,0.106986,0.072969,0.000020,0.000092,0.000501,-0.003748,-0.035340,-0.005319,0.035934,1.062358,10.017331,1.507609,10.017331,94.456798,14.215756,1.507609,14.215756,2.139472,-0.000000,0.000000,97.658628,-0.003748,-0.035340,-0.005319,0.035934,1.076474,10.150436,1.527641,10.150436,95.711897,14.404648,1.527641,14.404648,2.167901,-0.000000,0.000000,98.956271,0.017167,0.103925,0.059130,0.015514,0.100794,0.053406,0.001653,0.003131,0.005723,-0.053439,-0.530089,-0.044193,0.534606,1.060724,10.521895,0.877194,10.521895,104.372396,8.701361,0.877194,8.701361,0.725419,-0.000000,-0.000000,106.158538,-0.053439,-0.530089,-0.044193,0.534606,1.205650,11.959502,0.997045,11.959502,118.632800,9.890229,0.997045,9.890229,0.824533,-0.000000,0.000000,120.662983,0.030386,0.090197,0.058017,0.030443,0.089955,0.058127,-0.000057,0.000241,-0.000110,-0.000018,-0.001177,-0.000341,0.001225,0.019708,1.253758,0.363053,1.253758,79.760362,23.096329,0.363053,23.096329,6.688039,-0.000000,0.000000,86.468109,-0.000018,-0.001177,-0.000341,0.001225,0.019592,1.246400,0.360922,1.246400,79.292296,22.960791,0.360922,22.960791,6.648791,-0.000000,-0.000000,85.960679
3.1696,post_ramp,0.518,100.0000,4.215379,-1.305418,-1.291612,-0.073631,-0.075165,1.165825,-1.998777,0.977146,-2.699806,1.288544,-2.452835,1.412796,-1.965029,0.011874,-0.039856,0.017930,0.023981,0.043007,0.023981,0.023981,0.023981,0.023981,0.007789,0.190867,0.023981,0.023981,1.565891,-0.739195,1.067448,0.063805,0.002506,0.000000,-0.002506,-0.003758,0.708822,0.916870,0.916870,0.594105,1.197784,1.197784,0.783435,1.125154,1.125154,0.858980,1.016044,1.016044,-0.006653,0.088498,-0.012685,0.003613,0.061050,-0.009209,-0.010266,0.027448,-0.003476,0.319085,-0.551915,0.741317,0.977740,12.821563,-22.177242,29.787825,-22.177242,38.359601,-51.523498,29.787825,-51.523498,69.204862,-0.000000,0.000000,120.386026,0.319085,-0.551915,0.741317,0.977740,9.135033,-15.800713,21.223057,-15.800713,27.330227,-36.709164,21.223057,-36.709164,49.306680,-0.000000,0.000000,85.771940,-0.017084,0.115269,0.077039,-0.016418,0.114029,0.072616,-0.000667,0.001240,0.004423,-0.027705,-0.312662,-0.224599,0.385966,0.539721,6.090939,4.375385,6.090939,68.738381,49.377755,4.375385,49.377755,35.470179,-0.000000,0.000000,104.748281,-0.027705,-0.312662,-0.224599,0.385966,0.568529,6.416045,4.608923,6.416045,72.407322,52.013314,4.608923,52.013314,37.363415,-0.000000,0.000000,110.339266,0.001650,0.107078,0.073470,0.001630,0.106986,0.072969,0.000020,0.000092,0.000501,-0.003748,-0.035340,-0.005319,0.035934,1.062358,10.017331,1.507609,10.017331,94.456798,14.215756,1.507609,14.215756,2.139472,-0.000000,0.000000,97.658628,-0.003748,-0.035340,-0.005319,0.035934,1.076474,10.150436,1.527641,10.150436,95.711897,14.404648,1.527641,14.404648,2.167901,-0.000000,0.000000,98.956271,0.017165,0.103982,0.059111,0.015514,0.100794,0.053406,0.001651,0.003187,0.005704,-0.053880,-0.531720,-0.045304,0.536360,1.072484,10.583928,0.901775,10.583928,104.448646,8.899268,0.901775,8.899268,0.758238,-0.000000,0.000000,106.279369,-0.053880,-0.531720,-0.045304,0.536360,1.217658,12.016586,1.023841,12.016586,118.586979,10.103886,1.023841,10.103886,0.860875,-0.000000,0.000000,120.665512,0.030387,0.090197,0.058017,0.030443,0.089955,0.058127,-0.000056,0.000242,-0.000110,-0.000019,-0.001223,-0.000354,0.001273,0.019807,1.256903,0.363940,1.256903,79.761067,23.095044,0.363940,23.095044,6.687236,0.000000,0.000000,86.468109,-0.000019,-0.001223,-0.000354,0.001273,0.019691,1.249548,0.361810,1.249548,79.294303,22.959891,0.361810,22.959891,6.648102,-0.000000,0.000000,85.962095
3.1878,post_ramp,0.518,100.0000,4.215379,-1.303884,-1.291612,-0.073631,-0.073631,1.165825,-1.998777,0.977146,-2.699806,1.296214,-2.451301,1.412796,-1.965029,0.007076,-0.045994,0.020765,0.023981,0.064812,0.023981,0.023981,0.023981,0.023981,0.062689,0.188928,0.023981,0.023981,1.565891,-0.738326,1.067448,0.063805,0.002454,0.000000,-0.002454,-0.003682,0.708822,0.916870,0.916870,0.594105,1.197784,1.197784,0.788098,1.124450,1.124450,0.858980,1.016044,1.016044,-0.006662,0.088524,-0.012639,0.003613,0.061050,-0.009209,-0.010276,0.027474,-0.003430,0.318629,-0.551520,0.739522,0.976008,12.831055,-22.209483,29.780244,-22.209483,38.442756,-51.547110,29.780244,-51.547110,69.118473,-0.000000,0.000000,120.392284,0.318629,-0.551520,0.739522,0.976008,9.138032,-15.817169,21.208920,-15.817169,27.378196,-36.710866,21.208920,-36.710866,49.224855,-0.000000,0.000000,85.741082,-0.017086,0.115269,0.077039,-0.016418,0.114029,0.072616,-0.000668,0.001240,0.004423,-0.027690,-0.312675,-0.224605,0.385979,0.539112,6.087542,4.372899,6.087542,68.739278,49.377877,4.372899,49.377877,35.469891,-0.000000,-0.000000,104.748281,-0.027690,-0.312675,-0.224605,0.385979,0.567888,6.412477,4.606311,6.412477,72.408378,52.013523,4.606311,52.013523,37.363170,-0.000000,0.000000,110.339437,0.001650,0.107078,0.073470,0.001630,0.106986,0.072969,0.000020,0.000092,0.000501,-0.003748,-0.035340,-0.005319,0.035934,1.062358,10.017331,1.507609,10.017331,94.456798,14.215756,1.507609,14.215756,2.139472,-0.000000,0.000000,97.658628,-0.003748,-0.035340,-0.005319,0.035934,1.076474,10.150436,1.527641,10.150436,95.711897,14.404648,1.527641,14.404648,2.167901,-0.000000,0.000000,98.956271,0.017095,0.103929,0.058853,0.015514,0.100794,0.053406,0.001581,0.003134,0.005447,-0.051447,-0.511961,-0.041986,0.516250,1.056085,10.509272,0.861859,10.509272,104.579421,8.576493,0.861859,8.576493,0.703353,-0.000000,0.000000,106.338859,-0.051447,-0.511961,-0.041986,0.516250,1.192352,11.865283,0.973064,11.865283,118.073301,9.683118,0.973064,9.683118,0.794107,-0.000000,0.000000,120.059760,0.030388,0.090197,0.058017,0.030443,0.089955,0.058127,-0.000055,0.000242,-0.000110,-0.000020,-0.001268,-0.000367,0.001320,0.019906,1.260048,0.364827,1.260048,79.761772,23.093758,0.364827,23.093758,6.686432,-0.000000,0.000000,86.468109,-0.000020,-0.001268,-0.000367,0.001320,0.019790,1.252694,0.362698,1.252694,79.296297,22.958987,0.362698,22.958987,6.647411,-0.000000,0.000000,85.963498
3.2067,post_ramp,0.518,100.0000,4.216913,-1.303884,-1.291612,-0.073631,-0.073631,1.165825,-1.998777,0.977146,-2.699806,1.313088,-2.448233,1.412796,-1.965029,0.008843,-0.013388,0.022272,0.023981,0.069569,0.023981,0.023981,0.023981,0.023981,0.231995,0.180475,0.023981,0.023981,1.566461,-0.738326,1.067448,0.063805,0.002454,0.000000,-0.002454,-0.003682,0.708822,0.916870,0.916870,0.594105,1.197784,1.197784,0.798357,1.123043,1.123043,0.858980,1.016044,1.016044,-0.006624,0.088512,-0.012630,0.003613,0.061050,-0.009209,-0.010237,0.027462,-0.003421,0.317483,-0.550442,0.737714,0.973655,12.800557,-22.193218,29.743826,-22.193218,38.477926,-51.568941,29.743826,-51.568941,69.113800,-0.000000,0.000000,120.392284,0.317483,-0.550442,0.737714,0.973655,9.115492,-15.804163,21.181078,-15.804163,27.400778,-36.723110,21.181078,-36.723110,49.217099,-0.000000,0.000000,85.733370,-0.017086,0.115269,0.077039,-0.016418,0.114029,0.072616,-0.000668,0.001240,0.004423,-0.027690,-0.312675,-0.224605,0.385979,0.539112,6.087542,4.372899,6.087542,68.739278,49.377877,4.372899,49.377877,35.469891,-0.000000,0.000000,104.748281,-0.027690,-0.312675,-0.224605,0.385979,0.567888,6.412477,4.606311,6.412477,72.408379,52.013523,4.606311,52.013523,37.363170,-0.000000,0.000000,110.339437,0.001650,0.107078,0.073470,0.001630,0.106986,0.072969,0.000020,0.000092,0.000501,-0.003748,-0.035340,-0.005319,0.035934,1.062358,10.017331,1.507609,10.017331,94.456798,14.215756,1.507609,14.215756,2.139472,-0.000000,0.000000,97.658628,-0.003748,-0.035340,-0.005319,0.035934,1.076474,10.150436,1.527641,10.150436,95.711897,14.404648,1.527641,14.404648,2.167901,-0.000000,0.000000,98.956271,0.016938,0.103801,0.058283,0.015514,0.100794,0.053406,0.001424,0.003007,0.004877,-0.046080,-0.467712,-0.034954,0.471275,1.017772,10.330344,0.772027,10.330344,104.852604,7.836040,0.772027,7.836040,0.585618,-0.000000,0.000000,106.455993,-0.046080,-0.467712,-0.034954,0.471275,1.134911,11.519309,0.860882,11.519309,116.920551,8.737925,0.860882,8.737925,0.653019,-0.000000,0.000000,118.708481,0.030388,0.090197,0.058017,0.030443,0.089955,0.058127,-0.000055,0.000242,-0.000110,-0.000020,-0.001266,-0.000366,0.001318,0.019906,1.260048,0.364827,1.260048,79.761771,23.093758,0.364827,23.093758,6.686432,-0.000000,0.000000,86.468109,-0.000020,-0.001266,-0.000366,0.001318,0.019790,1.252694,0.362698,1.252694,79.296269,22.958979,0.362698,22.958979,6.647409,-0.000000,-0.000000,85.963467
3.2248,post_ramp,0.518,100.0000,4.215379,-1.303884,-1.291612,-0.073631,-0.075165,1.165825,-1.998777,0.977146,-2.699806,1.331495,-2.446699,1.412796,-1.965029,0.021499,0.010802,0.023073,0.023981,0.048800,0.023981,0.023981,0.023981,0.023981,0.507784,0.160932,0.023981,0.023981,1.565891,-0.738326,1.067448,0.063805,0.002506,0.000000,-0.002506,-0.003758,0.708822,0.916870,0.916870,0.594105,1.197784,1.197784,0.809549,1.122339,1.122339,0.858980,1.016044,1.016044,-0.006662,0.088524,-0.012639,0.003613,0.061050,-0.009209,-0.010276,0.027474,-0.003430,0.318629,-0.551520,0.739522,0.976008,12.831055,-22.209483,29.780244,-22.209483,38.442756,-51.547110,29.780244,-51.547110,69.118473,-0.000000,0.000000,120.392284,0.318629,-0.551520,0.739522,0.976008,9.138032,-15.817169,21.208920,-15.817169,27.378196,-36.710866,21.208920,-36.710866,49.224855,-0.000000,0.000000,85.741082,-0.017084,0.115269,0.077039,-0.016418,0.114029,0.072616,-0.000667,0.001240,0.004423,-0.027705,-0.312662,-0.224599,0.385966,0.539721,6.090939,4.375385,6.090939,68.738381,49.377755,4.375385,49.377755,35.470179,-0.000000,0.000000,104.748281,-0.027705,-0.312662,-0.224599,0.385966,0.568529,6.416045,4.608923,6.416045,72.407323,52.013314,4.608923,52.013314,37.363415,-0.000000,0.000000,110.339267,0.001650,0.107078,0.073470,0.001630,0.106986,0.072969,0.000020,0.000092,0.000501,-0.003748,-0.035340,-0.005319,0.035934,1.062358,10.017331,1.507609,10.017331,94.456798,14.215756,1.507609,14.215756,2.139472,-0.000000,0.000000,97.658628,-0.003748,-0.035340,-0.005319,0.035934,1.076474,10.150436,1.527641,10.150436,95.711897,14.404648,1.527641,14.404648,2.167901,-0.000000,0.000000,98.956271,0.016759,0.103610,0.057642,0.015514,0.100794,0.053406,0.001245,0.002816,0.004235,-0.039872,-0.415669,-0.027099,0.418455,0.967030,10.081406,0.657247,10.081406,105.099907,6.851879,0.657247,6.851879,0.446701,-0.000000,0.000000,106.513638,-0.039872,-0.415669,-0.027099,0.418455,1.063563,11.087780,0.722856,11.087780,115.591479,7.535866,0.722856,7.535866,0.491293,-0.000000,0.000000,117.146336,0.030387,0.090197,0.058017,0.030443,0.089955,0.058127,-0.000056,0.000242,-0.000110,-0.000019,-0.001217,-0.000352,0.001267,0.019807,1.256903,0.363940,1.256903,79.761067,23.095044,0.363940,23.095044,6.687236,-0.000000,-0.000000,86.468109,-0.000019,-0.001217,-0.000352,0.001267,0.019691,1.249546,0.361810,1.249546,79.294230,22.959870,0.361810,22.959870,6.648096,-0.000000,0.000000,85.962017
3.2430,post_ramp,0.518,100.0000,4.216913,-1.303884,-1.291612,-0.073631,-0.075165,1.165825,-1.998777,0.977146,-2.699806,1.345301,-2.443631,1.412796,-1.965029,0.016163,0.016977,0.023498,0.023981,0.016114,0.023981,0.023981,0.023981,0.023981,0.726737,0.152945,0.023981,0.023981,1.566461,-0.738326,1.067448,0.063805,0.002506,0.000000,-0.002506,-0.003758,0.708822,0.916870,0.916870,0.594105,1.197784,1.197784,0.817943,1.120932,1.120932,0.858980,1.016044,1.016044,-0.006624,0.088512,-0.012630,0.003613,0.061050,-0.009209,-0.010237,0.027462,-0.003421,0.317483,-0.550442,0.737714,0.973655,12.800557,-22.193218,29.743826,-22.193218,38.477926,-51.568941,29.743826,-51.568941,69.113800,-0.000000,0.000000,120.392284,0.317483,-0.550442,0.737714,0.973655,9.115492,-15.804163,21.181078,-15.804163,27.400778,-36.723110,21.181078,-36.723110,49.217099,-0.000000,0.000000,85.733370,-0.017084,0.115269,0.077039,-0.016418,0.114029,0.072616,-0.000667,0.001240,0.004423,-0.027705,-0.312662,-0.224599,0.385966,0.539721,6.090939,4.375385,6.090939,68.738381,49.377755,4.375385,49.377755,35.470179,-0.000000,-0.000000,104.748281,-0.027705,-0.312662,-0.224599,0.385966,0.568529,6.416045,4.608923,6.416045,72.407323,52.013315,4.608923,52.013315,37.363415,-0.000000,0.000000,110.339267,0.001650,0.107078,0.073470,0.001630,0.106986,0.072969,0.000020,0.000092,0.000501,-0.003748,-0.035340,-0.005319,0.035934,1.062358,10.017331,1.507609,10.017331,94.456798,14.215756,1.507609,14.215756,2.139472,-0.000000,0.000000,97.658628,-0.003748,-0.035340,-0.005319,0.035934,1.076474,10.150436,1.527641,10.150436,95.711897,14.404648,1.527641,14.404648,2.167901,-0.000000,0.000000,98.956271,0.016633,0.103510,0.057183,0.015514,0.100794,0.053406,0.001119,0.002716,0.003777,-0.035924,-0.380329,-0.022727,0.382697,0.939565,9.947209,0.594415,9.947209,105.311472,6.293093,0.594415,6.293093,0.376056,-0.000000,0.000000,106.627093,-0.035924,-0.380329,-0.022727,0.382697,1.022661,10.826950,0.646986,10.826950,114.625321,6.849661,0.646986,6.849661,0.409315,0.000000,0.000000,116.057297,0.030387,0.090197,0.058017,0.030443,0.089955,0.058127,-0.000056,0.000242,-0.000110,-0.000019,-0.001215,-0.000352,0.001265,0.019807,1.256903,0.363940,1.256903,79.761067,23.095044,0.363940,23.095044,6.687236,-0.000000,-0.000000,86.468109,-0.000019,-0.001215,-0.000352,0.001265,0.019691,1.249546,0.361810,1.249546,79.294208,22.959863,0.361810,22.959863,6.648094,-0.000000,0.000000,85.961992
3.2611,post_ramp,0.518,100.0000,4.216913,-1.302350,-1.291612,-0.073631,-0.076699,1.165825,-1.998777,0.977146,-2.699806,1.352971,-2.442097,1.412796,-1.965029,0.008590,0.022657,0.023724,0.023981,-0.014436,0.023981,0.023981,0.023981,0.023981,0.768228,0.141038,0.023981,0.023981,1.566461,-0.737457,1.067448,0.063805,0.002557,0.000000,-0.002557,-0.003835,0.708822,0.916870,0.916870,0.594105,1.197784,1.197784,0.822606,1.120228,1.120228,0.858980,1.016044,1.016044,-0.006633,0.088538,-0.012584,0.003613,0.061050,-0.009209,-0.010247,0.027488,-0.003375,0.317027,-0.550042,0.735922,0.971923,12.810026,-22.225423,29.736213,-22.225423,38.561159,-51.592395,29.736213,-51.592395,69.027366,-0.000000,0.000000,120.398550,0.317027,-0.550042,0.735922,0.971923,9.118477,-15.820578,21.166934,-15.820578,27.448738,-36.724678,21.166934,-36.724678,49.135300,-0.000000,0.000000,85.702515,-0.017083,0.115269,0.077039,-0.016418,0.114029,0.072616,-0.000665,0.001240,0.004423,-0.027720,-0.312650,-0.224592,0.385954,0.540330,6.094335,4.377871,6.094335,68.737485,49.377633,4.377871,49.377633,35.470466,0.000000,0.000000,104.748281,-0.027720,-0.312650,-0.224592,0.385954,0.569169,6.419613,4.611535,6.419613,72.406267,52.013106,4.611535,52.013106,37.363660,-0.000000,0.000000,110.339097,0.001650,0.107078,0.073470,0.001630,0.106986,0.072969,0.000020,0.000092,0.000501,-0.003748,-0.035340,-0.005319,0.035934,1.062358,10.017331,1.507609,10.017331,94.456798,14.215756,1.507609,14.215756,2.139472,-0.000000,0.000000,97.658628,-0.003748,-0.035340,-0.005319,0.035934,1.076474,10.150436,1.527641,10.150436,95.711897,14.404648,1.527641,14.404648,2.167901,-0.000000,0.000000,98.956271,0.016562,0.103448,0.056927,0.015514,0.100794,0.053406,0.001048,0.002654,0.003520,-0.033717,-0.360299,-0.020391,0.362448,0.923198,9.865365,0.558315,9.865365,105.422060,5.966198,0.558315,5.966198,0.337648,-0.000000,0.000000,106.682905,-0.033717,-0.360299,-0.020391,0.362448,0.999002,10.675409,0.604158,10.675409,114.078253,6.456081,0.604158,6.456081,0.365372,-0.000000,0.000000,115.442627,0.030386,0.090197,0.058017,0.030443,0.089955,0.058127,-0.000057,0.000241,-0.000110,-0.000018,-0.001168,-0.000338,0.001216,0.019708,1.253758,0.363053,1.253758,79.760362,23.096329,0.363053,23.096329,6.688039,-0.000000,0.000000,86.468109,-0.000018,-0.001168,-0.000338,0.001216,0.019592,1.246399,0.360922,1.246399,79.292189,22.960760,0.360922,22.960760,6.648782,-0.000000,0.000000,85.960563
