Time_s,Phase,Force_N,Motor1_pos_deg,Motor2_pos_deg,Motor1_vel_degs,Motor2_vel_degs,Motor1_torque_Nm,Motor2_torque_Nm,UR5_Z_m,UR5_displacement_m,Stiffness_Nmrad,Offset_mm
0.0007,descent,1.1436,46.4941,43.3301,-49.4640,0.0000,0.035979,0.239290,0.084991,0.000009,0.6000,+0
0.0018,descent,1.1436,46.4062,43.3301,-49.4640,0.0000,0.036158,0.239285,0.084986,0.000014,0.6000,+0
0.0029,descent,1.1436,46.4062,43.4180,-49.4640,1.3740,0.036163,0.144110,0.084986,0.000014,0.6000,+0
0.0040,descent,1.1436,46.3184,43.4180,-49.4640,1.3740,0.036342,0.144105,0.085014,-0.000014,0.6000,+0
0.0051,descent,1.1436,46.2305,43.4180,-49.4640,1.3740,0.036521,0.144101,0.085014,-0.000014,0.6000,+0
0.0063,descent,1.1436,46.2305,43.5059,-48.0900,2.7480,0.036511,0.053317,0.084992,0.000008,0.6000,+0
0.0074,descent,1.1436,46.1426,43.5937,-48.0900,4.1220,0.036695,0.037683,0.084995,0.000005,0.6000,+0
0.0085,descent,1.1436,46.1426,43.5937,-48.0900,4.1220,0.036695,0.037683,0.084995,0.000005,0.6000,+0
0.0096,descent,1.1436,46.0547,43.7695,-46.7160,5.4960,0.036869,0.035621,0.084989,0.000011,0.6000,+0
0.0111,descent,1.1436,46.0547,43.8574,-46.7160,6.8700,0.036874,0.034873,0.084995,0.000005,0.6000,+0
0.0120,descent,1.1436,45.9668,43.9453,-46.7160,8.2440,0.037057,0.034127,0.084995,0.000005,0.6000,+0
0.0130,descent,1.1436,45.9668,44.0332,-46.7160,9.6180,0.037062,0.033386,0.084995,0.000005,0.6000,+0
0.0140,descent,1.1436,45.9668,44.1211,-45.3420,12.3660,0.037052,0.032590,0.084992,0.000008,0.6000,+0
0.0151,descent,1.1436,45.8789,44.2090,-45.3420,13.7400,0.037236,0.031844,0.084994,0.000006,0.6000,+0
0.0162,descent,1.1436,45.7910,44.3848,-45.3420,17.8620,0.037424,0.030302,0.084994,0.000006,0.6000,+0
0.0173,descent,1.1436,45.7910,44.4727,-45.3420,20.6100,0.037429,0.029506,0.084983,0.000017,0.6000,+0
0.0185,descent,1.1436,45.7031,44.5605,-43.9680,23.3580,0.037599,0.028706,0.084983,0.000017,0.6000,+0
0.0196,descent,1.1436,45.7031,44.6484,-43.9680,24.7320,0.037603,0.027965,0.084999,0.000001,0.6000,+0
0.0207,descent,1.1436,45.7031,44.7363,-43.9680,27.4800,0.037608,0.027169,0.084999,0.000001,0.6000,+0
0.0218,descent,1.1436,45.6152,44.8242,-42.5940,30.2280,0.037777,0.026369,0.084982,0.000018,0.6000,+0
0.0229,descent,1.1436,45.6152,44.9121,-42.5940,32.9760,0.037782,0.025573,0.084982,0.000018,0.6000,+0
0.0241,descent,1.1436,45.5273,45.0000,-42.5940,35.7240,0.037966,0.024773,0.084981,0.000019,0.6000,+0
0.0251,descent,1.1436,45.5273,45.1758,-42.5940,38.4720,0.037975,0.023290,0.084987,0.000013,0.6000,+0
0.0262,descent,1.1436,45.4395,45.2637,-41.2200,42.5940,0.038145,0.022435,0.084987,0.000013,0.6000,+0
0.0274,descent,1.1436,45.4395,45.3516,-41.2200,45.3420,0.038149,0.021639,0.084973,0.000027,0.6000,+0
0.0285,descent,1.1436,45.3516,45.4395,-41.2200,46.7160,0.038333,0.020894,0.084973,0.000027,0.6000,+0
0.0296,descent,1.1436,45.3516,45.4395,-39.8460,49.4640,0.038319,0.020785,0.084996,0.000004,0.6000,+0
0.0307,descent,1.1436,45.3516,45.5273,-39.8460,52.2120,0.038323,0.019989,0.084996,0.000004,0.6000,+0
0.0318,descent,1.1436,45.3516,45.5273,-39.8460,53.5860,0.038323,0.019935,0.084986,0.000014,0.6000,+0
0.0329,descent,1.1436,45.2637,45.6152,-38.4720,54.9600,0.038493,0.019189,0.084986,0.000014,0.6000,+0
0.0340,descent,1.1436,45.2637,45.6152,-38.4720,56.3340,0.038493,0.019134,0.084967,0.000033,0.6000,+0
0.0351,descent,1.1436,45.1758,45.7031,-38.4720,59.0820,0.038677,0.018334,0.084978,0.000022,0.6000,+0
0.0363,descent,1.1436,45.1758,45.7031,-37.0980,60.4560,0.038662,0.018279,0.084978,0.000022,0.6000,+0
0.0374,descent,1.1436,45.0879,45.7910,-37.0980,61.8300,0.038846,0.017534,0.084959,0.000041,0.6000,+0
0.0385,descent,1.1436,45.0879,45.7910,-37.0980,61.8300,0.038846,0.017534,0.084959,0.000041,0.6000,+0
0.0396,descent,1.1436,45.0879,45.7910,-35.7240,63.2040,0.038832,0.017479,0.084967,0.000033,0.6000,+0
0.0407,descent,1.1436,45.0879,45.7910,-35.7240,63.2040,0.038832,0.017479,0.084967,0.000033,0.6000,+0
0.0418,descent,1.1436,45.0879,45.7910,-34.3500,61.8300,0.038818,0.017534,0.084964,0.000036,0.6000,+0
0.0429,descent,1.1436,45.0000,45.7910,-34.3500,61.8300,0.038997,0.017529,0.084964,0.000036,0.6000,+0
0.0440,descent,1.1436,45.0000,45.7910,-32.9760,60.4560,0.038982,0.017583,0.084975,0.000025,0.6000,+0
0.0451,descent,1.1436,45.0000,45.7910,-32.9760,59.0820,0.038982,0.017638,0.084963,0.000037,0.6000,+0
0.0462,descent,1.1436,44.9121,45.7910,-31.6020,56.3340,0.039147,0.017742,0.084963,0.000037,0.6000,+0
0.0474,descent,1.1436,44.9121,45.7910,-31.6020,54.9600,0.039147,0.017796,0.084955,0.000045,0.6000,+0
0.0485,descent,1.1436,44.9121,45.7910,-31.6020,53.5860,0.039147,0.017851,0.084955,0.000045,0.6000,+0
0.0496,descent,1.1436,44.9121,45.7910,-30.2280,50.8380,0.039133,0.017960,0.084955,0.000045,0.6000,+0
0.0507,descent,1.1436,44.8242,45.7031,-30.2280,48.0900,0.039307,0.018751,0.084955,0.000045,0.6000,+0
0.0518,descent,1.1436,44.8242,45.7031,-28.8540,45.3420,0.039293,0.018859,0.084962,0.000038,0.6000,+0
0.0529,descent,1.1436,44.8242,45.7031,-28.8540,43.9680,0.039293,0.018914,0.084962,0.000038,0.6000,+0
0.0540,descent,1.1436,44.8242,45.7031,-28.8540,41.2200,0.039293,0.019023,0.084936,0.000064,0.6000,+0
0.0551,descent,1.1436,44.8242,45.7031,-27.4800,38.4720,0.039279,0.019132,0.084949,0.000051,0.6000,+0
0.0563,descent,1.1436,44.7363,45.6152,-26.1060,31.6020,0.039439,0.020086,0.084949,0.000051,0.6000,+0
0.0574,descent,1.1436,44.7363,45.6152,-26.1060,28.8540,0.039439,0.020195,0.084947,0.000053,0.6000,+0
0.0585,descent,1.1436,44.7363,45.6152,-26.1060,26.1060,0.039439,0.020304,0.084947,0.000053,0.6000,+0
0.0596,descent,1.1436,44.7363,45.5273,-24.7320,23.3580,0.039420,0.021099,0.084935,0.000065,0.6000,+0
0.0607,descent,1.1436,44.7363,45.5273,-23.3580,20.6100,0.039406,0.021208,0.084935,0.000065,0.6000,+0
0.0618,descent,1.1436,44.7363,45.5273,-23.3580,17.8620,0.039406,0.021317,0.084936,0.000064,0.6000,+0
0.0629,descent,1.1436,44.6484,45.4395,-23.3580,15.1140,0.039580,0.022108,0.084936,0.000064,0.6000,+0
0.0640,descent,1.1436,44.6484,45.4395,-23.3580,12.3660,0.039580,0.022217,0.084935,0.000065,0.6000,+0
0.0653,descent,1.1436,44.6484,45.3516,-21.9840,6.8700,0.039561,0.023122,0.084924,0.000076,0.6000,+0
0.0662,descent,1.1436,44.6484,45.3516,-20.6100,5.4960,0.039547,0.023183,0.084924,0.000076,0.6000,+0
0.0673,descent,1.1436,44.6484,45.2637,-20.6100,2.7480,0.039542,0.039496,0.084946,0.000054,0.6000,+0
0.0685,descent,1.1436,44.6484,45.2637,-19.2360,0.0000,0.039528,0.224080,0.084946,0.000054,0.6000,+0
0.0696,descent,1.1436,44.6484,45.1758,-17.8620,-2.7480,0.039509,0.040401,0.084929,0.000071,0.6000,+0
0.0707,descent,1.1436,44.6484,45.1758,-17.8620,-5.4960,0.039509,0.024992,0.084929,0.000071,0.6000,+0
0.0718,descent,1.1436,44.6484,45.1758,-16.4880,-6.8700,0.039495,0.025040,0.084922,0.000078,0.6000,+0
0.0729,descent,1.1436,44.6484,45.0000,-16.4880,-9.6180,0.039486,0.026522,0.084922,0.000078,0.6000,+0
0.0741,descent,1.1436,44.6484,45.0000,-16.4880,-10.9920,0.039486,0.026577,0.084916,0.000084,0.6000,+0
0.0752,descent,1.1436,44.6484,44.9121,-13.7400,-13.7400,0.039452,0.027372,0.084923,0.000077,0.6000,+0
0.0763,descent,1.1436,44.6484,44.8242,-13.7400,-16.4880,0.039448,0.028168,0.084923,0.000077,0.6000,+0
0.0774,descent,1.1436,44.6484,44.8242,-12.3660,-17.8620,0.039433,0.028222,0.084917,0.000083,0.6000,+0
0.0785,descent,1.1436,44.6484,44.8242,-12.3660,-19.2360,0.039433,0.028277,0.084917,0.000083,0.6000,+0
0.0796,descent,1.1436,44.6484,44.7363,-10.9920,-20.6100,0.039414,0.029018,0.084912,0.000088,0.6000,+0
0.0807,descent,1.1436,44.5605,44.7363,-10.9920,-21.9840,0.039594,0.029068,0.084912,0.000088,0.6000,+0
0.0818,descent,1.1436,44.6484,44.6484,-10.9920,-23.3580,0.039410,0.029814,0.084918,0.000082,0.6000,+0
0.0829,descent,1.1436,44.6484,44.6484,-9.6180,-24.7320,0.039395,0.029868,0.084918,0.000082,0.6000,+0
0.0840,descent,1.1430,44.6484,44.5605,-9.6180,-26.1060,0.039391,0.030610,0.084905,0.000095,0.6000,+0
0.0852,descent,1.1430,44.6484,44.5605,-8.2440,-27.4800,0.039377,0.030664,0.084906,0.000094,0.6000,+0
0.0862,descent,1.1430,44.6484,44.4727,-6.8700,-28.8540,0.039358,0.031406,0.084906,0.000094,0.6000,+0
0.0873,descent,1.1430,44.6484,44.4727,-6.8700,-28.8540,0.039358,0.031406,0.084900,0.000100,0.6000,+0
0.0885,descent,1.1430,44.6484,44.4727,-5.4960,-28.8540,0.039351,0.031406,0.084900,0.000100,0.6000,+0
0.0896,descent,1.1430,44.6484,44.3848,-5.4960,-30.2280,0.039346,0.032147,0.084903,0.000097,0.6000,+0
0.0907,descent,1.1430,44.6484,44.3848,-5.4960,-31.6020,0.039346,0.032201,0.084903,0.000097,0.6000,+0
0.0918,descent,1.1430,44.6484,44.3848,-4.1220,-31.6020,0.039960,0.032201,0.084906,0.000094,0.6000,+0
0.0929,descent,1.1430,44.6484,44.2969,-4.1220,-31.6020,0.039956,0.032888,0.084906,0.000094,0.6000,+0
0.0940,descent,1.1430,44.6484,44.2969,-4.1220,-31.6020,0.039956,0.032888,0.084903,0.000097,0.6000,+0
0.0952,descent,1.1430,44.6484,44.2090,-2.7480,-32.9760,0.054825,0.033630,0.084902,0.000098,0.6000,+0
0.0962,descent,1.1430,44.6484,44.2090,-1.3740,-32.9760,0.144853,0.033630,0.084902,0.000098,0.6000,+0
0.0973,descent,1.1430,44.6484,44.2090,-1.3740,-32.9760,0.144853,0.033630,0.084884,0.000116,0.6000,+0
0.0985,descent,1.1430,44.6484,44.1211,-1.3740,-32.9760,0.144848,0.034317,0.084884,0.000116,0.6000,+0
0.0996,descent,1.1430,44.6484,44.1211,-1.3740,-32.9760,0.144848,0.034317,0.084905,0.000095,0.6000,+0
0.1007,descent,1.1430,44.6484,44.0332,-1.3740,-32.9760,0.144844,0.035004,0.084905,0.000095,0.6000,+0
0.1018,descent,1.1430,44.6484,44.0332,0.0000,-32.9760,0.239263,0.035004,0.084889,0.000111,0.6000,+0
0.1029,descent,1.1430,44.6484,44.0332,0.0000,-32.9760,0.239263,0.035004,0.084889,0.000111,0.6000,+0
0.1040,descent,1.1430,44.6484,44.0332,0.0000,-32.9760,0.239263,0.035004,0.084887,0.000113,0.6000,+0
0.1052,descent,1.1430,44.6484,43.9453,0.0000,-32.9760,0.239258,0.035690,0.084880,0.000120,0.6000,+0
0.1062,descent,1.1430,44.6484,43.9453,0.0000,-32.9760,0.239258,0.035690,0.084880,0.000120,0.6000,+0
0.1074,descent,1.1430,44.6484,43.8574,0.0000,-32.9760,0.239254,0.036377,0.084876,0.000124,0.6000,+0
0.1085,descent,1.1430,44.6484,43.8574,0.0000,-31.6020,0.239254,0.036323,0.084876,0.000124,0.6000,+0
0.1096,descent,1.1430,44.6484,43.8574,0.0000,-31.6020,0.239254,0.036323,0.084866,0.000134,0.6000,+0
0.1107,descent,1.1430,44.7363,43.8574,1.3740,-31.6020,0.144627,0.036328,0.084866,0.000134,0.6000,+0
0.1118,descent,1.1430,44.7363,43.7695,1.3740,-31.6020,0.144622,0.037015,0.084882,0.000118,0.6000,+0
0.1129,descent,1.1430,44.7363,43.7695,1.3740,-30.2280,0.144622,0.036960,0.084882,0.000118,0.6000,+0
0.1140,descent,1.1430,44.8242,43.7695,2.7480,-30.2280,0.054387,0.036965,0.084872,0.000128,0.6000,+0
0.1153,descent,1.1430,44.9121,43.5937,4.1220,-28.8540,0.039296,0.038289,0.084862,0.000138,0.6000,+0
0.1162,descent,1.1430,45.0000,43.5937,5.4960,-28.8540,0.038473,0.038293,0.084862,0.000138,0.6000,+0
0.1173,descent,1.1430,45.0879,43.5937,6.8700,-28.8540,0.038273,0.038298,0.084852,0.000148,0.6000,+0
0.1185,descent,1.1430,45.1758,43.5937,8.2440,-27.4800,0.038079,0.038248,0.084852,0.000148,0.6000,+0
0.1196,descent,1.1430,45.3516,43.5059,9.6180,-27.4800,0.037702,0.038944,0.084858,0.000142,0.6000,+0
0.1207,descent,1.1430,45.4395,43.5059,12.3660,-27.4800,0.037494,0.038949,0.084858,0.000142,0.6000,+0
0.1218,descent,1.1430,45.5273,43.5059,15.1140,-27.4800,0.037286,0.038954,0.084853,0.000147,0.6000,+0
0.1229,descent,1.1430,45.6152,43.5059,16.4880,-26.1060,0.037093,0.038904,0.084853,0.000147,0.6000,+0
0.1241,descent,1.1430,45.7910,43.4180,19.2360,-26.1060,0.036701,0.039600,0.084852,0.000148,0.6000,+0
0.1252,descent,1.1430,45.9668,43.4180,26.1060,-26.1060,0.036271,0.039609,0.084849,0.000151,0.6000,+0
0.1262,descent,1.1430,46.1426,43.4180,28.8540,-24.7320,0.035884,0.039564,0.084849,0.000151,0.6000,+0
0.1274,descent,1.1430,46.2305,43.4180,31.6020,-24.7320,0.035677,0.039568,0.084841,0.000159,0.6000,+0
0.1285,descent,1.1430,46.4062,43.4180,35.7240,-24.7320,0.035275,0.039578,0.084841,0.000159,0.6000,+0
0.1296,descent,1.1430,46.4941,43.4180,38.4720,-23.3580,0.035068,0.039528,0.084847,0.000153,0.6000,+0
0.1307,descent,1.1430,46.5820,43.4180,42.5940,-23.3580,0.034845,0.039532,0.084847,0.000153,0.6000,+0
0.1318,descent,1.1430,46.7578,43.3301,45.3420,-21.9840,0.034454,0.040174,0.084846,0.000154,0.6000,+0
0.1329,descent,1.1430,46.8457,43.3301,49.4640,-21.9840,0.034232,0.040179,0.084846,0.000154,0.6000,+0
0.1340,descent,1.1430,47.0215,43.3301,53.5860,-21.9840,0.033831,0.040188,0.084833,0.000167,0.6000,+0
0.1352,descent,1.1430,47.1973,43.3301,60.4560,-20.6100,0.033401,0.040143,0.084840,0.000160,0.6000,+0
0.1364,descent,1.1430,47.2852,43.3301,63.2040,-20.6100,0.033193,0.040148,0.084840,0.000160,0.6000,+0
0.1374,descent,1.1430,47.4609,43.3301,67.3260,-19.2360,0.032792,0.040102,0.084833,0.000167,0.6000,+0
0.1385,descent,1.1430,47.6367,43.3301,70.0740,-19.2360,0.032405,0.040112,0.084833,0.000167,0.6000,+0
0.1396,descent,1.1430,47.7246,43.3301,74.1960,-17.8620,0.032183,0.040062,0.084820,0.000180,0.6000,+0
0.1407,descent,1.1430,47.8125,43.3301,76.9440,-17.8620,0.031976,0.040066,0.084820,0.000180,0.6000,+0
0.1418,descent,1.1430,47.9883,43.3301,81.0660,-16.4880,0.031574,0.040021,0.084826,0.000174,0.6000,+0
0.1429,descent,1.1430,48.0762,43.3301,83.8140,-16.4880,0.031367,0.040026,0.084826,0.000174,0.6000,+0
0.1440,descent,1.1430,48.1641,43.3301,87.9360,-15.1140,0.031145,0.039976,0.084825,0.000175,0.6000,+0
0.1451,descent,1.1430,48.3398,43.3301,90.6840,-15.1140,0.030758,0.039986,0.084815,0.000185,0.6000,+0
0.1462,descent,1.1430,48.4277,43.3301,96.1800,-13.7400,0.030522,0.039936,0.084815,0.000185,0.6000,+0
0.1473,descent,1.1430,48.6035,43.3301,98.9280,-12.3660,0.030135,0.039891,0.084812,0.000188,0.6000,+0
0.1485,descent,1.1430,48.6914,43.3301,100.3020,-12.3660,0.029942,0.039895,0.084812,0.000188,0.6000,+0
0.1496,descent,1.1430,48.7793,43.3301,103.0500,-10.9920,0.029734,0.039846,0.084808,0.000192,0.6000,+0
0.1507,descent,1.1430,48.8672,43.3301,104.4240,-10.9920,0.029541,0.039850,0.084808,0.000192,0.6000,+0
0.1518,descent,1.1430,48.9551,43.3301,104.4240,-9.6180,0.029362,0.039800,0.084807,0.000193,0.6000,+0
0.1529,descent,1.1430,49.0430,43.3301,105.7980,-9.6180,0.029168,0.039805,0.084807,0.000193,0.6000,+0
0.1541,descent,1.1430,49.1309,43.3301,107.1720,-8.2440,0.028975,0.039755,0.084811,0.000189,0.6000,+0
0.1551,descent,1.1430,49.2188,43.3301,107.1720,-8.2440,0.028796,0.039760,0.084814,0.000186,0.6000,+0
0.1566,descent,1.1430,49.3945,43.3301,107.1720,-6.8700,0.028438,0.039715,0.084814,0.000186,0.6000,+0
0.1574,descent,1.1430,49.4824,43.3301,107.1720,-5.4960,0.028259,0.039672,0.084801,0.000199,0.6000,+0
0.1585,descent,1.1430,49.4824,43.3301,107.1720,-5.4960,0.028259,0.039672,0.084801,0.000199,0.6000,+0
0.1596,descent,1.1430,49.5703,43.3301,105.7980,-4.1220,0.028094,0.040251,0.084788,0.000212,0.6000,+0
0.1607,descent,1.1430,49.6582,43.3301,105.7980,-4.1220,0.027915,0.040256,0.084788,0.000212,0.6000,+0
0.1618,descent,1.1430,49.7461,43.3301,104.4240,-4.1220,0.027750,0.040261,0.084787,0.000213,0.6000,+0
0.1629,descent,1.1430,49.8340,43.3301,103.0500,-4.1220,0.027586,0.040265,0.084787,0.000213,0.6000,+0
0.1640,descent,1.1430,49.9219,43.3301,103.0500,-2.7480,0.027407,0.055104,0.084783,0.000217,0.6000,+0
0.1652,descent,1.1430,50.0098,43.3301,100.3020,-1.3740,0.027256,0.145096,0.084778,0.000222,0.6000,+0
0.1663,descent,1.1430,50.0977,43.3301,98.9280,-1.3740,0.027092,0.145101,0.084778,0.000222,0.6000,+0
0.1674,descent,1.1430,50.1855,43.3301,97.5540,-1.3740,0.026927,0.145106,0.084783,0.000217,0.6000,+0
0.1685,descent,1.1430,50.1855,43.3301,96.1800,-1.3740,0.026941,0.145106,0.084783,0.000217,0.6000,+0
0.1696,descent,1.1430,50.2734,43.3301,94.8060,-1.3740,0.026776,0.145110,0.084771,0.000229,0.6000,+0
0.1707,descent,1.1430,50.2734,43.3301,93.4320,0.0000,0.026791,0.239490,0.084771,0.000229,0.6000,+0
0.1718,descent,1.1430,50.3613,43.3301,92.0580,0.0000,0.026626,0.239494,0.084755,0.000245,0.6000,+0
0.1729,descent,1.1430,50.3613,43.3301,89.3100,0.0000,0.026655,0.239494,0.084755,0.000245,0.6000,+0
0.1740,descent,1.1439,50.4492,43.3301,87.9360,0.0000,0.026490,0.239499,0.084775,0.000225,0.6000,+0
0.1752,descent,1.1439,50.5371,43.3301,85.1880,0.0000,0.026340,0.239504,0.084767,0.000233,0.6000,+0
0.1763,descent,1.1439,50.5371,43.3301,82.4400,0.0000,0.026368,0.239504,0.084767,0.000233,0.6000,+0
0.1774,descent,1.1439,50.6250,43.3301,81.0660,0.0000,0.026204,0.239508,0.084762,0.000238,0.6000,+0
0.1785,descent,1.1439,50.6250,43.3301,79.6920,0.0000,0.026218,0.239508,0.084762,0.000238,0.6000,+0
0.1796,descent,1.1439,50.6250,43.3301,76.9440,0.0000,0.026247,0.239508,0.084752,0.000248,0.6000,+0
0.1807,descent,1.1439,50.7129,43.4180,75.5700,1.3740,0.026087,0.144338,0.084752,0.000248,0.6000,+0
0.1818,descent,1.1439,50.7129,43.4180,72.8220,1.3740,0.026115,0.144338,0.084752,0.000248,0.6000,+0
0.1829,descent,1.1439,50.7129,43.5059,71.4480,1.3740,0.026134,0.143651,0.084752,0.000248,0.6000,+0
0.1840,descent,1.1439,50.7129,43.5059,68.7000,2.7480,0.026163,0.053555,0.084754,0.000246,0.6000,+0
0.1852,descent,1.1439,50.7129,43.7695,64.5780,4.1220,0.026220,0.036552,0.084736,0.000264,0.6000,+0
0.1863,descent,1.1439,50.7129,43.8574,61.8300,5.4960,0.026253,0.035182,0.084736,0.000264,0.6000,+0
0.1879,descent,1.1439,50.8008,43.9453,59.0820,8.2440,0.026108,0.034384,0.084736,0.000264,0.6000,+0
0.1886,descent,1.1439,50.8008,43.9453,57.7080,9.6180,0.026122,0.034329,0.084736,0.000264,0.6000,+0
0.1896,descent,1.1439,50.8008,44.0332,54.9600,10.9920,0.026155,0.033588,0.084756,0.000244,0.6000,+0
0.1907,descent,1.1439,50.8008,44.1211,53.5860,12.3660,0.026174,0.032847,0.084756,0.000244,0.6000,+0
0.1921,descent,1.1439,50.8008,44.2969,50.8380,15.1140,0.026212,0.031365,0.084732,0.000268,0.6000,+0
0.1930,descent,1.1439,50.7129,44.3848,48.0900,17.8620,0.026425,0.030564,0.084732,0.000268,0.6000,+0
0.1941,descent,1.1439,50.7129,44.4727,45.3420,19.2360,0.026458,0.029823,0.084719,0.000281,0.6000,+0
0.1954,descent,1.1439,50.7129,44.6484,41.2200,24.7320,0.026510,0.028232,0.084705,0.000295,0.6000,+0
0.1964,descent,1.1439,50.7129,44.8242,38.4720,27.4800,0.026549,0.026750,0.084705,0.000295,0.6000,+0
0.1974,descent,1.1439,50.7129,44.9121,35.7240,30.2280,0.026582,0.025954,0.084712,0.000288,0.6000,+0
0.1986,descent,1.1439,50.7129,45.0000,34.3500,32.9760,0.026601,0.025158,0.084712,0.000288,0.6000,+0
0.1996,descent,1.1439,50.7129,45.1758,31.6020,35.7240,0.026639,0.023676,0.084712,0.000288,0.6000,+0
0.2007,descent,1.1439,50.7129,45.2637,28.8540,38.4720,0.026672,0.022881,0.084712,0.000288,0.6000,+0
0.2018,descent,1.1439,50.7129,45.3516,27.4800,41.2200,0.026692,0.022085,0.084700,0.000300,0.6000,+0
0.2029,descent,1.1439,50.7129,45.4395,24.7320,45.3420,0.026725,0.021235,0.084700,0.000300,0.6000,+0
0.2041,descent,1.1439,50.7129,45.4395,23.3580,46.7160,0.026739,0.021181,0.084697,0.000303,0.6000,+0
0.2053,descent,1.1439,50.7129,45.6152,19.2360,52.2120,0.026792,0.019590,0.084680,0.000320,0.6000,+0
0.2063,descent,1.1439,50.7129,45.7031,17.8620,54.9600,0.026811,0.018794,0.084680,0.000320,0.6000,+0
0.2074,descent,1.1439,50.7129,45.7910,16.4880,57.7080,0.026830,0.017999,0.084696,0.000304,0.6000,+0
0.2085,descent,1.1439,50.6250,45.8789,15.1140,60.4560,0.027028,0.017198,0.084696,0.000304,0.6000,+0
0.2096,descent,1.1439,50.6250,45.8789,12.3660,61.8300,0.027056,0.017144,0.084680,0.000320,0.6000,+0
0.2107,descent,1.1439,50.6250,45.9668,10.9920,64.5780,0.027076,0.016348,0.084680,0.000320,0.6000,+0
0.2118,descent,1.1439,50.6250,46.0547,9.6180,67.3260,0.027095,0.015553,0.084680,0.000320,0.6000,+0
0.2129,descent,1.1439,50.6250,46.0547,8.2440,68.7000,0.027109,0.015498,0.084680,0.000320,0.6000,+0
0.2143,descent,1.1439,50.6250,46.0547,6.8700,70.0740,0.027123,0.015444,0.084677,0.000323,0.6000,+0
0.2152,descent,1.1439,50.5371,46.1426,4.1220,71.4480,0.027972,0.014698,0.084667,0.000333,0.6000,+0
0.2163,descent,1.1439,50.5371,46.1426,2.7480,71.4480,0.042874,0.014698,0.084667,0.000333,0.6000,+0
0.2174,descent,1.1439,50.5371,46.1426,1.3740,71.4480,0.132930,0.014698,0.084669,0.000331,0.6000,+0
0.2185,descent,1.1439,50.5371,46.1426,0.0000,71.4480,0.227378,0.014698,0.084669,0.000331,0.6000,+0
0.2196,descent,1.1439,50.5371,46.1426,-1.3740,71.4480,0.132959,0.014698,0.084670,0.000330,0.6000,+0
0.2207,descent,1.1439,50.4492,46.1426,-2.7480,70.0740,0.043110,0.014748,0.084670,0.000330,0.6000,+0
0.2218,descent,1.1439,50.4492,46.1426,-2.7480,70.0740,0.043110,0.014748,0.084652,0.000348,0.6000,+0
0.2229,descent,1.1439,50.4492,46.1426,-4.1220,68.7000,0.028236,0.014802,0.084652,0.000348,0.6000,+0
0.2240,descent,1.1439,50.4492,46.1426,-5.4960,65.9520,0.027622,0.014911,0.084641,0.000359,0.6000,+0
0.2252,descent,1.1439,50.3613,46.1426,-6.8700,61.8300,0.027808,0.015069,0.084653,0.000347,0.6000,+0
0.2262,descent,1.1439,50.3613,46.1426,-6.8700,60.4560,0.027808,0.015124,0.084653,0.000347,0.6000,+0
0.2273,descent,1.1439,50.3613,46.1426,-6.8700,57.7080,0.027808,0.015233,0.084636,0.000364,0.6000,+0
0.2285,descent,1.1439,50.3613,46.0547,-8.2440,54.9600,0.027817,0.016028,0.084636,0.000364,0.6000,+0
0.2296,descent,1.1439,50.3613,46.0547,-8.2440,52.2120,0.027817,0.016137,0.084640,0.000360,0.6000,+0
0.2307,descent,1.1439,50.3613,46.0547,-8.2440,48.0900,0.027817,0.016300,0.084640,0.000360,0.6000,+0
0.2318,descent,1.1439,50.3613,46.0547,-8.2440,45.3420,0.027817,0.016409,0.084641,0.000359,0.6000,+0
0.2329,descent,1.1439,50.3613,46.0547,-9.6180,42.5940,0.027832,0.016518,0.084641,0.000359,0.6000,+0
0.2340,descent,1.1439,50.3613,45.9668,-9.6180,39.8460,0.027827,0.017314,0.084626,0.000374,0.6000,+0
0.2353,descent,1.1439,50.3613,45.9668,-9.6180,32.9760,0.027827,0.017586,0.084624,0.000376,0.6000,+0
0.2363,descent,1.1439,50.3613,45.8789,-9.6180,30.2280,0.027822,0.018381,0.084624,0.000376,0.6000,+0
0.2374,descent,1.1439,50.3613,45.8789,-9.6180,27.4800,0.027822,0.018490,0.084626,0.000374,0.6000,+0
0.2385,descent,1.1439,50.3613,45.8789,-9.6180,23.3580,0.027822,0.018653,0.084626,0.000374,0.6000,+0
0.2396,descent,1.1439,50.3613,45.7910,-9.6180,20.6100,0.027817,0.019449,0.084619,0.000381,0.6000,+0
0.2407,descent,1.1439,50.3613,45.7910,-9.6180,17.8620,0.027817,0.019558,0.084619,0.000381,0.6000,+0
0.2418,descent,1.1439,50.3613,45.7910,-9.6180,13.7400,0.027817,0.019721,0.084616,0.000384,0.6000,+0
0.2429,descent,1.1439,50.3613,45.7031,-9.6180,10.9920,0.027813,0.020517,0.084616,0.000384,0.6000,+0
0.2440,descent,1.1439,50.3613,45.7031,-8.2440,8.2440,0.027798,0.020625,0.084600,0.000400,0.6000,+0
0.2453,descent,1.1439,50.3613,45.6152,-8.2440,2.7480,0.027794,0.037054,0.084590,0.000410,0.6000,+0
0.2463,descent,1.1439,50.3613,45.5273,-8.2440,0.0000,0.027789,0.222325,0.084590,0.000410,0.6000,+0
0.2473,descent,1.1439,50.3613,45.5273,-8.2440,-2.7480,0.027789,0.037958,0.084599,0.000401,0.6000,+0
0.2485,descent,1.1439,50.3613,45.4395,-6.8700,-5.4960,0.027770,0.023237,0.084599,0.000401,0.6000,+0
0.2496,descent,1.1439,50.3613,45.4395,-6.8700,-8.2440,0.027770,0.023339,0.084594,0.000406,0.6000,+0
0.2507,descent,1.1439,50.3613,45.3516,-6.8700,-10.9920,0.027765,0.024134,0.084594,0.000406,0.6000,+0
0.2518,descent,1.1439,50.3613,45.3516,-6.8700,-12.3660,0.027765,0.024189,0.084577,0.000423,0.6000,+0
0.2529,descent,1.1439,50.2734,45.2637,-5.4960,-15.1140,0.027932,0.024979,0.084577,0.000423,0.6000,+0
0.2541,descent,1.1439,50.3613,45.2637,-5.4960,-16.4880,0.027753,0.025038,0.084593,0.000407,0.6000,+0
0.2551,descent,1.1439,50.3613,45.1758,-5.4960,-17.8620,0.027748,0.025780,0.084571,0.000429,0.6000,+0
0.2562,descent,1.1439,50.2734,45.0000,-5.4960,-21.9840,0.027918,0.027312,0.084571,0.000429,0.6000,+0
0.2574,descent,1.1439,50.2734,44.9121,-4.1220,-23.3580,0.028528,0.028053,0.084574,0.000426,0.6000,+0
0.2585,descent,1.1439,50.2734,44.9121,-4.1220,-26.1060,0.028528,0.028162,0.084574,0.000426,0.6000,+0
0.2596,descent,1.1643,50.2734,44.8242,-4.1220,-27.4800,0.028523,0.028903,0.084566,0.000434,0.6000,+0
0.2607,descent,1.1643,50.2734,44.8242,-4.1220,-28.8540,0.028523,0.028957,0.084566,0.000434,0.6000,+0
0.2618,descent,1.1643,50.2734,44.8242,-2.7480,-28.8540,0.043397,0.028957,0.084585,0.000415,0.6000,+0
0.2629,descent,1.1643,50.2734,44.7363,-2.7480,-30.2280,0.043392,0.029698,0.084585,0.000415,0.6000,+0
0.2640,descent,1.1643,50.2734,44.6484,-2.7480,-31.6020,0.043387,0.030440,0.084558,0.000442,0.6000,+0
0.2653,descent,1.1643,50.2734,44.5605,-2.7480,-34.3500,0.043383,0.031235,0.084551,0.000449,0.6000,+0
0.2662,descent,1.1643,50.2734,44.5605,-2.7480,-35.7240,0.043383,0.031290,0.084551,0.000449,0.6000,+0
0.2674,descent,1.1643,50.2734,44.4727,-2.7480,-37.0980,0.043378,0.032031,0.084561,0.000439,0.6000,+0
0.2685,descent,1.1643,50.2734,44.4727,-2.7480,-37.0980,0.043378,0.032031,0.084561,0.000439,0.6000,+0
0.2696,descent,1.1643,50.2734,44.3848,-2.7480,-38.4720,0.043373,0.032772,0.084544,0.000456,0.6000,+0
0.2707,descent,1.1643,50.2734,44.3848,-2.7480,-38.4720,0.043373,0.032772,0.084544,0.000456,0.6000,+0
0.2718,descent,1.1643,50.2734,44.2969,-2.7480,-39.8460,0.043369,0.033513,0.084535,0.000465,0.6000,+0
0.2729,descent,1.1643,50.2734,44.2969,-2.7480,-39.8460,0.043369,0.033513,0.084535,0.000465,0.6000,+0
0.2740,descent,1.1643,50.2734,44.2090,-2.7480,-41.2200,0.043364,0.034254,0.084544,0.000456,0.6000,+0
0.2752,descent,1.1643,50.2734,44.2090,-2.7480,-41.2200,0.043364,0.034254,0.084533,0.000467,0.6000,+0
0.2763,descent,1.1643,50.2734,44.1211,-2.7480,-41.2200,0.043359,0.034941,0.084533,0.000467,0.6000,+0
0.2773,descent,1.1643,50.2734,44.0332,-2.7480,-42.5940,0.043354,0.035682,0.084523,0.000477,0.6000,+0
0.2785,descent,1.1643,50.2734,44.0332,-2.7480,-42.5940,0.043354,0.035682,0.084523,0.000477,0.6000,+0
0.2796,descent,1.1643,50.2734,44.0332,-2.7480,-42.5940,0.043354,0.035682,0.084520,0.000480,0.6000,+0
0.2807,descent,1.1643,50.2734,43.9453,-2.7480,-42.5940,0.043350,0.036369,0.084520,0.000480,0.6000,+0
0.2818,descent,1.1643,50.2734,43.9453,-2.7480,-42.5940,0.043350,0.036369,0.084523,0.000477,0.6000,+0
0.2829,descent,1.1643,50.2734,43.8574,-2.7480,-42.5940,0.043345,0.037056,0.084523,0.000477,0.6000,+0
0.2840,descent,1.1643,50.2734,43.8574,-2.7480,-42.5940,0.043345,0.037056,0.084509,0.000491,0.6000,+0
0.2852,descent,1.1643,50.2734,43.7695,-1.3740,-42.5940,0.133368,0.037743,0.084525,0.000475,0.6000,+0
0.2863,descent,1.1643,50.2734,43.7695,-1.3740,-42.5940,0.133368,0.037743,0.084525,0.000475,0.6000,+0
0.2874,descent,1.1643,50.2734,43.5937,-1.3740,-42.5940,0.133359,0.039116,0.084508,0.000492,0.6000,+0
0.2885,descent,1.1643,50.2734,43.5937,-1.3740,-41.2200,0.133359,0.039062,0.084508,0.000492,0.6000,+0
0.2896,descent,1.1643,50.2734,43.5059,-1.3740,-41.2200,0.133354,0.039749,0.084503,0.000497,0.6000,+0
0.2907,descent,1.1643,50.2734,43.5059,0.0000,-41.2200,0.227773,0.039749,0.084503,0.000497,0.6000,+0
0.2918,descent,1.1643,50.2734,43.4180,0.0000,-41.2200,0.227769,0.040435,0.084494,0.000506,0.6000,+0
0.2929,descent,1.1643,50.2734,43.4180,0.0000,-41.2200,0.227769,0.040435,0.084494,0.000506,0.6000,+0
0.2940,descent,1.1643,50.2734,43.4180,0.0000,-41.2200,0.227769,0.040435,0.084485,0.000515,0.6000,+0
0.2953,descent,1.1643,50.2734,43.3301,0.0000,-39.8460,0.227764,0.041068,0.084481,0.000519,0.6000,+0
0.2963,descent,1.1643,50.2734,43.3301,0.0000,-39.8460,0.227764,0.041068,0.084481,0.000519,0.6000,+0
0.2974,descent,1.1643,50.2734,43.3301,0.0000,-39.8460,0.227764,0.041068,0.084467,0.000533,0.6000,+0
0.2985,descent,1.1643,50.2734,43.2422,0.0000,-38.4720,0.227759,0.041700,0.084467,0.000533,0.6000,+0
0.2996,descent,1.1643,50.2734,43.2422,0.0000,-38.4720,0.227759,0.041700,0.084471,0.000529,0.6000,+0
0.3007,descent,1.1643,50.2734,43.2422,0.0000,-38.4720,0.227759,0.041700,0.084471,0.000529,0.6000,+0
0.3018,descent,1.1643,50.3613,43.1543,1.3740,-37.0980,0.133128,0.042337,0.084466,0.000534,0.6000,+0
0.3029,descent,1.1643,50.3613,43.1543,1.3740,-37.0980,0.133128,0.042337,0.084466,0.000534,0.6000,+0
0.3040,descent,1.1643,50.4492,43.1543,1.3740,-37.0980,0.132949,0.042342,0.084472,0.000528,0.6000,+0
0.3051,descent,1.1643,50.5371,43.0664,4.1220,-35.7240,0.027806,0.042979,0.084452,0.000548,0.6000,+0
0.3063,descent,1.1643,50.6250,43.0664,4.1220,-34.3500,0.027627,0.042929,0.084452,0.000548,0.6000,+0
0.3073,descent,1.1643,50.7129,43.0664,5.4960,-34.3500,0.026805,0.042934,0.084453,0.000547,0.6000,+0
0.3085,descent,1.1643,50.8008,43.0664,8.2440,-34.3500,0.026590,0.042939,0.084453,0.000547,0.6000,+0
0.3096,descent,1.1643,50.8887,42.9785,9.6180,-32.9760,0.026392,0.043576,0.084450,0.000550,0.6000,+0
0.3107,descent,1.1643,50.9766,42.9785,10.9920,-32.9760,0.026199,0.043580,0.084450,0.000550,0.6000,+0
0.3118,descent,1.1643,51.0645,42.9785,13.7400,-31.6020,0.025991,0.043531,0.084454,0.000546,0.6000,+0
0.3129,descent,1.1643,51.1523,42.9785,15.1140,-31.6020,0.025798,0.043535,0.084454,0.000546,0.6000,+0
0.3140,descent,1.1643,51.2402,42.9785,17.8620,-30.2280,0.025590,0.043486,0.084440,0.000560,0.6000,+0
0.3151,descent,1.1643,51.4160,42.8906,21.9840,-28.8540,0.025185,0.044127,0.084446,0.000554,0.6000,+0
0.3163,descent,1.1643,51.5918,42.8906,26.1060,-28.8540,0.024784,0.044137,0.084446,0.000554,0.6000,+0
0.3174,descent,1.1643,51.6797,42.8906,28.8540,-28.8540,0.024577,0.044142,0.084426,0.000574,0.6000,+0
0.3185,descent,1.1643,51.7676,42.8906,31.6020,-27.4800,0.024369,0.044092,0.084426,0.000574,0.6000,+0
0.3196,descent,1.1643,51.8555,42.8906,34.3500,-26.1060,0.024161,0.044042,0.084430,0.000570,0.6000,+0
0.3207,descent,1.1643,52.0312,42.8906,37.0980,-26.1060,0.023775,0.044052,0.084430,0.000570,0.6000,+0
0.3218,descent,1.1643,52.1191,42.8906,39.8460,-24.7320,0.023567,0.044002,0.084427,0.000573,0.6000,+0
0.3229,descent,1.1643,52.2070,42.8906,43.9680,-23.3580,0.023346,0.043952,0.084427,0.000573,0.6000,+0
0.3240,descent,1.1643,52.2949,42.8906,46.7160,-23.3580,0.023138,0.043957,0.084416,0.000584,0.6000,+0
0.3253,descent,1.1643,52.4707,42.8906,52.2120,-20.6100,0.022723,0.043857,0.084404,0.000596,0.6000,+0
0.3263,descent,1.1643,52.5586,42.8906,54.9600,-19.2360,0.022515,0.043808,0.084404,0.000596,0.6000,+0
0.3273,descent,1.1643,52.6465,42.8906,57.7080,-19.2360,0.022308,0.043812,0.084418,0.000582,0.6000,+0
0.3285,descent,1.1643,52.7344,42.8906,60.4560,-17.8620,0.022100,0.043763,0.084418,0.000582,0.6000,+0
0.3296,descent,1.1643,52.8223,42.8906,63.2040,-17.8620,0.021893,0.043767,0.084395,0.000605,0.6000,+0
0.3307,descent,1.1643,52.9102,42.8906,65.9520,-16.4880,0.021685,0.043718,0.084395,0.000605,0.6000,+0
0.3318,descent,1.1643,52.9980,42.8906,70.0740,-15.1140,0.021464,0.043668,0.084394,0.000606,0.6000,+0
0.3329,descent,1.1643,53.0859,42.8906,72.8220,-15.1140,0.021256,0.043673,0.084394,0.000606,0.6000,+0
0.3341,descent,1.1643,53.1738,42.8906,74.1960,-13.7400,0.021063,0.043623,0.084388,0.000612,0.6000,+0
0.3351,descent,1.1643,53.2617,42.8906,78.3180,-12.3660,0.020841,0.043573,0.084395,0.000605,0.6000,+0
0.3362,descent,1.1643,53.3496,42.8906,81.0660,-10.9920,0.020634,0.043524,0.084395,0.000605,0.6000,+0
0.3374,descent,1.1643,53.4375,42.8906,82.4400,-10.9920,0.020440,0.043528,0.084367,0.000633,0.6000,+0
0.3385,descent,1.1643,53.5254,42.8906,83.8140,-9.6180,0.020247,0.043479,0.084367,0.000633,0.6000,+0
0.3396,descent,1.1643,53.5254,42.8906,83.8140,-8.2440,0.020247,0.043424,0.084388,0.000612,0.6000,+0
0.3407,descent,1.1643,53.6133,42.8906,85.1880,-8.2440,0.020054,0.043429,0.084388,0.000612,0.6000,+0
0.3418,descent,1.1643,53.7012,42.8906,85.1880,-6.8700,0.019875,0.043379,0.084375,0.000625,0.6000,+0
0.3429,descent,1.1643,53.7012,42.8906,85.1880,-6.8700,0.019875,0.043379,0.084375,0.000625,0.6000,+0
0.3440,descent,1.1643,53.7891,42.8906,85.1880,-5.4960,0.019696,0.043337,0.084384,0.000616,0.6000,+0
0.3451,descent,1.1643,53.8770,42.8906,85.1880,-4.1220,0.019518,0.043916,0.084370,0.000630,0.6000,+0
0.3463,descent,1.1643,53.8770,42.8906,83.8140,-4.1220,0.019532,0.043916,0.084370,0.000630,0.6000,+0
0.3473,descent,1.1643,53.8770,42.8906,83.8140,-4.1220,0.019532,0.043916,0.084376,0.000624,0.6000,+0
0.3485,descent,1.1643,53.9648,42.8906,82.4400,-2.7480,0.019367,0.058755,0.084376,0.000624,0.6000,+0
0.3496,descent,1.2403,53.9648,42.8906,81.0660,-2.7480,0.019382,0.058755,0.084365,0.000635,0.6000,+0
0.3507,descent,1.2403,53.9648,42.8906,79.6920,-1.3740,0.019396,0.148742,0.084365,0.000635,0.6000,+0
0.3518,descent,1.2403,53.9648,42.8906,76.9440,-1.3740,0.019425,0.148742,0.084365,0.000635,0.6000,+0
0.3529,descent,1.2403,54.0527,42.8906,75.5700,-1.3740,0.019260,0.148747,0.084365,0.000635,0.6000,+0
0.3540,descent,1.2403,54.0527,42.8906,72.8220,-1.3740,0.019289,0.148747,0.084372,0.000628,0.6000,+0
0.3552,descent,1.2403,54.0527,42.8906,68.7000,0.0000,0.019332,0.243126,0.084343,0.000657,0.6000,+0
0.3562,descent,1.2403,54.0527,42.8906,65.9520,0.0000,0.019360,0.243126,0.084343,0.000657,0.6000,+0
0.3574,descent,1.2403,54.0527,42.8906,64.5780,0.0000,0.019374,0.243126,0.084355,0.000645,0.6000,+0
0.3585,descent,1.2403,54.0527,42.8906,61.8300,0.0000,0.019403,0.243126,0.084355,0.000645,0.6000,+0
0.3596,descent,1.2403,54.0527,42.8906,59.0820,0.0000,0.019432,0.243126,0.084351,0.000649,0.6000,+0
0.3607,descent,1.2403,54.0527,42.8906,56.3340,0.0000,0.019460,0.243126,0.084351,0.000649,0.6000,+0
0.3618,descent,1.2403,54.0527,42.8906,53.5860,0.0000,0.019489,0.243126,0.084361,0.000639,0.6000,+0
0.3629,descent,1.2403,54.0527,42.8906,52.2120,0.0000,0.019503,0.243126,0.084361,0.000639,0.6000,+0
0.3641,descent,1.2403,54.0527,42.8906,49.4640,0.0000,0.019532,0.243126,0.084344,0.000656,0.6000,+0
0.3652,descent,1.2403,54.0527,42.9785,43.9680,1.3740,0.019594,0.147951,0.084346,0.000654,0.6000,+0
0.3662,descent,1.2403,54.0527,42.9785,41.2200,1.3740,0.019622,0.147951,0.084346,0.000654,0.6000,+0
0.3673,descent,1.2403,53.9648,43.0664,38.4720,2.7480,0.019835,0.057163,0.084340,0.000660,0.6000,+0
0.3685,descent,1.2403,53.9648,43.1543,35.7240,2.7480,0.019868,0.056477,0.084340,0.000660,0.6000,+0
0.3696,descent,1.2403,53.9648,43.2422,32.9760,4.1220,0.019901,0.040847,0.084334,0.000666,0.6000,+0
0.3707,descent,1.2403,53.9648,43.2422,30.2280,5.4960,0.019930,0.040164,0.084334,0.000666,0.6000,+0
0.3718,descent,1.2403,53.8770,43.3301,27.4800,6.8700,0.020142,0.039411,0.084344,0.000656,0.6000,+0
0.3729,descent,1.2403,53.8770,43.4180,24.7320,8.2440,0.020176,0.038670,0.084344,0.000656,0.6000,+0
0.3740,descent,1.2403,53.8770,43.5059,21.9840,9.6180,0.020209,0.037929,0.084323,0.000677,0.6000,+0
0.3751,descent,1.2403,53.8770,43.7695,17.8620,13.7400,0.020266,0.035705,0.084317,0.000683,0.6000,+0
0.3763,descent,1.2403,53.8770,43.9453,15.1140,16.4880,0.020304,0.034223,0.084317,0.000683,0.6000,+0
0.3774,descent,1.2403,53.7891,44.0332,12.3660,19.2360,0.020517,0.033423,0.084325,0.000675,0.6000,+0
0.3785,descent,1.2403,53.7891,44.1211,10.9920,21.9840,0.020536,0.032627,0.084325,0.000675,0.6000,+0
0.3796,descent,1.2403,53.7012,44.2090,8.2440,24.7320,0.020748,0.031827,0.084324,0.000676,0.6000,+0
0.3807,descent,1.2403,53.7012,44.2969,5.4960,26.1060,0.020789,0.031086,0.084324,0.000676,0.6000,+0
0.3818,descent,1.2403,53.7012,44.4727,4.1220,30.2280,0.021441,0.029549,0.084311,0.000689,0.6000,+0
0.3829,descent,1.2403,53.6133,44.5605,1.3740,32.9760,0.126584,0.028749,0.084311,0.000689,0.6000,+0
0.3841,descent,1.2403,53.6133,44.6484,0.0000,35.7240,0.221037,0.027954,0.084313,0.000687,0.6000,+0
0.3852,descent,1.2403,53.5254,44.8242,-4.1220,41.2200,0.021904,0.026358,0.084311,0.000689,0.6000,+0
0.3862,descent,1.2403,53.5254,44.9121,-5.4960,43.9680,0.021294,0.025562,0.084311,0.000689,0.6000,+0
0.3874,descent,1.2403,53.4375,45.0000,-8.2440,46.7160,0.021499,0.024762,0.084310,0.000690,0.6000,+0
0.3885,descent,1.2403,53.4375,45.1758,-9.6180,49.4640,0.021523,0.023280,0.084310,0.000690,0.6000,+0
0.3896,descent,1.2403,53.3496,45.2637,-10.9920,53.5860,0.021721,0.022425,0.084304,0.000696,0.6000,+0
0.3907,descent,1.2403,53.3496,45.3516,-12.3660,56.3340,0.021740,0.021630,0.084304,0.000696,0.6000,+0
0.3918,descent,1.2403,53.3496,45.3516,-13.7400,57.7080,0.021755,0.021575,0.084291,0.000709,0.6000,+0
0.3929,descent,1.2403,53.2617,45.4395,-15.1140,60.4560,0.021952,0.020775,0.084291,0.000709,0.6000,+0
0.3940,descent,1.2403,53.2617,45.5273,-16.4880,63.2040,0.021972,0.019980,0.084293,0.000707,0.6000,+0
0.3952,descent,1.2403,53.1738,45.6152,-19.2360,67.3260,0.022184,0.019125,0.084286,0.000714,0.6000,+0
0.3962,descent,1.2403,53.1738,45.7031,-20.6100,70.0740,0.022203,0.018329,0.084286,0.000714,0.6000,+0
0.3974,descent,1.2403,53.0859,45.7910,-21.9840,71.4480,0.022401,0.017584,0.084298,0.000702,0.6000,+0
0.3985,descent,1.2403,53.0859,45.7910,-23.3580,72.8220,0.022415,0.017529,0.084298,0.000702,0.6000,+0
0.3996,descent,1.2403,53.0859,45.8789,-23.3580,74.1960,0.022420,0.016788,0.084283,0.000717,0.6000,+0
0.4007,descent,1.2403,52.9980,45.8789,-24.7320,75.5700,0.022613,0.016729,0.084283,0.000717,0.6000,+0
0.4018,descent,1.2403,52.9980,45.8789,-24.7320,75.5700,0.022613,0.016729,0.084284,0.000716,0.6000,+0
0.4029,descent,1.2403,52.9102,45.9668,-26.1060,76.9440,0.022811,0.015983,0.084284,0.000716,0.6000,+0
0.4040,descent,1.2403,52.9102,45.9668,-26.1060,76.9440,0.022811,0.015983,0.084286,0.000714,0.6000,+0
0.4052,descent,1.2403,52.8223,45.9668,-28.8540,75.5700,0.023019,0.016033,0.084274,0.000726,0.6000,+0
0.4063,descent,1.2403,52.8223,45.9668,-28.8540,75.5700,0.023019,0.016033,0.084274,0.000726,0.6000,+0
0.4073,descent,1.2403,52.7344,46.0547,-30.2280,74.1960,0.023217,0.015396,0.084259,0.000741,0.6000,+0
0.4085,descent,1.2403,52.7344,45.9668,-30.2280,72.8220,0.023212,0.016137,0.084259,0.000741,0.6000,+0
0.4096,descent,1.2403,52.6465,45.9668,-31.6020,70.0740,0.023405,0.016241,0.084264,0.000736,0.6000,+0
0.4107,descent,1.2403,52.6465,45.9668,-31.6020,68.7000,0.023405,0.016295,0.084264,0.000736,0.6000,+0
0.4118,descent,1.2403,52.5586,45.9668,-31.6020,65.9520,0.023584,0.016399,0.084261,0.000739,0.6000,+0
0.4129,descent,1.2403,52.5586,45.9668,-32.9760,63.2040,0.023598,0.016508,0.084261,0.000739,0.6000,+0
0.4141,descent,1.2403,52.5586,45.9668,-32.9760,60.4560,0.023598,0.016617,0.084234,0.000766,0.6000,+0
0.4152,descent,1.2403,52.3828,45.9668,-34.3500,54.9600,0.023970,0.016825,0.084248,0.000752,0.6000,+0
0.4163,descent,1.2403,52.3828,45.9668,-34.3500,52.2120,0.023970,0.016934,0.084248,0.000752,0.6000,+0
0.4173,descent,1.2403,52.3828,45.8789,-34.3500,49.4640,0.023965,0.017729,0.084247,0.000753,0.6000,+0
0.4185,descent,1.2403,52.2949,45.8789,-34.3500,46.7160,0.024144,0.017833,0.084247,0.000753,0.6000,+0
0.4196,descent,1.2403,52.2070,45.8789,-35.7240,42.5940,0.024337,0.017992,0.084253,0.000747,0.6000,+0
0.4207,descent,1.2403,52.2070,45.8789,-35.7240,39.8460,0.024337,0.018101,0.084253,0.000747,0.6000,+0
0.4218,descent,1.2403,52.1191,45.7910,-35.7240,37.0980,0.024511,0.018891,0.084248,0.000752,0.6000,+0
0.4229,descent,1.2403,52.1191,45.7910,-35.7240,32.9760,0.024511,0.019055,0.084248,0.000752,0.6000,+0
0.4240,descent,1.2403,52.0312,45.7910,-37.0980,30.2280,0.024704,0.019159,0.084252,0.000748,0.6000,+0
0.4252,descent,1.2403,51.9434,45.7031,-37.0980,24.7320,0.024879,0.020058,0.084212,0.000788,0.6000,+0
0.4262,descent,1.2403,51.9434,45.7031,-37.0980,21.9840,0.024879,0.020167,0.084212,0.000788,0.6000,+0
0.4274,descent,1.2403,51.8555,45.6152,-38.4720,17.8620,0.025067,0.021012,0.084230,0.000770,0.6000,+0
0.4285,descent,1.2403,51.8555,45.6152,-38.4720,15.1140,0.025067,0.021121,0.084230,0.000770,0.6000,+0
0.4296,descent,1.2403,51.7676,45.6152,-38.4720,12.3660,0.025246,0.021225,0.084233,0.000767,0.6000,+0
0.4307,descent,1.2403,51.7676,45.5273,-38.4720,9.6180,0.025241,0.022021,0.084233,0.000767,0.6000,+0
0.4318,descent,1.2403,51.6797,45.5273,-39.8460,6.8700,0.025434,0.022125,0.084208,0.000792,0.6000,+0
0.4329,descent,1.2403,51.5918,45.4395,-39.8460,4.1220,0.025608,0.023551,0.084208,0.000792,0.6000,+0
0.4340,descent,1.2403,51.5039,45.4395,-41.2200,1.3740,0.025802,0.128586,0.084214,0.000786,0.6000,+0
0.4352,descent,1.2403,51.4160,45.3516,-41.2200,-4.1220,0.025976,0.024555,0.084203,0.000797,0.6000,+0
0.4362,descent,1.2403,51.4160,45.3516,-42.5940,-5.4960,0.025990,0.023981,0.084203,0.000797,0.6000,+0
0.4373,descent,1.2403,51.3281,45.2637,-42.5940,-8.2440,0.026164,0.024764,0.084211,0.000789,0.6000,+0
0.4385,descent,1.2403,51.3281,45.2637,-42.5940,-9.6180,0.026164,0.024819,0.084211,0.000789,0.6000,+0
0.4396,descent,1.3486,51.2402,45.1758,-43.9680,-12.3660,0.026353,0.025609,0.084195,0.000805,0.6000,+0
0.4407,descent,1.3486,51.2402,45.0000,-43.9680,-15.1140,0.026343,0.027092,0.084195,0.000805,0.6000,+0
0.4418,descent,1.3486,51.1523,45.0000,-43.9680,-16.4880,0.026522,0.027141,0.084189,0.000811,0.6000,+0
0.4429,descent,1.3486,51.0645,45.0000,-45.3420,-17.8620,0.026715,0.027191,0.084189,0.000811,0.6000,+0
0.4440,descent,1.3486,51.0645,44.9121,-45.3420,-19.2360,0.026711,0.027932,0.084190,0.000810,0.6000,+0
0.4452,descent,1.3486,50.9766,44.8242,-46.7160,-23.3580,0.026899,0.028777,0.084181,0.000819,0.6000,+0
0.4462,descent,1.3486,50.8887,44.8242,-46.7160,-24.7320,0.027078,0.028827,0.084181,0.000819,0.6000,+0
0.4473,descent,1.3486,50.8008,44.7363,-46.7160,-26.1060,0.027252,0.029563,0.084172,0.000828,0.6000,+0
0.4485,descent,1.3486,50.8008,44.6484,-46.7160,-27.4800,0.027247,0.030305,0.084172,0.000828,0.6000,+0
0.4496,descent,1.3486,50.7129,44.6484,-48.0900,-28.8540,0.027441,0.030354,0.084176,0.000824,0.6000,+0
0.4507,descent,1.3486,50.6250,44.5605,-48.0900,-30.2280,0.027615,0.031091,0.084176,0.000824,0.6000,+0
0.4518,descent,1.3486,50.6250,44.5605,-48.0900,-31.6020,0.027615,0.031145,0.084173,0.000827,0.6000,+0
0.4529,descent,1.3486,50.5371,44.4727,-48.0900,-32.9760,0.027789,0.031882,0.084173,0.000827,0.6000,+0
0.4540,descent,1.3486,50.4492,44.4727,-49.4640,-32.9760,0.027982,0.031877,0.084176,0.000824,0.6000,+0
0.4552,descent,1.3486,50.3613,44.3848,-49.4640,-35.7240,0.028157,0.032668,0.084165,0.000835,0.6000,+0
0.4562,descent,1.3486,50.2734,44.2969,-50.8380,-35.7240,0.028345,0.033350,0.084165,0.000835,0.6000,+0
0.4573,descent,1.3486,50.2734,44.2969,-50.8380,-37.0980,0.028345,0.033404,0.084166,0.000834,0.6000,+0
0.4585,descent,1.3486,50.1855,44.2090,-50.8380,-37.0980,0.028519,0.034086,0.084166,0.000834,0.6000,+0
0.4596,descent,1.3486,50.0977,44.2090,-52.2120,-38.4720,0.028713,0.034136,0.084150,0.000850,0.6000,+0
0.4607,descent,1.3486,50.0977,44.1211,-52.2120,-38.4720,0.028708,0.034823,0.084150,0.000850,0.6000,+0
0.4618,descent,1.3486,50.0977,44.1211,-52.2120,-39.8460,0.028708,0.034877,0.084153,0.000847,0.6000,+0
0.4629,descent,1.3486,50.0098,44.0332,-53.5860,-39.8460,0.028897,0.035559,0.084153,0.000847,0.6000,+0
0.4641,descent,1.3486,49.9219,44.0332,-53.5860,-39.8460,0.029076,0.035555,0.084158,0.000842,0.6000,+0
0.4652,descent,1.3486,49.7461,43.9453,-53.5860,-41.2200,0.029429,0.036286,0.084153,0.000847,0.6000,+0
0.4666,descent,1.3486,49.7461,43.9453,-54.9600,-41.2200,0.029443,0.036286,0.084153,0.000847,0.6000,+0
0.4674,descent,1.3486,49.6582,43.8574,-54.9600,-41.2200,0.029617,0.036969,0.084125,0.000875,0.6000,+0
0.4685,descent,1.3486,49.5703,43.7695,-54.9600,-42.5940,0.029792,0.037705,0.084125,0.000875,0.6000,+0
0.4696,descent,1.3486,49.4824,43.7695,-54.9600,-42.5940,0.029971,0.037700,0.084136,0.000864,0.6000,+0
0.4707,descent,1.3486,49.3945,43.7695,-56.3340,-42.5940,0.030164,0.037696,0.084136,0.000864,0.6000,+0
0.4718,descent,1.3486,49.3945,43.5937,-56.3340,-42.5940,0.030155,0.039069,0.084148,0.000852,0.6000,+0
0.4729,descent,1.3486,49.3945,43.5937,-56.3340,-42.5940,0.030155,0.039069,0.084148,0.000852,0.6000,+0
0.4740,descent,1.3486,49.2188,43.5059,-57.7080,-42.5940,0.030522,0.039747,0.084146,0.000854,0.6000,+0
0.4751,descent,1.3486,49.1309,43.4180,-57.7080,-42.5940,0.030697,0.040429,0.084146,0.000854,0.6000,+0
0.4762,descent,1.3486,49.1309,43.4180,-57.7080,-42.5940,0.030697,0.040429,0.084118,0.000882,0.6000,+0
0.4774,descent,1.3486,49.0430,43.4180,-57.7080,-42.5940,0.030876,0.040424,0.084115,0.000885,0.6000,+0
0.4785,descent,1.3486,48.9551,43.3301,-59.0820,-42.5940,0.031064,0.041107,0.084115,0.000885,0.6000,+0
0.4796,descent,1.3486,48.9551,43.3301,-59.0820,-42.5940,0.031064,0.041107,0.084120,0.000880,0.6000,+0
0.4807,descent,1.3486,48.8672,43.3301,-59.0820,-41.2200,0.031244,0.041047,0.084120,0.000880,0.6000,+0
0.4818,descent,1.3486,48.7793,43.2422,-59.0820,-41.2200,0.031418,0.041730,0.084114,0.000886,0.6000,+0
0.4829,descent,1.3486,48.6914,43.2422,-59.0820,-41.2200,0.031597,0.041725,0.084114,0.000886,0.6000,+0
0.4840,descent,1.3486,48.6914,43.1543,-59.0820,-41.2200,0.031592,0.042412,0.084113,0.000887,0.6000,+0
0.4852,descent,1.3486,48.6035,43.1543,-59.0820,-39.8460,0.031771,0.042353,0.084099,0.000901,0.6000,+0
0.4862,descent,1.3486,48.5156,43.0664,-59.0820,-39.8460,0.031946,0.043035,0.084099,0.000901,0.6000,+0
0.4874,descent,1.3486,48.4277,43.0664,-60.4560,-39.8460,0.032139,0.043030,0.084107,0.000893,0.6000,+0
0.4885,descent,1.3486,48.3398,43.0664,-60.4560,-38.4720,0.032318,0.042971,0.084107,0.000893,0.6000,+0
0.4896,descent,1.3486,48.2520,42.9785,-60.4560,-38.4720,0.032493,0.043654,0.084086,0.000914,0.6000,+0
0.4907,descent,1.3486,48.2520,42.9785,-60.4560,-38.4720,0.032493,0.043654,0.084086,0.000914,0.6000,+0
0.4918,descent,1.3486,48.2520,42.9785,-60.4560,-37.0980,0.032493,0.043599,0.084087,0.000913,0.6000,+0
0.4929,descent,1.3486,48.0762,42.8906,-60.4560,-37.0980,0.032846,0.044277,0.084087,0.000913,0.6000,+0
0.4941,descent,1.3486,48.0762,42.8906,-60.4560,-37.0980,0.032846,0.044277,0.084086,0.000914,0.6000,+0
0.4952,descent,1.3486,47.9004,42.8906,-60.4560,-35.7240,0.033204,0.044213,0.084083,0.000917,0.6000,+0
0.4962,descent,1.3486,47.9004,42.8906,-60.4560,-34.3500,0.033204,0.044159,0.084083,0.000917,0.6000,+0
0.4974,descent,1.3486,47.8125,42.8027,-60.4560,-34.3500,0.033379,0.044841,0.084060,0.000940,0.6000,+0
0.4985,descent,1.3486,47.7246,42.8027,-60.4560,-34.3500,0.033558,0.044836,0.084060,0.000940,0.6000,+0
0.4996,descent,1.3486,47.7246,42.8027,-60.4560,-32.9760,0.033558,0.044782,0.084077,0.000923,0.6000,+0
0.5007,descent,1.3486,47.6367,42.8027,-60.4560,-32.9760,0.033737,0.044777,0.084077,0.000923,0.6000,+0
0.5018,descent,1.3486,47.4609,42.8027,-60.4560,-31.6020,0.034095,0.044714,0.084076,0.000924,0.6000,+0
0.5029,descent,1.3486,47.4609,42.8027,-60.4560,-30.2280,0.034095,0.044659,0.084076,0.000924,0.6000,+0
0.5040,descent,1.3486,47.3730,42.8027,-60.4560,-30.2280,0.034274,0.044655,0.084055,0.000945,0.6000,+0
0.5051,descent,1.3486,47.1973,42.7148,-60.4560,-28.8540,0.034628,0.045278,0.084052,0.000948,0.6000,+0
0.5063,descent,1.3486,47.1973,42.7148,-60.4560,-27.4800,0.034628,0.045224,0.084052,0.000948,0.6000,+0
0.5074,descent,1.3486,47.1094,42.7148,-60.4560,-27.4800,0.034807,0.045219,0.084055,0.000945,0.6000,+0
0.5085,descent,1.3486,47.1094,42.7148,-60.4560,-26.1060,0.034807,0.045165,0.084055,0.000945,0.6000,+0
0.5096,descent,1.3486,47.0215,42.7148,-60.4560,-26.1060,0.034986,0.045160,0.084050,0.000950,0.6000,+0
0.5107,descent,1.3486,46.9336,42.7148,-60.4560,-24.7320,0.035165,0.045101,0.084050,0.000950,0.6000,+0
0.5118,descent,1.3486,46.9336,42.7148,-60.4560,-23.3580,0.035165,0.045046,0.084052,0.000948,0.6000,+0
0.5129,descent,1.3486,46.8457,42.7148,-60.4560,-23.3580,0.035344,0.045042,0.084052,0.000948,0.6000,+0
0.5141,descent,1.3486,46.7578,42.7148,-60.4560,-21.9840,0.035524,0.044983,0.084038,0.000962,0.6000,+0
0.5152,descent,1.3486,46.6699,42.7148,-60.4560,-19.2360,0.035703,0.044869,0.084037,0.000963,0.6000,+0
0.5163,descent,1.3486,46.6699,42.7148,-60.4560,-19.2360,0.035703,0.044869,0.084037,0.000963,0.6000,+0
0.5173,descent,1.3486,46.5820,42.7148,-60.4560,-17.8620,0.035882,0.044810,0.084024,0.000976,0.6000,+0
0.5185,descent,1.3486,46.4941,42.7148,-60.4560,-16.4880,0.036061,0.044751,0.084024,0.000976,0.6000,+0
0.5196,descent,1.3486,46.4941,42.7148,-59.0820,-16.4880,0.036047,0.044751,0.084021,0.000979,0.6000,+0
0.5207,descent,1.3486,46.4062,42.7148,-59.0820,-15.1140,0.036226,0.044692,0.084021,0.000979,0.6000,+0
0.5218,descent,1.3486,46.4062,42.7148,-59.0820,-13.7400,0.036226,0.044638,0.084013,0.000987,0.6000,+0
0.5229,descent,1.3486,46.3184,42.7148,-59.0820,-12.3660,0.036405,0.044579,0.084013,0.000987,0.6000,+0
0.5240,descent,1.3486,46.2305,42.7148,-59.0820,-12.3660,0.036584,0.044574,0.084014,0.000986,0.6000,+0
0.5251,descent,1.3486,46.1426,42.7148,-57.7080,-9.6180,0.036749,0.044461,0.084017,0.000983,0.6000,+0
0.5262,descent,1.3486,46.1426,42.7148,-57.7080,-9.6180,0.036749,0.044461,0.084017,0.000983,0.6000,+0
0.5274,descent,1.3486,46.0547,42.7148,-57.7080,-8.2440,0.036928,0.044402,0.084012,0.000988,0.6000,+0
0.5285,descent,1.3486,46.0547,42.7148,-57.7080,-8.2440,0.036928,0.044402,0.084012,0.000988,0.6000,+0
0.5296,descent,1.4712,45.9668,42.7148,-56.3340,-6.8700,0.037093,0.044343,0.084004,0.000996,0.6000,+0
0.5307,descent,1.4712,45.8789,42.7148,-56.3340,-6.8700,0.037272,0.044338,0.084004,0.000996,0.6000,+0
0.5318,descent,1.4712,45.8789,42.7148,-56.3340,-5.4960,0.037272,0.044291,0.084008,0.000992,0.6000,+0
0.5329,descent,1.4712,45.7910,42.7148,-56.3340,-5.4960,0.037451,0.044287,0.084008,0.000992,0.6000,+0
0.5340,descent,1.4712,45.7910,42.7148,-54.9600,-4.1220,0.037437,0.044861,0.084008,0.000992,0.6000,+0
0.5365,descent,1.4712,45.7031,42.7148,-54.9600,-4.1220,0.037616,0.044856,0.083992,0.001008,0.6000,+0
0.5374,descent,1.4712,45.6152,42.7148,-53.5860,-2.7480,0.037781,0.059686,0.083971,0.001029,0.6000,+0
0.5385,descent,1.4712,45.5273,42.7148,-52.2120,-2.7480,0.037946,0.059681,0.083971,0.001029,0.6000,+0
0.5396,descent,1.4712,45.5273,42.7148,-52.2120,-1.3740,0.037946,0.149669,0.083980,0.001020,0.6000,+0
0.5407,descent,1.4712,45.4395,42.7148,-52.2120,-1.3740,0.038125,0.149664,0.083980,0.001020,0.6000,+0
0.5418,descent,1.4712,45.3516,42.7148,-52.2120,-1.3740,0.038305,0.149660,0.083974,0.001026,0.6000,+0
0.5429,descent,1.4712,45.3516,42.7148,-52.2120,-1.3740,0.038305,0.149660,0.083974,0.001026,0.6000,+0
0.5441,descent,1.4712,45.2637,42.7148,-52.2120,0.0000,0.038484,0.244034,0.083974,0.001026,0.6000,+0
0.5452,descent,1.4712,45.2637,42.7148,-50.8380,0.0000,0.038469,0.244034,0.083955,0.001045,0.6000,+0
0.5462,descent,1.4712,45.1758,42.7148,-50.8380,0.0000,0.038649,0.244030,0.083955,0.001045,0.6000,+0
0.5474,descent,1.4712,45.0879,42.7148,-50.8380,0.0000,0.038828,0.244025,0.083968,0.001032,0.6000,+0
0.5485,descent,1.4712,45.0879,42.7148,-49.4640,0.0000,0.038814,0.244025,0.083968,0.001032,0.6000,+0
0.5496,descent,1.4712,45.0879,42.7148,-49.4640,0.0000,0.038814,0.244025,0.083952,0.001048,0.6000,+0
0.5507,descent,1.4712,45.0000,42.8027,-49.4640,1.3740,0.038997,0.148845,0.083952,0.001048,0.6000,+0
0.5518,descent,1.4712,45.0000,42.8027,-48.0900,1.3740,0.038983,0.148845,0.083965,0.001035,0.6000,+0
0.5529,descent,1.4712,44.9121,42.8027,-48.0900,1.3740,0.039162,0.148841,0.083965,0.001035,0.6000,+0
0.5540,descent,1.4712,44.9121,42.8027,-48.0900,1.3740,0.039162,0.148841,0.083939,0.001061,0.6000,+0
0.5551,descent,1.4712,44.8242,42.8906,-46.7160,2.7480,0.039332,0.058053,0.083936,0.001064,0.6000,+0
0.5563,descent,1.4712,44.8242,42.8906,-46.7160,4.1220,0.039332,0.043110,0.083936,0.001064,0.6000,+0
0.5574,descent,1.4712,44.7363,42.9785,-45.3420,4.1220,0.039501,0.042419,0.083939,0.001061,0.6000,+0
0.5585,descent,1.4712,44.7363,43.0664,-45.3420,5.4960,0.039506,0.041048,0.083939,0.001061,0.6000,+0
0.5596,descent,1.4712,44.7363,43.1543,-43.9680,6.8700,0.039496,0.040300,0.083930,0.001070,0.6000,+0
0.5607,descent,1.4712,44.6484,43.2422,-43.9680,8.2440,0.039680,0.039554,0.083930,0.001070,0.6000,+0
0.5618,descent,1.4712,44.6484,43.3301,-43.9680,9.6180,0.039684,0.038812,0.083920,0.001080,0.6000,+0
0.5629,descent,1.4712,44.6484,43.3301,-42.5940,10.9920,0.039670,0.038758,0.083920,0.001080,0.6000,+0
0.5641,descent,1.4712,44.5605,43.4180,-42.5940,13.7400,0.039854,0.037957,0.083938,0.001062,0.6000,+0
0.5652,descent,1.4712,44.5605,43.5937,-41.2200,16.4880,0.039849,0.036475,0.083914,0.001086,0.6000,+0
0.5662,descent,1.4712,44.4727,43.7695,-41.2200,19.2360,0.040037,0.034987,0.083914,0.001086,0.6000,+0
0.5673,descent,1.4712,44.4727,43.8574,-39.8460,20.6100,0.040027,0.034246,0.083921,0.001079,0.6000,+0
0.5685,descent,1.4712,44.4727,43.9453,-39.8460,23.3580,0.040032,0.033450,0.083921,0.001079,0.6000,+0
0.5696,descent,1.4712,44.3848,44.0332,-39.8460,26.1060,0.040216,0.032650,0.083916,0.001084,0.6000,+0
0.5707,descent,1.4712,44.3848,44.1211,-38.4720,27.4800,0.040206,0.031908,0.083916,0.001084,0.6000,+0
0.5718,descent,1.4712,44.3848,44.2090,-38.4720,30.2280,0.040211,0.031112,0.083907,0.001093,0.6000,+0
0.5730,descent,1.4712,44.3848,44.2969,-37.0980,32.9760,0.040201,0.030317,0.083907,0.001093,0.6000,+0
0.5742,descent,1.4712,44.2969,44.2969,-37.0980,35.7240,0.040380,0.030203,0.083923,0.001077,0.6000,+0
0.5752,descent,1.4712,44.2969,44.4727,-35.7240,39.8460,0.040375,0.028666,0.083911,0.001089,0.6000,+0
0.5765,descent,1.4712,44.2969,44.5605,-34.3500,42.5940,0.040365,0.027870,0.083911,0.001089,0.6000,+0
0.5774,descent,1.4712,44.2090,44.5605,-34.3500,43.9680,0.040544,0.027811,0.083908,0.001092,0.6000,+0
0.5785,descent,1.4712,44.2090,44.6484,-32.9760,46.7160,0.040535,0.027015,0.083908,0.001092,0.6000,+0
0.5796,descent,1.4712,44.2090,44.7363,-32.9760,48.0900,0.040539,0.026274,0.083899,0.001101,0.6000,+0
0.5807,descent,1.4712,44.2090,44.8242,-31.6020,50.8380,0.040530,0.025478,0.083899,0.001101,0.6000,+0
0.5818,descent,1.4712,44.1211,44.8242,-31.6020,52.2120,0.040709,0.025419,0.083893,0.001107,0.6000,+0
0.5830,descent,1.4712,44.1211,44.8242,-30.2280,53.5860,0.040695,0.025365,0.083893,0.001107,0.6000,+0
0.5840,descent,1.4712,44.1211,44.9121,-30.2280,54.9600,0.040699,0.024623,0.083894,0.001106,0.6000,+0
0.5855,descent,1.4712,44.1211,45.0000,-28.8540,59.0820,0.040689,0.023773,0.083891,0.001109,0.6000,+0
0.5862,descent,1.4712,44.1211,45.0000,-27.4800,59.0820,0.040675,0.023773,0.083891,0.001109,0.6000,+0
0.5875,descent,1.4712,44.0332,45.1758,-27.4800,60.4560,0.040864,0.022340,0.083882,0.001118,0.6000,+0
0.5885,descent,1.4712,44.0332,45.1758,-26.1060,61.8300,0.040849,0.022286,0.083882,0.001118,0.6000,+0
0.5896,descent,1.4712,44.0332,45.1758,-26.1060,61.8300,0.040849,0.022286,0.083885,0.001115,0.6000,+0
0.5909,descent,1.4712,44.0332,45.1758,-24.7320,61.8300,0.040835,0.022286,0.083885,0.001115,0.6000,+0
0.5919,descent,1.4712,44.0332,45.1758,-24.7320,61.8300,0.040835,0.022286,0.083866,0.001134,0.6000,+0
0.5931,descent,1.4712,44.0332,45.1758,-23.3580,60.4560,0.040821,0.022340,0.083868,0.001132,0.6000,+0
0.5940,descent,1.4712,43.9453,45.1758,-23.3580,59.0820,0.041000,0.022390,0.083868,0.001132,0.6000,+0
0.5955,descent,1.4712,43.9453,45.2637,-21.9840,57.7080,0.040990,0.021758,0.083870,0.001130,0.6000,+0
0.5962,descent,1.4712,43.9453,45.1758,-21.9840,56.3340,0.040986,0.022499,0.083870,0.001130,0.6000,+0
0.5975,descent,1.4712,43.9453,45.1758,-20.6100,54.9600,0.040971,0.022554,0.083857,0.001143,0.6000,+0
0.5985,descent,1.4712,43.9453,45.1758,-20.6100,52.2120,0.040971,0.022662,0.083857,0.001143,0.6000,+0
0.5996,descent,1.4712,43.9453,45.1758,-19.2360,50.8380,0.040957,0.022717,0.083860,0.001140,0.6000,+0
0.6009,descent,1.4712,43.9453,45.1758,-19.2360,48.0900,0.040957,0.022826,0.083860,0.001140,0.6000,+0
0.6019,descent,1.4712,43.9453,45.1758,-17.8620,46.7160,0.040943,0.022880,0.083870,0.001130,0.6000,+0
0.6031,descent,1.4712,43.9453,45.1758,-17.8620,43.9680,0.040943,0.022989,0.083864,0.001136,0.6000,+0
0.6041,descent,1.4712,43.9453,45.1758,-16.4880,41.2200,0.040928,0.023098,0.083864,0.001136,0.6000,+0
0.6055,descent,1.4712,43.9453,45.1758,-15.1140,37.0980,0.040914,0.023261,0.083841,0.001159,0.6000,+0
0.6062,descent,1.4712,43.9453,45.0000,-15.1140,34.3500,0.040905,0.024744,0.083841,0.001159,0.6000,+0
0.6075,descent,1.4712,43.9453,45.0000,-13.7400,31.6020,0.040890,0.024853,0.083846,0.001154,0.6000,+0
0.6085,descent,1.4712,43.9453,45.0000,-13.7400,30.2280,0.040890,0.024907,0.083846,0.001154,0.6000,+0
0.6096,descent,1.4712,43.9453,45.0000,-12.3660,27.4800,0.040876,0.025016,0.083844,0.001156,0.6000,+0
0.6109,descent,1.4712,43.9453,45.0000,-12.3660,24.7320,0.040876,0.025125,0.083844,0.001156,0.6000,+0
0.6119,descent,1.4712,43.9453,45.0000,-10.9920,23.3580,0.040862,0.025179,0.083844,0.001156,0.6000,+0
0.6131,descent,1.4712,43.9453,44.9121,-10.9920,19.2360,0.040857,0.026029,0.083838,0.001162,0.6000,+0
0.6141,descent,1.4712,43.9453,44.9121,-9.6180,17.8620,0.040843,0.026084,0.083838,0.001162,0.6000,+0
0.6153,descent,1.4712,43.9453,44.9121,-9.6180,15.1140,0.040843,0.026193,0.083828,0.001172,0.6000,+0
0.6163,descent,1.4712,43.9453,44.8242,-8.2440,12.3660,0.040824,0.026988,0.083828,0.001172,0.6000,+0
0.6175,descent,1.4712,43.9453,44.8242,-6.8700,9.6180,0.040810,0.027097,0.083821,0.001179,0.6000,+0
0.6185,descent,1.4712,43.9453,44.8242,-6.8700,5.4960,0.040810,0.027268,0.083821,0.001179,0.6000,+0
0.6196,descent,1.5631,43.9453,44.8242,-6.8700,4.1220,0.040810,0.027951,0.083827,0.001173,0.6000,+0
0.6208,descent,1.5631,43.9453,44.8242,-5.4960,2.7480,0.040803,0.042894,0.083827,0.001173,0.6000,+0
0.6218,descent,1.5631,43.9453,44.7363,-5.4960,0.0000,0.040798,0.228165,0.083820,0.001180,0.6000,+0
0.6229,descent,1.5631,43.9453,44.7363,-4.1220,-1.3740,0.041413,0.133786,0.083820,0.001180,0.6000,+0
0.6241,descent,1.5631,43.9453,44.6484,-4.1220,-2.7480,0.041408,0.044485,0.083816,0.001184,0.6000,+0
0.6252,descent,1.5631,43.9453,44.6484,-2.7480,-5.4960,0.056282,0.029077,0.083810,0.001190,0.6000,+0
0.6263,descent,1.5631,43.9453,44.5605,-2.7480,-6.8700,0.056277,0.029811,0.083810,0.001190,0.6000,+0
0.6274,descent,1.5631,43.9453,44.5605,-2.7480,-9.6180,0.056277,0.029920,0.083820,0.001180,0.6000,+0
0.6285,descent,1.5631,43.9453,44.5605,-1.3740,-9.6180,0.146305,0.029920,0.083820,0.001180,0.6000,+0
0.6296,descent,1.5631,43.9453,44.5605,-1.3740,-10.9920,0.146305,0.029974,0.083807,0.001193,0.6000,+0
0.6307,descent,1.5631,43.9453,44.4727,-1.3740,-12.3660,0.146300,0.030716,0.083807,0.001193,0.6000,+0
0.6318,descent,1.5631,43.9453,44.4727,-1.3740,-12.3660,0.146300,0.030716,0.083807,0.001193,0.6000,+0
0.6329,descent,1.5631,43.9453,44.4727,0.0000,-13.7400,0.240720,0.030770,0.083807,0.001193,0.6000,+0
0.6341,descent,1.5631,43.9453,44.4727,0.0000,-15.1140,0.240720,0.030824,0.083807,0.001193,0.6000,+0
0.6352,descent,1.5631,43.9453,44.3848,0.0000,-16.4880,0.240715,0.031566,0.083802,0.001198,0.6000,+0
0.6362,descent,1.5631,43.9453,44.3848,0.0000,-16.4880,0.240715,0.031566,0.083802,0.001198,0.6000,+0
0.6376,descent,1.5631,43.9453,44.3848,0.0000,-17.8620,0.240715,0.031620,0.083796,0.001204,0.6000,+0
0.6385,descent,1.5631,43.9453,44.3848,0.0000,-17.8620,0.240715,0.031620,0.083796,0.001204,0.6000,+0
0.6396,descent,1.5631,43.9453,44.3848,0.0000,-17.8620,0.240715,0.031620,0.083789,0.001211,0.6000,+0
0.6407,descent,1.5631,43.9453,44.3848,0.0000,-17.8620,0.240715,0.031620,0.083789,0.001211,0.6000,+0
0.6418,descent,1.5631,44.0332,44.3848,1.3740,-17.8620,0.146088,0.031625,0.083780,0.001220,0.6000,+0
0.6429,descent,1.5631,44.0332,44.2969,1.3740,-17.8620,0.146083,0.032312,0.083780,0.001220,0.6000,+0
0.6441,descent,1.5631,44.0332,44.2969,1.3740,-19.2360,0.146083,0.032366,0.083774,0.001226,0.6000,+0
0.6455,descent,1.5631,44.1211,44.2969,2.7480,-19.2360,0.055848,0.032371,0.083765,0.001235,0.6000,+0
0.6462,descent,1.5631,44.2090,44.2969,4.1220,-19.2360,0.040766,0.032375,0.083765,0.001235,0.6000,+0
0.6475,descent,1.5631,44.2969,44.2969,5.4960,-17.8620,0.039944,0.032326,0.083763,0.001237,0.6000,+0
0.6485,descent,1.5631,44.3848,44.2969,6.8700,-17.8620,0.039743,0.032330,0.083763,0.001237,0.6000,+0
0.6496,descent,1.5631,44.4727,44.2969,8.2440,-17.8620,0.039549,0.032335,0.083766,0.001234,0.6000,+0
0.6507,descent,1.5631,44.5605,44.2969,9.6180,-17.8620,0.039356,0.032339,0.083766,0.001234,0.6000,+0
0.6518,descent,1.5631,44.6484,44.2969,10.9920,-16.4880,0.039162,0.032290,0.083752,0.001248,0.6000,+0
0.6529,descent,1.5631,44.8242,44.2969,13.7400,-16.4880,0.038775,0.032299,0.083752,0.001248,0.6000,+0
0.6541,descent,1.5631,44.9121,44.2969,16.4880,-16.4880,0.038568,0.032303,0.083760,0.001240,0.6000,+0
0.6552,descent,1.5631,45.0879,44.2969,21.9840,-15.1140,0.038152,0.032258,0.083748,0.001252,0.6000,+0
0.6565,descent,1.5631,45.2637,44.2969,24.7320,-13.7400,0.037765,0.032213,0.083748,0.001252,0.6000,+0
0.6574,descent,1.5631,45.3516,44.2090,27.4800,-13.7400,0.037553,0.032905,0.083756,0.001244,0.6000,+0
0.6585,descent,1.5631,45.5273,44.2969,30.2280,-13.7400,0.037170,0.032227,0.083756,0.001244,0.6000,+0
0.6596,descent,1.5631,45.6152,44.2969,34.3500,-12.3660,0.036948,0.032177,0.083748,0.001252,0.6000,+0
0.6607,descent,1.5631,45.7031,44.2090,37.0980,-12.3660,0.036736,0.032869,0.083748,0.001252,0.6000,+0
0.6618,descent,1.5631,45.8789,44.2090,41.2200,-12.3660,0.036335,0.032878,0.083741,0.001259,0.6000,+0
0.6629,descent,1.5631,45.9668,44.2090,43.9680,-10.9920,0.036127,0.032828,0.083741,0.001259,0.6000,+0
0.6640,descent,1.5631,46.0547,44.2090,48.0900,-10.9920,0.035905,0.032833,0.083750,0.001250,0.6000,+0
0.6651,descent,1.5631,46.3184,44.2090,53.5860,-9.6180,0.035310,0.032792,0.083732,0.001268,0.6000,+0
0.6662,descent,1.5631,46.4062,44.2090,57.7080,-9.6180,0.035088,0.032797,0.083732,0.001268,0.6000,+0
0.6674,descent,1.5631,46.4941,44.2090,60.4560,-8.2440,0.034880,0.032747,0.083724,0.001276,0.6000,+0
0.6685,descent,1.5631,46.6699,44.2090,64.5780,-8.2440,0.034479,0.032756,0.083724,0.001276,0.6000,+0
0.6696,descent,1.5631,46.7578,44.2090,68.7000,-6.8700,0.034257,0.032707,0.083727,0.001273,0.6000,+0
0.6707,descent,1.5631,46.8457,44.2090,71.4480,-6.8700,0.034049,0.032711,0.083727,0.001273,0.6000,+0
0.6718,descent,1.5631,46.9336,44.2969,75.5700,-6.8700,0.033832,0.032029,0.083721,0.001279,0.6000,+0
0.6729,descent,1.5631,47.0215,44.2090,78.3180,-5.4960,0.033620,0.032673,0.083721,0.001279,0.6000,+0
0.6741,descent,1.5631,47.1094,44.2090,81.0660,-5.4960,0.033412,0.032678,0.083714,0.001286,0.6000,+0
0.6752,descent,1.5631,47.3730,44.2090,86.5620,-4.1220,0.032817,0.033266,0.083717,0.001283,0.6000,+0
0.6762,descent,1.5631,47.4609,44.2090,89.3100,-4.1220,0.032610,0.033271,0.083717,0.001283,0.6000,+0
0.6774,descent,1.5631,47.6367,44.2090,92.0580,-4.1220,0.032223,0.033280,0.083706,0.001294,0.6000,+0
0.6785,descent,1.5631,47.7246,44.2090,94.8060,-4.1220,0.032015,0.033285,0.083706,0.001294,0.6000,+0
0.6796,descent,1.5631,47.8125,44.2090,96.1800,-4.1220,0.031822,0.033290,0.083723,0.001277,0.6000,+0
0.6807,descent,1.5631,47.9004,44.2090,98.9280,-2.7480,0.031614,0.048128,0.083723,0.001277,0.6000,+0
0.6818,descent,1.5631,47.9883,44.2090,100.3020,-2.7480,0.031421,0.048133,0.083707,0.001293,0.6000,+0
0.6829,descent,1.5631,48.1641,44.2090,101.6760,-2.7480,0.031048,0.048142,0.083707,0.001293,0.6000,+0
0.6841,descent,1.5631,48.1641,44.2090,101.6760,-2.7480,0.031048,0.048142,0.083692,0.001308,0.6000,+0
0.6852,descent,1.5631,48.3398,44.2090,103.0500,-2.7480,0.030676,0.048151,0.083682,0.001318,0.6000,+0
0.6862,descent,1.5631,48.4277,44.2090,103.0500,-2.7480,0.030497,0.048156,0.083682,0.001318,0.6000,+0
0.6873,descent,1.5631,48.5156,44.2090,103.0500,-2.7480,0.030318,0.048161,0.083679,0.001321,0.6000,+0
0.6885,descent,1.5631,48.6035,44.2090,103.0500,-2.7480,0.030139,0.048166,0.083679,0.001321,0.6000,+0
0.6896,descent,1.5631,48.6914,44.2090,103.0500,-1.3740,0.029960,0.138158,0.083678,0.001322,0.6000,+0
0.6907,descent,1.5631,48.7793,44.2090,103.0500,-1.3740,0.029781,0.138163,0.083678,0.001322,0.6000,+0
0.6919,descent,1.5631,48.7793,44.2090,101.6760,-1.3740,0.029795,0.138163,0.083674,0.001326,0.6000,+0
0.6929,descent,1.5631,48.7793,44.2090,101.6760,-1.3740,0.029795,0.138163,0.083674,0.001326,0.6000,+0
0.6940,descent,1.5631,48.8672,44.2090,101.6760,-1.3740,0.029616,0.138167,0.083682,0.001318,0.6000,+0
0.6951,descent,1.5631,49.0430,44.2090,97.5540,0.0000,0.029301,0.232556,0.083678,0.001322,0.6000,+0
0.6962,descent,1.5631,49.1309,44.2090,97.5540,0.0000,0.029122,0.232560,0.083678,0.001322,0.6000,+0
0.6974,descent,1.5631,49.2188,44.2090,96.1800,0.0000,0.028957,0.232565,0.083680,0.001320,0.6000,+0
0.6985,descent,1.5631,49.3066,44.2090,94.8060,0.0000,0.028792,0.232570,0.083680,0.001320,0.6000,+0
0.6996,descent,1.5631,49.3066,44.2090,93.4320,0.0000,0.028807,0.232570,0.083657,0.001343,0.6000,+0
0.7007,descent,1.5631,49.3945,44.2090,92.0580,0.0000,0.028642,0.232575,0.083657,0.001343,0.6000,+0
0.7018,descent,1.5631,49.3945,44.2090,90.6840,0.0000,0.028656,0.232575,0.083668,0.001332,0.6000,+0
0.7030,descent,1.5631,49.4824,44.2969,89.3100,0.0000,0.028496,0.231892,0.083668,0.001332,0.6000,+0
0.7042,descent,1.5631,49.4824,44.2969,86.5620,0.0000,0.028525,0.231892,0.083655,0.001345,0.6000,+0
0.7052,descent,1.5631,49.5703,44.2969,83.8140,1.3740,0.028375,0.137409,0.083669,0.001331,0.6000,+0
0.7066,descent,1.5631,49.6582,44.3848,82.4400,2.7480,0.028215,0.046631,0.083669,0.001331,0.6000,+0
0.7074,descent,1.5631,49.6582,44.3848,81.0660,2.7480,0.028229,0.046631,0.083644,0.001356,0.6000,+0
0.7085,descent,1.5631,49.7461,44.3848,78.3180,2.7480,0.028079,0.046635,0.083644,0.001356,0.6000,+0
0.7098,descent,1.6531,49.7461,44.4727,76.9440,4.1220,0.028098,0.031006,0.083635,0.001365,0.6000,+0
0.7108,descent,1.6531,49.8340,44.5605,75.5700,5.4960,0.027938,0.029641,0.083635,0.001365,0.6000,+0
0.7118,descent,1.6531,49.8340,44.5605,74.1960,5.4960,0.027952,0.029641,0.083636,0.001364,0.6000,+0
0.7130,descent,1.6531,49.8340,44.5605,74.1960,5.4960,0.027952,0.029641,0.083636,0.001364,0.6000,+0
0.7142,descent,1.6531,49.8340,44.6484,71.4480,6.8700,0.027985,0.028892,0.083639,0.001361,0.6000,+0
0.7152,descent,1.6531,49.9219,44.9121,65.9520,12.3660,0.027878,0.026619,0.083625,0.001375,0.6000,+0
0.7165,descent,1.6531,49.9219,45.0000,64.5780,13.7400,0.027897,0.025878,0.083625,0.001375,0.6000,+0
0.7174,descent,1.6531,49.9219,45.1758,61.8300,16.4880,0.027935,0.024395,0.083613,0.001387,0.6000,+0
0.7185,descent,1.6531,49.9219,45.1758,60.4560,17.8620,0.027949,0.024341,0.083613,0.001387,0.6000,+0
0.7196,descent,1.6531,49.9219,45.2637,57.7080,19.2360,0.027982,0.023600,0.083622,0.001378,0.6000,+0
0.7207,descent,1.6531,50.0098,45.3516,56.3340,21.9840,0.027823,0.022809,0.083622,0.001378,0.6000,+0
0.7218,descent,1.6531,50.0098,45.4395,53.5860,24.7320,0.027856,0.022013,0.083609,0.001391,0.6000,+0
0.7229,descent,1.6531,50.0098,45.4395,52.2120,26.1060,0.027870,0.021959,0.083609,0.001391,0.6000,+0
0.7241,descent,1.6531,50.0098,45.5273,49.4640,27.4800,0.027904,0.021218,0.083600,0.001400,0.6000,+0
0.7255,descent,1.6531,50.0098,45.7031,45.3420,31.6020,0.027956,0.019681,0.083603,0.001397,0.6000,+0
0.7262,descent,1.6531,50.0098,45.7031,43.9680,34.3500,0.027970,0.019572,0.083603,0.001397,0.6000,+0
0.7275,descent,1.6531,50.0098,45.7910,41.2200,35.7240,0.028004,0.018831,0.083600,0.001400,0.6000,+0
0.7285,descent,1.6531,50.0098,45.8789,39.8460,38.4720,0.028023,0.018036,0.083600,0.001400,0.6000,+0
0.7296,descent,1.6531,49.9219,45.8789,37.0980,39.8460,0.028230,0.017976,0.083598,0.001402,0.6000,+0
0.7308,descent,1.6531,49.9219,45.8789,34.3500,41.2200,0.028259,0.017922,0.083598,0.001402,0.6000,+0
0.7318,descent,1.6531,50.0098,45.9668,32.9760,42.5940,0.028099,0.017186,0.083590,0.001410,0.6000,+0
0.7330,descent,1.6531,49.9219,45.9668,30.2280,43.9680,0.028307,0.017127,0.083590,0.001410,0.6000,+0
0.7340,descent,1.6531,49.9219,45.9668,28.8540,45.3420,0.028321,0.017072,0.083582,0.001418,0.6000,+0
0.7352,descent,1.6531,49.9219,45.9668,24.7320,46.7160,0.028364,0.017018,0.083586,0.001414,0.6000,+0
0.7362,descent,1.6531,49.9219,45.9668,23.3580,48.0900,0.028378,0.016963,0.083586,0.001414,0.6000,+0
0.7374,descent,1.6531,49.9219,45.9668,20.6100,48.0900,0.028407,0.016963,0.083581,0.001419,0.6000,+0
0.7385,descent,1.6531,49.9219,45.9668,19.2360,48.0900,0.028421,0.016963,0.083581,0.001419,0.6000,+0
0.7396,descent,1.6531,49.9219,45.9668,17.8620,48.0900,0.028435,0.016963,0.083589,0.001411,0.6000,+0
0.7407,descent,1.6531,49.9219,45.9668,16.4880,48.0900,0.028450,0.016963,0.083589,0.001411,0.6000,+0
0.7418,descent,1.6531,49.9219,45.9668,15.1140,46.7160,0.028464,0.017018,0.083577,0.001423,0.6000,+0
0.7430,descent,1.6531,49.9219,45.9668,13.7400,46.7160,0.028478,0.017018,0.083577,0.001423,0.6000,+0
0.7441,descent,1.6531,49.9219,45.9668,12.3660,45.3420,0.028493,0.017072,0.083578,0.001422,0.6000,+0
0.7456,descent,1.6531,49.8340,45.9668,8.2440,43.9680,0.028715,0.017122,0.083559,0.001441,0.6000,+0
0.7463,descent,1.6531,49.8340,45.8789,6.8700,41.2200,0.028724,0.017917,0.083559,0.001441,0.6000,+0
0.7473,descent,1.6531,49.8340,45.8789,5.4960,39.8460,0.028746,0.017972,0.083563,0.001437,0.6000,+0
0.7485,descent,1.6531,49.8340,45.8789,4.1220,37.0980,0.029389,0.018081,0.083563,0.001437,0.6000,+0
0.7496,descent,1.6531,49.8340,45.8789,4.1220,35.7240,0.029389,0.018135,0.083562,0.001438,0.6000,+0
0.7507,descent,1.6531,49.8340,45.8789,2.7480,32.9760,0.044291,0.018244,0.083562,0.001438,0.6000,+0
0.7518,descent,1.6531,49.8340,45.7910,2.7480,31.6020,0.044287,0.018985,0.083561,0.001439,0.6000,+0
0.7529,descent,1.6531,49.7461,45.7910,1.3740,28.8540,0.134522,0.019089,0.083561,0.001439,0.6000,+0
0.7541,descent,1.6531,49.7461,45.7910,0.0000,26.1060,0.228970,0.019198,0.083559,0.001441,0.6000,+0
0.7553,descent,1.6531,49.7461,45.7031,-2.7480,20.6100,0.044518,0.020102,0.083549,0.001451,0.6000,+0
0.7563,descent,1.6531,49.7461,45.7031,-2.7480,19.2360,0.044518,0.020157,0.083549,0.001451,0.6000,+0
0.7574,descent,1.6531,49.7461,45.6152,-4.1220,15.1140,0.029639,0.021007,0.083549,0.001451,0.6000,+0
0.7585,descent,1.6531,49.7461,45.6152,-4.1220,12.3660,0.029639,0.021116,0.083549,0.001451,0.6000,+0
0.7596,descent,1.6531,49.7461,45.6152,-4.1220,10.9920,0.029639,0.021170,0.083533,0.001467,0.6000,+0
0.7607,descent,1.6531,49.7461,45.5273,-5.4960,6.8700,0.029020,0.022020,0.083533,0.001467,0.6000,+0
0.7618,descent,1.6531,49.6582,45.5273,-5.4960,5.4960,0.029199,0.022077,0.083535,0.001465,0.6000,+0
0.7629,descent,1.6531,49.6582,45.4395,-5.4960,2.7480,0.029194,0.038390,0.083535,0.001465,0.6000,+0
0.7641,descent,1.6531,49.6582,45.4395,-6.8700,0.0000,0.029201,0.222974,0.083545,0.001455,0.6000,+0
0.7653,descent,1.6531,49.6582,45.3516,-6.8700,-5.4960,0.029197,0.023886,0.083538,0.001462,0.6000,+0
0.7666,descent,1.6531,49.6582,45.2637,-6.8700,-6.8700,0.029192,0.024620,0.083538,0.001462,0.6000,+0
0.7674,descent,1.6531,49.6582,45.2637,-6.8700,-9.6180,0.029192,0.024728,0.083526,0.001474,0.6000,+0
0.7685,descent,1.6531,49.6582,45.2637,-6.8700,-10.9920,0.029192,0.024783,0.083526,0.001474,0.6000,+0
0.7696,descent,1.6531,49.6582,45.1758,-6.8700,-12.3660,0.029187,0.025524,0.083528,0.001472,0.6000,+0
0.7707,descent,1.6531,49.6582,45.0000,-6.8700,-15.1140,0.029178,0.027006,0.083528,0.001472,0.6000,+0
0.7720,descent,1.6531,49.6582,45.0000,-6.8700,-16.4880,0.029178,0.027061,0.083514,0.001486,0.6000,+0
0.7730,descent,1.6531,49.6582,45.0000,-6.8700,-17.8620,0.029178,0.027115,0.083514,0.001486,0.6000,+0
0.7740,descent,1.6531,49.6582,45.0000,-6.8700,-17.8620,0.029178,0.027115,0.083510,0.001490,0.6000,+0
0.7752,descent,1.6531,49.6582,44.8242,-6.8700,-23.3580,0.029168,0.028706,0.083507,0.001493,0.6000,+0
0.7762,descent,1.6531,49.6582,44.8242,-6.8700,-24.7320,0.029168,0.028761,0.083507,0.001493,0.6000,+0
0.7774,descent,1.6531,49.6582,44.7363,-6.8700,-26.1060,0.029164,0.029502,0.083515,0.001485,0.6000,+0
0.7785,descent,1.6531,49.6582,44.7363,-6.8700,-26.1060,0.029164,0.029502,0.083515,0.001485,0.6000,+0
0.7796,descent,1.6531,49.6582,44.6484,-5.4960,-27.4800,0.029152,0.030243,0.083511,0.001489,0.6000,+0
0.7807,descent,1.6531,49.6582,44.6484,-5.4960,-28.8540,0.029152,0.030298,0.083511,0.001489,0.6000,+0
0.7818,descent,1.6531,49.6582,44.5605,-5.4960,-30.2280,0.029147,0.031039,0.083504,0.001496,0.6000,+0
0.7830,descent,1.6531,49.6582,44.5605,-5.4960,-31.6020,0.029147,0.031093,0.083504,0.001496,0.6000,+0
0.7841,descent,1.6531,49.6582,44.5605,-5.4960,-31.6020,0.029147,0.031093,0.083498,0.001502,0.6000,+0
0.7852,descent,1.6531,49.6582,44.4727,-4.1220,-32.9760,0.029757,0.031834,0.083484,0.001516,0.6000,+0
0.7862,descent,1.6531,49.6582,44.3848,-4.1220,-34.3500,0.029752,0.032576,0.083484,0.001516,0.6000,+0
0.7874,descent,1.6531,49.6582,44.3848,-4.1220,-34.3500,0.029752,0.032576,0.083481,0.001519,0.6000,+0
0.7885,descent,1.6531,49.6582,44.2969,-4.1220,-35.7240,0.029747,0.033317,0.083481,0.001519,0.6000,+0
0.7896,descent,1.6531,49.6582,44.2969,-2.7480,-35.7240,0.044621,0.033317,0.083475,0.001525,0.6000,+0
0.7907,descent,1.6531,49.6582,44.2969,-2.7480,-35.7240,0.044621,0.033317,0.083475,0.001525,0.6000,+0
0.7918,descent,1.6531,49.6582,44.2090,-2.7480,-37.0980,0.044617,0.034058,0.083469,0.001531,0.6000,+0
0.7929,descent,1.6531,49.6582,44.2090,-2.7480,-37.0980,0.044617,0.034058,0.083469,0.001531,0.6000,+0
0.7940,descent,1.6531,49.6582,44.1211,-2.7480,-37.0980,0.044612,0.034745,0.083488,0.001512,0.6000,+0
0.7951,descent,1.6531,49.6582,44.0332,-1.3740,-37.0980,0.134635,0.035432,0.083479,0.001521,0.6000,+0
0.7962,descent,1.6531,49.6582,44.0332,-1.3740,-38.4720,0.134635,0.035486,0.083479,0.001521,0.6000,+0
0.7973,descent,1.6531,49.6582,44.0332,-1.3740,-38.4720,0.134635,0.035486,0.083469,0.001531,0.6000,+0
0.7984,descent,1.6531,49.6582,44.0332,0.0000,-37.0980,0.229054,0.035432,0.083469,0.001531,0.6000,+0
0.7996,descent,1.7474,49.6582,43.9453,0.0000,-37.0980,0.229050,0.036118,0.083468,0.001532,0.6000,+0
0.8007,descent,1.7474,49.6582,43.9453,0.0000,-37.0980,0.229050,0.036118,0.083468,0.001532,0.6000,+0
0.8018,descent,1.7474,49.6582,43.8574,0.0000,-37.0980,0.229045,0.036805,0.083452,0.001548,0.6000,+0
0.8030,descent,1.7474,49.6582,43.8574,0.0000,-37.0980,0.229045,0.036805,0.083452,0.001548,0.6000,+0
0.8042,descent,1.7474,49.6582,43.7695,0.0000,-37.0980,0.229040,0.037492,0.083465,0.001535,0.6000,+0
0.8053,descent,1.7474,49.6582,43.7695,0.0000,-37.0980,0.229040,0.037492,0.083469,0.001531,0.6000,+0
0.8062,descent,1.7474,49.6582,43.5937,0.0000,-37.0980,0.229031,0.038866,0.083469,0.001531,0.6000,+0
0.8074,descent,1.7474,49.6582,43.5937,0.0000,-37.0980,0.229031,0.038866,0.083445,0.001555,0.6000,+0
0.8085,descent,1.7474,49.6582,43.5937,0.0000,-37.0980,0.229031,0.038866,0.083445,0.001555,0.6000,+0
0.8096,descent,1.7474,49.7461,43.5059,1.3740,-35.7240,0.134399,0.039503,0.083456,0.001544,0.6000,+0
0.8107,descent,1.7474,49.7461,43.5059,1.3740,-35.7240,0.134399,0.039503,0.083456,0.001544,0.6000,+0
0.8118,descent,1.7474,49.7461,43.5059,1.3740,-35.7240,0.134399,0.039503,0.083435,0.001565,0.6000,+0
0.8129,descent,1.7474,49.8340,43.4180,2.7480,-35.7240,0.044159,0.040194,0.083435,0.001565,0.6000,+0
0.8140,descent,1.7474,49.9219,43.4180,2.7480,-34.3500,0.043980,0.040145,0.083455,0.001545,0.6000,+0
0.8151,descent,1.7474,50.0098,43.3301,5.4960,-34.3500,0.028251,0.040836,0.083430,0.001570,0.6000,+0
0.8162,descent,1.7474,50.0977,43.3301,6.8700,-34.3500,0.028050,0.040841,0.083430,0.001570,0.6000,+0
0.8173,descent,1.7474,50.1855,43.3301,8.2440,-34.3500,0.027857,0.040845,0.083439,0.001561,0.6000,+0
0.8185,descent,1.7474,50.2734,43.3301,9.6180,-32.9760,0.027664,0.040796,0.083439,0.001561,0.6000,+0
0.8196,descent,1.7474,50.3613,43.3301,12.3660,-32.9760,0.027456,0.040800,0.083431,0.001569,0.6000,+0
0.8207,descent,1.7474,50.5371,43.2422,13.7400,-31.6020,0.027079,0.041442,0.083431,0.001569,0.6000,+0
0.8218,descent,1.7474,50.6250,43.2422,16.4880,-31.6020,0.026872,0.041447,0.083432,0.001568,0.6000,+0
0.8229,descent,1.7474,50.7129,43.2422,19.2360,-31.6020,0.026664,0.041452,0.083432,0.001568,0.6000,+0
0.8240,descent,1.7474,50.8008,43.2422,21.9840,-30.2280,0.026456,0.041402,0.083404,0.001596,0.6000,+0
0.8253,descent,1.7474,50.9766,43.1543,27.4800,-30.2280,0.026037,0.042098,0.083421,0.001579,0.6000,+0
0.8262,descent,1.7474,51.1523,43.1543,30.2280,-28.8540,0.025650,0.042053,0.083421,0.001579,0.6000,+0
0.8273,descent,1.7474,51.2402,43.1543,32.9760,-28.8540,0.025442,0.042058,0.083411,0.001589,0.6000,+0
0.8285,descent,1.7474,51.3281,43.1543,35.7240,-27.4800,0.025235,0.042008,0.083411,0.001589,0.6000,+0
0.8296,descent,1.7474,51.4160,43.1543,38.4720,-27.4800,0.025027,0.042013,0.083422,0.001578,0.6000,+0
0.8307,descent,1.7474,51.5039,43.1543,41.2200,-26.1060,0.024820,0.041963,0.083422,0.001578,0.6000,+0
0.8318,descent,1.7474,51.5918,43.0664,43.9680,-26.1060,0.024607,0.042654,0.083405,0.001595,0.6000,+0
0.8329,descent,1.7474,51.6797,43.0664,46.7160,-26.1060,0.024400,0.042659,0.083405,0.001595,0.6000,+0
0.8341,descent,1.7474,51.7676,43.0664,49.4640,-24.7320,0.024192,0.042609,0.083410,0.001590,0.6000,+0
0.8352,descent,1.7474,51.9434,43.0664,56.3340,-23.3580,0.023763,0.042564,0.083405,0.001595,0.6000,+0
0.8362,descent,1.7474,52.0312,43.0664,59.0820,-23.3580,0.023555,0.042569,0.083405,0.001595,0.6000,+0
0.8373,descent,1.7474,52.1191,43.0664,61.8300,-21.9840,0.023348,0.042519,0.083394,0.001606,0.6000,+0
0.8385,descent,1.7474,52.2070,43.0664,64.5780,-21.9840,0.023140,0.042524,0.083394,0.001606,0.6000,+0
0.8396,descent,1.7474,52.2949,43.0664,67.3260,-20.6100,0.022933,0.042474,0.083394,0.001606,0.6000,+0
0.8407,descent,1.7474,52.3828,43.0664,70.0740,-19.2360,0.022725,0.042425,0.083394,0.001606,0.6000,+0
0.8418,descent,1.7474,52.3828,43.0664,71.4480,-19.2360,0.022711,0.042425,0.083381,0.001619,0.6000,+0
0.8429,descent,1.7474,52.4707,43.0664,74.1960,-17.8620,0.022503,0.042375,0.083381,0.001619,0.6000,+0
0.8440,descent,1.7474,52.5586,43.0664,75.5700,-17.8620,0.022310,0.042380,0.083380,0.001620,0.6000,+0
0.8451,descent,1.7474,52.6465,43.0664,78.3180,-15.1140,0.022103,0.042276,0.083379,0.001621,0.6000,+0
0.8463,descent,1.7474,52.7344,43.0664,79.6920,-15.1140,0.021910,0.042280,0.083379,0.001621,0.6000,+0
0.8473,descent,1.7474,52.7344,43.0664,81.0660,-13.7400,0.021895,0.042226,0.083365,0.001635,0.6000,+0
0.8485,descent,1.7474,52.8223,43.0664,81.0660,-12.3660,0.021716,0.042176,0.083365,0.001635,0.6000,+0
0.8496,descent,1.7474,52.9102,43.0664,82.4400,-12.3660,0.021523,0.042181,0.083365,0.001635,0.6000,+0
0.8507,descent,1.7474,52.9102,43.0664,82.4400,-10.9920,0.021523,0.042127,0.083365,0.001635,0.6000,+0
0.8518,descent,1.7474,52.9980,43.0664,82.4400,-10.9920,0.021344,0.042131,0.083352,0.001648,0.6000,+0
0.8529,descent,1.7474,52.9980,43.0664,82.4400,-9.6180,0.021344,0.042077,0.083352,0.001648,0.6000,+0
0.8540,descent,1.7474,53.0859,43.0664,81.0660,-9.6180,0.021180,0.042082,0.083362,0.001638,0.6000,+0
0.8552,descent,1.7474,53.0859,43.0664,79.6920,-8.2440,0.021194,0.042027,0.083344,0.001656,0.6000,+0
0.8562,descent,1.7474,53.1738,43.0664,78.3180,-6.8700,0.021029,0.041977,0.083344,0.001656,0.6000,+0
0.8573,descent,1.7474,53.1738,43.0664,76.9440,-6.8700,0.021044,0.041977,0.083373,0.001627,0.6000,+0
0.8585,descent,1.7474,53.1738,43.0664,74.1960,-5.4960,0.021072,0.041930,0.083373,0.001627,0.6000,+0
0.8596,descent,1.7474,53.1738,43.0664,72.8220,-5.4960,0.021087,0.041930,0.083360,0.001640,0.6000,+0
0.8607,descent,1.7474,53.2617,43.0664,71.4480,-5.4960,0.020922,0.041935,0.083360,0.001640,0.6000,+0
0.8618,descent,1.7474,53.2617,43.0664,68.7000,-4.1220,0.020951,0.042509,0.083339,0.001661,0.6000,+0
0.8629,descent,1.7474,53.2617,43.0664,67.3260,-4.1220,0.020965,0.042509,0.083339,0.001661,0.6000,+0
0.8640,descent,1.7474,53.2617,43.0664,64.5780,-4.1220,0.020994,0.042509,0.083342,0.001658,0.6000,+0
0.8652,descent,1.7474,53.2617,43.0664,60.4560,-2.7480,0.021037,0.057343,0.083326,0.001674,0.6000,+0
0.8662,descent,1.7474,53.2617,43.0664,57.7080,-1.3740,0.021065,0.147331,0.083326,0.001674,0.6000,+0
0.8673,descent,1.7474,53.2617,43.0664,56.3340,-1.3740,0.021080,0.147331,0.083334,0.001666,0.6000,+0
0.8685,descent,1.7474,53.2617,43.0664,53.5860,-1.3740,0.021108,0.147331,0.083334,0.001666,0.6000,+0
0.8696,descent,1.7474,53.2617,43.0664,50.8380,-1.3740,0.021137,0.147331,0.083319,0.001681,0.6000,+0
0.8707,descent,1.7474,53.2617,43.0664,48.0900,0.0000,0.021165,0.241710,0.083319,0.001681,0.6000,+0
0.8718,descent,1.7474,53.2617,43.0664,45.3420,0.0000,0.021194,0.241710,0.083327,0.001673,0.6000,+0
0.8729,descent,1.7474,53.2617,43.0664,43.9680,0.0000,0.021208,0.241710,0.083327,0.001673,0.6000,+0
0.8740,descent,1.7474,53.1738,43.0664,41.2200,0.0000,0.021416,0.241705,0.083316,0.001684,0.6000,+0
0.8752,descent,1.7474,53.1738,43.0664,35.7240,0.0000,0.021473,0.241705,0.083302,0.001698,0.6000,+0
0.8762,descent,1.7474,53.1738,43.0664,32.9760,0.0000,0.021502,0.241705,0.083302,0.001698,0.6000,+0
0.8773,descent,1.7474,53.1738,43.0664,30.2280,0.0000,0.021530,0.241705,0.083302,0.001698,0.6000,+0
0.8785,descent,1.7474,53.1738,43.0664,28.8540,0.0000,0.021545,0.241705,0.083302,0.001698,0.6000,+0
0.8796,descent,1.7474,53.1738,43.1543,26.1060,1.3740,0.021578,0.146531,0.083303,0.001697,0.6000,+0
0.8807,descent,1.7474,53.1738,43.1543,24.7320,1.3740,0.021592,0.146531,0.083303,0.001697,0.6000,+0
0.8818,descent,1.7474,53.0859,43.1543,21.9840,1.3740,0.021800,0.146526,0.083300,0.001700,0.6000,+0
0.8829,descent,1.7474,53.0859,43.2422,19.2360,2.7480,0.021833,0.055743,0.083300,0.001700,0.6000,+0
0.8841,descent,1.7474,53.0859,43.2422,16.4880,2.7480,0.021862,0.055743,0.083311,0.001689,0.6000,+0
0.8852,descent,1.7474,53.0859,43.3301,12.3660,4.1220,0.021909,0.040113,0.083297,0.001703,0.6000,+0
0.8862,descent,1.7474,52.9980,43.4180,10.9920,5.4960,0.022107,0.038739,0.083297,0.001703,0.6000,+0
0.8873,descent,1.7474,52.9980,43.5059,8.2440,6.8700,0.022141,0.037990,0.083288,0.001712,0.6000,+0
0.8885,descent,1.7474,52.9980,43.5937,6.8700,8.2440,0.022160,0.037249,0.083288,0.001712,0.6000,+0
0.8896,descent,1.8258,52.9102,43.7695,4.1220,9.6180,0.023013,0.035816,0.083287,0.001713,0.6000,+0
0.8907,descent,1.8258,52.9102,43.8574,2.7480,12.3660,0.037920,0.035021,0.083287,0.001713,0.6000,+0
0.8918,descent,1.8258,52.8223,43.9453,1.3740,13.7400,0.128160,0.034275,0.083281,0.001719,0.6000,+0
0.8929,descent,1.8258,52.8223,44.0332,-1.3740,16.4880,0.128193,0.033479,0.083281,0.001719,0.6000,+0
0.8940,descent,1.8258,52.8223,44.1211,-2.7480,17.8620,0.038170,0.032738,0.083270,0.001730,0.6000,+0
0.8951,descent,1.8258,52.7344,44.3848,-6.8700,23.3580,0.022882,0.030456,0.083280,0.001720,0.6000,+0
0.8962,descent,1.8258,52.7344,44.4727,-8.2440,26.1060,0.022901,0.029660,0.083280,0.001720,0.6000,+0
0.8973,descent,1.8258,52.6465,44.5605,-9.6180,28.8540,0.023099,0.028860,0.083268,0.001732,0.6000,+0
0.8985,descent,1.8258,52.6465,44.6484,-10.9920,31.6020,0.023118,0.028064,0.083268,0.001732,0.6000,+0
0.8996,descent,1.8258,52.5586,44.7363,-12.3660,34.3500,0.023316,0.027264,0.083258,0.001742,0.6000,+0
0.9007,descent,1.8258,52.5586,44.8242,-13.7400,37.0980,0.023335,0.026469,0.083258,0.001742,0.6000,+0
0.9018,descent,1.8258,52.5586,44.9121,-15.1140,39.8460,0.023354,0.025673,0.083269,0.001731,0.6000,+0
0.9029,descent,1.8258,52.5586,45.0000,-15.1140,42.5940,0.023359,0.024877,0.083269,0.001731,0.6000,+0
0.9040,descent,1.8258,52.4707,45.1758,-16.4880,45.3420,0.023562,0.023391,0.083256,0.001744,0.6000,+0
0.9053,descent,1.8258,52.4707,45.2637,-17.8620,50.8380,0.023581,0.022486,0.083234,0.001766,0.6000,+0
0.9063,descent,1.8258,52.3828,45.3516,-19.2360,52.2120,0.023779,0.021740,0.083234,0.001766,0.6000,+0
0.9073,descent,1.8258,52.3828,45.4395,-19.2360,54.9600,0.023784,0.020945,0.083257,0.001743,0.6000,+0
0.9085,descent,1.8258,52.3828,45.4395,-20.6100,57.7080,0.023798,0.020836,0.083257,0.001743,0.6000,+0
0.9096,descent,1.8258,52.2949,45.5273,-21.9840,59.0820,0.023996,0.020090,0.083244,0.001756,0.6000,+0
0.9107,descent,1.8258,52.2949,45.6152,-21.9840,61.8300,0.024001,0.019295,0.083244,0.001756,0.6000,+0
0.9118,descent,1.8258,52.2949,45.6152,-23.3580,63.2040,0.024015,0.019240,0.083241,0.001759,0.6000,+0
0.9129,descent,1.8258,52.2949,45.7031,-23.3580,64.5780,0.024020,0.018499,0.083241,0.001759,0.6000,+0
0.9140,descent,1.8258,52.2070,45.7031,-23.3580,65.9520,0.024199,0.018440,0.083231,0.001769,0.6000,+0
0.9151,descent,1.8258,52.2070,45.7910,-24.7320,67.3260,0.024218,0.017699,0.083219,0.001781,0.6000,+0
0.9162,descent,1.8258,52.1191,45.7910,-26.1060,68.7000,0.024411,0.017640,0.083219,0.001781,0.6000,+0
0.9173,descent,1.8258,52.1191,45.7910,-26.1060,70.0740,0.024411,0.017585,0.083237,0.001763,0.6000,+0
0.9185,descent,1.8258,52.1191,45.8789,-26.1060,70.0740,0.024416,0.016899,0.083237,0.001763,0.6000,+0
0.9196,descent,1.8258,52.0312,45.8789,-26.1060,70.0740,0.024595,0.016894,0.083233,0.001767,0.6000,+0
0.9207,descent,1.8258,52.0312,45.8789,-27.4800,70.0740,0.024609,0.016894,0.083233,0.001767,0.6000,+0
0.9218,descent,1.8258,52.0312,45.8789,-27.4800,68.7000,0.024609,0.016948,0.083213,0.001787,0.6000,+0
0.9229,descent,1.8258,51.9434,45.8789,-27.4800,67.3260,0.024788,0.016998,0.083213,0.001787,0.6000,+0
0.9240,descent,1.8258,51.9434,45.8789,-27.4800,65.9520,0.024788,0.017052,0.083201,0.001799,0.6000,+0
0.9253,descent,1.8258,51.9434,45.8789,-27.4800,63.2040,0.024788,0.017161,0.083202,0.001798,0.6000,+0
0.9262,descent,1.8258,51.8555,45.8789,-27.4800,60.4560,0.024967,0.017265,0.083202,0.001798,0.6000,+0
0.9273,descent,1.8258,51.8555,45.7910,-27.4800,57.7080,0.024962,0.018061,0.083214,0.001786,0.6000,+0
0.9285,descent,1.8258,51.8555,45.7910,-27.4800,54.9600,0.024962,0.018169,0.083214,0.001786,0.6000,+0
0.9296,descent,1.8258,51.7676,45.7910,-27.4800,52.2120,0.025141,0.018274,0.083190,0.001810,0.6000,+0
0.9307,descent,1.8258,51.7676,45.7910,-27.4800,49.4640,0.025141,0.018382,0.083190,0.001810,0.6000,+0
0.9318,descent,1.8258,51.6797,45.7910,-27.4800,46.7160,0.025320,0.018486,0.083199,0.001801,0.6000,+0
0.9329,descent,1.8258,51.6797,45.7031,-27.4800,43.9680,0.025315,0.019282,0.083199,0.001801,0.6000,+0
0.9341,descent,1.8258,51.6797,45.7031,-27.4800,41.2200,0.025315,0.019391,0.083182,0.001818,0.6000,+0
0.9352,descent,1.8258,51.5918,45.7031,-27.4800,34.3500,0.025494,0.019658,0.083204,0.001796,0.6000,+0
0.9363,descent,1.8258,51.5039,45.7031,-27.4800,31.6020,0.025673,0.019762,0.083204,0.001796,0.6000,+0
0.9373,descent,1.8258,51.5039,45.6152,-27.4800,28.8540,0.025668,0.020558,0.083194,0.001806,0.6000,+0
0.9386,descent,1.8258,51.4160,45.6152,-27.4800,26.1060,0.025847,0.020662,0.083194,0.001806,0.6000,+0
0.9396,descent,1.8258,51.4160,45.6152,-28.8540,23.3580,0.025861,0.020771,0.083182,0.001818,0.6000,+0
0.9407,descent,1.8258,51.4160,45.5273,-28.8540,20.6100,0.025856,0.021566,0.083182,0.001818,0.6000,+0
0.9418,descent,1.8258,51.3281,45.5273,-28.8540,17.8620,0.026035,0.021670,0.083166,0.001834,0.6000,+0
0.9429,descent,1.8258,51.3281,45.5273,-28.8540,15.1140,0.026035,0.021779,0.083166,0.001834,0.6000,+0
0.9441,descent,1.8258,51.3281,45.4395,-28.8540,10.9920,0.026031,0.022629,0.083165,0.001835,0.6000,+0
0.9453,descent,1.8258,51.2402,45.4395,-28.8540,6.8700,0.026209,0.022787,0.083174,0.001826,0.6000,+0
0.9465,descent,1.8258,51.1523,45.3516,-30.2280,4.1220,0.026398,0.024214,0.083174,0.001826,0.6000,+0
0.9474,descent,1.8258,51.1523,45.3516,-30.2280,1.3740,0.026398,0.129253,0.083154,0.001846,0.6000,+0
0.9485,descent,1.8258,51.1523,45.2637,-30.2280,-1.3740,0.026393,0.130049,0.083154,0.001846,0.6000,+0
0.9496,descent,1.8258,51.0645,45.2637,-30.2280,-4.1220,0.026572,0.025223,0.083151,0.001849,0.6000,+0
0.9507,descent,1.8258,51.0645,45.1758,-30.2280,-5.4960,0.026567,0.025335,0.083151,0.001849,0.6000,+0
0.9520,descent,1.8258,50.9766,45.1758,-30.2280,-8.2440,0.026746,0.025432,0.083153,0.001847,0.6000,+0
0.9530,descent,1.8258,50.9766,45.1758,-31.6020,-9.6180,0.026761,0.025486,0.083153,0.001847,0.6000,+0
0.9542,descent,1.8258,50.9766,45.0000,-31.6020,-12.3660,0.026751,0.026969,0.083140,0.001860,0.6000,+0
0.9552,descent,1.8258,50.8887,44.9121,-31.6020,-16.4880,0.026925,0.027814,0.083133,0.001867,0.6000,+0
0.9562,descent,1.8258,50.8008,44.9121,-31.6020,-17.8620,0.027104,0.027864,0.083133,0.001867,0.6000,+0
0.9573,descent,1.8258,50.8008,44.8242,-32.9760,-19.2360,0.027114,0.028605,0.083147,0.001853,0.6000,+0
0.9585,descent,1.8258,50.7129,44.8242,-32.9760,-20.6100,0.027293,0.028654,0.083147,0.001853,0.6000,+0
0.9596,descent,1.8258,50.7129,44.8242,-32.9760,-21.9840,0.027293,0.028709,0.083124,0.001876,0.6000,+0
0.9607,descent,1.8258,50.7129,44.7363,-32.9760,-23.3580,0.027288,0.029450,0.083124,0.001876,0.6000,+0
0.9618,descent,1.8258,50.6250,44.6484,-32.9760,-24.7320,0.027462,0.030186,0.083126,0.001874,0.6000,+0
0.9629,descent,1.8258,50.6250,44.6484,-34.3500,-26.1060,0.027476,0.030241,0.083126,0.001874,0.6000,+0
0.9640,descent,1.8258,50.5371,44.5605,-34.3500,-27.4800,0.027651,0.030977,0.083130,0.001870,0.6000,+0
0.9652,descent,1.8258,50.4492,44.5605,-34.3500,-28.8540,0.027830,0.031027,0.083125,0.001875,0.6000,+0
0.9663,descent,1.8258,50.4492,44.4727,-34.3500,-28.8540,0.027825,0.031714,0.083125,0.001875,0.6000,+0
0.9673,descent,1.8258,50.3613,44.4727,-35.7240,-30.2280,0.028018,0.031763,0.083124,0.001876,0.6000,+0
0.9685,descent,1.8258,50.3613,44.3848,-35.7240,-31.6020,0.028013,0.032505,0.083124,0.001876,0.6000,+0
0.9696,descent,1.8258,50.2734,44.3848,-35.7240,-31.6020,0.028192,0.032500,0.083122,0.001878,0.6000,+0
0.9707,descent,1.8258,50.1855,44.3848,-35.7240,-31.6020,0.028371,0.032495,0.083122,0.001878,0.6000,+0
0.9718,descent,1.8258,50.1855,44.2969,-35.7240,-32.9760,0.028367,0.033236,0.083118,0.001882,0.6000,+0
0.9729,descent,1.8258,50.1855,44.2969,-35.7240,-32.9760,0.028367,0.033236,0.083118,0.001882,0.6000,+0
0.9741,descent,1.8258,50.0977,44.2969,-37.0980,-32.9760,0.028560,0.033232,0.083108,0.001892,0.6000,+0
0.9751,descent,1.8258,50.0098,44.2090,-37.0980,-34.3500,0.028734,0.033968,0.083081,0.001919,0.6000,+0
0.9762,descent,1.8258,49.9219,44.2090,-37.0980,-34.3500,0.028913,0.033963,0.083081,0.001919,0.6000,+0
0.9774,descent,1.8258,49.9219,44.1211,-38.4720,-34.3500,0.028923,0.034650,0.083095,0.001905,0.6000,+0
0.9785,descent,1.8258,49.8340,44.1211,-38.4720,-34.3500,0.029102,0.034645,0.083095,0.001905,0.6000,+0
0.9796,descent,1.9040,49.8340,44.0332,-38.4720,-35.7240,0.029097,0.035387,0.083109,0.001891,0.6000,+0
0.9807,descent,1.9040,49.7461,44.0332,-39.8460,-35.7240,0.029290,0.035382,0.083109,0.001891,0.6000,+0
0.9818,descent,1.9040,49.6582,44.0332,-39.8460,-35.7240,0.029469,0.035377,0.083094,0.001906,0.6000,+0
0.9829,descent,1.9040,49.6582,43.9453,-39.8460,-35.7240,0.029465,0.036064,0.083094,0.001906,0.6000,+0
0.9840,descent,1.9040,49.6582,43.9453,-39.8460,-35.7240,0.029465,0.036064,0.083085,0.001915,0.6000,+0
0.9852,descent,1.9040,49.4824,43.9453,-41.2200,-34.3500,0.029837,0.036000,0.083089,0.001911,0.6000,+0
0.9865,descent,1.9040,49.4824,43.8574,-42.5940,-34.3500,0.029847,0.036687,0.083089,0.001911,0.6000,+0
0.9874,descent,1.9040,49.3945,43.8574,-42.5940,-34.3500,0.030026,0.036682,0.083074,0.001926,0.6000,+0
0.9885,descent,1.9040,49.3945,43.8574,-42.5940,-34.3500,0.030026,0.036682,0.083074,0.001926,0.6000,+0
0.9896,descent,1.9040,49.3066,43.7695,-42.5940,-32.9760,0.030200,0.037310,0.083078,0.001922,0.6000,+0
0.9907,descent,1.9040,49.3066,43.7695,-42.5940,-32.9760,0.030200,0.037310,0.083078,0.001922,0.6000,+0
0.9918,descent,1.9040,49.2188,43.7695,-43.9680,-32.9760,0.030393,0.037305,0.083078,0.001922,0.6000,+0
0.9930,descent,1.9040,49.2188,43.5937,-43.9680,-32.9760,0.030384,0.038679,0.083078,0.001922,0.6000,+0
0.9942,descent,1.9040,49.1309,43.5937,-43.9680,-32.9760,0.030563,0.038674,0.083072,0.001928,0.6000,+0
0.9952,descent,1.9040,49.0430,43.5937,-45.3420,-31.6020,0.030756,0.038615,0.083064,0.001936,0.6000,+0
0.9965,descent,1.9040,48.9551,43.5059,-45.3420,-31.6020,0.030931,0.039297,0.083064,0.001936,0.6000,+0
0.9974,descent,1.9040,48.9551,43.5059,-45.3420,-30.2280,0.030931,0.039243,0.083066,0.001934,0.6000,+0
0.9985,descent,1.9040,48.8672,43.5059,-45.3420,-30.2280,0.031110,0.039238,0.083066,0.001934,0.6000,+0
0.9996,descent,1.9040,48.8672,43.4180,-45.3420,-30.2280,0.031105,0.039925,0.083068,0.001932,0.6000,+0
1.0007,descent,1.9040,48.7793,43.4180,-46.7160,-30.2280,0.031298,0.039921,0.083068,0.001932,0.6000,+0
1.0018,descent,1.9040,48.7793,43.4180,-46.7160,-28.8540,0.031298,0.039866,0.083064,0.001936,0.6000,+0
1.0030,descent,1.9040,48.7793,43.4180,-45.3420,-28.8540,0.031284,0.039866,0.083064,0.001936,0.6000,+0
1.0041,descent,1.9040,48.6914,43.4180,-45.3420,-28.8540,0.031463,0.039861,0.083052,0.001948,0.6000,+0
1.0052,descent,1.9040,48.6035,43.3301,-45.3420,-27.4800,0.031638,0.040489,0.083061,0.001939,0.6000,+0
1.0062,descent,1.9040,48.5156,43.3301,-46.7160,-27.4800,0.031831,0.040485,0.083061,0.001939,0.6000,+0
1.0073,descent,1.9040,48.5156,43.3301,-46.7160,-26.1060,0.031831,0.040430,0.083045,0.001955,0.6000,+0
1.0085,descent,1.9040,48.4277,43.3301,-46.7160,-26.1060,0.032010,0.040426,0.083045,0.001955,0.6000,+0
1.0096,descent,1.9040,48.4277,43.3301,-46.7160,-26.1060,0.032010,0.040426,0.083043,0.001957,0.6000,+0
1.0107,descent,1.9040,48.3398,43.3301,-46.7160,-24.7320,0.032189,0.040366,0.083043,0.001957,0.6000,+0
1.0118,descent,1.9040,48.3398,43.3301,-46.7160,-23.3580,0.032189,0.040312,0.083045,0.001955,0.6000,+0
1.0129,descent,1.9040,48.2520,43.2422,-46.7160,-23.3580,0.032363,0.040994,0.083045,0.001955,0.6000,+0
1.0140,descent,1.9040,48.2520,43.2422,-45.3420,-23.3580,0.032349,0.040994,0.083038,0.001962,0.6000,+0
1.0152,descent,1.9040,48.1641,43.2422,-45.3420,-21.9840,0.032528,0.040935,0.083037,0.001963,0.6000,+0
1.0162,descent,1.9040,48.0762,43.2422,-45.3420,-21.9840,0.032707,0.040931,0.083037,0.001963,0.6000,+0
1.0175,descent,1.9040,47.9883,43.2422,-45.3420,-20.6100,0.032886,0.040872,0.083039,0.001961,0.6000,+0
1.0186,descent,1.9040,47.9883,43.2422,-45.3420,-20.6100,0.032886,0.040872,0.083039,0.001961,0.6000,+0
1.0196,descent,1.9040,47.9004,43.2422,-45.3420,-19.2360,0.033065,0.040812,0.083034,0.001966,0.6000,+0
1.0207,descent,1.9040,47.9004,43.2422,-45.3420,-19.2360,0.033065,0.040812,0.083034,0.001966,0.6000,+0
1.0219,descent,1.9040,47.8125,43.2422,-45.3420,-17.8620,0.033245,0.040753,0.083027,0.001973,0.6000,+0
1.0231,descent,1.9040,47.8125,43.2422,-45.3420,-17.8620,0.033245,0.040753,0.083036,0.001964,0.6000,+0
1.0241,descent,1.9040,47.7246,43.2422,-45.3420,-16.4880,0.033424,0.040694,0.083036,0.001964,0.6000,+0
1.0255,descent,1.9040,47.6367,43.2422,-45.3420,-15.1140,0.033603,0.040635,0.083017,0.001983,0.6000,+0
1.0263,descent,1.9040,47.6367,43.2422,-45.3420,-13.7400,0.033603,0.040581,0.083017,0.001983,0.6000,+0
1.0275,descent,1.9040,47.4609,43.2422,-45.3420,-13.7400,0.033961,0.040572,0.083021,0.001979,0.6000,+0
1.0285,descent,1.9040,47.4609,43.2422,-45.3420,-12.3660,0.033961,0.040517,0.083021,0.001979,0.6000,+0
1.0296,descent,1.9040,47.3730,43.2422,-45.3420,-12.3660,0.034140,0.040513,0.083013,0.001987,0.6000,+0
1.0307,descent,1.9040,47.3730,43.2422,-45.3420,-10.9920,0.034140,0.040458,0.083013,0.001987,0.6000,+0
1.0320,descent,1.9040,47.2852,43.2422,-45.3420,-10.9920,0.034319,0.040453,0.083008,0.001992,0.6000,+0
1.0330,descent,1.9040,47.2852,43.2422,-45.3420,-9.6180,0.034319,0.040399,0.083008,0.001992,0.6000,+0
1.0342,descent,1.9040,47.1973,43.2422,-45.3420,-8.2440,0.034498,0.040340,0.083003,0.001997,0.6000,+0
1.0352,descent,1.9040,47.1094,43.2422,-45.3420,-8.2440,0.034677,0.040335,0.082998,0.002002,0.6000,+0
1.0365,descent,1.9040,47.1094,43.2422,-45.3420,-6.8700,0.034677,0.040281,0.082998,0.002002,0.6000,+0
1.0374,descent,1.9040,47.0215,43.2422,-45.3420,-5.4960,0.034856,0.040229,0.082990,0.002010,0.6000,+0
1.0385,descent,1.9040,47.0215,43.2422,-45.3420,-5.4960,0.034856,0.040229,0.082990,0.002010,0.6000,+0
1.0396,descent,1.9040,46.9336,43.2422,-45.3420,-5.4960,0.035036,0.040225,0.082986,0.002014,0.6000,+0
1.0407,descent,1.9040,46.9336,43.2422,-45.3420,-4.1220,0.035036,0.040799,0.082986,0.002014,0.6000,+0
1.0418,descent,1.9040,46.9336,43.2422,-45.3420,-4.1220,0.035036,0.040799,0.082998,0.002002,0.6000,+0
1.0429,descent,1.9040,46.8457,43.2422,-43.9680,-4.1220,0.035200,0.040794,0.082998,0.002002,0.6000,+0
1.0441,descent,1.9040,46.8457,43.2422,-43.9680,-4.1220,0.035200,0.040794,0.082969,0.002031,0.6000,+0
1.0452,descent,1.9040,46.7578,43.2422,-43.9680,-2.7480,0.035380,0.055624,0.082991,0.002009,0.6000,+0
1.0462,descent,1.9040,46.6699,43.2422,-43.9680,-1.3740,0.035559,0.145607,0.082991,0.002009,0.6000,+0
1.0473,descent,1.9040,46.6699,43.2422,-43.9680,-1.3740,0.035559,0.145607,0.082972,0.002028,0.6000,+0
1.0485,descent,1.9040,46.6699,43.2422,-43.9680,-1.3740,0.035559,0.145607,0.082972,0.002028,0.6000,+0
1.0496,descent,1.9040,46.5820,43.2422,-42.5940,-1.3740,0.035723,0.145602,0.082970,0.002030,0.6000,+0
1.0507,descent,1.9040,46.5820,43.2422,-42.5940,-1.3740,0.035723,0.145602,0.082970,0.002030,0.6000,+0
1.0518,descent,1.9040,46.4941,43.2422,-42.5940,0.0000,0.035903,0.239977,0.082973,0.002027,0.6000,+0
1.0530,descent,1.9040,46.4941,43.2422,-42.5940,0.0000,0.035903,0.239977,0.082973,0.002027,0.6000,+0
1.0542,descent,1.9040,46.4062,43.2422,-41.2200,0.0000,0.036067,0.239972,0.082964,0.002036,0.6000,+0
1.0553,descent,1.9040,46.4062,43.2422,-41.2200,0.0000,0.036067,0.239972,0.082956,0.002044,0.6000,+0
1.0566,descent,1.9040,46.3184,43.2422,-41.2200,0.0000,0.036247,0.239967,0.082956,0.002044,0.6000,+0
1.0574,descent,1.9040,46.3184,43.2422,-39.8460,0.0000,0.036232,0.239967,0.082956,0.002044,0.6000,+0
1.0585,descent,1.9040,46.2305,43.2422,-39.8460,0.0000,0.036411,0.239963,0.082956,0.002044,0.6000,+0
1.0596,descent,1.9040,46.2305,43.2422,-39.8460,0.0000,0.036411,0.239963,0.082943,0.002057,0.6000,+0
1.0607,descent,1.9040,46.2305,43.2422,-39.8460,0.0000,0.036411,0.239963,0.082943,0.002057,0.6000,+0
1.0618,descent,1.9040,46.1426,43.3301,-39.8460,1.3740,0.036595,0.144783,0.082948,0.002052,0.6000,+0
1.0629,descent,1.9040,46.1426,43.3301,-39.8460,1.3740,0.036595,0.144783,0.082948,0.002052,0.6000,+0
1.0640,descent,1.9780,46.1426,43.3301,-38.4720,1.3740,0.036581,0.144783,0.082944,0.002056,0.6000,+0
1.0651,descent,1.9780,46.0547,43.5059,-38.4720,2.7480,0.036769,0.053308,0.082940,0.002060,0.6000,+0
1.0663,descent,1.9780,46.0547,43.5059,-37.0980,4.1220,0.036755,0.038365,0.082940,0.002060,0.6000,+0
1.0674,descent,1.9780,45.9668,43.5937,-37.0980,5.4960,0.036939,0.036991,0.082923,0.002077,0.6000,+0
1.0685,descent,1.9780,45.9668,43.7695,-37.0980,6.8700,0.036948,0.035555,0.082923,0.002077,0.6000,+0
1.0696,descent,1.9780,45.8789,43.8574,-37.0980,8.2440,0.037132,0.034809,0.082932,0.002068,0.6000,+0
1.0707,descent,1.9780,45.8789,43.9453,-35.7240,9.6180,0.037122,0.034068,0.082932,0.002068,0.6000,+0
1.0718,descent,1.9780,45.8789,44.0332,-35.7240,12.3660,0.037127,0.033272,0.082935,0.002065,0.6000,+0
1.0729,descent,1.9780,45.7910,44.1211,-35.7240,13.7400,0.037310,0.032526,0.082935,0.002065,0.6000,+0
1.0741,descent,1.9780,45.7910,44.2090,-35.7240,16.4880,0.037315,0.031730,0.082921,0.002079,0.6000,+0
1.0752,descent,1.9780,45.7031,44.4727,-35.7240,20.6100,0.037508,0.029502,0.082930,0.002070,0.6000,+0
1.0762,descent,1.9780,45.7031,44.5605,-34.3500,23.3580,0.037498,0.028706,0.082930,0.002070,0.6000,+0
1.0774,descent,1.9780,45.7031,44.6484,-34.3500,26.1060,0.037503,0.027910,0.082911,0.002089,0.6000,+0
1.0785,descent,1.9780,45.7031,44.7363,-32.9760,28.8540,0.037493,0.027115,0.082911,0.002089,0.6000,+0
1.0796,descent,1.9780,45.7031,44.8242,-32.9760,31.6020,0.037498,0.026319,0.082906,0.002094,0.6000,+0
1.0807,descent,1.9780,45.6152,44.9121,-32.9760,34.3500,0.037682,0.025519,0.082906,0.002094,0.6000,+0
1.0818,descent,1.9780,45.6152,45.1758,-32.9760,37.0980,0.037696,0.023349,0.082912,0.002088,0.6000,+0
1.0830,descent,1.9780,45.6152,45.2637,-31.6020,41.2200,0.037686,0.022499,0.082912,0.002088,0.6000,+0
1.0840,descent,1.9780,45.5273,45.2637,-31.6020,42.5940,0.037865,0.022440,0.082894,0.002106,0.6000,+0
1.0852,descent,1.9780,45.5273,45.3516,-31.6020,45.3420,0.037870,0.021644,0.082879,0.002121,0.6000,+0
1.0863,descent,1.9780,45.5273,45.5273,-30.2280,50.8380,0.037865,0.020053,0.082879,0.002121,0.6000,+0
1.0873,descent,1.9780,45.5273,45.6152,-28.8540,53.5860,0.037855,0.019257,0.082901,0.002099,0.6000,+0
1.0885,descent,1.9780,45.4395,45.7031,-28.8540,56.3340,0.038039,0.018457,0.082901,0.002099,0.6000,+0
1.0896,descent,1.9780,45.4395,45.7910,-28.8540,59.0820,0.038044,0.017661,0.082874,0.002126,0.6000,+0
1.0907,descent,1.9780,45.4395,45.7910,-27.4800,61.8300,0.038029,0.017552,0.082874,0.002126,0.6000,+0
1.0918,descent,1.9780,45.4395,45.8789,-27.4800,63.2040,0.038034,0.016811,0.082879,0.002121,0.6000,+0
1.0930,descent,1.9780,45.3516,45.9668,-27.4800,65.9520,0.038218,0.016011,0.082879,0.002121,0.6000,+0
1.0943,descent,1.9780,45.3516,45.9668,-27.4800,67.3260,0.038218,0.015956,0.082891,0.002109,0.6000,+0
1.0952,descent,1.9780,45.3516,46.0547,-26.1060,71.4480,0.038208,0.015106,0.082872,0.002128,0.6000,+0
1.0962,descent,1.9780,45.3516,46.0547,-24.7320,72.8220,0.038194,0.015052,0.082872,0.002128,0.6000,+0
1.0973,descent,1.9780,45.2637,46.0547,-24.7320,72.8220,0.038373,0.015047,0.082859,0.002141,0.6000,+0
1.0985,descent,1.9780,45.2637,46.1426,-24.7320,72.8220,0.038378,0.014360,0.082859,0.002141,0.6000,+0
1.0996,descent,1.9780,45.2637,46.1426,-24.7320,74.1960,0.038378,0.014306,0.082879,0.002121,0.6000,+0
1.1007,descent,1.9780,45.2637,46.1426,-23.3580,72.8220,0.038363,0.014360,0.082879,0.002121,0.6000,+0
1.1018,descent,1.9780,45.2637,46.1426,-23.3580,72.8220,0.038363,0.014360,0.082869,0.002131,0.6000,+0
1.1030,descent,1.9780,45.2637,46.1426,-21.9840,71.4480,0.038349,0.014415,0.082869,0.002131,0.6000,+0
1.1042,descent,1.9780,45.1758,46.1426,-21.9840,70.0740,0.038528,0.014464,0.082864,0.002136,0.6000,+0
1.1052,descent,1.9780,45.1758,46.1426,-20.6100,67.3260,0.038514,0.014573,0.082865,0.002135,0.6000,+0
1.1067,descent,1.9780,45.1758,46.1426,-20.6100,65.9520,0.038514,0.014628,0.082865,0.002135,0.6000,+0
1.1074,descent,1.9780,45.1758,46.0547,-20.6100,63.2040,0.038509,0.015423,0.082860,0.002140,0.6000,+0
1.1085,descent,1.9780,45.1758,46.0547,-19.2360,60.4560,0.038495,0.015532,0.082860,0.002140,0.6000,+0
1.1096,descent,1.9780,45.1758,46.0547,-19.2360,57.7080,0.038495,0.015641,0.082847,0.002153,0.6000,+0
1.1107,descent,1.9780,45.1758,46.0547,-17.8620,54.9600,0.038481,0.015750,0.082847,0.002153,0.6000,+0
1.1118,descent,1.9780,45.1758,46.0547,-17.8620,52.2120,0.038481,0.015859,0.082835,0.002165,0.6000,+0
1.1129,descent,1.9780,45.1758,46.0547,-17.8620,49.4640,0.038481,0.015967,0.082835,0.002165,0.6000,+0
1.1140,descent,1.9780,45.1758,46.0547,-16.4880,46.7160,0.038466,0.016076,0.082826,0.002174,0.6000,+0
1.1155,descent,1.9780,45.0879,45.9668,-15.1140,39.8460,0.038626,0.017031,0.082837,0.002163,0.6000,+0
1.1162,descent,1.9780,45.1758,45.9668,-15.1140,37.0980,0.038447,0.017144,0.082837,0.002163,0.6000,+0
1.1175,descent,1.9780,45.1758,45.9668,-13.7400,34.3500,0.038433,0.017253,0.082814,0.002186,0.6000,+0
1.1185,descent,1.9780,45.0879,45.8789,-13.7400,30.2280,0.038608,0.018098,0.082814,0.002186,0.6000,+0
1.1196,descent,1.9780,45.0879,45.8789,-13.7400,27.4800,0.038608,0.018207,0.082830,0.002170,0.6000,+0
1.1207,descent,1.9780,45.0879,45.8789,-13.7400,24.7320,0.038608,0.018316,0.082830,0.002170,0.6000,+0
1.1218,descent,1.9780,45.0879,45.7910,-12.3660,20.6100,0.038589,0.019166,0.082813,0.002187,0.6000,+0
1.1230,descent,1.9780,45.1758,45.7910,-12.3660,17.8620,0.038409,0.019280,0.082822,0.002178,0.6000,+0
1.1242,descent,1.9780,45.0879,45.7031,-12.3660,15.1140,0.038584,0.020071,0.082822,0.002178,0.6000,+0
1.1252,descent,1.9780,45.1758,45.6152,-10.9920,8.2440,0.038386,0.021034,0.082824,0.002176,0.6000,+0
1.1265,descent,1.9780,45.0879,45.6152,-9.6180,5.4960,0.038551,0.021146,0.082824,0.002176,0.6000,+0
1.1274,descent,1.9780,45.0879,45.6152,-9.6180,2.7480,0.038551,0.036772,0.082810,0.002190,0.6000,+0
1.1285,descent,1.9780,45.0879,45.5273,-9.6180,0.0000,0.038546,0.222043,0.082810,0.002190,0.6000,+0
1.1296,descent,1.9780,45.0879,45.4395,-8.2440,-2.7480,0.038527,0.038363,0.082815,0.002185,0.6000,+0
1.1307,descent,1.9780,45.0879,45.4395,-8.2440,-5.4960,0.038527,0.022955,0.082815,0.002185,0.6000,+0
1.1318,descent,1.9780,45.0879,45.4395,-6.8700,-8.2440,0.038513,0.023056,0.082799,0.002201,0.6000,+0
1.1329,descent,1.9780,45.0879,45.3516,-6.8700,-9.6180,0.038508,0.023798,0.082799,0.002201,0.6000,+0
1.1341,descent,1.9780,45.0879,45.3516,-6.8700,-12.3660,0.038508,0.023907,0.082806,0.002194,0.6000,+0
1.1352,descent,1.9780,45.0879,45.1758,-5.4960,-16.4880,0.038492,0.025444,0.082794,0.002206,0.6000,+0
1.1365,descent,1.9780,45.0879,45.1758,-5.4960,-17.8620,0.038492,0.025498,0.082794,0.002206,0.6000,+0
1.1374,descent,1.9780,45.0879,45.0000,-4.1220,-20.6100,0.039097,0.026981,0.082779,0.002221,0.6000,+0
1.1385,descent,1.9780,45.0879,45.0000,-4.1220,-21.9840,0.039097,0.027035,0.082779,0.002221,0.6000,+0
1.1396,descent,1.9780,45.0879,44.9121,-4.1220,-23.3580,0.039092,0.027776,0.082800,0.002200,0.6000,+0
1.1407,descent,1.9780,45.0879,44.9121,-4.1220,-24.7320,0.039092,0.027831,0.082800,0.002200,0.6000,+0
1.1418,descent,1.9780,45.0879,44.8242,-4.1220,-26.1060,0.039088,0.028572,0.082782,0.002218,0.6000,+0
1.1429,descent,1.9780,45.0879,44.8242,-2.7480,-27.4800,0.053962,0.028627,0.082782,0.002218,0.6000,+0
1.1440,descent,1.9780,45.0879,44.7363,-2.7480,-28.8540,0.053957,0.029368,0.082774,0.002226,0.6000,+0
1.1452,descent,1.9780,45.0879,44.6484,-2.7480,-31.6020,0.053952,0.030164,0.082776,0.002224,0.6000,+0
1.1462,descent,1.9780,45.0879,44.6484,-2.7480,-32.9760,0.053952,0.030218,0.082776,0.002224,0.6000,+0
1.1475,descent,1.9780,45.0879,44.5605,-2.7480,-34.3500,0.053948,0.030959,0.082775,0.002225,0.6000,+0
1.1485,descent,1.9780,45.1758,44.5605,-1.3740,-35.7240,0.143796,0.031018,0.082775,0.002225,0.6000,+0
1.1496,descent,1.9780,45.0879,44.4727,-1.3740,-35.7240,0.143971,0.031701,0.082783,0.002217,0.6000,+0
1.1507,descent,1.9780,45.0879,44.4727,-1.3740,-37.0980,0.143971,0.031755,0.082783,0.002217,0.6000,+0
1.1518,descent,1.9780,45.0879,44.3848,-1.3740,-38.4720,0.143966,0.032496,0.082749,0.002251,0.6000,+0
1.1529,descent,1.9780,45.1758,44.3848,0.0000,-38.4720,0.238206,0.032501,0.082749,0.002251,0.6000,+0
1.1540,descent,2.0559,45.1758,44.2969,0.0000,-39.8460,0.238202,0.033242,0.082756,0.002244,0.6000,+0
1.1551,descent,2.0559,45.0879,44.2090,0.0000,-39.8460,0.238376,0.033925,0.082744,0.002256,0.6000,+0
1.1563,descent,2.0559,45.0879,44.2090,0.0000,-41.2200,0.238376,0.033979,0.082744,0.002256,0.6000,+0
1.1573,descent,2.0559,45.0879,44.1211,0.0000,-41.2200,0.238372,0.034666,0.082742,0.002258,0.6000,+0
1.1585,descent,2.0559,45.0879,44.1211,0.0000,-41.2200,0.238372,0.034666,0.082742,0.002258,0.6000,+0
1.1596,descent,2.0559,45.1758,44.0332,1.3740,-42.5940,0.143740,0.035412,0.082728,0.002272,0.6000,+0
1.1607,descent,2.0559,45.1758,44.0332,1.3740,-42.5940,0.143740,0.035412,0.082728,0.002272,0.6000,+0
1.1618,descent,2.0559,45.1758,44.0332,1.3740,-42.5940,0.143740,0.035412,0.082743,0.002257,0.6000,+0
1.1629,descent,2.0559,45.1758,43.9453,1.3740,-42.5940,0.143735,0.036099,0.082743,0.002257,0.6000,+0
1.1641,descent,2.0559,45.2637,43.9453,2.7480,-42.5940,0.053500,0.036104,0.082720,0.002280,0.6000,+0
1.1655,descent,2.0559,45.3516,43.8574,4.1220,-42.5940,0.038413,0.036795,0.082733,0.002267,0.6000,+0
1.1662,descent,2.0559,45.4395,43.7695,5.4960,-42.5940,0.037587,0.037487,0.082733,0.002267,0.6000,+0
1.1675,descent,2.0559,45.4395,43.7695,5.4960,-42.5940,0.037587,0.037487,0.082715,0.002285,0.6000,+0
1.1685,descent,2.0559,45.5273,43.5937,6.8700,-42.5940,0.037377,0.038865,0.082715,0.002285,0.6000,+0
1.1696,descent,2.0559,45.6152,43.5937,8.2440,-42.5940,0.037183,0.038870,0.082711,0.002289,0.6000,+0
1.1707,descent,2.0559,45.7031,43.5937,10.9920,-42.5940,0.036975,0.038874,0.082711,0.002289,0.6000,+0
1.1720,descent,2.0559,45.7910,43.5059,12.3660,-41.2200,0.036777,0.039512,0.082724,0.002276,0.6000,+0
1.1730,descent,2.0559,45.8789,43.5059,13.7400,-41.2200,0.036584,0.039516,0.082724,0.002276,0.6000,+0
1.1742,descent,2.0559,45.9668,43.4180,16.4880,-41.2200,0.036371,0.040208,0.082710,0.002290,0.6000,+0
1.1752,descent,2.0559,46.2305,43.3301,21.9840,-41.2200,0.035772,0.040908,0.082699,0.002301,0.6000,+0
1.1765,descent,2.0559,46.3184,43.3301,23.3580,-41.2200,0.035579,0.040913,0.082699,0.002301,0.6000,+0
1.1774,descent,2.0559,46.4062,43.3301,26.1060,-39.8460,0.035371,0.040863,0.082706,0.002294,0.6000,+0
1.1785,descent,2.0559,46.4941,43.3301,28.8540,-39.8460,0.035163,0.040868,0.082706,0.002294,0.6000,+0
1.1796,descent,2.0559,46.5820,43.2422,31.6020,-39.8460,0.034951,0.041559,0.082702,0.002298,0.6000,+0
1.1807,descent,2.0559,46.6699,43.2422,34.3500,-39.8460,0.034743,0.041564,0.082702,0.002298,0.6000,+0
1.1820,descent,2.0559,46.7578,43.2422,37.0980,-38.4720,0.034535,0.041514,0.082694,0.002306,0.6000,+0
1.1830,descent,2.0559,46.9336,43.1543,39.8460,-38.4720,0.034144,0.042210,0.082694,0.002306,0.6000,+0
1.1842,descent,2.0559,46.9336,43.1543,42.5940,-38.4720,0.034115,0.042210,0.082693,0.002307,0.6000,+0
1.1852,descent,2.0559,47.1973,43.0664,48.0900,-37.0980,0.033516,0.042857,0.082692,0.002308,0.6000,+0
1.1865,descent,2.0559,47.2852,43.0664,50.8380,-37.0980,0.033308,0.042861,0.082692,0.002308,0.6000,+0
1.1874,descent,2.0559,47.3730,43.0664,53.5860,-35.7240,0.033100,0.042812,0.082679,0.002321,0.6000,+0
1.1885,descent,2.0559,47.4609,43.0664,56.3340,-35.7240,0.032893,0.042816,0.082679,0.002321,0.6000,+0
1.1896,descent,2.0559,47.6367,42.9785,60.4560,-35.7240,0.032487,0.043512,0.082687,0.002313,0.6000,+0
1.1907,descent,2.0559,47.7246,42.9785,63.2040,-34.3500,0.032279,0.043463,0.082687,0.002313,0.6000,+0
1.1919,descent,2.0559,47.8125,42.9785,65.9520,-34.3500,0.032071,0.043467,0.082673,0.002327,0.6000,+0
1.1929,descent,2.0559,47.8125,42.9785,67.3260,-32.9760,0.032057,0.043413,0.082673,0.002327,0.6000,+0
1.1940,descent,2.0559,47.9004,42.8906,70.0740,-32.9760,0.031845,0.044104,0.082673,0.002327,0.6000,+0
1.1951,descent,2.0559,48.0762,42.8906,74.1960,-31.6020,0.031444,0.044059,0.082661,0.002339,0.6000,+0
1.1965,descent,2.0559,48.1641,42.8906,76.9440,-31.6020,0.031236,0.044064,0.082661,0.002339,0.6000,+0
1.1974,descent,2.0559,48.2520,42.8906,78.3180,-30.2280,0.031043,0.044014,0.082669,0.002331,0.6000,+0
1.1985,descent,2.0559,48.3398,42.8906,79.6920,-30.2280,0.030849,0.044019,0.082669,0.002331,0.6000,+0
1.1996,descent,2.0559,48.4277,42.8906,81.0660,-28.8540,0.030656,0.043969,0.082654,0.002346,0.6000,+0
1.2007,descent,2.0559,48.4277,42.8027,82.4400,-28.8540,0.030637,0.044656,0.082654,0.002346,0.6000,+0
1.2018,descent,2.0559,48.5156,42.8027,83.8140,-27.4800,0.030444,0.044606,0.082657,0.002343,0.6000,+0
1.2030,descent,2.0559,48.6035,42.8027,83.8140,-27.4800,0.030264,0.044611,0.082657,0.002343,0.6000,+0
1.2042,descent,2.0559,48.7793,42.8027,85.1880,-26.1060,0.029892,0.044565,0.082664,0.002336,0.6000,+0
1.2052,descent,2.0559,48.7793,42.8027,85.1880,-24.7320,0.029892,0.044511,0.082637,0.002363,0.6000,+0
1.2065,descent,2.0559,48.7793,42.8027,85.1880,-23.3580,0.029892,0.044457,0.082637,0.002363,0.6000,+0
1.2074,descent,2.0559,48.8672,42.8027,83.8140,-21.9840,0.029727,0.044407,0.082643,0.002357,0.6000,+0
1.2085,descent,2.0559,48.9551,42.8027,83.8140,-21.9840,0.029548,0.044411,0.082643,0.002357,0.6000,+0
1.2096,descent,2.0559,48.9551,42.8027,82.4400,-20.6100,0.029563,0.044357,0.082641,0.002359,0.6000,+0
1.2107,descent,2.0559,49.0430,42.8027,82.4400,-20.6100,0.029384,0.044362,0.082641,0.002359,0.6000,+0
1.2118,descent,2.0559,49.1309,42.8027,81.0660,-19.2360,0.029219,0.044312,0.082636,0.002364,0.6000,+0
1.2130,descent,2.0559,49.1309,42.8027,81.0660,-17.8620,0.029219,0.044257,0.082636,0.002364,0.6000,+0
1.2141,descent,2.0559,49.2188,42.8027,79.6920,-17.8620,0.029054,0.044262,0.082627,0.002373,0.6000,+0
1.2155,descent,2.0559,49.2188,42.8027,76.9440,-15.1140,0.029083,0.044153,0.082638,0.002362,0.6000,+0
1.2162,descent,2.0559,49.3066,42.8027,75.5700,-15.1140,0.028918,0.044158,0.082638,0.002362,0.6000,+0
1.2175,descent,2.0559,49.3066,42.8027,74.1960,-13.7400,0.028932,0.044103,0.082628,0.002372,0.6000,+0
1.2185,descent,2.0559,49.3945,42.8027,72.8220,-12.3660,0.028768,0.044054,0.082628,0.002372,0.6000,+0
1.2196,descent,2.0559,49.3945,42.8027,71.4480,-12.3660,0.028782,0.044054,0.082630,0.002370,0.6000,+0
1.2207,descent,2.0559,49.3945,42.8027,68.7000,-10.9920,0.028810,0.043999,0.082630,0.002370,0.6000,+0
1.2220,descent,2.0559,49.4824,42.8027,67.3260,-10.9920,0.028646,0.044004,0.082627,0.002373,0.6000,+0
1.2230,descent,2.0559,49.4824,42.8027,65.9520,-9.6180,0.028660,0.043950,0.082627,0.002373,0.6000,+0
1.2242,descent,2.0559,49.4824,42.8027,64.5780,-8.2440,0.028674,0.043895,0.082619,0.002381,0.6000,+0
1.2252,descent,2.0559,49.5703,42.8027,61.8300,-6.8700,0.028524,0.043845,0.082615,0.002385,0.6000,+0
1.2265,descent,2.0559,49.5703,42.8027,59.0820,-6.8700,0.028553,0.043845,0.082615,0.002385,0.6000,+0
1.2274,descent,2.0559,49.5703,42.8027,57.7080,-5.4960,0.028567,0.043798,0.082608,0.002392,0.6000,+0
1.2285,descent,2.0559,49.5703,42.8027,56.3340,-5.4960,0.028581,0.043798,0.082608,0.002392,0.6000,+0
1.2296,descent,2.0559,49.6582,42.8027,54.9600,-4.1220,0.028416,0.044377,0.082594,0.002406,0.6000,+0
1.2307,descent,2.0559,49.5703,42.8027,52.2120,-4.1220,0.028624,0.044373,0.082594,0.002406,0.6000,+0
1.2320,descent,2.0559,49.6582,42.8027,50.8380,-4.1220,0.028459,0.044377,0.082591,0.002409,0.6000,+0
1.2330,descent,2.0559,49.6582,42.8027,48.0900,-2.7480,0.028488,0.059211,0.082591,0.002409,0.6000,+0
1.2342,descent,2.0559,49.6582,42.8027,46.7160,-2.7480,0.028502,0.059211,0.082579,0.002421,0.6000,+0
1.2352,descent,2.0559,49.6582,42.8027,42.5940,-1.3740,0.028545,0.149199,0.082583,0.002417,0.6000,+0
1.2365,descent,2.0559,49.5703,42.8027,39.8460,-1.3740,0.028753,0.149194,0.082583,0.002417,0.6000,+0
1.2374,descent,2.0559,49.5703,42.8027,38.4720,-1.3740,0.028767,0.149194,0.082583,0.002417,0.6000,+0
1.2385,descent,2.0559,49.5703,42.8027,35.7240,-1.3740,0.028796,0.149194,0.082583,0.002417,0.6000,+0
1.2396,descent,2.0559,49.5703,42.8027,34.3500,0.0000,0.028810,0.243573,0.082582,0.002418,0.6000,+0
1.2407,descent,2.0559,49.5703,42.8027,31.6020,0.0000,0.028839,0.243573,0.082582,0.002418,0.6000,+0
1.2420,descent,2.0559,49.5703,42.8027,30.2280,0.0000,0.028853,0.243573,0.082581,0.002419,0.6000,+0
1.2430,descent,2.0559,49.5703,42.8027,28.8540,0.0000,0.028867,0.243573,0.082565,0.002435,0.6000,+0
1.2440,descent,2.1241,49.5703,42.8027,26.1060,0.0000,0.028896,0.243573,0.082565,0.002435,0.6000,+0
1.2455,descent,2.1241,49.5703,42.8027,23.3580,0.0000,0.028925,0.243573,0.082563,0.002437,0.6000,+0
1.2463,descent,2.1241,49.5703,42.8027,20.6100,0.0000,0.028953,0.243573,0.082563,0.002437,0.6000,+0
1.2475,descent,2.1241,49.5703,42.8027,19.2360,0.0000,0.028968,0.243573,0.082563,0.002437,0.6000,+0
1.2485,descent,2.1241,49.5703,42.8906,17.8620,1.3740,0.028987,0.148398,0.082563,0.002437,0.6000,+0
1.2496,descent,2.1241,49.5703,42.8906,16.4880,1.3740,0.029001,0.148398,0.082554,0.002446,0.6000,+0
1.2507,descent,2.1241,49.5703,42.9785,15.1140,1.3740,0.029020,0.147711,0.082554,0.002446,0.6000,+0
1.2518,descent,2.1241,49.5703,42.9785,13.7400,2.7480,0.029034,0.057615,0.082562,0.002438,0.6000,+0
1.2529,descent,2.1241,49.5703,43.0664,12.3660,4.1220,0.029053,0.041985,0.082562,0.002438,0.6000,+0
1.2540,descent,2.1241,49.5703,43.0664,10.9920,4.1220,0.029067,0.041985,0.082546,0.002454,0.6000,+0
1.2555,descent,2.1241,49.4824,43.2422,8.2440,6.8700,0.029284,0.039862,0.082547,0.002453,0.6000,+0
1.2563,descent,2.1241,49.4824,43.3301,6.8700,8.2440,0.029303,0.039121,0.082547,0.002453,0.6000,+0
1.2575,descent,2.1241,49.4824,43.4180,5.4960,9.6180,0.029330,0.038380,0.082533,0.002467,0.6000,+0
1.2585,descent,2.1241,49.4824,43.5059,4.1220,12.3660,0.029977,0.037584,0.082533,0.002467,0.6000,+0
1.2596,descent,2.1241,49.4824,43.5937,4.1220,13.7400,0.029982,0.036843,0.082528,0.002472,0.6000,+0
1.2607,descent,2.1241,49.4824,43.7695,2.7480,16.4880,0.044894,0.035360,0.082528,0.002472,0.6000,+0
1.2620,descent,2.1241,49.4824,43.8574,1.3740,17.8620,0.134955,0.034619,0.082526,0.002474,0.6000,+0
1.2630,descent,2.1241,49.4824,43.9453,1.3740,20.6100,0.134960,0.033823,0.082523,0.002477,0.6000,+0
1.2642,descent,2.1241,49.3945,44.0332,0.0000,23.3580,0.229591,0.033023,0.082523,0.002477,0.6000,+0
1.2652,descent,2.1241,49.3945,44.2969,-2.7480,27.4800,0.045158,0.030799,0.082536,0.002464,0.6000,+0
1.2665,descent,2.1241,49.3945,44.3848,-2.7480,30.2280,0.045163,0.030004,0.082536,0.002464,0.6000,+0
1.2674,descent,2.1241,49.3945,44.4727,-4.1220,34.3500,0.030294,0.029154,0.082523,0.002477,0.6000,+0
1.2685,descent,2.1241,49.3945,44.5605,-4.1220,37.0980,0.030299,0.028358,0.082523,0.002477,0.6000,+0
1.2696,descent,2.1241,49.3945,44.6484,-4.1220,39.8460,0.030303,0.027562,0.082528,0.002472,0.6000,+0
1.2707,descent,2.1241,49.3945,44.7363,-4.1220,42.5940,0.030308,0.026767,0.082528,0.002472,0.6000,+0
1.2720,descent,2.1241,49.3945,44.8242,-4.1220,45.3420,0.030313,0.025971,0.082501,0.002499,0.6000,+0
1.2730,descent,2.1241,49.3945,44.9121,-4.1220,48.0900,0.030317,0.025176,0.082501,0.002499,0.6000,+0
1.2742,descent,2.1241,49.3945,44.9121,-4.1220,49.4640,0.030317,0.025121,0.082505,0.002495,0.6000,+0
1.2752,descent,2.1241,49.3945,45.1758,-4.1220,54.9600,0.030332,0.022843,0.082516,0.002484,0.6000,+0
1.2765,descent,2.1241,49.3945,45.2637,-4.1220,57.7080,0.030336,0.022048,0.082516,0.002484,0.6000,+0
1.2774,descent,2.1241,49.3945,45.2637,-4.1220,59.0820,0.030336,0.021993,0.082510,0.002490,0.6000,+0
1.2785,descent,2.1241,49.3945,45.3516,-4.1220,61.8300,0.030341,0.021198,0.082510,0.002490,0.6000,+0
1.2796,descent,2.1241,49.3945,45.3516,-4.1220,63.2040,0.030341,0.021143,0.082497,0.002503,0.6000,+0
1.2808,descent,2.1241,49.3945,45.4395,-4.1220,65.9520,0.030346,0.020348,0.082497,0.002503,0.6000,+0
1.2820,descent,2.1241,49.3945,45.5273,-4.1220,67.3260,0.030351,0.019606,0.082497,0.002503,0.6000,+0
1.2830,descent,2.1241,49.3945,45.5273,-4.1220,68.7000,0.030351,0.019552,0.082497,0.002503,0.6000,+0
1.2842,descent,2.1241,49.3945,45.5273,-4.1220,68.7000,0.030351,0.019552,0.082499,0.002501,0.6000,+0
1.2852,descent,2.1241,49.3945,45.6152,-4.1220,71.4480,0.030355,0.018756,0.082493,0.002507,0.6000,+0
1.2865,descent,2.1241,49.3945,45.6152,-4.1220,71.4480,0.030355,0.018756,0.082493,0.002507,0.6000,+0
1.2874,descent,2.1241,49.3945,45.6152,-4.1220,70.0740,0.030355,0.018811,0.082488,0.002512,0.6000,+0
1.2885,descent,2.1241,49.3945,45.7031,-4.1220,70.0740,0.030360,0.018124,0.082488,0.002512,0.6000,+0
1.2896,descent,2.1241,49.3945,45.7031,-2.7480,70.0740,0.045234,0.018124,0.082488,0.002512,0.6000,+0
1.2911,descent,2.1241,49.3945,45.7031,-2.7480,68.7000,0.045234,0.018179,0.082471,0.002529,0.6000,+0
1.2919,descent,2.1241,49.3945,45.7031,-2.7480,67.3260,0.045234,0.018233,0.082471,0.002529,0.6000,+0
1.2929,descent,2.1241,49.3945,45.7031,-2.7480,65.9520,0.045234,0.018287,0.082471,0.002529,0.6000,+0
1.2941,descent,2.1241,49.3945,45.7031,-2.7480,63.2040,0.045234,0.018396,0.082465,0.002535,0.6000,+0
1.2951,descent,2.1241,49.3945,45.7031,-2.7480,61.8300,0.045234,0.018451,0.082475,0.002525,0.6000,+0
1.2963,descent,2.1241,49.3945,45.7031,-1.3740,59.0820,0.135262,0.018560,0.082475,0.002525,0.6000,+0
1.2973,descent,2.1241,49.3945,45.6152,-1.3740,56.3340,0.135257,0.019355,0.082464,0.002536,0.6000,+0
1.2987,descent,2.1241,49.3945,45.6152,-1.3740,53.5860,0.135257,0.019464,0.082464,0.002536,0.6000,+0
1.2996,descent,2.1241,49.3945,45.6152,-1.3740,50.8380,0.135257,0.019573,0.082469,0.002531,0.6000,+0
1.3007,descent,2.1241,49.3945,45.6152,0.0000,48.0900,0.229676,0.019682,0.082469,0.002531,0.6000,+0
1.3018,descent,2.1241,49.3945,45.6152,0.0000,45.3420,0.229676,0.019790,0.082455,0.002545,0.6000,+0
1.3030,descent,2.1241,49.3945,45.5273,0.0000,41.2200,0.229672,0.020640,0.082449,0.002551,0.6000,+0
1.3042,descent,2.1241,49.3945,45.5273,0.0000,38.4720,0.229672,0.020749,0.082449,0.002551,0.6000,+0
1.3052,descent,2.1241,49.3945,45.5273,0.0000,32.9760,0.229672,0.020967,0.082450,0.002550,0.6000,+0
1.3065,descent,2.1241,49.3945,45.5273,0.0000,30.2280,0.229672,0.021076,0.082450,0.002550,0.6000,+0
1.3074,descent,2.1241,49.3945,45.4395,0.0000,27.4800,0.229667,0.021871,0.082454,0.002546,0.6000,+0
1.3085,descent,2.1241,49.3945,45.4395,0.0000,23.3580,0.229667,0.022035,0.082454,0.002546,0.6000,+0
1.3096,descent,2.1241,49.3945,45.4395,0.0000,20.6100,0.229667,0.022144,0.082436,0.002564,0.6000,+0
1.3107,descent,2.1241,49.4824,45.4395,1.3740,19.2360,0.135040,0.022203,0.082436,0.002564,0.6000,+0
1.3118,descent,2.1241,49.4824,45.3516,1.3740,16.4880,0.135035,0.022998,0.082439,0.002561,0.6000,+0
1.3129,descent,2.1241,49.4824,45.3516,1.3740,13.7400,0.135035,0.023107,0.082439,0.002561,0.6000,+0
1.3140,descent,2.1241,49.5703,45.2637,2.7480,9.6180,0.044795,0.023962,0.082430,0.002570,0.6000,+0
1.3151,descent,2.1241,49.6582,45.2637,4.1220,5.4960,0.029714,0.024137,0.082422,0.002578,0.6000,+0
1.3162,descent,2.1241,49.7461,45.1758,5.4960,2.7480,0.028887,0.040454,0.082422,0.002578,0.6000,+0
1.3173,descent,2.1241,49.8340,45.1758,6.8700,0.0000,0.028686,0.225044,0.082432,0.002568,0.6000,+0
1.3185,descent,2.1241,49.9219,45.1758,8.2440,-1.3740,0.028493,0.130669,0.082432,0.002568,0.6000,+0
1.3197,descent,2.1241,50.0098,45.0000,9.6180,-4.1220,0.028290,0.027226,0.082410,0.002590,0.6000,+0
1.3209,descent,2.1241,50.0977,45.0000,10.9920,-5.4960,0.028097,0.026656,0.082410,0.002590,0.6000,+0
1.3219,descent,2.1241,50.1855,44.9121,13.7400,-8.2440,0.027885,0.027449,0.082418,0.002582,0.6000,+0
1.3231,descent,2.1241,50.2734,44.9121,16.4880,-9.6180,0.027677,0.027509,0.082410,0.002590,0.6000,+0
1.3240,descent,2.1241,50.4492,44.9121,17.8620,-10.9920,0.027305,0.027572,0.082410,0.002590,0.6000,+0
1.3254,descent,2.1241,50.6250,44.8242,23.3580,-15.1140,0.026885,0.028432,0.082427,0.002573,0.6000,+0
1.3263,descent,2.1241,50.7129,44.7363,26.1060,-16.4880,0.026673,0.029178,0.082427,0.002573,0.6000,+0
1.3275,descent,2.1241,50.8008,44.7363,28.8540,-17.8620,0.026465,0.029237,0.082399,0.002601,0.6000,+0
1.3285,descent,2.1241,50.8887,44.6484,31.6020,-19.2360,0.026253,0.029983,0.082399,0.002601,0.6000,+0
1.3296,descent,2.1241,50.9766,44.6484,34.3500,-20.6100,0.026045,0.030042,0.082382,0.002618,0.6000,+0
1.3307,descent,2.1241,51.0645,44.6484,37.0980,-21.9840,0.025838,0.030101,0.082382,0.002618,0.6000,+0
1.3318,descent,2.1241,51.2402,44.6484,39.8460,-21.9840,0.025451,0.030111,0.082389,0.002611,0.6000,+0
1.3329,descent,2.1241,51.3281,44.5605,43.9680,-23.3580,0.025225,0.030857,0.082389,0.002611,0.6000,+0
1.3340,descent,2.1864,51.4160,44.5605,46.7160,-24.7320,0.025017,0.030916,0.082395,0.002605,0.6000,+0
1.3351,descent,2.1864,51.5039,44.5605,50.8380,-24.7320,0.024795,0.030920,0.082398,0.002602,0.6000,+0
1.3363,descent,2.1864,51.5918,44.4727,53.5860,-26.1060,0.024583,0.031666,0.082398,0.002602,0.6000,+0
1.3373,descent,2.1864,51.6797,44.4727,56.3340,-26.1060,0.024375,0.031671,0.082380,0.002620,0.6000,+0
1.3385,descent,2.1864,51.7676,44.4727,59.0820,-26.1060,0.024168,0.031676,0.082380,0.002620,0.6000,+0
1.3396,descent,2.1864,51.8555,44.3848,61.8300,-27.4800,0.023956,0.032422,0.082390,0.002610,0.6000,+0
1.3407,descent,2.1864,51.8555,44.3848,61.8300,-27.4800,0.023956,0.032422,0.082390,0.002610,0.6000,+0
1.3418,descent,2.1864,51.9434,44.3848,64.5780,-27.4800,0.023748,0.032426,0.082366,0.002634,0.6000,+0
1.3429,descent,2.1864,52.1191,44.3848,70.0740,-27.4800,0.023333,0.032436,0.082366,0.002634,0.6000,+0
1.3440,descent,2.1864,52.2070,44.2969,74.1960,-28.8540,0.023106,0.033182,0.082369,0.002631,0.6000,+0
1.3451,descent,2.1864,52.2949,44.2969,75.5700,-27.4800,0.022913,0.033132,0.082368,0.002632,0.6000,+0
1.3462,descent,2.1864,52.2949,44.2090,76.9440,-28.8540,0.022894,0.033873,0.082368,0.002632,0.6000,+0
1.3473,descent,2.1864,52.3828,44.2090,78.3180,-28.8540,0.022701,0.033878,0.082364,0.002636,0.6000,+0
1.3485,descent,2.1864,52.4707,44.2090,79.6920,-28.8540,0.022508,0.033883,0.082364,0.002636,0.6000,+0
1.3496,descent,2.1864,52.4707,44.2090,79.6920,-27.4800,0.022508,0.033828,0.082367,0.002633,0.6000,+0
1.3507,descent,2.1864,52.5586,44.2090,81.0660,-27.4800,0.022315,0.033833,0.082367,0.002633,0.6000,+0
1.3518,descent,2.1864,52.5586,44.1211,81.0660,-27.4800,0.022310,0.034520,0.082360,0.002640,0.6000,+0
1.3529,descent,2.1864,52.6465,44.1211,81.0660,-27.4800,0.022131,0.034525,0.082360,0.002640,0.6000,+0
1.3541,descent,2.1864,52.7344,44.1211,79.6920,-26.1060,0.021966,0.034475,0.082353,0.002647,0.6000,+0
1.3551,descent,2.1864,52.7344,44.0332,78.3180,-26.1060,0.021976,0.035162,0.082345,0.002655,0.6000,+0
1.3562,descent,2.1864,52.7344,44.0332,76.9440,-26.1060,0.021990,0.035162,0.082345,0.002655,0.6000,+0
1.3573,descent,2.1864,52.8223,44.0332,75.5700,-26.1060,0.021826,0.035166,0.082348,0.002652,0.6000,+0
1.3585,descent,2.1864,52.8223,44.0332,74.1960,-24.7320,0.021840,0.035112,0.082348,0.002652,0.6000,+0
1.3596,descent,2.1864,52.8223,44.0332,72.8220,-24.7320,0.021854,0.035112,0.082343,0.002657,0.6000,+0
1.3607,descent,2.1864,52.8223,44.0332,71.4480,-23.3580,0.021869,0.035058,0.082343,0.002657,0.6000,+0
1.3618,descent,2.1864,52.9102,44.0332,70.0740,-23.3580,0.021704,0.035062,0.082334,0.002666,0.6000,+0
1.3629,descent,2.1864,52.9102,43.9453,68.7000,-23.3580,0.021714,0.035749,0.082334,0.002666,0.6000,+0
1.3642,descent,2.1864,52.9102,43.9453,63.2040,-21.9840,0.021771,0.035695,0.082337,0.002663,0.6000,+0
1.3651,descent,2.1864,52.9102,43.9453,61.8300,-21.9840,0.021785,0.035695,0.082311,0.002689,0.6000,+0
1.3662,descent,2.1864,52.9102,43.9453,59.0820,-20.6100,0.021814,0.035640,0.082311,0.002689,0.6000,+0
1.3673,descent,2.1864,52.9102,43.9453,57.7080,-20.6100,0.021828,0.035640,0.082334,0.002666,0.6000,+0
1.3685,descent,2.1864,52.9102,43.9453,54.9600,-20.6100,0.021857,0.035640,0.082334,0.002666,0.6000,+0
1.3696,descent,2.1864,52.9102,43.8574,52.2120,-19.2360,0.021881,0.036272,0.082308,0.002692,0.6000,+0
1.3707,descent,2.1864,52.9102,43.8574,50.8380,-19.2360,0.021895,0.036272,0.082308,0.002692,0.6000,+0
1.3718,descent,2.1864,52.9102,43.8574,48.0900,-19.2360,0.021924,0.036272,0.082304,0.002696,0.6000,+0
1.3729,descent,2.1864,52.9102,43.8574,45.3420,-17.8620,0.021952,0.036218,0.082304,0.002696,0.6000,+0
1.3742,descent,2.1864,52.9102,43.8574,39.8460,-17.8620,0.022009,0.036218,0.082311,0.002689,0.6000,+0
1.3751,descent,2.1864,52.9102,43.8574,38.4720,-16.4880,0.022024,0.036164,0.082301,0.002699,0.6000,+0
1.3762,descent,2.1864,52.8223,43.8574,35.7240,-16.4880,0.022231,0.036159,0.082301,0.002699,0.6000,+0
1.3773,descent,2.1864,52.8223,43.8574,32.9760,-16.4880,0.022260,0.036159,0.082297,0.002703,0.6000,+0
1.3785,descent,2.1864,52.8223,43.8574,30.2280,-15.1140,0.022288,0.036104,0.082297,0.002703,0.6000,+0
1.3796,descent,2.1864,52.8223,43.8574,27.4800,-13.7400,0.022317,0.036050,0.082292,0.002708,0.6000,+0
1.3807,descent,2.1864,52.8223,43.7695,26.1060,-13.7400,0.022327,0.036737,0.082292,0.002708,0.6000,+0
1.3818,descent,2.1864,52.7344,43.7695,23.3580,-13.7400,0.022534,0.036732,0.082285,0.002715,0.6000,+0
1.3829,descent,2.1864,52.7344,43.7695,20.6100,-13.7400,0.022563,0.036732,0.082285,0.002715,0.6000,+0
1.3840,descent,2.1864,52.7344,43.7695,16.4880,-12.3660,0.022606,0.036678,0.082289,0.002711,0.6000,+0
1.3851,descent,2.1864,52.6465,43.8574,13.7400,-12.3660,0.022818,0.035986,0.082287,0.002713,0.6000,+0
1.3862,descent,2.1864,52.6465,43.8574,12.3660,-10.9920,0.022832,0.035932,0.082287,0.002713,0.6000,+0
1.3873,descent,2.1864,52.6465,43.8574,9.6180,-10.9920,0.022861,0.035932,0.082263,0.002737,0.6000,+0
1.3885,descent,2.1864,52.6465,43.7695,8.2440,-9.6180,0.022870,0.036564,0.082263,0.002737,0.6000,+0
1.3896,descent,2.1864,52.5586,43.7695,5.4960,-9.6180,0.023085,0.036559,0.082290,0.002710,0.6000,+0
1.3907,descent,2.1864,52.5586,43.8574,4.1220,-9.6180,0.023733,0.035873,0.082290,0.002710,0.6000,+0
1.3918,descent,2.1864,52.5586,43.7695,2.7480,-8.2440,0.038631,0.036505,0.082269,0.002731,0.6000,+0
1.3929,descent,2.1864,52.5586,43.7695,1.3740,-8.2440,0.128687,0.036505,0.082269,0.002731,0.6000,+0
1.3941,descent,2.1864,52.4707,43.7695,-2.7480,-8.2440,0.038867,0.036500,0.082272,0.002728,0.6000,+0
1.3951,descent,2.1864,52.4707,43.7695,-4.1220,-6.8700,0.023993,0.036446,0.082264,0.002736,0.6000,+0
1.3963,descent,2.1864,52.3828,43.7695,-5.4960,-6.8700,0.023557,0.036441,0.082264,0.002736,0.6000,+0
1.3973,descent,2.1864,52.3828,43.7695,-6.8700,-6.8700,0.023565,0.036441,0.082272,0.002728,0.6000,+0
1.3985,descent,2.1864,52.3828,43.7695,-8.2440,-6.8700,0.023579,0.036441,0.082272,0.002728,0.6000,+0
1.3996,descent,2.1864,52.2949,43.7695,-9.6180,-6.8700,0.023772,0.036436,0.082247,0.002753,0.6000,+0
1.4007,descent,2.1864,52.2949,43.7695,-10.9920,-5.4960,0.023786,0.036389,0.082247,0.002753,0.6000,+0
1.4018,descent,2.1864,52.2070,43.8574,-12.3660,-5.4960,0.023984,0.035698,0.082272,0.002728,0.6000,+0
1.4029,descent,2.1864,52.2070,43.7695,-13.7400,-4.1220,0.023994,0.036959,0.082272,0.002728,0.6000,+0
1.4041,descent,2.1864,52.1191,43.7695,-16.4880,-4.1220,0.024201,0.036954,0.082246,0.002754,0.6000,+0
1.4051,descent,2.1864,52.1191,43.7695,-17.8620,-2.7480,0.024216,0.051788,0.082237,0.002763,0.6000,+0
1.4062,descent,2.1864,52.0312,43.7695,-19.2360,-2.7480,0.024409,0.051783,0.082237,0.002763,0.6000,+0
1.4074,descent,2.1864,52.0312,43.7695,-20.6100,-2.7480,0.024423,0.051783,0.082233,0.002767,0.6000,+0
1.4085,descent,2.1864,52.0312,43.7695,-20.6100,-2.7480,0.024423,0.051783,0.082233,0.002767,0.6000,+0
1.4096,descent,2.1864,51.9434,43.7695,-21.9840,-2.7480,0.024616,0.051778,0.082234,0.002766,0.6000,+0
1.4107,descent,2.1864,51.9434,43.7695,-21.9840,-2.7480,0.024616,0.051778,0.082234,0.002766,0.6000,+0
1.4118,descent,2.1864,51.9434,43.7695,-23.3580,-2.7480,0.024631,0.051778,0.082235,0.002765,0.6000,+0
1.4129,descent,2.1864,51.9434,43.7695,-23.3580,-1.3740,0.024631,0.141766,0.082235,0.002765,0.6000,+0
1.4141,descent,2.1864,51.8555,43.7695,-23.3580,-1.3740,0.024810,0.141761,0.082212,0.002788,0.6000,+0
1.4152,descent,2.1864,51.7676,43.7695,-24.7320,-1.3740,0.025003,0.141756,0.082225,0.002775,0.6000,+0
1.4163,descent,2.1864,51.7676,43.7695,-26.1060,-1.3740,0.025017,0.141756,0.082225,0.002775,0.6000,+0
1.4173,descent,2.1864,51.7676,43.7695,-26.1060,-1.3740,0.025017,0.141756,0.082217,0.002783,0.6000,+0
1.4185,descent,2.1864,51.6797,43.7695,-26.1060,-1.3740,0.025196,0.141752,0.082217,0.002783,0.6000,+0
1.4196,descent,2.2471,51.6797,43.7695,-27.4800,-1.3740,0.025210,0.141752,0.082224,0.002776,0.6000,+0
1.4207,descent,2.2471,51.5918,43.7695,-27.4800,-1.3740,0.025389,0.141747,0.082224,0.002776,0.6000,+0
1.4218,descent,2.2471,51.5918,43.7695,-27.4800,-1.3740,0.025389,0.141747,0.082225,0.002775,0.6000,+0
1.4229,descent,2.2471,51.5039,43.7695,-28.8540,-1.3740,0.025583,0.141742,0.082225,0.002775,0.6000,+0
1.4240,descent,2.2471,51.5039,43.7695,-28.8540,0.0000,0.025583,0.236122,0.082214,0.002786,0.6000,+0
1.4251,descent,2.2471,51.4160,43.8574,-30.2280,0.0000,0.025781,0.235430,0.082220,0.002780,0.6000,+0
1.4262,descent,2.2471,51.4160,43.8574,-30.2280,0.0000,0.025781,0.235430,0.082220,0.002780,0.6000,+0
1.4274,descent,2.2471,51.3281,43.8574,-31.6020,1.3740,0.025974,0.140937,0.082195,0.002805,0.6000,+0
1.4285,descent,2.2471,51.3281,43.8574,-31.6020,1.3740,0.025974,0.140937,0.082195,0.002805,0.6000,+0
1.4296,descent,2.2471,51.3281,43.8574,-31.6020,1.3740,0.025974,0.140937,0.082198,0.002802,0.6000,+0
1.4307,descent,2.2471,51.2402,43.9453,-31.6020,2.7480,0.026157,0.050149,0.082198,0.002802,0.6000,+0
1.4318,descent,2.2471,51.2402,43.9453,-31.6020,2.7480,0.026157,0.050149,0.082219,0.002781,0.6000,+0
1.4329,descent,2.2471,51.2402,43.9453,-31.6020,4.1220,0.026157,0.035207,0.082219,0.002781,0.6000,+0
1.4340,descent,2.2471,51.1523,44.0332,-31.6020,4.1220,0.026341,0.034515,0.082184,0.002816,0.6000,+0
1.4351,descent,2.2471,51.0645,44.1211,-32.9760,5.4960,0.026539,0.033140,0.082175,0.002825,0.6000,+0
1.4362,descent,2.2471,50.9766,44.1211,-32.9760,6.8700,0.026718,0.033074,0.082175,0.002825,0.6000,+0
1.4373,descent,2.2471,50.9766,44.2090,-32.9760,6.8700,0.026723,0.032387,0.082195,0.002805,0.6000,+0
1.4384,descent,2.2471,50.9766,44.2969,-32.9760,8.2440,0.026727,0.031646,0.082195,0.002805,0.6000,+0
1.4396,descent,2.2471,50.8887,44.2969,-32.9760,9.6180,0.026906,0.031587,0.082172,0.002828,0.6000,+0
1.4407,descent,2.2471,50.8887,44.3848,-32.9760,10.9920,0.026911,0.030846,0.082172,0.002828,0.6000,+0
1.4418,descent,2.2471,50.8008,44.3848,-34.3500,12.3660,0.027104,0.030787,0.082182,0.002818,0.6000,+0
1.4429,descent,2.2471,50.7129,44.4727,-34.3500,13.7400,0.027288,0.030041,0.082182,0.002818,0.6000,+0
1.4441,descent,2.2471,50.7129,44.5605,-35.7240,17.8620,0.027307,0.029191,0.082171,0.002829,0.6000,+0
1.4451,descent,2.2471,50.6250,44.6484,-35.7240,19.2360,0.027491,0.028445,0.082178,0.002822,0.6000,+0
1.4462,descent,2.2471,50.6250,44.6484,-35.7240,20.6100,0.027491,0.028390,0.082178,0.002822,0.6000,+0
1.4473,descent,2.2471,50.5371,44.7363,-35.7240,21.9840,0.027674,0.027645,0.082159,0.002841,0.6000,+0
1.4485,descent,2.2471,50.5371,44.8242,-37.0980,23.3580,0.027694,0.026903,0.082159,0.002841,0.6000,+0
1.4496,descent,2.2471,50.4492,44.8242,-37.0980,24.7320,0.027872,0.026844,0.082164,0.002836,0.6000,+0
1.4507,descent,2.2471,50.4492,44.8242,-37.0980,26.1060,0.027872,0.026790,0.082164,0.002836,0.6000,+0
1.4518,descent,2.2471,50.3613,44.9121,-37.0980,27.4800,0.028056,0.026044,0.082176,0.002824,0.6000,+0
1.4529,descent,2.2471,50.2734,44.9121,-38.4720,28.8540,0.028249,0.025985,0.082176,0.002824,0.6000,+0
1.4541,descent,2.2471,50.1855,45.0000,-38.4720,31.6020,0.028433,0.025184,0.082151,0.002849,0.6000,+0
1.4551,descent,2.2471,50.1855,45.0000,-38.4720,32.9760,0.028433,0.025130,0.082171,0.002829,0.6000,+0
1.4562,descent,2.2471,50.0977,45.0000,-39.8460,32.9760,0.028626,0.025125,0.082171,0.002829,0.6000,+0
1.4573,descent,2.2471,50.0977,45.0000,-39.8460,34.3500,0.028626,0.025071,0.082152,0.002848,0.6000,+0
1.4585,descent,2.2471,50.0098,45.0000,-39.8460,34.3500,0.028805,0.025066,0.082152,0.002848,0.6000,+0
1.4596,descent,2.2471,49.9219,45.0000,-41.2200,34.3500,0.028999,0.025061,0.082142,0.002858,0.6000,+0
1.4607,descent,2.2471,49.9219,45.0000,-41.2200,34.3500,0.028999,0.025061,0.082142,0.002858,0.6000,+0
1.4618,descent,2.2471,49.8340,45.0000,-41.2200,35.7240,0.029178,0.025002,0.082156,0.002844,0.6000,+0
1.4629,descent,2.2471,49.8340,45.0000,-42.5940,34.3500,0.029192,0.025057,0.082156,0.002844,0.6000,+0
1.4641,descent,2.2471,49.7461,45.0000,-42.5940,34.3500,0.029371,0.025052,0.082127,0.002873,0.6000,+0
1.4652,descent,2.2471,49.6582,45.0000,-43.9680,34.3500,0.029564,0.025047,0.082152,0.002848,0.6000,+0
1.4662,descent,2.2471,49.5703,45.0000,-43.9680,34.3500,0.029743,0.025042,0.082152,0.002848,0.6000,+0
1.4673,descent,2.2471,49.5703,45.0000,-43.9680,32.9760,0.029743,0.025097,0.082136,0.002864,0.6000,+0
1.4685,descent,2.2471,49.4824,45.0000,-45.3420,31.6020,0.029936,0.025147,0.082136,0.002864,0.6000,+0
1.4696,descent,2.2471,49.4824,45.0000,-45.3420,31.6020,0.029936,0.025147,0.082127,0.002873,0.6000,+0
1.4707,descent,2.2471,49.3945,45.0000,-45.3420,30.2280,0.030115,0.025196,0.082127,0.002873,0.6000,+0
1.4718,descent,2.2471,49.3945,45.0000,-45.3420,28.8540,0.030115,0.025251,0.082121,0.002879,0.6000,+0
1.4729,descent,2.2471,49.3066,45.0000,-45.3420,27.4800,0.030294,0.025300,0.082121,0.002879,0.6000,+0
1.4741,descent,2.2471,49.2188,44.9121,-45.3420,24.7320,0.030469,0.026091,0.082132,0.002868,0.6000,+0
1.4751,descent,2.2471,49.1309,44.9121,-46.7160,21.9840,0.030662,0.026195,0.082112,0.002888,0.6000,+0
1.4762,descent,2.2471,49.1309,44.9121,-46.7160,20.6100,0.030662,0.026250,0.082112,0.002888,0.6000,+0
1.4773,descent,2.2471,49.0430,44.9121,-46.7160,19.2360,0.030841,0.026300,0.082113,0.002887,0.6000,+0
1.4785,descent,2.2471,49.0430,44.9121,-46.7160,17.8620,0.030841,0.026354,0.082113,0.002887,0.6000,+0
1.4796,descent,2.2471,48.9551,44.8242,-48.0900,15.1140,0.031030,0.027145,0.082112,0.002888,0.6000,+0
1.4807,descent,2.2471,48.9551,44.8242,-48.0900,13.7400,0.031030,0.027199,0.082112,0.002888,0.6000,+0
1.4818,descent,2.2471,48.9551,44.8242,-48.0900,10.9920,0.031030,0.027308,0.082106,0.002894,0.6000,+0
1.4829,descent,2.2471,48.8672,44.8242,-48.0900,9.6180,0.031209,0.027358,0.082106,0.002894,0.6000,+0
1.4840,descent,2.2471,48.7793,44.8242,-48.0900,6.8700,0.031388,0.027462,0.082107,0.002893,0.6000,+0
1.4851,descent,2.2471,48.7793,44.8242,-48.0900,5.4960,0.031388,0.027524,0.082103,0.002897,0.6000,+0
1.4862,descent,2.2471,48.6035,44.8242,-48.0900,4.1220,0.031746,0.028198,0.082103,0.002897,0.6000,+0
1.4873,descent,2.2471,48.6035,44.7363,-48.0900,2.7480,0.031741,0.043827,0.082078,0.002922,0.6000,+0
1.4884,descent,2.2471,48.5156,44.7363,-48.0900,1.3740,0.031920,0.133919,0.082078,0.002922,0.6000,+0
1.4896,descent,2.2471,48.5156,44.7363,-48.0900,0.0000,0.031920,0.228407,0.082099,0.002901,0.6000,+0
1.4907,descent,2.2471,48.5156,44.6484,-48.0900,-1.3740,0.031915,0.134714,0.082099,0.002901,0.6000,+0
1.4918,descent,2.2471,48.4277,44.6484,-48.0900,-2.7480,0.032094,0.044722,0.082090,0.002910,0.6000,+0
1.4929,descent,2.2471,48.4277,44.6484,-48.0900,-4.1220,0.032094,0.029888,0.082090,0.002910,0.6000,+0
1.4940,descent,2.2471,48.2520,44.5605,-48.0900,-6.8700,0.032448,0.030039,0.082084,0.002916,0.6000,+0
1.4951,descent,2.2471,48.2520,44.5605,-48.0900,-6.8700,0.032448,0.030039,0.082080,0.002920,0.6000,+0
1.4962,descent,2.2471,48.1641,44.5605,-48.0900,-8.2440,0.032627,0.030088,0.082080,0.002920,0.6000,+0
1.4973,descent,2.2471,48.1641,44.5605,-48.0900,-8.2440,0.032627,0.030088,0.082075,0.002925,0.6000,+0
1.4985,descent,2.2471,48.0762,44.5605,-48.0900,-9.6180,0.032806,0.030138,0.082075,0.002925,0.6000,+0
1.4996,descent,2.2471,48.0762,44.5605,-48.0900,-9.6180,0.032806,0.030138,0.082067,0.002933,0.6000,+0
1.5007,descent,2.2471,47.9883,44.5605,-48.0900,-10.9920,0.032985,0.030188,0.082067,0.002933,0.6000,+0
1.5018,descent,2.2471,47.9004,44.5605,-48.0900,-10.9920,0.033164,0.030183,0.082077,0.002923,0.6000,+0
1.5029,descent,2.2471,47.9004,44.5605,-48.0900,-10.9920,0.033164,0.030183,0.082077,0.002923,0.6000,+0
1.5040,descent,2.2471,47.8125,44.5605,-48.0900,-10.9920,0.033343,0.030178,0.082075,0.002925,0.6000,+0
1.5051,descent,2.2471,47.7246,44.5605,-48.0900,-10.9920,0.033522,0.030174,0.082046,0.002954,0.6000,+0
1.5062,descent,2.2471,47.6367,44.5605,-49.4640,-10.9920,0.033715,0.030169,0.082046,0.002954,0.6000,+0
1.5073,descent,2.2471,47.6367,44.5605,-49.4640,-10.9920,0.033715,0.030169,0.082059,0.002941,0.6000,+0
1.5084,descent,2.2471,47.6367,44.5605,-48.0900,-10.9920,0.033701,0.030169,0.082059,0.002941,0.6000,+0
1.5096,descent,2.3040,47.4609,44.5605,-48.0900,-10.9920,0.034059,0.030160,0.082049,0.002951,0.6000,+0
1.5107,descent,2.3040,47.4609,44.5605,-48.0900,-10.9920,0.034059,0.030160,0.082049,0.002951,0.6000,+0
1.5118,descent,2.3040,47.3730,44.5605,-48.0900,-10.9920,0.034238,0.030155,0.082053,0.002947,0.6000,+0
1.5129,descent,2.3040,47.2852,44.5605,-48.0900,-9.6180,0.034417,0.030096,0.082053,0.002947,0.6000,+0
1.5141,descent,2.3040,47.1973,44.5605,-48.0900,-9.6180,0.034597,0.030091,0.082035,0.002965,0.6000,+0
1.5151,descent,2.3040,47.1973,44.5605,-48.0900,-9.6180,0.034597,0.030091,0.082045,0.002955,0.6000,+0
1.5162,descent,2.3040,47.1094,44.5605,-48.0900,-8.2440,0.034776,0.030032,0.082045,0.002955,0.6000,+0
1.5173,descent,2.3040,47.1094,44.5605,-48.0900,-8.2440,0.034776,0.030032,0.082047,0.002953,0.6000,+0
1.5185,descent,2.3040,47.0215,44.5605,-48.0900,-8.2440,0.034955,0.030027,0.082047,0.002953,0.6000,+0
1.5196,descent,2.3040,47.0215,44.5605,-48.0900,-8.2440,0.034955,0.030027,0.082037,0.002963,0.6000,+0
1.5207,descent,2.3040,46.9336,44.5605,-48.0900,-6.8700,0.035134,0.029968,0.082037,0.002963,0.6000,+0
1.5218,descent,2.3040,46.9336,44.5605,-48.0900,-6.8700,0.035134,0.029968,0.082026,0.002974,0.6000,+0
1.5229,descent,2.3040,46.8457,44.5605,-48.0900,-6.8700,0.035313,0.029964,0.082026,0.002974,0.6000,+0
1.5240,descent,2.3040,46.7578,44.5605,-48.0900,-5.4960,0.035492,0.029912,0.082036,0.002964,0.6000,+0
1.5252,descent,2.3040,46.7578,44.5605,-48.0900,-4.1220,0.035492,0.030486,0.082017,0.002983,0.6000,+0
1.5262,descent,2.3040,46.6699,44.5605,-46.7160,-4.1220,0.035657,0.030482,0.082017,0.002983,0.6000,+0
1.5273,descent,2.3040,46.6699,44.5605,-46.7160,-2.7480,0.035657,0.045315,0.082016,0.002984,0.6000,+0
1.5285,descent,2.3040,46.5820,44.5605,-46.7160,-2.7480,0.035836,0.045311,0.082016,0.002984,0.6000,+0
1.5296,descent,2.3040,46.5820,44.5605,-46.7160,-2.7480,0.035836,0.045311,0.082019,0.002981,0.6000,+0
1.5307,descent,2.3040,46.5820,44.5605,-46.7160,-1.3740,0.035836,0.135298,0.082019,0.002981,0.6000,+0
1.5318,descent,2.3040,46.4941,44.5605,-46.7160,-1.3740,0.036015,0.135294,0.082006,0.002994,0.6000,+0
1.5329,descent,2.3040,46.4062,44.5605,-46.7160,-1.3740,0.036194,0.135289,0.082006,0.002994,0.6000,+0
1.5340,descent,2.3040,46.4062,44.5605,-45.3420,0.0000,0.036180,0.229668,0.082005,0.002995,0.6000,+0
1.5351,descent,2.3040,46.4062,44.5605,-45.3420,0.0000,0.036180,0.229668,0.082001,0.002999,0.6000,+0
1.5362,descent,2.3040,46.3184,44.5605,-43.9680,0.0000,0.036345,0.229664,0.082001,0.002999,0.6000,+0
1.5373,descent,2.3040,46.2305,44.5605,-43.9680,0.0000,0.036524,0.229659,0.081981,0.003019,0.6000,+0
1.5385,descent,2.3040,46.2305,44.5605,-43.9680,0.0000,0.036524,0.229659,0.081981,0.003019,0.6000,+0
1.5396,descent,2.3040,46.2305,44.5605,-42.5940,0.0000,0.036509,0.229659,0.081991,0.003009,0.6000,+0
1.5407,descent,2.3040,46.1426,44.5605,-42.5940,0.0000,0.036689,0.229654,0.081991,0.003009,0.6000,+0
1.5418,descent,2.3040,46.1426,44.5605,-42.5940,0.0000,0.036689,0.229654,0.081998,0.003002,0.6000,+0
1.5429,descent,2.3040,46.0547,44.5605,-42.5940,0.0000,0.036868,0.229650,0.081998,0.003002,0.6000,+0
1.5440,descent,2.3040,46.0547,44.5605,-41.2200,0.0000,0.036853,0.229650,0.081989,0.003011,0.6000,+0
1.5451,descent,2.3040,45.9668,44.5605,-41.2200,0.0000,0.037033,0.229645,0.081978,0.003022,0.6000,+0
1.5462,descent,2.3040,45.9668,44.5605,-41.2200,0.0000,0.037033,0.229645,0.081978,0.003022,0.6000,+0
1.5473,descent,2.3040,45.8789,44.6484,-41.2200,1.3740,0.037216,0.134466,0.081971,0.003029,0.6000,+0
1.5485,descent,2.3040,45.8789,44.6484,-39.8460,1.3740,0.037202,0.134466,0.081971,0.003029,0.6000,+0
1.5496,descent,2.3040,45.8789,44.6484,-39.8460,1.3740,0.037202,0.134466,0.081962,0.003038,0.6000,+0
1.5507,descent,2.3040,45.7910,44.8242,-39.8460,2.7480,0.037390,0.042991,0.081962,0.003038,0.6000,+0
1.5518,descent,2.3040,45.7910,44.8242,-39.8460,4.1220,0.037390,0.028048,0.081968,0.003032,0.6000,+0
1.5529,descent,2.3040,45.7031,44.8242,-39.8460,5.4960,0.037570,0.027360,0.081968,0.003032,0.6000,+0
1.5541,descent,2.3040,45.7031,45.1758,-38.4720,8.2440,0.037574,0.024497,0.081965,0.003035,0.6000,+0
1.5551,descent,2.3040,45.7031,45.1758,-38.4720,9.6180,0.037574,0.024442,0.081958,0.003042,0.6000,+0
1.5562,descent,2.3040,45.7031,45.1758,-37.0980,10.9920,0.037560,0.024388,0.081958,0.003042,0.6000,+0
1.5577,descent,2.3040,45.6152,45.2637,-37.0980,12.3660,0.037743,0.023642,0.081967,0.003033,0.6000,+0
1.5585,descent,2.3040,45.6152,45.4395,-35.7240,15.1140,0.037738,0.022159,0.081967,0.003033,0.6000,+0
1.5596,descent,2.3040,45.5273,45.5273,-35.7240,16.4880,0.037922,0.021413,0.081955,0.003045,0.6000,+0
1.5607,descent,2.3040,45.5273,45.5273,-35.7240,19.2360,0.037922,0.021304,0.081955,0.003045,0.6000,+0
1.5618,descent,2.3040,45.5273,45.7031,-34.3500,21.9840,0.037917,0.019822,0.081946,0.003054,0.6000,+0
1.5629,descent,2.3040,45.4395,45.7910,-34.3500,23.3580,0.038101,0.019076,0.081946,0.003054,0.6000,+0
1.5641,descent,2.3040,45.4395,45.8789,-34.3500,28.8540,0.038106,0.018171,0.081945,0.003055,0.6000,+0
1.5651,descent,2.3040,45.3516,45.9668,-32.9760,30.2280,0.038275,0.017426,0.081939,0.003061,0.6000,+0
1.5662,descent,2.3040,45.3516,46.0547,-32.9760,32.9760,0.038280,0.016630,0.081939,0.003061,0.6000,+0
1.5674,descent,2.3040,45.3516,46.1426,-32.9760,35.7240,0.038284,0.015834,0.081942,0.003058,0.6000,+0
1.5685,descent,2.3040,45.3516,46.1426,-32.9760,37.0980,0.038284,0.015780,0.081942,0.003058,0.6000,+0
1.5696,descent,2.3040,45.2637,46.2305,-31.6020,39.8460,0.038454,0.014979,0.081936,0.003064,0.6000,+0
1.5707,descent,2.3040,45.2637,46.3184,-31.6020,39.8460,0.038459,0.014293,0.081936,0.003064,0.6000,+0
1.5718,descent,2.3040,45.2637,46.3184,-31.6020,41.2200,0.038459,0.014238,0.081917,0.003083,0.6000,+0
1.5729,descent,2.3040,45.2637,46.4062,-30.2280,45.3420,0.038449,0.013388,0.081917,0.003083,0.6000,+0
1.5745,descent,2.3040,45.1758,46.5820,-30.2280,49.4640,0.038637,0.011847,0.081939,0.003061,0.6000,+0
1.5752,descent,2.3040,45.1758,46.5820,-28.8540,49.4640,0.038623,0.011847,0.081922,0.003078,0.6000,+0
1.5765,descent,2.3040,45.1758,46.5820,-28.8540,52.2120,0.038623,0.011738,0.081922,0.003078,0.6000,+0
1.5775,descent,2.3040,45.0879,46.5820,-28.8540,52.2120,0.038802,0.011733,0.081916,0.003084,0.6000,+0
1.5785,descent,2.3040,45.0879,46.5820,-28.8540,53.5860,0.038802,0.011679,0.081916,0.003084,0.6000,+0
1.5796,descent,2.3040,45.0879,46.5820,-27.4800,53.5860,0.038788,0.011679,0.081912,0.003088,0.6000,+0
1.5807,descent,2.3040,45.0879,46.5820,-27.4800,53.5860,0.038788,0.011679,0.081912,0.003088,0.6000,+0
1.5818,descent,2.3040,45.0879,46.5820,-26.1060,53.5860,0.038774,0.011679,0.081893,0.003107,0.6000,+0
1.5829,descent,2.3040,45.0879,46.5820,-26.1060,53.5860,0.038774,0.011679,0.081893,0.003107,0.6000,+0
1.5840,descent,2.3040,45.0879,46.5820,-24.7320,53.5860,0.038759,0.011679,0.081896,0.003104,0.6000,+0
1.5852,descent,2.3040,45.0000,46.5820,-24.7320,50.8380,0.038939,0.011783,0.081895,0.003105,0.6000,+0
1.5863,descent,2.3040,45.0000,46.5820,-23.3580,49.4640,0.038924,0.011837,0.081895,0.003105,0.6000,+0
1.5874,descent,2.3040,45.0000,46.5820,-23.3580,48.0900,0.038924,0.011892,0.081880,0.003120,0.6000,+0
1.5885,descent,2.3040,45.0000,46.5820,-23.3580,48.0900,0.038924,0.011892,0.081880,0.003120,0.6000,+0
1.5896,descent,2.3040,45.0000,46.4062,-21.9840,45.3420,0.038901,0.013374,0.081881,0.003119,0.6000,+0
1.5907,descent,2.3040,45.0000,46.4062,-21.9840,42.5940,0.038901,0.013483,0.081881,0.003119,0.6000,+0
1.5918,descent,2.3040,45.0000,46.4062,-20.6100,41.2200,0.038886,0.013537,0.081870,0.003130,0.6000,+0
1.5929,descent,2.3040,45.0000,46.3184,-20.6100,37.0980,0.038882,0.014387,0.081870,0.003130,0.6000,+0
1.5941,descent,2.3040,44.9121,46.3184,-19.2360,34.3500,0.039046,0.014492,0.081894,0.003106,0.6000,+0
1.5951,descent,2.3040,44.9121,46.3184,-19.2360,31.6020,0.039046,0.014600,0.081858,0.003142,0.6000,+0
1.5962,descent,2.3040,44.9121,46.2305,-17.8620,28.8540,0.039027,0.015396,0.081858,0.003142,0.6000,+0
1.5973,descent,2.3040,44.9121,46.2305,-17.8620,26.1060,0.039027,0.015505,0.081867,0.003133,0.6000,+0
1.5987,descent,2.3040,44.9121,46.2305,-16.4880,23.3580,0.039013,0.015614,0.081867,0.003133,0.6000,+0
1.5996,descent,2.3630,44.9121,46.1426,-16.4880,20.6100,0.039008,0.016410,0.081863,0.003137,0.6000,+0
1.6007,descent,2.3630,44.9121,46.1426,-15.1140,16.4880,0.038994,0.016573,0.081863,0.003137,0.6000,+0
1.6020,descent,2.3630,44.9121,46.0547,-15.1140,13.7400,0.038989,0.017368,0.081854,0.003146,0.6000,+0
1.6030,descent,2.3630,44.9121,46.0547,-13.7400,10.9920,0.038975,0.017477,0.081854,0.003146,0.6000,+0
1.6044,descent,2.3630,44.9121,45.9668,-13.7400,5.4960,0.038970,0.018389,0.081840,0.003160,0.6000,+0
1.6052,descent,2.3630,44.9121,45.9668,-12.3660,2.7480,0.038956,0.034015,0.081853,0.003147,0.6000,+0
1.6063,descent,2.3630,44.9121,45.8789,-10.9920,-1.3740,0.038937,0.124907,0.081853,0.003147,0.6000,+0
1.6074,descent,2.3630,44.9121,45.8789,-10.9920,-2.7480,0.038937,0.034920,0.081856,0.003144,0.6000,+0
1.6089,descent,2.3630,44.9121,45.7910,-10.9920,-5.4960,0.038933,0.020198,0.081856,0.003144,0.6000,+0
1.6097,descent,2.3630,44.9121,45.7910,-9.6180,-8.2440,0.038918,0.020300,0.081851,0.003149,0.6000,+0
1.6110,descent,2.3630,44.9121,45.7031,-9.6180,-10.9920,0.038914,0.021095,0.081851,0.003149,0.6000,+0
1.6120,descent,2.3630,44.9121,45.6152,-8.2440,-12.3660,0.038895,0.021837,0.081832,0.003168,0.6000,+0
1.6130,descent,2.3630,44.9121,45.6152,-8.2440,-15.1140,0.038895,0.021946,0.081834,0.003166,0.6000,+0
1.6147,descent,2.3630,44.9121,45.5273,-6.8700,-19.2360,0.038876,0.022796,0.081834,0.003166,0.6000,+0
1.6152,descent,2.3630,44.9121,45.4395,-6.8700,-20.6100,0.038871,0.023537,0.081817,0.003183,0.6000,+0
1.6167,descent,2.3630,44.9121,45.4395,-5.4960,-21.9840,0.038864,0.023591,0.081817,0.003183,0.6000,+0
1.6175,descent,2.3630,44.9121,45.3516,-5.4960,-24.7320,0.038859,0.024387,0.081833,0.003167,0.6000,+0
1.6186,descent,2.3630,44.9121,45.3516,-5.4960,-26.1060,0.038859,0.024442,0.081833,0.003167,0.6000,+0
1.6197,descent,2.3630,44.9121,45.2637,-4.1220,-27.4800,0.039469,0.025183,0.081821,0.003179,0.6000,+0
1.6208,descent,2.3630,44.9121,45.1758,-4.1220,-28.8540,0.039465,0.025924,0.081821,0.003179,0.6000,+0
1.6219,descent,2.3630,44.9121,45.1758,-4.1220,-30.2280,0.039465,0.025979,0.081814,0.003186,0.6000,+0
1.6229,descent,2.3630,44.9121,45.0000,-4.1220,-31.6020,0.039455,0.027407,0.081814,0.003186,0.6000,+0
1.6241,descent,2.3630,44.9121,44.9121,-2.7480,-35.7240,0.054325,0.028257,0.081812,0.003188,0.6000,+0
1.6251,descent,2.3630,44.9121,44.8242,-2.7480,-35.7240,0.054320,0.028944,0.081807,0.003193,0.6000,+0
1.6263,descent,2.3630,44.9121,44.8242,-1.3740,-37.0980,0.144348,0.028998,0.081807,0.003193,0.6000,+0
1.6273,descent,2.3630,44.9121,44.7363,-1.3740,-38.4720,0.144343,0.029740,0.081801,0.003199,0.6000,+0
1.6285,descent,2.3630,44.9121,44.6484,-1.3740,-39.8460,0.144338,0.030481,0.081801,0.003199,0.6000,+0
1.6296,descent,2.3630,44.9121,44.5605,-1.3740,-41.2200,0.144334,0.031222,0.081795,0.003205,0.6000,+0
1.6307,descent,2.3630,44.9121,44.5605,-1.3740,-42.5940,0.144334,0.031277,0.081795,0.003205,0.6000,+0
1.6318,descent,2.3630,44.9121,44.4727,0.0000,-42.5940,0.238749,0.031964,0.081803,0.003197,0.6000,+0
1.6329,descent,2.3630,44.9121,44.4727,0.0000,-43.9680,0.238749,0.032018,0.081803,0.003197,0.6000,+0
1.6342,descent,2.3630,44.9121,44.3848,0.0000,-45.3420,0.238744,0.032759,0.081796,0.003204,0.6000,+0
1.6354,descent,2.3630,44.9121,44.2969,0.0000,-46.7160,0.238739,0.033501,0.081788,0.003212,0.6000,+0
1.6363,descent,2.3630,44.9121,44.2090,0.0000,-46.7160,0.238735,0.034188,0.081788,0.003212,0.6000,+0
1.6374,descent,2.3630,44.9121,44.2090,0.0000,-48.0900,0.238735,0.034242,0.081769,0.003231,0.6000,+0
1.6385,descent,2.3630,44.9121,44.1211,0.0000,-48.0900,0.238730,0.034929,0.081769,0.003231,0.6000,+0
1.6396,descent,2.3630,44.9121,44.0332,0.0000,-49.4640,0.238725,0.035670,0.081772,0.003228,0.6000,+0
1.6407,descent,2.3630,45.0000,44.0332,1.3740,-49.4640,0.144098,0.035675,0.081772,0.003228,0.6000,+0
1.6420,descent,2.3630,45.0000,43.9453,1.3740,-49.4640,0.144094,0.036362,0.081768,0.003232,0.6000,+0
1.6430,descent,2.3630,45.0000,43.9453,1.3740,-49.4640,0.144094,0.036362,0.081754,0.003246,0.6000,+0
1.6442,descent,2.3630,45.0879,43.7695,2.7480,-50.8380,0.053849,0.037795,0.081754,0.003246,0.6000,+0
1.6452,descent,2.3630,45.1758,43.7695,4.1220,-50.8380,0.038767,0.037799,0.081749,0.003251,0.6000,+0
1.6463,descent,2.3630,45.2637,43.5937,5.4960,-50.8380,0.037936,0.039178,0.081749,0.003251,0.6000,+0
1.6474,descent,2.3630,45.3516,43.5937,6.8700,-50.8380,0.037735,0.039183,0.081755,0.003245,0.6000,+0
1.6485,descent,2.3630,45.4395,43.5059,8.2440,-52.2120,0.037537,0.039929,0.081755,0.003245,0.6000,+0
1.6497,descent,2.3630,45.5273,43.4180,9.6180,-52.2120,0.037339,0.040620,0.081756,0.003244,0.6000,+0
1.6507,descent,2.3630,45.6152,43.4180,10.9920,-52.2120,0.037145,0.040625,0.081756,0.003244,0.6000,+0
1.6519,descent,2.3630,45.7910,43.3301,13.7400,-52.2120,0.036754,0.041321,0.081756,0.003244,0.6000,+0
1.6530,descent,2.3630,45.8789,43.3301,16.4880,-52.2120,0.036546,0.041325,0.081761,0.003239,0.6000,+0
1.6540,descent,2.3630,45.9668,43.2422,19.2360,-52.2120,0.036334,0.042017,0.081761,0.003239,0.6000,+0
1.6553,descent,2.3630,46.2305,43.1543,24.7320,-52.2120,0.035734,0.042718,0.081739,0.003261,0.6000,+0
1.6563,descent,2.3630,46.3184,43.1543,27.4800,-52.2120,0.035526,0.042722,0.081739,0.003261,0.6000,+0
1.6574,descent,2.3630,46.4941,43.0664,31.6020,-52.2120,0.035121,0.043419,0.081727,0.003273,0.6000,+0
1.6587,descent,2.3630,46.5820,43.0664,34.3500,-52.2120,0.034913,0.043423,0.081727,0.003273,0.6000,+0
1.6597,descent,2.3630,46.6699,42.9785,37.0980,-52.2120,0.034701,0.044115,0.081740,0.003260,0.6000,+0
1.6608,descent,2.3630,46.8457,42.8906,41.2200,-50.8380,0.034295,0.044756,0.081740,0.003260,0.6000,+0
1.6619,descent,2.3630,46.9336,42.8906,43.9680,-50.8380,0.034087,0.044761,0.081728,0.003272,0.6000,+0
1.6629,descent,2.3630,47.0215,42.8027,48.0900,-50.8380,0.033860,0.045453,0.081728,0.003272,0.6000,+0
1.6640,descent,2.3630,47.1973,42.8027,50.8380,-50.8380,0.033473,0.045462,0.081731,0.003269,0.6000,+0
1.6655,descent,2.3630,47.4609,42.7148,59.0820,-50.8380,0.032846,0.046163,0.081730,0.003270,0.6000,+0
1.6663,descent,2.3630,47.6367,42.7148,61.8300,-49.4640,0.032459,0.046117,0.081730,0.003270,0.6000,+0
1.6675,descent,2.3630,47.7246,42.6270,65.9520,-49.4640,0.032232,0.046809,0.081726,0.003274,0.6000,+0
1.6685,descent,2.3630,47.8125,42.6270,68.7000,-49.4640,0.032024,0.046814,0.081726,0.003274,0.6000,+0
1.6696,descent,2.3630,47.9883,42.6270,72.8220,-48.0900,0.031623,0.046768,0.081717,0.003283,0.6000,+0
1.6707,descent,2.3630,48.0762,42.6270,75.5700,-48.0900,0.031416,0.046773,0.081717,0.003283,0.6000,+0
1.6720,descent,2.3630,48.1641,42.5391,79.6920,-46.7160,0.031189,0.047410,0.081712,0.003288,0.6000,+0
1.6730,descent,2.3630,48.2520,42.5391,82.4400,-46.7160,0.030981,0.047415,0.081711,0.003289,0.6000,+0
1.6744,descent,2.3630,48.4277,42.4512,87.9360,-45.3420,0.030561,0.048056,0.081711,0.003289,0.6000,+0
1.6752,descent,2.3630,48.6035,42.4512,90.6840,-43.9680,0.030174,0.048011,0.081710,0.003290,0.6000,+0
1.6764,descent,2.3630,48.6914,42.4512,93.4320,-43.9680,0.029967,0.048016,0.081710,0.003290,0.6000,+0
1.6774,descent,2.3630,48.7793,42.3633,96.1800,-42.5940,0.029754,0.048653,0.081704,0.003296,0.6000,+0
1.6785,descent,2.3630,48.8672,42.3633,98.9280,-42.5940,0.029547,0.048658,0.081704,0.003296,0.6000,+0
1.6796,descent,2.3630,48.8672,42.3633,100.3020,-41.2200,0.029532,0.048603,0.081699,0.003301,0.6000,+0
1.6807,descent,2.3630,49.0430,42.3633,101.6760,-41.2200,0.029160,0.048612,0.081699,0.003301,0.6000,+0
1.6819,descent,2.3630,49.1309,42.3633,103.0500,-39.8460,0.028967,0.048563,0.081686,0.003314,0.6000,+0
1.6829,descent,2.3630,49.2188,42.3633,104.4240,-38.4720,0.028773,0.048513,0.081686,0.003314,0.6000,+0
1.6841,descent,2.3630,49.3945,42.1875,104.4240,-37.0980,0.028406,0.049842,0.081694,0.003306,0.6000,+0
1.6854,descent,2.3630,49.3945,42.1875,104.4240,-35.7240,0.028406,0.049787,0.081680,0.003320,0.6000,+0
1.6863,descent,2.3630,49.4824,42.1875,104.4240,-34.3500,0.028227,0.049737,0.081680,0.003320,0.6000,+0
1.6874,descent,2.3630,49.5703,42.1875,104.4240,-32.9760,0.028048,0.049688,0.081675,0.003325,0.6000,+0
1.6884,descent,2.3630,49.6582,42.1875,104.4240,-32.9760,0.027869,0.049692,0.081675,0.003325,0.6000,+0
1.6896,descent,2.4180,49.7461,42.1875,103.0500,-31.6020,0.027704,0.049642,0.081677,0.003323,0.6000,+0
1.6908,descent,2.4180,49.7461,42.1875,103.0500,-30.2280,0.027704,0.049588,0.081677,0.003323,0.6000,+0
1.6918,descent,2.4180,49.8340,42.1875,101.6760,-28.8540,0.027539,0.049538,0.081671,0.003329,0.6000,+0
1.6930,descent,2.4180,49.9219,42.1875,100.3020,-26.1060,0.027375,0.049434,0.081667,0.003333,0.6000,+0
1.6941,descent,2.4180,50.0098,42.1875,98.9280,-23.3580,0.027210,0.049330,0.081667,0.003333,0.6000,+0
1.6952,descent,2.4180,50.0977,42.1875,97.5540,-23.3580,0.027045,0.049334,0.081670,0.003330,0.6000,+0
1.6962,descent,2.4180,50.1855,42.1875,96.1800,-21.9840,0.026880,0.049285,0.081670,0.003330,0.6000,+0
1.6973,descent,2.4180,50.1855,42.1875,93.4320,-20.6100,0.026909,0.049230,0.081672,0.003328,0.6000,+0
1.6985,descent,2.4180,50.2734,42.1875,92.0580,-19.2360,0.026744,0.049180,0.081672,0.003328,0.6000,+0
1.6996,descent,2.4180,50.2734,42.1875,90.6840,-19.2360,0.026759,0.049180,0.081660,0.003340,0.6000,+0
1.7007,descent,2.4180,50.3613,42.1875,89.3100,-17.8620,0.026594,0.049131,0.081660,0.003340,0.6000,+0
1.7018,descent,2.4180,50.3613,42.1875,86.5620,-16.4880,0.026623,0.049076,0.081655,0.003345,0.6000,+0
1.7029,descent,2.4180,50.4492,42.1875,85.1880,-15.1140,0.026458,0.049027,0.081655,0.003345,0.6000,+0
1.7040,descent,2.4180,50.4492,42.1875,83.8140,-13.7400,0.026472,0.048972,0.081628,0.003372,0.6000,+0
1.7051,descent,2.4180,50.5371,42.1875,82.4400,-13.7400,0.026308,0.048977,0.081643,0.003357,0.6000,+0
1.7062,descent,2.4180,50.5371,42.1875,79.6920,-10.9920,0.026336,0.048868,0.081643,0.003357,0.6000,+0
1.7073,descent,2.4180,50.6250,42.1875,75.5700,-10.9920,0.026200,0.048873,0.081641,0.003359,0.6000,+0
1.7085,descent,2.4180,50.6250,42.1875,74.1960,-9.6180,0.026214,0.048818,0.081641,0.003359,0.6000,+0
1.7096,descent,2.4180,50.6250,42.1875,71.4480,-8.2440,0.026243,0.048764,0.081636,0.003364,0.6000,+0
1.7107,descent,2.4180,50.6250,42.1875,68.7000,-6.8700,0.026272,0.048709,0.081636,0.003364,0.6000,+0
1.7118,descent,2.4180,50.7129,42.1875,67.3260,-6.8700,0.026107,0.048714,0.081632,0.003368,0.6000,+0
1.7129,descent,2.4180,50.7129,42.1875,65.9520,-5.4960,0.026121,0.048667,0.081632,0.003368,0.6000,+0
1.7141,descent,2.4180,50.7129,42.1875,60.4560,-5.4960,0.026179,0.048667,0.081619,0.003381,0.6000,+0
1.7151,descent,2.4180,50.7129,42.1875,59.0820,-4.1220,0.026193,0.049241,0.081614,0.003386,0.6000,+0
1.7162,descent,2.4180,50.7129,42.1875,56.3340,-2.7480,0.026221,0.064075,0.081614,0.003386,0.6000,+0
1.7173,descent,2.4180,50.7129,42.1875,53.5860,-2.7480,0.026250,0.064075,0.081623,0.003377,0.6000,+0
1.7185,descent,2.4180,50.7129,42.1875,52.2120,-2.7480,0.026264,0.064075,0.081623,0.003377,0.6000,+0
1.7196,descent,2.4180,50.7129,42.1875,49.4640,-1.3740,0.026293,0.154063,0.081627,0.003373,0.6000,+0
1.7207,descent,2.4180,50.7129,42.1875,46.7160,-1.3740,0.026322,0.154063,0.081627,0.003373,0.6000,+0
1.7218,descent,2.4180,50.7129,42.1875,45.3420,-1.3740,0.026336,0.154063,0.081608,0.003392,0.6000,+0
1.7229,descent,2.4180,50.7129,42.1875,42.5940,-1.3740,0.026365,0.154063,0.081608,0.003392,0.6000,+0
1.7241,descent,2.4180,50.7129,42.1875,38.4720,0.0000,0.026408,0.248442,0.081612,0.003388,0.6000,+0
1.7251,descent,2.4180,50.7129,42.1875,35.7240,0.0000,0.026436,0.248442,0.081618,0.003382,0.6000,+0
1.7262,descent,2.4180,50.7129,42.1875,34.3500,0.0000,0.026450,0.248442,0.081618,0.003382,0.6000,+0
1.7273,descent,2.4180,50.6250,42.1875,31.6020,0.0000,0.026658,0.248437,0.081602,0.003398,0.6000,+0
1.7288,descent,2.4180,50.6250,42.1875,28.8540,0.0000,0.026687,0.248437,0.081602,0.003398,0.6000,+0
1.7296,descent,2.4180,50.6250,42.1875,27.4800,0.0000,0.026701,0.248437,0.081607,0.003393,0.6000,+0
1.7308,descent,2.4180,50.6250,42.1875,24.7320,0.0000,0.026730,0.248437,0.081607,0.003393,0.6000,+0
1.7320,descent,2.4180,50.6250,42.3633,23.3580,1.3740,0.026753,0.152575,0.081603,0.003397,0.6000,+0
1.7331,descent,2.4180,50.6250,42.3633,20.6100,1.3740,0.026782,0.152575,0.081594,0.003406,0.6000,+0
1.7340,descent,2.4180,50.6250,42.3633,19.2360,1.3740,0.026796,0.152575,0.081594,0.003406,0.6000,+0
1.7354,descent,2.4180,50.5371,42.4512,15.1140,2.7480,0.027023,0.061787,0.081578,0.003422,0.6000,+0
1.7363,descent,2.4180,50.5371,42.5391,12.3660,4.1220,0.027056,0.046158,0.081578,0.003422,0.6000,+0
1.7375,descent,2.4180,50.5371,42.5391,10.9920,4.1220,0.027070,0.046158,0.081594,0.003406,0.6000,+0
1.7385,descent,2.4180,50.5371,42.6270,9.6180,5.4960,0.027089,0.044788,0.081594,0.003406,0.6000,+0
1.7396,descent,2.4180,50.5371,42.7148,8.2440,6.8700,0.027108,0.044039,0.081586,0.003414,0.6000,+0
1.7407,descent,2.4180,50.5371,42.8027,6.8700,8.2440,0.027127,0.043298,0.081586,0.003414,0.6000,+0
1.7420,descent,2.4180,50.4492,42.8906,4.1220,9.6180,0.027976,0.042552,0.081590,0.003410,0.6000,+0
1.7430,descent,2.4180,50.4492,42.9785,2.7480,12.3660,0.042883,0.041756,0.081577,0.003423,0.6000,+0
1.7442,descent,2.4180,50.4492,43.0664,1.3740,13.7400,0.132944,0.041015,0.081577,0.003423,0.6000,+0
1.7452,descent,2.4180,50.4492,43.2422,-1.3740,17.8620,0.132982,0.039478,0.081568,0.003432,0.6000,+0
1.7465,descent,2.4180,50.3613,43.3301,-2.7480,20.6100,0.043138,0.038678,0.081568,0.003432,0.6000,+0
1.7474,descent,2.4180,50.3613,43.4180,-2.7480,23.3580,0.043143,0.037882,0.081576,0.003424,0.6000,+0
1.7485,descent,2.4180,50.3613,43.5937,-4.1220,26.1060,0.028278,0.036400,0.081576,0.003424,0.6000,+0
1.7496,descent,2.4180,50.3613,43.7695,-5.4960,28.8540,0.027673,0.034917,0.081572,0.003428,0.6000,+0
1.7507,descent,2.4180,50.2734,43.8574,-6.8700,31.6020,0.027864,0.034117,0.081572,0.003428,0.6000,+0
1.7520,descent,2.4180,50.2734,43.9453,-6.8700,34.3500,0.027868,0.033321,0.081569,0.003431,0.6000,+0
1.7530,descent,2.4180,50.2734,44.0332,-8.2440,37.0980,0.027887,0.032526,0.081569,0.003431,0.6000,+0
1.7545,descent,2.4180,50.2734,44.2090,-9.6180,42.5940,0.027911,0.030935,0.081547,0.003453,0.6000,+0
1.7552,descent,2.4180,50.2734,44.2969,-9.6180,45.3420,0.027916,0.030139,0.081568,0.003432,0.6000,+0
1.7565,descent,2.4180,50.1855,44.3848,-10.9920,48.0900,0.028114,0.029339,0.081568,0.003432,0.6000,+0
1.7574,descent,2.4180,50.1855,44.4727,-10.9920,50.8380,0.028119,0.028543,0.081565,0.003435,0.6000,+0
1.7585,descent,2.4180,50.1855,44.5605,-12.3660,53.5860,0.028138,0.027747,0.081565,0.003435,0.6000,+0
1.7596,descent,2.4180,50.1855,44.5605,-12.3660,54.9600,0.028138,0.027693,0.081547,0.003453,0.6000,+0
1.7607,descent,2.4180,50.1855,44.6484,-12.3660,57.7080,0.028142,0.026897,0.081547,0.003453,0.6000,+0
1.7620,descent,2.4180,50.1855,44.6484,-12.3660,60.4560,0.028142,0.026789,0.081529,0.003471,0.6000,+0
1.7630,descent,2.4180,50.1855,44.7363,-12.3660,61.8300,0.028147,0.026047,0.081529,0.003471,0.6000,+0
1.7645,descent,2.4180,50.1855,44.9121,-12.3660,65.9520,0.028156,0.024511,0.081538,0.003462,0.6000,+0
1.7652,descent,2.4180,50.1855,44.9121,-12.3660,67.3260,0.028156,0.024456,0.081544,0.003456,0.6000,+0
1.7665,descent,2.4180,50.1855,45.0000,-12.3660,68.7000,0.028161,0.023715,0.081544,0.003456,0.6000,+0
1.7674,descent,2.4180,50.1855,45.0000,-12.3660,70.0740,0.028161,0.023661,0.081531,0.003469,0.6000,+0
1.7685,descent,2.4180,50.1855,45.1758,-12.3660,71.4480,0.028171,0.022233,0.081531,0.003469,0.6000,+0
1.7696,descent,2.4180,50.1855,45.1758,-10.9920,72.8220,0.028156,0.022178,0.081524,0.003476,0.6000,+0
1.7707,descent,2.4180,50.0977,45.1758,-12.3660,72.8220,0.028350,0.022174,0.081524,0.003476,0.6000,+0
1.7720,descent,2.4180,50.0977,45.2637,-12.3660,72.8220,0.028354,0.021487,0.081517,0.003483,0.6000,+0
1.7730,descent,2.4180,50.0977,45.2637,-12.3660,72.8220,0.028354,0.021487,0.081517,0.003483,0.6000,+0
1.7745,descent,2.4529,50.0977,45.2637,-10.9920,71.4480,0.028340,0.021541,0.081521,0.003479,0.6000,+0
1.7752,descent,2.4529,50.0977,45.2637,-10.9920,70.0740,0.028340,0.021596,0.081513,0.003487,0.6000,+0
1.7765,descent,2.4529,50.0977,45.2637,-10.9920,68.7000,0.028340,0.021650,0.081513,0.003487,0.6000,+0
1.7774,descent,2.4529,50.0977,45.3516,-10.9920,67.3260,0.028345,0.021018,0.081524,0.003476,0.6000,+0
1.7785,descent,2.4529,50.0977,45.3516,-10.9920,65.9520,0.028345,0.021072,0.081524,0.003476,0.6000,+0
1.7796,descent,2.4529,50.0977,45.3516,-9.6180,64.5780,0.028330,0.021127,0.081516,0.003484,0.6000,+0
1.7807,descent,2.4529,50.0977,45.2637,-9.6180,61.8300,0.028326,0.021922,0.081516,0.003484,0.6000,+0
1.7820,descent,2.4529,50.0977,45.2637,-9.6180,60.4560,0.028326,0.021977,0.081508,0.003492,0.6000,+0
1.7830,descent,2.4529,50.0977,45.2637,-8.2440,57.7080,0.028311,0.022085,0.081508,0.003492,0.6000,+0
1.7844,descent,2.4529,50.0977,45.2637,-8.2440,52.2120,0.028311,0.022303,0.081519,0.003481,0.6000,+0
1.7851,descent,2.4529,50.0977,45.2637,-6.8700,49.4640,0.028297,0.022412,0.081504,0.003496,0.6000,+0
1.7865,descent,2.4529,50.0977,45.2637,-6.8700,46.7160,0.028297,0.022521,0.081504,0.003496,0.6000,+0
1.7874,descent,2.4529,50.0977,45.2637,-6.8700,43.9680,0.028297,0.022630,0.081498,0.003502,0.6000,+0
1.7885,descent,2.4529,50.0098,45.2637,-6.8700,41.2200,0.028476,0.022734,0.081498,0.003502,0.6000,+0
1.7896,descent,2.4529,50.0098,45.2637,-5.4960,38.4720,0.028469,0.022843,0.081491,0.003509,0.6000,+0
1.7907,descent,2.4529,50.0098,45.1758,-5.4960,35.7240,0.028464,0.023638,0.081491,0.003509,0.6000,+0
1.7920,descent,2.4529,50.0098,45.1758,-5.4960,32.9760,0.028464,0.023747,0.081492,0.003508,0.6000,+0
1.7930,descent,2.4529,50.0098,45.1758,-5.4960,30.2280,0.028464,0.023856,0.081492,0.003508,0.6000,+0
1.7944,descent,2.4529,49.9219,45.0000,-5.4960,24.7320,0.028634,0.025442,0.081482,0.003518,0.6000,+0
1.7951,descent,2.4529,49.9219,45.0000,-5.4960,21.9840,0.028634,0.025551,0.081488,0.003512,0.6000,+0
1.7964,descent,2.4529,49.9219,45.0000,-6.8700,19.2360,0.028641,0.025660,0.081488,0.003512,0.6000,+0
1.7974,descent,2.4529,49.9219,45.0000,-6.8700,16.4880,0.028641,0.025769,0.081480,0.003520,0.6000,+0
1.7985,descent,2.4529,49.9219,44.9121,-6.8700,13.7400,0.028636,0.026564,0.081480,0.003520,0.6000,+0
1.7996,descent,2.4529,49.9219,44.9121,-6.8700,12.3660,0.028636,0.026619,0.081467,0.003533,0.6000,+0
1.8007,descent,2.4529,49.9219,44.8242,-6.8700,9.6180,0.028631,0.027414,0.081467,0.003533,0.6000,+0
1.8018,descent,2.4529,49.9219,44.8242,-6.8700,6.8700,0.028631,0.027523,0.081472,0.003528,0.6000,+0
1.8029,descent,2.4529,49.9219,44.8242,-6.8700,4.1220,0.028631,0.028268,0.081472,0.003528,0.6000,+0
1.8040,descent,2.4529,49.9219,44.8242,-6.8700,2.7480,0.028631,0.043211,0.081469,0.003531,0.6000,+0
1.8051,descent,2.4529,49.9219,44.7363,-5.4960,-1.3740,0.028620,0.134103,0.081464,0.003536,0.6000,+0
1.8063,descent,2.4529,49.9219,44.7363,-5.4960,-2.7480,0.028620,0.044115,0.081464,0.003536,0.6000,+0
1.8073,descent,2.4529,49.9219,44.6484,-5.4960,-5.4960,0.028615,0.029394,0.081473,0.003527,0.6000,+0
1.8085,descent,2.4529,49.9219,44.6484,-5.4960,-6.8700,0.028615,0.029441,0.081473,0.003527,0.6000,+0
1.8096,descent,2.4529,49.9219,44.6484,-5.4960,-8.2440,0.028615,0.029495,0.081449,0.003551,0.6000,+0
1.8107,descent,2.4529,49.8340,44.5605,-5.4960,-9.6180,0.028789,0.030232,0.081449,0.003551,0.6000,+0
1.8118,descent,2.4529,49.8340,44.5605,-5.4960,-12.3660,0.028789,0.030341,0.081456,0.003544,0.6000,+0
1.8129,descent,2.4529,49.8340,44.5605,-6.8700,-12.3660,0.028796,0.030341,0.081456,0.003544,0.6000,+0
1.8140,descent,2.4529,49.8340,44.4727,-6.8700,-15.1140,0.028792,0.031136,0.081444,0.003556,0.6000,+0
1.8151,descent,2.4529,49.8340,44.4727,-6.8700,-15.1140,0.028792,0.031136,0.081448,0.003552,0.6000,+0
1.8164,descent,2.4529,49.8340,44.3848,-6.8700,-16.4880,0.028787,0.031878,0.081448,0.003552,0.6000,+0
1.8174,descent,2.4529,49.8340,44.3848,-6.8700,-17.8620,0.028787,0.031932,0.081429,0.003571,0.6000,+0
1.8185,descent,2.4529,49.8340,44.3848,-6.8700,-19.2360,0.028787,0.031986,0.081429,0.003571,0.6000,+0
1.8196,descent,2.4529,49.8340,44.2969,-6.8700,-20.6100,0.028782,0.032728,0.081448,0.003552,0.6000,+0
1.8207,descent,2.4529,49.7461,44.2969,-6.8700,-20.6100,0.028961,0.032723,0.081448,0.003552,0.6000,+0
1.8218,descent,2.4529,49.7461,44.2969,-6.8700,-21.9840,0.028961,0.032777,0.081439,0.003561,0.6000,+0
1.8230,descent,2.4529,49.7461,44.2969,-6.8700,-21.9840,0.028961,0.032777,0.081439,0.003561,0.6000,+0
1.8244,descent,2.4529,49.7461,44.2090,-6.8700,-23.3580,0.028956,0.033519,0.081433,0.003567,0.6000,+0
1.8252,descent,2.4529,49.7461,44.2090,-6.8700,-23.3580,0.028956,0.033519,0.081426,0.003574,0.6000,+0
1.8264,descent,2.4529,49.7461,44.1211,-6.8700,-23.3580,0.028952,0.034205,0.081426,0.003574,0.6000,+0
1.8274,descent,2.4529,49.7461,44.1211,-6.8700,-24.7320,0.028952,0.034260,0.081425,0.003575,0.6000,+0
1.8285,descent,2.4529,49.6582,44.1211,-6.8700,-24.7320,0.029131,0.034255,0.081425,0.003575,0.6000,+0
1.8296,descent,2.4529,49.6582,44.1211,-6.8700,-24.7320,0.029131,0.034255,0.081420,0.003580,0.6000,+0
1.8307,descent,2.4529,49.6582,44.1211,-6.8700,-24.7320,0.029131,0.034255,0.081420,0.003580,0.6000,+0
1.8318,descent,2.4529,49.6582,44.0332,-6.8700,-24.7320,0.029126,0.034942,0.081420,0.003580,0.6000,+0
1.8329,descent,2.4529,49.6582,44.0332,-6.8700,-24.7320,0.029126,0.034942,0.081420,0.003580,0.6000,+0
1.8340,descent,2.4529,49.6582,44.0332,-6.8700,-24.7320,0.029126,0.034942,0.081411,0.003589,0.6000,+0
1.8351,descent,2.4529,49.6582,44.0332,-6.8700,-24.7320,0.029126,0.034942,0.081420,0.003580,0.6000,+0
1.8363,descent,2.4529,49.6582,43.9453,-6.8700,-24.7320,0.029121,0.035629,0.081420,0.003580,0.6000,+0
1.8373,descent,2.4529,49.5703,43.9453,-8.2440,-24.7320,0.029315,0.035624,0.081398,0.003602,0.6000,+0
1.8385,descent,2.4529,49.5703,43.9453,-8.2440,-24.7320,0.029315,0.035624,0.081398,0.003602,0.6000,+0
1.8396,descent,2.4529,49.5703,43.9453,-8.2440,-24.7320,0.029315,0.035624,0.081380,0.003620,0.6000,+0
1.8407,descent,2.4529,49.5703,43.8574,-8.2440,-24.7320,0.029310,0.036311,0.081380,0.003620,0.6000,+0
1.8418,descent,2.4529,49.5703,43.8574,-8.2440,-24.7320,0.029310,0.036311,0.081386,0.003614,0.6000,+0
1.8429,descent,2.4529,49.5703,43.8574,-8.2440,-23.3580,0.029310,0.036256,0.081386,0.003614,0.6000,+0
1.8441,descent,2.4529,49.5703,43.8574,-8.2440,-23.3580,0.029310,0.036256,0.081386,0.003614,0.6000,+0
1.8451,descent,2.4529,49.5703,43.8574,-8.2440,-23.3580,0.029310,0.036256,0.081379,0.003621,0.6000,+0
1.8462,descent,2.4529,49.5703,43.7695,-8.2440,-21.9840,0.029305,0.036889,0.081379,0.003621,0.6000,+0
1.8473,descent,2.4529,49.4824,43.7695,-8.2440,-21.9840,0.029484,0.036884,0.081390,0.003610,0.6000,+0
1.8485,descent,2.4529,49.4824,43.7695,-8.2440,-21.9840,0.029484,0.036884,0.081390,0.003610,0.6000,+0
1.8496,descent,2.4529,49.4824,43.7695,-9.6180,-20.6100,0.029499,0.036830,0.081376,0.003624,0.6000,+0
1.8507,descent,2.4529,49.4824,43.7695,-9.6180,-20.6100,0.029499,0.036830,0.081376,0.003624,0.6000,+0
1.8518,descent,2.4529,49.4824,43.7695,-9.6180,-20.6100,0.029499,0.036830,0.081374,0.003626,0.6000,+0
1.8529,descent,2.4529,49.4824,43.5937,-9.6180,-19.2360,0.029489,0.038149,0.081374,0.003626,0.6000,+0
1.8540,descent,2.4529,49.4824,43.5937,-8.2440,-19.2360,0.029475,0.038149,0.081365,0.003635,0.6000,+0
1.8551,descent,2.4529,49.4824,43.5937,-8.2440,-19.2360,0.029475,0.038149,0.081368,0.003632,0.6000,+0
1.8563,descent,2.4529,49.3945,43.5937,-8.2440,-17.8620,0.029654,0.038090,0.081368,0.003632,0.6000,+0
1.8574,descent,2.4529,49.3945,43.5937,-9.6180,-17.8620,0.029668,0.038090,0.081365,0.003635,0.6000,+0
1.8585,descent,2.4529,49.3945,43.5937,-9.6180,-17.8620,0.029668,0.038090,0.081365,0.003635,0.6000,+0
1.8596,descent,2.4529,49.3945,43.5937,-9.6180,-16.4880,0.029668,0.038035,0.081357,0.003643,0.6000,+0
1.8607,descent,2.4529,49.3945,43.5937,-9.6180,-16.4880,0.029668,0.038035,0.081357,0.003643,0.6000,+0
1.8618,descent,2.4529,49.3945,43.5937,-8.2440,-15.1140,0.029654,0.037981,0.081355,0.003645,0.6000,+0
1.8629,descent,2.4529,49.3945,43.5059,-8.2440,-15.1140,0.029649,0.038668,0.081355,0.003645,0.6000,+0
1.8640,descent,2.4533,49.3945,43.5937,-8.2440,-13.7400,0.029654,0.037926,0.081340,0.003660,0.6000,+0
1.8651,descent,2.4533,49.3945,43.5059,-8.2440,-13.7400,0.029649,0.038613,0.081327,0.003673,0.6000,+0
1.8662,descent,2.4533,49.3945,43.5059,-8.2440,-13.7400,0.029649,0.038613,0.081327,0.003673,0.6000,+0
1.8673,descent,2.4533,49.3945,43.5059,-8.2440,-13.7400,0.029649,0.038613,0.081333,0.003667,0.6000,+0
1.8685,descent,2.4533,49.3066,43.5059,-8.2440,-13.7400,0.029828,0.038609,0.081333,0.003667,0.6000,+0
1.8696,descent,2.4533,49.3066,43.5059,-8.2440,-12.3660,0.029828,0.038554,0.081330,0.003670,0.6000,+0
1.8707,descent,2.4533,49.3066,43.5059,-8.2440,-12.3660,0.029828,0.038554,0.081330,0.003670,0.6000,+0
1.8718,descent,2.4533,49.3066,43.5059,-8.2440,-12.3660,0.029828,0.038554,0.081322,0.003678,0.6000,+0
1.8729,descent,2.4533,49.3066,43.5059,-8.2440,-10.9920,0.029828,0.038500,0.081322,0.003678,0.6000,+0
1.8740,descent,2.4533,49.3066,43.5059,-8.2440,-10.9920,0.029828,0.038500,0.081321,0.003679,0.6000,+0
1.8751,descent,2.4533,49.3066,43.5059,-8.2440,-9.6180,0.029828,0.038445,0.081335,0.003665,0.6000,+0
1.8762,descent,2.4533,49.3066,43.5059,-8.2440,-9.6180,0.029828,0.038445,0.081335,0.003665,0.6000,+0
1.8773,descent,2.4533,49.2188,43.5059,-8.2440,-9.6180,0.030007,0.038441,0.081320,0.003680,0.6000,+0
1.8785,descent,2.4533,49.2188,43.5059,-8.2440,-8.2440,0.030007,0.038386,0.081320,0.003680,0.6000,+0
1.8796,descent,2.4533,49.2188,43.5059,-8.2440,-8.2440,0.030007,0.038386,0.081297,0.003703,0.6000,+0
1.8807,descent,2.4533,49.2188,43.5059,-8.2440,-6.8700,0.030007,0.038332,0.081297,0.003703,0.6000,+0
1.8818,descent,2.4533,49.2188,43.5059,-8.2440,-6.8700,0.030007,0.038332,0.081311,0.003689,0.6000,+0
1.8829,descent,2.4533,49.2188,43.5059,-8.2440,-6.8700,0.030007,0.038332,0.081311,0.003689,0.6000,+0
1.8840,descent,2.4533,49.2188,43.5059,-8.2440,-5.4960,0.030007,0.038285,0.081311,0.003689,0.6000,+0
1.8851,descent,2.4533,49.2188,43.5059,-8.2440,-5.4960,0.030007,0.038285,0.081303,0.003697,0.6000,+0
1.8862,descent,2.4533,49.2188,43.5059,-8.2440,-4.1220,0.030007,0.038859,0.081303,0.003697,0.6000,+0
1.8873,descent,2.4533,49.1309,43.5059,-8.2440,-4.1220,0.030186,0.038854,0.081290,0.003710,0.6000,+0
1.8887,descent,2.4533,49.1309,43.5059,-8.2440,-4.1220,0.030186,0.038854,0.081290,0.003710,0.6000,+0
1.8897,descent,2.4533,49.1309,43.5059,-8.2440,-4.1220,0.030186,0.038854,0.081286,0.003714,0.6000,+0
1.8908,descent,2.4533,49.1309,43.5059,-8.2440,-4.1220,0.030186,0.038854,0.081286,0.003714,0.6000,+0
1.8920,descent,2.4533,49.1309,43.5059,-8.2440,-2.7480,0.030186,0.053688,0.081283,0.003717,0.6000,+0
1.8930,descent,2.4533,49.1309,43.5059,-8.2440,-2.7480,0.030186,0.053688,0.081283,0.003717,0.6000,+0
1.8944,descent,2.4533,49.1309,43.5059,-8.2440,-2.7480,0.030186,0.053688,0.081274,0.003726,0.6000,+0
1.8951,descent,2.4533,49.1309,43.5059,-8.2440,-2.7480,0.030186,0.053688,0.081271,0.003729,0.6000,+0
1.8962,descent,2.4533,49.0430,43.5059,-8.2440,-2.7480,0.030365,0.053684,0.081271,0.003729,0.6000,+0
1.8973,descent,2.4533,49.0430,43.5059,-8.2440,-1.3740,0.030365,0.143671,0.081272,0.003728,0.6000,+0
1.8985,descent,2.4533,49.0430,43.5059,-8.2440,-1.3740,0.030365,0.143671,0.081272,0.003728,0.6000,+0
1.8996,descent,2.4533,49.0430,43.5059,-9.6180,-1.3740,0.030380,0.143671,0.081246,0.003754,0.6000,+0
1.9007,descent,2.4533,49.0430,43.5059,-8.2440,-1.3740,0.030365,0.143671,0.081246,0.003754,0.6000,+0
1.9018,descent,2.4533,49.0430,43.5059,-8.2440,0.0000,0.030365,0.238050,0.081280,0.003720,0.6000,+0
1.9029,descent,2.4533,49.0430,43.5059,-8.2440,0.0000,0.030365,0.238050,0.081280,0.003720,0.6000,+0
1.9041,descent,2.4533,49.0430,43.5059,-8.2440,0.0000,0.030365,0.238050,0.081252,0.003748,0.6000,+0
1.9051,descent,2.4533,49.0430,43.5059,-8.2440,0.0000,0.030365,0.238050,0.081249,0.003751,0.6000,+0
1.9062,descent,2.4533,48.9551,43.5059,-8.2440,0.0000,0.030544,0.238046,0.081249,0.003751,0.6000,+0
1.9073,descent,2.4533,48.9551,43.5059,-8.2440,0.0000,0.030544,0.238046,0.081250,0.003750,0.6000,+0
1.9088,descent,2.4533,48.9551,43.5059,-9.6180,0.0000,0.030559,0.238046,0.081250,0.003750,0.6000,+0
1.9096,descent,2.4533,48.9551,43.5937,-8.2440,1.3740,0.030549,0.142871,0.081259,0.003741,0.6000,+0
1.9107,descent,2.4533,48.9551,43.5937,-8.2440,1.3740,0.030549,0.142871,0.081259,0.003741,0.6000,+0
1.9120,descent,2.4533,48.9551,43.5937,-8.2440,1.3740,0.030549,0.142871,0.081236,0.003764,0.6000,+0
1.9130,descent,2.4533,48.9551,43.5937,-8.2440,1.3740,0.030549,0.142871,0.081236,0.003764,0.6000,+0
1.9144,descent,2.4533,48.9551,43.7695,-8.2440,2.7480,0.030558,0.051401,0.081236,0.003764,0.6000,+0
1.9151,descent,2.4533,48.9551,43.8574,-8.2440,4.1220,0.030563,0.035771,0.081220,0.003780,0.6000,+0
1.9164,descent,2.4533,48.9551,43.9453,-8.2440,5.4960,0.030568,0.034401,0.081220,0.003780,0.6000,+0
1.9174,descent,2.4533,48.9551,43.9453,-8.2440,5.4960,0.030568,0.034401,0.081235,0.003765,0.6000,+0
1.9185,descent,2.4533,48.9551,44.0332,-8.2440,6.8700,0.030572,0.033653,0.081235,0.003765,0.6000,+0
1.9197,descent,2.4533,48.8672,44.1211,-8.2440,8.2440,0.030756,0.032907,0.081237,0.003763,0.6000,+0
1.9207,descent,2.4533,48.8672,44.1211,-8.2440,9.6180,0.030756,0.032852,0.081237,0.003763,0.6000,+0
1.9218,descent,2.4533,48.8672,44.2090,-8.2440,10.9920,0.030761,0.032111,0.081219,0.003781,0.6000,+0
1.9229,descent,2.4533,48.8672,44.2969,-8.2440,13.7400,0.030765,0.031315,0.081219,0.003781,0.6000,+0
1.9240,descent,2.4533,48.8672,44.4727,-8.2440,16.4880,0.030775,0.029833,0.081215,0.003785,0.6000,+0
1.9251,descent,2.4533,48.8672,44.5605,-8.2440,19.2360,0.030780,0.029037,0.081206,0.003794,0.6000,+0
1.9262,descent,2.4533,48.8672,44.6484,-8.2440,20.6100,0.030784,0.028296,0.081206,0.003794,0.6000,+0
1.9273,descent,2.4533,48.8672,44.7363,-8.2440,23.3580,0.030789,0.027500,0.081209,0.003791,0.6000,+0
1.9285,descent,2.4533,48.8672,44.8242,-6.8700,26.1060,0.030779,0.026705,0.081209,0.003791,0.6000,+0
1.9296,descent,2.4533,48.8672,44.8242,-6.8700,27.4800,0.030779,0.026650,0.081198,0.003802,0.6000,+0
1.9307,descent,2.4533,48.8672,44.9121,-6.8700,30.2280,0.030784,0.025855,0.081198,0.003802,0.6000,+0
1.9318,descent,2.4533,48.8672,45.0000,-6.8700,31.6020,0.030789,0.025114,0.081192,0.003808,0.6000,+0
1.9329,descent,2.4533,48.8672,45.1758,-5.4960,34.3500,0.030791,0.023631,0.081192,0.003808,0.6000,+0
1.9340,descent,2.4533,48.8672,45.2637,-5.4960,38.4720,0.030796,0.022781,0.081188,0.003812,0.6000,+0
1.9351,descent,2.4533,48.7793,45.2637,-5.4960,39.8460,0.030975,0.022722,0.081169,0.003831,0.6000,+0
1.9362,descent,2.4533,48.8672,45.3516,-5.4960,41.2200,0.030801,0.021986,0.081169,0.003831,0.6000,+0
1.9373,descent,2.4533,48.7793,45.3516,-5.4960,43.9680,0.030980,0.021872,0.081167,0.003833,0.6000,+0
1.9385,descent,2.4533,48.7793,45.4395,-5.4960,45.3420,0.030984,0.021131,0.081167,0.003833,0.6000,+0
1.9396,descent,2.4533,48.7793,45.4395,-5.4960,46.7160,0.030984,0.021076,0.081176,0.003824,0.6000,+0
1.9423,descent,2.4533,48.7793,45.4395,-5.4960,48.0900,0.030984,0.021022,0.081170,0.003830,0.6000,+0
1.9429,descent,2.4533,48.7793,45.5273,-5.4960,50.8380,0.030989,0.020226,0.081170,0.003830,0.6000,+0
1.9444,descent,2.4533,48.7793,45.5273,-5.4960,52.2120,0.030989,0.020172,0.081173,0.003827,0.6000,+0
1.9452,descent,2.4533,48.7793,45.5273,-5.4960,52.2120,0.030989,0.020172,0.081176,0.003824,0.6000,+0
1.9464,descent,2.4533,48.7793,45.5273,-5.4960,52.2120,0.030989,0.020172,0.081176,0.003824,0.6000,+0
1.9474,descent,2.4533,48.7793,45.5273,-5.4960,52.2120,0.030989,0.020172,0.081166,0.003834,0.6000,+0
1.9485,descent,2.4533,48.7793,45.5273,-5.4960,50.8380,0.030989,0.020226,0.081166,0.003834,0.6000,+0
1.9496,descent,2.4533,48.7793,45.5273,-5.4960,50.8380,0.030989,0.020226,0.081164,0.003836,0.6000,+0
1.9507,descent,2.4533,48.7793,45.5273,-5.4960,49.4640,0.030989,0.020281,0.081164,0.003836,0.6000,+0
1.9520,descent,2.4533,48.7793,45.5273,-4.1220,48.0900,0.031603,0.020335,0.081158,0.003842,0.6000,+0
1.9530,descent,2.4533,48.7793,45.5273,-4.1220,48.0900,0.031603,0.020335,0.081160,0.003840,0.6000,+0
1.9540,descent,2.4461,48.7793,45.5273,-4.1220,45.3420,0.031603,0.020444,0.081160,0.003840,0.6000,+0
1.9551,descent,2.4461,48.7793,45.5273,-2.7480,43.9680,0.046477,0.020498,0.081144,0.003856,0.6000,+0
1.9562,descent,2.4461,48.7793,45.5273,-2.7480,41.2200,0.046477,0.020607,0.081144,0.003856,0.6000,+0
1.9573,descent,2.4461,48.7793,45.4395,-2.7480,39.8460,0.046473,0.021349,0.081133,0.003867,0.6000,+0
1.9584,descent,2.4461,48.7793,45.4395,-2.7480,37.0980,0.046473,0.021457,0.081133,0.003867,0.6000,+0
1.9596,descent,2.4461,48.7793,45.4395,-2.7480,34.3500,0.046473,0.021566,0.081143,0.003857,0.6000,+0
1.9607,descent,2.4461,48.7793,45.4395,-2.7480,31.6020,0.046473,0.021675,0.081143,0.003857,0.6000,+0
1.9618,descent,2.4461,48.7793,45.4395,-2.7480,30.2280,0.046473,0.021729,0.081139,0.003861,0.6000,+0
1.9631,descent,2.4461,48.7793,45.4395,-2.7480,27.4800,0.046473,0.021838,0.081136,0.003864,0.6000,+0
1.9641,descent,2.4461,48.7793,45.3516,-2.7480,21.9840,0.046468,0.022743,0.081136,0.003864,0.6000,+0
1.9654,descent,2.4461,48.7793,45.3516,-2.7480,19.2360,0.046468,0.022852,0.081134,0.003866,0.6000,+0
1.9663,descent,2.4461,48.7793,45.2637,-2.7480,16.4880,0.046463,0.023647,0.081134,0.003866,0.6000,+0
1.9675,descent,2.4461,48.7793,45.2637,-1.3740,15.1140,0.136491,0.023702,0.081125,0.003875,0.6000,+0
1.9685,descent,2.4461,48.7793,45.2637,-1.3740,12.3660,0.136491,0.023810,0.081125,0.003875,0.6000,+0
1.9696,descent,2.4461,48.6914,45.2637,-1.3740,9.6180,0.136670,0.023915,0.081123,0.003877,0.6000,+0
1.9707,descent,2.4461,48.7793,45.1758,-1.3740,6.8700,0.136486,0.024715,0.081123,0.003877,0.6000,+0
1.9718,descent,2.4461,48.7793,45.1758,-1.3740,5.4960,0.136486,0.024777,0.081116,0.003884,0.6000,+0
1.9729,descent,2.4461,48.7793,45.1758,-1.3740,2.7480,0.136486,0.040402,0.081116,0.003884,0.6000,+0
1.9743,descent,2.4461,48.7793,45.0000,0.0000,-1.3740,0.230896,0.131981,0.081128,0.003872,0.6000,+0
1.9751,descent,2.4461,48.7793,45.0000,0.0000,-2.7480,0.230896,0.041994,0.081093,0.003907,0.6000,+0
1.9763,descent,2.4461,48.7793,44.9121,0.0000,-4.1220,0.230891,0.027847,0.081093,0.003907,0.6000,+0
1.9774,descent,2.4461,48.7793,44.9121,0.0000,-6.8700,0.230891,0.027319,0.081092,0.003908,0.6000,+0
1.9785,descent,2.4461,48.7793,44.8242,0.0000,-8.2440,0.230887,0.028061,0.081092,0.003908,0.6000,+0
1.9796,descent,2.4461,48.7793,44.8242,0.0000,-9.6180,0.230887,0.028115,0.081085,0.003915,0.6000,+0
1.9807,descent,2.4461,48.7793,44.8242,0.0000,-10.9920,0.230887,0.028170,0.081085,0.003915,0.6000,+0
1.9818,descent,2.4461,48.7793,44.8242,0.0000,-12.3660,0.230887,0.028224,0.081091,0.003909,0.6000,+0
1.9829,descent,2.4461,48.7793,44.7363,0.0000,-13.7400,0.230882,0.028965,0.081091,0.003909,0.6000,+0
1.9841,descent,2.4461,48.8672,44.6484,1.3740,-16.4880,0.136250,0.029765,0.081086,0.003914,0.6000,+0
1.9851,descent,2.4461,48.8672,44.6484,1.3740,-17.8620,0.136250,0.029820,0.081085,0.003915,0.6000,+0
1.9863,descent,2.4461,48.9551,44.5605,1.3740,-19.2360,0.136067,0.030566,0.081085,0.003915,0.6000,+0
1.9874,descent,2.4461,49.0430,44.5605,2.7480,-20.6100,0.045831,0.030625,0.081077,0.003923,0.6000,+0
1.9885,descent,2.4461,49.0430,44.4727,4.1220,-21.9840,0.030924,0.031366,0.081077,0.003923,0.6000,+0
1.9896,descent,2.4461,49.1309,44.4727,5.4960,-21.9840,0.030102,0.031371,0.081085,0.003915,0.6000,+0
1.9907,descent,2.4461,49.2188,44.4727,6.8700,-23.3580,0.029901,0.031430,0.081085,0.003915,0.6000,+0
1.9918,descent,2.4461,49.3066,44.3848,8.2440,-23.3580,0.029703,0.032121,0.081065,0.003935,0.6000,+0
1.9929,descent,2.4461,49.3945,44.3848,9.6180,-24.7320,0.029510,0.032181,0.081065,0.003935,0.6000,+0
1.9944,descent,2.4461,49.6582,44.2969,13.7400,-26.1060,0.028925,0.032936,0.081065,0.003935,0.6000,+0
1.9951,descent,2.4461,49.7461,44.2969,16.4880,-26.1060,0.028718,0.032941,0.081060,0.003940,0.6000,+0
1.9964,descent,2.4461,49.8340,44.2969,19.2360,-27.4800,0.028510,0.033000,0.081060,0.003940,0.6000,+0
1.9974,descent,2.4461,49.9219,44.2090,21.9840,-27.4800,0.028298,0.033691,0.081069,0.003931,0.6000,+0
1.9985,descent,2.4461,50.0977,44.2090,24.7320,-28.8540,0.027911,0.033755,0.081069,0.003931,0.6000,+0
1.9996,descent,2.4461,50.1855,44.2090,27.4800,-28.8540,0.027704,0.033760,0.081069,0.003931,0.6000,+0
2.0007,descent,2.4461,50.2734,44.1211,30.2280,-28.8540,0.027491,0.034451,0.081069,0.003931,0.6000,+0
2.0018,descent,2.4461,50.4492,44.1211,34.3500,-28.8540,0.027091,0.034461,0.081065,0.003935,0.6000,+0
2.0029,descent,2.4461,50.5371,44.1211,37.0980,-28.8540,0.026883,0.034465,0.081065,0.003935,0.6000,+0
2.0044,descent,2.4461,50.8008,44.0332,43.9680,-30.2280,0.026270,0.035221,0.081053,0.003947,0.6000,+0
2.0051,descent,2.4461,50.8887,44.0332,48.0900,-30.2280,0.026048,0.035225,0.081052,0.003948,0.6000,+0
2.0064,descent,2.4461,50.9766,43.9453,50.8380,-30.2280,0.025836,0.035917,0.081052,0.003948,0.6000,+0
2.0074,descent,2.4461,51.0645,43.9453,53.5860,-30.2280,0.025628,0.035922,0.081048,0.003952,0.6000,+0
2.0085,descent,2.4461,51.1523,43.9453,56.3340,-30.2280,0.025421,0.035926,0.081048,0.003952,0.6000,+0
2.0096,descent,2.4461,51.2402,43.9453,60.4560,-30.2280,0.025199,0.035931,0.081049,0.003951,0.6000,+0
2.0107,descent,2.4461,51.3281,43.8574,63.2040,-30.2280,0.024986,0.036623,0.081049,0.003951,0.6000,+0
2.0118,descent,2.4461,51.4160,43.8574,65.9520,-30.2280,0.024779,0.036627,0.081032,0.003968,0.6000,+0
2.0129,descent,2.4461,51.5039,43.8574,68.7000,-30.2280,0.024571,0.036632,0.081032,0.003968,0.6000,+0
2.0143,descent,2.4461,51.6797,43.7695,74.1960,-30.2280,0.024151,0.037328,0.081037,0.003963,0.6000,+0
2.0151,descent,2.4461,51.7676,43.7695,76.9440,-30.2280,0.023944,0.037333,0.081028,0.003972,0.6000,+0
2.0163,descent,2.4461,51.8555,43.7695,79.6920,-28.8540,0.023736,0.037283,0.081028,0.003972,0.6000,+0
2.0174,descent,2.4461,51.9434,43.5937,82.4400,-28.8540,0.023519,0.038662,0.081030,0.003970,0.6000,+0
2.0185,descent,2.4461,51.9434,43.5937,83.8140,-28.8540,0.023505,0.038662,0.081030,0.003970,0.6000,+0
2.0196,descent,2.4461,52.0312,43.5937,85.1880,-28.8540,0.023312,0.038666,0.081025,0.003975,0.6000,+0
2.0207,descent,2.4461,52.1191,43.5937,86.5620,-27.4800,0.023119,0.038617,0.081025,0.003975,0.6000,+0
2.0218,descent,2.4461,52.2070,43.5059,89.3100,-27.4800,0.022906,0.039308,0.081020,0.003980,0.6000,+0
2.0230,descent,2.4461,52.2949,43.5059,89.3100,-27.4800,0.022727,0.039313,0.081027,0.003973,0.6000,+0
2.0241,descent,2.4461,52.3828,43.5059,90.6840,-26.1060,0.022534,0.039263,0.081027,0.003973,0.6000,+0
2.0254,descent,2.4461,52.4707,43.4180,92.0580,-26.1060,0.022336,0.039955,0.081011,0.003989,0.6000,+0
2.0263,descent,2.4461,52.4707,43.4180,90.6840,-26.1060,0.022351,0.039955,0.081011,0.003989,0.6000,+0
2.0275,descent,2.4461,52.5586,43.4180,90.6840,-26.1060,0.022172,0.039959,0.081012,0.003988,0.6000,+0
2.0285,descent,2.4461,52.5586,43.4180,89.3100,-26.1060,0.022186,0.039959,0.081012,0.003988,0.6000,+0
2.0296,descent,2.4461,52.5586,43.4180,89.3100,-24.7320,0.022186,0.039905,0.081015,0.003985,0.6000,+0
2.0307,descent,2.4461,52.6465,43.3301,87.9360,-24.7320,0.022017,0.040596,0.081015,0.003985,0.6000,+0
2.0318,descent,2.4461,52.6465,43.3301,86.5620,-24.7320,0.022031,0.040596,0.081022,0.003978,0.6000,+0
2.0331,descent,2.4461,52.7344,43.3301,85.1880,-24.7320,0.021866,0.040601,0.081006,0.003994,0.6000,+0
2.0341,descent,2.4461,52.7344,43.3301,81.0660,-23.3580,0.021909,0.040547,0.081006,0.003994,0.6000,+0
2.0354,descent,2.4461,52.8223,43.3301,78.3180,-23.3580,0.021759,0.040551,0.081013,0.003987,0.6000,+0
2.0363,descent,2.4461,52.8223,43.3301,76.9440,-21.9840,0.021773,0.040497,0.081013,0.003987,0.6000,+0
2.0375,descent,2.4461,52.8223,43.3301,74.1960,-21.9840,0.021802,0.040497,0.081010,0.003990,0.6000,+0
2.0385,descent,2.4461,52.8223,43.3301,71.4480,-20.6100,0.021831,0.040443,0.081010,0.003990,0.6000,+0
2.0396,descent,2.4461,52.9102,43.3301,70.0740,-20.6100,0.021666,0.040447,0.080994,0.004006,0.6000,+0
2.0407,descent,2.4461,52.9102,43.3301,70.0740,-20.6100,0.021666,0.040447,0.080994,0.004006,0.6000,+0
2.0420,descent,2.4461,52.9102,43.3301,67.3260,-19.2360,0.021695,0.040393,0.080985,0.004015,0.6000,+0
2.0430,descent,2.4461,52.9102,43.3301,63.2040,-17.8620,0.021738,0.040338,0.080985,0.004015,0.6000,+0
2.0441,descent,2.4981,52.9102,43.3301,60.4560,-17.8620,0.021766,0.040338,0.080978,0.004022,0.6000,+0
2.0454,descent,2.4981,52.9102,43.3301,56.3340,-15.1140,0.021809,0.040230,0.080964,0.004036,0.6000,+0
2.0463,descent,2.4981,52.9102,43.3301,53.5860,-15.1140,0.021838,0.040230,0.080964,0.004036,0.6000,+0
2.0475,descent,2.4981,52.9102,43.3301,50.8380,-13.7400,0.021866,0.040175,0.080971,0.004029,0.6000,+0
2.0485,descent,2.4981,52.8223,43.3301,48.0900,-13.7400,0.022074,0.040170,0.080971,0.004029,0.6000,+0
2.0496,descent,2.4981,52.8223,43.3301,45.3420,-12.3660,0.022103,0.040116,0.080970,0.004030,0.6000,+0
2.0507,descent,2.4981,52.8223,43.3301,42.5940,-12.3660,0.022131,0.040116,0.080970,0.004030,0.6000,+0
2.0519,descent,2.4981,52.8223,43.3301,39.8460,-10.9920,0.022160,0.040062,0.080965,0.004035,0.6000,+0
2.0531,descent,2.4981,52.8223,43.3301,37.0980,-10.9920,0.022188,0.040062,0.080960,0.004040,0.6000,+0
2.0541,descent,2.4981,52.8223,43.3301,32.9760,-9.6180,0.022231,0.040007,0.080960,0.004040,0.6000,+0
2.0554,descent,2.4981,52.8223,43.3301,30.2280,-8.2440,0.022260,0.039953,0.080949,0.004051,0.6000,+0
2.0563,descent,2.4981,52.7344,43.3301,27.4800,-8.2440,0.022468,0.039948,0.080949,0.004051,0.6000,+0
2.0575,descent,2.4981,52.7344,43.3301,24.7320,-6.8700,0.022496,0.039894,0.080936,0.004064,0.6000,+0
2.0585,descent,2.4981,52.7344,43.3301,21.9840,-6.8700,0.022525,0.039894,0.080936,0.004064,0.6000,+0
2.0596,descent,2.4981,52.7344,43.3301,20.6100,-5.4960,0.022539,0.039846,0.080938,0.004062,0.6000,+0
2.0607,descent,2.4981,52.7344,43.3301,17.8620,-5.4960,0.022568,0.039846,0.080938,0.004062,0.6000,+0
2.0620,descent,2.4981,52.6465,43.3301,16.4880,-4.1220,0.022761,0.040416,0.080921,0.004079,0.6000,+0
2.0630,descent,2.4981,52.6465,43.3301,13.7400,-4.1220,0.022790,0.040416,0.080921,0.004079,0.6000,+0
2.0643,descent,2.4981,52.5586,43.3301,9.6180,-2.7480,0.023011,0.055245,0.080926,0.004074,0.6000,+0
2.0652,descent,2.4981,52.5586,43.3301,6.8700,-2.7480,0.023040,0.055245,0.080932,0.004068,0.6000,+0
2.0664,descent,2.4981,52.5586,43.3301,5.4960,-1.3740,0.023062,0.145233,0.080932,0.004068,0.6000,+0
2.0674,descent,2.4981,52.5586,43.3301,4.1220,-1.3740,0.023705,0.145233,0.080922,0.004078,0.6000,+0
2.0685,descent,2.4981,52.5586,43.3301,1.3740,-1.3740,0.128664,0.145233,0.080922,0.004078,0.6000,+0
2.0696,descent,2.4981,52.4707,43.3301,0.0000,-1.3740,0.223290,0.145228,0.080916,0.004084,0.6000,+0
2.0707,descent,2.4981,52.4707,43.3301,-1.3740,0.0000,0.128871,0.239607,0.080916,0.004084,0.6000,+0
2.0721,descent,2.4981,52.4707,43.3301,-2.7480,0.0000,0.038843,0.239607,0.080917,0.004083,0.6000,+0
2.0730,descent,2.4981,52.3828,43.3301,-5.4960,0.0000,0.023534,0.239603,0.080917,0.004083,0.6000,+0
2.0744,descent,2.4981,52.3828,43.3301,-8.2440,0.0000,0.023555,0.239603,0.080906,0.004094,0.6000,+0
2.0751,descent,2.4981,52.2949,43.3301,-9.6180,0.0000,0.023748,0.239598,0.080893,0.004107,0.6000,+0
2.0764,descent,2.4981,52.2949,43.3301,-10.9920,0.0000,0.023763,0.239598,0.080893,0.004107,0.6000,+0
2.0774,descent,2.4981,52.2949,43.3301,-12.3660,0.0000,0.023777,0.239598,0.080904,0.004096,0.6000,+0
2.0785,descent,2.4981,52.2070,43.3301,-13.7400,0.0000,0.023970,0.239593,0.080904,0.004096,0.6000,+0
2.0796,descent,2.4981,52.2070,43.3301,-15.1140,0.0000,0.023985,0.239593,0.080895,0.004105,0.6000,+0
2.0807,descent,2.4981,52.2070,43.3301,-15.1140,0.0000,0.023985,0.239593,0.080895,0.004105,0.6000,+0
2.0821,descent,2.4981,52.2070,43.4180,-15.1140,1.3740,0.023989,0.144418,0.080890,0.004110,0.6000,+0
2.0830,descent,2.4981,52.1191,43.4180,-16.4880,1.3740,0.024182,0.144414,0.080890,0.004110,0.6000,+0
2.0844,descent,2.4981,52.1191,43.5059,-17.8620,2.7480,0.024202,0.053630,0.080886,0.004114,0.6000,+0
2.0852,descent,2.4981,52.1191,43.5937,-17.8620,4.1220,0.024206,0.038001,0.080899,0.004101,0.6000,+0
2.0865,descent,2.4981,52.1191,43.7695,-19.2360,4.1220,0.024230,0.036627,0.080899,0.004101,0.6000,+0
2.0874,descent,2.4981,52.1191,43.7695,-19.2360,5.4960,0.024230,0.035944,0.080879,0.004121,0.6000,+0
2.0886,descent,2.4981,52.1191,43.8574,-19.2360,6.8700,0.024235,0.035196,0.080879,0.004121,0.6000,+0
2.0896,descent,2.4981,52.1191,44.0332,-19.2360,8.2440,0.024244,0.033768,0.080871,0.004129,0.6000,+0
2.0907,descent,2.4981,52.0312,44.1211,-19.2360,10.9920,0.024428,0.032968,0.080871,0.004129,0.6000,+0
2.0921,descent,2.4981,52.0312,44.1211,-19.2360,12.3660,0.024428,0.032913,0.080878,0.004122,0.6000,+0
2.0930,descent,2.4981,52.0312,44.2969,-19.2360,15.1140,0.024437,0.031431,0.080878,0.004122,0.6000,+0
2.0943,descent,2.4981,52.0312,44.4727,-19.2360,19.2360,0.024447,0.029894,0.080888,0.004112,0.6000,+0
2.0951,descent,2.4981,52.0312,44.5605,-19.2360,21.9840,0.024452,0.029099,0.080863,0.004137,0.6000,+0
2.0964,descent,2.4981,52.0312,44.7363,-19.2360,24.7320,0.024461,0.027616,0.080863,0.004137,0.6000,+0
2.0974,descent,2.4981,52.0312,44.8242,-17.8620,27.4800,0.024452,0.026821,0.080866,0.004134,0.6000,+0
2.0985,descent,2.4981,51.9434,44.9121,-17.8620,30.2280,0.024635,0.026021,0.080866,0.004134,0.6000,+0
2.0996,descent,2.4981,51.9434,45.0000,-17.8620,32.9760,0.024640,0.025225,0.080863,0.004137,0.6000,+0
2.1007,descent,2.4981,51.9434,45.1758,-17.8620,37.0980,0.024650,0.023688,0.080863,0.004137,0.6000,+0
2.1021,descent,2.4981,51.9434,45.2637,-17.8620,39.8460,0.024654,0.022893,0.080874,0.004126,0.6000,+0
2.1030,descent,2.4981,51.9434,45.3516,-17.8620,42.5940,0.024659,0.022097,0.080874,0.004126,0.6000,+0
2.1044,descent,2.4981,51.9434,45.5273,-16.4880,48.0900,0.024654,0.020506,0.080849,0.004151,0.6000,+0
2.1051,descent,2.4981,51.9434,45.6152,-16.4880,50.8380,0.024659,0.019711,0.080849,0.004151,0.6000,+0
2.1065,descent,2.4981,51.8555,45.7031,-16.4880,53.5860,0.024843,0.018911,0.080849,0.004151,0.6000,+0
2.1074,descent,2.4981,51.8555,45.7031,-15.1140,54.9600,0.024828,0.018856,0.080847,0.004153,0.6000,+0
2.1085,descent,2.4981,51.8555,45.7910,-15.1140,57.7080,0.024833,0.018061,0.080847,0.004153,0.6000,+0
2.1096,descent,2.4981,51.8555,45.8789,-15.1140,60.4560,0.024838,0.017265,0.080833,0.004167,0.6000,+0
2.1107,descent,2.4981,51.8555,45.8789,-13.7400,63.2040,0.024824,0.017156,0.080833,0.004167,0.6000,+0
2.1120,descent,2.4981,51.7676,45.9668,-13.7400,64.5780,0.025007,0.016410,0.080827,0.004173,0.6000,+0
2.1130,descent,2.4981,51.7676,46.0547,-13.7400,67.3260,0.025012,0.015615,0.080827,0.004173,0.6000,+0
2.1143,descent,2.4981,51.7676,46.0547,-13.7400,70.0740,0.025012,0.015506,0.080837,0.004163,0.6000,+0
2.1151,descent,2.4981,51.6797,46.0547,-13.7400,70.0740,0.025191,0.015501,0.080833,0.004167,0.6000,+0
2.1163,descent,2.4981,51.6797,46.0547,-13.7400,71.4480,0.025191,0.015447,0.080833,0.004167,0.6000,+0
2.1174,descent,2.4981,51.6797,46.1426,-13.7400,71.4480,0.025196,0.014760,0.080831,0.004169,0.6000,+0
2.1185,descent,2.4981,51.6797,46.1426,-13.7400,71.4480,0.025196,0.014760,0.080831,0.004169,0.6000,+0
2.1196,descent,2.4981,51.5918,46.1426,-13.7400,71.4480,0.025375,0.014755,0.080824,0.004176,0.6000,+0
2.1207,descent,2.4981,51.5918,46.1426,-13.7400,71.4480,0.025375,0.014755,0.080824,0.004176,0.6000,+0
2.1220,descent,2.4981,51.5918,46.1426,-13.7400,70.0740,0.025375,0.014810,0.080809,0.004191,0.6000,+0
2.1230,descent,2.4981,51.5918,46.1426,-13.7400,68.7000,0.025375,0.014864,0.080809,0.004191,0.6000,+0
2.1243,descent,2.4981,51.5039,46.1426,-13.7400,65.9520,0.025554,0.014968,0.080805,0.004195,0.6000,+0
2.1251,descent,2.4981,51.5039,46.1426,-13.7400,64.5780,0.025554,0.015023,0.080790,0.004210,0.6000,+0
2.1264,descent,2.4981,51.5039,46.0547,-15.1140,61.8300,0.025563,0.015818,0.080790,0.004210,0.6000,+0
2.1274,descent,2.4981,51.4160,46.0547,-15.1140,59.0820,0.025742,0.015922,0.080793,0.004207,0.6000,+0
2.1285,descent,2.4981,51.4160,46.0547,-15.1140,56.3340,0.025742,0.016031,0.080793,0.004207,0.6000,+0
2.1296,descent,2.4981,51.4160,46.0547,-16.4880,53.5860,0.025756,0.016140,0.080803,0.004197,0.6000,+0
2.1307,descent,2.4981,51.3281,46.0547,-16.4880,50.8380,0.025935,0.016244,0.080803,0.004197,0.6000,+0
2.1320,descent,2.4981,51.3281,46.0547,-16.4880,48.0900,0.025935,0.016353,0.080791,0.004209,0.6000,+0
2.1330,descent,2.4981,51.3281,46.0547,-16.4880,45.3420,0.025935,0.016462,0.080791,0.004209,0.6000,+0
2.1341,descent,2.5793,51.3281,45.9668,-17.8620,41.2200,0.025945,0.017312,0.080783,0.004217,0.6000,+0
2.1353,descent,2.5793,51.2402,45.9668,-17.8620,35.7240,0.026124,0.017525,0.080784,0.004216,0.6000,+0
2.1363,descent,2.5793,51.2402,45.8789,-17.8620,31.6020,0.026119,0.018375,0.080784,0.004216,0.6000,+0
2.1375,descent,2.5793,51.2402,45.8789,-19.2360,28.8540,0.026133,0.018483,0.080773,0.004227,0.6000,+0
2.1385,descent,2.5793,51.2402,45.7910,-19.2360,24.7320,0.026128,0.019333,0.080773,0.004227,0.6000,+0
2.1396,descent,2.5793,51.1523,45.7910,-19.2360,21.9840,0.026307,0.019437,0.080767,0.004233,0.6000,+0
2.1407,descent,2.5793,51.1523,45.7910,-19.2360,19.2360,0.026307,0.019546,0.080767,0.004233,0.6000,+0
2.1420,descent,2.5793,51.1523,45.7031,-19.2360,15.1140,0.026303,0.020396,0.080763,0.004237,0.6000,+0
2.1430,descent,2.5793,51.0645,45.7031,-20.6100,12.3660,0.026496,0.020500,0.080763,0.004237,0.6000,+0
2.1443,descent,2.5793,50.9766,45.6152,-20.6100,5.4960,0.026670,0.021461,0.080746,0.004254,0.6000,+0
2.1451,descent,2.5793,50.9766,45.5273,-21.9840,2.7480,0.026679,0.037774,0.080753,0.004247,0.6000,+0
2.1464,descent,2.5793,50.9766,45.5273,-21.9840,0.0000,0.026679,0.222359,0.080753,0.004247,0.6000,+0
2.1474,descent,2.5793,50.9766,45.4395,-21.9840,-2.7480,0.026675,0.038678,0.080763,0.004237,0.6000,+0
2.1485,descent,2.5793,50.8887,45.4395,-21.9840,-5.4960,0.026854,0.023265,0.080763,0.004237,0.6000,+0
2.1496,descent,2.5793,50.8887,45.4395,-21.9840,-6.8700,0.026854,0.023313,0.080761,0.004239,0.6000,+0
2.1507,descent,2.5793,50.8008,45.3516,-23.3580,-9.6180,0.027042,0.024103,0.080761,0.004239,0.6000,+0
2.1520,descent,2.5793,50.8008,45.2637,-23.3580,-12.3660,0.027037,0.024899,0.080748,0.004252,0.6000,+0
2.1530,descent,2.5793,50.8008,45.2637,-23.3580,-15.1140,0.027037,0.025008,0.080748,0.004252,0.6000,+0
2.1543,descent,2.5793,50.7129,45.1758,-24.7320,-19.2360,0.027226,0.025853,0.080746,0.004254,0.6000,+0
2.1551,descent,2.5793,50.7129,45.0000,-24.7320,-20.6100,0.027216,0.027281,0.080748,0.004252,0.6000,+0
2.1563,descent,2.5793,50.6250,45.0000,-24.7320,-21.9840,0.027395,0.027331,0.080748,0.004252,0.6000,+0
2.1574,descent,2.5793,50.6250,44.9121,-24.7320,-24.7320,0.027391,0.028126,0.080736,0.004264,0.6000,+0
2.1585,descent,2.5793,50.6250,44.8242,-24.7320,-26.1060,0.027386,0.028867,0.080736,0.004264,0.6000,+0
2.1596,descent,2.5793,50.5371,44.8242,-26.1060,-27.4800,0.027579,0.028917,0.080738,0.004262,0.6000,+0
2.1607,descent,2.5793,50.5371,44.8242,-26.1060,-28.8540,0.027579,0.028971,0.080738,0.004262,0.6000,+0
2.1620,descent,2.5793,50.5371,44.7363,-26.1060,-30.2280,0.027574,0.029713,0.080736,0.004264,0.6000,+0
2.1630,descent,2.5793,50.4492,44.6484,-26.1060,-31.6020,0.027749,0.030449,0.080740,0.004260,0.6000,+0
2.1644,descent,2.5793,50.3613,44.5605,-26.1060,-34.3500,0.027923,0.031240,0.080740,0.004260,0.6000,+0
2.1652,descent,2.5793,50.3613,44.5605,-27.4800,-35.7240,0.027937,0.031294,0.080729,0.004271,0.6000,+0
2.1664,descent,2.5793,50.2734,44.4727,-27.4800,-35.7240,0.028111,0.031976,0.080729,0.004271,0.6000,+0
2.1674,descent,2.5793,50.2734,44.4727,-27.4800,-37.0980,0.028111,0.032031,0.080732,0.004268,0.6000,+0
2.1685,descent,2.5793,50.2734,44.3848,-28.8540,-38.4720,0.028121,0.032772,0.080732,0.004268,0.6000,+0
2.1696,descent,2.5793,50.1855,44.3848,-28.8540,-38.4720,0.028300,0.032767,0.080732,0.004268,0.6000,+0
2.1707,descent,2.5793,50.1855,44.2969,-28.8540,-39.8460,0.028295,0.033508,0.080732,0.004268,0.6000,+0
2.1720,descent,2.5793,50.1855,44.2969,-28.8540,-39.8460,0.028295,0.033508,0.080729,0.004271,0.6000,+0
2.1730,descent,2.5793,50.0977,44.2090,-30.2280,-41.2200,0.028484,0.034245,0.080723,0.004277,0.6000,+0
2.1744,descent,2.5793,50.0098,44.1211,-30.2280,-42.5940,0.028658,0.034981,0.080723,0.004277,0.6000,+0
2.1752,descent,2.5793,50.0098,44.1211,-30.2280,-42.5940,0.028658,0.034981,0.080718,0.004282,0.6000,+0
2.1764,descent,2.5793,49.9219,44.0332,-31.6020,-42.5940,0.028847,0.035663,0.080718,0.004282,0.6000,+0
2.1774,descent,2.5793,49.9219,44.0332,-31.6020,-42.5940,0.028847,0.035663,0.080710,0.004290,0.6000,+0
2.1785,descent,2.5793,49.8340,43.9453,-31.6020,-42.5940,0.029021,0.036346,0.080710,0.004290,0.6000,+0
2.1796,descent,2.5793,49.8340,43.9453,-31.6020,-42.5940,0.029021,0.036346,0.080699,0.004301,0.6000,+0
2.1807,descent,2.5793,49.8340,43.8574,-31.6020,-43.9680,0.029016,0.037087,0.080699,0.004301,0.6000,+0
2.1820,descent,2.5793,49.7461,43.8574,-32.9760,-43.9680,0.029209,0.037082,0.080705,0.004295,0.6000,+0
2.1830,descent,2.5793,49.7461,43.7695,-32.9760,-43.9680,0.029205,0.037769,0.080678,0.004322,0.6000,+0
2.1843,descent,2.5793,49.6582,43.7695,-32.9760,-43.9680,0.029384,0.037764,0.080678,0.004322,0.6000,+0
2.1852,descent,2.5793,49.5703,43.5937,-32.9760,-43.9680,0.029553,0.039133,0.080692,0.004308,0.6000,+0
2.1864,descent,2.5793,49.5703,43.5059,-34.3500,-43.9680,0.029563,0.039820,0.080692,0.004308,0.6000,+0
2.1874,descent,2.5793,49.4824,43.5059,-34.3500,-43.9680,0.029742,0.039815,0.080684,0.004316,0.6000,+0
2.1885,descent,2.5793,49.4824,43.5059,-34.3500,-43.9680,0.029742,0.039815,0.080684,0.004316,0.6000,+0
2.1896,descent,2.5793,49.3945,43.4180,-34.3500,-43.9680,0.029916,0.040497,0.080670,0.004330,0.6000,+0
2.1908,descent,2.5793,49.3945,43.4180,-35.7240,-43.9680,0.029931,0.040497,0.080670,0.004330,0.6000,+0
2.1921,descent,2.5793,49.3945,43.3301,-35.7240,-43.9680,0.029926,0.041184,0.080681,0.004319,0.6000,+0
2.1930,descent,2.5793,49.3945,43.3301,-35.7240,-43.9680,0.029926,0.041184,0.080696,0.004304,0.6000,+0
2.1940,descent,2.5793,49.3066,43.3301,-35.7240,-42.5940,0.030105,0.041125,0.080696,0.004304,0.6000,+0
2.1954,descent,2.5793,49.3066,43.2422,-35.7240,-42.5940,0.030100,0.041812,0.080673,0.004327,0.6000,+0
2.1963,descent,2.5793,49.2188,43.2422,-35.7240,-42.5940,0.030279,0.041807,0.080673,0.004327,0.6000,+0
2.1975,descent,2.5793,49.1309,43.1543,-35.7240,-41.2200,0.030454,0.042435,0.080665,0.004335,0.6000,+0
2.1985,descent,2.5793,49.1309,43.1543,-35.7240,-41.2200,0.030454,0.042435,0.080665,0.004335,0.6000,+0
2.1996,descent,2.5793,49.1309,43.1543,-35.7240,-39.8460,0.030454,0.042381,0.080673,0.004327,0.6000,+0
2.2007,descent,2.5793,49.0430,43.0664,-35.7240,-39.8460,0.030628,0.043063,0.080673,0.004327,0.6000,+0
2.2020,descent,2.5793,49.0430,43.0664,-35.7240,-39.8460,0.030628,0.043063,0.080671,0.004329,0.6000,+0
2.2030,descent,2.5793,48.9551,43.0664,-35.7240,-38.4720,0.030807,0.043004,0.080662,0.004338,0.6000,+0
2.2044,descent,2.5793,48.8672,42.9785,-37.0980,-38.4720,0.030996,0.043686,0.080662,0.004338,0.6000,+0
2.2052,descent,2.5793,48.8672,42.9785,-37.0980,-37.0980,0.030996,0.043632,0.080653,0.004347,0.6000,+0
2.2063,descent,2.5793,48.8672,42.8906,-37.0980,-37.0980,0.030991,0.044319,0.080653,0.004347,0.6000,+0
2.2074,descent,2.5793,48.7793,42.8906,-37.0980,-37.0980,0.031170,0.044314,0.080646,0.004354,0.6000,+0
2.2085,descent,2.5793,48.7793,42.8906,-35.7240,-35.7240,0.031156,0.044259,0.080646,0.004354,0.6000,+0
2.2096,descent,2.5793,48.7793,42.8906,-35.7240,-35.7240,0.031156,0.044259,0.080626,0.004374,0.6000,+0
2.2107,descent,2.5793,48.6914,42.8906,-35.7240,-34.3500,0.031335,0.044200,0.080626,0.004374,0.6000,+0
2.2120,descent,2.5793,48.6914,42.8027,-35.7240,-34.3500,0.031330,0.044887,0.080626,0.004374,0.6000,+0
2.2130,descent,2.5793,48.6035,42.8027,-35.7240,-34.3500,0.031509,0.044883,0.080626,0.004374,0.6000,+0
2.2144,descent,2.5793,48.5156,42.8027,-35.7240,-31.6020,0.031689,0.044769,0.080635,0.004365,0.6000,+0
2.2152,descent,2.5793,48.5156,42.8027,-35.7240,-31.6020,0.031689,0.044769,0.080651,0.004349,0.6000,+0
2.2164,descent,2.5793,48.4277,42.8027,-35.7240,-30.2280,0.031868,0.044710,0.080651,0.004349,0.6000,+0
2.2174,descent,2.5793,48.4277,42.7148,-35.7240,-30.2280,0.031863,0.045397,0.080632,0.004368,0.6000,+0
2.2185,descent,2.5793,48.3398,42.7148,-35.7240,-28.8540,0.032042,0.045338,0.080632,0.004368,0.6000,+0
2.2196,descent,2.5793,48.3398,42.7148,-35.7240,-28.8540,0.032042,0.045338,0.080629,0.004371,0.6000,+0
2.2207,descent,2.5793,48.3398,42.7148,-35.7240,-27.4800,0.032042,0.045284,0.080629,0.004371,0.6000,+0
2.2220,descent,2.5793,48.2520,42.7148,-35.7240,-27.4800,0.032221,0.045279,0.080617,0.004383,0.6000,+0
2.2230,descent,2.5793,48.2520,42.7148,-35.7240,-26.1060,0.032221,0.045225,0.080617,0.004383,0.6000,+0
2.2241,descent,2.6379,48.1641,42.7148,-35.7240,-23.3580,0.032400,0.045111,0.080617,0.004383,0.6000,+0
2.2254,descent,2.6379,48.1641,42.7148,-35.7240,-23.3580,0.032400,0.045111,0.080611,0.004389,0.6000,+0
2.2263,descent,2.6379,48.0762,42.7148,-35.7240,-21.9840,0.032579,0.045052,0.080611,0.004389,0.6000,+0
2.2275,descent,2.6379,48.0762,42.7148,-35.7240,-20.6100,0.032579,0.044998,0.080611,0.004389,0.6000,+0
2.2285,descent,2.6379,48.0762,42.7148,-35.7240,-20.6100,0.032579,0.044998,0.080611,0.004389,0.6000,+0
2.2296,descent,2.6379,47.9883,42.7148,-35.7240,-19.2360,0.032758,0.044939,0.080606,0.004394,0.6000,+0
2.2307,descent,2.6379,47.9004,42.7148,-35.7240,-17.8620,0.032938,0.044879,0.080606,0.004394,0.6000,+0
2.2320,descent,2.6379,47.9004,42.7148,-35.7240,-17.8620,0.032938,0.044879,0.080603,0.004397,0.6000,+0
2.2330,descent,2.6379,47.9004,42.7148,-35.7240,-16.4880,0.032938,0.044825,0.080603,0.004397,0.6000,+0
2.2344,descent,2.6379,47.8125,42.7148,-35.7240,-15.1140,0.033117,0.044766,0.080614,0.004386,0.6000,+0
2.2351,descent,2.6379,47.7246,42.7148,-37.0980,-13.7400,0.033310,0.044707,0.080592,0.004408,0.6000,+0
2.2364,descent,2.6379,47.7246,42.7148,-35.7240,-12.3660,0.033296,0.044653,0.080592,0.004408,0.6000,+0
2.2374,descent,2.6379,47.7246,42.7148,-35.7240,-12.3660,0.033296,0.044653,0.080589,0.004411,0.6000,+0
2.2385,descent,2.6379,47.6367,42.7148,-35.7240,-10.9920,0.033475,0.044594,0.080589,0.004411,0.6000,+0
2.2396,descent,2.6379,47.6367,42.7148,-35.7240,-9.6180,0.033475,0.044539,0.080589,0.004411,0.6000,+0
2.2407,descent,2.6379,47.6367,42.7148,-35.7240,-9.6180,0.033475,0.044539,0.080589,0.004411,0.6000,+0
2.2420,descent,2.6379,47.4609,42.7148,-35.7240,-8.2440,0.033833,0.044475,0.080566,0.004434,0.6000,+0
2.2430,descent,2.6379,47.4609,42.7148,-35.7240,-8.2440,0.033833,0.044475,0.080566,0.004434,0.6000,+0
2.2444,descent,2.6379,47.3730,42.7148,-35.7240,-6.8700,0.034012,0.044416,0.080587,0.004413,0.6000,+0
2.2452,descent,2.6379,47.3730,42.7148,-35.7240,-5.4960,0.034012,0.044369,0.080582,0.004418,0.6000,+0
2.2464,descent,2.6379,47.2852,42.7148,-35.7240,-5.4960,0.034191,0.044365,0.080582,0.004418,0.6000,+0
2.2474,descent,2.6379,47.2852,42.7148,-35.7240,-4.1220,0.034191,0.044939,0.080576,0.004424,0.6000,+0
2.2485,descent,2.6379,47.2852,42.7148,-35.7240,-4.1220,0.034191,0.044939,0.080576,0.004424,0.6000,+0
2.2496,descent,2.6379,47.1973,42.7148,-35.7240,-4.1220,0.034370,0.044934,0.080573,0.004427,0.6000,+0
2.2507,descent,2.6379,47.1973,42.7148,-34.3500,-2.7480,0.034356,0.059768,0.080573,0.004427,0.6000,+0
2.2520,descent,2.6379,47.1094,42.7148,-34.3500,-2.7480,0.034535,0.059764,0.080561,0.004439,0.6000,+0
2.2530,descent,2.6379,47.1094,42.7148,-34.3500,-1.3740,0.034535,0.149751,0.080561,0.004439,0.6000,+0
2.2544,descent,2.6379,47.0215,42.7148,-34.3500,-1.3740,0.034714,0.149747,0.080558,0.004442,0.6000,+0
2.2552,descent,2.6379,47.0215,42.7148,-34.3500,-1.3740,0.034714,0.149747,0.080550,0.004450,0.6000,+0
2.2564,descent,2.6379,47.0215,42.7148,-34.3500,-1.3740,0.034714,0.149747,0.080550,0.004450,0.6000,+0
2.2574,descent,2.6379,46.9336,42.7148,-34.3500,0.0000,0.034893,0.244121,0.080559,0.004441,0.6000,+0
2.2585,descent,2.6379,46.9336,42.7148,-34.3500,0.0000,0.034893,0.244121,0.080559,0.004441,0.6000,+0
2.2596,descent,2.6379,46.9336,42.7148,-34.3500,0.0000,0.034893,0.244121,0.080555,0.004445,0.6000,+0
2.2607,descent,2.6379,46.9336,42.7148,-32.9760,0.0000,0.034879,0.244121,0.080555,0.004445,0.6000,+0
2.2620,descent,2.6379,46.8457,42.7148,-32.9760,0.0000,0.035058,0.244117,0.080548,0.004452,0.6000,+0
2.2630,descent,2.6379,46.8457,42.7148,-32.9760,0.0000,0.035058,0.244117,0.080548,0.004452,0.6000,+0
2.2644,descent,2.6379,46.7578,42.7148,-32.9760,0.0000,0.035237,0.244112,0.080533,0.004467,0.6000,+0
2.2652,descent,2.6379,46.7578,42.7148,-31.6020,0.0000,0.035223,0.244112,0.080540,0.004460,0.6000,+0
2.2666,descent,2.6379,46.7578,42.8027,-31.6020,1.3740,0.035228,0.148937,0.080540,0.004460,0.6000,+0
2.2674,descent,2.6379,46.6699,42.8027,-31.6020,1.3740,0.035407,0.148932,0.080533,0.004467,0.6000,+0
2.2685,descent,2.6379,46.6699,42.8027,-31.6020,1.3740,0.035407,0.148932,0.080533,0.004467,0.6000,+0
2.2696,descent,2.6379,46.6699,42.8906,-30.2280,2.7480,0.035397,0.058149,0.080532,0.004468,0.6000,+0
2.2707,descent,2.6379,46.5820,42.8906,-30.2280,2.7480,0.035576,0.058144,0.080532,0.004468,0.6000,+0
2.2720,descent,2.6379,46.5820,42.9785,-30.2280,4.1220,0.035581,0.042515,0.080532,0.004468,0.6000,+0
2.2730,descent,2.6379,46.5820,43.0664,-30.2280,5.4960,0.035585,0.041145,0.080532,0.004468,0.6000,+0
2.2744,descent,2.6379,46.4941,43.2422,-30.2280,8.2440,0.035774,0.039650,0.080518,0.004482,0.6000,+0
2.2752,descent,2.6379,46.4941,43.3301,-30.2280,9.6180,0.035778,0.038909,0.080526,0.004474,0.6000,+0
2.2764,descent,2.6379,46.4941,43.4180,-28.8540,10.9920,0.035769,0.038167,0.080526,0.004474,0.6000,+0
2.2774,descent,2.6379,46.4062,43.5059,-28.8540,13.7400,0.035953,0.037367,0.080508,0.004492,0.6000,+0
2.2785,descent,2.6379,46.4062,43.5937,-28.8540,16.4880,0.035957,0.036571,0.080508,0.004492,0.6000,+0
2.2796,descent,2.6379,46.4062,43.7695,-28.8540,17.8620,0.035966,0.035143,0.080514,0.004486,0.6000,+0
2.2807,descent,2.6379,46.4062,43.8574,-28.8540,20.6100,0.035971,0.034347,0.080514,0.004486,0.6000,+0
2.2820,descent,2.6379,46.4062,43.9453,-27.4800,23.3580,0.035961,0.033551,0.080509,0.004491,0.6000,+0
2.2830,descent,2.6379,46.3184,44.0332,-27.4800,24.7320,0.036145,0.032805,0.080509,0.004491,0.6000,+0
2.2844,descent,2.6379,46.2305,44.2090,-27.4800,30.2280,0.036333,0.031209,0.080498,0.004502,0.6000,+0
2.2852,descent,2.6379,46.2305,44.3848,-27.4800,32.9760,0.036343,0.029727,0.080493,0.004507,0.6000,+0
2.2864,descent,2.6379,46.2305,44.4727,-26.1060,35.7240,0.036333,0.028931,0.080493,0.004507,0.6000,+0
2.2874,descent,2.6379,46.2305,44.5605,-26.1060,38.4720,0.036338,0.028135,0.080491,0.004509,0.6000,+0
2.2885,descent,2.6379,46.2305,44.5605,-26.1060,41.2200,0.036338,0.028026,0.080491,0.004509,0.6000,+0
2.2896,descent,2.6379,46.2305,44.7363,-24.7320,43.9680,0.036333,0.026544,0.080486,0.004514,0.6000,+0
2.2907,descent,2.6379,46.1426,44.7363,-24.7320,46.7160,0.036512,0.026430,0.080486,0.004514,0.6000,+0
2.2921,descent,2.6379,46.1426,44.8242,-24.7320,49.4640,0.036516,0.025635,0.080472,0.004528,0.6000,+0
2.2930,descent,2.6379,46.1426,44.9121,-24.7320,52.2120,0.036521,0.024839,0.080472,0.004528,0.6000,+0
2.2944,descent,2.6379,46.1426,45.0000,-23.3580,56.3340,0.036511,0.023989,0.080473,0.004527,0.6000,+0
2.2952,descent,2.6379,46.0547,45.1758,-23.3580,59.0820,0.036700,0.022502,0.080467,0.004533,0.6000,+0
2.2964,descent,2.6379,46.0547,45.2637,-23.3580,61.8300,0.036705,0.021706,0.080467,0.004533,0.6000,+0
2.2974,descent,2.6379,46.0547,45.2637,-23.3580,63.2040,0.036705,0.021651,0.080460,0.004540,0.6000,+0
2.2985,descent,2.6379,46.0547,45.3516,-21.9840,64.5780,0.036695,0.020910,0.080460,0.004540,0.6000,+0
2.2996,descent,2.6379,46.0547,45.3516,-21.9840,65.9520,0.036695,0.020856,0.080467,0.004533,0.6000,+0
2.3007,descent,2.6379,46.0547,45.4395,-21.9840,68.7000,0.036700,0.020060,0.080467,0.004533,0.6000,+0
2.3021,descent,2.6379,45.9668,45.4395,-21.9840,68.7000,0.036879,0.020055,0.080467,0.004533,0.6000,+0
2.3030,descent,2.6379,45.9668,45.4395,-20.6100,70.0740,0.036864,0.020001,0.080467,0.004533,0.6000,+0
2.3044,descent,2.6379,45.9668,45.5273,-20.6100,71.4480,0.036869,0.019260,0.080461,0.004539,0.6000,+0
2.3052,descent,2.6379,45.9668,45.5273,-19.2360,70.0740,0.036855,0.019314,0.080447,0.004553,0.6000,+0
2.3063,descent,2.6379,45.9668,45.5273,-19.2360,70.0740,0.036855,0.019314,0.080447,0.004553,0.6000,+0
2.3074,descent,2.6379,45.9668,45.5273,-19.2360,68.7000,0.036855,0.019369,0.080445,0.004555,0.6000,+0
2.3085,descent,2.6379,45.9668,45.5273,-17.8620,67.3260,0.036840,0.019423,0.080445,0.004555,0.6000,+0
2.3096,descent,2.6379,45.8789,45.5273,-17.8620,65.9520,0.037020,0.019473,0.080444,0.004556,0.6000,+0
2.3107,descent,2.6379,45.8789,45.5273,-17.8620,64.5780,0.037020,0.019527,0.080444,0.004556,0.6000,+0
2.3120,descent,2.6379,45.8789,45.5273,-17.8620,63.2040,0.037020,0.019582,0.080427,0.004573,0.6000,+0
2.3130,descent,2.6379,45.8789,45.5273,-16.4880,61.8300,0.037005,0.019636,0.080427,0.004573,0.6000,+0
2.3141,descent,2.6903,45.8789,45.5273,-16.4880,57.7080,0.037005,0.019799,0.080421,0.004579,0.6000,+0
2.3153,descent,2.6903,45.8789,45.5273,-15.1140,54.9600,0.036991,0.019908,0.080428,0.004572,0.6000,+0
2.3163,descent,2.6903,45.8789,45.5273,-15.1140,52.2120,0.036991,0.020017,0.080428,0.004572,0.6000,+0
2.3176,descent,2.6903,45.8789,45.5273,-13.7400,49.4640,0.036977,0.020126,0.080420,0.004580,0.6000,+0
2.3185,descent,2.6903,45.8789,45.4395,-13.7400,46.7160,0.036972,0.020922,0.080420,0.004580,0.6000,+0
2.3196,descent,2.6903,45.8789,45.4395,-13.7400,43.9680,0.036972,0.021030,0.080415,0.004585,0.6000,+0
2.3207,descent,2.6903,45.8789,45.4395,-12.3660,41.2200,0.036958,0.021139,0.080415,0.004585,0.6000,+0
2.3221,descent,2.6903,45.8789,45.4395,-12.3660,37.0980,0.036958,0.021302,0.080415,0.004585,0.6000,+0
2.3230,descent,2.6903,45.8789,45.4395,-12.3660,35.7240,0.036958,0.021357,0.080415,0.004585,0.6000,+0
2.3244,descent,2.6903,45.7910,45.3516,-10.9920,28.8540,0.037118,0.022311,0.080411,0.004589,0.6000,+0
2.3251,descent,2.6903,45.8789,45.3516,-10.9920,26.1060,0.036939,0.022425,0.080411,0.004589,0.6000,+0
2.3265,descent,2.6903,45.8789,45.3516,-9.6180,23.3580,0.036924,0.022534,0.080411,0.004589,0.6000,+0
2.3274,descent,2.6903,45.7910,45.3516,-9.6180,21.9840,0.037104,0.022583,0.080403,0.004597,0.6000,+0
2.3285,descent,2.6903,45.8789,45.2637,-9.6180,17.8620,0.036920,0.023438,0.080403,0.004597,0.6000,+0
2.3296,descent,2.6903,45.8789,45.2637,-8.2440,15.1140,0.036905,0.023547,0.080403,0.004597,0.6000,+0
2.3307,descent,2.6903,45.8789,45.1758,-8.2440,12.3660,0.036901,0.024343,0.080403,0.004597,0.6000,+0
2.3321,descent,2.6903,45.7910,45.1758,-8.2440,9.6180,0.037080,0.024447,0.080391,0.004609,0.6000,+0
2.3330,descent,2.6903,45.7910,45.1758,-8.2440,8.2440,0.037080,0.024501,0.080391,0.004609,0.6000,+0
2.3344,descent,2.6903,45.8789,45.0000,-6.8700,2.7480,0.036877,0.041622,0.080380,0.004620,0.6000,+0
2.3352,descent,2.6903,45.8789,45.0000,-5.4960,0.0000,0.036870,0.226206,0.080399,0.004601,0.6000,+0
2.3364,descent,2.6903,45.8789,44.9121,-5.4960,-1.3740,0.036865,0.132514,0.080399,0.004601,0.6000,+0
2.3374,descent,2.6903,45.8789,44.9121,-4.1220,-4.1220,0.037480,0.027692,0.080369,0.004631,0.6000,+0
2.3385,descent,2.6903,45.8789,44.8242,-4.1220,-5.4960,0.037475,0.027805,0.080369,0.004631,0.6000,+0
2.3396,descent,2.6903,45.7910,44.8242,-4.1220,-8.2440,0.037654,0.027902,0.080380,0.004620,0.6000,+0
2.3407,descent,2.6903,45.8789,44.8242,-4.1220,-9.6180,0.037475,0.027961,0.080380,0.004620,0.6000,+0
2.3421,descent,2.6903,45.8789,44.8242,-2.7480,-10.9920,0.052349,0.028015,0.080364,0.004636,0.6000,+0
2.3430,descent,2.6903,45.7910,44.7363,-2.7480,-12.3660,0.052524,0.028752,0.080364,0.004636,0.6000,+0
2.3443,descent,2.6903,45.8789,44.6484,-1.3740,-15.1140,0.142368,0.029552,0.080370,0.004630,0.6000,+0
2.3452,descent,2.6903,45.8789,44.6484,-1.3740,-16.4880,0.142368,0.029607,0.080367,0.004633,0.6000,+0
2.3465,descent,2.6903,45.8789,44.5605,-1.3740,-17.8620,0.142363,0.030348,0.080367,0.004633,0.6000,+0
2.3474,descent,2.6903,45.8789,44.5605,-1.3740,-19.2360,0.142363,0.030402,0.080347,0.004653,0.6000,+0
2.3485,descent,2.6903,45.8789,44.5605,-1.3740,-20.6100,0.142363,0.030457,0.080347,0.004653,0.6000,+0
2.3496,descent,2.6903,45.8789,44.5605,0.0000,-21.9840,0.236782,0.030511,0.080371,0.004629,0.6000,+0
2.3507,descent,2.6903,45.8789,44.4727,0.0000,-21.9840,0.236778,0.031198,0.080371,0.004629,0.6000,+0
2.3521,descent,2.6903,45.8789,44.4727,0.0000,-23.3580,0.236778,0.031253,0.080353,0.004647,0.6000,+0
2.3530,descent,2.6903,45.8789,44.4727,0.0000,-23.3580,0.236778,0.031253,0.080353,0.004647,0.6000,+0
2.3542,descent,2.6903,45.8789,44.3848,0.0000,-24.7320,0.236773,0.031994,0.080339,0.004661,0.6000,+0
2.3555,descent,2.6903,45.8789,44.3848,0.0000,-26.1060,0.236773,0.032048,0.080354,0.004646,0.6000,+0
2.3563,descent,2.6903,45.8789,44.3848,1.3740,-26.1060,0.142325,0.032048,0.080354,0.004646,0.6000,+0
2.3576,descent,2.6903,45.8789,44.3848,1.3740,-26.1060,0.142325,0.032048,0.080346,0.004654,0.6000,+0
2.3585,descent,2.6903,45.8789,44.2969,1.3740,-26.1060,0.142320,0.032735,0.080346,0.004654,0.6000,+0
2.3596,descent,2.6903,45.9668,44.2969,1.3740,-26.1060,0.142141,0.032740,0.080337,0.004663,0.6000,+0
2.3607,descent,2.6903,45.9668,44.2969,1.3740,-26.1060,0.142141,0.032740,0.080337,0.004663,0.6000,+0
2.3621,descent,2.6903,46.0547,44.2969,2.7480,-26.1060,0.051906,0.032744,0.080332,0.004668,0.6000,+0
2.3630,descent,2.6903,46.1426,44.2090,2.7480,-26.1060,0.051722,0.033436,0.080332,0.004668,0.6000,+0
2.3643,descent,2.6903,46.2305,44.2090,5.4960,-26.1060,0.035997,0.033441,0.080321,0.004679,0.6000,+0
2.3652,descent,2.6903,46.3184,44.2090,6.8700,-26.1060,0.035797,0.033445,0.080311,0.004689,0.6000,+0
2.3664,descent,2.6903,46.4062,44.2090,8.2440,-26.1060,0.035603,0.033450,0.080311,0.004689,0.6000,+0
2.3674,descent,2.6903,46.4941,44.1211,10.9920,-26.1060,0.035391,0.034141,0.080314,0.004686,0.6000,+0
2.3685,descent,2.6903,46.5820,44.1211,12.3660,-26.1060,0.035197,0.034146,0.080314,0.004686,0.6000,+0
2.3696,descent,2.6903,46.6699,44.1211,13.7400,-26.1060,0.035004,0.034151,0.080297,0.004703,0.6000,+0
2.3707,descent,2.6903,46.7578,44.1211,16.4880,-24.7320,0.034796,0.034101,0.080297,0.004703,0.6000,+0
2.3721,descent,2.6903,46.9336,44.0332,19.2360,-24.7320,0.034405,0.034797,0.080317,0.004683,0.6000,+0
2.3729,descent,2.6903,47.0215,44.0332,21.9840,-24.7320,0.034197,0.034802,0.080317,0.004683,0.6000,+0
2.3743,descent,2.6903,47.1973,44.0332,27.4800,-24.7320,0.033781,0.034811,0.080309,0.004691,0.6000,+0
2.3751,descent,2.6903,47.2852,44.0332,30.2280,-23.3580,0.033574,0.034761,0.080292,0.004708,0.6000,+0
2.3764,descent,2.6903,47.4609,44.0332,32.9760,-23.3580,0.033187,0.034771,0.080292,0.004708,0.6000,+0
2.3774,descent,2.6903,47.6367,44.0332,35.7240,-21.9840,0.032800,0.034725,0.080291,0.004709,0.6000,+0
2.3785,descent,2.6903,47.7246,43.9453,38.4720,-21.9840,0.032588,0.035417,0.080291,0.004709,0.6000,+0
2.3796,descent,2.6903,47.8125,43.9453,41.2200,-20.6100,0.032380,0.035367,0.080284,0.004716,0.6000,+0
2.3807,descent,2.6903,47.9883,43.9453,45.3420,-20.6100,0.031979,0.035377,0.080284,0.004716,0.6000,+0
2.3821,descent,2.6903,48.0762,43.9453,48.0900,-20.6100,0.031771,0.035381,0.080261,0.004739,0.6000,+0
2.3830,descent,2.6903,48.1641,43.9453,50.8380,-19.2360,0.031564,0.035331,0.080261,0.004739,0.6000,+0
2.3843,descent,2.6903,48.3398,43.9453,57.7080,-19.2360,0.031134,0.035341,0.080265,0.004735,0.6000,+0
2.3851,descent,2.6903,48.4277,43.8574,60.4560,-19.2360,0.030922,0.036032,0.080284,0.004716,0.6000,+0
2.3864,descent,2.6903,48.5156,43.8574,63.2040,-17.8620,0.030714,0.035983,0.080284,0.004716,0.6000,+0
2.3874,descent,2.6903,48.6035,43.8574,65.9520,-17.8620,0.030506,0.035987,0.080277,0.004723,0.6000,+0
2.3885,descent,2.6903,48.6914,43.8574,68.7000,-17.8620,0.030299,0.035992,0.080277,0.004723,0.6000,+0
2.3896,descent,2.6903,48.7793,43.8574,71.4480,-17.8620,0.030091,0.035997,0.080272,0.004728,0.6000,+0
2.3907,descent,2.6903,48.8672,43.8574,74.1960,-16.4880,0.029883,0.035947,0.080272,0.004728,0.6000,+0
2.3921,descent,2.6903,48.9551,43.8574,76.9440,-16.4880,0.029676,0.035951,0.080257,0.004743,0.6000,+0
2.3930,descent,2.6903,49.0430,43.8574,79.6920,-15.1140,0.029468,0.035902,0.080257,0.004743,0.6000,+0
2.3943,descent,2.6903,49.2188,43.8574,83.8140,-15.1140,0.029067,0.035911,0.080271,0.004729,0.6000,+0
2.3952,descent,2.6903,49.3066,43.7695,85.1880,-13.7400,0.028869,0.036548,0.080263,0.004737,0.6000,+0
2.3964,descent,2.6903,49.3945,43.7695,86.5620,-13.7400,0.028676,0.036553,0.080263,0.004737,0.6000,+0
2.3974,descent,2.6903,49.3945,43.7695,87.9360,-13.7400,0.028661,0.036553,0.080256,0.004744,0.6000,+0
2.3985,descent,2.6903,49.4824,43.7695,89.3100,-13.7400,0.028468,0.036558,0.080256,0.004744,0.6000,+0
2.3996,descent,2.6903,49.5703,43.7695,89.3100,-13.7400,0.028289,0.036562,0.080242,0.004758,0.6000,+0
2.4007,descent,2.6903,49.6582,43.7695,90.6840,-12.3660,0.028096,0.036512,0.080242,0.004758,0.6000,+0
2.4020,descent,2.6903,49.7461,43.7695,90.6840,-12.3660,0.027917,0.036517,0.080253,0.004747,0.6000,+0
2.4030,descent,2.6903,49.7461,43.7695,90.6840,-12.3660,0.027917,0.036517,0.080253,0.004747,0.6000,+0
2.4041,descent,2.7491,49.9219,43.7695,90.6840,-10.9920,0.027559,0.036472,0.080254,0.004746,0.6000,+0
2.4053,descent,2.7491,49.9219,43.7695,89.3100,-10.9920,0.027573,0.036472,0.080239,0.004761,0.6000,+0
2.4063,descent,2.7491,50.0098,43.7695,89.3100,-9.6180,0.027394,0.036422,0.080239,0.004761,0.6000,+0
2.4076,descent,2.7491,50.0977,43.7695,89.3100,-9.6180,0.027215,0.036427,0.080233,0.004767,0.6000,+0
2.4085,descent,2.7491,50.0977,43.7695,87.9360,-9.6180,0.027229,0.036427,0.080233,0.004767,0.6000,+0
2.4096,descent,2.7491,50.1855,43.7695,86.5620,-9.6180,0.027065,0.036432,0.080226,0.004774,0.6000,+0
2.4107,descent,2.7491,50.1855,43.7695,85.1880,-8.2440,0.027079,0.036377,0.080226,0.004774,0.6000,+0
2.4120,descent,2.7491,50.2734,43.7695,83.8140,-8.2440,0.026914,0.036382,0.080233,0.004767,0.6000,+0
2.4130,descent,2.7491,50.2734,43.7695,82.4400,-6.8700,0.026929,0.036328,0.080233,0.004767,0.6000,+0
2.4143,descent,2.7491,50.3613,43.7695,78.3180,-6.8700,0.026793,0.036332,0.080229,0.004771,0.6000,+0
2.4151,descent,2.7491,50.3613,43.7695,76.9440,-6.8700,0.026807,0.036332,0.080223,0.004777,0.6000,+0
2.4165,descent,2.7491,50.4492,43.7695,75.5700,-5.4960,0.026642,0.036290,0.080223,0.004777,0.6000,+0
2.4174,descent,2.7491,50.4492,43.7695,74.1960,-5.4960,0.026657,0.036290,0.080222,0.004778,0.6000,+0
2.4185,descent,2.7491,50.4492,43.7695,71.4480,-5.4960,0.026685,0.036290,0.080222,0.004778,0.6000,+0
2.4196,descent,2.7491,50.4492,43.7695,70.0740,-4.1220,0.026700,0.036864,0.080236,0.004764,0.6000,+0
2.4207,descent,2.7491,50.5371,43.7695,68.7000,-4.1220,0.026535,0.036869,0.080236,0.004764,0.6000,+0
2.4220,descent,2.7491,50.5371,43.7695,65.9520,-4.1220,0.026564,0.036869,0.080214,0.004786,0.6000,+0
2.4230,descent,2.7491,50.5371,43.7695,64.5780,-4.1220,0.026578,0.036869,0.080214,0.004786,0.6000,+0
2.4244,descent,2.7491,50.5371,43.7695,60.4560,-2.7480,0.026621,0.051703,0.080209,0.004791,0.6000,+0
2.4251,descent,2.7491,50.5371,43.7695,57.7080,-2.7480,0.026649,0.051703,0.080218,0.004782,0.6000,+0
2.4265,descent,2.7491,50.5371,43.7695,54.9600,-2.7480,0.026678,0.051703,0.080218,0.004782,0.6000,+0
2.4274,descent,2.7491,50.5371,43.7695,53.5860,-2.7480,0.026692,0.051703,0.080208,0.004792,0.6000,+0
2.4285,descent,2.7491,50.5371,43.7695,50.8380,-1.3740,0.026721,0.141690,0.080208,0.004792,0.6000,+0
2.4296,descent,2.7491,50.5371,43.7695,48.0900,-1.3740,0.026750,0.141690,0.080185,0.004815,0.6000,+0
2.4307,descent,2.7491,50.5371,43.7695,46.7160,-1.3740,0.026764,0.141690,0.080185,0.004815,0.6000,+0
2.4320,descent,2.7491,50.5371,43.7695,43.9680,-1.3740,0.026793,0.141690,0.080204,0.004796,0.6000,+0
2.4330,descent,2.7491,50.5371,43.7695,41.2200,0.0000,0.026821,0.236070,0.080200,0.004800,0.6000,+0
2.4344,descent,2.7491,50.5371,43.7695,37.0980,0.0000,0.026864,0.236070,0.080200,0.004800,0.6000,+0
2.4352,descent,2.7491,50.5371,43.7695,35.7240,0.0000,0.026878,0.236070,0.080187,0.004813,0.6000,+0
2.4365,descent,2.7491,50.5371,43.7695,32.9760,0.0000,0.026907,0.236070,0.080187,0.004813,0.6000,+0
2.4374,descent,2.7491,50.5371,43.7695,31.6020,0.0000,0.026921,0.236070,0.080179,0.004821,0.6000,+0
2.4385,descent,2.7491,50.5371,43.7695,28.8540,0.0000,0.026950,0.236070,0.080179,0.004821,0.6000,+0
2.4396,descent,2.7491,50.5371,43.7695,27.4800,0.0000,0.026964,0.236070,0.080178,0.004822,0.6000,+0
2.4407,descent,2.7491,50.4492,43.8574,24.7320,1.3740,0.027177,0.140890,0.080178,0.004822,0.6000,+0
2.4420,descent,2.7491,50.4492,43.8574,21.9840,1.3740,0.027205,0.140890,0.080176,0.004824,0.6000,+0
2.4430,descent,2.7491,50.4492,43.8574,20.6100,1.3740,0.027219,0.140890,0.080168,0.004832,0.6000,+0
2.4444,descent,2.7491,50.4492,43.8574,16.4880,1.3740,0.027262,0.140890,0.080168,0.004832,0.6000,+0
2.4452,descent,2.7491,50.4492,43.9453,15.1140,2.7480,0.027281,0.050107,0.080159,0.004841,0.6000,+0
2.4464,descent,2.7491,50.4492,43.9453,13.7400,2.7480,0.027296,0.050107,0.080159,0.004841,0.6000,+0
2.4474,descent,2.7491,50.3613,44.0332,10.9920,4.1220,0.027508,0.034473,0.080175,0.004825,0.6000,+0
2.4485,descent,2.7491,50.3613,44.0332,9.6180,4.1220,0.027522,0.034473,0.080175,0.004825,0.6000,+0
2.4496,descent,2.7491,50.3613,44.1211,8.2440,5.4960,0.027541,0.033103,0.080166,0.004834,0.6000,+0
2.4507,descent,2.7491,50.3613,44.2090,6.8700,6.8700,0.027560,0.032354,0.080166,0.004834,0.6000,+0
2.4520,descent,2.7491,50.3613,44.2090,5.4960,8.2440,0.027582,0.032300,0.080160,0.004840,0.6000,+0
2.4530,descent,2.7491,50.3613,44.2969,4.1220,9.6180,0.028230,0.031559,0.080166,0.004834,0.6000,+0
2.4544,descent,2.7491,50.2734,44.4727,0.0000,12.3660,0.227825,0.030072,0.080166,0.004834,0.6000,+0
2.4552,descent,2.7491,50.2734,44.5605,0.0000,15.1140,0.227830,0.029276,0.080145,0.004855,0.6000,+0
2.4564,descent,2.7491,50.2734,44.6484,-1.3740,16.4880,0.133415,0.028535,0.080145,0.004855,0.6000,+0
2.4574,descent,2.7491,50.1855,44.7363,-2.7480,19.2360,0.043571,0.027734,0.080160,0.004840,0.6000,+0
2.4585,descent,2.7491,50.1855,44.8242,-4.1220,20.6100,0.028702,0.026993,0.080160,0.004840,0.6000,+0
2.4596,descent,2.7491,50.1855,44.8242,-5.4960,23.3580,0.028087,0.026884,0.080148,0.004852,0.6000,+0
2.4607,descent,2.7491,50.1855,44.9121,-5.4960,24.7320,0.028092,0.026143,0.080148,0.004852,0.6000,+0
2.4620,descent,2.7491,50.1855,45.0000,-6.8700,27.4800,0.028104,0.025348,0.080142,0.004858,0.6000,+0
2.4630,descent,2.7491,50.1855,45.1758,-6.8700,28.8540,0.028113,0.023920,0.080136,0.004864,0.6000,+0
2.4644,descent,2.7491,50.1855,45.2637,-8.2440,32.9760,0.028132,0.023070,0.080136,0.004864,0.6000,+0
2.4652,descent,2.7491,50.1855,45.3516,-8.2440,35.7240,0.028137,0.022274,0.080135,0.004865,0.6000,+0
2.4664,descent,2.7491,50.1855,45.3516,-8.2440,37.0980,0.028137,0.022220,0.080135,0.004865,0.6000,+0
2.4674,descent,2.7491,50.1855,45.4395,-8.2440,38.4720,0.028142,0.021479,0.080134,0.004866,0.6000,+0
2.4685,descent,2.7491,50.0977,45.4395,-9.6180,41.2200,0.028335,0.021365,0.080134,0.004866,0.6000,+0
2.4696,descent,2.7491,50.0977,45.4395,-9.6180,42.5940,0.028335,0.021311,0.080128,0.004872,0.6000,+0
2.4707,descent,2.7491,50.0977,45.5273,-10.9920,43.9680,0.028354,0.020570,0.080128,0.004872,0.6000,+0
2.4718,descent,2.7491,50.1855,45.5273,-10.9920,45.3420,0.028175,0.020520,0.080114,0.004886,0.6000,+0
2.4731,descent,2.7491,50.1855,45.5273,-9.6180,45.3420,0.028161,0.020520,0.080133,0.004867,0.6000,+0
2.4742,descent,2.7491,50.1855,45.6152,-9.6180,46.7160,0.028166,0.019779,0.080133,0.004867,0.6000,+0
2.4754,descent,2.7491,50.0977,45.6152,-9.6180,48.0900,0.028345,0.019720,0.080117,0.004883,0.6000,+0
2.4763,descent,2.7491,50.1855,45.6152,-9.6180,49.4640,0.028166,0.019670,0.080117,0.004883,0.6000,+0
2.4776,descent,2.7491,50.0977,45.6152,-9.6180,49.4640,0.028345,0.019665,0.080125,0.004875,0.6000,+0
2.4785,descent,2.7491,50.1855,45.5273,-9.6180,49.4640,0.028161,0.020357,0.080125,0.004875,0.6000,+0
2.4796,descent,2.7491,50.1855,45.5273,-8.2440,48.0900,0.028147,0.020411,0.080110,0.004890,0.6000,+0
2.4807,descent,2.7491,50.0977,45.5273,-8.2440,48.0900,0.028326,0.020406,0.080110,0.004890,0.6000,+0
2.4820,descent,2.7491,50.0977,45.5273,-8.2440,46.7160,0.028326,0.020461,0.080097,0.004903,0.6000,+0
2.4830,descent,2.7491,50.0977,45.5273,-8.2440,45.3420,0.028326,0.020515,0.080097,0.004903,0.6000,+0
2.4844,descent,2.7491,50.0977,45.5273,-8.2440,43.9680,0.028326,0.020570,0.080121,0.004879,0.6000,+0
2.4852,descent,2.7491,50.1855,45.5273,-6.8700,42.5940,0.028132,0.020629,0.080100,0.004900,0.6000,+0
2.4864,descent,2.7491,50.0977,45.5273,-6.8700,39.8460,0.028311,0.020733,0.080100,0.004900,0.6000,+0
2.4874,descent,2.7491,50.0977,45.4395,-6.8700,38.4720,0.028307,0.021474,0.080097,0.004903,0.6000,+0
2.4885,descent,2.7491,50.1855,45.4395,-5.4960,35.7240,0.028121,0.021588,0.080097,0.004903,0.6000,+0
2.4896,descent,2.7696,50.1855,45.4395,-5.4960,32.9760,0.028121,0.021696,0.080095,0.004905,0.6000,+0
2.4909,descent,2.7696,50.0977,45.4395,-4.1220,31.6020,0.028914,0.021746,0.080095,0.004905,0.6000,+0
2.4921,descent,2.7696,50.0977,45.4395,-4.1220,28.8540,0.028914,0.021855,0.080079,0.004921,0.6000,+0
2.4930,descent,2.7696,50.0977,45.4395,-4.1220,27.4800,0.028914,0.021909,0.080074,0.004926,0.6000,+0
2.4940,descent,2.7696,50.0977,45.3516,-4.1220,24.7320,0.028909,0.022705,0.080074,0.004926,0.6000,+0
2.4952,descent,2.7696,50.0977,45.3516,-2.7480,21.9840,0.043783,0.022814,0.080085,0.004915,0.6000,+0
2.4964,descent,2.7696,50.0977,45.3516,-2.7480,16.4880,0.043783,0.023031,0.080085,0.004915,0.6000,+0
2.4974,descent,2.7696,50.0977,45.2637,-2.7480,13.7400,0.043778,0.023827,0.080067,0.004933,0.6000,+0
2.4985,descent,2.7696,50.0977,45.2637,-2.7480,10.9920,0.043778,0.023936,0.080067,0.004933,0.6000,+0
2.4996,descent,2.7696,50.0977,45.2637,-2.7480,9.6180,0.043778,0.023990,0.080068,0.004932,0.6000,+0
2.5007,descent,2.7696,50.0977,45.1758,-1.3740,6.8700,0.133801,0.024786,0.080068,0.004932,0.6000,+0
2.5018,descent,2.7696,50.0977,45.1758,-1.3740,4.1220,0.133801,0.025531,0.080068,0.004932,0.6000,+0
2.5029,descent,2.7696,50.0977,45.0000,-1.3740,2.7480,0.133792,0.041847,0.080068,0.004932,0.6000,+0
2.5044,descent,2.7696,50.0977,45.0000,-1.3740,-1.3740,0.133792,0.132052,0.080065,0.004935,0.6000,+0
2.5051,descent,2.7696,50.0977,45.0000,-1.3740,-4.1220,0.133792,0.027231,0.080046,0.004954,0.6000,+0
2.5065,descent,2.7696,50.0977,44.9121,-1.3740,-5.4960,0.133787,0.027343,0.080046,0.004954,0.6000,+0
2.5073,descent,2.7696,50.0977,44.9121,-1.3740,-8.2440,0.133787,0.027445,0.080053,0.004947,0.6000,+0
2.5086,descent,2.7696,50.0977,44.8242,-1.3740,-9.6180,0.133783,0.028186,0.080053,0.004947,0.6000,+0
2.5096,descent,2.7696,50.0977,44.8242,-1.3740,-10.9920,0.133783,0.028240,0.080046,0.004954,0.6000,+0
2.5107,descent,2.7696,50.0977,44.8242,-1.3740,-12.3660,0.133783,0.028295,0.080046,0.004954,0.6000,+0
2.5120,descent,2.7696,50.0977,44.7363,-1.3740,-13.7400,0.133778,0.029036,0.080040,0.004960,0.6000,+0
2.5130,descent,2.7696,50.0977,44.6484,-1.3740,-15.1140,0.133773,0.029777,0.080039,0.004961,0.6000,+0
2.5144,descent,2.7696,50.0977,44.6484,0.0000,-17.8620,0.228192,0.029886,0.080039,0.004961,0.6000,+0
2.5151,descent,2.7696,50.1855,44.6484,0.0000,-19.2360,0.228013,0.029945,0.080035,0.004965,0.6000,+0
2.5165,descent,2.7696,50.1855,44.5605,0.0000,-19.2360,0.228009,0.030632,0.080035,0.004965,0.6000,+0
2.5174,descent,2.7696,50.1855,44.5605,0.0000,-19.2360,0.228009,0.030632,0.080035,0.004965,0.6000,+0
2.5185,descent,2.7696,50.1855,44.5605,0.0000,-20.6100,0.228009,0.030686,0.080035,0.004965,0.6000,+0
2.5196,descent,2.7696,50.1855,44.5605,0.0000,-20.6100,0.228009,0.030686,0.080025,0.004975,0.6000,+0
2.5207,descent,2.7696,50.1855,44.4727,1.3740,-23.3580,0.133556,0.031482,0.080025,0.004975,0.6000,+0
2.5220,descent,2.7696,50.2734,44.3848,1.3740,-24.7320,0.133372,0.032228,0.080019,0.004981,0.6000,+0
2.5230,descent,2.7696,50.2734,44.3848,2.7480,-24.7320,0.043316,0.032228,0.080024,0.004976,0.6000,+0
2.5243,descent,2.7696,50.3613,44.2969,4.1220,-27.4800,0.028230,0.033028,0.080024,0.004976,0.6000,+0
2.5252,descent,2.7696,50.4492,44.2969,5.4960,-27.4800,0.027408,0.033033,0.080007,0.004993,0.6000,+0
2.5264,descent,2.7696,50.5371,44.2090,6.8700,-27.4800,0.027203,0.033724,0.080007,0.004993,0.6000,+0
2.5274,descent,2.7696,50.6250,44.2090,8.2440,-28.8540,0.027009,0.033783,0.080005,0.004995,0.6000,+0
2.5285,descent,2.7696,50.6250,44.2090,9.6180,-28.8540,0.026995,0.033783,0.080005,0.004995,0.6000,+0
2.5296,descent,2.7696,50.7129,44.1211,10.9920,-30.2280,0.026797,0.034529,0.079993,0.005007,0.6000,+0
2.5307,descent,2.7696,50.8008,44.1211,12.3660,-30.2280,0.026604,0.034534,0.079993,0.005007,0.6000,+0
2.5320,descent,2.7696,50.8887,44.1211,13.7400,-30.2280,0.026410,0.034539,0.079987,0.005013,0.6000,+0
2.5329,descent,2.7696,50.9766,44.0332,16.4880,-30.2280,0.026198,0.035230,0.079987,0.005013,0.6000,+0
2.5340,descent,2.7696,51.1523,44.0332,20.6100,-30.2280,0.025797,0.035240,0.079977,0.005023,0.6000,+0
2.5352,descent,2.7696,51.3281,43.9453,23.3580,-31.6020,0.025406,0.035990,0.079997,0.005003,0.6000,+0
2.5364,descent,2.7696,51.4160,43.9453,26.1060,-31.6020,0.025199,0.035995,0.079997,0.005003,0.6000,+0
2.5374,descent,2.7696,51.5039,43.9453,28.8540,-31.6020,0.024991,0.036000,0.079980,0.005020,0.6000,+0
2.5385,descent,2.7696,51.5918,43.9453,31.6020,-31.6020,0.024783,0.036004,0.079980,0.005020,0.6000,+0
2.5396,descent,2.7696,51.6797,43.8574,34.3500,-31.6020,0.024571,0.036696,0.079993,0.005007,0.6000,+0
2.5407,descent,2.7696,51.7676,43.8574,37.0980,-31.6020,0.024364,0.036701,0.079993,0.005007,0.6000,+0
2.5419,descent,2.7696,51.8555,43.7695,39.8460,-31.6020,0.024151,0.037392,0.079980,0.005020,0.6000,+0
2.5430,descent,2.7696,51.9434,43.7695,42.5940,-31.6020,0.023944,0.037397,0.079980,0.005020,0.6000,+0
2.5444,descent,2.7696,52.1191,43.7695,48.0900,-30.2280,0.023529,0.037352,0.079980,0.005020,0.6000,+0
2.5451,descent,2.7696,52.2070,43.5937,50.8380,-30.2280,0.023312,0.038730,0.079967,0.005033,0.6000,+0
2.5465,descent,2.7696,52.2949,43.5937,53.5860,-30.2280,0.023104,0.038735,0.079967,0.005033,0.6000,+0
2.5473,descent,2.7696,52.3828,43.5937,56.3340,-30.2280,0.022897,0.038740,0.079963,0.005037,0.6000,+0
2.5485,descent,2.7696,52.4707,43.5059,57.7080,-30.2280,0.022699,0.039431,0.079963,0.005037,0.6000,+0
2.5496,descent,2.7696,52.5586,43.5059,60.4560,-30.2280,0.022491,0.039436,0.079962,0.005038,0.6000,+0
2.5507,descent,2.7696,52.5586,43.5059,63.2040,-28.8540,0.022463,0.039381,0.079962,0.005038,0.6000,+0
2.5520,descent,2.7696,52.6465,43.5059,64.5780,-28.8540,0.022269,0.039386,0.079964,0.005036,0.6000,+0
2.5530,descent,2.7696,52.7344,43.5059,67.3260,-28.8540,0.022062,0.039391,0.079964,0.005036,0.6000,+0
2.5543,descent,2.7696,52.8223,43.4180,70.0740,-28.8540,0.021850,0.040082,0.079946,0.005054,0.6000,+0
2.5551,descent,2.7696,52.9102,43.4180,71.4480,-27.4800,0.021657,0.040033,0.079960,0.005040,0.6000,+0
2.5564,descent,2.7696,52.9102,43.4180,72.8220,-27.4800,0.021642,0.040033,0.079960,0.005040,0.6000,+0
2.5574,descent,2.7696,52.9980,43.3301,74.1960,-27.4800,0.021444,0.040724,0.079932,0.005068,0.6000,+0
2.5585,descent,2.7696,52.9980,43.3301,74.1960,-26.1060,0.021444,0.040670,0.079932,0.005068,0.6000,+0
2.5596,descent,2.7696,53.0859,43.3301,75.5700,-26.1060,0.021251,0.040674,0.079940,0.005060,0.6000,+0
2.5607,descent,2.7696,53.0859,43.3301,75.5700,-26.1060,0.021251,0.040674,0.079940,0.005060,0.6000,+0
2.5619,descent,2.7696,53.1738,43.3301,75.5700,-24.7320,0.021072,0.040625,0.079931,0.005069,0.6000,+0
2.5630,descent,2.7696,53.1738,43.3301,75.5700,-24.7320,0.021072,0.040625,0.079931,0.005069,0.6000,+0
2.5640,descent,2.7696,53.2617,43.3301,74.1960,-23.3580,0.020908,0.040575,0.079928,0.005072,0.6000,+0
2.5652,descent,2.7696,53.2617,43.2422,74.1960,-23.3580,0.020903,0.041262,0.079948,0.005052,0.6000,+0
2.5664,descent,2.7696,53.2617,43.2422,72.8220,-23.3580,0.020917,0.041262,0.079948,0.005052,0.6000,+0
2.5674,descent,2.7696,53.2617,43.2422,71.4480,-21.9840,0.020932,0.041207,0.079934,0.005066,0.6000,+0
2.5685,descent,2.7696,53.2617,43.2422,68.7000,-21.9840,0.020960,0.041207,0.079934,0.005066,0.6000,+0
2.5696,descent,2.7696,53.2617,43.2422,67.3260,-20.6100,0.020975,0.041153,0.079908,0.005092,0.6000,+0
2.5707,descent,2.7696,53.3496,43.2422,65.9520,-20.6100,0.020810,0.041158,0.079908,0.005092,0.6000,+0
2.5718,descent,2.7696,53.3496,43.2422,64.5780,-20.6100,0.020824,0.041158,0.079914,0.005086,0.6000,+0
2.5729,descent,2.7696,53.3496,43.2422,61.8300,-19.2360,0.020853,0.041103,0.079914,0.005086,0.6000,+0
2.5740,descent,2.7696,53.3496,43.2422,57.7080,-17.8620,0.020896,0.041049,0.079921,0.005079,0.6000,+0
2.5752,descent,2.7696,53.3496,43.2422,57.7080,-16.4880,0.020896,0.040994,0.079909,0.005091,0.6000,+0
2.5764,descent,2.7696,53.3496,43.2422,53.5860,-16.4880,0.020939,0.040994,0.079909,0.005091,0.6000,+0
2.5773,descent,2.7696,53.3496,43.2422,50.8380,-15.1140,0.020967,0.040940,0.079909,0.005091,0.6000,+0
2.5787,descent,2.7696,53.3496,43.2422,48.0900,-15.1140,0.020996,0.040940,0.079909,0.005091,0.6000,+0
2.5796,descent,2.7606,53.3496,43.2422,45.3420,-13.7400,0.021025,0.040886,0.079908,0.005092,0.6000,+0
2.5807,descent,2.7606,53.2617,43.2422,42.5940,-13.7400,0.021232,0.040881,0.079908,0.005092,0.6000,+0
2.5820,descent,2.7606,53.2617,43.2422,42.5940,-12.3660,0.021232,0.040826,0.079897,0.005103,0.6000,+0
2.5830,descent,2.7606,53.2617,43.2422,39.8460,-10.9920,0.021261,0.040772,0.079897,0.005103,0.6000,+0
2.5843,descent,2.7606,53.2617,43.2422,34.3500,-10.9920,0.021318,0.040772,0.079887,0.005113,0.6000,+0
2.5852,descent,2.7606,53.2617,43.2422,30.2280,-9.6180,0.021361,0.040718,0.079891,0.005109,0.6000,+0
2.5864,descent,2.7606,53.2617,43.2422,30.2280,-8.2440,0.021361,0.040663,0.079891,0.005109,0.6000,+0
2.5873,descent,2.7606,53.2617,43.2422,27.4800,-8.2440,0.021390,0.040663,0.079887,0.005113,0.6000,+0
2.5885,descent,2.7606,53.1738,43.2422,24.7320,-8.2440,0.021597,0.040658,0.079887,0.005113,0.6000,+0
2.5896,descent,2.7606,53.1738,43.2422,21.9840,-6.8700,0.021626,0.040604,0.079876,0.005124,0.6000,+0
2.5907,descent,2.7606,53.1738,43.2422,20.6100,-6.8700,0.021640,0.040604,0.079876,0.005124,0.6000,+0
2.5920,descent,2.7606,53.1738,43.2422,17.8620,-5.4960,0.021669,0.040557,0.079886,0.005114,0.6000,+0
2.5930,descent,2.7606,53.1738,43.2422,16.4880,-5.4960,0.021683,0.040557,0.079886,0.005114,0.6000,+0
2.5943,descent,2.7606,53.0859,43.2422,10.9920,-4.1220,0.021919,0.041126,0.079878,0.005122,0.6000,+0
2.5951,descent,2.7606,53.0859,43.2422,9.6180,-4.1220,0.021933,0.041126,0.079867,0.005133,0.6000,+0
2.5964,descent,2.7606,53.0859,43.2422,8.2440,-4.1220,0.021948,0.041126,0.079867,0.005133,0.6000,+0
2.5973,descent,2.7606,52.9980,43.2422,5.4960,-2.7480,0.022162,0.055956,0.079854,0.005146,0.6000,+0
2.5985,descent,2.7606,52.9980,43.2422,4.1220,-2.7480,0.022805,0.055956,0.079854,0.005146,0.6000,+0
2.5996,descent,2.7606,52.9980,43.2422,1.3740,-1.3740,0.127764,0.145943,0.079859,0.005141,0.6000,+0
2.6007,descent,2.7606,52.9102,43.2422,0.0000,-1.3740,0.222391,0.145938,0.079859,0.005141,0.6000,+0
2.6020,descent,2.7606,52.9102,43.2422,-1.3740,-1.3740,0.127972,0.145938,0.079858,0.005142,0.6000,+0
2.6030,descent,2.7606,52.8223,43.2422,-4.1220,-1.3740,0.023249,0.145934,0.079858,0.005142,0.6000,+0
2.6043,descent,2.7606,52.8223,43.2422,-6.8700,0.0000,0.022642,0.240313,0.079851,0.005149,0.6000,+0
2.6051,descent,2.7606,52.7344,43.2422,-8.2440,0.0000,0.022835,0.240308,0.079835,0.005165,0.6000,+0
2.6064,descent,2.7606,52.7344,43.2422,-9.6180,0.0000,0.022849,0.240308,0.079835,0.005165,0.6000,+0
2.6074,descent,2.7606,52.6465,43.2422,-10.9920,0.0000,0.023042,0.240303,0.079861,0.005139,0.6000,+0
2.6085,descent,2.7606,52.6465,43.2422,-12.3660,0.0000,0.023057,0.240303,0.079861,0.005139,0.6000,+0
2.6096,descent,2.7606,52.5586,43.2422,-15.1140,0.0000,0.023264,0.240299,0.079842,0.005158,0.6000,+0
2.6107,descent,2.7606,52.5586,43.2422,-16.4880,0.0000,0.023278,0.240299,0.079842,0.005158,0.6000,+0
2.6120,descent,2.7606,52.5586,43.2422,-17.8620,0.0000,0.023293,0.240299,0.079836,0.005164,0.6000,+0
2.6131,descent,2.7606,52.4707,43.3301,-19.2360,1.3740,0.023491,0.145119,0.079832,0.005168,0.6000,+0
2.6142,descent,2.7606,52.4707,43.3301,-19.2360,1.3740,0.023491,0.145119,0.079832,0.005168,0.6000,+0
2.6154,descent,2.7606,52.4707,43.3301,-20.6100,1.3740,0.023505,0.145119,0.079819,0.005181,0.6000,+0
2.6163,descent,2.7606,52.4707,43.4180,-20.6100,2.7480,0.023510,0.054336,0.079819,0.005181,0.6000,+0
2.6176,descent,2.7606,52.3828,43.4180,-21.9840,2.7480,0.023703,0.054331,0.079837,0.005163,0.6000,+0
2.6185,descent,2.7606,52.3828,43.5059,-21.9840,4.1220,0.023708,0.038702,0.079837,0.005163,0.6000,+0
2.6196,descent,2.7606,52.3828,43.5937,-23.3580,5.4960,0.023727,0.037332,0.079821,0.005179,0.6000,+0
2.6207,descent,2.7606,52.3828,43.7695,-23.3580,6.8700,0.023736,0.035897,0.079821,0.005179,0.6000,+0
2.6220,descent,2.7606,52.3828,43.7695,-23.3580,6.8700,0.023736,0.035897,0.079811,0.005189,0.6000,+0
2.6232,descent,2.7606,52.2949,43.9453,-24.7320,10.9920,0.023939,0.034355,0.079810,0.005190,0.6000,+0
2.6241,descent,2.7606,52.2949,44.0332,-24.7320,12.3660,0.023944,0.033614,0.079810,0.005190,0.6000,+0
2.6252,descent,2.7606,52.2949,44.1211,-24.7320,13.7400,0.023948,0.032873,0.079811,0.005189,0.6000,+0
2.6263,descent,2.7606,52.2070,44.2090,-24.7320,16.4880,0.024132,0.032073,0.079811,0.005189,0.6000,+0
2.6276,descent,2.7606,52.2070,44.3848,-24.7320,19.2360,0.024142,0.030590,0.079821,0.005179,0.6000,+0
2.6285,descent,2.7606,52.2070,44.4727,-24.7320,21.9840,0.024146,0.029795,0.079821,0.005179,0.6000,+0
2.6296,descent,2.7606,52.2070,44.4727,-24.7320,23.3580,0.024146,0.029740,0.079812,0.005188,0.6000,+0
2.6307,descent,2.7606,52.1191,44.5605,-24.7320,26.1060,0.024330,0.028940,0.079812,0.005188,0.6000,+0
2.6320,descent,2.7606,52.1191,44.7363,-26.1060,28.8540,0.024354,0.027458,0.079797,0.005203,0.6000,+0
2.6331,descent,2.7606,52.1191,44.8242,-24.7320,34.3500,0.024344,0.026554,0.079792,0.005208,0.6000,+0
2.6342,descent,2.7606,52.0312,44.9121,-24.7320,35.7240,0.024528,0.025808,0.079792,0.005208,0.6000,+0
2.6354,descent,2.7606,52.0312,45.0000,-24.7320,38.4720,0.024533,0.025012,0.079795,0.005205,0.6000,+0
2.6363,descent,2.7606,52.0312,45.1758,-24.7320,41.2200,0.024542,0.023530,0.079795,0.005205,0.6000,+0
2.6376,descent,2.7606,51.9434,45.1758,-24.7320,43.9680,0.024721,0.023416,0.079790,0.005210,0.6000,+0
2.6385,descent,2.7606,51.9434,45.2637,-24.7320,45.3420,0.024726,0.022675,0.079790,0.005210,0.6000,+0
2.6396,descent,2.7606,51.9434,45.3516,-23.3580,48.0900,0.024716,0.021880,0.079786,0.005214,0.6000,+0
2.6407,descent,2.7606,51.9434,45.3516,-23.3580,49.4640,0.024716,0.021825,0.079786,0.005214,0.6000,+0
2.6420,descent,2.7606,51.8555,45.4395,-23.3580,52.2120,0.024900,0.021025,0.079783,0.005217,0.6000,+0
2.6430,descent,2.7606,51.8555,45.4395,-23.3580,53.5860,0.024900,0.020971,0.079783,0.005217,0.6000,+0
2.6442,descent,2.7606,51.8555,45.5273,-21.9840,57.7080,0.024890,0.020121,0.079771,0.005229,0.6000,+0
2.6451,descent,2.7606,51.7676,45.6152,-21.9840,59.0820,0.025074,0.019375,0.079780,0.005220,0.6000,+0
2.6464,descent,2.7606,51.7676,45.6152,-21.9840,60.4560,0.025074,0.019320,0.079780,0.005220,0.6000,+0
2.6474,descent,2.7606,51.6797,45.6152,-21.9840,60.4560,0.025253,0.019316,0.079780,0.005220,0.6000,+0
2.6485,descent,2.7606,51.6797,45.6152,-23.3580,61.8300,0.025267,0.019261,0.079780,0.005220,0.6000,+0
2.6496,descent,2.7606,51.6797,45.6152,-21.9840,61.8300,0.025253,0.019261,0.079751,0.005249,0.6000,+0
2.6507,descent,2.7606,51.5918,45.6152,-23.3580,61.8300,0.025446,0.019256,0.079751,0.005249,0.6000,+0
2.6520,descent,2.7606,51.5918,45.7031,-23.3580,61.8300,0.025451,0.018570,0.079751,0.005249,0.6000,+0
2.6531,descent,2.7606,51.5039,45.6152,-23.3580,60.4560,0.025625,0.019306,0.079757,0.005243,0.6000,+0
2.6542,descent,2.7606,51.5039,45.6152,-23.3580,59.0820,0.025625,0.019360,0.079757,0.005243,0.6000,+0
2.6551,descent,2.7606,51.4160,45.6152,-24.7320,57.7080,0.025818,0.019410,0.079756,0.005244,0.6000,+0
2.6564,descent,2.7606,51.4160,45.6152,-24.7320,56.3340,0.025818,0.019464,0.079756,0.005244,0.6000,+0
2.6574,descent,2.7606,51.3281,45.6152,-26.1060,54.9600,0.026012,0.019514,0.079758,0.005242,0.6000,+0
2.6585,descent,2.7606,51.3281,45.6152,-26.1060,52.2120,0.026012,0.019623,0.079758,0.005242,0.6000,+0
2.6596,descent,2.7606,51.3281,45.6152,-26.1060,50.8380,0.026012,0.019677,0.079741,0.005259,0.6000,+0
2.6607,descent,2.7606,51.2402,45.6152,-26.1060,48.0900,0.026190,0.019781,0.079741,0.005259,0.6000,+0
2.6620,descent,2.7606,51.2402,45.6152,-26.1060,45.3420,0.026190,0.019890,0.079738,0.005262,0.6000,+0
2.6631,descent,2.7606,51.1523,45.5273,-27.4800,39.8460,0.026379,0.020790,0.079734,0.005266,0.6000,+0
2.6642,descent,2.7606,51.0645,45.5273,-28.8540,37.0980,0.026572,0.020894,0.079734,0.005266,0.6000,+0
2.6651,descent,2.7606,51.0645,45.5273,-28.8540,34.3500,0.026572,0.021003,0.079729,0.005271,0.6000,+0
2.6664,descent,2.7606,51.0645,45.5273,-28.8540,31.6020,0.026572,0.021112,0.079729,0.005271,0.6000,+0
2.6674,descent,2.7606,50.9766,45.4395,-28.8540,28.8540,0.026746,0.021902,0.079731,0.005269,0.6000,+0
2.6685,descent,2.7606,50.9766,45.4395,-30.2280,26.1060,0.026761,0.022011,0.079731,0.005269,0.6000,+0
2.6696,descent,2.7840,50.8887,45.4395,-30.2280,23.3580,0.026939,0.022115,0.079729,0.005271,0.6000,+0
2.6707,descent,2.7840,50.8887,45.4395,-30.2280,20.6100,0.026939,0.022224,0.079729,0.005271,0.6000,+0
2.6720,descent,2.7840,50.8008,45.3516,-31.6020,17.8620,0.027128,0.023015,0.079716,0.005284,0.6000,+0
2.6731,descent,2.7840,50.8008,45.3516,-31.6020,12.3660,0.027128,0.023233,0.079714,0.005286,0.6000,+0
2.6742,descent,2.7840,50.7129,45.2637,-31.6020,10.9920,0.027302,0.023969,0.079714,0.005286,0.6000,+0
2.6751,descent,2.7840,50.7129,45.2637,-32.9760,8.2440,0.027316,0.024078,0.079698,0.005302,0.6000,+0
2.6764,descent,2.7840,50.6250,45.2637,-32.9760,5.4960,0.027495,0.024189,0.079698,0.005302,0.6000,+0
2.6774,descent,2.7840,50.6250,45.1758,-34.3500,2.7480,0.027505,0.040502,0.079707,0.005293,0.6000,+0
2.6785,descent,2.7840,50.5371,45.1758,-34.3500,0.0000,0.027684,0.225082,0.079707,0.005293,0.6000,+0
2.6796,descent,2.7840,50.5371,45.0000,-34.3500,-1.3740,0.027674,0.132076,0.079703,0.005297,0.6000,+0
2.6807,descent,2.7840,50.4492,45.0000,-34.3500,-4.1220,0.027853,0.027250,0.079703,0.005297,0.6000,+0
2.6820,descent,2.7840,50.3613,45.0000,-35.7240,-5.4960,0.028047,0.026671,0.079700,0.005300,0.6000,+0
2.6831,descent,2.7840,50.2734,44.9121,-37.0980,-9.6180,0.028235,0.027509,0.079696,0.005304,0.6000,+0
2.6843,descent,2.7840,50.2734,44.8242,-37.0980,-10.9920,0.028230,0.028250,0.079696,0.005304,0.6000,+0
2.6851,descent,2.7840,50.1855,44.8242,-37.0980,-12.3660,0.028409,0.028299,0.079683,0.005317,0.6000,+0
2.6864,descent,2.7840,50.1855,44.8242,-38.4720,-13.7400,0.028424,0.028354,0.079683,0.005317,0.6000,+0
2.6874,descent,2.7840,50.0977,44.7363,-38.4720,-15.1140,0.028598,0.029090,0.079691,0.005309,0.6000,+0
2.6885,descent,2.7840,50.0977,44.7363,-38.4720,-15.1140,0.028598,0.029090,0.079691,0.005309,0.6000,+0
2.6896,descent,2.7840,50.0098,44.6484,-38.4720,-16.4880,0.028772,0.029827,0.079689,0.005311,0.6000,+0
2.6909,descent,2.7840,49.9219,44.6484,-39.8460,-19.2360,0.028965,0.029931,0.079689,0.005311,0.6000,+0
2.6919,descent,2.7840,49.9219,44.6484,-39.8460,-20.6100,0.028965,0.029985,0.079676,0.005324,0.6000,+0
2.6930,descent,2.7840,49.9219,44.5605,-39.8460,-21.9840,0.028961,0.030726,0.079676,0.005324,0.6000,+0
2.6943,descent,2.7840,49.7461,44.5605,-41.2200,-23.3580,0.029333,0.030771,0.079667,0.005333,0.6000,+0
2.6951,descent,2.7840,49.7461,44.5605,-41.2200,-24.7320,0.029333,0.030826,0.079681,0.005319,0.6000,+0
2.6964,descent,2.7840,49.6582,44.5605,-41.2200,-24.7320,0.029512,0.030821,0.079681,0.005319,0.6000,+0
2.6974,descent,2.7840,49.5703,44.4727,-42.5940,-24.7320,0.029701,0.031503,0.079659,0.005341,0.6000,+0
2.6985,descent,2.7840,49.5703,44.4727,-42.5940,-26.1060,0.029701,0.031558,0.079659,0.005341,0.6000,+0
2.6996,descent,2.7840,49.4824,44.4727,-42.5940,-26.1060,0.029880,0.031553,0.079676,0.005324,0.6000,+0
2.7007,descent,2.7840,49.4824,44.4727,-43.9680,-26.1060,0.029894,0.031553,0.079676,0.005324,0.6000,+0
2.7019,descent,2.7840,49.3945,44.3848,-43.9680,-26.1060,0.030068,0.032235,0.079677,0.005323,0.6000,+0
2.7032,descent,2.7840,49.3945,44.3848,-43.9680,-27.4800,0.030068,0.032289,0.079637,0.005363,0.6000,+0
2.7041,descent,2.7840,49.3066,44.3848,-43.9680,-27.4800,0.030247,0.032285,0.079637,0.005363,0.6000,+0
2.7053,descent,2.7840,49.2188,44.3848,-45.3420,-27.4800,0.030440,0.032280,0.079642,0.005358,0.6000,+0
2.7063,descent,2.7840,49.2188,44.2969,-45.3420,-27.4800,0.030436,0.032967,0.079642,0.005358,0.6000,+0
2.7074,descent,2.7840,49.1309,44.2969,-45.3420,-27.4800,0.030615,0.032962,0.079662,0.005338,0.6000,+0
2.7085,descent,2.7840,49.1309,44.2969,-45.3420,-27.4800,0.030615,0.032962,0.079662,0.005338,0.6000,+0
2.7096,descent,2.7840,49.0430,44.2969,-46.7160,-26.1060,0.030808,0.032903,0.079640,0.005360,0.6000,+0
2.7108,descent,2.7840,49.0430,44.2969,-46.7160,-26.1060,0.030808,0.032903,0.079640,0.005360,0.6000,+0
2.7118,descent,2.7840,48.9551,44.2090,-46.7160,-26.1060,0.030982,0.033585,0.079636,0.005364,0.6000,+0
2.7129,descent,2.7840,48.9551,44.2090,-46.7160,-26.1060,0.030982,0.033585,0.079636,0.005364,0.6000,+0
2.7142,descent,2.7840,48.7793,44.2090,-46.7160,-24.7320,0.031340,0.033521,0.079626,0.005374,0.6000,+0
2.7151,descent,2.7840,48.7793,44.2090,-46.7160,-24.7320,0.031340,0.033521,0.079625,0.005375,0.6000,+0
2.7165,descent,2.7840,48.6914,44.2090,-46.7160,-23.3580,0.031519,0.033462,0.079625,0.005375,0.6000,+0
2.7174,descent,2.7840,48.6914,44.1211,-46.7160,-23.3580,0.031515,0.034149,0.079616,0.005384,0.6000,+0
2.7185,descent,2.7840,48.6035,44.1211,-46.7160,-23.3580,0.031694,0.034144,0.079616,0.005384,0.6000,+0
2.7196,descent,2.7840,48.6035,44.1211,-46.7160,-21.9840,0.031694,0.034090,0.079599,0.005401,0.6000,+0
2.7207,descent,2.7840,48.5156,44.1211,-46.7160,-20.6100,0.031873,0.034031,0.079599,0.005401,0.6000,+0
2.7220,descent,2.7840,48.4277,44.1211,-48.0900,-20.6100,0.032066,0.034026,0.079620,0.005380,0.6000,+0
2.7231,descent,2.7840,48.3398,44.1211,-48.0900,-19.2360,0.032245,0.033967,0.079600,0.005400,0.6000,+0
2.7243,descent,2.7840,48.3398,44.1211,-48.0900,-17.8620,0.032245,0.033913,0.079600,0.005400,0.6000,+0
2.7251,descent,2.7840,48.2520,44.0332,-48.0900,-17.8620,0.032420,0.034595,0.079593,0.005407,0.6000,+0
2.7265,descent,2.7840,48.2520,44.0332,-48.0900,-17.8620,0.032420,0.034595,0.079593,0.005407,0.6000,+0
2.7273,descent,2.7840,48.1641,44.0332,-48.0900,-17.8620,0.032599,0.034590,0.079605,0.005395,0.6000,+0
2.7285,descent,2.7840,48.1641,44.0332,-48.0900,-16.4880,0.032599,0.034536,0.079605,0.005395,0.6000,+0
2.7296,descent,2.7840,48.0762,44.0332,-46.7160,-16.4880,0.032763,0.034531,0.079593,0.005407,0.6000,+0
2.7307,descent,2.7840,47.9883,44.0332,-48.0900,-16.4880,0.032957,0.034526,0.079593,0.005407,0.6000,+0
2.7320,descent,2.7840,47.9883,44.0332,-46.7160,-15.1140,0.032943,0.034472,0.079589,0.005411,0.6000,+0
2.7330,descent,2.7840,47.9004,44.0332,-48.0900,-15.1140,0.033136,0.034467,0.079589,0.005411,0.6000,+0
2.7342,descent,2.7840,47.8125,44.0332,-48.0900,-13.7400,0.033315,0.034408,0.079579,0.005421,0.6000,+0
2.7351,descent,2.7840,47.8125,44.0332,-48.0900,-13.7400,0.033315,0.034408,0.079571,0.005429,0.6000,+0
2.7365,descent,2.7840,47.7246,44.0332,-48.0900,-12.3660,0.033494,0.034349,0.079571,0.005429,0.6000,+0
2.7374,descent,2.7840,47.6367,44.0332,-48.0900,-12.3660,0.033673,0.034344,0.079580,0.005420,0.6000,+0
2.7385,descent,2.7840,47.6367,43.9453,-48.0900,-12.3660,0.033668,0.035031,0.079580,0.005420,0.6000,+0
2.7396,descent,2.7840,47.4609,43.9453,-48.0900,-12.3660,0.034027,0.035022,0.079573,0.005427,0.6000,+0
2.7407,descent,2.7840,47.4609,43.9453,-48.0900,-10.9920,0.034027,0.034968,0.079573,0.005427,0.6000,+0
2.7420,descent,2.7840,47.3730,43.9453,-48.0900,-10.9920,0.034206,0.034963,0.079566,0.005434,0.6000,+0
2.7431,descent,2.7840,47.2852,43.9453,-48.0900,-10.9920,0.034385,0.034958,0.079565,0.005435,0.6000,+0
2.7442,descent,2.7840,47.2852,44.0332,-48.0900,-9.6180,0.034389,0.034217,0.079565,0.005435,0.6000,+0
2.7451,descent,2.7840,47.1973,43.9453,-48.0900,-9.6180,0.034564,0.034899,0.079569,0.005431,0.6000,+0
2.7465,descent,2.7840,47.1094,43.9453,-48.0900,-9.6180,0.034743,0.034895,0.079569,0.005431,0.6000,+0
2.7474,descent,2.7840,47.1094,43.9453,-48.0900,-9.6180,0.034743,0.034895,0.079554,0.005446,0.6000,+0
2.7485,descent,2.7840,47.1094,43.9453,-48.0900,-8.2440,0.034743,0.034840,0.079554,0.005446,0.6000,+0
2.7496,descent,2.7840,47.0215,43.9453,-48.0900,-8.2440,0.034922,0.034836,0.079559,0.005441,0.6000,+0
2.7507,descent,2.7840,47.0215,43.9453,-48.0900,-8.2440,0.034922,0.034836,0.079559,0.005441,0.6000,+0
2.7520,descent,2.7840,46.9336,43.9453,-48.0900,-6.8700,0.035101,0.034777,0.079548,0.005452,0.6000,+0
2.7531,descent,2.7840,46.8457,43.9453,-48.0900,-6.8700,0.035280,0.034772,0.079545,0.005455,0.6000,+0
2.7542,descent,2.7840,46.8457,43.9453,-46.7160,-6.8700,0.035266,0.034772,0.079545,0.005455,0.6000,+0
2.7551,descent,2.7840,46.7578,43.9453,-46.7160,-5.4960,0.035445,0.034720,0.079541,0.005459,0.6000,+0
2.7565,descent,2.7840,46.7578,43.9453,-46.7160,-5.4960,0.035445,0.034720,0.079541,0.005459,0.6000,+0
2.7574,descent,2.7840,46.6699,43.9453,-46.7160,-5.4960,0.035624,0.034715,0.079540,0.005460,0.6000,+0
2.7585,descent,2.7840,46.6699,44.0332,-46.7160,-4.1220,0.035629,0.034603,0.079540,0.005460,0.6000,+0
2.7596,descent,2.8440,46.5820,44.0332,-46.7160,-4.1220,0.035808,0.034598,0.079531,0.005469,0.6000,+0
2.7607,descent,2.8440,46.5820,43.9453,-46.7160,-2.7480,0.035803,0.050119,0.079531,0.005469,0.6000,+0
2.7620,descent,2.8440,46.4941,43.9453,-46.7160,-2.7480,0.035983,0.050114,0.079530,0.005470,0.6000,+0
2.7631,descent,2.8440,46.4062,43.9453,-45.3420,-2.7480,0.036147,0.050110,0.079529,0.005471,0.6000,+0
2.7642,descent,2.8440,46.4062,43.9453,-45.3420,-2.7480,0.036147,0.050110,0.079529,0.005471,0.6000,+0
2.7651,descent,2.8440,46.4062,43.9453,-45.3420,-2.7480,0.036147,0.050110,0.079513,0.005487,0.6000,+0
2.7665,descent,2.8440,46.3184,44.0332,-43.9680,-2.7480,0.036317,0.049418,0.079513,0.005487,0.6000,+0
2.7674,descent,2.8440,46.2305,43.9453,-45.3420,-2.7480,0.036506,0.050100,0.079526,0.005474,0.6000,+0
2.7685,descent,2.8440,46.2305,43.9453,-43.9680,-2.7480,0.036491,0.050100,0.079526,0.005474,0.6000,+0
2.7696,descent,2.8440,46.2305,43.9453,-43.9680,-2.7480,0.036491,0.050100,0.079506,0.005494,0.6000,+0
2.7707,descent,2.8440,46.2305,43.9453,-43.9680,-1.3740,0.036491,0.140088,0.079506,0.005494,0.6000,+0
2.7720,descent,2.8440,46.1426,43.9453,-42.5940,-1.3740,0.036656,0.140083,0.079503,0.005497,0.6000,+0
2.7731,descent,2.8440,46.0547,43.9453,-42.5940,-1.3740,0.036835,0.140079,0.079510,0.005490,0.6000,+0
2.7742,descent,2.8440,46.0547,43.9453,-42.5940,0.0000,0.036835,0.234458,0.079510,0.005490,0.6000,+0
2.7751,descent,2.8440,46.0547,43.9453,-41.2200,0.0000,0.036821,0.234458,0.079508,0.005492,0.6000,+0
2.7765,descent,2.8440,45.9668,43.9453,-41.2200,0.0000,0.037000,0.234453,0.079508,0.005492,0.6000,+0
2.7774,descent,2.8440,45.9668,43.9453,-41.2200,0.0000,0.037000,0.234453,0.079512,0.005488,0.6000,+0
2.7785,descent,2.8440,45.8789,43.9453,-39.8460,0.0000,0.037165,0.234449,0.079512,0.005488,0.6000,+0
2.7796,descent,2.8440,45.8789,43.9453,-39.8460,0.0000,0.037165,0.234449,0.079499,0.005501,0.6000,+0
2.7807,descent,2.8440,45.8789,43.9453,-39.8460,0.0000,0.037165,0.234449,0.079499,0.005501,0.6000,+0
2.7820,descent,2.8440,45.7910,43.9453,-39.8460,0.0000,0.037344,0.234444,0.079496,0.005504,0.6000,+0
2.7831,descent,2.8440,45.7031,44.0332,-38.4720,0.0000,0.037514,0.233753,0.079483,0.005517,0.6000,+0
2.7842,descent,2.8440,45.7031,44.0332,-38.4720,1.3740,0.037514,0.139265,0.079483,0.005517,0.6000,+0
2.7854,descent,2.8440,45.7031,44.0332,-38.4720,1.3740,0.037514,0.139265,0.079489,0.005511,0.6000,+0
2.7863,descent,2.8440,45.7031,44.0332,-37.0980,1.3740,0.037499,0.139265,0.079489,0.005511,0.6000,+0
2.7876,descent,2.8440,45.6152,44.0332,-37.0980,1.3740,0.037678,0.139260,0.079492,0.005508,0.6000,+0
2.7885,descent,2.8440,45.6152,44.1211,-37.0980,2.7480,0.037683,0.048477,0.079492,0.005508,0.6000,+0
2.7896,descent,2.8440,45.6152,44.2090,-35.7240,4.1220,0.037673,0.032847,0.079484,0.005516,0.6000,+0
2.7907,descent,2.8440,45.5273,44.2090,-35.7240,4.1220,0.037853,0.032842,0.079484,0.005516,0.6000,+0
2.7920,descent,2.8440,45.5273,44.2969,-35.7240,4.1220,0.037857,0.032155,0.079471,0.005529,0.6000,+0
2.7931,descent,2.8440,45.4395,44.4727,-34.3500,8.2440,0.038031,0.029978,0.079481,0.005519,0.6000,+0
2.7942,descent,2.8440,45.4395,44.5605,-34.3500,9.6180,0.038036,0.029236,0.079481,0.005519,0.6000,+0
2.7951,descent,2.8440,45.4395,44.5605,-32.9760,10.9920,0.038022,0.029182,0.079475,0.005525,0.6000,+0
2.7965,descent,2.8440,45.3516,44.6484,-32.9760,12.3660,0.038205,0.028436,0.079475,0.005525,0.6000,+0
2.7974,descent,2.8440,45.3516,44.7363,-32.9760,15.1140,0.038210,0.027640,0.079459,0.005541,0.6000,+0
2.7985,descent,2.8440,45.3516,44.8242,-32.9760,16.4880,0.038215,0.026899,0.079459,0.005541,0.6000,+0
2.7997,descent,2.8440,45.3516,44.9121,-31.6020,17.8620,0.038205,0.026158,0.079461,0.005539,0.6000,+0
2.8007,descent,2.8440,45.2637,45.0000,-31.6020,20.6100,0.038389,0.025357,0.079461,0.005539,0.6000,+0
2.8020,descent,2.8440,45.2637,45.1758,-31.6020,23.3580,0.038398,0.023875,0.079444,0.005556,0.6000,+0
2.8031,descent,2.8440,45.2637,45.2637,-30.2280,27.4800,0.038388,0.023025,0.079441,0.005559,0.6000,+0
2.8042,descent,2.8440,45.1758,45.3516,-30.2280,30.2280,0.038572,0.022224,0.079441,0.005559,0.6000,+0
2.8051,descent,2.8440,45.1758,45.4395,-30.2280,31.6020,0.038577,0.021483,0.079458,0.005542,0.6000,+0
2.8065,descent,2.8440,45.1758,45.4395,-28.8540,34.3500,0.038562,0.021374,0.079458,0.005542,0.6000,+0
2.8074,descent,2.8440,45.1758,45.5273,-28.8540,35.7240,0.038567,0.020633,0.079447,0.005553,0.6000,+0
2.8085,descent,2.8440,45.1758,45.6152,-28.8540,38.4720,0.038572,0.019837,0.079447,0.005553,0.6000,+0
2.8096,descent,2.8440,45.0879,45.6152,-27.4800,39.8460,0.038737,0.019778,0.079440,0.005560,0.6000,+0
2.8107,descent,2.8440,45.0879,45.7031,-27.4800,41.2200,0.038741,0.019037,0.079440,0.005560,0.6000,+0
2.8120,descent,2.8440,45.0879,45.7031,-27.4800,42.5940,0.038741,0.018982,0.079449,0.005551,0.6000,+0
2.8130,descent,2.8440,45.0879,45.7910,-26.1060,45.3420,0.038732,0.018187,0.079443,0.005557,0.6000,+0
2.8142,descent,2.8440,45.0879,45.7910,-24.7320,48.0900,0.038717,0.018078,0.079443,0.005557,0.6000,+0
2.8151,descent,2.8440,45.0879,45.7910,-24.7320,48.0900,0.038717,0.018078,0.079429,0.005571,0.6000,+0
2.8165,descent,2.8440,45.0879,45.8789,-23.3580,49.4640,0.038708,0.017336,0.079429,0.005571,0.6000,+0
2.8174,descent,2.8440,45.0000,45.8789,-23.3580,50.8380,0.038887,0.017277,0.079414,0.005586,0.6000,+0
2.8185,descent,2.8440,45.0000,45.8789,-23.3580,50.8380,0.038887,0.017277,0.079414,0.005586,0.6000,+0
2.8196,descent,2.8440,45.0000,45.8789,-21.9840,52.2120,0.038873,0.017223,0.079421,0.005579,0.6000,+0
2.8207,descent,2.8440,45.0000,45.8789,-21.9840,52.2120,0.038873,0.017223,0.079421,0.005579,0.6000,+0
2.8220,descent,2.8440,45.0000,45.8789,-20.6100,52.2120,0.038858,0.017223,0.079424,0.005576,0.6000,+0
2.8231,descent,2.8440,45.0000,45.7910,-19.2360,50.8380,0.038839,0.017964,0.079418,0.005582,0.6000,+0
2.8242,descent,2.8440,45.0000,45.7910,-19.2360,49.4640,0.038839,0.018019,0.079418,0.005582,0.6000,+0
2.8251,descent,2.8440,45.0000,45.7910,-17.8620,48.0900,0.038825,0.018073,0.079417,0.005583,0.6000,+0
2.8265,descent,2.8440,45.0000,45.7910,-17.8620,46.7160,0.038825,0.018128,0.079417,0.005583,0.6000,+0
2.8274,descent,2.8440,44.9121,45.7910,-17.8620,45.3420,0.039004,0.018177,0.079405,0.005595,0.6000,+0
2.8285,descent,2.8440,44.9121,45.7910,-16.4880,42.5940,0.038990,0.018286,0.079405,0.005595,0.6000,+0
2.8296,descent,2.8440,44.9121,45.7910,-16.4880,41.2200,0.038990,0.018341,0.079404,0.005596,0.6000,+0
2.8307,descent,2.8440,44.9121,45.7910,-15.1140,39.8460,0.038975,0.018395,0.079404,0.005596,0.6000,+0
2.8320,descent,2.8440,44.9121,45.7031,-15.1140,37.0980,0.038971,0.019191,0.079406,0.005594,0.6000,+0
2.8331,descent,2.8440,44.9121,45.7031,-13.7400,31.6020,0.038957,0.019408,0.079382,0.005618,0.6000,+0
2.8342,descent,2.8440,44.9121,45.6152,-13.7400,28.8540,0.038952,0.020204,0.079382,0.005618,0.6000,+0
2.8351,descent,2.8440,44.9121,45.6152,-12.3660,26.1060,0.038938,0.020313,0.079392,0.005608,0.6000,+0
2.8365,descent,2.8440,44.9121,45.6152,-12.3660,23.3580,0.038938,0.020422,0.079392,0.005608,0.6000,+0
2.8374,descent,2.8440,44.9121,45.5273,-10.9920,20.6100,0.038919,0.021217,0.079399,0.005601,0.6000,+0
2.8385,descent,2.8440,44.9121,45.5273,-10.9920,17.8620,0.038919,0.021326,0.079399,0.005601,0.6000,+0
2.8396,descent,2.8440,44.9121,45.5273,-10.9920,15.1140,0.038919,0.021435,0.079385,0.005615,0.6000,+0
2.8407,descent,2.8440,44.9121,45.4395,-9.6180,12.3660,0.038900,0.022231,0.079385,0.005615,0.6000,+0
2.8420,descent,2.8440,44.9121,45.4395,-9.6180,9.6180,0.038900,0.022340,0.079399,0.005601,0.6000,+0
2.8430,descent,2.8440,44.9121,45.4395,-8.2440,8.2440,0.038885,0.022394,0.079375,0.005625,0.6000,+0
2.8440,descent,2.9108,44.9121,45.3516,-6.8700,2.7480,0.038866,0.038823,0.079375,0.005625,0.6000,+0
2.8452,descent,2.9108,44.9121,45.2637,-6.8700,0.0000,0.038862,0.224094,0.079373,0.005627,0.6000,+0
2.8463,descent,2.9108,44.9121,45.2637,-6.8700,-2.7480,0.038862,0.039728,0.079373,0.005627,0.6000,+0
2.8476,descent,2.9108,44.9121,45.1758,-6.8700,-5.4960,0.038857,0.025006,0.079369,0.005631,0.6000,+0
2.8485,descent,2.9108,44.9121,45.1758,-6.8700,-6.8700,0.038857,0.025053,0.079369,0.005631,0.6000,+0
2.8496,descent,2.9108,44.9121,45.1758,-5.4960,-9.6180,0.038850,0.025162,0.079372,0.005628,0.6000,+0
2.8507,descent,2.9108,44.9121,45.0000,-5.4960,-10.9920,0.038841,0.026590,0.079372,0.005628,0.6000,+0
2.8520,descent,2.9108,44.9121,44.9121,-4.1220,-13.7400,0.039451,0.027386,0.079362,0.005638,0.6000,+0
2.8531,descent,2.9108,44.9121,44.8242,-4.1220,-17.8620,0.039446,0.028236,0.079355,0.005645,0.6000,+0
2.8542,descent,2.9108,44.9121,44.8242,-4.1220,-19.2360,0.039446,0.028291,0.079355,0.005645,0.6000,+0
2.8551,descent,2.9108,44.9121,44.8242,-2.7480,-20.6100,0.054320,0.028345,0.079363,0.005637,0.6000,+0
2.8565,descent,2.9108,44.9121,44.7363,-2.7480,-21.9840,0.054315,0.029087,0.079363,0.005637,0.6000,+0
2.8573,descent,2.9108,44.9121,44.7363,-2.7480,-23.3580,0.054315,0.029141,0.079348,0.005652,0.6000,+0
2.8585,descent,2.9108,44.9121,44.6484,-2.7480,-24.7320,0.054311,0.029882,0.079348,0.005652,0.6000,+0
2.8596,descent,2.9108,44.9121,44.6484,-2.7480,-26.1060,0.054311,0.029937,0.079351,0.005649,0.6000,+0
2.8607,descent,2.9108,44.9121,44.5605,-1.3740,-27.4800,0.144334,0.030678,0.079351,0.005649,0.6000,+0
2.8620,descent,2.9108,44.9121,44.5605,-1.3740,-27.4800,0.144334,0.030678,0.079349,0.005651,0.6000,+0
2.8631,descent,2.9108,44.9121,44.4727,-1.3740,-30.2280,0.144329,0.031474,0.079328,0.005672,0.6000,+0
2.8642,descent,2.9108,44.9121,44.4727,0.0000,-30.2280,0.238749,0.031474,0.079328,0.005672,0.6000,+0
2.8654,descent,2.9108,44.9121,44.3848,0.0000,-31.6020,0.238744,0.032215,0.079336,0.005664,0.6000,+0
2.8663,descent,2.9108,44.9121,44.3848,0.0000,-31.6020,0.238744,0.032215,0.079336,0.005664,0.6000,+0
2.8676,descent,2.9108,44.9121,44.3848,0.0000,-32.9760,0.238744,0.032270,0.079340,0.005660,0.6000,+0
2.8685,descent,2.9108,44.9121,44.2969,0.0000,-32.9760,0.238739,0.032957,0.079340,0.005660,0.6000,+0
2.8696,descent,2.9108,44.9121,44.2969,0.0000,-34.3500,0.238739,0.033011,0.079332,0.005668,0.6000,+0
2.8707,descent,2.9108,44.9121,44.2090,0.0000,-34.3500,0.238735,0.033698,0.079332,0.005668,0.6000,+0
2.8720,descent,2.9108,44.9121,44.2090,0.0000,-34.3500,0.238735,0.033698,0.079333,0.005667,0.6000,+0
2.8731,descent,2.9108,45.0000,44.1211,1.3740,-35.7240,0.144103,0.034444,0.079318,0.005682,0.6000,+0
2.8742,descent,2.9108,45.0000,44.1211,1.3740,-35.7240,0.144103,0.034444,0.079318,0.005682,0.6000,+0
2.8751,descent,2.9108,45.0000,44.1211,1.3740,-35.7240,0.144103,0.034444,0.079325,0.005675,0.6000,+0
2.8764,descent,2.9108,45.0879,44.0332,2.7480,-35.7240,0.053863,0.035135,0.079325,0.005675,0.6000,+0
2.8774,descent,2.9108,45.0879,44.0332,2.7480,-35.7240,0.053863,0.035135,0.079315,0.005685,0.6000,+0
2.8785,descent,2.9108,45.1758,44.0332,4.1220,-35.7240,0.038781,0.035140,0.079315,0.005685,0.6000,+0
2.8796,descent,2.9108,45.2637,43.9453,5.4960,-35.7240,0.037954,0.035832,0.079312,0.005688,0.6000,+0
2.8807,descent,2.9108,45.3516,43.9453,6.8700,-35.7240,0.037753,0.035836,0.079312,0.005688,0.6000,+0
2.8820,descent,2.9108,45.4395,43.9453,8.2440,-35.7240,0.037560,0.035841,0.079305,0.005695,0.6000,+0
2.8831,descent,2.9108,45.6152,43.8574,10.9920,-34.3500,0.037168,0.036482,0.079294,0.005706,0.6000,+0
2.8843,descent,2.9108,45.7031,43.7695,13.7400,-34.3500,0.036956,0.037174,0.079294,0.005706,0.6000,+0
2.8851,descent,2.9108,45.7910,43.7695,16.4880,-34.3500,0.036748,0.037179,0.079293,0.005707,0.6000,+0
2.8864,descent,2.9108,45.8789,43.7695,17.8620,-34.3500,0.036555,0.037183,0.079293,0.005707,0.6000,+0
2.8874,descent,2.9108,46.0547,43.5937,20.6100,-34.3500,0.036159,0.038566,0.079297,0.005703,0.6000,+0
2.8885,descent,2.9108,46.1426,43.5937,23.3580,-34.3500,0.035951,0.038571,0.079297,0.005703,0.6000,+0
2.8896,descent,2.9108,46.2305,43.5937,26.1060,-34.3500,0.035743,0.038576,0.079299,0.005701,0.6000,+0
2.8907,descent,2.9108,46.3184,43.5059,28.8540,-32.9760,0.035531,0.039213,0.079299,0.005701,0.6000,+0
2.8920,descent,2.9108,46.4941,43.5059,31.6020,-32.9760,0.035144,0.039222,0.079293,0.005707,0.6000,+0
2.8930,descent,2.9108,46.5820,43.5059,35.7240,-32.9760,0.034922,0.039227,0.079282,0.005718,0.6000,+0
2.8942,descent,2.9108,46.7578,43.4180,41.2200,-32.9760,0.034502,0.039923,0.079282,0.005718,0.6000,+0
2.8954,descent,2.9108,46.9336,43.4180,43.9680,-31.6020,0.034115,0.039878,0.079280,0.005720,0.6000,+0
2.8963,descent,2.9108,47.0215,43.3301,48.0900,-31.6020,0.033888,0.040569,0.079280,0.005720,0.6000,+0
2.8976,descent,2.9108,47.1094,43.3301,50.8380,-31.6020,0.033680,0.040574,0.079274,0.005726,0.6000,+0
2.8985,descent,2.9108,47.1973,43.3301,53.5860,-31.6020,0.033473,0.040578,0.079274,0.005726,0.6000,+0
2.8996,descent,2.9108,47.2852,43.3301,57.7080,-31.6020,0.033250,0.040583,0.079267,0.005733,0.6000,+0
2.9007,descent,2.9108,47.3730,43.3301,60.4560,-30.2280,0.033043,0.040533,0.079267,0.005733,0.6000,+0
2.9020,descent,2.9108,47.4609,43.3301,63.2040,-30.2280,0.032835,0.040538,0.079264,0.005736,0.6000,+0
2.9031,descent,2.9108,47.7246,43.2422,68.7000,-28.8540,0.032236,0.041184,0.079265,0.005735,0.6000,+0
2.9042,descent,2.9108,47.8125,43.2422,71.4480,-28.8540,0.032028,0.041189,0.079265,0.005735,0.6000,+0
2.9054,descent,2.9108,47.9004,43.2422,74.1960,-27.4800,0.031820,0.041139,0.079257,0.005743,0.6000,+0
2.9063,descent,2.9108,47.9883,43.2422,76.9440,-27.4800,0.031613,0.041144,0.079257,0.005743,0.6000,+0
2.9076,descent,2.9108,48.0762,43.2422,79.6920,-26.1060,0.031405,0.041094,0.079260,0.005740,0.6000,+0
2.9085,descent,2.9108,48.1641,43.1543,81.0660,-26.1060,0.031207,0.041785,0.079260,0.005740,0.6000,+0
2.9096,descent,2.9108,48.2520,43.1543,83.8140,-26.1060,0.030999,0.041790,0.079262,0.005738,0.6000,+0
2.9107,descent,2.9108,48.3398,43.1543,85.1880,-26.1060,0.030806,0.041795,0.079262,0.005738,0.6000,+0
2.9120,descent,2.9108,48.4277,43.1543,87.9360,-24.7320,0.030598,0.041745,0.079232,0.005768,0.6000,+0
2.9131,descent,2.9108,48.6035,43.1543,89.3100,-23.3580,0.030226,0.041700,0.079250,0.005750,0.6000,+0
2.9142,descent,2.9108,48.6914,43.1543,90.6840,-23.3580,0.030032,0.041704,0.079250,0.005750,0.6000,+0
2.9154,descent,2.9108,48.7793,43.1543,92.0580,-21.9840,0.029839,0.041655,0.079229,0.005771,0.6000,+0
2.9163,descent,2.9108,48.7793,43.1543,92.0580,-21.9840,0.029839,0.041655,0.079229,0.005771,0.6000,+0
2.9176,descent,2.9108,48.8672,43.1543,92.0580,-20.6100,0.029660,0.041605,0.079222,0.005778,0.6000,+0
2.9185,descent,2.9108,48.8672,43.0664,92.0580,-20.6100,0.029655,0.042292,0.079222,0.005778,0.6000,+0
2.9196,descent,2.9108,48.9551,43.0664,92.0580,-19.2360,0.029476,0.042242,0.079242,0.005758,0.6000,+0
2.9207,descent,2.9108,49.0430,43.0664,90.6840,-19.2360,0.029312,0.042247,0.079242,0.005758,0.6000,+0
2.9220,descent,2.9108,49.1309,43.0664,90.6840,-17.8620,0.029133,0.042197,0.079218,0.005782,0.6000,+0
2.9231,descent,2.9108,49.2188,43.1543,89.3100,-16.4880,0.028972,0.041460,0.079219,0.005781,0.6000,+0
2.9242,descent,2.9108,49.2188,43.0664,87.9360,-15.1140,0.028982,0.042093,0.079219,0.005781,0.6000,+0
2.9251,descent,2.9108,49.3066,43.0664,86.5620,-15.1140,0.028817,0.042097,0.079213,0.005787,0.6000,+0
2.9264,descent,2.9108,49.3066,43.1543,85.1880,-13.7400,0.028836,0.041356,0.079213,0.005787,0.6000,+0
2.9274,descent,2.9108,49.3945,43.1543,83.8140,-12.3660,0.028672,0.041306,0.079230,0.005770,0.6000,+0
2.9285,descent,2.9108,49.3945,43.0664,82.4400,-12.3660,0.028681,0.041993,0.079230,0.005770,0.6000,+0
2.9296,descent,2.9108,49.4824,43.0664,81.0660,-10.9920,0.028517,0.041943,0.079205,0.005795,0.6000,+0
2.9307,descent,2.9108,49.4824,43.1543,79.6920,-10.9920,0.028536,0.041257,0.079205,0.005795,0.6000,+0
2.9320,descent,2.9108,49.4824,43.1543,76.9440,-9.6180,0.028564,0.041202,0.079217,0.005783,0.6000,+0
2.9331,descent,2.9108,49.5703,43.0664,74.1960,-9.6180,0.028409,0.041894,0.079197,0.005803,0.6000,+0
2.9340,descent,2.9601,49.5703,43.0664,71.4480,-8.2440,0.028438,0.041839,0.079197,0.005803,0.6000,+0
2.9352,descent,2.9601,49.6582,43.0664,70.0740,-8.2440,0.028273,0.041844,0.079205,0.005795,0.6000,+0
2.9363,descent,2.9601,49.6582,43.0664,68.7000,-8.2440,0.028287,0.041844,0.079205,0.005795,0.6000,+0
2.9376,descent,2.9601,49.6582,43.1543,67.3260,-6.8700,0.028306,0.041103,0.079207,0.005793,0.6000,+0
2.9385,descent,2.9601,49.7461,43.0664,64.5780,-6.8700,0.028151,0.041794,0.079207,0.005793,0.6000,+0
2.9396,descent,2.9601,49.7461,43.1543,63.2040,-5.4960,0.028170,0.041060,0.079185,0.005815,0.6000,+0
2.9407,descent,2.9601,49.7461,43.0664,61.8300,-5.4960,0.028180,0.041747,0.079185,0.005815,0.6000,+0
2.9420,descent,2.9601,49.7461,43.1543,59.0820,-4.1220,0.028213,0.041634,0.079190,0.005810,0.6000,+0
2.9431,descent,2.9601,49.7461,43.1543,54.9600,-2.7480,0.028256,0.056468,0.079184,0.005816,0.6000,+0
2.9442,descent,2.9601,49.7461,43.1543,52.2120,-2.7480,0.028285,0.056468,0.079184,0.005816,0.6000,+0
2.9454,descent,2.9601,49.7461,43.1543,50.8380,-1.3740,0.028299,0.146456,0.079181,0.005819,0.6000,+0
2.9463,descent,2.9601,49.7461,43.1543,48.0900,-1.3740,0.028328,0.146456,0.079181,0.005819,0.6000,+0
2.9476,descent,2.9601,49.7461,43.1543,45.3420,-1.3740,0.028356,0.146456,0.079175,0.005825,0.6000,+0
2.9485,descent,2.9601,49.7461,43.1543,42.5940,-1.3740,0.028385,0.146456,0.079175,0.005825,0.6000,+0
2.9496,descent,2.9601,49.7461,43.0664,41.2200,-1.3740,0.028395,0.147143,0.079161,0.005839,0.6000,+0
2.9507,descent,2.9601,49.7461,43.1543,38.4720,0.0000,0.028428,0.240835,0.079161,0.005839,0.6000,+0
2.9520,descent,2.9601,49.7461,43.1543,37.0980,0.0000,0.028442,0.240835,0.079164,0.005836,0.6000,+0
2.9531,descent,2.9601,49.7461,43.0664,32.9760,0.0000,0.028480,0.241522,0.079176,0.005824,0.6000,+0
2.9542,descent,2.9601,49.7461,43.1543,30.2280,0.0000,0.028514,0.240835,0.079176,0.005824,0.6000,+0
2.9551,descent,2.9601,49.7461,43.1543,28.8540,0.0000,0.028528,0.240835,0.079156,0.005844,0.6000,+0
2.9564,descent,2.9601,49.7461,43.1543,27.4800,1.3740,0.028542,0.146347,0.079156,0.005844,0.6000,+0
2.9574,descent,2.9601,49.7461,43.1543,24.7320,1.3740,0.028571,0.146347,0.079151,0.005849,0.6000,+0
2.9585,descent,2.9601,49.6582,43.1543,23.3580,1.3740,0.028764,0.146342,0.079151,0.005849,0.6000,+0
2.9596,descent,2.9601,49.6582,43.1543,20.6100,1.3740,0.028793,0.146342,0.079146,0.005854,0.6000,+0
2.9607,descent,2.9601,49.6582,43.1543,19.2360,1.3740,0.028807,0.146342,0.079146,0.005854,0.6000,+0
2.9620,descent,2.9601,49.6582,43.2422,17.8620,2.7480,0.028826,0.055559,0.079148,0.005852,0.6000,+0
2.9631,descent,2.9601,49.6582,43.3301,15.1140,2.7480,0.028859,0.054872,0.079149,0.005851,0.6000,+0
2.9642,descent,2.9601,49.6582,43.3301,12.3660,4.1220,0.028888,0.039930,0.079149,0.005851,0.6000,+0
2.9651,descent,2.9601,49.6582,43.4180,10.9920,5.4960,0.028907,0.038560,0.079139,0.005861,0.6000,+0
2.9665,descent,2.9601,49.6582,43.5059,9.6180,6.8700,0.028926,0.037811,0.079139,0.005861,0.6000,+0
2.9674,descent,2.9601,49.6582,43.5059,8.2440,6.8700,0.028940,0.037811,0.079139,0.005861,0.6000,+0
2.9685,descent,2.9601,49.5703,43.5937,6.8700,9.6180,0.029138,0.037011,0.079139,0.005861,0.6000,+0
2.9696,descent,2.9601,49.5703,43.7695,5.4960,9.6180,0.029169,0.035637,0.079123,0.005877,0.6000,+0
2.9707,descent,2.9601,49.5703,43.8574,4.1220,12.3660,0.029817,0.034841,0.079123,0.005877,0.6000,+0
2.9720,descent,2.9601,49.5703,43.9453,2.7480,13.7400,0.044724,0.034100,0.079135,0.005865,0.6000,+0
2.9731,descent,2.9601,49.5703,44.1211,1.3740,17.8620,0.134790,0.032563,0.079116,0.005884,0.6000,+0
2.9743,descent,2.9601,49.5703,44.2090,0.0000,19.2360,0.229243,0.031822,0.079116,0.005884,0.6000,+0
2.9751,descent,2.9601,49.4824,44.2969,-1.3740,21.9840,0.135007,0.031022,0.079119,0.005881,0.6000,+0
2.9764,descent,2.9601,49.4824,44.2969,-1.3740,23.3580,0.135007,0.030967,0.079119,0.005881,0.6000,+0
2.9774,descent,2.9601,49.4824,44.3848,-2.7480,24.7320,0.044984,0.030226,0.079103,0.005897,0.6000,+0
2.9785,descent,2.9601,49.4824,44.4727,-4.1220,27.4800,0.030115,0.029430,0.079103,0.005897,0.6000,+0
2.9796,descent,2.9601,49.4824,44.5605,-4.1220,28.8540,0.030120,0.028689,0.079101,0.005899,0.6000,+0
2.9807,descent,2.9601,49.4824,44.5605,-4.1220,31.6020,0.030120,0.028580,0.079101,0.005899,0.6000,+0
2.9820,descent,2.9601,49.4824,44.6484,-5.4960,32.9760,0.029510,0.027839,0.079116,0.005884,0.6000,+0
2.9831,descent,2.9601,49.3945,44.7363,-6.8700,37.0980,0.029701,0.026984,0.079094,0.005906,0.6000,+0
2.9842,descent,2.9601,49.3945,44.8242,-6.8700,39.8460,0.029705,0.026189,0.079094,0.005906,0.6000,+0
2.9854,descent,2.9601,49.3945,44.8242,-6.8700,41.2200,0.029705,0.026134,0.079095,0.005905,0.6000,+0
2.9863,descent,2.9601,49.3945,44.9121,-8.2440,42.5940,0.029724,0.025393,0.079095,0.005905,0.6000,+0
2.9876,descent,2.9601,49.3945,44.9121,-8.2440,43.9680,0.029724,0.025339,0.079090,0.005910,0.6000,+0
2.9885,descent,2.9601,49.4824,45.0000,-8.2440,46.7160,0.029550,0.024548,0.079090,0.005910,0.6000,+0
2.9896,descent,2.9601,49.4824,45.0000,-8.2440,48.0900,0.029550,0.024494,0.079077,0.005923,0.6000,+0
2.9907,descent,2.9601,49.4824,45.0000,-8.2440,48.0900,0.029550,0.024494,0.079077,0.005923,0.6000,+0
2.9920,descent,2.9601,49.4824,45.0000,-6.8700,49.4640,0.029536,0.024439,0.079086,0.005914,0.6000,+0
2.9931,descent,2.9601,49.4824,45.1758,-6.8700,52.2120,0.029545,0.022957,0.079082,0.005918,0.6000,+0
2.9942,descent,2.9601,49.4824,45.1758,-6.8700,52.2120,0.029545,0.022957,0.079082,0.005918,0.6000,+0
2.9953,descent,2.9601,49.4824,45.1758,-5.4960,52.2120,0.029538,0.022957,0.079071,0.005929,0.6000,+0
2.9963,descent,2.9601,49.4824,45.1758,-5.4960,52.2120,0.029538,0.022957,0.079071,0.005929,0.6000,+0
2.9976,descent,2.9601,49.4824,45.1758,-5.4960,52.2120,0.029538,0.022957,0.079079,0.005921,0.6000,+0
2.9985,descent,2.9601,49.4824,45.1758,-5.4960,50.8380,0.029538,0.023011,0.079079,0.005921,0.6000,+0
2.9996,descent,2.9601,49.4824,45.1758,-5.4960,50.8380,0.029538,0.023011,0.079077,0.005923,0.6000,+0
3.0007,descent,2.9601,49.4824,45.1758,-5.4960,49.4640,0.029538,0.023066,0.079077,0.005923,0.6000,+0
3.0020,descent,2.9601,49.4824,45.1758,-4.1220,48.0900,0.030153,0.023120,0.079077,0.005923,0.6000,+0
3.0031,descent,2.9601,49.4824,45.1758,-4.1220,45.3420,0.030153,0.023229,0.079065,0.005935,0.6000,+0
3.0042,descent,2.9601,49.3945,45.1758,-4.1220,43.9680,0.030332,0.023279,0.079065,0.005935,0.6000,+0
3.0054,descent,2.9601,49.3945,45.0000,-4.1220,41.2200,0.030322,0.024761,0.079066,0.005934,0.6000,+0
3.0063,descent,2.9601,49.3945,45.0000,-4.1220,39.8460,0.030322,0.024815,0.079066,0.005934,0.6000,+0
3.0076,descent,2.9601,49.3945,45.0000,-4.1220,37.0980,0.030322,0.024924,0.079054,0.005946,0.6000,+0
3.0085,descent,2.9601,49.3945,45.0000,-4.1220,34.3500,0.030322,0.025033,0.079054,0.005946,0.6000,+0
3.0096,descent,2.9601,49.3945,45.0000,-2.7480,32.9760,0.045196,0.025087,0.079045,0.005955,0.6000,+0
3.0107,descent,2.9601,49.3945,45.0000,-2.7480,30.2280,0.045196,0.025196,0.079045,0.005955,0.6000,+0
3.0120,descent,2.9601,49.3945,45.0000,-2.7480,27.4800,0.045196,0.025305,0.079039,0.005961,0.6000,+0
3.0131,descent,2.9601,49.3945,44.9121,-2.7480,23.3580,0.045191,0.026155,0.079046,0.005954,0.6000,+0
3.0142,descent,2.9601,49.3945,44.9121,-2.7480,20.6100,0.045191,0.026264,0.079046,0.005954,0.6000,+0
3.0151,descent,2.9601,49.3945,44.9121,-1.3740,19.2360,0.135219,0.026318,0.079043,0.005957,0.6000,+0
3.0165,descent,2.9601,49.3945,44.9121,-1.3740,16.4880,0.135219,0.026427,0.079043,0.005957,0.6000,+0
3.0174,descent,2.9601,49.3945,44.9121,-1.3740,15.1140,0.135219,0.026482,0.079041,0.005959,0.6000,+0
3.0185,descent,2.9601,49.3945,44.8242,-1.3740,12.3660,0.135214,0.027277,0.079041,0.005959,0.6000,+0
3.0196,descent,2.9601,49.3945,44.8242,0.0000,9.6180,0.229634,0.027386,0.079029,0.005971,0.6000,+0
3.0207,descent,2.9601,49.3945,44.8242,-1.3740,8.2440,0.135214,0.027441,0.079029,0.005971,0.6000,+0
3.0220,descent,2.9601,49.3945,44.8242,-1.3740,5.4960,0.135214,0.027557,0.079026,0.005974,0.6000,+0
3.0231,descent,2.9601,49.3945,44.7363,-1.3740,2.7480,0.135210,0.043869,0.078999,0.006001,0.6000,+0
3.0240,descent,2.9467,49.3945,44.7363,-1.3740,1.3740,0.135210,0.133966,0.078999,0.006001,0.6000,+0
3.0252,descent,2.9467,49.3945,44.6484,-1.3740,-1.3740,0.135205,0.134761,0.079013,0.005987,0.6000,+0
3.0264,descent,2.9467,49.3945,44.6484,-1.3740,-2.7480,0.135205,0.044774,0.079013,0.005987,0.6000,+0
3.0274,descent,2.9467,49.3945,44.6484,-1.3740,-4.1220,0.135205,0.029940,0.079001,0.005999,0.6000,+0
3.0285,descent,2.9467,49.3945,44.6484,-1.3740,-5.4960,0.135205,0.029366,0.079001,0.005999,0.6000,+0
3.0296,descent,2.9467,49.4824,44.5605,-1.3740,-6.8700,0.135021,0.030104,0.079004,0.005996,0.6000,+0
3.0307,descent,2.9467,49.4824,44.5605,-1.3740,-8.2440,0.135021,0.030159,0.079004,0.005996,0.6000,+0
3.0320,descent,2.9467,49.4824,44.5605,-1.3740,-9.6180,0.135021,0.030213,0.079005,0.005995,0.6000,+0
3.0330,descent,2.9467,49.5703,44.5605,0.0000,-10.9920,0.229262,0.030272,0.079005,0.005995,0.6000,+0
3.0342,descent,2.9467,49.5703,44.5605,1.3740,-12.3660,0.134814,0.030327,0.078983,0.006017,0.6000,+0
3.0354,descent,2.9467,49.6582,44.4727,1.3740,-12.3660,0.134630,0.031018,0.078997,0.006003,0.6000,+0
3.0363,descent,2.9467,49.7461,44.4727,2.7480,-13.7400,0.044395,0.031077,0.078997,0.006003,0.6000,+0
3.0376,descent,2.9467,49.7461,44.4727,4.1220,-13.7400,0.029492,0.031077,0.078982,0.006018,0.6000,+0
3.0385,descent,2.9467,49.8340,44.3848,5.4960,-15.1140,0.028665,0.031823,0.078982,0.006018,0.6000,+0
3.0396,descent,2.9467,49.8340,44.3848,6.8700,-15.1140,0.028644,0.031823,0.078991,0.006009,0.6000,+0
3.0407,descent,2.9467,49.9219,44.3848,8.2440,-15.1140,0.028450,0.031828,0.078991,0.006009,0.6000,+0
3.0420,descent,2.9467,50.0098,44.3848,9.6180,-16.4880,0.028257,0.031887,0.078978,0.006022,0.6000,+0
3.0431,descent,2.9467,50.1855,44.3848,13.7400,-16.4880,0.027856,0.031896,0.078978,0.006022,0.6000,+0
3.0442,descent,2.9467,50.1855,44.3848,15.1140,-16.4880,0.027842,0.031896,0.078978,0.006022,0.6000,+0
3.0451,descent,2.9467,50.2734,44.3848,17.8620,-16.4880,0.027634,0.031901,0.078967,0.006033,0.6000,+0
3.0465,descent,2.9467,50.3613,44.2969,19.2360,-16.4880,0.027436,0.032593,0.078967,0.006033,0.6000,+0
3.0474,descent,2.9467,50.4492,44.2969,21.9840,-17.8620,0.027229,0.032652,0.078956,0.006044,0.6000,+0
3.0485,descent,2.9467,50.5371,44.2969,23.3580,-17.8620,0.027035,0.032656,0.078956,0.006044,0.6000,+0
3.0496,descent,2.9467,50.6250,44.2969,26.1060,-17.8620,0.026828,0.032661,0.078958,0.006042,0.6000,+0
3.0507,descent,2.9467,50.6250,44.2969,27.4800,-17.8620,0.026814,0.032661,0.078958,0.006042,0.6000,+0
3.0520,descent,2.9467,50.7129,44.2969,30.2280,-16.4880,0.026606,0.032612,0.078955,0.006045,0.6000,+0
3.0531,descent,2.9467,50.8887,44.2969,34.3500,-16.4880,0.026205,0.032621,0.078940,0.006060,0.6000,+0
3.0542,descent,2.9467,50.8887,44.2969,35.7240,-16.4880,0.026191,0.032621,0.078940,0.006060,0.6000,+0
3.0551,descent,2.9467,50.9766,44.2090,38.4720,-16.4880,0.025979,0.033312,0.078954,0.006046,0.6000,+0
3.0565,descent,2.9467,51.0645,44.2090,39.8460,-16.4880,0.025785,0.033317,0.078954,0.006046,0.6000,+0
3.0574,descent,2.9467,51.0645,44.2090,42.5940,-16.4880,0.025757,0.033317,0.078926,0.006074,0.6000,+0
3.0585,descent,2.9467,51.1523,44.2090,43.9680,-15.1140,0.025563,0.033267,0.078926,0.006074,0.6000,+0
3.0596,descent,2.9467,51.1523,44.2090,45.3420,-15.1140,0.025549,0.033267,0.078931,0.006069,0.6000,+0
3.0607,descent,2.9467,51.2402,44.2090,48.0900,-15.1140,0.025342,0.033272,0.078931,0.006069,0.6000,+0
3.0620,descent,2.9467,51.3281,44.2090,49.4640,-13.7400,0.025148,0.033223,0.078949,0.006051,0.6000,+0
3.0631,descent,2.9467,51.3281,44.2090,52.2120,-12.3660,0.025120,0.033168,0.078915,0.006085,0.6000,+0
3.0643,descent,2.9467,51.4160,44.2090,52.2120,-12.3660,0.024941,0.033173,0.078915,0.006085,0.6000,+0
3.0652,descent,2.9467,51.4160,44.2090,53.5860,-12.3660,0.024927,0.033173,0.078923,0.006077,0.6000,+0
3.0663,descent,2.9467,51.4160,44.2090,53.5860,-12.3660,0.024927,0.033173,0.078923,0.006077,0.6000,+0
3.0674,descent,2.9467,51.5039,44.2090,54.9600,-10.9920,0.024733,0.033123,0.078918,0.006082,0.6000,+0
3.0685,descent,2.9467,51.5039,44.2090,54.9600,-10.9920,0.024733,0.033123,0.078918,0.006082,0.6000,+0
3.0696,descent,2.9467,51.5039,44.2090,54.9600,-9.6180,0.024733,0.033069,0.078910,0.006090,0.6000,+0
3.0708,descent,2.9467,51.5918,44.2090,54.9600,-9.6180,0.024554,0.033073,0.078910,0.006090,0.6000,+0
3.0719,descent,2.9467,51.5918,44.2090,54.9600,-8.2440,0.024554,0.033019,0.078907,0.006093,0.6000,+0
3.0731,descent,2.9467,51.5918,44.2090,53.5860,-8.2440,0.024569,0.033019,0.078904,0.006096,0.6000,+0
3.0742,descent,2.9467,51.5918,44.2090,53.5860,-6.8700,0.024569,0.032965,0.078904,0.006096,0.6000,+0
3.0752,descent,2.9467,51.6797,44.2090,52.2120,-6.8700,0.024404,0.032969,0.078915,0.006085,0.6000,+0
3.0762,descent,2.9467,51.6797,44.2090,52.2120,-6.8700,0.024404,0.032969,0.078915,0.006085,0.6000,+0
3.0773,descent,2.9467,51.6797,44.2090,50.8380,-6.8700,0.024418,0.032969,0.078902,0.006098,0.6000,+0
3.0785,descent,2.9467,51.6797,44.2090,49.4640,-5.4960,0.024433,0.032922,0.078902,0.006098,0.6000,+0
3.0799,descent,2.9467,51.6797,44.2090,48.0900,-5.4960,0.024447,0.032922,0.078897,0.006103,0.6000,+0
3.0808,descent,2.9467,51.6797,44.2090,46.7160,-4.1220,0.024461,0.033497,0.078897,0.006103,0.6000,+0
3.0820,descent,2.9467,51.5918,44.2090,43.9680,-4.1220,0.024669,0.033492,0.078881,0.006119,0.6000,+0
3.0835,descent,2.9467,51.5918,44.2090,39.8460,-4.1220,0.024712,0.033492,0.078895,0.006105,0.6000,+0
3.0842,descent,2.9467,51.5918,44.2090,38.4720,-4.1220,0.024726,0.033492,0.078895,0.006105,0.6000,+0
3.0854,descent,2.9467,51.5918,44.2090,35.7240,-2.7480,0.024755,0.048326,0.078887,0.006113,0.6000,+0
3.0864,descent,2.9467,51.5918,44.2090,34.3500,-2.7480,0.024769,0.048326,0.078887,0.006113,0.6000,+0
3.0875,descent,2.9467,51.5918,44.2090,31.6020,-2.7480,0.024798,0.048326,0.078880,0.006120,0.6000,+0
3.0887,descent,2.9467,51.5918,44.2090,30.2280,-1.3740,0.024812,0.138313,0.078880,0.006120,0.6000,+0
3.0897,descent,2.9467,51.5918,44.2090,27.4800,-1.3740,0.024841,0.138313,0.078867,0.006133,0.6000,+0
3.0908,descent,2.9467,51.5918,44.2090,26.1060,-1.3740,0.024855,0.138313,0.078867,0.006133,0.6000,+0
3.0920,descent,2.9467,51.5918,44.1211,24.7320,-1.3740,0.024864,0.139000,0.078873,0.006127,0.6000,+0
3.0935,descent,2.9467,51.5039,44.2090,19.2360,-1.3740,0.025105,0.138309,0.078849,0.006151,0.6000,+0
3.0941,descent,2.9467,51.5039,44.2090,17.8620,0.0000,0.025120,0.232688,0.078849,0.006151,0.6000,+0
3.0953,descent,2.9467,51.5039,44.2090,16.4880,0.0000,0.025134,0.232688,0.078860,0.006140,0.6000,+0
3.0963,descent,2.9467,51.5039,44.2090,13.7400,0.0000,0.025163,0.232688,0.078860,0.006140,0.6000,+0
3.0976,descent,2.9467,51.4160,44.2090,12.3660,0.0000,0.025356,0.232683,0.078847,0.006153,0.6000,+0
3.0985,descent,2.9467,51.4160,44.2090,10.9920,0.0000,0.025370,0.232683,0.078847,0.006153,0.6000,+0
3.0996,descent,2.9467,51.4160,44.2090,8.2440,0.0000,0.025399,0.232683,0.078859,0.006141,0.6000,+0
3.1007,descent,2.9467,51.4160,44.2090,6.8700,0.0000,0.025413,0.232683,0.078859,0.006141,0.6000,+0
3.1020,descent,2.9467,51.3281,44.2090,5.4960,0.0000,0.025614,0.232678,0.078849,0.006151,0.6000,+0
3.1033,descent,2.9467,51.3281,44.2090,1.3740,0.0000,0.131216,0.232678,0.078841,0.006159,0.6000,+0
3.1041,descent,2.9467,51.3281,44.2090,0.0000,0.0000,0.225664,0.232678,0.078841,0.006159,0.6000,+0
3.1053,descent,2.9467,51.3281,44.2090,0.0000,0.0000,0.225664,0.232678,0.078845,0.006155,0.6000,+0
3.1063,descent,2.9467,51.3281,44.2969,-1.3740,1.3740,0.131249,0.137503,0.078845,0.006155,0.6000,+0
3.1076,descent,2.9467,51.2402,44.2969,-2.7480,1.3740,0.041400,0.137499,0.078833,0.006167,0.6000,+0
3.1085,descent,2.9467,51.2402,44.3848,-4.1220,1.3740,0.026531,0.136812,0.078833,0.006167,0.6000,+0
3.1096,descent,2.9467,51.2402,44.4727,-5.4960,2.7480,0.025921,0.046029,0.078826,0.006174,0.6000,+0
3.1107,descent,2.9467,51.2402,44.4727,-6.8700,4.1220,0.025928,0.031086,0.078826,0.006174,0.6000,+0
3.1120,descent,2.9467,51.1523,44.5605,-8.2440,5.4960,0.026126,0.029711,0.078840,0.006160,0.6000,+0
3.1133,descent,2.9467,51.1523,44.7363,-9.6180,8.2440,0.026150,0.028222,0.078836,0.006164,0.6000,+0
3.1141,descent,2.9165,51.1523,44.8242,-10.9920,9.6180,0.026169,0.027481,0.078836,0.006164,0.6000,+0
3.1153,descent,2.9165,51.0645,44.9121,-10.9920,10.9920,0.026353,0.026735,0.078821,0.006179,0.6000,+0
3.1163,descent,2.9165,51.0645,45.0000,-12.3660,13.7400,0.026372,0.025939,0.078821,0.006179,0.6000,+0
3.1176,descent,2.9165,51.0645,45.1758,-12.3660,16.4880,0.026381,0.024457,0.078819,0.006181,0.6000,+0
3.1185,descent,2.9165,51.0645,45.2637,-12.3660,17.8620,0.026386,0.023716,0.078819,0.006181,0.6000,+0
3.1196,descent,2.9165,51.0645,45.3516,-13.7400,20.6100,0.026405,0.022920,0.078827,0.006173,0.6000,+0
3.1207,descent,2.9165,51.0645,45.4395,-13.7400,23.3580,0.026410,0.022125,0.078827,0.006173,0.6000,+0
3.1219,descent,2.9165,51.0645,45.5273,-13.7400,24.7320,0.026415,0.021384,0.078811,0.006189,0.6000,+0
3.1232,descent,2.9165,51.0645,45.7031,-15.1140,30.2280,0.026439,0.019793,0.078816,0.006184,0.6000,+0
3.1241,descent,2.9165,51.0645,45.7910,-13.7400,32.9760,0.026429,0.018997,0.078816,0.006184,0.6000,+0
3.1252,descent,2.9165,51.0645,45.8789,-13.7400,35.7240,0.026434,0.018202,0.078817,0.006183,0.6000,+0
3.1264,descent,2.9165,51.0645,45.9668,-13.7400,38.4720,0.026439,0.017406,0.078817,0.006183,0.6000,+0
3.1274,descent,2.9165,51.1523,46.0547,-13.7400,41.2200,0.026264,0.016615,0.078800,0.006200,0.6000,+0
3.1285,descent,2.9165,51.1523,46.0547,-12.3660,42.5940,0.026250,0.016561,0.078800,0.006200,0.6000,+0
3.1296,descent,2.9165,51.1523,46.1426,-12.3660,45.3420,0.026255,0.015766,0.078807,0.006193,0.6000,+0
3.1307,descent,2.9165,51.0645,46.2305,-12.3660,48.0900,0.026439,0.014965,0.078807,0.006193,0.6000,+0
3.1320,descent,2.9165,51.0645,46.2305,-12.3660,49.4640,0.026439,0.014911,0.078795,0.006205,0.6000,+0
3.1331,descent,2.9165,51.0645,46.3184,-10.9920,53.5860,0.026429,0.014061,0.078788,0.006212,0.6000,+0
3.1342,descent,2.9165,51.0645,46.4062,-10.9920,54.9600,0.026434,0.013320,0.078788,0.006212,0.6000,+0
3.1351,descent,2.9165,51.0645,46.4062,-9.6180,57.7080,0.026420,0.013211,0.078779,0.006221,0.6000,+0
3.1364,descent,2.9165,51.0645,46.4062,-9.6180,59.0820,0.026420,0.013157,0.078779,0.006221,0.6000,+0
3.1374,descent,2.9165,51.0645,46.4062,-9.6180,59.0820,0.026420,0.013157,0.078780,0.006220,0.6000,+0
3.1385,descent,2.9165,51.0645,46.4062,-9.6180,60.4560,0.026420,0.013102,0.078780,0.006220,0.6000,+0
3.1396,descent,2.9165,51.0645,46.5820,-8.2440,61.8300,0.026415,0.011674,0.078788,0.006212,0.6000,+0
3.1407,descent,2.9165,51.0645,46.5820,-8.2440,61.8300,0.026415,0.011674,0.078788,0.006212,0.6000,+0
3.1420,descent,2.9165,51.0645,46.4062,-6.8700,61.8300,0.026391,0.013048,0.078768,0.006232,0.6000,+0
3.1434,descent,2.9165,51.0645,46.4062,-6.8700,60.4560,0.026391,0.013102,0.078779,0.006221,0.6000,+0
3.1441,descent,2.9165,51.0645,46.4062,-5.4960,59.0820,0.026384,0.013157,0.078779,0.006221,0.6000,+0
3.1454,descent,2.9165,51.0645,46.4062,-5.4960,57.7080,0.026384,0.013211,0.078766,0.006234,0.6000,+0
3.1463,descent,2.9165,51.0645,46.4062,-4.1220,56.3340,0.026998,0.013265,0.078766,0.006234,0.6000,+0
3.1476,descent,2.9165,50.9766,46.4062,-4.1220,54.9600,0.027177,0.013315,0.078758,0.006242,0.6000,+0
3.1485,descent,2.9165,50.9766,46.4062,-4.1220,52.2120,0.027177,0.013424,0.078758,0.006242,0.6000,+0
3.1496,descent,2.9165,50.9766,46.3184,-4.1220,50.8380,0.027172,0.014165,0.078767,0.006233,0.6000,+0
3.1507,descent,2.9165,50.9766,46.3184,-4.1220,48.0900,0.027172,0.014274,0.078767,0.006233,0.6000,+0
3.1520,descent,2.9165,50.9766,46.3184,-2.7480,45.3420,0.042046,0.014383,0.078765,0.006235,0.6000,+0
3.1531,descent,2.9165,50.9766,46.2305,-2.7480,39.8460,0.042042,0.015287,0.078760,0.006240,0.6000,+0
3.1542,descent,2.9165,50.9766,46.2305,-2.7480,37.0980,0.042042,0.015396,0.078760,0.006240,0.6000,+0
3.1552,descent,2.9165,50.9766,46.1426,-2.7480,32.9760,0.042037,0.016246,0.078757,0.006243,0.6000,+0
3.1563,descent,2.9165,50.9766,46.1426,-2.7480,30.2280,0.042037,0.016355,0.078757,0.006243,0.6000,+0
3.1576,descent,2.9165,50.8887,46.1426,-2.7480,27.4800,0.042216,0.016459,0.078751,0.006249,0.6000,+0
3.1585,descent,2.9165,50.8887,46.0547,-2.7480,23.3580,0.042211,0.017309,0.078751,0.006249,0.6000,+0
3.1596,descent,2.9165,50.8887,46.0547,-4.1220,20.6100,0.027337,0.017417,0.078758,0.006242,0.6000,+0
3.1607,descent,2.9165,50.8887,46.0547,-4.1220,17.8620,0.027337,0.017526,0.078758,0.006242,0.6000,+0
3.1620,descent,2.9165,50.8887,46.0547,-4.1220,15.1140,0.027337,0.017635,0.078744,0.006256,0.6000,+0
3.1631,descent,2.9165,50.8887,45.8789,-4.1220,8.2440,0.027327,0.019281,0.078747,0.006253,0.6000,+0
3.1642,descent,2.9165,50.8008,45.8789,-5.4960,5.4960,0.026892,0.019392,0.078747,0.006253,0.6000,+0
3.1651,descent,2.9165,50.8008,45.8789,-5.4960,2.7480,0.026892,0.035018,0.078743,0.006257,0.6000,+0
3.1665,descent,2.9165,50.8008,45.7910,-5.4960,0.0000,0.026887,0.220289,0.078743,0.006257,0.6000,+0
3.1674,descent,2.9165,50.8008,45.7031,-5.4960,-4.1220,0.026882,0.021775,0.078738,0.006262,0.6000,+0
3.1685,descent,2.9165,50.8008,45.7031,-6.8700,-6.8700,0.026889,0.021248,0.078738,0.006262,0.6000,+0
3.1696,descent,2.9165,50.8008,45.6152,-6.8700,-8.2440,0.026885,0.021989,0.078728,0.006272,0.6000,+0
3.1707,descent,2.9165,50.7129,45.6152,-6.8700,-10.9920,0.027064,0.022093,0.078728,0.006272,0.6000,+0
3.1720,descent,2.9165,50.7129,45.5273,-6.8700,-13.7400,0.027059,0.022889,0.078733,0.006267,0.6000,+0
3.1731,descent,2.9165,50.7129,45.4395,-8.2440,-17.8620,0.027068,0.023738,0.078732,0.006268,0.6000,+0
3.1743,descent,2.9165,50.7129,45.4395,-8.2440,-19.2360,0.027068,0.023793,0.078732,0.006268,0.6000,+0
3.1751,descent,2.9165,50.7129,45.3516,-8.2440,-21.9840,0.027064,0.024588,0.078712,0.006288,0.6000,+0
3.1765,descent,2.9165,50.7129,45.2637,-9.6180,-23.3580,0.027073,0.025330,0.078712,0.006288,0.6000,+0
3.1774,descent,2.9165,50.7129,45.1758,-9.6180,-26.1060,0.027068,0.026125,0.078715,0.006285,0.6000,+0
3.1785,descent,2.9165,50.6250,45.1758,-9.6180,-27.4800,0.027247,0.026175,0.078715,0.006285,0.6000,+0
3.1796,descent,2.9165,50.6250,45.0000,-9.6180,-28.8540,0.027238,0.027603,0.078716,0.006284,0.6000,+0
3.1807,descent,2.9165,50.6250,45.0000,-9.6180,-30.2280,0.027238,0.027657,0.078716,0.006284,0.6000,+0
3.1820,descent,2.9165,50.6250,44.9121,-9.6180,-31.6020,0.027233,0.028398,0.078700,0.006300,0.6000,+0
3.1834,descent,2.9165,50.6250,44.8242,-9.6180,-34.3500,0.027228,0.029194,0.078690,0.006310,0.6000,+0
3.1841,descent,2.9165,50.6250,44.8242,-9.6180,-35.7240,0.027228,0.029248,0.078690,0.006310,0.6000,+0
3.1852,descent,2.9165,50.5371,44.7363,-10.9920,-37.0980,0.027417,0.029985,0.078694,0.006306,0.6000,+0
3.1864,descent,2.9165,50.5371,44.6484,-10.9920,-38.4720,0.027412,0.030726,0.078694,0.006306,0.6000,+0
3.1874,descent,2.9165,50.5371,44.6484,-10.9920,-38.4720,0.027412,0.030726,0.078698,0.006302,0.6000,+0
3.1885,descent,2.9165,50.5371,44.5605,-10.9920,-39.8460,0.027407,0.031467,0.078698,0.006302,0.6000,+0
3.1896,descent,2.9165,50.5371,44.5605,-10.9920,-41.2200,0.027407,0.031521,0.078672,0.006328,0.6000,+0
3.1909,descent,2.9165,50.4492,44.4727,-10.9920,-41.2200,0.027582,0.032203,0.078678,0.006322,0.6000,+0
3.1919,descent,2.9165,50.4492,44.4727,-12.3660,-42.5940,0.027596,0.032258,0.078678,0.006322,0.6000,+0
3.1929,descent,2.9165,50.4492,44.2969,-12.3660,-43.9680,0.027587,0.033686,0.078678,0.006322,0.6000,+0
3.1940,descent,2.9165,50.4492,44.2969,-12.3660,-45.3420,0.027587,0.033740,0.078672,0.006328,0.6000,+0
3.1951,descent,2.9165,50.3613,44.2090,-12.3660,-45.3420,0.027761,0.034422,0.078688,0.006312,0.6000,+0
3.1962,descent,2.9165,50.3613,44.2090,-12.3660,-45.3420,0.027761,0.034422,0.078688,0.006312,0.6000,+0
3.1973,descent,2.9165,50.3613,44.1211,-12.3660,-46.7160,0.027756,0.035163,0.078664,0.006336,0.6000,+0
3.1985,descent,2.9165,50.3613,44.1211,-12.3660,-46.7160,0.027756,0.035163,0.078664,0.006336,0.6000,+0
3.1996,descent,2.9638,50.2734,44.0332,-13.7400,-46.7160,0.027945,0.035846,0.078675,0.006325,0.6000,+0
3.2007,descent,2.9638,50.2734,44.0332,-13.7400,-48.0900,0.027945,0.035900,0.078675,0.006325,0.6000,+0
3.2018,descent,2.9638,50.2734,43.9453,-13.7400,-48.0900,0.027940,0.036587,0.078659,0.006341,0.6000,+0
3.2034,descent,2.9638,50.2734,43.8574,-13.7400,-48.0900,0.027935,0.037274,0.078647,0.006353,0.6000,+0
3.2042,descent,2.9638,50.1855,43.8574,-13.7400,-48.0900,0.028114,0.037269,0.078647,0.006353,0.6000,+0
3.2055,descent,2.9638,50.1855,43.7695,-13.7400,-48.0900,0.028109,0.037956,0.078654,0.006346,0.6000,+0
3.2062,descent,2.9638,50.1855,43.5937,-15.1140,-48.0900,0.028114,0.039329,0.078654,0.006346,0.6000,+0
3.2073,descent,2.9638,50.1855,43.5937,-15.1140,-48.0900,0.028114,0.039329,0.078655,0.006345,0.6000,+0
3.2086,descent,2.9638,50.1855,43.5059,-15.1140,-48.0900,0.028110,0.040016,0.078655,0.006345,0.6000,+0
3.2096,descent,2.9638,50.0977,43.5059,-15.1140,-48.0900,0.028289,0.040011,0.078644,0.006356,0.6000,+0
3.2107,descent,2.9638,50.0977,43.4180,-15.1140,-48.0900,0.028284,0.040698,0.078644,0.006356,0.6000,+0
3.2118,descent,2.9638,50.0977,43.4180,-15.1140,-48.0900,0.028284,0.040698,0.078646,0.006354,0.6000,+0
3.2129,descent,2.9638,50.0977,43.3301,-15.1140,-48.0900,0.028279,0.041385,0.078646,0.006354,0.6000,+0
3.2140,descent,2.9638,50.0098,43.3301,-16.4880,-48.0900,0.028473,0.041380,0.078644,0.006356,0.6000,+0
3.2151,descent,2.9638,50.0098,43.2422,-16.4880,-46.7160,0.028468,0.042013,0.078635,0.006365,0.6000,+0
3.2162,descent,2.9638,49.9219,43.2422,-16.4880,-46.7160,0.028647,0.042008,0.078635,0.006365,0.6000,+0
3.2173,descent,2.9638,49.9219,43.1543,-17.8620,-46.7160,0.028657,0.042695,0.078629,0.006371,0.6000,+0
3.2189,descent,2.9638,49.9219,43.1543,-17.8620,-46.7160,0.028657,0.042695,0.078629,0.006371,0.6000,+0
3.2197,descent,2.9638,49.9219,43.0664,-17.8620,-46.7160,0.028652,0.043382,0.078640,0.006360,0.6000,+0
3.2208,descent,2.9638,49.9219,43.0664,-17.8620,-45.3420,0.028652,0.043327,0.078640,0.006360,0.6000,+0
3.2220,descent,2.9638,49.9219,43.0664,-17.8620,-45.3420,0.028652,0.043327,0.078629,0.006371,0.6000,+0
3.2234,descent,2.9638,49.8340,42.9785,-17.8620,-45.3420,0.028826,0.044009,0.078638,0.006362,0.6000,+0
3.2242,descent,2.9638,49.8340,42.8906,-17.8620,-43.9680,0.028822,0.044642,0.078638,0.006362,0.6000,+0
3.2254,descent,2.9638,49.8340,42.8906,-17.8620,-43.9680,0.028822,0.044642,0.078619,0.006381,0.6000,+0
3.2263,descent,2.9638,49.7461,42.8027,-19.2360,-43.9680,0.029010,0.045324,0.078619,0.006381,0.6000,+0
3.2276,descent,2.9638,49.7461,42.8027,-19.2360,-43.9680,0.029010,0.045324,0.078622,0.006378,0.6000,+0
3.2288,descent,2.9638,49.7461,42.8027,-19.2360,-42.5940,0.029010,0.045270,0.078622,0.006378,0.6000,+0
3.2297,descent,2.9638,49.6582,42.8027,-19.2360,-42.5940,0.029189,0.045265,0.078610,0.006390,0.6000,+0
3.2308,descent,2.9638,49.6582,42.7148,-19.2360,-42.5940,0.029185,0.045952,0.078610,0.006390,0.6000,+0
3.2320,descent,2.9638,49.6582,42.7148,-19.2360,-41.2200,0.029185,0.045897,0.078602,0.006398,0.6000,+0
3.2335,descent,2.9638,49.6582,42.7148,-19.2360,-39.8460,0.029185,0.045843,0.078606,0.006394,0.6000,+0
3.2342,descent,2.9638,49.5703,42.6270,-19.2360,-39.8460,0.029359,0.046525,0.078606,0.006394,0.6000,+0
3.2354,descent,2.9638,49.5703,42.6270,-19.2360,-38.4720,0.029359,0.046471,0.078601,0.006399,0.6000,+0
3.2364,descent,2.9638,49.5703,42.6270,-19.2360,-38.4720,0.029359,0.046471,0.078601,0.006399,0.6000,+0
3.2374,descent,2.9638,49.5703,42.6270,-19.2360,-37.0980,0.029359,0.046416,0.078602,0.006398,0.6000,+0
3.2388,descent,2.9638,49.4824,42.6270,-19.2360,-35.7240,0.029538,0.046357,0.078602,0.006398,0.6000,+0
3.2396,descent,2.9638,49.4824,42.5391,-19.2360,-35.7240,0.029533,0.047044,0.078582,0.006418,0.6000,+0
3.2407,descent,2.9638,49.4824,42.5391,-20.6100,-34.3500,0.029548,0.046990,0.078582,0.006418,0.6000,+0
3.2418,descent,2.9638,49.4824,42.5391,-19.2360,-34.3500,0.029533,0.046990,0.078583,0.006417,0.6000,+0
3.2429,descent,2.9638,49.3945,42.5391,-20.6100,-31.6020,0.029727,0.046876,0.078583,0.006417,0.6000,+0
3.2441,descent,2.9638,49.3945,42.5391,-20.6100,-30.2280,0.029727,0.046822,0.078584,0.006416,0.6000,+0
3.2451,descent,2.9638,49.3945,42.5391,-20.6100,-30.2280,0.029727,0.046822,0.078576,0.006424,0.6000,+0
3.2462,descent,2.9638,49.3945,42.5391,-20.6100,-28.8540,0.029727,0.046767,0.078576,0.006424,0.6000,+0
3.2473,descent,2.9638,49.3945,42.5391,-20.6100,-27.4800,0.029727,0.046713,0.078571,0.006429,0.6000,+0
3.2489,descent,2.9638,49.3066,42.4512,-19.2360,-27.4800,0.029887,0.047395,0.078571,0.006429,0.6000,+0
3.2497,descent,2.9638,49.3066,42.4512,-19.2360,-26.1060,0.029887,0.047341,0.078549,0.006451,0.6000,+0
3.2508,descent,2.9638,49.3066,42.4512,-19.2360,-26.1060,0.029887,0.047341,0.078549,0.006451,0.6000,+0
3.2520,descent,2.9638,49.3066,42.4512,-19.2360,-24.7320,0.029887,0.047286,0.078558,0.006442,0.6000,+0
3.2532,descent,2.9638,49.2188,42.4512,-19.2360,-23.3580,0.030066,0.047227,0.078558,0.006442,0.6000,+0
3.2546,descent,2.9638,49.2188,42.4512,-19.2360,-21.9840,0.030066,0.047173,0.078558,0.006442,0.6000,+0
3.2552,descent,2.9638,49.2188,42.4512,-19.2360,-20.6100,0.030066,0.047118,0.078560,0.006440,0.6000,+0
3.2564,descent,2.9638,49.1309,42.4512,-19.2360,-19.2360,0.030245,0.047059,0.078560,0.006440,0.6000,+0
3.2575,descent,2.9638,49.1309,42.4512,-20.6100,-19.2360,0.030259,0.047059,0.078557,0.006443,0.6000,+0
3.2586,descent,2.9638,49.1309,42.4512,-19.2360,-17.8620,0.030245,0.047005,0.078557,0.006443,0.6000,+0
3.2597,descent,2.9638,49.1309,42.4512,-19.2360,-16.4880,0.030245,0.046951,0.078553,0.006447,0.6000,+0
3.2608,descent,2.9638,49.1309,42.4512,-19.2360,-15.1140,0.030245,0.046896,0.078553,0.006447,0.6000,+0
3.2620,descent,2.9638,49.0430,42.4512,-19.2360,-15.1140,0.030424,0.046892,0.078555,0.006445,0.6000,+0
3.2634,descent,2.9638,49.0430,42.4512,-19.2360,-12.3660,0.030424,0.046783,0.078516,0.006484,0.6000,+0
3.2642,descent,2.9638,49.0430,42.4512,-19.2360,-12.3660,0.030424,0.046783,0.078516,0.006484,0.6000,+0
3.2654,descent,2.9638,49.0430,42.4512,-19.2360,-10.9920,0.030424,0.046728,0.078535,0.006465,0.6000,+0
3.2664,descent,2.9638,48.9551,42.4512,-19.2360,-10.9920,0.030603,0.046724,0.078535,0.006465,0.6000,+0
3.2675,descent,2.9638,48.9551,42.4512,-19.2360,-9.6180,0.030603,0.046669,0.078524,0.006476,0.6000,+0
3.2686,descent,2.9638,48.9551,42.4512,-19.2360,-8.2440,0.030603,0.046615,0.078524,0.006476,0.6000,+0
3.2697,descent,2.9638,48.9551,42.4512,-19.2360,-8.2440,0.030603,0.046615,0.078532,0.006468,0.6000,+0
3.2708,descent,2.9638,48.8672,42.4512,-19.2360,-8.2440,0.030782,0.046610,0.078532,0.006468,0.6000,+0
3.2720,descent,2.9638,48.8672,42.4512,-19.2360,-6.8700,0.030782,0.046556,0.078522,0.006478,0.6000,+0
3.2734,descent,2.9638,48.8672,42.5391,-19.2360,-5.4960,0.030787,0.045822,0.078514,0.006486,0.6000,+0
3.2742,descent,2.9638,48.8672,42.4512,-17.8620,-4.1220,0.030768,0.047083,0.078514,0.006486,0.6000,+0
3.2754,descent,2.9638,48.7793,42.4512,-17.8620,-4.1220,0.030947,0.047078,0.078523,0.006477,0.6000,+0
3.2763,descent,2.9638,48.7793,42.4512,-17.8620,-4.1220,0.030947,0.047078,0.078523,0.006477,0.6000,+0
3.2773,descent,2.9638,48.7793,42.4512,-17.8620,-4.1220,0.030947,0.047078,0.078497,0.006503,0.6000,+0
3.2785,descent,2.9638,48.7793,42.4512,-17.8620,-2.7480,0.030947,0.061912,0.078497,0.006503,0.6000,+0
3.2796,descent,2.9638,48.7793,42.5391,-17.8620,-2.7480,0.030951,0.061225,0.078503,0.006497,0.6000,+0
3.2807,descent,2.9638,48.7793,42.4512,-17.8620,-2.7480,0.030947,0.061912,0.078503,0.006497,0.6000,+0
3.2818,descent,2.9638,48.7793,42.4512,-17.8620,-1.3740,0.030947,0.151900,0.078490,0.006510,0.6000,+0
3.2829,descent,2.9638,48.6914,42.4512,-17.8620,-1.3740,0.031126,0.151895,0.078490,0.006510,0.6000,+0
3.2841,descent,2.9638,48.6914,42.4512,-17.8620,-1.3740,0.031126,0.151895,0.078492,0.006508,0.6000,+0
3.2851,descent,2.9638,48.6914,42.4512,-17.8620,0.0000,0.031126,0.246274,0.078495,0.006505,0.6000,+0
3.2862,descent,2.9638,48.6914,42.4512,-16.4880,0.0000,0.031112,0.246274,0.078495,0.006505,0.6000,+0
3.2873,descent,2.9638,48.6035,42.4512,-17.8620,0.0000,0.031305,0.246270,0.078485,0.006515,0.6000,+0
3.2888,descent,2.9638,48.6035,42.4512,-16.4880,0.0000,0.031291,0.246270,0.078485,0.006515,0.6000,+0
3.2897,descent,3.0381,48.6035,42.4512,-16.4880,0.0000,0.031291,0.246270,0.078473,0.006527,0.6000,+0
3.2908,descent,3.0381,48.6035,42.4512,-16.4880,0.0000,0.031291,0.246270,0.078473,0.006527,0.6000,+0
3.2919,descent,3.0381,48.5156,42.4512,-16.4880,0.0000,0.031470,0.246265,0.078464,0.006536,0.6000,+0
3.2931,descent,3.0381,48.5156,42.5391,-16.4880,1.3740,0.031474,0.151090,0.078465,0.006535,0.6000,+0
3.2943,descent,3.0381,48.5156,42.5391,-16.4880,1.3740,0.031474,0.151090,0.078465,0.006535,0.6000,+0
3.2952,descent,3.0381,48.5156,42.5391,-16.4880,1.3740,0.031474,0.151090,0.078465,0.006535,0.6000,+0
3.2965,descent,3.0381,48.4277,42.5391,-16.4880,1.3740,0.031653,0.151086,0.078465,0.006535,0.6000,+0
3.2974,descent,3.0381,48.4277,42.6270,-17.8620,2.7480,0.031672,0.060302,0.078463,0.006537,0.6000,+0
3.2985,descent,3.0381,48.4277,42.7148,-16.4880,4.1220,0.031663,0.044673,0.078463,0.006537,0.6000,+0
3.2996,descent,3.0381,48.4277,42.7148,-16.4880,4.1220,0.031663,0.044673,0.078449,0.006551,0.6000,+0
3.3007,descent,3.0381,48.4277,42.8027,-16.4880,5.4960,0.031667,0.043302,0.078449,0.006551,0.6000,+0
3.3020,descent,3.0381,48.4277,42.8906,-16.4880,6.8700,0.031672,0.042554,0.078460,0.006540,0.6000,+0
3.3033,descent,3.0381,48.3398,42.9785,-16.4880,9.6180,0.031856,0.041753,0.078438,0.006562,0.6000,+0
3.3041,descent,3.0381,48.3398,43.0664,-16.4880,10.9920,0.031860,0.041012,0.078438,0.006562,0.6000,+0
3.3053,descent,3.0381,48.3398,43.2422,-16.4880,12.3660,0.031870,0.039584,0.078431,0.006569,0.6000,+0
3.3063,descent,3.0381,48.3398,43.3301,-16.4880,15.1140,0.031874,0.038788,0.078431,0.006569,0.6000,+0
3.3075,descent,3.0381,48.3398,43.4180,-15.1140,17.8620,0.031865,0.037993,0.078444,0.006556,0.6000,+0
3.3085,descent,3.0381,48.3398,43.4180,-15.1140,19.2360,0.031865,0.037938,0.078444,0.006556,0.6000,+0
3.3096,descent,3.0381,48.2520,43.5937,-15.1140,21.9840,0.032053,0.036451,0.078438,0.006562,0.6000,+0
3.3107,descent,3.0381,48.2520,43.7695,-15.1140,24.7320,0.032062,0.034968,0.078438,0.006562,0.6000,+0
3.3118,descent,3.0381,48.2520,43.8574,-15.1140,26.1060,0.032067,0.034227,0.078429,0.006571,0.6000,+0
3.3129,descent,3.0381,48.2520,44.0332,-15.1140,31.6020,0.032076,0.032636,0.078429,0.006571,0.6000,+0
3.3140,descent,3.0381,48.2520,44.1211,-15.1140,34.3500,0.032081,0.031840,0.078434,0.006566,0.6000,+0
3.3154,descent,3.0381,48.1641,44.1211,-15.1140,37.0980,0.032260,0.031726,0.078430,0.006570,0.6000,+0
3.3163,descent,3.0381,48.1641,44.2090,-15.1140,38.4720,0.032265,0.030985,0.078430,0.006570,0.6000,+0
3.3176,descent,3.0381,48.1641,44.2969,-15.1140,41.2200,0.032269,0.030189,0.078422,0.006578,0.6000,+0
3.3185,descent,3.0381,48.1641,44.3848,-15.1140,43.9680,0.032274,0.029394,0.078422,0.006578,0.6000,+0
3.3196,descent,3.0381,48.1641,44.4727,-15.1140,46.7160,0.032279,0.028598,0.078404,0.006596,0.6000,+0
3.3207,descent,3.0381,48.1641,44.5605,-15.1140,49.4640,0.032283,0.027802,0.078404,0.006596,0.6000,+0
3.3220,descent,3.0381,48.1641,44.5605,-15.1140,50.8380,0.032283,0.027748,0.078404,0.006596,0.6000,+0
3.3233,descent,3.0381,48.0762,44.6484,-15.1140,54.9600,0.032467,0.026893,0.078404,0.006596,0.6000,+0
3.3241,descent,3.0381,48.0762,44.7363,-13.7400,56.3340,0.032457,0.026152,0.078404,0.006596,0.6000,+0
3.3254,descent,3.0381,48.0762,44.7363,-13.7400,57.7080,0.032457,0.026098,0.078402,0.006598,0.6000,+0
3.3263,descent,3.0381,48.0762,44.8242,-13.7400,60.4560,0.032462,0.025302,0.078402,0.006598,0.6000,+0
3.3276,descent,3.0381,48.0762,44.8242,-13.7400,61.8300,0.032462,0.025248,0.078392,0.006608,0.6000,+0
3.3285,descent,3.0381,47.9883,44.9121,-13.7400,63.2040,0.032646,0.024502,0.078392,0.006608,0.6000,+0
3.3296,descent,3.0381,47.9883,44.9121,-13.7400,63.2040,0.032646,0.024502,0.078373,0.006627,0.6000,+0
3.3307,descent,3.0381,47.9883,44.9121,-13.7400,64.5780,0.032646,0.024447,0.078373,0.006627,0.6000,+0
3.3320,descent,3.0381,47.9883,44.9121,-13.7400,64.5780,0.032646,0.024447,0.078389,0.006611,0.6000,+0
3.3334,descent,3.0381,47.9004,45.0000,-13.7400,64.5780,0.032830,0.023756,0.078362,0.006638,0.6000,+0
3.3341,descent,3.0381,47.9004,45.0000,-13.7400,64.5780,0.032830,0.023756,0.078362,0.006638,0.6000,+0
3.3353,descent,3.0381,47.9004,45.0000,-13.7400,64.5780,0.032830,0.023756,0.078372,0.006628,0.6000,+0
3.3363,descent,3.0381,47.9004,45.0000,-13.7400,63.2040,0.032830,0.023810,0.078372,0.006628,0.6000,+0
3.3376,descent,3.0381,47.9004,45.0000,-13.7400,61.8300,0.032830,0.023865,0.078375,0.006625,0.6000,+0
3.3385,descent,3.0381,47.9004,45.0000,-13.7400,60.4560,0.032830,0.023919,0.078375,0.006625,0.6000,+0
3.3396,descent,3.0381,47.9004,45.0000,-13.7400,57.7080,0.032830,0.024028,0.078372,0.006628,0.6000,+0
3.3407,descent,3.0381,47.8125,45.0000,-13.7400,56.3340,0.033009,0.024078,0.078372,0.006628,0.6000,+0
3.3420,descent,3.0381,47.8125,45.0000,-13.7400,54.9600,0.033009,0.024132,0.078355,0.006645,0.6000,+0
3.3433,descent,3.0381,47.8125,45.0000,-13.7400,49.4640,0.033009,0.024350,0.078372,0.006628,0.6000,+0
3.3441,descent,3.0381,47.8125,45.0000,-13.7400,48.0900,0.033009,0.024404,0.078372,0.006628,0.6000,+0
3.3453,descent,3.0381,47.8125,45.0000,-13.7400,45.3420,0.033009,0.024513,0.078361,0.006639,0.6000,+0
3.3463,descent,3.0381,47.8125,45.0000,-13.7400,42.5940,0.033009,0.024622,0.078361,0.006639,0.6000,+0
3.3476,descent,3.0381,47.8125,44.9121,-12.3660,39.8460,0.032990,0.025417,0.078354,0.006646,0.6000,+0
3.3485,descent,3.0381,47.7246,44.9121,-12.3660,37.0980,0.033169,0.025522,0.078354,0.006646,0.6000,+0
3.3496,descent,3.0381,47.7246,44.9121,-12.3660,34.3500,0.033169,0.025630,0.078348,0.006652,0.6000,+0
3.3507,descent,3.0381,47.7246,44.9121,-12.3660,32.9760,0.033169,0.025685,0.078348,0.006652,0.6000,+0
3.3520,descent,3.0381,47.7246,44.8242,-12.3660,28.8540,0.033164,0.026535,0.078355,0.006645,0.6000,+0
3.3533,descent,3.0381,47.7246,44.8242,-12.3660,23.3580,0.033164,0.026753,0.078329,0.006671,0.6000,+0
3.3541,descent,3.0381,47.7246,44.8242,-12.3660,21.9840,0.033164,0.026807,0.078329,0.006671,0.6000,+0
3.3553,descent,3.0381,47.6367,44.8242,-12.3660,19.2360,0.033343,0.026911,0.078344,0.006656,0.6000,+0
3.3563,descent,3.0381,47.6367,44.8242,-12.3660,16.4880,0.033343,0.027020,0.078344,0.006656,0.6000,+0
3.3576,descent,3.0381,47.6367,44.8242,-12.3660,15.1140,0.033343,0.027075,0.078334,0.006666,0.6000,+0
3.3585,descent,3.0381,47.6367,44.7363,-12.3660,12.3660,0.033338,0.027870,0.078334,0.006666,0.6000,+0
3.3596,descent,3.0381,47.6367,44.7363,-12.3660,10.9920,0.033338,0.027925,0.078333,0.006667,0.6000,+0
3.3607,descent,3.0381,47.6367,44.7363,-12.3660,8.2440,0.033338,0.028033,0.078333,0.006667,0.6000,+0
3.3620,descent,3.0381,47.6367,44.6484,-12.3660,5.4960,0.033334,0.028836,0.078331,0.006669,0.6000,+0
3.3633,descent,3.0381,47.6367,44.6484,-10.9920,2.7480,0.033319,0.044462,0.078333,0.006667,0.6000,+0
3.3641,descent,3.0381,47.6367,44.6484,-10.9920,0.0000,0.033319,0.229047,0.078333,0.006667,0.6000,+0
3.3653,descent,3.0381,47.6367,44.5605,-10.9920,-1.3740,0.033315,0.135354,0.078331,0.006669,0.6000,+0
3.3663,descent,3.0381,47.6367,44.5605,-9.6180,-2.7480,0.033300,0.045367,0.078331,0.006669,0.6000,+0
3.3676,descent,3.0381,47.4609,44.5605,-9.6180,-4.1220,0.033659,0.030524,0.078330,0.006670,0.6000,+0
3.3685,descent,3.0381,47.4609,44.5605,-9.6180,-5.4960,0.033659,0.029949,0.078330,0.006670,0.6000,+0
3.3696,descent,3.0381,47.4609,44.5605,-9.6180,-6.8700,0.033659,0.029996,0.078314,0.006686,0.6000,+0
3.3707,descent,3.0381,47.4609,44.4727,-9.6180,-8.2440,0.033654,0.030738,0.078314,0.006686,0.6000,+0
3.3720,descent,3.0381,47.4609,44.4727,-9.6180,-9.6180,0.033654,0.030792,0.078313,0.006687,0.6000,+0
3.3733,descent,3.0381,47.4609,44.3848,-9.6180,-10.9920,0.033649,0.031533,0.078314,0.006686,0.6000,+0
3.3741,descent,3.0381,47.4609,44.3848,-9.6180,-12.3660,0.033649,0.031588,0.078314,0.006686,0.6000,+0
3.3753,descent,3.0381,47.4609,44.3848,-9.6180,-13.7400,0.033649,0.031642,0.078312,0.006688,0.6000,+0
3.3763,descent,3.0381,47.4609,44.3848,-8.2440,-13.7400,0.033635,0.031642,0.078312,0.006688,0.6000,+0
3.3776,descent,3.0381,47.4609,44.3848,-8.2440,-15.1140,0.033635,0.031697,0.078306,0.006694,0.6000,+0
3.3785,descent,3.0381,47.4609,44.3848,-8.2440,-15.1140,0.033635,0.031697,0.078306,0.006694,0.6000,+0
3.3796,descent,3.1032,47.3730,44.3848,-8.2440,-15.1140,0.033814,0.031692,0.078319,0.006681,0.6000,+0
3.3807,descent,3.1032,47.3730,44.3848,-8.2440,-15.1140,0.033814,0.031692,0.078319,0.006681,0.6000,+0
3.3820,descent,3.1032,47.3730,44.2969,-8.2440,-16.4880,0.033809,0.032433,0.078298,0.006702,0.6000,+0
3.3833,descent,3.1032,47.3730,44.2969,-8.2440,-16.4880,0.033809,0.032433,0.078291,0.006709,0.6000,+0
3.3841,descent,3.1032,47.3730,44.2969,-8.2440,-16.4880,0.033809,0.032433,0.078291,0.006709,0.6000,+0
3.3853,descent,3.1032,47.3730,44.2969,-8.2440,-16.4880,0.033809,0.032433,0.078282,0.006718,0.6000,+0
3.3863,descent,3.1032,47.3730,44.2969,-8.2440,-16.4880,0.033809,0.032433,0.078282,0.006718,0.6000,+0
3.3876,descent,3.1032,47.3730,44.2969,-6.8700,-16.4880,0.033795,0.032433,0.078284,0.006716,0.6000,+0
3.3885,descent,3.1032,47.3730,44.2969,-6.8700,-16.4880,0.033795,0.032433,0.078284,0.006716,0.6000,+0
3.3896,descent,3.1032,47.3730,44.2969,-6.8700,-16.4880,0.033795,0.032433,0.078286,0.006714,0.6000,+0
3.3907,descent,3.1032,47.3730,44.2969,-6.8700,-15.1140,0.033795,0.032379,0.078286,0.006714,0.6000,+0
3.3920,descent,3.1032,47.3730,44.2969,-6.8700,-15.1140,0.033795,0.032379,0.078275,0.006725,0.6000,+0
3.3933,descent,3.1032,47.3730,44.2969,-5.4960,-13.7400,0.033788,0.032324,0.078272,0.006728,0.6000,+0
3.3941,descent,3.1032,47.3730,44.2969,-5.4960,-13.7400,0.033788,0.032324,0.078272,0.006728,0.6000,+0
3.3953,descent,3.1032,47.3730,44.2969,-5.4960,-13.7400,0.033788,0.032324,0.078265,0.006735,0.6000,+0
3.3963,descent,3.1032,47.3730,44.2969,-5.4960,-12.3660,0.033788,0.032270,0.078265,0.006735,0.6000,+0
3.3976,descent,3.1032,47.3730,44.2969,-5.4960,-12.3660,0.033788,0.032270,0.078276,0.006724,0.6000,+0
3.3985,descent,3.1032,47.3730,44.2969,-5.4960,-10.9920,0.033788,0.032216,0.078276,0.006724,0.6000,+0
3.3996,descent,3.1032,47.3730,44.2090,-4.1220,-10.9920,0.034398,0.032902,0.078259,0.006741,0.6000,+0
3.4007,descent,3.1032,47.3730,44.2969,-4.1220,-10.9920,0.034402,0.032216,0.078259,0.006741,0.6000,+0
3.4020,descent,3.1032,47.3730,44.2969,-4.1220,-9.6180,0.034402,0.032161,0.078273,0.006727,0.6000,+0
3.4033,descent,3.1032,47.3730,44.2090,-4.1220,-9.6180,0.034398,0.032848,0.078254,0.006746,0.6000,+0
3.4041,descent,3.1032,47.3730,44.2969,-2.7480,-8.2440,0.049276,0.032107,0.078254,0.006746,0.6000,+0
3.4053,descent,3.1032,47.3730,44.2969,-2.7480,-8.2440,0.049276,0.032107,0.078250,0.006750,0.6000,+0
3.4063,descent,3.1032,47.3730,44.2969,-2.7480,-6.8700,0.049276,0.032052,0.078250,0.006750,0.6000,+0
3.4076,descent,3.1032,47.3730,44.2969,-2.7480,-6.8700,0.049276,0.032052,0.078245,0.006755,0.6000,+0
3.4085,descent,3.1032,47.3730,44.2090,-2.7480,-5.4960,0.049272,0.032692,0.078245,0.006755,0.6000,+0
3.4096,descent,3.1032,47.3730,44.2969,-2.7480,-5.4960,0.049276,0.032005,0.078241,0.006759,0.6000,+0
3.4107,descent,3.1032,47.3730,44.2969,-2.7480,-5.4960,0.049276,0.032005,0.078241,0.006759,0.6000,+0
3.4120,descent,3.1032,47.3730,44.2969,-1.3740,-4.1220,0.139304,0.032579,0.078251,0.006749,0.6000,+0
3.4133,descent,3.1032,47.3730,44.2969,-1.3740,-4.1220,0.139304,0.032579,0.078238,0.006762,0.6000,+0
3.4141,descent,3.1032,47.3730,44.2969,-1.3740,-2.7480,0.139304,0.047413,0.078238,0.006762,0.6000,+0
3.4153,descent,3.1032,47.3730,44.2969,-1.3740,-2.7480,0.139304,0.047413,0.078233,0.006767,0.6000,+0
3.4163,descent,3.1032,47.3730,44.2969,0.0000,-1.3740,0.233723,0.137401,0.078233,0.006767,0.6000,+0
3.4176,descent,3.1032,47.3730,44.2090,0.0000,-1.3740,0.233719,0.138088,0.078242,0.006758,0.6000,+0
3.4185,descent,3.1032,47.3730,44.2090,0.0000,-1.3740,0.233719,0.138088,0.078242,0.006758,0.6000,+0
3.4196,descent,3.1032,47.3730,44.2969,0.0000,-1.3740,0.233723,0.137401,0.078227,0.006773,0.6000,+0
3.4207,descent,3.1032,47.3730,44.2969,0.0000,-1.3740,0.233723,0.137401,0.078227,0.006773,0.6000,+0
3.4220,descent,3.1032,47.3730,44.2969,0.0000,-1.3740,0.233723,0.137401,0.078225,0.006775,0.6000,+0
3.4232,descent,3.1032,47.3730,44.2090,0.0000,-1.3740,0.233719,0.138088,0.078225,0.006775,0.6000,+0
3.4241,descent,3.1032,47.3730,44.2969,0.0000,0.0000,0.233723,0.231780,0.078225,0.006775,0.6000,+0
3.4253,descent,3.1032,47.4609,44.2969,1.3740,0.0000,0.139096,0.231785,0.078211,0.006789,0.6000,+0
3.4263,descent,3.1032,47.4609,44.2969,1.3740,0.0000,0.139096,0.231785,0.078211,0.006789,0.6000,+0
3.4276,descent,3.1032,47.4609,44.2969,1.3740,0.0000,0.139096,0.231785,0.078215,0.006785,0.6000,+0
3.4285,descent,3.1032,47.6367,44.2969,2.7480,0.0000,0.048682,0.231794,0.078215,0.006785,0.6000,+0
3.4296,descent,3.1032,47.6367,44.2969,2.7480,0.0000,0.048682,0.231794,0.078220,0.006780,0.6000,+0
3.4307,descent,3.1032,47.7246,44.2969,4.1220,0.0000,0.033600,0.231799,0.078220,0.006780,0.6000,+0
3.4320,descent,3.1032,47.7246,44.2969,4.1220,1.3740,0.033600,0.137311,0.078213,0.006787,0.6000,+0
3.4333,descent,3.1032,47.9004,44.2969,6.8700,1.3740,0.032578,0.137320,0.078205,0.006795,0.6000,+0
3.4341,descent,3.1032,47.9883,44.3848,8.2440,1.3740,0.032389,0.136638,0.078205,0.006795,0.6000,+0
3.4353,descent,3.1032,48.0762,44.3848,9.6180,2.7480,0.032195,0.046546,0.078202,0.006798,0.6000,+0
3.4363,descent,3.1032,48.1641,44.3848,12.3660,2.7480,0.031988,0.046551,0.078202,0.006798,0.6000,+0
3.4376,descent,3.1032,48.3398,44.4727,13.7400,2.7480,0.031620,0.045873,0.078194,0.006806,0.6000,+0
3.4385,descent,3.1032,48.4277,44.5605,16.4880,4.1220,0.031417,0.030249,0.078194,0.006806,0.6000,+0
3.4396,descent,3.1032,48.5156,44.5605,19.2360,4.1220,0.031209,0.030253,0.078186,0.006814,0.6000,+0
3.4407,descent,3.1032,48.6035,44.6484,21.9840,5.4960,0.031006,0.028888,0.078186,0.006814,0.6000,+0
3.4420,descent,3.1032,48.6914,44.6484,24.7320,6.8700,0.030799,0.028831,0.078191,0.006809,0.6000,+0
3.4433,descent,3.1032,48.8672,44.8242,28.8540,9.6180,0.030407,0.027358,0.078185,0.006815,0.6000,+0
3.4441,descent,3.1032,48.9551,44.9121,31.6020,10.9920,0.030204,0.026621,0.078185,0.006815,0.6000,+0
3.4453,descent,3.1032,49.0430,44.9121,34.3500,12.3660,0.029997,0.026572,0.078184,0.006816,0.6000,+0
3.4463,descent,3.1032,49.2188,45.0000,38.4720,13.7400,0.029600,0.025840,0.078184,0.006816,0.6000,+0
3.4476,descent,3.1032,49.3066,45.1758,41.2200,15.1140,0.029402,0.024417,0.078184,0.006816,0.6000,+0
3.4485,descent,3.1032,49.3945,45.2637,43.9680,17.8620,0.029199,0.023626,0.078184,0.006816,0.6000,+0
3.4496,descent,3.1032,49.3945,45.2637,46.7160,19.2360,0.029171,0.023571,0.078179,0.006821,0.6000,+0
3.4507,descent,3.1032,49.4824,45.3516,49.4640,21.9840,0.028968,0.022781,0.078179,0.006821,0.6000,+0
3.4520,descent,3.1032,49.5703,45.3516,52.2120,23.3580,0.028760,0.022731,0.078180,0.006820,0.6000,+0
3.4533,descent,3.1032,49.7461,45.4395,56.3340,26.1060,0.028364,0.021945,0.078179,0.006821,0.6000,+0
3.4541,descent,3.1032,49.8340,45.4395,59.0820,27.4800,0.028157,0.021895,0.078179,0.006821,0.6000,+0
3.4553,descent,3.1032,49.9219,45.5273,61.8300,28.8540,0.027954,0.021159,0.078159,0.006841,0.6000,+0
3.4563,descent,3.1032,50.0098,45.5273,64.5780,30.2280,0.027746,0.021109,0.078159,0.006841,0.6000,+0
3.4576,descent,3.1032,50.0977,45.6152,67.3260,31.6020,0.027543,0.020373,0.078147,0.006853,0.6000,+0
3.4585,descent,3.1032,50.1855,45.6152,70.0740,32.9760,0.027336,0.020323,0.078147,0.006853,0.6000,+0
3.4596,descent,3.1032,50.1855,45.6152,71.4480,34.3500,0.027321,0.020269,0.078162,0.006838,0.6000,+0
3.4607,descent,3.1032,50.2734,45.6152,72.8220,34.3500,0.027128,0.020273,0.078162,0.006838,0.6000,+0
3.4620,descent,3.1032,50.3613,45.6152,75.5700,35.7240,0.026921,0.020224,0.078139,0.006861,0.6000,+0
3.4633,descent,3.1032,50.4492,45.6152,78.3180,37.0980,0.026713,0.020174,0.078146,0.006854,0.6000,+0
3.4641,descent,3.1032,50.4492,45.6152,78.3180,37.0980,0.026713,0.020174,0.078146,0.006854,0.6000,+0
3.4654,descent,3.1032,50.5371,45.6152,79.6920,37.0980,0.026520,0.020179,0.078142,0.006858,0.6000,+0
3.4663,descent,3.1032,50.6250,45.6152,79.6920,37.0980,0.026341,0.020183,0.078142,0.006858,0.6000,+0
3.4676,descent,3.1032,50.6250,45.6152,79.6920,37.0980,0.026341,0.020183,0.078142,0.006858,0.6000,+0
3.4685,descent,3.1032,50.7129,45.6152,79.6920,37.0980,0.026162,0.020188,0.078142,0.006858,0.6000,+0
3.4696,descent,3.1305,50.7129,45.6152,79.6920,37.0980,0.026162,0.020188,0.078135,0.006865,0.6000,+0
3.4707,descent,3.1305,50.7129,45.6152,78.3180,35.7240,0.026176,0.020243,0.078135,0.006865,0.6000,+0
3.4720,descent,3.1305,50.8008,45.6152,76.9440,35.7240,0.026012,0.020247,0.078135,0.006865,0.6000,+0
3.4733,descent,3.1305,50.8887,45.6152,75.5700,32.9760,0.025847,0.020361,0.078136,0.006864,0.6000,+0
3.4741,descent,3.1305,50.8887,45.5273,74.1960,31.6020,0.025857,0.021102,0.078136,0.006864,0.6000,+0
3.4753,descent,3.1305,50.8887,45.5273,72.8220,31.6020,0.025871,0.021102,0.078109,0.006891,0.6000,+0
3.4763,descent,3.1305,50.8887,45.5273,71.4480,27.4800,0.025885,0.021265,0.078109,0.006891,0.6000,+0
3.4776,descent,3.1305,50.8887,45.4395,68.7000,27.4800,0.025909,0.021952,0.078137,0.006863,0.6000,+0
3.4785,descent,3.1305,50.8887,45.4395,67.3260,23.3580,0.025923,0.022115,0.078137,0.006863,0.6000,+0
3.4796,descent,3.1305,50.9766,45.4395,64.5780,21.9840,0.025773,0.022175,0.078119,0.006881,0.6000,+0
3.4807,descent,3.1305,50.9766,45.4395,63.2040,19.2360,0.025787,0.022283,0.078119,0.006881,0.6000,+0
3.4820,descent,3.1305,50.9766,45.4395,60.4560,16.4880,0.025816,0.022392,0.078117,0.006883,0.6000,+0
3.4833,descent,3.1305,50.9766,45.3516,56.3340,15.1140,0.025854,0.023133,0.078109,0.006891,0.6000,+0
3.4842,descent,3.1305,50.9766,45.3516,54.9600,12.3660,0.025869,0.023242,0.078109,0.006891,0.6000,+0
3.4853,descent,3.1305,50.9766,45.2637,52.2120,9.6180,0.025892,0.024038,0.078116,0.006884,0.6000,+0
3.4863,descent,3.1305,50.9766,45.2637,49.4640,6.8700,0.025921,0.024147,0.078116,0.006884,0.6000,+0
3.4876,descent,3.1305,50.9766,45.2637,48.0900,5.4960,0.025935,0.024208,0.078098,0.006902,0.6000,+0
3.4885,descent,3.1305,50.9766,45.1758,45.3420,2.7480,0.025959,0.040521,0.078098,0.006902,0.6000,+0
3.4896,descent,3.1305,50.9766,45.1758,42.5940,0.0000,0.025988,0.225105,0.078104,0.006896,0.6000,+0
3.4907,descent,3.1305,50.9766,45.0000,39.8460,-1.3740,0.026007,0.132100,0.078104,0.006896,0.6000,+0
3.4920,descent,3.1305,50.8887,45.0000,37.0980,-4.1220,0.026214,0.027273,0.078090,0.006910,0.6000,+0
3.4933,descent,3.1305,50.8887,44.9121,32.9760,-6.8700,0.026253,0.027433,0.078093,0.006907,0.6000,+0
3.4941,descent,3.1305,50.8887,44.9121,30.2280,-9.6180,0.026281,0.027542,0.078093,0.006907,0.6000,+0
3.4953,descent,3.1305,50.8887,44.8242,27.4800,-10.9920,0.026305,0.028283,0.078086,0.006914,0.6000,+0
3.4963,descent,3.1305,50.8887,44.8242,26.1060,-13.7400,0.026319,0.028392,0.078086,0.006914,0.6000,+0
3.4976,descent,3.1305,50.8887,44.8242,23.3580,-13.7400,0.026348,0.028392,0.078084,0.006916,0.6000,+0
3.4985,descent,3.1305,50.8887,44.7363,21.9840,-15.1140,0.026358,0.029133,0.078084,0.006916,0.6000,+0
3.4996,descent,3.1305,50.8887,44.7363,19.2360,-16.4880,0.026386,0.029187,0.078073,0.006927,0.6000,+0
3.5007,descent,3.1305,50.8008,44.6484,17.8620,-17.8620,0.026575,0.029924,0.078073,0.006927,0.6000,+0
3.5020,descent,3.1305,50.8008,44.6484,15.1140,-19.2360,0.026603,0.029978,0.078072,0.006928,0.6000,+0
3.5033,descent,3.1305,50.8008,44.6484,12.3660,-21.9840,0.026632,0.030087,0.078072,0.006928,0.6000,+0
3.5041,descent,3.1305,50.8008,44.5605,9.6180,-23.3580,0.026656,0.030828,0.078072,0.006928,0.6000,+0
3.5053,descent,3.1305,50.7129,44.5605,8.2440,-23.3580,0.026849,0.030823,0.078061,0.006939,0.6000,+0
3.5063,descent,3.1305,50.7129,44.5605,5.4960,-24.7320,0.026885,0.030878,0.078061,0.006939,0.6000,+0
3.5076,descent,3.1305,50.7129,44.5605,4.1220,-24.7320,0.027528,0.030878,0.078060,0.006940,0.6000,+0
3.5085,descent,3.1305,50.7129,44.5605,2.7480,-24.7320,0.042431,0.030878,0.078060,0.006940,0.6000,+0
3.5096,descent,3.1305,50.7129,44.5605,1.3740,-24.7320,0.132487,0.030878,0.078065,0.006935,0.6000,+0
3.5108,descent,3.1305,50.7129,44.5605,1.3740,-24.7320,0.132487,0.030878,0.078065,0.006935,0.6000,+0
3.5120,descent,3.1305,50.7129,44.4727,0.0000,-24.7320,0.226930,0.031565,0.078043,0.006957,0.6000,+0
3.5133,descent,3.1305,50.6250,44.4727,-2.7480,-26.1060,0.042662,0.031614,0.078044,0.006956,0.6000,+0
3.5141,descent,3.1305,50.6250,44.4727,-4.1220,-24.7320,0.027788,0.031560,0.078044,0.006956,0.6000,+0
3.5153,descent,3.1305,50.6250,44.4727,-5.4960,-24.7320,0.027174,0.031560,0.078049,0.006951,0.6000,+0
3.5163,descent,3.1305,50.6250,44.4727,-5.4960,-24.7320,0.027174,0.031560,0.078049,0.006951,0.6000,+0
3.5176,descent,3.1305,50.5371,44.3848,-6.8700,-24.7320,0.027355,0.032242,0.078038,0.006962,0.6000,+0
3.5185,descent,3.1305,50.5371,44.3848,-8.2440,-24.7320,0.027369,0.032242,0.078038,0.006962,0.6000,+0
3.5196,descent,3.1305,50.5371,44.3848,-8.2440,-24.7320,0.027369,0.032242,0.078040,0.006960,0.6000,+0
3.5207,descent,3.1305,50.5371,44.3848,-9.6180,-24.7320,0.027384,0.032242,0.078040,0.006960,0.6000,+0
3.5220,descent,3.1305,50.5371,44.3848,-9.6180,-23.3580,0.027384,0.032187,0.078023,0.006977,0.6000,+0
3.5233,descent,3.1305,50.5371,44.3848,-9.6180,-21.9840,0.027384,0.032133,0.078033,0.006967,0.6000,+0
3.5241,descent,3.1305,50.5371,44.3848,-9.6180,-21.9840,0.027384,0.032133,0.078033,0.006967,0.6000,+0
3.5253,descent,3.1305,50.5371,44.2969,-9.6180,-20.6100,0.027379,0.032765,0.078033,0.006967,0.6000,+0
3.5263,descent,3.1305,50.5371,44.2969,-9.6180,-20.6100,0.027379,0.032765,0.078033,0.006967,0.6000,+0
3.5276,descent,3.1305,50.5371,44.2969,-9.6180,-20.6100,0.027379,0.032765,0.078024,0.006976,0.6000,+0
3.5285,descent,3.1305,50.5371,44.2969,-9.6180,-19.2360,0.027379,0.032711,0.078024,0.006976,0.6000,+0
3.5296,descent,3.1305,50.5371,44.2969,-9.6180,-19.2360,0.027379,0.032711,0.078009,0.006991,0.6000,+0
3.5307,descent,3.1305,50.5371,44.2969,-9.6180,-17.8620,0.027379,0.032656,0.078009,0.006991,0.6000,+0
3.5320,descent,3.1305,50.5371,44.2969,-9.6180,-17.8620,0.027379,0.032656,0.078005,0.006995,0.6000,+0
3.5333,descent,3.1305,50.5371,44.2090,-9.6180,-16.4880,0.027374,0.033289,0.078005,0.006995,0.6000,+0
3.5341,descent,3.1305,50.5371,44.2090,-9.6180,-15.1140,0.027374,0.033234,0.078005,0.006995,0.6000,+0
3.5353,descent,3.1305,50.5371,44.2090,-9.6180,-15.1140,0.027374,0.033234,0.077994,0.007006,0.6000,+0
3.5363,descent,3.1305,50.5371,44.2090,-8.2440,-15.1140,0.027360,0.033234,0.077994,0.007006,0.6000,+0
3.5376,descent,3.1305,50.5371,44.2090,-8.2440,-13.7400,0.027360,0.033180,0.077989,0.007011,0.6000,+0
3.5385,descent,3.1305,50.5371,44.2090,-8.2440,-13.7400,0.027360,0.033180,0.077989,0.007011,0.6000,+0
3.5396,descent,3.1305,50.5371,44.2090,-6.8700,-12.3660,0.027346,0.033126,0.078006,0.006994,0.6000,+0
3.5408,descent,3.1305,50.4492,44.2090,-6.8700,-12.3660,0.027525,0.033121,0.078006,0.006994,0.6000,+0
3.5420,descent,3.1305,50.4492,44.2090,-6.8700,-12.3660,0.027525,0.033121,0.077979,0.007021,0.6000,+0
3.5431,descent,3.1305,50.4492,44.2090,-6.8700,-10.9920,0.027525,0.033066,0.077988,0.007012,0.6000,+0
3.5442,descent,3.1305,50.4492,44.2090,-6.8700,-10.9920,0.027525,0.033066,0.077988,0.007012,0.6000,+0
3.5453,descent,3.1305,50.4492,44.2090,-6.8700,-9.6180,0.027525,0.033012,0.077981,0.007019,0.6000,+0
3.5463,descent,3.1305,50.4492,44.2090,-5.4960,-9.6180,0.027517,0.033012,0.077981,0.007019,0.6000,+0
3.5476,descent,3.1305,50.4492,44.2090,-5.4960,-9.6180,0.027517,0.033012,0.077996,0.007004,0.6000,+0
3.5485,descent,3.1305,50.4492,44.1211,-5.4960,-9.6180,0.027513,0.033699,0.077996,0.007004,0.6000,+0
3.5496,descent,3.1305,50.4492,44.1211,-5.4960,-9.6180,0.027513,0.033699,0.077976,0.007024,0.6000,+0
3.5507,descent,3.1305,50.4492,44.1211,-4.1220,-9.6180,0.028127,0.033699,0.077976,0.007024,0.6000,+0
3.5520,descent,3.1305,50.4492,44.1211,-4.1220,-8.2440,0.028127,0.033644,0.077971,0.007029,0.6000,+0
3.5531,descent,3.1305,50.4492,44.1211,-4.1220,-8.2440,0.028127,0.033644,0.077964,0.007036,0.6000,+0
3.5540,descent,3.1305,50.4492,44.1211,-4.1220,-8.2440,0.028127,0.033644,0.077964,0.007036,0.6000,+0
3.5551,descent,3.1305,50.4492,44.1211,-2.7480,-8.2440,0.043001,0.033644,0.077951,0.007049,0.6000,+0
3.5562,descent,3.1305,50.4492,44.1211,-2.7480,-8.2440,0.043001,0.033644,0.077951,0.007049,0.6000,+0
3.5573,descent,3.1305,50.4492,44.1211,-2.7480,-6.8700,0.043001,0.033590,0.077950,0.007050,0.6000,+0
3.5584,descent,3.1305,50.3613,44.1211,-2.7480,-6.8700,0.043180,0.033585,0.077950,0.007050,0.6000,+0
3.5596,descent,3.1523,50.3613,44.1211,-4.1220,-6.8700,0.028306,0.033585,0.077938,0.007062,0.6000,+0
3.5607,descent,3.1523,50.3613,44.1211,-4.1220,-6.8700,0.028306,0.033585,0.077938,0.007062,0.6000,+0
3.5618,descent,3.1523,50.3613,44.1211,-4.1220,-6.8700,0.028306,0.033585,0.077949,0.007051,0.6000,+0
3.5629,descent,3.1523,50.3613,44.1211,-4.1220,-5.4960,0.028306,0.033538,0.077949,0.007051,0.6000,+0
3.5640,descent,3.1523,50.3613,44.1211,-4.1220,-5.4960,0.028306,0.033538,0.077945,0.007055,0.6000,+0
3.5651,descent,3.1523,50.3613,44.1211,-4.1220,-4.1220,0.028306,0.034112,0.077936,0.007064,0.6000,+0
3.5662,descent,3.1523,50.3613,44.1211,-4.1220,-4.1220,0.028306,0.034112,0.077936,0.007064,0.6000,+0
3.5673,descent,3.1523,50.3613,44.1211,-4.1220,-4.1220,0.028306,0.034112,0.077939,0.007061,0.6000,+0
3.5685,descent,3.1523,50.3613,44.1211,-4.1220,-4.1220,0.028306,0.034112,0.077939,0.007061,0.6000,+0
3.5696,descent,3.1523,50.2734,44.1211,-5.4960,-4.1220,0.027871,0.034108,0.077926,0.007074,0.6000,+0
3.5707,descent,3.1523,50.2734,44.1211,-5.4960,-2.7480,0.027871,0.048942,0.077926,0.007074,0.6000,+0
3.5718,descent,3.1523,50.2734,44.1211,-5.4960,-2.7480,0.027871,0.048942,0.077930,0.007070,0.6000,+0
3.5729,descent,3.1523,50.2734,44.1211,-5.4960,-2.7480,0.027871,0.048942,0.077930,0.007070,0.6000,+0
3.5740,descent,3.1523,50.2734,44.1211,-5.4960,-2.7480,0.027871,0.048942,0.077933,0.007067,0.6000,+0
3.5751,descent,3.1523,50.2734,44.1211,-5.4960,-2.7480,0.027871,0.048942,0.077912,0.007088,0.6000,+0
3.5762,descent,3.1523,50.2734,44.1211,-5.4960,-2.7480,0.027871,0.048942,0.077912,0.007088,0.6000,+0
3.5773,descent,3.1523,50.2734,44.1211,-5.4960,-2.7480,0.027871,0.048942,0.077905,0.007095,0.6000,+0
3.5785,descent,3.1523,50.2734,44.1211,-5.4960,-2.7480,0.027871,0.048942,0.077905,0.007095,0.6000,+0
3.5796,descent,3.1523,50.2734,44.1211,-5.4960,-2.7480,0.027871,0.048942,0.077922,0.007078,0.6000,+0
3.5807,descent,3.1523,50.2734,44.1211,-5.4960,-1.3740,0.027871,0.138929,0.077922,0.007078,0.6000,+0
3.5818,descent,3.1523,50.1855,44.1211,-5.4960,-1.3740,0.028050,0.138924,0.077900,0.007100,0.6000,+0
3.5829,descent,3.1523,50.1855,44.1211,-5.4960,-1.3740,0.028050,0.138924,0.077900,0.007100,0.6000,+0
3.5840,descent,3.1523,50.1855,44.1211,-6.8700,0.0000,0.028057,0.233304,0.077890,0.007110,0.6000,+0
3.5851,descent,3.1523,50.1855,44.1211,-6.8700,0.0000,0.028057,0.233304,0.077879,0.007121,0.6000,+0
3.5862,descent,3.1523,50.1855,44.1211,-6.8700,0.0000,0.028057,0.233304,0.077879,0.007121,0.6000,+0
3.5873,descent,3.1523,50.1855,44.1211,-6.8700,0.0000,0.028057,0.233304,0.077901,0.007099,0.6000,+0
3.5885,descent,3.1523,50.1855,44.1211,-6.8700,0.0000,0.028057,0.233304,0.077901,0.007099,0.6000,+0
3.5896,descent,3.1523,50.1855,44.1211,-6.8700,0.0000,0.028057,0.233304,0.077892,0.007108,0.6000,+0
3.5907,descent,3.1523,50.1855,44.1211,-6.8700,0.0000,0.028057,0.233304,0.077892,0.007108,0.6000,+0
3.5918,descent,3.1523,50.1855,44.1211,-6.8700,0.0000,0.028057,0.233304,0.077881,0.007119,0.6000,+0
3.5929,descent,3.1523,50.1855,44.1211,-5.4960,0.0000,0.028050,0.233304,0.077881,0.007119,0.6000,+0
3.5940,descent,3.1523,50.1855,44.1211,-5.4960,0.0000,0.028050,0.233304,0.077884,0.007116,0.6000,+0
3.5951,descent,3.1523,50.0977,44.2090,-5.4960,1.3740,0.028233,0.138124,0.077883,0.007117,0.6000,+0
3.5962,descent,3.1523,50.0977,44.2090,-6.8700,1.3740,0.028240,0.138124,0.077883,0.007117,0.6000,+0
3.5973,descent,3.1523,50.0977,44.2090,-6.8700,1.3740,0.028240,0.138124,0.077865,0.007135,0.6000,+0
3.5985,descent,3.1523,50.0977,44.2969,-6.8700,2.7480,0.028245,0.047341,0.077865,0.007135,0.6000,+0
3.5996,descent,3.1523,50.0977,44.2969,-6.8700,2.7480,0.028245,0.047341,0.077866,0.007134,0.6000,+0
3.6007,descent,3.1523,50.0977,44.3848,-6.8700,4.1220,0.028250,0.031711,0.077866,0.007134,0.6000,+0
3.6018,descent,3.1523,50.0977,44.4727,-6.8700,5.4960,0.028255,0.030341,0.077862,0.007138,0.6000,+0
3.6029,descent,3.1523,50.0977,44.5605,-5.4960,6.8700,0.028252,0.029593,0.077862,0.007138,0.6000,+0
3.6040,descent,3.1523,50.0977,44.6484,-5.4960,8.2440,0.028257,0.028852,0.077864,0.007136,0.6000,+0
3.6051,descent,3.1523,50.0977,44.7363,-5.4960,10.9920,0.028262,0.028056,0.077844,0.007156,0.6000,+0
3.6062,descent,3.1523,50.0098,44.8242,-5.4960,12.3660,0.028445,0.027310,0.077844,0.007156,0.6000,+0
3.6073,descent,3.1523,50.0098,44.9121,-6.8700,13.7400,0.028457,0.026569,0.077850,0.007150,0.6000,+0
3.6085,descent,3.1523,50.0098,45.0000,-6.8700,16.4880,0.028462,0.025774,0.077850,0.007150,0.6000,+0
3.6096,descent,3.1523,50.0098,45.1758,-6.8700,17.8620,0.028471,0.024346,0.077841,0.007159,0.6000,+0
3.6107,descent,3.1523,50.0098,45.2637,-6.8700,20.6100,0.028476,0.023550,0.077841,0.007159,0.6000,+0
3.6118,descent,3.1523,50.0098,45.2637,-6.8700,21.9840,0.028476,0.023496,0.077847,0.007153,0.6000,+0
3.6129,descent,3.1523,49.9219,45.4395,-6.8700,26.1060,0.028665,0.021954,0.077847,0.007153,0.6000,+0
3.6140,descent,3.1523,49.9219,45.5273,-6.8700,28.8540,0.028669,0.021159,0.077838,0.007162,0.6000,+0
3.6151,descent,3.1523,49.9219,45.5273,-6.8700,30.2280,0.028669,0.021104,0.077830,0.007170,0.6000,+0
3.6162,descent,3.1523,49.9219,45.6152,-6.8700,32.9760,0.028674,0.020309,0.077830,0.007170,0.6000,+0
3.6173,descent,3.1523,49.9219,45.7031,-6.8700,34.3500,0.028679,0.019568,0.077835,0.007165,0.6000,+0
3.6185,descent,3.1523,49.9219,45.7031,-6.8700,37.0980,0.028679,0.019459,0.077835,0.007165,0.6000,+0
3.6196,descent,3.1523,49.9219,45.7910,-6.8700,38.4720,0.028684,0.018718,0.077828,0.007172,0.6000,+0
3.6207,descent,3.1523,49.9219,45.7910,-6.8700,39.8460,0.028684,0.018663,0.077828,0.007172,0.6000,+0
3.6218,descent,3.1523,49.9219,45.8789,-6.8700,42.5940,0.028688,0.017868,0.077805,0.007195,0.6000,+0
3.6229,descent,3.1523,49.9219,45.8789,-6.8700,45.3420,0.028688,0.017759,0.077805,0.007195,0.6000,+0
3.6240,descent,3.1523,49.8340,45.9668,-8.2440,46.7160,0.028886,0.017013,0.077814,0.007186,0.6000,+0
3.6251,descent,3.1523,49.8340,45.9668,-8.2440,48.0900,0.028886,0.016958,0.077800,0.007200,0.6000,+0
3.6262,descent,3.1523,49.8340,45.9668,-8.2440,49.4640,0.028886,0.016904,0.077800,0.007200,0.6000,+0
3.6273,descent,3.1523,49.8340,45.9668,-8.2440,49.4640,0.028886,0.016904,0.077798,0.007202,0.6000,+0
3.6285,descent,3.1523,49.8340,45.9668,-8.2440,50.8380,0.028886,0.016850,0.077798,0.007202,0.6000,+0
3.6296,descent,3.1523,49.8340,45.9668,-8.2440,50.8380,0.028886,0.016850,0.077810,0.007190,0.6000,+0
3.6307,descent,3.1523,49.8340,45.9668,-8.2440,50.8380,0.028886,0.016850,0.077810,0.007190,0.6000,+0
3.6318,descent,3.1523,49.7461,45.9668,-8.2440,50.8380,0.029065,0.016845,0.077798,0.007202,0.6000,+0
3.6330,descent,3.1523,49.7461,45.9668,-8.2440,49.4640,0.029065,0.016899,0.077792,0.007208,0.6000,+0
3.6340,descent,3.1523,49.7461,45.8789,-9.6180,48.0900,0.029075,0.017640,0.077792,0.007208,0.6000,+0
3.6351,descent,3.1523,49.7461,45.8789,-9.6180,46.7160,0.029075,0.017695,0.077769,0.007231,0.6000,+0
3.6362,descent,3.1523,49.7461,45.8789,-9.6180,45.3420,0.029075,0.017749,0.077769,0.007231,0.6000,+0
3.6373,descent,3.1523,49.7461,45.8789,-9.6180,43.9680,0.029075,0.017804,0.077774,0.007226,0.6000,+0
3.6385,descent,3.1523,49.6582,45.8789,-9.6180,41.2200,0.029254,0.017908,0.077774,0.007226,0.6000,+0
3.6396,descent,3.1523,49.6582,45.7910,-9.6180,39.8460,0.029249,0.018649,0.077777,0.007223,0.6000,+0
3.6407,descent,3.1523,49.6582,45.7910,-9.6180,37.0980,0.029249,0.018758,0.077777,0.007223,0.6000,+0
3.6418,descent,3.1523,49.6582,45.7910,-9.6180,34.3500,0.029249,0.018867,0.077772,0.007228,0.6000,+0
3.6429,descent,3.1523,49.6582,45.7031,-9.6180,28.8540,0.029244,0.019771,0.077772,0.007228,0.6000,+0
3.6440,descent,3.1523,49.6582,45.7031,-9.6180,27.4800,0.029244,0.019825,0.077770,0.007230,0.6000,+0
3.6451,descent,3.1523,49.6582,45.7031,-9.6180,24.7320,0.029244,0.019934,0.077762,0.007238,0.6000,+0
3.6462,descent,3.1523,49.6582,45.6152,-9.6180,20.6100,0.029240,0.020784,0.077762,0.007238,0.6000,+0
3.6473,descent,3.1523,49.5703,45.6152,-9.6180,19.2360,0.029418,0.020834,0.077774,0.007226,0.6000,+0
3.6484,descent,3.1523,49.5703,45.5273,-9.6180,15.1140,0.029414,0.021684,0.077774,0.007226,0.6000,+0
3.6496,descent,3.1874,49.5703,45.5273,-9.6180,12.3660,0.029414,0.021793,0.077753,0.007247,0.6000,+0
3.6507,descent,3.1874,49.5703,45.5273,-9.6180,9.6180,0.029414,0.021902,0.077753,0.007247,0.6000,+0
3.6518,descent,3.1874,49.5703,45.4395,-9.6180,6.8700,0.029409,0.022697,0.077754,0.007246,0.6000,+0
3.6529,descent,3.1874,49.5703,45.4395,-9.6180,1.3740,0.029409,0.128481,0.077754,0.007246,0.6000,+0
3.6540,descent,3.1874,49.4824,45.3516,-9.6180,0.0000,0.029583,0.223651,0.077737,0.007263,0.6000,+0
3.6551,descent,3.1874,49.4824,45.2637,-10.9920,-2.7480,0.029593,0.039971,0.077747,0.007253,0.6000,+0
3.6562,descent,3.1874,49.4824,45.2637,-10.9920,-5.4960,0.029593,0.024563,0.077747,0.007253,0.6000,+0
3.6573,descent,3.1874,49.4824,45.2637,-10.9920,-8.2440,0.029593,0.024665,0.077735,0.007265,0.6000,+0
3.6585,descent,3.1874,49.4824,45.1758,-10.9920,-10.9920,0.029588,0.025460,0.077735,0.007265,0.6000,+0
3.6596,descent,3.1874,49.4824,45.0000,-10.9920,-12.3660,0.029579,0.026888,0.077726,0.007274,0.6000,+0
3.6607,descent,3.1874,49.4824,45.0000,-10.9920,-15.1140,0.029579,0.026997,0.077726,0.007274,0.6000,+0
3.6618,descent,3.1874,49.4824,45.0000,-10.9920,-16.4880,0.029579,0.027051,0.077720,0.007280,0.6000,+0
3.6629,descent,3.1874,49.3945,44.8242,-10.9920,-20.6100,0.029748,0.028583,0.077720,0.007280,0.6000,+0
3.6641,descent,3.1874,49.3945,44.8242,-10.9920,-21.9840,0.029748,0.028638,0.077733,0.007267,0.6000,+0
3.6653,descent,3.1874,49.3945,44.8242,-10.9920,-23.3580,0.029748,0.028692,0.077725,0.007275,0.6000,+0
3.6663,descent,3.1874,49.3945,44.7363,-10.9920,-24.7320,0.029743,0.029433,0.077725,0.007275,0.6000,+0
3.6674,descent,3.1874,49.3945,44.6484,-10.9920,-26.1060,0.029739,0.030175,0.077709,0.007291,0.6000,+0
3.6685,descent,3.1874,49.3945,44.6484,-10.9920,-27.4800,0.029739,0.030229,0.077709,0.007291,0.6000,+0
3.6696,descent,3.1874,49.3945,44.6484,-10.9920,-28.8540,0.029739,0.030284,0.077717,0.007283,0.6000,+0
3.6707,descent,3.1874,49.3945,44.5605,-9.6180,-30.2280,0.029720,0.031025,0.077717,0.007283,0.6000,+0
3.6718,descent,3.1874,49.3945,44.5605,-9.6180,-30.2280,0.029720,0.031025,0.077718,0.007282,0.6000,+0
3.6729,descent,3.1874,49.3066,44.4727,-9.6180,-31.6020,0.029894,0.031761,0.077718,0.007282,0.6000,+0
3.6740,descent,3.1874,49.3066,44.4727,-9.6180,-32.9760,0.029894,0.031816,0.077695,0.007305,0.6000,+0
3.6751,descent,3.1874,49.3066,44.3848,-9.6180,-34.3500,0.029889,0.032557,0.077695,0.007305,0.6000,+0
3.6762,descent,3.1874,49.3066,44.3848,-9.6180,-34.3500,0.029889,0.032557,0.077695,0.007305,0.6000,+0
3.6773,descent,3.1874,49.3066,44.3848,-9.6180,-34.3500,0.029889,0.032557,0.077703,0.007297,0.6000,+0
3.6785,descent,3.1874,49.3066,44.2969,-9.6180,-35.7240,0.029885,0.033298,0.077703,0.007297,0.6000,+0
3.6796,descent,3.1874,49.2188,44.2969,-9.6180,-35.7240,0.030064,0.033293,0.077680,0.007320,0.6000,+0
3.6807,descent,3.1874,49.2188,44.2969,-9.6180,-35.7240,0.030064,0.033293,0.077680,0.007320,0.6000,+0
3.6818,descent,3.1874,49.2188,44.2090,-9.6180,-35.7240,0.030059,0.033980,0.077703,0.007297,0.6000,+0
3.6830,descent,3.1874,49.2188,44.2090,-9.6180,-35.7240,0.030059,0.033980,0.077691,0.007309,0.6000,+0
3.6841,descent,3.1874,49.2188,44.1211,-9.6180,-35.7240,0.030054,0.034667,0.077691,0.007309,0.6000,+0
3.6851,descent,3.1874,49.1309,44.1211,-10.9920,-37.0980,0.030248,0.034717,0.077686,0.007314,0.6000,+0
3.6862,descent,3.1874,49.1309,44.0332,-10.9920,-37.0980,0.030243,0.035404,0.077686,0.007314,0.6000,+0
3.6873,descent,3.1874,49.1309,44.0332,-10.9920,-35.7240,0.030243,0.035349,0.077670,0.007330,0.6000,+0
3.6885,descent,3.1874,49.1309,44.0332,-10.9920,-35.7240,0.030243,0.035349,0.077670,0.007330,0.6000,+0
3.6896,descent,3.1874,49.1309,44.0332,-10.9920,-35.7240,0.030243,0.035349,0.077677,0.007323,0.6000,+0
3.6908,descent,3.1874,49.1309,43.9453,-10.9920,-35.7240,0.030238,0.036036,0.077677,0.007323,0.6000,+0
3.6920,descent,3.1874,49.1309,43.9453,-10.9920,-35.7240,0.030238,0.036036,0.077684,0.007316,0.6000,+0
3.6930,descent,3.1874,49.0430,43.8574,-10.9920,-35.7240,0.030413,0.036718,0.077665,0.007335,0.6000,+0
3.6940,descent,3.1874,49.0430,43.8574,-10.9920,-34.3500,0.030413,0.036664,0.077665,0.007335,0.6000,+0
3.6951,descent,3.1874,49.0430,43.8574,-10.9920,-34.3500,0.030413,0.036664,0.077667,0.007333,0.6000,+0
3.6962,descent,3.1874,49.0430,43.7695,-10.9920,-34.3500,0.030408,0.037350,0.077667,0.007333,0.6000,+0
3.6973,descent,3.1874,49.0430,43.7695,-10.9920,-32.9760,0.030408,0.037296,0.077663,0.007337,0.6000,+0
3.6985,descent,3.1874,49.0430,43.5937,-10.9920,-32.9760,0.030399,0.038670,0.077663,0.007337,0.6000,+0
3.6996,descent,3.1874,49.0430,43.5937,-10.9920,-32.9760,0.030399,0.038670,0.077660,0.007340,0.6000,+0
3.7007,descent,3.1874,48.9551,43.5937,-10.9920,-31.6020,0.030578,0.038611,0.077660,0.007340,0.6000,+0
3.7021,descent,3.1874,48.9551,43.5937,-10.9920,-31.6020,0.030578,0.038611,0.077665,0.007335,0.6000,+0
3.7031,descent,3.1874,48.9551,43.5059,-12.3660,-31.6020,0.030587,0.039297,0.077651,0.007349,0.6000,+0
3.7041,descent,3.1874,48.9551,43.5059,-10.9920,-31.6020,0.030573,0.039297,0.077651,0.007349,0.6000,+0
3.7051,descent,3.1874,48.9551,43.5059,-10.9920,-30.2280,0.030573,0.039243,0.077639,0.007361,0.6000,+0
3.7062,descent,3.1874,48.9551,43.4180,-10.9920,-30.2280,0.030568,0.039930,0.077639,0.007361,0.6000,+0
3.7073,descent,3.1874,48.9551,43.4180,-10.9920,-30.2280,0.030568,0.039930,0.077639,0.007361,0.6000,+0
3.7085,descent,3.1874,48.8672,43.4180,-10.9920,-28.8540,0.030747,0.039871,0.077639,0.007361,0.6000,+0
3.7096,descent,3.1874,48.8672,43.4180,-10.9920,-28.8540,0.030747,0.039871,0.077644,0.007356,0.6000,+0
3.7107,descent,3.1874,48.8672,43.3301,-12.3660,-28.8540,0.030757,0.040558,0.077644,0.007356,0.6000,+0
3.7118,descent,3.1874,48.8672,43.3301,-10.9920,-28.8540,0.030743,0.040558,0.077648,0.007352,0.6000,+0
3.7129,descent,3.1874,48.8672,43.3301,-10.9920,-27.4800,0.030743,0.040503,0.077648,0.007352,0.6000,+0
3.7140,descent,3.1874,48.8672,43.3301,-10.9920,-27.4800,0.030743,0.040503,0.077634,0.007366,0.6000,+0
3.7151,descent,3.1874,48.8672,43.2422,-10.9920,-27.4800,0.030738,0.041190,0.077637,0.007363,0.6000,+0
3.7162,descent,3.1874,48.7793,43.2422,-10.9920,-26.1060,0.030917,0.041131,0.077637,0.007363,0.6000,+0
3.7173,descent,3.1874,48.7793,43.2422,-10.9920,-26.1060,0.030917,0.041131,0.077624,0.007376,0.6000,+0
3.7185,descent,3.1874,48.7793,43.2422,-10.9920,-26.1060,0.030917,0.041131,0.077624,0.007376,0.6000,+0
3.7196,descent,3.1874,48.7793,43.2422,-10.9920,-24.7320,0.030917,0.041077,0.077629,0.007371,0.6000,+0
3.7207,descent,3.1874,48.7793,43.2422,-10.9920,-24.7320,0.030917,0.041077,0.077629,0.007371,0.6000,+0
3.7218,descent,3.1874,48.7793,43.2422,-10.9920,-23.3580,0.030917,0.041022,0.077610,0.007390,0.6000,+0
3.7229,descent,3.1874,48.7793,43.2422,-10.9920,-21.9840,0.030917,0.040968,0.077610,0.007390,0.6000,+0
3.7240,descent,3.1874,48.7793,43.1543,-10.9920,-21.9840,0.030912,0.041655,0.077601,0.007399,0.6000,+0
3.7251,descent,3.1874,48.7793,43.1543,-10.9920,-21.9840,0.030912,0.041655,0.077618,0.007382,0.6000,+0
3.7262,descent,3.1874,48.7793,43.1543,-9.6180,-20.6100,0.030898,0.041600,0.077618,0.007382,0.6000,+0
3.7273,descent,3.1874,48.7793,43.1543,-9.6180,-20.6100,0.030898,0.041600,0.077604,0.007396,0.6000,+0
3.7288,descent,3.1874,48.6914,43.1543,-9.6180,-20.6100,0.031077,0.041596,0.077604,0.007396,0.6000,+0
3.7296,descent,3.1874,48.6914,43.1543,-9.6180,-19.2360,0.031077,0.041541,0.077597,0.007403,0.6000,+0
3.7307,descent,3.1874,48.6914,43.1543,-9.6180,-17.8620,0.031077,0.041487,0.077597,0.007403,0.6000,+0
3.7320,descent,3.1874,48.6914,43.1543,-9.6180,-17.8620,0.031077,0.041487,0.077584,0.007416,0.6000,+0
3.7333,descent,3.1874,48.6914,43.1543,-9.6180,-16.4880,0.031077,0.041432,0.077581,0.007419,0.6000,+0
3.7341,descent,3.1874,48.6914,43.1543,-9.6180,-15.1140,0.031077,0.041378,0.077581,0.007419,0.6000,+0
3.7353,descent,3.1874,48.6914,43.1543,-9.6180,-15.1140,0.031077,0.041378,0.077587,0.007413,0.6000,+0
3.7363,descent,3.1874,48.6914,43.1543,-8.2440,-13.7400,0.031063,0.041323,0.077587,0.007413,0.6000,+0
3.7374,descent,3.1874,48.6914,43.1543,-8.2440,-13.7400,0.031063,0.041323,0.077588,0.007412,0.6000,+0
3.7385,descent,3.1874,48.6035,43.1543,-8.2440,-12.3660,0.031242,0.041264,0.077588,0.007412,0.6000,+0
3.7396,descent,3.2311,48.6035,43.1543,-9.6180,-12.3660,0.031256,0.041264,0.077568,0.007432,0.6000,+0
3.7407,descent,3.2311,48.6035,43.1543,-9.6180,-10.9920,0.031256,0.041210,0.077568,0.007432,0.6000,+0
3.7420,descent,3.2311,48.6035,43.1543,-9.6180,-10.9920,0.031256,0.041210,0.077589,0.007411,0.6000,+0
3.7433,descent,3.2311,48.6035,43.1543,-8.2440,-9.6180,0.031242,0.041156,0.077585,0.007415,0.6000,+0
3.7441,descent,3.2311,48.6035,43.1543,-8.2440,-8.2440,0.031242,0.041101,0.077585,0.007415,0.6000,+0
3.7453,descent,3.2311,48.6035,43.1543,-8.2440,-8.2440,0.031242,0.041101,0.077567,0.007433,0.6000,+0
3.7463,descent,3.2311,48.6035,43.1543,-8.2440,-6.8700,0.031242,0.041047,0.077567,0.007433,0.6000,+0
3.7476,descent,3.2311,48.6035,43.1543,-8.2440,-6.8700,0.031242,0.041047,0.077554,0.007446,0.6000,+0
3.7485,descent,3.2311,48.6035,43.1543,-8.2440,-5.4960,0.031242,0.041000,0.077554,0.007446,0.6000,+0
3.7496,descent,3.2311,48.5156,43.1543,-8.2440,-5.4960,0.031421,0.040995,0.077557,0.007443,0.6000,+0
3.7507,descent,3.2311,48.5156,43.1543,-8.2440,-5.4960,0.031421,0.040995,0.077557,0.007443,0.6000,+0
3.7520,descent,3.2311,48.5156,43.1543,-8.2440,-4.1220,0.031421,0.041569,0.077563,0.007437,0.6000,+0
3.7531,descent,3.2311,48.5156,43.1543,-8.2440,-4.1220,0.031421,0.041569,0.077557,0.007443,0.6000,+0
3.7541,descent,3.2311,48.5156,43.1543,-8.2440,-4.1220,0.031421,0.041569,0.077557,0.007443,0.6000,+0
3.7554,descent,3.2311,48.5156,43.1543,-8.2440,-2.7480,0.031421,0.056403,0.077562,0.007438,0.6000,+0
3.7563,descent,3.2311,48.5156,43.1543,-8.2440,-2.7480,0.031421,0.056403,0.077562,0.007438,0.6000,+0
3.7576,descent,3.2311,48.5156,43.1543,-8.2440,-2.7480,0.031421,0.056403,0.077548,0.007452,0.6000,+0
3.7585,descent,3.2311,48.5156,43.1543,-8.2440,-1.3740,0.031421,0.146391,0.077548,0.007452,0.6000,+0
3.7596,descent,3.2311,48.5156,43.1543,-8.2440,-1.3740,0.031421,0.146391,0.077548,0.007452,0.6000,+0
3.7607,descent,3.2311,48.5156,43.1543,-6.8700,-1.3740,0.031407,0.146391,0.077548,0.007452,0.6000,+0
3.7621,descent,3.2311,48.5156,43.1543,-6.8700,-1.3740,0.031407,0.146391,0.077527,0.007473,0.6000,+0
3.7631,descent,3.2311,48.5156,43.1543,-6.8700,0.0000,0.031407,0.240770,0.077530,0.007470,0.6000,+0
3.7641,descent,3.2311,48.5156,43.1543,-5.4960,0.0000,0.031400,0.240770,0.077530,0.007470,0.6000,+0
3.7654,descent,3.2311,48.4277,43.1543,-6.8700,0.0000,0.031586,0.240765,0.077524,0.007476,0.6000,+0
3.7663,descent,3.2311,48.4277,43.1543,-6.8700,0.0000,0.031586,0.240765,0.077524,0.007476,0.6000,+0
3.7676,descent,3.2311,48.4277,43.1543,-6.8700,0.0000,0.031586,0.240765,0.077537,0.007463,0.6000,+0
3.7685,descent,3.2311,48.4277,43.1543,-6.8700,0.0000,0.031586,0.240765,0.077537,0.007463,0.6000,+0
3.7696,descent,3.2311,48.4277,43.1543,-6.8700,0.0000,0.031586,0.240765,0.077520,0.007480,0.6000,+0
3.7707,descent,3.2311,48.4277,43.1543,-6.8700,0.0000,0.031586,0.240765,0.077520,0.007480,0.6000,+0
3.7720,descent,3.2311,48.4277,43.2422,-6.8700,1.3740,0.031590,0.145590,0.077526,0.007474,0.6000,+0
3.7733,descent,3.2311,48.4277,43.2422,-5.4960,1.3740,0.031583,0.145590,0.077506,0.007494,0.6000,+0
3.7741,descent,3.2311,48.4277,43.2422,-5.4960,1.3740,0.031583,0.145590,0.077506,0.007494,0.6000,+0
3.7753,descent,3.2311,48.4277,43.3301,-5.4960,2.7480,0.031588,0.054807,0.077506,0.007494,0.6000,+0
3.7763,descent,3.2311,48.4277,43.3301,-5.4960,2.7480,0.031588,0.054807,0.077506,0.007494,0.6000,+0
3.7776,descent,3.2311,48.4277,43.4180,-5.4960,4.1220,0.031593,0.039177,0.077514,0.007486,0.6000,+0
3.7787,descent,3.2311,48.4277,43.5059,-5.4960,5.4960,0.031597,0.037807,0.077514,0.007486,0.6000,+0
3.7797,descent,3.2311,48.4277,43.5937,-5.4960,6.8700,0.031602,0.037059,0.077515,0.007485,0.6000,+0
3.7808,descent,3.2311,48.4277,43.7695,-5.4960,8.2440,0.031611,0.035631,0.077515,0.007485,0.6000,+0
3.7819,descent,3.2311,48.4277,43.8574,-4.1220,9.6180,0.032230,0.034889,0.077513,0.007487,0.6000,+0
3.7831,descent,3.2311,48.4277,44.0332,-4.1220,13.7400,0.032240,0.033352,0.077492,0.007508,0.6000,+0
3.7841,descent,3.2311,48.4277,44.1211,-4.1220,16.4880,0.032244,0.032557,0.077492,0.007508,0.6000,+0
3.7855,descent,3.2311,48.4277,44.2090,-2.7480,17.8620,0.047123,0.031816,0.077491,0.007509,0.6000,+0
3.7863,descent,3.2311,48.4277,44.2969,-2.7480,20.6100,0.047128,0.031020,0.077491,0.007509,0.6000,+0
3.7876,descent,3.2311,48.4277,44.3848,-2.7480,23.3580,0.047132,0.030224,0.077497,0.007503,0.6000,+0
3.7885,descent,3.2311,48.4277,44.4727,-2.7480,24.7320,0.047137,0.029483,0.077497,0.007503,0.6000,+0
3.7896,descent,3.2311,48.3398,44.5605,-2.7480,27.4800,0.047321,0.028683,0.077486,0.007514,0.6000,+0
3.7908,descent,3.2311,48.3398,44.5605,-2.7480,30.2280,0.047321,0.028574,0.077486,0.007514,0.6000,+0
3.7918,descent,3.2311,48.3398,44.7363,-4.1220,31.6020,0.032456,0.027146,0.077481,0.007519,0.6000,+0
3.7930,descent,3.2311,48.3398,44.8242,-4.1220,37.0980,0.032461,0.026241,0.077476,0.007524,0.6000,+0
3.7940,descent,3.2311,48.3398,44.9121,-4.1220,39.8460,0.032466,0.025446,0.077476,0.007524,0.6000,+0
3.7951,descent,3.2311,48.3398,45.0000,-4.1220,41.2200,0.032470,0.024704,0.077474,0.007526,0.6000,+0
3.7962,descent,3.2311,48.3398,45.0000,-4.1220,43.9680,0.032470,0.024596,0.077474,0.007526,0.6000,+0
3.7973,descent,3.2311,48.3398,45.1758,-4.1220,46.7160,0.032480,0.023113,0.077474,0.007526,0.6000,+0
3.7985,descent,3.2311,48.3398,45.2637,-4.1220,48.0900,0.032484,0.022372,0.077474,0.007526,0.6000,+0
3.7996,descent,3.2311,48.3398,45.2637,-2.7480,50.8380,0.047358,0.022263,0.077465,0.007535,0.6000,+0
3.8007,descent,3.2311,48.3398,45.3516,-2.7480,52.2120,0.047363,0.021522,0.077465,0.007535,0.6000,+0
3.8018,descent,3.2311,48.3398,45.3516,-2.7480,53.5860,0.047363,0.021467,0.077461,0.007539,0.6000,+0
3.8029,descent,3.2311,48.3398,45.4395,-2.7480,56.3340,0.047368,0.020672,0.077455,0.007545,0.6000,+0
3.8043,descent,3.2311,48.3398,45.5273,-2.7480,59.0820,0.047372,0.019876,0.077455,0.007545,0.6000,+0
3.8052,descent,3.2311,48.3398,45.5273,-2.7480,59.0820,0.047372,0.019876,0.077458,0.007542,0.6000,+0
3.8065,descent,3.2311,48.3398,45.5273,-2.7480,60.4560,0.047372,0.019822,0.077458,0.007542,0.6000,+0
3.8074,descent,3.2311,48.3398,45.5273,-2.7480,61.8300,0.047372,0.019767,0.077458,0.007542,0.6000,+0
3.8085,descent,3.2311,48.3398,45.5273,-2.7480,61.8300,0.047372,0.019767,0.077458,0.007542,0.6000,+0
3.8096,descent,3.2311,48.3398,45.5273,-2.7480,61.8300,0.047372,0.019767,0.077459,0.007541,0.6000,+0
3.8107,descent,3.2311,48.3398,45.5273,-2.7480,60.4560,0.047372,0.019822,0.077459,0.007541,0.6000,+0
3.8120,descent,3.2311,48.3398,45.5273,-2.7480,60.4560,0.047372,0.019822,0.077450,0.007550,0.6000,+0
3.8133,descent,3.2311,48.3398,45.5273,-2.7480,57.7080,0.047372,0.019931,0.077446,0.007554,0.6000,+0
3.8141,descent,3.2311,48.3398,45.5273,-2.7480,56.3340,0.047372,0.019985,0.077446,0.007554,0.6000,+0
3.8153,descent,3.2311,48.3398,45.5273,-2.7480,54.9600,0.047372,0.020040,0.077442,0.007558,0.6000,+0
3.8163,descent,3.2311,48.3398,45.5273,-2.7480,52.2120,0.047372,0.020148,0.077442,0.007558,0.6000,+0
3.8176,descent,3.2311,48.3398,45.5273,-2.7480,50.8380,0.047372,0.020203,0.077445,0.007555,0.6000,+0
3.8185,descent,3.2311,48.3398,45.5273,-2.7480,48.0900,0.047372,0.020312,0.077445,0.007555,0.6000,+0
3.8196,descent,3.2311,48.3398,45.5273,-2.7480,46.7160,0.047372,0.020366,0.077438,0.007562,0.6000,+0
3.8207,descent,3.2311,48.3398,45.5273,-2.7480,43.9680,0.047372,0.020475,0.077438,0.007562,0.6000,+0
3.8220,descent,3.2311,48.3398,45.4395,-1.3740,41.2200,0.137395,0.021271,0.077428,0.007572,0.6000,+0
3.8233,descent,3.2311,48.3398,45.4395,-1.3740,35.7240,0.137395,0.021488,0.077418,0.007582,0.6000,+0
3.8241,descent,3.2311,48.3398,45.4395,-1.3740,32.9760,0.137395,0.021597,0.077418,0.007582,0.6000,+0
3.8253,descent,3.2311,48.3398,45.4395,0.0000,31.6020,0.231815,0.021651,0.077418,0.007582,0.6000,+0
3.8263,descent,3.2311,48.3398,45.3516,0.0000,28.8540,0.231810,0.022447,0.077418,0.007582,0.6000,+0
3.8276,descent,3.2311,48.3398,45.3516,0.0000,24.7320,0.231810,0.022610,0.077418,0.007582,0.6000,+0
3.8285,descent,3.2311,48.3398,45.3516,0.0000,23.3580,0.231810,0.022665,0.077418,0.007582,0.6000,+0
3.8296,descent,3.3001,48.3398,45.3516,0.0000,20.6100,0.231810,0.022774,0.077405,0.007595,0.6000,+0
3.8307,descent,3.3001,48.3398,45.2637,0.0000,17.8620,0.231805,0.023569,0.077405,0.007595,0.6000,+0
3.8321,descent,3.3001,48.3398,45.2637,0.0000,15.1140,0.231805,0.023678,0.077413,0.007587,0.6000,+0
3.8331,descent,3.3001,48.3398,45.1758,0.0000,9.6180,0.231801,0.024583,0.077402,0.007598,0.6000,+0
3.8343,descent,3.3001,48.4277,45.1758,1.3740,6.8700,0.137174,0.024696,0.077402,0.007598,0.6000,+0
3.8352,descent,3.3001,48.4277,45.0000,1.3740,5.4960,0.137164,0.026131,0.077413,0.007587,0.6000,+0
3.8365,descent,3.3001,48.4277,45.0000,1.3740,2.7480,0.137164,0.041757,0.077413,0.007587,0.6000,+0
3.8374,descent,3.3001,48.5156,45.0000,2.7480,0.0000,0.046929,0.226346,0.077389,0.007611,0.6000,+0
3.8385,descent,3.3001,48.5156,44.9121,2.7480,-2.7480,0.046924,0.042666,0.077389,0.007611,0.6000,+0
3.8396,descent,3.3001,48.6035,44.9121,4.1220,-4.1220,0.031843,0.027837,0.077379,0.007621,0.6000,+0
3.8407,descent,3.3001,48.6914,44.8242,5.4960,-6.8700,0.031016,0.028002,0.077379,0.007621,0.6000,+0
3.8420,descent,3.3001,48.6914,44.8242,5.4960,-8.2440,0.031016,0.028056,0.077380,0.007620,0.6000,+0
3.8431,descent,3.3001,48.8672,44.8242,8.2440,-10.9920,0.030622,0.028174,0.077391,0.007609,0.6000,+0
3.8443,descent,3.3001,48.9551,44.7363,10.9920,-12.3660,0.030410,0.028920,0.077391,0.007609,0.6000,+0
3.8452,descent,3.3001,49.0430,44.6484,12.3660,-13.7400,0.030212,0.029666,0.077382,0.007618,0.6000,+0
3.8465,descent,3.3001,49.1309,44.6484,13.7400,-15.1140,0.030018,0.029725,0.077382,0.007618,0.6000,+0
3.8474,descent,3.3001,49.2188,44.6484,16.4880,-16.4880,0.029811,0.029784,0.077383,0.007617,0.6000,+0
3.8485,descent,3.3001,49.3066,44.5605,17.8620,-17.8620,0.029613,0.030530,0.077383,0.007617,0.6000,+0
3.8496,descent,3.3001,49.3945,44.5605,20.6100,-19.2360,0.029405,0.030589,0.077373,0.007627,0.6000,+0
3.8507,descent,3.3001,49.4824,44.5605,23.3580,-20.6100,0.029197,0.030648,0.077373,0.007627,0.6000,+0
3.8520,descent,3.3001,49.5703,44.4727,24.7320,-21.9840,0.028999,0.031394,0.077378,0.007622,0.6000,+0
3.8531,descent,3.3001,49.7461,44.4727,30.2280,-23.3580,0.028584,0.031458,0.077380,0.007620,0.6000,+0
3.8543,descent,3.3001,49.8340,44.3848,32.9760,-24.7320,0.028372,0.032204,0.077380,0.007620,0.6000,+0
3.8552,descent,3.3001,49.9219,44.3848,35.7240,-24.7320,0.028164,0.032209,0.077361,0.007639,0.6000,+0
3.8565,descent,3.3001,50.0098,44.3848,38.4720,-26.1060,0.027957,0.032268,0.077361,0.007639,0.6000,+0
3.8574,descent,3.3001,50.0977,44.2969,39.8460,-26.1060,0.027759,0.032959,0.077335,0.007665,0.6000,+0
3.8585,descent,3.3001,50.1855,44.2969,42.5940,-27.4800,0.027551,0.033019,0.077335,0.007665,0.6000,+0
3.8596,descent,3.3001,50.2734,44.2969,45.3420,-27.4800,0.027343,0.033023,0.077358,0.007642,0.6000,+0
3.8607,descent,3.3001,50.3613,44.2090,48.0900,-27.4800,0.027131,0.033715,0.077358,0.007642,0.6000,+0
3.8620,descent,3.3001,50.4492,44.2090,50.8380,-28.8540,0.026924,0.033774,0.077354,0.007646,0.6000,+0
3.8631,descent,3.3001,50.5371,44.1211,56.3340,-28.8540,0.026683,0.034465,0.077355,0.007645,0.6000,+0
3.8642,descent,3.3001,50.6250,44.1211,57.7080,-30.2280,0.026489,0.034525,0.077355,0.007645,0.6000,+0
3.8654,descent,3.3001,50.7129,44.1211,60.4560,-30.2280,0.026282,0.034529,0.077329,0.007671,0.6000,+0
3.8663,descent,3.3001,50.7129,44.0332,61.8300,-30.2280,0.026263,0.035216,0.077329,0.007671,0.6000,+0
3.8676,descent,3.3001,50.8008,44.0332,64.5780,-30.2280,0.026055,0.035221,0.077341,0.007659,0.6000,+0
3.8685,descent,3.3001,50.8008,44.0332,65.9520,-30.2280,0.026041,0.035221,0.077341,0.007659,0.6000,+0
3.8696,descent,3.3001,50.8887,44.0332,67.3260,-30.2280,0.025848,0.035225,0.077328,0.007672,0.6000,+0
3.8707,descent,3.3001,50.9766,44.0332,68.7000,-28.8540,0.025654,0.035176,0.077328,0.007672,0.6000,+0
3.8719,descent,3.3001,50.9766,43.9453,70.0740,-28.8540,0.025635,0.035863,0.077351,0.007649,0.6000,+0
3.8733,descent,3.3001,51.0645,43.9453,71.4480,-28.8540,0.025442,0.035867,0.077330,0.007670,0.6000,+0
3.8741,descent,3.3001,51.1523,43.9453,71.4480,-28.8540,0.025263,0.035872,0.077330,0.007670,0.6000,+0
3.8753,descent,3.3001,51.1523,43.9453,71.4480,-27.4800,0.025263,0.035818,0.077318,0.007682,0.6000,+0
3.8763,descent,3.3001,51.1523,43.8574,71.4480,-27.4800,0.025258,0.036504,0.077318,0.007682,0.6000,+0
3.8776,descent,3.3001,51.2402,43.8574,71.4480,-27.4800,0.025079,0.036509,0.077330,0.007670,0.6000,+0
3.8785,descent,3.3001,51.2402,43.8574,70.0740,-27.4800,0.025094,0.036509,0.077330,0.007670,0.6000,+0
3.8796,descent,3.3001,51.2402,43.7695,70.0740,-27.4800,0.025089,0.037196,0.077307,0.007693,0.6000,+0
3.8807,descent,3.3001,51.3281,43.7695,68.7000,-26.1060,0.024924,0.037146,0.077307,0.007693,0.6000,+0
3.8820,descent,3.3001,51.3281,43.7695,67.3260,-26.1060,0.024939,0.037146,0.077307,0.007693,0.6000,+0
3.8831,descent,3.3001,51.3281,43.7695,64.5780,-24.7320,0.024967,0.037092,0.077302,0.007698,0.6000,+0
3.8841,descent,3.3001,51.3281,43.5937,63.2040,-24.7320,0.024972,0.038465,0.077302,0.007698,0.6000,+0
3.8853,descent,3.3001,51.3281,43.5937,60.4560,-24.7320,0.025001,0.038465,0.077299,0.007701,0.6000,+0
3.8863,descent,3.3001,51.3281,43.5937,59.0820,-24.7320,0.025015,0.038465,0.077299,0.007701,0.6000,+0
3.8876,descent,3.3001,51.3281,43.5937,56.3340,-23.3580,0.025044,0.038411,0.077304,0.007696,0.6000,+0
3.8885,descent,3.3001,51.3281,43.5937,54.9600,-23.3580,0.025058,0.038411,0.077304,0.007696,0.6000,+0
3.8896,descent,3.3001,51.3281,43.5937,52.2120,-23.3580,0.025087,0.038411,0.077289,0.007711,0.6000,+0
3.8907,descent,3.3001,51.3281,43.5937,49.4640,-21.9840,0.025115,0.038356,0.077289,0.007711,0.6000,+0
3.8920,descent,3.3001,51.3281,43.5059,48.0900,-21.9840,0.025125,0.039043,0.077291,0.007709,0.6000,+0
3.8931,descent,3.3001,51.3281,43.5059,42.5940,-20.6100,0.025182,0.038989,0.077304,0.007696,0.6000,+0
3.8943,descent,3.3001,51.3281,43.5059,41.2200,-20.6100,0.025196,0.038989,0.077304,0.007696,0.6000,+0
3.8952,descent,3.3001,51.3281,43.5059,38.4720,-20.6100,0.025225,0.038989,0.077288,0.007712,0.6000,+0
3.8965,descent,3.3001,51.3281,43.5059,35.7240,-19.2360,0.025254,0.038934,0.077288,0.007712,0.6000,+0
3.8974,descent,3.3001,51.3281,43.5059,34.3500,-19.2360,0.025268,0.038934,0.077288,0.007712,0.6000,+0
3.8985,descent,3.3001,51.3281,43.4180,31.6020,-17.8620,0.025292,0.039567,0.077288,0.007712,0.6000,+0
3.8996,descent,3.3001,51.3281,43.4180,30.2280,-17.8620,0.025306,0.039567,0.077280,0.007720,0.6000,+0
3.9007,descent,3.3001,51.3281,43.4180,27.4800,-17.8620,0.025335,0.039567,0.077280,0.007720,0.6000,+0
3.9020,descent,3.3001,51.2402,43.4180,26.1060,-17.8620,0.025528,0.039562,0.077257,0.007743,0.6000,+0
3.9033,descent,3.3001,51.2402,43.4180,20.6100,-16.4880,0.025585,0.039507,0.077256,0.007744,0.6000,+0
3.9041,descent,3.3001,51.2402,43.4180,19.2360,-16.4880,0.025600,0.039507,0.077256,0.007744,0.6000,+0
3.9053,descent,3.3001,51.2402,43.4180,16.4880,-15.1140,0.025628,0.039453,0.077260,0.007740,0.6000,+0
3.9063,descent,3.3001,51.2402,43.4180,15.1140,-15.1140,0.025643,0.039453,0.077260,0.007740,0.6000,+0
3.9076,descent,3.3001,51.2402,43.4180,13.7400,-15.1140,0.025657,0.039453,0.077258,0.007742,0.6000,+0
3.9085,descent,3.3001,51.1523,43.4180,10.9920,-13.7400,0.025864,0.039394,0.077258,0.007742,0.6000,+0
3.9096,descent,3.3001,51.1523,43.4180,9.6180,-13.7400,0.025879,0.039394,0.077253,0.007747,0.6000,+0
3.9107,descent,3.3001,51.1523,43.4180,8.2440,-13.7400,0.025893,0.039394,0.077253,0.007747,0.6000,+0
3.9120,descent,3.3001,51.1523,43.4180,6.8700,-12.3660,0.025907,0.039340,0.077253,0.007747,0.6000,+0
3.9134,descent,3.3001,51.0645,43.4180,2.7480,-10.9920,0.041654,0.039280,0.077260,0.007740,0.6000,+0
3.9141,descent,3.3001,51.0645,43.4180,1.3740,-10.9920,0.131710,0.039280,0.077260,0.007740,0.6000,+0
3.9153,descent,3.3001,51.0645,43.4180,0.0000,-9.6180,0.226158,0.039226,0.077239,0.007761,0.6000,+0
3.9163,descent,3.3001,50.9766,43.4180,-1.3740,-9.6180,0.131918,0.039221,0.077239,0.007761,0.6000,+0
3.9176,descent,3.3001,50.9766,43.4180,-2.7480,-8.2440,0.041890,0.039167,0.077252,0.007748,0.6000,+0
3.9185,descent,3.3001,50.9766,43.4180,-4.1220,-8.2440,0.027016,0.039167,0.077252,0.007748,0.6000,+0
3.9196,descent,3.3629,50.9766,43.4180,-5.4960,-6.8700,0.026401,0.039112,0.077224,0.007776,0.6000,+0
3.9207,descent,3.3629,50.9766,43.4180,-5.4960,-6.8700,0.026401,0.039112,0.077224,0.007776,0.6000,+0
3.9219,descent,3.3629,50.8887,43.4180,-6.8700,-6.8700,0.026587,0.039108,0.077212,0.007788,0.6000,+0
3.9233,descent,3.3629,50.8887,43.4180,-8.2440,-5.4960,0.026602,0.039061,0.077227,0.007773,0.6000,+0
3.9241,descent,3.3629,50.8887,43.4180,-9.6180,-5.4960,0.026616,0.039061,0.077227,0.007773,0.6000,+0
3.9253,descent,3.3629,50.8887,43.4180,-9.6180,-4.1220,0.026616,0.039635,0.077226,0.007774,0.6000,+0
3.9263,descent,3.3629,50.8008,43.4180,-10.9920,-4.1220,0.026809,0.039630,0.077226,0.007774,0.6000,+0
3.9276,descent,3.3629,50.8008,43.4180,-10.9920,-4.1220,0.026809,0.039630,0.077202,0.007798,0.6000,+0
3.9285,descent,3.3629,50.8008,43.4180,-12.3660,-4.1220,0.026824,0.039630,0.077202,0.007798,0.6000,+0
3.9296,descent,3.3629,50.8008,43.4180,-12.3660,-4.1220,0.026824,0.039630,0.077197,0.007803,0.6000,+0
3.9307,descent,3.3629,50.8008,43.4180,-12.3660,-2.7480,0.026824,0.054464,0.077197,0.007803,0.6000,+0
3.9319,descent,3.3629,50.8008,43.4180,-13.7400,-2.7480,0.026838,0.054464,0.077186,0.007814,0.6000,+0
3.9333,descent,3.3629,50.8008,43.4180,-13.7400,-1.3740,0.026838,0.144452,0.077201,0.007799,0.6000,+0
3.9341,descent,3.3629,50.8008,43.4180,-13.7400,-1.3740,0.026838,0.144452,0.077201,0.007799,0.6000,+0
3.9353,descent,3.3629,50.8008,43.4180,-13.7400,-1.3740,0.026838,0.144452,0.077188,0.007812,0.6000,+0
3.9363,descent,3.3629,50.8008,43.4180,-13.7400,0.0000,0.026838,0.238831,0.077188,0.007812,0.6000,+0
3.9376,descent,3.3629,50.8008,43.4180,-13.7400,0.0000,0.026838,0.238831,0.077196,0.007804,0.6000,+0
3.9385,descent,3.3629,50.8008,43.4180,-13.7400,0.0000,0.026838,0.238831,0.077196,0.007804,0.6000,+0
3.9396,descent,3.3629,50.8008,43.4180,-13.7400,0.0000,0.026838,0.238831,0.077178,0.007822,0.6000,+0
3.9407,descent,3.3629,50.8008,43.4180,-12.3660,0.0000,0.026824,0.238831,0.077178,0.007822,0.6000,+0
3.9420,descent,3.3629,50.8008,43.4180,-12.3660,0.0000,0.026824,0.238831,0.077174,0.007826,0.6000,+0
3.9431,descent,3.3629,50.7129,43.4180,-12.3660,0.0000,0.027003,0.238826,0.077180,0.007820,0.6000,+0
3.9443,descent,3.3629,50.7129,43.4180,-12.3660,0.0000,0.027003,0.238826,0.077180,0.007820,0.6000,+0
3.9452,descent,3.3629,50.7129,43.4180,-12.3660,0.0000,0.027003,0.238826,0.077182,0.007818,0.6000,+0
3.9465,descent,3.3629,50.7129,43.4180,-12.3660,0.0000,0.027003,0.238826,0.077182,0.007818,0.6000,+0
3.9474,descent,3.3629,50.7129,43.5059,-12.3660,1.3740,0.027007,0.143651,0.077168,0.007832,0.6000,+0
3.9485,descent,3.3629,50.7129,43.5059,-10.9920,1.3740,0.026993,0.143651,0.077168,0.007832,0.6000,+0
3.9496,descent,3.3629,50.7129,43.5059,-10.9920,1.3740,0.026993,0.143651,0.077170,0.007830,0.6000,+0
3.9507,descent,3.3629,50.7129,43.5937,-9.6180,2.7480,0.026983,0.052868,0.077170,0.007830,0.6000,+0
3.9519,descent,3.3629,50.7129,43.7695,-9.6180,2.7480,0.026993,0.051495,0.077164,0.007836,0.6000,+0
3.9533,descent,3.3629,50.7129,43.8574,-8.2440,5.4960,0.026983,0.035182,0.077153,0.007847,0.6000,+0
3.9541,descent,3.3629,50.7129,43.9453,-8.2440,6.8700,0.026988,0.034433,0.077153,0.007847,0.6000,+0
3.9553,descent,3.3629,50.7129,44.0332,-8.2440,8.2440,0.026993,0.033692,0.077157,0.007843,0.6000,+0
3.9563,descent,3.3629,50.7129,44.1211,-6.8700,9.6180,0.026983,0.032951,0.077157,0.007843,0.6000,+0
3.9576,descent,3.3629,50.7129,44.2090,-6.8700,12.3660,0.026988,0.032155,0.077141,0.007859,0.6000,+0
3.9585,descent,3.3629,50.7129,44.2969,-6.8700,13.7400,0.026992,0.031414,0.077141,0.007859,0.6000,+0
3.9596,descent,3.3629,50.7129,44.3848,-5.4960,16.4880,0.026990,0.030619,0.077135,0.007865,0.6000,+0
3.9607,descent,3.3629,50.6250,44.4727,-5.4960,17.8620,0.027174,0.029873,0.077135,0.007865,0.6000,+0
3.9620,descent,3.3629,50.6250,44.5605,-5.4960,20.6100,0.027178,0.029077,0.077126,0.007874,0.6000,+0
3.9633,descent,3.3629,50.6250,44.7363,-5.4960,24.7320,0.027188,0.027540,0.077126,0.007874,0.6000,+0
3.9640,descent,3.3629,50.6250,44.8242,-5.4960,27.4800,0.027193,0.026745,0.077126,0.007874,0.6000,+0
3.9653,descent,3.3629,50.6250,44.9121,-5.4960,30.2280,0.027197,0.025949,0.077129,0.007871,0.6000,+0
3.9663,descent,3.3629,50.6250,45.0000,-5.4960,32.9760,0.027202,0.025154,0.077129,0.007871,0.6000,+0
3.9676,descent,3.3629,50.6250,45.1758,-5.4960,35.7240,0.027212,0.023671,0.077110,0.007890,0.6000,+0
3.9685,descent,3.3629,50.6250,45.2637,-5.4960,38.4720,0.027216,0.022876,0.077110,0.007890,0.6000,+0
3.9696,descent,3.3629,50.6250,45.3516,-5.4960,39.8460,0.027221,0.022135,0.077129,0.007871,0.6000,+0
3.9707,descent,3.3629,50.6250,45.4395,-5.4960,42.5940,0.027226,0.021339,0.077129,0.007871,0.6000,+0
3.9719,descent,3.3629,50.5371,45.5273,-5.4960,45.3420,0.027410,0.020539,0.077119,0.007881,0.6000,+0
3.9733,descent,3.3629,50.5371,45.6152,-5.4960,50.8380,0.027414,0.019634,0.077115,0.007885,0.6000,+0
3.9741,descent,3.3629,50.5371,45.6152,-5.4960,52.2120,0.027414,0.019580,0.077115,0.007885,0.6000,+0
3.9753,descent,3.3629,50.5371,45.7031,-5.4960,54.9600,0.027419,0.018785,0.077102,0.007898,0.6000,+0
3.9763,descent,3.3629,50.5371,45.7910,-5.4960,56.3340,0.027424,0.018043,0.077102,0.007898,0.6000,+0
3.9776,descent,3.3629,50.5371,45.7910,-5.4960,59.0820,0.027424,0.017935,0.077102,0.007898,0.6000,+0
3.9785,descent,3.3629,50.5371,45.7910,-5.4960,60.4560,0.027424,0.017880,0.077102,0.007898,0.6000,+0
3.9796,descent,3.3629,50.4492,45.8789,-5.4960,61.8300,0.027608,0.017134,0.077099,0.007901,0.6000,+0
3.9807,descent,3.3629,50.4492,45.8789,-5.4960,63.2040,0.027608,0.017080,0.077099,0.007901,0.6000,+0
3.9819,descent,3.3629,50.4492,45.8789,-6.8700,63.2040,0.027615,0.017080,0.077104,0.007896,0.6000,+0
3.9833,descent,3.3629,50.4492,45.8789,-6.8700,64.5780,0.027615,0.017025,0.077093,0.007907,0.6000,+0
3.9841,descent,3.3629,50.4492,45.8789,-6.8700,64.5780,0.027615,0.017025,0.077093,0.007907,0.6000,+0
3.9853,descent,3.3629,50.4492,45.8789,-6.8700,63.2040,0.027615,0.017080,0.077088,0.007912,0.6000,+0
3.9863,descent,3.3629,50.4492,45.8789,-6.8700,63.2040,0.027615,0.017080,0.077088,0.007912,0.6000,+0
3.9876,descent,3.3629,50.3613,45.8789,-6.8700,61.8300,0.027794,0.017130,0.077090,0.007910,0.6000,+0
3.9885,descent,3.3629,50.3613,45.8789,-8.2440,60.4560,0.027808,0.017184,0.077090,0.007910,0.6000,+0
3.9896,descent,3.3629,50.3613,45.8789,-8.2440,59.0820,0.027808,0.017238,0.077094,0.007906,0.6000,+0
3.9907,descent,3.3629,50.3613,45.8789,-8.2440,57.7080,0.027808,0.017293,0.077094,0.007906,0.6000,+0
3.9919,descent,3.3629,50.3613,45.8789,-8.2440,54.9600,0.027808,0.017402,0.077063,0.007937,0.6000,+0
3.9933,descent,3.3629,50.2734,45.8789,-9.6180,50.8380,0.028001,0.017560,0.077083,0.007917,0.6000,+0
3.9941,descent,3.3629,50.2734,45.7910,-9.6180,49.4640,0.027996,0.018301,0.077083,0.007917,0.6000,+0
3.9953,descent,3.3629,50.2734,45.7910,-9.6180,46.7160,0.027996,0.018410,0.077054,0.007946,0.6000,+0
3.9963,descent,3.3629,50.2734,45.7910,-9.6180,43.9680,0.027996,0.018519,0.077054,0.007946,0.6000,+0
3.9976,descent,3.3629,50.2734,45.7910,-9.6180,41.2200,0.027996,0.018628,0.077047,0.007953,0.6000,+0
3.9985,descent,3.3629,50.1855,45.7031,-9.6180,38.4720,0.028171,0.019419,0.077047,0.007953,0.6000,+0
3.9996,descent,3.3629,50.1855,45.7031,-10.9920,34.3500,0.028185,0.019582,0.077046,0.007954,0.6000,+0
4.0007,descent,3.3629,50.1855,45.7031,-10.9920,31.6020,0.028185,0.019691,0.077046,0.007954,0.6000,+0
4.0019,descent,3.3629,50.1855,45.6152,-10.9920,28.8540,0.028180,0.020486,0.077044,0.007956,0.6000,+0
4.0033,descent,3.3629,50.1855,45.6152,-10.9920,21.9840,0.028180,0.020758,0.077051,0.007949,0.6000,+0
4.0040,descent,3.4001,50.1855,45.5273,-10.9920,19.2360,0.028175,0.021554,0.077051,0.007949,0.6000,+0
4.0053,descent,3.4001,50.0977,45.5273,-10.9920,16.4880,0.028354,0.021658,0.077040,0.007960,0.6000,+0
4.0063,descent,3.4001,50.0977,45.4395,-12.3660,12.3660,0.028364,0.022508,0.077040,0.007960,0.6000,+0
4.0076,descent,3.4001,50.0977,45.4395,-12.3660,9.6180,0.028364,0.022617,0.077053,0.007947,0.6000,+0
4.0085,descent,3.4001,50.0977,45.4395,-12.3660,6.8700,0.028364,0.022726,0.077053,0.007947,0.6000,+0
4.0096,descent,3.4001,50.0977,45.3516,-12.3660,4.1220,0.028359,0.024157,0.077026,0.007974,0.6000,+0
4.0107,descent,3.4001,50.0977,45.3516,-12.3660,1.3740,0.028359,0.129196,0.077026,0.007974,0.6000,+0
4.0119,descent,3.4001,50.0098,45.2637,-12.3660,-1.3740,0.028533,0.129987,0.077029,0.007971,0.6000,+0
4.0133,descent,3.4001,50.0098,45.1758,-12.3660,-6.8700,0.028529,0.025325,0.077036,0.007964,0.6000,+0
4.0141,descent,3.4001,50.0098,45.1758,-12.3660,-8.2440,0.028529,0.025380,0.077036,0.007964,0.6000,+0
4.0153,descent,3.4001,49.9219,45.0000,-13.7400,-10.9920,0.028712,0.026857,0.077029,0.007971,0.6000,+0
4.0163,descent,3.4001,49.9219,45.0000,-13.7400,-12.3660,0.028712,0.026912,0.077029,0.007971,0.6000,+0
4.0176,descent,3.4001,49.9219,44.9121,-13.7400,-15.1140,0.028708,0.027707,0.077026,0.007974,0.6000,+0
4.0185,descent,3.4001,49.9219,44.8242,-13.7400,-16.4880,0.028703,0.028448,0.077026,0.007974,0.6000,+0
4.0196,descent,3.4001,49.9219,44.8242,-13.7400,-19.2360,0.028703,0.028557,0.077009,0.007991,0.6000,+0
4.0207,descent,3.4001,49.9219,44.8242,-13.7400,-20.6100,0.028703,0.028612,0.077009,0.007991,0.6000,+0
4.0219,descent,3.4001,49.9219,44.7363,-13.7400,-21.9840,0.028698,0.029353,0.077024,0.007976,0.6000,+0
4.0233,descent,3.4001,49.8340,44.6484,-13.7400,-26.1060,0.028872,0.030198,0.077003,0.007997,0.6000,+0
4.0241,descent,3.4001,49.8340,44.5605,-13.7400,-27.4800,0.028868,0.030939,0.077003,0.007997,0.6000,+0
4.0254,descent,3.4001,49.8340,44.5605,-13.7400,-28.8540,0.028868,0.030994,0.077011,0.007989,0.6000,+0
4.0263,descent,3.4001,49.8340,44.4727,-13.7400,-30.2280,0.028863,0.031735,0.077011,0.007989,0.6000,+0
4.0276,descent,3.4001,49.8340,44.4727,-13.7400,-31.6020,0.028863,0.031789,0.077000,0.008000,0.6000,+0
4.0285,descent,3.4001,49.8340,44.4727,-13.7400,-31.6020,0.028863,0.031789,0.077000,0.008000,0.6000,+0
4.0296,descent,3.4001,49.7461,44.3848,-13.7400,-32.9760,0.029037,0.032526,0.077003,0.007997,0.6000,+0
4.0307,descent,3.4001,49.7461,44.3848,-13.7400,-34.3500,0.029037,0.032580,0.077003,0.007997,0.6000,+0
4.0319,descent,3.4001,49.7461,44.2969,-13.7400,-34.3500,0.029033,0.033267,0.076996,0.008004,0.6000,+0
4.0333,descent,3.4001,49.6582,44.2090,-13.7400,-37.0980,0.029207,0.034058,0.077001,0.007999,0.6000,+0
4.0341,descent,3.4001,49.6582,44.2090,-13.7400,-37.0980,0.029207,0.034058,0.077001,0.007999,0.6000,+0
4.0353,descent,3.4001,49.6582,44.1211,-15.1140,-38.4720,0.029217,0.034799,0.076985,0.008015,0.6000,+0
4.0363,descent,3.4001,49.6582,44.1211,-15.1140,-38.4720,0.029217,0.034799,0.076985,0.008015,0.6000,+0
4.0376,descent,3.4001,49.6582,44.0332,-13.7400,-38.4720,0.029197,0.035486,0.076990,0.008010,0.6000,+0
4.0385,descent,3.4001,49.6582,44.0332,-13.7400,-39.8460,0.029197,0.035540,0.076990,0.008010,0.6000,+0
4.0396,descent,3.4001,49.5703,44.0332,-15.1140,-39.8460,0.029391,0.035536,0.076988,0.008012,0.6000,+0
4.0407,descent,3.4001,49.5703,43.9453,-15.1140,-39.8460,0.029386,0.036223,0.076988,0.008012,0.6000,+0
4.0419,descent,3.4001,49.5703,43.9453,-15.1140,-39.8460,0.029386,0.036223,0.076979,0.008021,0.6000,+0
4.0433,descent,3.4001,49.5703,43.8574,-15.1140,-39.8460,0.029381,0.036909,0.076974,0.008026,0.6000,+0
4.0441,descent,3.4001,49.5703,43.8574,-15.1140,-39.8460,0.029381,0.036909,0.076974,0.008026,0.6000,+0
4.0454,descent,3.4001,49.5703,43.7695,-13.7400,-39.8460,0.029362,0.037596,0.076982,0.008018,0.6000,+0
4.0463,descent,3.4001,49.4824,43.7695,-15.1140,-39.8460,0.029556,0.037592,0.076982,0.008018,0.6000,+0
4.0474,descent,3.4001,49.4824,43.5937,-13.7400,-39.8460,0.029532,0.038965,0.076965,0.008035,0.6000,+0
4.0485,descent,3.4001,49.4824,43.5937,-13.7400,-39.8460,0.029532,0.038965,0.076965,0.008035,0.6000,+0
4.0496,descent,3.4001,49.4824,43.5937,-13.7400,-39.8460,0.029532,0.038965,0.076965,0.008035,0.6000,+0
4.0507,descent,3.4001,49.4824,43.5059,-13.7400,-39.8460,0.029527,0.039652,0.076965,0.008035,0.6000,+0
4.0520,descent,3.4001,49.4824,43.5059,-13.7400,-39.8460,0.029527,0.039652,0.076990,0.008010,0.6000,+0
4.0533,descent,3.4001,49.3945,43.4180,-13.7400,-39.8460,0.029702,0.040334,0.076954,0.008046,0.6000,+0
4.0541,descent,3.4001,49.3945,43.4180,-13.7400,-38.4720,0.029702,0.040280,0.076954,0.008046,0.6000,+0
4.0554,descent,3.4001,49.3945,43.3301,-13.7400,-38.4720,0.029697,0.040967,0.076951,0.008049,0.6000,+0
4.0563,descent,3.4001,49.3945,43.3301,-13.7400,-38.4720,0.029697,0.040967,0.076951,0.008049,0.6000,+0
4.0576,descent,3.4001,49.3945,43.3301,-13.7400,-37.0980,0.029697,0.040912,0.076948,0.008052,0.6000,+0
4.0585,descent,3.4001,49.3945,43.2422,-13.7400,-37.0980,0.029692,0.041599,0.076948,0.008052,0.6000,+0
4.0596,descent,3.4001,49.3066,43.2422,-13.7400,-37.0980,0.029871,0.041594,0.076949,0.008051,0.6000,+0
4.0607,descent,3.4001,49.3066,43.2422,-13.7400,-37.0980,0.029871,0.041594,0.076949,0.008051,0.6000,+0
4.0620,descent,3.4001,49.3066,43.2422,-13.7400,-35.7240,0.029871,0.041540,0.076934,0.008066,0.6000,+0
4.0633,descent,3.4001,49.3066,43.1543,-13.7400,-35.7240,0.029867,0.042227,0.076935,0.008065,0.6000,+0
4.0641,descent,3.4001,49.3066,43.1543,-13.7400,-34.3500,0.029867,0.042172,0.076935,0.008065,0.6000,+0
4.0653,descent,3.4001,49.2188,43.0664,-13.7400,-34.3500,0.030041,0.042855,0.076941,0.008059,0.6000,+0
4.0663,descent,3.4001,49.2188,43.0664,-13.7400,-34.3500,0.030041,0.042855,0.076941,0.008059,0.6000,+0
4.0676,descent,3.4001,49.2188,43.0664,-13.7400,-32.9760,0.030041,0.042800,0.076918,0.008082,0.6000,+0
4.0685,descent,3.4001,49.2188,42.9785,-13.7400,-32.9760,0.030036,0.043487,0.076918,0.008082,0.6000,+0
4.0696,descent,3.4001,49.2188,42.9785,-13.7400,-32.9760,0.030036,0.043487,0.076929,0.008071,0.6000,+0
4.0707,descent,3.4001,49.2188,42.9785,-13.7400,-31.6020,0.030036,0.043433,0.076929,0.008071,0.6000,+0
4.0721,descent,3.4001,49.1309,42.9785,-13.7400,-31.6020,0.030216,0.043428,0.076923,0.008077,0.6000,+0
4.0732,descent,3.4001,49.1309,42.8906,-13.7400,-30.2280,0.030211,0.044060,0.076925,0.008075,0.6000,+0
4.0743,descent,3.4001,49.1309,42.8906,-13.7400,-30.2280,0.030211,0.044060,0.076925,0.008075,0.6000,+0
4.0751,descent,3.4001,49.1309,42.8906,-13.7400,-30.2280,0.030211,0.044060,0.076912,0.008088,0.6000,+0
4.0765,descent,3.4001,49.1309,42.8906,-13.7400,-28.8540,0.030211,0.044006,0.076912,0.008088,0.6000,+0
4.0774,descent,3.4001,49.0430,42.8906,-13.7400,-28.8540,0.030390,0.044001,0.076907,0.008093,0.6000,+0
4.0785,descent,3.4001,49.0430,42.8906,-13.7400,-27.4800,0.030390,0.043947,0.076907,0.008093,0.6000,+0
4.0796,descent,3.4001,49.0430,42.8906,-13.7400,-27.4800,0.030390,0.043947,0.076897,0.008103,0.6000,+0
4.0807,descent,3.4001,49.0430,42.8906,-13.7400,-26.1060,0.030390,0.043892,0.076897,0.008103,0.6000,+0
4.0820,descent,3.4001,49.0430,42.8027,-13.7400,-26.1060,0.030385,0.044579,0.076914,0.008086,0.6000,+0
4.0831,descent,3.4001,48.9551,42.8027,-13.7400,-24.7320,0.030564,0.044520,0.076898,0.008102,0.6000,+0
4.0843,descent,3.4001,48.9551,42.8027,-13.7400,-23.3580,0.030564,0.044466,0.076898,0.008102,0.6000,+0
4.0851,descent,3.4001,48.9551,42.8027,-13.7400,-23.3580,0.030564,0.044466,0.076904,0.008096,0.6000,+0
4.0865,descent,3.4001,48.9551,42.8027,-13.7400,-21.9840,0.030564,0.044411,0.076904,0.008096,0.6000,+0
4.0874,descent,3.4001,48.9551,42.8027,-13.7400,-21.9840,0.030564,0.044411,0.076889,0.008111,0.6000,+0
4.0885,descent,3.4001,48.9551,42.8027,-13.7400,-20.6100,0.030564,0.044357,0.076889,0.008111,0.6000,+0
4.0896,descent,3.4001,48.9551,42.8027,-13.7400,-19.2360,0.030564,0.044303,0.076875,0.008125,0.6000,+0
4.0907,descent,3.4001,48.9551,42.8027,-13.7400,-19.2360,0.030564,0.044303,0.076875,0.008125,0.6000,+0
4.0921,descent,3.4001,48.8672,42.8027,-13.7400,-17.8620,0.030743,0.044244,0.076895,0.008105,0.6000,+0
4.0931,descent,3.4001,48.8672,42.8027,-13.7400,-16.4880,0.030743,0.044189,0.076884,0.008116,0.6000,+0
4.0941,descent,3.4256,48.8672,42.8027,-13.7400,-15.1140,0.030743,0.044135,0.076884,0.008116,0.6000,+0
4.0954,descent,3.4256,48.8672,42.8027,-13.7400,-15.1140,0.030743,0.044135,0.076880,0.008120,0.6000,+0
4.0963,descent,3.4256,48.8672,42.8027,-13.7400,-13.7400,0.030743,0.044080,0.076880,0.008120,0.6000,+0
4.0976,descent,3.4256,48.8672,42.8027,-12.3660,-13.7400,0.030729,0.044080,0.076872,0.008128,0.6000,+0
4.0985,descent,3.4256,48.7793,42.8027,-12.3660,-12.3660,0.030908,0.044021,0.076872,0.008128,0.6000,+0
4.0996,descent,3.4256,48.7793,42.8027,-12.3660,-12.3660,0.030908,0.044021,0.076877,0.008123,0.6000,+0
4.1007,descent,3.4256,48.7793,42.8027,-12.3660,-10.9920,0.030908,0.043967,0.076877,0.008123,0.6000,+0
4.1021,descent,3.4256,48.7793,42.8027,-12.3660,-9.6180,0.030908,0.043912,0.076872,0.008128,0.6000,+0
4.1031,descent,3.4256,48.7793,42.8027,-12.3660,-8.2440,0.030908,0.043858,0.076858,0.008142,0.6000,+0
4.1043,descent,3.4256,48.7793,42.8027,-12.3660,-8.2440,0.030908,0.043858,0.076858,0.008142,0.6000,+0
4.1052,descent,3.4256,48.7793,42.8027,-12.3660,-6.8700,0.030908,0.043804,0.076868,0.008132,0.6000,+0
4.1065,descent,3.4256,48.7793,42.8027,-10.9920,-6.8700,0.030894,0.043804,0.076868,0.008132,0.6000,+0
4.1074,descent,3.4256,48.7793,42.8027,-10.9920,-5.4960,0.030894,0.043756,0.076853,0.008147,0.6000,+0
4.1085,descent,3.4256,48.7793,42.8027,-10.9920,-5.4960,0.030894,0.043756,0.076853,0.008147,0.6000,+0
4.1096,descent,3.4256,48.6914,42.8027,-10.9920,-4.1220,0.031073,0.044326,0.076832,0.008168,0.6000,+0
4.1107,descent,3.4256,48.6914,42.8027,-10.9920,-4.1220,0.031073,0.044326,0.076832,0.008168,0.6000,+0
4.1120,descent,3.4256,48.6914,42.8027,-10.9920,-4.1220,0.031073,0.044326,0.076855,0.008145,0.6000,+0
4.1131,descent,3.4256,48.6914,42.8027,-10.9920,-2.7480,0.031073,0.059160,0.076842,0.008158,0.6000,+0
4.1143,descent,3.4256,48.6914,42.8027,-10.9920,-2.7480,0.031073,0.059160,0.076842,0.008158,0.6000,+0
4.1152,descent,3.4256,48.6914,42.8027,-9.6180,-1.3740,0.031059,0.149148,0.076824,0.008176,0.6000,+0
4.1165,descent,3.4256,48.6914,42.8027,-9.6180,-1.3740,0.031059,0.149148,0.076824,0.008176,0.6000,+0
4.1174,descent,3.4256,48.6914,42.8027,-9.6180,-1.3740,0.031059,0.149148,0.076823,0.008177,0.6000,+0
4.1185,descent,3.4256,48.6035,42.8027,-9.6180,-1.3740,0.031238,0.149143,0.076823,0.008177,0.6000,+0
4.1196,descent,3.4256,48.6035,42.8027,-9.6180,-1.3740,0.031238,0.149143,0.076824,0.008176,0.6000,+0
4.1207,descent,3.4256,48.6035,42.8027,-9.6180,0.0000,0.031238,0.243522,0.076824,0.008176,0.6000,+0
4.1221,descent,3.4256,48.6035,42.8027,-9.6180,0.0000,0.031238,0.243522,0.076823,0.008177,0.6000,+0
4.1231,descent,3.4256,48.6035,42.8027,-9.6180,0.0000,0.031238,0.243522,0.076829,0.008171,0.6000,+0
4.1242,descent,3.4256,48.6035,42.8027,-9.6180,0.0000,0.031238,0.243522,0.076829,0.008171,0.6000,+0
4.1252,descent,3.4256,48.6035,42.8027,-9.6180,0.0000,0.031238,0.243522,0.076808,0.008192,0.6000,+0
4.1265,descent,3.4256,48.6035,42.8027,-8.2440,0.0000,0.031223,0.243522,0.076808,0.008192,0.6000,+0
4.1274,descent,3.4256,48.6035,42.8027,-8.2440,0.0000,0.031223,0.243522,0.076810,0.008190,0.6000,+0
4.1285,descent,3.4256,48.6035,42.8906,-8.2440,1.3740,0.031228,0.148347,0.076810,0.008190,0.6000,+0
4.1296,descent,3.4256,48.5156,42.8906,-8.2440,1.3740,0.031407,0.148343,0.076801,0.008199,0.6000,+0
4.1307,descent,3.4256,48.5156,42.8906,-8.2440,1.3740,0.031407,0.148343,0.076801,0.008199,0.6000,+0
4.1321,descent,3.4256,48.5156,42.8906,-8.2440,1.3740,0.031407,0.148343,0.076805,0.008195,0.6000,+0
4.1331,descent,3.4256,48.5156,43.0664,-8.2440,2.7480,0.031416,0.056872,0.076799,0.008201,0.6000,+0
4.1341,descent,3.4256,48.5156,43.0664,-8.2440,4.1220,0.031416,0.041930,0.076799,0.008201,0.6000,+0
4.1354,descent,3.4256,48.5156,43.1543,-8.2440,5.4960,0.031421,0.040559,0.076781,0.008219,0.6000,+0
4.1363,descent,3.4256,48.5156,43.2422,-8.2440,6.8700,0.031426,0.039811,0.076781,0.008219,0.6000,+0
4.1376,descent,3.4256,48.5156,43.3301,-8.2440,8.2440,0.031430,0.039070,0.076794,0.008206,0.6000,+0
4.1385,descent,3.4256,48.5156,43.3301,-8.2440,9.6180,0.031430,0.039015,0.076794,0.008206,0.6000,+0
4.1396,descent,3.4256,48.5156,43.4180,-8.2440,10.9920,0.031435,0.038274,0.076784,0.008216,0.6000,+0
4.1407,descent,3.4256,48.5156,43.5059,-8.2440,12.3660,0.031440,0.037533,0.076784,0.008216,0.6000,+0
4.1420,descent,3.4256,48.5156,43.5937,-6.8700,15.1140,0.031430,0.036737,0.076778,0.008222,0.6000,+0
4.1434,descent,3.4256,48.4277,43.8574,-6.8700,19.2360,0.031623,0.034508,0.076777,0.008223,0.6000,+0
4.1441,descent,3.4256,48.4277,43.9453,-6.8700,20.6100,0.031628,0.033767,0.076777,0.008223,0.6000,+0
4.1454,descent,3.4256,48.4277,44.0332,-6.8700,23.3580,0.031632,0.032972,0.076777,0.008223,0.6000,+0
4.1463,descent,3.4256,48.4277,44.1211,-6.8700,26.1060,0.031637,0.032176,0.076777,0.008223,0.6000,+0
4.1476,descent,3.4256,48.4277,44.2090,-6.8700,27.4800,0.031642,0.031435,0.076777,0.008223,0.6000,+0
4.1485,descent,3.4256,48.4277,44.2969,-6.8700,30.2280,0.031646,0.030639,0.076777,0.008223,0.6000,+0
4.1496,descent,3.4256,48.4277,44.3848,-6.8700,32.9760,0.031651,0.029843,0.076770,0.008230,0.6000,+0
4.1507,descent,3.4256,48.4277,44.4727,-6.8700,35.7240,0.031656,0.029048,0.076770,0.008230,0.6000,+0
4.1520,descent,3.4256,48.4277,44.5605,-6.8700,38.4720,0.031660,0.028252,0.076752,0.008248,0.6000,+0
4.1531,descent,3.4256,48.4277,44.6484,-5.4960,42.5940,0.031658,0.027402,0.076764,0.008236,0.6000,+0
4.1542,descent,3.4256,48.4277,44.7363,-5.4960,45.3420,0.031663,0.026606,0.076764,0.008236,0.6000,+0
4.1551,descent,3.4256,48.4277,44.8242,-5.4960,46.7160,0.031667,0.025865,0.076762,0.008238,0.6000,+0
4.1565,descent,3.4256,48.4277,44.8242,-5.4960,49.4640,0.031667,0.025756,0.076762,0.008238,0.6000,+0
4.1574,descent,3.4256,48.4277,44.9121,-5.4960,50.8380,0.031672,0.025015,0.076761,0.008239,0.6000,+0
4.1585,descent,3.4256,48.4277,44.9121,-5.4960,53.5860,0.031672,0.024906,0.076761,0.008239,0.6000,+0
4.1596,descent,3.4256,48.3398,45.0000,-5.4960,54.9600,0.031856,0.024160,0.076751,0.008249,0.6000,+0
4.1607,descent,3.4256,48.3398,45.0000,-5.4960,56.3340,0.031856,0.024106,0.076751,0.008249,0.6000,+0
4.1620,descent,3.4256,48.3398,45.0000,-5.4960,57.7080,0.031856,0.024051,0.076750,0.008250,0.6000,+0
4.1631,descent,3.4256,48.3398,45.1758,-5.4960,60.4560,0.031865,0.022569,0.076735,0.008265,0.6000,+0
4.1641,descent,3.4256,48.3398,45.1758,-5.4960,60.4560,0.031865,0.022569,0.076735,0.008265,0.6000,+0
4.1654,descent,3.4256,48.3398,45.1758,-5.4960,60.4560,0.031865,0.022569,0.076739,0.008261,0.6000,+0
4.1663,descent,3.4256,48.3398,45.2637,-5.4960,61.8300,0.031870,0.021828,0.076739,0.008261,0.6000,+0
4.1676,descent,3.4256,48.3398,45.2637,-5.4960,61.8300,0.031870,0.021828,0.076732,0.008268,0.6000,+0
4.1685,descent,3.4256,48.3398,45.2637,-5.4960,60.4560,0.031870,0.021882,0.076732,0.008268,0.6000,+0
4.1696,descent,3.4256,48.3398,45.2637,-5.4960,60.4560,0.031870,0.021882,0.076719,0.008281,0.6000,+0
4.1707,descent,3.4256,48.3398,45.2637,-5.4960,59.0820,0.031870,0.021937,0.076719,0.008281,0.6000,+0
4.1720,descent,3.4256,48.3398,45.2637,-5.4960,59.0820,0.031870,0.021937,0.076722,0.008278,0.6000,+0
4.1731,descent,3.4256,48.3398,45.2637,-5.4960,56.3340,0.031870,0.022045,0.076718,0.008282,0.6000,+0
4.1743,descent,3.4256,48.3398,45.2637,-4.1220,53.5860,0.032484,0.022154,0.076718,0.008282,0.6000,+0
4.1751,descent,3.4256,48.3398,45.1758,-4.1220,52.2120,0.032480,0.022895,0.076721,0.008279,0.6000,+0
4.1765,descent,3.4256,48.3398,45.1758,-4.1220,49.4640,0.032480,0.023004,0.076721,0.008279,0.6000,+0
4.1774,descent,3.4256,48.3398,45.1758,-4.1220,46.7160,0.032480,0.023113,0.076720,0.008280,0.6000,+0
4.1785,descent,3.4256,48.3398,45.1758,-2.7480,45.3420,0.047354,0.023168,0.076720,0.008280,0.6000,+0
4.1796,descent,3.4256,48.2520,45.1758,-4.1220,42.5940,0.032659,0.023272,0.076708,0.008292,0.6000,+0
4.1807,descent,3.4256,48.2520,45.1758,-4.1220,39.8460,0.032659,0.023381,0.076708,0.008292,0.6000,+0
4.1821,descent,3.4256,48.2520,45.0000,-4.1220,37.0980,0.032649,0.024863,0.076711,0.008289,0.6000,+0
4.1831,descent,3.4256,48.2520,45.0000,-4.1220,31.6020,0.032649,0.025081,0.076708,0.008292,0.6000,+0
4.1841,descent,3.4831,48.2520,45.0000,-4.1220,28.8540,0.032649,0.025189,0.076708,0.008292,0.6000,+0
4.1854,descent,3.4831,48.2520,45.0000,-4.1220,26.1060,0.032649,0.025298,0.076696,0.008304,0.6000,+0
4.1863,descent,3.4831,48.2520,44.9121,-4.1220,23.3580,0.032645,0.026094,0.076696,0.008304,0.6000,+0
4.1876,descent,3.4831,48.2520,44.9121,-4.1220,20.6100,0.032645,0.026203,0.076700,0.008300,0.6000,+0
4.1885,descent,3.4831,48.2520,44.9121,-4.1220,17.8620,0.032645,0.026312,0.076700,0.008300,0.6000,+0
4.1896,descent,3.4831,48.2520,44.9121,-4.1220,15.1140,0.032645,0.026421,0.076689,0.008311,0.6000,+0
4.1907,descent,3.4831,48.2520,44.8242,-4.1220,12.3660,0.032640,0.027216,0.076689,0.008311,0.6000,+0
4.1922,descent,3.4831,48.2520,44.8242,-4.1220,9.6180,0.032640,0.027325,0.076690,0.008310,0.6000,+0
4.1930,descent,3.4831,48.2520,44.8242,-4.1220,5.4960,0.032640,0.027496,0.076671,0.008329,0.6000,+0
4.1944,descent,3.4831,48.2520,44.7363,-2.7480,4.1220,0.047509,0.028866,0.076671,0.008329,0.6000,+0
4.1952,descent,3.4831,48.2520,44.7363,-2.7480,1.3740,0.047509,0.133905,0.076670,0.008330,0.6000,+0
4.1964,descent,3.4831,48.2520,44.6484,-2.7480,0.0000,0.047504,0.229080,0.076670,0.008330,0.6000,+0
4.1974,descent,3.4831,48.2520,44.6484,-2.7480,-2.7480,0.047504,0.044713,0.076686,0.008314,0.6000,+0
4.1985,descent,3.4831,48.2520,44.6484,-2.7480,-4.1220,0.047504,0.029879,0.076686,0.008314,0.6000,+0
4.1996,descent,3.4831,48.2520,44.5605,-2.7480,-6.8700,0.047500,0.030039,0.076661,0.008339,0.6000,+0
4.2007,descent,3.4831,48.2520,44.5605,-2.7480,-8.2440,0.047500,0.030093,0.076661,0.008339,0.6000,+0
4.2021,descent,3.4831,48.2520,44.5605,-2.7480,-9.6180,0.047500,0.030147,0.076661,0.008339,0.6000,+0
4.2031,descent,3.4831,48.2520,44.4727,-2.7480,-12.3660,0.047495,0.030943,0.076659,0.008341,0.6000,+0
4.2042,descent,3.4831,48.2520,44.4727,-2.7480,-13.7400,0.047495,0.030997,0.076659,0.008341,0.6000,+0
4.2052,descent,3.4831,48.2520,44.3848,-2.7480,-15.1140,0.047490,0.031739,0.076643,0.008357,0.6000,+0
4.2064,descent,3.4831,48.2520,44.3848,-2.7480,-16.4880,0.047490,0.031793,0.076643,0.008357,0.6000,+0
4.2073,descent,3.4831,48.2520,44.3848,-2.7480,-17.8620,0.047490,0.031847,0.076640,0.008360,0.6000,+0
4.2085,descent,3.4831,48.2520,44.3848,-2.7480,-17.8620,0.047490,0.031847,0.076640,0.008360,0.6000,+0
4.2096,descent,3.4831,48.2520,44.3848,-2.7480,-17.8620,0.047490,0.031847,0.076641,0.008359,0.6000,+0
4.2107,descent,3.4831,48.2520,44.3848,-2.7480,-19.2360,0.047490,0.031902,0.076641,0.008359,0.6000,+0
4.2120,descent,3.4831,48.2520,44.2969,-1.3740,-19.2360,0.137513,0.032589,0.076627,0.008373,0.6000,+0
4.2133,descent,3.4831,48.2520,44.2969,-1.3740,-20.6100,0.137513,0.032643,0.076620,0.008380,0.6000,+0
4.2141,descent,3.4831,48.2520,44.2969,-1.3740,-20.6100,0.137513,0.032643,0.076620,0.008380,0.6000,+0
4.2153,descent,3.4831,48.2520,44.2969,0.0000,-20.6100,0.231933,0.032643,0.076617,0.008383,0.6000,+0
4.2163,descent,3.4831,48.2520,44.2090,0.0000,-20.6100,0.231928,0.033330,0.076617,0.008383,0.6000,+0
4.2176,descent,3.4831,48.2520,44.2090,0.0000,-21.9840,0.231928,0.033384,0.076625,0.008375,0.6000,+0
4.2185,descent,3.4831,48.2520,44.2090,0.0000,-21.9840,0.231928,0.033384,0.076625,0.008375,0.6000,+0
4.2196,descent,3.4831,48.2520,44.2090,0.0000,-21.9840,0.231928,0.033384,0.076629,0.008371,0.6000,+0
4.2207,descent,3.4831,48.2520,44.2090,0.0000,-21.9840,0.231928,0.033384,0.076629,0.008371,0.6000,+0
4.2220,descent,3.4831,48.2520,44.2090,0.0000,-21.9840,0.231928,0.033384,0.076610,0.008390,0.6000,+0
4.2233,descent,3.4831,48.2520,44.1211,0.0000,-21.9840,0.231923,0.034071,0.076606,0.008394,0.6000,+0
4.2241,descent,3.4831,48.2520,44.1211,0.0000,-21.9840,0.231923,0.034071,0.076606,0.008394,0.6000,+0
4.2253,descent,3.4831,48.2520,44.1211,0.0000,-21.9840,0.231923,0.034071,0.076599,0.008401,0.6000,+0
4.2262,descent,3.4831,48.2520,44.1211,0.0000,-20.6100,0.231923,0.034017,0.076599,0.008401,0.6000,+0
4.2273,descent,3.4831,48.3398,44.1211,1.3740,-20.6100,0.137296,0.034021,0.076600,0.008400,0.6000,+0
4.2285,descent,3.4831,48.3398,44.1211,1.3740,-20.6100,0.137296,0.034021,0.076600,0.008400,0.6000,+0
4.2296,descent,3.4831,48.4277,44.1211,1.3740,-19.2360,0.137117,0.033972,0.076585,0.008415,0.6000,+0
4.2307,descent,3.4831,48.5156,44.0332,2.7480,-19.2360,0.046877,0.034663,0.076585,0.008415,0.6000,+0
4.2318,descent,3.4831,48.6914,44.0332,5.4960,-17.8620,0.030974,0.034618,0.076568,0.008432,0.6000,+0
4.2329,descent,3.4831,48.7793,44.0332,6.8700,-17.8620,0.030773,0.034623,0.076568,0.008432,0.6000,+0
4.2340,descent,3.4831,48.7793,44.0332,8.2440,-17.8620,0.030759,0.034623,0.076573,0.008427,0.6000,+0
4.2351,descent,3.4831,48.8672,44.0332,10.9920,-16.4880,0.030551,0.034573,0.076584,0.008416,0.6000,+0
4.2362,descent,3.4831,49.0430,44.0332,12.3660,-16.4880,0.030179,0.034582,0.076584,0.008416,0.6000,+0
4.2373,descent,3.4831,49.1309,44.0332,15.1140,-15.1140,0.029971,0.034533,0.076591,0.008409,0.6000,+0
4.2385,descent,3.4831,49.2188,44.0332,17.8620,-15.1140,0.029763,0.034537,0.076591,0.008409,0.6000,+0
4.2396,descent,3.4831,49.3066,44.0332,19.2360,-13.7400,0.029570,0.034488,0.076578,0.008422,0.6000,+0
4.2407,descent,3.4831,49.4824,44.0332,21.9840,-13.7400,0.029183,0.034497,0.076578,0.008422,0.6000,+0
4.2417,descent,3.4831,49.5703,44.0332,24.7320,-12.3660,0.028976,0.034447,0.076566,0.008434,0.6000,+0
4.2429,descent,3.4831,49.8340,44.0332,31.6020,-12.3660,0.028367,0.034461,0.076566,0.008434,0.6000,+0
4.2440,descent,3.4831,49.9219,44.0332,34.3500,-10.9920,0.028160,0.034412,0.076556,0.008444,0.6000,+0
4.2451,descent,3.4831,50.0977,43.9453,38.4720,-10.9920,0.027754,0.035108,0.076564,0.008436,0.6000,+0
4.2462,descent,3.4831,50.1855,43.9453,41.2200,-10.9920,0.027546,0.035113,0.076564,0.008436,0.6000,+0
4.2473,descent,3.4831,50.3613,43.9453,45.3420,-10.9920,0.027146,0.035122,0.076552,0.008448,0.6000,+0
4.2485,descent,3.4831,50.4492,43.9453,49.4640,-10.9920,0.026924,0.035127,0.076552,0.008448,0.6000,+0
4.2496,descent,3.4831,50.5371,43.9453,52.2120,-9.6180,0.026716,0.035077,0.076559,0.008441,0.6000,+0
4.2507,descent,3.4831,50.7129,43.9453,56.3340,-9.6180,0.026315,0.035086,0.076559,0.008441,0.6000,+0
4.2518,descent,3.4831,50.8887,43.9453,63.2040,-9.6180,0.025886,0.035096,0.076564,0.008436,0.6000,+0
4.2528,descent,3.4831,50.9766,43.9453,65.9520,-8.2440,0.025678,0.035046,0.076564,0.008436,0.6000,+0
4.2540,descent,3.4831,51.0645,43.9453,70.0740,-8.2440,0.025456,0.035051,0.076557,0.008443,0.6000,+0
4.2552,descent,3.4831,51.1523,43.9453,72.8220,-8.2440,0.025249,0.035056,0.076527,0.008473,0.6000,+0
4.2562,descent,3.4831,51.2402,43.9453,75.5700,-6.8700,0.025041,0.035006,0.076527,0.008473,0.6000,+0
4.2574,descent,3.4831,51.3281,43.9453,79.6920,-6.8700,0.024819,0.035011,0.076538,0.008462,0.6000,+0
4.2585,descent,3.4831,51.4160,43.9453,82.4400,-6.8700,0.024612,0.035015,0.076538,0.008462,0.6000,+0
4.2596,descent,3.4831,51.5039,43.9453,85.1880,-6.8700,0.024404,0.035020,0.076534,0.008466,0.6000,+0
4.2607,descent,3.4831,51.5918,43.9453,86.5620,-5.4960,0.024211,0.034978,0.076534,0.008466,0.6000,+0
4.2618,descent,3.4831,51.7676,43.9453,90.6840,-5.4960,0.023810,0.034987,0.076524,0.008476,0.6000,+0
4.2629,descent,3.4831,51.8555,43.9453,93.4320,-4.1220,0.023603,0.035566,0.076524,0.008476,0.6000,+0
4.2640,descent,3.4831,51.9434,43.9453,94.8060,-4.1220,0.023410,0.035571,0.076525,0.008475,0.6000,+0
4.2651,descent,3.4831,52.0312,43.9453,96.1800,-4.1220,0.023216,0.035576,0.076524,0.008476,0.6000,+0
4.2662,descent,3.4831,52.0312,43.9453,96.1800,-4.1220,0.023216,0.035576,0.076524,0.008476,0.6000,+0
4.2673,descent,3.4831,52.1191,43.9453,97.5540,-4.1220,0.023023,0.035580,0.076525,0.008475,0.6000,+0
4.2688,descent,3.4831,52.2070,43.9453,97.5540,-2.7480,0.022844,0.050419,0.076525,0.008475,0.6000,+0
4.2696,descent,3.4831,52.2949,43.9453,97.5540,-2.7480,0.022665,0.050424,0.076524,0.008476,0.6000,+0
4.2707,descent,3.4831,52.2949,43.9453,97.5540,-2.7480,0.022665,0.050424,0.076524,0.008476,0.6000,+0
4.2719,descent,3.4831,52.3828,43.9453,97.5540,-2.7480,0.022486,0.050429,0.076519,0.008481,0.6000,+0
4.2733,descent,3.4831,52.4707,43.9453,96.1800,-2.7480,0.022322,0.050433,0.076509,0.008491,0.6000,+0
4.2740,descent,3.5411,52.4707,43.9453,94.8060,-2.7480,0.022336,0.050433,0.076509,0.008491,0.6000,+0
4.2753,descent,3.5411,52.5586,43.9453,93.4320,-2.7480,0.022172,0.050438,0.076512,0.008488,0.6000,+0
4.2763,descent,3.5411,52.5586,43.9453,92.0580,-2.7480,0.022186,0.050438,0.076512,0.008488,0.6000,+0
4.2776,descent,3.5411,52.6465,43.9453,90.6840,-1.3740,0.022021,0.140430,0.076511,0.008489,0.6000,+0
4.2785,descent,3.5411,52.6465,43.9453,87.9360,-1.3740,0.022050,0.140430,0.076511,0.008489,0.6000,+0
4.2796,descent,3.5411,52.6465,43.9453,86.5620,-1.3740,0.022064,0.140430,0.076496,0.008504,0.6000,+0
4.2807,descent,3.5411,52.6465,43.9453,83.8140,-1.3740,0.022093,0.140430,0.076496,0.008504,0.6000,+0
4.2819,descent,3.5411,52.7344,43.9453,81.0660,0.0000,0.021943,0.234814,0.076505,0.008495,0.6000,+0
4.2833,descent,3.5411,52.7344,43.9453,76.9440,0.0000,0.021986,0.234814,0.076493,0.008507,0.6000,+0
4.2840,descent,3.5411,52.7344,43.9453,74.1960,0.0000,0.022014,0.234814,0.076493,0.008507,0.6000,+0
4.2853,descent,3.5411,52.7344,43.9453,71.4480,0.0000,0.022043,0.234814,0.076501,0.008499,0.6000,+0
4.2863,descent,3.5411,52.8223,43.9453,68.7000,0.0000,0.021893,0.234819,0.076501,0.008499,0.6000,+0
4.2876,descent,3.5411,52.8223,43.9453,65.9520,0.0000,0.021921,0.234819,0.076475,0.008525,0.6000,+0
4.2885,descent,3.5411,52.7344,43.9453,63.2040,0.0000,0.022129,0.234814,0.076475,0.008525,0.6000,+0
4.2896,descent,3.5411,52.8223,43.9453,61.8300,0.0000,0.021964,0.234819,0.076460,0.008540,0.6000,+0
4.2909,descent,3.5411,52.7344,43.9453,59.0820,0.0000,0.022172,0.234814,0.076472,0.008528,0.6000,+0
4.2918,descent,3.5411,52.7344,44.0332,54.9600,1.3740,0.022219,0.139640,0.076472,0.008528,0.6000,+0
4.2930,descent,3.5411,52.7344,44.0332,52.2120,1.3740,0.022248,0.139640,0.076467,0.008533,0.6000,+0
4.2942,descent,3.5411,52.7344,44.0332,49.4640,1.3740,0.022277,0.139640,0.076467,0.008533,0.6000,+0
4.2952,descent,3.5411,52.7344,44.0332,46.7160,1.3740,0.022305,0.139640,0.076473,0.008527,0.6000,+0
4.2965,descent,3.5411,52.7344,44.1211,41.2200,2.7480,0.022367,0.048856,0.076473,0.008527,0.6000,+0
4.2974,descent,3.5411,52.7344,44.2090,38.4720,4.1220,0.022401,0.033227,0.076451,0.008549,0.6000,+0
4.2985,descent,3.5411,52.6465,44.2969,35.7240,5.4960,0.022613,0.031852,0.076451,0.008549,0.6000,+0
4.2996,descent,3.5411,52.6465,44.2969,32.9760,5.4960,0.022641,0.031852,0.076464,0.008536,0.6000,+0
4.3007,descent,3.5411,52.6465,44.3848,30.2280,6.8700,0.022675,0.031104,0.076464,0.008536,0.6000,+0
4.3019,descent,3.5411,52.6465,44.4727,27.4800,8.2440,0.022708,0.030363,0.076457,0.008543,0.6000,+0
4.3033,descent,3.5411,52.6465,44.6484,23.3580,12.3660,0.022761,0.028826,0.076455,0.008545,0.6000,+0
4.3041,descent,3.5411,52.5586,44.7363,20.6100,13.7400,0.022973,0.028080,0.076455,0.008545,0.6000,+0
4.3053,descent,3.5411,52.5586,44.8242,17.8620,16.4880,0.023006,0.027285,0.076449,0.008551,0.6000,+0
4.3063,descent,3.5411,52.5586,44.9121,16.4880,17.8620,0.023025,0.026544,0.076449,0.008551,0.6000,+0
4.3076,descent,3.5411,52.5586,45.0000,13.7400,20.6100,0.023059,0.025748,0.076443,0.008557,0.6000,+0
4.3085,descent,3.5411,52.5586,45.1758,12.3660,23.3580,0.023083,0.024266,0.076443,0.008557,0.6000,+0
4.3096,descent,3.5411,52.4707,45.2637,9.6180,24.7320,0.023295,0.023520,0.076452,0.008548,0.6000,+0
4.3107,descent,3.5411,52.4707,45.3516,6.8700,27.4800,0.023328,0.022725,0.076452,0.008548,0.6000,+0
4.3119,descent,3.5411,52.4707,45.3516,5.4960,30.2280,0.023350,0.022616,0.076442,0.008558,0.6000,+0
4.3133,descent,3.5411,52.3828,45.5273,1.3740,34.3500,0.129140,0.021074,0.076426,0.008574,0.6000,+0
4.3141,descent,3.5411,52.3828,45.6152,0.0000,37.0980,0.223593,0.020279,0.076426,0.008574,0.6000,+0
4.3154,descent,3.5411,52.2949,45.6152,-1.3740,38.4720,0.129353,0.020220,0.076427,0.008573,0.6000,+0
4.3163,descent,3.5411,52.2949,45.7031,-4.1220,41.2200,0.024456,0.019424,0.076427,0.008573,0.6000,+0
4.3176,descent,3.5411,52.2949,45.7910,-5.4960,42.5940,0.023846,0.018683,0.076425,0.008575,0.6000,+0
4.3185,descent,3.5411,52.2070,45.7910,-6.8700,45.3420,0.024032,0.018570,0.076425,0.008575,0.6000,+0
4.3196,descent,3.5411,52.2070,45.7910,-6.8700,45.3420,0.024032,0.018570,0.076409,0.008591,0.6000,+0
4.3207,descent,3.5411,52.2070,45.8789,-8.2440,46.7160,0.024051,0.017829,0.076409,0.008591,0.6000,+0
4.3220,descent,3.5411,52.1191,45.8789,-12.3660,49.4640,0.024273,0.017715,0.076403,0.008597,0.6000,+0
4.3233,descent,3.5411,52.0312,45.9668,-13.7400,52.2120,0.024471,0.016915,0.076414,0.008586,0.6000,+0
4.3241,descent,3.5411,52.0312,45.9668,-15.1140,53.5860,0.024485,0.016860,0.076414,0.008586,0.6000,+0
4.3254,descent,3.5411,52.0312,45.9668,-16.4880,53.5860,0.024499,0.016860,0.076396,0.008604,0.6000,+0
4.3263,descent,3.5411,52.0312,45.9668,-16.4880,54.9600,0.024499,0.016806,0.076396,0.008604,0.6000,+0
4.3276,descent,3.5411,51.9434,45.9668,-17.8620,54.9600,0.024693,0.016801,0.076414,0.008586,0.6000,+0
4.3285,descent,3.5411,51.9434,45.9668,-19.2360,54.9600,0.024707,0.016801,0.076414,0.008586,0.6000,+0
4.3296,descent,3.5411,51.9434,45.9668,-19.2360,54.9600,0.024707,0.016801,0.076401,0.008599,0.6000,+0
4.3307,descent,3.5411,51.9434,45.9668,-19.2360,53.5860,0.024707,0.016855,0.076401,0.008599,0.6000,+0
4.3320,descent,3.5411,51.9434,45.9668,-20.6100,53.5860,0.024721,0.016855,0.076392,0.008608,0.6000,+0
4.3333,descent,3.5411,51.8555,45.9668,-20.6100,50.8380,0.024900,0.016959,0.076382,0.008618,0.6000,+0
4.3341,descent,3.5411,51.8555,45.9668,-20.6100,49.4640,0.024900,0.017014,0.076382,0.008618,0.6000,+0
4.3353,descent,3.5411,51.8555,45.8789,-21.9840,48.0900,0.024910,0.017755,0.076386,0.008614,0.6000,+0
4.3363,descent,3.5411,51.8555,45.8789,-21.9840,45.3420,0.024910,0.017864,0.076386,0.008614,0.6000,+0
4.3376,descent,3.5411,51.7676,45.8789,-21.9840,43.9680,0.025088,0.017913,0.076378,0.008622,0.6000,+0
4.3385,descent,3.5411,51.7676,45.8789,-21.9840,41.2200,0.025088,0.018022,0.076378,0.008622,0.6000,+0
4.3396,descent,3.5411,51.7676,45.7910,-21.9840,38.4720,0.025084,0.018818,0.076383,0.008617,0.6000,+0
4.3407,descent,3.5411,51.6797,45.7910,-23.3580,35.7240,0.025277,0.018922,0.076383,0.008617,0.6000,+0
4.3420,descent,3.5411,51.6797,45.7910,-23.3580,32.9760,0.025277,0.019031,0.076376,0.008624,0.6000,+0
4.3433,descent,3.5411,51.6797,45.7031,-23.3580,27.4800,0.025272,0.019935,0.076371,0.008629,0.6000,+0
4.3441,descent,3.5411,51.5918,45.7031,-23.3580,24.7320,0.025451,0.020039,0.076371,0.008629,0.6000,+0
4.3453,descent,3.5411,51.5918,45.6152,-23.3580,21.9840,0.025446,0.020835,0.076375,0.008625,0.6000,+0
4.3463,descent,3.5411,51.5918,45.6152,-23.3580,17.8620,0.025446,0.020998,0.076375,0.008625,0.6000,+0
4.3476,descent,3.5411,51.5918,45.6152,-23.3580,16.4880,0.025446,0.021052,0.076355,0.008645,0.6000,+0
4.3485,descent,3.5411,51.5039,45.5273,-23.3580,12.3660,0.025620,0.021897,0.076355,0.008645,0.6000,+0
4.3496,descent,3.5411,51.5039,45.5273,-23.3580,9.6180,0.025620,0.022006,0.076353,0.008647,0.6000,+0
4.3507,descent,3.5411,51.5039,45.4395,-23.3580,6.8700,0.025616,0.022802,0.076353,0.008647,0.6000,+0
4.3520,descent,3.5411,51.4160,45.4395,-23.3580,4.1220,0.025794,0.023542,0.076354,0.008646,0.6000,+0
4.3533,descent,3.5411,51.4160,45.3516,-23.3580,-1.3740,0.025790,0.129377,0.076344,0.008656,0.6000,+0
4.3541,descent,3.5411,51.3281,45.3516,-23.3580,-4.1220,0.025969,0.024550,0.076344,0.008656,0.6000,+0
4.3553,descent,3.5411,51.3281,45.2637,-21.9840,-5.4960,0.025950,0.024663,0.076333,0.008667,0.6000,+0
4.3563,descent,3.5411,51.3281,45.1758,-21.9840,-8.2440,0.025945,0.025451,0.076333,0.008667,0.6000,+0
4.3576,descent,3.5411,51.3281,45.1758,-21.9840,-10.9920,0.025945,0.025560,0.076352,0.008648,0.6000,+0
4.3585,descent,3.5411,51.2402,45.0000,-21.9840,-13.7400,0.026114,0.027037,0.076352,0.008648,0.6000,+0
4.3596,descent,3.5572,51.2402,45.0000,-21.9840,-15.1140,0.026114,0.027092,0.076341,0.008659,0.6000,+0
4.3607,descent,3.5572,51.2402,44.9121,-21.9840,-17.8620,0.026109,0.027887,0.076341,0.008659,0.6000,+0
4.3620,descent,3.5572,51.1523,44.9121,-21.9840,-19.2360,0.026288,0.027937,0.076336,0.008664,0.6000,+0
4.3633,descent,3.5572,51.0645,44.8242,-23.3580,-21.9840,0.026477,0.028728,0.076332,0.008668,0.6000,+0
4.3641,descent,3.5572,51.0645,44.7363,-23.3580,-24.7320,0.026472,0.029523,0.076332,0.008668,0.6000,+0
4.3653,descent,3.5572,51.0645,44.6484,-23.3580,-26.1060,0.026467,0.030264,0.076318,0.008682,0.6000,+0
4.3663,descent,3.5572,51.0645,44.6484,-23.3580,-27.4800,0.026467,0.030319,0.076318,0.008682,0.6000,+0
4.3676,descent,3.5572,50.9766,44.5605,-24.7320,-28.8540,0.026656,0.031055,0.076314,0.008686,0.6000,+0
4.3685,descent,3.5572,50.9766,44.5605,-24.7320,-30.2280,0.026656,0.031110,0.076314,0.008686,0.6000,+0
4.3696,descent,3.5572,50.8887,44.4727,-24.7320,-31.6020,0.026830,0.031846,0.076309,0.008691,0.6000,+0
4.3707,descent,3.5572,50.8887,44.4727,-24.7320,-32.9760,0.026830,0.031901,0.076309,0.008691,0.6000,+0
4.3720,descent,3.5572,50.8887,44.3848,-26.1060,-34.3500,0.026840,0.032642,0.076311,0.008689,0.6000,+0
4.3733,descent,3.5572,50.8008,44.2969,-26.1060,-37.0980,0.027014,0.033433,0.076303,0.008697,0.6000,+0
4.3741,descent,3.5572,50.7129,44.2090,-26.1060,-37.0980,0.027188,0.034115,0.076303,0.008697,0.6000,+0
4.3753,descent,3.5572,50.7129,44.2090,-26.1060,-38.4720,0.027188,0.034169,0.076303,0.008697,0.6000,+0
4.3763,descent,3.5572,50.7129,44.1211,-26.1060,-39.8460,0.027183,0.034910,0.076303,0.008697,0.6000,+0
4.3776,descent,3.5572,50.6250,44.1211,-27.4800,-39.8460,0.027377,0.034905,0.076311,0.008689,0.6000,+0
4.3785,descent,3.5572,50.6250,44.0332,-27.4800,-41.2200,0.027372,0.035647,0.076311,0.008689,0.6000,+0
4.3796,descent,3.5572,50.5371,44.0332,-28.8540,-41.2200,0.027565,0.035642,0.076302,0.008698,0.6000,+0
4.3807,descent,3.5572,50.5371,44.0332,-28.8540,-41.2200,0.027565,0.035642,0.076302,0.008698,0.6000,+0
4.3820,descent,3.5572,50.4492,43.9453,-28.8540,-42.5940,0.027739,0.036378,0.076303,0.008697,0.6000,+0
4.3832,descent,3.5572,50.3613,43.8574,-30.2280,-43.9680,0.027928,0.037115,0.076293,0.008707,0.6000,+0
4.3842,descent,3.5572,50.3613,43.7695,-30.2280,-43.9680,0.027923,0.037802,0.076293,0.008707,0.6000,+0
4.3855,descent,3.5572,50.2734,43.7695,-31.6020,-43.9680,0.028117,0.037797,0.076290,0.008710,0.6000,+0
4.3863,descent,3.5572,50.2734,43.5937,-31.6020,-45.3420,0.028107,0.039225,0.076290,0.008710,0.6000,+0
4.3876,descent,3.5572,50.1855,43.5937,-31.6020,-45.3420,0.028286,0.039220,0.076269,0.008731,0.6000,+0
4.3885,descent,3.5572,50.1855,43.5059,-31.6020,-45.3420,0.028281,0.039907,0.076269,0.008731,0.6000,+0
4.3896,descent,3.5572,50.1855,43.5059,-32.9760,-45.3420,0.028296,0.039907,0.076275,0.008725,0.6000,+0
4.3907,descent,3.5572,50.0977,43.4180,-32.9760,-45.3420,0.028470,0.040589,0.076275,0.008725,0.6000,+0
4.3920,descent,3.5572,50.0098,43.3301,-34.3500,-45.3420,0.028659,0.041271,0.076276,0.008724,0.6000,+0
4.3931,descent,3.5572,49.9219,43.3301,-34.3500,-45.3420,0.028838,0.041267,0.076280,0.008720,0.6000,+0
4.3942,descent,3.5572,49.9219,43.2422,-35.7240,-45.3420,0.028847,0.041954,0.076280,0.008720,0.6000,+0
4.3952,descent,3.5572,49.8340,43.2422,-35.7240,-45.3420,0.029026,0.041949,0.076256,0.008744,0.6000,+0
4.3965,descent,3.5572,49.8340,43.1543,-35.7240,-45.3420,0.029022,0.042636,0.076256,0.008744,0.6000,+0
4.3974,descent,3.5572,49.7461,43.1543,-37.0980,-45.3420,0.029215,0.042631,0.076264,0.008736,0.6000,+0
4.3985,descent,3.5572,49.7461,43.1543,-37.0980,-45.3420,0.029215,0.042631,0.076264,0.008736,0.6000,+0
4.3996,descent,3.5572,49.6582,43.0664,-37.0980,-45.3420,0.029389,0.043313,0.076255,0.008745,0.6000,+0
4.4007,descent,3.5572,49.6582,42.9785,-38.4720,-45.3420,0.029399,0.044000,0.076255,0.008745,0.6000,+0
4.4022,descent,3.5572,49.4824,42.9785,-39.8460,-43.9680,0.029771,0.043936,0.076259,0.008741,0.6000,+0
4.4031,descent,3.5572,49.4824,42.8906,-39.8460,-43.9680,0.029767,0.044623,0.076248,0.008752,0.6000,+0
4.4042,descent,3.5572,49.4824,42.8906,-39.8460,-43.9680,0.029767,0.044623,0.076248,0.008752,0.6000,+0
4.4052,descent,3.5572,49.3945,42.8027,-39.8460,-43.9680,0.029941,0.045305,0.076237,0.008763,0.6000,+0
4.4064,descent,3.5572,49.3945,42.8027,-39.8460,-43.9680,0.029941,0.045305,0.076237,0.008763,0.6000,+0
4.4074,descent,3.5572,49.3066,42.8027,-41.2200,-42.5940,0.030134,0.045246,0.076233,0.008767,0.6000,+0
4.4085,descent,3.5572,49.3066,42.7148,-41.2200,-42.5940,0.030130,0.045933,0.076233,0.008767,0.6000,+0
4.4096,descent,3.5572,49.2188,42.7148,-41.2200,-42.5940,0.030309,0.045929,0.076267,0.008733,0.6000,+0
4.4107,descent,3.5572,49.2188,42.7148,-41.2200,-41.2200,0.030309,0.045874,0.076267,0.008733,0.6000,+0
4.4120,descent,3.5572,49.1309,42.7148,-42.5940,-41.2200,0.030502,0.045870,0.076231,0.008769,0.6000,+0
4.4131,descent,3.5572,49.0430,42.6270,-42.5940,-39.8460,0.030676,0.046497,0.076243,0.008757,0.6000,+0
4.4142,descent,3.5572,49.0430,42.6270,-42.5940,-39.8460,0.030676,0.046497,0.076243,0.008757,0.6000,+0
4.4152,descent,3.5572,48.9551,42.5391,-42.5940,-39.8460,0.030851,0.047180,0.076233,0.008767,0.6000,+0
4.4165,descent,3.5572,48.8672,42.5391,-42.5940,-38.4720,0.031030,0.047121,0.076233,0.008767,0.6000,+0
4.4174,descent,3.5572,48.8672,42.5391,-42.5940,-38.4720,0.031030,0.047121,0.076223,0.008777,0.6000,+0
4.4185,descent,3.5572,48.7793,42.5391,-43.9680,-37.0980,0.031223,0.047061,0.076223,0.008777,0.6000,+0
4.4196,descent,3.5572,48.7793,42.4512,-43.9680,-37.0980,0.031219,0.047748,0.076222,0.008778,0.6000,+0
4.4207,descent,3.5572,48.6914,42.4512,-43.9680,-35.7240,0.031398,0.047689,0.076222,0.008778,0.6000,+0
4.4223,descent,3.5572,48.6035,42.4512,-43.9680,-34.3500,0.031577,0.047630,0.076216,0.008784,0.6000,+0
4.4230,descent,3.5572,48.6035,42.4512,-43.9680,-32.9760,0.031577,0.047576,0.076217,0.008783,0.6000,+0
4.4242,descent,3.5572,48.5156,42.4512,-43.9680,-32.9760,0.031756,0.047571,0.076217,0.008783,0.6000,+0
4.4252,descent,3.5572,48.5156,42.4512,-43.9680,-31.6020,0.031756,0.047517,0.076207,0.008793,0.6000,+0
4.4265,descent,3.5572,48.4277,42.3633,-45.3420,-31.6020,0.031945,0.048199,0.076207,0.008793,0.6000,+0
4.4274,descent,3.5572,48.4277,42.3633,-43.9680,-30.2280,0.031930,0.048145,0.076208,0.008792,0.6000,+0
4.4285,descent,3.5572,48.3398,42.3633,-45.3420,-28.8540,0.032124,0.048086,0.076208,0.008792,0.6000,+0
4.4296,descent,3.5572,48.3398,42.3633,-43.9680,-28.8540,0.032109,0.048086,0.076210,0.008790,0.6000,+0
4.4307,descent,3.5572,48.2520,42.3633,-45.3420,-27.4800,0.032303,0.048027,0.076210,0.008790,0.6000,+0
4.4322,descent,3.5572,48.1641,42.3633,-45.3420,-26.1060,0.032482,0.047968,0.076179,0.008821,0.6000,+0
4.4332,descent,3.5572,48.1641,42.3633,-43.9680,-24.7320,0.032468,0.047913,0.076202,0.008798,0.6000,+0
4.4342,descent,3.5572,48.0762,42.3633,-43.9680,-23.3580,0.032647,0.047854,0.076202,0.008798,0.6000,+0
4.4352,descent,3.5572,48.0762,42.3633,-43.9680,-21.9840,0.032647,0.047800,0.076191,0.008809,0.6000,+0
4.4365,descent,3.5572,47.9883,42.3633,-43.9680,-21.9840,0.032826,0.047795,0.076191,0.008809,0.6000,+0
4.4374,descent,3.5572,47.9004,42.3633,-45.3420,-20.6100,0.033019,0.047736,0.076178,0.008822,0.6000,+0
4.4385,descent,3.5572,47.9004,42.3633,-45.3420,-19.2360,0.033019,0.047682,0.076178,0.008822,0.6000,+0
4.4396,descent,3.5572,47.8125,42.3633,-45.3420,-17.8620,0.033198,0.047623,0.076191,0.008809,0.6000,+0
4.4407,descent,3.5572,47.8125,42.3633,-45.3420,-16.4880,0.033198,0.047568,0.076191,0.008809,0.6000,+0
4.4420,descent,3.5572,47.7246,42.3633,-45.3420,-16.4880,0.033377,0.047564,0.076177,0.008823,0.6000,+0
4.4431,descent,3.5572,47.6367,42.3633,-45.3420,-15.1140,0.033557,0.047505,0.076166,0.008834,0.6000,+0
4.4442,descent,3.5572,47.6367,42.3633,-45.3420,-13.7400,0.033557,0.047450,0.076166,0.008834,0.6000,+0
4.4452,descent,3.5572,47.4609,42.3633,-45.3420,-12.3660,0.033915,0.047387,0.076178,0.008822,0.6000,+0
4.4465,descent,3.5572,47.4609,42.3633,-45.3420,-12.3660,0.033915,0.047387,0.076178,0.008822,0.6000,+0
4.4474,descent,3.5572,47.3730,42.3633,-45.3420,-10.9920,0.034094,0.047327,0.076150,0.008850,0.6000,+0
4.4485,descent,3.5572,47.3730,42.3633,-45.3420,-9.6180,0.034094,0.047273,0.076150,0.008850,0.6000,+0
4.4496,descent,3.5943,47.2852,42.3633,-45.3420,-9.6180,0.034273,0.047268,0.076151,0.008849,0.6000,+0
4.4507,descent,3.5943,47.2852,42.3633,-45.3420,-8.2440,0.034273,0.047214,0.076151,0.008849,0.6000,+0
4.4522,descent,3.5943,47.1973,42.3633,-45.3420,-6.8700,0.034452,0.047155,0.076144,0.008856,0.6000,+0
4.4532,descent,3.5943,47.1094,42.3633,-45.3420,-5.4960,0.034631,0.047103,0.076146,0.008854,0.6000,+0
4.4541,descent,3.5943,47.1094,42.3633,-45.3420,-5.4960,0.034631,0.047103,0.076146,0.008854,0.6000,+0
4.4554,descent,3.5943,47.0215,42.3633,-45.3420,-5.4960,0.034810,0.047099,0.076144,0.008856,0.6000,+0
4.4563,descent,3.5943,47.0215,42.3633,-45.3420,-4.1220,0.034810,0.047673,0.076144,0.008856,0.6000,+0
4.4576,descent,3.5943,46.9336,42.3633,-45.3420,-4.1220,0.034990,0.047668,0.076141,0.008859,0.6000,+0
4.4585,descent,3.5943,46.9336,42.3633,-43.9680,-4.1220,0.034975,0.047668,0.076141,0.008859,0.6000,+0
4.4596,descent,3.5943,46.9336,42.3633,-43.9680,-2.7480,0.034975,0.062502,0.076154,0.008846,0.6000,+0
4.4607,descent,3.5943,46.8457,42.3633,-43.9680,-2.7480,0.035154,0.062498,0.076154,0.008846,0.6000,+0
4.4624,descent,3.5943,46.7578,42.3633,-43.9680,-1.3740,0.035334,0.152481,0.076125,0.008875,0.6000,+0
4.4631,descent,3.5943,46.6699,42.3633,-43.9680,-1.3740,0.035513,0.152476,0.076130,0.008870,0.6000,+0
4.4642,descent,3.5943,46.6699,42.3633,-43.9680,-1.3740,0.035513,0.152476,0.076130,0.008870,0.6000,+0
4.4652,descent,3.5943,46.5820,42.3633,-43.9680,0.0000,0.035692,0.246851,0.076119,0.008881,0.6000,+0
4.4665,descent,3.5943,46.5820,42.3633,-43.9680,0.0000,0.035692,0.246851,0.076119,0.008881,0.6000,+0
4.4674,descent,3.5943,46.5820,42.3633,-43.9680,0.0000,0.035692,0.246851,0.076126,0.008874,0.6000,+0
4.4685,descent,3.5943,46.4941,42.3633,-43.9680,0.0000,0.035871,0.246846,0.076126,0.008874,0.6000,+0
4.4696,descent,3.5943,46.4062,42.3633,-43.9680,0.0000,0.036050,0.246842,0.076117,0.008883,0.6000,+0
4.4707,descent,3.5943,46.4062,42.3633,-43.9680,0.0000,0.036050,0.246842,0.076117,0.008883,0.6000,+0
4.4724,descent,3.5943,46.4062,42.3633,-42.5940,0.0000,0.036036,0.246842,0.076117,0.008883,0.6000,+0
4.4731,descent,3.5943,46.3184,42.3633,-42.5940,0.0000,0.036215,0.246837,0.076121,0.008879,0.6000,+0
4.4742,descent,3.5943,46.2305,42.3633,-42.5940,0.0000,0.036394,0.246833,0.076121,0.008879,0.6000,+0
4.4752,descent,3.5943,46.2305,42.4512,-42.5940,1.3740,0.036399,0.151657,0.076102,0.008898,0.6000,+0
4.4765,descent,3.5943,46.2305,42.4512,-42.5940,1.3740,0.036399,0.151657,0.076102,0.008898,0.6000,+0
4.4774,descent,3.5943,46.1426,42.4512,-41.2200,1.3740,0.036564,0.151653,0.076099,0.008901,0.6000,+0
4.4785,descent,3.5943,46.1426,42.5391,-41.2200,2.7480,0.036568,0.060869,0.076099,0.008901,0.6000,+0
4.4796,descent,3.5943,46.1426,42.6270,-41.2200,2.7480,0.036573,0.060182,0.076088,0.008912,0.6000,+0
4.4807,descent,3.5943,46.0547,42.6270,-41.2200,4.1220,0.036752,0.045235,0.076088,0.008912,0.6000,+0
4.4824,descent,3.5943,45.9668,42.8027,-39.8460,6.8700,0.036926,0.043112,0.076098,0.008902,0.6000,+0
4.4831,descent,3.5943,45.9668,42.8906,-39.8460,8.2440,0.036931,0.042370,0.076083,0.008917,0.6000,+0
4.4843,descent,3.5943,45.8789,42.9785,-39.8460,9.6180,0.037114,0.041624,0.076083,0.008917,0.6000,+0
4.4852,descent,3.5943,45.8789,43.0664,-39.8460,12.3660,0.037119,0.040829,0.076074,0.008926,0.6000,+0
4.4865,descent,3.5943,45.8789,43.1543,-39.8460,13.7400,0.037124,0.040087,0.076074,0.008926,0.6000,+0
4.4874,descent,3.5943,45.7910,43.2422,-39.8460,16.4880,0.037307,0.039287,0.076088,0.008912,0.6000,+0
4.4885,descent,3.5943,45.7910,43.3301,-38.4720,17.8620,0.037298,0.038545,0.076088,0.008912,0.6000,+0
4.4896,descent,3.5943,45.7910,43.4180,-38.4720,20.6100,0.037302,0.037750,0.076078,0.008922,0.6000,+0
4.4907,descent,3.5943,45.7031,43.5937,-38.4720,23.3580,0.037491,0.036262,0.076078,0.008922,0.6000,+0
4.4922,descent,3.5943,45.7031,43.8574,-37.0980,28.8540,0.037490,0.033984,0.076069,0.008931,0.6000,+0
4.4930,descent,3.5943,45.6152,43.9453,-37.0980,31.6020,0.037674,0.033183,0.076064,0.008936,0.6000,+0
4.4943,descent,3.5943,45.6152,44.0332,-37.0980,34.3500,0.037678,0.032388,0.076064,0.008936,0.6000,+0
4.4952,descent,3.5943,45.6152,44.1211,-37.0980,37.0980,0.037683,0.031592,0.076058,0.008942,0.6000,+0
4.4965,descent,3.5943,45.5273,44.2090,-35.7240,39.8460,0.037853,0.030791,0.076058,0.008942,0.6000,+0
4.4974,descent,3.5943,45.5273,44.2969,-35.7240,42.5940,0.037857,0.029996,0.076052,0.008948,0.6000,+0
4.4985,descent,3.5943,45.5273,44.3848,-35.7240,45.3420,0.037862,0.029200,0.076052,0.008948,0.6000,+0
4.4996,descent,3.5943,45.4395,44.3848,-35.7240,48.0900,0.038041,0.029086,0.076043,0.008957,0.6000,+0
4.5007,descent,3.5943,45.4395,44.4727,-34.3500,49.4640,0.038031,0.028345,0.076043,0.008957,0.6000,+0
4.5020,descent,3.5943,45.4395,44.5605,-34.3500,52.2120,0.038036,0.027549,0.076045,0.008955,0.6000,+0
4.5031,descent,3.5943,45.3516,44.6484,-32.9760,56.3340,0.038205,0.026695,0.076053,0.008947,0.6000,+0
4.5042,descent,3.5943,45.3516,44.7363,-32.9760,59.0820,0.038210,0.025899,0.076053,0.008947,0.6000,+0
4.5052,descent,3.5943,45.3516,44.8242,-32.9760,61.8300,0.038215,0.025103,0.076032,0.008968,0.6000,+0
4.5065,descent,3.5943,45.2637,44.8242,-31.6020,63.2040,0.038379,0.025044,0.076032,0.008968,0.6000,+0
4.5074,descent,3.5943,45.2637,44.8242,-31.6020,64.5780,0.038379,0.024990,0.076034,0.008966,0.6000,+0
4.5085,descent,3.5943,45.2637,44.9121,-31.6020,65.9520,0.038384,0.024248,0.076034,0.008966,0.6000,+0
4.5096,descent,3.5943,45.2637,44.9121,-30.2280,67.3260,0.038370,0.024194,0.076037,0.008963,0.6000,+0
4.5108,descent,3.5943,45.1758,45.0000,-30.2280,68.7000,0.038554,0.023448,0.076037,0.008963,0.6000,+0
4.5124,descent,3.5943,45.1758,45.0000,-30.2280,70.0740,0.038554,0.023393,0.076010,0.008990,0.6000,+0
4.5131,descent,3.5943,45.1758,45.0000,-28.8540,70.0740,0.038539,0.023393,0.076017,0.008983,0.6000,+0
4.5142,descent,3.5943,45.0879,45.0000,-28.8540,68.7000,0.038718,0.023443,0.076017,0.008983,0.6000,+0
4.5152,descent,3.5943,45.0879,45.0000,-28.8540,68.7000,0.038718,0.023443,0.076024,0.008976,0.6000,+0
4.5165,descent,3.5943,45.0879,45.0000,-27.4800,67.3260,0.038704,0.023498,0.076024,0.008976,0.6000,+0
4.5174,descent,3.5943,45.0879,45.0000,-27.4800,65.9520,0.038704,0.023552,0.076011,0.008989,0.6000,+0
4.5185,descent,3.5943,45.0879,45.0000,-27.4800,64.5780,0.038704,0.023607,0.076011,0.008989,0.6000,+0
4.5196,descent,3.5943,45.0879,45.0000,-26.1060,63.2040,0.038690,0.023661,0.076007,0.008993,0.6000,+0
4.5208,descent,3.5943,45.0879,45.0000,-24.7320,60.4560,0.038676,0.023770,0.076007,0.008993,0.6000,+0
4.5224,descent,3.5943,45.0000,45.0000,-24.7320,56.3340,0.038855,0.023928,0.076017,0.008983,0.6000,+0
4.5231,descent,3.5943,45.0000,45.0000,-24.7320,53.5860,0.038855,0.024037,0.075997,0.009003,0.6000,+0
4.5242,descent,3.5943,45.0000,45.0000,-23.3580,50.8380,0.038840,0.024146,0.075997,0.009003,0.6000,+0
4.5252,descent,3.5943,45.0000,45.0000,-23.3580,49.4640,0.038840,0.024201,0.075998,0.009002,0.6000,+0
4.5265,descent,3.5943,45.0000,45.0000,-21.9840,46.7160,0.038826,0.024309,0.075998,0.009002,0.6000,+0
4.5274,descent,3.5943,44.9121,44.9121,-21.9840,42.5940,0.039001,0.025155,0.075992,0.009008,0.6000,+0
4.5285,descent,3.5943,44.9121,44.9121,-21.9840,39.8460,0.039001,0.025264,0.075992,0.009008,0.6000,+0
4.5296,descent,3.5943,44.9121,44.9121,-20.6100,37.0980,0.038986,0.025373,0.075980,0.009020,0.6000,+0
4.5307,descent,3.5943,44.9121,44.9121,-20.6100,34.3500,0.038986,0.025481,0.075980,0.009020,0.6000,+0
4.5324,descent,3.5943,44.9121,44.8242,-19.2360,28.8540,0.038967,0.026386,0.076002,0.008998,0.6000,+0
4.5331,descent,3.5943,44.9121,44.8242,-19.2360,26.1060,0.038967,0.026495,0.075984,0.009016,0.6000,+0
4.5342,descent,3.5943,44.9121,44.8242,-17.8620,23.3580,0.038953,0.026604,0.075984,0.009016,0.6000,+0
4.5352,descent,3.5943,44.8242,44.8242,-17.8620,20.6100,0.039132,0.026708,0.075975,0.009025,0.6000,+0
4.5365,descent,3.5943,44.8242,44.8242,-17.8620,17.8620,0.039132,0.026817,0.075975,0.009025,0.6000,+0
4.5374,descent,3.5943,44.8242,44.7363,-17.8620,15.1140,0.039128,0.027613,0.075976,0.009024,0.6000,+0
4.5385,descent,3.5943,44.8242,44.7363,-16.4880,12.3660,0.039113,0.027721,0.075976,0.009024,0.6000,+0
4.5396,descent,3.6552,44.8242,44.7363,-16.4880,10.9920,0.039113,0.027776,0.075962,0.009038,0.6000,+0
4.5408,descent,3.6552,44.8242,44.6484,-15.1140,8.2440,0.039094,0.028572,0.075962,0.009038,0.6000,+0
4.5423,descent,3.6552,44.8242,44.6484,-15.1140,2.7480,0.039094,0.044314,0.075972,0.009028,0.6000,+0
4.5431,descent,3.6552,44.8242,44.5605,-13.7400,1.3740,0.039075,0.135097,0.075961,0.009039,0.6000,+0
4.5442,descent,3.6552,44.8242,44.5605,-13.7400,-1.3740,0.039075,0.135206,0.075961,0.009039,0.6000,+0
4.5452,descent,3.6552,44.8242,44.5605,-12.3660,-2.7480,0.039061,0.045218,0.075968,0.009032,0.6000,+0
4.5465,descent,3.6552,44.8242,44.5605,-12.3660,-4.1220,0.039061,0.030384,0.075968,0.009032,0.6000,+0
4.5474,descent,3.6552,44.8242,44.4727,-10.9920,-5.4960,0.039042,0.030497,0.075959,0.009041,0.6000,+0
4.5485,descent,3.6552,44.8242,44.4727,-10.9920,-6.8700,0.039042,0.030544,0.075959,0.009041,0.6000,+0
4.5496,descent,3.6552,44.8242,44.4727,-10.9920,-8.2440,0.039042,0.030598,0.075956,0.009044,0.6000,+0
4.5507,descent,3.6552,44.8242,44.3848,-9.6180,-9.6180,0.039023,0.031340,0.075956,0.009044,0.6000,+0
4.5524,descent,3.6552,44.8242,44.3848,-9.6180,-12.3660,0.039023,0.031449,0.075954,0.009046,0.6000,+0
4.5531,descent,3.6552,44.8242,44.2969,-8.2440,-13.7400,0.039004,0.032190,0.075937,0.009063,0.6000,+0
4.5542,descent,3.6552,44.8242,44.2969,-8.2440,-15.1140,0.039004,0.032244,0.075937,0.009063,0.6000,+0
4.5552,descent,3.6552,44.8242,44.2969,-6.8700,-15.1140,0.038990,0.032244,0.075936,0.009064,0.6000,+0
4.5565,descent,3.6552,44.8242,44.2969,-6.8700,-16.4880,0.038990,0.032299,0.075936,0.009064,0.6000,+0
4.5574,descent,3.6552,44.8242,44.2090,-6.8700,-17.8620,0.038985,0.033040,0.075929,0.009071,0.6000,+0
4.5585,descent,3.6552,44.8242,44.2090,-6.8700,-19.2360,0.038985,0.033095,0.075929,0.009071,0.6000,+0
4.5596,descent,3.6552,44.8242,44.2090,-5.4960,-19.2360,0.038978,0.033095,0.075936,0.009064,0.6000,+0
4.5607,descent,3.6552,44.8242,44.2090,-5.4960,-19.2360,0.038978,0.033095,0.075936,0.009064,0.6000,+0
4.5624,descent,3.6552,44.8242,44.1211,-4.1220,-20.6100,0.039588,0.033836,0.075936,0.009064,0.6000,+0
4.5631,descent,3.6552,44.8242,44.1211,-4.1220,-20.6100,0.039588,0.033836,0.075932,0.009068,0.6000,+0
4.5642,descent,3.6552,44.8242,44.1211,-4.1220,-20.6100,0.039588,0.033836,0.075932,0.009068,0.6000,+0
4.5652,descent,3.6552,44.8242,44.1211,-4.1220,-20.6100,0.039588,0.033836,0.075921,0.009079,0.6000,+0
4.5665,descent,3.6552,44.8242,44.0332,-2.7480,-21.9840,0.054458,0.034577,0.075921,0.009079,0.6000,+0
4.5674,descent,3.6552,44.8242,44.0332,-2.7480,-21.9840,0.054458,0.034577,0.075916,0.009084,0.6000,+0
4.5685,descent,3.6552,44.8242,44.0332,-2.7480,-21.9840,0.054458,0.034577,0.075916,0.009084,0.6000,+0
4.5696,descent,3.6552,44.8242,44.0332,-1.3740,-21.9840,0.144485,0.034577,0.075922,0.009078,0.6000,+0
4.5708,descent,3.6552,44.8242,44.0332,-1.3740,-21.9840,0.144485,0.034577,0.075922,0.009078,0.6000,+0
4.5720,descent,3.6552,44.8242,44.0332,-1.3740,-21.9840,0.144485,0.034577,0.075914,0.009086,0.6000,+0
4.5731,descent,3.6552,44.8242,43.9453,0.0000,-21.9840,0.238900,0.035264,0.075907,0.009093,0.6000,+0
4.5742,descent,3.6552,44.8242,43.9453,0.0000,-21.9840,0.238900,0.035264,0.075907,0.009093,0.6000,+0
4.5752,descent,3.6552,44.8242,43.9453,0.0000,-20.6100,0.238900,0.035210,0.075909,0.009091,0.6000,+0
4.5765,descent,3.6552,44.8242,43.9453,0.0000,-20.6100,0.238900,0.035210,0.075909,0.009091,0.6000,+0
4.5774,descent,3.6552,44.8242,43.9453,0.0000,-20.6100,0.238900,0.035210,0.075903,0.009097,0.6000,+0
4.5785,descent,3.6552,44.8242,43.9453,0.0000,-20.6100,0.238900,0.035210,0.075903,0.009097,0.6000,+0
4.5797,descent,3.6552,44.8242,43.8574,0.0000,-19.2360,0.238895,0.035842,0.075900,0.009100,0.6000,+0
4.5808,descent,3.6552,44.8242,43.8574,0.0000,-19.2360,0.238895,0.035842,0.075900,0.009100,0.6000,+0
4.5823,descent,3.6552,44.8242,43.8574,0.0000,-19.2360,0.238895,0.035842,0.075891,0.009109,0.6000,+0
4.5831,descent,3.6552,44.9121,43.8574,1.3740,-17.8620,0.144268,0.035793,0.075883,0.009117,0.6000,+0
4.5842,descent,3.6552,44.9121,43.8574,1.3740,-17.8620,0.144268,0.035793,0.075883,0.009117,0.6000,+0
4.5852,descent,3.6552,45.0000,43.8574,1.3740,-17.8620,0.144089,0.035797,0.075894,0.009106,0.6000,+0
4.5865,descent,3.6552,45.0000,43.8574,2.7480,-16.4880,0.054033,0.035743,0.075894,0.009106,0.6000,+0
4.5874,descent,3.6552,45.0879,43.8574,4.1220,-16.4880,0.038951,0.035747,0.075890,0.009110,0.6000,+0
4.5885,descent,3.6552,45.1758,43.7695,4.1220,-16.4880,0.038767,0.036439,0.075890,0.009110,0.6000,+0
4.5896,descent,3.6552,45.1758,43.7695,5.4960,-15.1140,0.038124,0.036384,0.075876,0.009124,0.6000,+0
4.5907,descent,3.6552,45.2637,43.7695,6.8700,-15.1140,0.037923,0.036389,0.075876,0.009124,0.6000,+0
4.5924,descent,3.6552,45.5273,43.7695,10.9920,-15.1140,0.037343,0.036403,0.075873,0.009127,0.6000,+0
4.5931,descent,3.6552,45.6152,43.7695,13.7400,-13.7400,0.037135,0.036353,0.075873,0.009127,0.6000,+0
4.5942,descent,3.6552,45.7031,43.7695,15.1140,-13.7400,0.036942,0.036358,0.075873,0.009127,0.6000,+0
4.5952,descent,3.6552,45.7910,43.7695,17.8620,-12.3660,0.036734,0.036308,0.075873,0.009127,0.6000,+0
4.5965,descent,3.6552,45.9668,43.7695,20.6100,-12.3660,0.036347,0.036317,0.075873,0.009127,0.6000,+0
4.5974,descent,3.6552,46.0547,43.7695,23.3580,-12.3660,0.036139,0.036322,0.075872,0.009128,0.6000,+0
4.5985,descent,3.6552,46.2305,43.7695,26.1060,-10.9920,0.035752,0.036277,0.075872,0.009128,0.6000,+0
4.5996,descent,3.6552,46.3184,43.7695,28.8540,-10.9920,0.035544,0.036281,0.075855,0.009145,0.6000,+0
4.6008,descent,3.6552,46.4062,43.7695,32.9760,-10.9920,0.035322,0.036286,0.075855,0.009145,0.6000,+0
4.6024,descent,3.6552,46.5820,43.5937,38.4720,-9.6180,0.034898,0.037614,0.075852,0.009148,0.6000,+0
4.6031,descent,3.6552,46.7578,43.7695,41.2200,-9.6180,0.034520,0.036250,0.075859,0.009141,0.6000,+0
4.6042,descent,3.6552,46.8457,43.7695,45.3420,-9.6180,0.034298,0.036254,0.075859,0.009141,0.6000,+0
4.6052,descent,3.6552,46.9336,43.5937,48.0900,-9.6180,0.034081,0.037633,0.075860,0.009140,0.6000,+0
4.6065,descent,3.6552,47.0215,43.5937,50.8380,-8.2440,0.033873,0.037583,0.075860,0.009140,0.6000,+0
4.6074,descent,3.6552,47.1973,43.5937,54.9600,-8.2440,0.033472,0.037592,0.075852,0.009148,0.6000,+0
4.6085,descent,3.6552,47.2852,43.5937,57.7080,-8.2440,0.033264,0.037597,0.075852,0.009148,0.6000,+0
4.6096,descent,3.6552,47.3730,43.5937,61.8300,-8.2440,0.033042,0.037602,0.075838,0.009162,0.6000,+0
4.6107,descent,3.6552,47.4609,43.5937,64.5780,-8.2440,0.032835,0.037606,0.075838,0.009162,0.6000,+0
4.6123,descent,3.6552,47.7246,43.5937,70.0740,-6.8700,0.032240,0.037566,0.075838,0.009162,0.6000,+0
4.6131,descent,3.6552,47.8125,43.5937,74.1960,-6.8700,0.032018,0.037570,0.075845,0.009155,0.6000,+0
4.6142,descent,3.6552,47.9883,43.5937,76.9440,-6.8700,0.031631,0.037580,0.075845,0.009155,0.6000,+0
4.6152,descent,3.6552,48.0762,43.5937,79.6920,-6.8700,0.031424,0.037584,0.075841,0.009159,0.6000,+0
4.6165,descent,3.6552,48.1641,43.5937,82.4400,-5.4960,0.031216,0.037542,0.075841,0.009159,0.6000,+0
4.6174,descent,3.6552,48.2520,43.5937,85.1880,-5.4960,0.031008,0.037547,0.075836,0.009164,0.6000,+0
4.6185,descent,3.6552,48.2520,43.7695,87.9360,-5.4960,0.030989,0.036173,0.075836,0.009164,0.6000,+0
4.6196,descent,3.6552,48.3398,43.5937,89.3100,-5.4960,0.030786,0.037551,0.075831,0.009169,0.6000,+0
4.6207,descent,3.6552,48.4277,43.5937,90.6840,-4.1220,0.030593,0.038130,0.075831,0.009169,0.6000,+0
4.6224,descent,3.6552,48.6035,43.5937,93.4320,-4.1220,0.030206,0.038140,0.075836,0.009164,0.6000,+0
4.6231,descent,3.6552,48.6914,43.7695,94.8060,-2.7480,0.030022,0.051604,0.075813,0.009187,0.6000,+0
4.6242,descent,3.6552,48.7793,43.7695,96.1800,-2.7480,0.029829,0.051609,0.075813,0.009187,0.6000,+0
4.6252,descent,3.6552,48.7793,43.5937,96.1800,-2.7480,0.029819,0.052983,0.075823,0.009177,0.6000,+0
4.6265,descent,3.6552,48.8672,43.5937,96.1800,-2.7480,0.029640,0.052987,0.075823,0.009177,0.6000,+0
4.6274,descent,3.6552,48.9551,43.5937,96.1800,-2.7480,0.029461,0.052992,0.075809,0.009191,0.6000,+0
4.6285,descent,3.6552,49.0430,43.5937,96.1800,-2.7480,0.029282,0.052997,0.075809,0.009191,0.6000,+0
4.6296,descent,3.6966,49.1309,43.5937,96.1800,-2.7480,0.029103,0.053001,0.075811,0.009189,0.6000,+0
4.6308,descent,3.6966,49.1309,43.5937,94.8060,-2.7480,0.029118,0.053001,0.075811,0.009189,0.6000,+0
4.6324,descent,3.6966,49.3066,43.5937,93.4320,-2.7480,0.028774,0.053011,0.075819,0.009181,0.6000,+0
4.6331,descent,3.6966,49.3066,43.5937,92.0580,-2.7480,0.028788,0.053011,0.075820,0.009180,0.6000,+0
4.6342,descent,3.6966,49.3945,43.5937,90.6840,-1.3740,0.028623,0.143003,0.075820,0.009180,0.6000,+0
4.6352,descent,3.6966,49.3945,43.5937,89.3100,-1.3740,0.028638,0.143003,0.075791,0.009209,0.6000,+0
4.6365,descent,3.6966,49.4824,43.5937,87.9360,-1.3740,0.028473,0.143008,0.075791,0.009209,0.6000,+0
4.6374,descent,3.6966,49.4824,43.5937,86.5620,-1.3740,0.028487,0.143008,0.075777,0.009223,0.6000,+0
4.6385,descent,3.6966,49.5703,43.5937,85.1880,-1.3740,0.028323,0.143012,0.075777,0.009223,0.6000,+0
4.6396,descent,3.6966,49.5703,43.5937,83.8140,-1.3740,0.028337,0.143012,0.075802,0.009198,0.6000,+0
4.6408,descent,3.6966,49.6582,43.5937,82.4400,0.0000,0.028172,0.237396,0.075802,0.009198,0.6000,+0
4.6424,descent,3.6966,49.6582,43.5937,78.3180,0.0000,0.028215,0.237396,0.075783,0.009217,0.6000,+0
4.6431,descent,3.6966,49.7461,43.5937,76.9440,0.0000,0.028051,0.237401,0.075795,0.009205,0.6000,+0
4.6442,descent,3.6966,49.7461,43.5937,74.1960,0.0000,0.028079,0.237401,0.075795,0.009205,0.6000,+0
4.6452,descent,3.6966,49.7461,43.7695,72.8220,0.0000,0.028103,0.236027,0.075771,0.009229,0.6000,+0
4.6465,descent,3.6966,49.8340,43.7695,70.0740,1.3740,0.027952,0.141544,0.075771,0.009229,0.6000,+0
4.6474,descent,3.6966,49.8340,43.7695,68.7000,1.3740,0.027967,0.141544,0.075779,0.009221,0.6000,+0
4.6485,descent,3.6966,49.8340,43.7695,65.9520,1.3740,0.027995,0.141544,0.075779,0.009221,0.6000,+0
4.6496,descent,3.6966,49.8340,43.7695,63.2040,1.3740,0.028024,0.141544,0.075779,0.009221,0.6000,+0
4.6508,descent,3.6966,49.8340,43.7695,61.8300,1.3740,0.028038,0.141544,0.075779,0.009221,0.6000,+0
4.6524,descent,3.6966,49.8340,43.8574,57.7080,2.7480,0.028086,0.050761,0.075760,0.009240,0.6000,+0
4.6531,descent,3.6966,49.9219,43.8574,54.9600,2.7480,0.027936,0.050765,0.075771,0.009229,0.6000,+0
4.6542,descent,3.6966,49.8340,43.9453,53.5860,4.1220,0.028134,0.035131,0.075771,0.009229,0.6000,+0
4.6552,descent,3.6966,49.9219,43.9453,50.8380,4.1220,0.027983,0.035136,0.075762,0.009238,0.6000,+0
4.6565,descent,3.6966,49.8340,44.0332,48.0900,5.4960,0.028196,0.033761,0.075762,0.009238,0.6000,+0
4.6574,descent,3.6966,49.8340,44.0332,46.7160,5.4960,0.028210,0.033761,0.075761,0.009239,0.6000,+0
4.6585,descent,3.6966,49.8340,44.1211,43.9680,6.8700,0.028243,0.033013,0.075761,0.009239,0.6000,+0
4.6596,descent,3.6966,49.8340,44.2090,41.2200,8.2440,0.028276,0.032272,0.075746,0.009254,0.6000,+0
4.6607,descent,3.6966,49.8340,44.2969,39.8460,10.9920,0.028296,0.031476,0.075746,0.009254,0.6000,+0
4.6624,descent,3.6966,49.8340,44.3848,34.3500,13.7400,0.028357,0.030680,0.075761,0.009239,0.6000,+0
4.6631,descent,3.6966,49.8340,44.4727,32.9760,15.1140,0.028376,0.029939,0.075746,0.009254,0.6000,+0
4.6642,descent,3.6966,49.8340,44.4727,30.2280,16.4880,0.028405,0.029885,0.075746,0.009254,0.6000,+0
4.6652,descent,3.6966,49.8340,44.5605,28.8540,17.8620,0.028424,0.029143,0.075732,0.009268,0.6000,+0
4.6665,descent,3.6966,49.8340,44.5605,26.1060,19.2360,0.028453,0.029089,0.075732,0.009268,0.6000,+0
4.6674,descent,3.6966,49.8340,44.6484,24.7320,21.9840,0.028472,0.028293,0.075738,0.009262,0.6000,+0
4.6686,descent,3.6966,49.7461,44.6484,21.9840,23.3580,0.028679,0.028234,0.075738,0.009262,0.6000,+0
4.6696,descent,3.6966,49.7461,44.6484,20.6100,24.7320,0.028694,0.028180,0.075716,0.009284,0.6000,+0
4.6708,descent,3.6966,49.7461,44.6484,20.6100,24.7320,0.028694,0.028180,0.075716,0.009284,0.6000,+0
4.6722,descent,3.6966,49.7461,44.8242,15.1140,27.4800,0.028760,0.026698,0.075731,0.009269,0.6000,+0
4.6732,descent,3.6966,49.7461,44.8242,12.3660,28.8540,0.028789,0.026643,0.075731,0.009269,0.6000,+0
4.6742,descent,3.6966,49.7461,44.8242,10.9920,30.2280,0.028803,0.026589,0.075731,0.009269,0.6000,+0
4.6752,descent,3.6966,49.6582,44.8242,9.6180,31.6020,0.028997,0.026530,0.075720,0.009280,0.6000,+0
4.6765,descent,3.6966,49.6582,44.8242,8.2440,31.6020,0.029011,0.026530,0.075720,0.009280,0.6000,+0
4.6774,descent,3.6966,49.6582,44.8242,6.8700,31.6020,0.029025,0.026530,0.075714,0.009286,0.6000,+0
4.6785,descent,3.6966,49.6582,44.8242,5.4960,32.9760,0.029047,0.026475,0.075714,0.009286,0.6000,+0
4.6796,descent,3.6966,49.6582,44.8242,4.1220,32.9760,0.029690,0.026475,0.075702,0.009298,0.6000,+0
4.6807,descent,3.6966,49.6582,44.8242,2.7480,32.9760,0.044592,0.026475,0.075702,0.009298,0.6000,+0
4.6822,descent,3.6966,49.5703,44.8242,0.0000,32.9760,0.229276,0.026470,0.075697,0.009303,0.6000,+0
4.6832,descent,3.6966,49.5703,44.8242,-1.3740,32.9760,0.134856,0.026470,0.075701,0.009299,0.6000,+0
4.6843,descent,3.6966,49.5703,44.8242,-2.7480,32.9760,0.044829,0.026470,0.075701,0.009299,0.6000,+0
4.6852,descent,3.6966,49.5703,44.8242,-4.1220,32.9760,0.029955,0.026470,0.075694,0.009306,0.6000,+0
4.6865,descent,3.6966,49.5703,44.8242,-4.1220,31.6020,0.029955,0.026525,0.075694,0.009306,0.6000,+0
4.6874,descent,3.6966,49.5703,44.8242,-5.4960,31.6020,0.029340,0.026525,0.075688,0.009312,0.6000,+0
4.6885,descent,3.6966,49.4824,44.8242,-5.4960,30.2280,0.029519,0.026575,0.075688,0.009312,0.6000,+0
4.6896,descent,3.6966,49.4824,44.8242,-6.8700,30.2280,0.029526,0.026575,0.075691,0.009309,0.6000,+0
4.6908,descent,3.6966,49.4824,44.8242,-6.8700,28.8540,0.029526,0.026629,0.075691,0.009309,0.6000,+0
4.6922,descent,3.6966,49.4824,44.7363,-8.2440,26.1060,0.029536,0.027425,0.075690,0.009310,0.6000,+0
4.6930,descent,3.6966,49.4824,44.7363,-8.2440,23.3580,0.029536,0.027533,0.075678,0.009322,0.6000,+0
4.6943,descent,3.6966,49.4824,44.7363,-8.2440,21.9840,0.029536,0.027588,0.075678,0.009322,0.6000,+0
4.6952,descent,3.6966,49.4824,44.6484,-8.2440,19.2360,0.029531,0.028383,0.075665,0.009335,0.6000,+0
4.6965,descent,3.6966,49.4824,44.6484,-9.6180,17.8620,0.029545,0.028438,0.075665,0.009335,0.6000,+0
4.6974,descent,3.6966,49.4824,44.6484,-9.6180,15.1140,0.029545,0.028547,0.075676,0.009324,0.6000,+0
4.6985,descent,3.6966,49.4824,44.6484,-9.6180,13.7400,0.029545,0.028601,0.075676,0.009324,0.6000,+0
4.6996,descent,3.6966,49.3945,44.6484,-9.6180,12.3660,0.029724,0.028651,0.075674,0.009326,0.6000,+0
4.7007,descent,3.6966,49.3945,44.6484,-9.6180,10.9920,0.029724,0.028705,0.075674,0.009326,0.6000,+0
4.7022,descent,3.6966,49.4824,44.5605,-9.6180,6.8700,0.029541,0.029560,0.075671,0.009329,0.6000,+0
4.7032,descent,3.6966,49.4824,44.5605,-9.6180,5.4960,0.029541,0.029622,0.075656,0.009344,0.6000,+0
4.7043,descent,3.6966,49.4824,44.5605,-9.6180,2.7480,0.029541,0.045248,0.075656,0.009344,0.6000,+0
4.7052,descent,3.6966,49.4824,44.5605,-9.6180,2.7480,0.029541,0.045248,0.075643,0.009357,0.6000,+0
4.7064,descent,3.6966,49.4824,44.5605,-8.2440,1.3740,0.029526,0.135344,0.075643,0.009357,0.6000,+0
4.7074,descent,3.6966,49.4824,44.4727,-8.2440,-1.3740,0.029522,0.136140,0.075645,0.009355,0.6000,+0
4.7085,descent,3.6966,49.3945,44.4727,-8.2440,-2.7480,0.029701,0.046147,0.075645,0.009355,0.6000,+0
4.7096,descent,3.6966,49.4824,44.4727,-6.8700,-4.1220,0.029507,0.031318,0.075643,0.009357,0.6000,+0
4.7107,descent,3.6966,49.4824,44.3848,-6.8700,-5.4960,0.029503,0.031431,0.075643,0.009357,0.6000,+0
4.7122,descent,3.6966,49.3945,44.3848,-6.8700,-6.8700,0.029682,0.031473,0.075638,0.009362,0.6000,+0
4.7132,descent,3.6966,49.3945,44.3848,-6.8700,-8.2440,0.029682,0.031528,0.075630,0.009370,0.6000,+0
4.7144,descent,3.6733,49.3945,44.3848,-6.8700,-8.2440,0.029682,0.031528,0.075630,0.009370,0.6000,+0
4.7152,descent,3.6733,49.3945,44.2969,-5.4960,-9.6180,0.029670,0.032269,0.075637,0.009363,0.6000,+0
4.7164,descent,3.6733,49.3945,44.2969,-5.4960,-10.9920,0.029670,0.032323,0.075637,0.009363,0.6000,+0
4.7174,descent,3.6733,49.3945,44.2969,-5.4960,-10.9920,0.029670,0.032323,0.075622,0.009378,0.6000,+0
4.7185,descent,3.6733,49.3945,44.2969,-5.4960,-12.3660,0.029670,0.032378,0.075622,0.009378,0.6000,+0
4.7196,descent,3.6733,49.3945,44.2090,-5.4960,-12.3660,0.029665,0.033064,0.075638,0.009362,0.6000,+0
4.7207,descent,3.6733,49.4824,44.2090,-4.1220,-13.7400,0.030101,0.033123,0.075638,0.009362,0.6000,+0
4.7222,descent,3.6733,49.3945,44.2090,-2.7480,-15.1140,0.045154,0.033173,0.075615,0.009385,0.6000,+0
4.7231,descent,3.6733,49.4824,44.2090,-2.7480,-15.1140,0.044975,0.033178,0.075618,0.009382,0.6000,+0
4.7242,descent,3.6733,49.4824,44.2090,-2.7480,-15.1140,0.044975,0.033178,0.075618,0.009382,0.6000,+0
4.7252,descent,3.6733,49.3945,44.2090,-2.7480,-15.1140,0.045154,0.033173,0.075624,0.009376,0.6000,+0
4.7265,descent,3.6733,49.3945,44.2090,-2.7480,-15.1140,0.045154,0.033173,0.075624,0.009376,0.6000,+0
4.7274,descent,3.6733,49.3945,44.2090,-2.7480,-15.1140,0.045154,0.033173,0.075614,0.009386,0.6000,+0
4.7285,descent,3.6733,49.3945,44.2090,-2.7480,-15.1140,0.045154,0.033173,0.075614,0.009386,0.6000,+0
4.7296,descent,3.6733,49.4824,44.2090,-1.3740,-15.1140,0.135002,0.033178,0.075613,0.009387,0.6000,+0
4.7307,descent,3.6733,49.4824,44.2090,-1.3740,-13.7400,0.135002,0.033123,0.075613,0.009387,0.6000,+0
4.7322,descent,3.6733,49.3945,44.1211,-1.3740,-15.1140,0.135177,0.033860,0.075606,0.009394,0.6000,+0
4.7332,descent,3.6733,49.3945,44.1211,0.0000,-13.7400,0.229596,0.033806,0.075601,0.009399,0.6000,+0
4.7342,descent,3.6733,49.3945,44.1211,0.0000,-13.7400,0.229596,0.033806,0.075601,0.009399,0.6000,+0
4.7355,descent,3.6733,49.3945,44.1211,-1.3740,-13.7400,0.135177,0.033806,0.075579,0.009421,0.6000,+0
4.7363,descent,3.6733,49.4824,44.1211,0.0000,-13.7400,0.229417,0.033810,0.075579,0.009421,0.6000,+0
4.7376,descent,3.6733,49.4824,44.1211,0.0000,-13.7400,0.229417,0.033810,0.075583,0.009417,0.6000,+0
4.7385,descent,3.6733,49.3945,44.1211,0.0000,-13.7400,0.229596,0.033806,0.075583,0.009417,0.6000,+0
4.7396,descent,3.6733,49.3945,44.1211,-1.3740,-13.7400,0.135177,0.033806,0.075585,0.009415,0.6000,+0
4.7407,descent,3.6733,49.4824,44.1211,0.0000,-12.3660,0.229417,0.033756,0.075585,0.009415,0.6000,+0
4.7423,descent,3.6733,49.4824,44.1211,0.0000,-10.9920,0.229417,0.033701,0.075584,0.009416,0.6000,+0
4.7430,descent,3.6733,49.4824,44.1211,0.0000,-10.9920,0.229417,0.033701,0.075584,0.009416,0.6000,+0
4.7443,descent,3.6733,49.4824,44.1211,0.0000,-10.9920,0.229417,0.033701,0.075584,0.009416,0.6000,+0
4.7451,descent,3.6733,49.5703,44.1211,1.3740,-9.6180,0.134790,0.033652,0.075577,0.009423,0.6000,+0
4.7465,descent,3.6733,49.5703,44.1211,1.3740,-9.6180,0.134790,0.033652,0.075577,0.009423,0.6000,+0
4.7474,descent,3.6733,49.5703,44.1211,2.7480,-9.6180,0.044734,0.033652,0.075561,0.009439,0.6000,+0
4.7485,descent,3.6733,49.6582,44.1211,4.1220,-8.2440,0.029652,0.033602,0.075561,0.009439,0.6000,+0
4.7496,descent,3.6733,49.7461,44.1211,4.1220,-8.2440,0.029473,0.033607,0.075555,0.009445,0.6000,+0
4.7507,descent,3.6733,49.7461,44.1211,5.4960,-6.8700,0.028830,0.033552,0.075555,0.009445,0.6000,+0
4.7522,descent,3.6733,49.9219,44.1211,8.2440,-5.4960,0.028436,0.033515,0.075546,0.009454,0.6000,+0
4.7532,descent,3.6733,50.0098,44.0332,9.6180,-5.4960,0.028238,0.034206,0.075555,0.009445,0.6000,+0
4.7543,descent,3.6733,50.0977,44.0332,10.9920,-5.4960,0.028045,0.034211,0.075555,0.009445,0.6000,+0
4.7552,descent,3.6733,50.1855,44.1211,13.7400,-5.4960,0.027842,0.033529,0.075542,0.009458,0.6000,+0
4.7565,descent,3.6733,50.2734,44.1211,15.1140,-4.1220,0.027649,0.034108,0.075542,0.009458,0.6000,+0
4.7574,descent,3.6733,50.3613,44.0332,16.4880,-4.1220,0.027451,0.034799,0.075553,0.009447,0.6000,+0
4.7585,descent,3.6733,50.4492,44.0332,19.2360,-4.1220,0.027243,0.034804,0.075553,0.009447,0.6000,+0
4.7596,descent,3.6733,50.6250,44.0332,24.7320,-4.1220,0.026828,0.034813,0.075540,0.009460,0.6000,+0
4.7607,descent,3.6733,50.7129,44.0332,24.7320,-4.1220,0.026649,0.034818,0.075540,0.009460,0.6000,+0
4.7622,descent,3.6733,50.8887,44.1211,30.2280,-4.1220,0.026239,0.034141,0.075533,0.009467,0.6000,+0
4.7632,descent,3.6733,50.9766,44.1211,32.9760,-4.1220,0.026031,0.034145,0.075526,0.009474,0.6000,+0
4.7642,descent,3.6733,51.0645,44.0332,35.7240,-4.1220,0.025819,0.034837,0.075526,0.009474,0.6000,+0
4.7654,descent,3.6733,51.0645,44.1211,38.4720,-2.7480,0.025795,0.048984,0.075518,0.009482,0.6000,+0
4.7663,descent,3.6733,51.1523,44.1211,41.2200,-2.7480,0.025587,0.048989,0.075518,0.009482,0.6000,+0
4.7676,descent,3.6733,51.2402,44.1211,43.9680,-1.3740,0.025380,0.138981,0.075532,0.009468,0.6000,+0
4.7685,descent,3.6733,51.3281,44.1211,45.3420,-1.3740,0.025187,0.138986,0.075532,0.009468,0.6000,+0
4.7696,descent,3.6733,51.4160,44.1211,48.0900,-1.3740,0.024979,0.138991,0.075524,0.009476,0.6000,+0
4.7707,descent,3.6733,51.4160,44.1211,50.8380,-1.3740,0.024950,0.138991,0.075524,0.009476,0.6000,+0
4.7722,descent,3.6733,51.5918,44.1211,54.9600,-1.3740,0.024550,0.139000,0.075520,0.009480,0.6000,+0
4.7732,descent,3.6733,51.6797,44.1211,56.3340,0.0000,0.024356,0.233384,0.075530,0.009470,0.6000,+0
4.7742,descent,3.6733,51.6797,44.1211,59.0820,0.0000,0.024328,0.233384,0.075530,0.009470,0.6000,+0
4.7754,descent,3.6733,51.7676,44.1211,60.4560,0.0000,0.024135,0.233389,0.075499,0.009501,0.6000,+0
4.7763,descent,3.6733,51.8555,44.0332,63.2040,0.0000,0.023922,0.234080,0.075499,0.009501,0.6000,+0
4.7776,descent,3.6733,51.8555,44.0332,64.5780,-1.3740,0.023908,0.139701,0.075504,0.009496,0.6000,+0
4.7785,descent,3.6733,51.9434,44.1211,65.9520,0.0000,0.023720,0.233398,0.075504,0.009496,0.6000,+0
4.7796,descent,3.6733,51.9434,44.1211,67.3260,0.0000,0.023705,0.233398,0.075508,0.009492,0.6000,+0
4.7807,descent,3.6733,52.0312,44.1211,68.7000,0.0000,0.023512,0.233403,0.075508,0.009492,0.6000,+0
4.7822,descent,3.6733,52.0312,44.1211,68.7000,0.0000,0.023512,0.233403,0.075498,0.009502,0.6000,+0
4.7832,descent,3.6733,52.1191,44.1211,70.0740,0.0000,0.023319,0.233408,0.075501,0.009499,0.6000,+0
4.7842,descent,3.6733,52.1191,44.1211,70.0740,0.0000,0.023319,0.233408,0.075501,0.009499,0.6000,+0
4.7854,descent,3.6733,52.2070,44.2090,70.0740,1.3740,0.023145,0.138238,0.075475,0.009525,0.6000,+0
4.7863,descent,3.6733,52.2070,44.2090,68.7000,1.3740,0.023159,0.138238,0.075475,0.009525,0.6000,+0
4.7876,descent,3.6733,52.2070,44.2969,68.7000,2.7480,0.023164,0.047454,0.075492,0.009508,0.6000,+0
4.7885,descent,3.6733,52.2070,44.2969,67.3260,2.7480,0.023178,0.047454,0.075492,0.009508,0.6000,+0
4.7896,descent,3.6733,52.2949,44.3848,65.9520,4.1220,0.023018,0.031830,0.075487,0.009513,0.6000,+0
4.7907,descent,3.6733,52.2949,44.3848,65.9520,5.4960,0.023018,0.031147,0.075487,0.009513,0.6000,+0
4.7922,descent,3.6733,52.2949,44.5605,61.8300,8.2440,0.023071,0.029657,0.075485,0.009515,0.6000,+0
4.7932,descent,3.6733,52.2949,44.5605,59.0820,9.6180,0.023099,0.029603,0.075468,0.009532,0.6000,+0
4.7942,descent,3.6733,52.2949,44.6484,57.7080,10.9920,0.023118,0.028862,0.075468,0.009532,0.6000,+0
4.7954,descent,3.6733,52.2949,44.7363,54.9600,12.3660,0.023152,0.028120,0.075477,0.009523,0.6000,+0
4.7963,descent,3.6733,52.2949,44.8242,52.2120,13.7400,0.023185,0.027379,0.075477,0.009523,0.6000,+0
4.7976,descent,3.6733,52.2949,44.9121,50.8380,15.1140,0.023204,0.026638,0.075454,0.009546,0.6000,+0
4.7985,descent,3.6733,52.2949,45.0000,48.0900,17.8620,0.023238,0.025843,0.075454,0.009546,0.6000,+0
4.7996,descent,3.6733,52.2949,45.1758,46.7160,19.2360,0.023261,0.024415,0.075470,0.009530,0.6000,+0
4.8007,descent,3.6733,52.2070,45.2637,43.9680,21.9840,0.023474,0.023615,0.075470,0.009530,0.6000,+0
4.8022,descent,3.6733,52.2070,45.3516,38.4720,26.1060,0.023536,0.022765,0.075452,0.009548,0.6000,+0
4.8032,descent,3.6733,52.2070,45.4395,37.0980,27.4800,0.023555,0.022024,0.075439,0.009561,0.6000,+0
4.8042,descent,3.6733,52.2070,45.5273,34.3500,30.2280,0.023588,0.021228,0.075439,0.009561,0.6000,+0
4.8055,descent,3.6733,52.2070,45.6152,31.6020,31.6020,0.023622,0.020487,0.075439,0.009561,0.6000,+0
4.8063,descent,3.6733,52.2070,45.6152,28.8540,34.3500,0.023650,0.020378,0.075439,0.009561,0.6000,+0
4.8076,descent,3.6733,52.1191,45.6152,27.4800,35.7240,0.023843,0.020319,0.075436,0.009564,0.6000,+0
4.8085,descent,3.6733,52.1191,45.7031,24.7320,37.0980,0.023877,0.019578,0.075436,0.009564,0.6000,+0
4.8096,descent,3.6761,52.1191,45.7031,21.9840,39.8460,0.023905,0.019469,0.075442,0.009558,0.6000,+0
4.8107,descent,3.6761,52.1191,45.7910,19.2360,41.2200,0.023939,0.018728,0.075442,0.009558,0.6000,+0
4.8122,descent,3.6761,52.0312,45.7910,15.1140,43.9680,0.024161,0.018614,0.075435,0.009565,0.6000,+0
4.8132,descent,3.6761,52.0312,45.7910,13.7400,43.9680,0.024175,0.018614,0.075420,0.009580,0.6000,+0
4.8142,descent,3.6761,52.0312,45.7910,10.9920,45.3420,0.024204,0.018560,0.075420,0.009580,0.6000,+0
4.8154,descent,3.6761,52.0312,45.7910,9.6180,45.3420,0.024218,0.018560,0.075425,0.009575,0.6000,+0
4.8163,descent,3.6761,51.9434,45.7910,6.8700,46.7160,0.024425,0.018501,0.075425,0.009575,0.6000,+0
4.8176,descent,3.6761,51.9434,45.7910,5.4960,46.7160,0.024447,0.018501,0.075423,0.009577,0.6000,+0
4.8185,descent,3.6761,51.9434,45.7910,2.7480,46.7160,0.039993,0.018501,0.075423,0.009577,0.6000,+0
4.8196,descent,3.6761,51.9434,45.7910,1.3740,46.7160,0.130049,0.018501,0.075435,0.009565,0.6000,+0
4.8207,descent,3.6761,51.9434,45.7910,0.0000,46.7160,0.224497,0.018501,0.075435,0.009565,0.6000,+0
4.8222,descent,3.6761,51.8555,45.7910,-2.7480,45.3420,0.040229,0.018550,0.075402,0.009598,0.6000,+0
4.8232,descent,3.6761,51.8555,45.7910,-4.1220,43.9680,0.025355,0.018605,0.075418,0.009582,0.6000,+0
4.8242,descent,3.6761,51.7676,45.7910,-6.8700,42.5940,0.024926,0.018654,0.075418,0.009582,0.6000,+0
4.8252,descent,3.6761,51.7676,45.7031,-8.2440,41.2200,0.024936,0.019396,0.075405,0.009595,0.6000,+0
4.8264,descent,3.6761,51.7676,45.7031,-9.6180,39.8460,0.024950,0.019450,0.075405,0.009595,0.6000,+0
4.8274,descent,3.6761,51.6797,45.7031,-10.9920,38.4720,0.025143,0.019500,0.075395,0.009605,0.6000,+0
4.8285,descent,3.6761,51.6797,45.7031,-10.9920,37.0980,0.025143,0.019554,0.075395,0.009605,0.6000,+0
4.8297,descent,3.6761,51.6797,45.6152,-12.3660,34.3500,0.025153,0.020350,0.075396,0.009604,0.6000,+0
4.8307,descent,3.6761,51.5918,45.6152,-13.7400,31.6020,0.025346,0.020454,0.075396,0.009604,0.6000,+0
4.8322,descent,3.6761,51.5918,45.5273,-15.1140,26.1060,0.025356,0.021358,0.075394,0.009606,0.6000,+0
4.8332,descent,3.6761,51.5918,45.5273,-16.4880,23.3580,0.025370,0.021467,0.075398,0.009602,0.6000,+0
4.8342,descent,3.6761,51.5039,45.5273,-16.4880,20.6100,0.025549,0.021571,0.075398,0.009602,0.6000,+0
4.8352,descent,3.6761,51.5039,45.4395,-17.8620,17.8620,0.025558,0.022366,0.075390,0.009610,0.6000,+0
4.8365,descent,3.6761,51.5039,45.4395,-17.8620,15.1140,0.025558,0.022475,0.075390,0.009610,0.6000,+0
4.8374,descent,3.6761,51.5039,45.4395,-17.8620,12.3660,0.025558,0.022584,0.075377,0.009623,0.6000,+0
4.8385,descent,3.6761,51.5039,45.3516,-19.2360,9.6180,0.025568,0.023380,0.075377,0.009623,0.6000,+0
4.8396,descent,3.6761,51.4160,45.3516,-19.2360,6.8700,0.025747,0.023484,0.075383,0.009617,0.6000,+0
4.8407,descent,3.6761,51.4160,45.2637,-19.2360,4.1220,0.025742,0.024915,0.075383,0.009617,0.6000,+0
4.8422,descent,3.6761,51.4160,45.1758,-20.6100,-1.3740,0.025752,0.130750,0.075379,0.009621,0.6000,+0
4.8432,descent,3.6761,51.3281,45.1758,-20.6100,-4.1220,0.025930,0.025924,0.075384,0.009616,0.6000,+0
4.8442,descent,3.6761,51.3281,45.0000,-20.6100,-6.8700,0.025921,0.026770,0.075384,0.009616,0.6000,+0
4.8454,descent,3.6761,51.3281,45.0000,-20.6100,-8.2440,0.025921,0.026824,0.075374,0.009626,0.6000,+0
4.8463,descent,3.6761,51.3281,44.9121,-20.6100,-10.9920,0.025916,0.027620,0.075374,0.009626,0.6000,+0
4.8476,descent,3.6761,51.3281,44.9121,-20.6100,-12.3660,0.025916,0.027674,0.075369,0.009631,0.6000,+0
4.8485,descent,3.6761,51.2402,44.8242,-20.6100,-15.1140,0.026090,0.028465,0.075369,0.009631,0.6000,+0
4.8496,descent,3.6761,51.2402,44.8242,-20.6100,-16.4880,0.026090,0.028520,0.075357,0.009643,0.6000,+0
4.8507,descent,3.6761,51.2402,44.7363,-20.6100,-17.8620,0.026086,0.029261,0.075357,0.009643,0.6000,+0
4.8522,descent,3.6761,51.1523,44.6484,-21.9840,-21.9840,0.026274,0.030106,0.075369,0.009631,0.6000,+0
4.8532,descent,3.6761,51.1523,44.5605,-21.9840,-23.3580,0.026269,0.030847,0.075344,0.009656,0.6000,+0
4.8542,descent,3.6761,51.1523,44.5605,-21.9840,-26.1060,0.026269,0.030956,0.075344,0.009656,0.6000,+0
4.8554,descent,3.6761,51.1523,44.5605,-21.9840,-27.4800,0.026269,0.031010,0.075369,0.009631,0.6000,+0
4.8563,descent,3.6761,51.0645,44.4727,-21.9840,-28.8540,0.026444,0.031747,0.075369,0.009631,0.6000,+0
4.8576,descent,3.6761,51.0645,44.4727,-21.9840,-28.8540,0.026444,0.031747,0.075350,0.009650,0.6000,+0
4.8585,descent,3.6761,51.0645,44.3848,-21.9840,-30.2280,0.026439,0.032488,0.075350,0.009650,0.6000,+0
4.8596,descent,3.6761,51.0645,44.2969,-20.6100,-31.6020,0.026420,0.033229,0.075337,0.009663,0.6000,+0
4.8607,descent,3.6761,50.9766,44.2969,-20.6100,-32.9760,0.026599,0.033279,0.075337,0.009663,0.6000,+0
4.8622,descent,3.6761,50.9766,44.2090,-20.6100,-35.7240,0.026594,0.034074,0.075344,0.009656,0.6000,+0
4.8632,descent,3.6761,50.8887,44.1211,-20.6100,-37.0980,0.026768,0.034811,0.075349,0.009651,0.6000,+0
4.8642,descent,3.6761,50.8887,44.1211,-20.6100,-37.0980,0.026768,0.034811,0.075349,0.009651,0.6000,+0
4.8655,descent,3.6761,50.8887,44.0332,-20.6100,-38.4720,0.026763,0.035552,0.075332,0.009668,0.6000,+0
4.8663,descent,3.6761,50.8008,44.0332,-20.6100,-38.4720,0.026942,0.035547,0.075332,0.009668,0.6000,+0
4.8676,descent,3.6761,50.8008,44.0332,-20.6100,-38.4720,0.026942,0.035547,0.075332,0.009668,0.6000,+0
4.8685,descent,3.6761,50.8008,43.9453,-20.6100,-39.8460,0.026938,0.036288,0.075332,0.009668,0.6000,+0
4.8696,descent,3.6761,50.7129,43.8574,-21.9840,-41.2200,0.027126,0.037025,0.075311,0.009689,0.6000,+0
4.8707,descent,3.6761,50.7129,43.8574,-21.9840,-41.2200,0.027126,0.037025,0.075311,0.009689,0.6000,+0
4.8722,descent,3.6761,50.6250,43.7695,-21.9840,-42.5940,0.027300,0.037761,0.075319,0.009681,0.6000,+0
4.8732,descent,3.6761,50.6250,43.5937,-21.9840,-42.5940,0.027291,0.039135,0.075309,0.009691,0.6000,+0
4.8742,descent,3.6761,50.6250,43.5937,-21.9840,-42.5940,0.027291,0.039135,0.075309,0.009691,0.6000,+0
4.8754,descent,3.6761,50.5371,43.5059,-23.3580,-42.5940,0.027480,0.039817,0.075322,0.009678,0.6000,+0
4.8763,descent,3.6761,50.5371,43.5059,-23.3580,-42.5940,0.027480,0.039817,0.075322,0.009678,0.6000,+0
4.8776,descent,3.6761,50.5371,43.4180,-23.3580,-43.9680,0.027475,0.040558,0.075308,0.009692,0.6000,+0
4.8785,descent,3.6761,50.4492,43.4180,-23.3580,-43.9680,0.027654,0.040554,0.075308,0.009692,0.6000,+0
4.8796,descent,3.6761,50.3613,43.3301,-24.7320,-43.9680,0.027843,0.041236,0.075299,0.009701,0.6000,+0
4.8807,descent,3.6761,50.3613,43.3301,-24.7320,-43.9680,0.027843,0.041236,0.075299,0.009701,0.6000,+0
4.8822,descent,3.6761,50.2734,43.2422,-26.1060,-43.9680,0.028031,0.041918,0.075302,0.009698,0.6000,+0
4.8832,descent,3.6761,50.2734,43.2422,-26.1060,-43.9680,0.028031,0.041918,0.075298,0.009702,0.6000,+0
4.8842,descent,3.6761,50.1855,43.1543,-27.4800,-43.9680,0.028220,0.042600,0.075298,0.009702,0.6000,+0
4.8852,descent,3.6761,50.1855,43.1543,-27.4800,-42.5940,0.028220,0.042546,0.075286,0.009714,0.6000,+0
4.8863,descent,3.6761,50.1855,43.0664,-27.4800,-42.5940,0.028215,0.043232,0.075286,0.009714,0.6000,+0
4.8873,descent,3.6761,50.0977,43.0664,-28.8540,-42.5940,0.028408,0.043228,0.075288,0.009712,0.6000,+0
4.8888,descent,3.6761,50.0977,43.0664,-28.8540,-42.5940,0.028408,0.043228,0.075288,0.009712,0.6000,+0
4.8896,descent,3.6761,50.0098,42.9785,-28.8540,-42.5940,0.028583,0.043910,0.075288,0.009712,0.6000,+0
4.8907,descent,3.6761,50.0098,42.9785,-28.8540,-42.5940,0.028583,0.043910,0.075288,0.009712,0.6000,+0
4.8923,descent,3.6761,49.9219,42.8906,-30.2280,-42.5940,0.028771,0.044592,0.075285,0.009715,0.6000,+0
4.8930,descent,3.6761,49.8340,42.8906,-31.6020,-41.2200,0.028965,0.044533,0.075284,0.009716,0.6000,+0
4.8941,descent,3.6761,49.8340,42.8027,-31.6020,-41.2200,0.028960,0.045220,0.075284,0.009716,0.6000,+0
4.8952,descent,3.6761,49.7461,42.8027,-31.6020,-41.2200,0.029139,0.045215,0.075278,0.009722,0.6000,+0
4.8963,descent,3.6761,49.7461,42.8027,-32.9760,-39.8460,0.029153,0.045161,0.075278,0.009722,0.6000,+0
4.8974,descent,3.6761,49.6582,42.7148,-32.9760,-39.8460,0.029328,0.045843,0.075271,0.009729,0.6000,+0
4.8989,descent,3.6761,49.6582,42.7148,-34.3500,-39.8460,0.029342,0.045843,0.075265,0.009735,0.6000,+0
4.8997,descent,3.7159,49.5703,42.7148,-34.3500,-39.8460,0.029521,0.045838,0.075265,0.009735,0.6000,+0
4.9008,descent,3.7159,49.5703,42.7148,-34.3500,-38.4720,0.029521,0.045784,0.075265,0.009735,0.6000,+0
4.9025,descent,3.7159,49.4824,42.6270,-35.7240,-37.0980,0.029710,0.046412,0.075267,0.009733,0.6000,+0
4.9032,descent,3.7159,49.3945,42.6270,-35.7240,-37.0980,0.029889,0.046407,0.075265,0.009735,0.6000,+0
4.9040,descent,3.7159,49.3945,42.6270,-35.7240,-35.7240,0.029889,0.046353,0.075265,0.009735,0.6000,+0
4.9052,descent,3.7159,49.3945,42.6270,-37.0980,-35.7240,0.029903,0.046353,0.075264,0.009736,0.6000,+0
4.9063,descent,3.7159,49.3066,42.6270,-37.0980,-34.3500,0.030082,0.046294,0.075264,0.009736,0.6000,+0
4.9074,descent,3.7159,49.3066,42.5391,-37.0980,-34.3500,0.030077,0.046980,0.075251,0.009749,0.6000,+0
4.9085,descent,3.7159,49.2188,42.5391,-37.0980,-32.9760,0.030257,0.046921,0.075251,0.009749,0.6000,+0
4.9096,descent,3.7159,49.2188,42.5391,-38.4720,-31.6020,0.030271,0.046867,0.075239,0.009761,0.6000,+0
4.9107,descent,3.7159,49.1309,42.5391,-38.4720,-31.6020,0.030450,0.046862,0.075239,0.009761,0.6000,+0
4.9119,descent,3.7159,49.1309,42.5391,-38.4720,-28.8540,0.030450,0.046753,0.075242,0.009758,0.6000,+0
4.9130,descent,3.7159,49.0430,42.4512,-38.4720,-28.8540,0.030624,0.047436,0.075212,0.009788,0.6000,+0
4.9140,descent,3.7159,49.0430,42.4512,-38.4720,-28.8540,0.030624,0.047436,0.075212,0.009788,0.6000,+0
4.9152,descent,3.7159,48.9551,42.4512,-38.4720,-27.4800,0.030803,0.047377,0.075226,0.009774,0.6000,+0
4.9163,descent,3.7159,48.8672,42.4512,-38.4720,-26.1060,0.030982,0.047318,0.075226,0.009774,0.6000,+0
4.9174,descent,3.7159,48.8672,42.4512,-38.4720,-26.1060,0.030982,0.047318,0.075233,0.009767,0.6000,+0
4.9185,descent,3.7159,48.7793,42.4512,-39.8460,-24.7320,0.031176,0.047259,0.075233,0.009767,0.6000,+0
4.9196,descent,3.7159,48.7793,42.4512,-39.8460,-23.3580,0.031176,0.047204,0.075227,0.009773,0.6000,+0
4.9207,descent,3.7159,48.7793,42.4512,-39.8460,-23.3580,0.031176,0.047204,0.075227,0.009773,0.6000,+0
4.9219,descent,3.7159,48.6914,42.4512,-39.8460,-20.6100,0.031355,0.047091,0.075225,0.009775,0.6000,+0
4.9229,descent,3.7159,48.6035,42.4512,-39.8460,-19.2360,0.031534,0.047032,0.075216,0.009784,0.6000,+0
4.9240,descent,3.7159,48.6035,42.4512,-39.8460,-19.2360,0.031534,0.047032,0.075216,0.009784,0.6000,+0
4.9251,descent,3.7159,48.5156,42.4512,-39.8460,-17.8620,0.031713,0.046973,0.075207,0.009793,0.6000,+0
4.9262,descent,3.7159,48.5156,42.4512,-39.8460,-16.4880,0.031713,0.046918,0.075207,0.009793,0.6000,+0
4.9274,descent,3.7159,48.5156,42.4512,-39.8460,-16.4880,0.031713,0.046918,0.075207,0.009793,0.6000,+0
4.9285,descent,3.7159,48.4277,42.4512,-39.8460,-15.1140,0.031892,0.046859,0.075207,0.009793,0.6000,+0
4.9296,descent,3.7159,48.3398,42.4512,-39.8460,-13.7400,0.032071,0.046800,0.075209,0.009791,0.6000,+0
4.9307,descent,3.7159,48.3398,42.4512,-39.8460,-12.3660,0.032071,0.046746,0.075209,0.009791,0.6000,+0
4.9319,descent,3.7159,48.2520,42.4512,-39.8460,-10.9920,0.032250,0.046687,0.075184,0.009816,0.6000,+0
4.9329,descent,3.7159,48.2520,42.4512,-39.8460,-10.9920,0.032250,0.046687,0.075194,0.009806,0.6000,+0
4.9340,descent,3.7159,48.1641,42.4512,-39.8460,-9.6180,0.032429,0.046628,0.075194,0.009806,0.6000,+0
4.9352,descent,3.7159,48.1641,42.4512,-39.8460,-9.6180,0.032429,0.046628,0.075196,0.009804,0.6000,+0
4.9366,descent,3.7159,48.0762,42.4512,-39.8460,-8.2440,0.032608,0.046569,0.075196,0.009804,0.6000,+0
4.9374,descent,3.7159,48.0762,42.4512,-39.8460,-8.2440,0.032608,0.046569,0.075205,0.009795,0.6000,+0
4.9385,descent,3.7159,47.9883,42.4512,-39.8460,-6.8700,0.032787,0.046510,0.075205,0.009795,0.6000,+0
4.9396,descent,3.7159,47.9883,42.4512,-39.8460,-6.8700,0.032787,0.046510,0.075168,0.009832,0.6000,+0
4.9407,descent,3.7159,47.9004,42.4512,-39.8460,-5.4960,0.032967,0.046458,0.075168,0.009832,0.6000,+0
4.9419,descent,3.7159,47.8125,42.4512,-39.8460,-5.4960,0.033146,0.046453,0.075179,0.009821,0.6000,+0
4.9430,descent,3.7159,47.8125,42.4512,-39.8460,-4.1220,0.033146,0.047027,0.075185,0.009815,0.6000,+0
4.9440,descent,3.7159,47.7246,42.4512,-41.2200,-4.1220,0.033339,0.047023,0.075185,0.009815,0.6000,+0
4.9452,descent,3.7159,47.7246,42.4512,-41.2200,-2.7480,0.033339,0.061857,0.075176,0.009824,0.6000,+0
4.9463,descent,3.7159,47.6367,42.4512,-41.2200,-2.7480,0.033518,0.061852,0.075176,0.009824,0.6000,+0
4.9474,descent,3.7159,47.6367,42.4512,-41.2200,-2.7480,0.033518,0.061852,0.075167,0.009833,0.6000,+0
4.9485,descent,3.7159,47.6367,42.4512,-39.8460,-1.3740,0.033504,0.151840,0.075167,0.009833,0.6000,+0
4.9496,descent,3.7159,47.4609,42.4512,-39.8460,-1.3740,0.033862,0.151831,0.075167,0.009833,0.6000,+0
4.9507,descent,3.7159,47.4609,42.4512,-39.8460,-1.3740,0.033862,0.151831,0.075167,0.009833,0.6000,+0
4.9519,descent,3.7159,47.3730,42.4512,-39.8460,0.0000,0.034041,0.246205,0.075168,0.009832,0.6000,+0
4.9530,descent,3.7159,47.2852,42.4512,-41.2200,0.0000,0.034235,0.246201,0.075154,0.009846,0.6000,+0
4.9540,descent,3.7159,47.2852,42.4512,-41.2200,0.0000,0.034235,0.246201,0.075154,0.009846,0.6000,+0
4.9551,descent,3.7159,47.1973,42.4512,-41.2200,0.0000,0.034414,0.246196,0.075151,0.009849,0.6000,+0
4.9562,descent,3.7159,47.1973,42.4512,-41.2200,0.0000,0.034414,0.246196,0.075151,0.009849,0.6000,+0
4.9574,descent,3.7159,47.1094,42.4512,-41.2200,0.0000,0.034593,0.246191,0.075131,0.009869,0.6000,+0
4.9585,descent,3.7159,47.1094,42.4512,-41.2200,0.0000,0.034593,0.246191,0.075131,0.009869,0.6000,+0
4.9596,descent,3.7159,47.1094,42.4512,-41.2200,0.0000,0.034593,0.246191,0.075146,0.009854,0.6000,+0
4.9607,descent,3.7159,47.0215,42.4512,-41.2200,0.0000,0.034772,0.246187,0.075146,0.009854,0.6000,+0
4.9619,descent,3.7159,46.9336,42.5391,-39.8460,1.3740,0.034942,0.151007,0.075139,0.009861,0.6000,+0
4.9629,descent,3.7159,46.9336,42.5391,-39.8460,1.3740,0.034942,0.151007,0.075138,0.009862,0.6000,+0
4.9640,descent,3.7159,46.9336,42.6270,-39.8460,2.7480,0.034946,0.060224,0.075138,0.009862,0.6000,+0
4.9652,descent,3.7159,46.8457,42.6270,-39.8460,2.7480,0.035125,0.060219,0.075117,0.009883,0.6000,+0
4.9663,descent,3.7159,46.8457,42.7148,-39.8460,4.1220,0.035130,0.044589,0.075117,0.009883,0.6000,+0
4.9674,descent,3.7159,46.7578,42.7148,-39.8460,4.1220,0.035309,0.044585,0.075123,0.009877,0.6000,+0
4.9685,descent,3.7159,46.7578,42.8027,-39.8460,5.4960,0.035314,0.043215,0.075123,0.009877,0.6000,+0
4.9696,descent,3.7159,46.7578,42.8906,-39.8460,6.8700,0.035318,0.042466,0.075119,0.009881,0.6000,+0
4.9707,descent,3.7159,46.6699,42.9785,-38.4720,8.2440,0.035488,0.041720,0.075119,0.009881,0.6000,+0
4.9719,descent,3.7159,46.5820,43.1543,-38.4720,12.3660,0.035676,0.040178,0.075119,0.009881,0.6000,+0
4.9730,descent,3.7159,46.5820,43.2422,-38.4720,13.7400,0.035681,0.039437,0.075107,0.009893,0.6000,+0
4.9740,descent,3.7159,46.4941,43.3301,-38.4720,16.4880,0.035864,0.038637,0.075107,0.009893,0.6000,+0
4.9751,descent,3.7159,46.4941,43.4180,-38.4720,17.8620,0.035869,0.037895,0.075107,0.009893,0.6000,+0
4.9763,descent,3.7159,46.4062,43.5059,-38.4720,20.6100,0.036053,0.037095,0.075107,0.009893,0.6000,+0
4.9774,descent,3.7159,46.4062,43.5937,-38.4720,23.3580,0.036057,0.036299,0.075107,0.009893,0.6000,+0
4.9785,descent,3.7159,46.4062,43.8574,-37.0980,26.1060,0.036057,0.034129,0.075107,0.009893,0.6000,+0
4.9796,descent,3.7159,46.4062,43.9453,-37.0980,28.8540,0.036061,0.033334,0.075105,0.009895,0.6000,+0
4.9807,descent,3.7159,46.3184,44.0332,-37.0980,31.6020,0.036245,0.032533,0.075105,0.009895,0.6000,+0
4.9819,descent,3.7159,46.2305,44.1211,-37.0980,35.7240,0.036429,0.031679,0.075103,0.009897,0.6000,+0
4.9830,descent,3.7159,46.2305,44.2090,-37.0980,38.4720,0.036434,0.030883,0.075118,0.009882,0.6000,+0
4.9840,descent,3.7159,46.2305,44.2969,-37.0980,41.2200,0.036438,0.030087,0.075118,0.009882,0.6000,+0
4.9852,descent,3.7159,46.1426,44.3848,-35.7240,43.9680,0.036608,0.029287,0.075088,0.009912,0.6000,+0
4.9863,descent,3.7159,46.1426,44.4727,-35.7240,46.7160,0.036612,0.028491,0.075088,0.009912,0.6000,+0
4.9874,descent,3.7159,46.1426,44.4727,-35.7240,48.0900,0.036612,0.028437,0.075100,0.009900,0.6000,+0
4.9885,descent,3.7159,46.0547,44.5605,-35.7240,50.8380,0.036796,0.027636,0.075100,0.009900,0.6000,+0
4.9896,descent,3.7971,46.0547,44.5605,-34.3500,52.2120,0.036782,0.027582,0.075076,0.009924,0.6000,+0
4.9907,descent,3.7971,46.0547,44.6484,-34.3500,54.9600,0.036786,0.026786,0.075076,0.009924,0.6000,+0
4.9919,descent,3.7971,45.9668,44.7363,-34.3500,57.7080,0.036970,0.025986,0.075083,0.009917,0.6000,+0
4.9929,descent,3.7971,45.8789,44.8242,-34.3500,60.4560,0.037154,0.025185,0.075083,0.009917,0.6000,+0
4.9940,descent,3.7971,45.8789,44.8242,-34.3500,61.8300,0.037154,0.025131,0.075084,0.009916,0.6000,+0
4.9951,descent,3.7971,45.8789,44.8242,-34.3500,63.2040,0.037154,0.025076,0.075081,0.009919,0.6000,+0
4.9963,descent,3.7971,45.8789,44.8242,-32.9760,63.2040,0.037140,0.025076,0.075081,0.009919,0.6000,+0
4.9974,descent,3.7971,45.7910,44.8242,-32.9760,63.2040,0.037319,0.025072,0.075071,0.009929,0.6000,+0
4.9985,descent,3.7971,45.7910,44.9121,-32.9760,64.5780,0.037324,0.024331,0.075071,0.009929,0.6000,+0
4.9996,descent,3.7971,45.7910,44.9121,-32.9760,64.5780,0.037324,0.024331,0.075054,0.009946,0.6000,+0
5.0007,descent,3.7971,45.7031,44.9121,-32.9760,64.5780,0.037503,0.024326,0.075054,0.009946,0.6000,+0
5.0019,descent,3.7971,45.7031,44.9121,-31.6020,63.2040,0.037488,0.024380,0.075052,0.009948,0.6000,+0
5.0029,descent,3.7971,45.7031,44.9121,-31.6020,61.8300,0.037488,0.024435,0.075063,0.009937,0.6000,+0
5.0040,descent,3.7971,45.6152,44.9121,-31.6020,60.4560,0.037667,0.024484,0.075063,0.009937,0.6000,+0
5.0051,descent,3.7971,45.6152,44.8242,-31.6020,59.0820,0.037663,0.025226,0.075063,0.009937,0.6000,+0
5.0063,descent,3.7971,45.6152,44.8242,-30.2280,56.3340,0.037649,0.025335,0.075063,0.009937,0.6000,+0
5.0074,descent,3.7971,45.6152,44.8242,-30.2280,54.9600,0.037649,0.025389,0.075056,0.009944,0.6000,+0
5.0085,descent,3.7971,45.5273,44.8242,-28.8540,52.2120,0.037813,0.025493,0.075056,0.009944,0.6000,+0
5.0096,descent,3.7971,45.5273,44.8242,-28.8540,49.4640,0.037813,0.025602,0.075050,0.009950,0.6000,+0
5.0107,descent,3.7971,45.5273,44.8242,-28.8540,46.7160,0.037813,0.025711,0.075050,0.009950,0.6000,+0
5.0119,descent,3.7971,45.4395,44.8242,-28.8540,41.2200,0.037993,0.025924,0.075054,0.009946,0.6000,+0
5.0129,descent,3.7971,45.4395,44.8242,-27.4800,39.8460,0.037978,0.025978,0.075056,0.009944,0.6000,+0
5.0140,descent,3.7971,45.4395,44.8242,-27.4800,37.0980,0.037978,0.026087,0.075056,0.009944,0.6000,+0
5.0151,descent,3.7971,45.4395,44.8242,-27.4800,34.3500,0.037978,0.026196,0.075039,0.009961,0.6000,+0
5.0163,descent,3.7971,45.3516,44.7363,-27.4800,31.6020,0.038153,0.026987,0.075039,0.009961,0.6000,+0
5.0174,descent,3.7971,45.3516,44.7363,-26.1060,28.8540,0.038138,0.027096,0.075043,0.009957,0.6000,+0
5.0185,descent,3.7971,45.3516,44.6484,-26.1060,24.7320,0.038134,0.027946,0.075043,0.009957,0.6000,+0
5.0196,descent,3.7971,45.3516,44.6484,-26.1060,21.9840,0.038134,0.028055,0.075033,0.009967,0.6000,+0
5.0207,descent,3.7971,45.2637,44.6484,-26.1060,19.2360,0.038313,0.028159,0.075033,0.009967,0.6000,+0
5.0219,descent,3.7971,45.2637,44.5605,-24.7320,15.1140,0.038294,0.029009,0.075047,0.009953,0.6000,+0
5.0229,descent,3.7971,45.2637,44.5605,-24.7320,12.3660,0.038294,0.029118,0.075044,0.009956,0.6000,+0
5.0240,descent,3.7971,45.2637,44.5605,-23.3580,9.6180,0.038280,0.029227,0.075044,0.009956,0.6000,+0
5.0254,descent,3.7971,45.2637,44.5605,-23.3580,6.8700,0.038280,0.029336,0.075039,0.009961,0.6000,+0
5.0263,descent,3.7971,45.1758,44.5605,-23.3580,5.4960,0.038459,0.029393,0.075039,0.009961,0.6000,+0
5.0274,descent,3.7971,45.1758,44.4727,-23.3580,2.7480,0.038454,0.045706,0.075039,0.009961,0.6000,+0
5.0285,descent,3.7971,45.1758,44.4727,-21.9840,1.3740,0.038440,0.135802,0.075039,0.009961,0.6000,+0
5.0296,descent,3.7971,45.1758,44.4727,-21.9840,-1.3740,0.038440,0.135911,0.075048,0.009952,0.6000,+0
5.0307,descent,3.7971,45.1758,44.3848,-21.9840,-2.7480,0.038435,0.046610,0.075048,0.009952,0.6000,+0
5.0319,descent,3.7971,45.0879,44.3848,-20.6100,-6.8700,0.038600,0.031245,0.075044,0.009956,0.6000,+0
5.0333,descent,3.7971,45.0879,44.3848,-20.6100,-8.2440,0.038600,0.031299,0.075046,0.009954,0.6000,+0
5.0340,descent,3.7971,45.0879,44.2969,-20.6100,-9.6180,0.038596,0.032041,0.075046,0.009954,0.6000,+0
5.0353,descent,3.7971,45.0879,44.2969,-19.2360,-10.9920,0.038581,0.032095,0.075038,0.009962,0.6000,+0
5.0363,descent,3.7971,45.0879,44.2090,-19.2360,-12.3660,0.038577,0.032836,0.075038,0.009962,0.6000,+0
5.0375,descent,3.7971,45.0879,44.2090,-19.2360,-13.7400,0.038577,0.032891,0.075053,0.009947,0.6000,+0
5.0385,descent,3.7971,45.0879,44.2090,-17.8620,-13.7400,0.038562,0.032891,0.075053,0.009947,0.6000,+0
5.0396,descent,3.7971,45.0879,44.2090,-17.8620,-15.1140,0.038562,0.032945,0.075052,0.009948,0.6000,+0
5.0412,descent,3.7971,45.0879,44.2090,-17.8620,-15.1140,0.038562,0.032945,0.075039,0.009961,0.6000,+0
5.0419,descent,3.7971,45.0879,44.2090,-17.8620,-15.1140,0.038562,0.032945,0.075039,0.009961,0.6000,+0
5.0429,descent,3.7971,45.0879,44.1211,-15.1140,-17.8620,0.038529,0.033741,0.075044,0.009956,0.6000,+0
5.0442,ascent,3.7971,45.0000,44.0332,-15.1140,-17.8620,0.038704,0.034423,0.075044,0.009956,0.6000,+0
5.0452,ascent,3.7971,45.0000,44.0332,-15.1140,-19.2360,0.038704,0.034478,0.075040,0.009960,0.6000,+0
5.0465,ascent,3.7971,45.0000,44.0332,-15.1140,-20.6100,0.038704,0.034532,0.075040,0.009960,0.6000,+0
5.0474,ascent,3.7971,45.0000,44.0332,-13.7400,-20.6100,0.038689,0.034532,0.075042,0.009958,0.6000,+0
5.0485,ascent,3.7971,45.0000,44.0332,-13.7400,-20.6100,0.038689,0.034532,0.075042,0.009958,0.6000,+0
5.0496,ascent,3.7971,45.0000,44.0332,-13.7400,-20.6100,0.038689,0.034532,0.075050,0.009950,0.6000,+0
5.0507,ascent,3.7971,45.0000,44.0332,-12.3660,-20.6100,0.038675,0.034532,0.075050,0.009950,0.6000,+0
5.0522,ascent,3.7971,45.0000,43.9453,-12.3660,-20.6100,0.038670,0.035219,0.075045,0.009955,0.6000,+0
5.0529,ascent,3.7971,45.0000,43.9453,-10.9920,-20.6100,0.038656,0.035219,0.075042,0.009958,0.6000,+0
5.0540,ascent,3.7971,45.0000,43.9453,-10.9920,-20.6100,0.038656,0.035219,0.075042,0.009958,0.6000,+0
5.0552,ascent,3.7971,45.0000,43.9453,-9.6180,-20.6100,0.038642,0.035219,0.075055,0.009945,0.6000,+0
5.0563,ascent,3.7971,45.0000,43.9453,-9.6180,-19.2360,0.038642,0.035165,0.075055,0.009945,0.6000,+0
5.0574,ascent,3.7971,45.0000,43.9453,-9.6180,-19.2360,0.038642,0.035165,0.075043,0.009957,0.6000,+0
5.0585,ascent,3.7971,45.0000,43.9453,-8.2440,-19.2360,0.038628,0.035165,0.075043,0.009957,0.6000,+0
5.0596,ascent,3.7971,45.0000,43.8574,-8.2440,-19.2360,0.038623,0.035852,0.075052,0.009948,0.6000,+0
5.0607,ascent,3.7971,45.0000,43.8574,-8.2440,-19.2360,0.038623,0.035852,0.075052,0.009948,0.6000,+0
5.0619,ascent,3.7971,45.0000,43.8574,-6.8700,-19.2360,0.038609,0.035852,0.075052,0.009948,0.6000,+0
5.0630,ascent,3.7971,45.0000,43.8574,-6.8700,-17.8620,0.038609,0.035797,0.075058,0.009942,0.6000,+0
5.0640,ascent,3.7971,45.0000,43.8574,-5.4960,-17.8620,0.038602,0.035797,0.075058,0.009942,0.6000,+0
5.0651,ascent,3.7971,45.0000,43.8574,-5.4960,-17.8620,0.038602,0.035797,0.075049,0.009951,0.6000,+0
5.0663,ascent,3.7971,45.0000,43.7695,-4.1220,-17.8620,0.039211,0.036484,0.075049,0.009951,0.6000,+0
5.0674,ascent,3.7971,45.0000,43.7695,-4.1220,-16.4880,0.039211,0.036430,0.075066,0.009934,0.6000,+0
5.0685,ascent,3.7971,45.0000,43.7695,-4.1220,-16.4880,0.039211,0.036430,0.075066,0.009934,0.6000,+0
5.0696,ascent,3.7971,45.0000,43.7695,-4.1220,-16.4880,0.039211,0.036430,0.075047,0.009953,0.6000,+0
5.0707,ascent,3.7971,45.0000,43.7695,-4.1220,-15.1140,0.039211,0.036375,0.075047,0.009953,0.6000,+0
5.0719,ascent,3.7971,45.0000,43.7695,-2.7480,-15.1140,0.054085,0.036375,0.075066,0.009934,0.6000,+0
5.0730,ascent,3.7971,45.0000,43.7695,-2.7480,-13.7400,0.054085,0.036321,0.075063,0.009937,0.6000,+0
5.0740,ascent,3.8686,45.0000,43.7695,-2.7480,-13.7400,0.054085,0.036321,0.075063,0.009937,0.6000,+0
5.0751,ascent,3.8686,45.0000,43.7695,-2.7480,-12.3660,0.054085,0.036266,0.075054,0.009946,0.6000,+0
5.0763,ascent,3.8686,45.0000,43.7695,-2.7480,-12.3660,0.054085,0.036266,0.075054,0.009946,0.6000,+0
5.0774,ascent,3.8686,45.0000,43.7695,-1.3740,-10.9920,0.144113,0.036212,0.075051,0.009949,0.6000,+0
5.0785,ascent,3.8686,45.0000,43.7695,-1.3740,-10.9920,0.144113,0.036212,0.075051,0.009949,0.6000,+0
5.0796,ascent,3.8686,45.0000,43.7695,-1.3740,-10.9920,0.144113,0.036212,0.075057,0.009943,0.6000,+0
5.0807,ascent,3.8686,45.0000,43.7695,-1.3740,-9.6180,0.144113,0.036158,0.075057,0.009943,0.6000,+0
5.0819,ascent,3.8686,45.0000,43.7695,0.0000,-9.6180,0.238532,0.036158,0.075052,0.009948,0.6000,+0
5.0829,ascent,3.8686,45.0000,43.7695,0.0000,-9.6180,0.238532,0.036158,0.075064,0.009936,0.6000,+0
5.0840,ascent,3.8686,45.0000,43.7695,0.0000,-8.2440,0.238532,0.036103,0.075064,0.009936,0.6000,+0
5.0852,ascent,3.8686,45.0000,43.5937,0.0000,-8.2440,0.238523,0.037477,0.075071,0.009929,0.6000,+0
5.0862,ascent,3.8686,45.0000,43.5937,0.0000,-8.2440,0.238523,0.037477,0.075071,0.009929,0.6000,+0
5.0873,ascent,3.8686,45.0000,43.5937,0.0000,-8.2440,0.238523,0.037477,0.075068,0.009932,0.6000,+0
5.0884,ascent,3.8686,45.0000,43.5937,0.0000,-8.2440,0.238523,0.037477,0.075068,0.009932,0.6000,+0
5.0896,ascent,3.8686,45.0000,43.5937,0.0000,-8.2440,0.238523,0.037477,0.075058,0.009942,0.6000,+0
5.0907,ascent,3.8686,45.0879,43.5937,1.3740,-8.2440,0.143896,0.037482,0.075058,0.009942,0.6000,+0
5.0922,ascent,3.8686,45.0879,43.5937,1.3740,-6.8700,0.143896,0.037427,0.075077,0.009923,0.6000,+0
5.0932,ascent,3.8686,45.0879,43.7695,1.3740,-5.4960,0.143905,0.036006,0.075087,0.009913,0.6000,+0
5.0942,ascent,3.8686,45.1758,43.7695,2.7480,-5.4960,0.053670,0.036011,0.075087,0.009913,0.6000,+0
5.0954,ascent,3.8686,45.2637,43.5937,2.7480,-5.4960,0.053481,0.037389,0.075058,0.009942,0.6000,+0
5.0963,ascent,3.8686,45.3516,43.5937,4.1220,-5.4960,0.038400,0.037394,0.075058,0.009942,0.6000,+0
5.0976,ascent,3.8686,45.4395,43.5937,5.4960,-5.4960,0.037577,0.037398,0.075084,0.009916,0.6000,+0
5.0985,ascent,3.8686,45.5273,43.7695,8.2440,-4.1220,0.037372,0.036604,0.075084,0.009916,0.6000,+0
5.0996,ascent,3.8686,45.5273,43.7695,9.6180,-4.1220,0.037357,0.036604,0.075089,0.009911,0.6000,+0
5.1007,ascent,3.8686,45.7031,43.7695,10.9920,-2.7480,0.036985,0.051447,0.075089,0.009911,0.6000,+0
5.1022,ascent,3.8686,45.8789,43.5937,15.1140,-2.7480,0.036574,0.052830,0.075074,0.009926,0.6000,+0
5.1032,ascent,3.8686,45.9668,43.5937,17.8620,-2.7480,0.036366,0.052834,0.075067,0.009933,0.6000,+0
5.1042,ascent,3.8686,46.1426,43.5937,20.6100,-2.7480,0.035979,0.052844,0.075067,0.009933,0.6000,+0
5.1052,ascent,3.8686,46.2305,43.5937,23.3580,-2.7480,0.035772,0.052848,0.075078,0.009922,0.6000,+0
5.1065,ascent,3.8686,46.3184,43.7695,26.1060,-1.3740,0.035573,0.141467,0.075078,0.009922,0.6000,+0
5.1074,ascent,3.8686,46.4062,43.7695,28.8540,-1.3740,0.035365,0.141471,0.075093,0.009907,0.6000,+0
5.1085,ascent,3.8686,46.5820,43.7695,31.6020,-1.3740,0.034978,0.141480,0.075093,0.009907,0.6000,+0
5.1096,ascent,3.8686,46.6699,43.7695,34.3500,-1.3740,0.034771,0.141485,0.075086,0.009914,0.6000,+0
5.1107,ascent,3.8686,46.7578,43.5937,38.4720,-1.3740,0.034539,0.142863,0.075086,0.009914,0.6000,+0
5.1122,ascent,3.8686,47.0215,43.5937,43.9680,-1.3740,0.033945,0.142877,0.075085,0.009915,0.6000,+0
5.1132,ascent,3.8686,47.1094,43.5937,48.0900,-1.3740,0.033723,0.142882,0.075081,0.009919,0.6000,+0
5.1142,ascent,3.8686,47.1973,43.5937,50.8380,-1.3740,0.033515,0.142887,0.075081,0.009919,0.6000,+0
5.1152,ascent,3.8686,47.2852,43.5937,53.5860,-1.3740,0.033307,0.142891,0.075087,0.009913,0.6000,+0
5.1165,ascent,3.8686,47.3730,43.7695,56.3340,-1.3740,0.033109,0.141522,0.075087,0.009913,0.6000,+0
5.1174,ascent,3.8686,47.6367,43.7695,60.4560,0.0000,0.032529,0.235915,0.075107,0.009893,0.6000,+0
5.1185,ascent,3.8686,47.7246,43.7695,63.2040,0.0000,0.032321,0.235920,0.075107,0.009893,0.6000,+0
5.1196,ascent,3.8686,47.8125,43.7695,67.3260,0.0000,0.032099,0.235925,0.075091,0.009909,0.6000,+0
5.1207,ascent,3.8686,47.9004,43.7695,70.0740,1.3740,0.031891,0.141441,0.075091,0.009909,0.6000,+0
5.1222,ascent,3.8686,48.0762,43.7695,75.5700,1.3740,0.031476,0.141450,0.075090,0.009910,0.6000,+0
5.1232,ascent,3.8686,48.1641,43.7695,78.3180,1.3740,0.031268,0.141455,0.075117,0.009883,0.6000,+0
5.1242,ascent,3.8686,48.2520,43.8574,81.0660,2.7480,0.031065,0.050676,0.075117,0.009883,0.6000,+0
5.1254,ascent,3.8686,48.3398,43.8574,83.8140,2.7480,0.030857,0.050681,0.075096,0.009904,0.6000,+0
5.1263,ascent,3.8686,48.4277,43.8574,86.5620,2.7480,0.030650,0.050686,0.075096,0.009904,0.6000,+0
5.1276,ascent,3.8686,48.5156,43.9453,87.9360,4.1220,0.030461,0.035061,0.075114,0.009886,0.6000,+0
5.1285,ascent,3.8686,48.6035,43.9453,89.3100,4.1220,0.030268,0.035066,0.075114,0.009886,0.6000,+0
5.1296,ascent,3.8686,48.6914,44.0332,90.6840,5.4960,0.030079,0.033700,0.075085,0.009915,0.6000,+0
5.1307,ascent,3.8686,48.7793,44.0332,92.0580,5.4960,0.029886,0.033705,0.075085,0.009915,0.6000,+0
5.1322,ascent,3.8686,48.8672,44.1211,93.4320,6.8700,0.029697,0.032961,0.075113,0.009887,0.6000,+0
5.1332,ascent,3.8686,48.9551,44.2090,94.8060,8.2440,0.029508,0.032225,0.075103,0.009897,0.6000,+0
5.1342,ascent,3.8686,49.0430,44.2090,94.8060,9.6180,0.029329,0.032175,0.075103,0.009897,0.6000,+0
5.1354,ascent,3.8686,49.0430,44.2969,94.8060,10.9920,0.029334,0.031434,0.075121,0.009879,0.6000,+0
5.1363,ascent,3.8686,49.1309,44.2969,94.8060,12.3660,0.029155,0.031384,0.075121,0.009879,0.6000,+0
5.1376,ascent,3.8686,49.2188,44.3848,93.4320,13.7400,0.028995,0.030647,0.075111,0.009889,0.6000,+0
5.1385,ascent,3.8686,49.2188,44.3848,93.4320,15.1140,0.028995,0.030593,0.075111,0.009889,0.6000,+0
5.1396,ascent,3.8686,49.3066,44.4727,92.0580,16.4880,0.028835,0.029856,0.075125,0.009875,0.6000,+0
5.1407,ascent,3.8686,49.3945,44.4727,92.0580,16.4880,0.028656,0.029861,0.075125,0.009875,0.6000,+0
5.1422,ascent,3.8686,49.4824,44.5605,89.3100,19.2360,0.028510,0.029070,0.075113,0.009887,0.6000,+0
5.1432,ascent,3.8686,49.4824,44.5605,87.9360,20.6100,0.028525,0.029016,0.075127,0.009873,0.6000,+0
5.1442,ascent,3.8686,49.5703,44.5605,86.5620,21.9840,0.028360,0.028966,0.075127,0.009873,0.6000,+0
5.1454,ascent,3.8686,49.5703,44.5605,85.1880,23.3580,0.028374,0.028912,0.075120,0.009880,0.6000,+0
5.1463,ascent,3.8686,49.6582,44.5605,83.8140,23.3580,0.028210,0.028916,0.075120,0.009880,0.6000,+0
5.1476,ascent,3.8686,49.6582,44.6484,81.0660,24.7320,0.028243,0.028175,0.075134,0.009866,0.6000,+0
5.1485,ascent,3.8686,49.6582,44.6484,79.6920,24.7320,0.028257,0.028175,0.075134,0.009866,0.6000,+0
5.1496,ascent,3.8686,49.7461,44.6484,78.3180,26.1060,0.028093,0.028125,0.075126,0.009874,0.6000,+0
5.1507,ascent,3.8686,49.7461,44.6484,75.5700,26.1060,0.028121,0.028125,0.075126,0.009874,0.6000,+0
5.1522,ascent,3.8686,49.8340,44.6484,71.4480,26.1060,0.027985,0.028130,0.075132,0.009868,0.6000,+0
5.1532,ascent,3.8686,49.8340,44.5605,70.0740,26.1060,0.027995,0.028817,0.075122,0.009878,0.6000,+0
5.1542,ascent,3.8686,49.8340,44.5605,67.3260,26.1060,0.028023,0.028817,0.075122,0.009878,0.6000,+0
5.1554,ascent,3.8686,49.8340,44.5605,65.9520,26.1060,0.028038,0.028817,0.075134,0.009866,0.6000,+0
5.1563,ascent,3.8686,49.8340,44.5605,63.2040,26.1060,0.028066,0.028817,0.075134,0.009866,0.6000,+0
5.1576,ascent,3.8686,49.9219,44.5605,61.8300,26.1060,0.027902,0.028822,0.075125,0.009875,0.6000,+0
5.1585,ascent,3.8686,49.9219,44.5605,59.0820,24.7320,0.027930,0.028876,0.075125,0.009875,0.6000,+0
5.1596,ascent,3.8686,49.9219,44.5605,57.7080,23.3580,0.027945,0.028931,0.075131,0.009869,0.6000,+0
5.1607,ascent,3.8686,49.9219,44.5605,54.9600,23.3580,0.027973,0.028931,0.075131,0.009869,0.6000,+0
5.1622,ascent,3.8686,49.9219,44.5605,50.8380,21.9840,0.028016,0.028985,0.075136,0.009864,0.6000,+0
5.1632,ascent,3.8686,49.9219,44.5605,48.0900,20.6100,0.028045,0.029039,0.075136,0.009864,0.6000,+0
5.1643,ascent,3.8919,49.9219,44.5605,46.7160,20.6100,0.028059,0.029039,0.075136,0.009864,0.6000,+0
5.1652,ascent,3.8919,49.9219,44.5605,43.9680,19.2360,0.028088,0.029094,0.075140,0.009860,0.6000,+0
5.1664,ascent,3.8919,49.8340,44.5605,41.2200,19.2360,0.028295,0.029089,0.075140,0.009860,0.6000,+0
5.1674,ascent,3.8919,49.8340,44.5605,38.4720,17.8620,0.028324,0.029143,0.075137,0.009863,0.6000,+0
5.1685,ascent,3.8919,49.8340,44.4727,37.0980,15.1140,0.028334,0.029939,0.075137,0.009863,0.6000,+0
5.1696,ascent,3.8919,49.8340,44.4727,34.3500,15.1140,0.028362,0.029939,0.075151,0.009849,0.6000,+0
5.1707,ascent,3.8919,49.8340,44.4727,31.6020,10.9920,0.028391,0.030102,0.075151,0.009849,0.6000,+0
5.1722,ascent,3.8919,49.8340,44.4727,27.4800,8.2440,0.028434,0.030211,0.075155,0.009845,0.6000,+0
5.1732,ascent,3.8919,49.8340,44.4727,26.1060,6.8700,0.028448,0.030266,0.075147,0.009853,0.6000,+0
5.1742,ascent,3.8919,49.8340,44.3848,23.3580,5.4960,0.028472,0.031014,0.075147,0.009853,0.6000,+0
5.1754,ascent,3.8919,49.8340,44.3848,21.9840,5.4960,0.028486,0.031014,0.075148,0.009852,0.6000,+0
5.1763,ascent,3.8919,49.7461,44.3848,19.2360,2.7480,0.028694,0.046635,0.075148,0.009852,0.6000,+0
5.1776,ascent,3.8919,49.7461,44.3848,17.8620,2.7480,0.028708,0.046635,0.075156,0.009844,0.6000,+0
5.1785,ascent,3.8919,49.7461,44.3848,15.1140,1.3740,0.028737,0.136732,0.075156,0.009844,0.6000,+0
5.1796,ascent,3.8919,49.7461,44.3848,13.7400,0.0000,0.028751,0.231220,0.075166,0.009834,0.6000,+0
5.1807,ascent,3.8919,49.7461,44.3848,12.3660,-1.3740,0.028765,0.136841,0.075166,0.009834,0.6000,+0
5.1822,ascent,3.8919,49.6582,44.2969,8.2440,-4.1220,0.028983,0.032701,0.075171,0.009829,0.6000,+0
5.1832,ascent,3.8919,49.6582,44.2969,6.8700,-5.4960,0.028997,0.032127,0.075158,0.009842,0.6000,+0
5.1842,ascent,3.8919,49.6582,44.2969,5.4960,-5.4960,0.029019,0.032127,0.075158,0.009842,0.6000,+0
5.1854,ascent,3.8919,49.6582,44.2969,4.1220,-5.4960,0.029662,0.032127,0.075154,0.009846,0.6000,+0
5.1863,ascent,3.8919,49.6582,44.2969,2.7480,-5.4960,0.044564,0.032127,0.075154,0.009846,0.6000,+0
5.1876,ascent,3.8919,49.6582,44.2090,1.3740,-6.8700,0.134616,0.032861,0.075169,0.009831,0.6000,+0
5.1885,ascent,3.8919,49.5703,44.2090,0.0000,-6.8700,0.229243,0.032856,0.075169,0.009831,0.6000,+0
5.1896,ascent,3.8919,49.5703,44.2090,-1.3740,-8.2440,0.134823,0.032911,0.075158,0.009842,0.6000,+0
5.1908,ascent,3.8919,49.5703,44.2090,-2.7480,-8.2440,0.044796,0.032911,0.075158,0.009842,0.6000,+0
5.1919,ascent,3.8919,49.5703,44.2090,-4.1220,-8.2440,0.029922,0.032911,0.075166,0.009834,0.6000,+0
5.1933,ascent,3.8919,49.5703,44.2090,-5.4960,-9.6180,0.029307,0.032965,0.075177,0.009823,0.6000,+0
5.1941,ascent,3.8919,49.4824,44.2090,-6.8700,-9.6180,0.029493,0.032960,0.075177,0.009823,0.6000,+0
5.1952,ascent,3.8919,49.4824,44.2090,-8.2440,-9.6180,0.029508,0.032960,0.075175,0.009825,0.6000,+0
5.1963,ascent,3.8919,49.4824,44.2090,-8.2440,-9.6180,0.029508,0.032960,0.075175,0.009825,0.6000,+0
5.1974,ascent,3.8919,49.4824,44.2090,-9.6180,-9.6180,0.029522,0.032960,0.075189,0.009811,0.6000,+0
5.1985,ascent,3.8919,49.4824,44.2090,-9.6180,-9.6180,0.029522,0.032960,0.075189,0.009811,0.6000,+0
5.1996,ascent,3.8919,49.4824,44.2090,-9.6180,-9.6180,0.029522,0.032960,0.075185,0.009815,0.6000,+0
5.2007,ascent,3.8919,49.4824,44.2090,-9.6180,-9.6180,0.029522,0.032960,0.075185,0.009815,0.6000,+0
5.2018,ascent,3.8919,49.4824,44.2090,-9.6180,-8.2440,0.029522,0.032906,0.075188,0.009812,0.6000,+0
5.2030,ascent,3.8919,49.4824,44.2090,-9.6180,-8.2440,0.029522,0.032906,0.075189,0.009811,0.6000,+0
5.2040,ascent,3.8919,49.4824,44.2090,-9.6180,-8.2440,0.029522,0.032906,0.075189,0.009811,0.6000,+0
5.2051,ascent,3.8919,49.4824,44.2090,-9.6180,-8.2440,0.029522,0.032906,0.075207,0.009793,0.6000,+0
5.2063,ascent,3.8919,49.4824,44.2090,-9.6180,-8.2440,0.029522,0.032906,0.075207,0.009793,0.6000,+0
5.2074,ascent,3.8919,49.4824,44.2090,-9.6180,-6.8700,0.029522,0.032851,0.075190,0.009810,0.6000,+0
5.2085,ascent,3.8919,49.4824,44.2090,-9.6180,-6.8700,0.029522,0.032851,0.075190,0.009810,0.6000,+0
5.2096,ascent,3.8919,49.4824,44.2090,-9.6180,-6.8700,0.029522,0.032851,0.075206,0.009794,0.6000,+0
5.2106,ascent,3.8919,49.4824,44.2090,-9.6180,-6.8700,0.029522,0.032851,0.075206,0.009794,0.6000,+0
5.2118,ascent,3.8919,49.4824,44.2090,-8.2440,-5.4960,0.029508,0.032804,0.075195,0.009805,0.6000,+0
5.2129,ascent,3.8919,49.4824,44.2090,-8.2440,-5.4960,0.029508,0.032804,0.075214,0.009786,0.6000,+0
5.2140,ascent,3.8919,49.4824,44.2090,-8.2440,-4.1220,0.029508,0.033379,0.075214,0.009786,0.6000,+0
5.2151,ascent,3.8919,49.4824,44.2090,-6.8700,-4.1220,0.029493,0.033379,0.075207,0.009793,0.6000,+0
5.2163,ascent,3.8919,49.4824,44.2090,-6.8700,-4.1220,0.029493,0.033379,0.075207,0.009793,0.6000,+0
5.2174,ascent,3.8919,49.4824,44.2090,-6.8700,-4.1220,0.029493,0.033379,0.075210,0.009790,0.6000,+0
5.2185,ascent,3.8919,49.4824,44.2090,-6.8700,-2.7480,0.029493,0.048212,0.075210,0.009790,0.6000,+0
5.2196,ascent,3.8919,49.4824,44.2090,-6.8700,-2.7480,0.029493,0.048212,0.075198,0.009802,0.6000,+0
5.2208,ascent,3.8919,49.4824,44.2090,-5.4960,-1.3740,0.029486,0.138200,0.075198,0.009802,0.6000,+0
5.2218,ascent,3.8919,49.4824,44.2090,-4.1220,-1.3740,0.030101,0.138200,0.075214,0.009786,0.6000,+0
5.2229,ascent,3.8919,49.4824,44.2090,-4.1220,-1.3740,0.030101,0.138200,0.075213,0.009787,0.6000,+0
5.2240,ascent,3.8919,49.4824,44.2090,-4.1220,-1.3740,0.030101,0.138200,0.075213,0.009787,0.6000,+0
5.2251,ascent,3.8919,49.4824,44.2090,-4.1220,0.0000,0.030101,0.232579,0.075235,0.009765,0.6000,+0
5.2262,ascent,3.8919,49.3945,44.2090,-2.7480,0.0000,0.045154,0.232575,0.075235,0.009765,0.6000,+0
5.2273,ascent,3.8919,49.3945,44.2090,-2.7480,0.0000,0.045154,0.232575,0.075229,0.009771,0.6000,+0
5.2285,ascent,3.8919,49.4824,44.2090,-2.7480,0.0000,0.044975,0.232579,0.075229,0.009771,0.6000,+0
5.2296,ascent,3.8919,49.4824,44.2090,-2.7480,0.0000,0.044975,0.232579,0.075235,0.009765,0.6000,+0
5.2306,ascent,3.8919,49.4824,44.2090,-1.3740,0.0000,0.135002,0.232579,0.075235,0.009765,0.6000,+0
5.2318,ascent,3.8919,49.3945,44.2090,-1.3740,0.0000,0.135181,0.232575,0.075242,0.009758,0.6000,+0
5.2329,ascent,3.8919,49.3945,44.2090,-1.3740,0.0000,0.135181,0.232575,0.075242,0.009758,0.6000,+0
5.2340,ascent,3.8919,49.3945,44.2090,-1.3740,0.0000,0.135181,0.232575,0.075226,0.009774,0.6000,+0
5.2351,ascent,3.8919,49.3945,44.2090,-1.3740,0.0000,0.135181,0.232575,0.075246,0.009754,0.6000,+0
5.2362,ascent,3.8919,49.3945,44.2090,-1.3740,0.0000,0.135181,0.232575,0.075246,0.009754,0.6000,+0
5.2373,ascent,3.8919,49.3945,44.2969,-1.3740,1.3740,0.135186,0.137400,0.075257,0.009743,0.6000,+0
5.2385,ascent,3.8919,49.3945,44.2969,-1.3740,1.3740,0.135186,0.137400,0.075257,0.009743,0.6000,+0
5.2396,ascent,3.8919,49.3945,44.3848,-1.3740,2.7480,0.135191,0.046616,0.075245,0.009755,0.6000,+0
5.2406,ascent,3.8919,49.3945,44.4727,-1.3740,2.7480,0.135196,0.045930,0.075245,0.009755,0.6000,+0
5.2418,ascent,3.8919,49.3945,44.4727,-1.3740,4.1220,0.135196,0.030987,0.075270,0.009730,0.6000,+0
5.2429,ascent,3.8919,49.4824,44.5605,-1.3740,5.4960,0.135021,0.029622,0.075270,0.009730,0.6000,+0
5.2440,ascent,3.8919,49.4824,44.5605,-1.3740,6.8700,0.135021,0.029560,0.075256,0.009744,0.6000,+0
5.2451,ascent,3.8919,49.4824,44.6484,-1.3740,8.2440,0.135026,0.028819,0.075284,0.009716,0.6000,+0
5.2463,ascent,3.8919,49.4824,44.8242,0.0000,10.9920,0.229455,0.027336,0.075284,0.009716,0.6000,+0
5.2474,ascent,3.8919,49.4824,44.9121,0.0000,12.3660,0.229459,0.026595,0.075265,0.009735,0.6000,+0
5.2485,ascent,3.8919,49.5703,45.0000,0.0000,13.7400,0.229285,0.025859,0.075265,0.009735,0.6000,+0
5.2496,ascent,3.8919,49.5703,45.0000,1.3740,16.4880,0.134837,0.025750,0.075276,0.009724,0.6000,+0
5.2507,ascent,3.8919,49.5703,45.1758,1.3740,17.8620,0.134847,0.024322,0.075276,0.009724,0.6000,+0
5.2518,ascent,3.8919,49.6582,45.2637,2.7480,21.9840,0.044616,0.023477,0.075284,0.009716,0.6000,+0
5.2529,ascent,3.8919,49.7461,45.4395,4.1220,23.3580,0.029544,0.022054,0.075284,0.009716,0.6000,+0
5.2540,ascent,3.8885,49.7461,45.4395,4.1220,26.1060,0.029544,0.021945,0.075297,0.009703,0.6000,+0
5.2551,ascent,3.8885,49.8340,45.5273,5.4960,27.4800,0.028727,0.021208,0.075302,0.009698,0.6000,+0
5.2562,ascent,3.8885,49.8340,45.5273,6.8700,28.8540,0.028705,0.021154,0.075302,0.009698,0.6000,+0
5.2574,ascent,3.8885,49.9219,45.6152,6.8700,31.6020,0.028531,0.020363,0.075288,0.009712,0.6000,+0
5.2585,ascent,3.8885,50.0098,45.6152,9.6180,32.9760,0.028323,0.020313,0.075288,0.009712,0.6000,+0
5.2596,ascent,3.8885,50.0977,45.7031,10.9920,34.3500,0.028135,0.019577,0.075302,0.009698,0.6000,+0
5.2607,ascent,3.8885,50.1855,45.7031,12.3660,35.7240,0.027942,0.019527,0.075302,0.009698,0.6000,+0
5.2618,ascent,3.8885,50.2734,45.7910,16.4880,38.4720,0.027724,0.018737,0.075303,0.009697,0.6000,+0
5.2629,ascent,3.8885,50.3613,45.7910,17.8620,39.8460,0.027531,0.018687,0.075303,0.009697,0.6000,+0
5.2640,ascent,3.8885,50.4492,45.7910,20.6100,41.2200,0.027324,0.018637,0.075323,0.009677,0.6000,+0
5.2651,ascent,3.8885,50.5371,45.7910,21.9840,42.5940,0.027130,0.018588,0.075315,0.009685,0.6000,+0
5.2663,ascent,3.8885,50.6250,45.7910,24.7320,42.5940,0.026923,0.018592,0.075315,0.009685,0.6000,+0
5.2674,ascent,3.8885,50.7129,45.7910,27.4800,43.9680,0.026715,0.018543,0.075311,0.009689,0.6000,+0
5.2685,ascent,3.8885,50.7129,45.7910,30.2280,43.9680,0.026687,0.018543,0.075311,0.009689,0.6000,+0
5.2696,ascent,3.8885,50.8008,45.7910,31.6020,43.9680,0.026493,0.018548,0.075310,0.009690,0.6000,+0
5.2708,ascent,3.8885,50.8887,45.7031,35.7240,43.9680,0.026267,0.019239,0.075310,0.009690,0.6000,+0
5.2718,ascent,3.8885,50.9766,45.7031,38.4720,42.5940,0.026059,0.019298,0.075334,0.009666,0.6000,+0
5.2729,ascent,3.8885,51.0645,45.7031,39.8460,41.2200,0.025866,0.019357,0.075334,0.009666,0.6000,+0
5.2740,ascent,3.8885,51.0645,45.7031,42.5940,39.8460,0.025837,0.019412,0.075328,0.009672,0.6000,+0
5.2751,ascent,3.8885,51.1523,45.7031,43.9680,39.8460,0.025644,0.019417,0.075328,0.009672,0.6000,+0
5.2763,ascent,3.8885,51.2402,45.6152,45.3420,37.0980,0.025446,0.020217,0.075328,0.009672,0.6000,+0
5.2774,ascent,3.8885,51.2402,45.6152,46.7160,35.7240,0.025432,0.020271,0.075341,0.009659,0.6000,+0
5.2785,ascent,3.8885,51.3281,45.6152,48.0900,34.3500,0.025239,0.020330,0.075341,0.009659,0.6000,+0
5.2796,ascent,3.8885,51.3281,45.6152,49.4640,31.6020,0.025224,0.020439,0.075346,0.009654,0.6000,+0
5.2808,ascent,3.8885,51.4160,45.5273,52.2120,27.4800,0.025012,0.021294,0.075346,0.009654,0.6000,+0
5.2818,ascent,3.8885,51.4160,45.5273,53.5860,24.7320,0.024998,0.021403,0.075357,0.009643,0.6000,+0
5.2829,ascent,3.8885,51.4160,45.4395,53.5860,21.9840,0.024993,0.022198,0.075366,0.009634,0.6000,+0
5.2840,ascent,3.8885,51.5039,45.4395,53.5860,19.2360,0.024814,0.022312,0.075366,0.009634,0.6000,+0
5.2851,ascent,3.8885,51.5039,45.4395,54.9600,16.4880,0.024800,0.022421,0.075357,0.009643,0.6000,+0
5.2862,ascent,3.8885,51.5039,45.4395,54.9600,13.7400,0.024800,0.022530,0.075357,0.009643,0.6000,+0
5.2874,ascent,3.8885,51.5039,45.3516,54.9600,10.9920,0.024795,0.023325,0.075374,0.009626,0.6000,+0
5.2885,ascent,3.8885,51.5039,45.2637,53.5860,8.2440,0.024805,0.024121,0.075374,0.009626,0.6000,+0
5.2896,ascent,3.8885,51.5039,45.2637,53.5860,5.4960,0.024805,0.024237,0.075381,0.009619,0.6000,+0
5.2906,ascent,3.8885,51.5918,45.1758,53.5860,2.7480,0.024621,0.040554,0.075381,0.009619,0.6000,+0
5.2918,ascent,3.8885,51.5918,45.1758,50.8380,-2.7480,0.024650,0.040772,0.075377,0.009623,0.6000,+0
5.2929,ascent,3.8885,51.5918,45.0000,49.4640,-5.4960,0.024654,0.026737,0.075377,0.009623,0.6000,+0
5.2940,ascent,3.8885,51.5918,45.0000,49.4640,-8.2440,0.024654,0.026839,0.075387,0.009613,0.6000,+0
5.2952,ascent,3.8885,51.5918,44.9121,48.0900,-10.9920,0.024664,0.027634,0.075389,0.009611,0.6000,+0
5.2963,ascent,3.8885,51.5918,44.8242,45.3420,-12.3660,0.024688,0.028375,0.075389,0.009611,0.6000,+0
5.2974,ascent,3.8885,51.5918,44.8242,43.9680,-15.1140,0.024702,0.028484,0.075390,0.009610,0.6000,+0
5.2985,ascent,3.8885,51.5918,44.8242,42.5940,-16.4880,0.024716,0.028539,0.075390,0.009610,0.6000,+0
5.2996,ascent,3.8885,51.5918,44.7363,39.8460,-19.2360,0.024740,0.029334,0.075411,0.009589,0.6000,+0
5.3008,ascent,3.8885,51.5039,44.6484,35.7240,-23.3580,0.024957,0.030179,0.075411,0.009589,0.6000,+0
5.3018,ascent,3.8885,51.5039,44.5605,34.3500,-23.3580,0.024967,0.030866,0.075397,0.009603,0.6000,+0
5.3029,ascent,3.8885,51.5039,44.5605,31.6020,-26.1060,0.024996,0.030975,0.075406,0.009594,0.6000,+0
5.3040,ascent,3.8885,51.5039,44.4727,30.2280,-27.4800,0.025005,0.031716,0.075406,0.009594,0.6000,+0
5.3051,ascent,3.8885,51.5039,44.4727,27.4800,-28.8540,0.025034,0.031770,0.075419,0.009581,0.6000,+0
5.3063,ascent,3.8885,51.5039,44.3848,26.1060,-30.2280,0.025043,0.032512,0.075419,0.009581,0.6000,+0
5.3074,ascent,3.8885,51.5039,44.3848,23.3580,-31.6020,0.025072,0.032566,0.075424,0.009576,0.6000,+0
5.3085,ascent,3.8885,51.4160,44.2969,20.6100,-32.9760,0.025275,0.033302,0.075424,0.009576,0.6000,+0
5.3096,ascent,3.8885,51.4160,44.2090,19.2360,-34.3500,0.025284,0.034044,0.075438,0.009562,0.6000,+0
5.3107,ascent,3.8885,51.4160,44.2090,16.4880,-35.7240,0.025313,0.034098,0.075438,0.009562,0.6000,+0
5.3118,ascent,3.8885,51.4160,44.1211,13.7400,-37.0980,0.025337,0.034839,0.075450,0.009550,0.6000,+0
5.3129,ascent,3.8885,51.4160,44.0332,10.9920,-38.4720,0.025361,0.035580,0.075447,0.009553,0.6000,+0
5.3140,ascent,3.8885,51.3281,44.0332,9.6180,-38.4720,0.025554,0.035576,0.075447,0.009553,0.6000,+0
5.3151,ascent,3.8885,51.3281,43.9453,8.2440,-38.4720,0.025564,0.036262,0.075450,0.009550,0.6000,+0
5.3162,ascent,3.8885,51.3281,43.8574,5.4960,-39.8460,0.025595,0.037004,0.075450,0.009550,0.6000,+0
5.3174,ascent,3.8885,51.3281,43.8574,4.1220,-41.2200,0.026238,0.037058,0.075454,0.009546,0.6000,+0
5.3185,ascent,3.8885,51.3281,43.7695,2.7480,-42.5940,0.041136,0.037799,0.075454,0.009546,0.6000,+0
5.3196,ascent,3.8885,51.2402,43.7695,1.3740,-42.5940,0.131371,0.037794,0.075465,0.009535,0.6000,+0
5.3208,ascent,3.8885,51.2402,43.5059,-1.3740,-43.9680,0.131385,0.039909,0.075465,0.009535,0.6000,+0
5.3218,ascent,3.8885,51.2402,43.5059,-2.7480,-45.3420,0.041358,0.039964,0.075479,0.009521,0.6000,+0
5.3229,ascent,3.8885,51.1523,43.4180,-4.1220,-45.3420,0.026658,0.040646,0.075479,0.009521,0.6000,+0
5.3240,ascent,3.8885,51.1523,43.4180,-5.4960,-45.3420,0.026043,0.040646,0.075484,0.009516,0.6000,+0
5.3251,ascent,3.8885,51.1523,43.3301,-6.8700,-46.7160,0.026046,0.041387,0.075475,0.009525,0.6000,+0
5.3263,ascent,3.8885,51.1523,43.3301,-6.8700,-46.7160,0.026046,0.041387,0.075475,0.009525,0.6000,+0
5.3274,ascent,3.8885,51.0645,43.2422,-8.2440,-46.7160,0.026234,0.042069,0.075483,0.009517,0.6000,+0
5.3285,ascent,3.8885,51.0645,43.2422,-9.6180,-46.7160,0.026249,0.042069,0.075483,0.009517,0.6000,+0
5.3296,ascent,3.8885,50.9766,43.1543,-10.9920,-48.0900,0.026437,0.042805,0.075493,0.009507,0.6000,+0
5.3308,ascent,3.8885,50.9766,43.0664,-12.3660,-48.0900,0.026447,0.043492,0.075493,0.009507,0.6000,+0
5.3318,ascent,3.8885,50.9766,43.0664,-13.7400,-48.0900,0.026461,0.043492,0.075487,0.009513,0.6000,+0
5.3329,ascent,3.8885,50.9766,42.9785,-13.7400,-48.0900,0.026456,0.044179,0.075487,0.009513,0.6000,+0
5.3340,ascent,3.8885,50.9766,42.8906,-13.7400,-48.0900,0.026452,0.044866,0.075509,0.009491,0.6000,+0
5.3351,ascent,3.8885,50.8887,42.8906,-15.1140,-48.0900,0.026645,0.044861,0.075509,0.009491,0.6000,+0
5.3363,ascent,3.8885,50.8887,42.8906,-15.1140,-48.0900,0.026645,0.044861,0.075509,0.009491,0.6000,+0
5.3374,ascent,3.8885,50.8887,42.8027,-16.4880,-48.0900,0.026655,0.045548,0.075508,0.009492,0.6000,+0
5.3385,ascent,3.8885,50.8008,42.8027,-16.4880,-48.0900,0.026834,0.045543,0.075508,0.009492,0.6000,+0
5.3396,ascent,3.8885,50.8008,42.7148,-17.8620,-48.0900,0.026843,0.046230,0.075515,0.009485,0.6000,+0
5.3408,ascent,3.8885,50.8008,42.7148,-17.8620,-46.7160,0.026843,0.046176,0.075515,0.009485,0.6000,+0
5.3418,ascent,3.8885,50.8008,42.6270,-17.8620,-46.7160,0.026839,0.046863,0.075525,0.009475,0.6000,+0
5.3429,ascent,3.8885,50.7129,42.6270,-17.8620,-46.7160,0.027018,0.046858,0.075522,0.009478,0.6000,+0
5.3440,ascent,3.8209,50.7129,42.5391,-19.2360,-46.7160,0.027027,0.047545,0.075522,0.009478,0.6000,+0
5.3451,ascent,3.8209,50.7129,42.5391,-19.2360,-45.3420,0.027027,0.047490,0.075525,0.009475,0.6000,+0
5.3462,ascent,3.8209,50.7129,42.5391,-19.2360,-45.3420,0.027027,0.047490,0.075525,0.009475,0.6000,+0
5.3474,ascent,3.8209,50.7129,42.4512,-19.2360,-45.3420,0.027023,0.048177,0.075529,0.009471,0.6000,+0
5.3485,ascent,3.8209,50.6250,42.4512,-19.2360,-43.9680,0.027202,0.048118,0.075529,0.009471,0.6000,+0
5.3496,ascent,3.8209,50.6250,42.4512,-19.2360,-43.9680,0.027202,0.048118,0.075551,0.009449,0.6000,+0
5.3507,ascent,3.8209,50.6250,42.3633,-19.2360,-43.9680,0.027197,0.048805,0.075551,0.009449,0.6000,+0
5.3518,ascent,3.8209,50.5371,42.3633,-19.2360,-42.5940,0.027376,0.048746,0.075549,0.009451,0.6000,+0
5.3529,ascent,3.8209,50.5371,42.1875,-20.6100,-41.2200,0.027381,0.050065,0.075538,0.009462,0.6000,+0
5.3540,ascent,3.8209,50.5371,42.1875,-20.6100,-41.2200,0.027381,0.050065,0.075538,0.009462,0.6000,+0
5.3552,ascent,3.8209,50.4492,42.1875,-20.6100,-39.8460,0.027560,0.050006,0.075541,0.009459,0.6000,+0
5.3563,ascent,3.8209,50.4492,42.1875,-20.6100,-38.4720,0.027560,0.049952,0.075541,0.009459,0.6000,+0
5.3574,ascent,3.8209,50.4492,42.1875,-20.6100,-38.4720,0.027560,0.049952,0.075558,0.009442,0.6000,+0
5.3585,ascent,3.8209,50.4492,42.0996,-20.6100,-38.4720,0.027555,0.050639,0.075558,0.009442,0.6000,+0
5.3596,ascent,3.8209,50.3613,42.0996,-20.6100,-37.0980,0.027734,0.050579,0.075581,0.009419,0.6000,+0
5.3608,ascent,3.8209,50.3613,42.0996,-20.6100,-35.7240,0.027734,0.050525,0.075581,0.009419,0.6000,+0
5.3618,ascent,3.8209,50.2734,42.0996,-20.6100,-34.3500,0.027913,0.050466,0.075573,0.009427,0.6000,+0
5.3629,ascent,3.8209,50.2734,42.0996,-20.6100,-32.9760,0.027913,0.050412,0.075583,0.009417,0.6000,+0
5.3640,ascent,3.8209,50.1855,42.0117,-20.6100,-32.9760,0.028088,0.051094,0.075583,0.009417,0.6000,+0
5.3652,ascent,3.8209,50.1855,42.0117,-21.9840,-31.6020,0.028102,0.051039,0.075590,0.009410,0.6000,+0
5.3663,ascent,3.8209,50.1855,42.0117,-21.9840,-30.2280,0.028102,0.050985,0.075590,0.009410,0.6000,+0
5.3674,ascent,3.8209,50.1855,42.0117,-21.9840,-30.2280,0.028102,0.050985,0.075587,0.009413,0.6000,+0
5.3685,ascent,3.8209,50.1855,42.0117,-21.9840,-28.8540,0.028102,0.050931,0.075587,0.009413,0.6000,+0
5.3696,ascent,3.8209,50.0977,42.0117,-21.9840,-27.4800,0.028281,0.050871,0.075593,0.009407,0.6000,+0
5.3707,ascent,3.8209,50.0977,42.0117,-21.9840,-27.4800,0.028281,0.050871,0.075593,0.009407,0.6000,+0
5.3718,ascent,3.8209,50.0098,42.0117,-21.9840,-24.7320,0.028460,0.050758,0.075613,0.009387,0.6000,+0
5.3729,ascent,3.8209,49.9219,42.0117,-23.3580,-23.3580,0.028653,0.050699,0.075595,0.009405,0.6000,+0
5.3740,ascent,3.8209,49.9219,42.0117,-23.3580,-21.9840,0.028653,0.050645,0.075595,0.009405,0.6000,+0
5.3751,ascent,3.8209,49.9219,42.0117,-23.3580,-21.9840,0.028653,0.050645,0.075603,0.009397,0.6000,+0
5.3762,ascent,3.8209,49.9219,42.0117,-23.3580,-20.6100,0.028653,0.050590,0.075603,0.009397,0.6000,+0
5.3774,ascent,3.8209,49.8340,42.0117,-24.7320,-19.2360,0.028847,0.050531,0.075611,0.009389,0.6000,+0
5.3785,ascent,3.8209,49.8340,42.0117,-24.7320,-17.8620,0.028847,0.050477,0.075611,0.009389,0.6000,+0
5.3796,ascent,3.8209,49.8340,42.0117,-24.7320,-16.4880,0.028847,0.050422,0.075609,0.009391,0.6000,+0
5.3808,ascent,3.8209,49.7461,42.0117,-24.7320,-15.1140,0.029026,0.050363,0.075609,0.009391,0.6000,+0
5.3818,ascent,3.8209,49.6582,42.0117,-26.1060,-13.7400,0.029219,0.050304,0.075624,0.009376,0.6000,+0
5.3829,ascent,3.8209,49.6582,42.0117,-26.1060,-13.7400,0.029219,0.050304,0.075610,0.009390,0.6000,+0
5.3840,ascent,3.8209,49.6582,42.0117,-26.1060,-12.3660,0.029219,0.050250,0.075610,0.009390,0.6000,+0
5.3851,ascent,3.8209,49.5703,42.0117,-27.4800,-10.9920,0.029412,0.050191,0.075617,0.009383,0.6000,+0
5.3863,ascent,3.8209,49.5703,42.0117,-27.4800,-9.6180,0.029412,0.050136,0.075617,0.009383,0.6000,+0
5.3874,ascent,3.8209,49.5703,42.0117,-27.4800,-8.2440,0.029412,0.050082,0.075613,0.009387,0.6000,+0
5.3885,ascent,3.8209,49.4824,42.0117,-27.4800,-8.2440,0.029591,0.050077,0.075613,0.009387,0.6000,+0
5.3896,ascent,3.8209,49.4824,42.0117,-27.4800,-8.2440,0.029591,0.050077,0.075612,0.009388,0.6000,+0
5.3908,ascent,3.8209,49.3945,42.0117,-28.8540,-6.8700,0.029785,0.050018,0.075612,0.009388,0.6000,+0
5.3918,ascent,3.8209,49.3945,42.0117,-28.8540,-5.4960,0.029785,0.049971,0.075623,0.009377,0.6000,+0
5.3929,ascent,3.8209,49.3945,42.0117,-28.8540,-5.4960,0.029785,0.049971,0.075623,0.009377,0.6000,+0
5.3940,ascent,3.8209,49.3066,42.0117,-28.8540,-4.1220,0.029964,0.050541,0.075645,0.009355,0.6000,+0
5.3951,ascent,3.8209,49.3066,42.0117,-28.8540,-4.1220,0.029964,0.050541,0.075629,0.009371,0.6000,+0
5.3963,ascent,3.8209,49.3066,42.0117,-28.8540,-4.1220,0.029964,0.050541,0.075629,0.009371,0.6000,+0
5.3974,ascent,3.8209,49.2188,42.0117,-28.8540,-2.7480,0.030143,0.065370,0.075627,0.009373,0.6000,+0
5.3985,ascent,3.8209,49.2188,42.0117,-28.8540,-2.7480,0.030143,0.065370,0.075627,0.009373,0.6000,+0
5.3996,ascent,3.8209,49.1309,42.0117,-28.8540,-1.3740,0.030322,0.155353,0.075634,0.009366,0.6000,+0
5.4007,ascent,3.8209,49.1309,42.0117,-30.2280,-1.3740,0.030336,0.155353,0.075634,0.009366,0.6000,+0
5.4018,ascent,3.8209,49.0430,42.0117,-30.2280,-1.3740,0.030515,0.155348,0.075630,0.009370,0.6000,+0
5.4029,ascent,3.8209,49.0430,42.0117,-30.2280,-1.3740,0.030515,0.155348,0.075630,0.009370,0.6000,+0
5.4040,ascent,3.8209,48.9551,42.0117,-30.2280,0.0000,0.030694,0.249723,0.075635,0.009365,0.6000,+0
5.4051,ascent,3.8209,48.9551,42.0117,-30.2280,0.0000,0.030694,0.249723,0.075635,0.009365,0.6000,+0
5.4062,ascent,3.8209,48.9551,42.0117,-30.2280,0.0000,0.030694,0.249723,0.075635,0.009365,0.6000,+0
5.4074,ascent,3.8209,48.8672,42.0117,-30.2280,0.0000,0.030873,0.249718,0.075646,0.009354,0.6000,+0
5.4085,ascent,3.8209,48.8672,42.0117,-30.2280,0.0000,0.030873,0.249718,0.075646,0.009354,0.6000,+0
5.4096,ascent,3.8209,48.8672,42.0117,-30.2280,0.0000,0.030873,0.249718,0.075641,0.009359,0.6000,+0
5.4108,ascent,3.8209,48.7793,42.0996,-31.6020,1.3740,0.031071,0.154539,0.075641,0.009359,0.6000,+0
5.4118,ascent,3.8209,48.7793,42.0996,-30.2280,1.3740,0.031057,0.154539,0.075642,0.009358,0.6000,+0
5.4129,ascent,3.8209,48.6914,42.0996,-31.6020,1.3740,0.031250,0.154534,0.075642,0.009358,0.6000,+0
5.4140,ascent,3.8209,48.6914,42.0996,-30.2280,1.3740,0.031236,0.154534,0.075657,0.009343,0.6000,+0
5.4151,ascent,3.8209,48.6914,42.1875,-30.2280,2.7480,0.031241,0.063751,0.075640,0.009360,0.6000,+0
5.4163,ascent,3.8209,48.6035,42.1875,-30.2280,2.7480,0.031420,0.063746,0.075640,0.009360,0.6000,+0
5.4174,ascent,3.8209,48.6035,42.3633,-30.2280,4.1220,0.031429,0.047429,0.075655,0.009345,0.6000,+0
5.4185,ascent,3.8209,48.5156,42.4512,-31.6020,5.4960,0.031627,0.046055,0.075655,0.009345,0.6000,+0
5.4196,ascent,3.8209,48.5156,42.4512,-31.6020,5.4960,0.031627,0.046055,0.075651,0.009349,0.6000,+0
5.4206,ascent,3.8209,48.5156,42.5391,-30.2280,6.8700,0.031617,0.045306,0.075651,0.009349,0.6000,+0
5.4218,ascent,3.8209,48.4277,42.7148,-31.6020,10.9920,0.031820,0.043764,0.075670,0.009330,0.6000,+0
5.4229,ascent,3.8209,48.3398,42.8027,-31.6020,12.3660,0.032004,0.043018,0.075670,0.009330,0.6000,+0
5.4240,ascent,3.8209,48.3398,42.8906,-31.6020,13.7400,0.032008,0.042277,0.075661,0.009339,0.6000,+0
5.4251,ascent,3.8209,48.3398,42.9785,-31.6020,16.4880,0.032013,0.041481,0.075659,0.009341,0.6000,+0
5.4263,ascent,3.8209,48.2520,43.0664,-31.6020,17.8620,0.032197,0.040735,0.075659,0.009341,0.6000,+0
5.4274,ascent,3.8209,48.2520,43.1543,-31.6020,20.6100,0.032201,0.039940,0.075671,0.009329,0.6000,+0
5.4285,ascent,3.8209,48.2520,43.2422,-31.6020,23.3580,0.032206,0.039144,0.075671,0.009329,0.6000,+0
5.4296,ascent,3.7094,48.1641,43.3301,-31.6020,24.7320,0.032390,0.038398,0.075681,0.009319,0.6000,+0
5.4307,ascent,3.7094,48.1641,43.4180,-31.6020,27.4800,0.032394,0.037602,0.075681,0.009319,0.6000,+0
5.4318,ascent,3.7094,48.0762,43.5937,-31.6020,32.9760,0.032583,0.036006,0.075669,0.009331,0.6000,+0
5.4329,ascent,3.7094,48.0762,43.5937,-31.6020,34.3500,0.032583,0.035952,0.075669,0.009331,0.6000,+0
5.4340,ascent,3.7094,47.9883,43.7695,-31.6020,37.0980,0.032771,0.034465,0.075681,0.009319,0.6000,+0
5.4351,ascent,3.7094,47.9883,43.8574,-31.6020,39.8460,0.032776,0.033669,0.075701,0.009299,0.6000,+0
5.4363,ascent,3.7094,47.9883,43.9453,-31.6020,41.2200,0.032780,0.032928,0.075701,0.009299,0.6000,+0
5.4374,ascent,3.7094,47.9004,43.9453,-31.6020,43.9680,0.032960,0.032814,0.075686,0.009314,0.6000,+0
5.4385,ascent,3.7094,47.9004,44.0332,-31.6020,45.3420,0.032964,0.032073,0.075686,0.009314,0.6000,+0
5.4396,ascent,3.7094,47.8125,44.0332,-31.6020,48.0900,0.033143,0.031959,0.075691,0.009309,0.6000,+0
5.4408,ascent,3.7094,47.8125,44.1211,-31.6020,50.8380,0.033148,0.031164,0.075691,0.009309,0.6000,+0
5.4418,ascent,3.7094,47.7246,44.2090,-31.6020,53.5860,0.033332,0.030363,0.075694,0.009306,0.6000,+0
5.4429,ascent,3.7094,47.7246,44.2090,-31.6020,54.9600,0.033332,0.030309,0.075694,0.009306,0.6000,+0
5.4440,ascent,3.7094,47.6367,44.2969,-32.9760,56.3340,0.033530,0.029563,0.075694,0.009306,0.6000,+0
5.4451,ascent,3.7094,47.6367,44.2969,-32.9760,56.3340,0.033530,0.029563,0.075700,0.009300,0.6000,+0
5.4463,ascent,3.7094,47.6367,44.2969,-32.9760,57.7080,0.033530,0.029508,0.075700,0.009300,0.6000,+0
5.4474,ascent,3.7094,47.6367,44.3848,-32.9760,59.0820,0.033534,0.028767,0.075713,0.009287,0.6000,+0
5.4485,ascent,3.7094,47.4609,44.3848,-32.9760,59.0820,0.033893,0.028758,0.075713,0.009287,0.6000,+0
5.4496,ascent,3.7094,47.4609,44.3848,-32.9760,60.4560,0.033893,0.028703,0.075728,0.009272,0.6000,+0
5.4506,ascent,3.7094,47.3730,44.3848,-32.9760,59.0820,0.034072,0.028753,0.075728,0.009272,0.6000,+0
5.4518,ascent,3.7094,47.3730,44.3848,-32.9760,59.0820,0.034072,0.028753,0.075734,0.009266,0.6000,+0
5.4529,ascent,3.7094,47.2852,44.3848,-32.9760,57.7080,0.034251,0.028803,0.075734,0.009266,0.6000,+0
5.4540,ascent,3.7094,47.2852,44.3848,-32.9760,56.3340,0.034251,0.028857,0.075711,0.009289,0.6000,+0
5.4551,ascent,3.7094,47.1973,44.3848,-32.9760,54.9600,0.034430,0.028907,0.075733,0.009267,0.6000,+0
5.4563,ascent,3.7094,47.1973,44.3848,-32.9760,53.5860,0.034430,0.028962,0.075733,0.009267,0.6000,+0
5.4574,ascent,3.7094,47.1973,44.3848,-32.9760,52.2120,0.034430,0.029016,0.075748,0.009252,0.6000,+0
5.4585,ascent,3.7094,47.1094,44.3848,-32.9760,50.8380,0.034609,0.029066,0.075748,0.009252,0.6000,+0
5.4596,ascent,3.7094,47.1094,44.3848,-32.9760,48.0900,0.034609,0.029175,0.075732,0.009268,0.6000,+0
5.4608,ascent,3.7094,47.0215,44.3848,-32.9760,43.9680,0.034788,0.029333,0.075732,0.009268,0.6000,+0
5.4618,ascent,3.7094,47.0215,44.3848,-32.9760,41.2200,0.034788,0.029442,0.075738,0.009262,0.6000,+0
5.4629,ascent,3.7094,47.0215,44.3848,-32.9760,39.8460,0.034788,0.029496,0.075738,0.009262,0.6000,+0
5.4640,ascent,3.7094,46.9336,44.2969,-32.9760,35.7240,0.034962,0.030342,0.075738,0.009262,0.6000,+0
5.4651,ascent,3.7094,46.9336,44.2969,-32.9760,34.3500,0.034962,0.030396,0.075754,0.009246,0.6000,+0
5.4663,ascent,3.7094,46.9336,44.2969,-31.6020,31.6020,0.034948,0.030505,0.075754,0.009246,0.6000,+0
5.4674,ascent,3.7094,46.9336,44.2969,-31.6020,28.8540,0.034948,0.030614,0.075744,0.009256,0.6000,+0
5.4685,ascent,3.7094,46.8457,44.2969,-31.6020,26.1060,0.035127,0.030718,0.075744,0.009256,0.6000,+0
5.4696,ascent,3.7094,46.8457,44.2969,-31.6020,24.7320,0.035127,0.030773,0.075760,0.009240,0.6000,+0
5.4706,ascent,3.7094,46.8457,44.2969,-31.6020,21.9840,0.035127,0.030881,0.075760,0.009240,0.6000,+0
5.4718,ascent,3.7094,46.7578,44.2090,-30.2280,17.8620,0.035287,0.031727,0.075755,0.009245,0.6000,+0
5.4729,ascent,3.7094,46.7578,44.2090,-30.2280,15.1140,0.035287,0.031836,0.075755,0.009245,0.6000,+0
5.4740,ascent,3.7094,46.7578,44.2090,-30.2280,13.7400,0.035287,0.031890,0.075760,0.009240,0.6000,+0
5.4751,ascent,3.7094,46.6699,44.2090,-30.2280,10.9920,0.035466,0.031994,0.075755,0.009245,0.6000,+0
5.4763,ascent,3.7094,46.6699,44.2090,-28.8540,9.6180,0.035452,0.032049,0.075755,0.009245,0.6000,+0
5.4774,ascent,3.7094,46.6699,44.2090,-28.8540,8.2440,0.035452,0.032103,0.075775,0.009225,0.6000,+0
5.4785,ascent,3.7094,46.5820,44.1211,-28.8540,5.4960,0.035627,0.032902,0.075775,0.009225,0.6000,+0
5.4796,ascent,3.7094,46.5820,44.1211,-28.8540,4.1220,0.035627,0.033585,0.075781,0.009219,0.6000,+0
5.4808,ascent,3.7094,46.4941,44.1211,-28.8540,1.3740,0.035806,0.138619,0.075781,0.009219,0.6000,+0
5.4818,ascent,3.7094,46.4941,44.1211,-28.8540,0.0000,0.035806,0.233107,0.075778,0.009222,0.6000,+0
5.4829,ascent,3.7094,46.4941,44.0332,-28.8540,-1.3740,0.035801,0.139415,0.075777,0.009223,0.6000,+0
5.4840,ascent,3.7094,46.4941,44.0332,-27.4800,-2.7480,0.035787,0.049427,0.075777,0.009223,0.6000,+0
5.4851,ascent,3.7094,46.4062,44.0332,-27.4800,-4.1220,0.035966,0.034589,0.075789,0.009211,0.6000,+0
5.4863,ascent,3.7094,46.4062,44.0332,-27.4800,-5.4960,0.035966,0.034015,0.075789,0.009211,0.6000,+0
5.4874,ascent,3.7094,46.4062,44.0332,-27.4800,-5.4960,0.035966,0.034015,0.075805,0.009195,0.6000,+0
5.4885,ascent,3.7094,46.4062,44.0332,-26.1060,-6.8700,0.035952,0.034062,0.075805,0.009195,0.6000,+0
5.4896,ascent,3.7094,46.4062,44.0332,-26.1060,-6.8700,0.035952,0.034062,0.075799,0.009201,0.6000,+0
5.4907,ascent,3.7094,46.3184,43.9453,-26.1060,-8.2440,0.036126,0.034798,0.075799,0.009201,0.6000,+0
5.4919,ascent,3.7094,46.3184,43.9453,-26.1060,-9.6180,0.036126,0.034853,0.075796,0.009204,0.6000,+0
5.4929,ascent,3.7094,46.3184,43.9453,-24.7320,-9.6180,0.036112,0.034853,0.075796,0.009204,0.6000,+0
5.4940,ascent,3.7094,46.2305,43.9453,-24.7320,-9.6180,0.036291,0.034848,0.075799,0.009201,0.6000,+0
5.4951,ascent,3.7094,46.2305,43.9453,-24.7320,-10.9920,0.036291,0.034903,0.075798,0.009202,0.6000,+0
5.4963,ascent,3.7094,46.2305,43.9453,-24.7320,-10.9920,0.036291,0.034903,0.075798,0.009202,0.6000,+0
5.4973,ascent,3.7094,46.2305,43.9453,-23.3580,-10.9920,0.036277,0.034903,0.075808,0.009192,0.6000,+0
5.4985,ascent,3.7094,46.2305,43.9453,-23.3580,-10.9920,0.036277,0.034903,0.075808,0.009192,0.6000,+0
5.4996,ascent,3.7094,46.2305,43.9453,-23.3580,-10.9920,0.036277,0.034903,0.075812,0.009188,0.6000,+0
5.5007,ascent,3.7094,46.1426,43.9453,-23.3580,-10.9920,0.036456,0.034898,0.075812,0.009188,0.6000,+0
5.5022,ascent,3.7094,46.1426,43.9453,-21.9840,-10.9920,0.036441,0.034898,0.075821,0.009179,0.6000,+0
5.5032,ascent,3.7094,46.1426,43.9453,-21.9840,-9.6180,0.036441,0.034844,0.075833,0.009167,0.6000,+0
5.5042,ascent,3.7094,46.1426,43.9453,-20.6100,-9.6180,0.036427,0.034844,0.075833,0.009167,0.6000,+0
5.5053,ascent,3.7094,46.1426,43.9453,-20.6100,-9.6180,0.036427,0.034844,0.075823,0.009177,0.6000,+0
5.5063,ascent,3.7094,46.0547,43.9453,-20.6100,-9.6180,0.036606,0.034839,0.075823,0.009177,0.6000,+0
5.5076,ascent,3.7094,46.0547,43.9453,-20.6100,-8.2440,0.036606,0.034785,0.075833,0.009167,0.6000,+0
5.5085,ascent,3.7094,46.0547,43.9453,-20.6100,-8.2440,0.036606,0.034785,0.075833,0.009167,0.6000,+0
5.5096,ascent,3.7094,46.0547,43.9453,-20.6100,-8.2440,0.036606,0.034785,0.075845,0.009155,0.6000,+0
5.5107,ascent,3.7094,46.0547,43.9453,-19.2360,-8.2440,0.036592,0.034785,0.075845,0.009155,0.6000,+0
5.5122,ascent,3.7094,45.9668,43.9453,-19.2360,-6.8700,0.036771,0.034726,0.075847,0.009153,0.6000,+0
5.5132,ascent,3.7094,45.9668,43.9453,-17.8620,-6.8700,0.036757,0.034726,0.075843,0.009157,0.6000,+0
5.5142,ascent,3.7094,45.9668,43.9453,-17.8620,-6.8700,0.036757,0.034726,0.075843,0.009157,0.6000,+0
5.5153,ascent,3.7094,45.9668,43.9453,-17.8620,-5.4960,0.036757,0.034678,0.075846,0.009154,0.6000,+0
5.5163,ascent,3.7094,45.9668,43.9453,-17.8620,-5.4960,0.036757,0.034678,0.075846,0.009154,0.6000,+0
5.5176,ascent,3.7094,45.9668,43.9453,-16.4880,-4.1220,0.036743,0.035253,0.075863,0.009137,0.6000,+0
5.5185,ascent,3.7094,45.9668,43.9453,-16.4880,-4.1220,0.036743,0.035253,0.075863,0.009137,0.6000,+0
5.5196,ascent,3.5410,45.9668,43.9453,-15.1140,-4.1220,0.036728,0.035253,0.075859,0.009141,0.6000,+0
5.5207,ascent,3.5410,45.9668,43.9453,-15.1140,-4.1220,0.036728,0.035253,0.075859,0.009141,0.6000,+0
5.5222,ascent,3.5410,45.8789,43.9453,-15.1140,-2.7480,0.036907,0.050082,0.075851,0.009149,0.6000,+0
5.5232,ascent,3.5410,45.8789,43.9453,-15.1140,-2.7480,0.036907,0.050082,0.075885,0.009115,0.6000,+0
5.5240,ascent,3.5410,45.8789,43.9453,-15.1140,-1.3740,0.036907,0.140070,0.075885,0.009115,0.6000,+0
5.5254,ascent,3.5410,45.8789,43.9453,-13.7400,-1.3740,0.036893,0.140070,0.075872,0.009128,0.6000,+0
5.5263,ascent,3.5410,45.8789,43.9453,-13.7400,-1.3740,0.036893,0.140070,0.075872,0.009128,0.6000,+0
5.5276,ascent,3.5410,45.8789,43.9453,-13.7400,-1.3740,0.036893,0.140070,0.075869,0.009131,0.6000,+0
5.5285,ascent,3.5410,45.8789,43.9453,-12.3660,0.0000,0.036879,0.234449,0.075869,0.009131,0.6000,+0
5.5296,ascent,3.5410,45.8789,43.9453,-12.3660,0.0000,0.036879,0.234449,0.075879,0.009121,0.6000,+0
5.5307,ascent,3.5410,45.8789,43.9453,-12.3660,0.0000,0.036879,0.234449,0.075879,0.009121,0.6000,+0
5.5322,ascent,3.5410,45.8789,43.9453,-10.9920,0.0000,0.036864,0.234449,0.075883,0.009117,0.6000,+0
5.5332,ascent,3.5410,45.8789,43.9453,-10.9920,0.0000,0.036864,0.234449,0.075891,0.009109,0.6000,+0
5.5342,ascent,3.5410,45.8789,43.9453,-9.6180,0.0000,0.036850,0.234449,0.075891,0.009109,0.6000,+0
5.5353,ascent,3.5410,45.8789,43.9453,-9.6180,0.0000,0.036850,0.234449,0.075887,0.009113,0.6000,+0
5.5363,ascent,3.5410,45.8789,44.0332,-9.6180,1.3740,0.036855,0.139274,0.075887,0.009113,0.6000,+0
5.5376,ascent,3.5410,45.8789,43.9453,-9.6180,1.3740,0.036850,0.139961,0.075886,0.009114,0.6000,+0
5.5385,ascent,3.5410,45.7910,44.0332,-9.6180,1.3740,0.037034,0.139269,0.075886,0.009114,0.6000,+0
5.5396,ascent,3.5410,45.7910,44.0332,-8.2440,1.3740,0.037020,0.139269,0.075894,0.009106,0.6000,+0
5.5407,ascent,3.5410,45.8789,44.0332,-8.2440,1.3740,0.036840,0.139274,0.075894,0.009106,0.6000,+0
5.5422,ascent,3.5410,45.8789,44.0332,-6.8700,2.7480,0.036826,0.049177,0.075905,0.009095,0.6000,+0
5.5432,ascent,3.5410,45.8789,44.1211,-6.8700,2.7480,0.036831,0.048490,0.075906,0.009094,0.6000,+0
5.5442,ascent,3.5410,45.8789,44.1211,-6.8700,2.7480,0.036831,0.048490,0.075906,0.009094,0.6000,+0
5.5453,ascent,3.5410,45.7910,44.2090,-5.4960,4.1220,0.037007,0.032856,0.075918,0.009082,0.6000,+0
5.5463,ascent,3.5410,45.7910,44.2090,-5.4960,5.4960,0.037007,0.032173,0.075918,0.009082,0.6000,+0
5.5476,ascent,3.5410,45.8789,44.2969,-5.4960,5.4960,0.036833,0.031491,0.075922,0.009078,0.6000,+0
5.5485,ascent,3.5410,45.8789,44.2969,-4.1220,6.8700,0.037447,0.031429,0.075922,0.009078,0.6000,+0
5.5496,ascent,3.5410,45.8789,44.3848,-4.1220,8.2440,0.037452,0.030688,0.075917,0.009083,0.6000,+0
5.5507,ascent,3.5410,45.8789,44.3848,-4.1220,8.2440,0.037452,0.030688,0.075917,0.009083,0.6000,+0
5.5523,ascent,3.5410,45.8789,44.5605,-4.1220,10.9920,0.037461,0.029205,0.075927,0.009073,0.6000,+0
5.5530,ascent,3.5410,45.8789,44.5605,-2.7480,12.3660,0.052335,0.029151,0.075935,0.009065,0.6000,+0
5.5543,ascent,3.5410,45.7910,44.5605,-2.7480,13.7400,0.052514,0.029092,0.075935,0.009065,0.6000,+0
5.5551,ascent,3.5410,45.7910,44.6484,-2.7480,15.1140,0.052519,0.028350,0.075932,0.009068,0.6000,+0
5.5565,ascent,3.5410,45.8789,44.6484,-2.7480,16.4880,0.052340,0.028301,0.075932,0.009068,0.6000,+0
5.5574,ascent,3.5410,45.8789,44.7363,-1.3740,17.8620,0.142372,0.027559,0.075939,0.009061,0.6000,+0
5.5585,ascent,3.5410,45.8789,44.7363,-1.3740,19.2360,0.142372,0.027505,0.075939,0.009061,0.6000,+0
5.5596,ascent,3.5410,45.7910,44.8242,-1.3740,20.6100,0.142556,0.026759,0.075951,0.009049,0.6000,+0
5.5607,ascent,3.5410,45.7910,44.8242,-1.3740,20.6100,0.142556,0.026759,0.075951,0.009049,0.6000,+0
5.5623,ascent,3.5410,45.8789,44.8242,-1.3740,23.3580,0.142377,0.026655,0.075949,0.009051,0.6000,+0
5.5630,ascent,3.5410,45.7910,44.8242,-1.3740,23.3580,0.142556,0.026650,0.075950,0.009050,0.6000,+0
5.5643,ascent,3.5410,45.7910,44.8242,-1.3740,24.7320,0.142556,0.026596,0.075950,0.009050,0.6000,+0
5.5652,ascent,3.5410,45.7910,44.8242,-1.3740,24.7320,0.142556,0.026596,0.075947,0.009053,0.6000,+0
5.5665,ascent,3.5410,45.7910,44.8242,-1.3740,26.1060,0.142556,0.026541,0.075947,0.009053,0.6000,+0
5.5674,ascent,3.5410,45.8789,44.8242,-1.3740,26.1060,0.142377,0.026546,0.075961,0.009039,0.6000,+0
5.5685,ascent,3.5410,45.8789,44.8242,-1.3740,26.1060,0.142377,0.026546,0.075961,0.009039,0.6000,+0
5.5696,ascent,3.5410,45.8789,44.8242,0.0000,26.1060,0.236796,0.026546,0.075960,0.009040,0.6000,+0
5.5707,ascent,3.5410,45.8789,44.8242,0.0000,26.1060,0.236796,0.026546,0.075960,0.009040,0.6000,+0
5.5723,ascent,3.5410,45.8789,44.8242,0.0000,26.1060,0.236796,0.026546,0.075959,0.009041,0.6000,+0
5.5730,ascent,3.5410,45.9668,44.8242,1.3740,26.1060,0.142169,0.026550,0.075963,0.009037,0.6000,+0
5.5743,ascent,3.5410,45.9668,44.8242,1.3740,26.1060,0.142169,0.026550,0.075963,0.009037,0.6000,+0
5.5751,ascent,3.5410,45.9668,44.8242,1.3740,24.7320,0.142169,0.026605,0.075972,0.009028,0.6000,+0
5.5765,ascent,3.5410,46.0547,44.7363,2.7480,24.7320,0.051929,0.027296,0.075972,0.009028,0.6000,+0
5.5774,ascent,3.5410,46.0547,44.7363,2.7480,23.3580,0.051929,0.027351,0.075983,0.009017,0.6000,+0
5.5785,ascent,3.5410,46.1426,44.7363,4.1220,21.9840,0.036847,0.027410,0.075983,0.009017,0.6000,+0
5.5796,ascent,3.5410,46.1426,44.7363,5.4960,21.9840,0.036204,0.027410,0.075988,0.009012,0.6000,+0
5.5807,ascent,3.5410,46.2305,44.6484,5.4960,20.6100,0.036020,0.028156,0.075988,0.009012,0.6000,+0
5.5823,ascent,3.5410,46.4062,44.6484,8.2440,16.4880,0.035626,0.028328,0.075995,0.009005,0.6000,+0
5.5830,ascent,3.5410,46.4062,44.6484,10.9920,15.1140,0.035598,0.028383,0.075989,0.009011,0.6000,+0
5.5841,ascent,3.5410,46.4941,44.6484,12.3660,13.7400,0.035404,0.028442,0.075989,0.009011,0.6000,+0
5.5854,ascent,3.5410,46.5820,44.5605,13.7400,12.3660,0.035206,0.029188,0.075996,0.009004,0.6000,+0
5.5863,ascent,3.5410,46.6699,44.5605,15.1140,9.6180,0.035013,0.029301,0.075996,0.009004,0.6000,+0
5.5876,ascent,3.5410,46.7578,44.5605,17.8620,8.2440,0.034805,0.029360,0.076003,0.008997,0.6000,+0
5.5885,ascent,3.5410,46.8457,44.5605,19.2360,6.8700,0.034612,0.029420,0.076003,0.008997,0.6000,+0
5.5896,ascent,3.5410,46.8457,44.5605,19.2360,6.8700,0.034612,0.029420,0.076011,0.008989,0.6000,+0
5.5907,ascent,3.5410,46.9336,44.5605,21.9840,4.1220,0.034404,0.030169,0.076011,0.008989,0.6000,+0
5.5920,ascent,3.5410,47.1973,44.4727,28.8540,0.0000,0.033790,0.230397,0.076013,0.008987,0.6000,+0
5.5930,ascent,3.5410,47.2852,44.4727,31.6020,-1.3740,0.033583,0.136023,0.076035,0.008965,0.6000,+0
5.5942,ascent,3.5410,47.3730,44.3848,34.3500,-2.7480,0.033370,0.046726,0.076035,0.008965,0.6000,+0
5.5953,ascent,3.5410,47.4609,44.3848,37.0980,-4.1220,0.033163,0.031897,0.076022,0.008978,0.6000,+0
5.5963,ascent,3.5410,47.6367,44.3848,39.8460,-5.4960,0.032776,0.031332,0.076022,0.008978,0.6000,+0
5.5976,ascent,3.5410,47.7246,44.3848,42.5940,-6.8700,0.032568,0.031384,0.076021,0.008979,0.6000,+0
5.5985,ascent,3.5410,47.8125,44.2969,45.3420,-8.2440,0.032356,0.032130,0.076021,0.008979,0.6000,+0
5.5996,ascent,3.5410,47.9004,44.2969,46.7160,-9.6180,0.032162,0.032189,0.076025,0.008975,0.6000,+0
5.6007,ascent,3.5410,47.9883,44.2969,49.4640,-9.6180,0.031955,0.032194,0.076025,0.008975,0.6000,+0
5.6020,ascent,3.5410,48.1641,44.2090,54.9600,-12.3660,0.031535,0.032999,0.076024,0.008976,0.6000,+0
5.6030,ascent,3.5410,48.2520,44.2090,57.7080,-13.7400,0.031327,0.033058,0.076036,0.008964,0.6000,+0
5.6040,ascent,3.5410,48.2520,44.2090,59.0820,-13.7400,0.031313,0.033058,0.076036,0.008964,0.6000,+0
5.6053,ascent,3.5410,48.3398,44.2090,61.8300,-15.1140,0.031105,0.033117,0.076052,0.008948,0.6000,+0
5.6063,ascent,3.5410,48.4277,44.2090,63.2040,-15.1140,0.030912,0.033122,0.076052,0.008948,0.6000,+0
5.6076,ascent,3.5410,48.4277,44.1211,64.5780,-16.4880,0.030893,0.033863,0.076051,0.008949,0.6000,+0
5.6085,ascent,3.5410,48.5156,44.1211,65.9520,-16.4880,0.030699,0.033868,0.076051,0.008949,0.6000,+0
5.6096,ascent,3.3129,48.6035,44.1211,68.7000,-16.4880,0.030492,0.033872,0.076057,0.008943,0.6000,+0
5.6107,ascent,3.3129,48.6035,44.1211,68.7000,-16.4880,0.030492,0.033872,0.076057,0.008943,0.6000,+0
5.6120,ascent,3.3129,48.7793,44.1211,71.4480,-16.4880,0.030105,0.033882,0.076048,0.008952,0.6000,+0
5.6130,ascent,3.3129,48.7793,44.1211,71.4480,-16.4880,0.030105,0.033882,0.076056,0.008944,0.6000,+0
5.6140,ascent,3.3129,48.7793,44.1211,71.4480,-16.4880,0.030105,0.033882,0.076056,0.008944,0.6000,+0
5.6153,ascent,3.3129,48.8672,44.1211,72.8220,-16.4880,0.029912,0.033886,0.076078,0.008922,0.6000,+0
5.6163,ascent,3.3129,48.9551,44.1211,72.8220,-16.4880,0.029733,0.033891,0.076078,0.008922,0.6000,+0
5.6174,ascent,3.3129,48.9551,44.1211,72.8220,-16.4880,0.029733,0.033891,0.076074,0.008926,0.6000,+0
5.6185,ascent,3.3129,49.0430,44.1211,72.8220,-15.1140,0.029554,0.033841,0.076074,0.008926,0.6000,+0
5.6196,ascent,3.3129,49.0430,44.1211,72.8220,-15.1140,0.029554,0.033841,0.076083,0.008917,0.6000,+0
5.6207,ascent,3.3129,49.0430,44.0332,71.4480,-15.1140,0.029563,0.034528,0.076083,0.008917,0.6000,+0
5.6222,ascent,3.3129,49.1309,44.0332,70.0740,-15.1140,0.029399,0.034533,0.076088,0.008912,0.6000,+0
5.6230,ascent,3.3129,49.1309,44.0332,68.7000,-15.1140,0.029413,0.034533,0.076084,0.008916,0.6000,+0
5.6241,ascent,3.3129,49.2188,44.0332,67.3260,-15.1140,0.029248,0.034537,0.076084,0.008916,0.6000,+0
5.6253,ascent,3.3129,49.2188,44.0332,65.9520,-15.1140,0.029263,0.034537,0.076093,0.008907,0.6000,+0
5.6263,ascent,3.3129,49.2188,44.0332,64.5780,-13.7400,0.029277,0.034483,0.076093,0.008907,0.6000,+0
5.6276,ascent,3.3129,49.2188,44.0332,63.2040,-13.7400,0.029291,0.034483,0.076099,0.008901,0.6000,+0
5.6285,ascent,3.3129,49.3066,44.0332,61.8300,-12.3660,0.029126,0.034433,0.076099,0.008901,0.6000,+0
5.6296,ascent,3.3129,49.3066,44.0332,59.0820,-12.3660,0.029155,0.034433,0.076099,0.008901,0.6000,+0
5.6307,ascent,3.3129,49.3066,44.0332,57.7080,-12.3660,0.029169,0.034433,0.076099,0.008901,0.6000,+0
5.6320,ascent,3.3129,49.3066,44.0332,53.5860,-10.9920,0.029212,0.034379,0.076093,0.008907,0.6000,+0
5.6331,ascent,3.3129,49.3066,44.0332,52.2120,-9.6180,0.029227,0.034324,0.076099,0.008901,0.6000,+0
5.6340,ascent,3.3129,49.3066,44.0332,49.4640,-9.6180,0.029255,0.034324,0.076099,0.008901,0.6000,+0
5.6353,ascent,3.3129,49.3066,44.0332,46.7160,-8.2440,0.029284,0.034270,0.076106,0.008894,0.6000,+0
5.6363,ascent,3.3129,49.3066,44.0332,45.3420,-8.2440,0.029298,0.034270,0.076106,0.008894,0.6000,+0
5.6376,ascent,3.3129,49.3066,44.0332,42.5940,-6.8700,0.029327,0.034216,0.076127,0.008873,0.6000,+0
5.6385,ascent,3.3129,49.3066,44.0332,41.2200,-6.8700,0.029341,0.034216,0.076127,0.008873,0.6000,+0
5.6396,ascent,3.3129,49.3066,44.0332,38.4720,-6.8700,0.029370,0.034216,0.076117,0.008883,0.6000,+0
5.6407,ascent,3.3129,49.3066,44.0332,37.0980,-5.4960,0.029384,0.034168,0.076117,0.008883,0.6000,+0
5.6422,ascent,3.3129,49.3066,44.0332,32.9760,-4.1220,0.029427,0.034743,0.076133,0.008867,0.6000,+0
5.6432,ascent,3.3129,49.3066,44.0332,31.6020,-4.1220,0.029441,0.034743,0.076142,0.008858,0.6000,+0
5.6440,ascent,3.3129,49.3066,44.0332,28.8540,-4.1220,0.029470,0.034743,0.076142,0.008858,0.6000,+0
5.6453,ascent,3.3129,49.3066,44.0332,27.4800,-4.1220,0.029484,0.034743,0.076136,0.008864,0.6000,+0
5.6463,ascent,3.3129,49.3066,44.0332,26.1060,-4.1220,0.029499,0.034743,0.076136,0.008864,0.6000,+0
5.6476,ascent,3.3129,49.2188,44.0332,23.3580,-2.7480,0.029706,0.049572,0.076137,0.008863,0.6000,+0
5.6485,ascent,3.3129,49.2188,44.0332,21.9840,-2.7480,0.029720,0.049572,0.076137,0.008863,0.6000,+0
5.6496,ascent,3.3129,49.2188,44.0332,19.2360,-2.7480,0.029749,0.049572,0.076136,0.008864,0.6000,+0
5.6507,ascent,3.3129,49.2188,44.0332,17.8620,-2.7480,0.029763,0.049572,0.076136,0.008864,0.6000,+0
5.6520,ascent,3.3129,49.2188,44.0332,15.1140,-2.7480,0.029792,0.049572,0.076149,0.008851,0.6000,+0
5.6531,ascent,3.3129,49.2188,44.0332,13.7400,-1.3740,0.029806,0.139560,0.076152,0.008848,0.6000,+0
5.6540,ascent,3.3129,49.2188,44.0332,12.3660,-1.3740,0.029821,0.139560,0.076152,0.008848,0.6000,+0
5.6553,ascent,3.3129,49.2188,44.0332,10.9920,-1.3740,0.029835,0.139560,0.076140,0.008860,0.6000,+0
5.6563,ascent,3.3129,49.1309,44.0332,8.2440,-1.3740,0.030043,0.139555,0.076140,0.008860,0.6000,+0
5.6574,ascent,3.3129,49.1309,44.0332,6.8700,0.0000,0.030057,0.233934,0.076151,0.008849,0.6000,+0
5.6585,ascent,3.3129,49.1309,44.0332,5.4960,0.0000,0.030078,0.233934,0.076151,0.008849,0.6000,+0
5.6596,ascent,3.3129,49.1309,44.0332,4.1220,0.0000,0.030722,0.233934,0.076159,0.008841,0.6000,+0
5.6607,ascent,3.3129,49.1309,44.0332,2.7480,0.0000,0.045624,0.233934,0.076159,0.008841,0.6000,+0
5.6620,ascent,3.3129,49.1309,44.0332,1.3740,0.0000,0.135680,0.233934,0.076167,0.008833,0.6000,+0
5.6630,ascent,3.3129,49.1309,44.0332,0.0000,0.0000,0.230128,0.233934,0.076156,0.008844,0.6000,+0
5.6641,ascent,3.3129,49.1309,44.0332,0.0000,0.0000,0.230128,0.233934,0.076156,0.008844,0.6000,+0
5.6653,ascent,3.3129,49.1309,44.0332,-1.3740,0.0000,0.135709,0.233934,0.076177,0.008823,0.6000,+0
5.6663,ascent,3.3129,49.0430,44.0332,-1.3740,0.0000,0.135888,0.233929,0.076177,0.008823,0.6000,+0
5.6674,ascent,3.3129,49.0430,44.0332,-2.7480,0.0000,0.045860,0.233929,0.076190,0.008810,0.6000,+0
5.6685,ascent,3.3129,49.0430,44.0332,-4.1220,0.0000,0.030986,0.233929,0.076190,0.008810,0.6000,+0
5.6696,ascent,3.3129,49.0430,44.0332,-4.1220,0.0000,0.030986,0.233929,0.076174,0.008826,0.6000,+0
5.6707,ascent,3.3129,49.0430,44.1211,-4.1220,1.3740,0.030991,0.138755,0.076174,0.008826,0.6000,+0
5.6720,ascent,3.3129,49.0430,44.2090,-5.4960,1.3740,0.030381,0.138068,0.076178,0.008822,0.6000,+0
5.6731,ascent,3.3129,49.0430,44.2090,-5.4960,2.7480,0.030381,0.047971,0.076185,0.008815,0.6000,+0
5.6740,ascent,3.3129,49.0430,44.2969,-5.4960,4.1220,0.030386,0.032342,0.076185,0.008815,0.6000,+0
5.6753,ascent,3.3129,49.0430,44.3848,-6.8700,4.1220,0.030398,0.031655,0.076201,0.008799,0.6000,+0
5.6763,ascent,3.3129,49.0430,44.4727,-6.8700,5.4960,0.030402,0.030285,0.076201,0.008799,0.6000,+0
5.6776,ascent,3.3129,49.0430,44.5605,-6.8700,8.2440,0.030407,0.029482,0.076202,0.008798,0.6000,+0
5.6785,ascent,3.3129,49.0430,44.5605,-6.8700,9.6180,0.030407,0.029428,0.076202,0.008798,0.6000,+0
5.6796,ascent,3.3129,49.0430,44.6484,-6.8700,10.9920,0.030412,0.028686,0.076200,0.008800,0.6000,+0
5.6807,ascent,3.3129,49.0430,44.7363,-6.8700,12.3660,0.030417,0.027945,0.076200,0.008800,0.6000,+0
5.6822,ascent,3.3129,49.1309,44.9121,-5.4960,16.4880,0.030240,0.026413,0.076220,0.008780,0.6000,+0
5.6832,ascent,3.3129,49.1309,45.0000,-4.1220,19.2360,0.030859,0.025618,0.076217,0.008783,0.6000,+0
5.6840,ascent,3.3129,49.1309,45.1758,-4.1220,20.6100,0.030869,0.024190,0.076217,0.008783,0.6000,+0
5.6854,ascent,3.3129,49.1309,45.2637,-4.1220,23.3580,0.030873,0.023394,0.076207,0.008793,0.6000,+0
5.6863,ascent,3.3129,49.1309,45.3516,-4.1220,26.1060,0.030878,0.022598,0.076207,0.008793,0.6000,+0
5.6874,ascent,3.3129,49.1309,45.4395,-2.7480,27.4800,0.045757,0.021857,0.076202,0.008798,0.6000,+0
5.6885,ascent,3.3129,49.1309,45.4395,-2.7480,30.2280,0.045757,0.021748,0.076202,0.008798,0.6000,+0
5.6897,ascent,3.3129,49.1309,45.5273,-2.7480,31.6020,0.045761,0.021007,0.076205,0.008795,0.6000,+0
5.6909,ascent,3.3129,49.1309,45.7031,-1.3740,37.0980,0.135799,0.019416,0.076205,0.008795,0.6000,+0
5.6919,ascent,3.3129,49.1309,45.7031,-1.3740,38.4720,0.135799,0.019362,0.076214,0.008786,0.6000,+0
5.6932,ascent,3.3129,49.1309,45.7910,-1.3740,41.2200,0.135803,0.018566,0.076221,0.008779,0.6000,+0
5.6942,ascent,3.3129,49.1309,45.7910,0.0000,42.5940,0.230223,0.018512,0.076221,0.008779,0.6000,+0
5.6952,ascent,3.3129,49.1309,45.7910,0.0000,43.9680,0.230223,0.018457,0.076219,0.008781,0.6000,+0
5.6965,ascent,3.3129,49.1309,45.8789,0.0000,45.3420,0.230227,0.017716,0.076219,0.008781,0.6000,+0
5.6974,ascent,3.3129,49.1309,45.8789,0.0000,46.7160,0.230227,0.017662,0.076234,0.008766,0.6000,+0
5.6985,ascent,3.3129,49.1309,45.8789,0.0000,48.0900,0.230227,0.017607,0.076234,0.008766,0.6000,+0
5.6996,ascent,3.1465,49.1309,45.8789,1.3740,49.4640,0.135779,0.017553,0.076236,0.008764,0.6000,+0
5.7007,ascent,3.1465,49.0430,45.8789,1.3740,50.8380,0.135958,0.017494,0.076236,0.008764,0.6000,+0
5.7020,ascent,3.1465,49.1309,45.8789,1.3740,50.8380,0.135779,0.017498,0.076239,0.008761,0.6000,+0
5.7032,ascent,3.1465,49.1309,45.8789,1.3740,52.2120,0.135779,0.017444,0.076251,0.008749,0.6000,+0
5.7041,ascent,3.1465,49.1309,45.8789,1.3740,50.8380,0.135779,0.017498,0.076251,0.008749,0.6000,+0
5.7052,ascent,3.1465,49.1309,45.8789,2.7480,50.8380,0.045723,0.017498,0.076254,0.008746,0.6000,+0
5.7063,ascent,3.1465,49.2188,45.8789,2.7480,50.8380,0.045544,0.017503,0.076254,0.008746,0.6000,+0
5.7074,ascent,3.1465,49.2188,45.8789,2.7480,49.4640,0.045544,0.017558,0.076252,0.008748,0.6000,+0
5.7085,ascent,3.1465,49.2188,45.8789,4.1220,48.0900,0.030642,0.017612,0.076252,0.008748,0.6000,+0
5.7096,ascent,3.1465,49.3066,45.7910,4.1220,46.7160,0.030458,0.018358,0.076252,0.008748,0.6000,+0
5.7108,ascent,3.1465,49.3945,45.7910,6.8700,43.9680,0.029614,0.018471,0.076252,0.008748,0.6000,+0
5.7118,ascent,3.1465,49.4824,45.7910,8.2440,41.2200,0.029421,0.018585,0.076259,0.008741,0.6000,+0
5.7130,ascent,3.1465,49.4824,45.7031,8.2440,39.8460,0.029416,0.019326,0.076262,0.008738,0.6000,+0
5.7141,ascent,3.1465,49.5703,45.7031,9.6180,37.0980,0.029223,0.019440,0.076262,0.008738,0.6000,+0
5.7152,ascent,3.1465,49.6582,45.7031,10.9920,34.3500,0.029030,0.019553,0.076275,0.008725,0.6000,+0
5.7163,ascent,3.1465,49.7461,45.6152,12.3660,31.6020,0.028832,0.020354,0.076275,0.008725,0.6000,+0
5.7174,ascent,3.1465,49.8340,45.6152,13.7400,28.8540,0.028638,0.020467,0.076279,0.008721,0.6000,+0
5.7185,ascent,3.1465,49.8340,45.6152,15.1140,26.1060,0.028624,0.020576,0.076279,0.008721,0.6000,+0
5.7196,ascent,3.1465,49.9219,45.5273,16.4880,21.9840,0.028426,0.021431,0.076274,0.008726,0.6000,+0
5.7208,ascent,3.1465,50.0098,45.4395,19.2360,16.4880,0.028214,0.022340,0.076274,0.008726,0.6000,+0
5.7218,ascent,3.1465,50.0977,45.4395,20.6100,13.7400,0.028020,0.022454,0.076285,0.008715,0.6000,+0
5.7230,ascent,3.1465,50.1855,45.4395,23.3580,10.9920,0.027813,0.022567,0.076297,0.008703,0.6000,+0
5.7241,ascent,3.1465,50.1855,45.3516,24.7320,6.8700,0.027794,0.023417,0.076297,0.008703,0.6000,+0
5.7252,ascent,3.1465,50.2734,45.3516,26.1060,4.1220,0.027601,0.024167,0.076286,0.008714,0.6000,+0
5.7263,ascent,3.1465,50.2734,45.2637,27.4800,1.3740,0.027581,0.129893,0.076286,0.008714,0.6000,+0
5.7274,ascent,3.1465,50.3613,45.1758,28.8540,-1.3740,0.027383,0.130693,0.076289,0.008711,0.6000,+0
5.7285,ascent,3.1465,50.3613,45.1758,30.2280,-4.1220,0.027369,0.025871,0.076289,0.008711,0.6000,+0
5.7296,ascent,3.1465,50.4492,45.0000,32.9760,-6.8700,0.027152,0.026722,0.076304,0.008696,0.6000,+0
5.7308,ascent,3.1465,50.4492,44.9121,35.7240,-12.3660,0.027119,0.027627,0.076304,0.008696,0.6000,+0
5.7318,ascent,3.1465,50.5371,44.9121,37.0980,-13.7400,0.026925,0.027686,0.076315,0.008685,0.6000,+0
5.7330,ascent,3.1465,50.5371,44.8242,38.4720,-16.4880,0.026906,0.028482,0.076302,0.008698,0.6000,+0
5.7341,ascent,3.1465,50.5371,44.8242,39.8460,-17.8620,0.026892,0.028536,0.076302,0.008698,0.6000,+0
5.7352,ascent,3.1465,50.6250,44.7363,41.2200,-20.6100,0.026694,0.029336,0.076315,0.008685,0.6000,+0
5.7363,ascent,3.1465,50.6250,44.6484,41.2200,-21.9840,0.026689,0.030077,0.076315,0.008685,0.6000,+0
5.7374,ascent,3.1465,50.6250,44.6484,42.5940,-24.7320,0.026675,0.030186,0.076332,0.008668,0.6000,+0
5.7385,ascent,3.1465,50.6250,44.5605,42.5940,-26.1060,0.026670,0.030928,0.076332,0.008668,0.6000,+0
5.7396,ascent,3.1465,50.6250,44.5605,42.5940,-27.4800,0.026670,0.030982,0.076321,0.008679,0.6000,+0
5.7408,ascent,3.1465,50.6250,44.4727,42.5940,-30.2280,0.026666,0.031778,0.076321,0.008679,0.6000,+0
5.7418,ascent,3.1465,50.6250,44.3848,42.5940,-31.6020,0.026661,0.032519,0.076337,0.008663,0.6000,+0
5.7430,ascent,3.1465,50.6250,44.3848,42.5940,-32.9760,0.026661,0.032573,0.076327,0.008673,0.6000,+0
5.7441,ascent,3.1465,50.6250,44.2969,41.2200,-34.3500,0.026670,0.033314,0.076327,0.008673,0.6000,+0
5.7452,ascent,3.1465,50.6250,44.2969,39.8460,-35.7240,0.026685,0.033369,0.076339,0.008661,0.6000,+0
5.7463,ascent,3.1465,50.6250,44.2969,39.8460,-35.7240,0.026685,0.033369,0.076339,0.008661,0.6000,+0
5.7474,ascent,3.1465,50.6250,44.2090,38.4720,-37.0980,0.026694,0.034110,0.076331,0.008669,0.6000,+0
5.7485,ascent,3.1465,50.6250,44.2090,37.0980,-38.4720,0.026709,0.034164,0.076331,0.008669,0.6000,+0
5.7496,ascent,3.1465,50.6250,44.1211,35.7240,-38.4720,0.026718,0.034851,0.076339,0.008661,0.6000,+0
5.7508,ascent,3.1465,50.6250,44.0332,31.6020,-39.8460,0.026757,0.035592,0.076339,0.008661,0.6000,+0
5.7518,ascent,3.1465,50.6250,44.0332,30.2280,-39.8460,0.026771,0.035592,0.076356,0.008644,0.6000,+0
5.7530,ascent,3.1465,50.6250,44.0332,28.8540,-39.8460,0.026785,0.035592,0.076341,0.008659,0.6000,+0
5.7541,ascent,3.1465,50.6250,43.9453,27.4800,-41.2200,0.026795,0.036333,0.076341,0.008659,0.6000,+0
5.7552,ascent,3.1465,50.5371,43.9453,24.7320,-41.2200,0.027002,0.036329,0.076356,0.008644,0.6000,+0
5.7563,ascent,3.1465,50.5371,43.8574,23.3580,-41.2200,0.027012,0.037016,0.076356,0.008644,0.6000,+0
5.7574,ascent,3.1465,50.5371,43.8574,20.6100,-41.2200,0.027041,0.037016,0.076354,0.008646,0.6000,+0
5.7585,ascent,3.1465,50.5371,43.7695,19.2360,-42.5940,0.027050,0.037757,0.076354,0.008646,0.6000,+0
5.7596,ascent,3.1465,50.5371,43.7695,17.8620,-41.2200,0.027064,0.037702,0.076351,0.008649,0.6000,+0
5.7608,ascent,3.1465,50.4492,43.5937,13.7400,-41.2200,0.027277,0.039071,0.076358,0.008642,0.6000,+0
5.7618,ascent,3.1465,50.4492,43.5937,10.9920,-41.2200,0.027306,0.039071,0.076358,0.008642,0.6000,+0
5.7630,ascent,3.1465,50.4492,43.5059,9.6180,-41.2200,0.027315,0.039758,0.076365,0.008635,0.6000,+0
5.7642,ascent,3.1465,50.4492,43.5059,8.2440,-41.2200,0.027329,0.039758,0.076365,0.008635,0.6000,+0
5.7652,ascent,3.1465,50.4492,43.4180,6.8700,-41.2200,0.027339,0.040445,0.076371,0.008629,0.6000,+0
5.7663,ascent,3.1465,50.4492,43.4180,5.4960,-41.2200,0.027361,0.040445,0.076371,0.008629,0.6000,+0
5.7674,ascent,3.1465,50.3613,43.4180,4.1220,-39.8460,0.028183,0.040386,0.076382,0.008618,0.6000,+0
5.7685,ascent,3.1465,50.3613,43.3301,1.3740,-39.8460,0.133137,0.041072,0.076382,0.008618,0.6000,+0
5.7696,ascent,3.1465,50.3613,43.3301,0.0000,-39.8460,0.227585,0.041072,0.076380,0.008620,0.6000,+0
5.7708,ascent,3.1465,50.3613,43.2422,-1.3740,-38.4720,0.133161,0.041705,0.076380,0.008620,0.6000,+0
5.7718,ascent,3.1465,50.2734,43.2422,-2.7480,-38.4720,0.043312,0.041700,0.076390,0.008610,0.6000,+0
5.7730,ascent,3.1465,50.2734,43.2422,-4.1220,-38.4720,0.028438,0.041700,0.076397,0.008603,0.6000,+0
5.7741,ascent,3.1465,50.2734,43.1543,-5.4960,-37.0980,0.027819,0.042333,0.076397,0.008603,0.6000,+0
5.7752,ascent,3.1465,50.2734,43.1543,-5.4960,-37.0980,0.027819,0.042333,0.076393,0.008607,0.6000,+0
5.7763,ascent,3.1465,50.1855,43.1543,-6.8700,-37.0980,0.028005,0.042328,0.076393,0.008607,0.6000,+0
5.7774,ascent,3.1465,50.1855,43.0664,-8.2440,-35.7240,0.028015,0.042960,0.076405,0.008595,0.6000,+0
5.7785,ascent,3.1465,50.1855,43.0664,-8.2440,-35.7240,0.028015,0.042960,0.076405,0.008595,0.6000,+0
5.7796,ascent,3.1465,50.1855,43.0664,-9.6180,-35.7240,0.028029,0.042960,0.076403,0.008597,0.6000,+0
5.7808,ascent,3.1465,50.1855,42.9785,-9.6180,-34.3500,0.028024,0.043593,0.076403,0.008597,0.6000,+0
5.7818,ascent,3.1465,50.1855,42.9785,-10.9920,-34.3500,0.028039,0.043593,0.076415,0.008585,0.6000,+0
5.7830,ascent,3.1465,50.1855,42.9785,-10.9920,-32.9760,0.028039,0.043538,0.076415,0.008585,0.6000,+0
5.7841,ascent,2.9913,50.1855,42.8906,-10.9920,-32.9760,0.028034,0.044225,0.076415,0.008585,0.6000,+0
5.7852,ascent,2.9913,50.1855,42.8906,-10.9920,-32.9760,0.028034,0.044225,0.076418,0.008582,0.6000,+0
5.7863,ascent,2.9913,50.1855,42.8906,-12.3660,-32.9760,0.028048,0.044225,0.076418,0.008582,0.6000,+0
5.7874,ascent,2.9913,50.1855,42.8906,-10.9920,-31.6020,0.028034,0.044171,0.076421,0.008579,0.6000,+0
5.7885,ascent,2.9913,50.1855,42.8906,-10.9920,-31.6020,0.028034,0.044171,0.076421,0.008579,0.6000,+0
5.7896,ascent,2.9913,50.1855,42.8027,-10.9920,-31.6020,0.028029,0.044858,0.076433,0.008567,0.6000,+0
5.7908,ascent,2.9913,50.1855,42.8027,-10.9920,-30.2280,0.028029,0.044803,0.076433,0.008567,0.6000,+0
5.7918,ascent,2.9913,50.1855,42.8027,-10.9920,-28.8540,0.028029,0.044749,0.076413,0.008587,0.6000,+0
5.7930,ascent,2.9913,50.1855,42.8027,-10.9920,-28.8540,0.028029,0.044749,0.076413,0.008587,0.6000,+0
5.7941,ascent,2.9913,50.1855,42.8027,-9.6180,-27.4800,0.028015,0.044694,0.076443,0.008557,0.6000,+0
5.7952,ascent,2.9913,50.1855,42.8027,-9.6180,-27.4800,0.028015,0.044694,0.076429,0.008571,0.6000,+0
5.7963,ascent,2.9913,50.1855,42.7148,-9.6180,-26.1060,0.028010,0.045327,0.076429,0.008571,0.6000,+0
5.7974,ascent,2.9913,50.1855,42.7148,-9.6180,-26.1060,0.028010,0.045327,0.076437,0.008563,0.6000,+0
5.7985,ascent,2.9913,50.1855,42.7148,-8.2440,-24.7320,0.027996,0.045272,0.076437,0.008563,0.6000,+0
5.7996,ascent,2.9913,50.1855,42.7148,-8.2440,-24.7320,0.027996,0.045272,0.076450,0.008550,0.6000,+0
5.8008,ascent,2.9913,50.1855,42.7148,-6.8700,-23.3580,0.027982,0.045218,0.076450,0.008550,0.6000,+0
5.8018,ascent,2.9913,50.1855,42.7148,-6.8700,-21.9840,0.027982,0.045163,0.076436,0.008564,0.6000,+0
5.8030,ascent,2.9913,50.1855,42.7148,-6.8700,-21.9840,0.027982,0.045163,0.076459,0.008541,0.6000,+0
5.8041,ascent,2.9913,50.1855,42.7148,-5.4960,-20.6100,0.027975,0.045109,0.076459,0.008541,0.6000,+0
5.8052,ascent,2.9913,50.1855,42.7148,-5.4960,-19.2360,0.027975,0.045055,0.076462,0.008538,0.6000,+0
5.8063,ascent,2.9913,50.1855,42.7148,-4.1220,-19.2360,0.028589,0.045055,0.076462,0.008538,0.6000,+0
5.8074,ascent,2.9913,50.1855,42.7148,-4.1220,-17.8620,0.028589,0.045000,0.076477,0.008523,0.6000,+0
5.8085,ascent,2.9913,50.1855,42.7148,-4.1220,-17.8620,0.028589,0.045000,0.076477,0.008523,0.6000,+0
5.8096,ascent,2.9913,50.1855,42.7148,-2.7480,-16.4880,0.043463,0.044946,0.076476,0.008524,0.6000,+0
5.8108,ascent,2.9913,50.1855,42.7148,-1.3740,-15.1140,0.133491,0.044891,0.076476,0.008524,0.6000,+0
5.8118,ascent,2.9913,50.1855,42.7148,-1.3740,-13.7400,0.133491,0.044837,0.076481,0.008519,0.6000,+0
5.8130,ascent,2.9913,50.1855,42.7148,-1.3740,-12.3660,0.133491,0.044783,0.076465,0.008535,0.6000,+0
5.8141,ascent,2.9913,50.1855,42.7148,-1.3740,-12.3660,0.133491,0.044783,0.076465,0.008535,0.6000,+0
5.8152,ascent,2.9913,50.1855,42.7148,-1.3740,-10.9920,0.133491,0.044728,0.076492,0.008508,0.6000,+0
5.8163,ascent,2.9913,50.1855,42.7148,0.0000,-10.9920,0.227910,0.044728,0.076492,0.008508,0.6000,+0
5.8174,ascent,2.9913,50.1855,42.7148,0.0000,-9.6180,0.227910,0.044674,0.076487,0.008513,0.6000,+0
5.8185,ascent,2.9913,50.1855,42.7148,0.0000,-9.6180,0.227910,0.044674,0.076487,0.008513,0.6000,+0
5.8196,ascent,2.9913,50.1855,42.7148,0.0000,-8.2440,0.227910,0.044619,0.076491,0.008509,0.6000,+0
5.8208,ascent,2.9913,50.0977,42.7148,0.0000,-6.8700,0.228089,0.044560,0.076491,0.008509,0.6000,+0
5.8218,ascent,2.9913,50.0977,42.7148,0.0000,-6.8700,0.228089,0.044560,0.076502,0.008498,0.6000,+0
5.8230,ascent,2.9913,50.0977,42.7148,-1.3740,-5.4960,0.133670,0.044513,0.076496,0.008504,0.6000,+0
5.8241,ascent,2.9913,50.1855,42.7148,0.0000,-5.4960,0.227910,0.044518,0.076496,0.008504,0.6000,+0
5.8252,ascent,2.9913,50.1855,42.7148,0.0000,-4.1220,0.227910,0.045092,0.076511,0.008489,0.6000,+0
5.8263,ascent,2.9913,50.1855,42.7148,0.0000,-4.1220,0.227910,0.045092,0.076511,0.008489,0.6000,+0
5.8274,ascent,2.9913,50.1855,42.7148,0.0000,-4.1220,0.227910,0.045092,0.076502,0.008498,0.6000,+0
5.8285,ascent,2.9913,50.1855,42.7148,0.0000,-2.7480,0.227910,0.059926,0.076502,0.008498,0.6000,+0
5.8296,ascent,2.9913,50.2734,42.7148,0.0000,-2.7480,0.227731,0.059931,0.076523,0.008477,0.6000,+0
5.8308,ascent,2.9913,50.3613,42.7148,1.3740,-1.3740,0.133104,0.149923,0.076523,0.008477,0.6000,+0
5.8318,ascent,2.9913,50.4492,42.7148,2.7480,-1.3740,0.042869,0.149927,0.076504,0.008496,0.6000,+0
5.8330,ascent,2.9913,50.5371,42.7148,4.1220,-1.3740,0.027787,0.149932,0.076524,0.008476,0.6000,+0
5.8341,ascent,2.9913,50.6250,42.7148,5.4960,-1.3740,0.026965,0.149937,0.076524,0.008476,0.6000,+0
5.8352,ascent,2.9913,50.6250,42.7148,6.8700,0.0000,0.026944,0.244316,0.076521,0.008479,0.6000,+0
5.8363,ascent,2.9913,50.7129,42.7148,8.2440,0.0000,0.026750,0.244321,0.076521,0.008479,0.6000,+0
5.8374,ascent,2.9913,50.8008,42.7148,9.6180,0.0000,0.026557,0.244325,0.076516,0.008484,0.6000,+0
5.8385,ascent,2.9913,50.9766,42.7148,12.3660,0.0000,0.026171,0.244335,0.076516,0.008484,0.6000,+0
5.8396,ascent,2.9913,51.0645,42.7148,15.1140,0.0000,0.025963,0.244339,0.076540,0.008460,0.6000,+0
5.8408,ascent,2.9913,51.2402,42.7148,19.2360,0.0000,0.025562,0.244349,0.076540,0.008460,0.6000,+0
5.8418,ascent,2.9913,51.4160,42.7148,21.9840,0.0000,0.025176,0.244358,0.076527,0.008473,0.6000,+0
5.8430,ascent,2.9913,51.5039,42.7148,24.7320,0.0000,0.024968,0.244363,0.076533,0.008467,0.6000,+0
5.8441,ascent,2.9913,51.5918,42.8027,27.4800,1.3740,0.024765,0.149193,0.076533,0.008467,0.6000,+0
5.8452,ascent,2.9913,51.7676,42.8027,31.6020,1.3740,0.024364,0.149202,0.076537,0.008463,0.6000,+0
5.8463,ascent,2.9913,51.8555,42.8027,34.3500,1.3740,0.024157,0.149207,0.076537,0.008463,0.6000,+0
5.8474,ascent,2.9913,51.9434,42.8906,37.0980,2.7480,0.023954,0.058428,0.076543,0.008457,0.6000,+0
5.8485,ascent,2.9913,52.0312,42.8906,41.2200,2.7480,0.023732,0.058433,0.076543,0.008457,0.6000,+0
5.8496,ascent,2.9913,52.2070,42.9785,43.9680,4.1220,0.023350,0.042813,0.076562,0.008438,0.6000,+0
5.8508,ascent,2.9913,52.3828,43.0664,50.8380,5.4960,0.022926,0.041452,0.076562,0.008438,0.6000,+0
5.8518,ascent,2.9913,52.4707,43.1543,53.5860,6.8700,0.022723,0.040709,0.076557,0.008443,0.6000,+0
5.8530,ascent,2.9913,52.5586,43.2422,57.7080,8.2440,0.022506,0.039972,0.076557,0.008443,0.6000,+0
5.8541,ascent,2.9913,52.6465,43.3301,60.4560,10.9920,0.022303,0.039181,0.076557,0.008443,0.6000,+0
5.8552,ascent,2.9913,52.7344,43.4180,64.5780,12.3660,0.022086,0.038445,0.076566,0.008434,0.6000,+0
5.8563,ascent,2.9913,52.8223,43.5059,67.3260,13.7400,0.021883,0.037709,0.076566,0.008434,0.6000,+0
5.8574,ascent,2.9913,52.9102,43.5937,70.0740,16.4880,0.021680,0.036918,0.076575,0.008425,0.6000,+0
5.8585,ascent,2.9913,52.9102,43.7695,72.8220,17.8620,0.021661,0.035490,0.076575,0.008425,0.6000,+0
5.8596,ascent,2.9913,52.9980,43.8574,75.5700,20.6100,0.021458,0.034699,0.076562,0.008438,0.6000,+0
5.8608,ascent,2.9913,53.1738,44.0332,79.6920,24.7320,0.021067,0.033172,0.076562,0.008438,0.6000,+0
5.8618,ascent,2.9913,53.2617,44.1211,82.4400,27.4800,0.020865,0.032381,0.076579,0.008421,0.6000,+0
5.8630,ascent,2.9913,53.2617,44.2090,83.8140,30.2280,0.020855,0.031586,0.076569,0.008431,0.6000,+0
5.8641,ascent,2.9913,53.3496,44.2969,85.1880,32.9760,0.020667,0.030795,0.076569,0.008431,0.6000,+0
5.8652,ascent,2.9913,53.4375,44.3848,86.5620,35.7240,0.020478,0.030004,0.076577,0.008423,0.6000,+0
5.8663,ascent,2.9913,53.5254,44.3848,87.9360,37.0980,0.020285,0.029954,0.076577,0.008423,0.6000,+0
5.8674,ascent,2.9913,53.6133,44.4727,89.3100,39.8460,0.020097,0.029164,0.076578,0.008422,0.6000,+0
5.8685,ascent,2.9913,53.6133,44.5605,89.3100,42.5940,0.020102,0.028368,0.076578,0.008422,0.6000,+0
5.8696,ascent,2.9913,53.7012,44.5605,89.3100,43.9680,0.019923,0.028319,0.076595,0.008405,0.6000,+0
5.8708,ascent,2.9913,53.7891,44.6484,89.3100,48.0900,0.019749,0.027473,0.076595,0.008405,0.6000,+0
5.8718,ascent,2.9913,53.7891,44.7363,89.3100,49.4640,0.019754,0.026732,0.076583,0.008417,0.6000,+0
5.8730,ascent,2.9913,53.8770,44.8242,87.9360,52.2120,0.019594,0.025942,0.076609,0.008391,0.6000,+0
5.8741,ascent,2.8341,53.8770,44.8242,87.9360,53.5860,0.019594,0.025887,0.076609,0.008391,0.6000,+0
5.8752,ascent,2.8341,53.9648,44.8242,85.1880,54.9600,0.019444,0.025838,0.076623,0.008377,0.6000,+0
5.8763,ascent,2.8341,53.9648,44.8242,83.8140,56.3340,0.019458,0.025783,0.076623,0.008377,0.6000,+0
5.8774,ascent,2.8341,53.9648,44.9121,83.8140,57.7080,0.019463,0.025042,0.076601,0.008399,0.6000,+0
5.8785,ascent,2.8341,53.9648,44.9121,81.0660,57.7080,0.019491,0.025042,0.076601,0.008399,0.6000,+0
5.8796,ascent,2.8341,53.9648,44.9121,79.6920,59.0820,0.019506,0.024988,0.076614,0.008386,0.6000,+0
5.8808,ascent,2.8341,53.9648,44.9121,74.1960,59.0820,0.019563,0.024988,0.076614,0.008386,0.6000,+0
5.8818,ascent,2.8341,54.0527,44.9121,72.8220,59.0820,0.019398,0.024993,0.076603,0.008397,0.6000,+0
5.8830,ascent,2.8341,54.0527,44.9121,70.0740,57.7080,0.019427,0.025047,0.076640,0.008360,0.6000,+0
5.8841,ascent,2.8341,54.0527,44.9121,67.3260,57.7080,0.019456,0.025047,0.076640,0.008360,0.6000,+0
5.8852,ascent,2.8341,54.0527,44.9121,61.8300,56.3340,0.019513,0.025101,0.076630,0.008370,0.6000,+0
5.8863,ascent,2.8341,53.9648,44.9121,61.8300,54.9600,0.019692,0.025151,0.076630,0.008370,0.6000,+0
5.8874,ascent,2.8341,53.9648,44.9121,59.0820,53.5860,0.019720,0.025205,0.076642,0.008358,0.6000,+0
5.8885,ascent,2.8341,53.9648,44.9121,56.3340,52.2120,0.019749,0.025260,0.076642,0.008358,0.6000,+0
5.8896,ascent,2.8341,53.9648,44.9121,53.5860,49.4640,0.019778,0.025369,0.076645,0.008355,0.6000,+0
5.8908,ascent,2.8341,53.9648,44.9121,48.0900,45.3420,0.019835,0.025532,0.076645,0.008355,0.6000,+0
5.8918,ascent,2.8341,53.9648,44.8242,45.3420,43.9680,0.019859,0.026273,0.076651,0.008349,0.6000,+0
5.8930,ascent,2.8341,53.9648,44.8242,41.2200,41.2200,0.019902,0.026382,0.076651,0.008349,0.6000,+0
5.8941,ascent,2.8341,53.8770,44.8242,38.4720,38.4720,0.020109,0.026486,0.076638,0.008362,0.6000,+0
5.8952,ascent,2.8341,53.8770,44.8242,32.9760,35.7240,0.020166,0.026595,0.076651,0.008349,0.6000,+0
5.8963,ascent,2.8341,53.8770,44.8242,32.9760,32.9760,0.020166,0.026704,0.076651,0.008349,0.6000,+0
5.8974,ascent,2.8341,53.8770,44.8242,30.2280,30.2280,0.020195,0.026812,0.076656,0.008344,0.6000,+0
5.8985,ascent,2.8341,53.7891,44.7363,27.4800,27.4800,0.020398,0.027603,0.076656,0.008344,0.6000,+0
5.8996,ascent,2.8341,53.7891,44.7363,24.7320,24.7320,0.020426,0.027712,0.076665,0.008335,0.6000,+0
5.9008,ascent,2.8341,53.7891,44.6484,19.2360,19.2360,0.020479,0.028616,0.076665,0.008335,0.6000,+0
5.9018,ascent,2.8341,53.7012,44.6484,16.4880,16.4880,0.020686,0.028720,0.076669,0.008331,0.6000,+0
5.9030,ascent,2.8341,53.7012,44.6484,13.7400,13.7400,0.020715,0.028829,0.076663,0.008337,0.6000,+0
5.9041,ascent,2.8341,53.7012,44.6484,10.9920,12.3660,0.020743,0.028884,0.076663,0.008337,0.6000,+0
5.9052,ascent,2.8341,53.6133,44.5605,8.2440,9.6180,0.020946,0.029674,0.076670,0.008330,0.6000,+0
5.9063,ascent,2.8341,53.6133,44.5605,5.4960,6.8700,0.020982,0.029783,0.076670,0.008330,0.6000,+0
5.9074,ascent,2.8341,53.5254,44.5605,4.1220,4.1220,0.021804,0.030523,0.076674,0.008326,0.6000,+0
5.9085,ascent,2.8341,53.5254,44.5605,1.3740,2.7480,0.126763,0.045466,0.076674,0.008326,0.6000,+0
5.9096,ascent,2.8341,53.4375,44.5605,-1.3740,1.3740,0.126970,0.135558,0.076674,0.008326,0.6000,+0
5.9108,ascent,2.8341,53.4375,44.4727,-5.4960,-2.7480,0.021449,0.046366,0.076674,0.008326,0.6000,+0
5.9118,ascent,2.8341,53.3496,44.4727,-6.8700,-4.1220,0.021635,0.031527,0.076681,0.008319,0.6000,+0
5.9130,ascent,2.8341,53.3496,44.3848,-8.2440,-5.4960,0.021645,0.031639,0.076703,0.008297,0.6000,+0
5.9141,ascent,2.8341,53.2617,44.3848,-10.9920,-6.8700,0.021852,0.031682,0.076703,0.008297,0.6000,+0
5.9152,ascent,2.8341,53.2617,44.3848,-12.3660,-8.2440,0.021866,0.031736,0.076690,0.008310,0.6000,+0
5.9163,ascent,2.8341,53.1738,44.3848,-15.1140,-9.6180,0.022074,0.031786,0.076690,0.008310,0.6000,+0
5.9174,ascent,2.8341,53.1738,44.2969,-16.4880,-10.9920,0.022083,0.032527,0.076692,0.008308,0.6000,+0
5.9185,ascent,2.8341,53.0859,44.2969,-17.8620,-12.3660,0.022277,0.032576,0.076692,0.008308,0.6000,+0
5.9196,ascent,2.8341,53.0859,44.2969,-19.2360,-13.7400,0.022291,0.032631,0.076693,0.008307,0.6000,+0
5.9208,ascent,2.8341,52.9980,44.2090,-21.9840,-15.1140,0.022494,0.033367,0.076693,0.008307,0.6000,+0
5.9218,ascent,2.8341,52.9102,44.2090,-23.3580,-16.4880,0.022687,0.033417,0.076697,0.008303,0.6000,+0
5.9230,ascent,2.8341,52.9102,44.2090,-24.7320,-16.4880,0.022701,0.033417,0.076711,0.008289,0.6000,+0
5.9241,ascent,2.8341,52.8223,44.1211,-26.1060,-17.8620,0.022889,0.034153,0.076711,0.008289,0.6000,+0
5.9252,ascent,2.8341,52.8223,44.1211,-27.4800,-17.8620,0.022904,0.034153,0.076711,0.008289,0.6000,+0
5.9263,ascent,2.8341,52.7344,44.1211,-28.8540,-17.8620,0.023097,0.034148,0.076711,0.008289,0.6000,+0
5.9274,ascent,2.8341,52.7344,44.1211,-30.2280,-19.2360,0.023111,0.034203,0.076715,0.008285,0.6000,+0
5.9285,ascent,2.8341,52.6465,44.0332,-30.2280,-19.2360,0.023285,0.034885,0.076715,0.008285,0.6000,+0
5.9296,ascent,2.8341,52.5586,44.0332,-31.6020,-20.6100,0.023479,0.034934,0.076726,0.008274,0.6000,+0
5.9308,ascent,2.8341,52.5586,44.0332,-34.3500,-20.6100,0.023507,0.034934,0.076726,0.008274,0.6000,+0
5.9318,ascent,2.8341,52.4707,44.0332,-34.3500,-20.6100,0.023686,0.034930,0.076735,0.008265,0.6000,+0
5.9330,ascent,2.8341,52.3828,44.0332,-35.7240,-20.6100,0.023879,0.034925,0.076729,0.008271,0.6000,+0
5.9341,ascent,2.8341,52.3828,43.9453,-37.0980,-20.6100,0.023889,0.035612,0.076729,0.008271,0.6000,+0
5.9352,ascent,2.8341,52.2949,43.9453,-37.0980,-20.6100,0.024068,0.035607,0.076735,0.008265,0.6000,+0
5.9363,ascent,2.8341,52.2949,43.9453,-38.4720,-20.6100,0.024082,0.035607,0.076735,0.008265,0.6000,+0
5.9374,ascent,2.8341,52.2070,43.9453,-39.8460,-20.6100,0.024275,0.035602,0.076730,0.008270,0.6000,+0
5.9385,ascent,2.8341,52.1191,43.9453,-39.8460,-20.6100,0.024454,0.035597,0.076730,0.008270,0.6000,+0
5.9396,ascent,2.8341,52.1191,43.8574,-41.2200,-20.6100,0.024464,0.036284,0.076749,0.008251,0.6000,+0
5.9408,ascent,2.8341,51.9434,43.8574,-42.5940,-20.6100,0.024836,0.036275,0.076749,0.008251,0.6000,+0
5.9418,ascent,2.8341,51.9434,43.8574,-42.5940,-20.6100,0.024836,0.036275,0.076734,0.008266,0.6000,+0
5.9430,ascent,2.8341,51.9434,43.8574,-42.5940,-20.6100,0.024836,0.036275,0.076739,0.008261,0.6000,+0
5.9441,ascent,2.8341,51.8555,43.8574,-43.9680,-19.2360,0.025029,0.036216,0.076739,0.008261,0.6000,+0
5.9452,ascent,2.8341,51.7676,43.7695,-43.9680,-19.2360,0.025203,0.036898,0.076753,0.008247,0.6000,+0
5.9463,ascent,2.8341,51.6797,43.7695,-45.3420,-19.2360,0.025396,0.036893,0.076753,0.008247,0.6000,+0
5.9474,ascent,2.8341,51.6797,43.7695,-45.3420,-19.2360,0.025396,0.036893,0.076748,0.008252,0.6000,+0
5.9485,ascent,2.8341,51.5918,43.7695,-45.3420,-19.2360,0.025575,0.036888,0.076748,0.008252,0.6000,+0
5.9496,ascent,2.8341,51.5039,43.7695,-46.7160,-19.2360,0.025769,0.036883,0.076747,0.008253,0.6000,+0
5.9508,ascent,2.8341,51.4160,43.7695,-48.0900,-17.8620,0.025962,0.036824,0.076747,0.008253,0.6000,+0
5.9518,ascent,2.8341,51.3281,43.5937,-48.0900,-17.8620,0.026131,0.038193,0.076755,0.008245,0.6000,+0
5.9530,ascent,2.8341,51.3281,43.5937,-48.0900,-17.8620,0.026131,0.038193,0.076757,0.008243,0.6000,+0
5.9541,ascent,2.8341,51.2402,43.5937,-49.4640,-16.4880,0.026325,0.038134,0.076757,0.008243,0.6000,+0
5.9552,ascent,2.8341,51.2402,43.5937,-49.4640,-16.4880,0.026325,0.038134,0.076758,0.008242,0.6000,+0
5.9563,ascent,2.8341,51.1523,43.5937,-49.4640,-16.4880,0.026504,0.038129,0.076758,0.008242,0.6000,+0
5.9574,ascent,2.8341,51.0645,43.5937,-50.8380,-15.1140,0.026697,0.038070,0.076767,0.008233,0.6000,+0
5.9585,ascent,2.8341,50.9766,43.5937,-50.8380,-15.1140,0.026876,0.038065,0.076767,0.008233,0.6000,+0
5.9596,ascent,2.8341,50.8887,43.5937,-52.2120,-15.1140,0.027069,0.038061,0.076764,0.008236,0.6000,+0
5.9608,ascent,2.8341,50.8008,43.5059,-52.2120,-15.1140,0.027243,0.038743,0.076764,0.008236,0.6000,+0
5.9618,ascent,2.8341,50.7129,43.5059,-53.5860,-13.7400,0.027437,0.038684,0.076778,0.008222,0.6000,+0
5.9630,ascent,2.8341,50.7129,43.5059,-53.5860,-13.7400,0.027437,0.038684,0.076785,0.008215,0.6000,+0
5.9641,ascent,2.6952,50.6250,43.5059,-53.5860,-13.7400,0.027616,0.038679,0.076785,0.008215,0.6000,+0
5.9652,ascent,2.6952,50.5371,43.5059,-54.9600,-13.7400,0.027809,0.038674,0.076787,0.008213,0.6000,+0
5.9663,ascent,2.6952,50.5371,43.5059,-54.9600,-13.7400,0.027809,0.038674,0.076787,0.008213,0.6000,+0
5.9674,ascent,2.6952,50.4492,43.5059,-54.9600,-12.3660,0.027988,0.038615,0.076776,0.008224,0.6000,+0
5.9685,ascent,2.6952,50.3613,43.5059,-56.3340,-12.3660,0.028181,0.038610,0.076776,0.008224,0.6000,+0
5.9696,ascent,2.6952,50.2734,43.5059,-56.3340,-12.3660,0.028360,0.038606,0.076797,0.008203,0.6000,+0
5.9708,ascent,2.6952,50.0977,43.5059,-57.7080,-10.9920,0.028732,0.038542,0.076797,0.008203,0.6000,+0
5.9718,ascent,2.6952,50.0977,43.5059,-57.7080,-10.9920,0.028732,0.038542,0.076790,0.008210,0.6000,+0
5.9730,ascent,2.6952,50.0098,43.5059,-57.7080,-9.6180,0.028911,0.038483,0.076790,0.008210,0.6000,+0
5.9741,ascent,2.6952,49.9219,43.5059,-59.0820,-9.6180,0.029105,0.038478,0.076791,0.008209,0.6000,+0
5.9752,ascent,2.6952,49.8340,43.5059,-60.4560,-9.6180,0.029298,0.038473,0.076792,0.008208,0.6000,+0
5.9763,ascent,2.6952,49.7461,43.5059,-60.4560,-9.6180,0.029477,0.038469,0.076792,0.008208,0.6000,+0
5.9774,ascent,2.6952,49.6582,43.5059,-61.8300,-8.2440,0.029670,0.038410,0.076806,0.008194,0.6000,+0
5.9785,ascent,2.6952,49.5703,43.5059,-61.8300,-8.2440,0.029849,0.038405,0.076806,0.008194,0.6000,+0
5.9796,ascent,2.6952,49.5703,43.5059,-61.8300,-6.8700,0.029849,0.038351,0.076801,0.008199,0.6000,+0
5.9808,ascent,2.6952,49.3945,43.5059,-63.2040,-6.8700,0.030222,0.038341,0.076801,0.008199,0.6000,+0
5.9818,ascent,2.6952,49.3066,43.5059,-63.2040,-6.8700,0.030401,0.038337,0.076807,0.008193,0.6000,+0
5.9830,ascent,2.6952,49.2188,43.5059,-64.5780,-6.8700,0.030594,0.038332,0.076818,0.008182,0.6000,+0
5.9841,ascent,2.6952,49.2188,43.5059,-64.5780,-5.4960,0.030594,0.038285,0.076818,0.008182,0.6000,+0
5.9852,ascent,2.6952,49.1309,43.5059,-64.5780,-5.4960,0.030773,0.038280,0.076821,0.008179,0.6000,+0
5.9863,ascent,2.6952,49.0430,43.5059,-65.9520,-4.1220,0.030966,0.038850,0.076821,0.008179,0.6000,+0
5.9874,ascent,2.6952,48.9551,43.5059,-65.9520,-4.1220,0.031145,0.038845,0.076824,0.008176,0.6000,+0
5.9885,ascent,2.6952,48.8672,43.5059,-67.3260,-4.1220,0.031339,0.038840,0.076824,0.008176,0.6000,+0
5.9896,ascent,2.6952,48.8672,43.5059,-67.3260,-4.1220,0.031339,0.038840,0.076839,0.008161,0.6000,+0
5.9908,ascent,2.6952,48.6914,43.5059,-67.3260,-2.7480,0.031697,0.053665,0.076839,0.008161,0.6000,+0
5.9918,ascent,2.6952,48.6035,43.5059,-67.3260,-2.7480,0.031876,0.053660,0.076822,0.008178,0.6000,+0
5.9930,ascent,2.6952,48.5156,43.5059,-68.7000,-2.7480,0.032069,0.053656,0.076822,0.008178,0.6000,+0
5.9941,ascent,2.6952,48.5156,43.5059,-68.7000,-1.3740,0.032069,0.143643,0.076843,0.008157,0.6000,+0
5.9952,ascent,2.6952,48.4277,43.5059,-68.7000,-1.3740,0.032248,0.143639,0.076840,0.008160,0.6000,+0
5.9963,ascent,2.6952,48.3398,43.5059,-68.7000,-1.3740,0.032427,0.143634,0.076840,0.008160,0.6000,+0
5.9974,ascent,2.6952,48.2520,43.5059,-68.7000,-1.3740,0.032606,0.143629,0.076845,0.008155,0.6000,+0
5.9985,ascent,2.6952,48.1641,43.5059,-70.0740,0.0000,0.032800,0.238004,0.076845,0.008155,0.6000,+0
5.9996,ascent,2.6952,48.0762,43.5059,-70.0740,0.0000,0.032979,0.237999,0.076848,0.008152,0.6000,+0
6.0008,ascent,2.6952,47.9883,43.5059,-70.0740,0.0000,0.033158,0.237995,0.076848,0.008152,0.6000,+0
6.0018,ascent,2.6952,47.9004,43.5059,-70.0740,0.0000,0.033337,0.237990,0.076850,0.008150,0.6000,+0
6.0030,ascent,2.6952,47.8125,43.5059,-70.0740,0.0000,0.033516,0.237985,0.076837,0.008163,0.6000,+0
6.0041,ascent,2.6952,47.7246,43.5059,-71.4480,0.0000,0.033709,0.237981,0.076837,0.008163,0.6000,+0
6.0052,ascent,2.6952,47.6367,43.5059,-71.4480,0.0000,0.033889,0.237976,0.076849,0.008151,0.6000,+0
6.0063,ascent,2.6952,47.4609,43.5059,-71.4480,0.0000,0.034247,0.237967,0.076849,0.008151,0.6000,+0
6.0074,ascent,2.6952,47.4609,43.5937,-71.4480,1.3740,0.034251,0.142792,0.076849,0.008151,0.6000,+0
6.0085,ascent,2.6952,47.3730,43.5937,-71.4480,1.3740,0.034430,0.142787,0.076849,0.008151,0.6000,+0
6.0096,ascent,2.6952,47.2852,43.5937,-71.4480,1.3740,0.034610,0.142782,0.076866,0.008134,0.6000,+0
6.0108,ascent,2.6952,47.1094,43.7695,-71.4480,2.7480,0.034977,0.051303,0.076866,0.008134,0.6000,+0
6.0118,ascent,2.6952,47.1094,43.7695,-71.4480,2.7480,0.034977,0.051303,0.076876,0.008124,0.6000,+0
6.0130,ascent,2.6952,47.0215,43.8574,-71.4480,4.1220,0.035161,0.035669,0.076859,0.008141,0.6000,+0
6.0141,ascent,2.6952,46.9336,43.8574,-71.4480,4.1220,0.035340,0.035664,0.076859,0.008141,0.6000,+0
6.0152,ascent,2.6952,46.8457,43.9453,-71.4480,5.4960,0.035524,0.034289,0.076874,0.008126,0.6000,+0
6.0163,ascent,2.6952,46.8457,44.0332,-71.4480,6.8700,0.035528,0.033541,0.076874,0.008126,0.6000,+0
6.0174,ascent,2.6952,46.7578,44.0332,-71.4480,8.2440,0.035707,0.033482,0.076877,0.008123,0.6000,+0
6.0185,ascent,2.6952,46.6699,44.1211,-71.4480,9.6180,0.035891,0.032736,0.076877,0.008123,0.6000,+0
6.0196,ascent,2.6952,46.5820,44.2090,-71.4480,10.9920,0.036075,0.031990,0.076884,0.008116,0.6000,+0
6.0208,ascent,2.6952,46.4062,44.3848,-71.4480,15.1140,0.036442,0.030443,0.076884,0.008116,0.6000,+0
6.0218,ascent,2.6952,46.4062,44.3848,-71.4480,16.4880,0.036442,0.030389,0.076895,0.008105,0.6000,+0
6.0230,ascent,2.6952,46.3184,44.4727,-71.4480,17.8620,0.036626,0.029643,0.076891,0.008109,0.6000,+0
6.0241,ascent,2.6952,46.2305,44.5605,-71.4480,19.2360,0.036810,0.028897,0.076891,0.008109,0.6000,+0
6.0252,ascent,2.6952,46.2305,44.6484,-70.0740,21.9840,0.036800,0.028101,0.076894,0.008106,0.6000,+0
6.0263,ascent,2.6952,46.1426,44.6484,-70.0740,23.3580,0.036979,0.028042,0.076894,0.008106,0.6000,+0
6.0274,ascent,2.6952,46.0547,44.6484,-70.0740,24.7320,0.037159,0.027983,0.076890,0.008110,0.6000,+0
6.0285,ascent,2.6952,45.9668,44.7363,-70.0740,26.1060,0.037342,0.027237,0.076890,0.008110,0.6000,+0
6.0296,ascent,2.6952,45.8789,44.8242,-70.0740,28.8540,0.037526,0.026437,0.076910,0.008090,0.6000,+0
6.0308,ascent,2.6952,45.7910,44.9121,-70.0740,31.6020,0.037710,0.025637,0.076910,0.008090,0.6000,+0
6.0318,ascent,2.6952,45.7031,44.9121,-70.0740,32.9760,0.037889,0.025578,0.076887,0.008113,0.6000,+0
6.0330,ascent,2.6952,45.7031,44.9121,-70.0740,34.3500,0.037889,0.025523,0.076913,0.008087,0.6000,+0
6.0341,ascent,2.6952,45.6152,45.0000,-70.0740,35.7240,0.038073,0.024777,0.076913,0.008087,0.6000,+0
6.0352,ascent,2.6952,45.5273,45.0000,-70.0740,37.0980,0.038252,0.024718,0.076903,0.008097,0.6000,+0
6.0363,ascent,2.6952,45.4395,45.0000,-68.7000,38.4720,0.038417,0.024659,0.076903,0.008097,0.6000,+0
6.0374,ascent,2.6952,45.3516,45.0000,-68.7000,39.8460,0.038596,0.024600,0.076912,0.008088,0.6000,+0
6.0385,ascent,2.6952,45.3516,45.0000,-68.7000,39.8460,0.038596,0.024600,0.076912,0.008088,0.6000,+0
6.0396,ascent,2.6952,45.2637,45.0000,-68.7000,39.8460,0.038775,0.024595,0.076927,0.008073,0.6000,+0
6.0408,ascent,2.6952,45.0879,45.0000,-68.7000,41.2200,0.039133,0.024532,0.076927,0.008073,0.6000,+0
6.0418,ascent,2.6952,45.0879,45.0000,-67.3260,41.2200,0.039119,0.024532,0.076924,0.008076,0.6000,+0
6.0430,ascent,2.6952,45.0000,45.0000,-67.3260,41.2200,0.039298,0.024527,0.076929,0.008071,0.6000,+0
6.0441,ascent,2.6952,45.0000,45.0000,-67.3260,39.8460,0.039298,0.024581,0.076929,0.008071,0.6000,+0
6.0452,ascent,2.6952,44.9121,45.0000,-67.3260,39.8460,0.039477,0.024577,0.076930,0.008070,0.6000,+0
6.0463,ascent,2.6952,44.8242,45.0000,-65.9520,39.8460,0.039642,0.024572,0.076930,0.008070,0.6000,+0
6.0474,ascent,2.6952,44.7363,45.0000,-65.9520,38.4720,0.039822,0.024622,0.076932,0.008068,0.6000,+0
6.0485,ascent,2.6952,44.7363,44.9121,-65.9520,37.0980,0.039817,0.025363,0.076932,0.008068,0.6000,+0
6.0496,ascent,2.6952,44.6484,44.9121,-65.9520,35.7240,0.039996,0.025413,0.076942,0.008058,0.6000,+0
6.0508,ascent,2.6952,44.5605,44.9121,-65.9520,32.9760,0.040175,0.025517,0.076942,0.008058,0.6000,+0
6.0518,ascent,2.6952,44.4727,44.9121,-64.5780,30.2280,0.040340,0.025622,0.076944,0.008056,0.6000,+0
6.0530,ascent,2.6952,44.4727,44.8242,-64.5780,28.8540,0.040336,0.026363,0.076938,0.008062,0.6000,+0
6.0541,ascent,2.5572,44.3848,44.8242,-64.5780,26.1060,0.040515,0.026467,0.076938,0.008062,0.6000,+0
6.0552,ascent,2.5572,44.2969,44.8242,-63.2040,24.7320,0.040680,0.026517,0.076951,0.008049,0.6000,+0
6.0563,ascent,2.5572,44.2969,44.8242,-63.2040,21.9840,0.040680,0.026626,0.076951,0.008049,0.6000,+0
6.0574,ascent,2.5572,44.2090,44.8242,-63.2040,19.2360,0.040859,0.026730,0.076955,0.008045,0.6000,+0
6.0585,ascent,2.5572,44.2090,44.8242,-63.2040,17.8620,0.040859,0.026784,0.076955,0.008045,0.6000,+0
6.0596,ascent,2.5572,44.1211,44.7363,-61.8300,15.1140,0.041019,0.027576,0.076957,0.008043,0.6000,+0
6.0608,ascent,2.5572,44.0332,44.7363,-60.4560,10.9920,0.041184,0.027734,0.076957,0.008043,0.6000,+0
6.0618,ascent,2.5572,43.9453,44.6484,-60.4560,8.2440,0.041359,0.028525,0.076973,0.008027,0.6000,+0
6.0630,ascent,2.5572,43.9453,44.6484,-59.0820,6.8700,0.041344,0.028580,0.076962,0.008038,0.6000,+0
6.0641,ascent,2.5572,43.8574,44.6484,-59.0820,4.1220,0.041524,0.029320,0.076962,0.008038,0.6000,+0
6.0652,ascent,2.5572,43.8574,44.5605,-59.0820,2.7480,0.041519,0.044950,0.076971,0.008029,0.6000,+0
6.0663,ascent,2.5572,43.7695,44.5605,-59.0820,0.0000,0.041698,0.229530,0.076971,0.008029,0.6000,+0
6.0674,ascent,2.5572,43.7695,44.5605,-57.7080,-1.3740,0.041684,0.135150,0.076964,0.008036,0.6000,+0
6.0685,ascent,2.5572,43.6816,44.5605,-57.7080,-4.1220,0.041863,0.030324,0.076964,0.008036,0.6000,+0
6.0696,ascent,2.5572,43.6816,44.5605,-56.3340,-5.4960,0.041849,0.029750,0.076978,0.008022,0.6000,+0
6.0708,ascent,2.5572,43.5937,44.4727,-54.9600,-8.2440,0.042009,0.030534,0.076978,0.008022,0.6000,+0
6.0718,ascent,2.5572,43.5059,44.4727,-54.9600,-9.6180,0.042188,0.030584,0.076978,0.008022,0.6000,+0
6.0730,ascent,2.5572,43.5059,44.3848,-53.5860,-10.9920,0.042169,0.031325,0.076989,0.008011,0.6000,+0
6.0741,ascent,2.5572,43.4180,44.3848,-53.5860,-10.9920,0.042349,0.031321,0.076989,0.008011,0.6000,+0
6.0752,ascent,2.5572,43.4180,44.3848,-53.5860,-12.3660,0.042349,0.031375,0.076991,0.008009,0.6000,+0
6.0763,ascent,2.5572,43.3301,44.2969,-52.2120,-13.7400,0.042509,0.032112,0.076991,0.008009,0.6000,+0
6.0774,ascent,2.5572,43.3301,44.2969,-52.2120,-15.1140,0.042509,0.032166,0.077008,0.007992,0.6000,+0
6.0785,ascent,2.5572,43.3301,44.2969,-50.8380,-16.4880,0.042495,0.032221,0.077008,0.007992,0.6000,+0
6.0796,ascent,2.5572,43.2422,44.2969,-50.8380,-16.4880,0.042674,0.032216,0.077012,0.007988,0.6000,+0
6.0808,ascent,2.5572,43.2422,44.2969,-49.4640,-17.8620,0.042660,0.032271,0.077012,0.007988,0.6000,+0
6.0818,ascent,2.5572,43.1543,44.2090,-48.0900,-17.8620,0.042820,0.032953,0.077003,0.007997,0.6000,+0
6.0830,ascent,2.5572,43.1543,44.2090,-46.7160,-17.8620,0.042806,0.032953,0.076999,0.008001,0.6000,+0
6.0841,ascent,2.5572,43.0664,44.2090,-46.7160,-19.2360,0.042985,0.033003,0.076999,0.008001,0.6000,+0
6.0852,ascent,2.5572,43.0664,44.2090,-46.7160,-19.2360,0.042985,0.033003,0.077010,0.007990,0.6000,+0
6.0863,ascent,2.5572,43.0664,44.2090,-45.3420,-19.2360,0.042971,0.033003,0.077010,0.007990,0.6000,+0
6.0874,ascent,2.5572,43.0664,44.2090,-43.9680,-19.2360,0.042956,0.033003,0.077025,0.007975,0.6000,+0
6.0885,ascent,2.5572,42.9785,44.2090,-43.9680,-19.2360,0.043136,0.032998,0.077025,0.007975,0.6000,+0
6.0897,ascent,2.5572,42.9785,44.2090,-42.5940,-19.2360,0.043121,0.032998,0.077029,0.007971,0.6000,+0
6.0910,ascent,2.5572,42.8906,44.2090,-41.2200,-17.8620,0.043286,0.032939,0.077021,0.007979,0.6000,+0
6.0920,ascent,2.5572,42.8906,44.2090,-41.2200,-17.8620,0.043286,0.032939,0.077021,0.007979,0.6000,+0
6.0930,ascent,2.5572,42.8906,44.2090,-41.2200,-17.8620,0.043286,0.032939,0.077021,0.007979,0.6000,+0
6.0941,ascent,2.5572,42.8906,44.2090,-39.8460,-17.8620,0.043272,0.032939,0.077021,0.007979,0.6000,+0
6.0953,ascent,2.5572,42.8027,44.2090,-38.4720,-16.4880,0.043437,0.032880,0.077026,0.007974,0.6000,+0
6.0963,ascent,2.5572,42.8027,44.2090,-38.4720,-16.4880,0.043437,0.032880,0.077026,0.007974,0.6000,+0
6.0974,ascent,2.5572,42.7148,44.2090,-37.0980,-15.1140,0.043602,0.032821,0.077039,0.007961,0.6000,+0
6.0985,ascent,2.5572,42.7148,44.2090,-37.0980,-13.7400,0.043602,0.032767,0.077039,0.007961,0.6000,+0
6.0996,ascent,2.5572,42.7148,44.2090,-35.7240,-13.7400,0.043588,0.032767,0.077042,0.007958,0.6000,+0
6.1008,ascent,2.5572,42.6270,44.2090,-34.3500,-12.3660,0.043753,0.032708,0.077042,0.007958,0.6000,+0
6.1018,ascent,2.5572,42.6270,44.2090,-34.3500,-12.3660,0.043753,0.032708,0.077046,0.007954,0.6000,+0
6.1030,ascent,2.5572,42.6270,44.2090,-32.9760,-10.9920,0.043738,0.032654,0.077047,0.007953,0.6000,+0
6.1041,ascent,2.5572,42.6270,44.2090,-32.9760,-10.9920,0.043738,0.032654,0.077047,0.007953,0.6000,+0
6.1052,ascent,2.5572,42.6270,44.2090,-31.6020,-9.6180,0.043724,0.032599,0.077039,0.007961,0.6000,+0
6.1063,ascent,2.5572,42.6270,44.1211,-30.2280,-9.6180,0.043705,0.033286,0.077039,0.007961,0.6000,+0
6.1074,ascent,2.5572,42.6270,44.1211,-28.8540,-9.6180,0.043691,0.033286,0.077065,0.007935,0.6000,+0
6.1085,ascent,2.5572,42.5391,44.1211,-28.8540,-8.2440,0.043870,0.033227,0.077065,0.007935,0.6000,+0
6.1096,ascent,2.5572,42.5391,44.1211,-28.8540,-8.2440,0.043870,0.033227,0.077079,0.007921,0.6000,+0
6.1107,ascent,2.5572,42.5391,44.2090,-26.1060,-6.8700,0.043846,0.032486,0.077079,0.007921,0.6000,+0
6.1119,ascent,2.5572,42.5391,44.2090,-26.1060,-5.4960,0.043846,0.032439,0.077079,0.007921,0.6000,+0
6.1129,ascent,2.5572,42.5391,44.2090,-24.7320,-5.4960,0.043832,0.032439,0.077075,0.007925,0.6000,+0
6.1140,ascent,2.5572,42.4512,44.2090,-24.7320,-4.1220,0.044011,0.033008,0.077075,0.007925,0.6000,+0
6.1151,ascent,2.5572,42.4512,44.2090,-23.3580,-4.1220,0.043997,0.033008,0.077070,0.007930,0.6000,+0
6.1163,ascent,2.5572,42.4512,44.2090,-23.3580,-2.7480,0.043997,0.047842,0.077070,0.007930,0.6000,+0
6.1174,ascent,2.5572,42.4512,44.2090,-21.9840,-2.7480,0.043982,0.047842,0.077093,0.007907,0.6000,+0
6.1185,ascent,2.5572,42.4512,44.2090,-21.9840,-1.3740,0.043982,0.137830,0.077093,0.007907,0.6000,+0
6.1196,ascent,2.5572,42.4512,44.1211,-21.9840,-1.3740,0.043978,0.138517,0.077093,0.007907,0.6000,+0
6.1207,ascent,2.5572,42.4512,44.1211,-19.2360,-1.3740,0.043949,0.138517,0.077093,0.007907,0.6000,+0
6.1219,ascent,2.5572,42.4512,44.1211,-19.2360,-1.3740,0.043949,0.138517,0.077098,0.007902,0.6000,+0
6.1229,ascent,2.5572,42.4512,44.2090,-17.8620,-1.3740,0.043939,0.137830,0.077099,0.007901,0.6000,+0
6.1240,ascent,2.5572,42.4512,44.1211,-17.8620,-1.3740,0.043935,0.138517,0.077099,0.007901,0.6000,+0
6.1251,ascent,2.5572,42.4512,44.1211,-16.4880,-1.3740,0.043921,0.138517,0.077095,0.007905,0.6000,+0
6.1263,ascent,2.5572,42.4512,44.1211,-15.1140,-1.3740,0.043906,0.138517,0.077095,0.007905,0.6000,+0
6.1274,ascent,2.5572,42.4512,44.2090,-15.1140,-1.3740,0.043911,0.137830,0.077108,0.007892,0.6000,+0
6.1285,ascent,2.5572,42.4512,44.2090,-13.7400,-1.3740,0.043896,0.137830,0.077108,0.007892,0.6000,+0
6.1296,ascent,2.5572,42.4512,44.2090,-13.7400,-1.3740,0.043896,0.137830,0.077108,0.007892,0.6000,+0
6.1307,ascent,2.5572,42.4512,44.2090,-12.3660,-1.3740,0.043882,0.137830,0.077108,0.007892,0.6000,+0
6.1318,ascent,2.5572,42.4512,44.2090,-10.9920,0.0000,0.043868,0.232209,0.077111,0.007889,0.6000,+0
6.1329,ascent,2.5572,42.4512,44.2090,-9.6180,0.0000,0.043854,0.232209,0.077111,0.007889,0.6000,+0
6.1340,ascent,2.5572,42.4512,44.2090,-9.6180,0.0000,0.043854,0.232209,0.077116,0.007884,0.6000,+0
6.1351,ascent,2.5572,42.4512,44.2090,-8.2440,0.0000,0.043839,0.232209,0.077118,0.007882,0.6000,+0
6.1363,ascent,2.5572,42.4512,44.2090,-8.2440,0.0000,0.043839,0.232209,0.077118,0.007882,0.6000,+0
6.1374,ascent,2.5572,42.4512,44.2090,-8.2440,0.0000,0.043839,0.232209,0.077125,0.007875,0.6000,+0
6.1385,ascent,2.5572,42.4512,44.2090,-6.8700,0.0000,0.043825,0.232209,0.077125,0.007875,0.6000,+0
6.1396,ascent,2.5572,42.4512,44.2969,-6.8700,1.3740,0.043830,0.137034,0.077127,0.007873,0.6000,+0
6.1407,ascent,2.5572,42.4512,44.2969,-5.4960,2.7480,0.043822,0.046937,0.077127,0.007873,0.6000,+0
6.1418,ascent,2.5572,42.4512,44.3848,-5.4960,2.7480,0.043827,0.046250,0.077142,0.007858,0.6000,+0
6.1429,ascent,2.5572,42.4512,44.3848,-4.1220,4.1220,0.044441,0.031308,0.077147,0.007853,0.6000,+0
6.1440,ascent,2.4191,42.4512,44.4727,-4.1220,4.1220,0.044446,0.030621,0.077147,0.007853,0.6000,+0
6.1451,ascent,2.4191,42.4512,44.4727,-4.1220,5.4960,0.044446,0.029938,0.077141,0.007859,0.6000,+0
6.1463,ascent,2.4191,42.4512,44.5605,-2.7480,5.4960,0.059325,0.029251,0.077141,0.007859,0.6000,+0
6.1474,ascent,2.4191,42.4512,44.5605,-2.7480,6.8700,0.059325,0.029189,0.077144,0.007856,0.6000,+0
6.1485,ascent,2.4191,42.4512,44.6484,-2.7480,8.2440,0.059329,0.028447,0.077144,0.007856,0.6000,+0
6.1496,ascent,2.4191,42.4512,44.7363,-1.3740,9.6180,0.149361,0.027706,0.077147,0.007853,0.6000,+0
6.1507,ascent,2.4191,42.4512,44.8242,-1.3740,12.3660,0.149366,0.026910,0.077147,0.007853,0.6000,+0
6.1519,ascent,2.4191,42.4512,44.9121,-1.3740,15.1140,0.149371,0.026114,0.077162,0.007838,0.6000,+0
6.1529,ascent,2.4191,42.4512,45.0000,0.0000,16.4880,0.243795,0.025373,0.077157,0.007843,0.6000,+0
6.1540,ascent,2.4191,42.4512,45.0000,0.0000,17.8620,0.243795,0.025319,0.077157,0.007843,0.6000,+0
6.1551,ascent,2.4191,42.4512,45.1758,0.0000,19.2360,0.243804,0.023890,0.077165,0.007835,0.6000,+0
6.1562,ascent,2.4191,42.4512,45.2637,0.0000,21.9840,0.243808,0.023094,0.077165,0.007835,0.6000,+0
6.1574,ascent,2.4191,42.4512,45.2637,0.0000,23.3580,0.243808,0.023040,0.077160,0.007840,0.6000,+0
6.1585,ascent,2.4191,42.4512,45.2637,0.0000,24.7320,0.243808,0.022986,0.077160,0.007840,0.6000,+0
6.1596,ascent,2.4191,42.4512,45.3516,0.0000,26.1060,0.243813,0.022244,0.077171,0.007829,0.6000,+0
6.1607,ascent,2.4191,42.5391,45.4395,1.3740,28.8540,0.149190,0.021453,0.077171,0.007829,0.6000,+0
6.1618,ascent,2.4191,42.5391,45.4395,1.3740,30.2280,0.149190,0.021399,0.077186,0.007814,0.6000,+0
6.1629,ascent,2.4191,42.5391,45.4395,1.3740,31.6020,0.149190,0.021344,0.077186,0.007814,0.6000,+0
6.1640,ascent,2.4191,42.5391,45.4395,1.3740,31.6020,0.149190,0.021344,0.077169,0.007831,0.6000,+0
6.1651,ascent,2.4191,42.6270,45.4395,2.7480,32.9760,0.058955,0.021294,0.077177,0.007823,0.6000,+0
6.1663,ascent,2.4191,42.7148,45.4395,2.7480,32.9760,0.058775,0.021299,0.077177,0.007823,0.6000,+0
6.1674,ascent,2.4191,42.7148,45.4395,4.1220,34.3500,0.043873,0.021245,0.077186,0.007814,0.6000,+0
6.1685,ascent,2.4191,42.8027,45.4395,5.4960,34.3500,0.043050,0.021249,0.077186,0.007814,0.6000,+0
6.1696,ascent,2.4191,42.8906,45.4395,6.8700,34.3500,0.042850,0.021254,0.077185,0.007815,0.6000,+0
6.1707,ascent,2.4191,43.0664,45.4395,9.6180,34.3500,0.042463,0.021263,0.077185,0.007815,0.6000,+0
6.1718,ascent,2.4191,43.1543,45.4395,12.3660,34.3500,0.042255,0.021268,0.077172,0.007828,0.6000,+0
6.1729,ascent,2.4191,43.2422,45.4395,13.7400,34.3500,0.042061,0.021272,0.077211,0.007789,0.6000,+0
6.1740,ascent,2.4191,43.3301,45.4395,16.4880,34.3500,0.041853,0.021277,0.077211,0.007789,0.6000,+0
6.1751,ascent,2.4191,43.5059,45.3516,17.8620,32.9760,0.041476,0.022027,0.077203,0.007797,0.6000,+0
6.1762,ascent,2.4191,43.5937,45.3516,20.6100,31.6020,0.041268,0.022086,0.077203,0.007797,0.6000,+0
6.1774,ascent,2.4191,43.6816,45.3516,23.3580,31.6020,0.041060,0.022091,0.077216,0.007784,0.6000,+0
6.1785,ascent,2.4191,43.8574,45.3516,27.4800,30.2280,0.040659,0.022155,0.077216,0.007784,0.6000,+0
6.1796,ascent,2.4191,43.9453,45.3516,30.2280,28.8540,0.040451,0.022214,0.077218,0.007782,0.6000,+0
6.1807,ascent,2.4191,44.1211,45.2637,35.7240,24.7320,0.040031,0.023073,0.077218,0.007782,0.6000,+0
6.1819,ascent,2.4191,44.2969,45.2637,39.8460,23.3580,0.039629,0.023137,0.077204,0.007796,0.6000,+0
6.1829,ascent,2.4191,44.3848,45.1758,42.5940,20.6100,0.039417,0.023937,0.077234,0.007766,0.6000,+0
6.1840,ascent,2.4191,44.4727,45.1758,45.3420,19.2360,0.039209,0.023996,0.077234,0.007766,0.6000,+0
6.1851,ascent,2.4191,44.5605,45.1758,48.0900,16.4880,0.039001,0.024110,0.077232,0.007768,0.6000,+0
6.1863,ascent,2.4191,44.6484,45.1758,52.2120,15.1140,0.038779,0.024169,0.077232,0.007768,0.6000,+0
6.1874,ascent,2.4191,44.8242,45.0000,54.9600,12.3660,0.038383,0.025661,0.077236,0.007764,0.6000,+0
6.1885,ascent,2.4191,44.9121,45.0000,59.0820,9.6180,0.038161,0.025774,0.077236,0.007764,0.6000,+0
6.1896,ascent,2.4191,45.0000,45.0000,61.8300,8.2440,0.037953,0.025833,0.077239,0.007761,0.6000,+0
6.1908,ascent,2.4191,45.1758,44.9121,67.3260,2.7480,0.037533,0.042271,0.077239,0.007761,0.6000,+0
6.1919,ascent,2.4191,45.2637,44.8242,71.4480,1.3740,0.037306,0.133059,0.077223,0.007777,0.6000,+0
6.1929,ascent,2.4191,45.3516,44.8242,74.1960,-1.3740,0.037098,0.133173,0.077223,0.007777,0.6000,+0
6.1940,ascent,2.4191,45.4395,44.8242,75.5700,-4.1220,0.036905,0.028356,0.077244,0.007756,0.6000,+0
6.1951,ascent,2.4191,45.5273,44.7363,78.3180,-5.4960,0.036693,0.028473,0.077245,0.007755,0.6000,+0
6.1962,ascent,2.4191,45.6152,44.7363,81.0660,-8.2440,0.036485,0.028579,0.077245,0.007755,0.6000,+0
6.1973,ascent,2.4191,45.7910,44.6484,83.8140,-9.6180,0.036093,0.029330,0.077257,0.007743,0.6000,+0
6.1985,ascent,2.4191,45.7910,44.6484,86.5620,-10.9920,0.036065,0.029384,0.077257,0.007743,0.6000,+0
6.1996,ascent,2.4191,45.8789,44.6484,87.9360,-12.3660,0.035871,0.029443,0.077258,0.007742,0.6000,+0
6.2008,ascent,2.4191,46.0547,44.5605,90.6840,-16.4880,0.035480,0.030303,0.077258,0.007742,0.6000,+0
6.2018,ascent,2.4191,46.1426,44.4727,92.0580,-17.8620,0.035281,0.031049,0.077254,0.007746,0.6000,+0
6.2030,ascent,2.4191,46.2305,44.4727,93.4320,-19.2360,0.035088,0.031108,0.077270,0.007730,0.6000,+0
6.2041,ascent,2.4191,46.3184,44.4727,94.8060,-20.6100,0.034895,0.031167,0.077270,0.007730,0.6000,+0
6.2052,ascent,2.4191,46.4062,44.3848,94.8060,-21.9840,0.034711,0.031913,0.077276,0.007724,0.6000,+0
6.2063,ascent,2.4191,46.4941,44.3848,96.1800,-21.9840,0.034517,0.031918,0.077276,0.007724,0.6000,+0
6.2074,ascent,2.4191,46.5820,44.3848,96.1800,-23.3580,0.034338,0.031977,0.077277,0.007723,0.6000,+0
6.2085,ascent,2.4191,46.5820,44.2969,96.1800,-24.7320,0.034334,0.032718,0.077277,0.007723,0.6000,+0
6.2096,ascent,2.4191,46.6699,44.2969,96.1800,-24.7320,0.034155,0.032723,0.077281,0.007719,0.6000,+0
6.2108,ascent,2.4191,46.8457,44.2090,94.8060,-26.1060,0.033806,0.033473,0.077281,0.007719,0.6000,+0
6.2118,ascent,2.4191,46.8457,44.2090,93.4320,-27.4800,0.033820,0.033528,0.077271,0.007729,0.6000,+0
6.2130,ascent,2.4191,46.9336,44.2090,93.4320,-27.4800,0.033641,0.033532,0.077279,0.007721,0.6000,+0
6.2141,ascent,2.4191,47.0215,44.1211,92.0580,-27.4800,0.033472,0.034224,0.077279,0.007721,0.6000,+0
6.2152,ascent,2.4191,47.0215,44.1211,90.6840,-28.8540,0.033486,0.034278,0.077292,0.007708,0.6000,+0
6.2163,ascent,2.4191,47.1094,44.1211,89.3100,-28.8540,0.033321,0.034283,0.077292,0.007708,0.6000,+0
6.2174,ascent,2.4191,47.1973,44.1211,87.9360,-28.8540,0.033156,0.034287,0.077294,0.007706,0.6000,+0
6.2185,ascent,2.4191,47.1973,44.0332,87.9360,-28.8540,0.033152,0.034974,0.077294,0.007706,0.6000,+0
6.2196,ascent,2.4191,47.2852,44.0332,86.5620,-28.8540,0.032987,0.034979,0.077303,0.007697,0.6000,+0
6.2208,ascent,2.4191,47.3730,44.0332,83.8140,-28.8540,0.032837,0.034984,0.077303,0.007697,0.6000,+0
6.2218,ascent,2.4191,47.4609,43.9453,82.4400,-28.8540,0.032667,0.035675,0.077302,0.007698,0.6000,+0
6.2230,ascent,2.4191,47.4609,43.9453,81.0660,-28.8540,0.032681,0.035675,0.077291,0.007709,0.6000,+0
6.2241,ascent,2.4191,47.4609,43.9453,78.3180,-28.8540,0.032710,0.035675,0.077291,0.007709,0.6000,+0
6.2252,ascent,2.4191,47.6367,43.9453,76.9440,-28.8540,0.032366,0.035684,0.077306,0.007694,0.6000,+0
6.2263,ascent,2.4191,47.6367,43.8574,75.5700,-28.8540,0.032376,0.036371,0.077306,0.007694,0.6000,+0
6.2274,ascent,2.4191,47.6367,43.8574,74.1960,-28.8540,0.032390,0.036371,0.077316,0.007684,0.6000,+0
6.2285,ascent,2.4191,47.7246,43.8574,72.8220,-28.8540,0.032225,0.036376,0.077316,0.007684,0.6000,+0
6.2296,ascent,2.4191,47.7246,43.7695,70.0740,-27.4800,0.032249,0.037008,0.077319,0.007681,0.6000,+0
6.2308,ascent,2.4191,47.8125,43.7695,67.3260,-27.4800,0.032099,0.037013,0.077319,0.007681,0.6000,+0
6.2318,ascent,2.4191,47.8125,43.7695,65.9520,-27.4800,0.032113,0.037013,0.077310,0.007690,0.6000,+0
6.2330,ascent,2.4191,47.9004,43.7695,64.5780,-26.1060,0.031948,0.036963,0.077302,0.007698,0.6000,+0
6.2341,ascent,2.3030,47.9004,43.5937,63.2040,-26.1060,0.031953,0.038337,0.077302,0.007698,0.6000,+0
6.2352,ascent,2.3030,47.9004,43.5937,60.4560,-26.1060,0.031982,0.038337,0.077323,0.007677,0.6000,+0
6.2363,ascent,2.3030,47.9004,43.5937,59.0820,-26.1060,0.031996,0.038337,0.077323,0.007677,0.6000,+0
6.2374,ascent,2.3030,47.9004,43.5937,56.3340,-24.7320,0.032025,0.038283,0.077331,0.007669,0.6000,+0
6.2385,ascent,2.3030,47.9004,43.5059,54.9600,-24.7320,0.032035,0.038969,0.077331,0.007669,0.6000,+0
6.2396,ascent,2.3030,47.9004,43.5059,52.2120,-24.7320,0.032063,0.038969,0.077338,0.007662,0.6000,+0
6.2408,ascent,2.3030,47.9883,43.5059,49.4640,-23.3580,0.031913,0.038920,0.077338,0.007662,0.6000,+0
6.2418,ascent,2.3030,47.9883,43.4180,46.7160,-23.3580,0.031937,0.039607,0.077338,0.007662,0.6000,+0
6.2430,ascent,2.3030,47.9883,43.4180,45.3420,-23.3580,0.031951,0.039607,0.077349,0.007651,0.6000,+0
6.2441,ascent,2.3030,47.9883,43.4180,43.9680,-23.3580,0.031965,0.039607,0.077349,0.007651,0.6000,+0
6.2452,ascent,2.3030,47.9883,43.4180,41.2200,-23.3580,0.031994,0.039607,0.077339,0.007661,0.6000,+0
6.2463,ascent,2.3030,47.9883,43.4180,39.8460,-21.9840,0.032008,0.039552,0.077339,0.007661,0.6000,+0
6.2474,ascent,2.3030,47.9883,43.4180,38.4720,-21.9840,0.032023,0.039552,0.077348,0.007652,0.6000,+0
6.2485,ascent,2.3030,47.9883,43.4180,35.7240,-20.6100,0.032051,0.039498,0.077348,0.007652,0.6000,+0
6.2496,ascent,2.3030,47.9883,43.4180,34.3500,-20.6100,0.032066,0.039498,0.077361,0.007639,0.6000,+0
6.2508,ascent,2.3030,47.9004,43.3301,30.2280,-20.6100,0.032283,0.040180,0.077361,0.007639,0.6000,+0
6.2518,ascent,2.3030,47.9004,43.3301,27.4800,-20.6100,0.032312,0.040180,0.077358,0.007642,0.6000,+0
6.2530,ascent,2.3030,47.9004,43.3301,26.1060,-19.2360,0.032326,0.040126,0.077355,0.007645,0.6000,+0
6.2541,ascent,2.3030,47.9004,43.3301,23.3580,-19.2360,0.032355,0.040126,0.077355,0.007645,0.6000,+0
6.2552,ascent,2.3030,47.9004,43.3301,21.9840,-19.2360,0.032369,0.040126,0.077366,0.007634,0.6000,+0
6.2563,ascent,2.3030,47.9004,43.3301,20.6100,-17.8620,0.032383,0.040071,0.077366,0.007634,0.6000,+0
6.2574,ascent,2.3030,47.9004,43.3301,19.2360,-17.8620,0.032397,0.040071,0.077368,0.007632,0.6000,+0
6.2585,ascent,2.3030,47.9004,43.3301,17.8620,-17.8620,0.032412,0.040071,0.077368,0.007632,0.6000,+0
6.2596,ascent,2.3030,47.9004,43.3301,16.4880,-16.4880,0.032426,0.040017,0.077360,0.007640,0.6000,+0
6.2608,ascent,2.3030,47.9004,43.3301,13.7400,-15.1140,0.032455,0.039962,0.077360,0.007640,0.6000,+0
6.2618,ascent,2.3030,47.9004,43.3301,12.3660,-15.1140,0.032469,0.039962,0.077381,0.007619,0.6000,+0
6.2630,ascent,2.3030,47.9004,43.3301,10.9920,-13.7400,0.032483,0.039908,0.077374,0.007626,0.6000,+0
6.2641,ascent,2.3030,47.8125,43.3301,9.6180,-13.7400,0.032677,0.039903,0.077374,0.007626,0.6000,+0
6.2652,ascent,2.3030,47.8125,43.3301,8.2440,-12.3660,0.032691,0.039849,0.077368,0.007632,0.6000,+0
6.2663,ascent,2.3030,47.8125,43.3301,6.8700,-12.3660,0.032705,0.039849,0.077368,0.007632,0.6000,+0
6.2674,ascent,2.3030,47.8125,43.3301,5.4960,-10.9920,0.032727,0.039794,0.077387,0.007613,0.6000,+0
6.2685,ascent,2.3030,47.8125,43.3301,4.1220,-10.9920,0.033370,0.039794,0.077387,0.007613,0.6000,+0
6.2696,ascent,2.3030,47.8125,43.3301,2.7480,-10.9920,0.048273,0.039794,0.077384,0.007616,0.6000,+0
6.2708,ascent,2.3030,47.8125,43.3301,1.3740,-8.2440,0.138329,0.039686,0.077384,0.007616,0.6000,+0
6.2718,ascent,2.3030,47.8125,43.3301,1.3740,-8.2440,0.138329,0.039686,0.077401,0.007599,0.6000,+0
6.2730,ascent,2.3030,47.8125,43.3301,0.0000,-8.2440,0.232777,0.039686,0.077392,0.007608,0.6000,+0
6.2741,ascent,2.3030,47.8125,43.3301,-1.3740,-6.8700,0.138358,0.039631,0.077392,0.007608,0.6000,+0
6.2752,ascent,2.3030,47.8125,43.3301,-1.3740,-6.8700,0.138358,0.039631,0.077404,0.007596,0.6000,+0
6.2763,ascent,2.3030,47.7246,43.3301,-2.7480,-5.4960,0.048509,0.039579,0.077404,0.007596,0.6000,+0
6.2774,ascent,2.3030,47.7246,43.3301,-2.7480,-5.4960,0.048509,0.039579,0.077400,0.007600,0.6000,+0
6.2785,ascent,2.3030,47.7246,43.3301,-4.1220,-4.1220,0.033635,0.040154,0.077400,0.007600,0.6000,+0
6.2796,ascent,2.3030,47.7246,43.3301,-4.1220,-4.1220,0.033635,0.040154,0.077404,0.007596,0.6000,+0
6.2808,ascent,2.3030,47.7246,43.3301,-5.4960,-4.1220,0.033021,0.040154,0.077404,0.007596,0.6000,+0
6.2818,ascent,2.3030,47.7246,43.3301,-5.4960,-2.7480,0.033021,0.054988,0.077404,0.007596,0.6000,+0
6.2830,ascent,2.3030,47.7246,43.3301,-5.4960,-2.7480,0.033021,0.054988,0.077414,0.007586,0.6000,+0
6.2841,ascent,2.3030,47.8125,43.3301,-5.4960,-1.3740,0.032841,0.144980,0.077414,0.007586,0.6000,+0
6.2852,ascent,2.3030,47.8125,43.3301,-4.1220,-1.3740,0.033456,0.144980,0.077417,0.007583,0.6000,+0
6.2863,ascent,2.3030,47.8125,43.3301,-4.1220,-1.3740,0.033456,0.144980,0.077417,0.007583,0.6000,+0
6.2874,ascent,2.3030,47.8125,43.3301,-4.1220,-1.3740,0.033456,0.144980,0.077424,0.007576,0.6000,+0
6.2885,ascent,2.3030,47.8125,43.3301,-4.1220,-1.3740,0.033456,0.144980,0.077424,0.007576,0.6000,+0
6.2896,ascent,2.3030,47.8125,43.3301,-2.7480,0.0000,0.048330,0.239359,0.077416,0.007584,0.6000,+0
6.2908,ascent,2.3030,47.9004,43.3301,-2.7480,0.0000,0.048151,0.239364,0.077416,0.007584,0.6000,+0
6.2918,ascent,2.3030,47.9004,43.3301,-1.3740,0.0000,0.138178,0.239364,0.077418,0.007582,0.6000,+0
6.2930,ascent,2.3030,47.9004,43.3301,-1.3740,0.0000,0.138178,0.239364,0.077438,0.007562,0.6000,+0
6.2941,ascent,2.3030,47.9004,43.3301,-1.3740,0.0000,0.138178,0.239364,0.077438,0.007562,0.6000,+0
6.2952,ascent,2.3030,47.9004,43.3301,-1.3740,0.0000,0.138178,0.239364,0.077427,0.007573,0.6000,+0
6.2963,ascent,2.3030,47.9004,43.3301,0.0000,0.0000,0.232598,0.239364,0.077427,0.007573,0.6000,+0
6.2974,ascent,2.3030,47.9004,43.3301,0.0000,0.0000,0.232598,0.239364,0.077418,0.007582,0.6000,+0
6.2985,ascent,2.3030,47.9004,43.3301,1.3740,0.0000,0.138150,0.239364,0.077418,0.007582,0.6000,+0
6.2996,ascent,2.3030,47.9004,43.3301,1.3740,0.0000,0.138150,0.239364,0.077437,0.007563,0.6000,+0
6.3008,ascent,2.3030,47.9004,43.4180,1.3740,1.3740,0.138155,0.144189,0.077437,0.007563,0.6000,+0
6.3018,ascent,2.3030,47.9004,43.5059,1.3740,1.3740,0.138159,0.143502,0.077455,0.007545,0.6000,+0
6.3030,ascent,2.3030,47.9004,43.5059,2.7480,2.7480,0.048103,0.053405,0.077447,0.007553,0.6000,+0
6.3041,ascent,2.3030,47.9004,43.5937,2.7480,4.1220,0.048107,0.037776,0.077447,0.007553,0.6000,+0
6.3052,ascent,2.3030,47.9004,43.7695,2.7480,4.1220,0.048117,0.036402,0.077442,0.007558,0.6000,+0
6.3063,ascent,2.3030,47.9004,43.8574,2.7480,5.4960,0.048121,0.035032,0.077442,0.007558,0.6000,+0
6.3074,ascent,2.3030,47.9004,43.8574,2.7480,6.8700,0.048121,0.034970,0.077453,0.007547,0.6000,+0
6.3085,ascent,2.3030,47.9883,43.9453,4.1220,8.2440,0.033044,0.034234,0.077453,0.007547,0.6000,+0
6.3096,ascent,2.3030,47.9883,44.0332,4.1220,10.9920,0.033049,0.033438,0.077453,0.007547,0.6000,+0
6.3108,ascent,2.3030,48.0762,44.2090,6.8700,13.7400,0.032215,0.031960,0.077453,0.007547,0.6000,+0
6.3118,ascent,2.3030,48.1641,44.2969,8.2440,16.4880,0.032026,0.031169,0.077464,0.007536,0.6000,+0
6.3130,ascent,2.3030,48.1641,44.4727,8.2440,19.2360,0.032035,0.029687,0.077455,0.007545,0.6000,+0
6.3141,ascent,2.3030,48.2520,44.5605,9.6180,21.9840,0.031847,0.028896,0.077455,0.007545,0.6000,+0
6.3152,ascent,2.3030,48.2520,44.5605,10.9920,23.3580,0.031832,0.028841,0.077468,0.007532,0.6000,+0
6.3163,ascent,2.3030,48.2520,44.7363,10.9920,26.1060,0.031842,0.027359,0.077468,0.007532,0.6000,+0
6.3174,ascent,2.3030,48.3398,44.8242,12.3660,28.8540,0.031653,0.026568,0.077464,0.007536,0.6000,+0
6.3185,ascent,2.3030,48.3398,44.9121,13.7400,31.6020,0.031643,0.025772,0.077464,0.007536,0.6000,+0
6.3196,ascent,2.3030,48.4277,45.0000,13.7400,34.3500,0.031469,0.024981,0.077472,0.007528,0.6000,+0
6.3208,ascent,2.3030,48.5156,45.1758,16.4880,39.8460,0.031271,0.023395,0.077472,0.007528,0.6000,+0
6.3218,ascent,2.3030,48.5156,45.2637,16.4880,41.2200,0.031276,0.022653,0.077478,0.007522,0.6000,+0
6.3230,ascent,2.3030,48.6035,45.3516,17.8620,43.9680,0.031087,0.021863,0.077486,0.007514,0.6000,+0
6.3241,ascent,2.1999,48.6035,45.3516,19.2360,46.7160,0.031073,0.021754,0.077486,0.007514,0.6000,+0
6.3252,ascent,2.1999,48.6035,45.4395,19.2360,48.0900,0.031077,0.021013,0.077469,0.007531,0.6000,+0
6.3263,ascent,2.1999,48.6035,45.5273,19.2360,50.8380,0.031082,0.020217,0.077469,0.007531,0.6000,+0
6.3274,ascent,2.1999,48.6035,45.5273,20.6100,52.2120,0.031068,0.020163,0.077490,0.007510,0.6000,+0
6.3285,ascent,2.1999,48.6914,45.6152,20.6100,54.9600,0.030894,0.019372,0.077490,0.007510,0.6000,+0
6.3296,ascent,2.1999,48.6914,45.6152,21.9840,56.3340,0.030879,0.019317,0.077490,0.007510,0.6000,+0
6.3308,ascent,2.1999,48.6914,45.7031,23.3580,60.4560,0.030870,0.018467,0.077490,0.007510,0.6000,+0
6.3318,ascent,2.1999,48.7793,45.7031,23.3580,60.4560,0.030691,0.018472,0.077489,0.007511,0.6000,+0
6.3330,ascent,2.1999,48.7793,45.7031,24.7320,61.8300,0.030676,0.018418,0.077497,0.007503,0.6000,+0
6.3341,ascent,2.1999,48.7793,45.7910,24.7320,61.8300,0.030681,0.017731,0.077497,0.007503,0.6000,+0
6.3352,ascent,2.1999,48.7793,45.7910,24.7320,63.2040,0.030681,0.017676,0.077499,0.007501,0.6000,+0
6.3363,ascent,2.1999,48.7793,45.7910,26.1060,63.2040,0.030667,0.017676,0.077499,0.007501,0.6000,+0
6.3374,ascent,2.1999,48.7793,45.7910,26.1060,63.2040,0.030667,0.017676,0.077503,0.007497,0.6000,+0
6.3385,ascent,2.1999,48.7793,45.7910,26.1060,61.8300,0.030667,0.017731,0.077503,0.007497,0.6000,+0
6.3396,ascent,2.1999,48.7793,45.7031,26.1060,61.8300,0.030662,0.018418,0.077509,0.007491,0.6000,+0
6.3408,ascent,2.1999,48.7793,45.7031,26.1060,59.0820,0.030662,0.018526,0.077509,0.007491,0.6000,+0
6.3418,ascent,2.1999,48.7793,45.7031,26.1060,56.3340,0.030662,0.018635,0.077507,0.007493,0.6000,+0
6.3430,ascent,2.1999,48.7793,45.7031,24.7320,54.9600,0.030676,0.018690,0.077519,0.007481,0.6000,+0
6.3441,ascent,2.1999,48.6914,45.7031,24.7320,53.5860,0.030855,0.018739,0.077519,0.007481,0.6000,+0
6.3452,ascent,2.1999,48.6914,45.7031,23.3580,50.8380,0.030870,0.018848,0.077520,0.007480,0.6000,+0
6.3463,ascent,2.1999,48.7793,45.6152,21.9840,48.0900,0.030700,0.019648,0.077520,0.007480,0.6000,+0
6.3474,ascent,2.1999,48.6914,45.6152,20.6100,45.3420,0.030894,0.019753,0.077525,0.007475,0.6000,+0
6.3485,ascent,2.1999,48.6914,45.6152,20.6100,42.5940,0.030894,0.019861,0.077525,0.007475,0.6000,+0
6.3496,ascent,2.1999,48.6914,45.5273,19.2360,38.4720,0.030903,0.020711,0.077541,0.007459,0.6000,+0
6.3508,ascent,2.1999,48.6914,45.5273,16.4880,32.9760,0.030932,0.020929,0.077541,0.007459,0.6000,+0
6.3518,ascent,2.1999,48.6914,45.5273,15.1140,30.2280,0.030946,0.021038,0.077531,0.007469,0.6000,+0
6.3530,ascent,2.1999,48.6914,45.4395,13.7400,26.1060,0.030956,0.021888,0.077538,0.007462,0.6000,+0
6.3541,ascent,2.1999,48.6914,45.4395,12.3660,23.3580,0.030970,0.021997,0.077538,0.007462,0.6000,+0
6.3552,ascent,2.1999,48.6914,45.4395,10.9920,20.6100,0.030984,0.022106,0.077544,0.007456,0.6000,+0
6.3563,ascent,2.1999,48.6914,45.4395,10.9920,17.8620,0.030984,0.022215,0.077544,0.007456,0.6000,+0
6.3574,ascent,2.1999,48.6914,45.3516,9.6180,15.1140,0.030994,0.023010,0.077540,0.007460,0.6000,+0
6.3585,ascent,2.1999,48.6914,45.3516,8.2440,12.3660,0.031008,0.023119,0.077540,0.007460,0.6000,+0
6.3596,ascent,2.1999,48.6035,45.2637,6.8700,9.6180,0.031197,0.023910,0.077534,0.007466,0.6000,+0
6.3608,ascent,2.1999,48.6035,45.1758,5.4960,4.1220,0.031214,0.025450,0.077534,0.007466,0.6000,+0
6.3618,ascent,2.1999,48.6035,45.1758,4.1220,1.3740,0.031857,0.130490,0.077559,0.007441,0.6000,+0
6.3630,ascent,2.1999,48.6035,45.0000,2.7480,-1.3740,0.046750,0.131972,0.077550,0.007450,0.6000,+0
6.3641,ascent,2.1999,48.6035,45.0000,1.3740,-4.1220,0.136806,0.027150,0.077550,0.007450,0.6000,+0
6.3652,ascent,2.1999,48.6035,45.0000,1.3740,-6.8700,0.136806,0.026623,0.077564,0.007436,0.6000,+0
6.3663,ascent,2.1999,48.6035,44.9121,0.0000,-9.6180,0.231250,0.027419,0.077564,0.007436,0.6000,+0
6.3674,ascent,2.1999,48.6035,44.8242,0.0000,-10.9920,0.231245,0.028160,0.077565,0.007435,0.6000,+0
6.3685,ascent,2.1999,48.6035,44.8242,-1.3740,-13.7400,0.136825,0.028269,0.077565,0.007435,0.6000,+0
6.3696,ascent,2.1999,48.6035,44.8242,-1.3740,-15.1140,0.136825,0.028323,0.077572,0.007428,0.6000,+0
6.3708,ascent,2.1999,48.5156,44.6484,-2.7480,-19.2360,0.046967,0.029856,0.077572,0.007428,0.6000,+0
6.3718,ascent,2.1999,48.5156,44.6484,-4.1220,-20.6100,0.032093,0.029910,0.077569,0.007431,0.6000,+0
6.3730,ascent,2.1999,48.5156,44.6484,-4.1220,-21.9840,0.032093,0.029964,0.077569,0.007431,0.6000,+0
6.3741,ascent,2.1999,48.5156,44.5605,-5.4960,-23.3580,0.031474,0.030706,0.077569,0.007431,0.6000,+0
6.3752,ascent,2.1999,48.5156,44.5605,-5.4960,-24.7320,0.031474,0.030760,0.077568,0.007432,0.6000,+0
6.3763,ascent,2.1999,48.5156,44.4727,-5.4960,-26.1060,0.031470,0.031501,0.077568,0.007432,0.6000,+0
6.3774,ascent,2.1999,48.5156,44.4727,-5.4960,-27.4800,0.031470,0.031556,0.077581,0.007419,0.6000,+0
6.3785,ascent,2.1999,48.5156,44.3848,-5.4960,-28.8540,0.031465,0.032297,0.077581,0.007419,0.6000,+0
6.3796,ascent,2.1999,48.6035,44.3848,-5.4960,-30.2280,0.031286,0.032356,0.077580,0.007420,0.6000,+0
6.3808,ascent,2.1999,48.6035,44.2969,-4.1220,-31.6020,0.031896,0.033097,0.077580,0.007420,0.6000,+0
6.3818,ascent,2.1999,48.6914,44.2969,-4.1220,-31.6020,0.031717,0.033102,0.077595,0.007405,0.6000,+0
6.3830,ascent,2.1999,48.6914,44.2090,-2.7480,-32.9760,0.046586,0.033843,0.077594,0.007406,0.6000,+0
6.3841,ascent,2.1999,48.6914,44.2090,-2.7480,-32.9760,0.046586,0.033843,0.077594,0.007406,0.6000,+0
6.3852,ascent,2.1999,48.6914,44.2090,-1.3740,-32.9760,0.136614,0.033843,0.077597,0.007403,0.6000,+0
6.3863,ascent,2.1999,48.7793,44.1211,-1.3740,-34.3500,0.136430,0.034589,0.077597,0.007403,0.6000,+0
6.3874,ascent,2.1999,48.7793,44.1211,0.0000,-34.3500,0.230849,0.034589,0.077607,0.007393,0.6000,+0
6.3885,ascent,2.1999,48.7793,44.0332,0.0000,-35.7240,0.230845,0.035330,0.077607,0.007393,0.6000,+0
6.3896,ascent,2.1999,48.7793,44.0332,0.0000,-35.7240,0.230845,0.035330,0.077592,0.007408,0.6000,+0
6.3908,ascent,2.1999,48.7793,43.9453,1.3740,-37.0980,0.136392,0.036072,0.077592,0.007408,0.6000,+0
6.3918,ascent,2.1999,48.7793,43.9453,2.7480,-37.0980,0.046336,0.036072,0.077599,0.007401,0.6000,+0
6.3930,ascent,2.1999,48.7793,43.9453,2.7480,-35.7240,0.046336,0.036017,0.077612,0.007388,0.6000,+0
6.3941,ascent,2.1999,48.7793,43.8574,4.1220,-37.0980,0.031428,0.036758,0.077612,0.007388,0.6000,+0
6.3952,ascent,2.1999,48.7793,43.8574,4.1220,-35.7240,0.031428,0.036704,0.077605,0.007395,0.6000,+0
6.3963,ascent,2.1999,48.7793,43.8574,4.1220,-35.7240,0.031428,0.036704,0.077605,0.007395,0.6000,+0
6.3974,ascent,2.1999,48.7793,43.7695,4.1220,-35.7240,0.031424,0.037391,0.077614,0.007386,0.6000,+0
6.3985,ascent,2.1999,48.8672,43.7695,5.4960,-35.7240,0.030601,0.037396,0.077614,0.007386,0.6000,+0
6.3996,ascent,2.1999,48.8672,43.5937,5.4960,-35.7240,0.030592,0.038769,0.077631,0.007369,0.6000,+0
6.4008,ascent,2.1999,48.9551,43.5937,6.8700,-35.7240,0.030392,0.038774,0.077631,0.007369,0.6000,+0
6.4018,ascent,2.1999,48.9551,43.5937,8.2440,-35.7240,0.030377,0.038774,0.077632,0.007368,0.6000,+0
6.4030,ascent,2.1999,48.9551,43.5059,9.6180,-34.3500,0.030358,0.039406,0.077630,0.007370,0.6000,+0
6.4041,ascent,2.1999,49.0430,43.5059,9.6180,-34.3500,0.030179,0.039411,0.077630,0.007370,0.6000,+0
6.4052,ascent,2.1999,49.0430,43.5059,10.9920,-34.3500,0.030165,0.039411,0.077641,0.007359,0.6000,+0
6.4063,ascent,2.1999,49.1309,43.4180,12.3660,-34.3500,0.029967,0.040102,0.077641,0.007359,0.6000,+0
6.4074,ascent,2.1999,49.1309,43.4180,13.7400,-32.9760,0.029953,0.040048,0.077630,0.007370,0.6000,+0
6.4085,ascent,2.1999,49.1309,43.4180,15.1140,-32.9760,0.029938,0.040048,0.077630,0.007370,0.6000,+0
6.4096,ascent,2.1999,49.1309,43.3301,15.1140,-32.9760,0.029934,0.040735,0.077655,0.007345,0.6000,+0
6.4107,ascent,2.1999,49.2188,43.3301,16.4880,-31.6020,0.029740,0.040685,0.077655,0.007345,0.6000,+0
6.4119,ascent,2.1999,49.2188,43.3301,17.8620,-31.6020,0.029726,0.040685,0.077629,0.007371,0.6000,+0
6.4130,ascent,2.1999,49.2188,43.3301,17.8620,-31.6020,0.029726,0.040685,0.077657,0.007343,0.6000,+0
6.4141,ascent,2.1168,49.2188,43.2422,17.8620,-30.2280,0.029721,0.041318,0.077657,0.007343,0.6000,+0
6.4152,ascent,2.1168,49.3066,43.2422,17.8620,-30.2280,0.029542,0.041322,0.077670,0.007330,0.6000,+0
6.4163,ascent,2.1168,49.3066,43.2422,17.8620,-30.2280,0.029542,0.041322,0.077670,0.007330,0.6000,+0
6.4174,ascent,2.1168,49.3066,43.2422,17.8620,-28.8540,0.029542,0.041268,0.077666,0.007334,0.6000,+0
6.4185,ascent,2.1168,49.3066,43.2422,17.8620,-28.8540,0.029542,0.041268,0.077666,0.007334,0.6000,+0
6.4196,ascent,2.1168,49.3066,43.1543,17.8620,-28.8540,0.029538,0.041955,0.077682,0.007318,0.6000,+0
6.4208,ascent,2.1168,49.3066,43.1543,17.8620,-27.4800,0.029538,0.041900,0.077682,0.007318,0.6000,+0
6.4218,ascent,2.1168,49.3066,43.1543,17.8620,-26.1060,0.029538,0.041846,0.077688,0.007312,0.6000,+0
6.4230,ascent,2.1168,49.3066,43.1543,17.8620,-26.1060,0.029538,0.041846,0.077691,0.007309,0.6000,+0
6.4241,ascent,2.1168,49.3066,43.1543,17.8620,-24.7320,0.029538,0.041791,0.077691,0.007309,0.6000,+0
6.4252,ascent,2.1168,49.3066,43.0664,17.8620,-24.7320,0.029533,0.042478,0.077704,0.007296,0.6000,+0
6.4263,ascent,2.1168,49.3066,43.0664,17.8620,-24.7320,0.029533,0.042478,0.077704,0.007296,0.6000,+0
6.4274,ascent,2.1168,49.2188,43.0664,16.4880,-23.3580,0.029726,0.042419,0.077694,0.007306,0.6000,+0
6.4285,ascent,2.1168,49.2188,43.0664,16.4880,-23.3580,0.029726,0.042419,0.077694,0.007306,0.6000,+0
6.4296,ascent,2.1168,49.2188,43.0664,16.4880,-23.3580,0.029726,0.042419,0.077703,0.007297,0.6000,+0
6.4308,ascent,2.1168,49.2188,43.0664,15.1140,-20.6100,0.029741,0.042310,0.077703,0.007297,0.6000,+0
6.4318,ascent,2.1168,49.2188,43.0664,15.1140,-20.6100,0.029741,0.042310,0.077705,0.007295,0.6000,+0
6.4330,ascent,2.1168,49.2188,43.0664,13.7400,-19.2360,0.029755,0.042256,0.077724,0.007276,0.6000,+0
6.4341,ascent,2.1168,49.2188,43.0664,12.3660,-19.2360,0.029769,0.042256,0.077724,0.007276,0.6000,+0
6.4352,ascent,2.1168,49.2188,43.0664,12.3660,-17.8620,0.029769,0.042201,0.077705,0.007295,0.6000,+0
6.4363,ascent,2.1168,49.2188,43.0664,10.9920,-17.8620,0.029784,0.042201,0.077705,0.007295,0.6000,+0
6.4374,ascent,2.1168,49.1309,43.0664,9.6180,-16.4880,0.029977,0.042142,0.077725,0.007275,0.6000,+0
6.4385,ascent,2.1168,49.1309,43.0664,8.2440,-16.4880,0.029991,0.042142,0.077725,0.007275,0.6000,+0
6.4396,ascent,2.1168,49.1309,43.0664,8.2440,-15.1140,0.029991,0.042088,0.077709,0.007291,0.6000,+0
6.4408,ascent,2.1168,49.1309,43.0664,5.4960,-13.7400,0.030027,0.042034,0.077709,0.007291,0.6000,+0
6.4418,ascent,2.1168,49.1309,43.0664,4.1220,-12.3660,0.030670,0.041979,0.077718,0.007282,0.6000,+0
6.4430,ascent,2.1168,49.1309,43.0664,4.1220,-12.3660,0.030670,0.041979,0.077750,0.007250,0.6000,+0
6.4441,ascent,2.1168,49.1309,43.0664,2.7480,-10.9920,0.045573,0.041925,0.077750,0.007250,0.6000,+0
6.4452,ascent,2.1168,49.1309,43.0664,2.7480,-10.9920,0.045573,0.041925,0.077724,0.007276,0.6000,+0
6.4463,ascent,2.1168,49.1309,43.0664,1.3740,-9.6180,0.135629,0.041870,0.077724,0.007276,0.6000,+0
6.4474,ascent,2.1168,49.1309,43.0664,0.0000,-9.6180,0.230077,0.041870,0.077726,0.007274,0.6000,+0
6.4485,ascent,2.1168,49.0430,43.0664,0.0000,-8.2440,0.230256,0.041811,0.077726,0.007274,0.6000,+0
6.4496,ascent,2.1168,49.0430,43.0664,-1.3740,-8.2440,0.135837,0.041811,0.077733,0.007267,0.6000,+0
6.4508,ascent,2.1168,49.0430,43.0664,-2.7480,-6.8700,0.045809,0.041757,0.077733,0.007267,0.6000,+0
6.4518,ascent,2.1168,49.0430,43.0664,-4.1220,-5.4960,0.030935,0.041710,0.077755,0.007245,0.6000,+0
6.4530,ascent,2.1168,49.0430,43.0664,-4.1220,-5.4960,0.030935,0.041710,0.077765,0.007235,0.6000,+0
6.4541,ascent,2.1168,49.0430,43.0664,-4.1220,-5.4960,0.030935,0.041710,0.077765,0.007235,0.6000,+0
6.4552,ascent,2.1168,49.0430,43.0664,-5.4960,-4.1220,0.030321,0.042284,0.077755,0.007245,0.6000,+0
6.4563,ascent,2.1168,49.0430,43.0664,-5.4960,-4.1220,0.030321,0.042284,0.077755,0.007245,0.6000,+0
6.4574,ascent,2.1168,49.0430,43.0664,-5.4960,-4.1220,0.030321,0.042284,0.077761,0.007239,0.6000,+0
6.4585,ascent,2.1168,49.0430,43.0664,-5.4960,-2.7480,0.030321,0.057118,0.077761,0.007239,0.6000,+0
6.4596,ascent,2.1168,49.0430,43.0664,-5.4960,-2.7480,0.030321,0.057118,0.077760,0.007240,0.6000,+0
6.4608,ascent,2.1168,49.0430,43.0664,-5.4960,-1.3740,0.030321,0.147105,0.077760,0.007240,0.6000,+0
6.4618,ascent,2.1168,49.0430,43.0664,-5.4960,-1.3740,0.030321,0.147105,0.077759,0.007241,0.6000,+0
6.4630,ascent,2.1168,49.1309,43.0664,-5.4960,-1.3740,0.030142,0.147110,0.077774,0.007226,0.6000,+0
6.4641,ascent,2.1168,49.1309,43.0664,-4.1220,0.0000,0.030756,0.241489,0.077774,0.007226,0.6000,+0
6.4652,ascent,2.1168,49.1309,43.0664,-4.1220,0.0000,0.030756,0.241489,0.077775,0.007225,0.6000,+0
6.4663,ascent,2.1168,49.1309,43.0664,-4.1220,0.0000,0.030756,0.241489,0.077775,0.007225,0.6000,+0
6.4674,ascent,2.1168,49.1309,43.0664,-4.1220,0.0000,0.030756,0.241489,0.077789,0.007211,0.6000,+0
6.4685,ascent,2.1168,49.1309,43.0664,-2.7480,0.0000,0.045630,0.241489,0.077789,0.007211,0.6000,+0
6.4696,ascent,2.1168,49.1309,43.0664,-2.7480,0.0000,0.045630,0.241489,0.077790,0.007210,0.6000,+0
6.4708,ascent,2.1168,49.1309,43.0664,-1.3740,0.0000,0.135658,0.241489,0.077790,0.007210,0.6000,+0
6.4719,ascent,2.1168,49.1309,43.0664,-1.3740,0.0000,0.135658,0.241489,0.077797,0.007203,0.6000,+0
6.4730,ascent,2.1168,49.1309,43.0664,-1.3740,0.0000,0.135658,0.241489,0.077807,0.007193,0.6000,+0
6.4741,ascent,2.1168,49.1309,43.0664,-1.3740,0.0000,0.135658,0.241489,0.077807,0.007193,0.6000,+0
6.4752,ascent,2.1168,49.1309,43.1543,0.0000,1.3740,0.230082,0.146314,0.077792,0.007208,0.6000,+0
6.4763,ascent,2.1168,49.1309,43.1543,0.0000,1.3740,0.230082,0.146314,0.077792,0.007208,0.6000,+0
6.4774,ascent,2.1168,49.1309,43.1543,0.0000,1.3740,0.230082,0.146314,0.077826,0.007174,0.6000,+0
6.4785,ascent,2.1168,49.1309,43.2422,0.0000,2.7480,0.230086,0.055531,0.077826,0.007174,0.6000,+0
6.4796,ascent,2.1168,49.1309,43.3301,0.0000,2.7480,0.230091,0.054844,0.077813,0.007187,0.6000,+0
6.4808,ascent,2.1168,49.1309,43.4180,1.3740,5.4960,0.135648,0.038531,0.077813,0.007187,0.6000,+0
6.4819,ascent,2.1168,49.1309,43.5059,1.3740,6.8700,0.135652,0.037783,0.077821,0.007179,0.6000,+0
6.4830,ascent,2.1168,49.1309,43.5937,1.3740,8.2440,0.135657,0.037042,0.077829,0.007171,0.6000,+0
6.4841,ascent,2.1168,49.1309,43.7695,1.3740,9.6180,0.135666,0.035614,0.077829,0.007171,0.6000,+0
6.4852,ascent,2.1168,49.1309,43.8574,2.7480,12.3660,0.045615,0.034818,0.077837,0.007163,0.6000,+0
6.4863,ascent,2.1168,49.2188,43.9453,2.7480,13.7400,0.045440,0.034081,0.077837,0.007163,0.6000,+0
6.4874,ascent,2.1168,49.2188,44.0332,2.7480,16.4880,0.045445,0.033286,0.077850,0.007150,0.6000,+0
6.4885,ascent,2.1168,49.2188,44.1211,4.1220,17.8620,0.030547,0.032545,0.077850,0.007150,0.6000,+0
6.4896,ascent,2.1168,49.3066,44.2969,4.1220,20.6100,0.030378,0.031067,0.077848,0.007152,0.6000,+0
6.4908,ascent,2.1168,49.3945,44.4727,6.8700,26.1060,0.029543,0.029480,0.077848,0.007152,0.6000,+0
6.4919,ascent,2.1168,49.4824,44.5605,8.2440,28.8540,0.029355,0.028689,0.077834,0.007166,0.6000,+0
6.4930,ascent,2.1168,49.4824,44.6484,8.2440,31.6020,0.029359,0.027894,0.077837,0.007163,0.6000,+0
6.4941,ascent,2.1168,49.5703,44.7363,9.6180,34.3500,0.029171,0.027103,0.077837,0.007163,0.6000,+0
6.4952,ascent,2.1168,49.6582,44.8242,10.9920,37.0980,0.028982,0.026312,0.077870,0.007130,0.6000,+0
6.4963,ascent,2.1168,49.6582,44.9121,12.3660,39.8460,0.028973,0.025516,0.077870,0.007130,0.6000,+0
6.4974,ascent,2.1168,49.7461,45.0000,13.7400,42.5940,0.028784,0.024725,0.077852,0.007148,0.6000,+0
6.4985,ascent,2.1168,49.8340,45.1758,15.1140,45.3420,0.028600,0.023248,0.077852,0.007148,0.6000,+0
6.4996,ascent,2.0515,49.9219,45.2637,16.4880,48.0900,0.028412,0.022457,0.077853,0.007147,0.6000,+0
6.5007,ascent,2.0515,50.0098,45.3516,19.2360,53.5860,0.028209,0.021557,0.077853,0.007147,0.6000,+0
6.5019,ascent,2.0515,50.0977,45.4395,20.6100,54.9600,0.028020,0.020821,0.077872,0.007128,0.6000,+0
6.5030,ascent,2.0515,50.0977,45.5273,21.9840,57.7080,0.028011,0.020025,0.077865,0.007135,0.6000,+0
6.5041,ascent,2.0515,50.1855,45.5273,23.3580,60.4560,0.027818,0.019921,0.077865,0.007135,0.6000,+0
6.5052,ascent,2.0515,50.1855,45.6152,24.7320,61.8300,0.027808,0.019180,0.077871,0.007129,0.6000,+0
6.5063,ascent,2.0515,50.2734,45.6152,27.4800,64.5780,0.027600,0.019076,0.077871,0.007129,0.6000,+0
6.5074,ascent,2.0515,50.2734,45.7031,28.8540,65.9520,0.027591,0.018335,0.077885,0.007115,0.6000,+0
6.5085,ascent,2.0515,50.2734,45.7031,30.2280,67.3260,0.027577,0.018280,0.077885,0.007115,0.6000,+0
6.5096,ascent,2.0515,50.3613,45.7031,31.6020,68.7000,0.027383,0.018231,0.077869,0.007131,0.6000,+0
6.5108,ascent,2.0515,50.3613,45.7910,32.9760,70.0740,0.027374,0.017490,0.077869,0.007131,0.6000,+0
6.5119,ascent,2.0515,50.4492,45.7910,34.3500,70.0740,0.027181,0.017494,0.077890,0.007110,0.6000,+0
6.5130,ascent,2.0515,50.4492,45.7910,35.7240,70.0740,0.027166,0.017494,0.077879,0.007121,0.6000,+0
6.5140,ascent,2.0515,50.4492,45.7910,37.0980,70.0740,0.027152,0.017494,0.077879,0.007121,0.6000,+0
6.5151,ascent,2.0515,50.4492,45.7910,37.0980,68.7000,0.027152,0.017549,0.077895,0.007105,0.6000,+0
6.5162,ascent,2.0515,50.5371,45.7910,38.4720,67.3260,0.026959,0.017608,0.077895,0.007105,0.6000,+0
6.5173,ascent,2.0515,50.5371,45.7910,39.8460,65.9520,0.026944,0.017662,0.077902,0.007098,0.6000,+0
6.5185,ascent,2.0515,50.5371,45.7910,39.8460,64.5780,0.026944,0.017717,0.077902,0.007098,0.6000,+0
6.5195,ascent,2.0515,50.5371,45.7910,39.8460,63.2040,0.026944,0.017771,0.077884,0.007116,0.6000,+0
6.5206,ascent,2.0515,50.5371,45.7910,39.8460,59.0820,0.026944,0.017935,0.077884,0.007116,0.6000,+0
6.5218,ascent,2.0515,50.5371,45.7031,39.8460,56.3340,0.026940,0.018730,0.077905,0.007095,0.6000,+0
6.5229,ascent,2.0515,50.5371,45.7031,39.8460,53.5860,0.026940,0.018839,0.077905,0.007095,0.6000,+0
6.5240,ascent,2.0515,50.5371,45.7031,38.4720,49.4640,0.026954,0.019002,0.077905,0.007095,0.6000,+0
6.5251,ascent,2.0515,50.5371,45.7031,37.0980,46.7160,0.026968,0.019111,0.077915,0.007085,0.6000,+0
6.5262,ascent,2.0515,50.4492,45.7031,35.7240,43.9680,0.027161,0.019215,0.077915,0.007085,0.6000,+0
6.5273,ascent,2.0515,50.4492,45.6152,34.3500,41.2200,0.027171,0.020011,0.077921,0.007079,0.6000,+0
6.5285,ascent,2.0515,50.4492,45.6152,32.9760,38.4720,0.027185,0.020120,0.077921,0.007079,0.6000,+0
6.5295,ascent,2.0515,50.4492,45.6152,31.6020,35.7240,0.027200,0.020228,0.077931,0.007069,0.6000,+0
6.5306,ascent,2.0515,50.4492,45.5273,28.8540,28.8540,0.027224,0.021187,0.077931,0.007069,0.6000,+0
6.5318,ascent,2.0515,50.4492,45.5273,26.1060,24.7320,0.027252,0.021350,0.077935,0.007065,0.6000,+0
6.5329,ascent,2.0515,50.4492,45.4395,24.7320,21.9840,0.027262,0.022146,0.077935,0.007065,0.6000,+0
6.5340,ascent,2.0515,50.3613,45.4395,21.9840,19.2360,0.027469,0.022250,0.077935,0.007065,0.6000,+0
6.5351,ascent,2.0515,50.3613,45.4395,20.6100,15.1140,0.027484,0.022413,0.077924,0.007076,0.6000,+0
6.5362,ascent,2.0515,50.3613,45.3516,17.8620,12.3660,0.027507,0.023209,0.077924,0.007076,0.6000,+0
6.5373,ascent,2.0515,50.3613,45.3516,16.4880,9.6180,0.027522,0.023318,0.077935,0.007065,0.6000,+0
6.5385,ascent,2.0515,50.3613,45.2637,15.1140,6.8700,0.027531,0.024113,0.077935,0.007065,0.6000,+0
6.5396,ascent,2.0515,50.3613,45.2637,13.7400,4.1220,0.027546,0.024858,0.077936,0.007064,0.6000,+0
6.5406,ascent,2.0515,50.2734,45.1758,9.6180,-1.3740,0.027763,0.130688,0.077936,0.007064,0.6000,+0
6.5418,ascent,2.0515,50.2734,45.1758,8.2440,-4.1220,0.027777,0.025867,0.077932,0.007068,0.6000,+0
6.5429,ascent,2.0515,50.2734,45.0000,6.8700,-6.8700,0.027782,0.026713,0.077939,0.007061,0.6000,+0
6.5440,ascent,2.0515,50.1855,45.0000,4.1220,-8.2440,0.028626,0.026763,0.077939,0.007061,0.6000,+0
6.5451,ascent,2.0515,50.1855,44.9121,2.7480,-10.9920,0.043523,0.027558,0.077939,0.007061,0.6000,+0
6.5462,ascent,2.0515,50.1855,44.9121,1.3740,-12.3660,0.133580,0.027613,0.077939,0.007061,0.6000,+0
6.5473,ascent,2.0515,50.1855,44.8242,0.0000,-15.1140,0.228023,0.028408,0.077960,0.007040,0.6000,+0
6.5485,ascent,2.0515,50.1855,44.8242,-1.3740,-16.4880,0.133604,0.028463,0.077960,0.007040,0.6000,+0
6.5496,ascent,2.0515,50.1855,44.7363,-2.7480,-17.8620,0.043571,0.029204,0.077948,0.007052,0.6000,+0
6.5507,ascent,2.0515,50.1855,44.7363,-2.7480,-17.8620,0.043571,0.029204,0.077948,0.007052,0.6000,+0
6.5519,ascent,2.0515,50.0977,44.7363,-4.1220,-20.6100,0.028876,0.029308,0.077948,0.007052,0.6000,+0
6.5529,ascent,2.0515,50.0977,44.5605,-8.2440,-24.7320,0.028274,0.030845,0.077948,0.007052,0.6000,+0
6.5541,ascent,2.0515,50.0098,44.5605,-8.2440,-26.1060,0.028453,0.030894,0.077972,0.007028,0.6000,+0
6.5552,ascent,2.0515,50.0098,44.4727,-9.6180,-27.4800,0.028462,0.031636,0.077975,0.007025,0.6000,+0
6.5563,ascent,2.0515,50.0098,44.4727,-10.9920,-28.8540,0.028476,0.031690,0.077975,0.007025,0.6000,+0
6.5574,ascent,2.0515,50.0098,44.3848,-10.9920,-30.2280,0.028472,0.032431,0.077977,0.007023,0.6000,+0
6.5585,ascent,2.0515,50.0098,44.3848,-12.3660,-31.6020,0.028486,0.032486,0.077977,0.007023,0.6000,+0
6.5596,ascent,2.0515,50.0098,44.2969,-12.3660,-31.6020,0.028481,0.033172,0.077965,0.007035,0.6000,+0
6.5607,ascent,2.0515,50.0977,44.2090,-12.3660,-34.3500,0.028298,0.033973,0.077965,0.007035,0.6000,+0
6.5619,ascent,2.0515,50.0977,44.2090,-10.9920,-34.3500,0.028283,0.033973,0.077982,0.007018,0.6000,+0
6.5630,ascent,2.0515,50.0977,44.1211,-10.9920,-35.7240,0.028279,0.034714,0.078000,0.007000,0.6000,+0
6.5641,ascent,2.0515,50.0977,44.1211,-10.9920,-35.7240,0.028279,0.034714,0.078000,0.007000,0.6000,+0
6.5652,ascent,2.0515,50.0977,44.0332,-10.9920,-37.0980,0.028274,0.035455,0.078007,0.006993,0.6000,+0
6.5663,ascent,2.0515,50.0977,44.0332,-10.9920,-37.0980,0.028274,0.035455,0.078007,0.006993,0.6000,+0
6.5674,ascent,2.0515,50.0977,44.0332,-9.6180,-37.0980,0.028260,0.035455,0.078001,0.006999,0.6000,+0
6.5685,ascent,2.0515,50.0977,43.9453,-9.6180,-38.4720,0.028255,0.036196,0.078001,0.006999,0.6000,+0
6.5696,ascent,2.0515,50.0977,43.9453,-9.6180,-38.4720,0.028255,0.036196,0.078005,0.006995,0.6000,+0
6.5707,ascent,2.0515,50.1855,43.8574,-8.2440,-38.4720,0.028057,0.036888,0.078005,0.006995,0.6000,+0
6.5718,ascent,2.0515,50.1855,43.8574,-8.2440,-39.8460,0.028057,0.036942,0.077998,0.007002,0.6000,+0
6.5730,ascent,2.0515,50.0977,43.7695,-6.8700,-39.8460,0.028217,0.037624,0.078016,0.006984,0.6000,+0
6.5741,ascent,2.0515,50.0977,43.5937,-6.8700,-39.8460,0.028208,0.038998,0.078016,0.006984,0.6000,+0
6.5752,ascent,2.0515,50.0977,43.5937,-6.8700,-39.8460,0.028208,0.038998,0.078007,0.006993,0.6000,+0
6.5763,ascent,2.0515,50.0977,43.5059,-5.4960,-39.8460,0.028196,0.039685,0.078007,0.006993,0.6000,+0
6.5774,ascent,2.0515,50.0977,43.5059,-5.4960,-39.8460,0.028196,0.039685,0.078001,0.006999,0.6000,+0
6.5785,ascent,2.0515,50.0977,43.5059,-4.1220,-39.8460,0.028810,0.039685,0.078001,0.006999,0.6000,+0
6.5796,ascent,2.0515,50.0977,43.4180,-4.1220,-39.8460,0.028806,0.040372,0.078028,0.006972,0.6000,+0
6.5807,ascent,2.0515,50.0977,43.3301,-4.1220,-39.8460,0.028801,0.041058,0.078028,0.006972,0.6000,+0
6.5818,ascent,2.0515,50.0977,43.3301,-2.7480,-39.8460,0.043675,0.041058,0.078022,0.006978,0.6000,+0
6.5830,ascent,2.0515,50.0977,43.3301,-2.7480,-39.8460,0.043675,0.041058,0.078015,0.006985,0.6000,+0
6.5841,ascent,2.0515,50.0977,43.2422,-1.3740,-39.8460,0.133698,0.041745,0.078015,0.006985,0.6000,+0
6.5852,ascent,2.0515,50.0977,43.2422,-1.3740,-39.8460,0.133698,0.041745,0.078008,0.006992,0.6000,+0
6.5863,ascent,2.0515,50.0977,43.2422,-1.3740,-39.8460,0.133698,0.041745,0.078008,0.006992,0.6000,+0
6.5874,ascent,2.0515,50.0977,43.2422,0.0000,-38.4720,0.228117,0.041691,0.078040,0.006960,0.6000,+0
6.5886,ascent,2.0515,50.0977,43.1543,0.0000,-38.4720,0.228113,0.042378,0.078040,0.006960,0.6000,+0
6.5896,ascent,1.9916,50.0977,43.1543,1.3740,-38.4720,0.133665,0.042378,0.078043,0.006957,0.6000,+0
6.5908,ascent,1.9916,50.0098,43.0664,1.3740,-37.0980,0.133839,0.043005,0.078043,0.006957,0.6000,+0
6.5919,ascent,1.9916,50.0098,43.0664,1.3740,-37.0980,0.133839,0.043005,0.078040,0.006960,0.6000,+0
6.5930,ascent,1.9916,50.0098,43.0664,0.0000,-35.7240,0.228287,0.042951,0.078027,0.006973,0.6000,+0
6.5941,ascent,1.9916,50.0098,42.9785,0.0000,-35.7240,0.228282,0.043638,0.078027,0.006973,0.6000,+0
6.5952,ascent,1.9916,50.0098,42.9785,0.0000,-35.7240,0.228282,0.043638,0.078043,0.006957,0.6000,+0
6.5963,ascent,1.9916,50.0098,42.9785,0.0000,-34.3500,0.228282,0.043583,0.078043,0.006957,0.6000,+0
6.5974,ascent,1.9916,50.0098,42.9785,-1.3740,-34.3500,0.133863,0.043583,0.078032,0.006968,0.6000,+0
6.5985,ascent,1.9916,50.0098,42.8906,-1.3740,-34.3500,0.133858,0.044270,0.078032,0.006968,0.6000,+0
6.5996,ascent,1.9916,50.0977,42.8906,0.0000,-34.3500,0.228099,0.044275,0.078047,0.006953,0.6000,+0
6.6007,ascent,1.9916,50.0977,42.8906,0.0000,-32.9760,0.228099,0.044220,0.078047,0.006953,0.6000,+0
6.6018,ascent,1.9916,50.1855,42.8906,0.0000,-31.6020,0.227920,0.044171,0.078034,0.006966,0.6000,+0
6.6030,ascent,1.9916,50.1855,42.8027,0.0000,-31.6020,0.227915,0.044858,0.078055,0.006945,0.6000,+0
6.6041,ascent,1.9916,50.1855,42.8027,0.0000,-31.6020,0.227915,0.044858,0.078055,0.006945,0.6000,+0
6.6052,ascent,1.9916,50.2734,42.8027,1.3740,-30.2280,0.133288,0.044808,0.078060,0.006940,0.6000,+0
6.6063,ascent,1.9916,50.3613,42.8027,2.7480,-30.2280,0.043053,0.044812,0.078060,0.006940,0.6000,+0
6.6074,ascent,1.9916,50.4492,42.8027,4.1220,-28.8540,0.027971,0.044763,0.078056,0.006944,0.6000,+0
6.6085,ascent,1.9916,50.5371,42.8027,5.4960,-27.4800,0.027149,0.044713,0.078056,0.006944,0.6000,+0
6.6096,ascent,1.9916,50.5371,42.8027,6.8700,-26.1060,0.027127,0.044659,0.078070,0.006930,0.6000,+0
6.6107,ascent,1.9916,50.7129,42.7148,9.6180,-24.7320,0.026736,0.045300,0.078070,0.006930,0.6000,+0
6.6119,ascent,1.9916,50.8008,42.7148,12.3660,-24.7320,0.026528,0.045305,0.078054,0.006946,0.6000,+0
6.6130,ascent,1.9916,50.8887,42.7148,13.7400,-23.3580,0.026335,0.045255,0.078076,0.006924,0.6000,+0
6.6141,ascent,1.9916,50.9766,42.7148,16.4880,-23.3580,0.026128,0.045260,0.078076,0.006924,0.6000,+0
6.6152,ascent,1.9916,51.1523,42.7148,17.8620,-21.9840,0.025755,0.045215,0.078076,0.006924,0.6000,+0
6.6163,ascent,1.9916,51.2402,42.7148,20.6100,-21.9840,0.025548,0.045220,0.078076,0.006924,0.6000,+0
6.6174,ascent,1.9916,51.3281,42.7148,23.3580,-20.6100,0.025340,0.045170,0.078077,0.006923,0.6000,+0
6.6185,ascent,1.9916,51.4160,42.7148,26.1060,-19.2360,0.025133,0.045120,0.078077,0.006923,0.6000,+0
6.6196,ascent,1.9916,51.5039,42.7148,28.8540,-19.2360,0.024925,0.045125,0.078081,0.006919,0.6000,+0
6.6207,ascent,1.9916,51.7676,42.7148,34.3500,-17.8620,0.024331,0.045084,0.078081,0.006919,0.6000,+0
6.6219,ascent,1.9916,51.8555,42.7148,38.4720,-16.4880,0.024109,0.045035,0.078083,0.006917,0.6000,+0
6.6230,ascent,1.9916,51.9434,42.7148,41.2200,-16.4880,0.023902,0.045039,0.078092,0.006908,0.6000,+0
6.6241,ascent,1.9916,52.0312,42.7148,45.3420,-15.1140,0.023680,0.044990,0.078092,0.006908,0.6000,+0
6.6252,ascent,1.9916,52.1191,42.7148,48.0900,-13.7400,0.023472,0.044940,0.078089,0.006911,0.6000,+0
6.6263,ascent,1.9916,52.2070,42.7148,50.8380,-13.7400,0.023265,0.044945,0.078089,0.006911,0.6000,+0
6.6274,ascent,1.9916,52.2949,42.7148,54.9600,-12.3660,0.023043,0.044895,0.078086,0.006914,0.6000,+0
6.6285,ascent,1.9916,52.3828,42.7148,57.7080,-12.3660,0.022835,0.044900,0.078086,0.006914,0.6000,+0
6.6296,ascent,1.9916,52.4707,42.7148,60.4560,-10.9920,0.022628,0.044850,0.078098,0.006902,0.6000,+0
6.6307,ascent,1.9916,52.5586,42.7148,65.9520,-9.6180,0.022392,0.044800,0.078098,0.006902,0.6000,+0
6.6319,ascent,1.9916,52.6465,42.7148,67.3260,-8.2440,0.022198,0.044751,0.078107,0.006893,0.6000,+0
6.6330,ascent,1.9916,52.7344,42.7148,70.0740,-8.2440,0.021991,0.044755,0.078128,0.006872,0.6000,+0
6.6341,ascent,1.9916,52.8223,42.7148,71.4480,-8.2440,0.021798,0.044760,0.078128,0.006872,0.6000,+0
6.6352,ascent,1.9916,52.8223,42.7148,74.1960,-6.8700,0.021769,0.044706,0.078123,0.006877,0.6000,+0
6.6363,ascent,1.9916,52.9102,42.7148,75.5700,-5.4960,0.021576,0.044663,0.078123,0.006877,0.6000,+0
6.6374,ascent,1.9916,52.9980,42.7148,76.9440,-5.4960,0.021383,0.044668,0.078111,0.006889,0.6000,+0
6.6385,ascent,1.9916,52.9980,42.7148,78.3180,-5.4960,0.021368,0.044668,0.078111,0.006889,0.6000,+0
6.6396,ascent,1.9916,53.0859,42.7148,78.3180,-4.1220,0.021189,0.045247,0.078131,0.006869,0.6000,+0
6.6407,ascent,1.9916,53.1738,42.7148,79.6920,-4.1220,0.020996,0.045252,0.078131,0.006869,0.6000,+0
6.6419,ascent,1.9916,53.1738,42.7148,79.6920,-4.1220,0.020996,0.045252,0.078127,0.006873,0.6000,+0
6.6430,ascent,1.9916,53.2617,42.7148,79.6920,-2.7480,0.020817,0.060090,0.078135,0.006865,0.6000,+0
6.6441,ascent,1.9916,53.2617,42.7148,79.6920,-2.7480,0.020817,0.060090,0.078135,0.006865,0.6000,+0
6.6452,ascent,1.9916,53.2617,42.7148,79.6920,-1.3740,0.020817,0.150078,0.078141,0.006859,0.6000,+0
6.6463,ascent,1.9916,53.3496,42.7148,78.3180,-1.3740,0.020653,0.150083,0.078141,0.006859,0.6000,+0
6.6474,ascent,1.9916,53.3496,42.7148,76.9440,-1.3740,0.020667,0.150083,0.078130,0.006870,0.6000,+0
6.6485,ascent,1.9916,53.3496,42.7148,75.5700,-1.3740,0.020681,0.150083,0.078130,0.006870,0.6000,+0
6.6495,ascent,1.9916,53.3496,42.7148,74.1960,-1.3740,0.020696,0.150083,0.078158,0.006842,0.6000,+0
6.6507,ascent,1.9916,53.4375,42.7148,70.0740,0.0000,0.020560,0.244467,0.078158,0.006842,0.6000,+0
6.6518,ascent,1.9916,53.4375,42.7148,68.7000,0.0000,0.020574,0.244467,0.078165,0.006835,0.6000,+0
6.6529,ascent,1.9916,53.4375,42.7148,65.9520,0.0000,0.020603,0.244467,0.078165,0.006835,0.6000,+0
6.6540,ascent,1.9916,53.4375,42.7148,64.5780,0.0000,0.020617,0.244467,0.078158,0.006842,0.6000,+0
6.6551,ascent,1.9916,53.4375,42.7148,61.8300,0.0000,0.020646,0.244467,0.078144,0.006856,0.6000,+0
6.6562,ascent,1.9916,53.4375,42.7148,59.0820,0.0000,0.020674,0.244467,0.078144,0.006856,0.6000,+0
6.6573,ascent,1.9916,53.4375,42.8027,56.3340,1.3740,0.020708,0.149292,0.078164,0.006836,0.6000,+0
6.6585,ascent,1.9916,53.4375,42.8027,53.5860,1.3740,0.020736,0.149292,0.078164,0.006836,0.6000,+0
6.6595,ascent,1.9916,53.3496,42.8027,50.8380,1.3740,0.020944,0.149287,0.078170,0.006830,0.6000,+0
6.6606,ascent,1.9916,53.3496,42.8906,45.3420,2.7480,0.021006,0.058504,0.078170,0.006830,0.6000,+0
6.6618,ascent,1.9916,53.3496,42.8906,42.5940,2.7480,0.021034,0.058504,0.078153,0.006847,0.6000,+0
6.6629,ascent,1.9916,53.3496,42.9785,39.8460,4.1220,0.021068,0.042874,0.078172,0.006828,0.6000,+0
6.6640,ascent,1.9916,53.3496,43.0664,37.0980,5.4960,0.021101,0.041504,0.078172,0.006828,0.6000,+0
6.6651,ascent,1.9916,53.2617,43.0664,34.3500,5.4960,0.021308,0.041500,0.078159,0.006841,0.6000,+0
6.6662,ascent,1.9916,53.2617,43.1543,31.6020,6.8700,0.021342,0.040751,0.078159,0.006841,0.6000,+0
6.6673,ascent,1.9916,53.2617,43.2422,28.8540,8.2440,0.021375,0.040010,0.078178,0.006822,0.6000,+0
6.6685,ascent,1.9916,53.2617,43.3301,26.1060,10.9920,0.021409,0.039215,0.078178,0.006822,0.6000,+0
6.6695,ascent,1.9916,53.2617,43.4180,23.3580,12.3660,0.021442,0.038473,0.078185,0.006815,0.6000,+0
6.6706,ascent,1.9916,53.1738,43.5937,19.2360,16.4880,0.021673,0.036932,0.078185,0.006815,0.6000,+0
6.6718,ascent,1.9916,53.1738,43.7695,16.4880,17.8620,0.021711,0.035504,0.078169,0.006831,0.6000,+0
6.6729,ascent,1.9916,53.1738,43.8574,13.7400,20.6100,0.021745,0.034709,0.078192,0.006808,0.6000,+0
6.6740,ascent,1.9916,53.0859,43.9453,10.9920,23.3580,0.021957,0.033908,0.078192,0.006808,0.6000,+0
6.6751,ascent,1.9916,53.0859,44.0332,9.6180,24.7320,0.021976,0.033167,0.078192,0.006808,0.6000,+0
6.6762,ascent,1.9916,53.0859,44.0332,6.8700,27.4800,0.022005,0.033058,0.078192,0.006808,0.6000,+0
6.6773,ascent,1.9916,52.9980,44.1211,5.4960,28.8540,0.022210,0.032312,0.078204,0.006796,0.6000,+0
6.6785,ascent,1.9916,52.9980,44.2090,2.7480,31.6020,0.037760,0.031517,0.078204,0.006796,0.6000,+0
6.6795,ascent,1.9138,52.9980,44.2969,1.3740,34.3500,0.127821,0.030721,0.078194,0.006806,0.6000,+0
6.6806,ascent,1.9138,52.9102,44.3848,-2.7480,38.4720,0.038006,0.029867,0.078194,0.006806,0.6000,+0
6.6818,ascent,1.9138,52.8223,44.4727,-5.4960,39.8460,0.022701,0.029121,0.078195,0.006805,0.6000,+0
6.6829,ascent,1.9138,52.8223,44.5605,-6.8700,42.5940,0.022713,0.028325,0.078212,0.006788,0.6000,+0
6.6840,ascent,1.9138,52.7344,44.5605,-9.6180,43.9680,0.022920,0.028266,0.078212,0.006788,0.6000,+0
6.6851,ascent,1.9138,52.7344,44.6484,-10.9920,46.7160,0.022940,0.027470,0.078200,0.006800,0.6000,+0
6.6862,ascent,1.9138,52.6465,44.6484,-12.3660,48.0900,0.023133,0.027411,0.078200,0.006800,0.6000,+0
6.6873,ascent,1.9138,52.6465,44.7363,-13.7400,50.8380,0.023152,0.026616,0.078221,0.006779,0.6000,+0
6.6885,ascent,1.9138,52.5586,44.7363,-16.4880,52.2120,0.023359,0.026557,0.078221,0.006779,0.6000,+0
6.6895,ascent,1.9138,52.5586,44.8242,-17.8620,53.5860,0.023378,0.025815,0.078200,0.006800,0.6000,+0
6.6907,ascent,1.9138,52.4707,44.8242,-20.6100,54.9600,0.023586,0.025756,0.078200,0.006800,0.6000,+0
6.6918,ascent,1.9138,52.3828,44.9121,-21.9840,56.3340,0.023784,0.025010,0.078231,0.006769,0.6000,+0
6.6929,ascent,1.9138,52.3828,44.9121,-23.3580,57.7080,0.023798,0.024956,0.078233,0.006767,0.6000,+0
6.6940,ascent,1.9138,52.3828,44.9121,-23.3580,57.7080,0.023798,0.024956,0.078233,0.006767,0.6000,+0
6.6951,ascent,1.9138,52.3828,44.9121,-23.3580,57.7080,0.023798,0.024956,0.078228,0.006772,0.6000,+0
6.6962,ascent,1.9138,52.2070,44.9121,-26.1060,57.7080,0.024184,0.024946,0.078228,0.006772,0.6000,+0
6.6973,ascent,1.9138,52.2070,44.9121,-27.4800,57.7080,0.024199,0.024946,0.078213,0.006787,0.6000,+0
6.6985,ascent,1.9138,52.1191,44.9121,-28.8540,56.3340,0.024392,0.024996,0.078213,0.006787,0.6000,+0
6.6995,ascent,1.9138,52.1191,44.9121,-28.8540,56.3340,0.024392,0.024996,0.078226,0.006774,0.6000,+0
6.7006,ascent,1.9138,52.0312,44.9121,-31.6020,53.5860,0.024599,0.025100,0.078226,0.006774,0.6000,+0
6.7018,ascent,1.9138,51.9434,44.9121,-32.9760,52.2120,0.024793,0.025150,0.078231,0.006769,0.6000,+0
6.7029,ascent,1.9138,51.9434,44.9121,-32.9760,49.4640,0.024793,0.025259,0.078237,0.006763,0.6000,+0
6.7040,ascent,1.9138,51.8555,44.9121,-34.3500,48.0900,0.024986,0.025308,0.078237,0.006763,0.6000,+0
6.7051,ascent,1.9138,51.8555,44.9121,-35.7240,45.3420,0.025000,0.025417,0.078241,0.006759,0.6000,+0
6.7062,ascent,1.9138,51.7676,44.9121,-35.7240,43.9680,0.025179,0.025467,0.078241,0.006759,0.6000,+0
6.7073,ascent,1.9138,51.7676,44.9121,-37.0980,41.2200,0.025193,0.025576,0.078235,0.006765,0.6000,+0
6.7090,ascent,1.9138,51.6797,44.9121,-37.0980,39.8460,0.025372,0.025625,0.078250,0.006750,0.6000,+0
6.7096,ascent,1.9138,51.5918,44.8242,-38.4720,37.0980,0.025561,0.026416,0.078250,0.006750,0.6000,+0
6.7108,ascent,1.9138,51.5039,44.8242,-39.8460,31.6020,0.025754,0.026629,0.078250,0.006750,0.6000,+0
6.7119,ascent,1.9138,51.5039,44.8242,-41.2200,28.8540,0.025768,0.026738,0.078270,0.006730,0.6000,+0
6.7130,ascent,1.9138,51.4160,44.8242,-41.2200,27.4800,0.025947,0.026788,0.078267,0.006733,0.6000,+0
6.7141,ascent,1.9138,51.3281,44.8242,-42.5940,24.7320,0.026140,0.026892,0.078267,0.006733,0.6000,+0
6.7152,ascent,1.9138,51.3281,44.8242,-42.5940,21.9840,0.026140,0.027000,0.078265,0.006735,0.6000,+0
6.7163,ascent,1.9138,51.2402,44.8242,-42.5940,20.6100,0.026319,0.027050,0.078265,0.006735,0.6000,+0
6.7174,ascent,1.9138,51.2402,44.8242,-43.9680,17.8620,0.026334,0.027159,0.078260,0.006740,0.6000,+0
6.7185,ascent,1.9138,51.2402,44.7363,-43.9680,16.4880,0.026329,0.027900,0.078260,0.006740,0.6000,+0
6.7196,ascent,1.9138,51.1523,44.7363,-43.9680,13.7400,0.026508,0.028004,0.078271,0.006729,0.6000,+0
6.7207,ascent,1.9138,50.9766,44.6484,-45.3420,9.6180,0.026875,0.028845,0.078271,0.006729,0.6000,+0
6.7219,ascent,1.9138,50.9766,44.6484,-45.3420,6.8700,0.026875,0.028954,0.078272,0.006728,0.6000,+0
6.7230,ascent,1.9138,50.8887,44.6484,-45.3420,5.4960,0.027054,0.029011,0.078275,0.006725,0.6000,+0
6.7241,ascent,1.9138,50.8008,44.6484,-46.7160,4.1220,0.027247,0.029689,0.078275,0.006725,0.6000,+0
6.7252,ascent,1.9138,50.8008,44.5605,-46.7160,1.3740,0.027243,0.135415,0.078275,0.006725,0.6000,+0
6.7263,ascent,1.9138,50.7129,44.5605,-48.0900,0.0000,0.027436,0.229898,0.078275,0.006725,0.6000,+0
6.7274,ascent,1.9138,50.7129,44.5605,-48.0900,-1.3740,0.027436,0.135519,0.078274,0.006726,0.6000,+0
6.7285,ascent,1.9138,50.6250,44.5605,-48.0900,-2.7480,0.027615,0.045527,0.078274,0.006726,0.6000,+0
6.7296,ascent,1.9138,50.5371,44.5605,-48.0900,-4.1220,0.027794,0.030688,0.078284,0.006716,0.6000,+0
6.7307,ascent,1.9138,50.4492,44.4727,-49.4640,-5.4960,0.027982,0.030796,0.078284,0.006716,0.6000,+0
6.7319,ascent,1.9138,50.3613,44.4727,-49.4640,-6.8700,0.028161,0.030838,0.078287,0.006713,0.6000,+0
6.7330,ascent,1.9138,50.2734,44.4727,-50.8380,-8.2440,0.028355,0.030888,0.078301,0.006699,0.6000,+0
6.7341,ascent,1.9138,50.1855,44.3848,-50.8380,-9.6180,0.028529,0.031624,0.078301,0.006699,0.6000,+0
6.7352,ascent,1.9138,50.1855,44.3848,-50.8380,-9.6180,0.028529,0.031624,0.078297,0.006703,0.6000,+0
6.7363,ascent,1.9138,50.0977,44.3848,-52.2120,-10.9920,0.028722,0.031674,0.078297,0.006703,0.6000,+0
6.7374,ascent,1.9138,50.0098,44.3848,-52.2120,-10.9920,0.028901,0.031669,0.078301,0.006699,0.6000,+0
6.7385,ascent,1.9138,50.0098,44.3848,-52.2120,-12.3660,0.028901,0.031724,0.078301,0.006699,0.6000,+0
6.7396,ascent,1.9138,49.9219,44.3848,-53.5860,-12.3660,0.029094,0.031719,0.078300,0.006700,0.6000,+0
6.7407,ascent,1.9138,49.7461,44.3848,-54.9600,-13.7400,0.029467,0.031764,0.078300,0.006700,0.6000,+0
6.7419,ascent,1.9138,49.7461,44.3848,-54.9600,-13.7400,0.029467,0.031764,0.078329,0.006671,0.6000,+0
6.7430,ascent,1.9138,49.6582,44.3848,-54.9600,-13.7400,0.029646,0.031759,0.078316,0.006684,0.6000,+0
6.7441,ascent,1.9138,49.5703,44.3848,-56.3340,-13.7400,0.029839,0.031755,0.078316,0.006684,0.6000,+0
6.7452,ascent,1.9138,49.4824,44.3848,-56.3340,-13.7400,0.030018,0.031750,0.078320,0.006680,0.6000,+0
6.7463,ascent,1.9138,49.4824,44.3848,-56.3340,-13.7400,0.030018,0.031750,0.078320,0.006680,0.6000,+0
6.7474,ascent,1.9138,49.3945,44.3848,-56.3340,-13.7400,0.030197,0.031745,0.078321,0.006679,0.6000,+0
6.7485,ascent,1.9138,49.3066,44.3848,-57.7080,-13.7400,0.030390,0.031741,0.078321,0.006679,0.6000,+0
6.7496,ascent,1.9138,49.3066,44.3848,-57.7080,-13.7400,0.030390,0.031741,0.078318,0.006682,0.6000,+0
6.7507,ascent,1.9138,49.1309,44.3848,-59.0820,-12.3660,0.030763,0.031677,0.078318,0.006682,0.6000,+0
6.7519,ascent,1.9138,49.0430,44.3848,-59.0820,-12.3660,0.030942,0.031672,0.078328,0.006672,0.6000,+0
6.7530,ascent,1.9138,49.0430,44.3848,-59.0820,-10.9920,0.030942,0.031618,0.078320,0.006680,0.6000,+0
6.7541,ascent,1.9138,48.9551,44.3848,-60.4560,-10.9920,0.031135,0.031613,0.078320,0.006680,0.6000,+0
6.7552,ascent,1.9138,48.8672,44.3848,-60.4560,-9.6180,0.031314,0.031554,0.078348,0.006652,0.6000,+0
6.7563,ascent,1.9138,48.7793,44.3848,-60.4560,-9.6180,0.031493,0.031549,0.078348,0.006652,0.6000,+0
6.7574,ascent,1.9138,48.7793,44.3848,-60.4560,-9.6180,0.031493,0.031549,0.078347,0.006653,0.6000,+0
6.7585,ascent,1.9138,48.6914,44.3848,-61.8300,-8.2440,0.031686,0.031490,0.078347,0.006653,0.6000,+0
6.7596,ascent,1.9138,48.6035,44.3848,-61.8300,-8.2440,0.031865,0.031485,0.078358,0.006642,0.6000,+0
6.7608,ascent,1.9138,48.5156,44.3848,-61.8300,-6.8700,0.032044,0.031426,0.078358,0.006642,0.6000,+0
6.7619,ascent,1.9138,48.4277,44.3848,-63.2040,-6.8700,0.032238,0.031422,0.078345,0.006655,0.6000,+0
6.7630,ascent,1.9138,48.3398,44.3848,-63.2040,-5.4960,0.032417,0.031370,0.078364,0.006636,0.6000,+0
6.7641,ascent,1.9138,48.2520,44.3848,-63.2040,-5.4960,0.032596,0.031365,0.078364,0.006636,0.6000,+0
6.7652,ascent,1.9138,48.2520,44.3848,-63.2040,-5.4960,0.032596,0.031365,0.078354,0.006646,0.6000,+0
6.7663,ascent,1.9138,48.1641,44.3848,-63.2040,-4.1220,0.032775,0.031935,0.078354,0.006646,0.6000,+0
6.7674,ascent,1.9138,48.0762,44.3848,-63.2040,-2.7480,0.032954,0.046764,0.078360,0.006640,0.6000,+0
6.7685,ascent,1.9138,47.9883,44.3848,-63.2040,-2.7480,0.033133,0.046759,0.078360,0.006640,0.6000,+0
6.7696,ascent,1.8238,47.9004,44.3848,-64.5780,-2.7480,0.033326,0.046754,0.078365,0.006635,0.6000,+0
6.7707,ascent,1.8238,47.8125,44.3848,-64.5780,-1.3740,0.033505,0.136737,0.078365,0.006635,0.6000,+0
6.7719,ascent,1.8238,47.7246,44.3848,-64.5780,-1.3740,0.033684,0.136733,0.078375,0.006625,0.6000,+0
6.7730,ascent,1.8238,47.6367,44.3848,-64.5780,-1.3740,0.033864,0.136728,0.078388,0.006612,0.6000,+0
6.7741,ascent,1.8238,47.6367,44.3848,-64.5780,0.0000,0.033864,0.231107,0.078388,0.006612,0.6000,+0
6.7752,ascent,1.8238,47.4609,44.3848,-64.5780,0.0000,0.034222,0.231098,0.078381,0.006619,0.6000,+0
6.7763,ascent,1.8238,47.3730,44.3848,-64.5780,0.0000,0.034401,0.231093,0.078381,0.006619,0.6000,+0
6.7774,ascent,1.8238,47.2852,44.3848,-64.5780,0.0000,0.034580,0.231089,0.078397,0.006603,0.6000,+0
6.7785,ascent,1.8238,47.2852,44.3848,-64.5780,0.0000,0.034580,0.231089,0.078397,0.006603,0.6000,+0
6.7796,ascent,1.8238,47.1973,44.3848,-64.5780,0.0000,0.034759,0.231084,0.078391,0.006609,0.6000,+0
6.7807,ascent,1.8238,47.0215,44.3848,-65.9520,0.0000,0.035131,0.231075,0.078391,0.006609,0.6000,+0
6.7819,ascent,1.8238,46.9336,44.3848,-65.9520,0.0000,0.035311,0.231070,0.078406,0.006594,0.6000,+0
6.7830,ascent,1.8238,46.9336,44.3848,-65.9520,0.0000,0.035311,0.231070,0.078396,0.006604,0.6000,+0
6.7841,ascent,1.8238,46.8457,44.3848,-65.9520,0.0000,0.035490,0.231065,0.078396,0.006604,0.6000,+0
6.7852,ascent,1.8238,46.7578,44.3848,-65.9520,0.0000,0.035669,0.231061,0.078417,0.006583,0.6000,+0
6.7863,ascent,1.8238,46.7578,44.3848,-65.9520,0.0000,0.035669,0.231061,0.078417,0.006583,0.6000,+0
6.7874,ascent,1.8238,46.6699,44.4727,-65.9520,1.3740,0.035852,0.135881,0.078418,0.006582,0.6000,+0
6.7885,ascent,1.8238,46.5820,44.4727,-65.9520,1.3740,0.036032,0.135876,0.078418,0.006582,0.6000,+0
6.7896,ascent,1.8238,46.4941,44.5605,-65.9520,1.3740,0.036215,0.135185,0.078428,0.006572,0.6000,+0
6.7907,ascent,1.8238,46.4062,44.6484,-65.9520,4.1220,0.036399,0.029454,0.078428,0.006572,0.6000,+0
6.7919,ascent,1.8238,46.3184,44.6484,-65.9520,4.1220,0.036578,0.029450,0.078422,0.006578,0.6000,+0
6.7930,ascent,1.8238,46.2305,44.7363,-65.9520,5.4960,0.036762,0.028075,0.078419,0.006581,0.6000,+0
6.7941,ascent,1.8238,46.2305,44.8242,-65.9520,6.8700,0.036767,0.027326,0.078419,0.006581,0.6000,+0
6.7952,ascent,1.8238,46.1426,44.9121,-65.9520,8.2440,0.036950,0.026580,0.078438,0.006562,0.6000,+0
6.7963,ascent,1.8238,46.1426,45.0000,-65.9520,9.6180,0.036955,0.025839,0.078438,0.006562,0.6000,+0
6.7974,ascent,1.8238,46.0547,45.1758,-65.9520,12.3660,0.037144,0.024352,0.078443,0.006557,0.6000,+0
6.7985,ascent,1.8238,45.9668,45.2637,-65.9520,13.7400,0.037327,0.023606,0.078443,0.006557,0.6000,+0
6.7996,ascent,1.8238,45.8789,45.3516,-65.9520,16.4880,0.037511,0.022806,0.078441,0.006559,0.6000,+0
6.8007,ascent,1.8238,45.7910,45.5273,-64.5780,20.6100,0.037685,0.021264,0.078441,0.006559,0.6000,+0
6.8019,ascent,1.8238,45.7031,45.6152,-64.5780,23.3580,0.037869,0.020464,0.078444,0.006556,0.6000,+0
6.8030,ascent,1.8238,45.7031,45.7031,-64.5780,24.7320,0.037874,0.019722,0.078452,0.006548,0.6000,+0
6.8041,ascent,1.8238,45.6152,45.7910,-64.5780,27.4800,0.038058,0.018922,0.078452,0.006548,0.6000,+0
6.8052,ascent,1.8238,45.5273,45.8789,-64.5780,30.2280,0.038241,0.018122,0.078454,0.006546,0.6000,+0
6.8063,ascent,1.8238,45.5273,45.9668,-63.2040,32.9760,0.038232,0.017326,0.078454,0.006546,0.6000,+0
6.8074,ascent,1.8238,45.4395,46.0547,-63.2040,35.7240,0.038415,0.016526,0.078474,0.006526,0.6000,+0
6.8085,ascent,1.8238,45.3516,46.0547,-63.2040,37.0980,0.038595,0.016467,0.078474,0.006526,0.6000,+0
6.8096,ascent,1.8238,45.3516,46.0547,-63.2040,39.8460,0.038595,0.016358,0.078464,0.006536,0.6000,+0
6.8107,ascent,1.8238,45.1758,46.2305,-63.2040,43.9680,0.038962,0.014812,0.078464,0.006536,0.6000,+0
6.8118,ascent,1.8238,45.1758,46.2305,-61.8300,45.3420,0.038948,0.014757,0.078475,0.006525,0.6000,+0
6.8130,ascent,1.8238,45.0879,46.3184,-61.8300,46.7160,0.039132,0.014011,0.078482,0.006518,0.6000,+0
6.8141,ascent,1.8238,45.0000,46.3184,-61.8300,49.4640,0.039311,0.013898,0.078482,0.006518,0.6000,+0
6.8152,ascent,1.8238,45.0000,46.3184,-61.8300,50.8380,0.039311,0.013843,0.078483,0.006517,0.6000,+0
6.8163,ascent,1.8238,44.9121,46.3184,-60.4560,50.8380,0.039476,0.013839,0.078483,0.006517,0.6000,+0
6.8174,ascent,1.8238,44.9121,46.4062,-60.4560,52.2120,0.039480,0.013097,0.078468,0.006532,0.6000,+0
6.8185,ascent,1.8238,44.8242,46.4062,-60.4560,53.5860,0.039660,0.013038,0.078468,0.006532,0.6000,+0
6.8196,ascent,1.8238,44.7363,46.4062,-60.4560,54.9600,0.039839,0.012979,0.078495,0.006505,0.6000,+0
6.8207,ascent,1.8238,44.6484,46.4062,-59.0820,54.9600,0.040004,0.012974,0.078495,0.006505,0.6000,+0
6.8219,ascent,1.8238,44.6484,46.4062,-59.0820,54.9600,0.040004,0.012974,0.078492,0.006508,0.6000,+0
6.8230,ascent,1.8238,44.5605,46.3184,-59.0820,54.9600,0.040178,0.013657,0.078489,0.006511,0.6000,+0
6.8241,ascent,1.8238,44.5605,46.3184,-57.7080,53.5860,0.040164,0.013711,0.078489,0.006511,0.6000,+0
6.8252,ascent,1.8238,44.4727,46.3184,-57.7080,53.5860,0.040343,0.013706,0.078521,0.006479,0.6000,+0
6.8263,ascent,1.8238,44.3848,46.3184,-57.7080,52.2120,0.040522,0.013756,0.078521,0.006479,0.6000,+0
6.8274,ascent,1.8238,44.3848,46.3184,-56.3340,50.8380,0.040508,0.013811,0.078511,0.006489,0.6000,+0
6.8285,ascent,1.8238,44.2969,46.3184,-56.3340,48.0900,0.040687,0.013915,0.078511,0.006489,0.6000,+0
6.8296,ascent,1.8238,44.2969,46.3184,-56.3340,46.7160,0.040687,0.013969,0.078507,0.006493,0.6000,+0
6.8307,ascent,1.8238,44.2090,46.2305,-54.9600,42.5940,0.040847,0.014815,0.078507,0.006493,0.6000,+0
6.8319,ascent,1.8238,44.1211,46.2305,-54.9600,39.8460,0.041026,0.014919,0.078514,0.006486,0.6000,+0
6.8330,ascent,1.8238,44.1211,46.2305,-54.9600,37.0980,0.041026,0.015028,0.078509,0.006491,0.6000,+0
6.8341,ascent,1.8238,44.0332,46.1426,-53.5860,34.3500,0.041186,0.015819,0.078509,0.006491,0.6000,+0
6.8352,ascent,1.8238,44.0332,46.1426,-53.5860,31.6020,0.041186,0.015928,0.078525,0.006475,0.6000,+0
6.8363,ascent,1.8238,43.9453,46.0547,-53.5860,27.4800,0.041361,0.016773,0.078525,0.006475,0.6000,+0
6.8374,ascent,1.8238,43.9453,46.0547,-52.2120,24.7320,0.041347,0.016882,0.078526,0.006474,0.6000,+0
6.8385,ascent,1.8238,43.8574,46.0547,-52.2120,21.9840,0.041526,0.016986,0.078526,0.006474,0.6000,+0
6.8396,ascent,1.8238,43.8574,46.0547,-52.2120,19.2360,0.041526,0.017095,0.078542,0.006458,0.6000,+0
6.8407,ascent,1.8238,43.7695,45.9668,-50.8380,13.7400,0.041686,0.017995,0.078542,0.006458,0.6000,+0
6.8419,ascent,1.8238,43.7695,45.8789,-49.4640,9.6180,0.041667,0.018845,0.078530,0.006470,0.6000,+0
6.8430,ascent,1.8238,43.6816,45.8789,-49.4640,6.8700,0.041846,0.018949,0.078552,0.006448,0.6000,+0
6.8441,ascent,1.8238,43.6816,45.8789,-49.4640,4.1220,0.041846,0.019694,0.078552,0.006448,0.6000,+0
6.8452,ascent,1.8238,43.5937,45.7910,-48.0900,1.3740,0.042007,0.125415,0.078551,0.006449,0.6000,+0
6.8463,ascent,1.8238,43.5937,45.7910,-48.0900,-1.3740,0.042007,0.125524,0.078551,0.006449,0.6000,+0
6.8474,ascent,1.8238,43.5937,45.7031,-46.7160,-4.1220,0.041988,0.021390,0.078546,0.006454,0.6000,+0
6.8485,ascent,1.8238,43.5059,45.6152,-46.7160,-5.4960,0.042162,0.021498,0.078546,0.006454,0.6000,+0
6.8496,ascent,1.8238,43.5059,45.6152,-45.3420,-8.2440,0.042148,0.021599,0.078570,0.006430,0.6000,+0
6.8507,ascent,1.8238,43.4180,45.5273,-45.3420,-13.7400,0.042323,0.022499,0.078570,0.006430,0.6000,+0
6.8519,ascent,1.8238,43.4180,45.4395,-43.9680,-16.4880,0.042304,0.023295,0.078563,0.006437,0.6000,+0
6.8530,ascent,1.8238,43.3301,45.4395,-43.9680,-17.8620,0.042483,0.023345,0.078584,0.006416,0.6000,+0
6.8541,ascent,1.8238,43.3301,45.3516,-42.5940,-20.6100,0.042464,0.024141,0.078584,0.006416,0.6000,+0
6.8552,ascent,1.8238,43.3301,45.3516,-42.5940,-21.9840,0.042464,0.024195,0.078572,0.006428,0.6000,+0
6.8563,ascent,1.8238,43.2422,45.2637,-42.5940,-23.3580,0.042639,0.024932,0.078572,0.006428,0.6000,+0
6.8574,ascent,1.8238,43.2422,45.1758,-41.2200,-24.7320,0.042620,0.025673,0.078568,0.006432,0.6000,+0
6.8585,ascent,1.8238,43.2422,45.1758,-41.2200,-26.1060,0.042620,0.025728,0.078568,0.006432,0.6000,+0
6.8596,ascent,1.7608,43.1543,45.0000,-39.8460,-27.4800,0.042775,0.027151,0.078575,0.006425,0.6000,+0
6.8607,ascent,1.7608,43.1543,44.9121,-38.4720,-31.6020,0.042757,0.028001,0.078575,0.006425,0.6000,+0
6.8619,ascent,1.7608,43.1543,44.9121,-38.4720,-31.6020,0.042757,0.028001,0.078588,0.006412,0.6000,+0
6.8630,ascent,1.7608,43.0664,44.8242,-37.0980,-32.9760,0.042917,0.028738,0.078581,0.006419,0.6000,+0
6.8641,ascent,1.7608,43.0664,44.8242,-37.0980,-34.3500,0.042917,0.028793,0.078581,0.006419,0.6000,+0
6.8652,ascent,1.7608,43.0664,44.7363,-35.7240,-35.7240,0.042898,0.029534,0.078575,0.006425,0.6000,+0
6.8663,ascent,1.7608,43.0664,44.6484,-35.7240,-37.0980,0.042893,0.030275,0.078575,0.006425,0.6000,+0
6.8674,ascent,1.7608,42.9785,44.6484,-34.3500,-37.0980,0.043058,0.030271,0.078590,0.006410,0.6000,+0
6.8685,ascent,1.7608,42.9785,44.5605,-34.3500,-38.4720,0.043054,0.031012,0.078590,0.006410,0.6000,+0
6.8696,ascent,1.7608,42.9785,44.5605,-32.9760,-39.8460,0.043039,0.031067,0.078597,0.006403,0.6000,+0
6.8707,ascent,1.7608,42.8906,44.4727,-31.6020,-41.2200,0.043200,0.031804,0.078597,0.006403,0.6000,+0
6.8719,ascent,1.7608,42.8906,44.3848,-31.6020,-41.2200,0.043195,0.032490,0.078588,0.006412,0.6000,+0
6.8730,ascent,1.7608,42.8906,44.3848,-30.2280,-42.5940,0.043181,0.032545,0.078607,0.006393,0.6000,+0
6.8741,ascent,1.7608,42.8906,44.2969,-30.2280,-42.5940,0.043176,0.033232,0.078607,0.006393,0.6000,+0
6.8752,ascent,1.7608,42.8906,44.2969,-28.8540,-43.9680,0.043162,0.033286,0.078604,0.006396,0.6000,+0
6.8763,ascent,1.7608,42.8027,44.2090,-28.8540,-43.9680,0.043337,0.033969,0.078604,0.006396,0.6000,+0
6.8774,ascent,1.7608,42.8027,44.1211,-28.8540,-45.3420,0.043332,0.034710,0.078625,0.006375,0.6000,+0
6.8785,ascent,1.7608,42.8027,44.1211,-27.4800,-45.3420,0.043318,0.034710,0.078625,0.006375,0.6000,+0
6.8796,ascent,1.7608,42.8027,44.0332,-27.4800,-45.3420,0.043313,0.035397,0.078617,0.006383,0.6000,+0
6.8807,ascent,1.7608,42.8027,44.0332,-26.1060,-45.3420,0.043299,0.035397,0.078617,0.006383,0.6000,+0
6.8819,ascent,1.7608,42.8027,43.9453,-24.7320,-45.3420,0.043280,0.036084,0.078619,0.006381,0.6000,+0
6.8830,ascent,1.7608,42.8027,43.9453,-23.3580,-45.3420,0.043266,0.036084,0.078611,0.006389,0.6000,+0
6.8841,ascent,1.7608,42.7148,43.8574,-23.3580,-45.3420,0.043441,0.036767,0.078611,0.006389,0.6000,+0
6.8852,ascent,1.7608,42.7148,43.7695,-21.9840,-46.7160,0.043422,0.037508,0.078631,0.006369,0.6000,+0
6.8863,ascent,1.7608,42.7148,43.7695,-21.9840,-46.7160,0.043422,0.037508,0.078631,0.006369,0.6000,+0
6.8874,ascent,1.7608,42.7148,43.5937,-21.9840,-46.7160,0.043413,0.038882,0.078633,0.006367,0.6000,+0
6.8885,ascent,1.7608,42.7148,43.5937,-20.6100,-46.7160,0.043398,0.038882,0.078633,0.006367,0.6000,+0
6.8896,ascent,1.7608,42.7148,43.5059,-20.6100,-46.7160,0.043394,0.039569,0.078641,0.006359,0.6000,+0
6.8907,ascent,1.7608,42.7148,43.4180,-17.8620,-46.7160,0.043361,0.040256,0.078641,0.006359,0.6000,+0
6.8919,ascent,1.7608,42.7148,43.4180,-17.8620,-46.7160,0.043361,0.040256,0.078636,0.006364,0.6000,+0
6.8930,ascent,1.7608,42.7148,43.3301,-16.4880,-46.7160,0.043342,0.040943,0.078639,0.006361,0.6000,+0
6.8941,ascent,1.7608,42.7148,43.3301,-16.4880,-46.7160,0.043342,0.040943,0.078639,0.006361,0.6000,+0
6.8952,ascent,1.7608,42.7148,43.3301,-15.1140,-45.3420,0.043327,0.040889,0.078651,0.006349,0.6000,+0
6.8963,ascent,1.7608,42.7148,43.2422,-15.1140,-45.3420,0.043323,0.041576,0.078651,0.006349,0.6000,+0
6.8974,ascent,1.7608,42.7148,43.2422,-13.7400,-45.3420,0.043309,0.041576,0.078649,0.006351,0.6000,+0
6.8985,ascent,1.7608,42.7148,43.2422,-13.7400,-45.3420,0.043309,0.041576,0.078649,0.006351,0.6000,+0
6.8996,ascent,1.7608,42.7148,43.1543,-12.3660,-43.9680,0.043290,0.042209,0.078662,0.006338,0.6000,+0
6.9007,ascent,1.7608,42.7148,43.0664,-10.9920,-43.9680,0.043271,0.042896,0.078662,0.006338,0.6000,+0
6.9019,ascent,1.7608,42.7148,43.0664,-10.9920,-43.9680,0.043271,0.042896,0.078666,0.006334,0.6000,+0
6.9030,ascent,1.7608,42.7148,42.9785,-9.6180,-43.9680,0.043252,0.043583,0.078657,0.006343,0.6000,+0
6.9041,ascent,1.7608,42.7148,42.9785,-9.6180,-42.5940,0.043252,0.043528,0.078657,0.006343,0.6000,+0
6.9052,ascent,1.7608,42.7148,42.9785,-8.2440,-42.5940,0.043238,0.043528,0.078680,0.006320,0.6000,+0
6.9063,ascent,1.7608,42.7148,42.8906,-8.2440,-42.5940,0.043233,0.044216,0.078680,0.006320,0.6000,+0
6.9074,ascent,1.7608,42.7148,42.8906,-6.8700,-42.5940,0.043219,0.044216,0.078675,0.006325,0.6000,+0
6.9085,ascent,1.7608,42.7148,42.8906,-6.8700,-41.2200,0.043219,0.044161,0.078675,0.006325,0.6000,+0
6.9096,ascent,1.7608,42.7148,42.8027,-5.4960,-41.2200,0.043207,0.044848,0.078669,0.006331,0.6000,+0
6.9107,ascent,1.7608,42.7148,42.8027,-5.4960,-39.8460,0.043207,0.044794,0.078669,0.006331,0.6000,+0
6.9119,ascent,1.7608,42.7148,42.8027,-4.1220,-38.4720,0.043822,0.044739,0.078690,0.006310,0.6000,+0
6.9130,ascent,1.7608,42.7148,42.7148,-4.1220,-38.4720,0.043817,0.045426,0.078681,0.006319,0.6000,+0
6.9141,ascent,1.7608,42.7148,42.7148,-4.1220,-38.4720,0.043817,0.045426,0.078681,0.006319,0.6000,+0
6.9152,ascent,1.7608,42.7148,42.7148,-4.1220,-37.0980,0.043817,0.045372,0.078677,0.006323,0.6000,+0
6.9163,ascent,1.7608,42.7148,42.7148,-2.7480,-37.0980,0.058691,0.045372,0.078677,0.006323,0.6000,+0
6.9174,ascent,1.7608,42.7148,42.7148,-2.7480,-35.7240,0.058691,0.045318,0.078689,0.006311,0.6000,+0
6.9185,ascent,1.7608,42.7148,42.7148,-1.3740,-34.3500,0.148719,0.045263,0.078689,0.006311,0.6000,+0
6.9196,ascent,1.7608,42.7148,42.7148,-1.3740,-34.3500,0.148719,0.045263,0.078690,0.006310,0.6000,+0
6.9207,ascent,1.7608,42.7148,42.6270,-1.3740,-31.6020,0.148715,0.045841,0.078690,0.006310,0.6000,+0
6.9219,ascent,1.7608,42.7148,42.6270,-1.3740,-31.6020,0.148715,0.045841,0.078697,0.006303,0.6000,+0
6.9230,ascent,1.7608,42.7148,42.6270,0.0000,-30.2280,0.243134,0.045787,0.078700,0.006300,0.6000,+0
6.9241,ascent,1.7608,42.7148,42.6270,0.0000,-28.8540,0.243134,0.045733,0.078700,0.006300,0.6000,+0
6.9252,ascent,1.7608,42.7148,42.6270,0.0000,-27.4800,0.243134,0.045678,0.078698,0.006302,0.6000,+0
6.9263,ascent,1.7608,42.7148,42.6270,0.0000,-27.4800,0.243134,0.045678,0.078698,0.006302,0.6000,+0
6.9274,ascent,1.7608,42.7148,42.6270,0.0000,-26.1060,0.243134,0.045624,0.078717,0.006283,0.6000,+0
6.9285,ascent,1.7608,42.7148,42.6270,0.0000,-24.7320,0.243134,0.045569,0.078717,0.006283,0.6000,+0
6.9296,ascent,1.7608,42.7148,42.6270,0.0000,-24.7320,0.243134,0.045569,0.078727,0.006273,0.6000,+0
6.9307,ascent,1.7608,42.7148,42.5391,0.0000,-21.9840,0.243129,0.046148,0.078727,0.006273,0.6000,+0
6.9319,ascent,1.7608,42.8027,42.6270,1.3740,-21.9840,0.148507,0.045465,0.078712,0.006288,0.6000,+0
6.9330,ascent,1.7608,42.8027,42.6270,1.3740,-20.6100,0.148507,0.045411,0.078726,0.006274,0.6000,+0
6.9341,ascent,1.7608,42.8906,42.5391,1.3740,-19.2360,0.148323,0.046048,0.078726,0.006274,0.6000,+0
6.9352,ascent,1.7608,42.8906,42.6270,2.7480,-17.8620,0.058271,0.045306,0.078730,0.006270,0.6000,+0
6.9363,ascent,1.7608,42.9785,42.6270,4.1220,-16.4880,0.043189,0.045256,0.078730,0.006270,0.6000,+0
6.9374,ascent,1.7608,43.0664,42.6270,4.1220,-16.4880,0.043010,0.045261,0.078724,0.006276,0.6000,+0
6.9385,ascent,1.7608,43.1543,42.6270,5.4960,-15.1140,0.042187,0.045211,0.078724,0.006276,0.6000,+0
6.9396,ascent,1.7608,43.2422,42.6270,8.2440,-13.7400,0.041972,0.045161,0.078749,0.006251,0.6000,+0
6.9407,ascent,1.7608,43.3301,42.6270,10.9920,-10.9920,0.041764,0.045057,0.078749,0.006251,0.6000,+0
6.9419,ascent,1.7608,43.5059,42.6270,12.3660,-10.9920,0.041391,0.045066,0.078738,0.006262,0.6000,+0
6.9430,ascent,1.7608,43.5937,42.6270,15.1140,-9.6180,0.041184,0.045016,0.078755,0.006245,0.6000,+0
6.9441,ascent,1.6747,43.6816,42.6270,17.8620,-9.6180,0.040976,0.045020,0.078755,0.006245,0.6000,+0
6.9452,ascent,1.6747,43.8574,42.6270,20.6100,-8.2440,0.040588,0.044975,0.078765,0.006235,0.6000,+0
6.9463,ascent,1.6747,43.9453,42.6270,23.3580,-6.8700,0.040381,0.044925,0.078765,0.006235,0.6000,+0
6.9474,ascent,1.6747,44.1211,42.6270,26.1060,-6.8700,0.039993,0.044934,0.078759,0.006241,0.6000,+0
6.9485,ascent,1.6747,44.2090,42.6270,28.8540,-5.4960,0.039786,0.044892,0.078759,0.006241,0.6000,+0
6.9496,ascent,1.6747,44.2969,42.6270,32.9760,-5.4960,0.039563,0.044896,0.078754,0.006246,0.6000,+0
6.9507,ascent,1.6747,44.5605,42.6270,38.4720,-4.1220,0.038968,0.045484,0.078754,0.006246,0.6000,+0
6.9519,ascent,1.6747,44.6484,42.6270,42.5940,-4.1220,0.038746,0.045489,0.078767,0.006233,0.6000,+0
6.9530,ascent,1.6747,44.7363,42.6270,45.3420,-2.7480,0.038538,0.060327,0.078763,0.006237,0.6000,+0
6.9541,ascent,1.6747,44.9121,42.6270,48.0900,-2.7480,0.038151,0.060336,0.078763,0.006237,0.6000,+0
6.9552,ascent,1.6747,45.0000,42.6270,52.2120,-1.3740,0.037929,0.150328,0.078765,0.006235,0.6000,+0
6.9563,ascent,1.6747,45.0879,42.6270,54.9600,-1.3740,0.037721,0.150333,0.078765,0.006235,0.6000,+0
6.9574,ascent,1.6747,45.1758,42.6270,59.0820,-1.3740,0.037499,0.150337,0.078766,0.006234,0.6000,+0
6.9585,ascent,1.6747,45.3516,42.6270,61.8300,-1.3740,0.037112,0.150347,0.078766,0.006234,0.6000,+0
6.9596,ascent,1.6747,45.4395,42.6270,65.9520,-1.3740,0.036890,0.150351,0.078784,0.006216,0.6000,+0
6.9607,ascent,1.6747,45.6152,42.6270,72.8220,0.0000,0.036460,0.244740,0.078784,0.006216,0.6000,+0
6.9619,ascent,1.6747,45.7910,42.6270,75.5700,0.0000,0.036073,0.244749,0.078775,0.006225,0.6000,+0
6.9630,ascent,1.6747,45.8789,42.6270,79.6920,0.0000,0.035851,0.244753,0.078779,0.006221,0.6000,+0
6.9641,ascent,1.6747,45.9668,42.6270,82.4400,0.0000,0.035643,0.244758,0.078779,0.006221,0.6000,+0
6.9652,ascent,1.6747,46.0547,42.6270,85.1880,0.0000,0.035435,0.244762,0.078793,0.006207,0.6000,+0
6.9663,ascent,1.6747,46.1426,42.6270,87.9360,1.3740,0.035228,0.150279,0.078793,0.006207,0.6000,+0
6.9674,ascent,1.6747,46.2305,42.6270,90.6840,1.3740,0.035020,0.150283,0.078791,0.006209,0.6000,+0
6.9685,ascent,1.6747,46.3184,42.6270,92.0580,1.3740,0.034826,0.150288,0.078791,0.006209,0.6000,+0
6.9696,ascent,1.6747,46.4062,42.6270,94.8060,1.3740,0.034619,0.150293,0.078791,0.006209,0.6000,+0
6.9707,ascent,1.6747,46.5820,42.7148,97.5540,1.3740,0.034236,0.149615,0.078791,0.006209,0.6000,+0
6.9719,ascent,1.6747,46.6699,42.7148,98.9280,1.3740,0.034043,0.149619,0.078800,0.006200,0.6000,+0
6.9730,ascent,1.6747,46.7578,42.8027,100.3020,2.7480,0.033854,0.058841,0.078817,0.006183,0.6000,+0
6.9741,ascent,1.6747,46.8457,42.8906,100.3020,2.7480,0.033679,0.058158,0.078817,0.006183,0.6000,+0
6.9752,ascent,1.6747,46.9336,42.9785,101.6760,4.1220,0.033491,0.042533,0.078799,0.006201,0.6000,+0
6.9763,ascent,1.6747,47.0215,42.9785,101.6760,5.4960,0.033311,0.041855,0.078799,0.006201,0.6000,+0
6.9774,ascent,1.6747,47.1094,43.0664,101.6760,6.8700,0.033137,0.041111,0.078796,0.006204,0.6000,+0
6.9785,ascent,1.6747,47.1973,43.1543,101.6760,8.2440,0.032962,0.040374,0.078796,0.006204,0.6000,+0
6.9797,ascent,1.6747,47.2852,43.3301,100.3020,12.3660,0.032807,0.038841,0.078808,0.006192,0.6000,+0
6.9807,ascent,1.6747,47.3730,43.4180,100.3020,13.7400,0.032632,0.038105,0.078808,0.006192,0.6000,+0
6.9819,ascent,1.6747,47.4609,43.5059,100.3020,16.4880,0.032458,0.037314,0.078816,0.006184,0.6000,+0
6.9830,ascent,1.6747,47.6367,43.5937,98.9280,17.8620,0.032119,0.036582,0.078813,0.006187,0.6000,+0
6.9841,ascent,1.6747,47.6367,43.7695,97.5540,20.6100,0.032142,0.035099,0.078813,0.006187,0.6000,+0
6.9852,ascent,1.6747,47.7246,43.8574,96.1800,23.3580,0.031982,0.034308,0.078841,0.006159,0.6000,+0
6.9863,ascent,1.6747,47.7246,43.9453,94.8060,24.7320,0.032001,0.033567,0.078841,0.006159,0.6000,+0
6.9874,ascent,1.6747,47.8125,44.0332,93.4320,27.4800,0.031841,0.032776,0.078825,0.006175,0.6000,+0
6.9885,ascent,1.6747,47.9004,44.1211,92.0580,30.2280,0.031681,0.031985,0.078825,0.006175,0.6000,+0
6.9897,ascent,1.6747,47.9883,44.2969,90.6840,35.7240,0.031525,0.030398,0.078824,0.006176,0.6000,+0
6.9907,ascent,1.6747,48.0762,44.3848,89.3100,38.4720,0.031365,0.029607,0.078824,0.006176,0.6000,+0
6.9919,ascent,1.6747,48.1641,44.4727,87.9360,39.8460,0.031205,0.028870,0.078855,0.006145,0.6000,+0
6.9930,ascent,1.6747,48.1641,44.5605,86.5620,42.5940,0.031224,0.028075,0.078835,0.006165,0.6000,+0
6.9941,ascent,1.6747,48.1641,44.5605,83.8140,45.3420,0.031253,0.027966,0.078835,0.006165,0.6000,+0
6.9952,ascent,1.6747,48.2520,44.6484,82.4400,48.0900,0.031093,0.027175,0.078844,0.006156,0.6000,+0
6.9963,ascent,1.6747,48.2520,44.7363,79.6920,49.4640,0.031126,0.026434,0.078844,0.006156,0.6000,+0
6.9974,ascent,1.6747,48.3398,44.8242,78.3180,52.2120,0.030966,0.025643,0.078856,0.006144,0.6000,+0
6.9985,ascent,1.6747,48.3398,44.8242,76.9440,54.9600,0.030981,0.025534,0.078856,0.006144,0.6000,+0
6.9997,ascent,1.6747,48.4277,44.9121,72.8220,59.0820,0.030849,0.024688,0.078849,0.006151,0.6000,+0
7.0007,ascent,1.6747,48.4277,45.0000,71.4480,60.4560,0.030868,0.023947,0.078849,0.006151,0.6000,+0
7.0019,ascent,1.6747,48.4277,45.0000,70.0740,61.8300,0.030882,0.023893,0.078861,0.006139,0.6000,+0
7.0030,ascent,1.6747,48.5156,45.1758,68.7000,63.2040,0.030727,0.022469,0.078844,0.006156,0.6000,+0
7.0041,ascent,1.6747,48.5156,45.1758,65.9520,64.5780,0.030756,0.022415,0.078844,0.006156,0.6000,+0
7.0052,ascent,1.6747,48.5156,45.1758,64.5780,65.9520,0.030770,0.022361,0.078870,0.006130,0.6000,+0
7.0063,ascent,1.6747,48.6035,45.2637,63.2040,65.9520,0.030610,0.021679,0.078870,0.006130,0.6000,+0
7.0074,ascent,1.6747,48.6035,45.2637,60.4560,65.9520,0.030639,0.021679,0.078887,0.006113,0.6000,+0
7.0086,ascent,1.6747,48.6035,45.2637,59.0820,65.9520,0.030653,0.021679,0.078887,0.006113,0.6000,+0
7.0097,ascent,1.6747,48.6035,45.3516,54.9600,65.9520,0.030701,0.020992,0.078865,0.006135,0.6000,+0
7.0107,ascent,1.6747,48.6035,45.3516,52.2120,64.5780,0.030729,0.021046,0.078865,0.006135,0.6000,+0
7.0119,ascent,1.6747,48.6035,45.3516,50.8380,64.5780,0.030744,0.021046,0.078873,0.006127,0.6000,+0
7.0130,ascent,1.6747,48.6035,45.3516,48.0900,63.2040,0.030772,0.021101,0.078887,0.006113,0.6000,+0
7.0141,ascent,1.6747,48.6035,45.3516,46.7160,61.8300,0.030786,0.021155,0.078887,0.006113,0.6000,+0
7.0152,ascent,1.6747,48.6035,45.2637,43.9680,59.0820,0.030810,0.021951,0.078895,0.006105,0.6000,+0
7.0163,ascent,1.6747,48.6035,45.3516,42.5940,57.7080,0.030829,0.021318,0.078895,0.006105,0.6000,+0
7.0174,ascent,1.6747,48.6035,45.3516,39.8460,54.9600,0.030858,0.021427,0.078896,0.006104,0.6000,+0
7.0185,ascent,1.6747,48.6035,45.2637,38.4720,53.5860,0.030868,0.022168,0.078896,0.006104,0.6000,+0
7.0197,ascent,1.6747,48.6035,45.2637,34.3500,48.0900,0.030911,0.022386,0.078910,0.006090,0.6000,+0
7.0207,ascent,1.6747,48.6035,45.2637,32.9760,45.3420,0.030925,0.022495,0.078910,0.006090,0.6000,+0
7.0219,ascent,1.6747,48.6035,45.2637,30.2280,42.5940,0.030954,0.022604,0.078916,0.006084,0.6000,+0
7.0230,ascent,1.6747,48.6035,45.2637,28.8540,41.2200,0.030968,0.022658,0.078909,0.006091,0.6000,+0
7.0241,ascent,1.6747,48.6035,45.2637,26.1060,38.4720,0.030996,0.022767,0.078909,0.006091,0.6000,+0
7.0252,ascent,1.6747,48.6035,45.1758,24.7320,34.3500,0.031006,0.023617,0.078918,0.006082,0.6000,+0
7.0263,ascent,1.6747,48.6035,45.1758,23.3580,32.9760,0.031020,0.023671,0.078918,0.006082,0.6000,+0
7.0274,ascent,1.6747,48.6035,45.1758,21.9840,30.2280,0.031035,0.023780,0.078900,0.006100,0.6000,+0
7.0285,ascent,1.6747,48.6035,45.1758,20.6100,27.4800,0.031049,0.023889,0.078900,0.006100,0.6000,+0
7.0297,ascent,1.6747,48.6035,45.0000,16.4880,21.9840,0.031082,0.025480,0.078907,0.006093,0.6000,+0
7.0307,ascent,1.6747,48.5156,45.0000,15.1140,19.2360,0.031276,0.025585,0.078907,0.006093,0.6000,+0
7.0319,ascent,1.6747,48.5156,45.0000,13.7400,16.4880,0.031290,0.025693,0.078919,0.006081,0.6000,+0
7.0330,ascent,1.6747,48.5156,44.9121,12.3660,13.7400,0.031300,0.026489,0.078926,0.006074,0.6000,+0
7.0341,ascent,1.6173,48.5156,44.9121,10.9920,10.9920,0.031314,0.026598,0.078926,0.006074,0.6000,+0
7.0352,ascent,1.6173,48.5156,44.9121,9.6180,9.6180,0.031328,0.026652,0.078921,0.006079,0.6000,+0
7.0363,ascent,1.6173,48.5156,44.8242,8.2440,6.8700,0.031338,0.027448,0.078921,0.006079,0.6000,+0
7.0374,ascent,1.6173,48.5156,44.8242,6.8700,4.1220,0.031352,0.028193,0.078936,0.006064,0.6000,+0
7.0385,ascent,1.6173,48.5156,44.8242,5.4960,2.7480,0.031374,0.043135,0.078936,0.006064,0.6000,+0
7.0397,ascent,1.6173,48.4277,44.7363,2.7480,-1.3740,0.047094,0.134023,0.078925,0.006075,0.6000,+0
7.0407,ascent,1.6173,48.4277,44.7363,1.3740,-2.7480,0.137150,0.044035,0.078925,0.006075,0.6000,+0
7.0419,ascent,1.6173,48.4277,44.6484,1.3740,-5.4960,0.137146,0.029314,0.078932,0.006068,0.6000,+0
7.0430,ascent,1.6173,48.4277,44.6484,0.0000,-6.8700,0.231593,0.029361,0.078940,0.006060,0.6000,+0
7.0441,ascent,1.6173,48.4277,44.6484,-1.3740,-8.2440,0.137174,0.029415,0.078940,0.006060,0.6000,+0
7.0452,ascent,1.6173,48.4277,44.6484,-1.3740,-9.6180,0.137174,0.029470,0.078950,0.006050,0.6000,+0
7.0463,ascent,1.6173,48.4277,44.5605,-1.3740,-12.3660,0.137169,0.030266,0.078950,0.006050,0.6000,+0
7.0474,ascent,1.6173,48.3398,44.5605,-2.7480,-12.3660,0.047321,0.030261,0.078939,0.006061,0.6000,+0
7.0485,ascent,1.6173,48.3398,44.5605,-2.7480,-13.7400,0.047321,0.030315,0.078939,0.006061,0.6000,+0
7.0497,ascent,1.6173,48.3398,44.4727,-4.1220,-16.4880,0.032442,0.031111,0.078940,0.006060,0.6000,+0
7.0507,ascent,1.6173,48.3398,44.4727,-5.4960,-16.4880,0.031828,0.031111,0.078940,0.006060,0.6000,+0
7.0519,ascent,1.6173,48.3398,44.4727,-5.4960,-17.8620,0.031828,0.031165,0.078964,0.006036,0.6000,+0
7.0530,ascent,1.6173,48.3398,44.3848,-5.4960,-19.2360,0.031823,0.031907,0.078961,0.006039,0.6000,+0
7.0541,ascent,1.6173,48.3398,44.3848,-5.4960,-19.2360,0.031823,0.031907,0.078961,0.006039,0.6000,+0
7.0552,ascent,1.6173,48.3398,44.2969,-5.4960,-20.6100,0.031818,0.032648,0.078962,0.006038,0.6000,+0
7.0563,ascent,1.6173,48.3398,44.2969,-6.8700,-21.9840,0.031825,0.032702,0.078962,0.006038,0.6000,+0
7.0574,ascent,1.6173,48.4277,44.2969,-5.4960,-21.9840,0.031639,0.032707,0.078951,0.006049,0.6000,+0
7.0585,ascent,1.6173,48.4277,44.2969,-5.4960,-21.9840,0.031639,0.032707,0.078951,0.006049,0.6000,+0
7.0597,ascent,1.6173,48.4277,44.2090,-5.4960,-23.3580,0.031635,0.033448,0.078989,0.006011,0.6000,+0
7.0607,ascent,1.6173,48.4277,44.2090,-5.4960,-23.3580,0.031635,0.033448,0.078989,0.006011,0.6000,+0
7.0619,ascent,1.6173,48.4277,44.2090,-5.4960,-23.3580,0.031635,0.033448,0.078974,0.006026,0.6000,+0
7.0630,ascent,1.6173,48.4277,44.2090,-5.4960,-23.3580,0.031635,0.033448,0.078982,0.006018,0.6000,+0
7.0641,ascent,1.6173,48.4277,44.1211,-4.1220,-24.7320,0.032244,0.034189,0.078982,0.006018,0.6000,+0
7.0652,ascent,1.6173,48.5156,44.1211,-4.1220,-24.7320,0.032065,0.034194,0.078975,0.006025,0.6000,+0
7.0663,ascent,1.6173,48.5156,44.1211,-2.7480,-24.7320,0.046939,0.034194,0.078975,0.006025,0.6000,+0
7.0674,ascent,1.6173,48.5156,44.0332,-2.7480,-24.7320,0.046935,0.034881,0.078984,0.006016,0.6000,+0
7.0685,ascent,1.6173,48.5156,44.0332,-1.3740,-24.7320,0.136962,0.034881,0.078984,0.006016,0.6000,+0
7.0696,ascent,1.6173,48.5156,44.0332,-1.3740,-24.7320,0.136962,0.034881,0.078985,0.006015,0.6000,+0
7.0707,ascent,1.6173,48.5156,44.0332,0.0000,-24.7320,0.231382,0.034881,0.078985,0.006015,0.6000,+0
7.0719,ascent,1.6173,48.5156,44.0332,0.0000,-23.3580,0.231382,0.034827,0.079000,0.006000,0.6000,+0
7.0730,ascent,1.6173,48.5156,44.0332,0.0000,-23.3580,0.231382,0.034827,0.079012,0.005988,0.6000,+0
7.0741,ascent,1.6173,48.5156,43.9453,1.3740,-23.3580,0.136929,0.035513,0.079012,0.005988,0.6000,+0
7.0752,ascent,1.6173,48.4277,43.9453,1.3740,-23.3580,0.137108,0.035509,0.079018,0.005982,0.6000,+0
7.0763,ascent,1.6173,48.4277,43.9453,1.3740,-21.9840,0.137108,0.035454,0.079018,0.005982,0.6000,+0
7.0774,ascent,1.6173,48.4277,43.9453,1.3740,-21.9840,0.137108,0.035454,0.079017,0.005983,0.6000,+0
7.0785,ascent,1.6173,48.4277,43.9453,1.3740,-21.9840,0.137108,0.035454,0.079017,0.005983,0.6000,+0
7.0796,ascent,1.6173,48.4277,43.8574,1.3740,-21.9840,0.137103,0.036141,0.079023,0.005977,0.6000,+0
7.0807,ascent,1.6173,48.5156,43.8574,2.7480,-20.6100,0.046868,0.036091,0.079023,0.005977,0.6000,+0
7.0819,ascent,1.6173,48.5156,43.8574,2.7480,-20.6100,0.046868,0.036091,0.079028,0.005972,0.6000,+0
7.0830,ascent,1.6173,48.5156,43.8574,2.7480,-20.6100,0.046868,0.036091,0.079038,0.005962,0.6000,+0
7.0841,ascent,1.6173,48.5156,43.8574,4.1220,-20.6100,0.031965,0.036091,0.079038,0.005962,0.6000,+0
7.0852,ascent,1.6173,48.6035,43.8574,4.1220,-19.2360,0.031786,0.036042,0.079029,0.005971,0.6000,+0
7.0863,ascent,1.6173,48.6035,43.8574,4.1220,-19.2360,0.031786,0.036042,0.079029,0.005971,0.6000,+0
7.0874,ascent,1.6173,48.6914,43.7695,6.8700,-17.8620,0.030938,0.036679,0.079040,0.005960,0.6000,+0
7.0885,ascent,1.6173,48.6914,43.7695,6.8700,-17.8620,0.030938,0.036679,0.079040,0.005960,0.6000,+0
7.0897,ascent,1.6173,48.7793,43.7695,8.2440,-17.8620,0.030745,0.036683,0.079044,0.005956,0.6000,+0
7.0907,ascent,1.6173,48.7793,43.7695,8.2440,-16.4880,0.030745,0.036629,0.079044,0.005956,0.6000,+0
7.0919,ascent,1.6173,48.8672,43.7695,9.6180,-16.4880,0.030551,0.036634,0.079044,0.005956,0.6000,+0
7.0930,ascent,1.6173,48.9551,43.7695,10.9920,-15.1140,0.030358,0.036584,0.079058,0.005942,0.6000,+0
7.0941,ascent,1.6173,48.9551,43.7695,12.3660,-15.1140,0.030344,0.036584,0.079058,0.005942,0.6000,+0
7.0952,ascent,1.6173,49.0430,43.7695,12.3660,-15.1140,0.030165,0.036589,0.079057,0.005943,0.6000,+0
7.0963,ascent,1.6173,49.0430,43.7695,13.7400,-13.7400,0.030150,0.036534,0.079057,0.005943,0.6000,+0
7.0975,ascent,1.6173,49.0430,43.7695,15.1140,-13.7400,0.030136,0.036534,0.079052,0.005948,0.6000,+0
7.0985,ascent,1.6173,49.1309,43.7695,15.1140,-13.7400,0.029957,0.036539,0.079052,0.005948,0.6000,+0
7.0996,ascent,1.6173,49.1309,43.7695,16.4880,-12.3660,0.029943,0.036484,0.079067,0.005933,0.6000,+0
7.1007,ascent,1.6173,49.2188,43.5937,17.8620,-12.3660,0.029740,0.037863,0.079067,0.005933,0.6000,+0
7.1019,ascent,1.6173,49.2188,43.5937,17.8620,-10.9920,0.029740,0.037808,0.079067,0.005933,0.6000,+0
7.1030,ascent,1.6173,49.2188,43.5937,19.2360,-10.9920,0.029726,0.037808,0.079061,0.005939,0.6000,+0
7.1041,ascent,1.6173,49.3066,43.7695,20.6100,-10.9920,0.029542,0.036439,0.079061,0.005939,0.6000,+0
7.1052,ascent,1.6173,49.3066,43.5937,20.6100,-10.9920,0.029532,0.037813,0.079066,0.005934,0.6000,+0
7.1063,ascent,1.6173,49.3066,43.5937,21.9840,-9.6180,0.029518,0.037759,0.079066,0.005934,0.6000,+0
7.1074,ascent,1.6173,49.3066,43.5937,21.9840,-9.6180,0.029518,0.037759,0.079067,0.005933,0.6000,+0
7.1085,ascent,1.6173,49.3066,43.5937,23.3580,-9.6180,0.029504,0.037759,0.079067,0.005933,0.6000,+0
7.1097,ascent,1.6173,49.3945,43.5937,24.7320,-8.2440,0.029310,0.037709,0.079081,0.005919,0.6000,+0
7.1107,ascent,1.6173,49.3945,43.5937,26.1060,-8.2440,0.029296,0.037709,0.079081,0.005919,0.6000,+0
7.1119,ascent,1.6173,49.3945,43.5937,26.1060,-6.8700,0.029296,0.037654,0.079074,0.005926,0.6000,+0
7.1130,ascent,1.6173,49.3945,43.5937,27.4800,-6.8700,0.029282,0.037654,0.079083,0.005917,0.6000,+0
7.1141,ascent,1.6173,49.3945,43.5937,27.4800,-6.8700,0.029282,0.037654,0.079083,0.005917,0.6000,+0
7.1152,ascent,1.6173,49.3945,43.5937,27.4800,-6.8700,0.029282,0.037654,0.079080,0.005920,0.6000,+0
7.1163,ascent,1.6173,49.3945,43.7695,27.4800,-5.4960,0.029291,0.036234,0.079080,0.005920,0.6000,+0
7.1174,ascent,1.6173,49.3945,43.7695,27.4800,-5.4960,0.029291,0.036234,0.079103,0.005897,0.6000,+0
7.1185,ascent,1.6173,49.3945,43.5937,27.4800,-5.4960,0.029282,0.037607,0.079103,0.005897,0.6000,+0
7.1197,ascent,1.6173,49.3945,43.5937,26.1060,-4.1220,0.029296,0.038182,0.079107,0.005893,0.6000,+0
7.1207,ascent,1.6173,49.3945,43.5937,26.1060,-4.1220,0.029296,0.038182,0.079107,0.005893,0.6000,+0
7.1219,ascent,1.6173,49.3066,43.5937,24.7320,-4.1220,0.029489,0.038177,0.079101,0.005899,0.6000,+0
7.1230,ascent,1.6173,49.3066,43.5937,23.3580,-4.1220,0.029504,0.038177,0.079117,0.005883,0.6000,+0
7.1241,ascent,1.5930,49.3066,43.5937,21.9840,-2.7480,0.029518,0.053011,0.079117,0.005883,0.6000,+0
7.1252,ascent,1.5930,49.3066,43.5937,21.9840,-2.7480,0.029518,0.053011,0.079106,0.005894,0.6000,+0
7.1263,ascent,1.5930,49.3066,43.5937,20.6100,-2.7480,0.029532,0.053011,0.079106,0.005894,0.6000,+0
7.1274,ascent,1.5930,49.3066,43.5937,19.2360,-2.7480,0.029547,0.053011,0.079129,0.005871,0.6000,+0
7.1285,ascent,1.5930,49.3066,43.5937,17.8620,-2.7480,0.029561,0.053011,0.079129,0.005871,0.6000,+0
7.1297,ascent,1.5930,49.3066,43.7695,15.1140,-2.7480,0.029599,0.051637,0.079107,0.005893,0.6000,+0
7.1307,ascent,1.5930,49.2188,43.7695,12.3660,-1.3740,0.029807,0.141620,0.079107,0.005893,0.6000,+0
7.1319,ascent,1.5930,49.2188,43.7695,10.9920,-1.3740,0.029821,0.141620,0.079123,0.005877,0.6000,+0
7.1330,ascent,1.5930,49.2188,43.5937,9.6180,0.0000,0.029826,0.237373,0.079124,0.005876,0.6000,+0
7.1341,ascent,1.5930,49.2188,43.5937,8.2440,0.0000,0.029840,0.237373,0.079124,0.005876,0.6000,+0
7.1352,ascent,1.5930,49.2188,43.5937,6.8700,0.0000,0.029854,0.237373,0.079119,0.005881,0.6000,+0
7.1363,ascent,1.5930,49.2188,43.5937,5.4960,0.0000,0.029876,0.237373,0.079119,0.005881,0.6000,+0
7.1374,ascent,1.5930,49.2188,43.7695,5.4960,0.0000,0.029885,0.235999,0.079121,0.005879,0.6000,+0
7.1385,ascent,1.5930,49.2188,43.5937,4.1220,0.0000,0.030519,0.237373,0.079121,0.005879,0.6000,+0
7.1397,ascent,1.5930,49.1309,43.5937,1.3740,0.0000,0.135657,0.237368,0.079115,0.005885,0.6000,+0
7.1407,ascent,1.5930,49.1309,43.5937,0.0000,0.0000,0.230105,0.237368,0.079115,0.005885,0.6000,+0
7.1419,ascent,1.5930,49.1309,43.7695,0.0000,0.0000,0.230114,0.235995,0.079134,0.005866,0.6000,+0
7.1430,ascent,1.5930,49.1309,43.7695,-1.3740,1.3740,0.135695,0.141507,0.079135,0.005865,0.6000,+0
7.1441,ascent,1.5930,49.1309,43.7695,-2.7480,1.3740,0.045667,0.141507,0.079135,0.005865,0.6000,+0
7.1452,ascent,1.5930,49.1309,43.7695,-2.7480,1.3740,0.045667,0.141507,0.079144,0.005856,0.6000,+0
7.1463,ascent,1.5930,49.1309,43.8574,-4.1220,2.7480,0.030798,0.050723,0.079144,0.005856,0.6000,+0
7.1474,ascent,1.5930,49.0430,43.8574,-4.1220,2.7480,0.030977,0.050719,0.079134,0.005866,0.6000,+0
7.1485,ascent,1.5930,49.0430,43.9453,-5.4960,2.7480,0.030367,0.050032,0.079134,0.005866,0.6000,+0
7.1497,ascent,1.5930,49.0430,44.0332,-6.8700,5.4960,0.030379,0.033719,0.079155,0.005845,0.6000,+0
7.1507,ascent,1.5930,49.0430,44.1211,-6.8700,6.8700,0.030384,0.032971,0.079155,0.005845,0.6000,+0
7.1519,ascent,1.5930,49.0430,44.2090,-8.2440,8.2440,0.030403,0.032229,0.079144,0.005856,0.6000,+0
7.1530,ascent,1.5930,49.0430,44.2969,-8.2440,9.6180,0.030407,0.031488,0.079155,0.005845,0.6000,+0
7.1541,ascent,1.5930,49.0430,44.3848,-8.2440,12.3660,0.030412,0.030692,0.079155,0.005845,0.6000,+0
7.1552,ascent,1.5930,49.1309,44.4727,-6.8700,13.7400,0.030223,0.029956,0.079155,0.005845,0.6000,+0
7.1563,ascent,1.5930,49.1309,44.5605,-6.8700,16.4880,0.030228,0.029160,0.079155,0.005845,0.6000,+0
7.1574,ascent,1.5930,49.1309,44.5605,-6.8700,17.8620,0.030228,0.029106,0.079172,0.005828,0.6000,+0
7.1585,ascent,1.5930,49.1309,44.7363,-6.8700,20.6100,0.030238,0.027623,0.079172,0.005828,0.6000,+0
7.1597,ascent,1.5930,49.1309,44.8242,-5.4960,24.7320,0.030235,0.026773,0.079176,0.005824,0.6000,+0
7.1607,ascent,1.5930,49.1309,44.9121,-5.4960,26.1060,0.030240,0.026032,0.079176,0.005824,0.6000,+0
7.1619,ascent,1.5930,49.1309,45.0000,-5.4960,28.8540,0.030245,0.025237,0.079170,0.005830,0.6000,+0
7.1630,ascent,1.5930,49.1309,45.1758,-5.4960,30.2280,0.030254,0.023809,0.079176,0.005824,0.6000,+0
7.1641,ascent,1.5930,49.1309,45.2637,-4.1220,32.9760,0.030873,0.023013,0.079176,0.005824,0.6000,+0
7.1652,ascent,1.5930,49.1309,45.2637,-4.1220,34.3500,0.030873,0.022959,0.079187,0.005813,0.6000,+0
7.1663,ascent,1.5930,49.1309,45.3516,-4.1220,37.0980,0.030878,0.022163,0.079187,0.005813,0.6000,+0
7.1674,ascent,1.5930,49.1309,45.4395,-4.1220,39.8460,0.030883,0.021367,0.079174,0.005826,0.6000,+0
7.1685,ascent,1.5930,49.1309,45.4395,-4.1220,41.2200,0.030883,0.021313,0.079174,0.005826,0.6000,+0
7.1697,ascent,1.5930,49.1309,45.6152,-2.7480,45.3420,0.045766,0.019776,0.079173,0.005827,0.6000,+0
7.1707,ascent,1.5930,49.1309,45.6152,-2.7480,46.7160,0.045766,0.019722,0.079173,0.005827,0.6000,+0
7.1719,ascent,1.5930,49.0430,45.6152,-2.7480,49.4640,0.045945,0.019608,0.079194,0.005806,0.6000,+0
7.1730,ascent,1.5930,49.0430,45.7031,-2.7480,50.8380,0.045950,0.018867,0.079194,0.005806,0.6000,+0
7.1741,ascent,1.5930,49.0430,45.7031,-2.7480,52.2120,0.045950,0.018813,0.079194,0.005806,0.6000,+0
7.1752,ascent,1.5930,49.0430,45.7031,-2.7480,52.2120,0.045950,0.018813,0.079182,0.005818,0.6000,+0
7.1763,ascent,1.5930,49.0430,45.7910,-2.7480,53.5860,0.045955,0.018072,0.079182,0.005818,0.6000,+0
7.1774,ascent,1.5930,49.0430,45.7910,-2.7480,54.9600,0.045955,0.018017,0.079196,0.005804,0.6000,+0
7.1785,ascent,1.5930,49.0430,45.7910,-2.7480,54.9600,0.045955,0.018017,0.079196,0.005804,0.6000,+0
7.1797,ascent,1.5930,49.0430,45.7910,-1.3740,56.3340,0.135982,0.017963,0.079198,0.005802,0.6000,+0
7.1807,ascent,1.5930,49.0430,45.7910,-1.3740,54.9600,0.135982,0.018017,0.079198,0.005802,0.6000,+0
7.1819,ascent,1.5930,49.0430,45.7910,-1.3740,54.9600,0.135982,0.018017,0.079195,0.005805,0.6000,+0
7.1830,ascent,1.5930,49.0430,45.7910,0.0000,54.9600,0.230402,0.018017,0.079225,0.005775,0.6000,+0
7.1841,ascent,1.5930,49.0430,45.7910,0.0000,53.5860,0.230402,0.018072,0.079225,0.005775,0.6000,+0
7.1852,ascent,1.5930,49.0430,45.7031,0.0000,52.2120,0.230397,0.018813,0.079199,0.005801,0.6000,+0
7.1863,ascent,1.5930,49.0430,45.7031,0.0000,49.4640,0.230397,0.018922,0.079199,0.005801,0.6000,+0
7.1874,ascent,1.5930,49.0430,45.7031,0.0000,48.0900,0.230397,0.018976,0.079213,0.005787,0.6000,+0
7.1885,ascent,1.5930,49.0430,45.7031,0.0000,45.3420,0.230397,0.019085,0.079213,0.005787,0.6000,+0
7.1897,ascent,1.5930,49.0430,45.7031,-1.3740,41.2200,0.135978,0.019248,0.079210,0.005790,0.6000,+0
7.1908,ascent,1.5930,49.0430,45.6152,-1.3740,38.4720,0.135973,0.020044,0.079210,0.005790,0.6000,+0
7.1919,ascent,1.5930,49.0430,45.6152,-1.3740,37.0980,0.135973,0.020098,0.079211,0.005789,0.6000,+0
7.1931,ascent,1.5930,49.0430,45.6152,-1.3740,34.3500,0.135973,0.020207,0.079235,0.005765,0.6000,+0
7.1941,ascent,1.5930,49.1309,45.6152,-1.3740,31.6020,0.135794,0.020320,0.079235,0.005765,0.6000,+0
7.1952,ascent,1.5930,49.1309,45.6152,-1.3740,28.8540,0.135794,0.020429,0.079224,0.005776,0.6000,+0
7.1963,ascent,1.5930,49.2188,45.5273,0.0000,26.1060,0.230029,0.021230,0.079224,0.005776,0.6000,+0
7.1974,ascent,1.5930,49.2188,45.5273,0.0000,23.3580,0.230029,0.021338,0.079225,0.005775,0.6000,+0
7.1985,ascent,1.5930,49.3066,45.5273,1.3740,20.6100,0.135403,0.021452,0.079225,0.005775,0.6000,+0
7.1997,ascent,1.5930,49.3945,45.4395,2.7480,15.1140,0.045162,0.022361,0.079229,0.005771,0.6000,+0
7.2007,ascent,1.5930,49.4824,45.4395,4.1220,12.3660,0.030081,0.022475,0.079229,0.005771,0.6000,+0
7.2018,ascent,1.5930,49.5703,45.3516,5.4960,9.6180,0.029254,0.023275,0.079236,0.005764,0.6000,+0
7.2030,ascent,1.5930,49.5703,45.3516,6.8700,6.8700,0.029233,0.023384,0.079240,0.005760,0.6000,+0
7.2041,ascent,1.5930,49.6582,45.3516,8.2440,5.4960,0.029039,0.023450,0.079240,0.005760,0.6000,+0
7.2051,ascent,1.5930,49.7461,45.2637,10.9920,2.7480,0.028827,0.039768,0.079249,0.005751,0.6000,+0
7.2062,ascent,1.5930,49.8340,45.2637,13.7400,0.0000,0.028619,0.224357,0.079249,0.005751,0.6000,+0
7.2073,ascent,1.5930,49.9219,45.1758,15.1140,-1.3740,0.028421,0.130669,0.079243,0.005757,0.6000,+0
7.2085,ascent,1.5930,50.0977,45.1758,17.8620,-4.1220,0.028035,0.025857,0.079243,0.005757,0.6000,+0
7.2097,ascent,1.5930,50.2734,45.0000,23.3580,-9.6180,0.027610,0.026822,0.079243,0.005757,0.6000,+0
7.2107,ascent,1.5930,50.3613,45.0000,26.1060,-10.9920,0.027403,0.026881,0.079243,0.005757,0.6000,+0
7.2118,ascent,1.5930,50.4492,44.9121,28.8540,-12.3660,0.027190,0.027627,0.079253,0.005747,0.6000,+0
7.2130,ascent,1.5930,50.5371,44.9121,31.6020,-13.7400,0.026983,0.027686,0.079263,0.005737,0.6000,+0
7.2141,ascent,1.5014,50.7129,44.8242,34.3500,-16.4880,0.026591,0.028491,0.079263,0.005737,0.6000,+0
7.2152,ascent,1.5014,50.7129,44.8242,37.0980,-17.8620,0.026563,0.028545,0.079250,0.005750,0.6000,+0
7.2163,ascent,1.5014,50.8008,44.8242,39.8460,-19.2360,0.026355,0.028605,0.079250,0.005750,0.6000,+0
7.2174,ascent,1.5014,50.9766,44.7363,42.5940,-20.6100,0.025964,0.029355,0.079255,0.005745,0.6000,+0
7.2185,ascent,1.5014,51.0645,44.7363,46.7160,-20.6100,0.025742,0.029360,0.079255,0.005745,0.6000,+0
7.2197,ascent,1.5014,51.2402,44.6484,52.2120,-23.3580,0.025322,0.030165,0.079260,0.005740,0.6000,+0
7.2207,ascent,1.5014,51.3281,44.6484,54.9600,-24.7320,0.025115,0.030224,0.079260,0.005740,0.6000,+0
7.2218,ascent,1.5014,51.3281,44.5605,57.7080,-26.1060,0.025081,0.030965,0.079279,0.005721,0.6000,+0
7.2230,ascent,1.5014,51.4160,44.5605,60.4560,-26.1060,0.024874,0.030970,0.079273,0.005727,0.6000,+0
7.2241,ascent,1.5014,51.5039,44.5605,63.2040,-26.1060,0.024666,0.030975,0.079273,0.005727,0.6000,+0
7.2252,ascent,1.5014,51.5918,44.5605,65.9520,-27.4800,0.024459,0.031034,0.079291,0.005709,0.6000,+0
7.2263,ascent,1.5014,51.5918,44.5605,67.3260,-27.4800,0.024445,0.031034,0.079291,0.005709,0.6000,+0
7.2274,ascent,1.5014,51.6797,44.5605,68.7000,-27.4800,0.024251,0.031039,0.079295,0.005705,0.6000,+0
7.2285,ascent,1.5014,51.7676,44.4727,70.0740,-27.4800,0.024053,0.031730,0.079295,0.005705,0.6000,+0
7.2297,ascent,1.5014,51.8555,44.4727,74.1960,-28.8540,0.023832,0.031789,0.079300,0.005700,0.6000,+0
7.2307,ascent,1.5014,51.9434,44.4727,75.5700,-27.4800,0.023638,0.031740,0.079300,0.005700,0.6000,+0
7.2318,ascent,1.5014,51.9434,44.3848,75.5700,-28.8540,0.023634,0.032481,0.079299,0.005701,0.6000,+0
7.2329,ascent,1.5014,52.0312,44.3848,76.9440,-28.8540,0.023440,0.032486,0.079305,0.005695,0.6000,+0
7.2340,ascent,1.5014,52.0312,44.3848,76.9440,-28.8540,0.023440,0.032486,0.079305,0.005695,0.6000,+0
7.2351,ascent,1.5014,52.1191,44.3848,76.9440,-27.4800,0.023261,0.032436,0.079314,0.005686,0.6000,+0
7.2362,ascent,1.5014,52.1191,44.2969,76.9440,-28.8540,0.023257,0.033177,0.079314,0.005686,0.6000,+0
7.2373,ascent,1.5014,52.2070,44.2969,76.9440,-27.4800,0.023078,0.033127,0.079315,0.005685,0.6000,+0
7.2385,ascent,1.5014,52.2070,44.2969,76.9440,-27.4800,0.023078,0.033127,0.079315,0.005685,0.6000,+0
7.2397,ascent,1.5014,52.2949,44.2969,75.5700,-26.1060,0.022913,0.033078,0.079328,0.005672,0.6000,+0
7.2407,ascent,1.5014,52.2949,44.2090,74.1960,-26.1060,0.022923,0.033764,0.079328,0.005672,0.6000,+0
7.2419,ascent,1.5014,52.2949,44.2090,72.8220,-26.1060,0.022937,0.033764,0.079327,0.005673,0.6000,+0
7.2429,ascent,1.5014,52.3828,44.2090,71.4480,-26.1060,0.022773,0.033769,0.079317,0.005683,0.6000,+0
7.2442,ascent,1.5014,52.3828,44.2090,70.0740,-24.7320,0.022787,0.033715,0.079317,0.005683,0.6000,+0
7.2452,ascent,1.5014,52.3828,44.2090,68.7000,-24.7320,0.022801,0.033715,0.079318,0.005682,0.6000,+0
7.2463,ascent,1.5014,52.3828,44.2090,65.9520,-23.3580,0.022830,0.033660,0.079318,0.005682,0.6000,+0
7.2474,ascent,1.5014,52.3828,44.1211,64.5780,-23.3580,0.022839,0.034347,0.079318,0.005682,0.6000,+0
7.2485,ascent,1.5014,52.3828,44.1211,61.8300,-23.3580,0.022868,0.034347,0.079318,0.005682,0.6000,+0
7.2497,ascent,1.5014,52.3828,44.1211,56.3340,-21.9840,0.022925,0.034293,0.079325,0.005675,0.6000,+0
7.2507,ascent,1.5014,52.3828,44.1211,54.9600,-20.6100,0.022940,0.034238,0.079325,0.005675,0.6000,+0
7.2519,ascent,1.5014,52.3828,44.1211,52.2120,-20.6100,0.022968,0.034238,0.079327,0.005673,0.6000,+0
7.2530,ascent,1.5014,52.3828,44.1211,49.4640,-19.2360,0.022997,0.034184,0.079343,0.005657,0.6000,+0
7.2541,ascent,1.5014,52.3828,44.0332,46.7160,-19.2360,0.023021,0.034871,0.079343,0.005657,0.6000,+0
7.2552,ascent,1.5014,52.2949,44.0332,43.9680,-17.8620,0.023228,0.034811,0.079345,0.005655,0.6000,+0
7.2563,ascent,1.5014,52.2949,44.0332,41.2200,-17.8620,0.023257,0.034811,0.079345,0.005655,0.6000,+0
7.2574,ascent,1.5014,52.2949,44.0332,38.4720,-17.8620,0.023285,0.034811,0.079348,0.005652,0.6000,+0
7.2585,ascent,1.5014,52.2949,44.0332,35.7240,-17.8620,0.023314,0.034811,0.079348,0.005652,0.6000,+0
7.2597,ascent,1.5014,52.2949,44.0332,31.6020,-16.4880,0.023357,0.034757,0.079348,0.005652,0.6000,+0
7.2607,ascent,1.5014,52.2070,44.0332,28.8540,-16.4880,0.023564,0.034752,0.079348,0.005652,0.6000,+0
7.2619,ascent,1.5014,52.2070,44.0332,26.1060,-15.1140,0.023593,0.034698,0.079360,0.005640,0.6000,+0
7.2630,ascent,1.5014,52.2070,44.0332,23.3580,-15.1140,0.023622,0.034698,0.079354,0.005646,0.6000,+0
7.2641,ascent,1.5014,52.2070,44.0332,21.9840,-15.1140,0.023636,0.034698,0.079354,0.005646,0.6000,+0
7.2652,ascent,1.5014,52.2070,44.0332,19.2360,-13.7400,0.023665,0.034643,0.079373,0.005627,0.6000,+0
7.2663,ascent,1.5014,52.1191,44.0332,16.4880,-13.7400,0.023872,0.034639,0.079373,0.005627,0.6000,+0
7.2674,ascent,1.5014,52.1191,44.0332,15.1140,-12.3660,0.023886,0.034584,0.079379,0.005621,0.6000,+0
7.2685,ascent,1.5014,52.1191,43.9453,12.3660,-12.3660,0.023910,0.035271,0.079379,0.005621,0.6000,+0
7.2697,ascent,1.5014,52.0312,43.9453,8.2440,-12.3660,0.024132,0.035266,0.079365,0.005635,0.6000,+0
7.2707,ascent,1.5014,52.0312,43.9453,5.4960,-12.3660,0.024168,0.035266,0.079365,0.005635,0.6000,+0
7.2719,ascent,1.5014,52.0312,43.9453,4.1220,-10.9920,0.024811,0.035212,0.079379,0.005621,0.6000,+0
7.2730,ascent,1.5014,51.9434,43.9453,1.3740,-10.9920,0.129949,0.035207,0.079386,0.005614,0.6000,+0
7.2741,ascent,1.5014,51.9434,43.9453,0.0000,-10.9920,0.224397,0.035207,0.079386,0.005614,0.6000,+0
7.2752,ascent,1.5014,51.9434,43.9453,-1.3740,-9.6180,0.129978,0.035153,0.079388,0.005612,0.6000,+0
7.2763,ascent,1.5014,51.9434,43.9453,-2.7480,-9.6180,0.039950,0.035153,0.079388,0.005612,0.6000,+0
7.2774,ascent,1.5014,51.8555,43.9453,-5.4960,-9.6180,0.024640,0.035148,0.079380,0.005620,0.6000,+0
7.2786,ascent,1.5014,51.8555,43.9453,-6.8700,-9.6180,0.024647,0.035148,0.079380,0.005620,0.6000,+0
7.2797,ascent,1.5014,51.7676,43.9453,-9.6180,-8.2440,0.024855,0.035089,0.079400,0.005600,0.6000,+0
7.2807,ascent,1.5014,51.7676,43.9453,-10.9920,-6.8700,0.024869,0.035034,0.079400,0.005600,0.6000,+0
7.2818,ascent,1.5014,51.6797,43.9453,-12.3660,-6.8700,0.025062,0.035030,0.079396,0.005604,0.6000,+0
7.2830,ascent,1.5014,51.6797,43.9453,-13.7400,-6.8700,0.025077,0.035030,0.079393,0.005607,0.6000,+0
7.2841,ascent,1.5014,51.6797,43.9453,-15.1140,-6.8700,0.025091,0.035030,0.079393,0.005607,0.6000,+0
7.2852,ascent,1.5014,51.5918,43.9453,-16.4880,-6.8700,0.025284,0.035025,0.079412,0.005588,0.6000,+0
7.2863,ascent,1.5014,51.5918,43.9453,-17.8620,-5.4960,0.025299,0.034978,0.079412,0.005588,0.6000,+0
7.2874,ascent,1.5014,51.5918,43.9453,-17.8620,-5.4960,0.025299,0.034978,0.079417,0.005583,0.6000,+0
7.2887,ascent,1.5014,51.5918,43.9453,-17.8620,-4.1220,0.025299,0.035552,0.079417,0.005583,0.6000,+0
7.2898,ascent,1.5014,51.5039,43.9453,-20.6100,-4.1220,0.025506,0.035547,0.079419,0.005581,0.6000,+0
7.2908,ascent,1.5014,51.5039,43.9453,-20.6100,-4.1220,0.025506,0.035547,0.079419,0.005581,0.6000,+0
7.2919,ascent,1.5014,51.5039,43.9453,-20.6100,-2.7480,0.025506,0.050381,0.079429,0.005571,0.6000,+0
7.2930,ascent,1.5014,51.4160,43.9453,-21.9840,-2.7480,0.025699,0.050376,0.079419,0.005581,0.6000,+0
7.2941,ascent,1.5014,51.4160,43.9453,-21.9840,-2.7480,0.025699,0.050376,0.079419,0.005581,0.6000,+0
7.2952,ascent,1.5014,51.4160,43.9453,-21.9840,-2.7480,0.025699,0.050376,0.079423,0.005577,0.6000,+0
7.2963,ascent,1.5014,51.4160,43.9453,-21.9840,-2.7480,0.025699,0.050376,0.079423,0.005577,0.6000,+0
7.2974,ascent,1.5014,51.3281,43.9453,-23.3580,-2.7480,0.025893,0.050372,0.079441,0.005559,0.6000,+0
7.2985,ascent,1.5014,51.3281,43.9453,-23.3580,-2.7480,0.025893,0.050372,0.079441,0.005559,0.6000,+0
7.2997,ascent,1.4101,51.3281,43.9453,-23.3580,-1.3740,0.025893,0.140359,0.079457,0.005543,0.6000,+0
7.3007,ascent,1.4101,51.3281,43.9453,-23.3580,-1.3740,0.025893,0.140359,0.079457,0.005543,0.6000,+0
7.3018,ascent,1.4101,51.2402,43.9453,-23.3580,-1.3740,0.026072,0.140355,0.079438,0.005562,0.6000,+0
7.3030,ascent,1.4101,51.2402,43.9453,-23.3580,-1.3740,0.026072,0.140355,0.079458,0.005542,0.6000,+0
7.3041,ascent,1.4101,51.2402,43.9453,-23.3580,-1.3740,0.026072,0.140355,0.079458,0.005542,0.6000,+0
7.3054,ascent,1.4101,51.2402,43.9453,-23.3580,0.0000,0.026072,0.234734,0.079461,0.005539,0.6000,+0
7.3063,ascent,1.4101,51.2402,43.9453,-23.3580,0.0000,0.026072,0.234734,0.079461,0.005539,0.6000,+0
7.3074,ascent,1.4101,51.1523,43.9453,-23.3580,0.0000,0.026251,0.234729,0.079467,0.005533,0.6000,+0
7.3085,ascent,1.4101,51.1523,43.9453,-23.3580,0.0000,0.026251,0.234729,0.079467,0.005533,0.6000,+0
7.3097,ascent,1.4101,51.0645,43.9453,-23.3580,0.0000,0.026429,0.234724,0.079458,0.005542,0.6000,+0
7.3107,ascent,1.4101,51.0645,43.9453,-23.3580,0.0000,0.026429,0.234724,0.079458,0.005542,0.6000,+0
7.3118,ascent,1.4101,51.0645,43.9453,-21.9840,0.0000,0.026415,0.234724,0.079459,0.005541,0.6000,+0
7.3130,ascent,1.4101,51.0645,44.0332,-21.9840,1.3740,0.026420,0.139550,0.079469,0.005531,0.6000,+0
7.3141,ascent,1.4101,50.9766,44.0332,-21.9840,1.3740,0.026599,0.139545,0.079469,0.005531,0.6000,+0
7.3152,ascent,1.4101,50.9766,44.0332,-21.9840,1.3740,0.026599,0.139545,0.079479,0.005521,0.6000,+0
7.3163,ascent,1.4101,50.8887,44.0332,-21.9840,1.3740,0.026778,0.139540,0.079479,0.005521,0.6000,+0
7.3174,ascent,1.4101,50.8887,44.0332,-21.9840,1.3740,0.026778,0.139540,0.079479,0.005521,0.6000,+0
7.3185,ascent,1.4101,50.8887,44.1211,-21.9840,2.7480,0.026782,0.048757,0.079479,0.005521,0.6000,+0
7.3197,ascent,1.4101,50.8008,44.2090,-21.9840,4.1220,0.026966,0.033123,0.079482,0.005518,0.6000,+0
7.3207,ascent,1.4101,50.8008,44.2969,-21.9840,5.4960,0.026971,0.031753,0.079482,0.005518,0.6000,+0
7.3219,ascent,1.4101,50.7129,44.3848,-21.9840,6.8700,0.027155,0.031000,0.079476,0.005524,0.6000,+0
7.3230,ascent,1.4101,50.7129,44.3848,-21.9840,8.2440,0.027155,0.030945,0.079498,0.005502,0.6000,+0
7.3241,ascent,1.4101,50.7129,44.4727,-23.3580,9.6180,0.027174,0.030204,0.079498,0.005502,0.6000,+0
7.3252,ascent,1.4101,50.6250,44.5605,-23.3580,10.9920,0.027357,0.029458,0.079519,0.005481,0.6000,+0
7.3263,ascent,1.4101,50.6250,44.6484,-23.3580,12.3660,0.027362,0.028717,0.079519,0.005481,0.6000,+0
7.3274,ascent,1.4101,50.5371,44.7363,-23.3580,13.7400,0.027546,0.027971,0.079512,0.005488,0.6000,+0
7.3285,ascent,1.4101,50.5371,44.8242,-24.7320,16.4880,0.027565,0.027175,0.079512,0.005488,0.6000,+0
7.3297,ascent,1.4101,50.4492,44.9121,-24.7320,20.6100,0.027748,0.026321,0.079488,0.005512,0.6000,+0
7.3307,ascent,1.4101,50.4492,45.0000,-24.7320,21.9840,0.027753,0.025580,0.079488,0.005512,0.6000,+0
7.3318,ascent,1.4101,50.3613,45.1758,-26.1060,24.7320,0.027956,0.024093,0.079509,0.005491,0.6000,+0
7.3330,ascent,1.4101,50.3613,45.2637,-26.1060,26.1060,0.027961,0.023351,0.079514,0.005486,0.6000,+0
7.3341,ascent,1.4101,50.3613,45.3516,-26.1060,28.8540,0.027965,0.022556,0.079514,0.005486,0.6000,+0
7.3352,ascent,1.4101,50.2734,45.4395,-26.1060,31.6020,0.028149,0.021756,0.079514,0.005486,0.6000,+0
7.3363,ascent,1.4101,50.1855,45.4395,-27.4800,32.9760,0.028342,0.021696,0.079514,0.005486,0.6000,+0
7.3374,ascent,1.4101,50.1855,45.5273,-28.8540,35.7240,0.028361,0.020901,0.079532,0.005468,0.6000,+0
7.3385,ascent,1.4101,50.1855,45.5273,-28.8540,37.0980,0.028361,0.020846,0.079532,0.005468,0.6000,+0
7.3397,ascent,1.4101,50.0977,45.7031,-28.8540,41.2200,0.028550,0.019305,0.079519,0.005481,0.6000,+0
7.3407,ascent,1.4101,50.0098,45.7031,-30.2280,42.5940,0.028743,0.019246,0.079519,0.005481,0.6000,+0
7.3418,ascent,1.4101,50.0098,45.7031,-30.2280,43.9680,0.028743,0.019191,0.079541,0.005459,0.6000,+0
7.3430,ascent,1.4101,49.9219,45.7910,-31.6020,45.3420,0.028941,0.018445,0.079548,0.005452,0.6000,+0
7.3441,ascent,1.4101,49.9219,45.7910,-31.6020,46.7160,0.028941,0.018391,0.079548,0.005452,0.6000,+0
7.3452,ascent,1.4101,49.8340,45.7910,-32.9760,48.0900,0.029134,0.018332,0.079545,0.005455,0.6000,+0
7.3463,ascent,1.4101,49.8340,45.8789,-32.9760,49.4640,0.029139,0.017591,0.079545,0.005455,0.6000,+0
7.3474,ascent,1.4101,49.7461,45.8789,-32.9760,50.8380,0.029318,0.017532,0.079551,0.005449,0.6000,+0
7.3485,ascent,1.4101,49.7461,45.8789,-34.3500,50.8380,0.029332,0.017532,0.079551,0.005449,0.6000,+0
7.3497,ascent,1.4101,49.6582,45.8789,-34.3500,52.2120,0.029511,0.017472,0.079554,0.005446,0.6000,+0
7.3507,ascent,1.4101,49.5703,45.8789,-35.7240,52.2120,0.029705,0.017468,0.079554,0.005446,0.6000,+0
7.3519,ascent,1.4101,49.5703,45.8789,-35.7240,52.2120,0.029705,0.017468,0.079554,0.005446,0.6000,+0
7.3530,ascent,1.4101,49.4824,45.8789,-37.0980,50.8380,0.029898,0.017517,0.079550,0.005450,0.6000,+0
7.3541,ascent,1.4101,49.4824,45.8789,-37.0980,50.8380,0.029898,0.017517,0.079550,0.005450,0.6000,+0
7.3552,ascent,1.4101,49.3945,45.8789,-37.0980,49.4640,0.030077,0.017567,0.079562,0.005438,0.6000,+0
7.3563,ascent,1.4101,49.3945,45.8789,-38.4720,48.0900,0.030091,0.017621,0.079562,0.005438,0.6000,+0
7.3574,ascent,1.4101,49.3945,45.7910,-38.4720,46.7160,0.030086,0.018363,0.079567,0.005433,0.6000,+0
7.3585,ascent,1.4101,49.3066,45.7910,-38.4720,45.3420,0.030265,0.018412,0.079567,0.005433,0.6000,+0
7.3597,ascent,1.4101,49.2188,45.7910,-38.4720,41.2200,0.030444,0.018571,0.079577,0.005423,0.6000,+0
7.3607,ascent,1.4101,49.2188,45.7910,-38.4720,38.4720,0.030444,0.018680,0.079577,0.005423,0.6000,+0
7.3618,ascent,1.4101,49.1309,45.7031,-38.4720,37.0980,0.030619,0.019416,0.079586,0.005414,0.6000,+0
7.3630,ascent,1.4101,49.0430,45.7031,-39.8460,34.3500,0.030812,0.019520,0.079601,0.005399,0.6000,+0
7.3641,ascent,1.4101,49.0430,45.7031,-39.8460,31.6020,0.030812,0.019629,0.079601,0.005399,0.6000,+0
7.3652,ascent,1.4101,49.0430,45.7031,-39.8460,28.8540,0.030812,0.019738,0.079589,0.005411,0.6000,+0
7.3663,ascent,1.4101,48.9551,45.6152,-39.8460,26.1060,0.030986,0.020529,0.079589,0.005411,0.6000,+0
7.3677,ascent,1.4101,48.9551,45.6152,-39.8460,23.3580,0.030986,0.020638,0.079586,0.005414,0.6000,+0
7.3686,ascent,1.4101,48.8672,45.6152,-39.8460,20.6100,0.031165,0.020742,0.079586,0.005414,0.6000,+0
7.3697,ascent,1.4101,48.7793,45.5273,-41.2200,15.1140,0.031354,0.021641,0.079601,0.005399,0.6000,+0
7.3707,ascent,1.4101,48.7793,45.5273,-41.2200,12.3660,0.031354,0.021750,0.079601,0.005399,0.6000,+0
7.3718,ascent,1.4101,48.6914,45.5273,-41.2200,9.6180,0.031533,0.021854,0.079598,0.005402,0.6000,+0
7.3730,ascent,1.4101,48.6914,45.4395,-41.2200,8.2440,0.031528,0.022596,0.079598,0.005402,0.6000,+0
7.3741,ascent,1.4101,48.6035,45.4395,-41.2200,5.4960,0.031707,0.022707,0.079598,0.005402,0.6000,+0
7.3752,ascent,1.4101,48.6035,45.4395,-41.2200,2.7480,0.031707,0.038333,0.079610,0.005390,0.6000,+0
7.3763,ascent,1.4101,48.5156,45.3516,-41.2200,1.3740,0.031881,0.129111,0.079610,0.005390,0.6000,+0
7.3774,ascent,1.4101,48.5156,45.3516,-41.2200,-1.3740,0.031881,0.129220,0.079613,0.005387,0.6000,+0
7.3785,ascent,1.4101,48.4277,45.2637,-42.5940,-4.1220,0.032070,0.025081,0.079613,0.005387,0.6000,+0
7.3797,ascent,1.4101,48.3398,45.2637,-42.5940,-8.2440,0.032249,0.024603,0.079616,0.005384,0.6000,+0
7.3807,ascent,1.4101,48.2520,45.1758,-42.5940,-9.6180,0.032423,0.025340,0.079616,0.005384,0.6000,+0
7.3819,ascent,1.4101,48.2520,45.0000,-42.5940,-12.3660,0.032414,0.026822,0.079630,0.005370,0.6000,+0
7.3830,ascent,1.4101,48.2520,45.0000,-42.5940,-13.7400,0.032414,0.026877,0.079624,0.005376,0.6000,+0
7.3841,ascent,1.4101,48.1641,45.0000,-42.5940,-15.1140,0.032593,0.026926,0.079624,0.005376,0.6000,+0
7.3852,ascent,1.4101,48.1641,44.9121,-42.5940,-16.4880,0.032588,0.027668,0.079633,0.005367,0.6000,+0
7.3863,ascent,1.4101,48.0762,44.9121,-42.5940,-17.8620,0.032767,0.027717,0.079633,0.005367,0.6000,+0
7.3874,ascent,1.4101,47.9883,44.8242,-42.5940,-20.6100,0.032942,0.028508,0.079628,0.005372,0.6000,+0
7.3885,ascent,1.4101,47.9883,44.8242,-42.5940,-21.9840,0.032942,0.028563,0.079628,0.005372,0.6000,+0
7.3897,ascent,1.3472,47.9004,44.7363,-42.5940,-23.3580,0.033116,0.029299,0.079647,0.005353,0.6000,+0
7.3907,ascent,1.3472,47.8125,44.7363,-43.9680,-24.7320,0.033309,0.029349,0.079647,0.005353,0.6000,+0
7.3918,ascent,1.3472,47.8125,44.6484,-43.9680,-24.7320,0.033305,0.030036,0.079643,0.005357,0.6000,+0
7.3930,ascent,1.3472,47.7246,44.6484,-43.9680,-26.1060,0.033484,0.030085,0.079628,0.005372,0.6000,+0
7.3941,ascent,1.3472,47.6367,44.6484,-43.9680,-27.4800,0.033663,0.030135,0.079628,0.005372,0.6000,+0
7.3952,ascent,1.3472,47.6367,44.5605,-43.9680,-27.4800,0.033658,0.030822,0.079651,0.005349,0.6000,+0
7.3963,ascent,1.3472,47.6367,44.5605,-43.9680,-28.8540,0.033658,0.030876,0.079651,0.005349,0.6000,+0
7.3974,ascent,1.3472,47.4609,44.5605,-43.9680,-28.8540,0.034016,0.030867,0.079654,0.005346,0.6000,+0
7.3985,ascent,1.3472,47.4609,44.4727,-43.9680,-28.8540,0.034012,0.031554,0.079654,0.005346,0.6000,+0
7.3997,ascent,1.3472,47.3730,44.3848,-43.9680,-30.2280,0.034186,0.032291,0.079662,0.005338,0.6000,+0
7.4007,ascent,1.3472,47.2852,44.3848,-43.9680,-30.2280,0.034365,0.032286,0.079662,0.005338,0.6000,+0
7.4019,ascent,1.3472,47.2852,44.3848,-43.9680,-31.6020,0.034365,0.032340,0.079668,0.005332,0.6000,+0
7.4030,ascent,1.3472,47.1973,44.2969,-43.9680,-31.6020,0.034540,0.033023,0.079660,0.005340,0.6000,+0
7.4041,ascent,1.3472,47.1973,44.2969,-43.9680,-31.6020,0.034540,0.033023,0.079660,0.005340,0.6000,+0
7.4052,ascent,1.3472,47.1094,44.2969,-43.9680,-31.6020,0.034719,0.033018,0.079653,0.005347,0.6000,+0
7.4063,ascent,1.3472,47.1094,44.2969,-43.9680,-31.6020,0.034719,0.033018,0.079653,0.005347,0.6000,+0
7.4074,ascent,1.3472,47.0215,44.2090,-43.9680,-32.9760,0.034893,0.033755,0.079666,0.005334,0.6000,+0
7.4085,ascent,1.3472,47.0215,44.2090,-43.9680,-32.9760,0.034893,0.033755,0.079666,0.005334,0.6000,+0
7.4097,ascent,1.3472,46.9336,44.1211,-43.9680,-32.9760,0.035068,0.034437,0.079670,0.005330,0.6000,+0
7.4107,ascent,1.3472,46.8457,44.1211,-43.9680,-32.9760,0.035247,0.034432,0.079670,0.005330,0.6000,+0
7.4119,ascent,1.3472,46.8457,44.1211,-43.9680,-32.9760,0.035247,0.034432,0.079692,0.005308,0.6000,+0
7.4130,ascent,1.3472,46.8457,44.0332,-43.9680,-32.9760,0.035242,0.035119,0.079684,0.005316,0.6000,+0
7.4141,ascent,1.3472,46.7578,44.0332,-43.9680,-31.6020,0.035421,0.035060,0.079684,0.005316,0.6000,+0
7.4152,ascent,1.3472,46.6699,44.0332,-43.9680,-31.6020,0.035600,0.035055,0.079681,0.005319,0.6000,+0
7.4163,ascent,1.3472,46.6699,44.0332,-43.9680,-31.6020,0.035600,0.035055,0.079681,0.005319,0.6000,+0
7.4174,ascent,1.3472,46.6699,43.9453,-43.9680,-31.6020,0.035596,0.035742,0.079682,0.005318,0.6000,+0
7.4185,ascent,1.3472,46.5820,43.9453,-43.9680,-30.2280,0.035775,0.035683,0.079682,0.005318,0.6000,+0
7.4197,ascent,1.3472,46.4941,43.9453,-42.5940,-30.2280,0.035940,0.035678,0.079678,0.005322,0.6000,+0
7.4207,ascent,1.3472,46.4941,43.8574,-42.5940,-30.2280,0.035935,0.036365,0.079678,0.005322,0.6000,+0
7.4219,ascent,1.3472,46.4062,43.8574,-42.5940,-28.8540,0.036114,0.036306,0.079679,0.005321,0.6000,+0
7.4230,ascent,1.3472,46.4062,43.8574,-42.5940,-28.8540,0.036114,0.036306,0.079700,0.005300,0.6000,+0
7.4241,ascent,1.3472,46.3184,43.8574,-42.5940,-28.8540,0.036293,0.036302,0.079700,0.005300,0.6000,+0
7.4252,ascent,1.3472,46.3184,43.7695,-42.5940,-27.4800,0.036289,0.036934,0.079701,0.005299,0.6000,+0
7.4263,ascent,1.3472,46.2305,43.7695,-42.5940,-27.4800,0.036468,0.036930,0.079701,0.005299,0.6000,+0
7.4274,ascent,1.3472,46.2305,43.7695,-41.2200,-27.4800,0.036453,0.036930,0.079702,0.005298,0.6000,+0
7.4285,ascent,1.3472,46.2305,43.7695,-41.2200,-26.1060,0.036453,0.036875,0.079702,0.005298,0.6000,+0
7.4297,ascent,1.3472,46.1426,43.5937,-41.2200,-26.1060,0.036623,0.038244,0.079719,0.005281,0.6000,+0
7.4307,ascent,1.3472,46.0547,43.5937,-41.2200,-26.1060,0.036803,0.038240,0.079719,0.005281,0.6000,+0
7.4319,ascent,1.3472,46.0547,43.5937,-41.2200,-24.7320,0.036803,0.038185,0.079717,0.005283,0.6000,+0
7.4330,ascent,1.3472,46.0547,43.5937,-41.2200,-24.7320,0.036803,0.038185,0.079711,0.005289,0.6000,+0
7.4341,ascent,1.3472,45.9668,43.5937,-41.2200,-24.7320,0.036982,0.038181,0.079711,0.005289,0.6000,+0
7.4352,ascent,1.3472,45.9668,43.5059,-39.8460,-23.3580,0.036963,0.038813,0.079717,0.005283,0.6000,+0
7.4363,ascent,1.3472,45.8789,43.5059,-39.8460,-23.3580,0.037142,0.038809,0.079717,0.005283,0.6000,+0
7.4374,ascent,1.3472,45.8789,43.5059,-39.8460,-23.3580,0.037142,0.038809,0.079723,0.005277,0.6000,+0
7.4385,ascent,1.3472,45.8789,43.5059,-39.8460,-23.3580,0.037142,0.038809,0.079723,0.005277,0.6000,+0
7.4397,ascent,1.3472,45.7910,43.5059,-38.4720,-21.9840,0.037307,0.038750,0.079717,0.005283,0.6000,+0
7.4407,ascent,1.3472,45.7031,43.5059,-38.4720,-20.6100,0.037486,0.038691,0.079717,0.005283,0.6000,+0
7.4419,ascent,1.3472,45.7031,43.5059,-38.4720,-20.6100,0.037486,0.038691,0.079716,0.005284,0.6000,+0
7.4430,ascent,1.3472,45.7031,43.4180,-38.4720,-20.6100,0.037481,0.039378,0.079735,0.005265,0.6000,+0
7.4441,ascent,1.3472,45.7031,43.5059,-37.0980,-19.2360,0.037472,0.038636,0.079735,0.005265,0.6000,+0
7.4452,ascent,1.3472,45.6152,43.4180,-37.0980,-19.2360,0.037646,0.039319,0.079744,0.005256,0.6000,+0
7.4463,ascent,1.3472,45.6152,43.4180,-37.0980,-17.8620,0.037646,0.039264,0.079744,0.005256,0.6000,+0
7.4474,ascent,1.3472,45.6152,43.4180,-37.0980,-17.8620,0.037646,0.039264,0.079740,0.005260,0.6000,+0
7.4485,ascent,1.3472,45.5273,43.4180,-35.7240,-17.8620,0.037811,0.039260,0.079740,0.005260,0.6000,+0
7.4497,ascent,1.3472,45.5273,43.4180,-35.7240,-16.4880,0.037811,0.039205,0.079747,0.005253,0.6000,+0
7.4507,ascent,1.3472,45.4395,43.4180,-35.7240,-16.4880,0.037990,0.039201,0.079747,0.005253,0.6000,+0
7.4519,ascent,1.3472,45.4395,43.4180,-34.3500,-15.1140,0.037976,0.039146,0.079743,0.005257,0.6000,+0
7.4530,ascent,1.3472,45.3516,43.4180,-34.3500,-15.1140,0.038155,0.039142,0.079750,0.005250,0.6000,+0
7.4541,ascent,1.3472,45.3516,43.4180,-34.3500,-13.7400,0.038155,0.039087,0.079750,0.005250,0.6000,+0
7.4552,ascent,1.3472,45.3516,43.4180,-34.3500,-13.7400,0.038155,0.039087,0.079760,0.005240,0.6000,+0
7.4563,ascent,1.3472,45.2637,43.4180,-34.3500,-12.3660,0.038334,0.039028,0.079760,0.005240,0.6000,+0
7.4574,ascent,1.3472,45.2637,43.4180,-34.3500,-12.3660,0.038334,0.039028,0.079755,0.005245,0.6000,+0
7.4586,ascent,1.3472,45.2637,43.4180,-32.9760,-10.9920,0.038320,0.038974,0.079755,0.005245,0.6000,+0
7.4597,ascent,1.3472,45.1758,43.4180,-32.9760,-10.9920,0.038499,0.038969,0.079767,0.005233,0.6000,+0
7.4607,ascent,1.3472,45.1758,43.4180,-31.6020,-9.6180,0.038485,0.038915,0.079767,0.005233,0.6000,+0
7.4619,ascent,1.3472,45.1758,43.4180,-31.6020,-8.2440,0.038485,0.038860,0.079763,0.005237,0.6000,+0
7.4630,ascent,1.3472,45.0879,43.4180,-31.6020,-8.2440,0.038664,0.038856,0.079779,0.005221,0.6000,+0
7.4641,ascent,1.3472,45.0879,43.4180,-31.6020,-8.2440,0.038664,0.038856,0.079779,0.005221,0.6000,+0
7.4652,ascent,1.3472,45.0879,43.4180,-30.2280,-6.8700,0.038650,0.038801,0.079760,0.005240,0.6000,+0
7.4663,ascent,1.3472,45.0879,43.4180,-30.2280,-6.8700,0.038650,0.038801,0.079760,0.005240,0.6000,+0
7.4674,ascent,1.3472,45.0879,43.4180,-30.2280,-6.8700,0.038650,0.038801,0.079774,0.005226,0.6000,+0
7.4685,ascent,1.3472,45.0000,43.4180,-28.8540,-5.4960,0.038815,0.038749,0.079774,0.005226,0.6000,+0
7.4697,ascent,1.3472,45.0000,43.4180,-28.8540,-4.1220,0.038815,0.039324,0.079777,0.005223,0.6000,+0
7.4707,ascent,1.3472,45.0000,43.4180,-27.4800,-4.1220,0.038800,0.039324,0.079777,0.005223,0.6000,+0
7.4719,ascent,1.3472,45.0000,43.4180,-27.4800,-4.1220,0.038800,0.039324,0.079782,0.005218,0.6000,+0
7.4730,ascent,1.3472,44.9121,43.4180,-27.4800,-4.1220,0.038980,0.039319,0.079781,0.005219,0.6000,+0
7.4741,ascent,1.3472,44.9121,43.4180,-26.1060,-4.1220,0.038965,0.039319,0.079781,0.005219,0.6000,+0
7.4752,ascent,1.3472,44.9121,43.4180,-26.1060,-2.7480,0.038965,0.054153,0.079784,0.005216,0.6000,+0
7.4763,ascent,1.3472,44.9121,43.4180,-26.1060,-2.7480,0.038965,0.054153,0.079784,0.005216,0.6000,+0
7.4774,ascent,1.3472,44.8242,43.4180,-26.1060,-2.7480,0.039144,0.054149,0.079798,0.005202,0.6000,+0
7.4785,ascent,1.3472,44.8242,43.4180,-24.7320,-1.3740,0.039130,0.144136,0.079798,0.005202,0.6000,+0
7.4797,ascent,1.3039,44.8242,43.4180,-24.7320,-1.3740,0.039130,0.144136,0.079800,0.005200,0.6000,+0
7.4807,ascent,1.3039,44.8242,43.4180,-23.3580,-1.3740,0.039116,0.144136,0.079800,0.005200,0.6000,+0
7.4819,ascent,1.3039,44.8242,43.4180,-23.3580,0.0000,0.039116,0.238515,0.079807,0.005193,0.6000,+0
7.4830,ascent,1.3039,44.8242,43.4180,-23.3580,0.0000,0.039116,0.238515,0.079810,0.005190,0.6000,+0
7.4841,ascent,1.3039,44.7363,43.4180,-21.9840,0.0000,0.039281,0.238511,0.079810,0.005190,0.6000,+0
7.4852,ascent,1.3039,44.7363,43.4180,-21.9840,0.0000,0.039281,0.238511,0.079801,0.005199,0.6000,+0
7.4863,ascent,1.3039,44.7363,43.4180,-21.9840,0.0000,0.039281,0.238511,0.079801,0.005199,0.6000,+0
7.4874,ascent,1.3039,44.7363,43.4180,-20.6100,0.0000,0.039266,0.238511,0.079804,0.005196,0.6000,+0
7.4885,ascent,1.3039,44.7363,43.4180,-20.6100,0.0000,0.039266,0.238511,0.079804,0.005196,0.6000,+0
7.4897,ascent,1.3039,44.7363,43.4180,-19.2360,0.0000,0.039252,0.238511,0.079812,0.005188,0.6000,+0
7.4907,ascent,1.3039,44.7363,43.5059,-17.8620,1.3740,0.039242,0.143336,0.079812,0.005188,0.6000,+0
7.4919,ascent,1.3039,44.7363,43.5059,-17.8620,1.3740,0.039242,0.143336,0.079829,0.005171,0.6000,+0
7.4930,ascent,1.3039,44.7363,43.5059,-16.4880,1.3740,0.039228,0.143336,0.079820,0.005180,0.6000,+0
7.4941,ascent,1.3039,44.7363,43.5937,-16.4880,2.7480,0.039233,0.052552,0.079820,0.005180,0.6000,+0
7.4952,ascent,1.3039,44.7363,43.5937,-15.1140,2.7480,0.039218,0.052552,0.079827,0.005173,0.6000,+0
7.4963,ascent,1.3039,44.6484,43.5937,-15.1140,2.7480,0.039398,0.052548,0.079827,0.005173,0.6000,+0
7.4974,ascent,1.3039,44.6484,43.7695,-15.1140,4.1220,0.039407,0.036231,0.079812,0.005188,0.6000,+0
7.4985,ascent,1.3039,44.6484,43.8574,-15.1140,5.4960,0.039411,0.034861,0.079812,0.005188,0.6000,+0
7.4997,ascent,1.3039,44.6484,44.0332,-13.7400,8.2440,0.039406,0.033371,0.079844,0.005156,0.6000,+0
7.5007,ascent,1.3039,44.6484,44.0332,-13.7400,9.6180,0.039406,0.033316,0.079844,0.005156,0.6000,+0
7.5019,ascent,1.3039,44.6484,44.1211,-12.3660,10.9920,0.039396,0.032575,0.079841,0.005159,0.6000,+0
7.5030,ascent,1.3039,44.6484,44.2090,-12.3660,12.3660,0.039401,0.031834,0.079835,0.005165,0.6000,+0
7.5041,ascent,1.3039,44.6484,44.2969,-12.3660,15.1140,0.039406,0.031038,0.079835,0.005165,0.6000,+0
7.5052,ascent,1.3039,44.6484,44.4727,-10.9920,16.4880,0.039401,0.029610,0.079857,0.005143,0.6000,+0
7.5063,ascent,1.3039,44.6484,44.4727,-10.9920,19.2360,0.039401,0.029501,0.079857,0.005143,0.6000,+0
7.5074,ascent,1.3039,44.6484,44.5605,-9.6180,20.6100,0.039391,0.028759,0.079864,0.005136,0.6000,+0
7.5085,ascent,1.3039,44.6484,44.6484,-9.6180,23.3580,0.039395,0.027964,0.079864,0.005136,0.6000,+0
7.5097,ascent,1.3039,44.6484,44.8242,-8.2440,28.8540,0.039390,0.026372,0.079851,0.005149,0.6000,+0
7.5107,ascent,1.3039,44.6484,44.9121,-8.2440,30.2280,0.039395,0.025631,0.079851,0.005149,0.6000,+0
7.5119,ascent,1.3039,44.6484,45.0000,-6.8700,32.9760,0.039385,0.024835,0.079863,0.005137,0.6000,+0
7.5130,ascent,1.3039,44.6484,45.0000,-6.8700,35.7240,0.039385,0.024726,0.079858,0.005142,0.6000,+0
7.5141,ascent,1.3039,44.6484,45.1758,-6.8700,37.0980,0.039395,0.023298,0.079858,0.005142,0.6000,+0
7.5152,ascent,1.3039,44.6484,45.2637,-6.8700,39.8460,0.039399,0.022502,0.079871,0.005129,0.6000,+0
7.5163,ascent,1.3039,44.6484,45.3516,-5.4960,42.5940,0.039397,0.021707,0.079871,0.005129,0.6000,+0
7.5174,ascent,1.3039,44.6484,45.3516,-5.4960,43.9680,0.039397,0.021652,0.079870,0.005130,0.6000,+0
7.5185,ascent,1.3039,44.6484,45.4395,-4.1220,46.7160,0.040016,0.020856,0.079870,0.005130,0.6000,+0
7.5197,ascent,1.3039,44.6484,45.5273,-4.1220,49.4640,0.040021,0.020061,0.079864,0.005136,0.6000,+0
7.5207,ascent,1.3039,44.6484,45.5273,-4.1220,52.2120,0.040021,0.019952,0.079864,0.005136,0.6000,+0
7.5219,ascent,1.3039,44.6484,45.6152,-4.1220,53.5860,0.040025,0.019211,0.079885,0.005115,0.6000,+0
7.5230,ascent,1.3039,44.6484,45.6152,-2.7480,54.9600,0.054899,0.019156,0.079868,0.005132,0.6000,+0
7.5241,ascent,1.3039,44.6484,45.7031,-2.7480,56.3340,0.054904,0.018415,0.079868,0.005132,0.6000,+0
7.5252,ascent,1.3039,44.6484,45.7031,-2.7480,57.7080,0.054904,0.018360,0.079880,0.005120,0.6000,+0
7.5263,ascent,1.3039,44.6484,45.7031,-2.7480,57.7080,0.054904,0.018360,0.079880,0.005120,0.6000,+0
7.5274,ascent,1.3039,44.6484,45.7031,-2.7480,57.7080,0.054904,0.018360,0.079891,0.005109,0.6000,+0
7.5285,ascent,1.3039,44.6484,45.7031,-2.7480,59.0820,0.054904,0.018306,0.079891,0.005109,0.6000,+0
7.5297,ascent,1.3039,44.6484,45.7031,-1.3740,57.7080,0.144932,0.018360,0.079912,0.005088,0.6000,+0
7.5307,ascent,1.3039,44.6484,45.7031,-1.3740,57.7080,0.144932,0.018360,0.079912,0.005088,0.6000,+0
7.5319,ascent,1.3039,44.6484,45.7031,-1.3740,56.3340,0.144932,0.018415,0.079898,0.005102,0.6000,+0
7.5330,ascent,1.3039,44.6484,45.7031,0.0000,54.9600,0.239351,0.018469,0.079904,0.005096,0.6000,+0
7.5341,ascent,1.3039,44.6484,45.7031,0.0000,53.5860,0.239351,0.018524,0.079904,0.005096,0.6000,+0
7.5352,ascent,1.3039,44.6484,45.7031,0.0000,52.2120,0.239351,0.018578,0.079889,0.005111,0.6000,+0
7.5363,ascent,1.3039,44.6484,45.7031,0.0000,50.8380,0.239351,0.018632,0.079889,0.005111,0.6000,+0
7.5374,ascent,1.3039,44.6484,45.7031,0.0000,49.4640,0.239351,0.018687,0.079905,0.005095,0.6000,+0
7.5385,ascent,1.3039,44.6484,45.7031,0.0000,46.7160,0.239351,0.018796,0.079905,0.005095,0.6000,+0
7.5397,ascent,1.3039,44.6484,45.6152,0.0000,42.5940,0.239346,0.019646,0.079906,0.005094,0.6000,+0
7.5407,ascent,1.3039,44.6484,45.6152,0.0000,39.8460,0.239346,0.019755,0.079906,0.005094,0.6000,+0
7.5419,ascent,1.3039,44.6484,45.6152,0.0000,37.0980,0.239346,0.019864,0.079914,0.005086,0.6000,+0
7.5430,ascent,1.3039,44.7363,45.6152,1.3740,35.7240,0.144719,0.019923,0.079913,0.005087,0.6000,+0
7.5441,ascent,1.3039,44.7363,45.6152,1.3740,32.9760,0.144719,0.020031,0.079913,0.005087,0.6000,+0
7.5452,ascent,1.3039,44.8242,45.5273,1.3740,30.2280,0.144535,0.020832,0.079910,0.005090,0.6000,+0
7.5463,ascent,1.3039,44.8242,45.5273,2.7480,27.4800,0.054479,0.020941,0.079910,0.005090,0.6000,+0
7.5474,ascent,1.3039,44.9121,45.5273,4.1220,24.7320,0.039397,0.021054,0.079939,0.005061,0.6000,+0
7.5485,ascent,1.3039,45.0000,45.5273,4.1220,21.9840,0.039218,0.021168,0.079939,0.005061,0.6000,+0
7.5497,ascent,1.3039,45.1758,45.4395,8.2440,16.4880,0.038176,0.022082,0.079928,0.005072,0.6000,+0
7.5507,ascent,1.3039,45.2637,45.4395,9.6180,13.7400,0.037983,0.022195,0.079928,0.005072,0.6000,+0
7.5519,ascent,1.3039,45.3516,45.4395,10.9920,12.3660,0.037789,0.022254,0.079935,0.005065,0.6000,+0
7.5530,ascent,1.3039,45.4395,45.3516,13.7400,9.6180,0.037577,0.023054,0.079937,0.005063,0.6000,+0
7.5541,ascent,1.3039,45.5273,45.3516,15.1140,6.8700,0.037383,0.023168,0.079937,0.005063,0.6000,+0
7.5552,ascent,1.3039,45.7031,45.2637,17.8620,4.1220,0.036992,0.024609,0.079945,0.005055,0.6000,+0
7.5563,ascent,1.3039,45.7910,45.2637,20.6100,1.3740,0.036784,0.129653,0.079945,0.005055,0.6000,+0
7.5574,ascent,1.3039,45.8789,45.2637,23.3580,0.0000,0.036576,0.224146,0.079944,0.005056,0.6000,+0
7.5585,ascent,1.3039,45.9668,45.1758,26.1060,-2.7480,0.036364,0.040470,0.079944,0.005056,0.6000,+0
7.5597,ascent,1.3039,46.2305,45.0000,32.9760,-6.8700,0.035746,0.026497,0.079936,0.005064,0.6000,+0
7.5607,ascent,1.3039,46.3184,45.0000,35.7240,-8.2440,0.035538,0.026556,0.079936,0.005064,0.6000,+0
7.5619,ascent,1.3039,46.4941,45.0000,38.4720,-9.6180,0.035151,0.026620,0.079941,0.005059,0.6000,+0
7.5630,ascent,1.3039,46.5820,44.9121,42.5940,-10.9920,0.034924,0.027366,0.079966,0.005034,0.6000,+0
7.5641,ascent,1.3039,46.6699,44.9121,45.3420,-12.3660,0.034717,0.027425,0.079966,0.005034,0.6000,+0
7.5652,ascent,1.3039,46.8457,44.8242,48.0900,-15.1140,0.034325,0.028230,0.079964,0.005036,0.6000,+0
7.5663,ascent,1.3039,46.9336,44.8242,52.2120,-16.4880,0.034103,0.028289,0.079964,0.005036,0.6000,+0
7.5674,ascent,1.3039,47.0215,44.8242,54.9600,-16.4880,0.033895,0.028293,0.079973,0.005027,0.6000,+0
7.5685,ascent,1.3039,47.1094,44.8242,59.0820,-17.8620,0.033673,0.028353,0.079973,0.005027,0.6000,+0
7.5697,ascent,1.2391,47.2852,44.7363,64.5780,-20.6100,0.033253,0.029158,0.079968,0.005032,0.6000,+0
7.5707,ascent,1.2391,47.4609,44.6484,68.7000,-21.9840,0.032848,0.029908,0.079968,0.005032,0.6000,+0
7.5719,ascent,1.2391,47.6367,44.6484,71.4480,-21.9840,0.032461,0.029918,0.079968,0.005032,0.6000,+0
7.5730,ascent,1.2391,47.7246,44.6484,75.5700,-23.3580,0.032239,0.029977,0.079970,0.005030,0.6000,+0
7.5741,ascent,1.2391,47.8125,44.6484,78.3180,-23.3580,0.032031,0.029981,0.079970,0.005030,0.6000,+0
7.5752,ascent,1.2391,47.9004,44.6484,81.0660,-23.3580,0.031823,0.029986,0.079980,0.005020,0.6000,+0
7.5763,ascent,1.2391,47.9883,44.5605,83.8140,-24.7320,0.031611,0.030732,0.079980,0.005020,0.6000,+0
7.5774,ascent,1.2391,48.0762,44.5605,86.5620,-24.7320,0.031403,0.030737,0.079989,0.005011,0.6000,+0
7.5785,ascent,1.2391,48.1641,44.5605,87.9360,-24.7320,0.031210,0.030741,0.079989,0.005011,0.6000,+0
7.5797,ascent,1.2391,48.2520,44.5605,92.0580,-26.1060,0.030988,0.030800,0.079990,0.005010,0.6000,+0
7.5807,ascent,1.2391,48.3398,44.4727,93.4320,-26.1060,0.030790,0.031492,0.079990,0.005010,0.6000,+0
7.5819,ascent,1.2391,48.4277,44.4727,93.4320,-26.1060,0.030611,0.031497,0.079993,0.005007,0.6000,+0
7.5830,ascent,1.2391,48.5156,44.4727,94.8060,-26.1060,0.030418,0.031501,0.079990,0.005010,0.6000,+0
7.5841,ascent,1.2391,48.6035,44.4727,96.1800,-26.1060,0.030224,0.031506,0.079990,0.005010,0.6000,+0
7.5852,ascent,1.2391,48.6914,44.4727,96.1800,-26.1060,0.030045,0.031511,0.080015,0.004985,0.6000,+0
7.5863,ascent,1.2391,48.7793,44.3848,96.1800,-26.1060,0.029862,0.032202,0.080015,0.004985,0.6000,+0
7.5874,ascent,1.2391,48.7793,44.3848,96.1800,-26.1060,0.029862,0.032202,0.080000,0.005000,0.6000,+0
7.5885,ascent,1.2391,48.8672,44.3848,96.1800,-26.1060,0.029683,0.032207,0.080000,0.005000,0.6000,+0
7.5897,ascent,1.2391,48.9551,44.3848,94.8060,-24.7320,0.029518,0.032157,0.080013,0.004987,0.6000,+0
7.5907,ascent,1.2391,49.0430,44.3848,94.8060,-24.7320,0.029339,0.032162,0.080013,0.004987,0.6000,+0
7.5919,ascent,1.2391,49.1309,44.3848,93.4320,-23.3580,0.029174,0.032112,0.080014,0.004986,0.6000,+0
7.5930,ascent,1.2391,49.1309,44.3848,92.0580,-21.9840,0.029188,0.032058,0.080026,0.004974,0.6000,+0
7.5941,ascent,1.2391,49.2188,44.2969,90.6840,-21.9840,0.029019,0.032749,0.080026,0.004974,0.6000,+0
7.5952,ascent,1.2391,49.3066,44.2969,89.3100,-21.9840,0.028854,0.032754,0.080030,0.004970,0.6000,+0
7.5963,ascent,1.2391,49.3066,44.2969,87.9360,-21.9840,0.028869,0.032754,0.080030,0.004970,0.6000,+0
7.5974,ascent,1.2391,49.3945,44.2969,86.5620,-20.6100,0.028704,0.032704,0.080020,0.004980,0.6000,+0
7.5985,ascent,1.2391,49.3945,44.2969,85.1880,-19.2360,0.028718,0.032650,0.080020,0.004980,0.6000,+0
7.5997,ascent,1.2391,49.4824,44.2090,81.0660,-19.2360,0.028577,0.033341,0.080026,0.004974,0.6000,+0
7.6007,ascent,1.2391,49.4824,44.2090,79.6920,-19.2360,0.028592,0.033341,0.080026,0.004974,0.6000,+0
7.6019,ascent,1.2391,49.4824,44.2090,78.3180,-17.8620,0.028606,0.033287,0.080048,0.004952,0.6000,+0
7.6030,ascent,1.2391,49.5703,44.2090,75.5700,-17.8620,0.028456,0.033291,0.080054,0.004946,0.6000,+0
7.6041,ascent,1.2391,49.5703,44.2090,74.1960,-16.4880,0.028470,0.033237,0.080054,0.004946,0.6000,+0
7.6052,ascent,1.2391,49.5703,44.2090,71.4480,-16.4880,0.028499,0.033237,0.080054,0.004946,0.6000,+0
7.6063,ascent,1.2391,49.5703,44.2090,68.7000,-15.1140,0.028527,0.033183,0.080054,0.004946,0.6000,+0
7.6074,ascent,1.2391,49.6582,44.2090,67.3260,-15.1140,0.028363,0.033187,0.080049,0.004951,0.6000,+0
7.6085,ascent,1.2391,49.6582,44.2090,64.5780,-15.1140,0.028391,0.033187,0.080049,0.004951,0.6000,+0
7.6097,ascent,1.2391,49.6582,44.2090,60.4560,-13.7400,0.028434,0.033133,0.080068,0.004932,0.6000,+0
7.6107,ascent,1.2391,49.6582,44.2090,57.7080,-12.3660,0.028463,0.033078,0.080068,0.004932,0.6000,+0
7.6119,ascent,1.2391,49.6582,44.1211,56.3340,-12.3660,0.028472,0.033765,0.080060,0.004940,0.6000,+0
7.6130,ascent,1.2391,49.6582,44.1211,53.5860,-12.3660,0.028501,0.033765,0.080072,0.004928,0.6000,+0
7.6141,ascent,1.2391,49.6582,44.1211,52.2120,-12.3660,0.028515,0.033765,0.080072,0.004928,0.6000,+0
7.6152,ascent,1.2391,49.6582,44.1211,49.4640,-12.3660,0.028544,0.033765,0.080078,0.004922,0.6000,+0
7.6163,ascent,1.2391,49.6582,44.1211,46.7160,-12.3660,0.028573,0.033765,0.080078,0.004922,0.6000,+0
7.6174,ascent,1.2391,49.6582,44.1211,45.3420,-10.9920,0.028587,0.033711,0.080081,0.004919,0.6000,+0
7.6185,ascent,1.2391,49.6582,44.1211,42.5940,-10.9920,0.028615,0.033711,0.080081,0.004919,0.6000,+0
7.6197,ascent,1.2391,49.6582,44.1211,38.4720,-9.6180,0.028658,0.033656,0.080081,0.004919,0.6000,+0
7.6207,ascent,1.2391,49.6582,44.1211,35.7240,-9.6180,0.028687,0.033656,0.080081,0.004919,0.6000,+0
7.6219,ascent,1.2391,49.6582,44.1211,34.3500,-9.6180,0.028701,0.033656,0.080088,0.004912,0.6000,+0
7.6230,ascent,1.2391,49.6582,44.1211,31.6020,-9.6180,0.028730,0.033656,0.080096,0.004904,0.6000,+0
7.6241,ascent,1.2391,49.6582,44.1211,30.2280,-8.2440,0.028744,0.033602,0.080096,0.004904,0.6000,+0
7.6252,ascent,1.2391,49.5703,44.1211,27.4800,-8.2440,0.028952,0.033597,0.080097,0.004903,0.6000,+0
7.6263,ascent,1.2391,49.5703,44.1211,24.7320,-8.2440,0.028980,0.033597,0.080097,0.004903,0.6000,+0
7.6274,ascent,1.2391,49.5703,44.1211,23.3580,-6.8700,0.028995,0.033543,0.080093,0.004907,0.6000,+0
7.6285,ascent,1.2391,49.5703,44.1211,20.6100,-6.8700,0.029023,0.033543,0.080093,0.004907,0.6000,+0
7.6297,ascent,1.2391,49.5703,44.1211,16.4880,-6.8700,0.029066,0.033543,0.080103,0.004897,0.6000,+0
7.6307,ascent,1.2391,49.5703,44.1211,15.1140,-6.8700,0.029081,0.033543,0.080103,0.004897,0.6000,+0
7.6319,ascent,1.2391,49.5703,44.1211,13.7400,-5.4960,0.029095,0.033496,0.080113,0.004887,0.6000,+0
7.6330,ascent,1.2391,49.5703,44.1211,12.3660,-5.4960,0.029109,0.033496,0.080123,0.004877,0.6000,+0
7.6341,ascent,1.2391,49.5703,44.1211,10.9920,-4.1220,0.029124,0.034070,0.080123,0.004877,0.6000,+0
7.6352,ascent,1.2391,49.4824,44.1211,8.2440,-4.1220,0.029331,0.034065,0.080126,0.004874,0.6000,+0
7.6363,ascent,1.2391,49.4824,44.1211,6.8700,-4.1220,0.029346,0.034065,0.080126,0.004874,0.6000,+0
7.6374,ascent,1.2391,49.4824,44.1211,5.4960,-4.1220,0.029367,0.034065,0.080127,0.004873,0.6000,+0
7.6385,ascent,1.2391,49.4824,44.1211,4.1220,-2.7480,0.030010,0.048899,0.080127,0.004873,0.6000,+0
7.6397,ascent,1.2391,49.4824,44.1211,2.7480,-2.7480,0.044913,0.048899,0.080127,0.004873,0.6000,+0
7.6407,ascent,1.2391,49.3945,44.1211,1.3740,-2.7480,0.135148,0.048895,0.080127,0.004873,0.6000,+0
7.6419,ascent,1.2391,49.3945,44.1211,0.0000,-2.7480,0.229596,0.048895,0.080130,0.004870,0.6000,+0
7.6430,ascent,1.2391,49.3945,44.1211,-1.3740,-2.7480,0.135177,0.048895,0.080148,0.004852,0.6000,+0
7.6441,ascent,1.2391,49.3945,44.1211,-2.7480,-2.7480,0.045149,0.048895,0.080148,0.004852,0.6000,+0
7.6452,ascent,1.2391,49.3945,44.1211,-2.7480,-1.3740,0.045149,0.138882,0.080151,0.004849,0.6000,+0
7.6463,ascent,1.2391,49.3945,44.1211,-4.1220,-1.3740,0.030275,0.138882,0.080151,0.004849,0.6000,+0
7.6474,ascent,1.2391,49.3945,44.1211,-4.1220,-1.3740,0.030275,0.138882,0.080150,0.004850,0.6000,+0
7.6485,ascent,1.2391,49.3945,44.1211,-4.1220,-1.3740,0.030275,0.138882,0.080150,0.004850,0.6000,+0
7.6497,ascent,1.2391,49.3066,44.1211,-6.8700,0.0000,0.029847,0.233257,0.080159,0.004841,0.6000,+0
7.6507,ascent,1.2391,49.3066,44.1211,-6.8700,0.0000,0.029847,0.233257,0.080159,0.004841,0.6000,+0
7.6519,ascent,1.2391,49.3066,44.1211,-6.8700,0.0000,0.029847,0.233257,0.080148,0.004852,0.6000,+0
7.6530,ascent,1.2391,49.3066,44.1211,-8.2440,0.0000,0.029861,0.233257,0.080151,0.004849,0.6000,+0
7.6541,ascent,1.2391,49.3066,44.1211,-8.2440,0.0000,0.029861,0.233257,0.080151,0.004849,0.6000,+0
7.6552,ascent,1.2391,49.3066,44.1211,-8.2440,0.0000,0.029861,0.233257,0.080159,0.004841,0.6000,+0
7.6563,ascent,1.2391,49.3066,44.1211,-8.2440,0.0000,0.029861,0.233257,0.080159,0.004841,0.6000,+0
7.6574,ascent,1.2391,49.3066,44.1211,-8.2440,0.0000,0.029861,0.233257,0.080173,0.004827,0.6000,+0
7.6585,ascent,1.2391,49.3066,44.2090,-8.2440,1.3740,0.029866,0.138082,0.080173,0.004827,0.6000,+0
7.6597,ascent,1.1892,49.3066,44.2090,-8.2440,1.3740,0.029866,0.138082,0.080177,0.004823,0.6000,+0
7.6607,ascent,1.1892,49.3066,44.2090,-8.2440,1.3740,0.029866,0.138082,0.080177,0.004823,0.6000,+0
7.6619,ascent,1.1892,49.3066,44.2969,-8.2440,2.7480,0.029870,0.047299,0.080190,0.004810,0.6000,+0
7.6630,ascent,1.1892,49.3066,44.2969,-8.2440,2.7480,0.029870,0.047299,0.080188,0.004812,0.6000,+0
7.6641,ascent,1.1892,49.3066,44.3848,-8.2440,4.1220,0.029875,0.031669,0.080188,0.004812,0.6000,+0
7.6652,ascent,1.1892,49.3066,44.3848,-8.2440,4.1220,0.029875,0.031669,0.080188,0.004812,0.6000,+0
7.6663,ascent,1.1892,49.3066,44.4727,-8.2440,5.4960,0.029880,0.030299,0.080188,0.004812,0.6000,+0
7.6674,ascent,1.1892,49.3066,44.5605,-6.8700,6.8700,0.029870,0.029551,0.080201,0.004799,0.6000,+0
7.6685,ascent,1.1892,49.3066,44.6484,-6.8700,8.2440,0.029875,0.028809,0.080201,0.004799,0.6000,+0
7.6697,ascent,1.1892,49.3066,44.8242,-6.8700,12.3660,0.029884,0.027273,0.080194,0.004806,0.6000,+0
7.6707,ascent,1.1892,49.3066,44.8242,-5.4960,13.7400,0.029877,0.027218,0.080194,0.004806,0.6000,+0
7.6719,ascent,1.1892,49.3066,44.9121,-5.4960,15.1140,0.029882,0.026477,0.080195,0.004805,0.6000,+0
7.6730,ascent,1.1892,49.3066,45.0000,-5.4960,16.4880,0.029887,0.025736,0.080198,0.004802,0.6000,+0
7.6741,ascent,1.1892,49.3066,45.1758,-5.4960,19.2360,0.029896,0.024253,0.080198,0.004802,0.6000,+0
7.6752,ascent,1.1892,49.3066,45.2637,-4.1220,21.9840,0.030515,0.023458,0.080214,0.004786,0.6000,+0
7.6763,ascent,1.1892,49.3066,45.3516,-4.1220,23.3580,0.030520,0.022717,0.080214,0.004786,0.6000,+0
7.6776,ascent,1.1892,49.3066,45.3516,-4.1220,23.3580,0.030520,0.022717,0.080219,0.004781,0.6000,+0
7.6785,ascent,1.1892,49.3066,45.4395,-4.1220,26.1060,0.030525,0.021921,0.080219,0.004781,0.6000,+0
7.6797,ascent,1.1892,49.3066,45.6152,-2.7480,32.9760,0.045408,0.020276,0.080214,0.004786,0.6000,+0
7.6807,ascent,1.1892,49.3066,45.7031,-2.7480,34.3500,0.045413,0.019534,0.080214,0.004786,0.6000,+0
7.6819,ascent,1.1892,49.3066,45.7910,-1.3740,37.0980,0.135445,0.018739,0.080218,0.004782,0.6000,+0
7.6830,ascent,1.1892,49.3066,45.7910,-1.3740,38.4720,0.135445,0.018684,0.080229,0.004771,0.6000,+0
7.6841,ascent,1.1892,49.3066,45.8789,-1.3740,41.2200,0.135450,0.017889,0.080229,0.004771,0.6000,+0
7.6852,ascent,1.1892,49.3066,45.8789,-1.3740,42.5940,0.135450,0.017834,0.080241,0.004759,0.6000,+0
7.6864,ascent,1.1892,49.3066,45.9668,-1.3740,43.9680,0.135455,0.017093,0.080241,0.004759,0.6000,+0
7.6874,ascent,1.1892,49.3066,45.9668,0.0000,46.7160,0.229874,0.016984,0.080227,0.004773,0.6000,+0
7.6886,ascent,1.1892,49.3066,45.9668,0.0000,48.0900,0.229874,0.016930,0.080227,0.004773,0.6000,+0
7.6897,ascent,1.1892,49.3066,46.0547,0.0000,49.4640,0.229879,0.016189,0.080231,0.004769,0.6000,+0
7.6907,ascent,1.1892,49.3066,46.0547,0.0000,50.8380,0.229879,0.016134,0.080231,0.004769,0.6000,+0
7.6919,ascent,1.1892,49.3066,46.0547,0.0000,52.2120,0.229879,0.016080,0.080240,0.004760,0.6000,+0
7.6930,ascent,1.1892,49.3066,46.0547,0.0000,52.2120,0.229879,0.016080,0.080246,0.004754,0.6000,+0
7.6941,ascent,1.1892,49.3066,46.0547,0.0000,52.2120,0.229879,0.016080,0.080246,0.004754,0.6000,+0
7.6952,ascent,1.1892,49.3066,46.0547,0.0000,52.2120,0.229879,0.016080,0.080259,0.004741,0.6000,+0
7.6963,ascent,1.1892,49.3066,46.0547,0.0000,52.2120,0.229879,0.016080,0.080259,0.004741,0.6000,+0
7.6974,ascent,1.1892,49.3066,46.0547,0.0000,52.2120,0.229879,0.016080,0.080249,0.004751,0.6000,+0
7.6985,ascent,1.1892,49.3945,46.0547,1.3740,50.8380,0.135252,0.016139,0.080249,0.004751,0.6000,+0
7.6997,ascent,1.1892,49.3945,46.0547,1.3740,49.4640,0.135252,0.016194,0.080265,0.004735,0.6000,+0
7.7007,ascent,1.1892,49.4824,46.0547,2.7480,48.0900,0.045017,0.016253,0.080265,0.004735,0.6000,+0
7.7019,ascent,1.1892,49.4824,46.0547,2.7480,45.3420,0.045017,0.016362,0.080257,0.004743,0.6000,+0
7.7030,ascent,1.1892,49.5703,45.9668,4.1220,43.9680,0.029930,0.017107,0.080262,0.004738,0.6000,+0
7.7041,ascent,1.1892,49.6582,45.9668,5.4960,42.5940,0.029108,0.017167,0.080262,0.004738,0.6000,+0
7.7052,ascent,1.1892,49.7461,45.9668,6.8700,39.8460,0.028908,0.017280,0.080272,0.004728,0.6000,+0
7.7063,ascent,1.1892,49.8340,45.9668,8.2440,38.4720,0.028715,0.017339,0.080272,0.004728,0.6000,+0
7.7074,ascent,1.1892,49.9219,45.9668,9.6180,35.7240,0.028521,0.017453,0.080274,0.004726,0.6000,+0
7.7085,ascent,1.1892,50.0098,45.8789,10.9920,32.9760,0.028323,0.018253,0.080274,0.004726,0.6000,+0
7.7096,ascent,1.1892,50.1855,45.8789,16.4880,27.4800,0.027908,0.018481,0.080279,0.004721,0.6000,+0
7.7107,ascent,1.1892,50.3613,45.8789,17.8620,24.7320,0.027536,0.018599,0.080279,0.004721,0.6000,+0
7.7119,ascent,1.1892,50.4492,45.7910,20.6100,21.9840,0.027324,0.019399,0.080283,0.004717,0.6000,+0
7.7130,ascent,1.1892,50.5371,45.7910,23.3580,19.2360,0.027116,0.019513,0.080278,0.004722,0.6000,+0
7.7141,ascent,1.1892,50.6250,45.7910,26.1060,16.4880,0.026909,0.019626,0.080278,0.004722,0.6000,+0
7.7152,ascent,1.1892,50.7129,45.7031,28.8540,13.7400,0.026696,0.020427,0.080292,0.004708,0.6000,+0
7.7163,ascent,1.1892,50.8008,45.7031,31.6020,10.9920,0.026489,0.020540,0.080292,0.004708,0.6000,+0
7.7174,ascent,1.1892,50.8887,45.6152,34.3500,8.2440,0.026276,0.021341,0.080304,0.004696,0.6000,+0
7.7185,ascent,1.1892,50.9766,45.6152,37.0980,5.4960,0.026069,0.021461,0.080304,0.004696,0.6000,+0
7.7197,ascent,1.1892,51.1523,45.5273,42.5940,1.3740,0.025649,0.127880,0.080298,0.004702,0.6000,+0
7.7207,ascent,1.1892,51.2402,45.5273,45.3420,-1.3740,0.025441,0.127994,0.080298,0.004702,0.6000,+0
7.7219,ascent,1.1892,51.3281,45.4395,48.0900,-4.1220,0.025229,0.023864,0.080299,0.004701,0.6000,+0
7.7230,ascent,1.1892,51.4160,45.4395,50.8380,-6.8700,0.025022,0.023341,0.080312,0.004688,0.6000,+0
7.7241,ascent,1.1892,51.5039,45.4395,53.5860,-8.2440,0.024814,0.023400,0.080312,0.004688,0.6000,+0
7.7252,ascent,1.1892,51.5918,45.3516,56.3340,-9.6180,0.024602,0.024146,0.080306,0.004694,0.6000,+0
7.7264,ascent,1.1892,51.6797,45.3516,59.0820,-10.9920,0.024394,0.024205,0.080306,0.004694,0.6000,+0
7.7274,ascent,1.1892,51.7676,45.2637,61.8300,-13.7400,0.024182,0.025006,0.080321,0.004679,0.6000,+0
7.7285,ascent,1.1892,51.7676,45.2637,64.5780,-15.1140,0.024153,0.025060,0.080321,0.004679,0.6000,+0
7.7297,ascent,1.1892,51.9434,45.1758,68.7000,-17.8620,0.023748,0.025865,0.080315,0.004685,0.6000,+0
7.7308,ascent,1.1892,51.9434,45.0000,70.0740,-19.2360,0.023724,0.027293,0.080315,0.004685,0.6000,+0
7.7319,ascent,1.1892,52.0312,45.0000,72.8220,-20.6100,0.023517,0.027352,0.080319,0.004681,0.6000,+0
7.7330,ascent,1.1892,52.1191,44.9121,74.1960,-23.3580,0.023319,0.028153,0.080321,0.004679,0.6000,+0
7.7341,ascent,1.1892,52.1191,44.9121,75.5700,-24.7320,0.023304,0.028207,0.080321,0.004679,0.6000,+0
7.7352,ascent,1.1892,52.2070,44.8242,76.9440,-26.1060,0.023106,0.028953,0.080328,0.004672,0.6000,+0
7.7363,ascent,1.1892,52.2949,44.8242,76.9440,-26.1060,0.022928,0.028958,0.080328,0.004672,0.6000,+0
7.7374,ascent,1.1892,52.2949,44.8242,78.3180,-27.4800,0.022913,0.029012,0.080329,0.004671,0.6000,+0
7.7385,ascent,1.1892,52.2949,44.7363,78.3180,-28.8540,0.022908,0.029753,0.080329,0.004671,0.6000,+0
7.7397,ascent,1.1892,52.3828,44.6484,76.9440,-30.2280,0.022739,0.030499,0.080331,0.004669,0.6000,+0
7.7408,ascent,1.1892,52.4707,44.6484,76.9440,-31.6020,0.022560,0.030558,0.080336,0.004664,0.6000,+0
7.7419,ascent,1.1892,52.4707,44.6484,76.9440,-31.6020,0.022560,0.030558,0.080336,0.004664,0.6000,+0
7.7430,ascent,1.1892,52.4707,44.5605,75.5700,-32.9760,0.022570,0.031299,0.080341,0.004659,0.6000,+0
7.7441,ascent,1.1892,52.4707,44.5605,72.8220,-32.9760,0.022598,0.031299,0.080341,0.004659,0.6000,+0
7.7452,ascent,1.1892,52.5586,44.5605,71.4480,-32.9760,0.022434,0.031304,0.080350,0.004650,0.6000,+0
7.7463,ascent,1.1892,52.5586,44.4727,70.0740,-34.3500,0.022443,0.032045,0.080350,0.004650,0.6000,+0
7.7474,ascent,1.1892,52.5586,44.4727,68.7000,-34.3500,0.022458,0.032045,0.080369,0.004631,0.6000,+0
7.7485,ascent,1.1892,52.5586,44.3848,67.3260,-34.3500,0.022467,0.032732,0.080369,0.004631,0.6000,+0
7.7497,ascent,1.1350,52.5586,44.3848,63.2040,-34.3500,0.022510,0.032732,0.080338,0.004662,0.6000,+0
7.7507,ascent,1.1350,52.5586,44.2969,60.4560,-35.7240,0.022534,0.033473,0.080338,0.004662,0.6000,+0
7.7519,ascent,1.1350,52.5586,44.2969,57.7080,-35.7240,0.022563,0.033473,0.080364,0.004636,0.6000,+0
7.7530,ascent,1.1350,52.5586,44.2090,56.3340,-35.7240,0.022572,0.034160,0.080358,0.004642,0.6000,+0
7.7541,ascent,1.1350,52.5586,44.2090,53.5860,-35.7240,0.022601,0.034160,0.080358,0.004642,0.6000,+0
7.7552,ascent,1.1350,52.5586,44.2090,50.8380,-35.7240,0.022629,0.034160,0.080379,0.004621,0.6000,+0
7.7565,ascent,1.1350,52.5586,44.1211,48.0900,-35.7240,0.022653,0.034846,0.080379,0.004621,0.6000,+0
7.7574,ascent,1.1350,52.5586,44.1211,45.3420,-35.7240,0.022682,0.034846,0.080362,0.004638,0.6000,+0
7.7585,ascent,1.1350,52.4707,44.1211,42.5940,-35.7240,0.022889,0.034842,0.080362,0.004638,0.6000,+0
7.7596,ascent,1.1350,52.4707,44.0332,37.0980,-35.7240,0.022942,0.035528,0.080369,0.004631,0.6000,+0
7.7608,ascent,1.1350,52.4707,44.0332,34.3500,-34.3500,0.022971,0.035474,0.080369,0.004631,0.6000,+0
7.7619,ascent,1.1350,52.4707,43.9453,31.6020,-34.3500,0.022994,0.036161,0.080386,0.004614,0.6000,+0
7.7630,ascent,1.1350,52.3828,43.9453,30.2280,-34.3500,0.023188,0.036156,0.080383,0.004617,0.6000,+0
7.7641,ascent,1.1350,52.3828,43.9453,27.4800,-34.3500,0.023216,0.036156,0.080383,0.004617,0.6000,+0
7.7652,ascent,1.1350,52.3828,43.8574,24.7320,-34.3500,0.023240,0.036843,0.080362,0.004638,0.6000,+0
7.7663,ascent,1.1350,52.3828,43.8574,21.9840,-32.9760,0.023269,0.036788,0.080362,0.004638,0.6000,+0
7.7674,ascent,1.1350,52.3828,43.8574,19.2360,-32.9760,0.023297,0.036788,0.080392,0.004608,0.6000,+0
7.7685,ascent,1.1350,52.2949,43.8574,16.4880,-32.9760,0.023505,0.036783,0.080392,0.004608,0.6000,+0
7.7696,ascent,1.1350,52.2949,43.7695,12.3660,-31.6020,0.023543,0.037416,0.080391,0.004609,0.6000,+0
7.7708,ascent,1.1350,52.2949,43.7695,10.9920,-31.6020,0.023557,0.037416,0.080391,0.004609,0.6000,+0
7.7719,ascent,1.1350,52.2070,43.5937,8.2440,-31.6020,0.023755,0.038785,0.080397,0.004603,0.6000,+0
7.7730,ascent,1.1350,52.2070,43.5937,5.4960,-31.6020,0.023791,0.038785,0.080392,0.004608,0.6000,+0
7.7741,ascent,1.1350,52.2070,43.5937,4.1220,-30.2280,0.024434,0.038730,0.080392,0.004608,0.6000,+0
7.7752,ascent,1.1350,52.1191,43.5937,1.3740,-30.2280,0.129572,0.038725,0.080407,0.004593,0.6000,+0
7.7763,ascent,1.1350,52.1191,43.5937,0.0000,-30.2280,0.224020,0.038725,0.080407,0.004593,0.6000,+0
7.7774,ascent,1.1350,52.0312,43.5059,-2.7480,-30.2280,0.039747,0.039407,0.080408,0.004592,0.6000,+0
7.7785,ascent,1.1350,52.0312,43.5059,-4.1220,-28.8540,0.024873,0.039353,0.080408,0.004592,0.6000,+0
7.7796,ascent,1.1350,51.9434,43.4180,-8.2440,-28.8540,0.024454,0.040035,0.080423,0.004577,0.6000,+0
7.7808,ascent,1.1350,51.9434,43.4180,-9.6180,-28.8540,0.024469,0.040035,0.080412,0.004588,0.6000,+0
7.7819,ascent,1.1350,51.9434,43.4180,-10.9920,-27.4800,0.024483,0.039981,0.080412,0.004588,0.6000,+0
7.7830,ascent,1.1350,51.8555,43.4180,-12.3660,-27.4800,0.024676,0.039976,0.080418,0.004582,0.6000,+0
7.7841,ascent,1.1350,51.8555,43.4180,-13.7400,-27.4800,0.024691,0.039976,0.080418,0.004582,0.6000,+0
7.7852,ascent,1.1350,51.8555,43.4180,-15.1140,-26.1060,0.024705,0.039921,0.080424,0.004576,0.6000,+0
7.7865,ascent,1.1350,51.8555,43.3301,-15.1140,-26.1060,0.024700,0.040608,0.080424,0.004576,0.6000,+0
7.7874,ascent,1.1350,51.7676,43.3301,-16.4880,-26.1060,0.024893,0.040603,0.080425,0.004575,0.6000,+0
7.7885,ascent,1.1350,51.7676,43.3301,-17.8620,-24.7320,0.024908,0.040549,0.080425,0.004575,0.6000,+0
7.7896,ascent,1.1350,51.6797,43.3301,-19.2360,-23.3580,0.025101,0.040490,0.080444,0.004556,0.6000,+0
7.7908,ascent,1.1350,51.6797,43.3301,-20.6100,-23.3580,0.025115,0.040490,0.080441,0.004559,0.6000,+0
7.7919,ascent,1.1350,51.6797,43.3301,-20.6100,-21.9840,0.025115,0.040436,0.080441,0.004559,0.6000,+0
7.7930,ascent,1.1350,51.6797,43.3301,-20.6100,-21.9840,0.025115,0.040436,0.080431,0.004569,0.6000,+0
7.7941,ascent,1.1350,51.6797,43.3301,-21.9840,-20.6100,0.025130,0.040381,0.080431,0.004569,0.6000,+0
7.7952,ascent,1.1350,51.5918,43.3301,-21.9840,-20.6100,0.025309,0.040376,0.080442,0.004558,0.6000,+0
7.7965,ascent,1.1350,51.5918,43.3301,-21.9840,-19.2360,0.025309,0.040322,0.080442,0.004558,0.6000,+0
7.7974,ascent,1.1350,51.5918,43.3301,-21.9840,-19.2360,0.025309,0.040322,0.080450,0.004550,0.6000,+0
7.7985,ascent,1.1350,51.5918,43.3301,-23.3580,-17.8620,0.025323,0.040268,0.080450,0.004550,0.6000,+0
7.7996,ascent,1.1350,51.5039,43.3301,-23.3580,-16.4880,0.025502,0.040208,0.080444,0.004556,0.6000,+0
7.8008,ascent,1.1350,51.5039,43.3301,-23.3580,-15.1140,0.025502,0.040154,0.080444,0.004556,0.6000,+0
7.8019,ascent,1.1350,51.5039,43.3301,-23.3580,-15.1140,0.025502,0.040154,0.080455,0.004545,0.6000,+0
7.8030,ascent,1.1350,51.4160,43.3301,-23.3580,-13.7400,0.025681,0.040095,0.080462,0.004538,0.6000,+0
7.8041,ascent,1.1350,51.4160,43.3301,-23.3580,-13.7400,0.025681,0.040095,0.080462,0.004538,0.6000,+0
7.8052,ascent,1.1350,51.4160,43.3301,-23.3580,-12.3660,0.025681,0.040040,0.080473,0.004527,0.6000,+0
7.8063,ascent,1.1350,51.3281,43.3301,-24.7320,-10.9920,0.025874,0.039981,0.080473,0.004527,0.6000,+0
7.8074,ascent,1.1350,51.3281,43.3301,-24.7320,-10.9920,0.025874,0.039981,0.080458,0.004542,0.6000,+0
7.8085,ascent,1.1350,51.3281,43.3301,-24.7320,-10.9920,0.025874,0.039981,0.080458,0.004542,0.6000,+0
7.8096,ascent,1.1350,51.3281,43.3301,-23.3580,-8.2440,0.025860,0.039872,0.080469,0.004531,0.6000,+0
7.8108,ascent,1.1350,51.3281,43.3301,-23.3580,-8.2440,0.025860,0.039872,0.080469,0.004531,0.6000,+0
7.8119,ascent,1.1350,51.2402,43.3301,-23.3580,-6.8700,0.026039,0.039813,0.080464,0.004536,0.6000,+0
7.8130,ascent,1.1350,51.2402,43.3301,-21.9840,-6.8700,0.026024,0.039813,0.080475,0.004525,0.6000,+0
7.8141,ascent,1.1350,51.2402,43.3301,-21.9840,-5.4960,0.026024,0.039766,0.080475,0.004525,0.6000,+0
7.8152,ascent,1.1350,51.1523,43.3301,-21.9840,-5.4960,0.026203,0.039761,0.080490,0.004510,0.6000,+0
7.8163,ascent,1.1350,51.1523,43.3301,-21.9840,-4.1220,0.026203,0.040336,0.080490,0.004510,0.6000,+0
7.8174,ascent,1.1350,51.1523,43.3301,-21.9840,-4.1220,0.026203,0.040336,0.080491,0.004509,0.6000,+0
7.8185,ascent,1.1350,51.0645,43.3301,-21.9840,-4.1220,0.026382,0.040331,0.080491,0.004509,0.6000,+0
7.8196,ascent,1.1350,51.0645,43.3301,-21.9840,-2.7480,0.026382,0.055165,0.080487,0.004513,0.6000,+0
7.8206,ascent,1.1350,50.9766,43.3301,-21.9840,-1.3740,0.026561,0.145148,0.080487,0.004513,0.6000,+0
7.8219,ascent,1.1350,50.9766,43.3301,-21.9840,-1.3740,0.026561,0.145148,0.080488,0.004512,0.6000,+0
7.8230,ascent,1.1350,50.9766,43.3301,-21.9840,-1.3740,0.026561,0.145148,0.080498,0.004502,0.6000,+0
7.8241,ascent,1.1350,50.8887,43.3301,-21.9840,-1.3740,0.026740,0.145143,0.080498,0.004502,0.6000,+0
7.8252,ascent,1.1350,50.8887,43.3301,-21.9840,-1.3740,0.026740,0.145143,0.080492,0.004508,0.6000,+0
7.8265,ascent,1.1350,50.8887,43.3301,-23.3580,0.0000,0.026754,0.239522,0.080492,0.004508,0.6000,+0
7.8274,ascent,1.1350,50.8008,43.3301,-23.3580,0.0000,0.026933,0.239518,0.080502,0.004498,0.6000,+0
7.8285,ascent,1.1350,50.8008,43.3301,-23.3580,0.0000,0.026933,0.239518,0.080502,0.004498,0.6000,+0
7.8296,ascent,1.1350,50.7129,43.3301,-23.3580,0.0000,0.027112,0.239513,0.080503,0.004497,0.6000,+0
7.8308,ascent,1.1350,50.7129,43.3301,-23.3580,0.0000,0.027112,0.239513,0.080505,0.004495,0.6000,+0
7.8319,ascent,1.1350,50.7129,43.3301,-23.3580,0.0000,0.027112,0.239513,0.080505,0.004495,0.6000,+0
7.8330,ascent,1.1350,50.6250,43.3301,-24.7320,0.0000,0.027306,0.239508,0.080515,0.004485,0.6000,+0
7.8341,ascent,1.1350,50.6250,43.3301,-24.7320,0.0000,0.027306,0.239508,0.080515,0.004485,0.6000,+0
7.8352,ascent,1.1350,50.5371,43.3301,-24.7320,0.0000,0.027485,0.239504,0.080513,0.004487,0.6000,+0
7.8365,ascent,1.1350,50.5371,43.4180,-24.7320,1.3740,0.027489,0.144329,0.080513,0.004487,0.6000,+0
7.8374,ascent,1.1350,50.4492,43.4180,-26.1060,1.3740,0.027683,0.144324,0.080525,0.004475,0.6000,+0
7.8385,ascent,1.1350,50.4492,43.5059,-26.1060,1.3740,0.027687,0.143637,0.080525,0.004475,0.6000,+0
7.8396,ascent,1.0243,50.3613,43.5937,-27.4800,4.1220,0.027885,0.037907,0.080529,0.004471,0.6000,+0
7.8408,ascent,1.0243,50.2734,43.5937,-27.4800,4.1220,0.028064,0.037902,0.080533,0.004467,0.6000,+0
7.8419,ascent,1.0243,50.2734,43.7695,-28.8540,5.4960,0.028088,0.035845,0.080533,0.004467,0.6000,+0
7.8430,ascent,1.0243,50.2734,43.8574,-28.8540,6.8700,0.028093,0.035097,0.080544,0.004456,0.6000,+0
7.8441,ascent,1.0243,50.1855,43.9453,-28.8540,8.2440,0.028276,0.034351,0.080544,0.004456,0.6000,+0
7.8452,ascent,1.0243,50.1855,44.0332,-30.2280,9.6180,0.028295,0.033610,0.080553,0.004447,0.6000,+0
7.8465,ascent,1.0243,50.0977,44.1211,-30.2280,12.3660,0.028479,0.032809,0.080553,0.004447,0.6000,+0
7.8474,ascent,1.0243,50.0977,44.2969,-30.2280,13.7400,0.028488,0.031381,0.080536,0.004464,0.6000,+0
7.8485,ascent,1.0243,50.0098,44.3848,-31.6020,16.4880,0.028686,0.030581,0.080536,0.004464,0.6000,+0
7.8496,ascent,1.0243,49.9219,44.5605,-32.9760,21.9840,0.028889,0.028985,0.080545,0.004455,0.6000,+0
7.8508,ascent,1.0243,49.9219,44.6484,-32.9760,24.7320,0.028894,0.028189,0.080545,0.004455,0.6000,+0
7.8519,ascent,1.0243,49.8340,44.8242,-32.9760,27.4800,0.029082,0.026702,0.080551,0.004449,0.6000,+0
7.8530,ascent,1.0243,49.8340,44.9121,-34.3500,30.2280,0.029101,0.025907,0.080556,0.004444,0.6000,+0
7.8541,ascent,1.0243,49.7461,45.0000,-34.3500,32.9760,0.029285,0.025106,0.080556,0.004444,0.6000,+0
7.8552,ascent,1.0243,49.7461,45.1758,-34.3500,35.7240,0.029294,0.023624,0.080557,0.004443,0.6000,+0
7.8565,ascent,1.0243,49.6582,45.2637,-35.7240,38.4720,0.029492,0.022824,0.080557,0.004443,0.6000,+0
7.8574,ascent,1.0243,49.6582,45.3516,-35.7240,41.2200,0.029497,0.022028,0.080574,0.004426,0.6000,+0
7.8585,ascent,1.0243,49.5703,45.4395,-35.7240,43.9680,0.029681,0.021228,0.080574,0.004426,0.6000,+0
7.8596,ascent,1.0243,49.4824,45.6152,-37.0980,50.8380,0.029884,0.019578,0.080565,0.004435,0.6000,+0
7.8608,ascent,1.0243,49.4824,45.7031,-37.0980,53.5860,0.029888,0.018782,0.080578,0.004422,0.6000,+0
7.8619,ascent,1.0243,49.3945,45.7910,-38.4720,56.3340,0.030086,0.017982,0.080578,0.004422,0.6000,+0
7.8630,ascent,1.0243,49.3945,45.8789,-38.4720,59.0820,0.030091,0.017186,0.080580,0.004420,0.6000,+0
7.8641,ascent,1.0243,49.3066,45.9668,-38.4720,61.8300,0.030275,0.016386,0.080580,0.004420,0.6000,+0
7.8652,ascent,1.0243,49.3066,46.0547,-39.8460,64.5780,0.030294,0.015590,0.080581,0.004419,0.6000,+0
7.8663,ascent,1.0243,49.2188,46.0547,-39.8460,65.9520,0.030473,0.015531,0.080581,0.004419,0.6000,+0
7.8674,ascent,1.0243,49.2188,46.1426,-39.8460,68.7000,0.030478,0.014735,0.080594,0.004406,0.6000,+0
7.8685,ascent,1.0243,49.1309,46.1426,-39.8460,70.0740,0.030657,0.014676,0.080594,0.004406,0.6000,+0
7.8696,ascent,1.0243,49.0430,46.3184,-41.2200,74.1960,0.030859,0.013135,0.080601,0.004399,0.6000,+0
7.8708,ascent,1.0243,49.0430,46.3184,-41.2200,75.5700,0.030859,0.013080,0.080598,0.004402,0.6000,+0
7.8719,ascent,1.0243,48.9551,46.4062,-41.2200,76.9440,0.031043,0.012335,0.080598,0.004402,0.6000,+0
7.8730,ascent,1.0243,48.9551,46.4062,-41.2200,76.9440,0.031043,0.012335,0.080575,0.004425,0.6000,+0
7.8741,ascent,1.0243,48.8672,46.4062,-41.2200,78.3180,0.031222,0.012275,0.080575,0.004425,0.6000,+0
7.8752,ascent,1.0243,48.7793,46.4062,-42.5940,78.3180,0.031415,0.012271,0.080590,0.004410,0.6000,+0
7.8765,ascent,1.0243,48.7793,46.4062,-42.5940,76.9440,0.031415,0.012325,0.080590,0.004410,0.6000,+0
7.8774,ascent,1.0243,48.7793,46.5820,-42.5940,76.9440,0.031425,0.010952,0.080607,0.004393,0.6000,+0
7.8785,ascent,1.0243,48.6914,46.5820,-42.5940,76.9440,0.031604,0.010947,0.080607,0.004393,0.6000,+0
7.8796,ascent,1.0243,48.6035,46.5820,-42.5940,72.8220,0.031783,0.011105,0.080604,0.004396,0.6000,+0
7.8808,ascent,1.0243,48.6035,46.5820,-42.5940,71.4480,0.031783,0.011160,0.080594,0.004406,0.6000,+0
7.8819,ascent,1.0243,48.5156,46.5820,-42.5940,70.0740,0.031962,0.011210,0.080594,0.004406,0.6000,+0
7.8830,ascent,1.0243,48.5156,46.4062,-42.5940,67.3260,0.031952,0.012692,0.080610,0.004390,0.6000,+0
7.8841,ascent,1.0243,48.4277,46.4062,-42.5940,64.5780,0.032131,0.012796,0.080610,0.004390,0.6000,+0
7.8852,ascent,1.0243,48.3398,46.4062,-43.9680,61.8300,0.032325,0.012900,0.080621,0.004379,0.6000,+0
7.8863,ascent,1.0243,48.3398,46.4062,-43.9680,59.0820,0.032325,0.013009,0.080621,0.004379,0.6000,+0
7.8874,ascent,1.0243,48.2520,46.4062,-43.9680,56.3340,0.032504,0.013113,0.080611,0.004389,0.6000,+0
7.8885,ascent,1.0243,48.2520,46.4062,-43.9680,53.5860,0.032504,0.013222,0.080611,0.004389,0.6000,+0
7.8897,ascent,1.0243,48.1641,46.3184,-43.9680,46.7160,0.032678,0.014176,0.080623,0.004377,0.6000,+0
7.8907,ascent,1.0243,48.0762,46.3184,-43.9680,43.9680,0.032857,0.014280,0.080623,0.004377,0.6000,+0
7.8919,ascent,1.0243,48.0762,46.3184,-43.9680,39.8460,0.032857,0.014443,0.080625,0.004375,0.6000,+0
7.8930,ascent,1.0243,47.9883,46.2305,-43.9680,37.0980,0.033031,0.015234,0.080636,0.004364,0.6000,+0
7.8941,ascent,1.0243,47.9883,46.2305,-43.9680,34.3500,0.033031,0.015343,0.080636,0.004364,0.6000,+0
7.8952,ascent,1.0243,47.9004,46.2305,-43.9680,30.2280,0.033210,0.015501,0.080631,0.004369,0.6000,+0
7.8963,ascent,1.0243,47.8125,46.2305,-43.9680,27.4800,0.033389,0.015606,0.080631,0.004369,0.6000,+0
7.8974,ascent,1.0243,47.8125,46.1426,-45.3420,23.3580,0.033399,0.016456,0.080640,0.004360,0.6000,+0
7.8985,ascent,1.0243,47.7246,46.1426,-45.3420,20.6100,0.033578,0.016560,0.080640,0.004360,0.6000,+0
7.8997,ascent,1.0243,47.6367,46.0547,-45.3420,15.1140,0.033752,0.017459,0.080658,0.004342,0.6000,+0
7.9007,ascent,1.0243,47.6367,46.0547,-45.3420,12.3660,0.033752,0.017568,0.080658,0.004342,0.6000,+0
7.9019,ascent,1.0243,47.4609,46.0547,-45.3420,9.6180,0.034110,0.017668,0.080659,0.004341,0.6000,+0
7.9030,ascent,1.0243,47.4609,45.9668,-45.3420,6.8700,0.034106,0.018463,0.080670,0.004330,0.6000,+0
7.9041,ascent,1.0243,47.3730,45.9668,-45.3420,4.1220,0.034285,0.019204,0.080670,0.004330,0.6000,+0
7.9052,ascent,1.0243,47.3730,45.9668,-45.3420,1.3740,0.034285,0.124243,0.080654,0.004346,0.6000,+0
7.9065,ascent,1.0243,47.2852,45.8789,-45.3420,-1.3740,0.034459,0.125034,0.080654,0.004346,0.6000,+0
7.9074,ascent,1.0243,47.2852,45.8789,-45.3420,-4.1220,0.034459,0.020212,0.080666,0.004334,0.6000,+0
7.9085,ascent,1.0243,47.1973,45.7910,-45.3420,-5.4960,0.034633,0.020320,0.080666,0.004334,0.6000,+0
7.9097,ascent,1.0243,47.1094,45.7031,-45.3420,-10.9920,0.034808,0.021212,0.080671,0.004329,0.6000,+0
7.9107,ascent,1.0243,47.1094,45.6152,-45.3420,-12.3660,0.034803,0.021954,0.080671,0.004329,0.6000,+0
7.9119,ascent,1.0243,47.0215,45.6152,-45.3420,-15.1140,0.034982,0.022058,0.080680,0.004320,0.6000,+0
7.9130,ascent,1.0243,47.0215,45.6152,-45.3420,-16.4880,0.034982,0.022112,0.080661,0.004339,0.6000,+0
7.9141,ascent,1.0243,46.9336,45.5273,-45.3420,-19.2360,0.035157,0.022903,0.080661,0.004339,0.6000,+0
7.9152,ascent,1.0243,46.9336,45.4395,-45.3420,-20.6100,0.035152,0.023644,0.080676,0.004324,0.6000,+0
7.9165,ascent,1.0243,46.8457,45.4395,-45.3420,-21.9840,0.035331,0.023694,0.080676,0.004324,0.6000,+0
7.9174,ascent,1.0243,46.8457,45.4395,-45.3420,-23.3580,0.035331,0.023748,0.080682,0.004318,0.6000,+0
7.9185,ascent,1.0243,46.7578,45.3516,-45.3420,-24.7320,0.035505,0.024485,0.080682,0.004318,0.6000,+0
7.9197,ascent,1.0243,46.6699,45.2637,-45.3420,-26.1060,0.035680,0.025222,0.080677,0.004323,0.6000,+0
7.9207,ascent,1.0243,46.6699,45.2637,-45.3420,-27.4800,0.035680,0.025276,0.080677,0.004323,0.6000,+0
7.9219,ascent,1.0243,46.5820,45.1758,-45.3420,-28.8540,0.035854,0.026013,0.080685,0.004315,0.6000,+0
7.9230,ascent,1.0243,46.5820,45.1758,-45.3420,-30.2280,0.035854,0.026067,0.080685,0.004315,0.6000,+0
7.9241,ascent,1.0243,46.5820,45.0000,-45.3420,-30.2280,0.035845,0.027441,0.080685,0.004315,0.6000,+0
7.9252,ascent,1.0243,46.4941,45.0000,-43.9680,-31.6020,0.036010,0.027490,0.080701,0.004299,0.6000,+0
7.9265,ascent,1.0243,46.4941,45.0000,-43.9680,-31.6020,0.036010,0.027490,0.080701,0.004299,0.6000,+0
7.9274,ascent,1.0243,46.4062,44.9121,-43.9680,-32.9760,0.036184,0.028227,0.080697,0.004303,0.6000,+0
7.9285,ascent,1.0243,46.4062,44.8242,-43.9680,-34.3500,0.036179,0.028968,0.080697,0.004303,0.6000,+0
7.9297,ascent,0.9921,46.2305,44.8242,-43.9680,-34.3500,0.036538,0.028959,0.080702,0.004298,0.6000,+0
7.9307,ascent,0.9921,46.2305,44.8242,-43.9680,-35.7240,0.036538,0.029013,0.080702,0.004298,0.6000,+0
7.9319,ascent,0.9921,46.2305,44.7363,-42.5940,-35.7240,0.036519,0.029700,0.080715,0.004285,0.6000,+0
7.9330,ascent,0.9921,46.1426,44.7363,-42.5940,-35.7240,0.036698,0.029696,0.080713,0.004287,0.6000,+0
7.9341,ascent,0.9921,46.1426,44.6484,-42.5940,-37.0980,0.036693,0.030437,0.080713,0.004287,0.6000,+0
7.9352,ascent,0.9921,46.0547,44.6484,-42.5940,-37.0980,0.036872,0.030432,0.080706,0.004294,0.6000,+0
7.9365,ascent,0.9921,46.0547,44.5605,-42.5940,-37.0980,0.036868,0.031119,0.080706,0.004294,0.6000,+0
7.9374,ascent,0.9921,45.9668,44.5605,-42.5940,-38.4720,0.037047,0.031169,0.080709,0.004291,0.6000,+0
7.9385,ascent,0.9921,45.9668,44.5605,-42.5940,-38.4720,0.037047,0.031169,0.080709,0.004291,0.6000,+0
7.9397,ascent,0.9921,45.8789,44.4727,-41.2200,-38.4720,0.037207,0.031851,0.080711,0.004289,0.6000,+0
7.9407,ascent,0.9921,45.8789,44.3848,-41.2200,-38.4720,0.037202,0.032538,0.080711,0.004289,0.6000,+0
7.9419,ascent,0.9921,45.7910,44.3848,-41.2200,-38.4720,0.037382,0.032533,0.080727,0.004273,0.6000,+0
7.9430,ascent,0.9921,45.7910,44.2969,-41.2200,-38.4720,0.037377,0.033220,0.080740,0.004260,0.6000,+0
7.9441,ascent,0.9921,45.7910,44.2969,-41.2200,-38.4720,0.037377,0.033220,0.080740,0.004260,0.6000,+0
7.9452,ascent,0.9921,45.7031,44.2969,-41.2200,-38.4720,0.037556,0.033216,0.080730,0.004270,0.6000,+0
7.9465,ascent,0.9921,45.7031,44.2090,-39.8460,-38.4720,0.037537,0.033903,0.080730,0.004270,0.6000,+0
7.9474,ascent,0.9921,45.7031,44.2090,-39.8460,-37.0980,0.037537,0.033848,0.080742,0.004258,0.6000,+0
7.9485,ascent,0.9921,45.6152,44.1211,-39.8460,-37.0980,0.037712,0.034531,0.080742,0.004258,0.6000,+0
7.9497,ascent,0.9921,45.5273,44.1211,-38.4720,-37.0980,0.037877,0.034526,0.080741,0.004259,0.6000,+0
7.9507,ascent,0.9921,45.5273,44.0332,-38.4720,-37.0980,0.037872,0.035213,0.080741,0.004259,0.6000,+0
7.9519,ascent,0.9921,45.5273,44.0332,-38.4720,-37.0980,0.037872,0.035213,0.080749,0.004251,0.6000,+0
7.9530,ascent,0.9921,45.4395,44.0332,-38.4720,-37.0980,0.038051,0.035208,0.080748,0.004252,0.6000,+0
7.9541,ascent,0.9921,45.4395,44.0332,-37.0980,-35.7240,0.038037,0.035154,0.080748,0.004252,0.6000,+0
7.9552,ascent,0.9921,45.4395,43.9453,-37.0980,-35.7240,0.038032,0.035841,0.080751,0.004249,0.6000,+0
7.9565,ascent,0.9921,45.3516,43.9453,-37.0980,-35.7240,0.038211,0.035836,0.080751,0.004249,0.6000,+0
7.9574,ascent,0.9921,45.3516,43.8574,-37.0980,-35.7240,0.038207,0.036523,0.080753,0.004247,0.6000,+0
7.9585,ascent,0.9921,45.3516,43.8574,-37.0980,-35.7240,0.038207,0.036523,0.080753,0.004247,0.6000,+0
7.9597,ascent,0.9921,45.2637,43.7695,-35.7240,-34.3500,0.038367,0.037151,0.080755,0.004245,0.6000,+0
7.9607,ascent,0.9921,45.1758,43.7695,-35.7240,-34.3500,0.038546,0.037146,0.080755,0.004245,0.6000,+0
7.9619,ascent,0.9921,45.1758,43.7695,-35.7240,-34.3500,0.038546,0.037146,0.080761,0.004239,0.6000,+0
7.9630,ascent,0.9921,45.1758,43.7695,-34.3500,-32.9760,0.038532,0.037092,0.080774,0.004226,0.6000,+0
7.9641,ascent,0.9921,45.1758,43.5937,-34.3500,-32.9760,0.038523,0.038466,0.080774,0.004226,0.6000,+0
7.9652,ascent,0.9921,45.0879,43.5937,-34.3500,-32.9760,0.038702,0.038461,0.080781,0.004219,0.6000,+0
7.9665,ascent,0.9921,45.0879,43.5937,-34.3500,-32.9760,0.038702,0.038461,0.080781,0.004219,0.6000,+0
7.9674,ascent,0.9921,45.0879,43.5059,-32.9760,-32.9760,0.038683,0.039148,0.080775,0.004225,0.6000,+0
7.9685,ascent,0.9921,45.0000,43.5059,-32.9760,-31.6020,0.038862,0.039089,0.080775,0.004225,0.6000,+0
7.9697,ascent,0.9921,45.0000,43.5059,-31.6020,-31.6020,0.038848,0.039089,0.080784,0.004216,0.6000,+0
7.9707,ascent,0.9921,45.0000,43.4180,-31.6020,-31.6020,0.038843,0.039776,0.080784,0.004216,0.6000,+0
7.9719,ascent,0.9921,44.9121,43.4180,-31.6020,-31.6020,0.039022,0.039772,0.080798,0.004202,0.6000,+0
7.9730,ascent,0.9921,44.9121,43.4180,-31.6020,-30.2280,0.039022,0.039717,0.080790,0.004210,0.6000,+0
7.9741,ascent,0.9921,44.9121,43.4180,-30.2280,-30.2280,0.039008,0.039717,0.080790,0.004210,0.6000,+0
7.9752,ascent,0.9921,44.8242,43.4180,-30.2280,-28.8540,0.039187,0.039658,0.080811,0.004189,0.6000,+0
7.9763,ascent,0.9921,44.8242,43.3301,-30.2280,-28.8540,0.039183,0.040345,0.080811,0.004189,0.6000,+0
7.9774,ascent,0.9921,44.8242,43.3301,-30.2280,-28.8540,0.039183,0.040345,0.080790,0.004210,0.6000,+0
7.9785,ascent,0.9921,44.8242,43.3301,-28.8540,-27.4800,0.039168,0.040291,0.080790,0.004210,0.6000,+0
7.9797,ascent,0.9921,44.7363,43.3301,-28.8540,-26.1060,0.039348,0.040232,0.080797,0.004203,0.6000,+0
7.9807,ascent,0.9921,44.7363,43.3301,-28.8540,-26.1060,0.039348,0.040232,0.080797,0.004203,0.6000,+0
7.9819,ascent,0.9921,44.7363,43.3301,-27.4800,-24.7320,0.039333,0.040177,0.080800,0.004200,0.6000,+0
7.9830,ascent,0.9921,44.7363,43.3301,-27.4800,-24.7320,0.039333,0.040177,0.080813,0.004187,0.6000,+0
7.9841,ascent,0.9921,44.7363,43.3301,-27.4800,-23.3580,0.039333,0.040123,0.080813,0.004187,0.6000,+0
7.9852,ascent,0.9921,44.6484,43.3301,-26.1060,-21.9840,0.039498,0.040064,0.080825,0.004175,0.6000,+0
7.9865,ascent,0.9921,44.6484,43.3301,-26.1060,-21.9840,0.039498,0.040064,0.080825,0.004175,0.6000,+0
7.9874,ascent,0.9921,44.6484,43.3301,-26.1060,-20.6100,0.039498,0.040010,0.080825,0.004175,0.6000,+0
7.9885,ascent,0.9921,44.6484,43.3301,-24.7320,-20.6100,0.039484,0.040010,0.080825,0.004175,0.6000,+0
7.9897,ascent,0.9921,44.5605,43.2422,-24.7320,-19.2360,0.039659,0.040638,0.080829,0.004171,0.6000,+0
7.9907,ascent,0.9921,44.5605,43.2422,-23.3580,-17.8620,0.039644,0.040583,0.080829,0.004171,0.6000,+0
7.9919,ascent,0.9921,44.5605,43.2422,-23.3580,-17.8620,0.039644,0.040583,0.080823,0.004177,0.6000,+0
7.9930,ascent,0.9921,44.5605,43.2422,-23.3580,-16.4880,0.039644,0.040529,0.080838,0.004162,0.6000,+0
7.9941,ascent,0.9921,44.5605,43.2422,-21.9840,-16.4880,0.039630,0.040529,0.080838,0.004162,0.6000,+0
7.9952,ascent,0.9921,44.5605,43.2422,-21.9840,-16.4880,0.039630,0.040529,0.080836,0.004164,0.6000,+0
7.9966,ascent,0.9921,44.4727,43.2422,-21.9840,-15.1140,0.039809,0.040470,0.080836,0.004164,0.6000,+0
7.9974,ascent,0.9921,44.4727,43.2422,-20.6100,-13.7400,0.039795,0.040415,0.080832,0.004168,0.6000,+0
7.9985,ascent,0.9921,44.4727,43.2422,-20.6100,-13.7400,0.039795,0.040415,0.080832,0.004168,0.6000,+0
7.9997,ascent,0.9921,44.4727,43.2422,-19.2360,-12.3660,0.039781,0.040361,0.080831,0.004169,0.6000,+0
8.0007,ascent,0.9921,44.4727,43.2422,-19.2360,-10.9920,0.039781,0.040306,0.080831,0.004169,0.6000,+0
8.0019,ascent,0.9921,44.4727,43.2422,-19.2360,-10.9920,0.039781,0.040306,0.080849,0.004151,0.6000,+0
8.0030,ascent,0.9921,44.4727,43.2422,-17.8620,-9.6180,0.039766,0.040252,0.080858,0.004142,0.6000,+0
8.0041,ascent,0.9921,44.4727,43.2422,-17.8620,-9.6180,0.039766,0.040252,0.080858,0.004142,0.6000,+0
8.0052,ascent,0.9921,44.4727,43.2422,-16.4880,-8.2440,0.039752,0.040198,0.080844,0.004156,0.6000,+0
8.0065,ascent,0.9921,44.3848,43.2422,-16.4880,-8.2440,0.039931,0.040193,0.080844,0.004156,0.6000,+0
8.0074,ascent,0.9921,44.3848,43.2422,-16.4880,-6.8700,0.039931,0.040139,0.080854,0.004146,0.6000,+0
8.0085,ascent,0.9921,44.3848,43.3301,-15.1140,-6.8700,0.039921,0.039452,0.080854,0.004146,0.6000,+0
8.0097,ascent,0.9921,44.3848,43.3301,-15.1140,-4.1220,0.039921,0.039979,0.080864,0.004136,0.6000,+0
8.0107,ascent,0.9921,44.3848,43.3301,-13.7400,-4.1220,0.039907,0.039979,0.080864,0.004136,0.6000,+0
8.0119,ascent,0.9921,44.3848,43.2422,-13.7400,-4.1220,0.039903,0.040666,0.080871,0.004129,0.6000,+0
8.0130,ascent,0.9921,44.3848,43.2422,-13.7400,-4.1220,0.039903,0.040666,0.080866,0.004134,0.6000,+0
8.0141,ascent,0.9466,44.3848,43.2422,-12.3660,-2.7480,0.039888,0.055500,0.080866,0.004134,0.6000,+0
8.0152,ascent,0.9466,44.3848,43.2422,-12.3660,-2.7480,0.039888,0.055500,0.080890,0.004110,0.6000,+0
8.0165,ascent,0.9466,44.3848,43.3301,-12.3660,-2.7480,0.039893,0.054813,0.080890,0.004110,0.6000,+0
8.0174,ascent,0.9466,44.3848,43.3301,-10.9920,-1.3740,0.039879,0.144800,0.080878,0.004122,0.6000,+0
8.0185,ascent,0.9466,44.3848,43.2422,-10.9920,-1.3740,0.039874,0.145487,0.080878,0.004122,0.6000,+0
8.0197,ascent,0.9466,44.3848,43.2422,-9.6180,-1.3740,0.039860,0.145487,0.080893,0.004107,0.6000,+0
8.0207,ascent,0.9466,44.3848,43.2422,-9.6180,-1.3740,0.039860,0.145487,0.080893,0.004107,0.6000,+0
8.0219,ascent,0.9466,44.3848,43.3301,-8.2440,-1.3740,0.039850,0.144800,0.080880,0.004120,0.6000,+0
8.0230,ascent,0.9466,44.3848,43.3301,-8.2440,0.0000,0.039850,0.239180,0.080876,0.004124,0.6000,+0
8.0241,ascent,0.9466,44.3848,43.2422,-8.2440,0.0000,0.039845,0.239867,0.080876,0.004124,0.6000,+0
8.0252,ascent,0.9466,44.3848,43.2422,-6.8700,0.0000,0.039831,0.239867,0.080894,0.004106,0.6000,+0
8.0265,ascent,0.9466,44.3848,43.3301,-6.8700,0.0000,0.039836,0.239180,0.080894,0.004106,0.6000,+0
8.0274,ascent,0.9466,44.3848,43.3301,-6.8700,1.3740,0.039836,0.144691,0.080897,0.004103,0.6000,+0
8.0285,ascent,0.9466,44.3848,43.3301,-5.4960,1.3740,0.039829,0.144691,0.080897,0.004103,0.6000,+0
8.0297,ascent,0.9466,44.3848,43.3301,-4.1220,1.3740,0.040443,0.144691,0.080911,0.004089,0.6000,+0
8.0307,ascent,0.9466,44.3848,43.3301,-4.1220,2.7480,0.040443,0.054595,0.080911,0.004089,0.6000,+0
8.0319,ascent,0.9466,44.3848,43.3301,-4.1220,2.7480,0.040443,0.054595,0.080928,0.004072,0.6000,+0
8.0330,ascent,0.9466,44.3848,43.3301,-4.1220,2.7480,0.040443,0.054595,0.080911,0.004089,0.6000,+0
8.0341,ascent,0.9466,44.3848,43.4180,-4.1220,2.7480,0.040448,0.053908,0.080911,0.004089,0.6000,+0
8.0352,ascent,0.9466,44.3848,43.4180,-2.7480,4.1220,0.055322,0.038965,0.080927,0.004073,0.6000,+0
8.0365,ascent,0.9466,44.3848,43.5059,-2.7480,4.1220,0.055326,0.038278,0.080927,0.004073,0.6000,+0
8.0374,ascent,0.9466,44.3848,43.5059,-2.7480,5.4960,0.055326,0.037595,0.080923,0.004077,0.6000,+0
8.0385,ascent,0.9466,44.3848,43.5937,-2.7480,5.4960,0.055331,0.036908,0.080923,0.004077,0.6000,+0
8.0397,ascent,0.9466,44.3848,43.8574,-1.3740,8.2440,0.145372,0.034731,0.080929,0.004071,0.6000,+0
8.0407,ascent,0.9466,44.3848,43.9453,-1.3740,9.6180,0.145377,0.033990,0.080929,0.004071,0.6000,+0
8.0419,ascent,0.9466,44.3848,43.9453,-1.3740,10.9920,0.145377,0.033935,0.080922,0.004078,0.6000,+0
8.0430,ascent,0.9466,44.3848,44.0332,-1.3740,12.3660,0.145381,0.033194,0.080953,0.004047,0.6000,+0
8.0441,ascent,0.9466,44.3848,44.1211,0.0000,13.7400,0.239805,0.032452,0.080953,0.004047,0.6000,+0
8.0452,ascent,0.9466,44.3848,44.2090,0.0000,16.4880,0.239810,0.031657,0.080954,0.004046,0.6000,+0
8.0465,ascent,0.9466,44.3848,44.2969,0.0000,17.8620,0.239814,0.030915,0.080954,0.004046,0.6000,+0
8.0474,ascent,0.9466,44.3848,44.2969,0.0000,20.6100,0.239814,0.030806,0.080946,0.004054,0.6000,+0
8.0485,ascent,0.9466,44.3848,44.3848,0.0000,21.9840,0.239819,0.030065,0.080946,0.004054,0.6000,+0
8.0496,ascent,0.9466,44.3848,44.5605,0.0000,26.1060,0.239828,0.028528,0.080956,0.004044,0.6000,+0
8.0507,ascent,0.9466,44.4727,44.5605,1.3740,27.4800,0.145201,0.028478,0.080956,0.004044,0.6000,+0
8.0519,ascent,0.9466,44.4727,44.6484,1.3740,30.2280,0.145206,0.027682,0.080968,0.004032,0.6000,+0
8.0530,ascent,0.9466,44.4727,44.6484,1.3740,31.6020,0.145206,0.027628,0.080978,0.004022,0.6000,+0
8.0541,ascent,0.9466,44.4727,44.7363,1.3740,32.9760,0.145210,0.026887,0.080978,0.004022,0.6000,+0
8.0552,ascent,0.9466,44.5605,44.8242,2.7480,34.3500,0.054979,0.026150,0.080979,0.004021,0.6000,+0
8.0565,ascent,0.9466,44.5605,44.8242,2.7480,37.0980,0.054979,0.026041,0.080979,0.004021,0.6000,+0
8.0574,ascent,0.9466,44.6484,44.9121,4.1220,38.4720,0.039902,0.025304,0.080979,0.004021,0.6000,+0
8.0585,ascent,0.9466,44.6484,44.9121,4.1220,39.8460,0.039902,0.025250,0.080979,0.004021,0.6000,+0
8.0596,ascent,0.9466,44.8242,45.0000,6.8700,42.5940,0.038884,0.024463,0.080983,0.004017,0.6000,+0
8.0608,ascent,0.9466,44.9121,45.0000,8.2440,43.9680,0.038690,0.024414,0.080983,0.004017,0.6000,+0
8.0619,ascent,0.9466,45.0000,45.1758,9.6180,45.3420,0.038506,0.022990,0.080983,0.004017,0.6000,+0
8.0630,ascent,0.9466,45.0879,45.1758,12.3660,46.7160,0.038298,0.022940,0.080990,0.004010,0.6000,+0
8.0641,ascent,0.9466,45.1758,45.1758,13.7400,46.7160,0.038105,0.022945,0.080990,0.004010,0.6000,+0
8.0652,ascent,0.9466,45.3516,45.1758,16.4880,48.0900,0.037718,0.022900,0.080988,0.004012,0.6000,+0
8.0665,ascent,0.9466,45.4395,45.2637,19.2360,49.4640,0.037515,0.022163,0.080988,0.004012,0.6000,+0
8.0674,ascent,0.9466,45.5273,45.2637,21.9840,49.4640,0.037307,0.022168,0.080987,0.004013,0.6000,+0
8.0685,ascent,0.9466,45.6152,45.2637,24.7320,49.4640,0.037099,0.022172,0.080987,0.004013,0.6000,+0
8.0696,ascent,0.9466,45.7910,45.2637,28.8540,49.4640,0.036698,0.022182,0.081000,0.004000,0.6000,+0
8.0708,ascent,0.9466,45.8789,45.2637,31.6020,48.0900,0.036490,0.022241,0.081000,0.004000,0.6000,+0
8.0719,ascent,0.9466,45.9668,45.2637,34.3500,48.0900,0.036283,0.022245,0.081013,0.003987,0.6000,+0
8.0730,ascent,0.9466,46.0547,45.2637,37.0980,46.7160,0.036075,0.022305,0.080999,0.004001,0.6000,+0
8.0741,ascent,0.9466,46.1426,45.2637,39.8460,45.3420,0.035867,0.022364,0.080999,0.004001,0.6000,+0
8.0752,ascent,0.9466,46.2305,45.2637,42.5940,43.9680,0.035659,0.022423,0.081001,0.003999,0.6000,+0
8.0765,ascent,0.9466,46.4062,45.2637,45.3420,42.5940,0.035273,0.022486,0.081001,0.003999,0.6000,+0
8.0774,ascent,0.9466,46.4062,45.1758,48.0900,39.8460,0.035239,0.023282,0.081019,0.003981,0.6000,+0
8.0785,ascent,0.9466,46.4941,45.1758,50.8380,38.4720,0.035032,0.023341,0.081019,0.003981,0.6000,+0
8.0796,ascent,0.9466,46.6699,45.1758,56.3340,34.3500,0.034616,0.023514,0.081026,0.003974,0.6000,+0
8.0808,ascent,0.9466,46.7578,45.1758,59.0820,31.6020,0.034408,0.023627,0.081028,0.003972,0.6000,+0
8.0819,ascent,0.9466,46.8457,45.1758,61.8300,30.2280,0.034201,0.023686,0.081028,0.003972,0.6000,+0
8.0830,ascent,0.9466,46.9336,45.1758,64.5780,27.4800,0.033993,0.023800,0.081020,0.003980,0.6000,+0
8.0841,ascent,0.9466,47.0215,45.1758,65.9520,26.1060,0.033800,0.023859,0.081020,0.003980,0.6000,+0
8.0852,ascent,0.9466,47.1094,45.0000,68.7000,23.3580,0.033583,0.025346,0.081037,0.003963,0.6000,+0
8.0863,ascent,0.9466,47.1094,45.0000,71.4480,21.9840,0.033554,0.025401,0.081037,0.003963,0.6000,+0
8.0874,ascent,0.9466,47.1973,45.0000,72.8220,19.2360,0.033361,0.025514,0.081052,0.003948,0.6000,+0
8.0885,ascent,0.9466,47.2852,45.0000,74.1960,17.8620,0.033167,0.025573,0.081052,0.003948,0.6000,+0
8.0896,ascent,0.9466,47.4609,45.0000,78.3180,13.7400,0.032766,0.025746,0.081046,0.003954,0.6000,+0
8.0908,ascent,0.9466,47.6367,45.0000,79.6920,12.3660,0.032394,0.025810,0.081046,0.003954,0.6000,+0
8.0919,ascent,0.9466,47.6367,44.9121,81.0660,9.6180,0.032375,0.026605,0.081046,0.003954,0.6000,+0
8.0930,ascent,0.9466,47.7246,44.9121,81.0660,8.2440,0.032196,0.026664,0.081058,0.003942,0.6000,+0
8.0941,ascent,0.9466,47.7246,44.9121,81.0660,5.4960,0.032196,0.026781,0.081058,0.003942,0.6000,+0
8.0952,ascent,0.9466,47.8125,44.9121,82.4400,4.1220,0.032002,0.027468,0.081043,0.003957,0.6000,+0
8.0965,ascent,0.9466,47.8125,44.8242,81.0660,2.7480,0.032012,0.043098,0.081043,0.003957,0.6000,+0
8.0974,ascent,0.9466,47.9004,44.8242,81.0660,1.3740,0.031833,0.133199,0.081048,0.003952,0.6000,+0
8.0985,ascent,0.9466,47.9883,44.8242,81.0660,0.0000,0.031654,0.227692,0.081048,0.003952,0.6000,+0
8.0996,ascent,0.9466,48.0762,44.8242,79.6920,-2.7480,0.031489,0.043330,0.081074,0.003926,0.6000,+0
8.1008,ascent,0.9466,48.0762,44.8242,78.3180,-4.1220,0.031503,0.028496,0.081074,0.003926,0.6000,+0
8.1019,ascent,0.9466,48.1641,44.7363,76.9440,-5.4960,0.031334,0.028613,0.081065,0.003935,0.6000,+0
8.1030,ascent,0.9466,48.1641,44.7363,75.5700,-6.8700,0.031348,0.028660,0.081071,0.003929,0.6000,+0
8.1041,ascent,0.9225,48.1641,44.7363,74.1960,-6.8700,0.031363,0.028660,0.081071,0.003929,0.6000,+0
8.1052,ascent,0.9225,48.2520,44.6484,72.8220,-8.2440,0.031193,0.029406,0.081070,0.003930,0.6000,+0
8.1065,ascent,0.9225,48.2520,44.6484,71.4480,-9.6180,0.031207,0.029461,0.081070,0.003930,0.6000,+0
8.1074,ascent,0.9225,48.2520,44.6484,70.0740,-10.9920,0.031222,0.029515,0.081078,0.003922,0.6000,+0
8.1085,ascent,0.9225,48.2520,44.6484,68.7000,-10.9920,0.031236,0.029515,0.081078,0.003922,0.6000,+0
8.1096,ascent,0.9225,48.3398,44.5605,64.5780,-12.3660,0.031095,0.030261,0.081074,0.003926,0.6000,+0
8.1108,ascent,0.9225,48.3398,44.5605,63.2040,-12.3660,0.031110,0.030261,0.081080,0.003920,0.6000,+0
8.1119,ascent,0.9225,48.4277,44.5605,61.8300,-13.7400,0.030945,0.030320,0.081080,0.003920,0.6000,+0
8.1130,ascent,0.9225,48.4277,44.5605,60.4560,-13.7400,0.030959,0.030320,0.081088,0.003912,0.6000,+0
8.1141,ascent,0.9225,48.4277,44.5605,57.7080,-13.7400,0.030988,0.030320,0.081088,0.003912,0.6000,+0
8.1152,ascent,0.9225,48.4277,44.5605,56.3340,-13.7400,0.031002,0.030320,0.081095,0.003905,0.6000,+0
8.1165,ascent,0.9225,48.4277,44.5605,53.5860,-13.7400,0.031031,0.030320,0.081095,0.003905,0.6000,+0
8.1174,ascent,0.9225,48.4277,44.5605,52.2120,-13.7400,0.031045,0.030320,0.081097,0.003903,0.6000,+0
8.1185,ascent,0.9225,48.4277,44.5605,49.4640,-13.7400,0.031074,0.030320,0.081097,0.003903,0.6000,+0
8.1196,ascent,0.9225,48.4277,44.5605,45.3420,-13.7400,0.031117,0.030320,0.081096,0.003904,0.6000,+0
8.1208,ascent,0.9225,48.4277,44.5605,43.9680,-13.7400,0.031131,0.030320,0.081091,0.003909,0.6000,+0
8.1219,ascent,0.9225,48.4277,44.5605,41.2200,-13.7400,0.031159,0.030320,0.081091,0.003909,0.6000,+0
8.1230,ascent,0.9225,48.4277,44.5605,38.4720,-13.7400,0.031188,0.030320,0.081102,0.003898,0.6000,+0
8.1241,ascent,0.9225,48.4277,44.5605,37.0980,-13.7400,0.031202,0.030320,0.081102,0.003898,0.6000,+0
8.1252,ascent,0.9225,48.4277,44.5605,34.3500,-12.3660,0.031231,0.030266,0.081102,0.003898,0.6000,+0
8.1265,ascent,0.9225,48.4277,44.5605,32.9760,-12.3660,0.031245,0.030266,0.081102,0.003898,0.6000,+0
8.1274,ascent,0.9225,48.4277,44.5605,31.6020,-12.3660,0.031260,0.030266,0.081112,0.003888,0.6000,+0
8.1285,ascent,0.9225,48.4277,44.5605,30.2280,-10.9920,0.031274,0.030211,0.081112,0.003888,0.6000,+0
8.1296,ascent,0.9225,48.4277,44.5605,26.1060,-9.6180,0.031317,0.030157,0.081124,0.003876,0.6000,+0
8.1308,ascent,0.9225,48.4277,44.5605,24.7320,-9.6180,0.031331,0.030157,0.081117,0.003883,0.6000,+0
8.1319,ascent,0.9225,48.4277,44.5605,21.9840,-9.6180,0.031360,0.030157,0.081117,0.003883,0.6000,+0
8.1330,ascent,0.9225,48.4277,44.5605,20.6100,-9.6180,0.031374,0.030157,0.081132,0.003868,0.6000,+0
8.1341,ascent,0.9225,48.3398,44.5605,19.2360,-8.2440,0.031567,0.030098,0.081132,0.003868,0.6000,+0
8.1352,ascent,0.9225,48.3398,44.5605,16.4880,-8.2440,0.031596,0.030098,0.081127,0.003873,0.6000,+0
8.1365,ascent,0.9225,48.3398,44.5605,15.1140,-6.8700,0.031610,0.030043,0.081127,0.003873,0.6000,+0
8.1374,ascent,0.9225,48.3398,44.5605,13.7400,-6.8700,0.031625,0.030043,0.081145,0.003855,0.6000,+0
8.1385,ascent,0.9225,48.3398,44.5605,12.3660,-5.4960,0.031639,0.029996,0.081145,0.003855,0.6000,+0
8.1396,ascent,0.9225,48.3398,44.5605,9.6180,-5.4960,0.031668,0.029996,0.081158,0.003842,0.6000,+0
8.1408,ascent,0.9225,48.3398,44.5605,8.2440,-4.1220,0.031682,0.030570,0.081141,0.003859,0.6000,+0
8.1419,ascent,0.9225,48.3398,44.5605,6.8700,-4.1220,0.031696,0.030570,0.081141,0.003859,0.6000,+0
8.1430,ascent,0.9225,48.3398,44.5605,6.8700,-2.7480,0.031696,0.045404,0.081135,0.003865,0.6000,+0
8.1441,ascent,0.9225,48.2520,44.5605,4.1220,-2.7480,0.032540,0.045400,0.081135,0.003865,0.6000,+0
8.1452,ascent,0.9225,48.2520,44.5605,2.7480,-1.3740,0.047443,0.135387,0.081144,0.003856,0.6000,+0
8.1465,ascent,0.9225,48.2520,44.5605,2.7480,-1.3740,0.047443,0.135387,0.081144,0.003856,0.6000,+0
8.1474,ascent,0.9225,48.2520,44.5605,1.3740,-1.3740,0.137499,0.135387,0.081166,0.003834,0.6000,+0
8.1485,ascent,0.9225,48.2520,44.5605,0.0000,-1.3740,0.231947,0.135387,0.081166,0.003834,0.6000,+0
8.1496,ascent,0.9225,48.2520,44.5605,-1.3740,0.0000,0.137528,0.229766,0.081158,0.003842,0.6000,+0
8.1508,ascent,0.9225,48.2520,44.5605,-1.3740,0.0000,0.137528,0.229766,0.081158,0.003842,0.6000,+0
8.1519,ascent,0.9225,48.2520,44.5605,-1.3740,0.0000,0.137528,0.229766,0.081170,0.003830,0.6000,+0
8.1530,ascent,0.9225,48.2520,44.5605,-2.7480,0.0000,0.047500,0.229766,0.081170,0.003830,0.6000,+0
8.1541,ascent,0.9225,48.2520,44.5605,-2.7480,0.0000,0.047500,0.229766,0.081170,0.003830,0.6000,+0
8.1552,ascent,0.9225,48.2520,44.5605,-2.7480,0.0000,0.047500,0.229766,0.081171,0.003829,0.6000,+0
8.1563,ascent,0.9225,48.2520,44.5605,-2.7480,0.0000,0.047500,0.229766,0.081171,0.003829,0.6000,+0
8.1574,ascent,0.9225,48.1641,44.5605,-4.1220,0.0000,0.032805,0.229762,0.081182,0.003818,0.6000,+0
8.1585,ascent,0.9225,48.1641,44.5605,-4.1220,0.0000,0.032805,0.229762,0.081182,0.003818,0.6000,+0
8.1596,ascent,0.9225,48.1641,44.5605,-5.4960,0.0000,0.032190,0.229762,0.081174,0.003826,0.6000,+0
8.1608,ascent,0.9225,48.2520,44.6484,-5.4960,1.3740,0.032016,0.134591,0.081183,0.003817,0.6000,+0
8.1619,ascent,0.9225,48.2520,44.6484,-5.4960,1.3740,0.032016,0.134591,0.081183,0.003817,0.6000,+0
8.1630,ascent,0.9225,48.2520,44.6484,-5.4960,1.3740,0.032016,0.134591,0.081193,0.003807,0.6000,+0
8.1641,ascent,0.9225,48.2520,44.7363,-5.4960,2.7480,0.032021,0.043808,0.081193,0.003807,0.6000,+0
8.1652,ascent,0.9225,48.2520,44.8242,-5.4960,4.1220,0.032025,0.028179,0.081179,0.003821,0.6000,+0
8.1665,ascent,0.9225,48.2520,44.8242,-4.1220,4.1220,0.032640,0.028179,0.081179,0.003821,0.6000,+0
8.1674,ascent,0.9225,48.2520,44.9121,-4.1220,6.8700,0.032645,0.026747,0.081198,0.003802,0.6000,+0
8.1685,ascent,0.9225,48.2520,45.1758,-4.1220,8.2440,0.032659,0.024632,0.081198,0.003802,0.6000,+0
8.1696,ascent,0.9225,48.2520,45.2637,-2.7480,9.6180,0.047537,0.023891,0.081201,0.003799,0.6000,+0
8.1708,ascent,0.9225,48.2520,45.3516,-2.7480,12.3660,0.047542,0.023095,0.081201,0.003799,0.6000,+0
8.1719,ascent,0.9225,48.2520,45.4395,-2.7480,13.7400,0.047547,0.022354,0.081201,0.003799,0.6000,+0
8.1730,ascent,0.9225,48.2520,45.5273,-2.7480,16.4880,0.047551,0.021559,0.081211,0.003789,0.6000,+0
8.1741,ascent,0.9225,48.2520,45.6152,-2.7480,17.8620,0.047556,0.020817,0.081211,0.003789,0.6000,+0
8.1752,ascent,0.9225,48.2520,45.7031,-2.7480,20.6100,0.047561,0.020022,0.081192,0.003808,0.6000,+0
8.1763,ascent,0.9225,48.2520,45.7910,-2.7480,24.7320,0.047566,0.019172,0.081192,0.003808,0.6000,+0
8.1774,ascent,0.9225,48.2520,45.8789,-1.3740,24.7320,0.137598,0.018485,0.081223,0.003777,0.6000,+0
8.1785,ascent,0.9225,48.2520,45.9668,-1.3740,27.4800,0.137603,0.017689,0.081223,0.003777,0.6000,+0
8.1796,ascent,0.9225,48.2520,46.0547,-1.3740,31.6020,0.137608,0.016839,0.081207,0.003793,0.6000,+0
8.1808,ascent,0.9225,48.2520,46.1426,0.0000,34.3500,0.232032,0.016044,0.081207,0.003793,0.6000,+0
8.1819,ascent,0.9225,48.2520,46.2305,0.0000,37.0980,0.232036,0.015248,0.081227,0.003773,0.6000,+0
8.1830,ascent,0.9225,48.2520,46.3184,0.0000,39.8460,0.232041,0.014453,0.081239,0.003761,0.6000,+0
8.1841,ascent,0.9225,48.2520,46.3184,0.0000,43.9680,0.232041,0.014289,0.081239,0.003761,0.6000,+0
8.1852,ascent,0.9225,48.2520,46.4062,0.0000,43.9680,0.232046,0.013603,0.081221,0.003779,0.6000,+0
8.1865,ascent,0.9225,48.2520,46.5820,0.0000,45.3420,0.232055,0.012175,0.081221,0.003779,0.6000,+0
8.1874,ascent,0.9225,48.2520,46.5820,0.0000,48.0900,0.232055,0.012066,0.081236,0.003764,0.6000,+0
8.1885,ascent,0.9225,48.2520,46.5820,0.0000,49.4640,0.232055,0.012012,0.081236,0.003764,0.6000,+0
8.1898,ascent,0.9225,48.2520,46.6699,1.3740,52.2120,0.137612,0.011216,0.081235,0.003765,0.6000,+0
8.1907,ascent,0.9225,48.2520,46.7578,1.3740,53.5860,0.137617,0.010475,0.081235,0.003765,0.6000,+0
8.1919,ascent,0.9225,48.3398,46.7578,2.7480,56.3340,0.047381,0.010371,0.081253,0.003747,0.6000,+0
8.1929,ascent,0.9225,48.3398,46.7578,2.7480,57.7080,0.047381,0.010316,0.081252,0.003748,0.6000,+0
8.1940,ascent,0.8519,48.4277,46.7578,2.7480,57.7080,0.047202,0.010321,0.081252,0.003748,0.6000,+0
8.1951,ascent,0.8519,48.4277,46.7578,4.1220,57.7080,0.032300,0.010321,0.081258,0.003742,0.6000,+0
8.1962,ascent,0.8519,48.5156,46.7578,4.1220,57.7080,0.032121,0.010326,0.081258,0.003742,0.6000,+0
8.1973,ascent,0.8519,48.6035,46.7578,5.4960,57.7080,0.031299,0.010331,0.081252,0.003748,0.6000,+0
8.1985,ascent,0.8519,48.6035,46.7578,6.8700,57.7080,0.031277,0.010331,0.081252,0.003748,0.6000,+0
8.1996,ascent,0.8519,48.7793,46.7578,9.6180,56.3340,0.030891,0.010395,0.081255,0.003745,0.6000,+0
8.2008,ascent,0.8519,48.8672,46.6699,10.9920,53.5860,0.030693,0.011195,0.081255,0.003745,0.6000,+0
8.2019,ascent,0.8519,48.9551,46.6699,12.3660,52.2120,0.030499,0.011254,0.081260,0.003740,0.6000,+0
8.2031,ascent,0.8519,48.9551,46.6699,12.3660,50.8380,0.030499,0.011308,0.081268,0.003732,0.6000,+0
8.2040,ascent,0.8519,49.0430,46.6699,16.4880,48.0900,0.030277,0.011422,0.081268,0.003732,0.6000,+0
8.2051,ascent,0.8519,49.1309,46.6699,17.8620,46.7160,0.030084,0.011481,0.081280,0.003720,0.6000,+0
8.2062,ascent,0.8519,49.2188,46.6699,20.6100,43.9680,0.029877,0.011595,0.081280,0.003720,0.6000,+0
8.2074,ascent,0.8519,49.3066,46.5820,23.3580,41.2200,0.029664,0.012395,0.081292,0.003708,0.6000,+0
8.2085,ascent,0.8519,49.3945,46.5820,23.3580,38.4720,0.029485,0.012509,0.081292,0.003708,0.6000,+0
8.2096,ascent,0.8519,49.4824,46.5820,30.2280,32.9760,0.029235,0.012731,0.081272,0.003728,0.6000,+0
8.2108,ascent,0.8519,49.5703,46.4062,31.6020,30.2280,0.029032,0.014218,0.081289,0.003711,0.6000,+0
8.2119,ascent,0.8519,49.6582,46.4062,34.3500,27.4800,0.028824,0.014332,0.081289,0.003711,0.6000,+0
8.2130,ascent,0.8519,49.7461,46.4062,37.0980,24.7320,0.028617,0.014445,0.081275,0.003725,0.6000,+0
8.2141,ascent,0.8519,49.8340,46.3184,38.4720,21.9840,0.028419,0.015246,0.081275,0.003725,0.6000,+0
8.2152,ascent,0.8519,49.8340,46.3184,41.2200,17.8620,0.028390,0.015409,0.081306,0.003694,0.6000,+0
8.2165,ascent,0.8519,49.9219,46.3184,42.5940,16.4880,0.028197,0.015468,0.081306,0.003694,0.6000,+0
8.2174,ascent,0.8519,49.9219,46.2305,42.5940,12.3660,0.028192,0.016318,0.081297,0.003703,0.6000,+0
8.2185,ascent,0.8519,50.0098,46.2305,46.7160,9.6180,0.027970,0.016432,0.081297,0.003703,0.6000,+0
8.2196,ascent,0.8519,50.1855,46.1426,50.8380,4.1220,0.027565,0.017982,0.081304,0.003696,0.6000,+0
8.2208,ascent,0.8519,50.1855,46.1426,50.8380,2.7480,0.027565,0.032924,0.081301,0.003699,0.6000,+0
8.2219,ascent,0.8519,50.2734,46.1426,52.2120,0.0000,0.027371,0.217514,0.081301,0.003699,0.6000,+0
8.2230,ascent,0.8519,50.2734,46.0547,53.5860,-2.7480,0.027352,0.033834,0.081311,0.003689,0.6000,+0
8.2241,ascent,0.8519,50.2734,46.0547,54.9600,-5.4960,0.027338,0.018425,0.081311,0.003689,0.6000,+0
8.2252,ascent,0.8519,50.3613,46.0547,56.3340,-6.8700,0.027145,0.018477,0.081317,0.003683,0.6000,+0
8.2265,ascent,0.8519,50.3613,45.9668,57.7080,-9.6180,0.027126,0.019273,0.081317,0.003683,0.6000,+0
8.2274,ascent,0.8519,50.4492,45.9668,59.0820,-10.9920,0.026932,0.019332,0.081325,0.003675,0.6000,+0
8.2285,ascent,0.8519,50.4492,45.8789,59.0820,-12.3660,0.026928,0.020073,0.081325,0.003675,0.6000,+0
8.2296,ascent,0.8519,50.5371,45.7910,60.4560,-16.4880,0.026730,0.020928,0.081329,0.003671,0.6000,+0
8.2308,ascent,0.8519,50.5371,45.7910,60.4560,-17.8620,0.026730,0.020982,0.081330,0.003670,0.6000,+0
8.2319,ascent,0.8519,50.5371,45.7031,60.4560,-19.2360,0.026725,0.021723,0.081330,0.003670,0.6000,+0
8.2330,ascent,0.8519,50.5371,45.7031,59.0820,-20.6100,0.026739,0.021778,0.081313,0.003687,0.6000,+0
8.2341,ascent,0.8519,50.5371,45.6152,57.7080,-21.9840,0.026749,0.022519,0.081313,0.003687,0.6000,+0
8.2352,ascent,0.8519,50.5371,45.6152,57.7080,-23.3580,0.026749,0.022573,0.081336,0.003664,0.6000,+0
8.2365,ascent,0.8519,50.5371,45.5273,56.3340,-24.7320,0.026758,0.023314,0.081336,0.003664,0.6000,+0
8.2374,ascent,0.8519,50.5371,45.5273,53.5860,-26.1060,0.026787,0.023369,0.081331,0.003669,0.6000,+0
8.2385,ascent,0.8519,50.5371,45.4395,52.2120,-27.4800,0.026797,0.024110,0.081331,0.003669,0.6000,+0
8.2396,ascent,0.8519,50.5371,45.3516,48.0900,-28.8540,0.026835,0.024851,0.081332,0.003668,0.6000,+0
8.2408,ascent,0.8519,50.5371,45.3516,46.7160,-30.2280,0.026849,0.024905,0.081332,0.003668,0.6000,+0
8.2419,ascent,0.8519,50.5371,45.2637,43.9680,-30.2280,0.026873,0.025592,0.081334,0.003666,0.6000,+0
8.2430,ascent,0.8519,50.5371,45.2637,42.5940,-31.6020,0.026887,0.025647,0.081336,0.003664,0.6000,+0
8.2441,ascent,0.8519,50.5371,45.2637,39.8460,-31.6020,0.026916,0.025647,0.081336,0.003664,0.6000,+0
8.2452,ascent,0.8519,50.5371,45.1758,38.4720,-32.9760,0.026925,0.026388,0.081359,0.003641,0.6000,+0
8.2465,ascent,0.8519,50.5371,45.0000,35.7240,-32.9760,0.026945,0.027761,0.081359,0.003641,0.6000,+0
8.2474,ascent,0.8519,50.5371,45.0000,34.3500,-34.3500,0.026959,0.027816,0.081360,0.003640,0.6000,+0
8.2485,ascent,0.8519,50.5371,45.0000,31.6020,-34.3500,0.026987,0.027816,0.081360,0.003640,0.6000,+0
8.2496,ascent,0.8519,50.4492,44.8242,27.4800,-35.7240,0.027200,0.029239,0.081365,0.003635,0.6000,+0
8.2508,ascent,0.8519,50.4492,44.8242,26.1060,-37.0980,0.027214,0.029293,0.081365,0.003635,0.6000,+0
8.2519,ascent,0.8519,50.4492,44.8242,23.3580,-37.0980,0.027243,0.029293,0.081364,0.003636,0.6000,+0
8.2530,ascent,0.8519,50.4492,44.7363,20.6100,-37.0980,0.027267,0.029980,0.081370,0.003630,0.6000,+0
8.2541,ascent,0.8519,50.4492,44.6484,19.2360,-38.4720,0.027276,0.030721,0.081370,0.003630,0.6000,+0
8.2552,ascent,0.8519,50.4492,44.6484,16.4880,-38.4720,0.027305,0.030721,0.081376,0.003624,0.6000,+0
8.2565,ascent,0.8519,50.3613,44.6484,15.1140,-38.4720,0.027498,0.030716,0.081376,0.003624,0.6000,+0
8.2574,ascent,0.8519,50.3613,44.5605,12.3660,-39.8460,0.027522,0.031458,0.081373,0.003627,0.6000,+0
8.2585,ascent,0.8519,50.3613,44.5605,10.9920,-39.8460,0.027536,0.031458,0.081373,0.003627,0.6000,+0
8.2596,ascent,0.8519,50.3613,44.4727,8.2440,-39.8460,0.027560,0.032144,0.081387,0.003613,0.6000,+0
8.2608,ascent,0.8519,50.2734,44.3848,5.4960,-41.2200,0.027770,0.032881,0.081363,0.003637,0.6000,+0
8.2619,ascent,0.8519,50.2734,44.3848,4.1220,-41.2200,0.028413,0.032881,0.081363,0.003637,0.6000,+0
8.2630,ascent,0.8519,50.2734,44.2969,2.7480,-41.2200,0.043311,0.033568,0.081387,0.003613,0.6000,+0
8.2641,ascent,0.8519,50.2734,44.2969,1.3740,-41.2200,0.133368,0.033568,0.081387,0.003613,0.6000,+0
8.2652,ascent,0.8519,50.1855,44.2090,-1.3740,-41.2200,0.133571,0.034250,0.081386,0.003614,0.6000,+0
8.2666,ascent,0.8519,50.1855,44.2090,-2.7480,-41.2200,0.043543,0.034250,0.081386,0.003614,0.6000,+0
8.2674,ascent,0.8519,50.1855,44.2090,-4.1220,-41.2200,0.028669,0.034250,0.081396,0.003604,0.6000,+0
8.2685,ascent,0.8519,50.1855,44.1211,-4.1220,-41.2200,0.028664,0.034936,0.081396,0.003604,0.6000,+0
8.2696,ascent,0.8519,50.1855,44.0332,-5.4960,-41.2200,0.028045,0.035623,0.081400,0.003600,0.6000,+0
8.2708,ascent,0.8519,50.0977,44.0332,-6.8700,-41.2200,0.028231,0.035618,0.081409,0.003591,0.6000,+0
8.2719,ascent,0.8519,50.0977,44.0332,-8.2440,-39.8460,0.028245,0.035564,0.081409,0.003591,0.6000,+0
8.2730,ascent,0.8519,50.0977,43.9453,-8.2440,-39.8460,0.028241,0.036251,0.081406,0.003594,0.6000,+0
8.2741,ascent,0.8519,50.0977,43.9453,-9.6180,-39.8460,0.028255,0.036251,0.081406,0.003594,0.6000,+0
8.2752,ascent,0.8519,50.0098,43.8574,-9.6180,-39.8460,0.028429,0.036933,0.081400,0.003600,0.6000,+0
8.2764,ascent,0.8519,50.0098,43.8574,-10.9920,-39.8460,0.028444,0.036933,0.081400,0.003600,0.6000,+0
8.2774,ascent,0.8519,50.0098,43.8574,-12.3660,-39.8460,0.028458,0.036933,0.081409,0.003591,0.6000,+0
8.2785,ascent,0.8519,50.0098,43.7695,-12.3660,-39.8460,0.028453,0.037620,0.081409,0.003591,0.6000,+0
8.2796,ascent,0.8519,50.0098,43.5937,-13.7400,-39.8460,0.028458,0.038993,0.081420,0.003580,0.6000,+0
8.2808,ascent,0.8519,49.9219,43.5937,-13.7400,-38.4720,0.028637,0.038934,0.081420,0.003580,0.6000,+0
8.2818,ascent,0.8519,49.9219,43.5937,-13.7400,-38.4720,0.028637,0.038934,0.081423,0.003577,0.6000,+0
8.2830,ascent,0.8519,49.9219,43.5059,-15.1140,-38.4720,0.028647,0.039621,0.081426,0.003574,0.6000,+0
8.2841,ascent,0.7914,49.9219,43.5059,-15.1140,-38.4720,0.028647,0.039621,0.081426,0.003574,0.6000,+0
8.2852,ascent,0.7914,49.9219,43.5059,-15.1140,-38.4720,0.028647,0.039621,0.081441,0.003559,0.6000,+0
8.2865,ascent,0.7914,49.9219,43.4180,-15.1140,-37.0980,0.028642,0.040253,0.081441,0.003559,0.6000,+0
8.2874,ascent,0.7914,49.9219,43.4180,-15.1140,-37.0980,0.028642,0.040253,0.081426,0.003574,0.6000,+0
8.2885,ascent,0.7914,49.9219,43.4180,-15.1140,-37.0980,0.028642,0.040253,0.081426,0.003574,0.6000,+0
8.2896,ascent,0.7914,49.9219,43.3301,-13.7400,-35.7240,0.028623,0.040886,0.081447,0.003553,0.6000,+0
8.2908,ascent,0.7914,49.9219,43.3301,-13.7400,-35.7240,0.028623,0.040886,0.081447,0.003553,0.6000,+0
8.2919,ascent,0.7914,49.9219,43.3301,-13.7400,-35.7240,0.028623,0.040886,0.081445,0.003555,0.6000,+0
8.2930,ascent,0.7914,49.9219,43.3301,-13.7400,-34.3500,0.028623,0.040831,0.081453,0.003547,0.6000,+0
8.2941,ascent,0.7914,49.9219,43.2422,-12.3660,-34.3500,0.028604,0.041518,0.081453,0.003547,0.6000,+0
8.2952,ascent,0.7914,49.9219,43.2422,-12.3660,-32.9760,0.028604,0.041464,0.081446,0.003554,0.6000,+0
8.2965,ascent,0.7914,49.9219,43.2422,-12.3660,-32.9760,0.028604,0.041464,0.081446,0.003554,0.6000,+0
8.2974,ascent,0.7914,49.9219,43.2422,-10.9920,-31.6020,0.028590,0.041409,0.081456,0.003544,0.6000,+0
8.2985,ascent,0.7914,49.9219,43.2422,-10.9920,-31.6020,0.028590,0.041409,0.081456,0.003544,0.6000,+0
8.2996,ascent,0.7914,49.8340,43.1543,-10.9920,-30.2280,0.028764,0.042037,0.081459,0.003541,0.6000,+0
8.3008,ascent,0.7914,49.8340,43.1543,-10.9920,-30.2280,0.028764,0.042037,0.081459,0.003541,0.6000,+0
8.3019,ascent,0.7914,49.8340,43.1543,-10.9920,-28.8540,0.028764,0.041983,0.081450,0.003550,0.6000,+0
8.3030,ascent,0.7914,49.8340,43.1543,-9.6180,-28.8540,0.028750,0.041983,0.081460,0.003540,0.6000,+0
8.3041,ascent,0.7914,49.8340,43.1543,-9.6180,-27.4800,0.028750,0.041928,0.081460,0.003540,0.6000,+0
8.3052,ascent,0.7914,49.8340,43.1543,-9.6180,-26.1060,0.028750,0.041874,0.081480,0.003520,0.6000,+0
8.3065,ascent,0.7914,49.8340,43.1543,-9.6180,-26.1060,0.028750,0.041874,0.081480,0.003520,0.6000,+0
8.3074,ascent,0.7914,49.8340,43.1543,-8.2440,-24.7320,0.028735,0.041819,0.081470,0.003530,0.6000,+0
8.3085,ascent,0.7914,49.7461,43.1543,-8.2440,-23.3580,0.028914,0.041760,0.081470,0.003530,0.6000,+0
8.3096,ascent,0.7914,49.7461,43.0664,-8.2440,-21.9840,0.028910,0.042393,0.081466,0.003534,0.6000,+0
8.3108,ascent,0.7914,49.7461,43.1543,-8.2440,-21.9840,0.028914,0.041706,0.081466,0.003534,0.6000,+0
8.3119,ascent,0.7914,49.7461,43.1543,-8.2440,-20.6100,0.028914,0.041651,0.081470,0.003530,0.6000,+0
8.3130,ascent,0.7914,49.7461,43.1543,-6.8700,-19.2360,0.028900,0.041597,0.081469,0.003531,0.6000,+0
8.3141,ascent,0.7914,49.7461,43.1543,-6.8700,-17.8620,0.028900,0.041543,0.081469,0.003531,0.6000,+0
8.3152,ascent,0.7914,49.7461,43.1543,-6.8700,-16.4880,0.028900,0.041488,0.081485,0.003515,0.6000,+0
8.3165,ascent,0.7914,49.6582,43.1543,-6.8700,-16.4880,0.029079,0.041484,0.081485,0.003515,0.6000,+0
8.3174,ascent,0.7914,49.6582,43.1543,-6.8700,-15.1140,0.029079,0.041429,0.081482,0.003518,0.6000,+0
8.3185,ascent,0.7914,49.6582,43.1543,-6.8700,-13.7400,0.029079,0.041375,0.081482,0.003518,0.6000,+0
8.3196,ascent,0.7914,49.6582,43.1543,-6.8700,-12.3660,0.029079,0.041320,0.081491,0.003509,0.6000,+0
8.3208,ascent,0.7914,49.6582,43.1543,-6.8700,-10.9920,0.029079,0.041266,0.081499,0.003501,0.6000,+0
8.3219,ascent,0.7914,49.5703,43.1543,-8.2440,-9.6180,0.029272,0.041207,0.081499,0.003501,0.6000,+0
8.3231,ascent,0.7914,49.5703,43.1543,-8.2440,-9.6180,0.029272,0.041207,0.081489,0.003511,0.6000,+0
8.3241,ascent,0.7914,49.5703,43.1543,-8.2440,-8.2440,0.029272,0.041152,0.081489,0.003511,0.6000,+0
8.3252,ascent,0.7914,49.5703,43.1543,-8.2440,-8.2440,0.029272,0.041152,0.081503,0.003497,0.6000,+0
8.3265,ascent,0.7914,49.5703,43.1543,-8.2440,-6.8700,0.029272,0.041098,0.081503,0.003497,0.6000,+0
8.3274,ascent,0.7914,49.5703,43.1543,-9.6180,-6.8700,0.029287,0.041098,0.081507,0.003493,0.6000,+0
8.3285,ascent,0.7914,49.5703,43.1543,-9.6180,-5.4960,0.029287,0.041051,0.081507,0.003493,0.6000,+0
8.3296,ascent,0.7914,49.4824,43.1543,-9.6180,-4.1220,0.029466,0.041620,0.081513,0.003487,0.6000,+0
8.3308,ascent,0.7914,49.4824,43.1543,-10.9920,-4.1220,0.029480,0.041620,0.081510,0.003490,0.6000,+0
8.3319,ascent,0.7914,49.4824,43.1543,-10.9920,-2.7480,0.029480,0.056454,0.081510,0.003490,0.6000,+0
8.3330,ascent,0.7914,49.4824,43.1543,-10.9920,-2.7480,0.029480,0.056454,0.081498,0.003502,0.6000,+0
8.3341,ascent,0.7914,49.4824,43.1543,-10.9920,-2.7480,0.029480,0.056454,0.081498,0.003502,0.6000,+0
8.3352,ascent,0.7914,49.3945,43.1543,-10.9920,-1.3740,0.029659,0.146437,0.081520,0.003480,0.6000,+0
8.3363,ascent,0.7914,49.3945,43.1543,-10.9920,-1.3740,0.029659,0.146437,0.081520,0.003480,0.6000,+0
8.3374,ascent,0.7914,49.3945,43.1543,-10.9920,-1.3740,0.029659,0.146437,0.081525,0.003475,0.6000,+0
8.3385,ascent,0.7914,49.3945,43.1543,-12.3660,-1.3740,0.029673,0.146437,0.081525,0.003475,0.6000,+0
8.3396,ascent,0.7914,49.3945,43.1543,-10.9920,0.0000,0.029659,0.240816,0.081520,0.003480,0.6000,+0
8.3408,ascent,0.7914,49.3945,43.1543,-10.9920,0.0000,0.029659,0.240816,0.081545,0.003455,0.6000,+0
8.3419,ascent,0.7914,49.3066,43.1543,-12.3660,0.0000,0.029852,0.240812,0.081545,0.003455,0.6000,+0
8.3430,ascent,0.7914,49.3066,43.1543,-12.3660,0.0000,0.029852,0.240812,0.081539,0.003461,0.6000,+0
8.3442,ascent,0.7914,49.3066,43.1543,-12.3660,0.0000,0.029852,0.240812,0.081539,0.003461,0.6000,+0
8.3452,ascent,0.7914,49.3066,43.1543,-12.3660,0.0000,0.029852,0.240812,0.081534,0.003466,0.6000,+0
8.3465,ascent,0.7914,49.3066,43.1543,-12.3660,0.0000,0.029852,0.240812,0.081534,0.003466,0.6000,+0
8.3474,ascent,0.7914,49.2188,43.1543,-12.3660,0.0000,0.030031,0.240807,0.081548,0.003452,0.6000,+0
8.3485,ascent,0.7914,49.2188,43.1543,-12.3660,0.0000,0.030031,0.240807,0.081548,0.003452,0.6000,+0
8.3496,ascent,0.7914,49.2188,43.2422,-12.3660,1.3740,0.030036,0.145632,0.081542,0.003458,0.6000,+0
8.3508,ascent,0.7914,49.2188,43.2422,-12.3660,1.3740,0.030036,0.145632,0.081542,0.003458,0.6000,+0
8.3519,ascent,0.7914,49.1309,43.3301,-13.7400,2.7480,0.030234,0.054844,0.081557,0.003443,0.6000,+0
8.3530,ascent,0.7914,49.1309,43.3301,-13.7400,2.7480,0.030234,0.054844,0.081550,0.003450,0.6000,+0
8.3542,ascent,0.7914,49.1309,43.4180,-13.7400,4.1220,0.030239,0.039215,0.081550,0.003450,0.6000,+0
8.3552,ascent,0.7914,49.1309,43.5059,-13.7400,5.4960,0.030243,0.037845,0.081560,0.003440,0.6000,+0
8.3565,ascent,0.7914,49.0430,43.5937,-13.7400,6.8700,0.030427,0.037091,0.081560,0.003440,0.6000,+0
8.3574,ascent,0.7914,49.0430,43.7695,-13.7400,8.2440,0.030437,0.035663,0.081563,0.003437,0.6000,+0
8.3586,ascent,0.7914,49.0430,43.9453,-15.1140,10.9920,0.030460,0.034181,0.081563,0.003437,0.6000,+0
8.3596,ascent,0.7914,49.0430,44.0332,-15.1140,13.7400,0.030465,0.033385,0.081571,0.003429,0.6000,+0
8.3608,ascent,0.7914,48.9551,44.2090,-15.1140,16.4880,0.030653,0.031898,0.081560,0.003440,0.6000,+0
8.3619,ascent,0.7914,48.9551,44.2969,-15.1140,19.2360,0.030658,0.031102,0.081560,0.003440,0.6000,+0
8.3631,ascent,0.7914,48.9551,44.3848,-15.1140,21.9840,0.030663,0.030307,0.081577,0.003423,0.6000,+0
8.3641,ascent,0.7914,48.9551,44.4727,-15.1140,23.3580,0.030667,0.029566,0.081577,0.003423,0.6000,+0
8.3653,ascent,0.7914,48.8672,44.6484,-15.1140,27.4800,0.030856,0.028024,0.081585,0.003415,0.6000,+0
8.3663,ascent,0.7914,48.8672,44.7363,-16.4880,30.2280,0.030875,0.027228,0.081585,0.003415,0.6000,+0
8.3674,ascent,0.7914,48.8672,44.8242,-16.4880,32.9760,0.030879,0.026433,0.081585,0.003415,0.6000,+0
8.3685,ascent,0.7914,48.8672,44.9121,-16.4880,35.7240,0.030884,0.025637,0.081585,0.003415,0.6000,+0
8.3696,ascent,0.7726,48.7793,45.2637,-16.4880,42.5940,0.031082,0.022613,0.081578,0.003422,0.6000,+0
8.3708,ascent,0.7726,48.7793,45.3516,-16.4880,45.3420,0.031087,0.021818,0.081578,0.003422,0.6000,+0
8.3719,ascent,0.7726,48.7793,45.4395,-16.4880,48.0900,0.031091,0.021022,0.081588,0.003412,0.6000,+0
8.3730,ascent,0.7726,48.7793,45.5273,-17.8620,52.2120,0.031111,0.020172,0.081581,0.003419,0.6000,+0
8.3742,ascent,0.7726,48.7793,45.6152,-16.4880,54.9600,0.031101,0.019376,0.081581,0.003419,0.6000,+0
8.3752,ascent,0.7726,48.6914,45.7031,-17.8620,57.7080,0.031299,0.018576,0.081596,0.003404,0.6000,+0
8.3765,ascent,0.7726,48.6914,45.7910,-17.8620,60.4560,0.031304,0.017780,0.081596,0.003404,0.6000,+0
8.3774,ascent,0.7726,48.6914,45.8789,-17.8620,63.2040,0.031308,0.016985,0.081610,0.003390,0.6000,+0
8.3785,ascent,0.7726,48.6914,45.9668,-17.8620,65.9520,0.031313,0.016189,0.081610,0.003390,0.6000,+0
8.3796,ascent,0.7726,48.6035,46.0547,-17.8620,71.4480,0.031497,0.015280,0.081607,0.003393,0.6000,+0
8.3808,ascent,0.7726,48.6035,46.1426,-17.8620,74.1960,0.031502,0.014485,0.081607,0.003393,0.6000,+0
8.3819,ascent,0.7726,48.6035,46.2305,-17.8620,75.5700,0.031506,0.013743,0.081587,0.003413,0.6000,+0
8.3830,ascent,0.7726,48.6035,46.3184,-17.8620,78.3180,0.031511,0.012948,0.081621,0.003379,0.6000,+0
8.3841,ascent,0.7726,48.5156,46.3184,-17.8620,79.6920,0.031690,0.012889,0.081621,0.003379,0.6000,+0
8.3852,ascent,0.7726,48.5156,46.4062,-17.8620,81.0660,0.031695,0.012148,0.081610,0.003390,0.6000,+0
8.3865,ascent,0.7726,48.5156,46.4062,-17.8620,82.4400,0.031695,0.012093,0.081610,0.003390,0.6000,+0
8.3874,ascent,0.7726,48.5156,46.5820,-17.8620,83.8140,0.031704,0.010665,0.081617,0.003383,0.6000,+0
8.3886,ascent,0.7726,48.4277,46.5820,-17.8620,83.8140,0.031883,0.010661,0.081617,0.003383,0.6000,+0
8.3896,ascent,0.7726,48.4277,46.6699,-17.8620,83.8140,0.031888,0.009974,0.081623,0.003377,0.6000,+0
8.3908,ascent,0.7726,48.4277,46.6699,-17.8620,83.8140,0.031888,0.009974,0.081627,0.003373,0.6000,+0
8.3919,ascent,0.7726,48.3398,46.6699,-19.2360,82.4400,0.032081,0.010024,0.081627,0.003373,0.6000,+0
8.3931,ascent,0.7726,48.3398,46.6699,-19.2360,81.0660,0.032081,0.010078,0.081625,0.003375,0.6000,+0
8.3942,ascent,0.7726,48.3398,46.6699,-19.2360,79.6920,0.032081,0.010132,0.081625,0.003375,0.6000,+0
8.3952,ascent,0.7726,48.3398,46.6699,-19.2360,76.9440,0.032081,0.010241,0.081618,0.003382,0.6000,+0
8.3965,ascent,0.7726,48.2520,46.6699,-19.2360,75.5700,0.032260,0.010291,0.081618,0.003382,0.6000,+0
8.3974,ascent,0.7726,48.2520,46.6699,-19.2360,72.8220,0.032260,0.010400,0.081628,0.003372,0.6000,+0
8.3986,ascent,0.7726,48.2520,46.6699,-19.2360,67.3260,0.032260,0.010617,0.081628,0.003372,0.6000,+0
8.3996,ascent,0.7726,48.2520,46.6699,-19.2360,65.9520,0.032260,0.010672,0.081634,0.003366,0.6000,+0
8.4008,ascent,0.7726,48.2520,46.6699,-19.2360,61.8300,0.032260,0.010835,0.081645,0.003355,0.6000,+0
8.4019,ascent,0.7726,48.1641,46.6699,-19.2360,59.0820,0.032439,0.010939,0.081645,0.003355,0.6000,+0
8.4030,ascent,0.7726,48.1641,46.6699,-19.2360,56.3340,0.032439,0.011048,0.081659,0.003341,0.6000,+0
8.4041,ascent,0.7726,48.1641,46.5820,-19.2360,53.5860,0.032435,0.011844,0.081659,0.003341,0.6000,+0
8.4052,ascent,0.7726,48.1641,46.5820,-19.2360,49.4640,0.032435,0.012007,0.081655,0.003345,0.6000,+0
8.4065,ascent,0.7726,48.0762,46.5820,-19.2360,46.7160,0.032614,0.012111,0.081655,0.003345,0.6000,+0
8.4074,ascent,0.7726,48.0762,46.5820,-19.2360,43.9680,0.032614,0.012220,0.081659,0.003341,0.6000,+0
8.4085,ascent,0.7726,48.0762,46.4062,-19.2360,39.8460,0.032604,0.013757,0.081659,0.003341,0.6000,+0
8.4096,ascent,0.7726,47.9883,46.4062,-19.2360,32.9760,0.032783,0.014024,0.081668,0.003332,0.6000,+0
8.4107,ascent,0.7726,47.9883,46.3184,-19.2360,30.2280,0.032778,0.014819,0.081668,0.003332,0.6000,+0
8.4119,ascent,0.7726,47.9883,46.3184,-19.2360,26.1060,0.032778,0.014983,0.081664,0.003336,0.6000,+0
8.4130,ascent,0.7726,47.9883,46.3184,-19.2360,23.3580,0.032778,0.015092,0.081673,0.003327,0.6000,+0
8.4141,ascent,0.7726,47.9004,46.3184,-19.2360,20.6100,0.032957,0.015196,0.081673,0.003327,0.6000,+0
8.4152,ascent,0.7726,47.9004,46.2305,-19.2360,17.8620,0.032953,0.015991,0.081678,0.003322,0.6000,+0
8.4165,ascent,0.7726,47.9004,46.2305,-19.2360,15.1140,0.032953,0.016100,0.081678,0.003322,0.6000,+0
8.4174,ascent,0.7726,47.9004,46.1426,-19.2360,10.9920,0.032948,0.016950,0.081668,0.003332,0.6000,+0
8.4186,ascent,0.7726,47.8125,46.1426,-19.2360,5.4960,0.033127,0.017170,0.081668,0.003332,0.6000,+0
8.4196,ascent,0.7726,47.8125,46.0547,-19.2360,2.7480,0.033122,0.033483,0.081685,0.003315,0.6000,+0
8.4207,ascent,0.7726,47.8125,46.0547,-19.2360,1.3740,0.033122,0.123579,0.081685,0.003315,0.6000,+0
8.4219,ascent,0.7726,47.8125,46.0547,-19.2360,-1.3740,0.033122,0.123688,0.081687,0.003313,0.6000,+0
8.4230,ascent,0.7726,47.7246,45.9668,-19.2360,-4.1220,0.033297,0.019549,0.081701,0.003299,0.6000,+0
8.4241,ascent,0.7726,47.7246,45.9668,-19.2360,-6.8700,0.033297,0.019022,0.081701,0.003299,0.6000,+0
8.4253,ascent,0.7726,47.7246,45.8789,-19.2360,-8.2440,0.033292,0.019763,0.081690,0.003310,0.6000,+0
8.4263,ascent,0.7726,47.7246,45.8789,-19.2360,-10.9920,0.033292,0.019872,0.081690,0.003310,0.6000,+0
8.4274,ascent,0.7726,47.6367,45.7910,-19.2360,-12.3660,0.033466,0.020608,0.081706,0.003294,0.6000,+0
8.4286,ascent,0.7726,47.6367,45.7031,-19.2360,-16.4880,0.033462,0.021458,0.081706,0.003294,0.6000,+0
8.4296,ascent,0.7726,47.6367,45.7031,-19.2360,-17.8620,0.033462,0.021513,0.081698,0.003302,0.6000,+0
8.4307,ascent,0.7726,47.6367,45.6152,-19.2360,-19.2360,0.033457,0.022254,0.081698,0.003302,0.6000,+0
8.4319,ascent,0.7726,47.6367,45.6152,-19.2360,-20.6100,0.033457,0.022308,0.081722,0.003278,0.6000,+0
8.4330,ascent,0.7726,47.4609,45.5273,-19.2360,-21.9840,0.033810,0.023040,0.081713,0.003287,0.6000,+0
8.4342,ascent,0.7726,47.4609,45.5273,-19.2360,-23.3580,0.033810,0.023095,0.081713,0.003287,0.6000,+0
8.4352,ascent,0.7726,47.4609,45.4395,-19.2360,-26.1060,0.033806,0.023890,0.081717,0.003283,0.6000,+0
8.4365,ascent,0.7726,47.4609,45.4395,-19.2360,-26.1060,0.033806,0.023890,0.081717,0.003283,0.6000,+0
8.4374,ascent,0.7726,47.4609,45.3516,-19.2360,-27.4800,0.033801,0.024631,0.081715,0.003285,0.6000,+0
8.4386,ascent,0.7726,47.3730,45.2637,-19.2360,-30.2280,0.033975,0.025422,0.081715,0.003285,0.6000,+0
8.4396,ascent,0.7726,47.3730,45.2637,-19.2360,-30.2280,0.033975,0.025422,0.081721,0.003279,0.6000,+0
8.4407,ascent,0.7726,47.3730,45.1758,-19.2360,-31.6020,0.033971,0.026164,0.081721,0.003279,0.6000,+0
8.4419,ascent,0.7726,47.3730,45.1758,-17.8620,-32.9760,0.033956,0.026218,0.081735,0.003265,0.6000,+0
8.4430,ascent,0.7726,47.2852,45.0000,-17.8620,-32.9760,0.034126,0.027587,0.081742,0.003258,0.6000,+0
8.4441,ascent,0.7726,47.2852,45.0000,-17.8620,-34.3500,0.034126,0.027641,0.081742,0.003258,0.6000,+0
8.4454,ascent,0.7726,47.2852,45.0000,-17.8620,-34.3500,0.034126,0.027641,0.081742,0.003258,0.6000,+0
8.4463,ascent,0.7726,47.2852,44.9121,-17.8620,-35.7240,0.034121,0.028383,0.081742,0.003258,0.6000,+0
8.4474,ascent,0.7726,47.2852,44.8242,-17.8620,-35.7240,0.034117,0.029069,0.081743,0.003257,0.6000,+0
8.4486,ascent,0.7726,47.1973,44.8242,-17.8620,-37.0980,0.034296,0.029119,0.081743,0.003257,0.6000,+0
8.4496,ascent,0.7726,47.1973,44.7363,-17.8620,-37.0980,0.034291,0.029806,0.081743,0.003257,0.6000,+0
8.4507,ascent,0.7726,47.1973,44.6484,-17.8620,-38.4720,0.034286,0.030547,0.081743,0.003257,0.6000,+0
8.4519,ascent,0.7726,47.1973,44.6484,-17.8620,-38.4720,0.034286,0.030547,0.081752,0.003248,0.6000,+0
8.4530,ascent,0.7726,47.1973,44.6484,-16.4880,-38.4720,0.034272,0.030547,0.081745,0.003255,0.6000,+0
8.4541,ascent,0.7726,47.1973,44.5605,-16.4880,-39.8460,0.034267,0.031289,0.081745,0.003255,0.6000,+0
8.4554,ascent,0.7726,47.1094,44.5605,-16.4880,-39.8460,0.034446,0.031284,0.081767,0.003233,0.6000,+0
8.4563,ascent,0.7726,47.1094,44.4727,-16.4880,-39.8460,0.034442,0.031971,0.081767,0.003233,0.6000,+0
8.4574,ascent,0.7726,47.1094,44.4727,-16.4880,-39.8460,0.034442,0.031971,0.081756,0.003244,0.6000,+0
8.4586,ascent,0.7726,47.1094,44.3848,-16.4880,-41.2200,0.034437,0.032712,0.081756,0.003244,0.6000,+0
8.4596,ascent,0.7373,47.1094,44.2969,-15.1140,-41.2200,0.034418,0.033399,0.081761,0.003239,0.6000,+0
8.4607,ascent,0.7373,47.1094,44.2969,-15.1140,-41.2200,0.034418,0.033399,0.081761,0.003239,0.6000,+0
8.4619,ascent,0.7373,47.1094,44.2090,-15.1140,-41.2200,0.034414,0.034086,0.081779,0.003221,0.6000,+0
8.4630,ascent,0.7373,47.1094,44.2090,-15.1140,-41.2200,0.034414,0.034086,0.081770,0.003230,0.6000,+0
8.4641,ascent,0.7373,47.0215,44.1211,-15.1140,-41.2200,0.034588,0.034768,0.081770,0.003230,0.6000,+0
8.4653,ascent,0.7373,47.0215,44.1211,-13.7400,-41.2200,0.034574,0.034768,0.081778,0.003222,0.6000,+0
8.4663,ascent,0.7373,47.0215,44.1211,-13.7400,-41.2200,0.034574,0.034768,0.081778,0.003222,0.6000,+0
8.4674,ascent,0.7373,47.0215,44.0332,-13.7400,-41.2200,0.034569,0.035455,0.081767,0.003233,0.6000,+0
8.4686,ascent,0.7373,47.0215,44.0332,-13.7400,-41.2200,0.034569,0.035455,0.081767,0.003233,0.6000,+0
8.4696,ascent,0.7373,47.0215,43.9453,-13.7400,-41.2200,0.034564,0.036142,0.081797,0.003203,0.6000,+0
8.4707,ascent,0.7373,47.0215,43.9453,-12.3660,-39.8460,0.034550,0.036087,0.081797,0.003203,0.6000,+0
8.4719,ascent,0.7373,47.0215,43.8574,-12.3660,-39.8460,0.034545,0.036774,0.081795,0.003205,0.6000,+0
8.4730,ascent,0.7373,47.0215,43.8574,-12.3660,-39.8460,0.034545,0.036774,0.081782,0.003218,0.6000,+0
8.4741,ascent,0.7373,47.0215,43.7695,-12.3660,-39.8460,0.034541,0.037461,0.081782,0.003218,0.6000,+0
8.4753,ascent,0.7373,47.0215,43.7695,-10.9920,-39.8460,0.034526,0.037461,0.081800,0.003200,0.6000,+0
8.4763,ascent,0.7373,47.0215,43.7695,-10.9920,-39.8460,0.034526,0.037461,0.081800,0.003200,0.6000,+0
8.4774,ascent,0.7373,46.9336,43.5937,-10.9920,-39.8460,0.034696,0.038830,0.081807,0.003193,0.6000,+0
8.4786,ascent,0.7373,46.9336,43.5937,-10.9920,-38.4720,0.034696,0.038776,0.081807,0.003193,0.6000,+0
8.4796,ascent,0.7373,46.9336,43.5059,-10.9920,-38.4720,0.034692,0.039463,0.081808,0.003192,0.6000,+0
8.4807,ascent,0.7373,46.9336,43.5059,-9.6180,-38.4720,0.034677,0.039463,0.081808,0.003192,0.6000,+0
8.4819,ascent,0.7373,46.9336,43.5059,-9.6180,-38.4720,0.034677,0.039463,0.081820,0.003180,0.6000,+0
8.4830,ascent,0.7373,46.9336,43.4180,-9.6180,-37.0980,0.034673,0.040095,0.081809,0.003191,0.6000,+0
8.4841,ascent,0.7373,46.9336,43.4180,-9.6180,-37.0980,0.034673,0.040095,0.081809,0.003191,0.6000,+0
8.4853,ascent,0.7373,46.9336,43.4180,-8.2440,-37.0980,0.034658,0.040095,0.081819,0.003181,0.6000,+0
8.4863,ascent,0.7373,46.9336,43.3301,-8.2440,-37.0980,0.034654,0.040782,0.081819,0.003181,0.6000,+0
8.4874,ascent,0.7373,46.9336,43.3301,-8.2440,-35.7240,0.034654,0.040728,0.081823,0.003177,0.6000,+0
8.4888,ascent,0.7373,46.9336,43.3301,-6.8700,-35.7240,0.034640,0.040728,0.081823,0.003177,0.6000,+0
8.4896,ascent,0.7373,46.9336,43.3301,-6.8700,-34.3500,0.034640,0.040673,0.081817,0.003183,0.6000,+0
8.4908,ascent,0.7373,46.9336,43.2422,-6.8700,-34.3500,0.034635,0.041360,0.081845,0.003155,0.6000,+0
8.4918,ascent,0.7373,46.9336,43.2422,-6.8700,-32.9760,0.034635,0.041306,0.081845,0.003155,0.6000,+0
8.4929,ascent,0.7373,46.9336,43.2422,-5.4960,-32.9760,0.034628,0.041306,0.081837,0.003163,0.6000,+0
8.4940,ascent,0.7373,46.9336,43.2422,-5.4960,-31.6020,0.034628,0.041251,0.081837,0.003163,0.6000,+0
8.4951,ascent,0.7373,46.9336,43.2422,-5.4960,-31.6020,0.034628,0.041251,0.081827,0.003173,0.6000,+0
8.4962,ascent,0.7373,46.9336,43.1543,-5.4960,-30.2280,0.034623,0.041884,0.081827,0.003173,0.6000,+0
8.4973,ascent,0.7373,46.9336,43.1543,-4.1220,-30.2280,0.035238,0.041884,0.081839,0.003161,0.6000,+0
8.4986,ascent,0.7373,46.9336,43.1543,-4.1220,-28.8540,0.035238,0.041829,0.081839,0.003161,0.6000,+0
8.4996,ascent,0.7373,46.9336,43.1543,-4.1220,-27.4800,0.035238,0.041775,0.081863,0.003137,0.6000,+0
8.5007,ascent,0.7373,46.9336,43.1543,-4.1220,-27.4800,0.035238,0.041775,0.081863,0.003137,0.6000,+0
8.5019,ascent,0.7373,46.9336,43.1543,-2.7480,-26.1060,0.050112,0.041721,0.081851,0.003149,0.6000,+0
8.5030,ascent,0.7373,46.9336,43.1543,-2.7480,-26.1060,0.050112,0.041721,0.081843,0.003157,0.6000,+0
8.5040,ascent,0.7373,46.9336,43.1543,-2.7480,-24.7320,0.050112,0.041666,0.081843,0.003157,0.6000,+0
8.5051,ascent,0.7373,46.9336,43.0664,-2.7480,-24.7320,0.050107,0.042353,0.081876,0.003124,0.6000,+0
8.5063,ascent,0.7373,46.9336,43.0664,-2.7480,-23.3580,0.050107,0.042299,0.081876,0.003124,0.6000,+0
8.5074,ascent,0.7373,46.9336,43.0664,-2.7480,-21.9840,0.050107,0.042244,0.081863,0.003137,0.6000,+0
8.5086,ascent,0.7373,46.9336,43.0664,-1.3740,-20.6100,0.140135,0.042190,0.081863,0.003137,0.6000,+0
8.5096,ascent,0.7373,46.9336,43.0664,-1.3740,-20.6100,0.140135,0.042190,0.081866,0.003134,0.6000,+0
8.5107,ascent,0.7373,46.9336,43.0664,-1.3740,-19.2360,0.140135,0.042135,0.081866,0.003134,0.6000,+0
8.5119,ascent,0.7373,46.9336,43.0664,-1.3740,-19.2360,0.140135,0.042135,0.081858,0.003142,0.6000,+0
8.5130,ascent,0.7373,46.9336,43.0664,-1.3740,-17.8620,0.140135,0.042081,0.081881,0.003119,0.6000,+0
8.5141,ascent,0.7373,46.9336,43.0664,0.0000,-16.4880,0.234554,0.042027,0.081881,0.003119,0.6000,+0
8.5153,ascent,0.7373,46.9336,43.1543,0.0000,-15.1140,0.234559,0.041285,0.081887,0.003113,0.6000,+0
8.5163,ascent,0.7373,46.9336,43.1543,0.0000,-15.1140,0.234559,0.041285,0.081887,0.003113,0.6000,+0
8.5174,ascent,0.7373,46.9336,43.1543,0.0000,-13.7400,0.234559,0.041231,0.081891,0.003109,0.6000,+0
8.5186,ascent,0.7373,46.9336,43.1543,0.0000,-10.9920,0.234559,0.041122,0.081891,0.003109,0.6000,+0
8.5196,ascent,0.7373,46.9336,43.0664,0.0000,-10.9920,0.234554,0.041809,0.081889,0.003111,0.6000,+0
8.5208,ascent,0.7373,47.0215,43.1543,1.3740,-9.6180,0.139932,0.041072,0.081889,0.003111,0.6000,+0
8.5219,ascent,0.7373,47.0215,43.1543,1.3740,-9.6180,0.139932,0.041072,0.081880,0.003120,0.6000,+0
8.5230,ascent,0.7373,47.0215,43.1543,1.3740,-8.2440,0.139932,0.041018,0.081907,0.003093,0.6000,+0
8.5242,ascent,0.7373,47.0215,43.1543,1.3740,-6.8700,0.139932,0.040963,0.081907,0.003093,0.6000,+0
8.5252,ascent,0.7373,47.1094,43.1543,2.7480,-6.8700,0.049696,0.040968,0.081904,0.003096,0.6000,+0
8.5265,ascent,0.7373,47.1094,43.1543,2.7480,-5.4960,0.049696,0.040921,0.081904,0.003096,0.6000,+0
8.5274,ascent,0.7373,47.1973,43.1543,4.1220,-5.4960,0.034614,0.040925,0.081909,0.003091,0.6000,+0
8.5286,ascent,0.7373,47.2852,43.1543,5.4960,-4.1220,0.033792,0.041504,0.081909,0.003091,0.6000,+0
8.5296,ascent,0.7373,47.3730,43.1543,6.8700,-2.7480,0.033592,0.056343,0.081903,0.003097,0.6000,+0
8.5307,ascent,0.7373,47.4609,43.1543,8.2440,-2.7480,0.033398,0.056347,0.081903,0.003097,0.6000,+0
8.5319,ascent,0.7373,47.6367,43.1543,9.6180,-1.3740,0.033026,0.146344,0.081920,0.003080,0.6000,+0
8.5330,ascent,0.7373,47.7246,43.1543,12.3660,-1.3740,0.032818,0.146349,0.081923,0.003077,0.6000,+0
8.5342,ascent,0.7373,47.7246,43.1543,12.3660,-1.3740,0.032818,0.146349,0.081923,0.003077,0.6000,+0
8.5354,ascent,0.7373,47.7246,43.1543,12.3660,-1.3740,0.032818,0.146349,0.081914,0.003086,0.6000,+0
8.5363,ascent,0.7373,47.8125,43.1543,13.7400,-1.3740,0.032625,0.146354,0.081914,0.003086,0.6000,+0
8.5374,ascent,0.7373,48.0762,43.1543,20.6100,0.0000,0.032016,0.240747,0.081919,0.003081,0.6000,+0
8.5386,ascent,0.7373,48.2520,43.1543,24.7320,1.3740,0.031615,0.146268,0.081919,0.003081,0.6000,+0
8.5396,ascent,0.7373,48.3398,43.1543,27.4800,1.3740,0.031407,0.146273,0.081920,0.003080,0.6000,+0
8.5407,ascent,0.7373,48.4277,43.1543,30.2280,1.3740,0.031199,0.146277,0.081920,0.003080,0.6000,+0
8.5419,ascent,0.7373,48.5156,43.1543,32.9760,1.3740,0.030992,0.146282,0.081930,0.003070,0.6000,+0
8.5430,ascent,0.7373,48.6035,43.1543,35.7240,2.7480,0.030784,0.056190,0.081928,0.003072,0.6000,+0
8.5441,ascent,0.7373,48.6914,43.1543,38.4720,2.7480,0.030576,0.056195,0.081928,0.003072,0.6000,+0
8.5454,ascent,0.7373,48.7793,43.1543,39.8460,2.7480,0.030383,0.056199,0.081927,0.003073,0.6000,+0
8.5463,ascent,0.7373,48.8672,43.1543,42.5940,2.7480,0.030175,0.056204,0.081927,0.003073,0.6000,+0
8.5474,ascent,0.7373,48.9551,43.1543,45.3420,2.7480,0.029968,0.056209,0.081936,0.003064,0.6000,+0
8.5486,ascent,0.7373,49.1309,43.2422,50.8380,2.7480,0.029557,0.055531,0.081936,0.003064,0.6000,+0
8.5496,ascent,0.6914,49.2188,43.2422,53.5860,2.7480,0.029349,0.055536,0.081946,0.003054,0.6000,+0
8.5507,ascent,0.6914,49.2188,43.3301,56.3340,2.7480,0.029325,0.054849,0.081946,0.003054,0.6000,+0
8.5519,ascent,0.6914,49.3066,43.3301,59.0820,4.1220,0.029118,0.039911,0.081955,0.003045,0.6000,+0
8.5530,ascent,0.6914,49.3945,43.4180,60.4560,5.4960,0.028929,0.038546,0.081964,0.003036,0.6000,+0
8.5541,ascent,0.6914,49.3945,43.4180,61.8300,5.4960,0.028915,0.038546,0.081964,0.003036,0.6000,+0
8.5553,ascent,0.6914,49.4824,43.5059,64.5780,6.8700,0.028712,0.037802,0.081947,0.003053,0.6000,+0
8.5563,ascent,0.6914,49.5703,43.5059,65.9520,6.8700,0.028518,0.037806,0.081947,0.003053,0.6000,+0
8.5574,ascent,0.6914,49.5703,43.5937,67.3260,8.2440,0.028509,0.037065,0.081977,0.003023,0.6000,+0
8.5586,ascent,0.6914,49.7461,43.7695,70.0740,10.9920,0.028131,0.035592,0.081977,0.003023,0.6000,+0
8.5596,ascent,0.6914,49.7461,43.7695,71.4480,10.9920,0.028117,0.035592,0.081962,0.003038,0.6000,+0
8.5607,ascent,0.6914,49.8340,43.8574,72.8220,12.3660,0.027929,0.034855,0.081962,0.003038,0.6000,+0
8.5619,ascent,0.6914,49.8340,43.9453,72.8220,13.7400,0.027933,0.034114,0.081969,0.003031,0.6000,+0
8.5630,ascent,0.6914,49.9219,43.9453,72.8220,15.1140,0.027754,0.034065,0.081977,0.003023,0.6000,+0
8.5641,ascent,0.6914,49.9219,44.0332,72.8220,16.4880,0.027759,0.033323,0.081977,0.003023,0.6000,+0
8.5653,ascent,0.6914,49.9219,44.0332,72.8220,17.8620,0.027759,0.033269,0.081985,0.003015,0.6000,+0
8.5663,ascent,0.6914,50.0098,44.0332,71.4480,19.2360,0.027594,0.033219,0.081985,0.003015,0.6000,+0
8.5674,ascent,0.6914,50.0098,44.1211,71.4480,20.6100,0.027599,0.032478,0.081984,0.003016,0.6000,+0
8.5686,ascent,0.6914,50.0977,44.2090,70.0740,23.3580,0.027439,0.031687,0.081984,0.003016,0.6000,+0
8.5696,ascent,0.6914,50.0977,44.2090,68.7000,24.7320,0.027453,0.031633,0.082002,0.002998,0.6000,+0
8.5707,ascent,0.6914,50.0977,44.2969,67.3260,26.1060,0.027472,0.030891,0.082002,0.002998,0.6000,+0
8.5719,ascent,0.6914,50.1855,44.2969,65.9520,26.1060,0.027308,0.030896,0.081977,0.003023,0.6000,+0
8.5730,ascent,0.6914,50.1855,44.2969,64.5780,27.4800,0.027322,0.030842,0.082010,0.002990,0.6000,+0
8.5741,ascent,0.6914,50.1855,44.2969,63.2040,28.8540,0.027336,0.030787,0.082010,0.002990,0.6000,+0
8.5753,ascent,0.6914,50.1855,44.3848,60.4560,30.2280,0.027370,0.030046,0.082005,0.002995,0.6000,+0
8.5763,ascent,0.6914,50.1855,44.3848,59.0820,30.2280,0.027384,0.030046,0.082005,0.002995,0.6000,+0
8.5774,ascent,0.6914,50.1855,44.3848,56.3340,31.6020,0.027413,0.029992,0.082016,0.002984,0.6000,+0
8.5786,ascent,0.6914,50.1855,44.4727,52.2120,32.9760,0.027460,0.029250,0.082016,0.002984,0.6000,+0
8.5796,ascent,0.6914,50.1855,44.4727,49.4640,34.3500,0.027489,0.029196,0.082000,0.003000,0.6000,+0
8.5807,ascent,0.6914,50.1855,44.4727,48.0900,34.3500,0.027503,0.029196,0.082000,0.003000,0.6000,+0
8.5819,ascent,0.6914,50.1855,44.4727,45.3420,34.3500,0.027532,0.029196,0.082009,0.002991,0.6000,+0
8.5830,ascent,0.6914,50.1855,44.4727,42.5940,34.3500,0.027560,0.029196,0.082010,0.002990,0.6000,+0
8.5841,ascent,0.6914,50.1855,44.4727,41.2200,34.3500,0.027575,0.029196,0.082010,0.002990,0.6000,+0
8.5854,ascent,0.6914,50.1855,44.4727,38.4720,34.3500,0.027603,0.029196,0.082029,0.002971,0.6000,+0
8.5863,ascent,0.6914,50.0977,44.4727,35.7240,32.9760,0.027811,0.029246,0.082029,0.002971,0.6000,+0
8.5874,ascent,0.6914,50.0977,44.4727,34.3500,32.9760,0.027825,0.029246,0.082021,0.002979,0.6000,+0
8.5886,ascent,0.6914,50.0977,44.4727,28.8540,31.6020,0.027882,0.029300,0.082021,0.002979,0.6000,+0
8.5896,ascent,0.6914,50.0977,44.4727,27.4800,30.2280,0.027897,0.029355,0.082025,0.002975,0.6000,+0
8.5907,ascent,0.6914,50.0977,44.4727,24.7320,28.8540,0.027925,0.029409,0.082025,0.002975,0.6000,+0
8.5919,ascent,0.6914,50.0977,44.4727,23.3580,27.4800,0.027940,0.029463,0.082012,0.002988,0.6000,+0
8.5930,ascent,0.6914,50.0977,44.4727,20.6100,27.4800,0.027968,0.029463,0.082022,0.002978,0.6000,+0
8.5941,ascent,0.6914,50.0098,44.4727,19.2360,26.1060,0.028162,0.029513,0.082022,0.002978,0.6000,+0
8.5953,ascent,0.6914,50.0098,44.4727,16.4880,24.7320,0.028190,0.029568,0.082030,0.002970,0.6000,+0
8.5963,ascent,0.6914,50.0098,44.4727,15.1140,23.3580,0.028205,0.029622,0.082030,0.002970,0.6000,+0
8.5974,ascent,0.6914,50.0098,44.4727,12.3660,21.9840,0.028233,0.029676,0.082044,0.002956,0.6000,+0
8.5986,ascent,0.6914,49.9219,44.4727,9.6180,19.2360,0.028441,0.029781,0.082044,0.002956,0.6000,+0
8.5996,ascent,0.6914,49.9219,44.4727,6.8700,17.8620,0.028469,0.029835,0.082036,0.002964,0.6000,+0
8.6007,ascent,0.6914,49.9219,44.4727,5.4960,16.4880,0.028491,0.029889,0.082036,0.002964,0.6000,+0
8.6019,ascent,0.6914,49.9219,44.4727,4.1220,15.1140,0.029134,0.029944,0.082054,0.002946,0.6000,+0
8.6030,ascent,0.6914,49.9219,44.4727,2.7480,13.7400,0.044037,0.029998,0.082056,0.002944,0.6000,+0
8.6041,ascent,0.6914,49.9219,44.4727,1.3740,13.7400,0.134093,0.029998,0.082056,0.002944,0.6000,+0
8.6053,ascent,0.6914,49.9219,44.4727,0.0000,12.3660,0.228541,0.030053,0.082061,0.002939,0.6000,+0
8.6063,ascent,0.6914,49.9219,44.4727,-1.3740,10.9920,0.134122,0.030107,0.082061,0.002939,0.6000,+0
8.6074,ascent,0.6914,49.9219,44.4727,-2.7480,9.6180,0.044094,0.030162,0.082060,0.002940,0.6000,+0
8.6086,ascent,0.6914,49.8340,44.3848,-4.1220,6.8700,0.029394,0.030952,0.082060,0.002940,0.6000,+0
8.6096,ascent,0.6914,49.8340,44.3848,-5.4960,6.8700,0.028780,0.030952,0.082073,0.002927,0.6000,+0
8.6107,ascent,0.6914,49.8340,44.3848,-5.4960,5.4960,0.028780,0.031014,0.082073,0.002927,0.6000,+0
8.6119,ascent,0.6914,49.8340,44.3848,-6.8700,4.1220,0.028787,0.031697,0.082069,0.002931,0.6000,+0
8.6130,ascent,0.6914,49.8340,44.3848,-6.8700,2.7480,0.028787,0.046640,0.082087,0.002913,0.6000,+0
8.6141,ascent,0.6914,49.7461,44.3848,-8.2440,2.7480,0.028980,0.046635,0.082087,0.002913,0.6000,+0
8.6153,ascent,0.6914,49.7461,44.3848,-8.2440,1.3740,0.028980,0.136732,0.082086,0.002914,0.6000,+0
8.6163,ascent,0.6914,49.7461,44.3848,-9.6180,1.3740,0.028994,0.136732,0.082086,0.002914,0.6000,+0
8.6174,ascent,0.6914,49.7461,44.3848,-9.6180,1.3740,0.028994,0.136732,0.082086,0.002914,0.6000,+0
8.6186,ascent,0.6914,49.7461,44.3848,-9.6180,0.0000,0.028994,0.231220,0.082086,0.002914,0.6000,+0
8.6196,ascent,0.6914,49.7461,44.3848,-9.6180,0.0000,0.028994,0.231220,0.082089,0.002911,0.6000,+0
8.6207,ascent,0.6914,49.8340,44.3848,-9.6180,0.0000,0.028815,0.231225,0.082089,0.002911,0.6000,+0
8.6219,ascent,0.6914,49.8340,44.3848,-9.6180,-1.3740,0.028815,0.136845,0.082097,0.002903,0.6000,+0
8.6230,ascent,0.6914,49.8340,44.4727,-9.6180,0.0000,0.028820,0.230538,0.082094,0.002906,0.6000,+0
8.6241,ascent,0.6914,49.8340,44.4727,-8.2440,0.0000,0.028806,0.230538,0.082094,0.002906,0.6000,+0
8.6252,ascent,0.6914,49.7461,44.3848,-9.6180,0.0000,0.028994,0.231220,0.082079,0.002921,0.6000,+0
8.6263,ascent,0.6914,49.7461,44.3848,-8.2440,-1.3740,0.028980,0.136841,0.082079,0.002921,0.6000,+0
8.6274,ascent,0.6914,49.8340,44.3848,-8.2440,-1.3740,0.028801,0.136845,0.082089,0.002911,0.6000,+0
8.6286,ascent,0.6914,49.7461,44.4727,-8.2440,-1.3740,0.028985,0.136154,0.082089,0.002911,0.6000,+0
8.6296,ascent,0.6914,49.7461,44.4727,-8.2440,0.0000,0.028985,0.230533,0.082100,0.002900,0.6000,+0
8.6307,ascent,0.6914,49.7461,44.4727,-6.8700,0.0000,0.028970,0.230533,0.082100,0.002900,0.6000,+0
8.6319,ascent,0.6914,49.7461,44.5605,-6.8700,0.0000,0.028975,0.229846,0.082098,0.002902,0.6000,+0
8.6330,ascent,0.6914,49.8340,44.5605,-6.8700,0.0000,0.028796,0.229851,0.082099,0.002901,0.6000,+0
8.6341,ascent,0.6914,49.7461,44.5605,-5.4960,1.3740,0.028968,0.135358,0.082099,0.002901,0.6000,+0
8.6353,ascent,0.6914,49.7461,44.6484,-5.4960,1.3740,0.028973,0.134671,0.082114,0.002886,0.6000,+0
8.6363,ascent,0.6914,49.7461,44.7363,-5.4960,2.7480,0.028978,0.043888,0.082114,0.002886,0.6000,+0
8.6374,ascent,0.6914,49.7461,44.7363,-5.4960,4.1220,0.028978,0.028946,0.082113,0.002887,0.6000,+0
8.6386,ascent,0.6914,49.7461,44.9121,-5.4960,6.8700,0.028987,0.026827,0.082113,0.002887,0.6000,+0
8.6396,ascent,0.6546,49.7461,45.0000,-5.4960,8.2440,0.028992,0.026086,0.082127,0.002873,0.6000,+0
8.6407,ascent,0.6546,49.7461,45.0000,-4.1220,9.6180,0.029606,0.026032,0.082127,0.002873,0.6000,+0
8.6419,ascent,0.6546,49.7461,45.1758,-4.1220,12.3660,0.029616,0.024549,0.082121,0.002879,0.6000,+0
8.6430,ascent,0.6546,49.7461,45.2637,-4.1220,13.7400,0.029620,0.023808,0.082127,0.002873,0.6000,+0
8.6441,ascent,0.6546,49.7461,45.3516,-4.1220,16.4880,0.029625,0.023012,0.082127,0.002873,0.6000,+0
8.6453,ascent,0.6546,49.7461,45.4395,-2.7480,17.8620,0.044504,0.022271,0.082138,0.002862,0.6000,+0
8.6463,ascent,0.6546,49.7461,45.5273,-2.7480,20.6100,0.044509,0.021476,0.082138,0.002862,0.6000,+0
8.6474,ascent,0.6546,49.7461,45.6152,-2.7480,23.3580,0.044513,0.020680,0.082135,0.002865,0.6000,+0
8.6486,ascent,0.6546,49.7461,45.8789,-1.3740,28.8540,0.134555,0.018402,0.082135,0.002865,0.6000,+0
8.6496,ascent,0.6546,49.7461,45.9668,-1.3740,31.6020,0.134560,0.017607,0.082137,0.002863,0.6000,+0
8.6507,ascent,0.6546,49.7461,46.0547,-1.3740,34.3500,0.134565,0.016811,0.082137,0.002863,0.6000,+0
8.6519,ascent,0.6546,49.7461,46.0547,0.0000,35.7240,0.228984,0.016757,0.082159,0.002841,0.6000,+0
8.6530,ascent,0.6546,49.7461,46.1426,-1.3740,38.4720,0.134570,0.015961,0.082151,0.002849,0.6000,+0
8.6541,ascent,0.6546,49.6582,46.2305,-1.3740,41.2200,0.134753,0.015161,0.082151,0.002849,0.6000,+0
8.6553,ascent,0.6546,49.6582,46.3184,-1.3740,43.9680,0.134758,0.014365,0.082148,0.002852,0.6000,+0
8.6563,ascent,0.6546,49.6582,46.4062,-2.7480,45.3420,0.044735,0.013624,0.082148,0.002852,0.6000,+0
8.6574,ascent,0.6546,49.6582,46.5820,-2.7480,48.0900,0.044745,0.012142,0.082157,0.002843,0.6000,+0
8.6586,ascent,0.6546,49.6582,46.6699,-2.7480,53.5860,0.044749,0.011238,0.082157,0.002843,0.6000,+0
8.6596,ascent,0.6546,49.7461,46.7578,-2.7480,54.9600,0.044575,0.010501,0.082155,0.002845,0.6000,+0
8.6607,ascent,0.6546,49.7461,46.7578,-1.3740,56.3340,0.134603,0.010447,0.082155,0.002845,0.6000,+0
8.6619,ascent,0.6546,49.7461,46.8457,-1.3740,59.0820,0.134608,0.009652,0.082155,0.002845,0.6000,+0
8.6630,ascent,0.6546,49.7461,46.8457,-1.3740,60.4560,0.134608,0.009597,0.082163,0.002837,0.6000,+0
8.6641,ascent,0.6546,49.7461,46.8457,-1.3740,61.8300,0.134608,0.009543,0.082163,0.002837,0.6000,+0
8.6654,ascent,0.6546,49.7461,46.9336,-1.3740,61.8300,0.134612,0.008856,0.082170,0.002830,0.6000,+0
8.6663,ascent,0.6546,49.7461,46.9336,-1.3740,63.2040,0.134612,0.008802,0.082170,0.002830,0.6000,+0
8.6674,ascent,0.6546,49.8340,46.9336,0.0000,64.5780,0.228853,0.008752,0.082187,0.002813,0.6000,+0
8.6686,ascent,0.6546,49.8340,46.9336,1.3740,64.5780,0.134405,0.008752,0.082187,0.002813,0.6000,+0
8.6696,ascent,0.6546,49.8340,46.9336,1.3740,63.2040,0.134405,0.008806,0.082185,0.002815,0.6000,+0
8.6707,ascent,0.6546,49.9219,46.9336,1.3740,63.2040,0.134226,0.008811,0.082185,0.002815,0.6000,+0
8.6719,ascent,0.6546,49.9219,46.9336,2.7480,61.8300,0.044170,0.008866,0.082182,0.002818,0.6000,+0
8.6730,ascent,0.6546,49.9219,46.9336,2.7480,60.4560,0.044170,0.008920,0.082187,0.002813,0.6000,+0
8.6741,ascent,0.6546,50.0098,46.9336,4.1220,59.0820,0.029088,0.008979,0.082187,0.002813,0.6000,+0
8.6754,ascent,0.6546,50.0098,46.9336,4.1220,57.7080,0.029088,0.009034,0.082183,0.002817,0.6000,+0
8.6763,ascent,0.6546,50.0977,46.9336,5.4960,56.3340,0.028266,0.009093,0.082183,0.002817,0.6000,+0
8.6774,ascent,0.6546,50.0977,46.8457,6.8700,54.9600,0.028240,0.009834,0.082180,0.002820,0.6000,+0
8.6786,ascent,0.6546,50.1855,46.8457,8.2440,49.4640,0.028047,0.010056,0.082180,0.002820,0.6000,+0
8.6796,ascent,0.6546,50.1855,46.8457,9.6180,46.7160,0.028032,0.010165,0.082178,0.002822,0.6000,+0
8.6807,ascent,0.6546,50.2734,46.8457,10.9920,43.9680,0.027839,0.010279,0.082178,0.002822,0.6000,+0
8.6819,ascent,0.6546,50.3613,46.8457,12.3660,41.2200,0.027646,0.010392,0.082207,0.002793,0.6000,+0
8.6830,ascent,0.6546,50.3613,46.7578,13.7400,38.4720,0.027627,0.011188,0.082198,0.002802,0.6000,+0
8.6841,ascent,0.6546,50.4492,46.7578,15.1140,35.7240,0.027433,0.011302,0.082198,0.002802,0.6000,+0
8.6853,ascent,0.6546,50.4492,46.7578,15.1140,32.9760,0.027433,0.011410,0.082198,0.002802,0.6000,+0
8.6864,ascent,0.6546,50.5371,46.7578,17.8620,30.2280,0.027226,0.011524,0.082198,0.002802,0.6000,+0
8.6874,ascent,0.6546,50.5371,46.6699,19.2360,27.4800,0.027207,0.012320,0.082196,0.002804,0.6000,+0
8.6885,ascent,0.6546,50.6250,46.6699,20.6100,24.7320,0.027014,0.012433,0.082196,0.002804,0.6000,+0
8.6897,ascent,0.6546,50.6250,46.5820,21.9840,17.8620,0.026994,0.013392,0.082202,0.002798,0.6000,+0
8.6908,ascent,0.6546,50.7129,46.5820,24.7320,15.1140,0.026787,0.013506,0.082202,0.002798,0.6000,+0
8.6919,ascent,0.6546,50.7129,46.5820,26.1060,12.3660,0.026773,0.013614,0.082216,0.002784,0.6000,+0
8.6929,ascent,0.6546,50.7129,46.4062,26.1060,9.6180,0.026763,0.015097,0.082219,0.002781,0.6000,+0
8.6940,ascent,0.6546,50.7129,46.4062,26.1060,9.6180,0.026763,0.015097,0.082219,0.002781,0.6000,+0
8.6951,ascent,0.6546,50.7129,46.3184,27.4800,4.1220,0.026744,0.016637,0.082226,0.002774,0.6000,+0
8.6962,ascent,0.6546,50.8008,46.3184,28.8540,1.3740,0.026551,0.121681,0.082226,0.002774,0.6000,+0
8.6974,ascent,0.6546,50.8008,46.2305,30.2280,-1.3740,0.026532,0.122476,0.082225,0.002775,0.6000,+0
8.6990,ascent,0.6546,50.8008,46.1426,30.2280,-6.8700,0.026527,0.017814,0.082247,0.002753,0.6000,+0
8.6996,ascent,0.6546,50.8008,46.1426,30.2280,-8.2440,0.026527,0.017869,0.082247,0.002753,0.6000,+0
8.7007,ascent,0.6546,50.8008,46.1426,30.2280,-10.9920,0.026527,0.017978,0.082247,0.002753,0.6000,+0
8.7018,ascent,0.6546,50.8008,46.0547,30.2280,-12.3660,0.026522,0.018719,0.082219,0.002781,0.6000,+0
8.7030,ascent,0.6546,50.8008,46.0547,30.2280,-13.7400,0.026522,0.018773,0.082238,0.002762,0.6000,+0
8.7042,ascent,0.6546,50.8008,46.0547,30.2280,-15.1140,0.026522,0.018828,0.082238,0.002762,0.6000,+0
8.7052,ascent,0.6546,50.8008,45.9668,30.2280,-17.8620,0.026517,0.019623,0.082247,0.002753,0.6000,+0
8.7064,ascent,0.6546,50.8008,45.8789,28.8540,-19.2360,0.026527,0.020364,0.082247,0.002753,0.6000,+0
8.7074,ascent,0.6546,50.8008,45.8789,28.8540,-20.6100,0.026527,0.020419,0.082238,0.002762,0.6000,+0
8.7086,ascent,0.6546,50.8008,45.7910,27.4800,-23.3580,0.026536,0.021214,0.082238,0.002762,0.6000,+0
8.7096,ascent,0.6546,50.8008,45.7910,26.1060,-24.7320,0.026551,0.021269,0.082259,0.002741,0.6000,+0
8.7107,ascent,0.6546,50.8008,45.7031,24.7320,-26.1060,0.026560,0.022010,0.082259,0.002741,0.6000,+0
8.7120,ascent,0.6546,50.8008,45.6152,24.7320,-27.4800,0.026555,0.022751,0.082256,0.002744,0.6000,+0
8.7130,ascent,0.6546,50.8008,45.6152,23.3580,-27.4800,0.026570,0.022751,0.082253,0.002747,0.6000,+0
8.7141,ascent,0.6546,50.7129,45.5273,21.9840,-28.8540,0.026758,0.023487,0.082253,0.002747,0.6000,+0
8.7153,ascent,0.6546,50.7129,45.5273,20.6100,-30.2280,0.026773,0.023542,0.082268,0.002732,0.6000,+0
8.7163,ascent,0.6546,50.7129,45.4395,17.8620,-31.6020,0.026796,0.024283,0.082268,0.002732,0.6000,+0
8.7174,ascent,0.6546,50.7129,45.4395,16.4880,-32.9760,0.026811,0.024337,0.082255,0.002745,0.6000,+0
8.7186,ascent,0.6546,50.7129,45.3516,13.7400,-34.3500,0.026835,0.025078,0.082255,0.002745,0.6000,+0
8.7196,ascent,0.6546,50.7129,45.2637,12.3660,-35.7240,0.026844,0.025819,0.082271,0.002729,0.6000,+0
8.7207,ascent,0.6546,50.7129,45.2637,10.9920,-35.7240,0.026858,0.025819,0.082271,0.002729,0.6000,+0
8.7219,ascent,0.6546,50.7129,45.1758,9.6180,-37.0980,0.026868,0.026561,0.082283,0.002717,0.6000,+0
8.7230,ascent,0.6546,50.7129,45.1758,8.2440,-37.0980,0.026882,0.026561,0.082278,0.002722,0.6000,+0
8.7240,ascent,0.6098,50.6250,45.0000,6.8700,-38.4720,0.027066,0.027984,0.082278,0.002722,0.6000,+0
8.7253,ascent,0.6098,50.6250,45.0000,5.4960,-38.4720,0.027088,0.027984,0.082297,0.002703,0.6000,+0
8.7263,ascent,0.6098,50.6250,44.9121,4.1220,-38.4720,0.027726,0.028670,0.082297,0.002703,0.6000,+0
8.7274,ascent,0.6098,50.6250,44.9121,2.7480,-39.8460,0.042629,0.028725,0.082293,0.002707,0.6000,+0
8.7286,ascent,0.6098,50.5371,44.8242,1.3740,-39.8460,0.132859,0.029407,0.082293,0.002707,0.6000,+0
8.7296,ascent,0.6098,50.5371,44.7363,0.0000,-39.8460,0.227302,0.030094,0.082277,0.002723,0.6000,+0
8.7307,ascent,0.6098,50.5371,44.6484,-1.3740,-41.2200,0.132878,0.030835,0.082277,0.002723,0.6000,+0
8.7320,ascent,0.6098,50.5371,44.6484,-2.7480,-41.2200,0.042851,0.030835,0.082299,0.002701,0.6000,+0
8.7330,ascent,0.6098,50.5371,44.5605,-2.7480,-41.2200,0.042846,0.031521,0.082292,0.002708,0.6000,+0
8.7341,ascent,0.6098,50.4492,44.5605,-4.1220,-42.5940,0.028151,0.031571,0.082292,0.002708,0.6000,+0
8.7353,ascent,0.6098,50.4492,44.5605,-5.4960,-42.5940,0.027536,0.031571,0.082309,0.002691,0.6000,+0
8.7363,ascent,0.6098,50.4492,44.4727,-5.4960,-42.5940,0.027532,0.032258,0.082309,0.002691,0.6000,+0
8.7374,ascent,0.6098,50.4492,44.4727,-6.8700,-42.5940,0.027539,0.032258,0.082297,0.002703,0.6000,+0
8.7386,ascent,0.6098,50.4492,44.3848,-6.8700,-42.5940,0.027534,0.032945,0.082297,0.002703,0.6000,+0
8.7396,ascent,0.6098,50.3613,44.2969,-8.2440,-42.5940,0.027723,0.033627,0.082310,0.002690,0.6000,+0
8.7407,ascent,0.6098,50.3613,44.2090,-9.6180,-43.9680,0.027732,0.034368,0.082310,0.002690,0.6000,+0
8.7419,ascent,0.6098,50.3613,44.2090,-9.6180,-43.9680,0.027732,0.034368,0.082320,0.002680,0.6000,+0
8.7430,ascent,0.6098,50.3613,44.2090,-9.6180,-43.9680,0.027732,0.034368,0.082319,0.002681,0.6000,+0
8.7441,ascent,0.6098,50.3613,44.1211,-10.9920,-43.9680,0.027742,0.035055,0.082319,0.002681,0.6000,+0
8.7454,ascent,0.6098,50.3613,44.0332,-10.9920,-43.9680,0.027737,0.035741,0.082320,0.002680,0.6000,+0
8.7463,ascent,0.6098,50.3613,44.0332,-10.9920,-43.9680,0.027737,0.035741,0.082320,0.002680,0.6000,+0
8.7474,ascent,0.6098,50.3613,44.0332,-10.9920,-43.9680,0.027737,0.035741,0.082339,0.002661,0.6000,+0
8.7486,ascent,0.6098,50.3613,43.9453,-10.9920,-43.9680,0.027732,0.036428,0.082339,0.002661,0.6000,+0
8.7496,ascent,0.6098,50.3613,43.8574,-10.9920,-43.9680,0.027728,0.037115,0.082344,0.002656,0.6000,+0
8.7507,ascent,0.6098,50.3613,43.8574,-10.9920,-43.9680,0.027728,0.037115,0.082344,0.002656,0.6000,+0
8.7519,ascent,0.6098,50.3613,43.8574,-10.9920,-42.5940,0.027728,0.037061,0.082349,0.002651,0.6000,+0
8.7530,ascent,0.6098,50.3613,43.7695,-10.9920,-42.5940,0.027723,0.037747,0.082368,0.002632,0.6000,+0
8.7541,ascent,0.6098,50.3613,43.7695,-10.9920,-42.5940,0.027723,0.037747,0.082368,0.002632,0.6000,+0
8.7553,ascent,0.6098,50.3613,43.5937,-10.9920,-42.5940,0.027714,0.039121,0.082365,0.002635,0.6000,+0
8.7563,ascent,0.6098,50.3613,43.5937,-9.6180,-42.5940,0.027699,0.039121,0.082365,0.002635,0.6000,+0
8.7574,ascent,0.6098,50.3613,43.5059,-9.6180,-42.5940,0.027694,0.039808,0.082361,0.002639,0.6000,+0
8.7586,ascent,0.6098,50.3613,43.5059,-9.6180,-42.5940,0.027694,0.039808,0.082361,0.002639,0.6000,+0
8.7596,ascent,0.6098,50.3613,43.4180,-8.2440,-41.2200,0.027675,0.040440,0.082348,0.002652,0.6000,+0
8.7607,ascent,0.6098,50.3613,43.4180,-8.2440,-41.2200,0.027675,0.040440,0.082348,0.002652,0.6000,+0
8.7619,ascent,0.6098,50.3613,43.4180,-8.2440,-41.2200,0.027675,0.040440,0.082372,0.002628,0.6000,+0
8.7630,ascent,0.6098,50.3613,43.3301,-6.8700,-39.8460,0.027657,0.041072,0.082365,0.002635,0.6000,+0
8.7641,ascent,0.6098,50.3613,43.3301,-6.8700,-39.8460,0.027657,0.041072,0.082365,0.002635,0.6000,+0
8.7653,ascent,0.6098,50.3613,43.3301,-6.8700,-39.8460,0.027657,0.041072,0.082364,0.002636,0.6000,+0
8.7663,ascent,0.6098,50.3613,43.3301,-5.4960,-38.4720,0.027649,0.041018,0.082364,0.002636,0.6000,+0
8.7674,ascent,0.6098,50.3613,43.2422,-5.4960,-38.4720,0.027645,0.041705,0.082369,0.002631,0.6000,+0
8.7686,ascent,0.6098,50.3613,43.2422,-4.1220,-37.0980,0.028259,0.041650,0.082369,0.002631,0.6000,+0
8.7696,ascent,0.6098,50.3613,43.1543,-4.1220,-37.0980,0.028255,0.042337,0.082388,0.002612,0.6000,+0
8.7707,ascent,0.6098,50.3613,43.1543,-4.1220,-37.0980,0.028255,0.042337,0.082388,0.002612,0.6000,+0
8.7719,ascent,0.6098,50.3613,43.1543,-2.7480,-35.7240,0.043128,0.042283,0.082390,0.002610,0.6000,+0
8.7730,ascent,0.6098,50.3613,43.1543,-2.7480,-35.7240,0.043128,0.042283,0.082381,0.002619,0.6000,+0
8.7741,ascent,0.6098,50.3613,43.1543,-1.3740,-34.3500,0.133156,0.042228,0.082381,0.002619,0.6000,+0
8.7753,ascent,0.6098,50.3613,43.0664,-1.3740,-34.3500,0.133152,0.042915,0.082397,0.002603,0.6000,+0
8.7763,ascent,0.6098,50.3613,43.0664,-1.3740,-32.9760,0.133152,0.042861,0.082397,0.002603,0.6000,+0
8.7774,ascent,0.6098,50.3613,43.0664,-1.3740,-32.9760,0.133152,0.042861,0.082404,0.002596,0.6000,+0
8.7786,ascent,0.6098,50.2734,43.0664,-1.3740,-30.2280,0.133331,0.042747,0.082404,0.002596,0.6000,+0
8.7796,ascent,0.6098,50.2734,43.0664,-1.3740,-30.2280,0.133331,0.042747,0.082401,0.002599,0.6000,+0
8.7807,ascent,0.6098,50.2734,43.0664,-1.3740,-28.8540,0.133331,0.042693,0.082401,0.002599,0.6000,+0
8.7819,ascent,0.6098,50.2734,43.0664,-1.3740,-27.4800,0.133331,0.042638,0.082417,0.002583,0.6000,+0
8.7830,ascent,0.6098,50.2734,43.0664,-1.3740,-27.4800,0.133331,0.042638,0.082413,0.002587,0.6000,+0
8.7841,ascent,0.6098,50.2734,43.0664,-1.3740,-26.1060,0.133331,0.042584,0.082413,0.002587,0.6000,+0
8.7853,ascent,0.6098,50.2734,42.9785,-1.3740,-24.7320,0.133326,0.043216,0.082418,0.002582,0.6000,+0
8.7863,ascent,0.6098,50.2734,42.9785,-1.3740,-24.7320,0.133326,0.043216,0.082418,0.002582,0.6000,+0
8.7874,ascent,0.6098,50.2734,42.9785,-1.3740,-23.3580,0.133326,0.043162,0.082411,0.002589,0.6000,+0
8.7886,ascent,0.6098,50.3613,42.9785,-1.3740,-21.9840,0.133147,0.043112,0.082411,0.002589,0.6000,+0
8.7896,ascent,0.6098,50.3613,42.9785,-1.3740,-20.6100,0.133147,0.043058,0.082438,0.002562,0.6000,+0
8.7907,ascent,0.6098,50.3613,42.9785,-1.3740,-20.6100,0.133147,0.043058,0.082438,0.002562,0.6000,+0
8.7919,ascent,0.6098,50.3613,42.9785,0.0000,-19.2360,0.227566,0.043003,0.082427,0.002573,0.6000,+0
8.7930,ascent,0.6098,50.3613,42.9785,0.0000,-17.8620,0.227566,0.042949,0.082452,0.002548,0.6000,+0
8.7941,ascent,0.6098,50.4492,42.9785,0.0000,-17.8620,0.227387,0.042954,0.082452,0.002548,0.6000,+0
8.7953,ascent,0.6098,50.4492,42.9785,1.3740,-16.4880,0.132939,0.042899,0.082446,0.002554,0.6000,+0
8.7963,ascent,0.6098,50.5371,42.9785,1.3740,-15.1140,0.132760,0.042850,0.082446,0.002554,0.6000,+0
8.7974,ascent,0.6098,50.5371,43.0664,2.7480,-13.7400,0.042709,0.042108,0.082444,0.002556,0.6000,+0
8.7986,ascent,0.6098,50.6250,43.0664,4.1220,-12.3660,0.027627,0.042059,0.082444,0.002556,0.6000,+0
8.7996,ascent,0.6098,50.7129,43.0664,5.4960,-10.9920,0.026805,0.042009,0.082443,0.002557,0.6000,+0
8.8007,ascent,0.6098,50.7129,43.0664,5.4960,-9.6180,0.026805,0.041954,0.082443,0.002557,0.6000,+0
8.8019,ascent,0.6098,50.7129,43.0664,6.8700,-8.2440,0.026783,0.041900,0.082453,0.002547,0.6000,+0
8.8030,ascent,0.6098,50.8008,43.0664,8.2440,-8.2440,0.026590,0.041905,0.082461,0.002539,0.6000,+0
8.8041,ascent,0.6098,50.8887,43.0664,9.6180,-6.8700,0.026397,0.041855,0.082461,0.002539,0.6000,+0
8.8053,ascent,0.6098,50.8887,43.0664,10.9920,-6.8700,0.026383,0.041855,0.082467,0.002533,0.6000,+0
8.8063,ascent,0.6098,50.9766,43.0664,12.3660,-5.4960,0.026189,0.041812,0.082467,0.002533,0.6000,+0
8.8074,ascent,0.6098,51.0645,43.0664,13.7400,-4.1220,0.025996,0.042392,0.082453,0.002547,0.6000,+0
8.8086,ascent,0.6098,51.2402,43.0664,16.4880,-2.7480,0.025609,0.057235,0.082453,0.002547,0.6000,+0
8.8096,ascent,0.6098,51.3281,43.0664,19.2360,-2.7480,0.025402,0.057239,0.082482,0.002518,0.6000,+0
8.8107,ascent,0.6098,51.3281,43.0664,21.9840,-2.7480,0.025373,0.057239,0.082482,0.002518,0.6000,+0
8.8119,ascent,0.6098,51.4160,43.0664,23.3580,-1.3740,0.025180,0.147232,0.082490,0.002510,0.6000,+0
8.8130,ascent,0.6098,51.5039,43.0664,26.1060,-1.3740,0.024972,0.147236,0.082470,0.002530,0.6000,+0
8.8141,ascent,0.5971,51.5039,43.0664,26.1060,-1.3740,0.024972,0.147236,0.082470,0.002530,0.6000,+0
8.8154,ascent,0.5971,51.5918,43.0664,28.8540,-1.3740,0.024765,0.147241,0.082481,0.002519,0.6000,+0
8.8163,ascent,0.5971,51.6797,43.0664,32.9760,0.0000,0.024543,0.241625,0.082481,0.002519,0.6000,+0
8.8174,ascent,0.5971,51.7676,43.0664,34.3500,0.0000,0.024350,0.241630,0.082488,0.002512,0.6000,+0
8.8186,ascent,0.5971,51.8555,43.0664,38.4720,1.3740,0.024128,0.147146,0.082488,0.002512,0.6000,+0
8.8196,ascent,0.5971,51.9434,43.0664,41.2200,1.3740,0.023920,0.147151,0.082502,0.002498,0.6000,+0
8.8207,ascent,0.5971,51.9434,43.0664,42.5940,1.3740,0.023906,0.147151,0.082502,0.002498,0.6000,+0
8.8220,ascent,0.5971,52.0312,43.0664,43.9680,1.3740,0.023713,0.147156,0.082486,0.002514,0.6000,+0
8.8230,ascent,0.5971,52.0312,43.0664,45.3420,2.7480,0.023699,0.057059,0.082499,0.002501,0.6000,+0
8.8241,ascent,0.5971,52.0312,43.0664,46.7160,2.7480,0.023684,0.057059,0.082499,0.002501,0.6000,+0
8.8254,ascent,0.5971,52.1191,43.0664,48.0900,2.7480,0.023491,0.057064,0.082509,0.002491,0.6000,+0
8.8263,ascent,0.5971,52.1191,43.0664,48.0900,2.7480,0.023491,0.057064,0.082509,0.002491,0.6000,+0
8.8274,ascent,0.5971,52.2070,43.1543,49.4640,2.7480,0.023302,0.056382,0.082500,0.002500,0.6000,+0
8.8286,ascent,0.5971,52.2070,43.2422,50.8380,4.1220,0.023293,0.040753,0.082500,0.002500,0.6000,+0
8.8296,ascent,0.5971,52.2949,43.2422,50.8380,4.1220,0.023114,0.040757,0.082502,0.002498,0.6000,+0
8.8307,ascent,0.5971,52.2949,43.3301,52.2120,5.4960,0.023104,0.039387,0.082502,0.002498,0.6000,+0
8.8319,ascent,0.5971,52.2949,43.3301,50.8380,5.4960,0.023119,0.039387,0.082526,0.002474,0.6000,+0
8.8330,ascent,0.5971,52.2949,43.4180,50.8380,6.8700,0.023123,0.038639,0.082532,0.002468,0.6000,+0
8.8341,ascent,0.5971,52.2949,43.4180,50.8380,6.8700,0.023123,0.038639,0.082532,0.002468,0.6000,+0
8.8353,ascent,0.5971,52.2949,43.5059,50.8380,8.2440,0.023128,0.037898,0.082531,0.002469,0.6000,+0
8.8363,ascent,0.5971,52.2949,43.5937,49.4640,9.6180,0.023147,0.037157,0.082531,0.002469,0.6000,+0
8.8374,ascent,0.5971,52.2949,43.5937,49.4640,10.9920,0.023147,0.037102,0.082527,0.002473,0.6000,+0
8.8386,ascent,0.5971,52.2949,43.7695,46.7160,13.7400,0.023185,0.035620,0.082527,0.002473,0.6000,+0
8.8396,ascent,0.5971,52.2949,43.8574,45.3420,15.1140,0.023204,0.034879,0.082538,0.002462,0.6000,+0
8.8407,ascent,0.5971,52.2070,43.9453,42.5940,16.4880,0.023417,0.034133,0.082538,0.002462,0.6000,+0
8.8419,ascent,0.5971,52.2070,43.9453,41.2200,17.8620,0.023431,0.034078,0.082540,0.002460,0.6000,+0
8.8430,ascent,0.5971,52.2070,44.0332,38.4720,19.2360,0.023464,0.033337,0.082548,0.002452,0.6000,+0
8.8441,ascent,0.5971,52.2070,44.0332,37.0980,20.6100,0.023479,0.033283,0.082548,0.002452,0.6000,+0
8.8453,ascent,0.5971,52.2070,44.1211,34.3500,21.9840,0.023512,0.032542,0.082545,0.002455,0.6000,+0
8.8463,ascent,0.5971,52.2070,44.1211,32.9760,23.3580,0.023526,0.032487,0.082545,0.002455,0.6000,+0
8.8474,ascent,0.5971,52.2070,44.2090,30.2280,24.7320,0.023560,0.031746,0.082534,0.002466,0.6000,+0
8.8486,ascent,0.5971,52.1191,44.2969,26.1060,27.4800,0.023786,0.030946,0.082534,0.002466,0.6000,+0
8.8496,ascent,0.5971,52.1191,44.2969,23.3580,28.8540,0.023815,0.030891,0.082542,0.002458,0.6000,+0
8.8507,ascent,0.5971,52.1191,44.3848,21.9840,30.2280,0.023834,0.030150,0.082542,0.002458,0.6000,+0
8.8519,ascent,0.5971,52.1191,44.3848,19.2360,31.6020,0.023863,0.030096,0.082550,0.002450,0.6000,+0
8.8530,ascent,0.5971,52.1191,44.4727,17.8620,32.9760,0.023882,0.029355,0.082560,0.002440,0.6000,+0
8.8541,ascent,0.5971,52.0312,44.4727,15.1140,34.3500,0.024089,0.029296,0.082560,0.002440,0.6000,+0
8.8554,ascent,0.5971,52.0312,44.4727,12.3660,35.7240,0.024118,0.029241,0.082574,0.002426,0.6000,+0
8.8563,ascent,0.5971,52.0312,44.5605,10.9920,37.0980,0.024137,0.028500,0.082574,0.002426,0.6000,+0
8.8574,ascent,0.5971,52.0312,44.5605,9.6180,38.4720,0.024151,0.028446,0.082565,0.002435,0.6000,+0
8.8586,ascent,0.5971,51.9434,44.5605,5.4960,39.8460,0.024380,0.028386,0.082565,0.002435,0.6000,+0
8.8596,ascent,0.5971,51.9434,44.5605,2.7480,39.8460,0.039926,0.028386,0.082557,0.002443,0.6000,+0
8.8607,ascent,0.5971,51.9434,44.6484,1.3740,39.8460,0.129987,0.027700,0.082557,0.002443,0.6000,+0
8.8620,ascent,0.5971,51.9434,44.6484,0.0000,39.8460,0.224435,0.027700,0.082564,0.002436,0.6000,+0
8.8630,ascent,0.5971,51.8555,44.6484,-2.7480,39.8460,0.040167,0.027695,0.082580,0.002420,0.6000,+0
8.8641,ascent,0.5971,51.8555,44.6484,-4.1220,39.8460,0.025293,0.027695,0.082580,0.002420,0.6000,+0
8.8653,ascent,0.5971,51.8555,44.6484,-5.4960,39.8460,0.024678,0.027695,0.082587,0.002413,0.6000,+0
8.8663,ascent,0.5971,51.7676,44.6484,-6.8700,38.4720,0.024864,0.027745,0.082587,0.002413,0.6000,+0
8.8674,ascent,0.5971,51.7676,44.6484,-8.2440,38.4720,0.024879,0.027745,0.082590,0.002410,0.6000,+0
8.8686,ascent,0.5971,51.6797,44.6484,-10.9920,35.7240,0.025086,0.027849,0.082590,0.002410,0.6000,+0
8.8696,ascent,0.5971,51.6797,44.6484,-12.3660,35.7240,0.025100,0.027849,0.082580,0.002420,0.6000,+0
8.8707,ascent,0.5971,51.5918,44.6484,-13.7400,34.3500,0.025294,0.027898,0.082580,0.002420,0.6000,+0
8.8719,ascent,0.5971,51.5918,44.6484,-15.1140,32.9760,0.025308,0.027953,0.082573,0.002427,0.6000,+0
8.8730,ascent,0.5971,51.5918,44.6484,-15.1140,31.6020,0.025308,0.028007,0.082593,0.002407,0.6000,+0
8.8741,ascent,0.5971,51.5918,44.6484,-15.1140,30.2280,0.025308,0.028062,0.082593,0.002407,0.6000,+0
8.8753,ascent,0.5971,51.5918,44.6484,-16.4880,28.8540,0.025322,0.028116,0.082605,0.002395,0.6000,+0
8.8763,ascent,0.5971,51.5039,44.6484,-16.4880,27.4800,0.025501,0.028166,0.082605,0.002395,0.6000,+0
8.8774,ascent,0.5971,51.5039,44.6484,-17.8620,26.1060,0.025515,0.028220,0.082616,0.002384,0.6000,+0
8.8786,ascent,0.5971,51.5039,44.6484,-17.8620,23.3580,0.025515,0.028329,0.082616,0.002384,0.6000,+0
8.8796,ascent,0.5971,51.4160,44.6484,-19.2360,21.9840,0.025709,0.028379,0.082605,0.002395,0.6000,+0
8.8807,ascent,0.5971,51.4160,44.6484,-19.2360,20.6100,0.025709,0.028433,0.082605,0.002395,0.6000,+0
8.8819,ascent,0.5971,51.4160,44.5605,-19.2360,19.2360,0.025704,0.029174,0.082624,0.002376,0.6000,+0
8.8830,ascent,0.5971,51.4160,44.5605,-20.6100,16.4880,0.025718,0.029283,0.082616,0.002384,0.6000,+0
8.8841,ascent,0.5971,51.3281,44.5605,-20.6100,15.1140,0.025897,0.029333,0.082616,0.002384,0.6000,+0
8.8853,ascent,0.5971,51.3281,44.5605,-20.6100,13.7400,0.025897,0.029387,0.082628,0.002372,0.6000,+0
8.8863,ascent,0.5971,51.3281,44.5605,-20.6100,12.3660,0.025897,0.029442,0.082628,0.002372,0.6000,+0
8.8874,ascent,0.5971,51.3281,44.5605,-20.6100,10.9920,0.025897,0.029496,0.082626,0.002374,0.6000,+0
8.8886,ascent,0.5971,51.3281,44.5605,-20.6100,8.2440,0.025897,0.029605,0.082626,0.002374,0.6000,+0
8.8896,ascent,0.5971,51.2402,44.5605,-20.6100,6.8700,0.026076,0.029655,0.082637,0.002363,0.6000,+0
8.8907,ascent,0.5971,51.2402,44.5605,-20.6100,5.4960,0.026076,0.029716,0.082637,0.002363,0.6000,+0
8.8919,ascent,0.5971,51.2402,44.5605,-20.6100,5.4960,0.026076,0.029716,0.082635,0.002365,0.6000,+0
8.8930,ascent,0.5971,51.1523,44.5605,-21.9840,4.1220,0.026269,0.030395,0.082643,0.002357,0.6000,+0
8.8941,ascent,0.5971,51.1523,44.5605,-21.9840,2.7480,0.026269,0.045337,0.082643,0.002357,0.6000,+0
8.8954,ascent,0.5971,51.1523,44.5605,-21.9840,2.7480,0.026269,0.045337,0.082653,0.002347,0.6000,+0
8.8963,ascent,0.5971,51.1523,44.5605,-21.9840,1.3740,0.026269,0.135434,0.082653,0.002347,0.6000,+0
8.8974,ascent,0.5971,51.0645,44.5605,-21.9840,1.3740,0.026448,0.135429,0.082642,0.002358,0.6000,+0
8.8986,ascent,0.5971,51.0645,44.5605,-21.9840,0.0000,0.026448,0.229917,0.082642,0.002358,0.6000,+0
8.8996,ascent,0.5971,50.9766,44.5605,-21.9840,0.0000,0.026627,0.229912,0.082655,0.002345,0.6000,+0
8.9007,ascent,0.5971,50.9766,44.5605,-21.9840,0.0000,0.026627,0.229912,0.082655,0.002345,0.6000,+0
8.9020,ascent,0.5971,50.9766,44.5605,-21.9840,0.0000,0.026627,0.229912,0.082647,0.002353,0.6000,+0
8.9030,ascent,0.5971,50.8887,44.5605,-21.9840,-1.3740,0.026806,0.135528,0.082664,0.002336,0.6000,+0
8.9041,ascent,0.5906,50.8887,44.5605,-21.9840,-1.3740,0.026806,0.135528,0.082664,0.002336,0.6000,+0
8.9054,ascent,0.5906,50.8887,44.5605,-21.9840,-1.3740,0.026806,0.135528,0.082662,0.002338,0.6000,+0
8.9063,ascent,0.5906,50.8008,44.5605,-21.9840,-1.3740,0.026985,0.135524,0.082662,0.002338,0.6000,+0
8.9074,ascent,0.5906,50.8008,44.5605,-21.9840,-1.3740,0.026985,0.135524,0.082667,0.002333,0.6000,+0
8.9086,ascent,0.5906,50.7129,44.5605,-21.9840,-1.3740,0.027164,0.135519,0.082667,0.002333,0.6000,+0
8.9095,ascent,0.5906,50.7129,44.5605,-21.9840,-1.3740,0.027164,0.135519,0.082667,0.002333,0.6000,+0
8.9107,ascent,0.5906,50.7129,44.5605,-23.3580,-1.3740,0.027178,0.135519,0.082667,0.002333,0.6000,+0
8.9119,ascent,0.5906,50.7129,44.5605,-21.9840,-1.3740,0.027164,0.135519,0.082682,0.002318,0.6000,+0
8.9130,ascent,0.5906,50.6250,44.6484,-23.3580,-1.3740,0.027362,0.134828,0.082674,0.002326,0.6000,+0
8.9141,ascent,0.5906,50.6250,44.6484,-23.3580,-1.3740,0.027362,0.134828,0.082674,0.002326,0.6000,+0
8.9154,ascent,0.5906,50.5371,44.7363,-23.3580,0.0000,0.027546,0.228515,0.082693,0.002307,0.6000,+0
8.9163,ascent,0.5906,50.5371,44.7363,-23.3580,1.3740,0.027546,0.134027,0.082693,0.002307,0.6000,+0
8.9174,ascent,0.5906,50.5371,44.8242,-23.3580,2.7480,0.027550,0.043244,0.082683,0.002317,0.6000,+0
8.9186,ascent,0.5906,50.4492,44.9121,-24.7320,4.1220,0.027748,0.027610,0.082683,0.002317,0.6000,+0
8.9196,ascent,0.5906,50.3613,44.9121,-24.7320,5.4960,0.027927,0.026922,0.082690,0.002310,0.6000,+0
8.9207,ascent,0.5906,50.3613,45.0000,-26.1060,6.8700,0.027946,0.026174,0.082690,0.002310,0.6000,+0
8.9220,ascent,0.5906,50.3613,45.0000,-26.1060,8.2440,0.027946,0.026119,0.082703,0.002297,0.6000,+0
8.9230,ascent,0.5906,50.2734,45.1758,-26.1060,9.6180,0.028135,0.024686,0.082700,0.002300,0.6000,+0
8.9241,ascent,0.5906,50.2734,45.2637,-27.4800,10.9920,0.028154,0.023945,0.082700,0.002300,0.6000,+0
8.9254,ascent,0.5906,50.1855,45.3516,-27.4800,12.3660,0.028338,0.023199,0.082715,0.002285,0.6000,+0
8.9263,ascent,0.5906,50.1855,45.3516,-27.4800,13.7400,0.028338,0.023145,0.082715,0.002285,0.6000,+0
8.9274,ascent,0.5906,50.1855,45.4395,-27.4800,15.1140,0.028342,0.022404,0.082698,0.002302,0.6000,+0
8.9286,ascent,0.5906,50.0977,45.6152,-28.8540,19.2360,0.028545,0.020862,0.082698,0.002302,0.6000,+0
8.9295,ascent,0.5906,50.0098,45.7031,-28.8540,21.9840,0.028729,0.020062,0.082709,0.002291,0.6000,+0
8.9307,ascent,0.5906,50.0098,45.7031,-30.2280,23.3580,0.028743,0.020008,0.082709,0.002291,0.6000,+0
8.9320,ascent,0.5906,49.9219,45.7910,-30.2280,24.7320,0.028927,0.019262,0.082726,0.002274,0.6000,+0
8.9330,ascent,0.5906,49.9219,45.8789,-30.2280,27.4800,0.028932,0.018466,0.082725,0.002275,0.6000,+0
8.9341,ascent,0.5906,49.9219,45.8789,-30.2280,28.8540,0.028932,0.018412,0.082725,0.002275,0.6000,+0
8.9354,ascent,0.5906,49.8340,45.9668,-30.2280,30.2280,0.029115,0.017666,0.082717,0.002283,0.6000,+0
8.9363,ascent,0.5906,49.8340,45.9668,-31.6020,32.9760,0.029130,0.017557,0.082717,0.002283,0.6000,+0
8.9374,ascent,0.5906,49.7461,46.0547,-31.6020,34.3500,0.029313,0.016811,0.082724,0.002276,0.6000,+0
8.9385,ascent,0.5906,49.6582,46.0547,-31.6020,37.0980,0.029492,0.016698,0.082724,0.002276,0.6000,+0
8.9395,ascent,0.5906,49.6582,46.1426,-32.9760,38.4720,0.029511,0.015957,0.082737,0.002263,0.6000,+0
8.9407,ascent,0.5906,49.5703,46.1426,-32.9760,39.8460,0.029690,0.015897,0.082737,0.002263,0.6000,+0
8.9420,ascent,0.5906,49.5703,46.2305,-32.9760,41.2200,0.029695,0.015156,0.082734,0.002266,0.6000,+0
8.9430,ascent,0.5906,49.4824,46.2305,-34.3500,42.5940,0.029888,0.015097,0.082738,0.002262,0.6000,+0
8.9441,ascent,0.5906,49.4824,46.2305,-34.3500,43.9680,0.029888,0.015043,0.082738,0.002262,0.6000,+0
8.9454,ascent,0.5906,49.3945,46.2305,-34.3500,43.9680,0.030067,0.015038,0.082749,0.002251,0.6000,+0
8.9463,ascent,0.5906,49.3945,46.2305,-35.7240,45.3420,0.030082,0.014983,0.082749,0.002251,0.6000,+0
8.9474,ascent,0.5906,49.3945,46.2305,-35.7240,45.3420,0.030082,0.014983,0.082753,0.002247,0.6000,+0
8.9485,ascent,0.5906,49.3066,46.2305,-35.7240,43.9680,0.030261,0.015033,0.082753,0.002247,0.6000,+0
8.9495,ascent,0.5906,49.2188,46.2305,-35.7240,43.9680,0.030440,0.015028,0.082762,0.002238,0.6000,+0
8.9507,ascent,0.5906,49.2188,46.2305,-37.0980,43.9680,0.030454,0.015028,0.082762,0.002238,0.6000,+0
8.9519,ascent,0.5906,49.2188,46.2305,-35.7240,42.5940,0.030440,0.015083,0.082761,0.002239,0.6000,+0
8.9530,ascent,0.5906,49.1309,46.2305,-37.0980,41.2200,0.030633,0.015132,0.082765,0.002235,0.6000,+0
8.9541,ascent,0.5906,49.1309,46.2305,-37.0980,41.2200,0.030633,0.015132,0.082765,0.002235,0.6000,+0
8.9554,ascent,0.5906,49.0430,46.2305,-37.0980,39.8460,0.030812,0.015182,0.082757,0.002243,0.6000,+0
8.9563,ascent,0.5906,49.0430,46.1426,-37.0980,38.4720,0.030807,0.015923,0.082757,0.002243,0.6000,+0
8.9574,ascent,0.5906,48.9551,46.1426,-37.0980,35.7240,0.030986,0.016027,0.082760,0.002240,0.6000,+0
8.9586,ascent,0.5906,48.9551,46.1426,-37.0980,32.9760,0.030986,0.016136,0.082760,0.002240,0.6000,+0
8.9596,ascent,0.5906,48.8672,46.1426,-37.0980,31.6020,0.031165,0.016186,0.082781,0.002219,0.6000,+0
8.9607,ascent,0.5906,48.7793,46.0547,-37.0980,28.8540,0.031339,0.016977,0.082781,0.002219,0.6000,+0
8.9619,ascent,0.5906,48.7793,46.0547,-37.0980,26.1060,0.031339,0.017086,0.082773,0.002227,0.6000,+0
8.9630,ascent,0.5906,48.7793,46.0547,-37.0980,23.3580,0.031339,0.017194,0.082777,0.002223,0.6000,+0
8.9641,ascent,0.5906,48.7793,46.0547,-37.0980,21.9840,0.031339,0.017249,0.082777,0.002223,0.6000,+0
8.9653,ascent,0.5906,48.6914,46.0547,-37.0980,19.2360,0.031518,0.017353,0.082777,0.002223,0.6000,+0
8.9663,ascent,0.5906,48.6914,46.0547,-37.0980,17.8620,0.031518,0.017407,0.082777,0.002223,0.6000,+0
8.9674,ascent,0.5906,48.6035,45.9668,-37.0980,15.1140,0.031692,0.018198,0.082787,0.002213,0.6000,+0
8.9685,ascent,0.5906,48.5156,45.8789,-37.0980,10.9920,0.031867,0.019043,0.082787,0.002213,0.6000,+0
8.9695,ascent,0.5906,48.5156,45.8789,-37.0980,8.2440,0.031867,0.019152,0.082788,0.002212,0.6000,+0
8.9707,ascent,0.5906,48.4277,45.8789,-37.0980,6.8700,0.032046,0.019202,0.082788,0.002212,0.6000,+0
8.9719,ascent,0.5906,48.4277,45.7910,-37.0980,4.1220,0.032041,0.020634,0.082801,0.002199,0.6000,+0
8.9730,ascent,0.5906,48.4277,45.7910,-37.0980,1.3740,0.032041,0.125673,0.082811,0.002189,0.6000,+0
8.9741,ascent,0.5906,48.3398,45.7910,-37.0980,0.0000,0.032220,0.220156,0.082811,0.002189,0.6000,+0
8.9754,ascent,0.5906,48.3398,45.7031,-37.0980,-2.7480,0.032215,0.036476,0.082788,0.002212,0.6000,+0
8.9763,ascent,0.5906,48.2520,45.7031,-37.0980,-4.1220,0.032394,0.021637,0.082788,0.002212,0.6000,+0
8.9774,ascent,0.5906,48.2520,45.6152,-37.0980,-6.8700,0.032390,0.021797,0.082814,0.002186,0.6000,+0
8.9786,ascent,0.5906,48.1641,45.5273,-37.0980,-9.6180,0.032564,0.022588,0.082814,0.002186,0.6000,+0
8.9796,ascent,0.5906,48.1641,45.5273,-37.0980,-12.3660,0.032564,0.022697,0.082794,0.002206,0.6000,+0
8.9807,ascent,0.5906,48.0762,45.5273,-37.0980,-13.7400,0.032743,0.022746,0.082794,0.002206,0.6000,+0
8.9819,ascent,0.5906,48.0762,45.4395,-37.0980,-15.1140,0.032738,0.023488,0.082816,0.002184,0.6000,+0
8.9830,ascent,0.5906,47.9883,45.4395,-37.0980,-16.4880,0.032917,0.023537,0.082811,0.002189,0.6000,+0
8.9841,ascent,0.5906,47.9883,45.4395,-37.0980,-17.8620,0.032917,0.023592,0.082811,0.002189,0.6000,+0
8.9853,ascent,0.5906,47.9004,45.3516,-37.0980,-19.2360,0.033092,0.024328,0.082819,0.002181,0.6000,+0
8.9863,ascent,0.5906,47.9004,45.3516,-37.0980,-19.2360,0.033092,0.024328,0.082819,0.002181,0.6000,+0
8.9874,ascent,0.5906,47.8125,45.3516,-37.0980,-20.6100,0.033271,0.024378,0.082820,0.002180,0.6000,+0
8.9886,ascent,0.5906,47.7246,45.2637,-37.0980,-21.9840,0.033445,0.025115,0.082820,0.002180,0.6000,+0
8.9897,ascent,0.5906,47.7246,45.2637,-37.0980,-23.3580,0.033445,0.025169,0.082823,0.002177,0.6000,+0
8.9907,ascent,0.5906,47.7246,45.2637,-37.0980,-23.3580,0.033445,0.025169,0.082823,0.002177,0.6000,+0
8.9919,ascent,0.5906,47.6367,45.2637,-37.0980,-23.3580,0.033624,0.025164,0.082823,0.002177,0.6000,+0
8.9930,ascent,0.5906,47.6367,45.1758,-37.0980,-24.7320,0.033619,0.025905,0.082842,0.002158,0.6000,+0
8.9941,ascent,0.5578,47.4609,45.1758,-37.0980,-24.7320,0.033978,0.025896,0.082842,0.002158,0.6000,+0
8.9953,ascent,0.5578,47.4609,45.1758,-37.0980,-24.7320,0.033978,0.025896,0.082844,0.002156,0.6000,+0
8.9963,ascent,0.5578,47.3730,45.1758,-37.0980,-24.7320,0.034157,0.025891,0.082844,0.002156,0.6000,+0
8.9974,ascent,0.5578,47.3730,45.0000,-37.0980,-26.1060,0.034147,0.027319,0.082850,0.002150,0.6000,+0
8.9986,ascent,0.5578,47.2852,45.0000,-37.0980,-26.1060,0.034326,0.027315,0.082850,0.002150,0.6000,+0
8.9996,ascent,0.5578,47.2852,45.0000,-37.0980,-26.1060,0.034326,0.027315,0.082842,0.002158,0.6000,+0
9.0007,ascent,0.5578,47.2852,45.0000,-37.0980,-26.1060,0.034326,0.027315,0.082842,0.002158,0.6000,+0
9.0020,ascent,0.5578,47.1973,45.0000,-37.0980,-26.1060,0.034505,0.027310,0.082839,0.002161,0.6000,+0
9.0031,ascent,0.5578,47.1973,44.9121,-37.0980,-26.1060,0.034501,0.027997,0.082858,0.002142,0.6000,+0
9.0042,ascent,0.5578,47.1094,44.9121,-37.0980,-26.1060,0.034680,0.027992,0.082858,0.002142,0.6000,+0
9.0052,ascent,0.5578,47.1094,44.9121,-37.0980,-26.1060,0.034680,0.027992,0.082851,0.002149,0.6000,+0
9.0064,ascent,0.5578,47.0215,44.9121,-37.0980,-24.7320,0.034859,0.027933,0.082851,0.002149,0.6000,+0
9.0074,ascent,0.5578,47.0215,44.8242,-37.0980,-24.7320,0.034854,0.028620,0.082871,0.002129,0.6000,+0
9.0086,ascent,0.5578,46.9336,44.8242,-37.0980,-24.7320,0.035033,0.028615,0.082871,0.002129,0.6000,+0
9.0095,ascent,0.5578,46.9336,44.8242,-37.0980,-23.3580,0.035033,0.028561,0.082858,0.002142,0.6000,+0
9.0107,ascent,0.5578,46.9336,44.8242,-37.0980,-23.3580,0.035033,0.028561,0.082858,0.002142,0.6000,+0
9.0119,ascent,0.5578,46.8457,44.8242,-37.0980,-21.9840,0.035212,0.028502,0.082876,0.002124,0.6000,+0
9.0130,ascent,0.5578,46.8457,44.7363,-37.0980,-21.9840,0.035208,0.029189,0.082874,0.002126,0.6000,+0
9.0141,ascent,0.5578,46.8457,44.7363,-35.7240,-21.9840,0.035193,0.029189,0.082874,0.002126,0.6000,+0
9.0153,ascent,0.5578,46.7578,44.7363,-35.7240,-20.6100,0.035373,0.029130,0.082872,0.002128,0.6000,+0
9.0163,ascent,0.5578,46.7578,44.6484,-35.7240,-20.6100,0.035368,0.029816,0.082872,0.002128,0.6000,+0
9.0174,ascent,0.5578,46.6699,44.6484,-35.7240,-20.6100,0.035547,0.029812,0.082889,0.002111,0.6000,+0
9.0186,ascent,0.5578,46.6699,44.6484,-35.7240,-20.6100,0.035547,0.029812,0.082889,0.002111,0.6000,+0
9.0197,ascent,0.5578,46.5820,44.6484,-35.7240,-19.2360,0.035726,0.029753,0.082883,0.002117,0.6000,+0
9.0207,ascent,0.5578,46.5820,44.6484,-34.3500,-19.2360,0.035712,0.029753,0.082883,0.002117,0.6000,+0
9.0220,ascent,0.5578,46.4941,44.5605,-34.3500,-19.2360,0.035886,0.030435,0.082893,0.002107,0.6000,+0
9.0230,ascent,0.5578,46.4941,44.5605,-34.3500,-19.2360,0.035886,0.030435,0.082895,0.002105,0.6000,+0
9.0241,ascent,0.5578,46.4941,44.5605,-34.3500,-19.2360,0.035886,0.030435,0.082895,0.002105,0.6000,+0
9.0254,ascent,0.5578,46.4062,44.5605,-34.3500,-17.8620,0.036065,0.030376,0.082911,0.002089,0.6000,+0
9.0263,ascent,0.5578,46.4062,44.5605,-34.3500,-17.8620,0.036065,0.030376,0.082911,0.002089,0.6000,+0
9.0274,ascent,0.5578,46.4062,44.5605,-34.3500,-17.8620,0.036065,0.030376,0.082892,0.002108,0.6000,+0
9.0286,ascent,0.5578,46.3184,44.5605,-32.9760,-16.4880,0.036230,0.030317,0.082892,0.002108,0.6000,+0
9.0297,ascent,0.5578,46.3184,44.5605,-32.9760,-16.4880,0.036230,0.030317,0.082907,0.002093,0.6000,+0
9.0307,ascent,0.5578,46.2305,44.4727,-32.9760,-16.4880,0.036405,0.030999,0.082907,0.002093,0.6000,+0
9.0320,ascent,0.5578,46.2305,44.4727,-32.9760,-16.4880,0.036405,0.030999,0.082916,0.002084,0.6000,+0
9.0330,ascent,0.5578,46.2305,44.4727,-32.9760,-16.4880,0.036405,0.030999,0.082904,0.002096,0.6000,+0
9.0341,ascent,0.5578,46.2305,44.4727,-31.6020,-16.4880,0.036390,0.030999,0.082904,0.002096,0.6000,+0
9.0353,ascent,0.5578,46.1426,44.4727,-31.6020,-15.1140,0.036569,0.030940,0.082912,0.002088,0.6000,+0
9.0363,ascent,0.5578,46.1426,44.4727,-31.6020,-15.1140,0.036569,0.030940,0.082912,0.002088,0.6000,+0
9.0374,ascent,0.5578,46.1426,44.4727,-31.6020,-15.1140,0.036569,0.030940,0.082934,0.002066,0.6000,+0
9.0386,ascent,0.5578,46.0547,44.3848,-31.6020,-15.1140,0.036744,0.031622,0.082934,0.002066,0.6000,+0
9.0397,ascent,0.5578,46.0547,44.3848,-30.2280,-15.1140,0.036730,0.031622,0.082913,0.002087,0.6000,+0
9.0407,ascent,0.5578,45.9668,44.3848,-30.2280,-13.7400,0.036909,0.031563,0.082913,0.002087,0.6000,+0
9.0420,ascent,0.5578,45.9668,44.3848,-30.2280,-13.7400,0.036909,0.031563,0.082935,0.002065,0.6000,+0
9.0430,ascent,0.5578,45.9668,44.3848,-30.2280,-13.7400,0.036909,0.031563,0.082934,0.002066,0.6000,+0
9.0441,ascent,0.5578,45.8789,44.3848,-30.2280,-13.7400,0.037088,0.031559,0.082934,0.002066,0.6000,+0
9.0453,ascent,0.5578,45.8789,44.3848,-30.2280,-13.7400,0.037088,0.031559,0.082930,0.002070,0.6000,+0
9.0463,ascent,0.5578,45.8789,44.3848,-30.2280,-12.3660,0.037088,0.031504,0.082930,0.002070,0.6000,+0
9.0474,ascent,0.5578,45.8789,44.3848,-28.8540,-12.3660,0.037074,0.031504,0.082945,0.002055,0.6000,+0
9.0486,ascent,0.5578,45.7910,44.2969,-28.8540,-12.3660,0.037248,0.032186,0.082945,0.002055,0.6000,+0
9.0495,ascent,0.5578,45.7910,44.2969,-28.8540,-10.9920,0.037248,0.032132,0.082934,0.002066,0.6000,+0
9.0507,ascent,0.5578,45.7910,44.2969,-28.8540,-10.9920,0.037248,0.032132,0.082934,0.002066,0.6000,+0
9.0520,ascent,0.5578,45.7031,44.2969,-28.8540,-10.9920,0.037427,0.032127,0.082941,0.002059,0.6000,+0
9.0530,ascent,0.5578,45.7031,44.2969,-27.4800,-10.9920,0.037413,0.032127,0.082946,0.002054,0.6000,+0
9.0541,ascent,0.5578,45.7031,44.2969,-27.4800,-10.9920,0.037413,0.032127,0.082946,0.002054,0.6000,+0
9.0554,ascent,0.5578,45.7031,44.2969,-27.4800,-9.6180,0.037413,0.032073,0.082975,0.002025,0.6000,+0
9.0563,ascent,0.5578,45.7031,44.2969,-26.1060,-9.6180,0.037399,0.032073,0.082975,0.002025,0.6000,+0
9.0574,ascent,0.5578,45.6152,44.2969,-26.1060,-9.6180,0.037578,0.032068,0.082963,0.002037,0.6000,+0
9.0586,ascent,0.5578,45.6152,44.2969,-26.1060,-8.2440,0.037578,0.032014,0.082963,0.002037,0.6000,+0
9.0597,ascent,0.5578,45.6152,44.2969,-24.7320,-8.2440,0.037563,0.032014,0.082979,0.002021,0.6000,+0
9.0607,ascent,0.5578,45.6152,44.2969,-24.7320,-8.2440,0.037563,0.032014,0.082979,0.002021,0.6000,+0
9.0620,ascent,0.5578,45.5273,44.2969,-24.7320,-8.2440,0.037743,0.032009,0.082976,0.002024,0.6000,+0
9.0630,ascent,0.5578,45.5273,44.2969,-24.7320,-8.2440,0.037743,0.032009,0.082973,0.002027,0.6000,+0
9.0641,ascent,0.5578,45.5273,44.2969,-23.3580,-6.8700,0.037728,0.031955,0.082973,0.002027,0.6000,+0
9.0653,ascent,0.5578,45.5273,44.2969,-23.3580,-6.8700,0.037728,0.031955,0.082972,0.002028,0.6000,+0
9.0663,ascent,0.5578,45.5273,44.2969,-23.3580,-6.8700,0.037728,0.031955,0.082972,0.002028,0.6000,+0
9.0674,ascent,0.5578,45.4395,44.2969,-23.3580,-6.8700,0.037908,0.031950,0.082969,0.002031,0.6000,+0
9.0686,ascent,0.5578,45.4395,44.2969,-21.9840,-5.4960,0.037893,0.031903,0.082969,0.002031,0.6000,+0
9.0697,ascent,0.5578,45.4395,44.2969,-21.9840,-5.4960,0.037893,0.031903,0.082975,0.002025,0.6000,+0
9.0707,ascent,0.5578,45.4395,44.2969,-20.6100,-5.4960,0.037879,0.031903,0.082975,0.002025,0.6000,+0
9.0720,ascent,0.5578,45.3516,44.2969,-20.6100,-4.1220,0.038058,0.032473,0.082987,0.002013,0.6000,+0
9.0730,ascent,0.5578,45.3516,44.2969,-20.6100,-4.1220,0.038058,0.032473,0.082997,0.002003,0.6000,+0
9.0741,ascent,0.5578,45.3516,44.2969,-20.6100,-4.1220,0.038058,0.032473,0.082997,0.002003,0.6000,+0
9.0754,ascent,0.5578,45.3516,44.2969,-20.6100,-4.1220,0.038058,0.032473,0.083000,0.002000,0.6000,+0
9.0763,ascent,0.5578,45.3516,44.2969,-19.2360,-2.7480,0.038044,0.047307,0.083000,0.002000,0.6000,+0
9.0774,ascent,0.5578,45.3516,44.2969,-19.2360,-2.7480,0.038044,0.047307,0.082979,0.002021,0.6000,+0
9.0786,ascent,0.5578,45.3516,44.2969,-17.8620,-2.7480,0.038029,0.047307,0.082979,0.002021,0.6000,+0
9.0797,ascent,0.5578,45.3516,44.2969,-17.8620,-2.7480,0.038029,0.047307,0.082992,0.002008,0.6000,+0
9.0807,ascent,0.5578,45.2637,44.2969,-16.4880,-1.3740,0.038194,0.137290,0.082992,0.002008,0.6000,+0
9.0820,ascent,0.5578,45.2637,44.2969,-16.4880,-1.3740,0.038194,0.137290,0.083008,0.001992,0.6000,+0
9.0830,ascent,0.5578,45.2637,44.2969,-16.4880,-1.3740,0.038194,0.137290,0.083030,0.001970,0.6000,+0
9.0841,ascent,0.5352,45.2637,44.2969,-16.4880,-1.3740,0.038194,0.137290,0.083030,0.001970,0.6000,+0
9.0853,ascent,0.5352,45.2637,44.2969,-15.1140,0.0000,0.038180,0.231669,0.083024,0.001976,0.6000,+0
9.0863,ascent,0.5352,45.2637,44.2969,-15.1140,0.0000,0.038180,0.231669,0.083024,0.001976,0.6000,+0
9.0874,ascent,0.5352,45.2637,44.2969,-15.1140,0.0000,0.038180,0.231669,0.083033,0.001967,0.6000,+0
9.0887,ascent,0.5352,45.2637,44.2969,-13.7400,0.0000,0.038166,0.231669,0.083033,0.001967,0.6000,+0
9.0896,ascent,0.5352,45.1758,44.2969,-13.7400,0.0000,0.038345,0.231664,0.083021,0.001979,0.6000,+0
9.0907,ascent,0.5352,45.1758,44.2969,-13.7400,0.0000,0.038345,0.231664,0.083021,0.001979,0.6000,+0
9.0922,ascent,0.5352,45.1758,44.2969,-13.7400,0.0000,0.038345,0.231664,0.083018,0.001982,0.6000,+0
9.0931,ascent,0.5352,45.1758,44.2969,-13.7400,0.0000,0.038345,0.231664,0.083051,0.001949,0.6000,+0
9.0942,ascent,0.5352,45.1758,44.2969,-13.7400,0.0000,0.038345,0.231664,0.083051,0.001949,0.6000,+0
9.0952,ascent,0.5352,45.1758,44.3848,-12.3660,1.3740,0.038335,0.136489,0.083036,0.001964,0.6000,+0
9.0964,ascent,0.5352,45.1758,44.3848,-12.3660,1.3740,0.038335,0.136489,0.083036,0.001964,0.6000,+0
9.0974,ascent,0.5352,45.1758,44.3848,-12.3660,1.3740,0.038335,0.136489,0.083046,0.001954,0.6000,+0
9.0985,ascent,0.5352,45.1758,44.4727,-10.9920,2.7480,0.038325,0.045706,0.083046,0.001954,0.6000,+0
9.0997,ascent,0.5352,45.1758,44.5605,-10.9920,4.1220,0.038330,0.030076,0.083045,0.001955,0.6000,+0
9.1007,ascent,0.5352,45.1758,44.5605,-9.6180,4.1220,0.038316,0.030076,0.083045,0.001955,0.6000,+0
9.1020,ascent,0.5352,45.1758,44.6484,-9.6180,5.4960,0.038320,0.028706,0.083026,0.001974,0.6000,+0
9.1030,ascent,0.5352,45.1758,44.7363,-9.6180,6.8700,0.038325,0.027958,0.083049,0.001951,0.6000,+0
9.1041,ascent,0.5352,45.1758,44.8242,-8.2440,8.2440,0.038315,0.027216,0.083049,0.001951,0.6000,+0
9.1053,ascent,0.5352,45.1758,44.9121,-8.2440,9.6180,0.038320,0.026475,0.083058,0.001942,0.6000,+0
9.1063,ascent,0.5352,45.1758,45.0000,-8.2440,12.3660,0.038325,0.025679,0.083058,0.001942,0.6000,+0
9.1074,ascent,0.5352,45.1758,45.1758,-6.8700,13.7400,0.038320,0.024251,0.083068,0.001932,0.6000,+0
9.1085,ascent,0.5352,45.1758,45.4395,-6.8700,19.2360,0.038334,0.021973,0.083068,0.001932,0.6000,+0
9.1095,ascent,0.5352,45.1758,45.5273,-6.8700,20.6100,0.038338,0.021231,0.083066,0.001934,0.6000,+0
9.1107,ascent,0.5352,45.1758,45.6152,-5.4960,23.3580,0.038336,0.020436,0.083066,0.001934,0.6000,+0
9.1120,ascent,0.5352,45.1758,45.7031,-5.4960,26.1060,0.038340,0.019640,0.083067,0.001933,0.6000,+0
9.1130,ascent,0.5352,45.1758,45.7910,-5.4960,28.8540,0.038345,0.018844,0.083070,0.001930,0.6000,+0
9.1141,ascent,0.5352,45.1758,45.8789,-4.1220,31.6020,0.038964,0.018049,0.083070,0.001930,0.6000,+0
9.1153,ascent,0.5352,45.1758,45.9668,-4.1220,34.3500,0.038969,0.017253,0.083079,0.001921,0.6000,+0
9.1163,ascent,0.5352,45.1758,46.0547,-4.1220,37.0980,0.038974,0.016457,0.083079,0.001921,0.6000,+0
9.1174,ascent,0.5352,45.1758,46.1426,-4.1220,39.8460,0.038978,0.015662,0.083079,0.001921,0.6000,+0
9.1185,ascent,0.5352,45.1758,46.2305,-2.7480,45.3420,0.053857,0.014757,0.083079,0.001921,0.6000,+0
9.1197,ascent,0.5352,45.1758,46.3184,-2.7480,46.7160,0.053862,0.014016,0.083077,0.001923,0.6000,+0
9.1207,ascent,0.5352,45.1758,46.4062,-2.7480,49.4640,0.053866,0.013220,0.083077,0.001923,0.6000,+0
9.1220,ascent,0.5352,45.1758,46.5820,-2.7480,52.2120,0.053876,0.011738,0.083092,0.001908,0.6000,+0
9.1230,ascent,0.5352,45.1758,46.6699,-1.3740,54.9600,0.143908,0.010942,0.083090,0.001910,0.6000,+0
9.1241,ascent,0.5352,45.1758,46.6699,-1.3740,56.3340,0.143908,0.010888,0.083090,0.001910,0.6000,+0
9.1253,ascent,0.5352,45.1758,46.7578,-1.3740,59.0820,0.143913,0.010092,0.083081,0.001919,0.6000,+0
9.1263,ascent,0.5352,45.1758,46.7578,-1.3740,60.4560,0.143913,0.010038,0.083081,0.001919,0.6000,+0
9.1274,ascent,0.5352,45.1758,46.8457,-1.3740,63.2040,0.143917,0.009242,0.083078,0.001922,0.6000,+0
9.1285,ascent,0.5352,45.1758,46.8457,0.0000,64.5780,0.238337,0.009188,0.083078,0.001922,0.6000,+0
9.1297,ascent,0.5352,45.1758,46.8457,0.0000,65.9520,0.238337,0.009133,0.083103,0.001897,0.6000,+0
9.1307,ascent,0.5352,45.1758,46.9336,0.0000,67.3260,0.238341,0.008392,0.083103,0.001897,0.6000,+0
9.1320,ascent,0.5352,45.1758,46.9336,0.0000,67.3260,0.238341,0.008392,0.083094,0.001906,0.6000,+0
9.1330,ascent,0.5352,45.1758,46.9336,0.0000,67.3260,0.238341,0.008392,0.083116,0.001884,0.6000,+0
9.1341,ascent,0.5352,45.1758,46.9336,0.0000,67.3260,0.238341,0.008392,0.083116,0.001884,0.6000,+0
9.1354,ascent,0.5352,45.2637,46.9336,1.3740,67.3260,0.143714,0.008397,0.083117,0.001883,0.6000,+0
9.1363,ascent,0.5352,45.2637,46.9336,1.3740,65.9520,0.143714,0.008451,0.083117,0.001883,0.6000,+0
9.1374,ascent,0.5352,45.2637,46.9336,1.3740,64.5780,0.143714,0.008505,0.083108,0.001892,0.6000,+0
9.1385,ascent,0.5352,45.3516,46.9336,2.7480,61.8300,0.053479,0.008619,0.083108,0.001892,0.6000,+0
9.1397,ascent,0.5352,45.4395,46.8457,2.7480,60.4560,0.053295,0.009365,0.083120,0.001880,0.6000,+0
9.1407,ascent,0.5352,45.4395,46.8457,4.1220,57.7080,0.038392,0.009474,0.083120,0.001880,0.6000,+0
9.1420,ascent,0.5352,45.5273,46.8457,5.4960,54.9600,0.037570,0.009587,0.083125,0.001875,0.6000,+0
9.1430,ascent,0.5352,45.6152,46.8457,6.8700,52.2120,0.037370,0.009701,0.083115,0.001885,0.6000,+0
9.1441,ascent,0.5352,45.6152,46.8457,8.2440,49.4640,0.037355,0.009810,0.083115,0.001885,0.6000,+0
9.1453,ascent,0.5352,45.7031,46.8457,9.6180,46.7160,0.037162,0.009923,0.083124,0.001876,0.6000,+0
9.1463,ascent,0.5352,45.7910,46.8457,10.9920,43.9680,0.036968,0.010037,0.083124,0.001876,0.6000,+0
9.1474,ascent,0.5352,45.8789,46.7578,12.3660,41.2200,0.036770,0.010837,0.083129,0.001871,0.6000,+0
9.1485,ascent,0.5352,46.1426,46.7578,17.8620,34.3500,0.036176,0.011123,0.083129,0.001871,0.6000,+0
9.1497,ascent,0.5352,46.2305,46.7578,19.2360,31.6020,0.035982,0.011237,0.083137,0.001863,0.6000,+0
9.1507,ascent,0.5352,46.3184,46.7578,21.9840,28.8540,0.035775,0.011350,0.083137,0.001863,0.6000,+0
9.1520,ascent,0.5352,46.4062,46.6699,24.7320,26.1060,0.035562,0.012151,0.083129,0.001871,0.6000,+0
9.1530,ascent,0.5352,46.4941,46.6699,27.4800,23.3580,0.035355,0.012264,0.083163,0.001837,0.6000,+0
9.1541,ascent,0.5352,46.5820,46.5820,30.2280,20.6100,0.035142,0.013065,0.083163,0.001837,0.6000,+0
9.1553,ascent,0.5352,46.7578,46.5820,32.9760,16.4880,0.034755,0.013237,0.083147,0.001853,0.6000,+0
9.1563,ascent,0.5352,46.8457,46.5820,35.7240,13.7400,0.034548,0.013351,0.083147,0.001853,0.6000,+0
9.1574,ascent,0.5352,46.9336,46.4062,38.4720,10.9920,0.034331,0.014838,0.083158,0.001842,0.6000,+0
9.1585,ascent,0.5352,47.1094,46.4062,43.9680,5.4960,0.033915,0.015072,0.083158,0.001842,0.6000,+0
9.1597,ascent,0.5352,47.1973,46.3184,46.7160,2.7480,0.033703,0.031390,0.083165,0.001835,0.6000,+0
9.1607,ascent,0.5352,47.2852,46.3184,49.4640,0.0000,0.033495,0.215979,0.083165,0.001835,0.6000,+0
9.1620,ascent,0.5352,47.3730,46.2305,53.5860,-1.3740,0.033269,0.122291,0.083150,0.001850,0.6000,+0
9.1630,ascent,0.5352,47.4609,46.2305,56.3340,-4.1220,0.033061,0.017474,0.083157,0.001843,0.6000,+0
9.1641,ascent,0.5352,47.6367,46.1426,59.0820,-6.8700,0.032669,0.017643,0.083157,0.001843,0.6000,+0
9.1653,ascent,0.5352,47.7246,46.1426,61.8300,-9.6180,0.032462,0.017757,0.083172,0.001828,0.6000,+0
9.1663,ascent,0.5352,47.8125,46.0547,64.5780,-10.9920,0.032249,0.018503,0.083172,0.001828,0.6000,+0
9.1675,ascent,0.5352,47.9004,46.0547,65.9520,-13.7400,0.032056,0.018616,0.083160,0.001840,0.6000,+0
9.1685,ascent,0.5352,47.9883,46.0547,71.4480,-16.4880,0.031820,0.018730,0.083160,0.001840,0.6000,+0
9.1696,ascent,0.5352,48.0762,45.9668,72.8220,-17.8620,0.031622,0.019476,0.083170,0.001830,0.6000,+0
9.1707,ascent,0.5352,48.1641,45.8789,75.5700,-19.2360,0.031409,0.020222,0.083170,0.001830,0.6000,+0
9.1720,ascent,0.5352,48.2520,45.8789,76.9440,-20.6100,0.031216,0.020281,0.083185,0.001815,0.6000,+0
9.1730,ascent,0.5352,48.2520,45.7910,78.3180,-21.9840,0.031197,0.021022,0.083174,0.001826,0.6000,+0
9.1741,ascent,0.5072,48.3398,45.7910,79.6920,-23.3580,0.031004,0.021081,0.083174,0.001826,0.6000,+0
9.1753,ascent,0.5072,48.4277,45.7910,79.6920,-23.3580,0.030825,0.021086,0.083191,0.001809,0.6000,+0
9.1763,ascent,0.5072,48.5156,45.7031,81.0660,-24.7320,0.030627,0.021832,0.083191,0.001809,0.6000,+0
9.1774,ascent,0.5072,48.5156,45.7031,82.4400,-26.1060,0.030612,0.021886,0.083202,0.001798,0.6000,+0
9.1785,ascent,0.5072,48.6914,45.6152,83.8140,-27.4800,0.030235,0.022637,0.083202,0.001798,0.6000,+0
9.1797,ascent,0.5072,48.7793,45.5273,83.8140,-28.8540,0.030052,0.023383,0.083209,0.001791,0.6000,+0
9.1807,ascent,0.5072,48.7793,45.5273,82.4400,-30.2280,0.030066,0.023437,0.083209,0.001791,0.6000,+0
9.1820,ascent,0.5072,48.7793,45.4395,82.4400,-31.6020,0.030061,0.024178,0.083198,0.001802,0.6000,+0
9.1830,ascent,0.5072,48.8672,45.4395,81.0660,-31.6020,0.029896,0.024183,0.083202,0.001798,0.6000,+0
9.1841,ascent,0.5072,48.8672,45.4395,81.0660,-32.9760,0.029896,0.024238,0.083202,0.001798,0.6000,+0
9.1853,ascent,0.5072,48.9551,45.4395,79.6920,-32.9760,0.029732,0.024242,0.083208,0.001792,0.6000,+0
9.1863,ascent,0.5072,48.9551,45.3516,78.3180,-32.9760,0.029741,0.024929,0.083208,0.001792,0.6000,+0
9.1874,ascent,0.5072,49.0430,45.3516,76.9440,-32.9760,0.029577,0.024934,0.083212,0.001788,0.6000,+0
9.1885,ascent,0.5072,49.1309,45.2637,74.1960,-34.3500,0.029422,0.025680,0.083212,0.001788,0.6000,+0
9.1896,ascent,0.5072,49.1309,45.1758,72.8220,-34.3500,0.029431,0.026366,0.083213,0.001787,0.6000,+0
9.1908,ascent,0.5072,49.1309,45.1758,71.4480,-35.7240,0.029445,0.026421,0.083225,0.001775,0.6000,+0
9.1919,ascent,0.5072,49.2188,45.0000,70.0740,-35.7240,0.029271,0.027799,0.083225,0.001775,0.6000,+0
9.1930,ascent,0.5072,49.2188,45.0000,67.3260,-35.7240,0.029300,0.027799,0.083241,0.001759,0.6000,+0
9.1942,ascent,0.5072,49.2188,45.0000,65.9520,-35.7240,0.029314,0.027799,0.083241,0.001759,0.6000,+0
9.1952,ascent,0.5072,49.3066,44.9121,64.5780,-35.7240,0.029145,0.028491,0.083229,0.001771,0.6000,+0
9.1964,ascent,0.5072,49.3066,44.8242,63.2040,-35.7240,0.029154,0.029177,0.083229,0.001771,0.6000,+0
9.1974,ascent,0.5072,49.3066,44.8242,60.4560,-37.0980,0.029183,0.029232,0.083218,0.001782,0.6000,+0
9.1985,ascent,0.5072,49.3066,44.7363,56.3340,-37.0980,0.029221,0.029919,0.083218,0.001782,0.6000,+0
9.1996,ascent,0.5072,49.3066,44.7363,54.9600,-37.0980,0.029236,0.029919,0.083236,0.001764,0.6000,+0
9.2007,ascent,0.5072,49.3066,44.6484,53.5860,-37.0980,0.029245,0.030605,0.083236,0.001764,0.6000,+0
9.2020,ascent,0.5072,49.3945,44.6484,52.2120,-37.0980,0.029081,0.030610,0.083237,0.001763,0.6000,+0
9.2030,ascent,0.5072,49.3945,44.5605,49.4640,-37.0980,0.029104,0.031297,0.083246,0.001754,0.6000,+0
9.2041,ascent,0.5072,49.3945,44.5605,48.0900,-37.0980,0.029119,0.031297,0.083246,0.001754,0.6000,+0
9.2053,ascent,0.5072,49.3945,44.5605,46.7160,-37.0980,0.029133,0.031297,0.083247,0.001753,0.6000,+0
9.2063,ascent,0.5072,49.3066,44.4727,43.9680,-37.0980,0.029336,0.031979,0.083247,0.001753,0.6000,+0
9.2074,ascent,0.5072,49.3066,44.4727,41.2200,-37.0980,0.029365,0.031979,0.083243,0.001757,0.6000,+0
9.2085,ascent,0.5072,49.3066,44.3848,37.0980,-37.0980,0.029403,0.032666,0.083243,0.001757,0.6000,+0
9.2097,ascent,0.5072,49.3066,44.2969,35.7240,-37.0980,0.029412,0.033352,0.083249,0.001751,0.6000,+0
9.2107,ascent,0.5072,49.3066,44.2969,32.9760,-37.0980,0.029441,0.033352,0.083249,0.001751,0.6000,+0
9.2120,ascent,0.5072,49.3066,44.2090,30.2280,-37.0980,0.029465,0.034039,0.083262,0.001738,0.6000,+0
9.2130,ascent,0.5072,49.3066,44.2090,28.8540,-37.0980,0.029479,0.034039,0.083281,0.001719,0.6000,+0
9.2141,ascent,0.5072,49.3066,44.2090,27.4800,-37.0980,0.029494,0.034039,0.083281,0.001719,0.6000,+0
9.2153,ascent,0.5072,49.3066,44.1211,24.7320,-37.0980,0.029518,0.034726,0.083271,0.001729,0.6000,+0
9.2163,ascent,0.5072,49.3066,44.1211,23.3580,-37.0980,0.029532,0.034726,0.083271,0.001729,0.6000,+0
9.2174,ascent,0.5072,49.3066,44.0332,21.9840,-37.0980,0.029541,0.035413,0.083269,0.001731,0.6000,+0
9.2186,ascent,0.5072,49.3066,44.0332,19.2360,-37.0980,0.029570,0.035413,0.083269,0.001731,0.6000,+0
9.2196,ascent,0.5072,49.2188,44.0332,16.4880,-37.0980,0.029778,0.035408,0.083281,0.001719,0.6000,+0
9.2207,ascent,0.5072,49.2188,43.9453,15.1140,-37.0980,0.029787,0.036095,0.083281,0.001719,0.6000,+0
9.2220,ascent,0.5072,49.2188,43.9453,13.7400,-37.0980,0.029802,0.036095,0.083287,0.001713,0.6000,+0
9.2230,ascent,0.5072,49.2188,43.9453,12.3660,-37.0980,0.029816,0.036095,0.083287,0.001713,0.6000,+0
9.2241,ascent,0.5072,49.2188,43.8574,9.6180,-37.0980,0.029840,0.036782,0.083287,0.001713,0.6000,+0
9.2253,ascent,0.5072,49.2188,43.8574,8.2440,-35.7240,0.029854,0.036727,0.083298,0.001702,0.6000,+0
9.2263,ascent,0.5072,49.2188,43.8574,8.2440,-35.7240,0.029854,0.036727,0.083298,0.001702,0.6000,+0
9.2274,ascent,0.5072,49.1309,43.7695,5.4960,-35.7240,0.030064,0.037410,0.083309,0.001691,0.6000,+0
9.2285,ascent,0.5072,49.1309,43.7695,2.7480,-34.3500,0.045610,0.037355,0.083309,0.001691,0.6000,+0
9.2297,ascent,0.5072,49.1309,43.5937,1.3740,-34.3500,0.135657,0.038729,0.083301,0.001699,0.6000,+0
9.2307,ascent,0.5072,49.1309,43.5937,1.3740,-34.3500,0.135657,0.038729,0.083301,0.001699,0.6000,+0
9.2320,ascent,0.5072,49.1309,43.5937,0.0000,-34.3500,0.230105,0.038729,0.083301,0.001699,0.6000,+0
9.2330,ascent,0.5072,49.1309,43.5937,0.0000,-32.9760,0.230105,0.038674,0.083306,0.001694,0.6000,+0
9.2341,ascent,0.5072,49.1309,43.5059,-1.3740,-32.9760,0.135681,0.039361,0.083306,0.001694,0.6000,+0
9.2353,ascent,0.5072,49.0430,43.5059,-2.7480,-32.9760,0.045832,0.039357,0.083305,0.001695,0.6000,+0
9.2363,ascent,0.5072,49.0430,43.5059,-4.1220,-31.6020,0.030958,0.039302,0.083305,0.001695,0.6000,+0
9.2374,ascent,0.5072,49.0430,43.5059,-5.4960,-31.6020,0.030344,0.039302,0.083320,0.001680,0.6000,+0
9.2385,ascent,0.5072,49.0430,43.4180,-5.4960,-31.6020,0.030339,0.039989,0.083320,0.001680,0.6000,+0
9.2397,ascent,0.5072,49.0430,43.4180,-5.4960,-30.2280,0.030339,0.039935,0.083322,0.001678,0.6000,+0
9.2407,ascent,0.5072,49.0430,43.4180,-5.4960,-30.2280,0.030339,0.039935,0.083322,0.001678,0.6000,+0
9.2420,ascent,0.5072,49.0430,43.3301,-6.8700,-28.8540,0.030342,0.040567,0.083319,0.001681,0.6000,+0
9.2430,ascent,0.5072,49.0430,43.3301,-6.8700,-28.8540,0.030342,0.040567,0.083326,0.001674,0.6000,+0
9.2441,ascent,0.5072,49.0430,43.3301,-6.8700,-28.8540,0.030342,0.040567,0.083326,0.001674,0.6000,+0
9.2453,ascent,0.5072,49.0430,43.3301,-6.8700,-27.4800,0.030342,0.040513,0.083337,0.001663,0.6000,+0
9.2463,ascent,0.5072,49.0430,43.3301,-6.8700,-27.4800,0.030342,0.040513,0.083337,0.001663,0.6000,+0
9.2474,ascent,0.5072,49.1309,43.3301,-6.8700,-26.1060,0.030163,0.040463,0.083344,0.001656,0.6000,+0
9.2485,ascent,0.5072,49.1309,43.3301,-5.4960,-24.7320,0.030156,0.040408,0.083344,0.001656,0.6000,+0
9.2497,ascent,0.5072,49.1309,43.3301,-5.4960,-23.3580,0.030156,0.040354,0.083334,0.001666,0.6000,+0
9.2507,ascent,0.5072,49.1309,43.3301,-5.4960,-23.3580,0.030156,0.040354,0.083334,0.001666,0.6000,+0
9.2520,ascent,0.5072,49.1309,43.3301,-5.4960,-21.9840,0.030156,0.040300,0.083349,0.001651,0.6000,+0
9.2530,ascent,0.5072,49.1309,43.3301,-4.1220,-21.9840,0.030770,0.040300,0.083362,0.001638,0.6000,+0
9.2541,ascent,0.5072,49.1309,43.3301,-4.1220,-20.6100,0.030770,0.040245,0.083362,0.001638,0.6000,+0
9.2554,ascent,0.5072,49.1309,43.3301,-4.1220,-19.2360,0.030770,0.040191,0.083362,0.001638,0.6000,+0
9.2563,ascent,0.5072,49.1309,43.3301,-4.1220,-19.2360,0.030770,0.040191,0.083362,0.001638,0.6000,+0
9.2574,ascent,0.5072,49.2188,43.3301,-2.7480,-17.8620,0.045465,0.040141,0.083362,0.001638,0.6000,+0
9.2585,ascent,0.5072,49.1309,43.3301,-2.7480,-16.4880,0.045644,0.040082,0.083362,0.001638,0.6000,+0
9.2597,ascent,0.5072,49.1309,43.3301,-1.3740,-15.1140,0.135672,0.040027,0.083364,0.001636,0.6000,+0
9.2607,ascent,0.5072,49.1309,43.3301,-1.3740,-15.1140,0.135672,0.040027,0.083364,0.001636,0.6000,+0
9.2620,ascent,0.5072,49.1309,43.3301,-1.3740,-13.7400,0.135672,0.039973,0.083363,0.001637,0.6000,+0
9.2630,ascent,0.5072,49.1309,43.3301,-1.3740,-12.3660,0.135672,0.039919,0.083391,0.001609,0.6000,+0
9.2641,ascent,0.4775,49.1309,43.3301,0.0000,-12.3660,0.230091,0.039919,0.083391,0.001609,0.6000,+0
9.2653,ascent,0.4775,49.1309,43.3301,0.0000,-10.9920,0.230091,0.039864,0.083384,0.001616,0.6000,+0
9.2663,ascent,0.4775,49.1309,43.3301,0.0000,-10.9920,0.230091,0.039864,0.083384,0.001616,0.6000,+0
9.2674,ascent,0.4775,49.1309,43.3301,0.0000,-9.6180,0.230091,0.039810,0.083377,0.001623,0.6000,+0
9.2685,ascent,0.4775,49.1309,43.3301,1.3740,-8.2440,0.135643,0.039755,0.083377,0.001623,0.6000,+0
9.2697,ascent,0.4775,49.1309,43.3301,1.3740,-6.8700,0.135643,0.039701,0.083383,0.001617,0.6000,+0
9.2707,ascent,0.4775,49.1309,43.3301,2.7480,-6.8700,0.045587,0.039701,0.083383,0.001617,0.6000,+0
9.2720,ascent,0.4775,49.2188,43.3301,2.7480,-5.4960,0.045408,0.039658,0.083389,0.001611,0.6000,+0
9.2730,ascent,0.4775,49.2188,43.3301,2.7480,-5.4960,0.045408,0.039658,0.083385,0.001615,0.6000,+0
9.2741,ascent,0.4775,49.2188,43.3301,4.1220,-4.1220,0.030505,0.040233,0.083385,0.001615,0.6000,+0
9.2753,ascent,0.4775,49.2188,43.3301,4.1220,-4.1220,0.030505,0.040233,0.083394,0.001606,0.6000,+0
9.2763,ascent,0.4775,49.2188,43.3301,4.1220,-2.7480,0.030505,0.055067,0.083394,0.001606,0.6000,+0
9.2774,ascent,0.4775,49.3066,43.3301,4.1220,-2.7480,0.030326,0.055071,0.083405,0.001595,0.6000,+0
9.2785,ascent,0.4775,49.3945,43.3301,6.8700,-1.3740,0.029482,0.145064,0.083405,0.001595,0.6000,+0
9.2797,ascent,0.4775,49.3945,43.3301,6.8700,-1.3740,0.029482,0.145064,0.083416,0.001584,0.6000,+0
9.2807,ascent,0.4775,49.4824,43.3301,6.8700,-1.3740,0.029303,0.145068,0.083416,0.001584,0.6000,+0
9.2820,ascent,0.4775,49.5703,43.3301,9.6180,-1.3740,0.029096,0.145073,0.083407,0.001593,0.6000,+0
9.2830,ascent,0.4775,49.5703,43.3301,9.6180,0.0000,0.029096,0.239452,0.083423,0.001577,0.6000,+0
9.2841,ascent,0.4775,49.5703,43.3301,9.6180,0.0000,0.029096,0.239452,0.083423,0.001577,0.6000,+0
9.2853,ascent,0.4775,49.7461,43.3301,12.3660,0.0000,0.028709,0.239461,0.083423,0.001577,0.6000,+0
9.2863,ascent,0.4775,49.7461,43.3301,12.3660,0.0000,0.028709,0.239461,0.083423,0.001577,0.6000,+0
9.2874,ascent,0.4775,49.7461,43.3301,13.7400,0.0000,0.028695,0.239461,0.083425,0.001575,0.6000,+0
9.2885,ascent,0.4775,49.8340,43.3301,16.4880,0.0000,0.028487,0.239466,0.083425,0.001575,0.6000,+0
9.2897,ascent,0.4775,49.8340,43.3301,16.4880,0.0000,0.028487,0.239466,0.083432,0.001568,0.6000,+0
9.2907,ascent,0.4775,49.9219,43.3301,17.8620,0.0000,0.028294,0.239471,0.083432,0.001568,0.6000,+0
9.2920,ascent,0.4775,49.9219,43.3301,19.2360,0.0000,0.028280,0.239471,0.083418,0.001582,0.6000,+0
9.2930,ascent,0.4775,49.9219,43.3301,19.2360,0.0000,0.028280,0.239471,0.083430,0.001570,0.6000,+0
9.2941,ascent,0.4775,50.0098,43.4180,20.6100,1.3740,0.028091,0.144301,0.083430,0.001570,0.6000,+0
9.2953,ascent,0.4775,50.0098,43.4180,21.9840,1.3740,0.028077,0.144301,0.083447,0.001553,0.6000,+0
9.2963,ascent,0.4775,50.0098,43.5059,23.3580,1.3740,0.028067,0.143614,0.083447,0.001553,0.6000,+0
9.2974,ascent,0.4775,50.0977,43.5937,24.7320,2.7480,0.027878,0.052835,0.083449,0.001551,0.6000,+0
9.2985,ascent,0.4775,50.0977,43.7695,26.1060,5.4960,0.027873,0.035836,0.083449,0.001551,0.6000,+0
9.2997,ascent,0.4775,50.0977,43.8574,26.1060,6.8700,0.027878,0.035087,0.083436,0.001564,0.6000,+0
9.3007,ascent,0.4775,50.0977,43.9453,27.4800,8.2440,0.027869,0.034346,0.083440,0.001560,0.6000,+0
9.3020,ascent,0.4775,50.0977,44.1211,27.4800,9.6180,0.027878,0.032918,0.083440,0.001560,0.6000,+0
9.3030,ascent,0.4775,50.0977,44.1211,28.8540,12.3660,0.027864,0.032809,0.083450,0.001550,0.6000,+0
9.3041,ascent,0.4775,50.0977,44.2969,28.8540,13.7400,0.027873,0.031381,0.083450,0.001550,0.6000,+0
9.3054,ascent,0.4775,50.0977,44.3848,28.8540,16.4880,0.027878,0.030586,0.083453,0.001547,0.6000,+0
9.3063,ascent,0.4775,50.0977,44.5605,28.8540,19.2360,0.027887,0.029103,0.083453,0.001547,0.6000,+0
9.3074,ascent,0.4775,50.0977,44.6484,28.8540,21.9840,0.027892,0.028308,0.083469,0.001531,0.6000,+0
9.3085,ascent,0.4775,50.0977,44.9121,27.4800,28.8540,0.027920,0.025975,0.083469,0.001531,0.6000,+0
9.3097,ascent,0.4775,50.0977,45.0000,27.4800,31.6020,0.027925,0.025180,0.083460,0.001540,0.6000,+0
9.3107,ascent,0.4775,50.0977,45.2637,27.4800,35.7240,0.027939,0.022956,0.083460,0.001540,0.6000,+0
9.3120,ascent,0.4775,50.0977,45.3516,26.1060,38.4720,0.027958,0.022161,0.083460,0.001540,0.6000,+0
9.3130,ascent,0.4775,50.0977,45.4395,24.7320,42.5940,0.027977,0.021311,0.083457,0.001543,0.6000,+0
9.3141,ascent,0.4775,50.0098,45.6152,24.7320,45.3420,0.028166,0.019824,0.083457,0.001543,0.6000,+0
9.3154,ascent,0.4775,50.0098,45.7031,23.3580,49.4640,0.028185,0.018974,0.083480,0.001520,0.6000,+0
9.3163,ascent,0.4775,50.0098,45.7910,21.9840,52.2120,0.028204,0.018178,0.083480,0.001520,0.6000,+0
9.3174,ascent,0.4775,50.0098,45.8789,20.6100,56.3340,0.028223,0.017328,0.083483,0.001517,0.6000,+0
9.3185,ascent,0.4775,49.9219,46.1426,16.4880,61.8300,0.028459,0.015046,0.083483,0.001517,0.6000,+0
9.3197,ascent,0.4775,49.9219,46.2305,15.1140,65.9520,0.028478,0.014196,0.083480,0.001520,0.6000,+0
9.3207,ascent,0.4775,49.9219,46.3184,13.7400,68.7000,0.028497,0.013400,0.083480,0.001520,0.6000,+0
9.3220,ascent,0.4775,49.9219,46.4062,12.3660,72.8220,0.028516,0.012550,0.083483,0.001517,0.6000,+0
9.3230,ascent,0.4775,49.9219,46.5820,9.6180,75.5700,0.028555,0.011068,0.083492,0.001508,0.6000,+0
9.3241,ascent,0.4775,49.9219,46.6699,8.2440,78.3180,0.028574,0.010272,0.083492,0.001508,0.6000,+0
9.3253,ascent,0.4775,49.9219,46.7578,6.8700,82.4400,0.028593,0.009423,0.083497,0.001503,0.6000,+0
9.3263,ascent,0.4775,49.9219,46.8457,5.4960,83.8140,0.028619,0.008681,0.083497,0.001503,0.6000,+0
9.3274,ascent,0.4775,49.9219,46.8457,5.4960,86.5620,0.028619,0.008573,0.083490,0.001510,0.6000,+0
9.3285,ascent,0.4775,49.8340,47.0215,2.7480,90.6840,0.044353,0.007031,0.083490,0.001510,0.6000,+0
9.3297,ascent,0.4775,49.8340,47.0215,1.3740,92.0580,0.134410,0.006977,0.083497,0.001503,0.6000,+0
9.3307,ascent,0.4775,49.8340,47.1094,0.0000,93.4320,0.228862,0.006236,0.083497,0.001503,0.6000,+0
9.3320,ascent,0.4775,49.8340,47.1973,-1.3740,93.4320,0.134448,0.005549,0.083504,0.001496,0.6000,+0
9.3330,ascent,0.4775,49.8340,47.1973,-2.7480,94.8060,0.044420,0.005495,0.083509,0.001491,0.6000,+0
9.3341,ascent,0.4775,49.8340,47.1973,-2.7480,93.4320,0.044420,0.005549,0.083509,0.001491,0.6000,+0
9.3353,ascent,0.4775,49.7461,47.2852,-4.1220,93.4320,0.029730,0.004858,0.083514,0.001486,0.6000,+0
9.3363,ascent,0.4775,49.7461,47.2852,-5.4960,93.4320,0.029115,0.004858,0.083514,0.001486,0.6000,+0
9.3374,ascent,0.4775,49.7461,47.2852,-5.4960,92.0580,0.029115,0.004912,0.083521,0.001479,0.6000,+0
9.3386,ascent,0.4775,49.7461,47.2852,-6.8700,87.9360,0.029123,0.005075,0.083521,0.001479,0.6000,+0
9.3395,ascent,0.4775,49.7461,47.2852,-6.8700,86.5620,0.029123,0.005130,0.083528,0.001472,0.6000,+0
9.3407,ascent,0.4775,49.7461,47.2852,-8.2440,83.8140,0.029137,0.005239,0.083528,0.001472,0.6000,+0
9.3420,ascent,0.4775,49.6582,47.2852,-8.2440,81.0660,0.029316,0.005343,0.083530,0.001470,0.6000,+0
9.3430,ascent,0.4775,49.6582,47.2852,-9.6180,78.3180,0.029330,0.005452,0.083526,0.001474,0.6000,+0
9.3441,ascent,0.4775,49.6582,47.2852,-9.6180,75.5700,0.029330,0.005560,0.083526,0.001474,0.6000,+0
9.3453,ascent,0.4775,49.7461,47.2852,-9.6180,72.8220,0.029151,0.005674,0.083530,0.001470,0.6000,+0
9.3463,ascent,0.4775,49.7461,47.2852,-9.6180,68.7000,0.029151,0.005837,0.083530,0.001470,0.6000,+0
9.3474,ascent,0.4775,49.7461,47.2852,-9.6180,65.9520,0.029151,0.005946,0.083536,0.001464,0.6000,+0
9.3485,ascent,0.4775,49.7461,47.1973,-8.2440,59.0820,0.029132,0.006905,0.083536,0.001464,0.6000,+0
9.3495,ascent,0.4775,49.7461,47.1973,-8.2440,56.3340,0.029132,0.007014,0.083540,0.001460,0.6000,+0
9.3507,ascent,0.4775,49.7461,47.1973,-8.2440,52.2120,0.029132,0.007177,0.083540,0.001460,0.6000,+0
9.3520,ascent,0.4775,49.7461,47.1973,-6.8700,49.4640,0.029118,0.007286,0.083557,0.001443,0.6000,+0
9.3530,ascent,0.4775,49.7461,47.1094,-6.8700,45.3420,0.029113,0.008136,0.083547,0.001453,0.6000,+0
9.3541,ascent,0.4579,49.7461,47.1094,-6.8700,41.2200,0.029113,0.008299,0.083547,0.001453,0.6000,+0
9.3553,ascent,0.4579,49.7461,47.1094,-6.8700,38.4720,0.029113,0.008408,0.083565,0.001435,0.6000,+0
9.3563,ascent,0.4579,49.6582,47.1094,-6.8700,34.3500,0.029292,0.008566,0.083565,0.001435,0.6000,+0
9.3574,ascent,0.4579,49.7461,47.0215,-6.8700,30.2280,0.029108,0.009421,0.083538,0.001462,0.6000,+0
9.3585,ascent,0.4579,49.7461,46.9336,-5.4960,23.3580,0.029096,0.010380,0.083538,0.001462,0.6000,+0
9.3595,ascent,0.4579,49.7461,46.9336,-5.4960,20.6100,0.029096,0.010489,0.083568,0.001432,0.6000,+0
9.3607,ascent,0.4579,49.7461,46.9336,-5.4960,16.4880,0.029096,0.010652,0.083568,0.001432,0.6000,+0
9.3620,ascent,0.4579,49.7461,46.8457,-4.1220,13.7400,0.029706,0.011447,0.083582,0.001418,0.6000,+0
9.3630,ascent,0.4579,49.7461,46.8457,-4.1220,10.9920,0.029706,0.011556,0.083581,0.001419,0.6000,+0
9.3641,ascent,0.4579,49.7461,46.8457,-4.1220,8.2440,0.029706,0.011665,0.083581,0.001419,0.6000,+0
9.3653,ascent,0.4579,49.7461,46.8457,-4.1220,5.4960,0.029706,0.011781,0.083577,0.001423,0.6000,+0
9.3663,ascent,0.4579,49.7461,46.7578,-4.1220,2.7480,0.029701,0.028094,0.083577,0.001423,0.6000,+0
9.3674,ascent,0.4579,49.7461,46.7578,-2.7480,0.0000,0.044575,0.212678,0.083585,0.001415,0.6000,+0
9.3685,ascent,0.4579,49.7461,46.6699,-1.3740,-5.4960,0.134598,0.013590,0.083585,0.001415,0.6000,+0
9.3695,ascent,0.4579,49.6582,46.5820,-1.3740,-8.2440,0.134772,0.014373,0.083594,0.001406,0.6000,+0
9.3707,ascent,0.4579,49.7461,46.5820,-1.3740,-9.6180,0.134593,0.014433,0.083594,0.001406,0.6000,+0
9.3719,ascent,0.4579,49.7461,46.4062,-1.3740,-12.3660,0.134584,0.015915,0.083593,0.001407,0.6000,+0
9.3730,ascent,0.4579,49.6582,46.4062,-1.3740,-13.7400,0.134763,0.015964,0.083594,0.001406,0.6000,+0
9.3741,ascent,0.4579,49.6582,46.3184,-1.3740,-15.1140,0.134758,0.016706,0.083594,0.001406,0.6000,+0
9.3753,ascent,0.4579,49.7461,46.3184,0.0000,-16.4880,0.228998,0.016765,0.083607,0.001393,0.6000,+0
9.3763,ascent,0.4579,49.7461,46.2305,0.0000,-19.2360,0.228994,0.017560,0.083607,0.001393,0.6000,+0
9.3774,ascent,0.4579,49.7461,46.2305,0.0000,-20.6100,0.228994,0.017615,0.083609,0.001391,0.6000,+0
9.3785,ascent,0.4579,49.7461,46.1426,0.0000,-23.3580,0.228989,0.018410,0.083609,0.001391,0.6000,+0
9.3795,ascent,0.4579,49.7461,46.0547,0.0000,-24.7320,0.228984,0.019151,0.083614,0.001386,0.6000,+0
9.3807,ascent,0.4579,49.7461,46.0547,0.0000,-26.1060,0.228984,0.019206,0.083614,0.001386,0.6000,+0
9.3820,ascent,0.4579,49.7461,46.0547,0.0000,-27.4800,0.228984,0.019260,0.083605,0.001395,0.6000,+0
9.3830,ascent,0.4579,49.7461,45.9668,0.0000,-28.8540,0.228979,0.020001,0.083613,0.001387,0.6000,+0
9.3841,ascent,0.4579,49.7461,45.8789,0.0000,-30.2280,0.228975,0.020742,0.083613,0.001387,0.6000,+0
9.3853,ascent,0.4579,49.7461,45.8789,0.0000,-30.2280,0.228975,0.020742,0.083617,0.001383,0.6000,+0
9.3863,ascent,0.4579,49.8340,45.7910,1.3740,-31.6020,0.134343,0.021488,0.083617,0.001383,0.6000,+0
9.3874,ascent,0.4579,49.8340,45.7910,1.3740,-32.9760,0.134343,0.021543,0.083625,0.001375,0.6000,+0
9.3885,ascent,0.4579,49.9219,45.7031,2.7480,-34.3500,0.044103,0.022289,0.083625,0.001375,0.6000,+0
9.3895,ascent,0.4579,50.0098,45.6152,4.1220,-35.7240,0.029017,0.023035,0.083624,0.001376,0.6000,+0
9.3907,ascent,0.4579,50.0977,45.6152,4.1220,-35.7240,0.028838,0.023039,0.083624,0.001376,0.6000,+0
9.3920,ascent,0.4579,50.0977,45.5273,5.4960,-35.7240,0.028190,0.023726,0.083642,0.001358,0.6000,+0
9.3930,ascent,0.4579,50.1855,45.4395,6.8700,-37.0980,0.027985,0.024472,0.083660,0.001340,0.6000,+0
9.3941,ascent,0.4579,50.2734,45.4395,8.2440,-37.0980,0.027791,0.024477,0.083660,0.001340,0.6000,+0
9.3954,ascent,0.4579,50.3613,45.3516,9.6180,-38.4720,0.027593,0.025223,0.083660,0.001340,0.6000,+0
9.3963,ascent,0.4579,50.4492,45.3516,12.3660,-39.8460,0.027386,0.025282,0.083660,0.001340,0.6000,+0
9.3974,ascent,0.4579,50.6250,45.2637,13.7400,-39.8460,0.027009,0.025978,0.083651,0.001349,0.6000,+0
9.3985,ascent,0.4579,50.8008,45.1758,19.2360,-41.2200,0.026589,0.026729,0.083651,0.001349,0.6000,+0
9.3995,ascent,0.4579,50.8887,45.1758,21.9840,-41.2200,0.026381,0.026733,0.083640,0.001360,0.6000,+0
9.4007,ascent,0.4579,50.9766,45.0000,24.7320,-42.5940,0.026164,0.028166,0.083640,0.001360,0.6000,+0
9.4020,ascent,0.4579,51.0645,44.9121,27.4800,-42.5940,0.025952,0.028857,0.083661,0.001339,0.6000,+0
9.4030,ascent,0.4579,51.1523,44.9121,30.2280,-42.5940,0.025745,0.028862,0.083658,0.001342,0.6000,+0
9.4041,ascent,0.4579,51.3281,44.8242,32.9760,-43.9680,0.025353,0.029613,0.083658,0.001342,0.6000,+0
9.4053,ascent,0.4579,51.3281,44.8242,35.7240,-43.9680,0.025325,0.029613,0.083660,0.001340,0.6000,+0
9.4063,ascent,0.4579,51.4160,44.7363,38.4720,-43.9680,0.025112,0.030304,0.083660,0.001340,0.6000,+0
9.4074,ascent,0.4579,51.5039,44.6484,41.2200,-45.3420,0.024900,0.031050,0.083652,0.001348,0.6000,+0
9.4085,ascent,0.4579,51.6797,44.5605,46.7160,-45.3420,0.024480,0.031746,0.083652,0.001348,0.6000,+0
9.4095,ascent,0.4579,51.7676,44.5605,49.4640,-45.3420,0.024273,0.031751,0.083663,0.001337,0.6000,+0
9.4107,ascent,0.4579,51.8555,44.5605,50.8380,-45.3420,0.024080,0.031756,0.083663,0.001337,0.6000,+0
9.4120,ascent,0.4579,51.9434,44.4727,53.5860,-45.3420,0.023867,0.032447,0.083679,0.001321,0.6000,+0
9.4130,ascent,0.4579,52.0312,44.3848,56.3340,-46.7160,0.023655,0.033193,0.083668,0.001332,0.6000,+0
9.4141,ascent,0.4579,52.1191,44.2969,59.0820,-46.7160,0.023443,0.033885,0.083668,0.001332,0.6000,+0
9.4153,ascent,0.4579,52.2070,44.2969,61.8300,-46.7160,0.023235,0.033889,0.083687,0.001313,0.6000,+0
9.4163,ascent,0.4579,52.2070,44.2090,64.5780,-48.0900,0.023202,0.034630,0.083687,0.001313,0.6000,+0
9.4174,ascent,0.4579,52.2949,44.2090,67.3260,-48.0900,0.022994,0.034635,0.083669,0.001331,0.6000,+0
9.4185,ascent,0.4579,52.4707,44.1211,71.4480,-48.0900,0.022589,0.035331,0.083669,0.001331,0.6000,+0
9.4197,ascent,0.4579,52.4707,44.0332,72.8220,-48.0900,0.022570,0.036018,0.083683,0.001317,0.6000,+0
9.4207,ascent,0.4579,52.5586,44.0332,74.1960,-48.0900,0.022377,0.036023,0.083683,0.001317,0.6000,+0
9.4220,ascent,0.4579,52.5586,43.9453,75.5700,-48.0900,0.022358,0.036710,0.083688,0.001312,0.6000,+0
9.4230,ascent,0.4579,52.6465,43.9453,75.5700,-48.0900,0.022179,0.036714,0.083697,0.001303,0.6000,+0
9.4241,ascent,0.4579,52.6465,43.8574,76.9440,-48.0900,0.022160,0.037401,0.083697,0.001303,0.6000,+0
9.4253,ascent,0.4579,52.7344,43.8574,76.9440,-48.0900,0.021981,0.037406,0.083721,0.001279,0.6000,+0
9.4263,ascent,0.4579,52.7344,43.7695,76.9440,-48.0900,0.021976,0.038093,0.083721,0.001279,0.6000,+0
9.4274,ascent,0.4579,52.8223,43.7695,76.9440,-48.0900,0.021797,0.038097,0.083703,0.001297,0.6000,+0
9.4285,ascent,0.4579,52.8223,43.5937,75.5700,-48.0900,0.021802,0.039471,0.083703,0.001297,0.6000,+0
9.4295,ascent,0.4579,52.9102,43.5059,75.5700,-48.0900,0.021618,0.040162,0.083713,0.001287,0.6000,+0
9.4307,ascent,0.4579,52.9102,43.5059,74.1960,-48.0900,0.021633,0.040162,0.083713,0.001287,0.6000,+0
9.4320,ascent,0.4579,52.9102,43.4180,72.8220,-48.0900,0.021642,0.040849,0.083722,0.001278,0.6000,+0
9.4330,ascent,0.4579,52.9102,43.4180,70.0740,-48.0900,0.021671,0.040849,0.083731,0.001269,0.6000,+0
9.4341,ascent,0.4579,52.9102,43.3301,68.7000,-46.7160,0.021680,0.041481,0.083731,0.001269,0.6000,+0
9.4354,ascent,0.4579,52.9980,43.3301,67.3260,-46.7160,0.021516,0.041486,0.083720,0.001280,0.6000,+0
9.4363,ascent,0.4579,52.9980,43.3301,64.5780,-46.7160,0.021544,0.041486,0.083720,0.001280,0.6000,+0
9.4374,ascent,0.4579,52.9980,43.3301,63.2040,-45.3420,0.021559,0.041432,0.083722,0.001278,0.6000,+0
9.4385,ascent,0.4579,52.9980,43.2422,59.0820,-45.3420,0.021597,0.042118,0.083722,0.001278,0.6000,+0
9.4397,ascent,0.4426,52.9980,43.2422,57.7080,-43.9680,0.021611,0.042064,0.083747,0.001253,0.6000,+0
9.4407,ascent,0.4426,52.9102,43.1543,54.9600,-43.9680,0.021814,0.042746,0.083747,0.001253,0.6000,+0
9.4420,ascent,0.4426,52.9102,43.1543,52.2120,-42.5940,0.021843,0.042691,0.083734,0.001266,0.6000,+0
9.4430,ascent,0.4426,52.9102,43.1543,49.4640,-42.5940,0.021871,0.042691,0.083737,0.001263,0.6000,+0
9.4441,ascent,0.4426,52.9102,43.0664,46.7160,-42.5940,0.021895,0.043378,0.083737,0.001263,0.6000,+0
9.4453,ascent,0.4426,52.9102,43.0664,43.9680,-41.2200,0.021924,0.043324,0.083750,0.001250,0.6000,+0
9.4463,ascent,0.4426,52.9102,43.0664,41.2200,-41.2200,0.021952,0.043324,0.083750,0.001250,0.6000,+0
9.4474,ascent,0.4426,52.9102,42.9785,38.4720,-39.8460,0.021976,0.043956,0.083736,0.001264,0.6000,+0
9.4485,ascent,0.4426,52.9102,42.9785,34.3500,-38.4720,0.022019,0.043902,0.083736,0.001264,0.6000,+0
9.4497,ascent,0.4426,52.8223,42.9785,31.6020,-38.4720,0.022227,0.043897,0.083742,0.001258,0.6000,+0
9.4507,ascent,0.4426,52.8223,42.9785,27.4800,-37.0980,0.022270,0.043843,0.083742,0.001258,0.6000,+0
9.4520,ascent,0.4426,52.8223,42.8906,26.1060,-35.7240,0.022279,0.044475,0.083764,0.001236,0.6000,+0
9.4530,ascent,0.4426,52.8223,42.8906,23.3580,-35.7240,0.022308,0.044475,0.083767,0.001233,0.6000,+0
9.4541,ascent,0.4426,52.7344,42.8906,20.6100,-34.3500,0.022515,0.044416,0.083767,0.001233,0.6000,+0
9.4553,ascent,0.4426,52.7344,42.8906,17.8620,-34.3500,0.022544,0.044416,0.083778,0.001222,0.6000,+0
9.4563,ascent,0.4426,52.7344,42.8906,16.4880,-32.9760,0.022558,0.044361,0.083778,0.001222,0.6000,+0
9.4574,ascent,0.4426,52.7344,42.8906,13.7400,-31.6020,0.022587,0.044307,0.083775,0.001225,0.6000,+0
9.4585,ascent,0.4426,52.6465,42.8027,9.6180,-30.2280,0.022804,0.044935,0.083775,0.001225,0.6000,+0
9.4597,ascent,0.4426,52.6465,42.8027,6.8700,-28.8540,0.022833,0.044880,0.083774,0.001226,0.6000,+0
9.4607,ascent,0.4426,52.5586,42.8906,5.4960,-27.4800,0.023038,0.044134,0.083774,0.001226,0.6000,+0
9.4620,ascent,0.4426,52.5586,42.8027,2.7480,-27.4800,0.038579,0.044821,0.083766,0.001234,0.6000,+0
9.4630,ascent,0.4426,52.5586,42.8027,1.3740,-26.1060,0.128635,0.044767,0.083791,0.001209,0.6000,+0
9.4641,ascent,0.4426,52.5586,42.8906,-1.3740,-24.7320,0.128669,0.044025,0.083791,0.001209,0.6000,+0
9.4653,ascent,0.4426,52.4707,42.8906,-2.7480,-23.3580,0.038820,0.043966,0.083790,0.001210,0.6000,+0
9.4663,ascent,0.4426,52.4707,42.8906,-4.1220,-21.9840,0.023946,0.043912,0.083790,0.001210,0.6000,+0
9.4674,ascent,0.4426,52.4707,42.8906,-5.4960,-20.6100,0.023331,0.043857,0.083777,0.001223,0.6000,+0
9.4685,ascent,0.4426,52.3828,42.8906,-9.6180,-17.8620,0.023546,0.043744,0.083777,0.001223,0.6000,+0
9.4697,ascent,0.4426,52.2949,42.8906,-10.9920,-17.8620,0.023739,0.043739,0.083790,0.001210,0.6000,+0
9.4707,ascent,0.4426,52.2949,42.8906,-12.3660,-16.4880,0.023753,0.043685,0.083790,0.001210,0.6000,+0
9.4720,ascent,0.4426,52.2070,42.8906,-13.7400,-15.1140,0.023947,0.043626,0.083792,0.001208,0.6000,+0
9.4730,ascent,0.4426,52.2070,42.8906,-15.1140,-13.7400,0.023961,0.043571,0.083791,0.001209,0.6000,+0
9.4741,ascent,0.4426,52.2070,42.8906,-16.4880,-13.7400,0.023975,0.043571,0.083791,0.001209,0.6000,+0
9.4753,ascent,0.4426,52.2070,42.8906,-16.4880,-12.3660,0.023975,0.043517,0.083808,0.001192,0.6000,+0
9.4763,ascent,0.4426,52.1191,42.8906,-17.8620,-10.9920,0.024168,0.043458,0.083808,0.001192,0.6000,+0
9.4774,ascent,0.4426,52.1191,42.8906,-19.2360,-10.9920,0.024183,0.043458,0.083796,0.001204,0.6000,+0
9.4785,ascent,0.4426,52.0312,42.8906,-20.6100,-8.2440,0.024376,0.043344,0.083796,0.001204,0.6000,+0
9.4797,ascent,0.4426,52.0312,42.8906,-21.9840,-6.8700,0.024390,0.043290,0.083807,0.001193,0.6000,+0
9.4807,ascent,0.4426,52.0312,42.8906,-21.9840,-6.8700,0.024390,0.043290,0.083807,0.001193,0.6000,+0
9.4820,ascent,0.4426,51.9434,42.8906,-23.3580,-5.4960,0.024584,0.043238,0.083814,0.001186,0.6000,+0
9.4830,ascent,0.4426,51.9434,42.8906,-23.3580,-5.4960,0.024584,0.043238,0.083824,0.001176,0.6000,+0
9.4841,ascent,0.4426,51.9434,42.8906,-24.7320,-4.1220,0.024598,0.043812,0.083824,0.001176,0.6000,+0
9.4854,ascent,0.4426,51.9434,42.8906,-24.7320,-4.1220,0.024598,0.043812,0.083829,0.001171,0.6000,+0
9.4863,ascent,0.4426,51.8555,42.8906,-24.7320,-2.7480,0.024777,0.058641,0.083829,0.001171,0.6000,+0
9.4874,ascent,0.4426,51.8555,42.8906,-24.7320,-2.7480,0.024777,0.058641,0.083827,0.001173,0.6000,+0
9.4885,ascent,0.4426,51.7676,42.8906,-26.1060,-1.3740,0.024970,0.148624,0.083827,0.001173,0.6000,+0
9.4897,ascent,0.4426,51.7676,42.9785,-26.1060,-1.3740,0.024975,0.147937,0.083824,0.001176,0.6000,+0
9.4907,ascent,0.4426,51.7676,42.8906,-26.1060,0.0000,0.024970,0.243003,0.083824,0.001176,0.6000,+0
9.4920,ascent,0.4426,51.6797,42.8906,-26.1060,0.0000,0.025149,0.242999,0.083831,0.001169,0.6000,+0
9.4930,ascent,0.4426,51.6797,42.8906,-26.1060,0.0000,0.025149,0.242999,0.083835,0.001165,0.6000,+0
9.4941,ascent,0.4426,51.6797,42.8906,-26.1060,1.3740,0.025149,0.148511,0.083835,0.001165,0.6000,+0
9.4953,ascent,0.4426,51.5918,42.8906,-27.4800,1.3740,0.025342,0.148506,0.083851,0.001149,0.6000,+0
9.4963,ascent,0.4426,51.5918,42.9785,-27.4800,1.3740,0.025347,0.147819,0.083851,0.001149,0.6000,+0
9.4974,ascent,0.4426,51.5039,42.9785,-27.4800,1.3740,0.025526,0.147814,0.083847,0.001153,0.6000,+0
9.4985,ascent,0.4426,51.5039,42.9785,-28.8540,2.7480,0.025540,0.057718,0.083847,0.001153,0.6000,+0
9.4997,ascent,0.4426,51.4160,42.9785,-28.8540,2.7480,0.025719,0.057713,0.083851,0.001149,0.6000,+0
9.5007,ascent,0.4426,51.4160,42.9785,-28.8540,2.7480,0.025719,0.057713,0.083851,0.001149,0.6000,+0
9.5020,ascent,0.4426,51.4160,43.0664,-28.8540,2.7480,0.025724,0.057026,0.083860,0.001140,0.6000,+0
9.5030,ascent,0.4426,51.3281,43.0664,-28.8540,4.1220,0.025903,0.042079,0.083863,0.001137,0.6000,+0
9.5041,ascent,0.4426,51.3281,43.1543,-28.8540,4.1220,0.025907,0.041392,0.083863,0.001137,0.6000,+0
9.5053,ascent,0.4426,51.3281,43.1543,-27.4800,5.4960,0.025893,0.040709,0.083853,0.001147,0.6000,+0
9.5063,ascent,0.4426,51.2402,43.2422,-28.8540,5.4960,0.026091,0.040018,0.083853,0.001147,0.6000,+0
9.5074,ascent,0.4426,51.2402,43.2422,-28.8540,6.8700,0.026091,0.039956,0.083863,0.001137,0.6000,+0
9.5085,ascent,0.4426,51.1523,43.3301,-28.8540,8.2440,0.026275,0.039210,0.083863,0.001137,0.6000,+0
9.5097,ascent,0.4426,51.0645,43.4180,-28.8540,9.6180,0.026458,0.038464,0.083859,0.001141,0.6000,+0
9.5107,ascent,0.4426,51.0645,43.5059,-28.8540,10.9920,0.026463,0.037723,0.083859,0.001141,0.6000,+0
9.5120,ascent,0.4426,51.0645,43.5937,-28.8540,13.7400,0.026468,0.036927,0.083889,0.001111,0.6000,+0
9.5130,ascent,0.4426,50.9766,43.5937,-28.8540,15.1140,0.026647,0.036868,0.083879,0.001121,0.6000,+0
9.5141,ascent,0.4426,50.9766,43.7695,-28.8540,16.4880,0.026656,0.035440,0.083879,0.001121,0.6000,+0
9.5153,ascent,0.4426,50.8887,43.8574,-30.2280,17.8620,0.026854,0.034694,0.083887,0.001113,0.6000,+0
9.5163,ascent,0.4426,50.8887,43.9453,-30.2280,19.2360,0.026859,0.033953,0.083887,0.001113,0.6000,+0
9.5174,ascent,0.4426,50.8008,43.9453,-30.2280,21.9840,0.027038,0.033839,0.083877,0.001123,0.6000,+0
9.5185,ascent,0.4426,50.7129,44.1211,-31.6020,24.7320,0.027241,0.032352,0.083877,0.001123,0.6000,+0
9.5197,ascent,0.4426,50.7129,44.1211,-31.6020,27.4800,0.027241,0.032244,0.083881,0.001119,0.6000,+0
9.5207,ascent,0.4426,50.7129,44.2090,-31.6020,28.8540,0.027245,0.031502,0.083881,0.001119,0.6000,+0
9.5220,ascent,0.4426,50.6250,44.2969,-32.9760,30.2280,0.027443,0.030756,0.083898,0.001102,0.6000,+0
9.5230,ascent,0.4426,50.6250,44.2969,-32.9760,31.6020,0.027443,0.030702,0.083889,0.001111,0.6000,+0
9.5241,ascent,0.4426,50.5371,44.3848,-32.9760,34.3500,0.027627,0.029902,0.083889,0.001111,0.6000,+0
9.5254,ascent,0.4426,50.5371,44.3848,-32.9760,35.7240,0.027627,0.029847,0.083883,0.001117,0.6000,+0
9.5264,ascent,0.4426,50.4492,44.4727,-34.3500,37.0980,0.027825,0.029101,0.083883,0.001117,0.6000,+0
9.5274,ascent,0.4426,50.4492,44.4727,-34.3500,38.4720,0.027825,0.029047,0.083898,0.001102,0.6000,+0
9.5285,ascent,0.4426,50.3613,44.5605,-34.3500,41.2200,0.028009,0.028247,0.083898,0.001102,0.6000,+0
9.5297,ascent,0.4388,50.2734,44.5605,-35.7240,42.5940,0.028202,0.028187,0.083899,0.001101,0.6000,+0
9.5307,ascent,0.4388,50.1855,44.6484,-35.7240,42.5940,0.028386,0.027496,0.083899,0.001101,0.6000,+0
9.5320,ascent,0.4388,50.1855,44.6484,-35.7240,43.9680,0.028386,0.027442,0.083904,0.001096,0.6000,+0
9.5330,ascent,0.4388,50.0977,44.7363,-37.0980,45.3420,0.028584,0.026696,0.083908,0.001092,0.6000,+0
9.5341,ascent,0.4388,50.0977,44.7363,-37.0980,46.7160,0.028584,0.026641,0.083908,0.001092,0.6000,+0
9.5353,ascent,0.4388,50.0098,44.8242,-37.0980,46.7160,0.028767,0.025950,0.083909,0.001091,0.6000,+0
9.5363,ascent,0.4388,50.0098,44.8242,-38.4720,48.0900,0.028782,0.025895,0.083909,0.001091,0.6000,+0
9.5374,ascent,0.4388,49.9219,44.8242,-38.4720,48.0900,0.028961,0.025891,0.083910,0.001090,0.6000,+0
9.5385,ascent,0.4388,49.8340,44.8242,-39.8460,48.0900,0.029154,0.025886,0.083910,0.001090,0.6000,+0
9.5397,ascent,0.4388,49.7461,44.8242,-41.2200,46.7160,0.029347,0.025936,0.083927,0.001073,0.6000,+0
9.5407,ascent,0.4388,49.7461,44.9121,-41.2200,46.7160,0.029352,0.025249,0.083927,0.001073,0.6000,+0
9.5420,ascent,0.4388,49.6582,44.9121,-41.2200,46.7160,0.029531,0.025244,0.083920,0.001080,0.6000,+0
9.5430,ascent,0.4388,49.6582,44.9121,-41.2200,46.7160,0.029531,0.025244,0.083931,0.001069,0.6000,+0
9.5441,ascent,0.4388,49.5703,44.9121,-42.5940,45.3420,0.029724,0.025294,0.083931,0.001069,0.6000,+0
9.5453,ascent,0.4388,49.5703,44.9121,-42.5940,43.9680,0.029724,0.025348,0.083930,0.001070,0.6000,+0
9.5463,ascent,0.4388,49.4824,44.9121,-42.5940,42.5940,0.029903,0.025398,0.083930,0.001070,0.6000,+0
9.5474,ascent,0.4388,49.3945,44.9121,-43.9680,41.2200,0.030096,0.025448,0.083935,0.001065,0.6000,+0
9.5485,ascent,0.4388,49.3945,44.9121,-43.9680,38.4720,0.030096,0.025557,0.083935,0.001065,0.6000,+0
9.5497,ascent,0.4388,49.3066,44.9121,-43.9680,37.0980,0.030275,0.025606,0.083922,0.001078,0.6000,+0
9.5507,ascent,0.4388,49.2188,44.9121,-43.9680,35.7240,0.030454,0.025656,0.083922,0.001078,0.6000,+0
9.5520,ascent,0.4388,49.2188,44.9121,-43.9680,34.3500,0.030454,0.025710,0.083958,0.001042,0.6000,+0
9.5530,ascent,0.4388,49.1309,44.8242,-45.3420,31.6020,0.030643,0.026501,0.083951,0.001049,0.6000,+0
9.5541,ascent,0.4388,49.1309,44.8242,-45.3420,30.2280,0.030643,0.026556,0.083951,0.001049,0.6000,+0
9.5553,ascent,0.4388,49.0430,44.8242,-45.3420,27.4800,0.030822,0.026660,0.083946,0.001054,0.6000,+0
9.5563,ascent,0.4388,48.9551,44.8242,-46.7160,26.1060,0.031015,0.026710,0.083946,0.001054,0.6000,+0
9.5574,ascent,0.4388,48.9551,44.8242,-46.7160,24.7320,0.031015,0.026764,0.083942,0.001058,0.6000,+0
9.5585,ascent,0.4388,48.8672,44.8242,-46.7160,20.6100,0.031194,0.026923,0.083942,0.001058,0.6000,+0
9.5597,ascent,0.4388,48.7793,44.8242,-46.7160,19.2360,0.031373,0.026972,0.083962,0.001038,0.6000,+0
9.5607,ascent,0.4388,48.7793,44.8242,-48.0900,17.8620,0.031388,0.027027,0.083962,0.001038,0.6000,+0
9.5620,ascent,0.4388,48.6914,44.8242,-48.0900,16.4880,0.031567,0.027076,0.083959,0.001041,0.6000,+0
9.5630,ascent,0.4388,48.6914,44.8242,-48.0900,15.1140,0.031567,0.027131,0.083962,0.001038,0.6000,+0
9.5641,ascent,0.4388,48.6035,44.8242,-48.0900,13.7400,0.031746,0.027181,0.083962,0.001038,0.6000,+0
9.5654,ascent,0.4388,48.5156,44.8242,-48.0900,12.3660,0.031925,0.027230,0.083965,0.001035,0.6000,+0
9.5663,ascent,0.4388,48.5156,44.8242,-48.0900,10.9920,0.031925,0.027285,0.083965,0.001035,0.6000,+0
9.5674,ascent,0.4388,48.4277,44.8242,-48.0900,9.6180,0.032104,0.027334,0.083971,0.001029,0.6000,+0
9.5685,ascent,0.4388,48.3398,44.8242,-48.0900,6.8700,0.032283,0.027439,0.083971,0.001029,0.6000,+0
9.5697,ascent,0.4388,48.2520,44.8242,-49.4640,5.4960,0.032476,0.027496,0.083971,0.001029,0.6000,+0
9.5707,ascent,0.4388,48.2520,44.7363,-49.4640,5.4960,0.032471,0.028182,0.083971,0.001029,0.6000,+0
9.5720,ascent,0.4388,48.1641,44.7363,-49.4640,4.1220,0.032650,0.028861,0.083986,0.001014,0.6000,+0
9.5730,ascent,0.4388,48.1641,44.7363,-49.4640,2.7480,0.032650,0.043804,0.083981,0.001019,0.6000,+0
9.5741,ascent,0.4388,48.0762,44.7363,-49.4640,1.3740,0.032830,0.133895,0.083981,0.001019,0.6000,+0
9.5753,ascent,0.4388,48.0762,44.7363,-49.4640,0.0000,0.032830,0.228383,0.083996,0.001004,0.6000,+0
9.5763,ascent,0.4388,47.9883,44.7363,-49.4640,0.0000,0.033009,0.228379,0.083996,0.001004,0.6000,+0
9.5774,ascent,0.4388,47.9004,44.6484,-49.4640,-1.3740,0.033183,0.134682,0.083995,0.001005,0.6000,+0
9.5785,ascent,0.4388,47.8125,44.6484,-49.4640,-2.7480,0.033362,0.044689,0.083995,0.001005,0.6000,+0
9.5797,ascent,0.4388,47.8125,44.6484,-49.4640,-4.1220,0.033362,0.029855,0.083989,0.001011,0.6000,+0
9.5807,ascent,0.4388,47.7246,44.6484,-49.4640,-4.1220,0.033541,0.029851,0.083989,0.001011,0.6000,+0
9.5820,ascent,0.4388,47.6367,44.6484,-49.4640,-4.1220,0.033720,0.029846,0.084001,0.000999,0.6000,+0
9.5830,ascent,0.4388,47.6367,44.6484,-49.4640,-5.4960,0.033720,0.029272,0.083999,0.001001,0.6000,+0
9.5841,ascent,0.4388,47.4609,44.6484,-49.4640,-5.4960,0.034078,0.029262,0.083999,0.001001,0.6000,+0
9.5853,ascent,0.4388,47.4609,44.6484,-49.4640,-5.4960,0.034078,0.029262,0.084010,0.000990,0.6000,+0
9.5863,ascent,0.4388,47.3730,44.6484,-49.4640,-5.4960,0.034257,0.029258,0.084010,0.000990,0.6000,+0
9.5874,ascent,0.4388,47.3730,44.6484,-49.4640,-5.4960,0.034257,0.029258,0.084019,0.000981,0.6000,+0
9.5885,ascent,0.4388,47.2852,44.6484,-49.4640,-5.4960,0.034436,0.029253,0.084019,0.000981,0.6000,+0
9.5895,ascent,0.4388,47.1973,44.7363,-49.4640,-4.1220,0.034620,0.029136,0.084018,0.000982,0.6000,+0
9.5907,ascent,0.4388,47.1094,44.7363,-49.4640,-4.1220,0.034799,0.029131,0.084018,0.000982,0.6000,+0
9.5920,ascent,0.4388,47.1094,44.7363,-49.4640,-4.1220,0.034799,0.029131,0.084033,0.000967,0.6000,+0
9.5930,ascent,0.4388,47.0215,44.7363,-49.4640,-4.1220,0.034978,0.029127,0.084029,0.000971,0.6000,+0
9.5941,ascent,0.4388,47.0215,44.7363,-49.4640,-2.7480,0.034978,0.043960,0.084029,0.000971,0.6000,+0
9.5953,ascent,0.4388,46.9336,44.7363,-49.4640,-2.7480,0.035157,0.043956,0.084032,0.000968,0.6000,+0
9.5963,ascent,0.4388,46.9336,44.7363,-49.4640,-2.7480,0.035157,0.043956,0.084032,0.000968,0.6000,+0
9.5974,ascent,0.4388,46.8457,44.7363,-49.4640,-2.7480,0.035337,0.043951,0.084028,0.000972,0.6000,+0
9.5985,ascent,0.4388,46.7578,44.8242,-49.4640,-1.3740,0.035520,0.133247,0.084028,0.000972,0.6000,+0
9.5997,ascent,0.4388,46.7578,44.7363,-49.4640,-1.3740,0.035516,0.133934,0.084026,0.000974,0.6000,+0
9.6007,ascent,0.4388,46.6699,44.8242,-49.4640,-1.3740,0.035699,0.133243,0.084026,0.000974,0.6000,+0
9.6020,ascent,0.4388,46.6699,44.8242,-48.0900,-1.3740,0.035685,0.133243,0.084048,0.000952,0.6000,+0
9.6030,ascent,0.4388,46.5820,44.8242,-48.0900,0.0000,0.035864,0.227617,0.084040,0.000960,0.6000,+0
9.6041,ascent,0.4388,46.4941,44.8242,-48.0900,0.0000,0.036043,0.227612,0.084040,0.000960,0.6000,+0
9.6053,ascent,0.4388,46.4941,44.8242,-48.0900,0.0000,0.036043,0.227612,0.084047,0.000953,0.6000,+0
9.6063,ascent,0.4388,46.4062,44.8242,-48.0900,1.3740,0.036222,0.133120,0.084047,0.000953,0.6000,+0
9.6074,ascent,0.4388,46.4062,44.8242,-48.0900,1.3740,0.036222,0.133120,0.084062,0.000938,0.6000,+0
9.6085,ascent,0.4388,46.3184,44.7363,-48.0900,1.3740,0.036397,0.133802,0.084062,0.000938,0.6000,+0
9.6097,ascent,0.4388,46.2305,44.8242,-48.0900,2.7480,0.036581,0.043014,0.084048,0.000952,0.6000,+0
9.6107,ascent,0.4388,46.2305,44.8242,-48.0900,2.7480,0.036581,0.043014,0.084048,0.000952,0.6000,+0
9.6120,ascent,0.4388,46.2305,44.8242,-48.0900,4.1220,0.036581,0.028071,0.084065,0.000935,0.6000,+0
9.6130,ascent,0.4388,46.1426,44.8242,-46.7160,4.1220,0.036745,0.028067,0.084052,0.000948,0.6000,+0
9.6141,ascent,0.4388,46.1426,44.8242,-46.7160,4.1220,0.036745,0.028067,0.084052,0.000948,0.6000,+0
9.6154,ascent,0.4388,46.0547,44.8242,-46.7160,4.1220,0.036925,0.028062,0.084068,0.000932,0.6000,+0
9.6163,ascent,0.4388,46.0547,44.8242,-46.7160,5.4960,0.036925,0.027379,0.084068,0.000932,0.6000,+0
9.6174,ascent,0.4388,45.9668,44.9121,-46.7160,5.4960,0.037108,0.026687,0.084068,0.000932,0.6000,+0
9.6185,ascent,0.4388,45.8789,45.0000,-45.3420,6.8700,0.037278,0.025934,0.084068,0.000932,0.6000,+0
9.6196,ascent,0.4335,45.8789,45.0000,-45.3420,6.8700,0.037278,0.025934,0.084079,0.000921,0.6000,+0
9.6207,ascent,0.4335,45.7910,45.0000,-45.3420,8.2440,0.037457,0.025875,0.084079,0.000921,0.6000,+0
9.6220,ascent,0.4335,45.7910,45.1758,-45.3420,8.2440,0.037466,0.024501,0.084073,0.000927,0.6000,+0
9.6230,ascent,0.4335,45.7031,45.1758,-45.3420,9.6180,0.037645,0.024442,0.084078,0.000922,0.6000,+0
9.6241,ascent,0.4335,45.7031,45.2637,-43.9680,9.6180,0.037636,0.023755,0.084078,0.000922,0.6000,+0
9.6253,ascent,0.4335,45.7031,45.2637,-43.9680,10.9920,0.037636,0.023701,0.084075,0.000925,0.6000,+0
9.6263,ascent,0.4335,45.6152,45.3516,-43.9680,10.9920,0.037820,0.023009,0.084075,0.000925,0.6000,+0
9.6274,ascent,0.4335,45.6152,45.3516,-43.9680,12.3660,0.037820,0.022955,0.084095,0.000905,0.6000,+0
9.6285,ascent,0.4335,45.5273,45.3516,-42.5940,13.7400,0.037984,0.022896,0.084095,0.000905,0.6000,+0
9.6297,ascent,0.4335,45.5273,45.4395,-42.5940,13.7400,0.037989,0.022209,0.084105,0.000895,0.6000,+0
9.6307,ascent,0.4335,45.4395,45.4395,-42.5940,15.1140,0.038168,0.022150,0.084105,0.000895,0.6000,+0
9.6320,ascent,0.4335,45.4395,45.4395,-41.2200,15.1140,0.038154,0.022150,0.084092,0.000908,0.6000,+0
9.6330,ascent,0.4335,45.3516,45.4395,-41.2200,15.1140,0.038333,0.022145,0.084109,0.000891,0.6000,+0
9.6341,ascent,0.4335,45.3516,45.4395,-41.2200,16.4880,0.038333,0.022091,0.084109,0.000891,0.6000,+0
9.6354,ascent,0.4335,45.3516,45.4395,-41.2200,16.4880,0.038333,0.022091,0.084102,0.000898,0.6000,+0
9.6363,ascent,0.4335,45.2637,45.4395,-39.8460,16.4880,0.038498,0.022086,0.084102,0.000898,0.6000,+0
9.6375,ascent,0.4335,45.1758,45.4395,-39.8460,16.4880,0.038677,0.022082,0.084087,0.000913,0.6000,+0
9.6385,ascent,0.4335,45.1758,45.4395,-39.8460,16.4880,0.038677,0.022082,0.084087,0.000913,0.6000,+0
9.6397,ascent,0.4335,45.0879,45.4395,-39.8460,16.4880,0.038856,0.022077,0.084125,0.000875,0.6000,+0
9.6407,ascent,0.4335,45.0879,45.4395,-39.8460,16.4880,0.038856,0.022077,0.084125,0.000875,0.6000,+0
9.6420,ascent,0.4335,45.0879,45.4395,-38.4720,16.4880,0.038842,0.022077,0.084115,0.000885,0.6000,+0
9.6430,ascent,0.4335,45.0879,45.4395,-38.4720,16.4880,0.038842,0.022077,0.084124,0.000876,0.6000,+0
9.6441,ascent,0.4335,45.0000,45.4395,-38.4720,16.4880,0.039021,0.022072,0.084124,0.000876,0.6000,+0
9.6453,ascent,0.4335,45.0000,45.4395,-37.0980,16.4880,0.039007,0.022072,0.084126,0.000874,0.6000,+0
9.6463,ascent,0.4335,45.0000,45.4395,-37.0980,16.4880,0.039007,0.022072,0.084126,0.000874,0.6000,+0
9.6475,ascent,0.4335,44.9121,45.3516,-37.0980,16.4880,0.039181,0.022754,0.084124,0.000876,0.6000,+0
9.6485,ascent,0.4335,44.9121,45.3516,-35.7240,15.1140,0.039167,0.022809,0.084124,0.000876,0.6000,+0
9.6496,ascent,0.4335,44.8242,45.3516,-35.7240,15.1140,0.039346,0.022804,0.084146,0.000854,0.6000,+0
9.6507,ascent,0.4335,44.8242,45.3516,-35.7240,13.7400,0.039346,0.022859,0.084146,0.000854,0.6000,+0
9.6520,ascent,0.4335,44.8242,45.3516,-34.3500,13.7400,0.039332,0.022859,0.084130,0.000870,0.6000,+0
9.6530,ascent,0.4335,44.7363,45.3516,-34.3500,12.3660,0.039511,0.022908,0.084136,0.000864,0.6000,+0
9.6541,ascent,0.4335,44.7363,45.3516,-34.3500,12.3660,0.039511,0.022908,0.084136,0.000864,0.6000,+0
9.6553,ascent,0.4335,44.7363,45.2637,-32.9760,10.9920,0.039492,0.023650,0.084146,0.000854,0.6000,+0
9.6563,ascent,0.4335,44.7363,45.2637,-32.9760,9.6180,0.039492,0.023704,0.084146,0.000854,0.6000,+0
9.6574,ascent,0.4335,44.7363,45.2637,-32.9760,8.2440,0.039492,0.023759,0.084152,0.000848,0.6000,+0
9.6585,ascent,0.4335,44.6484,45.2637,-31.6020,5.4960,0.039657,0.023870,0.084152,0.000848,0.6000,+0
9.6597,ascent,0.4335,44.6484,45.2637,-31.6020,4.1220,0.039657,0.024553,0.084160,0.000840,0.6000,+0
9.6607,ascent,0.4335,44.5605,45.2637,-31.6020,2.7480,0.039836,0.039491,0.084160,0.000840,0.6000,+0
9.6620,ascent,0.4335,44.5605,45.1758,-30.2280,1.3740,0.039817,0.130275,0.084145,0.000855,0.6000,+0
9.6630,ascent,0.4335,44.5605,45.1758,-30.2280,0.0000,0.039817,0.224763,0.084172,0.000828,0.6000,+0
9.6641,ascent,0.4335,44.5605,45.1758,-30.2280,-1.3740,0.039817,0.130384,0.084172,0.000828,0.6000,+0
9.6653,ascent,0.4335,44.5605,45.0000,-28.8540,-2.7480,0.039793,0.041770,0.084170,0.000830,0.6000,+0
9.6663,ascent,0.4335,44.4727,45.0000,-28.8540,-2.7480,0.039973,0.041765,0.084170,0.000830,0.6000,+0
9.6674,ascent,0.4335,44.4727,45.0000,-28.8540,-4.1220,0.039973,0.026931,0.084184,0.000816,0.6000,+0
9.6685,ascent,0.4335,44.4727,45.0000,-27.4800,-5.4960,0.039958,0.026357,0.084184,0.000816,0.6000,+0
9.6697,ascent,0.4335,44.4727,45.0000,-26.1060,-6.8700,0.039944,0.026404,0.084180,0.000820,0.6000,+0
9.6707,ascent,0.4335,44.4727,44.9121,-26.1060,-6.8700,0.039939,0.027091,0.084180,0.000820,0.6000,+0
9.6720,ascent,0.4335,44.3848,44.9121,-24.7320,-8.2440,0.040104,0.027141,0.084184,0.000816,0.6000,+0
9.6730,ascent,0.4335,44.3848,44.9121,-24.7320,-9.6180,0.040104,0.027195,0.084184,0.000816,0.6000,+0
9.6741,ascent,0.4335,44.3848,44.9121,-23.3580,-9.6180,0.040090,0.027195,0.084184,0.000816,0.6000,+0
9.6753,ascent,0.4335,44.3848,44.9121,-23.3580,-9.6180,0.040090,0.027195,0.084181,0.000819,0.6000,+0
9.6763,ascent,0.4335,44.3848,44.9121,-23.3580,-10.9920,0.040090,0.027250,0.084181,0.000819,0.6000,+0
9.6775,ascent,0.4335,44.3848,44.9121,-21.9840,-10.9920,0.040076,0.027250,0.084196,0.000804,0.6000,+0
9.6785,ascent,0.4335,44.3848,44.9121,-20.6100,-10.9920,0.040061,0.027250,0.084196,0.000804,0.6000,+0
9.6796,ascent,0.4335,44.3848,44.9121,-20.6100,-10.9920,0.040061,0.027250,0.084198,0.000802,0.6000,+0
9.6807,ascent,0.4335,44.3848,44.9121,-19.2360,-10.9920,0.040047,0.027250,0.084198,0.000802,0.6000,+0
9.6820,ascent,0.4335,44.3848,44.9121,-17.8620,-10.9920,0.040033,0.027250,0.084198,0.000802,0.6000,+0
9.6830,ascent,0.4335,44.2969,44.9121,-17.8620,-10.9920,0.040212,0.027245,0.084197,0.000803,0.6000,+0
9.6841,ascent,0.4335,44.2969,44.9121,-17.8620,-10.9920,0.040212,0.027245,0.084197,0.000803,0.6000,+0
9.6854,ascent,0.4335,44.2969,44.9121,-16.4880,-10.9920,0.040198,0.027245,0.084223,0.000777,0.6000,+0
9.6863,ascent,0.4335,44.2969,44.9121,-16.4880,-10.9920,0.040198,0.027245,0.084223,0.000777,0.6000,+0
9.6875,ascent,0.4335,44.2969,44.9121,-15.1140,-9.6180,0.040183,0.027191,0.084213,0.000787,0.6000,+0
9.6885,ascent,0.4335,44.2969,44.9121,-15.1140,-9.6180,0.040183,0.027191,0.084213,0.000787,0.6000,+0
9.6897,ascent,0.4335,44.2969,44.9121,-15.1140,-9.6180,0.040183,0.027191,0.084220,0.000780,0.6000,+0
9.6908,ascent,0.4335,44.2969,44.9121,-13.7400,-8.2440,0.040169,0.027136,0.084220,0.000780,0.6000,+0
9.6919,ascent,0.4335,44.2969,44.9121,-13.7400,-8.2440,0.040169,0.027136,0.084224,0.000776,0.6000,+0
9.6931,ascent,0.4335,44.2969,44.9121,-12.3660,-8.2440,0.040155,0.027136,0.084230,0.000770,0.6000,+0
9.6942,ascent,0.4335,44.2969,44.9121,-12.3660,-8.2440,0.040155,0.027136,0.084230,0.000770,0.6000,+0
9.6952,ascent,0.4335,44.2969,44.9121,-10.9920,-6.8700,0.040140,0.027082,0.084236,0.000764,0.6000,+0
9.6965,ascent,0.4335,44.2969,44.9121,-10.9920,-6.8700,0.040140,0.027082,0.084236,0.000764,0.6000,+0
9.6974,ascent,0.4335,44.2969,44.9121,-9.6180,-6.8700,0.040126,0.027082,0.084240,0.000760,0.6000,+0
9.6985,ascent,0.4335,44.2969,44.9121,-8.2440,-5.4960,0.040112,0.027035,0.084240,0.000760,0.6000,+0
9.6996,ascent,0.4335,44.2969,44.9121,-8.2440,-4.1220,0.040112,0.027609,0.084237,0.000763,0.6000,+0
9.7007,ascent,0.4335,44.2969,44.9121,-8.2440,-4.1220,0.040112,0.027609,0.084237,0.000763,0.6000,+0
9.7020,ascent,0.4335,44.2969,44.9121,-6.8700,-4.1220,0.040098,0.027609,0.084254,0.000746,0.6000,+0
9.7030,ascent,0.4335,44.2969,44.9121,-6.8700,-2.7480,0.040098,0.042443,0.084259,0.000741,0.6000,+0
9.7041,ascent,0.4335,44.2969,44.9121,-6.8700,-2.7480,0.040098,0.042443,0.084259,0.000741,0.6000,+0
9.7054,ascent,0.4335,44.2969,44.9121,-5.4960,-2.7480,0.040090,0.042443,0.084257,0.000743,0.6000,+0
9.7063,ascent,0.4335,44.2969,44.9121,-5.4960,-1.3740,0.040090,0.132430,0.084257,0.000743,0.6000,+0
9.7074,ascent,0.4335,44.2969,44.9121,-4.1220,-1.3740,0.040705,0.132430,0.084264,0.000736,0.6000,+0
9.7085,ascent,0.4335,44.2969,44.9121,-4.1220,-1.3740,0.040705,0.132430,0.084264,0.000736,0.6000,+0
9.7096,ascent,0.4218,44.2969,44.9121,-4.1220,0.0000,0.040705,0.226810,0.084267,0.000733,0.6000,+0
9.7107,ascent,0.4218,44.2969,44.9121,-2.7480,0.0000,0.055579,0.226810,0.084280,0.000720,0.6000,+0
9.7118,ascent,0.4218,44.2969,44.9121,-2.7480,0.0000,0.055579,0.226810,0.084280,0.000720,0.6000,+0
9.7129,ascent,0.4218,44.2969,44.9121,-2.7480,0.0000,0.055579,0.226810,0.084273,0.000727,0.6000,+0
9.7140,ascent,0.4218,44.2969,44.9121,-2.7480,0.0000,0.055579,0.226810,0.084273,0.000727,0.6000,+0
9.7152,ascent,0.4218,44.2969,44.9121,-2.7480,0.0000,0.055579,0.226810,0.084282,0.000718,0.6000,+0
9.7163,ascent,0.4218,44.2969,44.9121,-1.3740,0.0000,0.145607,0.226810,0.084282,0.000718,0.6000,+0
9.7174,ascent,0.4218,44.2969,44.9121,-1.3740,0.0000,0.145607,0.226810,0.084282,0.000718,0.6000,+0
9.7185,ascent,0.4218,44.2969,44.9121,-1.3740,0.0000,0.145607,0.226810,0.084282,0.000718,0.6000,+0
9.7196,ascent,0.4218,44.2969,44.9121,0.0000,0.0000,0.240026,0.226810,0.084292,0.000708,0.6000,+0
9.7207,ascent,0.4218,44.2969,44.9121,0.0000,0.0000,0.240026,0.226810,0.084292,0.000708,0.6000,+0
9.7218,ascent,0.4218,44.2969,45.0000,0.0000,1.3740,0.240031,0.131635,0.084294,0.000706,0.6000,+0
9.7229,ascent,0.4218,44.2969,45.0000,0.0000,1.3740,0.240031,0.131635,0.084312,0.000688,0.6000,+0
9.7240,ascent,0.4218,44.2969,45.0000,0.0000,1.3740,0.240031,0.131635,0.084312,0.000688,0.6000,+0
9.7251,ascent,0.4218,44.2969,45.1758,0.0000,2.7480,0.240040,0.040164,0.084295,0.000705,0.6000,+0
9.7263,ascent,0.4218,44.2969,45.1758,0.0000,2.7480,0.240040,0.040164,0.084295,0.000705,0.6000,+0
9.7275,ascent,0.4218,44.2969,45.3516,0.0000,5.4960,0.240049,0.023165,0.084295,0.000705,0.6000,+0
9.7285,ascent,0.4218,44.2969,45.4395,0.0000,6.8700,0.240054,0.022416,0.084295,0.000705,0.6000,+0
9.7296,ascent,0.4218,44.3848,45.4395,1.3740,6.8700,0.145427,0.022421,0.084316,0.000684,0.6000,+0
9.7307,ascent,0.4218,44.3848,45.5273,1.3740,9.6180,0.145431,0.021625,0.084316,0.000684,0.6000,+0
9.7318,ascent,0.4218,44.3848,45.6152,1.3740,10.9920,0.145436,0.020884,0.084310,0.000690,0.6000,+0
9.7329,ascent,0.4218,44.4727,45.7031,2.7480,12.3660,0.055205,0.020147,0.084319,0.000681,0.6000,+0
9.7340,ascent,0.4218,44.5605,45.7910,2.7480,13.7400,0.055030,0.019410,0.084319,0.000681,0.6000,+0
9.7351,ascent,0.4218,44.6484,45.9668,4.1220,16.4880,0.039958,0.017932,0.084330,0.000670,0.6000,+0
9.7363,ascent,0.4218,44.6484,46.0547,5.4960,19.2360,0.039320,0.017137,0.084330,0.000670,0.6000,+0
9.7375,ascent,0.4218,44.9121,46.1426,9.6180,23.3580,0.038737,0.016301,0.084330,0.000670,0.6000,+0
9.7385,ascent,0.4218,45.0000,46.2305,10.9920,26.1060,0.038548,0.015510,0.084330,0.000670,0.6000,+0
9.7396,ascent,0.4218,45.0879,46.3184,13.7400,28.8540,0.038345,0.014719,0.084338,0.000662,0.6000,+0
9.7407,ascent,0.4218,45.1758,46.4062,15.1140,30.2280,0.038156,0.013982,0.084338,0.000662,0.6000,+0
9.7419,ascent,0.4218,45.3516,46.5820,17.8620,32.9760,0.037778,0.012509,0.084346,0.000654,0.6000,+0
9.7430,ascent,0.4218,45.4395,46.6699,20.6100,35.7240,0.037575,0.011718,0.084337,0.000663,0.6000,+0
9.7441,ascent,0.4218,45.6152,46.7578,23.3580,38.4720,0.037193,0.010932,0.084337,0.000663,0.6000,+0
9.7454,ascent,0.4218,45.7031,46.7578,27.4800,39.8460,0.036971,0.010882,0.084342,0.000658,0.6000,+0
9.7463,ascent,0.4218,45.7910,46.8457,30.2280,42.5940,0.036768,0.010091,0.084342,0.000658,0.6000,+0
9.7475,ascent,0.4218,46.0547,46.9336,35.7240,46.7160,0.036178,0.009255,0.084341,0.000659,0.6000,+0
9.7485,ascent,0.4218,46.1426,46.9336,39.8460,48.0900,0.035956,0.009206,0.084341,0.000659,0.6000,+0
9.7496,ascent,0.4218,46.3184,47.0215,42.5940,49.4640,0.035574,0.008474,0.084359,0.000641,0.6000,+0
9.7507,ascent,0.4218,46.4062,47.0215,46.7160,52.2120,0.035352,0.008370,0.084359,0.000641,0.6000,+0
9.7519,ascent,0.4218,46.4941,47.0215,49.4640,53.5860,0.035145,0.008320,0.084372,0.000628,0.6000,+0
9.7530,ascent,0.4218,46.6699,47.0215,53.5860,54.9600,0.034743,0.008275,0.084361,0.000639,0.6000,+0
9.7541,ascent,0.4218,46.7578,47.1094,57.7080,54.9600,0.034526,0.007593,0.084361,0.000639,0.6000,+0
9.7553,ascent,0.4218,46.8457,47.1094,60.4560,56.3340,0.034319,0.007543,0.084356,0.000644,0.6000,+0
9.7563,ascent,0.4218,46.9336,47.1094,64.5780,56.3340,0.034097,0.007548,0.084356,0.000644,0.6000,+0
9.7575,ascent,0.4218,47.1973,47.1094,70.0740,57.7080,0.033502,0.007508,0.084371,0.000629,0.6000,+0
9.7585,ascent,0.4218,47.2852,47.1094,74.1960,57.7080,0.033280,0.007513,0.084371,0.000629,0.6000,+0
9.7596,ascent,0.4218,47.3730,47.1094,76.9440,56.3340,0.033073,0.007572,0.084365,0.000635,0.6000,+0
9.7607,ascent,0.4218,47.4609,47.1094,81.0660,54.9600,0.032851,0.007631,0.084365,0.000635,0.6000,+0
9.7620,ascent,0.4218,47.7246,47.1094,83.8140,54.9600,0.032285,0.007645,0.084381,0.000619,0.6000,+0
9.7630,ascent,0.4218,47.8125,47.1094,86.5620,53.5860,0.032077,0.007704,0.084387,0.000613,0.6000,+0
9.7641,ascent,0.4218,47.9004,47.0215,90.6840,52.2120,0.031851,0.008450,0.084387,0.000613,0.6000,+0
9.7653,ascent,0.4218,47.9883,47.0215,92.0580,49.4640,0.031657,0.008564,0.084391,0.000609,0.6000,+0
9.7663,ascent,0.4218,48.0762,47.0215,94.8060,48.0900,0.031450,0.008623,0.084391,0.000609,0.6000,+0
9.7675,ascent,0.4218,48.2520,47.0215,98.9280,42.5940,0.031049,0.008850,0.084404,0.000596,0.6000,+0
9.7685,ascent,0.4218,48.3398,46.9336,100.3020,39.8460,0.030851,0.009650,0.084404,0.000596,0.6000,+0
9.7696,ascent,0.4218,48.4277,46.9336,101.6760,38.4720,0.030657,0.009710,0.084417,0.000583,0.6000,+0
9.7707,ascent,0.4218,48.5156,46.9336,101.6760,35.7240,0.030478,0.009823,0.084406,0.000594,0.6000,+0
9.7720,ascent,0.4218,48.6035,46.9336,103.0500,32.9760,0.030285,0.009937,0.084406,0.000594,0.6000,+0
9.7730,ascent,0.4218,48.6914,46.8457,104.4240,28.8540,0.030087,0.010792,0.084400,0.000600,0.6000,+0
9.7741,ascent,0.4218,48.7793,46.8457,104.4240,26.1060,0.029908,0.010905,0.084400,0.000600,0.6000,+0
9.7753,ascent,0.4218,48.7793,46.8457,103.0500,23.3580,0.029922,0.011014,0.084404,0.000596,0.6000,+0
9.7763,ascent,0.4218,48.8672,46.8457,103.0500,20.6100,0.029743,0.011128,0.084404,0.000596,0.6000,+0
9.7775,ascent,0.4218,49.0430,46.7578,101.6760,15.1140,0.029395,0.012042,0.084414,0.000586,0.6000,+0
9.7785,ascent,0.4218,49.1309,46.7578,101.6760,12.3660,0.029216,0.012155,0.084414,0.000586,0.6000,+0
9.7796,ascent,0.4218,49.1309,46.6699,100.3020,9.6180,0.029226,0.012951,0.084413,0.000587,0.6000,+0
9.7807,ascent,0.4218,49.2188,46.6699,100.3020,6.8700,0.029047,0.013064,0.084413,0.000587,0.6000,+0
9.7820,ascent,0.4218,49.3066,46.5820,98.9280,4.1220,0.028877,0.014501,0.084424,0.000576,0.6000,+0
9.7830,ascent,0.4218,49.3066,46.5820,97.5540,1.3740,0.028891,0.119540,0.084434,0.000566,0.6000,+0
9.7841,ascent,0.4218,49.3945,46.5820,96.1800,-1.3740,0.028727,0.119653,0.084434,0.000566,0.6000,+0
9.7853,ascent,0.4218,49.3945,46.4062,93.4320,-2.7480,0.028746,0.031039,0.084446,0.000554,0.6000,+0
9.7863,ascent,0.4218,49.4824,46.4062,92.0580,-5.4960,0.028581,0.015636,0.084446,0.000554,0.6000,+0
9.7875,ascent,0.4218,49.5703,46.3184,89.3100,-9.6180,0.028426,0.016483,0.084440,0.000560,0.6000,+0
9.7885,ascent,0.4218,49.6582,46.2305,87.9360,-12.3660,0.028257,0.017283,0.084440,0.000560,0.6000,+0
9.7896,ascent,0.4218,49.6582,46.2305,86.5620,-13.7400,0.028271,0.017338,0.084446,0.000554,0.6000,+0
9.7907,ascent,0.4218,49.7461,46.1426,85.1880,-15.1140,0.028102,0.018084,0.084432,0.000568,0.6000,+0
9.7920,ascent,0.4218,49.7461,46.1426,82.4400,-16.4880,0.028130,0.018138,0.084432,0.000568,0.6000,+0
9.7930,ascent,0.4218,49.7461,46.0547,81.0660,-19.2360,0.028140,0.018934,0.084449,0.000551,0.6000,+0
9.7941,ascent,0.3910,49.8340,46.0547,78.3180,-20.6100,0.027989,0.018993,0.084449,0.000551,0.6000,+0
9.7954,ascent,0.3910,49.8340,46.0547,76.9440,-21.9840,0.028004,0.019047,0.084437,0.000563,0.6000,+0
9.7963,ascent,0.3910,49.9219,45.9668,74.1960,-23.3580,0.027849,0.019793,0.084437,0.000563,0.6000,+0
9.7974,ascent,0.3910,49.9219,45.9668,72.8220,-23.3580,0.027863,0.019793,0.084465,0.000535,0.6000,+0
9.7985,ascent,0.3910,49.9219,45.8789,68.7000,-26.1060,0.027901,0.020589,0.084465,0.000535,0.6000,+0
9.7997,ascent,0.3910,49.9219,45.8789,65.9520,-26.1060,0.027930,0.020589,0.084462,0.000538,0.6000,+0
9.8007,ascent,0.3910,50.0098,45.7910,64.5780,-27.4800,0.027760,0.021335,0.084462,0.000538,0.6000,+0
9.8020,ascent,0.3910,50.0098,45.7910,61.8300,-28.8540,0.027789,0.021389,0.084464,0.000536,0.6000,+0
9.8030,ascent,0.3910,50.0098,45.7031,60.4560,-28.8540,0.027799,0.022076,0.084471,0.000529,0.6000,+0
9.8041,ascent,0.3910,50.0098,45.7031,57.7080,-30.2280,0.027827,0.022130,0.084471,0.000529,0.6000,+0
9.8053,ascent,0.3910,50.0098,45.7031,54.9600,-30.2280,0.027856,0.022130,0.084481,0.000519,0.6000,+0
9.8063,ascent,0.3910,50.0098,45.6152,53.5860,-31.6020,0.027865,0.022871,0.084481,0.000519,0.6000,+0
9.8075,ascent,0.3910,50.0098,45.5273,49.4640,-32.9760,0.027904,0.023612,0.084486,0.000514,0.6000,+0
9.8085,ascent,0.3910,50.0098,45.5273,46.7160,-32.9760,0.027932,0.023612,0.084486,0.000514,0.6000,+0
9.8097,ascent,0.3910,50.0098,45.4395,43.9680,-32.9760,0.027956,0.024299,0.084479,0.000521,0.6000,+0
9.8107,ascent,0.3910,50.0098,45.4395,42.5940,-34.3500,0.027970,0.024354,0.084479,0.000521,0.6000,+0
9.8120,ascent,0.3910,50.0098,45.3516,39.8460,-34.3500,0.027994,0.025040,0.084478,0.000522,0.6000,+0
9.8130,ascent,0.3910,50.0098,45.3516,38.4720,-35.7240,0.028009,0.025095,0.084487,0.000513,0.6000,+0
9.8141,ascent,0.3910,50.0098,45.3516,35.7240,-35.7240,0.028037,0.025095,0.084487,0.000513,0.6000,+0
9.8153,ascent,0.3910,49.9219,45.2637,32.9760,-35.7240,0.028240,0.025777,0.084501,0.000499,0.6000,+0
9.8163,ascent,0.3910,49.9219,45.2637,31.6020,-35.7240,0.028254,0.025777,0.084501,0.000499,0.6000,+0
9.8175,ascent,0.3910,49.9219,45.1758,27.4800,-35.7240,0.028293,0.026463,0.084493,0.000507,0.6000,+0
9.8185,ascent,0.3910,49.9219,45.0000,24.7320,-37.0980,0.028312,0.027891,0.084493,0.000507,0.6000,+0
9.8196,ascent,0.3910,49.9219,45.0000,23.3580,-37.0980,0.028326,0.027891,0.084494,0.000506,0.6000,+0
9.8207,ascent,0.3910,49.9219,44.9121,20.6100,-37.0980,0.028350,0.028578,0.084494,0.000506,0.6000,+0
9.8220,ascent,0.3910,49.9219,44.9121,19.2360,-37.0980,0.028364,0.028578,0.084494,0.000506,0.6000,+0
9.8230,ascent,0.3910,49.9219,44.8242,16.4880,-37.0980,0.028388,0.029265,0.084510,0.000490,0.6000,+0
9.8241,ascent,0.3910,49.9219,44.8242,15.1140,-37.0980,0.028402,0.029265,0.084510,0.000490,0.6000,+0
9.8253,ascent,0.3910,49.9219,44.8242,13.7400,-37.0980,0.028417,0.029265,0.084520,0.000480,0.6000,+0
9.8263,ascent,0.3910,49.9219,44.7363,12.3660,-37.0980,0.028426,0.029952,0.084520,0.000480,0.6000,+0
9.8275,ascent,0.3910,49.8340,44.6484,9.6180,-37.0980,0.028629,0.030634,0.084525,0.000475,0.6000,+0
9.8285,ascent,0.3910,49.8340,44.5605,6.8700,-37.0980,0.028653,0.031320,0.084525,0.000475,0.6000,+0
9.8296,ascent,0.3910,49.8340,44.5605,5.4960,-38.4720,0.028675,0.031375,0.084520,0.000480,0.6000,+0
9.8307,ascent,0.3910,49.8340,44.5605,4.1220,-38.4720,0.029318,0.031375,0.084520,0.000480,0.6000,+0
9.8320,ascent,0.3910,49.8340,44.5605,4.1220,-38.4720,0.029318,0.031375,0.084524,0.000476,0.6000,+0
9.8330,ascent,0.3910,49.7461,44.4727,2.7480,-38.4720,0.044395,0.032057,0.084520,0.000480,0.6000,+0
9.8341,ascent,0.3910,49.7461,44.3848,1.3740,-38.4720,0.134446,0.032744,0.084520,0.000480,0.6000,+0
9.8353,ascent,0.3910,49.7461,44.3848,0.0000,-38.4720,0.228894,0.032744,0.084532,0.000468,0.6000,+0
9.8363,ascent,0.3910,49.7461,44.2969,-1.3740,-38.4720,0.134470,0.033430,0.084532,0.000468,0.6000,+0
9.8375,ascent,0.3910,49.7461,44.2969,-2.7480,-38.4720,0.044442,0.033430,0.084534,0.000466,0.6000,+0
9.8385,ascent,0.3910,49.6582,44.2090,-4.1220,-38.4720,0.029743,0.034112,0.084534,0.000466,0.6000,+0
9.8396,ascent,0.3910,49.6582,44.2090,-5.4960,-38.4720,0.029128,0.034112,0.084536,0.000464,0.6000,+0
9.8407,ascent,0.3910,49.6582,44.1211,-5.4960,-38.4720,0.029124,0.034799,0.084536,0.000464,0.6000,+0
9.8420,ascent,0.3910,49.6582,44.1211,-6.8700,-38.4720,0.029131,0.034799,0.084533,0.000467,0.6000,+0
9.8430,ascent,0.3910,49.6582,44.0332,-6.8700,-38.4720,0.029126,0.035486,0.084547,0.000453,0.6000,+0
9.8441,ascent,0.3910,49.6582,44.0332,-6.8700,-38.4720,0.029126,0.035486,0.084547,0.000453,0.6000,+0
9.8453,ascent,0.3910,49.6582,44.0332,-8.2440,-38.4720,0.029140,0.035486,0.084545,0.000455,0.6000,+0
9.8463,ascent,0.3910,49.6582,44.0332,-8.2440,-38.4720,0.029140,0.035486,0.084545,0.000455,0.6000,+0
9.8475,ascent,0.3910,49.6582,43.9453,-8.2440,-38.4720,0.029136,0.036173,0.084557,0.000443,0.6000,+0
9.8485,ascent,0.3910,49.6582,43.8574,-8.2440,-38.4720,0.029131,0.036860,0.084557,0.000443,0.6000,+0
9.8496,ascent,0.3910,49.6582,43.8574,-8.2440,-38.4720,0.029131,0.036860,0.084565,0.000435,0.6000,+0
9.8507,ascent,0.3910,49.6582,43.8574,-8.2440,-37.0980,0.029131,0.036805,0.084565,0.000435,0.6000,+0
9.8520,ascent,0.3910,49.6582,43.7695,-8.2440,-37.0980,0.029126,0.037492,0.084559,0.000441,0.6000,+0
9.8530,ascent,0.3910,49.6582,43.7695,-8.2440,-37.0980,0.029126,0.037492,0.084564,0.000436,0.6000,+0
9.8541,ascent,0.3910,49.6582,43.7695,-8.2440,-37.0980,0.029126,0.037492,0.084564,0.000436,0.6000,+0
9.8554,ascent,0.3910,49.6582,43.5937,-8.2440,-37.0980,0.029117,0.038866,0.084569,0.000431,0.6000,+0
9.8563,ascent,0.3910,49.6582,43.5937,-8.2440,-37.0980,0.029117,0.038866,0.084569,0.000431,0.6000,+0
9.8575,ascent,0.3910,49.6582,43.5059,-8.2440,-35.7240,0.029112,0.039498,0.084568,0.000432,0.6000,+0
9.8585,ascent,0.3910,49.6582,43.5059,-6.8700,-35.7240,0.029098,0.039498,0.084568,0.000432,0.6000,+0
9.8596,ascent,0.3910,49.6582,43.5059,-6.8700,-35.7240,0.029098,0.039498,0.084586,0.000414,0.6000,+0
9.8607,ascent,0.3910,49.6582,43.5059,-6.8700,-34.3500,0.029098,0.039444,0.084585,0.000415,0.6000,+0
9.8620,ascent,0.3910,49.6582,43.4180,-6.8700,-34.3500,0.029093,0.040131,0.084585,0.000415,0.6000,+0
9.8630,ascent,0.3910,49.6582,43.4180,-5.4960,-34.3500,0.029086,0.040131,0.084584,0.000416,0.6000,+0
9.8641,ascent,0.3910,49.6582,43.4180,-5.4960,-34.3500,0.029086,0.040131,0.084584,0.000416,0.6000,+0
9.8653,ascent,0.3910,49.6582,43.4180,-5.4960,-32.9760,0.029086,0.040076,0.084584,0.000416,0.6000,+0
9.8663,ascent,0.3910,49.6582,43.3301,-5.4960,-32.9760,0.029081,0.040763,0.084584,0.000416,0.6000,+0
9.8675,ascent,0.3910,49.6582,43.3301,-4.1220,-31.6020,0.029696,0.040708,0.084589,0.000411,0.6000,+0
9.8685,ascent,0.3910,49.6582,43.3301,-4.1220,-30.2280,0.029696,0.040654,0.084589,0.000411,0.6000,+0
9.8696,ascent,0.3910,49.6582,43.3301,-4.1220,-30.2280,0.029696,0.040654,0.084600,0.000400,0.6000,+0
9.8707,ascent,0.3910,49.5703,43.3301,-2.7480,-28.8540,0.044749,0.040595,0.084600,0.000400,0.6000,+0
9.8720,ascent,0.3910,49.6582,43.3301,-2.7480,-28.8540,0.044570,0.040600,0.084610,0.000390,0.6000,+0
9.8730,ascent,0.3910,49.6582,43.3301,-2.7480,-27.4800,0.044570,0.040545,0.084595,0.000405,0.6000,+0
9.8741,ascent,0.3910,49.5703,43.2422,-2.7480,-27.4800,0.044744,0.041227,0.084595,0.000405,0.6000,+0
9.8753,ascent,0.3910,49.5703,43.2422,-2.7480,-26.1060,0.044744,0.041173,0.084609,0.000391,0.6000,+0
9.8763,ascent,0.3910,49.5703,43.2422,-2.7480,-24.7320,0.044744,0.041119,0.084609,0.000391,0.6000,+0
9.8775,ascent,0.3910,49.5703,43.2422,-2.7480,-24.7320,0.044744,0.041119,0.084594,0.000406,0.6000,+0
9.8785,ascent,0.3910,49.5703,43.2422,-2.7480,-23.3580,0.044744,0.041064,0.084594,0.000406,0.6000,+0
9.8796,ascent,0.3910,49.5703,43.2422,-2.7480,-23.3580,0.044744,0.041064,0.084608,0.000392,0.6000,+0
9.8807,ascent,0.3910,49.5703,43.2422,-2.7480,-21.9840,0.044744,0.041010,0.084608,0.000392,0.6000,+0
9.8820,ascent,0.3910,49.5703,43.2422,-2.7480,-20.6100,0.044744,0.040955,0.084625,0.000375,0.6000,+0
9.8830,ascent,0.3910,49.5703,43.2422,-2.7480,-20.6100,0.044744,0.040955,0.084632,0.000368,0.6000,+0
9.8841,ascent,0.3567,49.5703,43.2422,-2.7480,-19.2360,0.044744,0.040901,0.084632,0.000368,0.6000,+0
9.8853,ascent,0.3567,49.5703,43.2422,-2.7480,-17.8620,0.044744,0.040846,0.084615,0.000385,0.6000,+0
9.8863,ascent,0.3567,49.5703,43.2422,-2.7480,-17.8620,0.044744,0.040846,0.084615,0.000385,0.6000,+0
9.8874,ascent,0.3567,49.5703,43.2422,-2.7480,-16.4880,0.044744,0.040792,0.084628,0.000372,0.6000,+0
9.8885,ascent,0.3567,49.5703,43.2422,-2.7480,-15.1140,0.044744,0.040738,0.084628,0.000372,0.6000,+0
9.8896,ascent,0.3567,49.5703,43.2422,-2.7480,-13.7400,0.044744,0.040683,0.084618,0.000382,0.6000,+0
9.8907,ascent,0.3567,49.5703,43.2422,-2.7480,-12.3660,0.044744,0.040629,0.084618,0.000382,0.6000,+0
9.8920,ascent,0.3567,49.5703,43.2422,-2.7480,-12.3660,0.044744,0.040629,0.084624,0.000376,0.6000,+0
9.8930,ascent,0.3567,49.5703,43.2422,-2.7480,-10.9920,0.044744,0.040574,0.084639,0.000361,0.6000,+0
9.8941,ascent,0.3567,49.5703,43.2422,-2.7480,-10.9920,0.044744,0.040574,0.084639,0.000361,0.6000,+0
9.8953,ascent,0.3567,49.5703,43.2422,-2.7480,-9.6180,0.044744,0.040520,0.084627,0.000373,0.6000,+0
9.8963,ascent,0.3567,49.5703,43.2422,-2.7480,-8.2440,0.044744,0.040465,0.084627,0.000373,0.6000,+0
9.8975,ascent,0.3567,49.5703,43.2422,-2.7480,-6.8700,0.044744,0.040411,0.084650,0.000350,0.6000,+0
9.8985,ascent,0.3567,49.5703,43.2422,-2.7480,-6.8700,0.044744,0.040411,0.084650,0.000350,0.6000,+0
9.8996,ascent,0.3567,49.5703,43.2422,-2.7480,-5.4960,0.044744,0.040364,0.084644,0.000356,0.6000,+0
9.9007,ascent,0.3567,49.5703,43.2422,-2.7480,-5.4960,0.044744,0.040364,0.084644,0.000356,0.6000,+0
9.9020,ascent,0.3567,49.5703,43.2422,-2.7480,-4.1220,0.044744,0.040938,0.084648,0.000352,0.6000,+0
9.9030,ascent,0.3567,49.5703,43.2422,-1.3740,-4.1220,0.134772,0.040938,0.084662,0.000338,0.6000,+0
9.9041,ascent,0.3567,49.5703,43.2422,-1.3740,-4.1220,0.134772,0.040938,0.084662,0.000338,0.6000,+0
9.9053,ascent,0.3567,49.5703,43.2422,-1.3740,-4.1220,0.134772,0.040938,0.084654,0.000346,0.6000,+0
9.9063,ascent,0.3567,49.5703,43.2422,-1.3740,-2.7480,0.134772,0.055772,0.084654,0.000346,0.6000,+0
9.9075,ascent,0.3567,49.5703,43.2422,-1.3740,-1.3740,0.134772,0.145760,0.084665,0.000335,0.6000,+0
9.9085,ascent,0.3567,49.5703,43.2422,0.0000,-1.3740,0.229191,0.145760,0.084665,0.000335,0.6000,+0
9.9096,ascent,0.3567,49.5703,43.2422,0.0000,-1.3740,0.229191,0.145760,0.084672,0.000328,0.6000,+0
9.9107,ascent,0.3567,49.5703,43.2422,0.0000,-1.3740,0.229191,0.145760,0.084672,0.000328,0.6000,+0
9.9120,ascent,0.3567,49.5703,43.2422,0.0000,-1.3740,0.229191,0.145760,0.084643,0.000357,0.6000,+0
9.9130,ascent,0.3567,49.5703,43.2422,0.0000,0.0000,0.229191,0.240139,0.084672,0.000328,0.6000,+0
9.9141,ascent,0.3567,49.5703,43.2422,0.0000,0.0000,0.229191,0.240139,0.084672,0.000328,0.6000,+0
9.9154,ascent,0.3567,49.5703,43.2422,0.0000,0.0000,0.229191,0.240139,0.084666,0.000334,0.6000,+0
9.9163,ascent,0.3567,49.5703,43.2422,0.0000,0.0000,0.229191,0.240139,0.084666,0.000334,0.6000,+0
9.9175,ascent,0.3567,49.6582,43.2422,1.3740,0.0000,0.134564,0.240144,0.084678,0.000322,0.6000,+0
9.9185,ascent,0.3567,49.6582,43.3301,1.3740,0.0000,0.134569,0.239457,0.084678,0.000322,0.6000,+0
9.9196,ascent,0.3567,49.7461,43.3301,2.7480,1.3740,0.044334,0.144973,0.084677,0.000323,0.6000,+0
9.9207,ascent,0.3567,49.7461,43.3301,2.7480,1.3740,0.044334,0.144973,0.084677,0.000323,0.6000,+0
9.9220,ascent,0.3567,49.8340,43.3301,4.1220,1.3740,0.029252,0.144978,0.084678,0.000322,0.6000,+0
9.9230,ascent,0.3567,49.8340,43.3301,4.1220,1.3740,0.029252,0.144978,0.084687,0.000313,0.6000,+0
9.9241,ascent,0.3567,49.9219,43.4180,5.4960,2.7480,0.028435,0.054199,0.084687,0.000313,0.6000,+0
9.9253,ascent,0.3567,50.0098,43.4180,6.8700,2.7480,0.028234,0.054204,0.084709,0.000291,0.6000,+0
9.9263,ascent,0.3567,50.0977,43.5059,8.2440,4.1220,0.028045,0.038579,0.084709,0.000291,0.6000,+0
9.9275,ascent,0.3567,50.2734,43.7695,12.3660,6.8700,0.027659,0.035783,0.084710,0.000290,0.6000,+0
9.9285,ascent,0.3567,50.3613,43.8574,13.7400,8.2440,0.027470,0.035047,0.084710,0.000290,0.6000,+0
9.9297,ascent,0.3567,50.4492,43.9453,16.4880,9.6180,0.027267,0.034310,0.084696,0.000304,0.6000,+0
9.9307,ascent,0.3567,50.5371,44.0332,17.8620,10.9920,0.027079,0.033574,0.084705,0.000295,0.6000,+0
9.9320,ascent,0.3567,50.6250,44.1211,20.6100,13.7400,0.026876,0.032783,0.084705,0.000295,0.6000,+0
9.9330,ascent,0.3567,50.7129,44.2090,23.3580,16.4880,0.026673,0.031992,0.084702,0.000298,0.6000,+0
9.9341,ascent,0.3567,50.8008,44.2969,24.7320,17.8620,0.026484,0.031256,0.084702,0.000298,0.6000,+0
9.9354,ascent,0.3567,50.8887,44.3848,27.4800,20.6100,0.026281,0.030465,0.084720,0.000280,0.6000,+0
9.9363,ascent,0.3567,50.9766,44.4727,30.2280,23.3580,0.026079,0.029674,0.084720,0.000280,0.6000,+0
9.9375,ascent,0.3567,51.0645,44.7363,34.3500,27.4800,0.025871,0.027455,0.084715,0.000285,0.6000,+0
9.9385,ascent,0.3567,51.1523,44.8242,37.0980,30.2280,0.025668,0.026664,0.084715,0.000285,0.6000,+0
9.9396,ascent,0.3567,51.2402,44.9121,39.8460,32.9760,0.025465,0.025874,0.084735,0.000265,0.6000,+0
9.9407,ascent,0.3567,51.3281,45.0000,41.2200,37.0980,0.025277,0.025028,0.084735,0.000265,0.6000,+0
9.9420,ascent,0.3567,51.4160,45.1758,43.9680,39.8460,0.025079,0.023551,0.084729,0.000271,0.6000,+0
9.9430,ascent,0.3567,51.4160,45.2637,46.7160,42.5940,0.025055,0.022755,0.084729,0.000271,0.6000,+0
9.9441,ascent,0.3567,51.5039,45.3516,48.0900,45.3420,0.024867,0.021965,0.084729,0.000271,0.6000,+0
9.9453,ascent,0.3567,51.5918,45.4395,50.8380,48.0900,0.024664,0.021174,0.084743,0.000257,0.6000,+0
9.9463,ascent,0.3567,51.5918,45.5273,52.2120,50.8380,0.024654,0.020378,0.084743,0.000257,0.6000,+0
9.9475,ascent,0.3567,51.7676,45.7031,56.3340,56.3340,0.024263,0.018797,0.084733,0.000267,0.6000,+0
9.9485,ascent,0.3567,51.7676,45.7910,57.7080,59.0820,0.024254,0.018001,0.084733,0.000267,0.6000,+0
9.9496,ascent,0.3567,51.8555,45.8789,60.4560,61.8300,0.024051,0.017211,0.084734,0.000266,0.6000,+0
9.9507,ascent,0.3567,51.8555,45.8789,61.8300,63.2040,0.024037,0.017156,0.084734,0.000266,0.6000,+0
9.9520,ascent,0.3567,51.9434,45.9668,63.2040,65.9520,0.023848,0.016366,0.084737,0.000263,0.6000,+0
9.9530,ascent,0.3567,51.9434,46.0547,63.2040,67.3260,0.023853,0.015625,0.084751,0.000249,0.6000,+0
9.9541,ascent,0.3567,52.0312,46.0547,64.5780,70.0740,0.023660,0.015520,0.084751,0.000249,0.6000,+0
9.9553,ascent,0.3567,52.0312,46.1426,64.5780,71.4480,0.023665,0.014779,0.084745,0.000255,0.6000,+0
9.9563,ascent,0.3567,52.0312,46.1426,65.9520,72.8220,0.023650,0.014725,0.084745,0.000255,0.6000,+0
9.9575,ascent,0.3567,52.1191,46.3184,64.5780,75.5700,0.023495,0.013248,0.084768,0.000232,0.6000,+0
9.9585,ascent,0.3567,52.1191,46.3184,64.5780,76.9440,0.023495,0.013193,0.084768,0.000232,0.6000,+0
9.9596,ascent,0.3567,52.2070,46.4062,64.5780,76.9440,0.023321,0.012511,0.084760,0.000240,0.6000,+0
9.9607,ascent,0.3567,52.2070,46.4062,63.2040,76.9440,0.023336,0.012511,0.084760,0.000240,0.6000,+0
9.9620,ascent,0.3567,52.2070,46.4062,61.8300,76.9440,0.023350,0.012511,0.084771,0.000229,0.6000,+0
9.9630,ascent,0.3567,52.2070,46.4062,60.4560,75.5700,0.023364,0.012566,0.084772,0.000228,0.6000,+0
9.9641,ascent,0.3567,52.2070,46.5820,59.0820,75.5700,0.023388,0.011193,0.084772,0.000228,0.6000,+0
9.9653,ascent,0.3567,52.2070,46.5820,57.7080,74.1960,0.023403,0.011247,0.084772,0.000228,0.6000,+0
9.9663,ascent,0.3567,52.2070,46.5820,54.9600,72.8220,0.023431,0.011301,0.084772,0.000228,0.6000,+0
9.9675,ascent,0.3567,52.2070,46.5820,50.8380,70.0740,0.023474,0.011410,0.084767,0.000233,0.6000,+0
9.9685,ascent,0.3567,52.2070,46.5820,49.4640,68.7000,0.023488,0.011465,0.084767,0.000233,0.6000,+0
9.9696,ascent,0.3567,52.2070,46.5820,48.0900,65.9520,0.023503,0.011574,0.084763,0.000237,0.6000,+0
9.9707,ascent,0.3567,52.2070,46.5820,45.3420,64.5780,0.023531,0.011628,0.084763,0.000237,0.6000,+0
9.9720,ascent,0.3567,52.2070,46.5820,43.9680,61.8300,0.023546,0.011737,0.084770,0.000230,0.6000,+0
9.9730,ascent,0.3567,52.2070,46.5820,41.2200,59.0820,0.023574,0.011846,0.084778,0.000222,0.6000,+0
9.9741,ascent,0.3503,52.2070,46.5820,38.4720,56.3340,0.023603,0.011955,0.084778,0.000222,0.6000,+0
9.9754,ascent,0.3503,52.2070,46.5820,37.0980,53.5860,0.023617,0.012063,0.084790,0.000210,0.6000,+0
9.9763,ascent,0.3503,52.1191,46.5820,34.3500,50.8380,0.023825,0.012167,0.084790,0.000210,0.6000,+0
9.9775,ascent,0.3503,52.1191,46.4062,30.2280,45.3420,0.023858,0.013758,0.084796,0.000204,0.6000,+0
9.9785,ascent,0.3503,52.1191,46.4062,27.4800,42.5940,0.023887,0.013867,0.084796,0.000204,0.6000,+0
9.9796,ascent,0.3503,52.1191,46.4062,24.7320,39.8460,0.023915,0.013976,0.084777,0.000223,0.6000,+0
9.9807,ascent,0.3503,52.1191,46.3184,23.3580,35.7240,0.023925,0.014826,0.084777,0.000223,0.6000,+0
9.9820,ascent,0.3503,52.0312,46.3184,20.6100,32.9760,0.024132,0.014930,0.084806,0.000194,0.6000,+0
9.9830,ascent,0.3503,52.0312,46.3184,19.2360,30.2280,0.024147,0.015039,0.084802,0.000198,0.6000,+0
9.9841,ascent,0.3503,52.0312,46.3184,16.4880,27.4800,0.024175,0.015148,0.084802,0.000198,0.6000,+0
9.9853,ascent,0.3503,52.0312,46.3184,15.1140,24.7320,0.024189,0.015257,0.084798,0.000202,0.6000,+0
9.9863,ascent,0.3503,52.0312,46.2305,12.3660,21.9840,0.024213,0.016052,0.084798,0.000202,0.6000,+0
9.9875,ascent,0.3503,51.9434,46.2305,8.2440,16.4880,0.024435,0.016265,0.084807,0.000193,0.6000,+0
9.9885,ascent,0.3503,51.9434,46.1426,6.8700,13.7400,0.024445,0.017060,0.084807,0.000193,0.6000,+0
9.9897,ascent,0.3503,51.9434,46.1426,5.4960,10.9920,0.024466,0.017169,0.084823,0.000177,0.6000,+0
9.9907,ascent,0.3503,51.9434,46.1426,4.1220,9.6180,0.025109,0.017224,0.084823,0.000177,0.6000,+0
9.9920,ascent,0.3503,51.8555,46.0547,1.3740,6.8700,0.130242,0.018014,0.084820,0.000180,0.6000,+0
9.9930,ascent,0.3503,51.8555,46.0547,0.0000,4.1220,0.224690,0.018759,0.084820,0.000180,0.6000,+0
9.9941,ascent,0.3503,51.8555,46.0547,-1.3740,1.3740,0.130271,0.123798,0.084820,0.000180,0.6000,+0
9.9954,ascent,0.3503,51.8555,45.9668,-2.7480,0.0000,0.040238,0.218973,0.084821,0.000179,0.6000,+0
9.9963,ascent,0.3503,51.7676,45.9668,-4.1220,-2.7480,0.025543,0.034601,0.084821,0.000179,0.6000,+0
9.9975,ascent,0.3503,51.7676,45.8789,-6.8700,-6.8700,0.024931,0.019927,0.084827,0.000173,0.6000,+0
9.9985,ascent,0.3503,51.6797,45.8789,-8.2440,-8.2440,0.025124,0.019977,0.084827,0.000173,0.6000,+0
9.9996,ascent,0.3503,51.6797,45.7910,-9.6180,-9.6180,0.025134,0.020718,0.084844,0.000156,0.6000,+0
10.0007,ascent,0.3503,51.6797,45.7910,-9.6180,-12.3660,0.025134,0.020827,0.084844,0.000156,0.6000,+0
10.0020,ascent,0.3503,51.5918,45.7031,-10.9920,-13.7400,0.025322,0.021563,0.084846,0.000154,0.6000,+0
10.0030,ascent,0.3503,51.5918,45.7031,-12.3660,-15.1140,0.025337,0.021617,0.084845,0.000155,0.6000,+0
10.0041,ascent,0.3503,51.5918,45.7031,-13.7400,-16.4880,0.025351,0.021672,0.084845,0.000155,0.6000,+0
10.0053,ascent,0.3503,51.5918,45.6152,-13.7400,-17.8620,0.025346,0.022413,0.084849,0.000151,0.6000,+0
10.0063,ascent,0.3503,51.5918,45.6152,-15.1140,-19.2360,0.025360,0.022467,0.084849,0.000151,0.6000,+0
10.0075,ascent,0.3503,51.5039,45.5273,-15.1140,-21.9840,0.025534,0.023258,0.084858,0.000142,0.6000,+0
10.0085,ascent,0.3503,51.5039,45.5273,-16.4880,-21.9840,0.025549,0.023258,0.084858,0.000142,0.6000,+0
10.0096,ascent,0.3503,51.5039,45.5273,-16.4880,-23.3580,0.025549,0.023312,0.084859,0.000141,0.6000,+0
10.0107,ascent,0.3503,51.5039,45.4395,-16.4880,-23.3580,0.025544,0.023999,0.084859,0.000141,0.6000,+0
10.0120,ascent,0.3503,51.5039,45.4395,-16.4880,-24.7320,0.025544,0.024053,0.084868,0.000132,0.6000,+0
10.0130,ascent,0.3503,51.5039,45.4395,-17.8620,-24.7320,0.025558,0.024053,0.084861,0.000139,0.6000,+0
10.0141,ascent,0.3503,51.5039,45.3516,-16.4880,-26.1060,0.025539,0.024795,0.084861,0.000139,0.6000,+0
10.0153,ascent,0.3503,51.5039,45.3516,-16.4880,-26.1060,0.025539,0.024795,0.084888,0.000112,0.6000,+0
10.0163,ascent,0.3503,51.5039,45.3516,-16.4880,-26.1060,0.025539,0.024795,0.084888,0.000112,0.6000,+0
10.0175,ascent,0.3503,51.4160,45.2637,-16.4880,-27.4800,0.025713,0.025531,0.084873,0.000127,0.6000,+0
10.0185,ascent,0.3503,51.4160,45.2637,-16.4880,-27.4800,0.025713,0.025531,0.084873,0.000127,0.6000,+0
10.0196,ascent,0.3503,51.4160,45.2637,-16.4880,-27.4800,0.025713,0.025531,0.084903,0.000097,0.6000,+0
10.0207,ascent,0.3503,51.4160,45.1758,-16.4880,-28.8540,0.025709,0.026272,0.084876,0.000124,0.6000,+0
10.0220,ascent,0.3503,51.4160,45.1758,-16.4880,-28.8540,0.025709,0.026272,0.084876,0.000124,0.6000,+0
10.0230,ascent,0.3503,51.4160,45.1758,-16.4880,-28.8540,0.025709,0.026272,0.084901,0.000099,0.6000,+0
10.0241,ascent,0.3503,51.4160,45.0000,-16.4880,-28.8540,0.025699,0.027645,0.084901,0.000099,0.6000,+0
10.0254,ascent,0.3503,51.4160,45.0000,-15.1140,-28.8540,0.025685,0.027645,0.084894,0.000106,0.6000,+0
10.0263,ascent,0.3503,51.4160,45.0000,-15.1140,-28.8540,0.025685,0.027645,0.084894,0.000106,0.6000,+0
10.0275,ascent,0.3503,51.3281,44.9121,-15.1140,-28.8540,0.025859,0.028327,0.084904,0.000096,0.6000,+0
10.0285,ascent,0.3503,51.3281,44.9121,-15.1140,-28.8540,0.025859,0.028327,0.084904,0.000096,0.6000,+0
10.0296,ascent,0.3503,51.3281,44.9121,-13.7400,-28.8540,0.025845,0.028327,0.084898,0.000102,0.6000,+0
10.0307,ascent,0.3503,51.3281,44.8242,-13.7400,-28.8540,0.025840,0.029014,0.084898,0.000102,0.6000,+0
10.0320,ascent,0.3503,51.3281,44.8242,-13.7400,-28.8540,0.025840,0.029014,0.084908,0.000092,0.6000,+0
10.0330,ascent,0.3503,51.3281,44.8242,-12.3660,-27.4800,0.025826,0.028960,0.084913,0.000087,0.6000,+0
10.0341,ascent,0.3503,51.3281,44.8242,-12.3660,-27.4800,0.025826,0.028960,0.084913,0.000087,0.6000,+0
10.0353,ascent,0.3503,51.3281,44.7363,-10.9920,-27.4800,0.025806,0.029646,0.084925,0.000075,0.6000,+0
10.0363,ascent,0.3503,51.3281,44.7363,-10.9920,-27.4800,0.025806,0.029646,0.084925,0.000075,0.6000,+0
10.0375,ascent,0.3503,51.2402,44.6484,-10.9920,-27.4800,0.025981,0.030328,0.084927,0.000073,0.6000,+0
10.0385,ascent,0.3503,51.2402,44.6484,-10.9920,-27.4800,0.025981,0.030328,0.084927,0.000073,0.6000,+0
10.0396,ascent,0.3503,51.2402,44.6484,-9.6180,-26.1060,0.025966,0.030274,0.084930,0.000070,0.6000,+0
10.0407,ascent,0.3503,51.2402,44.6484,-9.6180,-26.1060,0.025966,0.030274,0.084930,0.000070,0.6000,+0
10.0420,ascent,0.3503,51.2402,44.5605,-9.6180,-26.1060,0.025962,0.030961,0.084927,0.000073,0.6000,+0
10.0430,ascent,0.3503,51.1523,44.5605,-9.6180,-26.1060,0.026141,0.030956,0.084944,0.000056,0.6000,+0
10.0441,ascent,0.3503,51.1523,44.5605,-9.6180,-26.1060,0.026141,0.030956,0.084944,0.000056,0.6000,+0
10.0453,ascent,0.3503,51.1523,44.5605,-9.6180,-24.7320,0.026141,0.030901,0.084950,0.000050,0.6000,+0
10.0463,ascent,0.3503,51.1523,44.4727,-9.6180,-24.7320,0.026136,0.031588,0.084950,0.000050,0.6000,+0
10.0475,ascent,0.3503,51.0645,44.4727,-10.9920,-24.7320,0.026329,0.031583,0.084947,0.000053,0.6000,+0
10.0485,ascent,0.3503,51.0645,44.4727,-10.9920,-24.7320,0.026329,0.031583,0.084947,0.000053,0.6000,+0
10.0496,ascent,0.3503,51.0645,44.3848,-10.9920,-24.7320,0.026324,0.032270,0.084952,0.000048,0.6000,+0
10.0507,ascent,0.3503,51.0645,44.3848,-10.9920,-24.7320,0.026324,0.032270,0.084952,0.000048,0.6000,+0
10.0520,ascent,0.3503,50.9766,44.3848,-10.9920,-24.7320,0.026503,0.032265,0.084956,0.000044,0.6000,+0
10.0530,ascent,0.3503,50.9766,44.3848,-10.9920,-23.3580,0.026503,0.032211,0.084961,0.000039,0.6000,+0
10.0541,ascent,0.3503,50.9766,44.3848,-12.3660,-23.3580,0.026518,0.032211,0.084961,0.000039,0.6000,+0
10.0554,ascent,0.3503,50.9766,44.2969,-12.3660,-23.3580,0.026513,0.032898,0.084973,0.000027,0.6000,+0
10.0563,ascent,0.3503,50.9766,44.2969,-12.3660,-23.3580,0.026513,0.032898,0.084973,0.000027,0.6000,+0
10.0575,ascent,0.3503,50.8887,44.2969,-12.3660,-23.3580,0.026692,0.032893,0.084958,0.000042,0.6000,+0
10.0585,ascent,0.3503,50.8887,44.2090,-12.3660,-23.3580,0.026687,0.033580,0.084958,0.000042,0.6000,+0
10.0596,ascent,0.3503,50.8887,44.2090,-12.3660,-21.9840,0.026687,0.033525,0.084967,0.000033,0.6000,+0
10.0607,ascent,0.3503,50.8008,44.2090,-13.7400,-21.9840,0.026880,0.033521,0.084972,0.000028,0.6000,+0
10.0620,ascent,0.3503,50.8008,44.2090,-13.7400,-21.9840,0.026880,0.033521,0.084972,0.000028,0.6000,+0
10.0630,ascent,0.3503,50.8008,44.2090,-13.7400,-21.9840,0.026880,0.033521,0.084962,0.000038,0.6000,+0
10.0641,ascent,0.3638,50.7129,44.2090,-15.1140,-20.6100,0.027074,0.033462,0.084962,0.000038,0.6000,+0
10.0654,ascent,0.3638,50.7129,44.2090,-15.1140,-20.6100,0.027074,0.033462,0.084991,0.000009,0.6000,+0
10.0663,ascent,0.3638,50.7129,44.1211,-15.1140,-20.6100,0.027069,0.034148,0.084991,0.000009,0.6000,+0
10.0673,ascent,0.3638,50.7129,44.1211,-16.4880,-20.6100,0.027083,0.034148,0.084977,0.000023,0.6000,+0
10.0685,ascent,0.3638,50.6250,44.1211,-17.8620,-20.6100,0.027276,0.034144,0.084977,0.000023,0.6000,+0
10.0696,ascent,0.3638,50.6250,44.1211,-17.8620,-19.2360,0.027276,0.034089,0.084985,0.000015,0.6000,+0
10.0707,ascent,0.3638,50.5371,44.1211,-17.8620,-19.2360,0.027455,0.034084,0.084985,0.000015,0.6000,+0
10.0720,ascent,0.3638,50.5371,44.1211,-17.8620,-17.8620,0.027455,0.034030,0.084978,0.000022,0.6000,+0
10.0730,ascent,0.3638,50.5371,44.1211,-19.2360,-17.8620,0.027470,0.034030,0.084986,0.000014,0.6000,+0
10.0741,ascent,0.3638,50.5371,44.0332,-19.2360,-17.8620,0.027465,0.034717,0.084986,0.000014,0.6000,+0
10.0753,ascent,0.3638,50.4492,44.0332,-19.2360,-17.8620,0.027644,0.034712,0.084978,0.000022,0.6000,+0
10.0763,ascent,0.3638,50.4492,44.0332,-19.2360,-16.4880,0.027644,0.034658,0.084978,0.000022,0.6000,+0
10.0775,ascent,0.3638,50.3613,44.0332,-20.6100,-16.4880,0.027837,0.034653,0.084977,0.000023,0.6000,+0
10.0785,ascent,0.3638,50.3613,44.0332,-20.6100,-16.4880,0.027837,0.034653,0.084977,0.000023,0.6000,+0
10.0796,ascent,0.3638,50.2734,44.0332,-20.6100,-15.1140,0.028016,0.034594,0.084980,0.000020,0.6000,+0
10.0807,ascent,0.3638,50.2734,44.0332,-21.9840,-15.1140,0.028030,0.034594,0.084980,0.000020,0.6000,+0
10.0820,ascent,0.3638,50.2734,44.0332,-21.9840,-13.7400,0.028030,0.034539,0.084980,0.000020,0.6000,+0
10.0830,ascent,0.3638,50.1855,44.0332,-21.9840,-13.7400,0.028209,0.034535,0.084985,0.000015,0.6000,+0
10.0841,ascent,0.3638,50.1855,44.0332,-23.3580,-13.7400,0.028224,0.034535,0.084985,0.000015,0.6000,+0
10.0854,ascent,0.3638,50.1855,44.0332,-23.3580,-12.3660,0.028224,0.034480,0.084979,0.000021,0.6000,+0
10.0863,ascent,0.3638,50.1855,44.0332,-23.3580,-12.3660,0.028224,0.034480,0.084979,0.000021,0.6000,+0
10.0875,ascent,0.3638,50.0977,44.0332,-24.7320,-10.9920,0.028417,0.034421,0.084977,0.000023,0.6000,+0
10.0885,ascent,0.3638,50.0098,44.0332,-24.7320,-10.9920,0.028596,0.034416,0.084977,0.000023,0.6000,+0
10.0896,ascent,0.3638,50.0098,44.0332,-24.7320,-9.6180,0.028596,0.034362,0.084980,0.000020,0.6000,+0
10.0907,ascent,0.3638,49.9219,44.0332,-26.1060,-9.6180,0.028789,0.034357,0.084980,0.000020,0.6000,+0
