Time_s,Phase,Force_N,UR5_Z_m,UR5_displacement_m
0.0054,descent,0.7160,0.100007,-0.000007
0.0107,descent,0.7160,0.100001,-0.000001
0.0159,descent,0.7160,0.100002,-0.000002
0.0211,descent,0.7160,0.100004,-0.000004
0.0263,descent,0.7160,0.099988,0.000012
0.0314,descent,0.7160,0.099998,0.000002
0.0366,descent,0.7160,0.100007,-0.000007
0.0418,descent,0.7160,0.099990,0.000010
0.0470,descent,0.7160,0.099981,0.000019
0.0521,descent,0.7160,0.099975,0.000025
0.0573,descent,0.7160,0.099988,0.000012
0.0625,descent,0.7160,0.099974,0.000026
0.0631,descent,0.7176,0.099974,0.000026
0.0683,descent,0.7176,0.099986,0.000014
0.0734,descent,0.7176,0.099973,0.000027
0.0785,descent,0.7176,0.099961,0.000039
0.0836,descent,0.7176,0.099961,0.000039
0.0888,descent,0.7176,0.099971,0.000029
0.0939,descent,0.7176,0.099968,0.000032
0.0990,descent,0.7176,0.099949,0.000051
0.1042,descent,0.7176,0.099960,0.000040
0.1094,descent,0.7176,0.099937,0.000063
0.1147,descent,0.7176,0.099931,0.000069
0.1199,descent,0.7176,0.099930,0.000070
0.1251,descent,0.7176,0.099938,0.000062
0.1304,descent,0.7176,0.099912,0.000088
0.1356,descent,0.7176,0.099903,0.000097
0.1408,descent,0.7176,0.099900,0.000100
0.1460,descent,0.7176,0.099882,0.000118
0.1511,descent,0.7176,0.099883,0.000117
0.1531,descent,0.7190,0.099892,0.000108
0.1582,descent,0.7190,0.099879,0.000121
0.1634,descent,0.7190,0.099866,0.000134
0.1685,descent,0.7190,0.099847,0.000153
0.1736,descent,0.7190,0.099842,0.000158
0.1787,descent,0.7190,0.099830,0.000170
0.1838,descent,0.7190,0.099825,0.000175
0.1889,descent,0.7190,0.099792,0.000208
0.1941,descent,0.7190,0.099793,0.000207
0.1993,descent,0.7190,0.099771,0.000229
0.2045,descent,0.7190,0.099769,0.000231
0.2097,descent,0.7190,0.099741,0.000259
0.2148,descent,0.7190,0.099738,0.000262
0.2200,descent,0.7190,0.099727,0.000273
0.2252,descent,0.7190,0.099697,0.000303
0.2303,descent,0.7190,0.099685,0.000315
0.2355,descent,0.7190,0.099670,0.000330
0.2406,descent,0.7190,0.099651,0.000349
0.2430,descent,0.7250,0.099644,0.000356
0.2481,descent,0.7250,0.099642,0.000358
0.2532,descent,0.7250,0.099615,0.000385
0.2583,descent,0.7250,0.099605,0.000395
0.2635,descent,0.7250,0.099586,0.000414
0.2686,descent,0.7250,0.099567,0.000433
0.2739,descent,0.7250,0.099549,0.000451
0.2791,descent,0.7250,0.099521,0.000479
0.2843,descent,0.7250,0.099506,0.000494
0.2896,descent,0.7250,0.099507,0.000493
0.2947,descent,0.7250,0.099494,0.000506
0.2999,descent,0.7250,0.099502,0.000498
0.3052,descent,0.7250,0.099477,0.000523
0.3103,descent,0.7250,0.099463,0.000537
0.3155,descent,0.7250,0.099469,0.000531
0.3207,descent,0.7250,0.099464,0.000536
0.3259,descent,0.7250,0.099454,0.000546
0.3312,descent,0.7250,0.099432,0.000568
0.3332,descent,0.7511,0.099451,0.000549
0.3384,descent,0.7511,0.099430,0.000570
0.3436,descent,0.7511,0.099424,0.000576
0.3487,descent,0.7511,0.099419,0.000581
0.3538,descent,0.7511,0.099419,0.000581
0.3590,descent,0.7511,0.099392,0.000608
0.3642,descent,0.7511,0.099416,0.000584
0.3693,descent,0.7511,0.099397,0.000603
0.3745,descent,0.7511,0.099353,0.000647
0.3797,descent,0.7511,0.099373,0.000627
0.3849,descent,0.7511,0.099338,0.000662
0.3900,descent,0.7511,0.099352,0.000648
0.3952,descent,0.7511,0.099327,0.000673
0.4004,descent,0.7511,0.099316,0.000684
0.4056,descent,0.7511,0.099315,0.000685
0.4108,descent,0.7511,0.099306,0.000694
0.4159,descent,0.7511,0.099290,0.000710
0.4182,descent,0.8048,0.099278,0.000722
0.4234,descent,0.8048,0.099274,0.000726
0.4286,descent,0.8048,0.099254,0.000746
0.4337,descent,0.8048,0.099234,0.000766
0.4389,descent,0.8048,0.099232,0.000768
0.4440,descent,0.8048,0.099196,0.000804
0.4492,descent,0.8048,0.099196,0.000804
0.4544,descent,0.8048,0.099189,0.000811
0.4595,descent,0.8048,0.099173,0.000827
0.4646,descent,0.8048,0.099159,0.000841
0.4697,descent,0.8048,0.099170,0.000830
0.4748,descent,0.8048,0.099129,0.000871
0.4799,descent,0.8048,0.099129,0.000871
0.4850,descent,0.8048,0.099107,0.000893
0.4901,descent,0.8048,0.099103,0.000897
0.4952,descent,0.8048,0.099076,0.000924
0.5004,descent,0.8048,0.099071,0.000929
0.5056,descent,0.8048,0.099065,0.000935
0.5081,descent,0.8615,0.099038,0.000962
0.5133,descent,0.8615,0.099052,0.000948
0.5185,descent,0.8615,0.099022,0.000978
0.5236,descent,0.8615,0.099017,0.000983
0.5288,descent,0.8615,0.098987,0.001013
0.5340,descent,0.8615,0.098985,0.001015
0.5391,descent,0.8615,0.098975,0.001025
0.5443,descent,0.8615,0.098982,0.001018
0.5495,descent,0.8615,0.098954,0.001046
0.5546,descent,0.8615,0.098955,0.001045
0.5598,descent,0.8615,0.098957,0.001043
0.5650,descent,0.8615,0.098944,0.001056
0.5701,descent,0.8615,0.098931,0.001069
0.5753,descent,0.8615,0.098919,0.001081
0.5805,descent,0.8615,0.098914,0.001086
0.5857,descent,0.8615,0.098895,0.001105
0.5910,descent,0.8615,0.098899,0.001101
0.5961,descent,0.8615,0.098877,0.001123
0.5981,descent,0.8965,0.098877,0.001123
0.6032,descent,0.8965,0.098870,0.001130
0.6084,descent,0.8965,0.098854,0.001146
0.6136,descent,0.8965,0.098852,0.001148
0.6189,descent,0.8965,0.098839,0.001161
0.6256,descent,0.8965,0.098832,0.001168
0.6309,descent,0.8965,0.098819,0.001181
0.6361,descent,0.8965,0.098813,0.001187
0.6413,descent,0.8965,0.098793,0.001207
0.6465,descent,0.8965,0.098787,0.001213
0.6517,descent,0.8965,0.098779,0.001221
0.6569,descent,0.8965,0.098772,0.001228
0.6620,descent,0.8965,0.098753,0.001247
0.6672,descent,0.8965,0.098742,0.001258
0.6725,descent,0.8965,0.098730,0.001270
0.6777,descent,0.8965,0.098720,0.001280
0.6829,descent,0.8965,0.098711,0.001289
0.6882,descent,0.9372,0.098707,0.001293
0.6934,descent,0.9372,0.098695,0.001305
0.6986,descent,0.9372,0.098689,0.001311
0.7038,descent,0.9372,0.098667,0.001333
0.7090,descent,0.9372,0.098666,0.001334
0.7142,descent,0.9372,0.098643,0.001357
0.7194,descent,0.9372,0.098647,0.001353
0.7247,descent,0.9372,0.098620,0.001380
0.7323,descent,0.9372,0.098606,0.001394
0.7375,descent,0.9372,0.098602,0.001398
0.7427,descent,0.9372,0.098597,0.001403
0.7479,descent,0.9372,0.098561,0.001439
0.7530,descent,0.9372,0.098562,0.001438
0.7582,descent,0.9372,0.098538,0.001462
0.7634,descent,0.9372,0.098537,0.001463
0.7686,descent,0.9372,0.098517,0.001483
0.7732,descent,0.9786,0.098533,0.001467
0.7784,descent,0.9786,0.098510,0.001490
0.7836,descent,0.9786,0.098474,0.001526
0.7887,descent,0.9786,0.098479,0.001521
0.7939,descent,0.9786,0.098490,0.001510
0.7991,descent,0.9786,0.098461,0.001539
0.8042,descent,0.9786,0.098452,0.001548
0.8094,descent,0.9786,0.098442,0.001558
0.8146,descent,0.9786,0.098416,0.001584
0.8198,descent,0.9786,0.098406,0.001594
0.8249,descent,0.9786,0.098403,0.001597
0.8301,descent,0.9786,0.098391,0.001609
0.8353,descent,0.9786,0.098383,0.001617
0.8405,descent,0.9786,0.098368,0.001632
0.8456,descent,0.9786,0.098365,0.001635
0.8508,descent,0.9786,0.098337,0.001663
0.8560,descent,0.9786,0.098331,0.001669
0.8611,descent,0.9786,0.098338,0.001662
0.8632,descent,1.0148,0.098340,0.001660
0.8683,descent,1.0148,0.098324,0.001676
0.8735,descent,1.0148,0.098306,0.001694
0.8786,descent,1.0148,0.098310,0.001690
0.8836,descent,1.0148,0.098282,0.001718
0.8887,descent,1.0148,0.098284,0.001716
0.8938,descent,1.0148,0.098266,0.001734
0.8989,descent,1.0148,0.098258,0.001742
0.9040,descent,1.0148,0.098249,0.001751
0.9091,descent,1.0148,0.098240,0.001760
0.9141,descent,1.0148,0.098233,0.001767
0.9192,descent,1.0148,0.098212,0.001788
0.9243,descent,1.0148,0.098222,0.001778
0.9294,descent,1.0148,0.098206,0.001794
0.9346,descent,1.0148,0.098200,0.001800
0.9397,descent,1.0148,0.098174,0.001826
0.9449,descent,1.0148,0.098172,0.001828
0.9502,descent,1.0148,0.098160,0.001840
0.9533,descent,1.0501,0.098156,0.001844
0.9585,descent,1.0501,0.098147,0.001853
0.9636,descent,1.0501,0.098133,0.001867
0.9688,descent,1.0501,0.098123,0.001877
0.9740,descent,1.0501,0.098113,0.001887
0.9791,descent,1.0501,0.098102,0.001898
0.9843,descent,1.0501,0.098096,0.001904
0.9895,descent,1.0501,0.098103,0.001897
0.9946,descent,1.0501,0.098077,0.001923
0.9998,descent,1.0501,0.098071,0.001929
1.0050,descent,1.0501,0.098052,0.001948
1.0102,descent,1.0501,0.098047,0.001953
1.0154,descent,1.0501,0.098040,0.001960
1.0206,descent,1.0501,0.098030,0.001970
1.0257,descent,1.0501,0.098016,0.001984
1.0309,descent,1.0501,0.097998,0.002002
1.0361,descent,1.0501,0.097984,0.002016
1.0412,descent,1.0501,0.097985,0.002015
1.0431,descent,1.0850,0.097977,0.002023
1.0482,descent,1.0850,0.097963,0.002037
1.0534,descent,1.0850,0.097944,0.002056
1.0586,descent,1.0850,0.097942,0.002058
1.0638,descent,1.0850,0.097929,0.002071
1.0689,descent,1.0850,0.097930,0.002070
1.0742,descent,1.0850,0.097922,0.002078
1.0795,descent,1.0850,0.097905,0.002095
1.0847,descent,1.0850,0.097883,0.002117
1.0899,descent,1.0850,0.097886,0.002114
1.0951,descent,1.0850,0.097873,0.002127
1.1003,descent,1.0850,0.097871,0.002129
1.1054,descent,1.0850,0.097862,0.002138
1.1106,descent,1.0850,0.097856,0.002144
1.1159,descent,1.0850,0.097832,0.002168
1.1229,descent,1.0850,0.097817,0.002183
1.1282,descent,1.0850,0.097802,0.002198
1.1333,descent,1.1185,0.097786,0.002214
1.1386,descent,1.1185,0.097782,0.002218
1.1438,descent,1.1185,0.097779,0.002221
1.1491,descent,1.1185,0.097762,0.002238
1.1543,descent,1.1185,0.097742,0.002258
1.1596,descent,1.1185,0.097756,0.002244
1.1648,descent,1.1185,0.097754,0.002246
1.1700,descent,1.1185,0.097730,0.002270
1.1753,descent,1.1185,0.097712,0.002288
1.1805,descent,1.1185,0.097708,0.002292
1.1858,descent,1.1185,0.097706,0.002294
1.1911,descent,1.1185,0.097688,0.002312
1.1963,descent,1.1185,0.097670,0.002330
1.2015,descent,1.1185,0.097670,0.002330
1.2068,descent,1.1185,0.097666,0.002334
1.2120,descent,1.1185,0.097648,0.002352
1.2171,descent,1.1185,0.097656,0.002344
1.2222,descent,1.1185,0.097648,0.002352
1.2231,descent,1.1507,0.097648,0.002352
1.2283,descent,1.1507,0.097634,0.002366
1.2335,descent,1.1507,0.097622,0.002378
1.2386,descent,1.1507,0.097593,0.002407
1.2437,descent,1.1507,0.097585,0.002415
1.2488,descent,1.1507,0.097580,0.002420
1.2539,descent,1.1507,0.097571,0.002429
1.2591,descent,1.1507,0.097566,0.002434
1.2642,descent,1.1507,0.097543,0.002457
1.2694,descent,1.1507,0.097549,0.002451
1.2746,descent,1.1507,0.097528,0.002472
1.2798,descent,1.1507,0.097512,0.002488
1.2850,descent,1.1507,0.097501,0.002499
1.2902,descent,1.1507,0.097490,0.002510
1.2954,descent,1.1507,0.097482,0.002518
1.3005,descent,1.1507,0.097469,0.002531
1.3064,descent,1.1507,0.097456,0.002544
1.3115,descent,1.1507,0.097437,0.002563
1.3131,descent,1.1825,0.097437,0.002563
1.3183,descent,1.1825,0.097428,0.002572
1.3235,descent,1.1825,0.097424,0.002576
1.3288,descent,1.1825,0.097400,0.002600
1.3340,descent,1.1825,0.097394,0.002606
1.3393,descent,1.1825,0.097394,0.002606
1.3445,descent,1.1825,0.097371,0.002629
1.3496,descent,1.1825,0.097362,0.002638
1.3548,descent,1.1825,0.097346,0.002654
1.3600,descent,1.1825,0.097336,0.002664
1.3652,descent,1.1825,0.097326,0.002674
1.3705,descent,1.1825,0.097314,0.002686
1.3757,descent,1.1825,0.097312,0.002688
1.3809,descent,1.1825,0.097306,0.002694
1.3862,descent,1.1825,0.097275,0.002725
1.3914,descent,1.1825,0.097268,0.002732
1.3966,descent,1.1825,0.097288,0.002712
1.4018,descent,1.1825,0.097270,0.002730
1.4034,descent,1.2120,0.097267,0.002733
1.4087,descent,1.2120,0.097247,0.002753
1.4139,descent,1.2120,0.097249,0.002751
1.4191,descent,1.2120,0.097223,0.002777
1.4243,descent,1.2120,0.097204,0.002796
1.4294,descent,1.2120,0.097202,0.002798
1.4345,descent,1.2120,0.097193,0.002807
1.4396,descent,1.2120,0.097172,0.002828
1.4447,descent,1.2120,0.097181,0.002819
1.4498,descent,1.2120,0.097160,0.002840
1.4549,descent,1.2120,0.097158,0.002842
1.4600,descent,1.2120,0.097139,0.002861
1.4651,descent,1.2120,0.097124,0.002876
1.4702,descent,1.2120,0.097141,0.002859
1.4753,descent,1.2120,0.097113,0.002887
1.4804,descent,1.2120,0.097112,0.002888
1.4856,descent,1.2120,0.097099,0.002901
1.4908,descent,1.2120,0.097093,0.002907
1.4930,descent,1.2444,0.097087,0.002913
1.4982,descent,1.2444,0.097080,0.002920
1.5035,descent,1.2444,0.097064,0.002936
1.5087,descent,1.2444,0.097051,0.002949
1.5139,descent,1.2444,0.097043,0.002957
1.5191,descent,1.2444,0.097024,0.002976
1.5243,descent,1.2444,0.097023,0.002977
1.5294,descent,1.2444,0.097016,0.002984
1.5346,descent,1.2444,0.096999,0.003001
1.5398,descent,1.2444,0.096992,0.003008
1.5450,descent,1.2444,0.096991,0.003009
1.5501,descent,1.2444,0.096961,0.003039
1.5554,descent,1.2444,0.096960,0.003040
1.5606,descent,1.2444,0.096945,0.003055
1.5658,descent,1.2444,0.096947,0.003053
1.5710,descent,1.2444,0.096931,0.003069
1.5762,descent,1.2444,0.096919,0.003081
1.5782,descent,1.2756,0.096921,0.003079
1.5834,descent,1.2756,0.096895,0.003105
1.5886,descent,1.2756,0.096900,0.003100
1.5938,descent,1.2756,0.096882,0.003118
1.5990,descent,1.2756,0.096880,0.003120
1.6042,descent,1.2756,0.096863,0.003137
1.6095,descent,1.2756,0.096839,0.003161
1.6146,descent,1.2756,0.096861,0.003139
1.6198,descent,1.2756,0.096846,0.003154
1.6250,descent,1.2756,0.096824,0.003176
1.6302,descent,1.2756,0.096807,0.003193
1.6354,descent,1.2756,0.096798,0.003202
1.6405,descent,1.2756,0.096776,0.003224
1.6457,descent,1.2756,0.096771,0.003229
1.6509,descent,1.2756,0.096757,0.003243
1.6560,descent,1.2756,0.096749,0.003251
1.6612,descent,1.2756,0.096751,0.003249
1.6664,descent,1.2756,0.096743,0.003257
1.6682,descent,1.3035,0.096728,0.003272
1.6735,descent,1.3035,0.096726,0.003274
1.6787,descent,1.3035,0.096695,0.003305
1.6838,descent,1.3035,0.096699,0.003301
1.6890,descent,1.3035,0.096671,0.003329
1.6942,descent,1.3035,0.096670,0.003330
1.6993,descent,1.3035,0.096660,0.003340
1.7044,descent,1.3035,0.096653,0.003347
1.7096,descent,1.3035,0.096646,0.003354
1.7147,descent,1.3035,0.096643,0.003357
1.7200,descent,1.3035,0.096621,0.003379
1.7252,descent,1.3035,0.096605,0.003395
1.7303,descent,1.3035,0.096601,0.003399
1.7356,descent,1.3035,0.096588,0.003412
1.7408,descent,1.3035,0.096574,0.003426
1.7459,descent,1.3035,0.096567,0.003433
1.7511,descent,1.3035,0.096556,0.003444
1.7563,descent,1.3035,0.096556,0.003444
1.7581,descent,1.3310,0.096541,0.003459
1.7633,descent,1.3310,0.096546,0.003454
1.7685,descent,1.3310,0.096534,0.003466
1.7737,descent,1.3310,0.096521,0.003479
1.7789,descent,1.3310,0.096501,0.003499
1.7840,descent,1.3310,0.096493,0.003507
1.7892,descent,1.3310,0.096477,0.003523
1.7944,descent,1.3310,0.096481,0.003519
1.7995,descent,1.3310,0.096456,0.003544
1.8046,descent,1.3310,0.096444,0.003556
1.8097,descent,1.3310,0.096448,0.003552
1.8148,descent,1.3310,0.096424,0.003576
1.8200,descent,1.3310,0.096432,0.003568
1.8251,descent,1.3310,0.096409,0.003591
1.8302,descent,1.3310,0.096393,0.003607
1.8353,descent,1.3310,0.096392,0.003608
1.8404,descent,1.3310,0.096378,0.003622
1.8456,descent,1.3310,0.096359,0.003641
1.8482,descent,1.3586,0.096355,0.003645
1.8535,descent,1.3586,0.096349,0.003651
1.8587,descent,1.3586,0.096346,0.003654
1.8639,descent,1.3586,0.096336,0.003664
1.8691,descent,1.3586,0.096312,0.003688
1.8743,descent,1.3586,0.096307,0.003693
1.8795,descent,1.3586,0.096312,0.003688
1.8847,descent,1.3586,0.096285,0.003715
1.8898,descent,1.3586,0.096291,0.003709
1.8950,descent,1.3586,0.096260,0.003740
1.9002,descent,1.3586,0.096244,0.003756
1.9055,descent,1.3586,0.096225,0.003775
1.9108,descent,1.3586,0.096236,0.003764
1.9162,descent,1.3586,0.096216,0.003784
1.9214,descent,1.3586,0.096221,0.003779
1.9267,descent,1.3586,0.096196,0.003804
1.9319,descent,1.3586,0.096182,0.003818
1.9333,descent,1.3872,0.096182,0.003818
1.9386,descent,1.3872,0.096182,0.003818
1.9438,descent,1.3872,0.096177,0.003823
1.9489,descent,1.3872,0.096147,0.003853
1.9541,descent,1.3872,0.096130,0.003870
1.9593,descent,1.3872,0.096131,0.003869
1.9645,descent,1.3872,0.096119,0.003881
1.9697,descent,1.3872,0.096114,0.003886
1.9748,descent,1.3872,0.096106,0.003894
1.9800,descent,1.3872,0.096086,0.003914
1.9852,descent,1.3872,0.096062,0.003938
1.9904,descent,1.3872,0.096072,0.003928
1.9956,descent,1.3872,0.096071,0.003929
2.0008,descent,1.3872,0.096062,0.003938
2.0060,descent,1.3872,0.096041,0.003959
2.0112,descent,1.3872,0.096037,0.003963
2.0164,descent,1.3872,0.096017,0.003983
2.0216,descent,1.3872,0.096012,0.003988
2.0231,descent,1.4147,0.096016,0.003984
2.0283,descent,1.4147,0.096006,0.003994
2.0336,descent,1.4147,0.095984,0.004016
2.0388,descent,1.4147,0.095975,0.004025
2.0439,descent,1.4147,0.095959,0.004041
2.0490,descent,1.4147,0.095957,0.004043
2.0542,descent,1.4147,0.095965,0.004035
2.0594,descent,1.4147,0.095949,0.004051
2.0646,descent,1.4147,0.095924,0.004076
2.0697,descent,1.4147,0.095905,0.004095
2.0749,descent,1.4147,0.095906,0.004094
2.0801,descent,1.4147,0.095900,0.004100
2.0853,descent,1.4147,0.095889,0.004111
2.0905,descent,1.4147,0.095865,0.004135
2.0957,descent,1.4147,0.095872,0.004128
2.1008,descent,1.4147,0.095852,0.004148
2.1060,descent,1.4147,0.095824,0.004176
2.1112,descent,1.4147,0.095839,0.004161
2.1132,descent,1.4404,0.095817,0.004183
2.1184,descent,1.4404,0.095822,0.004178
2.1236,descent,1.4404,0.095818,0.004182
2.1287,descent,1.4404,0.095811,0.004189
2.1339,descent,1.4404,0.095779,0.004221
2.1391,descent,1.4404,0.095780,0.004220
2.1442,descent,1.4404,0.095765,0.004235
2.1494,descent,1.4404,0.095766,0.004234
2.1546,descent,1.4404,0.095751,0.004249
2.1598,descent,1.4404,0.095738,0.004262
2.1650,descent,1.4404,0.095733,0.004267
2.1701,descent,1.4404,0.095709,0.004291
2.1753,descent,1.4404,0.095710,0.004290
2.1805,descent,1.4404,0.095689,0.004311
2.1857,descent,1.4404,0.095675,0.004325
2.1909,descent,1.4404,0.095680,0.004320
2.1961,descent,1.4404,0.095661,0.004339
2.2013,descent,1.4404,0.095660,0.004340
2.2031,descent,1.4639,0.095658,0.004342
2.2083,descent,1.4639,0.095643,0.004357
2.2134,descent,1.4639,0.095647,0.004353
2.2186,descent,1.4639,0.095615,0.004385
2.2238,descent,1.4639,0.095609,0.004391
2.2290,descent,1.4639,0.095595,0.004405
2.2341,descent,1.4639,0.095580,0.004420
2.2393,descent,1.4639,0.095583,0.004417
2.2445,descent,1.4639,0.095578,0.004422
2.2497,descent,1.4639,0.095564,0.004436
2.2548,descent,1.4639,0.095548,0.004452
2.2600,descent,1.4639,0.095531,0.004469
2.2651,descent,1.4639,0.095536,0.004464
2.2703,descent,1.4639,0.095516,0.004484
2.2755,descent,1.4639,0.095513,0.004487
2.2807,descent,1.4639,0.095497,0.004503
2.2859,descent,1.4639,0.095500,0.004500
2.2882,descent,1.4875,0.095487,0.004513
2.2934,descent,1.4875,0.095489,0.004511
2.2986,descent,1.4875,0.095471,0.004529
2.3038,descent,1.4875,0.095449,0.004551
2.3089,descent,1.4875,0.095457,0.004543
2.3141,descent,1.4875,0.095423,0.004577
2.3193,descent,1.4875,0.095439,0.004561
2.3245,descent,1.4875,0.095414,0.004586
2.3297,descent,1.4875,0.095401,0.004599
2.3349,descent,1.4875,0.095384,0.004616
2.3401,descent,1.4875,0.095382,0.004618
2.3453,descent,1.4875,0.095390,0.004610
2.3505,descent,1.4875,0.095363,0.004637
2.3556,descent,1.4875,0.095361,0.004639
2.3608,descent,1.4875,0.095342,0.004658
2.3660,descent,1.4875,0.095337,0.004663
2.3711,descent,1.4875,0.095319,0.004681
2.3763,descent,1.4875,0.095295,0.004705
2.3781,descent,1.5104,0.095313,0.004687
2.3834,descent,1.5104,0.095314,0.004686
2.3886,descent,1.5104,0.095283,0.004717
2.3938,descent,1.5104,0.095270,0.004730
2.3990,descent,1.5104,0.095274,0.004726
2.4043,descent,1.5104,0.095257,0.004743
2.4095,descent,1.5104,0.095240,0.004760
2.4147,descent,1.5104,0.095243,0.004757
2.4198,descent,1.5104,0.095228,0.004772
2.4250,descent,1.5104,0.095215,0.004785
2.4302,descent,1.5104,0.095202,0.004798
2.4354,descent,1.5104,0.095207,0.004793
2.4406,descent,1.5104,0.095178,0.004822
2.4458,descent,1.5104,0.095174,0.004826
2.4509,descent,1.5104,0.095161,0.004839
2.4561,descent,1.5104,0.095156,0.004844
2.4613,descent,1.5104,0.095151,0.004849
2.4665,descent,1.5104,0.095123,0.004877
2.4682,descent,1.5325,0.095138,0.004862
2.4734,descent,1.5325,0.095121,0.004879
2.4786,descent,1.5325,0.095098,0.004902
2.4838,descent,1.5325,0.095088,0.004912
2.4889,descent,1.5325,0.095097,0.004903
2.4941,descent,1.5325,0.095078,0.004922
2.4993,descent,1.5325,0.095072,0.004928
2.5044,descent,1.5325,0.095052,0.004948
2.5096,descent,1.5325,0.095044,0.004956
2.5148,descent,1.5325,0.095054,0.004946
2.5200,descent,1.5325,0.095036,0.004964
2.5252,descent,1.5325,0.095010,0.004990
2.5304,descent,1.5325,0.095001,0.004999
2.5356,descent,1.5325,0.094991,0.005009
2.5407,descent,1.5325,0.094982,0.005018
2.5459,descent,1.5325,0.094966,0.005034
2.5511,descent,1.5325,0.094945,0.005055
2.5562,descent,1.5325,0.094934,0.005066
2.5582,descent,1.5550,0.094953,0.005047
2.5633,descent,1.5550,0.094941,0.005059
2.5685,descent,1.5550,0.094929,0.005071
2.5737,descent,1.5550,0.094920,0.005080
2.5788,descent,1.5550,0.094908,0.005092
2.5840,descent,1.5550,0.094889,0.005111
2.5892,descent,1.5550,0.094887,0.005113
2.5943,descent,1.5550,0.094894,0.005106
2.5995,descent,1.5550,0.094860,0.005140
2.6047,descent,1.5550,0.094864,0.005136
2.6098,descent,1.5550,0.094836,0.005164
2.6150,descent,1.5550,0.094843,0.005157
2.6202,descent,1.5550,0.094852,0.005148
2.6253,descent,1.5550,0.094830,0.005170
2.6305,descent,1.5550,0.094823,0.005177
2.6357,descent,1.5550,0.094823,0.005177
2.6409,descent,1.5550,0.094806,0.005194
2.6460,descent,1.5550,0.094789,0.005211
2.6482,descent,1.5761,0.094765,0.005235
2.6534,descent,1.5761,0.094772,0.005228
2.6586,descent,1.5761,0.094771,0.005229
2.6637,descent,1.5761,0.094755,0.005245
2.6689,descent,1.5761,0.094744,0.005256
2.6741,descent,1.5761,0.094744,0.005256
2.6792,descent,1.5761,0.094713,0.005287
2.6844,descent,1.5761,0.094720,0.005280
2.6896,descent,1.5761,0.094706,0.005294
2.6948,descent,1.5761,0.094697,0.005303
2.7000,descent,1.5761,0.094674,0.005326
2.7052,descent,1.5761,0.094667,0.005333
2.7103,descent,1.5761,0.094658,0.005342
2.7155,descent,1.5761,0.094644,0.005356
2.7207,descent,1.5761,0.094641,0.005359
2.7258,descent,1.5761,0.094618,0.005382
2.7310,descent,1.5761,0.094598,0.005402
2.7362,descent,1.5761,0.094591,0.005409
2.7381,descent,1.5987,0.094596,0.005404
2.7433,descent,1.5987,0.094590,0.005410
2.7485,descent,1.5987,0.094570,0.005430
2.7537,descent,1.5987,0.094562,0.005438
2.7588,descent,1.5987,0.094540,0.005460
2.7640,descent,1.5987,0.094542,0.005458
2.7693,descent,1.5987,0.094524,0.005476
2.7745,descent,1.5987,0.094509,0.005491
2.7797,descent,1.5987,0.094507,0.005493
2.7849,descent,1.5987,0.094485,0.005515
2.7901,descent,1.5987,0.094477,0.005523
2.7952,descent,1.5987,0.094463,0.005537
2.8003,descent,1.5987,0.094446,0.005554
2.8054,descent,1.5987,0.094448,0.005552
2.8105,descent,1.5987,0.094441,0.005559
2.8156,descent,1.5987,0.094433,0.005567
2.8207,descent,1.5987,0.094422,0.005578
2.8257,descent,1.5987,0.094419,0.005581
2.8280,descent,1.6194,0.094431,0.005569
2.8332,descent,1.6194,0.094405,0.005595
2.8383,descent,1.6194,0.094414,0.005586
2.8435,descent,1.6194,0.094383,0.005617
2.8486,descent,1.6194,0.094372,0.005628
2.8538,descent,1.6194,0.094361,0.005639
2.8591,descent,1.6194,0.094372,0.005628
2.8643,descent,1.6194,0.094344,0.005656
2.8695,descent,1.6194,0.094345,0.005655
2.8747,descent,1.6194,0.094328,0.005672
2.8799,descent,1.6194,0.094350,0.005650
2.8852,descent,1.6194,0.094315,0.005685
2.8904,descent,1.6194,0.094309,0.005691
2.8955,descent,1.6194,0.094300,0.005700
2.9007,descent,1.6194,0.094277,0.005723
2.9059,descent,1.6194,0.094272,0.005728
2.9110,descent,1.6194,0.094274,0.005726
2.9162,descent,1.6194,0.094266,0.005734
2.9181,descent,1.6395,0.094240,0.005760
2.9233,descent,1.6395,0.094244,0.005756
2.9285,descent,1.6395,0.094231,0.005769
2.9336,descent,1.6395,0.094224,0.005776
2.9388,descent,1.6395,0.094199,0.005801
2.9439,descent,1.6395,0.094180,0.005820
2.9490,descent,1.6395,0.094175,0.005825
2.9542,descent,1.6395,0.094172,0.005828
2.9594,descent,1.6395,0.094152,0.005848
2.9646,descent,1.6395,0.094153,0.005847
2.9698,descent,1.6395,0.094135,0.005865
2.9750,descent,1.6395,0.094137,0.005863
2.9802,descent,1.6395,0.094109,0.005891
2.9855,descent,1.6395,0.094101,0.005899
2.9907,descent,1.6395,0.094094,0.005906
2.9959,descent,1.6395,0.094074,0.005926
3.0012,descent,1.6395,0.094079,0.005921
3.0034,descent,1.6603,0.094079,0.005921
3.0086,descent,1.6603,0.094024,0.005976
3.0139,descent,1.6603,0.094024,0.005976
3.0191,descent,1.6603,0.094019,0.005981
3.0243,descent,1.6603,0.094006,0.005994
3.0295,descent,1.6603,0.094000,0.006000
3.0347,descent,1.6603,0.093987,0.006013
3.0399,descent,1.6603,0.093985,0.006015
3.0451,descent,1.6603,0.093987,0.006013
3.0503,descent,1.6603,0.093960,0.006040
3.0555,descent,1.6603,0.093941,0.006059
3.0606,descent,1.6603,0.093945,0.006055
3.0658,descent,1.6603,0.093944,0.006056
3.0709,descent,1.6603,0.093924,0.006076
3.0761,descent,1.6603,0.093924,0.006076
3.0813,descent,1.6603,0.093911,0.006089
3.0866,descent,1.6603,0.093888,0.006112
3.0918,descent,1.6603,0.093893,0.006107
3.0932,descent,1.6776,0.093893,0.006107
3.0985,descent,1.6776,0.093875,0.006125
3.1037,descent,1.6776,0.093862,0.006138
3.1088,descent,1.6776,0.093851,0.006149
3.1140,descent,1.6776,0.093829,0.006171
3.1192,descent,1.6776,0.093828,0.006172
3.1244,descent,1.6776,0.093818,0.006182
3.1296,descent,1.6776,0.093788,0.006212
3.1349,descent,1.6776,0.093790,0.006210
3.1400,descent,1.6776,0.093779,0.006221
3.1452,descent,1.6776,0.093768,0.006232
3.1504,descent,1.6776,0.093777,0.006223
3.1556,descent,1.6776,0.093757,0.006243
3.1607,descent,1.6776,0.093730,0.006270
3.1659,descent,1.6776,0.093716,0.006284
3.1711,descent,1.6776,0.093730,0.006270
3.1763,descent,1.6776,0.093711,0.006289
3.1815,descent,1.6776,0.093706,0.006294
3.1831,descent,1.6989,0.093690,0.006310
3.1883,descent,1.6989,0.093697,0.006303
3.1935,descent,1.6989,0.093682,0.006318
3.1987,descent,1.6989,0.093659,0.006341
3.2039,descent,1.6989,0.093645,0.006355
3.2090,descent,1.6989,0.093643,0.006357
3.2142,descent,1.6989,0.093630,0.006370
3.2194,descent,1.6989,0.093631,0.006369
3.2246,descent,1.6989,0.093611,0.006389
3.2298,descent,1.6989,0.093602,0.006398
3.2352,descent,1.6989,0.093587,0.006413
3.2404,descent,1.6989,0.093580,0.006420
3.2456,descent,1.6989,0.093582,0.006418
3.2507,descent,1.6989,0.093548,0.006452
3.2559,descent,1.6989,0.093559,0.006441
3.2610,descent,1.6989,0.093539,0.006461
3.2661,descent,1.6989,0.093517,0.006483
3.2713,descent,1.6989,0.093529,0.006471
3.2732,descent,1.7179,0.093529,0.006471
3.2785,descent,1.7179,0.093506,0.006494
3.2837,descent,1.7179,0.093487,0.006513
3.2889,descent,1.7179,0.093491,0.006509
3.2942,descent,1.7179,0.093466,0.006534
3.2994,descent,1.7179,0.093454,0.006546
3.3046,descent,1.7179,0.093447,0.006553
3.3098,descent,1.7179,0.093430,0.006570
3.3150,descent,1.7179,0.093422,0.006578
3.3203,descent,1.7179,0.093402,0.006598
3.3255,descent,1.7179,0.093409,0.006591
3.3307,descent,1.7179,0.093396,0.006604
3.3359,descent,1.7179,0.093380,0.006620
3.3411,descent,1.7179,0.093388,0.006612
3.3463,descent,1.7179,0.093360,0.006640
3.3516,descent,1.7179,0.093359,0.006641
3.3568,descent,1.7179,0.093347,0.006653
3.3583,descent,1.7354,0.093342,0.006658
3.3635,descent,1.7354,0.093343,0.006657
3.3687,descent,1.7354,0.093315,0.006685
3.3739,descent,1.7354,0.093312,0.006688
3.3791,descent,1.7354,0.093321,0.006679
3.3843,descent,1.7354,0.093301,0.006699
3.3896,descent,1.7354,0.093280,0.006720
3.3948,descent,1.7354,0.093272,0.006728
3.4000,descent,1.7354,0.093246,0.006754
3.4052,descent,1.7354,0.093255,0.006745
3.4105,descent,1.7354,0.093230,0.006770
3.4158,descent,1.7354,0.093222,0.006778
3.4210,descent,1.7354,0.093220,0.006780
3.4264,descent,1.7354,0.093212,0.006788
3.4317,descent,1.7354,0.093190,0.006810
3.4370,descent,1.7354,0.093184,0.006816
3.4423,descent,1.7354,0.093178,0.006822
3.4476,descent,1.7354,0.093170,0.006830
3.4483,descent,1.7543,0.093170,0.006830
3.4535,descent,1.7543,0.093157,0.006843
3.4588,descent,1.7543,0.093143,0.006857
3.4640,descent,1.7543,0.093130,0.006870
3.4692,descent,1.7543,0.093126,0.006874
3.4743,descent,1.7543,0.093117,0.006883
3.4795,descent,1.7543,0.093098,0.006902
3.4847,descent,1.7543,0.093092,0.006908
3.4898,descent,1.7543,0.093093,0.006907
3.4950,descent,1.7543,0.093065,0.006935
3.5002,descent,1.7543,0.093071,0.006929
3.5054,descent,1.7543,0.093060,0.006940
3.5106,descent,1.7543,0.093052,0.006948
3.5158,descent,1.7543,0.093030,0.006970
3.5209,descent,1.7543,0.093018,0.006982
3.5261,descent,1.7543,0.093023,0.006977
3.5313,descent,1.7543,0.092998,0.007002
3.5365,descent,1.7543,0.092993,0.007007
3.5383,descent,1.7728,0.092971,0.007029
3.5435,descent,1.7728,0.092979,0.007021
3.5487,descent,1.7728,0.092970,0.007030
3.5538,descent,1.7728,0.092949,0.007051
3.5590,descent,1.7728,0.092951,0.007049
3.5642,descent,1.7728,0.092917,0.007083
3.5693,descent,1.7728,0.092913,0.007087
3.5745,descent,1.7728,0.092899,0.007101
3.5797,descent,1.7728,0.092918,0.007082
3.5849,descent,1.7728,0.092902,0.007098
3.5901,descent,1.7728,0.092889,0.007111
3.5953,descent,1.7728,0.092865,0.007135
3.6005,descent,1.7728,0.092861,0.007139
3.6057,descent,1.7728,0.092841,0.007159
3.6108,descent,1.7728,0.092834,0.007166
3.6160,descent,1.7728,0.092823,0.007177
3.6212,descent,1.7728,0.092827,0.007173
3.6264,descent,1.7728,0.092804,0.007196
3.6281,descent,1.7907,0.092812,0.007188
3.6333,descent,1.7907,0.092791,0.007209
3.6385,descent,1.7907,0.092790,0.007210
3.6437,descent,1.7907,0.092784,0.007216
3.6488,descent,1.7907,0.092762,0.007238
3.6540,descent,1.7907,0.092751,0.007249
3.6592,descent,1.7907,0.092759,0.007241
3.6644,descent,1.7907,0.092737,0.007263
3.6696,descent,1.7907,0.092735,0.007265
3.6748,descent,1.7907,0.092719,0.007281
3.6799,descent,1.7907,0.092716,0.007284
3.6851,descent,1.7907,0.092719,0.007281
3.6903,descent,1.7907,0.092689,0.007311
3.6955,descent,1.7907,0.092700,0.007300
3.7007,descent,1.7907,0.092689,0.007311
3.7059,descent,1.7907,0.092662,0.007338
3.7111,descent,1.7907,0.092665,0.007335
3.7132,descent,1.8102,0.092661,0.007339
3.7186,descent,1.8102,0.092644,0.007356
3.7239,descent,1.8102,0.092636,0.007364
3.7291,descent,1.8102,0.092625,0.007375
3.7343,descent,1.8102,0.092602,0.007398
3.7396,descent,1.8102,0.092602,0.007398
3.7448,descent,1.8102,0.092588,0.007412
3.7500,descent,1.8102,0.092565,0.007435
3.7553,descent,1.8102,0.092562,0.007438
3.7605,descent,1.8102,0.092554,0.007446
3.7657,descent,1.8102,0.092532,0.007468
3.7709,descent,1.8102,0.092505,0.007495
3.7761,descent,1.8102,0.092524,0.007476
3.7813,descent,1.8102,0.092513,0.007487
3.7865,descent,1.8102,0.092494,0.007506
3.7917,descent,1.8102,0.092472,0.007528
3.7969,descent,1.8102,0.092477,0.007523
3.8021,descent,1.8102,0.092468,0.007532
3.8032,descent,1.8290,0.092468,0.007532
3.8085,descent,1.8290,0.092457,0.007543
3.8136,descent,1.8290,0.092449,0.007551
3.8188,descent,1.8290,0.092414,0.007586
3.8240,descent,1.8290,0.092413,0.007587
3.8291,descent,1.8290,0.092404,0.007596
3.8344,descent,1.8290,0.092396,0.007604
3.8396,descent,1.8290,0.092387,0.007613
3.8447,descent,1.8290,0.092368,0.007632
3.8499,descent,1.8290,0.092365,0.007635
3.8550,descent,1.8290,0.092357,0.007643
3.8603,descent,1.8290,0.092365,0.007635
3.8654,descent,1.8290,0.092329,0.007671
3.8706,descent,1.8290,0.092324,0.007676
3.8758,descent,1.8290,0.092311,0.007689
3.8810,descent,1.8290,0.092304,0.007696
3.8862,descent,1.8290,0.092313,0.007687
3.8914,descent,1.8290,0.092295,0.007705
3.8932,descent,1.8437,0.092295,0.007705
3.8984,descent,1.8437,0.092277,0.007723
3.9035,descent,1.8437,0.092272,0.007728
3.9086,descent,1.8437,0.092262,0.007738
3.9137,descent,1.8437,0.092254,0.007746
3.9188,descent,1.8437,0.092253,0.007747
3.9238,descent,1.8437,0.092223,0.007777
3.9289,descent,1.8437,0.092220,0.007780
3.9340,descent,1.8437,0.092210,0.007790
3.9391,descent,1.8437,0.092188,0.007812
3.9444,descent,1.8437,0.092170,0.007830
3.9495,descent,1.8437,0.092172,0.007828
3.9546,descent,1.8437,0.092182,0.007818
3.9597,descent,1.8437,0.092130,0.007870
3.9648,descent,1.8437,0.092148,0.007852
3.9700,descent,1.8437,0.092117,0.007883
3.9753,descent,1.8437,0.092120,0.007880
3.9805,descent,1.8437,0.092116,0.007884
3.9831,descent,1.8621,0.092104,0.007896
3.9882,descent,1.8621,0.092085,0.007915
3.9933,descent,1.8621,0.092086,0.007914
3.9985,descent,1.8621,0.092070,0.007930
4.0035,descent,1.8621,0.092071,0.007929
4.0086,descent,1.8621,0.092056,0.007944
4.0137,descent,1.8621,0.092030,0.007970
4.0188,descent,1.8621,0.092018,0.007982
4.0239,descent,1.8621,0.092008,0.007992
4.0289,descent,1.8621,0.092008,0.007992
4.0340,descent,1.8621,0.091980,0.008020
4.0391,descent,1.8621,0.091987,0.008013
4.0442,descent,1.8621,0.091977,0.008023
4.0494,descent,1.8621,0.091951,0.008049
4.0546,descent,1.8621,0.091961,0.008039
4.0598,descent,1.8621,0.091946,0.008054
4.0660,descent,1.8621,0.091909,0.008091
4.0713,descent,1.8621,0.091910,0.008090
4.0733,descent,1.8785,0.091914,0.008086
4.0786,descent,1.8785,0.091899,0.008101
4.0839,descent,1.8785,0.091895,0.008105
4.0891,descent,1.8785,0.091893,0.008107
4.0945,descent,1.8785,0.091874,0.008126
4.0997,descent,1.8785,0.091862,0.008138
4.1049,descent,1.8785,0.091828,0.008172
4.1101,descent,1.8785,0.091846,0.008154
4.1152,descent,1.8785,0.091826,0.008174
4.1204,descent,1.8785,0.091800,0.008200
4.1256,descent,1.8785,0.091807,0.008193
4.1308,descent,1.8785,0.091783,0.008217
4.1359,descent,1.8785,0.091790,0.008210
4.1411,descent,1.8785,0.091778,0.008222
4.1463,descent,1.8785,0.091759,0.008241
4.1514,descent,1.8785,0.091759,0.008241
4.1566,descent,1.8785,0.091739,0.008261
4.1618,descent,1.8785,0.091729,0.008271
4.1631,descent,1.8933,0.091729,0.008271
4.1683,descent,1.8933,0.091713,0.008287
4.1735,descent,1.8933,0.091713,0.008287
4.1786,descent,1.8933,0.091702,0.008298
4.1838,descent,1.8933,0.091696,0.008304
4.1889,descent,1.8933,0.091704,0.008296
4.1941,descent,1.8933,0.091679,0.008321
4.1993,descent,1.8933,0.091672,0.008328
4.2045,descent,1.8933,0.091658,0.008342
4.2097,descent,1.8933,0.091661,0.008339
4.2150,descent,1.8933,0.091632,0.008368
4.2202,descent,1.8933,0.091631,0.008369
4.2253,descent,1.8933,0.091633,0.008367
4.2304,descent,1.8933,0.091608,0.008392
4.2355,descent,1.8933,0.091604,0.008396
4.2406,descent,1.8933,0.091593,0.008407
4.2457,descent,1.8933,0.091581,0.008419
4.2508,descent,1.8933,0.091564,0.008436
4.2531,descent,1.9113,0.091556,0.008444
4.2583,descent,1.9113,0.091559,0.008441
4.2635,descent,1.9113,0.091533,0.008467
4.2686,descent,1.9113,0.091522,0.008478
4.2737,descent,1.9113,0.091498,0.008502
4.2788,descent,1.9113,0.091514,0.008486
4.2839,descent,1.9113,0.091500,0.008500
4.2890,descent,1.9113,0.091470,0.008530
4.2941,descent,1.9113,0.091464,0.008536
4.2992,descent,1.9113,0.091448,0.008552
4.3043,descent,1.9113,0.091448,0.008552
4.3094,descent,1.9113,0.091431,0.008569
4.3146,descent,1.9113,0.091429,0.008571
4.3198,descent,1.9113,0.091419,0.008581
4.3250,descent,1.9113,0.091424,0.008576
4.3301,descent,1.9113,0.091379,0.008621
4.3353,descent,1.9113,0.091398,0.008602
4.3405,descent,1.9113,0.091375,0.008625
4.3432,descent,1.9271,0.091360,0.008640
4.3485,descent,1.9271,0.091351,0.008649
4.3537,descent,1.9271,0.091334,0.008666
4.3588,descent,1.9271,0.091340,0.008660
4.3640,descent,1.9271,0.091334,0.008666
4.3692,descent,1.9271,0.091331,0.008669
4.3743,descent,1.9271,0.091307,0.008693
4.3795,descent,1.9271,0.091288,0.008712
4.3847,descent,1.9271,0.091284,0.008716
4.3898,descent,1.9271,0.091279,0.008721
4.3950,descent,1.9271,0.091263,0.008737
4.4002,descent,1.9271,0.091258,0.008742
4.4053,descent,1.9271,0.091241,0.008759
4.4105,descent,1.9271,0.091238,0.008762
4.4157,descent,1.9271,0.091239,0.008761
4.4208,descent,1.9271,0.091213,0.008787
4.4260,descent,1.9271,0.091213,0.008787
4.4311,descent,1.9271,0.091202,0.008798
4.4333,descent,1.9408,0.091207,0.008793
4.4385,descent,1.9408,0.091185,0.008815
4.4437,descent,1.9408,0.091178,0.008822
4.4489,descent,1.9408,0.091159,0.008841
4.4541,descent,1.9408,0.091155,0.008845
4.4592,descent,1.9408,0.091149,0.008851
4.4644,descent,1.9408,0.091153,0.008847
4.4696,descent,1.9408,0.091134,0.008866
4.4748,descent,1.9408,0.091123,0.008877
4.4799,descent,1.9408,0.091114,0.008886
4.4851,descent,1.9408,0.091109,0.008891
4.4903,descent,1.9408,0.091093,0.008907
4.4954,descent,1.9408,0.091091,0.008909
4.5006,descent,1.9408,0.091071,0.008929
4.5058,descent,1.9408,0.091059,0.008941
4.5109,descent,1.9408,0.091064,0.008936
4.5161,descent,1.9408,0.091034,0.008966
4.5180,descent,1.9564,0.091027,0.008973
4.5232,descent,1.9564,0.091016,0.008984
4.5284,descent,1.9564,0.091007,0.008993
4.5336,descent,1.9564,0.090988,0.009012
4.5387,descent,1.9564,0.090999,0.009001
4.5440,descent,1.9564,0.090978,0.009022
4.5492,descent,1.9564,0.090982,0.009018
4.5543,descent,1.9564,0.090953,0.009047
4.5594,descent,1.9564,0.090952,0.009048
4.5645,descent,1.9564,0.090935,0.009065
4.5696,descent,1.9564,0.090935,0.009065
4.5747,descent,1.9564,0.090916,0.009084
4.5798,descent,1.9564,0.090905,0.009095
4.5849,descent,1.9564,0.090884,0.009116
4.5899,descent,1.9564,0.090888,0.009112
4.5950,descent,1.9564,0.090855,0.009145
4.6001,descent,1.9564,0.090869,0.009131
4.6052,descent,1.9564,0.090851,0.009149
4.6081,descent,1.9712,0.090822,0.009178
4.6132,descent,1.9712,0.090840,0.009160
4.6183,descent,1.9712,0.090824,0.009176
4.6233,descent,1.9712,0.090813,0.009187
4.6284,descent,1.9712,0.090795,0.009205
4.6335,descent,1.9712,0.090778,0.009222
4.6386,descent,1.9712,0.090769,0.009231
4.6438,descent,1.9712,0.090761,0.009239
4.6489,descent,1.9712,0.090751,0.009249
4.6541,descent,1.9712,0.090756,0.009244
4.6592,descent,1.9712,0.090736,0.009264
4.6644,descent,1.9712,0.090732,0.009268
4.6696,descent,1.9712,0.090720,0.009280
4.6748,descent,1.9712,0.090707,0.009293
4.6799,descent,1.9712,0.090704,0.009296
4.6852,descent,1.9712,0.090695,0.009305
4.6904,descent,1.9712,0.090676,0.009324
4.6956,descent,1.9712,0.090671,0.009329
4.6982,descent,1.9842,0.090662,0.009338
4.7034,descent,1.9842,0.090666,0.009334
4.7086,descent,1.9842,0.090675,0.009325
4.7138,descent,1.9842,0.090643,0.009357
4.7189,descent,1.9842,0.090643,0.009357
4.7241,descent,1.9842,0.090631,0.009369
4.7293,descent,1.9842,0.090614,0.009386
4.7344,descent,1.9842,0.090603,0.009397
4.7396,descent,1.9842,0.090604,0.009396
4.7448,descent,1.9842,0.090565,0.009435
4.7499,descent,1.9842,0.090570,0.009430
4.7551,descent,1.9842,0.090557,0.009443
4.7603,descent,1.9842,0.090546,0.009454
4.7655,descent,1.9842,0.090547,0.009453
4.7706,descent,1.9842,0.090536,0.009464
4.7758,descent,1.9842,0.090530,0.009470
4.7810,descent,1.9842,0.090525,0.009475
4.7862,descent,1.9842,0.090498,0.009502
4.7880,descent,1.9986,0.090490,0.009510
4.7933,descent,1.9986,0.090471,0.009529
4.7986,descent,1.9986,0.090480,0.009520
4.8038,descent,1.9986,0.090452,0.009548
4.8089,descent,1.9986,0.090452,0.009548
4.8141,descent,1.9986,0.090451,0.009549
4.8193,descent,1.9986,0.090416,0.009584
4.8245,descent,1.9986,0.090428,0.009572
4.8296,descent,1.9986,0.090420,0.009580
4.8348,descent,1.9986,0.090396,0.009604
4.8400,descent,1.9986,0.090400,0.009600
4.8451,descent,1.9986,0.090381,0.009619
4.8503,descent,1.9986,0.090366,0.009634
4.8555,descent,1.9986,0.090358,0.009642
4.8606,descent,1.9986,0.090373,0.009627
4.8658,descent,1.9986,0.090333,0.009667
4.8710,descent,1.9986,0.090321,0.009679
4.8731,descent,2.0121,0.090338,0.009662
4.8782,descent,2.0121,0.090324,0.009676
4.8833,descent,2.0121,0.090297,0.009703
4.8884,descent,2.0121,0.090296,0.009704
4.8934,descent,2.0121,0.090281,0.009719
4.8986,descent,2.0121,0.090273,0.009727
4.9037,descent,2.0121,0.090256,0.009744
4.9088,descent,2.0121,0.090241,0.009759
4.9140,descent,2.0121,0.090240,0.009760
4.9192,descent,2.0121,0.090230,0.009770
4.9244,descent,2.0121,0.090216,0.009784
4.9296,descent,2.0121,0.090214,0.009786
4.9347,descent,2.0121,0.090196,0.009804
4.9399,descent,2.0121,0.090191,0.009809
4.9451,descent,2.0121,0.090183,0.009817
4.9503,descent,2.0121,0.090164,0.009836
4.9555,descent,2.0121,0.090145,0.009855
4.9607,descent,2.0121,0.090134,0.009866
4.9632,descent,2.0236,0.090141,0.009859
4.9683,descent,2.0236,0.090114,0.009886
4.9734,descent,2.0236,0.090109,0.009891
4.9786,descent,2.0236,0.090094,0.009906
4.9837,descent,2.0236,0.090089,0.009911
4.9888,descent,2.0236,0.090096,0.009904
4.9940,descent,2.0236,0.090080,0.009920
4.9991,descent,2.0236,0.090059,0.009941
5.0042,descent,2.0236,0.090049,0.009951
5.0094,descent,2.0236,0.090054,0.009946
5.0146,descent,2.0236,0.090026,0.009974
5.0198,descent,2.0236,0.090026,0.009974
5.0249,descent,2.0236,0.090025,0.009975
5.0301,descent,2.0236,0.090021,0.009979
5.0353,descent,2.0236,0.090012,0.009988
5.0405,descent,2.0236,0.089994,0.010006
5.0456,descent,2.0236,0.089975,0.010025
5.0508,descent,2.0236,0.089976,0.010024
5.0530,descent,2.0373,0.089963,0.010037
5.0582,descent,2.0373,0.089949,0.010051
5.0633,descent,2.0373,0.089928,0.010072
5.0684,descent,2.0373,0.089945,0.010055
5.0735,descent,2.0373,0.089938,0.010062
5.0787,descent,2.0373,0.089918,0.010082
5.0838,descent,2.0373,0.089911,0.010089
5.0889,descent,2.0373,0.089912,0.010088
5.0940,descent,2.0373,0.089900,0.010100
5.0992,descent,2.0373,0.089876,0.010124
5.1044,descent,2.0373,0.089865,0.010135
5.1096,descent,2.0373,0.089866,0.010134
5.1148,descent,2.0373,0.089848,0.010152
5.1200,descent,2.0373,0.089824,0.010176
5.1252,descent,2.0373,0.089823,0.010177
5.1304,descent,2.0373,0.089815,0.010185
5.1356,descent,2.0373,0.089795,0.010205
5.1408,descent,2.0373,0.089782,0.010218
5.1431,descent,2.0515,0.089789,0.010211
5.1482,descent,2.0515,0.089778,0.010222
5.1535,descent,2.0515,0.089760,0.010240
5.1587,descent,2.0515,0.089750,0.010250
5.1639,descent,2.0515,0.089750,0.010250
5.1691,descent,2.0515,0.089734,0.010266
5.1743,descent,2.0515,0.089707,0.010293
5.1795,descent,2.0515,0.089688,0.010312
5.1847,descent,2.0515,0.089700,0.010300
5.1898,descent,2.0515,0.089682,0.010318
5.1950,descent,2.0515,0.089674,0.010326
5.2002,descent,2.0515,0.089647,0.010353
5.2053,descent,2.0515,0.089637,0.010363
5.2105,descent,2.0515,0.089626,0.010374
5.2157,descent,2.0515,0.089627,0.010373
5.2208,descent,2.0515,0.089614,0.010386
5.2260,descent,2.0515,0.089606,0.010394
5.2281,descent,2.0640,0.089606,0.010394
5.2333,descent,2.0640,0.089583,0.010417
5.2385,descent,2.0640,0.089582,0.010418
5.2437,descent,2.0640,0.089576,0.010424
5.2488,descent,2.0640,0.089575,0.010425
5.2540,descent,2.0640,0.089553,0.010447
5.2591,descent,2.0640,0.089552,0.010448
5.2643,descent,2.0640,0.089537,0.010463
5.2695,descent,2.0640,0.089532,0.010468
5.2748,descent,2.0640,0.089533,0.010467
5.2800,descent,2.0640,0.089512,0.010488
5.2851,descent,2.0640,0.089496,0.010504
5.2903,descent,2.0640,0.089484,0.010516
5.2955,descent,2.0640,0.089483,0.010517
5.3007,descent,2.0640,0.089472,0.010528
5.3058,descent,2.0640,0.089473,0.010527
5.3110,descent,2.0640,0.089450,0.010550
5.3162,descent,2.0640,0.089438,0.010562
5.3181,descent,2.0756,0.089433,0.010567
5.3233,descent,2.0756,0.089439,0.010561
5.3284,descent,2.0756,0.089413,0.010587
5.3336,descent,2.0756,0.089423,0.010577
5.3388,descent,2.0756,0.089391,0.010609
5.3439,descent,2.0756,0.089389,0.010611
5.3491,descent,2.0756,0.089387,0.010613
5.3542,descent,2.0756,0.089367,0.010633
5.3595,descent,2.0756,0.089336,0.010664
5.3646,descent,2.0756,0.089349,0.010651
5.3698,descent,2.0756,0.089330,0.010670
5.3750,descent,2.0756,0.089312,0.010688
5.3802,descent,2.0756,0.089301,0.010699
5.3854,descent,2.0756,0.089297,0.010703
5.3906,descent,2.0756,0.089297,0.010703
5.3958,descent,2.0756,0.089275,0.010725
5.4010,descent,2.0756,0.089267,0.010733
5.4062,descent,2.0756,0.089250,0.010750
5.4081,descent,2.0898,0.089243,0.010757
5.4134,descent,2.0898,0.089225,0.010775
5.4186,descent,2.0898,0.089227,0.010773
5.4237,descent,2.0898,0.089226,0.010774
5.4290,descent,2.0898,0.089200,0.010800
5.4341,descent,2.0898,0.089182,0.010818
5.4392,descent,2.0898,0.089175,0.010825
5.4443,descent,2.0898,0.089161,0.010839
5.4495,descent,2.0898,0.089153,0.010847
5.4546,descent,2.0898,0.089137,0.010863
5.4597,descent,2.0898,0.089144,0.010856
5.4648,descent,2.0898,0.089121,0.010879
5.4699,descent,2.0898,0.089118,0.010882
5.4750,descent,2.0898,0.089121,0.010879
5.4801,descent,2.0898,0.089109,0.010891
5.4854,descent,2.0898,0.089086,0.010914
5.4906,descent,2.0898,0.089082,0.010918
5.4958,descent,2.0898,0.089080,0.010920
5.4982,descent,2.1001,0.089068,0.010932
5.5034,descent,2.1001,0.089057,0.010943
5.5086,descent,2.1001,0.089053,0.010947
5.5139,descent,2.1001,0.089039,0.010961
5.5190,descent,2.1001,0.089017,0.010983
5.5241,descent,2.1001,0.089015,0.010985
5.5293,descent,2.1001,0.089010,0.010990
5.5345,descent,2.1001,0.089011,0.010989
5.5397,descent,2.1001,0.088979,0.011021
5.5449,descent,2.1001,0.088980,0.011020
5.5501,descent,2.1001,0.088968,0.011032
5.5552,descent,2.1001,0.088949,0.011051
5.5604,descent,2.1001,0.088941,0.011059
5.5656,descent,2.1001,0.088924,0.011076
5.5707,descent,2.1001,0.088931,0.011069
5.5759,descent,2.1001,0.088918,0.011082
5.5811,descent,2.1001,0.088896,0.011104
5.5863,descent,2.1001,0.088875,0.011125
5.5882,descent,2.1120,0.088878,0.011122
5.5934,descent,2.1120,0.088882,0.011118
5.5986,descent,2.1120,0.088846,0.011154
5.6037,descent,2.1120,0.088860,0.011140
5.6088,descent,2.1120,0.088831,0.011169
5.6140,descent,2.1120,0.088848,0.011152
5.6191,descent,2.1120,0.088832,0.011168
5.6242,descent,2.1120,0.088808,0.011192
5.6293,descent,2.1120,0.088813,0.011187
5.6345,descent,2.1120,0.088788,0.011212
5.6396,descent,2.1120,0.088779,0.011221
5.6447,descent,2.1120,0.088776,0.011224
5.6499,descent,2.1120,0.088764,0.011236
5.6550,descent,2.1120,0.088750,0.011250
5.6603,descent,2.1120,0.088739,0.011261
5.6655,descent,2.1120,0.088715,0.011285
5.6706,descent,2.1120,0.088706,0.011294
5.6757,descent,2.1120,0.088711,0.011289
5.6782,descent,2.1253,0.088700,0.011300
5.6834,descent,2.1253,0.088685,0.011315
5.6885,descent,2.1253,0.088673,0.011327
5.6937,descent,2.1253,0.088672,0.011328
5.6989,descent,2.1253,0.088664,0.011336
5.7040,descent,2.1253,0.088658,0.011342
5.7092,descent,2.1253,0.088643,0.011357
5.7144,descent,2.1253,0.088644,0.011356
5.7196,descent,2.1253,0.088619,0.011381
5.7247,descent,2.1253,0.088613,0.011387
5.7299,descent,2.1253,0.088611,0.011389
5.7351,descent,2.1253,0.088588,0.011412
5.7403,descent,2.1253,0.088575,0.011425
5.7455,descent,2.1253,0.088574,0.011426
5.7507,descent,2.1253,0.088567,0.011433
5.7559,descent,2.1253,0.088551,0.011449
5.7611,descent,2.1253,0.088548,0.011452
5.7663,descent,2.1253,0.088530,0.011470
5.7681,descent,2.1357,0.088531,0.011469
5.7733,descent,2.1357,0.088520,0.011480
5.7785,descent,2.1357,0.088503,0.011497
5.7837,descent,2.1357,0.088488,0.011512
5.7888,descent,2.1357,0.088495,0.011505
5.7940,descent,2.1357,0.088500,0.011500
5.7992,descent,2.1357,0.088470,0.011530
5.8044,descent,2.1357,0.088460,0.011540
5.8095,descent,2.1357,0.088448,0.011552
5.8147,descent,2.1357,0.088431,0.011569
5.8199,descent,2.1357,0.088420,0.011580
5.8250,descent,2.1357,0.088413,0.011587
5.8302,descent,2.1357,0.088401,0.011599
5.8354,descent,2.1357,0.088379,0.011621
5.8405,descent,2.1357,0.088382,0.011618
5.8457,descent,2.1357,0.088377,0.011623
5.8509,descent,2.1357,0.088359,0.011641
5.8560,descent,2.1357,0.088351,0.011649
5.8579,descent,2.1471,0.088347,0.011653
5.8631,descent,2.1471,0.088342,0.011658
5.8683,descent,2.1471,0.088327,0.011673
5.8735,descent,2.1471,0.088312,0.011688
5.8787,descent,2.1471,0.088318,0.011682
5.8839,descent,2.1471,0.088293,0.011707
5.8891,descent,2.1471,0.088281,0.011719
5.8942,descent,2.1471,0.088293,0.011707
5.8994,descent,2.1471,0.088256,0.011744
5.9046,descent,2.1471,0.088266,0.011734
5.9097,descent,2.1471,0.088244,0.011756
5.9149,descent,2.1471,0.088236,0.011764
5.9201,descent,2.1471,0.088225,0.011775
5.9253,descent,2.1471,0.088216,0.011784
5.9304,descent,2.1471,0.088213,0.011787
5.9356,descent,2.1471,0.088212,0.011788
5.9408,descent,2.1471,0.088190,0.011810
5.9431,descent,2.1583,0.088187,0.011813
5.9483,descent,2.1583,0.088177,0.011823
5.9534,descent,2.1583,0.088171,0.011829
5.9586,descent,2.1583,0.088144,0.011856
5.9638,descent,2.1583,0.088132,0.011868
5.9690,descent,2.1583,0.088141,0.011859
5.9742,descent,2.1583,0.088131,0.011869
5.9793,descent,2.1583,0.088113,0.011887
5.9844,descent,2.1583,0.088105,0.011895
5.9895,descent,2.1583,0.088099,0.011901
5.9947,descent,2.1583,0.088087,0.011913
5.9999,descent,2.1583,0.088072,0.011928
6.0051,descent,2.1583,0.088051,0.011949
6.0104,descent,2.1583,0.088047,0.011953
6.0155,descent,2.1583,0.088029,0.011971
6.0207,descent,2.1583,0.088028,0.011972
6.0259,descent,2.1583,0.088005,0.011995
6.0311,descent,2.1583,0.087997,0.012003
6.0330,descent,2.1695,0.087985,0.012015
6.0382,descent,2.1695,0.087992,0.012008
6.0433,descent,2.1695,0.087967,0.012033
6.0484,descent,2.1695,0.087970,0.012030
6.0535,descent,2.1695,0.087953,0.012047
6.0586,descent,2.1695,0.087930,0.012070
6.0638,descent,2.1695,0.087934,0.012066
6.0690,descent,2.1695,0.087928,0.012072
6.0742,descent,2.1695,0.087910,0.012090
6.0794,descent,2.1695,0.087908,0.012092
6.0846,descent,2.1695,0.087902,0.012098
6.0897,descent,2.1695,0.087898,0.012102
6.0948,descent,2.1695,0.087878,0.012122
6.0999,descent,2.1695,0.087866,0.012134
6.1050,descent,2.1695,0.087838,0.012162
6.1102,descent,2.1695,0.087851,0.012149
6.1154,descent,2.1695,0.087837,0.012163
6.1207,descent,2.1695,0.087827,0.012173
6.1241,descent,2.1795,0.087807,0.012193
6.1293,descent,2.1795,0.087807,0.012193
6.1345,descent,2.1795,0.087800,0.012200
6.1396,descent,2.1795,0.087795,0.012205
6.1448,descent,2.1795,0.087782,0.012218
6.1500,descent,2.1795,0.087765,0.012235
6.1560,descent,2.1795,0.087748,0.012252
6.1612,descent,2.1795,0.087732,0.012268
6.1665,descent,2.1795,0.087724,0.012276
6.1717,descent,2.1795,0.087723,0.012277
6.1768,descent,2.1795,0.087710,0.012290
6.1819,descent,2.1795,0.087683,0.012317
6.1870,descent,2.1795,0.087664,0.012336
6.1923,descent,2.1795,0.087676,0.012324
6.1975,descent,2.1795,0.087655,0.012345
6.2027,descent,2.1795,0.087631,0.012369
6.2080,descent,2.1795,0.087634,0.012366
6.2131,descent,2.1899,0.087627,0.012373
6.2183,descent,2.1899,0.087619,0.012381
6.2235,descent,2.1899,0.087615,0.012385
6.2286,descent,2.1899,0.087616,0.012384
6.2337,descent,2.1899,0.087581,0.012419
6.2389,descent,2.1899,0.087589,0.012411
6.2441,descent,2.1899,0.087583,0.012417
6.2493,descent,2.1899,0.087563,0.012437
6.2545,descent,2.1899,0.087544,0.012456
6.2597,descent,2.1899,0.087551,0.012449
6.2649,descent,2.1899,0.087525,0.012475
6.2700,descent,2.1899,0.087524,0.012476
6.2751,descent,2.1899,0.087522,0.012478
6.2803,descent,2.1899,0.087495,0.012505
6.2856,descent,2.1899,0.087502,0.012498
6.2908,descent,2.1899,0.087481,0.012519
6.2960,descent,2.1899,0.087487,0.012513
6.2980,descent,2.2008,0.087482,0.012518
6.3032,descent,2.2008,0.087455,0.012545
6.3084,descent,2.2008,0.087466,0.012534
6.3136,descent,2.2008,0.087448,0.012552
6.3188,descent,2.2008,0.087442,0.012558
6.3243,descent,2.2008,0.087447,0.012553
6.3294,descent,2.2008,0.087411,0.012589
6.3346,descent,2.2008,0.087393,0.012607
6.3398,descent,2.2008,0.087385,0.012615
6.3450,descent,2.2008,0.087360,0.012640
6.3502,descent,2.2008,0.087361,0.012639
6.3554,descent,2.2008,0.087350,0.012650
6.3606,descent,2.2008,0.087337,0.012663
6.3658,descent,2.2008,0.087345,0.012655
6.3710,descent,2.2008,0.087318,0.012682
6.3762,descent,2.2008,0.087296,0.012704
6.3813,descent,2.2008,0.087296,0.012704
6.3865,descent,2.2008,0.087279,0.012721
6.3880,descent,2.2124,0.087277,0.012723
6.3932,descent,2.2124,0.087263,0.012737
6.3984,descent,2.2124,0.087264,0.012736
6.4036,descent,2.2124,0.087243,0.012757
6.4087,descent,2.2124,0.087231,0.012769
6.4139,descent,2.2124,0.087227,0.012773
6.4191,descent,2.2124,0.087203,0.012797
6.4242,descent,2.2124,0.087210,0.012790
6.4294,descent,2.2124,0.087196,0.012804
6.4346,descent,2.2124,0.087189,0.012811
6.4397,descent,2.2124,0.087175,0.012825
6.4449,descent,2.2124,0.087167,0.012833
6.4500,descent,2.2124,0.087157,0.012843
6.4550,descent,2.2124,0.087145,0.012855
6.4601,descent,2.2124,0.087139,0.012861
6.4652,descent,2.2124,0.087135,0.012865
6.4703,descent,2.2124,0.087126,0.012874
6.4754,descent,2.2124,0.087106,0.012894
6.4778,descent,2.2214,0.087115,0.012885
6.4829,descent,2.2214,0.087092,0.012908
6.4880,descent,2.2214,0.087080,0.012920
6.4931,descent,2.2214,0.087084,0.012916
6.4982,descent,2.2214,0.087077,0.012923
6.5032,descent,2.2214,0.087049,0.012951
6.5083,descent,2.2214,0.087071,0.012929
6.5134,descent,2.2214,0.087047,0.012953
6.5185,descent,2.2214,0.087040,0.012960
6.5236,descent,2.2214,0.087042,0.012958
6.5287,descent,2.2214,0.087010,0.012990
6.5337,descent,2.2214,0.087000,0.013000
6.5389,descent,2.2214,0.086987,0.013013
6.5440,descent,2.2214,0.086977,0.013023
6.5491,descent,2.2214,0.086987,0.013013
6.5542,descent,2.2214,0.086962,0.013038
6.5594,descent,2.2214,0.086954,0.013046
6.5646,descent,2.2214,0.086942,0.013058
6.5681,descent,2.2303,0.086940,0.013060
6.5733,descent,2.2303,0.086908,0.013092
6.5784,descent,2.2303,0.086918,0.013082
6.5836,descent,2.2303,0.086906,0.013094
6.5887,descent,2.2303,0.086910,0.013090
6.5939,descent,2.2303,0.086871,0.013129
6.5991,descent,2.2303,0.086870,0.013130
6.6042,descent,2.2303,0.086864,0.013136
6.6093,descent,2.2303,0.086851,0.013149
6.6145,descent,2.2303,0.086845,0.013155
6.6196,descent,2.2303,0.086838,0.013162
6.6248,descent,2.2303,0.086808,0.013192
6.6299,descent,2.2303,0.086783,0.013217
6.6351,descent,2.2303,0.086783,0.013217
6.6403,descent,2.2303,0.086764,0.013236
6.6454,descent,2.2303,0.086770,0.013230
6.6505,descent,2.2303,0.086748,0.013252
6.6531,descent,2.2399,0.086743,0.013257
6.6583,descent,2.2399,0.086734,0.013266
6.6634,descent,2.2399,0.086734,0.013266
6.6685,descent,2.2399,0.086721,0.013279
6.6737,descent,2.2399,0.086703,0.013297
6.6788,descent,2.2399,0.086709,0.013291
6.6839,descent,2.2399,0.086684,0.013316
6.6891,descent,2.2399,0.086674,0.013326
6.6943,descent,2.2399,0.086678,0.013322
6.6995,descent,2.2399,0.086669,0.013331
6.7046,descent,2.2399,0.086646,0.013354
6.7098,descent,2.2399,0.086633,0.013367
6.7150,descent,2.2399,0.086612,0.013388
6.7202,descent,2.2399,0.086617,0.013383
6.7254,descent,2.2399,0.086601,0.013399
6.7306,descent,2.2399,0.086604,0.013396
6.7357,descent,2.2399,0.086590,0.013410
6.7409,descent,2.2399,0.086582,0.013418
6.7433,descent,2.2473,0.086582,0.013418
6.7485,descent,2.2473,0.086555,0.013445
6.7536,descent,2.2473,0.086543,0.013457
6.7588,descent,2.2473,0.086537,0.013463
6.7640,descent,2.2473,0.086544,0.013456
6.7691,descent,2.2473,0.086514,0.013486
6.7743,descent,2.2473,0.086511,0.013489
6.7795,descent,2.2473,0.086498,0.013502
6.7847,descent,2.2473,0.086484,0.013516
6.7899,descent,2.2473,0.086483,0.013517
6.7951,descent,2.2473,0.086468,0.013532
6.8002,descent,2.2473,0.086461,0.013539
6.8054,descent,2.2473,0.086452,0.013548
6.8106,descent,2.2473,0.086440,0.013560
6.8158,descent,2.2473,0.086436,0.013564
6.8210,descent,2.2473,0.086428,0.013572
6.8262,descent,2.2473,0.086432,0.013568
6.8314,descent,2.2473,0.086399,0.013601
6.8334,descent,2.2570,0.086398,0.013602
6.8385,descent,2.2570,0.086382,0.013618
6.8437,descent,2.2570,0.086372,0.013628
6.8489,descent,2.2570,0.086367,0.013633
6.8540,descent,2.2570,0.086372,0.013628
6.8592,descent,2.2570,0.086349,0.013651
6.8644,descent,2.2570,0.086332,0.013668
6.8695,descent,2.2570,0.086337,0.013663
6.8747,descent,2.2570,0.086306,0.013694
6.8799,descent,2.2570,0.086295,0.013705
6.8851,descent,2.2570,0.086300,0.013700
6.8902,descent,2.2570,0.086288,0.013712
6.8954,descent,2.2570,0.086263,0.013737
6.9006,descent,2.2570,0.086268,0.013732
6.9058,descent,2.2570,0.086249,0.013751
6.9109,descent,2.2570,0.086238,0.013762
6.9161,descent,2.2570,0.086227,0.013773
6.9213,descent,2.2570,0.086209,0.013791
6.9264,descent,2.2570,0.086204,0.013796
6.9279,descent,2.2654,0.086188,0.013812
6.9331,descent,2.2654,0.086194,0.013806
6.9382,descent,2.2654,0.086179,0.013821
6.9434,descent,2.2654,0.086169,0.013831
6.9486,descent,2.2654,0.086156,0.013844
6.9537,descent,2.2654,0.086147,0.013853
6.9589,descent,2.2654,0.086143,0.013857
6.9641,descent,2.2654,0.086126,0.013874
6.9692,descent,2.2654,0.086113,0.013887
6.9744,descent,2.2654,0.086115,0.013885
6.9795,descent,2.2654,0.086090,0.013910
6.9847,descent,2.2654,0.086094,0.013906
6.9899,descent,2.2654,0.086080,0.013920
6.9951,descent,2.2654,0.086065,0.013935
7.0003,descent,2.2654,0.086055,0.013945
7.0054,descent,2.2654,0.086048,0.013952
7.0106,descent,2.2654,0.086039,0.013961
7.0130,descent,2.2718,0.086035,0.013965
7.0182,descent,2.2718,0.086023,0.013977
7.0234,descent,2.2718,0.086004,0.013996
7.0286,descent,2.2718,0.085986,0.014014
7.0340,descent,2.2718,0.085998,0.014002
7.0393,descent,2.2718,0.085980,0.014020
7.0445,descent,2.2718,0.085960,0.014040
7.0496,descent,2.2718,0.085950,0.014050
7.0548,descent,2.2718,0.085955,0.014045
7.0599,descent,2.2718,0.085933,0.014067
7.0651,descent,2.2718,0.085912,0.014088
7.0704,descent,2.2718,0.085911,0.014089
7.0756,descent,2.2718,0.085905,0.014095
7.0808,descent,2.2718,0.085894,0.014106
7.0861,descent,2.2718,0.085893,0.014107
7.0914,descent,2.2718,0.085867,0.014133
7.0966,descent,2.2718,0.085861,0.014139
7.1017,descent,2.2718,0.085860,0.014140
7.1031,descent,2.2785,0.085854,0.014146
7.1082,descent,2.2785,0.085847,0.014153
7.1133,descent,2.2785,0.085832,0.014168
7.1184,descent,2.2785,0.085824,0.014176
7.1235,descent,2.2785,0.085804,0.014196
7.1286,descent,2.2785,0.085806,0.014194
7.1336,descent,2.2785,0.085805,0.014195
7.1387,descent,2.2785,0.085776,0.014224
7.1438,descent,2.2785,0.085777,0.014223
7.1489,descent,2.2785,0.085774,0.014226
7.1540,descent,2.2785,0.085730,0.014270
7.1590,descent,2.2785,0.085740,0.014260
7.1641,descent,2.2785,0.085742,0.014258
7.1692,descent,2.2785,0.085712,0.014288
7.1743,descent,2.2785,0.085715,0.014285
7.1794,descent,2.2785,0.085702,0.014298
7.1844,descent,2.2785,0.085689,0.014311
7.1897,descent,2.2785,0.085672,0.014328
7.1933,descent,2.2846,0.085674,0.014326
7.1984,descent,2.2846,0.085664,0.014336
7.2035,descent,2.2846,0.085655,0.014345
7.2087,descent,2.2846,0.085655,0.014345
7.2139,descent,2.2846,0.085622,0.014378
7.2191,descent,2.2846,0.085622,0.014378
7.2243,descent,2.2846,0.085606,0.014394
7.2295,descent,2.2846,0.085593,0.014407
7.2347,descent,2.2846,0.085599,0.014401
7.2399,descent,2.2846,0.085580,0.014420
7.2451,descent,2.2846,0.085581,0.014419
7.2503,descent,2.2846,0.085575,0.014425
7.2555,descent,2.2846,0.085539,0.014461
7.2606,descent,2.2846,0.085534,0.014466
7.2658,descent,2.2846,0.085513,0.014487
7.2710,descent,2.2846,0.085534,0.014466
7.2762,descent,2.2846,0.085492,0.014508
7.2814,descent,2.2846,0.085487,0.014513
7.2833,descent,2.2887,0.085505,0.014495
7.2884,descent,2.2887,0.085484,0.014516
7.2936,descent,2.2887,0.085477,0.014523
7.2988,descent,2.2887,0.085458,0.014542
7.3040,descent,2.2887,0.085439,0.014561
7.3092,descent,2.2887,0.085436,0.014564
7.3144,descent,2.2887,0.085438,0.014562
7.3196,descent,2.2887,0.085424,0.014576
7.3247,descent,2.2887,0.085399,0.014601
7.3299,descent,2.2887,0.085390,0.014610
7.3350,descent,2.2887,0.085392,0.014608
7.3402,descent,2.2887,0.085383,0.014617
7.3453,descent,2.2887,0.085369,0.014631
7.3505,descent,2.2887,0.085341,0.014659
7.3556,descent,2.2887,0.085357,0.014643
7.3608,descent,2.2887,0.085322,0.014678
7.3659,descent,2.2887,0.085338,0.014662
7.3711,descent,2.2887,0.085310,0.014690
7.3732,descent,2.2939,0.085315,0.014685
7.3784,descent,2.2939,0.085305,0.014695
7.3835,descent,2.2939,0.085291,0.014709
7.3887,descent,2.2939,0.085285,0.014715
7.3939,descent,2.2939,0.085269,0.014731
7.3990,descent,2.2939,0.085260,0.014740
7.4042,descent,2.2939,0.085249,0.014751
7.4094,descent,2.2939,0.085252,0.014748
7.4145,descent,2.2939,0.085229,0.014771
7.4197,descent,2.2939,0.085233,0.014767
7.4249,descent,2.2939,0.085201,0.014799
7.4300,descent,2.2939,0.085202,0.014798
7.4352,descent,2.2939,0.085173,0.014827
7.4403,descent,2.2939,0.085172,0.014828
7.4455,descent,2.2939,0.085159,0.014841
7.4506,descent,2.2939,0.085176,0.014824
7.4558,descent,2.2939,0.085145,0.014855
7.4581,descent,2.2992,0.085152,0.014848
7.4633,descent,2.2992,0.085126,0.014874
7.4685,descent,2.2992,0.085121,0.014879
7.4736,descent,2.2992,0.085101,0.014899
7.4788,descent,2.2992,0.085108,0.014892
7.4841,descent,2.2992,0.085114,0.014886
7.4893,descent,2.2992,0.085098,0.014902
7.4945,descent,2.2992,0.085071,0.014929
7.4996,descent,2.2992,0.085066,0.014934
7.5048,descent,2.2992,0.085076,0.014924
7.5100,descent,2.2992,0.085058,0.014942
7.5151,descent,2.2992,0.085038,0.014962
7.5203,descent,2.2992,0.085035,0.014965
7.5254,descent,2.2992,0.085027,0.014973
7.5306,descent,2.2992,0.085007,0.014993
7.5358,descent,2.2992,0.084996,0.015004
7.5409,descent,2.2992,0.084981,0.015019
7.5461,descent,2.2992,0.084989,0.015011
7.5482,descent,2.3038,0.084960,0.015040
7.5535,descent,2.3038,0.084949,0.015051
7.5587,descent,2.3038,0.084940,0.015060
7.5639,descent,2.3038,0.084931,0.015069
7.5691,descent,2.3038,0.084921,0.015079
7.5743,descent,2.3038,0.084911,0.015089
7.5795,descent,2.3038,0.084900,0.015100
7.5847,descent,2.3038,0.084876,0.015124
7.5898,descent,2.3038,0.084889,0.015111
7.5950,descent,2.3038,0.084855,0.015145
7.6002,descent,2.3038,0.084849,0.015151
7.6054,descent,2.3038,0.084837,0.015163
7.6105,descent,2.3038,0.084831,0.015169
7.6157,descent,2.3038,0.084813,0.015187
7.6209,descent,2.3038,0.084807,0.015193
7.6260,descent,2.3038,0.084804,0.015196
7.6312,descent,2.3038,0.084789,0.015211
7.6364,descent,2.3038,0.084792,0.015208
7.6382,descent,2.3075,0.084782,0.015218
7.6434,descent,2.3075,0.084787,0.015213
7.6485,descent,2.3075,0.084755,0.015245
7.6537,descent,2.3075,0.084751,0.015249
7.6589,descent,2.3075,0.084736,0.015264
7.6640,descent,2.3075,0.084746,0.015254
7.6692,descent,2.3075,0.084713,0.015287
7.6744,descent,2.3075,0.084717,0.015283
7.6796,descent,2.3075,0.084708,0.015292
7.6848,descent,2.3075,0.084684,0.015316
7.6900,descent,2.3075,0.084691,0.015309
7.6951,descent,2.3075,0.084672,0.015328
7.7003,descent,2.3075,0.084661,0.015339
7.7055,descent,2.3075,0.084646,0.015354
7.7107,descent,2.3075,0.084624,0.015376
7.7159,descent,2.3075,0.084616,0.015384
7.7210,descent,2.3075,0.084628,0.015372
7.7262,descent,2.3075,0.084609,0.015391
7.7281,descent,2.3111,0.084585,0.015415
7.7334,descent,2.3111,0.084592,0.015408
7.7385,descent,2.3111,0.084578,0.015422
7.7437,descent,2.3111,0.084578,0.015422
7.7489,descent,2.3111,0.084563,0.015437
7.7542,descent,2.3111,0.084562,0.015438
7.7594,descent,2.3111,0.084544,0.015456
7.7647,descent,2.3111,0.084542,0.015458
7.7699,descent,2.3111,0.084529,0.015471
7.7751,descent,2.3111,0.084525,0.015475
7.7803,descent,2.3111,0.084501,0.015499
7.7855,descent,2.3111,0.084503,0.015497
7.7907,descent,2.3111,0.084487,0.015513
7.7958,descent,2.3111,0.084479,0.015521
7.8010,descent,2.3111,0.084475,0.015525
7.8062,descent,2.3111,0.084454,0.015546
7.8113,descent,2.3111,0.084449,0.015551
7.8131,descent,2.3162,0.084442,0.015558
7.8183,descent,2.3162,0.084436,0.015564
7.8235,descent,2.3162,0.084416,0.015584
7.8287,descent,2.3162,0.084415,0.015585
7.8339,descent,2.3162,0.084398,0.015602
7.8391,descent,2.3162,0.084368,0.015632
7.8442,descent,2.3162,0.084373,0.015627
7.8494,descent,2.3162,0.084365,0.015635
7.8547,descent,2.3162,0.084347,0.015653
7.8599,descent,2.3162,0.084345,0.015655
7.8651,descent,2.3162,0.084318,0.015682
7.8702,descent,2.3162,0.084331,0.015669
7.8754,descent,2.3162,0.084312,0.015688
7.8806,descent,2.3162,0.084305,0.015695
7.8858,descent,2.3162,0.084288,0.015712
7.8909,descent,2.3162,0.084273,0.015727
7.8961,descent,2.3162,0.084272,0.015728
7.9014,descent,2.3162,0.084257,0.015743
7.9031,descent,2.3192,0.084272,0.015728
7.9083,descent,2.3192,0.084255,0.015745
7.9134,descent,2.3192,0.084245,0.015755
7.9186,descent,2.3192,0.084216,0.015784
7.9238,descent,2.3192,0.084212,0.015788
7.9290,descent,2.3192,0.084201,0.015799
7.9341,descent,2.3192,0.084178,0.015822
7.9393,descent,2.3192,0.084173,0.015827
7.9445,descent,2.3192,0.084184,0.015816
7.9497,descent,2.3192,0.084162,0.015838
7.9550,descent,2.3192,0.084149,0.015851
7.9602,descent,2.3192,0.084139,0.015861
7.9653,descent,2.3192,0.084126,0.015874
7.9706,descent,2.3192,0.084117,0.015883
7.9757,descent,2.3192,0.084128,0.015872
7.9809,descent,2.3192,0.084096,0.015904
7.9862,descent,2.3192,0.084094,0.015906
7.9914,descent,2.3192,0.084087,0.015913
7.9932,descent,2.3222,0.084079,0.015921
7.9984,descent,2.3222,0.084061,0.015939
8.0037,descent,2.3222,0.084074,0.015926
8.0088,descent,2.3222,0.084046,0.015954
8.0140,descent,2.3222,0.084021,0.015979
8.0192,descent,2.3222,0.084019,0.015981
8.0244,descent,2.3222,0.084018,0.015982
8.0295,descent,2.3222,0.084000,0.016000
8.0348,descent,2.3222,0.083978,0.016022
8.0400,descent,2.3222,0.083967,0.016033
8.0451,descent,2.3222,0.083958,0.016042
8.0504,descent,2.3222,0.083948,0.016052
8.0556,descent,2.3222,0.083940,0.016060
8.0607,descent,2.3222,0.083937,0.016063
8.0659,descent,2.3222,0.083927,0.016073
8.0711,descent,2.3222,0.083926,0.016074
8.0762,descent,2.3222,0.083914,0.016086
8.0815,descent,2.3222,0.083895,0.016105
8.0831,descent,2.3262,0.083884,0.016116
8.0882,descent,2.3262,0.083886,0.016114
8.0933,descent,2.3262,0.083876,0.016124
8.0984,descent,2.3262,0.083872,0.016128
8.1034,descent,2.3262,0.083860,0.016140
8.1085,descent,2.3262,0.083852,0.016148
8.1136,descent,2.3262,0.083849,0.016151
8.1187,descent,2.3262,0.083815,0.016185
8.1238,descent,2.3262,0.083834,0.016166
8.1289,descent,2.3262,0.083813,0.016187
8.1339,descent,2.3262,0.083796,0.016204
8.1390,descent,2.3262,0.083794,0.016206
8.1441,descent,2.3262,0.083797,0.016203
8.1492,descent,2.3262,0.083765,0.016235
8.1543,descent,2.3262,0.083757,0.016243
8.1594,descent,2.3262,0.083735,0.016265
8.1646,descent,2.3262,0.083731,0.016269
8.1682,descent,2.3292,0.083727,0.016273
8.1734,descent,2.3292,0.083715,0.016285
8.1786,descent,2.3292,0.083683,0.016317
8.1838,descent,2.3292,0.083679,0.016321
8.1890,descent,2.3292,0.083675,0.016325
8.1941,descent,2.3292,0.083661,0.016339
8.1993,descent,2.3292,0.083647,0.016353
8.2045,descent,2.3292,0.083632,0.016368
8.2097,descent,2.3292,0.083632,0.016368
8.2149,descent,2.3292,0.083617,0.016383
8.2200,descent,2.3292,0.083610,0.016390
8.2252,descent,2.3292,0.083604,0.016396
8.2304,descent,2.3292,0.083600,0.016400
8.2356,descent,2.3292,0.083576,0.016424
8.2408,descent,2.3292,0.083582,0.016418
8.2459,descent,2.3292,0.083563,0.016437
8.2511,descent,2.3292,0.083549,0.016451
8.2563,descent,2.3292,0.083551,0.016449
8.2614,descent,2.3292,0.083531,0.016469
8.2632,descent,2.3326,0.083535,0.016465
8.2684,descent,2.3326,0.083529,0.016471
8.2736,descent,2.3326,0.083506,0.016494
8.2788,descent,2.3326,0.083511,0.016489
8.2839,descent,2.3326,0.083481,0.016519
8.2891,descent,2.3326,0.083484,0.016516
8.2943,descent,2.3326,0.083476,0.016524
8.2995,descent,2.3326,0.083457,0.016543
8.3046,descent,2.3326,0.083448,0.016552
8.3099,descent,2.3326,0.083447,0.016553
8.3151,descent,2.3326,0.083429,0.016571
8.3203,descent,2.3326,0.083425,0.016575
8.3255,descent,2.3326,0.083410,0.016590
8.3307,descent,2.3326,0.083402,0.016598
8.3359,descent,2.3326,0.083384,0.016616
8.3411,descent,2.3326,0.083376,0.016624
8.3463,descent,2.3326,0.083355,0.016645
8.3516,descent,2.3326,0.083363,0.016637
8.3531,descent,2.3361,0.083352,0.016648
8.3583,descent,2.3361,0.083324,0.016676
8.3635,descent,2.3361,0.083323,0.016677
8.3686,descent,2.3361,0.083320,0.016680
8.3738,descent,2.3361,0.083318,0.016682
8.3790,descent,2.3361,0.083311,0.016689
8.3842,descent,2.3361,0.083288,0.016712
8.3894,descent,2.3361,0.083279,0.016721
8.3945,descent,2.3361,0.083264,0.016736
8.3997,descent,2.3361,0.083256,0.016744
8.4049,descent,2.3361,0.083236,0.016764
8.4101,descent,2.3361,0.083229,0.016771
8.4153,descent,2.3361,0.083234,0.016766
8.4205,descent,2.3361,0.083216,0.016784
8.4256,descent,2.3361,0.083192,0.016808
8.4308,descent,2.3361,0.083180,0.016820
8.4360,descent,2.3361,0.083201,0.016799
8.4412,descent,2.3361,0.083162,0.016838
8.4432,descent,2.3390,0.083163,0.016837
8.4484,descent,2.3390,0.083159,0.016841
8.4536,descent,2.3390,0.083139,0.016861
8.4588,descent,2.3390,0.083147,0.016853
8.4640,descent,2.3390,0.083134,0.016866
8.4692,descent,2.3390,0.083127,0.016873
8.4744,descent,2.3390,0.083114,0.016886
8.4796,descent,2.3390,0.083101,0.016899
8.4847,descent,2.3390,0.083101,0.016899
8.4899,descent,2.3390,0.083090,0.016910
8.4951,descent,2.3390,0.083068,0.016932
8.5003,descent,2.3390,0.083070,0.016930
8.5055,descent,2.3390,0.083055,0.016945
8.5107,descent,2.3390,0.083046,0.016954
8.5159,descent,2.3390,0.083055,0.016945
8.5211,descent,2.3390,0.083011,0.016989
8.5263,descent,2.3390,0.083018,0.016982
8.5282,descent,2.3405,0.083008,0.016992
8.5335,descent,2.3405,0.083004,0.016996
8.5386,descent,2.3405,0.082988,0.017012
8.5438,descent,2.3405,0.082983,0.017017
8.5490,descent,2.3405,0.082969,0.017031
8.5542,descent,2.3405,0.082964,0.017036
8.5594,descent,2.3405,0.082947,0.017053
8.5646,descent,2.3405,0.082927,0.017073
8.5697,descent,2.3405,0.082937,0.017063
8.5749,descent,2.3405,0.082928,0.017072
8.5801,descent,2.3405,0.082904,0.017096
8.5853,descent,2.3405,0.082890,0.017110
8.5905,descent,2.3405,0.082883,0.017117
8.5957,descent,2.3405,0.082873,0.017127
8.6009,descent,2.3405,0.082857,0.017143
8.6061,descent,2.3405,0.082854,0.017146
8.6113,descent,2.3405,0.082845,0.017155
8.6165,descent,2.3405,0.082830,0.017170
8.6182,descent,2.3435,0.082830,0.017170
8.6234,descent,2.3435,0.082818,0.017182
8.6286,descent,2.3435,0.082812,0.017188
8.6338,descent,2.3435,0.082786,0.017214
8.6390,descent,2.3435,0.082790,0.017210
8.6442,descent,2.3435,0.082779,0.017221
8.6494,descent,2.3435,0.082762,0.017238
8.6545,descent,2.3435,0.082746,0.017254
8.6597,descent,2.3435,0.082738,0.017262
8.6649,descent,2.3435,0.082732,0.017268
8.6701,descent,2.3435,0.082708,0.017292
8.6753,descent,2.3435,0.082708,0.017292
8.6804,descent,2.3435,0.082693,0.017307
8.6856,descent,2.3435,0.082703,0.017297
8.6908,descent,2.3435,0.082676,0.017324
8.6959,descent,2.3435,0.082668,0.017332
8.7011,descent,2.3435,0.082660,0.017340
8.7063,descent,2.3435,0.082665,0.017335
8.7080,descent,2.3457,0.082634,0.017366
8.7132,descent,2.3457,0.082618,0.017382
8.7184,descent,2.3457,0.082622,0.017378
8.7236,descent,2.3457,0.082601,0.017399
8.7287,descent,2.3457,0.082604,0.017396
8.7339,descent,2.3457,0.082580,0.017420
8.7391,descent,2.3457,0.082574,0.017426
8.7443,descent,2.3457,0.082570,0.017430
8.7494,descent,2.3457,0.082556,0.017444
8.7546,descent,2.3457,0.082536,0.017464
8.7598,descent,2.3457,0.082528,0.017472
8.7649,descent,2.3457,0.082532,0.017468
8.7702,descent,2.3457,0.082525,0.017475
8.7754,descent,2.3457,0.082487,0.017513
8.7806,descent,2.3457,0.082491,0.017509
8.7857,descent,2.3457,0.082485,0.017515
8.7909,descent,2.3457,0.082479,0.017521
8.7961,descent,2.3457,0.082477,0.017523
8.7981,descent,2.3486,0.082459,0.017541
8.8033,descent,2.3486,0.082436,0.017564
8.8085,descent,2.3486,0.082449,0.017551
8.8137,descent,2.3486,0.082439,0.017561
8.8188,descent,2.3486,0.082415,0.017585
8.8240,descent,2.3486,0.082420,0.017580
8.8292,descent,2.3486,0.082413,0.017587
8.8343,descent,2.3486,0.082389,0.017611
8.8395,descent,2.3486,0.082383,0.017617
8.8446,descent,2.3486,0.082380,0.017620
8.8498,descent,2.3486,0.082362,0.017638
8.8550,descent,2.3486,0.082353,0.017647
8.8602,descent,2.3486,0.082355,0.017645
8.8654,descent,2.3486,0.082336,0.017664
8.8707,descent,2.3486,0.082319,0.017681
8.8759,descent,2.3486,0.082311,0.017689
8.8811,descent,2.3486,0.082289,0.017711
8.8832,descent,2.3520,0.082298,0.017702
8.8884,descent,2.3520,0.082294,0.017706
8.8936,descent,2.3520,0.082267,0.017733
8.8988,descent,2.3520,0.082259,0.017741
8.9040,descent,2.3520,0.082251,0.017749
8.9092,descent,2.3520,0.082267,0.017733
8.9146,descent,2.3520,0.082239,0.017761
8.9198,descent,2.3520,0.082216,0.017784
8.9250,descent,2.3520,0.082207,0.017793
8.9302,descent,2.3520,0.082210,0.017790
8.9354,descent,2.3520,0.082197,0.017803
8.9406,descent,2.3520,0.082188,0.017812
8.9457,descent,2.3520,0.082177,0.017823
8.9509,descent,2.3520,0.082156,0.017844
8.9561,descent,2.3520,0.082167,0.017833
8.9613,descent,2.3520,0.082149,0.017851
8.9664,descent,2.3520,0.082121,0.017879
8.9716,descent,2.3520,0.082111,0.017889
8.9732,descent,2.3548,0.082113,0.017887
8.9784,descent,2.3548,0.082105,0.017895
8.9836,descent,2.3548,0.082102,0.017898
8.9888,descent,2.3548,0.082095,0.017905
8.9939,descent,2.3548,0.082074,0.017926
8.9992,descent,2.3548,0.082063,0.017937
9.0045,descent,2.3548,0.082062,0.017938
9.0097,descent,2.3548,0.082058,0.017942
9.0148,descent,2.3548,0.082045,0.017955
9.0200,descent,2.3548,0.082043,0.017957
9.0253,descent,2.3548,0.082024,0.017976
9.0305,descent,2.3548,0.082015,0.017985
9.0357,descent,2.3548,0.082000,0.018000
9.0409,descent,2.3548,0.082004,0.017996
9.0461,descent,2.3548,0.081981,0.018019
9.0514,descent,2.3548,0.081960,0.018040
9.0566,descent,2.3548,0.081953,0.018047
9.0618,descent,2.3548,0.081945,0.018055
9.0630,descent,2.3563,0.081942,0.018058
9.0681,descent,2.3563,0.081933,0.018067
9.0733,descent,2.3563,0.081933,0.018067
9.0785,descent,2.3563,0.081908,0.018092
9.0836,descent,2.3563,0.081885,0.018115
9.0888,descent,2.3563,0.081886,0.018114
9.0939,descent,2.3563,0.081877,0.018123
9.0991,descent,2.3563,0.081866,0.018134
9.1043,descent,2.3563,0.081842,0.018158
9.1094,descent,2.3563,0.081838,0.018162
9.1146,descent,2.3563,0.081821,0.018179
9.1198,descent,2.3563,0.081822,0.018178
9.1250,descent,2.3563,0.081798,0.018202
9.1302,descent,2.3563,0.081788,0.018212
9.1354,descent,2.3563,0.081782,0.018218
9.1406,descent,2.3563,0.081772,0.018228
9.1458,descent,2.3563,0.081778,0.018222
9.1510,descent,2.3563,0.081773,0.018227
9.1532,descent,2.3578,0.081754,0.018246
9.1584,descent,2.3578,0.081741,0.018259
9.1636,descent,2.3578,0.081734,0.018266
9.1688,descent,2.3578,0.081708,0.018292
9.1739,descent,2.3578,0.081714,0.018286
9.1791,descent,2.3578,0.081715,0.018285
9.1843,descent,2.3578,0.081687,0.018313
9.1895,descent,2.3578,0.081677,0.018323
9.1947,descent,2.3578,0.081672,0.018328
9.1999,descent,2.3578,0.081650,0.018350
9.2051,descent,2.3578,0.081655,0.018345
9.2103,descent,2.3578,0.081639,0.018361
9.2154,descent,2.3578,0.081618,0.018382
9.2206,descent,2.3578,0.081616,0.018384
9.2258,descent,2.3578,0.081617,0.018383
9.2310,descent,2.3578,0.081608,0.018392
9.2362,descent,2.3578,0.081594,0.018406
9.2382,descent,2.3595,0.081582,0.018418
9.2434,descent,2.3595,0.081580,0.018420
9.2486,descent,2.3595,0.081568,0.018432
9.2538,descent,2.3595,0.081561,0.018439
9.2589,descent,2.3595,0.081556,0.018444
9.2641,descent,2.3595,0.081537,0.018463
9.2693,descent,2.3595,0.081525,0.018475
9.2745,descent,2.3595,0.081522,0.018478
9.2797,descent,2.3595,0.081505,0.018495
9.2849,descent,2.3595,0.081498,0.018502
9.2901,descent,2.3595,0.081489,0.018511
9.2953,descent,2.3595,0.081480,0.018520
9.3005,descent,2.3595,0.081465,0.018535
9.3058,descent,2.3595,0.081453,0.018547
9.3109,descent,2.3595,0.081449,0.018551
9.3161,descent,2.3595,0.081424,0.018576
9.3213,descent,2.3595,0.081412,0.018588
9.3265,descent,2.3595,0.081403,0.018597
9.3283,descent,2.3636,0.081400,0.018600
9.3334,descent,2.3636,0.081396,0.018604
9.3386,descent,2.3636,0.081390,0.018610
9.3437,descent,2.3636,0.081383,0.018617
9.3488,descent,2.3636,0.081356,0.018644
9.3539,descent,2.3636,0.081365,0.018635
9.3590,descent,2.3636,0.081373,0.018627
9.3642,descent,2.3636,0.081338,0.018662
9.3693,descent,2.3636,0.081332,0.018668
9.3745,descent,2.3636,0.081307,0.018693
9.3796,descent,2.3636,0.081298,0.018702
9.3848,descent,2.3636,0.081288,0.018712
9.3900,descent,2.3636,0.081276,0.018724
9.3952,descent,2.3636,0.081287,0.018713
9.4003,descent,2.3636,0.081275,0.018725
9.4055,descent,2.3636,0.081256,0.018744
9.4106,descent,2.3636,0.081233,0.018767
9.4157,descent,2.3636,0.081213,0.018787
9.4181,descent,2.3656,0.081214,0.018786
9.4233,descent,2.3656,0.081203,0.018797
9.4284,descent,2.3656,0.081180,0.018820
9.4335,descent,2.3656,0.081188,0.018812
9.4386,descent,2.3656,0.081151,0.018849
9.4437,descent,2.3656,0.081164,0.018836
9.4489,descent,2.3656,0.081150,0.018850
9.4540,descent,2.3656,0.081142,0.018858
9.4591,descent,2.3656,0.081147,0.018853
9.4642,descent,2.3656,0.081125,0.018875
9.4694,descent,2.3656,0.081130,0.018870
9.4746,descent,2.3656,0.081091,0.018909
9.4798,descent,2.3656,0.081100,0.018900
9.4850,descent,2.3656,0.081089,0.018911
9.4902,descent,2.3656,0.081095,0.018905
9.4953,descent,2.3656,0.081062,0.018938
9.5005,descent,2.3656,0.081055,0.018945
9.5056,descent,2.3656,0.081048,0.018952
9.5081,descent,2.3670,0.081054,0.018946
9.5133,descent,2.3670,0.081027,0.018973
9.5184,descent,2.3670,0.081028,0.018972
9.5236,descent,2.3670,0.081021,0.018979
9.5288,descent,2.3670,0.081022,0.018978
9.5339,descent,2.3670,0.080993,0.019007
9.5391,descent,2.3670,0.080986,0.019014
9.5443,descent,2.3670,0.080966,0.019034
9.5495,descent,2.3670,0.080972,0.019028
9.5547,descent,2.3670,0.080941,0.019059
9.5599,descent,2.3670,0.080938,0.019062
9.5650,descent,2.3670,0.080918,0.019082
9.5702,descent,2.3670,0.080918,0.019082
9.5754,descent,2.3670,0.080918,0.019082
9.5806,descent,2.3670,0.080893,0.019107
9.5858,descent,2.3670,0.080881,0.019119
9.5909,descent,2.3670,0.080877,0.019123
9.5933,descent,2.3701,0.080875,0.019125
9.5984,descent,2.3701,0.080863,0.019137
9.6036,descent,2.3701,0.080857,0.019143
9.6087,descent,2.3701,0.080834,0.019166
9.6138,descent,2.3701,0.080835,0.019165
9.6189,descent,2.3701,0.080814,0.019186
9.6240,descent,2.3701,0.080817,0.019183
9.6292,descent,2.3701,0.080794,0.019206
9.6343,descent,2.3701,0.080795,0.019205
9.6395,descent,2.3701,0.080768,0.019232
9.6447,descent,2.3701,0.080766,0.019234
9.6499,descent,2.3701,0.080748,0.019252
9.6551,descent,2.3701,0.080744,0.019256
9.6603,descent,2.3701,0.080732,0.019268
9.6655,descent,2.3701,0.080721,0.019279
9.6707,descent,2.3701,0.080704,0.019296
9.6759,descent,2.3701,0.080710,0.019290
9.6811,descent,2.3701,0.080695,0.019305
9.6863,descent,2.3701,0.080672,0.019328
9.6881,descent,2.3727,0.080672,0.019328
9.6933,descent,2.3727,0.080671,0.019329
9.6985,descent,2.3727,0.080651,0.019349
9.7036,descent,2.3727,0.080643,0.019357
9.7087,descent,2.3727,0.080642,0.019358
9.7139,descent,2.3727,0.080628,0.019372
9.7190,descent,2.3727,0.080615,0.019385
9.7242,descent,2.3727,0.080606,0.019394
9.7294,descent,2.3727,0.080599,0.019401
9.7346,descent,2.3727,0.080596,0.019404
9.7398,descent,2.3727,0.080576,0.019424
9.7450,descent,2.3727,0.080569,0.019431
9.7502,descent,2.3727,0.080554,0.019446
9.7554,descent,2.3727,0.080558,0.019442
9.7606,descent,2.3727,0.080538,0.019462
9.7658,descent,2.3727,0.080529,0.019471
9.7710,descent,2.3727,0.080509,0.019491
9.7762,descent,2.3727,0.080503,0.019497
9.7782,descent,2.3735,0.080504,0.019496
9.7834,descent,2.3735,0.080492,0.019508
9.7885,descent,2.3735,0.080473,0.019527
9.7936,descent,2.3735,0.080471,0.019529
9.7988,descent,2.3735,0.080449,0.019551
9.8039,descent,2.3735,0.080443,0.019557
9.8090,descent,2.3735,0.080440,0.019560
9.8141,descent,2.3735,0.080435,0.019565
9.8192,descent,2.3735,0.080408,0.019592
9.8245,descent,2.3735,0.080411,0.019589
9.8296,descent,2.3735,0.080392,0.019608
9.8349,descent,2.3735,0.080380,0.019620
9.8401,descent,2.3735,0.080374,0.019626
9.8453,descent,2.3735,0.080380,0.019620
9.8505,descent,2.3735,0.080346,0.019654
9.8558,descent,2.3735,0.080344,0.019656
9.8609,descent,2.3735,0.080346,0.019654
9.8662,descent,2.3735,0.080329,0.019671
9.8682,descent,2.3763,0.080322,0.019678
9.8733,descent,2.3763,0.080306,0.019694
9.8785,descent,2.3763,0.080301,0.019699
9.8836,descent,2.3763,0.080289,0.019711
9.8887,descent,2.3763,0.080278,0.019722
9.8938,descent,2.3763,0.080266,0.019734
9.8989,descent,2.3763,0.080262,0.019738
9.9041,descent,2.3763,0.080259,0.019741
9.9092,descent,2.3763,0.080247,0.019753
9.9144,descent,2.3763,0.080244,0.019756
9.9195,descent,2.3763,0.080245,0.019755
9.9247,descent,2.3763,0.080214,0.019786
9.9299,descent,2.3763,0.080212,0.019788
9.9351,descent,2.3763,0.080195,0.019805
9.9403,descent,2.3763,0.080178,0.019822
9.9455,descent,2.3763,0.080165,0.019835
9.9507,descent,2.3763,0.080151,0.019849
9.9532,descent,2.3780,0.080155,0.019845
9.9584,descent,2.3780,0.080166,0.019834
9.9636,descent,2.3780,0.080139,0.019861
9.9688,descent,2.3780,0.080146,0.019854
9.9740,descent,2.3780,0.080124,0.019876
9.9792,descent,2.3780,0.080101,0.019899
9.9844,descent,2.3780,0.080094,0.019906
9.9895,descent,2.3780,0.080088,0.019912
9.9947,descent,2.3780,0.080082,0.019918
9.9999,descent,2.3780,0.080059,0.019941
10.0051,descent,2.3780,0.080049,0.019951
10.0103,descent,2.3780,0.080038,0.019962
10.0155,descent,2.3780,0.080046,0.019954
10.0206,descent,2.3780,0.080037,0.019963
10.0258,descent,2.3780,0.080034,0.019966
10.0310,descent,2.3780,0.080031,0.019969
10.0362,descent,2.3780,0.080037,0.019963
10.0414,descent,2.3780,0.080030,0.019970
10.0429,ascent,2.3797,0.080042,0.019958
10.0481,ascent,2.3797,0.080039,0.019961
10.0532,ascent,2.3797,0.080040,0.019960
10.0584,ascent,2.3797,0.080051,0.019949
10.0635,ascent,2.3797,0.080046,0.019954
10.0687,ascent,2.3797,0.080042,0.019958
10.0738,ascent,2.3797,0.080063,0.019937
10.0789,ascent,2.3797,0.080047,0.019953
10.0840,ascent,2.3797,0.080076,0.019924
10.0891,ascent,2.3797,0.080080,0.019920
10.0943,ascent,2.3797,0.080086,0.019914
10.0995,ascent,2.3797,0.080081,0.019919
10.1047,ascent,2.3797,0.080086,0.019914
10.1098,ascent,2.3797,0.080099,0.019901
10.1150,ascent,2.3797,0.080101,0.019899
10.1202,ascent,2.3797,0.080123,0.019877
10.1254,ascent,2.3797,0.080107,0.019893
10.1306,ascent,2.3797,0.080122,0.019878
10.1333,ascent,2.3811,0.080141,0.019859
10.1384,ascent,2.3811,0.080139,0.019861
10.1436,ascent,2.3811,0.080131,0.019869
10.1487,ascent,2.3811,0.080134,0.019866
10.1538,ascent,2.3811,0.080143,0.019857
10.1590,ascent,2.3811,0.080153,0.019847
10.1641,ascent,2.3811,0.080148,0.019852
10.1691,ascent,2.3811,0.080164,0.019836
10.1742,ascent,2.3811,0.080168,0.019832
10.1793,ascent,2.3811,0.080168,0.019832
10.1845,ascent,2.3811,0.080188,0.019812
10.1896,ascent,2.3811,0.080196,0.019804
10.1948,ascent,2.3811,0.080207,0.019793
10.2000,ascent,2.3811,0.080214,0.019786
10.2051,ascent,2.3811,0.080223,0.019777
10.2103,ascent,2.3811,0.080214,0.019786
10.2155,ascent,2.3811,0.080228,0.019772
10.2206,ascent,2.3811,0.080248,0.019752
10.2230,ascent,2.3804,0.080239,0.019761
10.2281,ascent,2.3804,0.080265,0.019735
10.2333,ascent,2.3804,0.080263,0.019737
10.2385,ascent,2.3804,0.080288,0.019712
10.2437,ascent,2.3804,0.080301,0.019699
10.2488,ascent,2.3804,0.080312,0.019688
10.2540,ascent,2.3804,0.080319,0.019681
10.2591,ascent,2.3804,0.080338,0.019662
10.2643,ascent,2.3804,0.080343,0.019657
10.2695,ascent,2.3804,0.080345,0.019655
10.2746,ascent,2.3804,0.080360,0.019640
10.2797,ascent,2.3804,0.080381,0.019619
10.2849,ascent,2.3804,0.080393,0.019607
10.2901,ascent,2.3804,0.080418,0.019582
10.2952,ascent,2.3804,0.080420,0.019580
10.3004,ascent,2.3804,0.080438,0.019562
10.3056,ascent,2.3804,0.080440,0.019560
10.3081,ascent,2.3636,0.080444,0.019556
10.3134,ascent,2.3636,0.080454,0.019546
10.3186,ascent,2.3636,0.080461,0.019539
10.3238,ascent,2.3636,0.080492,0.019508
10.3289,ascent,2.3636,0.080504,0.019496
10.3341,ascent,2.3636,0.080511,0.019489
10.3392,ascent,2.3636,0.080514,0.019486
10.3444,ascent,2.3636,0.080535,0.019465
10.3496,ascent,2.3636,0.080537,0.019463
10.3548,ascent,2.3636,0.080559,0.019441
10.3599,ascent,2.3636,0.080566,0.019434
10.3651,ascent,2.3636,0.080582,0.019418
10.3702,ascent,2.3636,0.080592,0.019408
10.3754,ascent,2.3636,0.080594,0.019406
10.3806,ascent,2.3636,0.080619,0.019381
10.3858,ascent,2.3636,0.080608,0.019392
10.3909,ascent,2.3636,0.080622,0.019378
10.3960,ascent,2.3636,0.080619,0.019381
10.3981,ascent,2.3330,0.080623,0.019377
10.4033,ascent,2.3330,0.080660,0.019340
10.4084,ascent,2.3330,0.080642,0.019358
10.4136,ascent,2.3330,0.080667,0.019333
10.4187,ascent,2.3330,0.080677,0.019323
10.4238,ascent,2.3330,0.080674,0.019326
10.4290,ascent,2.3330,0.080670,0.019330
10.4342,ascent,2.3330,0.080696,0.019304
10.4394,ascent,2.3330,0.080699,0.019301
10.4446,ascent,2.3330,0.080727,0.019273
10.4498,ascent,2.3330,0.080718,0.019282
10.4550,ascent,2.3330,0.080740,0.019260
10.4601,ascent,2.3330,0.080735,0.019265
10.4653,ascent,2.3330,0.080738,0.019262
10.4705,ascent,2.3330,0.080758,0.019242
10.4757,ascent,2.3330,0.080781,0.019219
10.4809,ascent,2.3330,0.080779,0.019221
10.4860,ascent,2.3330,0.080799,0.019201
10.4881,ascent,2.3009,0.080806,0.019194
10.4933,ascent,2.3009,0.080802,0.019198
10.4984,ascent,2.3009,0.080813,0.019187
10.5035,ascent,2.3009,0.080829,0.019171
10.5086,ascent,2.3009,0.080851,0.019149
10.5138,ascent,2.3009,0.080852,0.019148
10.5189,ascent,2.3009,0.080853,0.019147
10.5240,ascent,2.3009,0.080889,0.019111
10.5291,ascent,2.3009,0.080894,0.019106
10.5343,ascent,2.3009,0.080898,0.019102
10.5395,ascent,2.3009,0.080909,0.019091
10.5446,ascent,2.3009,0.080912,0.019088
10.5498,ascent,2.3009,0.080928,0.019072
10.5550,ascent,2.3009,0.080940,0.019060
10.5602,ascent,2.3009,0.080974,0.019026
10.5654,ascent,2.3009,0.080974,0.019026
10.5706,ascent,2.3009,0.080985,0.019015
10.5758,ascent,2.3009,0.081000,0.019000
10.5781,ascent,2.2673,0.080996,0.019004
10.5833,ascent,2.2673,0.081007,0.018993
10.5885,ascent,2.2673,0.081019,0.018981
10.5937,ascent,2.2673,0.081027,0.018973
10.5989,ascent,2.2673,0.081049,0.018951
10.6040,ascent,2.2673,0.081061,0.018939
10.6092,ascent,2.2673,0.081076,0.018924
10.6144,ascent,2.2673,0.081082,0.018918
10.6196,ascent,2.2673,0.081089,0.018911
10.6248,ascent,2.2673,0.081112,0.018888
10.6300,ascent,2.2673,0.081110,0.018890
10.6352,ascent,2.2673,0.081116,0.018884
10.6404,ascent,2.2673,0.081133,0.018867
10.6456,ascent,2.2673,0.081142,0.018858
10.6508,ascent,2.2673,0.081152,0.018848
10.6560,ascent,2.2673,0.081153,0.018847
10.6612,ascent,2.2673,0.081164,0.018836
10.6632,ascent,2.2400,0.081163,0.018837
10.6683,ascent,2.2400,0.081180,0.018820
10.6735,ascent,2.2400,0.081197,0.018803
10.6787,ascent,2.2400,0.081208,0.018792
10.6838,ascent,2.2400,0.081217,0.018783
10.6889,ascent,2.2400,0.081228,0.018772
10.6941,ascent,2.2400,0.081232,0.018768
10.6993,ascent,2.2400,0.081250,0.018750
10.7045,ascent,2.2400,0.081266,0.018734
10.7096,ascent,2.2400,0.081288,0.018712
10.7147,ascent,2.2400,0.081287,0.018713
10.7198,ascent,2.2400,0.081292,0.018708
10.7249,ascent,2.2400,0.081314,0.018686
10.7300,ascent,2.2400,0.081326,0.018674
10.7351,ascent,2.2400,0.081331,0.018669
10.7402,ascent,2.2400,0.081333,0.018667
10.7454,ascent,2.2400,0.081340,0.018660
10.7506,ascent,2.2400,0.081362,0.018638
10.7531,ascent,2.2145,0.081362,0.018638
10.7583,ascent,2.2145,0.081375,0.018625
10.7635,ascent,2.2145,0.081387,0.018613
10.7687,ascent,2.2145,0.081409,0.018591
10.7739,ascent,2.2145,0.081402,0.018598
10.7791,ascent,2.2145,0.081417,0.018583
10.7843,ascent,2.2145,0.081431,0.018569
10.7895,ascent,2.2145,0.081439,0.018561
10.7947,ascent,2.2145,0.081447,0.018553
10.7999,ascent,2.2145,0.081465,0.018535
10.8050,ascent,2.2145,0.081459,0.018541
10.8101,ascent,2.2145,0.081477,0.018523
10.8152,ascent,2.2145,0.081479,0.018521
10.8203,ascent,2.2145,0.081503,0.018497
10.8255,ascent,2.2145,0.081494,0.018506
10.8307,ascent,2.2145,0.081522,0.018478
10.8359,ascent,2.2145,0.081515,0.018485
10.8411,ascent,2.2145,0.081534,0.018466
10.8431,ascent,2.1893,0.081534,0.018466
10.8483,ascent,2.1893,0.081545,0.018455
10.8535,ascent,2.1893,0.081565,0.018435
10.8586,ascent,2.1893,0.081568,0.018432
10.8638,ascent,2.1893,0.081569,0.018431
10.8690,ascent,2.1893,0.081576,0.018424
10.8742,ascent,2.1893,0.081588,0.018412
10.8793,ascent,2.1893,0.081612,0.018388
10.8845,ascent,2.1893,0.081618,0.018382
10.8897,ascent,2.1893,0.081614,0.018386
10.8949,ascent,2.1893,0.081643,0.018357
10.9001,ascent,2.1893,0.081645,0.018355
10.9053,ascent,2.1893,0.081663,0.018337
10.9105,ascent,2.1893,0.081671,0.018329
10.9157,ascent,2.1893,0.081680,0.018320
10.9208,ascent,2.1893,0.081705,0.018295
10.9260,ascent,2.1893,0.081703,0.018297
10.9312,ascent,2.1893,0.081694,0.018306
10.9331,ascent,2.1681,0.081711,0.018289
10.9383,ascent,2.1681,0.081726,0.018274
10.9435,ascent,2.1681,0.081734,0.018266
10.9487,ascent,2.1681,0.081739,0.018261
10.9538,ascent,2.1681,0.081753,0.018247
10.9590,ascent,2.1681,0.081769,0.018231
10.9642,ascent,2.1681,0.081774,0.018226
10.9694,ascent,2.1681,0.081780,0.018220
10.9746,ascent,2.1681,0.081804,0.018196
10.9797,ascent,2.1681,0.081813,0.018187
10.9849,ascent,2.1681,0.081821,0.018179
10.9901,ascent,2.1681,0.081844,0.018156
10.9952,ascent,2.1681,0.081832,0.018168
11.0004,ascent,2.1681,0.081849,0.018151
11.0057,ascent,2.1681,0.081859,0.018141
11.0109,ascent,2.1681,0.081877,0.018123
11.0161,ascent,2.1681,0.081903,0.018097
11.0212,ascent,2.1681,0.081888,0.018112
11.0232,ascent,2.1462,0.081902,0.018098
11.0284,ascent,2.1462,0.081909,0.018091
11.0336,ascent,2.1462,0.081909,0.018091
11.0388,ascent,2.1462,0.081937,0.018063
11.0440,ascent,2.1462,0.081953,0.018047
11.0491,ascent,2.1462,0.081947,0.018053
11.0543,ascent,2.1462,0.081967,0.018033
11.0594,ascent,2.1462,0.081975,0.018025
11.0645,ascent,2.1462,0.081991,0.018009
11.0695,ascent,2.1462,0.082005,0.017995
11.0746,ascent,2.1462,0.082017,0.017983
11.0797,ascent,2.1462,0.082002,0.017998
11.0848,ascent,2.1462,0.082031,0.017969
11.0899,ascent,2.1462,0.082032,0.017968
11.0950,ascent,2.1462,0.082043,0.017957
11.1001,ascent,2.1462,0.082059,0.017941
11.1052,ascent,2.1462,0.082080,0.017920
11.1103,ascent,2.1462,0.082078,0.017922
11.1132,ascent,2.1250,0.082088,0.017912
11.1184,ascent,2.1250,0.082092,0.017908
11.1235,ascent,2.1250,0.082102,0.017898
11.1287,ascent,2.1250,0.082107,0.017893
11.1339,ascent,2.1250,0.082118,0.017882
11.1390,ascent,2.1250,0.082136,0.017864
11.1442,ascent,2.1250,0.082149,0.017851
11.1494,ascent,2.1250,0.082163,0.017837
11.1547,ascent,2.1250,0.082166,0.017834
11.1599,ascent,2.1250,0.082171,0.017829
11.1650,ascent,2.1250,0.082170,0.017830
11.1702,ascent,2.1250,0.082189,0.017811
11.1754,ascent,2.1250,0.082196,0.017804
11.1806,ascent,2.1250,0.082210,0.017790
11.1858,ascent,2.1250,0.082211,0.017789
11.1910,ascent,2.1250,0.082217,0.017783
11.1961,ascent,2.1250,0.082239,0.017761
11.2013,ascent,2.1250,0.082254,0.017746
11.2031,ascent,2.1040,0.082239,0.017761
11.2084,ascent,2.1040,0.082245,0.017755
11.2135,ascent,2.1040,0.082259,0.017741
11.2187,ascent,2.1040,0.082264,0.017736
11.2239,ascent,2.1040,0.082272,0.017728
11.2291,ascent,2.1040,0.082301,0.017699
11.2342,ascent,2.1040,0.082303,0.017697
11.2394,ascent,2.1040,0.082319,0.017681
11.2446,ascent,2.1040,0.082332,0.017668
11.2497,ascent,2.1040,0.082329,0.017671
11.2549,ascent,2.1040,0.082356,0.017644
11.2600,ascent,2.1040,0.082374,0.017626
11.2652,ascent,2.1040,0.082388,0.017612
11.2704,ascent,2.1040,0.082395,0.017605
11.2757,ascent,2.1040,0.082397,0.017603
11.2809,ascent,2.1040,0.082419,0.017581
11.2861,ascent,2.1040,0.082429,0.017571
11.2913,ascent,2.1040,0.082447,0.017553
11.2930,ascent,2.0828,0.082451,0.017549
11.2981,ascent,2.0828,0.082451,0.017549
11.3033,ascent,2.0828,0.082458,0.017542
11.3084,ascent,2.0828,0.082478,0.017522
11.3136,ascent,2.0828,0.082489,0.017511
11.3188,ascent,2.0828,0.082511,0.017489
11.3240,ascent,2.0828,0.082510,0.017490
11.3292,ascent,2.0828,0.082523,0.017477
11.3344,ascent,2.0828,0.082526,0.017474
11.3396,ascent,2.0828,0.082550,0.017450
11.3448,ascent,2.0828,0.082547,0.017453
11.3500,ascent,2.0828,0.082562,0.017438
11.3552,ascent,2.0828,0.082556,0.017444
11.3604,ascent,2.0828,0.082597,0.017403
11.3656,ascent,2.0828,0.082589,0.017411
11.3707,ascent,2.0828,0.082605,0.017395
11.3759,ascent,2.0828,0.082624,0.017376
11.3811,ascent,2.0828,0.082632,0.017368
11.3829,ascent,2.0618,0.082628,0.017372
11.3881,ascent,2.0618,0.082657,0.017343
11.3934,ascent,2.0618,0.082657,0.017343
11.3986,ascent,2.0618,0.082673,0.017327
11.4038,ascent,2.0618,0.082659,0.017341
11.4089,ascent,2.0618,0.082685,0.017315
11.4141,ascent,2.0618,0.082696,0.017304
11.4193,ascent,2.0618,0.082708,0.017292
11.4245,ascent,2.0618,0.082722,0.017278
11.4297,ascent,2.0618,0.082712,0.017288
11.4349,ascent,2.0618,0.082731,0.017269
11.4401,ascent,2.0618,0.082753,0.017247
11.4452,ascent,2.0618,0.082760,0.017240
11.4504,ascent,2.0618,0.082760,0.017240
11.4556,ascent,2.0618,0.082765,0.017235
11.4608,ascent,2.0618,0.082805,0.017195
11.4660,ascent,2.0618,0.082795,0.017205
11.4682,ascent,2.0419,0.082800,0.017200
11.4734,ascent,2.0419,0.082808,0.017192
11.4786,ascent,2.0419,0.082806,0.017194
11.4838,ascent,2.0419,0.082826,0.017174
11.4890,ascent,2.0419,0.082845,0.017155
11.4942,ascent,2.0419,0.082845,0.017155
11.4994,ascent,2.0419,0.082855,0.017145
11.5046,ascent,2.0419,0.082886,0.017114
11.5098,ascent,2.0419,0.082876,0.017124
11.5150,ascent,2.0419,0.082888,0.017112
11.5202,ascent,2.0419,0.082902,0.017098
11.5254,ascent,2.0419,0.082917,0.017083
11.5306,ascent,2.0419,0.082921,0.017079
11.5358,ascent,2.0419,0.082918,0.017082
11.5409,ascent,2.0419,0.082934,0.017066
11.5461,ascent,2.0419,0.082964,0.017036
11.5513,ascent,2.0419,0.082955,0.017045
11.5565,ascent,2.0419,0.082974,0.017026
11.5580,ascent,2.0197,0.082968,0.017032
11.5632,ascent,2.0197,0.082994,0.017006
11.5684,ascent,2.0197,0.082992,0.017008
11.5736,ascent,2.0197,0.083004,0.016996
11.5787,ascent,2.0197,0.083035,0.016965
11.5839,ascent,2.0197,0.083025,0.016975
11.5891,ascent,2.0197,0.083048,0.016952
11.5943,ascent,2.0197,0.083051,0.016949
11.5995,ascent,2.0197,0.083060,0.016940
11.6047,ascent,2.0197,0.083054,0.016946
11.6099,ascent,2.0197,0.083064,0.016936
11.6151,ascent,2.0197,0.083067,0.016933
11.6203,ascent,2.0197,0.083085,0.016915
11.6255,ascent,2.0197,0.083092,0.016908
11.6306,ascent,2.0197,0.083108,0.016892
11.6358,ascent,2.0197,0.083136,0.016864
11.6410,ascent,2.0197,0.083133,0.016867
11.6462,ascent,2.0197,0.083142,0.016858
11.6482,ascent,1.9979,0.083140,0.016860
11.6534,ascent,1.9979,0.083149,0.016851
11.6586,ascent,1.9979,0.083162,0.016838
11.6638,ascent,1.9979,0.083171,0.016829
11.6690,ascent,1.9979,0.083179,0.016821
11.6742,ascent,1.9979,0.083198,0.016802
11.6794,ascent,1.9979,0.083188,0.016812
11.6846,ascent,1.9979,0.083216,0.016784
11.6898,ascent,1.9979,0.083229,0.016771
11.6950,ascent,1.9979,0.083222,0.016778
11.7001,ascent,1.9979,0.083241,0.016759
11.7053,ascent,1.9979,0.083250,0.016750
11.7105,ascent,1.9979,0.083256,0.016744
11.7157,ascent,1.9979,0.083274,0.016726
11.7209,ascent,1.9979,0.083294,0.016706
11.7261,ascent,1.9979,0.083297,0.016703
11.7313,ascent,1.9979,0.083304,0.016696
11.7365,ascent,1.9979,0.083317,0.016683
11.7379,ascent,1.9781,0.083336,0.016664
11.7431,ascent,1.9781,0.083313,0.016687
11.7483,ascent,1.9781,0.083353,0.016647
11.7535,ascent,1.9781,0.083375,0.016625
11.7587,ascent,1.9781,0.083373,0.016627
11.7639,ascent,1.9781,0.083383,0.016617
11.7691,ascent,1.9781,0.083397,0.016603
11.7743,ascent,1.9781,0.083402,0.016598
11.7795,ascent,1.9781,0.083416,0.016584
11.7847,ascent,1.9781,0.083423,0.016577
11.7898,ascent,1.9781,0.083432,0.016568
11.7950,ascent,1.9781,0.083428,0.016572
11.8002,ascent,1.9781,0.083471,0.016529
11.8054,ascent,1.9781,0.083458,0.016542
11.8106,ascent,1.9781,0.083477,0.016523
11.8158,ascent,1.9781,0.083488,0.016512
11.8210,ascent,1.9781,0.083483,0.016517
11.8232,ascent,1.9592,0.083497,0.016503
11.8284,ascent,1.9592,0.083514,0.016486
11.8336,ascent,1.9592,0.083519,0.016481
11.8388,ascent,1.9592,0.083526,0.016474
11.8440,ascent,1.9592,0.083541,0.016459
11.8492,ascent,1.9592,0.083537,0.016463
11.8544,ascent,1.9592,0.083574,0.016426
11.8595,ascent,1.9592,0.083565,0.016435
11.8647,ascent,1.9592,0.083598,0.016402
11.8699,ascent,1.9592,0.083590,0.016410
11.8751,ascent,1.9592,0.083597,0.016403
11.8803,ascent,1.9592,0.083617,0.016383
11.8855,ascent,1.9592,0.083626,0.016374
11.8907,ascent,1.9592,0.083659,0.016341
11.8958,ascent,1.9592,0.083651,0.016349
11.9010,ascent,1.9592,0.083656,0.016344
11.9062,ascent,1.9592,0.083677,0.016323
11.9114,ascent,1.9592,0.083685,0.016315
11.9131,ascent,1.9402,0.083691,0.016309
11.9183,ascent,1.9402,0.083724,0.016276
11.9235,ascent,1.9402,0.083707,0.016293
11.9286,ascent,1.9402,0.083727,0.016273
11.9338,ascent,1.9402,0.083723,0.016277
11.9390,ascent,1.9402,0.083753,0.016247
11.9441,ascent,1.9402,0.083750,0.016250
11.9493,ascent,1.9402,0.083755,0.016245
11.9545,ascent,1.9402,0.083768,0.016232
11.9597,ascent,1.9402,0.083773,0.016227
11.9649,ascent,1.9402,0.083793,0.016207
11.9701,ascent,1.9402,0.083796,0.016204
11.9753,ascent,1.9402,0.083810,0.016190
11.9805,ascent,1.9402,0.083832,0.016168
11.9857,ascent,1.9402,0.083846,0.016154
11.9909,ascent,1.9402,0.083841,0.016159
11.9961,ascent,1.9402,0.083852,0.016148
12.0013,ascent,1.9402,0.083861,0.016139
12.0030,ascent,1.9185,0.083869,0.016131
12.0082,ascent,1.9185,0.083871,0.016129
12.0134,ascent,1.9185,0.083876,0.016124
12.0186,ascent,1.9185,0.083919,0.016081
12.0238,ascent,1.9185,0.083908,0.016092
12.0289,ascent,1.9185,0.083920,0.016080
12.0341,ascent,1.9185,0.083930,0.016070
12.0393,ascent,1.9185,0.083934,0.016066
12.0445,ascent,1.9185,0.083951,0.016049
12.0497,ascent,1.9185,0.083955,0.016045
12.0549,ascent,1.9185,0.083969,0.016031
12.0600,ascent,1.9185,0.083969,0.016031
12.0652,ascent,1.9185,0.083991,0.016009
12.0704,ascent,1.9185,0.083990,0.016010
12.0756,ascent,1.9185,0.084004,0.015996
12.0808,ascent,1.9185,0.084009,0.015991
12.0859,ascent,1.9185,0.084030,0.015970
12.0911,ascent,1.9185,0.084025,0.015975
12.0931,ascent,1.8975,0.084039,0.015961
12.0983,ascent,1.8975,0.084034,0.015966
12.1035,ascent,1.8975,0.084063,0.015937
12.1086,ascent,1.8975,0.084050,0.015950
12.1139,ascent,1.8975,0.084066,0.015934
12.1191,ascent,1.8975,0.084102,0.015898
12.1242,ascent,1.8975,0.084105,0.015895
12.1294,ascent,1.8975,0.084110,0.015890
12.1346,ascent,1.8975,0.084130,0.015870
12.1398,ascent,1.8975,0.084133,0.015867
12.1449,ascent,1.8975,0.084146,0.015854
12.1501,ascent,1.8975,0.084140,0.015860
12.1553,ascent,1.8975,0.084164,0.015836
12.1605,ascent,1.8975,0.084180,0.015820
12.1657,ascent,1.8975,0.084196,0.015804
12.1708,ascent,1.8975,0.084201,0.015799
12.1760,ascent,1.8975,0.084202,0.015798
12.1781,ascent,1.8772,0.084201,0.015799
12.1833,ascent,1.8772,0.084219,0.015781
12.1885,ascent,1.8772,0.084230,0.015770
12.1937,ascent,1.8772,0.084247,0.015753
12.1988,ascent,1.8772,0.084253,0.015747
12.2040,ascent,1.8772,0.084274,0.015726
12.2092,ascent,1.8772,0.084271,0.015729
12.2144,ascent,1.8772,0.084278,0.015722
12.2195,ascent,1.8772,0.084297,0.015703
12.2247,ascent,1.8772,0.084306,0.015694
12.2298,ascent,1.8772,0.084338,0.015662
12.2350,ascent,1.8772,0.084324,0.015676
12.2402,ascent,1.8772,0.084346,0.015654
12.2454,ascent,1.8772,0.084360,0.015640
12.2506,ascent,1.8772,0.084353,0.015647
12.2557,ascent,1.8772,0.084366,0.015634
12.2609,ascent,1.8772,0.084375,0.015625
12.2660,ascent,1.8772,0.084411,0.015589
12.2681,ascent,1.8581,0.084394,0.015606
12.2733,ascent,1.8581,0.084418,0.015582
12.2785,ascent,1.8581,0.084430,0.015570
12.2836,ascent,1.8581,0.084442,0.015558
12.2888,ascent,1.8581,0.084456,0.015544
12.2939,ascent,1.8581,0.084468,0.015532
12.2991,ascent,1.8581,0.084467,0.015533
12.3043,ascent,1.8581,0.084478,0.015522
12.3095,ascent,1.8581,0.084486,0.015514
12.3146,ascent,1.8581,0.084507,0.015493
12.3198,ascent,1.8581,0.084507,0.015493
12.3250,ascent,1.8581,0.084519,0.015481
12.3302,ascent,1.8581,0.084544,0.015456
12.3353,ascent,1.8581,0.084540,0.015460
12.3405,ascent,1.8581,0.084546,0.015454
12.3457,ascent,1.8581,0.084559,0.015441
12.3509,ascent,1.8581,0.084554,0.015446
12.3561,ascent,1.8581,0.084587,0.015413
12.3582,ascent,1.8385,0.084590,0.015410
12.3634,ascent,1.8385,0.084592,0.015408
12.3687,ascent,1.8385,0.084601,0.015399
12.3738,ascent,1.8385,0.084600,0.015400
12.3791,ascent,1.8385,0.084616,0.015384
12.3843,ascent,1.8385,0.084631,0.015369
12.3894,ascent,1.8385,0.084634,0.015366
12.3945,ascent,1.8385,0.084639,0.015361
12.3996,ascent,1.8385,0.084659,0.015341
12.4047,ascent,1.8385,0.084672,0.015328
12.4098,ascent,1.8385,0.084663,0.015337
12.4148,ascent,1.8385,0.084690,0.015310
12.4199,ascent,1.8385,0.084709,0.015291
12.4250,ascent,1.8385,0.084696,0.015304
12.4301,ascent,1.8385,0.084727,0.015273
12.4352,ascent,1.8385,0.084730,0.015270
12.4402,ascent,1.8385,0.084742,0.015258
12.4453,ascent,1.8385,0.084736,0.015264
12.4479,ascent,1.8178,0.084747,0.015253
12.4530,ascent,1.8178,0.084755,0.015245
12.4580,ascent,1.8178,0.084774,0.015226
12.4631,ascent,1.8178,0.084773,0.015227
12.4682,ascent,1.8178,0.084785,0.015215
12.4734,ascent,1.8178,0.084798,0.015202
12.4785,ascent,1.8178,0.084817,0.015183
12.4836,ascent,1.8178,0.084806,0.015194
12.4887,ascent,1.8178,0.084823,0.015177
12.4937,ascent,1.8178,0.084848,0.015152
12.4988,ascent,1.8178,0.084849,0.015151
12.5039,ascent,1.8178,0.084870,0.015130
12.5090,ascent,1.8178,0.084876,0.015124
12.5141,ascent,1.8178,0.084881,0.015119
12.5193,ascent,1.8178,0.084880,0.015120
12.5245,ascent,1.8178,0.084900,0.015100
12.5296,ascent,1.8178,0.084923,0.015077
12.5348,ascent,1.8178,0.084924,0.015076
12.5380,ascent,1.7975,0.084940,0.015060
12.5431,ascent,1.7975,0.084943,0.015057
12.5482,ascent,1.7975,0.084960,0.015040
12.5533,ascent,1.7975,0.084950,0.015050
12.5584,ascent,1.7975,0.084980,0.015020
12.5635,ascent,1.7975,0.085003,0.014997
12.5685,ascent,1.7975,0.084991,0.015009
12.5736,ascent,1.7975,0.085000,0.015000
12.5787,ascent,1.7975,0.085007,0.014993
12.5838,ascent,1.7975,0.085040,0.014960
12.5889,ascent,1.7975,0.085044,0.014956
12.5941,ascent,1.7975,0.085062,0.014938
12.5993,ascent,1.7975,0.085054,0.014946
12.6044,ascent,1.7975,0.085085,0.014915
12.6096,ascent,1.7975,0.085085,0.014915
12.6147,ascent,1.7975,0.085107,0.014893
12.6199,ascent,1.7975,0.085119,0.014881
12.6251,ascent,1.7975,0.085123,0.014877
12.6282,ascent,1.7792,0.085140,0.014860
12.6334,ascent,1.7792,0.085128,0.014872
12.6386,ascent,1.7792,0.085156,0.014844
12.6438,ascent,1.7792,0.085153,0.014847
12.6489,ascent,1.7792,0.085166,0.014834
12.6541,ascent,1.7792,0.085169,0.014831
12.6593,ascent,1.7792,0.085196,0.014804
12.6644,ascent,1.7792,0.085207,0.014793
12.6696,ascent,1.7792,0.085227,0.014773
12.6748,ascent,1.7792,0.085211,0.014789
12.6800,ascent,1.7792,0.085235,0.014765
12.6853,ascent,1.7792,0.085239,0.014761
12.6906,ascent,1.7792,0.085251,0.014749
12.6958,ascent,1.7792,0.085256,0.014744
12.7010,ascent,1.7792,0.085270,0.014730
12.7062,ascent,1.7792,0.085290,0.014710
12.7114,ascent,1.7792,0.085280,0.014720
12.7166,ascent,1.7792,0.085295,0.014705
12.7183,ascent,1.7617,0.085304,0.014696
12.7236,ascent,1.7617,0.085298,0.014702
12.7288,ascent,1.7617,0.085321,0.014679
12.7340,ascent,1.7617,0.085335,0.014665
12.7392,ascent,1.7617,0.085346,0.014654
12.7444,ascent,1.7617,0.085358,0.014642
12.7495,ascent,1.7617,0.085362,0.014638
12.7547,ascent,1.7617,0.085382,0.014618
12.7599,ascent,1.7617,0.085390,0.014610
12.7651,ascent,1.7617,0.085389,0.014611
12.7703,ascent,1.7617,0.085396,0.014604
12.7755,ascent,1.7617,0.085411,0.014589
12.7806,ascent,1.7617,0.085439,0.014561
12.7858,ascent,1.7617,0.085436,0.014564
12.7910,ascent,1.7617,0.085442,0.014558
12.7962,ascent,1.7617,0.085455,0.014545
12.8014,ascent,1.7617,0.085463,0.014537
12.8066,ascent,1.7617,0.085468,0.014532
12.8082,ascent,1.7422,0.085488,0.014512
12.8135,ascent,1.7422,0.085475,0.014525
12.8187,ascent,1.7422,0.085480,0.014520
12.8239,ascent,1.7422,0.085497,0.014503
12.8291,ascent,1.7422,0.085511,0.014489
12.8344,ascent,1.7422,0.085519,0.014481
12.8396,ascent,1.7422,0.085534,0.014466
12.8448,ascent,1.7422,0.085529,0.014471
12.8500,ascent,1.7422,0.085558,0.014442
12.8552,ascent,1.7422,0.085562,0.014438
12.8604,ascent,1.7422,0.085573,0.014427
12.8655,ascent,1.7422,0.085588,0.014412
12.8707,ascent,1.7422,0.085590,0.014410
12.8758,ascent,1.7422,0.085593,0.014407
12.8810,ascent,1.7422,0.085590,0.014410
12.8862,ascent,1.7422,0.085599,0.014401
12.8913,ascent,1.7422,0.085621,0.014379
12.8932,ascent,1.7231,0.085635,0.014365
12.8984,ascent,1.7231,0.085639,0.014361
12.9036,ascent,1.7231,0.085661,0.014339
12.9088,ascent,1.7231,0.085658,0.014342
12.9140,ascent,1.7231,0.085676,0.014324
12.9192,ascent,1.7231,0.085677,0.014323
12.9244,ascent,1.7231,0.085684,0.014316
12.9296,ascent,1.7231,0.085706,0.014294
12.9348,ascent,1.7231,0.085719,0.014281
12.9400,ascent,1.7231,0.085718,0.014282
12.9452,ascent,1.7231,0.085730,0.014270
12.9504,ascent,1.7231,0.085747,0.014253
12.9556,ascent,1.7231,0.085777,0.014223
12.9609,ascent,1.7231,0.085774,0.014226
12.9661,ascent,1.7231,0.085776,0.014224
12.9713,ascent,1.7231,0.085793,0.014207
12.9765,ascent,1.7231,0.085808,0.014192
12.9817,ascent,1.7231,0.085821,0.014179
12.9833,ascent,1.7060,0.085821,0.014179
12.9886,ascent,1.7060,0.085835,0.014165
12.9938,ascent,1.7060,0.085837,0.014163
12.9989,ascent,1.7060,0.085859,0.014141
13.0041,ascent,1.7060,0.085867,0.014133
13.0093,ascent,1.7060,0.085879,0.014121
13.0145,ascent,1.7060,0.085880,0.014120
13.0196,ascent,1.7060,0.085906,0.014094
13.0248,ascent,1.7060,0.085915,0.014085
13.0300,ascent,1.7060,0.085925,0.014075
13.0352,ascent,1.7060,0.085923,0.014077
13.0405,ascent,1.7060,0.085942,0.014058
13.0457,ascent,1.7060,0.085940,0.014060
13.0509,ascent,1.7060,0.085955,0.014045
13.0561,ascent,1.7060,0.085966,0.014034
13.0613,ascent,1.7060,0.085987,0.014013
13.0665,ascent,1.7060,0.086005,0.013995
13.0716,ascent,1.7060,0.086014,0.013986
13.0733,ascent,1.6896,0.086014,0.013986
13.0785,ascent,1.6896,0.086024,0.013976
13.0837,ascent,1.6896,0.086027,0.013973
13.0889,ascent,1.6896,0.086045,0.013955
13.0941,ascent,1.6896,0.086049,0.013951
13.0993,ascent,1.6896,0.086065,0.013935
13.1044,ascent,1.6896,0.086075,0.013925
13.1097,ascent,1.6896,0.086104,0.013896
13.1148,ascent,1.6896,0.086107,0.013893
13.1200,ascent,1.6896,0.086125,0.013875
13.1251,ascent,1.6896,0.086127,0.013873
13.1303,ascent,1.6896,0.086147,0.013853
13.1355,ascent,1.6896,0.086145,0.013855
13.1406,ascent,1.6896,0.086167,0.013833
13.1457,ascent,1.6896,0.086162,0.013838
13.1508,ascent,1.6896,0.086172,0.013828
13.1559,ascent,1.6896,0.086171,0.013829
13.1611,ascent,1.6896,0.086191,0.013809
13.1632,ascent,1.6723,0.086193,0.013807
13.1684,ascent,1.6723,0.086211,0.013789
13.1736,ascent,1.6723,0.086225,0.013775
13.1788,ascent,1.6723,0.086216,0.013784
13.1840,ascent,1.6723,0.086245,0.013755
13.1892,ascent,1.6723,0.086249,0.013751
13.1943,ascent,1.6723,0.086258,0.013742
13.1995,ascent,1.6723,0.086265,0.013735
13.2046,ascent,1.6723,0.086285,0.013715
13.2098,ascent,1.6723,0.086295,0.013705
13.2150,ascent,1.6723,0.086298,0.013702
13.2202,ascent,1.6723,0.086309,0.013691
13.2254,ascent,1.6723,0.086316,0.013684
13.2306,ascent,1.6723,0.086332,0.013668
13.2358,ascent,1.6723,0.086327,0.013673
13.2410,ascent,1.6723,0.086351,0.013649
13.2462,ascent,1.6723,0.086350,0.013650
13.2482,ascent,1.6527,0.086363,0.013637
13.2535,ascent,1.6527,0.086376,0.013624
13.2587,ascent,1.6527,0.086373,0.013627
13.2639,ascent,1.6527,0.086385,0.013615
13.2691,ascent,1.6527,0.086381,0.013619
13.2742,ascent,1.6527,0.086415,0.013585
13.2795,ascent,1.6527,0.086415,0.013585
13.2847,ascent,1.6527,0.086432,0.013568
13.2899,ascent,1.6527,0.086435,0.013565
13.2951,ascent,1.6527,0.086430,0.013570
13.3003,ascent,1.6527,0.086452,0.013548
13.3054,ascent,1.6527,0.086463,0.013537
13.3106,ascent,1.6527,0.086473,0.013527
13.3158,ascent,1.6527,0.086482,0.013518
13.3210,ascent,1.6527,0.086478,0.013522
13.3262,ascent,1.6527,0.086500,0.013500
13.3314,ascent,1.6527,0.086526,0.013474
13.3367,ascent,1.6527,0.086523,0.013477
13.3381,ascent,1.6335,0.086508,0.013492
13.3433,ascent,1.6335,0.086545,0.013455
13.3485,ascent,1.6335,0.086556,0.013444
13.3537,ascent,1.6335,0.086553,0.013447
13.3588,ascent,1.6335,0.086578,0.013422
13.3640,ascent,1.6335,0.086587,0.013413
13.3692,ascent,1.6335,0.086597,0.013403
13.3743,ascent,1.6335,0.086586,0.013414
13.3794,ascent,1.6335,0.086616,0.013384
13.3844,ascent,1.6335,0.086619,0.013381
13.3895,ascent,1.6335,0.086629,0.013371
13.3946,ascent,1.6335,0.086640,0.013360
13.3997,ascent,1.6335,0.086660,0.013340
13.4048,ascent,1.6335,0.086670,0.013330
13.4099,ascent,1.6335,0.086674,0.013326
13.4150,ascent,1.6335,0.086681,0.013319
13.4202,ascent,1.6335,0.086704,0.013296
13.4254,ascent,1.6335,0.086692,0.013308
13.4281,ascent,1.6153,0.086725,0.013275
13.4333,ascent,1.6153,0.086708,0.013292
13.4385,ascent,1.6153,0.086721,0.013279
13.4437,ascent,1.6153,0.086737,0.013263
13.4489,ascent,1.6153,0.086756,0.013244
13.4540,ascent,1.6153,0.086784,0.013216
13.4591,ascent,1.6153,0.086784,0.013216
13.4643,ascent,1.6153,0.086773,0.013227
13.4695,ascent,1.6153,0.086797,0.013203
13.4746,ascent,1.6153,0.086811,0.013189
13.4798,ascent,1.6153,0.086810,0.013190
13.4850,ascent,1.6153,0.086843,0.013157
13.4902,ascent,1.6153,0.086846,0.013154
13.4953,ascent,1.6153,0.086863,0.013137
13.5005,ascent,1.6153,0.086871,0.013129
13.5056,ascent,1.6153,0.086885,0.013115
13.5108,ascent,1.6153,0.086900,0.013100
13.5160,ascent,1.6153,0.086887,0.013113
13.5181,ascent,1.5988,0.086910,0.013090
13.5233,ascent,1.5988,0.086907,0.013093
13.5285,ascent,1.5988,0.086923,0.013077
13.5336,ascent,1.5988,0.086935,0.013065
13.5388,ascent,1.5988,0.086936,0.013064
13.5440,ascent,1.5988,0.086953,0.013047
13.5492,ascent,1.5988,0.086965,0.013035
13.5544,ascent,1.5988,0.086975,0.013025
13.5595,ascent,1.5988,0.086988,0.013012
13.5647,ascent,1.5988,0.087008,0.012992
13.5699,ascent,1.5988,0.087008,0.012992
13.5751,ascent,1.5988,0.087022,0.012978
13.5803,ascent,1.5988,0.087019,0.012981
13.5855,ascent,1.5988,0.087037,0.012963
13.5907,ascent,1.5988,0.087041,0.012959
13.5959,ascent,1.5988,0.087052,0.012948
13.6010,ascent,1.5988,0.087063,0.012937
13.6031,ascent,1.5807,0.087065,0.012935
13.6082,ascent,1.5807,0.087076,0.012924
13.6133,ascent,1.5807,0.087081,0.012919
13.6184,ascent,1.5807,0.087096,0.012904
13.6235,ascent,1.5807,0.087104,0.012896
13.6287,ascent,1.5807,0.087124,0.012876
13.6339,ascent,1.5807,0.087136,0.012864
13.6390,ascent,1.5807,0.087116,0.012884
13.6442,ascent,1.5807,0.087137,0.012863
13.6494,ascent,1.5807,0.087155,0.012845
13.6546,ascent,1.5807,0.087161,0.012839
13.6598,ascent,1.5807,0.087174,0.012826
13.6650,ascent,1.5807,0.087177,0.012823
13.6702,ascent,1.5807,0.087189,0.012811
13.6754,ascent,1.5807,0.087209,0.012791
13.6805,ascent,1.5807,0.087195,0.012805
13.6857,ascent,1.5807,0.087233,0.012767
13.6909,ascent,1.5807,0.087227,0.012773
13.6930,ascent,1.5614,0.087216,0.012784
13.6982,ascent,1.5614,0.087248,0.012752
13.7034,ascent,1.5614,0.087247,0.012753
13.7085,ascent,1.5614,0.087264,0.012736
13.7137,ascent,1.5614,0.087286,0.012714
13.7189,ascent,1.5614,0.087269,0.012731
13.7241,ascent,1.5614,0.087291,0.012709
13.7293,ascent,1.5614,0.087309,0.012691
13.7345,ascent,1.5614,0.087319,0.012681
13.7397,ascent,1.5614,0.087331,0.012669
13.7448,ascent,1.5614,0.087336,0.012664
13.7500,ascent,1.5614,0.087356,0.012644
13.7552,ascent,1.5614,0.087354,0.012646
13.7604,ascent,1.5614,0.087370,0.012630
13.7656,ascent,1.5614,0.087402,0.012598
13.7708,ascent,1.5614,0.087404,0.012596
13.7759,ascent,1.5614,0.087417,0.012583
13.7811,ascent,1.5614,0.087423,0.012577
13.7831,ascent,1.5431,0.087429,0.012571
13.7883,ascent,1.5431,0.087422,0.012578
13.7934,ascent,1.5431,0.087454,0.012546
13.7986,ascent,1.5431,0.087454,0.012546
13.8038,ascent,1.5431,0.087456,0.012544
13.8090,ascent,1.5431,0.087478,0.012522
13.8142,ascent,1.5431,0.087496,0.012504
13.8194,ascent,1.5431,0.087499,0.012501
13.8246,ascent,1.5431,0.087504,0.012496
13.8297,ascent,1.5431,0.087507,0.012493
13.8349,ascent,1.5431,0.087526,0.012474
13.8400,ascent,1.5431,0.087547,0.012453
13.8452,ascent,1.5431,0.087550,0.012450
13.8504,ascent,1.5431,0.087562,0.012438
13.8556,ascent,1.5431,0.087588,0.012412
13.8608,ascent,1.5431,0.087587,0.012413
13.8659,ascent,1.5431,0.087610,0.012390
13.8711,ascent,1.5431,0.087611,0.012389
13.8731,ascent,1.5270,0.087599,0.012401
13.8783,ascent,1.5270,0.087620,0.012380
13.8835,ascent,1.5270,0.087627,0.012373
13.8887,ascent,1.5270,0.087635,0.012365
13.8938,ascent,1.5270,0.087657,0.012343
13.8990,ascent,1.5270,0.087642,0.012358
13.9041,ascent,1.5270,0.087676,0.012324
13.9093,ascent,1.5270,0.087677,0.012323
13.9145,ascent,1.5270,0.087685,0.012315
13.9197,ascent,1.5270,0.087695,0.012305
13.9249,ascent,1.5270,0.087704,0.012296
13.9301,ascent,1.5270,0.087733,0.012267
13.9352,ascent,1.5270,0.087748,0.012252
13.9404,ascent,1.5270,0.087750,0.012250
13.9456,ascent,1.5270,0.087765,0.012235
13.9507,ascent,1.5270,0.087760,0.012240
13.9560,ascent,1.5270,0.087772,0.012228
13.9612,ascent,1.5270,0.087788,0.012212
13.9631,ascent,1.5099,0.087779,0.012221
13.9683,ascent,1.5099,0.087778,0.012222
13.9735,ascent,1.5099,0.087818,0.012182
13.9787,ascent,1.5099,0.087820,0.012180
13.9838,ascent,1.5099,0.087815,0.012185
13.9906,ascent,1.5099,0.087833,0.012167
13.9958,ascent,1.5099,0.087855,0.012145
14.0010,ascent,1.5099,0.087846,0.012154
14.0062,ascent,1.5099,0.087870,0.012130
14.0114,ascent,1.5099,0.087885,0.012115
14.0165,ascent,1.5099,0.087901,0.012099
14.0217,ascent,1.5099,0.087893,0.012107
14.0269,ascent,1.5099,0.087901,0.012099
14.0321,ascent,1.5099,0.087922,0.012078
14.0373,ascent,1.5099,0.087921,0.012079
14.0424,ascent,1.5099,0.087944,0.012056
14.0476,ascent,1.5099,0.087943,0.012057
14.0528,ascent,1.5099,0.087961,0.012039
14.0532,ascent,1.4902,0.087961,0.012039
14.0584,ascent,1.4902,0.087954,0.012046
14.0636,ascent,1.4902,0.087978,0.012022
14.0688,ascent,1.4902,0.087984,0.012016
14.0740,ascent,1.4902,0.088008,0.011992
14.0792,ascent,1.4902,0.087982,0.012018
14.0844,ascent,1.4902,0.087998,0.012002
14.0896,ascent,1.4902,0.088032,0.011968
14.0948,ascent,1.4902,0.088034,0.011966
14.0999,ascent,1.4902,0.088051,0.011949
14.1051,ascent,1.4902,0.088056,0.011944
14.1103,ascent,1.4902,0.088068,0.011932
14.1155,ascent,1.4902,0.088091,0.011909
14.1207,ascent,1.4902,0.088090,0.011910
14.1259,ascent,1.4902,0.088105,0.011895
14.1311,ascent,1.4902,0.088110,0.011890
14.1363,ascent,1.4902,0.088112,0.011888
14.1415,ascent,1.4902,0.088133,0.011867
14.1430,ascent,1.4720,0.088133,0.011867
14.1482,ascent,1.4720,0.088157,0.011843
14.1535,ascent,1.4720,0.088166,0.011834
14.1587,ascent,1.4720,0.088176,0.011824
14.1639,ascent,1.4720,0.088168,0.011832
14.1691,ascent,1.4720,0.088180,0.011820
14.1743,ascent,1.4720,0.088200,0.011800
14.1795,ascent,1.4720,0.088206,0.011794
14.1847,ascent,1.4720,0.088227,0.011773
14.1899,ascent,1.4720,0.088241,0.011759
14.1951,ascent,1.4720,0.088221,0.011779
14.2002,ascent,1.4720,0.088258,0.011742
14.2054,ascent,1.4720,0.088268,0.011732
14.2106,ascent,1.4720,0.088275,0.011725
14.2158,ascent,1.4720,0.088288,0.011712
14.2210,ascent,1.4720,0.088297,0.011703
14.2262,ascent,1.4720,0.088314,0.011686
14.2314,ascent,1.4720,0.088323,0.011677
14.2331,ascent,1.4540,0.088323,0.011677
14.2383,ascent,1.4540,0.088335,0.011665
14.2435,ascent,1.4540,0.088347,0.011653
14.2487,ascent,1.4540,0.088342,0.011658
14.2538,ascent,1.4540,0.088363,0.011637
14.2591,ascent,1.4540,0.088357,0.011643
14.2643,ascent,1.4540,0.088391,0.011609
14.2695,ascent,1.4540,0.088415,0.011585
14.2748,ascent,1.4540,0.088406,0.011594
14.2800,ascent,1.4540,0.088418,0.011582
14.2852,ascent,1.4540,0.088430,0.011570
14.2904,ascent,1.4540,0.088431,0.011569
14.2956,ascent,1.4540,0.088454,0.011546
14.3008,ascent,1.4540,0.088465,0.011535
14.3060,ascent,1.4540,0.088467,0.011533
14.3112,ascent,1.4540,0.088483,0.011517
14.3164,ascent,1.4540,0.088495,0.011505
14.3215,ascent,1.4540,0.088508,0.011492
14.3232,ascent,1.4362,0.088504,0.011496
14.3284,ascent,1.4362,0.088508,0.011492
14.3336,ascent,1.4362,0.088522,0.011478
14.3387,ascent,1.4362,0.088538,0.011462
14.3439,ascent,1.4362,0.088546,0.011454
14.3491,ascent,1.4362,0.088542,0.011458
14.3543,ascent,1.4362,0.088567,0.011433
14.3594,ascent,1.4362,0.088572,0.011428
14.3646,ascent,1.4362,0.088592,0.011408
14.3698,ascent,1.4362,0.088594,0.011406
14.3749,ascent,1.4362,0.088630,0.011370
14.3801,ascent,1.4362,0.088616,0.011384
14.3852,ascent,1.4362,0.088627,0.011373
14.3904,ascent,1.4362,0.088645,0.011355
14.3956,ascent,1.4362,0.088640,0.011360
14.4007,ascent,1.4362,0.088668,0.011332
14.4059,ascent,1.4362,0.088668,0.011332
14.4080,ascent,1.4160,0.088671,0.011329
14.4132,ascent,1.4160,0.088693,0.011307
14.4184,ascent,1.4160,0.088693,0.011307
14.4236,ascent,1.4160,0.088699,0.011301
14.4287,ascent,1.4160,0.088726,0.011274
14.4339,ascent,1.4160,0.088710,0.011290
14.4391,ascent,1.4160,0.088733,0.011267
14.4443,ascent,1.4160,0.088732,0.011268
14.4495,ascent,1.4160,0.088777,0.011223
14.4546,ascent,1.4160,0.088777,0.011223
14.4598,ascent,1.4160,0.088781,0.011219
14.4650,ascent,1.4160,0.088774,0.011226
14.4701,ascent,1.4160,0.088799,0.011201
14.4753,ascent,1.4160,0.088803,0.011197
14.4805,ascent,1.4160,0.088809,0.011191
14.4856,ascent,1.4160,0.088817,0.011183
14.4908,ascent,1.4160,0.088837,0.011163
14.4960,ascent,1.4160,0.088851,0.011149
14.4980,ascent,1.3946,0.088850,0.011150
14.5032,ascent,1.3946,0.088868,0.011132
14.5084,ascent,1.3946,0.088888,0.011112
14.5136,ascent,1.3946,0.088882,0.011118
14.5189,ascent,1.3946,0.088878,0.011122
14.5240,ascent,1.3946,0.088908,0.011092
14.5292,ascent,1.3946,0.088918,0.011082
14.5344,ascent,1.3946,0.088913,0.011087
14.5396,ascent,1.3946,0.088947,0.011053
14.5447,ascent,1.3946,0.088935,0.011065
14.5499,ascent,1.3946,0.088964,0.011036
14.5551,ascent,1.3946,0.088958,0.011042
14.5602,ascent,1.3946,0.088966,0.011034
14.5654,ascent,1.3946,0.088985,0.011015
14.5706,ascent,1.3946,0.089004,0.010996
14.5757,ascent,1.3946,0.089020,0.010980
14.5809,ascent,1.3946,0.089025,0.010975
14.5861,ascent,1.3946,0.089032,0.010968
14.5881,ascent,1.3746,0.089026,0.010974
14.5934,ascent,1.3746,0.089049,0.010951
14.5986,ascent,1.3746,0.089066,0.010934
14.6037,ascent,1.3746,0.089059,0.010941
14.6089,ascent,1.3746,0.089078,0.010922
14.6141,ascent,1.3746,0.089090,0.010910
14.6192,ascent,1.3746,0.089095,0.010905
14.6244,ascent,1.3746,0.089108,0.010892
14.6296,ascent,1.3746,0.089119,0.010881
14.6348,ascent,1.3746,0.089132,0.010868
14.6400,ascent,1.3746,0.089142,0.010858
14.6451,ascent,1.3746,0.089160,0.010840
14.6503,ascent,1.3746,0.089167,0.010833
14.6554,ascent,1.3746,0.089170,0.010830
14.6605,ascent,1.3746,0.089181,0.010819
14.6656,ascent,1.3746,0.089188,0.010812
14.6707,ascent,1.3746,0.089210,0.010790
14.6758,ascent,1.3746,0.089228,0.010772
14.6780,ascent,1.3560,0.089235,0.010765
14.6831,ascent,1.3560,0.089242,0.010758
14.6882,ascent,1.3560,0.089248,0.010752
14.6933,ascent,1.3560,0.089255,0.010745
14.6984,ascent,1.3560,0.089273,0.010727
14.7035,ascent,1.3560,0.089283,0.010717
14.7085,ascent,1.3560,0.089286,0.010714
14.7136,ascent,1.3560,0.089305,0.010695
14.7187,ascent,1.3560,0.089306,0.010694
14.7238,ascent,1.3560,0.089311,0.010689
14.7289,ascent,1.3560,0.089327,0.010673
14.7339,ascent,1.3560,0.089336,0.010664
14.7390,ascent,1.3560,0.089349,0.010651
14.7441,ascent,1.3560,0.089347,0.010653
14.7492,ascent,1.3560,0.089384,0.010616
14.7543,ascent,1.3560,0.089390,0.010610
14.7594,ascent,1.3560,0.089402,0.010598
14.7629,ascent,1.3375,0.089406,0.010594
14.7680,ascent,1.3375,0.089409,0.010591
14.7731,ascent,1.3375,0.089416,0.010584
14.7782,ascent,1.3375,0.089424,0.010576
14.7833,ascent,1.3375,0.089437,0.010563
14.7884,ascent,1.3375,0.089434,0.010566
14.7934,ascent,1.3375,0.089457,0.010543
14.7985,ascent,1.3375,0.089456,0.010544
14.8036,ascent,1.3375,0.089481,0.010519
14.8087,ascent,1.3375,0.089477,0.010523
14.8138,ascent,1.3375,0.089494,0.010506
14.8188,ascent,1.3375,0.089493,0.010507
14.8239,ascent,1.3375,0.089506,0.010494
14.8290,ascent,1.3375,0.089519,0.010481
14.8341,ascent,1.3375,0.089530,0.010470
14.8392,ascent,1.3375,0.089537,0.010463
14.8443,ascent,1.3375,0.089538,0.010462
14.8493,ascent,1.3375,0.089551,0.010449
14.8528,ascent,1.3177,0.089563,0.010437
14.8579,ascent,1.3177,0.089572,0.010428
14.8629,ascent,1.3177,0.089583,0.010417
14.8680,ascent,1.3177,0.089578,0.010422
14.8733,ascent,1.3177,0.089603,0.010397
14.8785,ascent,1.3177,0.089595,0.010405
14.8836,ascent,1.3177,0.089625,0.010375
14.8888,ascent,1.3177,0.089632,0.010368
14.8940,ascent,1.3177,0.089635,0.010365
14.8992,ascent,1.3177,0.089654,0.010346
14.9043,ascent,1.3177,0.089648,0.010352
14.9095,ascent,1.3177,0.089672,0.010328
14.9147,ascent,1.3177,0.089681,0.010319
14.9199,ascent,1.3177,0.089692,0.010308
14.9251,ascent,1.3177,0.089704,0.010296
14.9303,ascent,1.3177,0.089722,0.010278
14.9354,ascent,1.3177,0.089732,0.010268
14.9406,ascent,1.3177,0.089727,0.010273
14.9431,ascent,1.2975,0.089734,0.010266
14.9483,ascent,1.2975,0.089739,0.010261
14.9535,ascent,1.2975,0.089763,0.010237
14.9587,ascent,1.2975,0.089774,0.010226
14.9638,ascent,1.2975,0.089783,0.010217
14.9690,ascent,1.2975,0.089793,0.010207
14.9742,ascent,1.2975,0.089805,0.010195
14.9793,ascent,1.2975,0.089818,0.010182
14.9845,ascent,1.2975,0.089814,0.010186
14.9897,ascent,1.2975,0.089847,0.010153
14.9948,ascent,1.2975,0.089843,0.010157
15.0000,ascent,1.2975,0.089862,0.010138
15.0051,ascent,1.2975,0.089882,0.010118
15.0101,ascent,1.2975,0.089879,0.010121
15.0152,ascent,1.2975,0.089907,0.010093
15.0204,ascent,1.2975,0.089903,0.010097
15.0255,ascent,1.2975,0.089918,0.010082
15.0305,ascent,1.2975,0.089926,0.010074
15.0331,ascent,1.2790,0.089941,0.010059
15.0381,ascent,1.2790,0.089943,0.010057
15.0432,ascent,1.2790,0.089965,0.010035
15.0483,ascent,1.2790,0.089969,0.010031
15.0534,ascent,1.2790,0.089976,0.010024
15.0585,ascent,1.2790,0.089998,0.010002
15.0636,ascent,1.2790,0.089996,0.010004
15.0687,ascent,1.2790,0.090013,0.009987
15.0738,ascent,1.2790,0.090011,0.009989
15.0788,ascent,1.2790,0.090025,0.009975
15.0839,ascent,1.2790,0.090039,0.009961
15.0890,ascent,1.2790,0.090057,0.009943
15.0941,ascent,1.2790,0.090053,0.009947
15.0992,ascent,1.2790,0.090073,0.009927
15.1042,ascent,1.2790,0.090068,0.009932
15.1093,ascent,1.2790,0.090093,0.009907
15.1144,ascent,1.2790,0.090090,0.009910
15.1179,ascent,1.2623,0.090095,0.009905
15.1230,ascent,1.2623,0.090113,0.009887
15.1281,ascent,1.2623,0.090119,0.009881
15.1332,ascent,1.2623,0.090125,0.009875
15.1383,ascent,1.2623,0.090149,0.009851
15.1433,ascent,1.2623,0.090153,0.009847
15.1484,ascent,1.2623,0.090159,0.009841
15.1535,ascent,1.2623,0.090180,0.009820
15.1586,ascent,1.2623,0.090179,0.009821
15.1637,ascent,1.2623,0.090189,0.009811
15.1687,ascent,1.2623,0.090202,0.009798
15.1738,ascent,1.2623,0.090211,0.009789
15.1789,ascent,1.2623,0.090222,0.009778
15.1840,ascent,1.2623,0.090217,0.009783
15.1891,ascent,1.2623,0.090238,0.009762
15.1941,ascent,1.2623,0.090243,0.009757
15.1992,ascent,1.2623,0.090265,0.009735
15.2043,ascent,1.2623,0.090268,0.009732
15.2079,ascent,1.2424,0.090262,0.009738
15.2130,ascent,1.2424,0.090275,0.009725
15.2181,ascent,1.2424,0.090289,0.009711
15.2232,ascent,1.2424,0.090323,0.009677
15.2282,ascent,1.2424,0.090319,0.009681
15.2334,ascent,1.2424,0.090317,0.009683
15.2386,ascent,1.2424,0.090325,0.009675
15.2438,ascent,1.2424,0.090331,0.009669
15.2489,ascent,1.2424,0.090343,0.009657
15.2541,ascent,1.2424,0.090347,0.009653
15.2592,ascent,1.2424,0.090353,0.009647
15.2644,ascent,1.2424,0.090364,0.009636
15.2696,ascent,1.2424,0.090376,0.009624
15.2748,ascent,1.2424,0.090388,0.009612
15.2800,ascent,1.2424,0.090399,0.009601
15.2853,ascent,1.2424,0.090383,0.009617
15.2905,ascent,1.2424,0.090420,0.009580
15.2957,ascent,1.2424,0.090429,0.009571
15.2980,ascent,1.2218,0.090425,0.009575
15.3032,ascent,1.2218,0.090451,0.009549
15.3084,ascent,1.2218,0.090470,0.009530
15.3135,ascent,1.2218,0.090472,0.009528
15.3186,ascent,1.2218,0.090472,0.009528
15.3237,ascent,1.2218,0.090497,0.009503
15.3288,ascent,1.2218,0.090491,0.009509
15.3339,ascent,1.2218,0.090507,0.009493
15.3391,ascent,1.2218,0.090515,0.009485
15.3442,ascent,1.2218,0.090526,0.009474
15.3493,ascent,1.2218,0.090535,0.009465
15.3546,ascent,1.2218,0.090538,0.009462
15.3598,ascent,1.2218,0.090572,0.009428
15.3650,ascent,1.2218,0.090578,0.009422
15.3702,ascent,1.2218,0.090586,0.009414
15.3754,ascent,1.2218,0.090608,0.009392
15.3805,ascent,1.2218,0.090607,0.009393
15.3857,ascent,1.2218,0.090630,0.009370
15.3882,ascent,1.2037,0.090638,0.009362
15.3934,ascent,1.2037,0.090649,0.009351
15.3986,ascent,1.2037,0.090653,0.009347
15.4038,ascent,1.2037,0.090658,0.009342
15.4089,ascent,1.2037,0.090663,0.009337
15.4141,ascent,1.2037,0.090678,0.009322
15.4193,ascent,1.2037,0.090693,0.009307
15.4245,ascent,1.2037,0.090705,0.009295
15.4297,ascent,1.2037,0.090722,0.009278
15.4349,ascent,1.2037,0.090717,0.009283
15.4401,ascent,1.2037,0.090736,0.009264
15.4452,ascent,1.2037,0.090738,0.009262
15.4505,ascent,1.2037,0.090750,0.009250
15.4556,ascent,1.2037,0.090770,0.009230
15.4608,ascent,1.2037,0.090787,0.009213
15.4660,ascent,1.2037,0.090797,0.009203
15.4712,ascent,1.2037,0.090806,0.009194
15.4764,ascent,1.2037,0.090803,0.009197
15.4781,ascent,1.1878,0.090824,0.009176
15.4833,ascent,1.1878,0.090829,0.009171
15.4884,ascent,1.1878,0.090846,0.009154
15.4936,ascent,1.1878,0.090850,0.009150
15.4988,ascent,1.1878,0.090848,0.009152
15.5040,ascent,1.1878,0.090888,0.009112
15.5091,ascent,1.1878,0.090895,0.009105
15.5143,ascent,1.1878,0.090894,0.009106
15.5195,ascent,1.1878,0.090910,0.009090
15.5247,ascent,1.1878,0.090920,0.009080
15.5299,ascent,1.1878,0.090933,0.009067
15.5351,ascent,1.1878,0.090932,0.009068
15.5403,ascent,1.1878,0.090947,0.009053
15.5455,ascent,1.1878,0.090965,0.009035
15.5507,ascent,1.1878,0.090960,0.009040
15.5559,ascent,1.1878,0.090966,0.009034
15.5611,ascent,1.1878,0.090983,0.009017
15.5663,ascent,1.1878,0.090987,0.009013
15.5681,ascent,1.1707,0.090991,0.009009
15.5733,ascent,1.1707,0.091021,0.008979
15.5785,ascent,1.1707,0.091003,0.008997
15.5836,ascent,1.1707,0.091042,0.008958
15.5887,ascent,1.1707,0.091033,0.008967
15.5939,ascent,1.1707,0.091059,0.008941
15.5991,ascent,1.1707,0.091071,0.008929
15.6043,ascent,1.1707,0.091072,0.008928
15.6095,ascent,1.1707,0.091074,0.008926
15.6146,ascent,1.1707,0.091093,0.008907
15.6198,ascent,1.1707,0.091097,0.008903
15.6250,ascent,1.1707,0.091104,0.008896
15.6302,ascent,1.1707,0.091131,0.008869
15.6354,ascent,1.1707,0.091129,0.008871
15.6406,ascent,1.1707,0.091127,0.008873
15.6458,ascent,1.1707,0.091152,0.008848
15.6510,ascent,1.1707,0.091152,0.008848
15.6562,ascent,1.1707,0.091152,0.008848
15.6581,ascent,1.1499,0.091168,0.008832
15.6633,ascent,1.1499,0.091182,0.008818
15.6685,ascent,1.1499,0.091197,0.008803
15.6736,ascent,1.1499,0.091201,0.008799
15.6787,ascent,1.1499,0.091210,0.008790
15.6838,ascent,1.1499,0.091220,0.008780
15.6889,ascent,1.1499,0.091238,0.008762
15.6941,ascent,1.1499,0.091242,0.008758
15.6992,ascent,1.1499,0.091258,0.008742
15.7044,ascent,1.1499,0.091251,0.008749
15.7097,ascent,1.1499,0.091267,0.008733
15.7150,ascent,1.1499,0.091283,0.008717
15.7202,ascent,1.1499,0.091287,0.008713
15.7255,ascent,1.1499,0.091293,0.008707
15.7307,ascent,1.1499,0.091301,0.008699
15.7359,ascent,1.1499,0.091320,0.008680
15.7411,ascent,1.1499,0.091344,0.008656
15.7463,ascent,1.1499,0.091339,0.008661
15.7482,ascent,1.1314,0.091339,0.008661
15.7534,ascent,1.1314,0.091364,0.008636
15.7586,ascent,1.1314,0.091364,0.008636
15.7638,ascent,1.1314,0.091374,0.008626
15.7689,ascent,1.1314,0.091392,0.008608
15.7741,ascent,1.1314,0.091396,0.008604
15.7793,ascent,1.1314,0.091416,0.008584
15.7845,ascent,1.1314,0.091415,0.008585
15.7896,ascent,1.1314,0.091434,0.008566
15.7948,ascent,1.1314,0.091435,0.008565
15.8000,ascent,1.1314,0.091443,0.008557
15.8052,ascent,1.1314,0.091481,0.008519
15.8104,ascent,1.1314,0.091470,0.008530
15.8156,ascent,1.1314,0.091488,0.008512
15.8209,ascent,1.1314,0.091484,0.008516
15.8261,ascent,1.1314,0.091516,0.008484
15.8313,ascent,1.1314,0.091519,0.008481
15.8332,ascent,1.1144,0.091524,0.008476
15.8383,ascent,1.1144,0.091551,0.008449
15.8434,ascent,1.1144,0.091546,0.008454
15.8486,ascent,1.1144,0.091565,0.008435
15.8537,ascent,1.1144,0.091553,0.008447
15.8588,ascent,1.1144,0.091567,0.008433
15.8639,ascent,1.1144,0.091594,0.008406
15.8690,ascent,1.1144,0.091595,0.008405
15.8741,ascent,1.1144,0.091602,0.008398
15.8793,ascent,1.1144,0.091633,0.008367
15.8845,ascent,1.1144,0.091640,0.008360
15.8897,ascent,1.1144,0.091638,0.008362
15.8949,ascent,1.1144,0.091652,0.008348
15.9001,ascent,1.1144,0.091673,0.008327
15.9053,ascent,1.1144,0.091675,0.008325
15.9105,ascent,1.1144,0.091701,0.008299
15.9157,ascent,1.1144,0.091698,0.008302
15.9209,ascent,1.1144,0.091714,0.008286
15.9231,ascent,1.0983,0.091716,0.008284
15.9283,ascent,1.0983,0.091731,0.008269
15.9334,ascent,1.0983,0.091732,0.008268
15.9386,ascent,1.0983,0.091735,0.008265
15.9437,ascent,1.0983,0.091767,0.008233
15.9488,ascent,1.0983,0.091765,0.008235
15.9540,ascent,1.0983,0.091776,0.008224
15.9591,ascent,1.0983,0.091797,0.008203
15.9643,ascent,1.0983,0.091793,0.008207
15.9695,ascent,1.0983,0.091810,0.008190
15.9747,ascent,1.0983,0.091815,0.008185
15.9799,ascent,1.0983,0.091843,0.008157
15.9850,ascent,1.0983,0.091837,0.008163
15.9904,ascent,1.0983,0.091849,0.008151
15.9957,ascent,1.0983,0.091860,0.008140
16.0010,ascent,1.0983,0.091868,0.008132
16.0063,ascent,1.0983,0.091879,0.008121
16.0116,ascent,1.0983,0.091897,0.008103
16.0134,ascent,1.0812,0.091889,0.008111
16.0187,ascent,1.0812,0.091895,0.008105
16.0239,ascent,1.0812,0.091927,0.008073
16.0290,ascent,1.0812,0.091923,0.008077
16.0342,ascent,1.0812,0.091932,0.008068
16.0395,ascent,1.0812,0.091946,0.008054
16.0447,ascent,1.0812,0.091930,0.008070
16.0499,ascent,1.0812,0.091980,0.008020
16.0551,ascent,1.0812,0.091975,0.008025
16.0603,ascent,1.0812,0.091984,0.008016
16.0654,ascent,1.0812,0.092000,0.008000
16.0706,ascent,1.0812,0.091998,0.008002
16.0758,ascent,1.0812,0.092014,0.007986
16.0811,ascent,1.0812,0.092022,0.007978
16.0864,ascent,1.0812,0.092018,0.007982
16.0917,ascent,1.0812,0.092048,0.007952
16.0969,ascent,1.0812,0.092042,0.007958
16.1022,ascent,1.0812,0.092062,0.007938
16.1032,ascent,1.0623,0.092055,0.007945
16.1086,ascent,1.0623,0.092069,0.007931
16.1139,ascent,1.0623,0.092079,0.007921
16.1192,ascent,1.0623,0.092084,0.007916
16.1244,ascent,1.0623,0.092104,0.007896
16.1296,ascent,1.0623,0.092109,0.007891
16.1349,ascent,1.0623,0.092127,0.007873
16.1401,ascent,1.0623,0.092124,0.007876
16.1453,ascent,1.0623,0.092150,0.007850
16.1505,ascent,1.0623,0.092152,0.007848
16.1557,ascent,1.0623,0.092158,0.007842
16.1609,ascent,1.0623,0.092161,0.007839
16.1661,ascent,1.0623,0.092181,0.007819
16.1712,ascent,1.0623,0.092199,0.007801
16.1764,ascent,1.0623,0.092197,0.007803
16.1816,ascent,1.0623,0.092223,0.007777
16.1868,ascent,1.0623,0.092235,0.007765
16.1881,ascent,1.0443,0.092223,0.007777
16.1933,ascent,1.0443,0.092251,0.007749
16.1986,ascent,1.0443,0.092264,0.007736
16.2038,ascent,1.0443,0.092269,0.007731
16.2089,ascent,1.0443,0.092280,0.007720
16.2141,ascent,1.0443,0.092285,0.007715
16.2192,ascent,1.0443,0.092305,0.007695
16.2244,ascent,1.0443,0.092308,0.007692
16.2297,ascent,1.0443,0.092323,0.007677
16.2350,ascent,1.0443,0.092333,0.007667
16.2403,ascent,1.0443,0.092342,0.007658
16.2457,ascent,1.0443,0.092361,0.007639
16.2522,ascent,1.0443,0.092372,0.007628
16.2575,ascent,1.0443,0.092363,0.007637
16.2629,ascent,1.0443,0.092401,0.007599
16.2696,ascent,1.0443,0.092399,0.007601
16.2749,ascent,1.0443,0.092412,0.007588
16.2782,ascent,1.0291,0.092434,0.007566
16.2846,ascent,1.0291,0.092412,0.007588
16.2898,ascent,1.0291,0.092451,0.007549
16.2951,ascent,1.0291,0.092468,0.007532
16.3004,ascent,1.0291,0.092462,0.007538
16.3058,ascent,1.0291,0.092470,0.007530
16.3111,ascent,1.0291,0.092496,0.007504
16.3163,ascent,1.0291,0.092498,0.007502
16.3217,ascent,1.0291,0.092513,0.007487
16.3271,ascent,1.0291,0.092518,0.007482
16.3324,ascent,1.0291,0.092517,0.007483
16.3377,ascent,1.0291,0.092551,0.007449
16.3453,ascent,1.0291,0.092542,0.007458
16.3506,ascent,1.0291,0.092568,0.007432
16.3560,ascent,1.0291,0.092574,0.007426
16.3613,ascent,1.0291,0.092587,0.007413
16.3666,ascent,1.0291,0.092593,0.007407
16.3683,ascent,1.0148,0.092589,0.007411
16.3737,ascent,1.0148,0.092606,0.007394
16.3790,ascent,1.0148,0.092625,0.007375
16.3842,ascent,1.0148,0.092639,0.007361
16.3895,ascent,1.0148,0.092635,0.007365
16.3948,ascent,1.0148,0.092652,0.007348
16.4001,ascent,1.0148,0.092654,0.007346
16.4055,ascent,1.0148,0.092666,0.007334
16.4107,ascent,1.0148,0.092690,0.007310
16.4160,ascent,1.0148,0.092678,0.007322
16.4213,ascent,1.0148,0.092707,0.007293
16.4267,ascent,1.0148,0.092705,0.007295
16.4321,ascent,1.0148,0.092723,0.007277
16.4374,ascent,1.0148,0.092724,0.007276
16.4428,ascent,1.0148,0.092732,0.007268
16.4481,ascent,1.0148,0.092734,0.007266
16.4535,ascent,1.0148,0.092754,0.007246
16.4597,ascent,0.9978,0.092771,0.007229
16.4598,ascent,0.9978,0.092771,0.007229
16.4651,ascent,0.9978,0.092782,0.007218
16.4703,ascent,0.9978,0.092792,0.007208
16.4757,ascent,0.9978,0.092782,0.007218
16.4810,ascent,0.9978,0.092804,0.007196
16.4863,ascent,0.9978,0.092815,0.007185
16.4916,ascent,0.9978,0.092808,0.007192
16.4969,ascent,0.9978,0.092853,0.007147
16.5022,ascent,0.9978,0.092843,0.007157
16.5076,ascent,0.9978,0.092860,0.007140
16.5130,ascent,0.9978,0.092863,0.007137
16.5182,ascent,0.9978,0.092877,0.007123
16.5235,ascent,0.9978,0.092897,0.007103
16.5289,ascent,0.9978,0.092915,0.007085
16.5342,ascent,0.9978,0.092904,0.007096
16.5396,ascent,0.9978,0.092932,0.007068
16.5449,ascent,0.9978,0.092921,0.007079
16.5482,ascent,0.9819,0.092940,0.007060
16.5535,ascent,0.9819,0.092955,0.007045
16.5605,ascent,0.9819,0.092961,0.007039
16.5658,ascent,0.9819,0.092979,0.007021
16.5712,ascent,0.9819,0.092982,0.007018
16.5766,ascent,0.9819,0.092991,0.007009
16.5819,ascent,0.9819,0.093020,0.006980
16.5872,ascent,0.9819,0.093030,0.006970
16.5925,ascent,0.9819,0.093041,0.006959
16.5978,ascent,0.9819,0.093068,0.006932
16.6029,ascent,0.9819,0.093054,0.006946
16.6105,ascent,0.9819,0.093078,0.006922
16.6159,ascent,0.9819,0.093085,0.006915
16.6212,ascent,0.9819,0.093115,0.006885
16.6265,ascent,0.9819,0.093117,0.006883
16.6318,ascent,0.9819,0.093141,0.006859
16.6334,ascent,0.9677,0.093140,0.006860
16.6387,ascent,0.9677,0.093148,0.006852
16.6440,ascent,0.9677,0.093151,0.006849
16.6493,ascent,0.9677,0.093164,0.006836
16.6546,ascent,0.9677,0.093176,0.006824
16.6599,ascent,0.9677,0.093177,0.006823
16.6652,ascent,0.9677,0.093191,0.006809
16.6706,ascent,0.9677,0.093205,0.006795
16.6760,ascent,0.9677,0.093223,0.006777
16.6812,ascent,0.9677,0.093216,0.006784
16.6866,ascent,0.9677,0.093241,0.006759
16.6920,ascent,0.9677,0.093255,0.006745
16.6972,ascent,0.9677,0.093227,0.006773
16.7025,ascent,0.9677,0.093254,0.006746
16.7090,ascent,0.9677,0.093274,0.006726
16.7143,ascent,0.9677,0.093293,0.006707
16.7196,ascent,0.9677,0.093305,0.006695
16.7233,ascent,0.9533,0.093311,0.006689
16.7285,ascent,0.9533,0.093314,0.006686
16.7337,ascent,0.9533,0.093322,0.006678
16.7389,ascent,0.9533,0.093348,0.006652
16.7442,ascent,0.9533,0.093347,0.006653
16.7494,ascent,0.9533,0.093356,0.006644
16.7547,ascent,0.9533,0.093369,0.006631
16.7600,ascent,0.9533,0.093379,0.006621
16.7652,ascent,0.9533,0.093394,0.006606
16.7704,ascent,0.9533,0.093389,0.006611
16.7757,ascent,0.9533,0.093401,0.006599
16.7809,ascent,0.9533,0.093422,0.006578
16.7860,ascent,0.9533,0.093437,0.006563
16.7913,ascent,0.9533,0.093457,0.006543
16.7965,ascent,0.9533,0.093455,0.006545
16.8018,ascent,0.9533,0.093468,0.006532
16.8070,ascent,0.9533,0.093480,0.006520
16.8123,ascent,0.9533,0.093484,0.006516
16.8132,ascent,0.9371,0.093481,0.006519
16.8184,ascent,0.9371,0.093510,0.006490
16.8236,ascent,0.9371,0.093492,0.006508
16.8289,ascent,0.9371,0.093515,0.006485
16.8341,ascent,0.9371,0.093527,0.006473
16.8394,ascent,0.9371,0.093548,0.006452
16.8447,ascent,0.9371,0.093566,0.006434
16.8499,ascent,0.9371,0.093569,0.006431
16.8551,ascent,0.9371,0.093575,0.006425
16.8604,ascent,0.9371,0.093574,0.006426
16.8656,ascent,0.9371,0.093590,0.006410
16.8709,ascent,0.9371,0.093596,0.006404
16.8762,ascent,0.9371,0.093615,0.006385
16.8814,ascent,0.9371,0.093625,0.006375
16.8867,ascent,0.9371,0.093645,0.006355
16.8921,ascent,0.9371,0.093637,0.006363
16.8974,ascent,0.9371,0.093643,0.006357
16.9028,ascent,0.9371,0.093664,0.006336
16.9032,ascent,0.9206,0.093664,0.006336
16.9085,ascent,0.9206,0.093666,0.006334
16.9140,ascent,0.9206,0.093687,0.006313
16.9193,ascent,0.9206,0.093706,0.006294
16.9248,ascent,0.9206,0.093694,0.006306
16.9301,ascent,0.9206,0.093713,0.006287
16.9366,ascent,0.9206,0.093723,0.006277
16.9420,ascent,0.9206,0.093738,0.006262
16.9473,ascent,0.9206,0.093736,0.006264
16.9526,ascent,0.9206,0.093761,0.006239
16.9580,ascent,0.9206,0.093769,0.006231
16.9633,ascent,0.9206,0.093779,0.006221
16.9687,ascent,0.9206,0.093792,0.006208
16.9746,ascent,0.9206,0.093800,0.006200
16.9799,ascent,0.9206,0.093813,0.006187
16.9852,ascent,0.9206,0.093827,0.006173
16.9906,ascent,0.9206,0.093822,0.006178
16.9932,ascent,0.9063,0.093846,0.006154
16.9985,ascent,0.9063,0.093836,0.006164
17.0037,ascent,0.9063,0.093858,0.006142
17.0090,ascent,0.9063,0.093873,0.006127
17.0141,ascent,0.9063,0.093876,0.006124
17.0193,ascent,0.9063,0.093892,0.006108
17.0246,ascent,0.9063,0.093905,0.006095
17.0298,ascent,0.9063,0.093920,0.006080
17.0351,ascent,0.9063,0.093917,0.006083
17.0404,ascent,0.9063,0.093943,0.006057
17.0457,ascent,0.9063,0.093959,0.006041
17.0510,ascent,0.9063,0.093979,0.006021
17.0564,ascent,0.9063,0.093972,0.006028
17.0617,ascent,0.9063,0.093978,0.006022
17.0669,ascent,0.9063,0.093993,0.006007
17.0723,ascent,0.9063,0.094002,0.005998
17.0776,ascent,0.9063,0.094013,0.005987
17.0830,ascent,0.9063,0.094033,0.005967
17.0833,ascent,0.8914,0.094033,0.005967
17.0886,ascent,0.8914,0.094058,0.005942
17.0939,ascent,0.8914,0.094061,0.005939
17.0992,ascent,0.8914,0.094063,0.005937
17.1045,ascent,0.8914,0.094078,0.005922
17.1099,ascent,0.8914,0.094098,0.005902
17.1152,ascent,0.8914,0.094108,0.005892
17.1206,ascent,0.8914,0.094126,0.005874
17.1259,ascent,0.8914,0.094143,0.005857
17.1313,ascent,0.8914,0.094126,0.005874
17.1366,ascent,0.8914,0.094158,0.005842
17.1419,ascent,0.8914,0.094159,0.005841
17.1472,ascent,0.8914,0.094159,0.005841
17.1526,ascent,0.8914,0.094172,0.005828
17.1579,ascent,0.8914,0.094189,0.005811
17.1632,ascent,0.8914,0.094195,0.005805
17.1686,ascent,0.8914,0.094199,0.005801
17.1743,ascent,0.8914,0.094222,0.005778
17.1748,ascent,0.8784,0.094225,0.005775
17.1801,ascent,0.8784,0.094227,0.005773
17.1855,ascent,0.8784,0.094239,0.005761
17.1909,ascent,0.8784,0.094255,0.005745
17.1962,ascent,0.8784,0.094277,0.005723
17.2014,ascent,0.8784,0.094278,0.005722
17.2069,ascent,0.8784,0.094267,0.005733
17.2121,ascent,0.8784,0.094286,0.005714
17.2174,ascent,0.8784,0.094308,0.005692
17.2241,ascent,0.8784,0.094317,0.005683
17.2293,ascent,0.8784,0.094329,0.005671
17.2346,ascent,0.8784,0.094318,0.005682
17.2400,ascent,0.8784,0.094353,0.005647
17.2452,ascent,0.8784,0.094363,0.005637
17.2505,ascent,0.8784,0.094363,0.005637
17.2558,ascent,0.8784,0.094370,0.005630
17.2610,ascent,0.8784,0.094401,0.005599
17.2631,ascent,0.8650,0.094388,0.005612
17.2683,ascent,0.8650,0.094403,0.005597
17.2736,ascent,0.8650,0.094402,0.005598
17.2788,ascent,0.8650,0.094422,0.005578
17.2840,ascent,0.8650,0.094416,0.005584
17.2892,ascent,0.8650,0.094426,0.005574
17.2945,ascent,0.8650,0.094439,0.005561
17.2997,ascent,0.8650,0.094459,0.005541
17.3049,ascent,0.8650,0.094459,0.005541
17.3102,ascent,0.8650,0.094465,0.005535
17.3154,ascent,0.8650,0.094476,0.005524
17.3206,ascent,0.8650,0.094472,0.005528
17.3257,ascent,0.8650,0.094510,0.005490
17.3309,ascent,0.8650,0.094526,0.005474
17.3361,ascent,0.8650,0.094520,0.005480
17.3413,ascent,0.8650,0.094539,0.005461
17.3465,ascent,0.8650,0.094550,0.005450
17.3480,ascent,0.8503,0.094540,0.005460
17.3532,ascent,0.8503,0.094572,0.005428
17.3584,ascent,0.8503,0.094561,0.005439
17.3636,ascent,0.8503,0.094563,0.005437
17.3688,ascent,0.8503,0.094582,0.005418
17.3740,ascent,0.8503,0.094587,0.005413
17.3792,ascent,0.8503,0.094608,0.005392
17.3844,ascent,0.8503,0.094626,0.005374
17.3896,ascent,0.8503,0.094637,0.005363
17.3949,ascent,0.8503,0.094650,0.005350
17.4001,ascent,0.8503,0.094655,0.005345
17.4053,ascent,0.8503,0.094670,0.005330
17.4105,ascent,0.8503,0.094683,0.005317
17.4156,ascent,0.8503,0.094684,0.005316
17.4208,ascent,0.8503,0.094710,0.005290
17.4260,ascent,0.8503,0.094728,0.005272
17.4312,ascent,0.8503,0.094734,0.005266
17.4364,ascent,0.8503,0.094740,0.005260
17.4382,ascent,0.8379,0.094738,0.005262
17.4435,ascent,0.8379,0.094749,0.005251
17.4487,ascent,0.8379,0.094752,0.005248
17.4540,ascent,0.8379,0.094770,0.005230
17.4593,ascent,0.8379,0.094792,0.005208
17.4645,ascent,0.8379,0.094796,0.005204
17.4698,ascent,0.8379,0.094804,0.005196
17.4751,ascent,0.8379,0.094818,0.005182
17.4804,ascent,0.8379,0.094825,0.005175
17.4857,ascent,0.8379,0.094834,0.005166
17.4909,ascent,0.8379,0.094860,0.005140
17.4961,ascent,0.8379,0.094870,0.005130
17.5013,ascent,0.8379,0.094874,0.005126
17.5065,ascent,0.8379,0.094881,0.005119
17.5117,ascent,0.8379,0.094891,0.005109
17.5168,ascent,0.8379,0.094902,0.005098
17.5219,ascent,0.8379,0.094902,0.005098
17.5271,ascent,0.8379,0.094909,0.005091
17.5280,ascent,0.8271,0.094909,0.005091
17.5333,ascent,0.8271,0.094934,0.005066
17.5384,ascent,0.8271,0.094942,0.005058
17.5436,ascent,0.8271,0.094960,0.005040
17.5488,ascent,0.8271,0.094955,0.005045
17.5540,ascent,0.8271,0.094972,0.005028
17.5592,ascent,0.8271,0.094982,0.005018
17.5643,ascent,0.8271,0.094988,0.005012
17.5696,ascent,0.8271,0.094982,0.005018
17.5748,ascent,0.8271,0.095004,0.004996
17.5815,ascent,0.8271,0.095017,0.004983
17.5867,ascent,0.8271,0.095009,0.004991
17.5919,ascent,0.8271,0.095034,0.004966
17.5971,ascent,0.8271,0.095035,0.004965
17.6022,ascent,0.8271,0.095061,0.004939
17.6073,ascent,0.8271,0.095065,0.004935
17.6124,ascent,0.8271,0.095074,0.004926
17.6176,ascent,0.8271,0.095098,0.004902
17.6181,ascent,0.8148,0.095098,0.004902
17.6233,ascent,0.8148,0.095101,0.004899
17.6285,ascent,0.8148,0.095114,0.004886
17.6338,ascent,0.8148,0.095110,0.004890
17.6390,ascent,0.8148,0.095114,0.004886
17.6442,ascent,0.8148,0.095128,0.004872
17.6494,ascent,0.8148,0.095158,0.004842
17.6546,ascent,0.8148,0.095173,0.004827
17.6598,ascent,0.8148,0.095157,0.004843
17.6650,ascent,0.8148,0.095160,0.004840
17.6702,ascent,0.8148,0.095178,0.004822
17.6754,ascent,0.8148,0.095200,0.004800
17.6806,ascent,0.8148,0.095211,0.004789
17.6858,ascent,0.8148,0.095203,0.004797
17.6910,ascent,0.8148,0.095222,0.004778
17.6962,ascent,0.8148,0.095247,0.004753
17.7014,ascent,0.8148,0.095257,0.004743
17.7033,ascent,0.7999,0.095250,0.004750
17.7085,ascent,0.7999,0.095259,0.004741
17.7138,ascent,0.7999,0.095266,0.004734
17.7190,ascent,0.7999,0.095265,0.004735
17.7242,ascent,0.7999,0.095283,0.004717
17.7294,ascent,0.7999,0.095294,0.004706
17.7346,ascent,0.7999,0.095290,0.004710
17.7399,ascent,0.7999,0.095321,0.004679
17.7451,ascent,0.7999,0.095329,0.004671
17.7503,ascent,0.7999,0.095333,0.004667
17.7555,ascent,0.7999,0.095350,0.004650
17.7607,ascent,0.7999,0.095364,0.004636
17.7660,ascent,0.7999,0.095354,0.004646
17.7712,ascent,0.7999,0.095388,0.004612
17.7764,ascent,0.7999,0.095390,0.004610
17.7817,ascent,0.7999,0.095417,0.004583
17.7869,ascent,0.7999,0.095410,0.004590
17.7921,ascent,0.7999,0.095432,0.004568
17.7932,ascent,0.7876,0.095445,0.004555
17.7984,ascent,0.7876,0.095445,0.004555
17.8036,ascent,0.7876,0.095451,0.004549
17.8088,ascent,0.7876,0.095468,0.004532
17.8140,ascent,0.7876,0.095468,0.004532
17.8192,ascent,0.7876,0.095476,0.004524
17.8244,ascent,0.7876,0.095497,0.004503
17.8296,ascent,0.7876,0.095516,0.004484
17.8348,ascent,0.7876,0.095532,0.004468
17.8400,ascent,0.7876,0.095541,0.004459
17.8452,ascent,0.7876,0.095535,0.004465
17.8504,ascent,0.7876,0.095571,0.004429
17.8557,ascent,0.7876,0.095566,0.004434
17.8608,ascent,0.7876,0.095580,0.004420
17.8660,ascent,0.7876,0.095584,0.004416
17.8712,ascent,0.7876,0.095596,0.004404
17.8764,ascent,0.7876,0.095606,0.004394
17.8816,ascent,0.7876,0.095627,0.004373
17.8832,ascent,0.7768,0.095642,0.004358
17.8884,ascent,0.7768,0.095625,0.004375
17.8936,ascent,0.7768,0.095644,0.004356
17.8988,ascent,0.7768,0.095663,0.004337
17.9040,ascent,0.7768,0.095657,0.004343
17.9092,ascent,0.7768,0.095689,0.004311
17.9144,ascent,0.7768,0.095692,0.004308
17.9196,ascent,0.7768,0.095692,0.004308
17.9247,ascent,0.7768,0.095717,0.004283
17.9298,ascent,0.7768,0.095721,0.004279
17.9350,ascent,0.7768,0.095722,0.004278
17.9401,ascent,0.7768,0.095739,0.004261
17.9453,ascent,0.7768,0.095749,0.004251
17.9505,ascent,0.7768,0.095758,0.004242
17.9557,ascent,0.7768,0.095749,0.004251
17.9609,ascent,0.7768,0.095777,0.004223
17.9661,ascent,0.7768,0.095785,0.004215
17.9713,ascent,0.7768,0.095793,0.004207
17.9731,ascent,0.7676,0.095808,0.004192
17.9783,ascent,0.7676,0.095816,0.004184
17.9835,ascent,0.7676,0.095821,0.004179
17.9887,ascent,0.7676,0.095829,0.004171
17.9938,ascent,0.7676,0.095834,0.004166
17.9990,ascent,0.7676,0.095864,0.004136
18.0042,ascent,0.7676,0.095844,0.004156
18.0093,ascent,0.7676,0.095875,0.004125
18.0144,ascent,0.7676,0.095886,0.004114
18.0194,ascent,0.7676,0.095887,0.004113
18.0245,ascent,0.7676,0.095913,0.004087
18.0296,ascent,0.7676,0.095917,0.004083
18.0347,ascent,0.7676,0.095937,0.004063
18.0398,ascent,0.7676,0.095939,0.004061
18.0449,ascent,0.7676,0.095951,0.004049
18.0499,ascent,0.7676,0.095968,0.004032
18.0550,ascent,0.7676,0.095964,0.004036
18.0581,ascent,0.7560,0.095967,0.004033
18.0632,ascent,0.7560,0.095999,0.004001
18.0683,ascent,0.7560,0.095980,0.004020
18.0733,ascent,0.7560,0.096014,0.003986
18.0784,ascent,0.7560,0.096016,0.003984
18.0835,ascent,0.7560,0.096030,0.003970
18.0886,ascent,0.7560,0.096037,0.003963
18.0937,ascent,0.7560,0.096046,0.003954
18.0988,ascent,0.7560,0.096052,0.003948
18.1040,ascent,0.7560,0.096058,0.003942
18.1092,ascent,0.7560,0.096080,0.003920
18.1144,ascent,0.7560,0.096091,0.003909
18.1195,ascent,0.7560,0.096085,0.003915
18.1247,ascent,0.7560,0.096104,0.003896
18.1299,ascent,0.7560,0.096121,0.003879
18.1351,ascent,0.7560,0.096125,0.003875
18.1403,ascent,0.7560,0.096142,0.003858
18.1455,ascent,0.7560,0.096148,0.003852
18.1481,ascent,0.7423,0.096140,0.003860
18.1533,ascent,0.7423,0.096160,0.003840
18.1585,ascent,0.7423,0.096183,0.003817
18.1637,ascent,0.7423,0.096190,0.003810
18.1688,ascent,0.7423,0.096205,0.003795
18.1740,ascent,0.7423,0.096200,0.003800
18.1792,ascent,0.7423,0.096221,0.003779
18.1844,ascent,0.7423,0.096219,0.003781
18.1896,ascent,0.7423,0.096243,0.003757
18.1947,ascent,0.7423,0.096247,0.003753
18.2000,ascent,0.7423,0.096258,0.003742
18.2051,ascent,0.7423,0.096280,0.003720
18.2103,ascent,0.7423,0.096264,0.003736
18.2154,ascent,0.7423,0.096277,0.003723
18.2206,ascent,0.7423,0.096294,0.003706
18.2258,ascent,0.7423,0.096294,0.003706
18.2310,ascent,0.7423,0.096335,0.003665
18.2362,ascent,0.7423,0.096340,0.003660
18.2381,ascent,0.7328,0.096334,0.003666
18.2433,ascent,0.7328,0.096353,0.003647
18.2485,ascent,0.7328,0.096354,0.003646
18.2537,ascent,0.7328,0.096359,0.003641
18.2588,ascent,0.7328,0.096376,0.003624
18.2639,ascent,0.7328,0.096407,0.003593
18.2691,ascent,0.7328,0.096393,0.003607
18.2742,ascent,0.7328,0.096407,0.003593
18.2793,ascent,0.7328,0.096421,0.003579
18.2845,ascent,0.7328,0.096420,0.003580
18.2897,ascent,0.7328,0.096430,0.003570
18.2949,ascent,0.7328,0.096444,0.003556
18.3001,ascent,0.7328,0.096440,0.003560
18.3053,ascent,0.7328,0.096480,0.003520
18.3105,ascent,0.7328,0.096495,0.003505
18.3157,ascent,0.7328,0.096510,0.003490
18.3209,ascent,0.7328,0.096508,0.003492
18.3261,ascent,0.7328,0.096529,0.003471
18.3282,ascent,0.7245,0.096525,0.003475
18.3335,ascent,0.7245,0.096539,0.003461
18.3387,ascent,0.7245,0.096534,0.003466
18.3439,ascent,0.7245,0.096552,0.003448
18.3491,ascent,0.7245,0.096555,0.003445
18.3543,ascent,0.7245,0.096562,0.003438
18.3595,ascent,0.7245,0.096588,0.003412
18.3647,ascent,0.7245,0.096591,0.003409
18.3699,ascent,0.7245,0.096603,0.003397
18.3751,ascent,0.7245,0.096610,0.003390
18.3803,ascent,0.7245,0.096643,0.003357
18.3854,ascent,0.7245,0.096634,0.003366
18.3906,ascent,0.7245,0.096638,0.003362
18.3958,ascent,0.7245,0.096658,0.003342
18.4011,ascent,0.7245,0.096691,0.003309
18.4062,ascent,0.7245,0.096672,0.003328
18.4113,ascent,0.7245,0.096680,0.003320
18.4164,ascent,0.7245,0.096701,0.003299
18.4181,ascent,0.7180,0.096704,0.003296
18.4232,ascent,0.7180,0.096716,0.003284
18.4283,ascent,0.7180,0.096724,0.003276
18.4333,ascent,0.7180,0.096752,0.003248
18.4385,ascent,0.7180,0.096757,0.003243
18.4437,ascent,0.7180,0.096746,0.003254
18.4489,ascent,0.7180,0.096765,0.003235
18.4541,ascent,0.7180,0.096775,0.003225
18.4593,ascent,0.7180,0.096795,0.003205
18.4644,ascent,0.7180,0.096791,0.003209
18.4696,ascent,0.7180,0.096809,0.003191
18.4748,ascent,0.7180,0.096816,0.003184
18.4800,ascent,0.7180,0.096832,0.003168
18.4852,ascent,0.7180,0.096831,0.003169
18.4903,ascent,0.7180,0.096839,0.003161
18.4955,ascent,0.7180,0.096848,0.003152
18.5007,ascent,0.7180,0.096858,0.003142
18.5059,ascent,0.7180,0.096856,0.003144
18.5081,ascent,0.7012,0.096870,0.003130
18.5132,ascent,0.7012,0.096878,0.003122
18.5183,ascent,0.7012,0.096894,0.003106
18.5234,ascent,0.7012,0.096908,0.003092
18.5285,ascent,0.7012,0.096923,0.003077
18.5336,ascent,0.7012,0.096929,0.003071
18.5387,ascent,0.7012,0.096930,0.003070
18.5437,ascent,0.7012,0.096935,0.003065
18.5488,ascent,0.7012,0.096946,0.003054
18.5539,ascent,0.7012,0.096961,0.003039
18.5590,ascent,0.7012,0.096965,0.003035
18.5641,ascent,0.7012,0.096984,0.003016
18.5692,ascent,0.7012,0.096971,0.003029
18.5742,ascent,0.7012,0.096985,0.003015
18.5793,ascent,0.7012,0.097021,0.002979
18.5844,ascent,0.7012,0.097017,0.002983
18.5895,ascent,0.7012,0.097035,0.002965
18.5946,ascent,0.7012,0.097016,0.002984
18.5979,ascent,0.6948,0.097036,0.002964
18.6031,ascent,0.6948,0.097058,0.002942
18.6082,ascent,0.6948,0.097064,0.002936
18.6133,ascent,0.6948,0.097081,0.002919
18.6184,ascent,0.6948,0.097108,0.002892
18.6235,ascent,0.6948,0.097083,0.002917
18.6286,ascent,0.6948,0.097097,0.002903
18.6336,ascent,0.6948,0.097114,0.002886
18.6387,ascent,0.6948,0.097135,0.002865
18.6438,ascent,0.6948,0.097146,0.002854
18.6489,ascent,0.6948,0.097140,0.002860
18.6540,ascent,0.6948,0.097156,0.002844
18.6590,ascent,0.6948,0.097176,0.002824
18.6641,ascent,0.6948,0.097188,0.002812
18.6692,ascent,0.6948,0.097202,0.002798
18.6743,ascent,0.6948,0.097211,0.002789
18.6794,ascent,0.6948,0.097223,0.002777
18.6845,ascent,0.6948,0.097246,0.002754
18.6880,ascent,0.6910,0.097237,0.002763
18.6931,ascent,0.6910,0.097265,0.002735
18.6982,ascent,0.6910,0.097256,0.002744
18.7034,ascent,0.6910,0.097274,0.002726
18.7086,ascent,0.6910,0.097284,0.002716
18.7137,ascent,0.6910,0.097292,0.002708
18.7189,ascent,0.6910,0.097308,0.002692
18.7241,ascent,0.6910,0.097321,0.002679
18.7292,ascent,0.6910,0.097316,0.002684
18.7344,ascent,0.6910,0.097345,0.002655
18.7396,ascent,0.6910,0.097338,0.002662
18.7447,ascent,0.6910,0.097350,0.002650
18.7498,ascent,0.6910,0.097365,0.002635
18.7549,ascent,0.6910,0.097375,0.002625
18.7600,ascent,0.6910,0.097379,0.002621
18.7650,ascent,0.6910,0.097387,0.002613
18.7701,ascent,0.6910,0.097400,0.002600
18.7729,ascent,0.6856,0.097394,0.002606
18.7780,ascent,0.6856,0.097411,0.002589
18.7831,ascent,0.6856,0.097417,0.002583
18.7882,ascent,0.6856,0.097429,0.002571
18.7932,ascent,0.6856,0.097443,0.002557
18.7983,ascent,0.6856,0.097445,0.002555
18.8034,ascent,0.6856,0.097462,0.002538
18.8085,ascent,0.6856,0.097461,0.002539
18.8136,ascent,0.6856,0.097472,0.002528
18.8186,ascent,0.6856,0.097487,0.002513
18.8237,ascent,0.6856,0.097493,0.002507
18.8288,ascent,0.6856,0.097513,0.002487
18.8339,ascent,0.6856,0.097529,0.002471
18.8390,ascent,0.6856,0.097519,0.002481
18.8440,ascent,0.6856,0.097520,0.002480
18.8491,ascent,0.6856,0.097546,0.002454
18.8544,ascent,0.6856,0.097552,0.002448
18.8596,ascent,0.6856,0.097572,0.002428
18.8631,ascent,0.6777,0.097572,0.002428
18.8682,ascent,0.6777,0.097578,0.002422
18.8733,ascent,0.6777,0.097600,0.002400
18.8784,ascent,0.6777,0.097600,0.002400
18.8835,ascent,0.6777,0.097610,0.002390
18.8886,ascent,0.6777,0.097629,0.002371
18.8936,ascent,0.6777,0.097627,0.002373
18.8987,ascent,0.6777,0.097651,0.002349
18.9038,ascent,0.6777,0.097655,0.002345
18.9089,ascent,0.6777,0.097679,0.002321
18.9141,ascent,0.6777,0.097674,0.002326
18.9193,ascent,0.6777,0.097705,0.002295
18.9245,ascent,0.6777,0.097710,0.002290
18.9297,ascent,0.6777,0.097722,0.002278
18.9349,ascent,0.6777,0.097731,0.002269
18.9401,ascent,0.6777,0.097730,0.002270
18.9453,ascent,0.6777,0.097747,0.002253
18.9504,ascent,0.6777,0.097770,0.002230
18.9532,ascent,0.6726,0.097756,0.002244
18.9585,ascent,0.6726,0.097752,0.002248
18.9637,ascent,0.6726,0.097774,0.002226
18.9689,ascent,0.6726,0.097786,0.002214
18.9741,ascent,0.6726,0.097785,0.002215
18.9793,ascent,0.6726,0.097800,0.002200
18.9845,ascent,0.6726,0.097821,0.002179
18.9897,ascent,0.6726,0.097816,0.002184
18.9949,ascent,0.6726,0.097832,0.002168
19.0001,ascent,0.6726,0.097852,0.002148
19.0053,ascent,0.6726,0.097868,0.002132
19.0105,ascent,0.6726,0.097869,0.002131
19.0157,ascent,0.6726,0.097878,0.002122
19.0209,ascent,0.6726,0.097897,0.002103
19.0261,ascent,0.6726,0.097884,0.002116
19.0313,ascent,0.6726,0.097901,0.002099
19.0364,ascent,0.6726,0.097925,0.002075
19.0416,ascent,0.6726,0.097922,0.002078
19.0431,ascent,0.6663,0.097928,0.002072
19.0483,ascent,0.6663,0.097947,0.002053
19.0535,ascent,0.6663,0.097957,0.002043
19.0587,ascent,0.6663,0.097957,0.002043
19.0639,ascent,0.6663,0.098001,0.001999
19.0691,ascent,0.6663,0.097994,0.002006
19.0743,ascent,0.6663,0.098018,0.001982
19.0795,ascent,0.6663,0.098028,0.001972
19.0847,ascent,0.6663,0.098028,0.001972
19.0899,ascent,0.6663,0.098038,0.001962
19.0950,ascent,0.6663,0.098047,0.001953
19.1002,ascent,0.6663,0.098054,0.001946
19.1054,ascent,0.6663,0.098079,0.001921
19.1106,ascent,0.6663,0.098063,0.001937
19.1158,ascent,0.6663,0.098080,0.001920
19.1210,ascent,0.6663,0.098103,0.001897
19.1262,ascent,0.6663,0.098088,0.001912
19.1281,ascent,0.6597,0.098119,0.001881
19.1333,ascent,0.6597,0.098119,0.001881
19.1385,ascent,0.6597,0.098133,0.001867
19.1437,ascent,0.6597,0.098151,0.001849
19.1488,ascent,0.6597,0.098168,0.001832
19.1540,ascent,0.6597,0.098157,0.001843
19.1592,ascent,0.6597,0.098167,0.001833
19.1643,ascent,0.6597,0.098191,0.001809
19.1695,ascent,0.6597,0.098203,0.001797
19.1748,ascent,0.6597,0.098218,0.001782
19.1800,ascent,0.6597,0.098230,0.001770
19.1852,ascent,0.6597,0.098243,0.001757
19.1905,ascent,0.6597,0.098251,0.001749
19.1957,ascent,0.6597,0.098249,0.001751
19.2009,ascent,0.6597,0.098274,0.001726
19.2061,ascent,0.6597,0.098277,0.001723
19.2113,ascent,0.6597,0.098280,0.001720
19.2165,ascent,0.6597,0.098299,0.001701
19.2183,ascent,0.6534,0.098297,0.001703
19.2235,ascent,0.6534,0.098315,0.001685
19.2286,ascent,0.6534,0.098327,0.001673
19.2338,ascent,0.6534,0.098339,0.001661
19.2390,ascent,0.6534,0.098364,0.001636
19.2441,ascent,0.6534,0.098355,0.001645
19.2493,ascent,0.6534,0.098353,0.001647
19.2544,ascent,0.6534,0.098367,0.001633
19.2595,ascent,0.6534,0.098392,0.001608
19.2646,ascent,0.6534,0.098388,0.001612
19.2697,ascent,0.6534,0.098406,0.001594
19.2748,ascent,0.6534,0.098412,0.001588
19.2799,ascent,0.6534,0.098423,0.001577
19.2849,ascent,0.6534,0.098446,0.001554
19.2900,ascent,0.6534,0.098465,0.001535
19.2951,ascent,0.6534,0.098460,0.001540
19.3002,ascent,0.6534,0.098476,0.001524
19.3053,ascent,0.6534,0.098489,0.001511
19.3080,ascent,0.6468,0.098493,0.001507
19.3132,ascent,0.6468,0.098509,0.001491
19.3184,ascent,0.6468,0.098507,0.001493
19.3236,ascent,0.6468,0.098516,0.001484
19.3288,ascent,0.6468,0.098530,0.001470
19.3340,ascent,0.6468,0.098521,0.001479
19.3392,ascent,0.6468,0.098563,0.001437
19.3443,ascent,0.6468,0.098557,0.001443
19.3495,ascent,0.6468,0.098554,0.001446
19.3547,ascent,0.6468,0.098580,0.001420
19.3598,ascent,0.6468,0.098578,0.001422
19.3650,ascent,0.6468,0.098597,0.001403
19.3702,ascent,0.6468,0.098621,0.001379
19.3753,ascent,0.6468,0.098631,0.001369
19.3805,ascent,0.6468,0.098632,0.001368
19.3857,ascent,0.6468,0.098639,0.001361
19.3908,ascent,0.6468,0.098639,0.001361
19.3960,ascent,0.6468,0.098650,0.001350
19.3980,ascent,0.6409,0.098659,0.001341
19.4032,ascent,0.6409,0.098673,0.001327
19.4083,ascent,0.6409,0.098673,0.001327
19.4135,ascent,0.6409,0.098680,0.001320
19.4187,ascent,0.6409,0.098697,0.001303
19.4239,ascent,0.6409,0.098710,0.001290
19.4291,ascent,0.6409,0.098695,0.001305
19.4342,ascent,0.6409,0.098708,0.001292
19.4394,ascent,0.6409,0.098743,0.001257
19.4446,ascent,0.6409,0.098746,0.001254
19.4498,ascent,0.6409,0.098750,0.001250
19.4550,ascent,0.6409,0.098760,0.001240
19.4601,ascent,0.6409,0.098773,0.001227
19.4653,ascent,0.6409,0.098776,0.001224
19.4705,ascent,0.6409,0.098790,0.001210
19.4756,ascent,0.6409,0.098808,0.001192
19.4808,ascent,0.6409,0.098822,0.001178
19.4829,ascent,0.6345,0.098819,0.001181
19.4881,ascent,0.6345,0.098830,0.001170
19.4932,ascent,0.6345,0.098836,0.001164
19.4985,ascent,0.6345,0.098845,0.001155
19.5036,ascent,0.6345,0.098863,0.001137
19.5088,ascent,0.6345,0.098868,0.001132
19.5140,ascent,0.6345,0.098878,0.001122
19.5192,ascent,0.6345,0.098895,0.001105
19.5243,ascent,0.6345,0.098903,0.001097
19.5295,ascent,0.6345,0.098921,0.001079
19.5347,ascent,0.6345,0.098932,0.001068
19.5398,ascent,0.6345,0.098938,0.001062
19.5450,ascent,0.6345,0.098954,0.001046
19.5502,ascent,0.6345,0.098959,0.001041
19.5553,ascent,0.6345,0.098971,0.001029
19.5605,ascent,0.6345,0.098982,0.001018
19.5657,ascent,0.6345,0.098992,0.001008
19.5708,ascent,0.6345,0.099006,0.000994
19.5730,ascent,0.6302,0.098997,0.001003
19.5782,ascent,0.6302,0.099012,0.000988
19.5834,ascent,0.6302,0.099042,0.000958
19.5885,ascent,0.6302,0.099048,0.000952
19.5937,ascent,0.6302,0.099058,0.000942
19.5989,ascent,0.6302,0.099079,0.000921
19.6040,ascent,0.6302,0.099082,0.000918
19.6091,ascent,0.6302,0.099085,0.000915
19.6143,ascent,0.6302,0.099112,0.000888
19.6195,ascent,0.6302,0.099115,0.000885
19.6246,ascent,0.6302,0.099118,0.000882
19.6298,ascent,0.6302,0.099114,0.000886
19.6350,ascent,0.6302,0.099145,0.000855
19.6401,ascent,0.6302,0.099142,0.000858
19.6453,ascent,0.6302,0.099156,0.000844
19.6505,ascent,0.6302,0.099163,0.000837
19.6557,ascent,0.6302,0.099184,0.000816
19.6608,ascent,0.6302,0.099182,0.000818
19.6629,ascent,0.6239,0.099195,0.000805
19.6681,ascent,0.6239,0.099198,0.000802
19.6734,ascent,0.6239,0.099199,0.000801
19.6786,ascent,0.6239,0.099227,0.000773
19.6838,ascent,0.6239,0.099221,0.000779
19.6890,ascent,0.6239,0.099246,0.000754
19.6942,ascent,0.6239,0.099264,0.000736
19.6994,ascent,0.6239,0.099257,0.000743
19.7046,ascent,0.6239,0.099275,0.000725
19.7098,ascent,0.6239,0.099295,0.000705
19.7151,ascent,0.6239,0.099302,0.000698
19.7202,ascent,0.6239,0.099319,0.000681
19.7254,ascent,0.6239,0.099310,0.000690
19.7306,ascent,0.6239,0.099314,0.000686
19.7358,ascent,0.6239,0.099332,0.000668
19.7410,ascent,0.6239,0.099334,0.000666
19.7462,ascent,0.6239,0.099334,0.000666
19.7514,ascent,0.6239,0.099353,0.000647
19.7532,ascent,0.6171,0.099353,0.000647
19.7584,ascent,0.6171,0.099369,0.000631
19.7636,ascent,0.6171,0.099373,0.000627
19.7688,ascent,0.6171,0.099378,0.000622
19.7740,ascent,0.6171,0.099392,0.000608
19.7792,ascent,0.6171,0.099399,0.000601
19.7844,ascent,0.6171,0.099405,0.000595
19.7896,ascent,0.6171,0.099423,0.000577
19.7949,ascent,0.6171,0.099438,0.000562
19.8001,ascent,0.6171,0.099440,0.000560
19.8052,ascent,0.6171,0.099467,0.000533
19.8104,ascent,0.6171,0.099455,0.000545
19.8156,ascent,0.6171,0.099470,0.000530
19.8208,ascent,0.6171,0.099493,0.000507
19.8260,ascent,0.6171,0.099494,0.000506
19.8312,ascent,0.6171,0.099503,0.000497
19.8364,ascent,0.6171,0.099518,0.000482
19.8416,ascent,0.6171,0.099520,0.000480
19.8432,ascent,0.6125,0.099522,0.000478
19.8484,ascent,0.6125,0.099546,0.000454
19.8536,ascent,0.6125,0.099553,0.000447
19.8588,ascent,0.6125,0.099560,0.000440
19.8640,ascent,0.6125,0.099581,0.000419
19.8692,ascent,0.6125,0.099576,0.000424
19.8744,ascent,0.6125,0.099608,0.000392
19.8796,ascent,0.6125,0.099633,0.000367
19.8848,ascent,0.6125,0.099627,0.000373
19.8899,ascent,0.6125,0.099641,0.000359
19.8951,ascent,0.6125,0.099642,0.000358
19.9003,ascent,0.6125,0.099673,0.000327
19.9055,ascent,0.6125,0.099688,0.000312
19.9107,ascent,0.6125,0.099686,0.000314
19.9159,ascent,0.6125,0.099704,0.000296
19.9211,ascent,0.6125,0.099709,0.000291
19.9263,ascent,0.6125,0.099708,0.000292
19.9315,ascent,0.6125,0.099718,0.000282
19.9332,ascent,0.6099,0.099732,0.000268
19.9383,ascent,0.6099,0.099754,0.000246
19.9435,ascent,0.6099,0.099749,0.000251
19.9486,ascent,0.6099,0.099777,0.000223
19.9538,ascent,0.6099,0.099778,0.000222
19.9591,ascent,0.6099,0.099772,0.000228
19.9643,ascent,0.6099,0.099796,0.000204
19.9695,ascent,0.6099,0.099793,0.000207
19.9747,ascent,0.6099,0.099805,0.000195
19.9799,ascent,0.6099,0.099827,0.000173
19.9851,ascent,0.6099,0.099837,0.000163
19.9902,ascent,0.6099,0.099842,0.000158
19.9954,ascent,0.6099,0.099858,0.000142
20.0006,ascent,0.6099,0.099863,0.000137
20.0058,ascent,0.6099,0.099877,0.000123
20.0110,ascent,0.6099,0.099890,0.000110
20.0162,ascent,0.6099,0.099898,0.000102
20.0214,ascent,0.6099,0.099898,0.000102
20.0230,ascent,0.6032,0.099905,0.000095
20.0282,ascent,0.6032,0.099911,0.000089
20.0335,ascent,0.6032,0.099924,0.000076
20.0387,ascent,0.6032,0.099933,0.000067
20.0439,ascent,0.6032,0.099947,0.000053
20.0491,ascent,0.6032,0.099938,0.000062
20.0543,ascent,0.6032,0.099943,0.000057
20.0595,ascent,0.6032,0.099949,0.000051
20.0647,ascent,0.6032,0.099962,0.000038
20.0699,ascent,0.6032,0.099966,0.000034
20.0751,ascent,0.6032,0.099969,0.000031
20.0803,ascent,0.6032,0.099970,0.000030
20.0855,ascent,0.6032,0.099953,0.000047
20.0907,ascent,0.6032,0.099971,0.000029
